Original,Canonical,Changed
's-graveland,s-graveland,True
katharinaklooster,st. catherine's monastery,True
kathedraal van avila,avila cathedral,True
kathedraal van bourges,bourges cathedral,True
kathedraal van bristol,bristol cathedral,True
kathedraal van burgos,burgos cathedral,True
kathedraal van canterbury,canterbury cathedral,True
kathedraal van durham,durham cathedral,True
kathedraal van ely,ely cathedral,True
kathedraal van exeter,exeter cathedral,True
kathedraal van genève,geneva cathedral,True
kathedraal van glasgow,glasgow cathedral,True
kathedraal van gloucester,gloucester cathedral,True
kathedraal van laon,laon cathedral,True
kathedraal van lausanne,lausanne cathedral,True
kathedraal van limoges,limoges cathedral,True
kathedraal van lincoln,lincoln cathedral,True
kathedraal van monreale,monreale cathedral,True
kathedraal van murcia,murcia cathedral,True
kathedraal van auch,auch cathedral,True
kasteel van saint-cloud,château de saint-cloud,True
kreta,creta,True
kasteel van pierrefonds,château de pierrefonds,True
kansas city (missouri),kansas city,True
kanton (provincie),guangdong,True
kapel van nicolaas v (vaticaanse musea),chapel of nicholas v,True
karlsbad (duitsland),karlsbad,True
karlsbad (tsjechië),karlovy vary,True
karmelgebergte,mount carmel,True
karskoye more,kara sea,True
karstgebergte,karst,True
kartuizerklooster san martino,certosa di san martino,True
kasba van algiers,casbah of algiers,True
kasjmir,kashmir,True
kasteel altena,altena castle,True
kasteel rochester,rochester castle,True
kasteel van azay-le-rideau,château d'azay-le-rideau,True
kasteel van cheverny,château de cheverny,True
kasteel van montjuïc,montjuïc castle,True
kasteel van oiron,château d'oiron,True
kathedraal van norwich,norwich cathedral,True
kathedraal van noyon,noyon cathedral,True
kathedraal van ripon,ripon cathedral,True
kathedraal van rouen,rouen cathedral,True
kirman,kerman,True
kishangar,kishangarh,True
klarenbeek (gelderland),klarenbeek,True
klausen (duitsland),klausen,True
klausen (zuid-tirol),klausen,True
klingenthal (alsace),klingenthal,True
koerdistan,kurdistan,True
's-heerenberg,s-heerenberg,True
koningsplein (brussel),koningsplein,True
koninklijk paleis (madrid),royal palace of madrid,True
koninklijk paleis van aranjuez,royal palace of aranjuez,True
koninklijk paleis van sevilla,royal palace of seville,True
kopenhagen,copenhagen,True
korfoe (eiland),corfu,True
korinthe,corinth,True
kraantje lek (overveen),kraantje lek,True
krakau,krakow,True
kingstown (saint vincent),kingstown,True
kingston (jamaica),kingston,True
king's college (aberdeen),aberdeen,True
kaukasus,caucasus,True
kathedraal van salisbury,salisbury cathedral,True
kathedraal van santa maria assunta,cathedral of santa maria assunta,True
kathedraal van sevilla,seville cathedral,True
kathedraal van tarragona,tarragona cathedral,True
kathedraal van wells,wells cathedral,True
kathedraal van worcester,worcester cathedral,True
kathedraal van york,york cathedral,True
kavála,kavala,True
kiev,kyiv,True
kazak,kazakhstan,True
keizerstraat (scheveningen),keizerstraat,True
kempen (belgië),kempen,True
kenia,kenya,True
kerk van saint-maclou,church of saint-maclou,True
khyberpas,khyber pass,True
kidron-dal,kidron valley,True
kansas city (kansas),kansas city,True
kandy (voormalige natie),kandy,True
kanagawa-ken,kanagawa,True
iran?,iran,True
iran (modern afghanistan),afghanistan,True
iran (persia),iran,True
iran and turkey,iran,True
iran or afghanistan,afghanistan,True
iran or azerbaijan,azerbaijan,True
iran or caucasus,caucasus,True
iran or europe,europe,True
iran or india,india,True
iran or india; possibly assembled or refurbished in rome,india,True
iran or italy,italy,True
iran or northern india,india,True
iran or present-day turkmenistan,turkmenistan,True
iran or present-day uzbekistan,uzbekistan,True
iran or syria,syria,True
iran or uzbekistan,uzbekistan,True
"iran, iraq, or egypt",egypt,True
"iran, reputedly from nishapur",iran,True
ipswich (massachusetts),ipswich,True
indonesian,indonesia,True
indische oceaan,indian ocean,True
india or nepal,india,True
ho chi minhstad,ho chi minh city,True
hof (duitsland),hof,True
hokkaido region,hokkaido,True
iberisch schiereiland,iberian peninsula,True
india (golconda or bidar),india,True
india and turkey,india,True
india or china,india,True
india or pakistan,india,True
indiaal,india,True
india or persia,india,True
india or present-day pakistan,india,True
india or sri lanka,india,True
india or turkey,india,True
india subcontinent,india,True
"india, nepal or tibet",india,True
india?,india,True
"iran, syria or turkey",syria,True
iraq or iran,iraq,True
kanaal van korinthe,corinth canal,True
iraq or northern jazira,iraq,True
jammu en kasjmir,jammu and kashmir,True
jammu-kashmir,jammu and kashmir,True
japanese,japan,True
jazira (or iran?),jazira,True
"jizreë, vlakte van",plain of jezreel,True
joegoslavië,yugoslavia,True
jordaan (rivier),jordan river,True
jordanië,jordan,True
judenburg (steiermark),judenburg,True
jura (kanton),jura,True
jâchymov,jachymov,True
jönköping (stad),jönköping,True
kaap soenion,cape sounion,True
kaapprovincie,cape province,True
kaliningrad (stad),kaliningrad,True
kalkhaven (gorinchem),kalkhaven,True
kameroen,cameroon,True
jalisco state,jalisco,True
italy?,italy,True
italy or turkey,italy,True
italiaanse rivièra,italian riviera,True
iraq or turkey,turkey,True
iraq or western iran,iraq,True
ireland or united kingdom,ireland,True
"ischia, isola d'",ischia,True
isola bella (lago maggiore),isola bella,True
isola dei pescatori (lago maggiore),isola dei pescatori,True
isola madre (lago maggiore),isola madre,True
italian,italy,True
italy or the netherlands,italy,True
italian?,italy,True
italy (north),italy,True
italy or flanders,italy,True
italy or france,italy,True
italy or germany?,italy,True
italy or present-day spain,italy,True
italy or sicily,italy,True
kraton ngayogyakarta hadiningrat,yogyakarta,True
krim,crimea,True
hesse-kassel (landgraviate) (historic region),hesse-kassel,True
midden-duitsland,central germany,True
midden-italië,central italy,True
midden-perzië,central persia,True
midden-turkestan,central turkestan,True
middleatlantic,middle atlantic,True
midi-pyrénées,midi-pyrenees,True
mississippi (rivier),mississippi river,True
modena (provincie),modena,True
modern-day afghanistan,afghanistan,True
molukken,moluccas,True
mongolia?,mongolia,True
mongolië,mongolia,True
mont-saint-michel (abdij),mont-saint-michel,True
mont-saint-michel (eiland),mont-saint-michel,True
montenegro?  yugoslavia (former),montenegro,True
montmorency (frankrijk),montmorency,True
montreuil (seine-saint-denis),montreuil,True
montréal,montreal,True
midden-europa,central europe,True
midden-amerika,central america,True
kroatië,croatia,True
middellandse zee,mediterranean sea,True
melrose (schotland),melrose,True
memphis (egypte),memphis,True
menado,manado,True
mendelpas,mendel pass,True
mentawai-eilanden,mentawai islands,True
mer-de-glace,mer de glace,True
messina (provincie),messina,True
mexico (?),mexico,True
mexico or guatemala,mexico,True
mexico?,mexico,True
michigan avenue at 24th street,michigan avenue,True
"michigan avenue, 18 south",michigan avenue,True
"michigan avenue, 1936 south",michigan avenue,True
"michigan avenue, 220 south",michigan avenue,True
"michigan avenue, 430 south",michigan avenue,True
michoacán state,michoacán,True
mid and east antrim,county antrim,True
montville (new york),montville,True
morocco or southern spain,morocco,True
moulins (ille-et-vilaine),moulins,True
moulton (lincolnshire),moulton,True
neuchâtel,neuchatel,True
neuilly sur seine,neuilly-sur-seine,True
new guinea (phillipine?),new guinea,True
new spain (mexico),mexico,True
new zealand rotorua whakarewarewa,rotorua whakarewarewa,True
new zealand?,new zealand,True
newbury (somerset),newbury,True
newcastle-upon-tyne,newcastle upon tyne,True
newport (isle of wight),newport,True
newport (rhode island),newport,True
newton (massachusetts),newton,True
niagara falls (new york),niagara falls,True
niagara falls (ontario),niagara falls,True
nicolaaskerk (vlieland),st nicholas church,True
nicolaaskerk (wijhe),st nicholas church,True
nidaros-domkerk,nidaros cathedral,True
nieuw-amsterdam (drenthe),nieuw-amsterdam,True
nestórion,nestorion,True
nes (ameland),nes,True
nederlands oost-indië,dutch east indies,True
nassau (bahama's),nassau,True
moustiers-sainte marie,moustiers-sainte-marie,True
mozambique or zimbabwe,mozambique,True
"mull, island of",mull,True
muntplein (brussel),muntplein,True
"mureaux, les",les mureaux,True
myanmar (burma),myanmar,True
napoli (province),napoli,True
nassau (eiland),nassau,True
nederlands hervormde kerk (veenhuizen),dutch reformed church,True
nassau (rijnland-palts),nassau,True
nationaal archeologisch museum,national archaeological museum,True
nationaal park jostedalsbreen,jostedalsbreen national park,True
"navajo nation, arizona, new mexico, & utah",navajo nation,True
nederduits hervormde diaconie weeshuis,dutch reformed diaconie orphanage,True
nederlands hervormde kerk,dutch reformed church,True
nederlands hervormde kerk (asperen),dutch reformed church,True
melrose (middlesex),melrose,True
mekka,mecca,True
megalópolis,megalopolis,True
libanon (land),lebanon,True
lanark (south lanarkshire),lanark,True
lancaster (lancashire),lancaster,True
lancaster (massachusetts),lancaster,True
lancaster (pennsylvania),lancaster,True
lancaster (south carolina),lancaster,True
landeck (oostenrijk),landeck,True
landkreis mansfeld-südharz,mansfeld-südharz,True
laos and thailand,laos,True
laren (gelderland),laren,True
las vegas (new mexico),las vegas,True
"lasalle street, 102-116 south",lasalle street,True
"lasalle street, 209 south",lasalle street,True
"lasalle street, 375 north",lasalle street,True
lateraans paleis,lateran palace,True
leer (duitsland),leer,True
"lefkás, nísos",lefkás,True
leicester (engeland),leicester,True
"lake van region,vaspurakan (now eastern türkiye)",lake van,True
"lake street, 128 west",lake street,True
laibach,ljubljana,True
kurramvallei,kurram valley,True
kruisstraat (hoorn),kruisstraat,True
kríti,crete,True
kuba,cuba,True
kullu-vallei,kullu valley,True
kunstgewerbemuseum (berlijn),berlin,True
kurhaus (scheveningen),scheveningen,True
kurodani tempel,kurodani temple,True
kéa,kea,True
lago maggiore,lake maggiore,True
l'aquila (stad),l'aquila,True
la merveille du mont saint-michel,mont saint-michel,True
la mezquita (cordoba),cordoba,True
la seo kathedraal,la seo cathedral,True
la tène ii,la tène,True
lago di garda,lake garda,True
lago di lugano,lake lugano,True
letland,latvia,True
liberia-côte d'ivoire (ivory coast) border,liberia-ivory coast border,True
meer van misurina,lake misurina,True
"liechtenstein, germany",liechtenstein,True
madison (wisconsin),madison,True
"madison street, 1214-1222 west",madison street,True
"madison street, 29 east",madison street,True
"madison street, 78-84 west",madison street,True
malawi or tanzania,malawi,True
malaysia (borneo),borneo,True
"mali, guinea, guinea-bissau or the senegambia",mali,True
mantsjoerije,manchuria,True
markt (mainz),markt,True
marne (rivier),marne river,True
mechelen (aartsbisdom),mechelen,True
mecklenburg-voor-pommeren,mecklenburg-western pomerania,True
medina van tunis,medina of tunis,True
medinet haboe,medinet habu,True
meer van albano (lazio),lake albano,True
meer van genève,lake geneva,True
meer van lugano,lake lugano,True
madagaskar,madagascar,True
madagascar?,madagascar,True
macao,macau,True
loreley (berg),loreley,True
limburg (belgische provincie),limburg,True
limburg (nederlandse provincie),limburg,True
lindau im bodensee,lindau,True
lindengracht (dordrecht),lindengracht,True
littleton (new hampshire),littleton,True
loenen (gelderland),loenen,True
lombardije,lombardy,True
los angeles (county),los angeles,True
lévis,levis,True
ludwigshafen am rhein,ludwigshafen,True
"lugano, meer van",lake lugano,True
lustgarten (berlijn),lustgarten,True
lutherse kerk (den haag),the hague,True
luzern (kanton),lucerne,True
lárisa,larissa,True
lésvos,lesvos,True
hizen (former province),hizen,True
herengracht (amsterdam),amsterdam,True
nieuwstraat (dordrecht),nieuwstraat,True
city of london,london,True
clarens (zuid-afrika),clarens,True
clarens (zwitserland),clarens,True
cleveland (ohio),cleveland,True
cleves-guelders,cleves,True
clifton (bristol),clifton,True
cnidus nova,cnidus,True
coastal ecuador,ecuador,True
colombia (?),colombia,True
colombia or costa rica,colombia,True
colombia or panama,colombia,True
colombia or venezuela,colombia,True
colombia?,colombia,True
columbia (pennsylvania),columbia,True
comomeer,lake como,True
comunidad de madrid,madrid,True
concord (massachusetts),concord,True
coney island (new york),coney island,True
clacton on sea,clacton-on-sea,True
châtillon (hauts-de-seine),châtillon,True
dominican republic (?),dominican republic,True
châtellerault,chatellerault,True
central park (new york),central park,True
ceribon,cirebon,True
ceylon,sri lanka,True
chaironeia,chaeronea,True
charkov,kharkiv,True
chartreuzer gebergte,chartreuse mountains,True
chiang mai province,chiang mai,True
chiengmai,chiang mai,True
chihuahua (stad),chihuahua,True
china or japan,china,True
china or korea,china,True
china or mongolia,china,True
china or present-day uzbekistan,china,True
china?,china,True
chresjtsjatyk,khreshchatyk,True
châlon-sur-saône,chalon-sur-saône,True
château de villette	**,château de villette,True
congo?,congo,True
costa rica (?),costa rica,True
costa rica or nicaragua,costa rica,True
costa rica?,costa rica,True
democratic republic of the congo?,democratic republic of congo,True
den burg (texel),den burg,True
den hoorn (texel),den hoorn,True
detmold (district),detmold,True
detmold (stad),detmold,True
devon (schotland),devon,True
diwan-i-khas (delhi),diwan-i-khas,True
dom (milaan),milan,True
dom (orvieto),orvieto,True
dom (pisa),pisa,True
dom (siena),siena,True
dom van florence,florence,True
dom van hildesheim,hildesheim,True
dom van keulen,cologne,True
dom van mainz,mainz,True
dom van trier,trier,True
dom van utrecht,utrecht,True
democratic republic of the congo or angola,democratic republic of congo,True
delden (gelderland),delden,True
dedham (engeland),dedham,True
côte d'ivoire or ghana,côte d'ivoire,True
county kildare,kildare,True
county of holland,holland,True
"courtille, la",la courtille,True
cowley (oxfordshire),cowley,True
crete ?,crete,True
croatia (former yugoslavia),croatia,True
czech republic (bohemia),bohemia,True
dachstein (bas-rhin),bas-rhin,True
"dearborn street, 30-32 north",dearborn street,True
dachstein (salzburg),salzburg,True
dalmatië,dalmatia,True
dam (zaandam),zaandam,True
danemark,denmark,True
"dayton, ohio",dayton,True
"dearborn street, 140 south",dearborn street,True
"dearborn street, 159-169 north",dearborn street,True
central or west mexico,central mexico,True
central or southern italian,central italy,True
central or southern india or sri lanka,southern india,True
burgerweeshuis (amsterdam),burgerweeshuis,True
brasil,brazil,True
brazil?,brazil,True
bremen (deelstaat),bremen,True
brennerpas,brennero pass,True
brescia province,brescia,True
brest (wit-rusland),brest,True
bretagne,brittany,True
brienzersee,lake brienz,True
brighton (brighton and hove),brighton,True
brisbane (australië),brisbane,True
brits-columbia,british columbia,True
brits-indië,british india,True
brunswick (maine),brunswick,True
buffalo (new york),buffalo,True
bulgaria (possibly),bulgaria,True
bulgaria or romania,bulgaria,True
bulgaria or switzerland,bulgaria,True
bradford (pennsylvania),bradford,True
boven-suriname,upper suriname,True
boven-rijn,upper rhine,True
bolivia or peru,bolivia,True
blankenburg (harz),blankenburg,True
bodenmeer,lake constance,True
boeda,banda aceh,True
boekarest,bucharest,True
boheems zwitserland,bohemian switzerland,True
bohemia (hungary),bohemia,True
bolivia (?),bolivia,True
bolton (manchester),bolton,True
bourgondië,burgundy,True
boog van drusus,arch of drusus,True
born (nederland),born,True
borneo or china?,borneo,True
bornholm (eiland),bornholm,True
borromeïsche eilanden,borromean islands,True
bos van fontainebleau,fontainebleau forest,True
botermarkt (amsterdam),botermarkt,True
burg (noordrijn-westfalen),burg,True
burkina faso (formerly upper volta),burkina faso,True
central or northern iran,northern iran,True
"bute, kyles of",kyles of bute,True
catalonië,catalonia,True
cattaro,kotor,True
caucasia,caucasus,True
caucasus or russia,caucasus,True
caucasus region,caucasus,True
caïro (provincie),cairo,True
cañón city,cañon city,True
centraal-azië,central asia,True
centraal-india,central india,True
centraal-klein-azië,central anatolia,True
centraal-molukken,central moluccas,True
central anatolian region,central anatolia,True
central asia or iran,central asia,True
central côte d'ivoire,central ivory coast,True
central india or rajasthan,central india,True
central india or sri lanka,central india,True
central or eastern europe,central europe,True
catacomben van pontianus,catacombs of pontianus,True
catacomben van parijs,catacombs of paris,True
carthago,carthage,True
campeche state,campeche,True
buttermere (cumbria),buttermere,True
byzantium or spain,byzantium,True
"cabinda, angola",cabinda,True
cairo and yemen,cairo,True
cambodja,cambodia,True
cambridge (maryland),cambridge,True
cameroon?,cameroon,True
campo santo (genua),genoa,True
cartagena (colombia),cartagena,True
campo santo (pisa),pisa,True
canada or united states,canada,True
canada: n.a.,canada,True
canarische eilanden,canary islands,True
capitool (washington d.c),washington d.c.,True
caraïben,caribbean,True
carpathian basin region,carpathian basin,True
dom van worms,worms,True
dorchester (dorset),dorchester,True
haïti,haiti,True
germany or france,germany,True
germany or france?,germany,True
germany or italy?,germany,True
germany or netherlands,germany,True
germany or poland,germany,True
germany or south germany,germany,True
germany or switzerland,germany,True
germany or the netherlands,germany,True
"germany, 22 august 1485",germany,True
"germany, france, or bohemia",germany,True
"germany, possibly mainz",germany,True
germany/saxony,germany,True
gerona (stad),gerona,True
ghana or nigeria,ghana,True
ghana?,ghana,True
glarus (kanton),glarus,True
glarus (stad),glarus,True
gloucester (gloucestershire),gloucester,True
germany or france or switzerland,germany,True
germany or england,germany,True
dorchester (massachusetts),dorchester,True
germany or austria,germany,True
gardner (massachusetts),gardner,True
gasthuisstraat (gorinchem),gasthuisstraat,True
gattières,gattieres,True
gaul (france),gaul,True
gemany,germany,True
genève (kanton),geneva,True
georgetown (colorado),georgetown,True
"georgia, republic of  [azerbaijan, armenia]",georgia,True
german,germany,True
germany (?),germany,True
germany (now switzerland),switzerland,True
germany (present day france),france,True
germany (present-day france),france,True
germany (probably),germany,True
germany and italy,germany,True
germany and spain,germany,True
germany of france or switzerland,germany,True
gondomar (spanje),gondomar,True
"gooi, het",het gooi,True
gotthardpas,gotthard pass,True
goudkust,gold coast,True
gulik (dorp),gulik,True
göritz (oostenrijk),göritz,True
haarlem (bisdom),haarlem,True
hainaut province,hainaut,True
hamburg (deelstaat),hamburg,True
hamilton (bermuda),hamilton,True
hamilton (ohio),hamilton,True
hampton (richmond upon thames),hampton,True
hannoversch-münden,hannover,True
haren (brussel),brussels,True
haren (groningen),haren,True
haringvliet (zuid-holland),haringvliet,True
harrow school,harrow,True
harvard universiteit,cambridge,True
hasle bei burgdorf,hasle,True
hasselt (belgisch-limburg),hasselt,True
hautes-pyrénées,hautes-pyrenees,True
guerrero state,guerrero,True
guatemala or el salvador,guatemala,True
guanajuato state,guanajuato,True
grote kerk (goes),grote kerk,True
grande chartreuse (isère),grande chartreuse,True
granville (ohio),granville,True
greece or the balkans (possibly),greece or the balkans,True
grieks theater (syracuse),grieks theater,True
grote kerk (breda),grote kerk,True
grote kerk (den haag),grote kerk,True
grote kerk (drachten),grote kerk,True
grote kerk (gorinchem),grote kerk,True
grudzia̜dz,grudziadz,True
grote kerk (vianen),grote kerk,True
grote markt (brussel),grote markt,True
grote markt (haarlem),grote markt,True
grote markt (nijmegen),grote markt,True
grote oceaan,great ocean,True
grote of sint-laurenskerk (rotterdam),grote of sint-laurenskerk,True
grotemarkt (rotterdam),grotemarkt,True
ganges (occitanie),ganges,True
gabon?,gabon,True
füssen,fussen,True
"egypt, bulgaria or turkey?",egypt,True
eastern iran or khurasan,iran or khurasan,True
eastern iran or present-day afghanistan,iran or afghanistan,True
eastern islamic lands,islamic lands,True
eastern java,java,True
eastern massachusetts,massachusetts,True
eastern netherlands,netherlands,True
eastern syria,syria,True
eastern tibet,tibet,True
ebenau (pruisen),ebenau,True
ecuador (?),ecuador,True
egypt (british repro),egypt,True
egypt (cairo) or syria,cairo or syria,True
egypt (or italy or turkey),egypt or italy or turkey,True
egypt or nubia (sudan),egypt or nubia,True
egypt or syria (?),egypt or syria,True
egypt or turkey,egypt,True
egypt possibly,egypt,True
eastern iran or afghanistan,iran or afghanistan,True
eastern iran,iran,True
eastern india,india,True
dutoitspan-mijn,dutoitspan mine,True
dorpskerk (abcoude),abcoude,True
dover (engeland),dover,True
drommedaris (enkhuizen),enkhuizen,True
duinkerke,dunkirk,True
duomo di torino,turin,True
durham (graafschap),durham,True
durham (stad),durham,True
dôle,dole,True
eastern europe,europe,True
dôme des invalides,dome of the invalides,True
dôme du goûter,dome du goûter,True
dārjiling,darjeeling,True
east cambridge,cambridge,True
east germany,germany,True
eastbourne (vk),eastbourne,True
eastern asia,asia,True
egypt possibly (modern),egypt,True
"egypt, iran or syria",egypt,True
fürth,furth,True
"egypt, iraq or syria",egypt,True
felsenmeer (hessen),felsenmeer,True
ferrara (stad),ferrara,True
flemish,belgium,True
florida (verenigde staten van amerika),florida,True
former yugoslavia(?),former yugoslavia,True
fort-national (algerije),fort-national,True
forum van trajanus,forum of trajan,True
france (?),france,True
"france (lid)/european (lower elements, hardware)",france,True
france (probably),france,True
frans guyana,french guiana,True
frans-guyana,french guiana,True
frauenkirche (neurenberg),frauenkirche,True
french,france,True
fribourg (kanton),fribourg,True
fréjus,frejus,True
fécamp,fecamp,True
farmington (maine),farmington,True
farallon-eilanden,farallon islands,True
evenaar,equator,True
england or flanders,england,True
egypt?,egypt,True
el paso (texas),el paso,True
el salvador or guatemala,el salvador,True
elm (cambridgeshire),elm,True
england (?),england,True
england (possibly),england,True
england and germany,england,True
england or germany,england,True
european,europe,True
england or scandinavia,england,True
"england, by french woodworkers",england,True
england?,england,True
english,england,True
erfurt (stad),erfurt,True
ethiopië,ethiopia,True
europe (?),europe,True
nieuwe kerk (delft),nieuwe kerk,True
nieuwstraat (hoorn),nieuwstraat,True
birkenhead (merseyside),birkenhead,True
southern tibet,tibet,True
southern veracruz,veracruz,True
southwest iran,iran,True
southwestern france,france,True
southwestern iran,iran,True
sovjet-unie,soviet union,True
spain (lid),spain,True
spain and italy,spain,True
spain or england,spain,True
spain or france,spain,True
spain or italy,spain,True
"spain or limoges, france",spain,True
spain or north africa,spain,True
spain or yugoslavia,spain,True
spain(?),spain,True
"spain, europe",spain,True
spain?,spain,True
sporádhes department,sporades department,True
southern turkey,turkey,True
southern russia or black sea region (?),russia,True
tegal (regentschap),tegal,True
southern netherlands (woven),netherlands,True
south italy,italy,True
south morocco,morocco,True
south netherland,netherlands,True
south netherlandish,netherlands,True
"south, india",india,True
south-central mali,mali,True
southeast nigeria,nigeria,True
southeastern democratic republic of congo,democratic republic of congo,True
southern england,england,True
southern europe,europe,True
southern france,france,True
southern germany or switzerland,germany,True
southern illinois,illinois,True
southern india,india,True
southern italy,italy,True
"southern italy, possibly sicily",italy,True
"southern mexico, guatemala, honduras, or belize",mexico,True
springfield (ohio),springfield,True
spui (den haag),spui,True
stadhuis (antwerpen),antwerp,True
stadhuis (bergen op zoom),bergen op zoom,True
switzerland or france,switzerland,True
switzerland or germany,switzerland,True
switzerland?,switzerland,True
syracuse (provincie),syracuse,True
syria (?),syria,True
syria or egypt,syria,True
syria or iran,syria,True
syria or iraq,syria,True
syria or north africa,syria,True
syria?,syria,True
syria?  saudia arabia,syria,True
sámos,samos,True
sápmi,sapmi,True
são paulo (stad),sao paulo,True
sète,sete,True
tanágra,tanagra,True
tarbet (argyll and bute),tarbert,True
sutton (greater london),sutton,True
sunderland (massachusetts),sunderland,True
"sulawesi, indonesia",sulawesi,True
stadhuis van kortrijk,kortrijk,True
stadhuis (brugge),brugge,True
stadhuis (doesburg),doesburg,True
stadhuis (enkhuizen),enkhuizen,True
stadhuis (nijmegen),nijmegen,True
stadhuis (parijs),paris,True
stadhuis van bremen,bremen,True
stadhuis van culemborg,culemborg,True
stadhuis van manchester,manchester,True
suffolk (graafschap),suffolk,True
stadhuis van oudenaarde,oudenaarde,True
stadhuis van san gimignano,san gimignano,True
steiermark,styria,True
stockholm (provincie),stockholm,True
stockton (engeland),stockton,True
straat van taiwan,taiwan strait,True
sudan?,sudan,True
south france,france,True
south central veracruz,veracruz,True
south central france,france,True
schotse hooglanden,scottish highlands,True
san clemente (rome),san clemente,True
san ildefonso o la granja,san ildefonso,True
sankt nikolaikirche (hamburg),sankt nikolaikirche,True
sant'eufemia vecchia di lamezia terme,lamezia terme,True
santa cruz (californië),santa cruz,True
santa maria maggiore (rome),santa maria maggiore,True
santa rosa (californië),santa rosa,True
santarém (provincie),santarém,True
santiago de chile,santiago,True
saudi arabia or oman,saudi arabia,True
saugus (essex),saugus,True
saugus (los angeles),saugus,True
scandinavia (possibly sweden),scandinavia,True
scarborough (north yorkshire),scarborough,True
schaffhausen (kanton),schaffhausen,True
schloss heidelberg,heidelberg,True
schloss spetzgart,spetzgart,True
samarang,semarang,True
"salève, mont",mont salève,True
salzburg (provincie),salzburg,True
saint mary's church (west walton),saint mary's church,True
ródhos,rhodes,True
rüdesheim am rhein,rüdesheim,True
"s. mali, e. guinea or nw. cote d’ivoire",mali,True
s.s. rotterdam,rotterdam,True
saint lawrence's church (north hinksey),saint lawrence's church,True
saint mary's church (long sutton),saint mary's church,True
saint mary's church (staindrop),saint mary's church,True
saint peter's church (walpole),saint peter's church,True
salomonseilanden,solomon islands,True
saint-denisbasiliek,saint-denis,True
saint-pierre (atlantische oceaan),saint-pierre,True
saint-trophime (arles),saint-trophime,True
sainte-chapelle (parijs),sainte-chapelle,True
sala di costantino (palazzo vaticano),sala di costantino,True
salem (massachusetts),salem,True
salerno (province),salerno,True
schloßplatz (berlijn),schloßplatz,True
schwyz (kanton),schwyz,True
sothern turkmenistan,turkmenistan,True
scotland or england,scotland,True
sint-joriskerk (amersfoort),amersfoort,True
sint-laurentiuskerk (neurenberg),neurenberg,True
sint-leonarduskerk (zoutleeuw),zoutleeuw,True
sint-maartenskerk (ieper),ieper,True
sint-maartenskerk (kortrijk),kortrijk,True
sint-nicolaaskerk (kalkar),kalkar,True
sint-niklaaskerk (diksmuide),diksmuide,True
sint-petruskerk (caen),caen,True
sint-pieterskerk (leuven),leuven,True
skåne (provincie),skåne,True
slapershaven (hoorn),hoorn,True
sleeswijk-holstein,schleswig-holstein,True
slotkapel (egmond-aan-den-hoef),egmond-aan-den-hoef,True
soest (duitsland),soest,True
soest (utrecht),soest,True
solothurn (kanton),solothurn,True
somerville (middlesex),somerville,True
sint-jacobskerk (leuven),leuven,True
sint-jacobskerk (antwerpen),antwerpen,True
sint-gertrudiskerk (bergen op zoom),bergen op zoom,True
sicilië,sicily,True
seebach (baden-württemberg),seebach,True
seebach (bas-rhin),seebach,True
selinunte (sicilië),selinunte,True
serooskerke (schouwen-duiveland),serooskerke,True
siberië,siberia,True
sibiu (stad),sibiu,True
"sibolga, teluk",sibolga,True
sicily or italy,sicily,True
sint-catharinakerk (braunschweig),braunschweig,True
sierra leone?,sierra leone,True
sierra nevada (noord- en centraal amerika),sierra nevada,True
sikión,sikon,True
silezië,silesia,True
sinaï,sinai,True
sint-andreaskerk (pistoia),pistoia,True
sint-bavokerk (haarlem),haarlem,True
tasmanië,tasmania,True
tegal (stad),tegal,True
rustenburg (noord-holland),rustenburg,True
weston (lincolnshire),weston,True
whitby (yorkshire),whitby,True
wien state,vienna,True
willemsoord (den helder),willemsoord,True
willemstad (noord-brabant),willemstad,True
"willey, mount",mount willey,True
"witte huis, het (washington d.c)",white house,True
worcester (massachusetts),worcester,True
wyoming (melrose),wyoming,True
yukon (canada),yukon,True
yukon (oklahoma),yukon,True
zaragoza (provincie),zaragoza,True
zeeland (stad),zeeland,True
zeeroute amsterdam - batavia,amsterdam,True
zeeroute batavia - amsterdam,batavia,True
zeeroute tussen kaap de goede hoop en batavia,kaap de goede hoop,True
zeughaus (berlijn),berlin,True
zuid-amerika,south america,True
weston (middlesex),weston,True
westelijke jordaanoever,west bank,True
teheran,tehran,True
west-kaap,western cape,True
wachau (oostenrijk),wachau,True
wallonië,wallonia,True
waltham (lincolnshire),waltham,True
waren (müritz),waren,True
warschau,warsaw,True
"washington street, 59 west",washington street,True
"washington, mount",mount washington,True
waterlooplein (batavia),batavia,True
watertown (massachusetts),watertown,True
waterville (maine),waterville,True
weissenburg (bas-rhin),weissenburg,True
west zaandam,zaandam,True
west-afrika,west africa,True
west-bengalen,west bengal,True
west-duitsland,western germany,True
west-graftdijk,graftdijk,True
west-indië,west indies,True
zuid-bohemen,south bohemia,True
zuid-china,south china,True
zuid-europa,southern europe,True
zuid-india,south india,True
écoyeux,ecoyeux,True
église saint-augustin,saint-augustin,True
église saint-sulpice,saint-sulpice,True
église saint-étienne-du-mont,saint-etienne-du-mont,True
épernay,epernay,True
éponne,eponne,True
étampes,etampes,True
étaules,etaules,True
étretat,etretat,True
évian-les-bains,evian-les-bains,True
évora,evora,True
île sainte-marguerite,sainte-marguerite,True
öehringen,oehringen,True
örebro,orebro,True
östhammar,osthammar,True
ötztal (tirol),ötztal,True
überlingen am bodensee,uberlingen,True
écaussinnes,ecaussinnes,True
èze,eze,True
åmål,amal,True
zuiderkerk (rotterdam),rotterdam,True
zuid-italië,southern italy,True
zuid-molukken,south moluccas,True
zuid-peru,south peru,True
zuid-perzië,south persia,True
zuid-sumatra,south sumatra,True
zuid-tirol,south tyrol,True
zuid-turkestan,south turkestan,True
zuidoost klein-azië,southeast asia minor,True
árgos,argos,True
zuidoost rusland,southeast russia,True
"zuni tribe of the zuni reservation, new mexico",zuni reservation,True
"zusters onder de bogen, klooster van de",zusters onder de bogen,True
zutphen (graafschap),zutphen,True
zwaben,swabia,True
zürich,zurich,True
zürichsee,zurich,True
wachau (duitsland),wachau,True
waag op de nieuwmarkt,nieuwmarkt,True
voorstraat (dordrecht),dordrecht,True
united kingdom or germany,united kingdom,True
trente,trento,True
trento (stad),trento,True
triberg im schwarzwald,triberg,True
trient (zwitserland),trent,True
triëst,trieste,True
troon,oostende,True
tsarskoje selo,pushkin,True
tuin van versailles,gardens of versailles,True
tunesia,tunisia,True
"turkestan, western china",turkestan,True
turkey or greece?,turkey or greece,True
turkey or iraq,turkey,True
turkey? (old cat. arabia),turkey,True
turkmenistan or iran,turkmenistan,True
uganda or kenya,uganda,True
uganda/tanzania,uganda,True
uganda?,uganda,True
touwbrug van carrick-a-rede,carrick-a-rede rope bridge,True
toledo cathedral,toledo,True
tiflis,tbilisi,True
thessalië,thessaly,True
tempel van horus (edfu),edfu,True
tempel van karnak,karnak,True
tempel van minerva medica (rome),rome,True
teotihuacán,teotihuacan,True
thailand and myanmar (formerly burma),thailand,True
the iberian peninsula (spain),spain,True
the netherlands (flanders),flanders,True
thessaloníki,thessaloniki,True
ticino (kanton),ticino,True
tholen (stad),tholen,True
thásos,thasos,True
thívai,thebes,True
thüringen,thuringia,True
tibet or china,tibet,True
tibet or mongolia,tibet,True
tibet/nepal?,tibet,True
united kingdom ?,united kingdom,True
united kingdom?,united kingdom,True
vogezen,vosges,True
united states (?),united states,True
valladolid (stad),valladolid,True
vancouver (canada),vancouver,True
vaud (kanton),vaud,True
veenhuizen (drenthe),veenhuizen,True
veermanskade (hoorn),veermanskade,True
veules (stad),veules,True
victoria (brits-columbia),victoria,True
victoria (kameroen),victoria,True
villa d'este (tivoli),villa d'este,True
villa di negro rosazza  dello scoglietto,villa di negro rosazza dello scoglietto,True
villa melzi (bellagio),villa melzi,True
"ville de paris, départment de",ville de paris,True
vismarkt (groningen),groningen,True
vismarkt (leiden),leiden,True
vlakte van arafat,arafat,True
vliegveld ypenburg,ypenburg,True
vogelenzang (noord-holland),vogelenzang,True
valkenburg (zuid-holland),valkenburg,True
valetta,valletta,True
valencia region,valencia,True
united states?,united states,True
united states or brazil,united states,True
united states or canada,united states,True
united states or canada: n.a.,united states,True
united states or germany,united states,True
united states or germany ?,united states,True
united states or mexico: n.a.,united states,True
united states(?),united states,True
unitted states,united states,True
valais canton,valais,True
universiteit van wenen,vienna,True
uri canton,uri,True
usa,united states,True
utrecht (aartsbisdom),utrecht,True
utrecht (provincie),utrecht,True
uttaranchal,uttarakhand,True
uzbekistan or tajikistan,uzbekistan,True
rustenburg (zuid-afrika),rustenburg,True
russian federation,russia,True
nigeria (made in western europe),nigeria,True
oslo (provincie),oslo,True
oude kerk (delft),oude kerk,True
oudemannenhuis (amsterdam),oudemannenhuis,True
palatijn,palatine hill,True
palazzo madama (turijn),palazzo madama,True
paleis van justitie (rouen),paleis van justitie,True
palestine (historic),palestine,True
palmyra (new york),palmyra,True
palmyra (syrië),palmyra,True
paltskapel,palatine chapel,True
panthéon,pantheon,True
parvati-vallei,parvati valley,True
pedro iv-plein,pedro iv square,True
pelopónnesos,peloponnese,True
perhaps syria,syria,True
peru (?),peru,True
"peru, viceroyalty of",peru,True
peru?,peru,True
ottomaanse rijk,ottoman empire,True
ordos-gebied,ordos plateau,True
"possibly india, pakistan or saudi arabia",india,True
oranjestad (aruba),oranjestad,True
"oorsprong, de",de oorsprong,True
oost-friesland,east frisia,True
oost-indië,dutch east indies,True
oost-iran,east iran,True
oost-kaap,eastern cape,True
oost-kaukasus,east caucasus,True
oost-klein-azië,eastern asia minor,True
oost-perzië,east persia,True
oost-turkmenistan,east turkmenistan,True
oostenrijk-hongarije,austria-hungary,True
oosterkerk (hoorn),oosterkerk hoorn,True
oosterkerk (zaandam),oosterkerk zaandam,True
oostzeegebied,baltic sea region,True
opper-oostenrijk,upper austria,True
opéra de paris,paris opera,True
oranje vrijstaat,orange free state,True
oranjerivier,orange river,True
piazza vittorio emanuele ii (florence),florence,True
picardië,picardy,True
pieterskerk (leiden),leiden,True
pieterskerk (utrecht),utrecht,True
possibly denmark,denmark,True
possibly egypt,egypt,True
possibly england,england,True
possibly england or flanders,england,True
possibly flanders,flanders,True
possibly france or bavaria,france,True
possibly france or flanders,france,True
possibly france or italy,france,True
"possibly france, possibly germany",france,True
possibly from the balkans,balkans,True
possibly gaul,gaul,True
possibly georgia or dagestan,georgia,True
possibly german,germany,True
possibly germany or england,germany,True
"possibly germany, possibly austria",germany,True
possibly guatemala,guatemala,True
possibly guyana,guyana,True
possibly dem. rep. of congo,democratic republic of congo,True
possibly china,china,True
possibly central asia,central asia,True
"portland, maine",portland,True
place de la bourse (parijs),paris,True
place de la république (parijs),paris,True
place royale (pau),pau,True
plaza mayor (madrid),madrid,True
poggio (marciana),poggio,True
pointefract,pontefract,True
pont neuf (parijs),paris,True
portsmouth (virginia),portsmouth,True
possibly britain,united kingdom,True
posen,poznan,True
"posillipo, collina di",posillipo,True
possibly albania,albania,True
possibly austria,austria,True
possibly belgium,belgium,True
possibly bhutan,bhutan,True
possibly borneo,borneo,True
onze-lieve-vrouwekerk (nieuwpoort),church of our lady nieuwpoort,True
onze-lieve-vrouwekerk (diest),church of our lady diest,True
onze-lieve-vrouwekerk (brugge),church of our lady bruges,True
northern europe (?),europe,True
noordzeekanaal,north sea canal,True
norfolk (massachusetts),norfolk,True
normandië,normandy,True
north france,france,True
north france or south netherlands,france,True
north india or deccan,india,True
north italy,italy,True
north netherland,netherlands,True
north netherlands,netherlands,True
north or central syria,syria,True
northeast italy,italy,True
northeastern france,france,True
northeastern iran,iran,True
northeastern massachusetts,massachusetts,True
northern adriatic,adriatic sea,True
northern brabant,north brabant,True
northern california,california,True
noordzee,north sea,True
noordwest-perzië,northwest persia,True
noordwest-india,northwest india,True
noord-india,north india,True
nigeria or benin,nigeria,True
nijl,nile,True
noord-afrika,north africa,True
noord-amerika,north america,True
noord-celebes,north celebes,True
noord-duitsland,north germany,True
noord-europa,north europe,True
noord-molukken,north moluccas,True
noordwest-europa,northwest europe,True
noord-perzie,north persia,True
noord-turkmenistan,north turkmenistan,True
noord-vietnam,north vietnam,True
noordeinde (den haag),noordeinde,True
noordelijke ijszee,arctic ocean,True
noordkaap,north cape,True
noordrijn-westfalen,north rhine-westphalia,True
northern china,china,True
northern france (?),france,True
onze-lieve-vrouwekathedraal (doornik),tournai cathedral,True
northern france or western germany,france,True
northwestern iran or kurdistan,iran,True
northwestern iran or transcaucasia,iran,True
northwestern iran or turkey,iran,True
"northwestern iran, probably",iran,True
norway?,norway,True
norwich (new york),norwich,True
nothern spain or southern france,spain,True
notre-dame (straatsburg),notre-dame,True
nubië,nubia,True
nueva guatemala,guatemala,True
nuwara eliya (district),nuwara eliya,True
oaxaca state,oaxaca,True
oceanië,oceania,True
oekraïne,ukraine,True
olmütz,olomouc,True
ontario (canada),ontario,True
onze-lieve-vrouwekathedraal (antwerpen),antwerp cathedral,True
northwestern iran or caucasus,iran,True
northwestern iran or baghdad,iran,True
northwestern iran or azerbaijan,iran,True
northern or southern netherlands,netherlands,True
northern germany,germany,True
northern india or deccan,india,True
northern india or pakistan,india,True
northern iran,iran,True
northern iraq or western iran,iraq,True
"northern iraq, syria, or southeastern turkey",iraq,True
northern or central india,india,True
northern peru,peru,True
northwest turkey,turkey,True
northern plains,plains,True
northern region,region,True
northern serbia/north-western croatia,serbia,True
northern spain,spain,True
northern switzerland,switzerland,True
northern switzerland (?),switzerland,True
northwest iran,iran,True
possibly hungary,hungary,True
possibly indonesia,indonesia,True
russia federation,russia,True
probably syria or iraq,syria,True
probably tibet,tibet,True
probably tibet or mongolia,tibet,True
probably turkey,turkey,True
probably uzbekistan,uzbekistan,True
probably west central turkey,turkey,True
probably west-central turkey,turkey,True
probably western iran,iran,True
probably western turkey,turkey,True
probably yemen,yemen,True
puebla state,puebla,True
pueblo of acoma,acoma,True
"pueblo of zia, new mexico",zia,True
puerta del sol (madrid),madrid,True
punjab (india),punjab,True
puy-de-dôme (departement),puy-de-dôme,True
qinā,qina,True
quinéville,qunéville,True
probably syria or northern iraq,syria,True
probably spain,spain,True
possibly iran,iran,True
probably southern germany,germany,True
probably iraq or syria,iraq,True
probably italy,italy,True
probably mexico,mexico,True
probably mongolia,mongolia,True
probably morocco,morocco,True
probably netherlandish,netherlands,True
probably north africa,north africa,True
probably northeastern iran,iran,True
probably northern france,france,True
probably northern india,india,True
probably northern italy,italy,True
probably northern nigeria,nigeria,True
probably northwestern iran,iran,True
probably saudi arabia,saudi arabia,True
"probably saudi arabia, asia",saudi arabia,True
probably sierra leone,sierra leone,True
probably south africa,south africa,True
québec (provincie),quebec,True
raadhuis (wernigerode),wernigerode,True
raamstraat (dordrecht),dordrecht,True
ramen (hoorn),hoorn,True
rijkswerf (willemsoord),willemsoord,True
rijn,rhine,True
rijnstreek,rhine region,True
rivièra,riviera,True
rochefort (belgië),rochefort,True
rochester (new york),rochester,True
rode zee,red sea,True
roemenië,romania,True
romania?,romania,True
rosenlauigletsjer,rosenlaui glacier,True
rothenburg (saale),rothenburg,True
rots van gibraltar,gibraltar,True
rotte (rivier),rotte,True
rotte (stad),rotterdam,True
royal exchange (1844-1939),royal exchange,True
royal palace of amsterdam,amsterdam,True
rue royale (parijs),paris,True
rijkswerf (vlissingen),vlissingen,True
rijkswerf (hellevoetsluis),hellevoetsluis,True
riga (rusland),riga,True
republic of costa rica,costa rica,True
"randolph street, 64 west",randolph street,True
reading (massachusetts),reading,True
remonstrantse kerk (amsterdam),amsterdam,True
republic of benin,benin,True
republic of cameroon,cameroon,True
republic of cameroon or gabon?,cameroon,True
republic of congo & angola,congo,True
republic of georgia,georgia,True
richmond (virginia),richmond,True
republic of guinea,guinea,True
republic of the congo,congo,True
"republic of the congo or cabinda, angola",congo,True
rhônengletsjer,rhône glacier,True
richmond (plaats),richmond,True
richmond (stad),richmond,True
richmond (surrey),richmond,True
probably iraq,iraq,True
probably iran or turkey,iran,True
probably iran or iraq,iran,True
present-day azerbaijan,azerbaijan,True
possibly spain or portugal,spain,True
"possibly sulawesi, malay",sulawesi,True
possibly switzerland,switzerland,True
possibly switzerland or great britain,switzerland,True
possibly syria,syria,True
possibly syria or europe,syria,True
possibly thailand or indonesia,thailand,True
possibly the netherlands,netherlands,True
possibly the republic of congo or gabon,republic of congo,True
possibly tibet,tibet,True
possibly turkey,turkey,True
possibly united kingdom,united kingdom,True
potosí,potosi,True
praça do comércio,praca do comercio,True
present-day afghanistan or central asia,afghanistan,True
present-day afghanistan or iran,afghanistan,True
present-day afghanistan or italy,afghanistan,True
possibly spain or france,spain,True
possibly southern england,england,True
possibly saudi arabia,saudi arabia,True
possibly netherland,netherlands,True
possibly iran or egypt,iran,True
possibly iraq,iraq,True
possibly ireland,ireland,True
possibly italian,italy,True
possibly italy or france,italy,True
possibly madagascar,madagascar,True
possibly nepal,nepal,True
possibly netherlandish,netherlands,True
possibly sardinia,sardinia,True
possibly netherlands,netherlands,True
possibly niger,niger,True
possibly northeastern france,france,True
possibly ottoman empire,ottoman empire,True
possibly philippines,philippines,True
possibly poland,poland,True
possibly portugal,portugal,True
present-day afghanistan or turkmenistan,afghanistan,True
present-day bangladesh,bangladesh,True
probably india or iran,india,True
present-day belgium,belgium,True
probably central or west asia,asia,True
probably central turkey,turkey,True
probably china,china,True
probably cyprus or turkey,cyprus,True
probably democratic republic of congo,democratic republic of congo,True
probably egypt or syria,egypt,True
probably england,england,True
probably ethiopia,ethiopia,True
probably france,france,True
probably from albania,albania,True
probably from the balkans,balkans,True
probably gaul,gaul,True
probably georgia,georgia,True
probably greece,greece,True
probably greece or constantinople,greece,True
probably hungary,hungary,True
probably india,india,True
probably central iran,iran,True
probably central india,india,True
probably british isles,british isles,True
present-day turkey [manuscript],turkey,True
present-day china,china,True
present-day israel,israel,True
present-day kirghiztan,kyrgyzstan,True
present-day lebanon,lebanon,True
present-day poland,poland,True
present-day saudi arabia,saudi arabia,True
present-day spain,spain,True
present-day turkmenistan,turkmenistan,True
probably balkans or turkey,balkans,True
present-day uzbekistan and afghanistan,uzbekistan,True
prinsenhof (delft),delft,True
probably  northern europe,northern europe,True
probably afghanistan,afghanistan,True
probably algeria,algeria,True
probably austria,austria,True
probably balkans or anatolia,balkans,True
birma,burma,True
tạdạ,tada,True
austrian,austria,True
"dutch east indies, the",dutch east indies,True
's-gravenzande,s-gravenzande,True
's-heer arendskerke,s-heer arendskerke,True
dundee (schotland),dundee,True
münster,munster,True
springfield (massachusetts),springfield,True
spui (amsterdam),spui,True
namen (stad),namur,True
hamburg (stad),hamburg,True
bangor (gwynedd),bangor,True
bangor (maine),bangor,True
straatsburg (frankrijk),straatsburg,True
korfoe,corfu,True
nayarit state,nayarit,True
beek (gelderland),beek,True
allgáuer alpen,allgäuer alpen,True
suezkanaal,suez canal,True
cambridge (ma),cambridge,True
koninklijke houtvesterij het loo,het loo,True
beieren,bavaria,True
neurenberg,nuremberg,True
bethanië,bethanie,True
's lands plantentuin,s lands plantentuin,True
düsseldorf,dusseldorf,True
sumatera barat (province),sumatera barat,True
californië,california,True
bagdad,baghdad,True
milaan,milan,True
groningen (province),groningen,True
present-day afghanistan,afghanistan,True
bulgarije,bulgaria,True
bergen (noord-holland),bergen,True
bern (gelderland),bern,True
berne (noord-brabant),berne,True
byzantine egypt,egypt,True
moskou,moscow,True
lampong,lampung,True
bergen (belgië),bergen,True
museo nazionale (napels),naples,True
göttingen,gottingen,True
musée du louvre,louvre museum,True
baden (zwitserland),baden,True
myanmar (formerly burma),myanmar,True
baden (duitsland),baden,True
mühlberg,muhlberg,True
münchen,munich,True
berninapas,bernina pass,True
bazel,basel,True
klein-azië,asia minor,True
bagijnhof (dordrecht),bagijnhof,True
dolomieten,dolomites,True
hasselt (overijssel),hasselt,True
baptisterium (florence),florence,True
noord-brabant,north brabant,True
beukelsdijk (delfshaven),delfshaven,True
noord-holland,north holland,True
algeria or morocco,algeria,True
noord-italië,northern italy,True
noord-nederland,northern netherlands,True
noord-sumatra,north sumatra,True
beurs (brussel),brussel,True
beurs van berlage,amsterdam,True
barentszzee,barentsz sea,True
syrië,syria,True
west-java,west java,True
west-friesland,west frisia,True
west-europa,western europe,True
beursplein (rotterdam),rotterdam,True
abdij göttweig,göttweig abbey,True
abdij riddagshausen,riddagshausen abbey,True
baptisterium (pisa),pisa,True
kanton,guangdong,True
caïro,cairo,True
noord- en centraal amerika,north and central america,True
bedford (verenigd koninkrijk),bedford,True
algeria or tunisia,algeria,True
possibly spain,spain,True
all saints' church (walsoken),walsoken,True
new york (city),new york city,True
"capri, isola di",capri,True
all saints' church (elm),elm,True
catanië,catania,True
abaco-eilanden,abaco islands,True
niagara falls (noord-amerika),niagara falls,True
possibly italy,italy,True
kasteel van versailles,versailles,True
catskillgebergte,catskill mountains,True
bethlehem (israël),bethlehem,True
kasteel van blois,blois,True
bethlehem (zuid-afrika),bethlehem,True
bedford (pennsylvania),bedford,True
basiliek van san marco,st. mark's basilica,True
possibly germany,germany,True
alicante (stad),alicante,True
"algeria, tunisia, or morocco",algeria,True
bedford (massachusetts),bedford,True
possibly france,france,True
midden-oosten,middle east,True
midden-java,central java,True
nova zembla,novaya zemlya,True
fürstenberg,furstenberg,True
balkan region,balkan,True
balearen,balearic islands,True
amer (india),amer,True
america,united states,True
maagdenburg,magdeburg,True
maas,meuse,True
québec,quebec,True
pyreneeën,pyrenees,True
bohemen,bohemia,True
bellagio (italië),bellagio,True
zuid-afrika,south africa,True
france?,france,True
belgrado,belgrade,True
probably syria,syria,True
probably netherlands,netherlands,True
bakoe,baku,True
boekit-asam,bukit asam,True
boedapest,budapest,True
zürich (stad),zurich,True
benin or gabon,benin,True
malay,malaysia,True
zuid-frankrijk,southern france,True
balkans or turkey,turkey,True
belgium or germany,belgium,True
rijksmuseum amsterdam,amsterdam,True
alton (wiltshire),alton,True
beludshistan,balochistan,True
genève,geneva,True
georgië,georgia,True
zutphen (stad),zutphen,True
louvain,leuven,True
los angeles (stad),los angeles,True
amber (india),amber,True
zuid-nederland,southern netherlands,True
luxemburg (belgische provincie),luxembourg,True
zuid-holland,south holland,True
"ballon, lac du",lac du ballon,True
luxemburg (land),luxembourg,True
amblève,amblèv,True
belmont (noord-kaap),belmont,True
zweden,sweden,True
germany?,germany,True
bengalen,bengal,True
luxemburg (stad),luxembourg city,True
luzern,lucerne,True
rijnland-palts,rhineland-palatinate,True
belgium?,belgium,True
lissabon,lisbon,True
alsenbrücke (berlin-moabit),berlin-moabit,True
bergamo (provincie),bergamo,True
scandinavië,scandinavia,True
's gravenmoer,s gravenmoer,True
banda-eilanden,banda islands,True
bandaneira,banda neira,True
grand canyon (arizona),grand canyon,True
graubünden (kanton),graubunden,True
schotland,scotland,True
bern (kanton),bern,True
bejaïa,beja,True
beiroet,beirut,True
egypte,egypt,True
angola or democratic republic of the congo,angola,True
mexico-stad,mexico city,True
begijnhof (amsterdam),amsterdam,True
brussel (gewest),brussels,True
berlijn (deelstaat),berlin,True
griekenland,greece,True
berliner stadtschloss,berlin,True
sixtijnse kapel (vaticaan),vatican,True
present-day france,france,True
edo (historische plaatsnaam),edo,True
altdorf (uri),altdorf,True
bahama's,bahamas,True
flanders,belgium,True
île-de-france,ile-de-france,True
bocholt (duitsland),bocholt,True
belgium and france,belgium,True
coromandelkust,coromandel coast,True
ancient egypt,egypt,True
ancient europe,europe,True
ancient near east,near east,True
probably iran,iran,True
andalusië,andalusia,True
belfort (brugge),brugge,True
marokko,morocco,True
baikalmeer,lake baikal,True
ewijkshoeve (zeist),ewijkshoeve,True
probably germany,germany,True
probably egypt,egypt,True
saksen,saxony,True
present-day uzbekistan,uzbekistan,True
san marcoplein,san marco square,True
present-day pakistan,pakistan,True
bindjai langkat,bindjai,True
present-day greece,greece,True
épinal,epinal,True
"bar-sur-loup, le",le bar-sur-loup,True
genua,genoa,True
nubia (sudan),nubia,True
ieper (stad),ieper,True
austria or germany,germany,True
austria or italy,italy,True
austria (mounts),austria,True
colima state,colima,True
akershus festning,akershus fortress,True
australia or papua new guinea,papua new guinea,True
toscane,tuscany,True
akropolis,acropolis,True
vlaanderen,flanders,True
abruzzi,abruzzo,True
palestina,palestine,True
beër sjeva,be'er sheva,True
azerbeidzjan,azerbaijan,True
turijn,turin,True
voor-indië,east indies,True
baskenland,basque country,True
ancient mediterranean,mediterranean,True
perugia (stad),perugia,True
ancient greece,greece,True
palais de fontainebleau,fontainebleau,True
iraq or syria,iraq,True
alamania,germany,True
costa rica or panama,costa rica,True
congo (land),congo,True
padang (stad),padang,True
hoorn (north holland),hoorn,True
austria / germany,germany,True
indië,india,True
tsjechoslowakije,czechoslovakia,True
ahmedabad (district),ahmedabad,True
bath (pennsylvania),bath,True
iran or turkey,iran,True
turkije,turkey,True
biblioteca apostolica vaticana,vatican apostolic library,True
atjeh,aceh,True
achterstraat (hoorn),achterstraat,True
paramaribo (stad),paramaribo,True
"azerbaijan, armenia or georgia",georgia,True
barnes (verenigd koninkrijk),barnes,True
tunesië,tunisia,True
tsjechië,czech republic,True
utica (new york),utica,True
vaticaanse musea,vatican museums,True
bhutan or sikkim,bhutan,True
vaticaanstad,vatican city,True
achterom (hoorn),achterom,True
athene,athens,True
achaea department,achaea,True
hongarije,hungary,True
bikini (atol),bikini atoll,True
"austria (now italy, trentino-alto adige)",trentino-alto adige,True
holland,netherlands,True
jakarta (stad),jakarta,True
jeruzalem,jerusalem,True
palembang (city),palembang,True
beyazıt-toren,beyazıt tower,True
united states of america,united states,True
copenhagen (city),copenhagen,True
baai van san francisco,san francisco bay,True
azië,asia,True
algerije,algeria,True
abdij van furness,furness abbey,True
oost-sumatra,east sumatra,True
kaapstad,cape town,True
peking,beijing,True
alexandrië,alexandria,True
wallis (kanton),wallis,True
aken,aachen,True
oost-java,east java,True
the netherlands,netherlands,True
albury (australië),albury,True
abdij van grimbergen,grimbergen abbey,True
waltham (massachusetts),waltham,True
ahmedabad (stad),ahmedabad,True
ierland,ireland,True
oost-europa,eastern europe,True
adriatische zee,adriatic sea,True
india or iran,india,True
abdij van einsiedeln,einsiedeln abbey,True
valkenburg (limburg),valkenburg,True
afrika,africa,True
curaçao,curacao,True
agano (stad),agano,True
austrians,austria,True
colombia or ecuador,colombia,True
alpen,alps,True
iran or iraq,iran,True
abdij van iona,iona abbey,True
thessalía,thessaly,True
"adams street, 287 west (old)","adams street, 287 west",True
persia,iran,True
istanboel,istanbul,True
beyazit-plein,beyazit square,True
aboe simbel,abu simbel,True
israël,israel,True
amstel (rivier),amstel,True
albany (new york),albany,True
abdij van tintern,tintern abbey,True
austria?,austria,True
austria (possibly),austria,True
abdij van maulbronn,maulbronn abbey,True
iran or central asia,iran,True
abdij van rievaulx,rievalx abbey,True
constantinopel,constantinople,True
marken,marken,False
pointe-à-pitre,pointe-à-pitre,False
marienbad,marienbad,False
meissen,meissen,False
poeldijk,poeldijk,False
massachusetts,massachusetts,False
merano,merano,False
plombières-les-bains,plombières-les-bains,False
mediterranean region,mediterranean region,False
medemblik,medemblik,False
plymouth,plymouth,False
poeloe-bras,poeloe-bras,False
messina,messina,False
menton,menton,False
poederoijen,poederoijen,False
mechelen,mechelen,False
papua new guinea,papua new guinea,False
pointe du raz,pointe du raz,False
plzeñ,plzeñ,False
medan,medan,False
plougastel-daoulas,plougastel-daoulas,False
pointe saint-mathieu,pointe saint-mathieu,False
panama,panama,False
ploumanach,ploumanach,False
marseille,marseille,False
materborn,materborn,False
plymouth rock,plymouth rock,False
mainz,mainz,False
plein,plein,False
plaça reial,plaça reial,False
madhya pradesh,madhya pradesh,False
madeira,madeira,False
maastricht,maastricht,False
plailly,plailly,False
placer county,placer county,False
place vendôme,place vendôme,False
lübeck,lübeck,False
lyon,lyon,False
paris,paris,False
place du carrousel,place du carrousel,False
parma,parma,False
luxor,luxor,False
place de la concorde,place de la concorde,False
place de la bastille,place de la bastille,False
lunéville,lunéville,False
lugano,lugano,False
ludwigsburg,ludwigsburg,False
lucknow,lucknow,False
place de l'hôtel-de-ville,place de l'hôtel-de-ville,False
pittsfield,pittsfield,False
lucca,lucca,False
madrid,madrid,False
madura,madura,False
plains,plains,False
malang,malang,False
mantua,mantua,False
mannheim,mannheim,False
manchester,manchester,False
malta,malta,False
plaza del triunfo,plaza del triunfo,False
plaza de oriente,plaza de oriente,False
plaza de las cortes,plaza de las cortes,False
mali,mali,False
malaysia,malaysia,False
plaza de colón,plaza de colón,False
plantage middenlaan,plantage middenlaan,False
plauen,plauen,False
plattsmouth,plattsmouth,False
plateau de gravelle,plateau de gravelle,False
polis,polis,False
platanias,platanias,False
maine,maine,False
maghreb,maghreb,False
plasmolen,plasmolen,False
madurai,madurai,False
poitiers,poitiers,False
monnickendam,monnickendam,False
polonnaruwa,polonnaruwa,False
new haven,new haven,False
nieuwer-amstel,nieuwer-amstel,False
oxfordshire,oxfordshire,False
nieuwediep,nieuwediep,False
nice,nice,False
padua,padua,False
new zealand,new zealand,False
new york city,new york city,False
paestum,paestum,False
palermo,palermo,False
new york,new york,False
portsmouth,portsmouth,False
new mexico,new mexico,False
new hampshire,new hampshire,False
oxford,oxford,False
new england,new england,False
portofino,portofino,False
porto,porto,False
neuruppin,neuruppin,False
netherlands,netherlands,False
nepal,nepal,False
nazca valley,nazca valley,False
pottschach,pottschach,False
poughkeepsie,poughkeepsie,False
poznan,poznan,False
pozzuoli,pozzuoli,False
pragser wildsee,pragser wildsee,False
prospect hill,prospect hill,False
nijmegen,nijmegen,False
portland,portland,False
northern europe,northern europe,False
nottingham,nottingham,False
norwich,norwich,False
nîmes,nîmes,False
norway,norway,False
northwestern iran,northwestern iran,False
northern netherlands,northern netherlands,False
oberammergau,oberammergau,False
oegstgeest,oegstgeest,False
ohio,ohio,False
northern italy,northern italy,False
northern india,northern india,False
northern france,northern france,False
north india,north india,False
oudewater,oudewater,False
noordwijk aan zee,noordwijk aan zee,False
noordwijk,noordwijk,False
oostende,oostende,False
oosterbeek,oosterbeek,False
orléans,orléans,False
osaka,osaka,False
oslo,oslo,False
ottoman empire,ottoman empire,False
nishapur,nishapur,False
oudenaarde,oudenaarde,False
ouder-amstel,ouder-amstel,False
nikko,nikko,False
prairie avenue,prairie avenue,False
prairie city,prairie city,False
metz,metz,False
midwest,midwest,False
prinsegracht,prinsegracht,False
morocco,morocco,False
prinz-albrecht-palais,prinz-albrecht-palais,False
moordrecht,moordrecht,False
nuremberg,nuremberg,False
mongolia,mongolia,False
monaco,monaco,False
moche valley,moche valley,False
milan,milan,False
pontefract,pontefract,False
ponte dei sospiri,ponte dei sospiri,False
ponte capriasca,ponte capriasca,False
pontarlier,pontarlier,False
pontgibaud,pontgibaud,False
pontaillac,pontaillac,False
pont-en-royans,pont-en-royans,False
pont-de-l'arche,pont-de-l'arche,False
pont-aven,pont-aven,False
pont-audemer,pont-audemer,False
pont royal,pont royal,False
middelburg,middelburg,False
michigan,michigan,False
palestine,palestine,False
pont du loup,pont du loup,False
pont christ,pont christ,False
mexico,mexico,False
prešov,prešov,False
pontianak,pontianak,False
prambanan,prambanan,False
port huron,port huron,False
prato,prato,False
portici,portici,False
portchester castle,portchester castle,False
preanger,preanger,False
naples,naples,False
port-au-prince,port-au-prince,False
nantes,nantes,False
nancy,nancy,False
port tewfik,port tewfik,False
port royal,port royal,False
port mahon,port mahon,False
nagasaki,nagasaki,False
port elizabeth,port elizabeth,False
preston,preston,False
mysore,mysore,False
port dieu,port dieu,False
port arthur,port arthur,False
porlezza,porlezza,False
myanmar,myanmar,False
poortugaal,poortugaal,False
pontresina,pontresina,False
mumbai,mumbai,False
mulhouse,mulhouse,False
muiden,muiden,False
pontoise,pontoise,False
prestbury,prestbury,False
nigeria,nigeria,False
rabat,rabat,False
provence,provence,False
roßtrappe,roßtrappe,False
ruhla,ruhla,False
rueil-malmaison,rueil-malmaison,False
jingdezhen,jingdezhen,False
rue du temple,rue du temple,False
rue de rivoli,rue de rivoli,False
rue de la paix,rue de la paix,False
rudolstadt,rudolstadt,False
rudkøbing,rudkøbing,False
royat,royat,False
ruinerwold,ruinerwold,False
royan,royan,False
royal victoria hospital,royal victoria hospital,False
jogjakarta,jogjakarta,False
jouy-en-josas,jouy-en-josas,False
roxbury,roxbury,False
roubaix,roubaix,False
rottum,rottum,False
kabanjahe,kabanjahe,False
ruinen,ruinen,False
runkel,runkel,False
roti,roti,False
rye,rye,False
ithaca,ithaca,False
rüygen,rüygen,False
rüdesheim,rüdesheim,False
rübeland,rübeland,False
rörstrand,rörstrand,False
römhild,römhild,False
japan,japan,False
rättvik,rättvik,False
ryde,ryde,False
jersey,jersey,False
rydal,rydal,False
ruynes-en-margeride,ruynes-en-margeride,False
ruurlo,ruurlo,False
rutland,rutland,False
rutherglen,rutherglen,False
jatiroto,jatiroto,False
java,java,False
russische kerk van de heilige elisabeth,russische kerk van de heilige elisabeth,False
kalimantan,kalimantan,False
rothenburg ob der tauber,rothenburg ob der tauber,False
rochefort-montagne,rochefort-montagne,False
rocky mountains,rocky mountains,False
rohrbach,rohrbach,False
rofen,rofen,False
roeselare,roeselare,False
karlsruhe,karlsruhe,False
roelofarendsveen,roelofarendsveen,False
kashan,kashan,False
rode fort,rode fort,False
roda,roda,False
rocky mountain national park,rocky mountain national park,False
rolandseck,rolandseck,False
rockland saint mary,rockland saint mary,False
rockingham county,rockingham county,False
rockford,rockford,False
rockanje,rockanje,False
rochetaillée,rochetaillée,False
kassel,kassel,False
rochester,rochester,False
rochers de naye,rochers de naye,False
rokin,rokin,False
rolde,rolde,False
kampen,kampen,False
rosheim,rosheim,False
rotenburg an der fulda,rotenburg an der fulda,False
rostock,rostock,False
rosslyn chapel,rosslyn chapel,False
rossiya republic,rossiya republic,False
ross-on-wye,ross-on-wye,False
rosmalen,rosmalen,False
roslin,roslin,False
roskilde,roskilde,False
roquebrune-cap-martin,roquebrune-cap-martin,False
rolduc,rolduc,False
roosendaal,roosendaal,False
roorkee,roorkee,False
roode steen,roode steen,False
ronneburg,ronneburg,False
romsdalen,romsdalen,False
romkerwasserfall,romkerwasserfall,False
karlberg palace,karlberg palace,False
romania,romania,False
s. maria delle grazie,s. maria delle grazie,False
s. miniato,s. miniato,False
s. rufino,s. rufino,False
saint-jouin,saint-jouin,False
saint-mandé,saint-mandé,False
saint-mandrier-sur-mer,saint-mandrier-sur-mer,False
saint-malo,saint-malo,False
saint-légier-la chiésaz,saint-légier-la chiésaz,False
saint-louis,saint-louis,False
saint-leu-d'esserent,saint-leu-d'esserent,False
saint-laurent,saint-laurent,False
saint-julien-beychevelle,saint-julien-beychevelle,False
saint-jeannet,saint-jeannet,False
saint-maur-des-fossés,saint-maur-des-fossés,False
saint-jean-de-luz,saint-jean-de-luz,False
saint-imier,saint-imier,False
saint-ilpize,saint-ilpize,False
saint-hilaire-le-grand,saint-hilaire-le-grand,False
saint-gilles-du-gard,saint-gilles-du-gard,False
saint-gervais-saint-protais,saint-gervais-saint-protais,False
saint-gervais-les-bains,saint-gervais-les-bains,False
saint-germain,saint-germain,False
saint-martin-de-boscherville,saint-martin-de-boscherville,False
saint-michel-de-maurienne,saint-michel-de-maurienne,False
s. zeno,s. zeno,False
iraq,iraq,False
sainte-anne-de-beaupré,sainte-anne-de-beaupré,False
sainte-agnès,sainte-agnès,False
sainte-adresse,sainte-adresse,False
saint-étienne-du-mont,saint-étienne-du-mont,False
saint-étienne,saint-étienne,False
saint-émilion,saint-émilion,False
saint-yrieix-la-perche,saint-yrieix-la-perche,False
saint-vougay,saint-vougay,False
saint-tropez,saint-tropez,False
saint-nectaire,saint-nectaire,False
saint-trond,saint-trond,False
saint-thégonnec,saint-thégonnec,False
saint-rémy-lès-chevreuse,saint-rémy-lès-chevreuse,False
saint-rémy-de-provence,saint-rémy-de-provence,False
saint-pé-de-bigorre,saint-pé-de-bigorre,False
saint-privat-d'allier,saint-privat-d'allier,False
saint-ouen,saint-ouen,False
saint-omer,saint-omer,False
saint-georges-de-didonne,saint-georges-de-didonne,False
saint-gaudens,saint-gaudens,False
saint-flour,saint-flour,False
sagunto,sagunto,False
saint george's island,saint george's island,False
saint croix,saint croix,False
saint botolph's church,saint botolph's church,False
saint augustine,saint augustine,False
saint andrews,saint andrews,False
sailana,sailana,False
saighton,saighton,False
saharanpur,saharanpur,False
sagar,sagar,False
saint-estèphe,saint-estèphe,False
sadda,sadda,False
sacramento,sacramento,False
sachsenhausen,sachsenhausen,False
sabang,sabang,False
saba,saba,False
saarbrücken,saarbrücken,False
saalfeld,saalfeld,False
italy,italy,False
saint helier,saint helier,False
saint john the baptist church,saint john the baptist church,False
saint johnsbury,saint johnsbury,False
istanbul,istanbul,False
ireland,ireland,False
saint-denis,saint-denis,False
saint-coulomb,saint-coulomb,False
saint-chamas,saint-chamas,False
saint-briac-sur-mer,saint-briac-sur-mer,False
saint-bonnet-le-château,saint-bonnet-le-château,False
saint-andré-sur-sèvre,saint-andré-sur-sèvre,False
saint-amand-montrond,saint-amand-montrond,False
saint-amand-les-eaux,saint-amand-les-eaux,False
saint thomas,saint thomas,False
saint regis mountain,saint regis mountain,False
isle of wight,isle of wight,False
saint paul's cathedral,saint paul's cathedral,False
saint paul,saint paul,False
israel,israel,False
saint mary and saint nicolas' church,saint mary and saint nicolas' church,False
saint leonard's wortley church,saint leonard's wortley church,False
rocher de la vierge,rocher de la vierge,False
rochdale,rochdale,False
prísecná,prísecná,False
rambervillers,rambervillers,False
rangeley lake,rangeley lake,False
lenzerheide,lenzerheide,False
ramsgate,ramsgate,False
ramsau bei berchtesgaden,ramsau bei berchtesgaden,False
ramla,ramla,False
rameswaram,rameswaram,False
lille,lille,False
rambouillet,rambouillet,False
ramat-gan,ramat-gan,False
rapallo,rapallo,False
rajputana,rajputana,False
raigad,raigad,False
ragusa,ragusa,False
raglan castle,raglan castle,False
raglan,raglan,False
raftsundet,raftsundet,False
radauwasserfall,radauwasserfall,False
rabbi,rabbi,False
ranworth,ranworth,False
rappin,rappin,False
raamsdonksveer,raamsdonksveer,False
rech,rech,False
reichenbachwaterval,reichenbachwaterval,False
reichenbach,reichenbach,False
reggio di calabria,reggio di calabria,False
regent's park,regent's park,False
regent street,regent street,False
reeuwijk,reeuwijk,False
rees,rees,False
reek,reek,False
recco,recco,False
raqqa,raqqa,False
real de catorce,real de catorce,False
leipzig,leipzig,False
reading,reading,False
ravinia,ravinia,False
ravenstein,ravenstein,False
ravello,ravello,False
rathfarnham,rathfarnham,False
rathausmarkt,rathausmarkt,False
limoges,limoges,False
raalte,raalte,False
rocca di papa,rocca di papa,False
pune,pune,False
london,london,False
puttershoek,puttershoek,False
putten,putten,False
putney,putney,False
puthia,puthia,False
purworejo,purworejo,False
punta rassa,punta rassa,False
loosdrecht,loosdrecht,False
punderich,punderich,False
pyrénées-atlantiques,pyrénées-atlantiques,False
pulchri studio,pulchri studio,False
puiseaux,puiseaux,False
puiflijk,puiflijk,False
puerto rico,puerto rico,False
puerto de la cruz,puerto de la cruz,False
low countries,low countries,False
lowell,lowell,False
puebla,puebla,False
puyricard,puyricard,False
périgueux,périgueux,False
raadvad,raadvad,False
queenston,queenston,False
liverpool,liverpool,False
qutb-complex,qutb-complex,False
quiçama,quiçama,False
liège,liège,False
quincy,quincy,False
quimperlé,quimperlé,False
quimper,quimper,False
quettehou,quettehou,False
queensferry,queensferry,False
pößneck,pößneck,False
quedlinburg,quedlinburg,False
qom,qom,False
lochem,lochem,False
qingdao,qingdao,False
qeqertarsuaq,qeqertarsuaq,False
qazvin,qazvin,False
qasr ibrim,qasr ibrim,False
qasr al-nil-brug,qasr al-nil-brug,False
reichenberg,reichenberg,False
reichswald,reichswald,False
reigate,reigate,False
riel,riel,False
rijksdorp,rijksdorp,False
rijks ethnographisch museum,rijks ethnographisch museum,False
rijen,rijen,False
rigi kulm,rigi kulm,False
rigi,rigi,False
koog aan de zaan,koog aan de zaan,False
rietspruit,rietspruit,False
riesengebirge,riesengebirge,False
riedlingen,riedlingen,False
koblenz,koblenz,False
riddarholmen,riddarholmen,False
rickmansworth,rickmansworth,False
richmond upon thames,richmond upon thames,False
richmond park,richmond park,False
richmond hill,richmond hill,False
korea,korea,False
kortrijk,kortrijk,False
kyoto,kyoto,False
kolkata,kolkata,False
rijnsaterwoude,rijnsaterwoude,False
reksosari,reksosari,False
ripoll,ripoll,False
rocamadour,rocamadour,False
rixheim,rixheim,False
riverside,riverside,False
river edge,river edge,False
rive-de-gier,rive-de-gier,False
riva del garda,riva del garda,False
riva degli schiavoni,riva degli schiavoni,False
ripon,ripon,False
riouw archipelago,riouw archipelago,False
rijnsburg,rijnsburg,False
riom,riom,False
rinteln,rinteln,False
rinnoji,rinnoji,False
rimini,rimini,False
rimbach-près-masevaux,rimbach-près-masevaux,False
rijssen,rijssen,False
rijpwetering,rijpwetering,False
katwijk aan zee,katwijk aan zee,False
richmond,richmond,False
königsberg,königsberg,False
rhône-alpes,rhône-alpes,False
renfrewshire,renfrewshire,False
lausanne,lausanne,False
le havre,le havre,False
leeds,leeds,False
leeuwarden,leeuwarden,False
renswoude,renswoude,False
rennes,rennes,False
renkum,renkum,False
rengsdorf,rengsdorf,False
renesse,renesse,False
rhône,rhône,False
remscheid,remscheid,False
leiden,leiden,False
remojadas,remojadas,False
remiremont,remiremont,False
remich,remich,False
rembrandtplein,rembrandtplein,False
rembang,rembang,False
remagen,remagen,False
laren,laren,False
lake district,lake district,False
lahore,lahore,False
königswinter,königswinter,False
rhynern,rhynern,False
rhyl,rhyl,False
rhoon,rhoon,False
rhode island,rhode island,False
rhineland palatinate,rhineland palatinate,False
rhineland,rhineland,False
rhine,rhine,False
rhens,rhens,False
rhenen,rhenen,False
rheineck,rheineck,False
rhein,rhein,False
rheden,rheden,False
rhaan,rhaan,False
rey,rey,False
reuzengebergte,reuzengebergte,False
reutlingen,reutlingen,False
reuss,reuss,False
pistoia,pistoia,False
birkenau,birkenau,False
pirmasens,pirmasens,False
niger,niger,False
nikko toshogu,nikko toshogu,False
nijswiller,nijswiller,False
nijkerk,nijkerk,False
nijeveen,nijeveen,False
nijbroek,nijbroek,False
niigata,niigata,False
nigtevecht,nigtevecht,False
sumatra,sumatra,False
nievería,nievería,False
nilgiri,nilgiri,False
nieuwveen,nieuwveen,False
surabaya,surabaya,False
surat,surat,False
nieuwmarkt,nieuwmarkt,False
nieuwkoop,nieuwkoop,False
nieuwersluis,nieuwersluis,False
nieuwerkerk aan den ijssel,nieuwerkerk aan den ijssel,False
nieuwenhoorn,nieuwenhoorn,False
nikkō tōshō-gū,nikkō tōshō-gū,False
nilgiris,nilgiris,False
noorden,noorden,False
nonnenwerth,nonnenwerth,False
spitalfields,spitalfields,False
sri lanka,sri lanka,False
staffordshire,staffordshire,False
steglitz,steglitz,False
stirling,stirling,False
stockholm,stockholm,False
stoke-on-trent,stoke-on-trent,False
stuttgart,stuttgart,False
nonancourt,nonancourt,False
nimrud,nimrud,False
nola,nola,False
nogent-sur-seine,nogent-sur-seine,False
nogent-sur-marne,nogent-sur-marne,False
nizhniy novgorod,nizhniy novgorod,False
nivelles,nivelles,False
nistelrode,nistelrode,False
nisse,nisse,False
ningh-sia,ningh-sia,False
nieuwendijk,nieuwendijk,False
nieuwendam,nieuwendam,False
nieuwehorne,nieuwehorne,False
niagara falls,niagara falls,False
nicoya,nicoya,False
nicomedia,nicomedia,False
switzerland,switzerland,False
sydney,sydney,False
nicaragua,nicaragua,False
niagara falls suspension bridge,niagara falls suspension bridge,False
syracuse,syracuse,False
syria,syria,False
niagara clifton bridge,niagara clifton bridge,False
nieuwegein,nieuwegein,False
niagara,niagara,False
nganjuk,nganjuk,False
ngamplang,ngamplang,False
ngali,ngali,False
newton,newton,False
newport-on-tay,newport-on-tay,False
sèvres,sèvres,False
tahiti,tahiti,False
sweden,sweden,False
nideggen,nideggen,False
niderviller,niderviller,False
niederauerbach,niederauerbach,False
nieuwe wetering,nieuwe wetering,False
nieuwe rijn,nieuwe rijn,False
suriname,suriname,False
nieuwe kerk,nieuwe kerk,False
nieuwe haven,nieuwe haven,False
nieuwe doelen,nieuwe doelen,False
nieuwe amstelstraat,nieuwe amstelstraat,False
nieuwaal,nieuwaal,False
nieuw-vennep,nieuw-vennep,False
nieuw-loosdrecht,nieuw-loosdrecht,False
nieuw-guinea,nieuw-guinea,False
nieuw-antwerpen,nieuw-antwerpen,False
surrey,surrey,False
niesky,niesky,False
niederwald,niederwald,False
niederheimbach,niederheimbach,False
niederbreisig,niederbreisig,False
spain or portugal,spain or portugal,False
noordgouwe,noordgouwe,False
newlyn,newlyn,False
sevilla,sevilla,False
schaffhausen,schaffhausen,False
scheveningen,scheveningen,False
schiedam,schiedam,False
schleswig,schleswig,False
schoonhoven,schoonhoven,False
schwarzburg,schwarzburg,False
scotland,scotland,False
semarang,semarang,False
shanghai,shanghai,False
saxony,saxony,False
shanklin,shanklin,False
shantou,shantou,False
siegburg,siegburg,False
siena,siena,False
singapore,singapore,False
sint-petersburg,sint-petersburg,False
sint-pietersbasiliek,sint-pietersbasiliek,False
skälsebo,skälsebo,False
schaarbeek,schaarbeek,False
saudi arabia,saudi arabia,False
noordhollandsch kanaal,noordhollandsch kanaal,False
saint-louis-lès-bitche,saint-louis-lès-bitche,False
notre-dame d'amiens,notre-dame d'amiens,False
saint louis,saint louis,False
notre-dame,notre-dame,False
nothgottes,nothgottes,False
saint petersburg,saint petersburg,False
saint-cloud,saint-cloud,False
saint-germain-en-laye,saint-germain-en-laye,False
norwalk,norwalk,False
salem,salem,False
satigny,satigny,False
salzburg,salzburg,False
samarqand,samarqand,False
san francisco,san francisco,False
sandwich,sandwich,False
sankt gallen,sankt gallen,False
northwest coast,northwest coast,False
northumberland,northumberland,False
santpoort,santpoort,False
northeast,northeast,False
northampton,northampton,False
north yorkshire,north yorkshire,False
south netherlands,south netherlands,False
south india,south india,False
norfolk,norfolk,False
nordland,nordland,False
nordhausen,nordhausen,False
norderney,norderney,False
nord-trøndelag,nord-trøndelag,False
nord,nord,False
nootdorp,nootdorp,False
southeast asia,southeast asia,False
slot röstrand,slot röstrand,False
noordwijkerhout,noordwijkerhout,False
noordwijk-binnen,noordwijk-binnen,False
southern germany,southern germany,False
southern netherlands,southern netherlands,False
southern peru,southern peru,False
spa,spa,False
noordoostpolder,noordoostpolder,False
spain,spain,False
norfolk broads,norfolk broads,False
norfolk island,norfolk island,False
sorrento,sorrento,False
normandy,normandy,False
sluis,sluis,False
smyrna,smyrna,False
north korea,north korea,False
sneek,sneek,False
soekaboemi,soekaboemi,False
north hinksey,north hinksey,False
solo,solo,False
solomon islands,solomon islands,False
north conway,north conway,False
north caucasus,north caucasus,False
north carolina,north carolina,False
north bloomfield,north bloomfield,False
north berwick,north berwick,False
north andover,north andover,False
north america,north america,False
north africa,north africa,False
norrköping,norrköping,False
newport,newport,False
newhaven,newhaven,False
nottinghamshire,nottinghamshire,False
murten,murten,False
musée du luxembourg,musée du luxembourg,False
musée de cluny,musée de cluny,False
museumplein,museumplein,False
museo poldi pezzoli,museo poldi pezzoli,False
museo nazionale romano,museo nazionale romano,False
museo nazionale etrusco di villa giulia,museo nazionale etrusco di villa giulia,False
museo nacional del prado,museo nacional del prado,False
museo chiaramonti,museo chiaramonti,False
murshidabad,murshidabad,False
muzdalifah,muzdalifah,False
murree,murree,False
murcia,murcia,False
murbach,murbach,False
murano,murano,False
turkey,turkey,False
muntok,muntok,False
munster van ulm,munster van ulm,False
munster,munster,False
musée guimet,musée guimet,False
tunisia,tunisia,False
nabloes,nabloes,False
mönchengladbach,mönchengladbach,False
naaldwijk,naaldwijk,False
mürren,mürren,False
münsterplatz,münsterplatz,False
münchen-gladbach,münchen-gladbach,False
müllerthal,müllerthal,False
mühlau,mühlau,False
møre og romsdal,møre og romsdal,False
mörlenbach,mörlenbach,False
mézières,mézières,False
mycene,mycene,False
médéa,médéa,False
médan,médan,False
mælum,mælum,False
männedorf,männedorf,False
mägdesprung,mägdesprung,False
mâcon,mâcon,False
málaga,málaga,False
mysia,mysia,False
munnekezijl,munnekezijl,False
munich,munich,False
multan,multan,False
morston,morston,False
ulm,ulm,False
mosteiro dos jerónimos,mosteiro dos jerónimos,False
mostar,mostar,False
moskee van sultan al-ashraf qaitbey,moskee van sultan al-ashraf qaitbey,False
moselle,moselle,False
moscow,moscow,False
mortlake,mortlake,False
morteratschgletsjer,morteratschgletsjer,False
morris plains,morris plains,False
mulagumoodu,mulagumoodu,False
united kingdom,united kingdom,False
morningside heights,morningside heights,False
morley,morley,False
morlaix,morlaix,False
morienval,morienval,False
morges,morges,False
moretonhampstead,moretonhampstead,False
moret-sur-loing,moret-sur-loing,False
ukraine,ukraine,False
mount abu,mount abu,False
mount clemens,mount clemens,False
mount desert island,mount desert island,False
muir glacier,muir glacier,False
muiderslot,muiderslot,False
muiderberg,muiderberg,False
mudjur,mudjur,False
mtskheta,mtskheta,False
turnhout,turnhout,False
mozambique,mozambique,False
moutier,moutier,False
mouthier-haute-pierre,mouthier-haute-pierre,False
moustiers-sainte-marie,moustiers-sainte-marie,False
tübingen,tübingen,False
mouse island,mouse island,False
mourmelon-le-grand,mourmelon-le-grand,False
mount vesuvius,mount vesuvius,False
mount sinai,mount sinai,False
mount precipice,mount precipice,False
mount feake,mount feake,False
naarden,naarden,False
nablus,nablus,False
taormina,taormina,False
neuhausem,neuhausem,False
nevers,nevers,False
nevada,nevada,False
neuwied,neuwied,False
neuville-sous-huy,neuville-sous-huy,False
neustrelitz,neustrelitz,False
neuss,neuss,False
neukirchen,neukirchen,False
neuilly-sur-seine,neuilly-sur-seine,False
neues palais,neues palais,False
new bedford,new bedford,False
neuenheim,neuenheim,False
théâtre des folies-marigny,théâtre des folies-marigny,False
neuburg an der donau,neuburg an der donau,False
nettuno,nettuno,False
netley abbey,netley abbey,False
netley,netley,False
netherlands or france,netherlands or france,False
netherlands or belgium,netherlands or belgium,False
nevis,nevis,False
new brunswick,new brunswick,False
nafplion,nafplion,False
thailand,thailand,False
newcastle upon tyne,newcastle upon tyne,False
newby bridge,newby bridge,False
newburyport,newburyport,False
terni,terni,False
newburgh,newburgh,False
newark-on-trent,newark-on-trent,False
newark,newark,False
texel,texel,False
the hague,the hague,False
new caledonia,new caledonia,False
new orleans,new orleans,False
new london,new london,False
new lebanon,new lebanon,False
new jersey,new jersey,False
new hythe,new hythe,False
new guinea,new guinea,False
new forest,new forest,False
new college,new college,False
nether alderley,nether alderley,False
tibet,tibet,False
nesso,nesso,False
tunis,tunis,False
nassereith,nassereith,False
nashville,nashville,False
nashua,nashua,False
narsinghpur,narsinghpur,False
narbonne,narbonne,False
nara,nara,False
naqsh-e rustam,naqsh-e rustam,False
napoléonville,napoléonville,False
nantucket island,nantucket island,False
tiel,tiel,False
nantucket,nantucket,False
nanking,nanking,False
namur,namur,False
nakhon si thammarat,nakhon si thammarat,False
nainital,nainital,False
nagoya,nagoya,False
nagarjunakonda,nagarjunakonda,False
nagapattinam,nagapattinam,False
natal,natal,False
nathdwara,nathdwara,False
trier,trier,False
tours,tours,False
nervi,nervi,False
nepi,nepi,False
nennig,nennig,False
negapatnam,negapatnam,False
neer,neer,False
tirol,tirol,False
tivoli,tivoli,False
tokyo,tokyo,False
toledo,toledo,False
nederhorst den berg,nederhorst den berg,False
neder-over-heembeek,neder-over-heembeek,False
nazareth,nazareth,False
toulouse,toulouse,False
navajo,navajo,False
nauplion,nauplion,False
naumburg,naumburg,False
national gallery,national gallery,False
notre-dame-du-vaudreuil,notre-dame-du-vaudreuil,False
noupoort,noupoort,False
piraeus,piraeus,False
papeete,papeete,False
parc monceau,parc monceau,False
parc des buttes-chaumont,parc des buttes-chaumont,False
parc de saint-cloud,parc de saint-cloud,False
parays,parays,False
paray-le-monial,paray-le-monial,False
paraguay,paraguay,False
paradise island,paradise island,False
papendrecht,papendrecht,False
pantin,pantin,False
parque del buen retiro,parque del buen retiro,False
poland,poland,False
pantheon,pantheon,False
pangkalpinang,pangkalpinang,False
pangka,pangka,False
pangalengan,pangalengan,False
pamplona,pamplona,False
pameungpeuk,pameungpeuk,False
pamban,pamban,False
parco delle cascine,parco delle cascine,False
parthenon,parthenon,False
payerne,payerne,False
patras,patras,False
payakumbuh,payakumbuh,False
pavillon de flore,pavillon de flore,False
pavia,pavia,False
paushuize,paushuize,False
paulinzella,paulinzella,False
pauillac,pauillac,False
pau,pau,False
patterdale,patterdale,False
patmos,patmos,False
pittsburgh,pittsburgh,False
paterson,paterson,False
pasuruan,pasuruan,False
pasterze,pasterze,False
passy,passy,False
passau,passau,False
paseo de recoletos,paseo de recoletos,False
pas-de-calais,pas-de-calais,False
pará,pará,False
palácio hotel do buçaco,palácio hotel do buçaco,False
pompeii,pompeii,False
palo alto,palo alto,False
pakistan,pakistan,False
palazzo borghese,palazzo borghese,False
palais-royal,palais-royal,False
palais du trocadéro,palais du trocadéro,False
palais du luxembourg,palais du luxembourg,False
palais bourbon,palais bourbon,False
palaiokastritsa,palaiokastritsa,False
palacio de san telmo,palacio de san telmo,False
palacio de galiana,palacio de galiana,False
paisley,paisley,False
port said,port said,False
pailhe,pailhe,False
pahari,pahari,False
paderborn,paderborn,False
paddington,paddington,False
padang pandjang,padang pandjang,False
pacy-sur-eure,pacy-sur-eure,False
pacoima canyon,pacoima canyon,False
pacific islands,pacific islands,False
palazzo carignano,palazzo carignano,False
palazzo colonna,palazzo colonna,False
palazzo del bargello,palazzo del bargello,False
palazzo della cancelleria,palazzo della cancelleria,False
portugal,portugal,False
palmengarten frankfurt,palmengarten frankfurt,False
pallanza,pallanza,False
palitana,palitana,False
palingstraat,palingstraat,False
paliacatta,paliacatta,False
palestrina,palestrina,False
palembang,palembang,False
paleis voor volksvlijt,paleis voor volksvlijt,False
paleis van caserta,paleis van caserta,False
paleis huis ten bosch,paleis huis ten bosch,False
palazzo vecchio,palazzo vecchio,False
palazzo pitti,palazzo pitti,False
palazzo piombino,palazzo piombino,False
palazzo negrone,palazzo negrone,False
palazzo farnese,palazzo farnese,False
palazzo doria,palazzo doria,False
payerbach,payerbach,False
pisa,pisa,False
pacheco,pacheco,False
piacenza,piacenza,False
piazza del quirinale,piazza del quirinale,False
piazza del popolo,piazza del popolo,False
piazza del plebiscito,piazza del plebiscito,False
piazza del campidoglio,piazza del campidoglio,False
piazza dante,piazza dante,False
piazza colonna,piazza colonna,False
piazza cavour,piazza cavour,False
piazza barberini,piazza barberini,False
phelps island,phelps island,False
piazza della bocca della verità,piazza della bocca della verità,False
phelps,phelps,False
phari,phari,False
pforzheim,pforzheim,False
pevensey,pevensey,False
petén department,petén department,False
petten,petten,False
petra,petra,False
petit trianon,petit trianon,False
piazza dell' erbe,piazza dell' erbe,False
piazza della borsa,piazza della borsa,False
peebles,peebles,False
pieterburen,pieterburen,False
pinxton,pinxton,False
pinecrest,pinecrest,False
pincio,pincio,False
pilatus,pilatus,False
pietrasanta,pietrasanta,False
pieterstraat,pieterstraat,False
pennsylvania,pennsylvania,False
pietermaritzburg,pietermaritzburg,False
pierrefonds,pierrefonds,False
piazza della libertà,piazza della libertà,False
peru,peru,False
piazza santa croce,piazza santa croce,False
piazza navona,piazza navona,False
piazza di spagna,piazza di spagna,False
piazza di san giovanni in laterano,piazza di san giovanni in laterano,False
piazza della signoria,piazza della signoria,False
piazza della santissima annunziata,piazza della santissima annunziata,False
piazza della rotonda,piazza della rotonda,False
peterhof,peterhof,False
peterborough,peterborough,False
pesto,pesto,False
pembroke,pembroke,False
penymynydd,penymynydd,False
penshurst place,penshurst place,False
penshurst,penshurst,False
penryn,penryn,False
penn,penn,False
penmarch,penmarch,False
penmaenpool,penmaenpool,False
penang,penang,False
philippines,philippines,False
pest,pest,False
pelm,pelm,False
pellestrina,pellestrina,False
pella,pella,False
pelatoengan,pelatoengan,False
pekalongan,pekalongan,False
peize,peize,False
pegli,pegli,False
peekskill,peekskill,False
peradeniya,peradeniya,False
pergamon,pergamon,False
philae,philae,False
perim,perim,False
pessac,pessac,False
pescocostanzo,pescocostanzo,False
pesaro,pesaro,False
peruvian central coast,peruvian central coast,False
perugia,perugia,False
peruvian north coast,peruvian north coast,False
peruvian south coast,peruvian south coast,False
peru or ecuador,peru or ecuador,False
peru or bolivia,peru or bolivia,False
philadelphia,philadelphia,False
perthshire,perthshire,False
perth and kinross,perth and kinross,False
persingen,persingen,False
perrecy-les-forges,perrecy-les-forges,False
pernis,pernis,False
pernantin,pernantin,False
pernambuco,pernambuco,False
pacific grove,pacific grove,False
ovezande,ovezande,False
nove,nove,False
oisterwijk,oisterwijk,False
oldebroek,oldebroek,False
old windsor lock,old windsor lock,False
old orchard beach,old orchard beach,False
old delhi,old delhi,False
old cairo,old cairo,False
oklahoma,oklahoma,False
okkenbroek,okkenbroek,False
okayama,okayama,False
oise,oise,False
oldenburg,oldenburg,False
oirschot,oirschot,False
oiron,oiron,False
oijen,oijen,False
ohé en laak,ohé en laak,False
offenburg,offenburg,False
offenbach am main,offenbach am main,False
roman empire,roman empire,False
odoorn,odoorn,False
oldemarkt,oldemarkt,False
olevano romano,olevano romano,False
oorbeek,oorbeek,False
ommen,ommen,False
rekem,rekem,False
rijswijk,rijswijk,False
onze-lieve-vrouwe-basiliek,onze-lieve-vrouwe-basiliek,False
rio de janeiro,rio de janeiro,False
onstwedde,onstwedde,False
oneida county,oneida county,False
omuta,omuta,False
ommerschans,ommerschans,False
omaha,omaha,False
olijfberg,olijfberg,False
olympisch stadion,olympisch stadion,False
olympia,olympia,False
olten,olten,False
oloron-sainte-marie,oloron-sainte-marie,False
olomouc,olomouc,False
olney,olney,False
roermond,roermond,False
olliergues,olliergues,False
odisha,odisha,False
odiham,odiham,False
odessa,odessa,False
nunspeet,nunspeet,False
nærøyfjord,nærøyfjord,False
nærøytdalen,nærøytdalen,False
náxos,náxos,False
nyon,nyon,False
nymphenburg,nymphenburg,False
rouen,rouen,False
nusretiye moskee,nusretiye moskee,False
nurpur,nurpur,False
nunney,nunney,False
odda,odda,False
nuneham courtenay,nuneham courtenay,False
numazu,numazu,False
rozendaal,rozendaal,False
nuenen,nuenen,False
russia,russia,False
nubia,nubia,False
noyon,noyon,False
nový jicín,nový jicín,False
nördlingen,nördlingen,False
oakland,oakland,False
oaxaca,oaxaca,False
rotterdam,rotterdam,False
ocucaje,ocucaje,False
ochten,ochten,False
rome,rome,False
ocaklı,ocaklı,False
obwalden,obwalden,False
oberwesel,oberwesel,False
oberstdorf,oberstdorf,False
obersolis,obersolis,False
oberlungwitz,oberlungwitz,False
oberhof,oberhof,False
oberhausen,oberhausen,False
obergurgl,obergurgl,False
oberfranken,oberfranken,False
obere grindelwaldgletsjer,obere grindelwaldgletsjer,False
obelisk van theodosius,obelisk van theodosius,False
obdam,obdam,False
oban,oban,False
reims,reims,False
regensburg,regensburg,False
overveen,overveen,False
otten belchamp,otten belchamp,False
oud-vroenhoven,oud-vroenhoven,False
oud-vossemeer,oud-vossemeer,False
oud-valkenburg,oud-valkenburg,False
oud-loosdrecht,oud-loosdrecht,False
oud-beijerland,oud-beijerland,False
oud gastel,oud gastel,False
otterlo,otterlo,False
otterbourne,otterbourne,False
ottawa,ottawa,False
oude amstel,oude amstel,False
otsu,otsu,False
ostseebad ahrenshoop,ostseebad ahrenshoop,False
ostia antica,ostia antica,False
ossining,ossining,False
ossendrecht,ossendrecht,False
oss,oss,False
ospedale degli innocenti,ospedale degli innocenti,False
osnabrück,osnabrück,False
ouddorp,ouddorp,False
oude gracht,oude gracht,False
ravensburg,ravensburg,False
ouderkerk aan den ijssel,ouderkerk aan den ijssel,False
overtoom,overtoom,False
overschie,overschie,False
overijssel,overijssel,False
overasselt,overasselt,False
oudshoorn,oudshoorn,False
oudon,oudon,False
oudezijds voorburgwal,oudezijds voorburgwal,False
oudeschoot,oudeschoot,False
ouderkerk aan de amstel,ouderkerk aan de amstel,False
oude kerk,oude kerk,False
oudenhoorn,oudenhoorn,False
potsdam,potsdam,False
oudegracht,oudegracht,False
oude-tonge,oude-tonge,False
oude wetering,oude wetering,False
oude vest,oude vest,False
oude sint-nicolaaskerk,oude sint-nicolaaskerk,False
prague,prague,False
oslebshausen,oslebshausen,False
oscarshall,oscarshall,False
orvieto,orvieto,False
oosterhout,oosterhout,False
oostwold,oostwold,False
oostvoorne,oostvoorne,False
oostkapelle,oostkapelle,False
oosthuizen,oosthuizen,False
oosterwijk,oosterwijk,False
oosterwierum,oosterwierum,False
oosterweel,oosterweel,False
oosters,oosters,False
oosterdok,oosterdok,False
orsanmichele,orsanmichele,False
oosterblokker,oosterblokker,False
provence-alpes-côte d'azur,provence-alpes-côte d'azur,False
providence,providence,False
oost-souburg,oost-souburg,False
purmerend,purmerend,False
raeren,raeren,False
rajasthan,rajasthan,False
ravenna,ravenna,False
oostzaan,oostzaan,False
ootmarsum,ootmarsum,False
ooy,ooy,False
opatija,opatija,False
orr's island,orr's island,False
ormskirk,ormskirk,False
orihuela,orihuela,False
origlio,origlio,False
oria,oria,False
orford,orford,False
oregon,oregon,False
oranjewoud,oranjewoud,False
pretoria,pretoria,False
orange,orange,False
oran,oran,False
oradea,oradea,False
oppenhuizen,oppenhuizen,False
oppenheim,oppenheim,False
oppenau,oppenau,False
oppdal,oppdal,False
openbare werk- en leerschool,openbare werk- en leerschool,False
pergamino,pergamino,False
india,india,False
sainte-croix,sainte-croix,False
uruguay,uruguay,False
venezuela,venezuela,False
veneto,veneto,False
vendôme,vendôme,False
venado beach,venado beach,False
velzen,velzen,False
veluwe,veluwe,False
velp,velp,False
veio,veio,False
bordeaux,bordeaux,False
veerle,veerle,False
veerhaven,veerhaven,False
veenwouden,veenwouden,False
veenklooster,veenklooster,False
borne,borne,False
veenendaal,veenendaal,False
veendam,veendam,False
veen,veen,False
vecht,vecht,False
borneo,borneo,False
venlo,venlo,False
venray,venray,False
vent im ötztal,vent im ötztal,False
verviers,verviers,False
via appia nuova,via appia nuova,False
via appia antica,via appia antica,False
veytaux,veytaux,False
vevey,vevey,False
veurne,veurne,False
veulettes-sur-mer,veulettes-sur-mer,False
bonn,bonn,False
vetrivier,vetrivier,False
vernon,vernon,False
ventimiglia,ventimiglia,False
vermont,vermont,False
verdun-sur-meuse,verdun-sur-meuse,False
verden,verden,False
veraguas,veraguas,False
veracruz state,veracruz state,False
veracruz llave,veracruz llave,False
veracruz,veracruz,False
ventnor,ventnor,False
vatteville-la-rue,vatteville-la-rue,False
vaticaan stanza d'eliodoro,vaticaan stanza d'eliodoro,False
vaste burchtkerk,vaste burchtkerk,False
bremen,bremen,False
valbert,valbert,False
breda,breda,False
val roseg,val roseg,False
val fex,val fex,False
vaillantsplein,vaillantsplein,False
vadstena,vadstena,False
vaals,vaals,False
uzerche,uzerche,False
uxmal,uxmal,False
valencia,valencia,False
breslau,breslau,False
uttarakhand,uttarakhand,False
brighton,brighton,False
bristol,bristol,False
utah,utah,False
ushak,ushak,False
usak,usak,False
bruges,bruges,False
valence,valence,False
braunschweig,braunschweig,False
varsseveld,varsseveld,False
van harenskerk,van harenskerk,False
varenna,varenna,False
vardø,vardø,False
varaville,varaville,False
varamin,varamin,False
varages,varages,False
vanves,vanves,False
vannes,vannes,False
boston,boston,False
valvins,valvins,False
bratislava,bratislava,False
valmondois,valmondois,False
valley of mexico,valley of mexico,False
valley forge,valley forge,False
valletta,valletta,False
bow,bow,False
valkkoog,valkkoog,False
valkenswaard,valkenswaard,False
brabant,brabant,False
via dei sepolcri,via dei sepolcri,False
via dell'abbondanza,via dell'abbondanza,False
via di mercurio,via di mercurio,False
vlierden,vlierden,False
biskra,biskra,False
voorhout,voorhout,False
vondelpark,vondelpark,False
volvic,volvic,False
vollenhove,vollenhove,False
blaricum,blaricum,False
bloemendaal,bloemendaal,False
vlijmen,vlijmen,False
vlierbeek,vlierbeek,False
vorden,vorden,False
vlieland,vlieland,False
blois,blois,False
vleuten,vleuten,False
vlagtwedde,vlagtwedde,False
vladivostok,vladivostok,False
vladikavkaz,vladikavkaz,False
vitznau,vitznau,False
vittorio veneto,vittorio veneto,False
voorthuizen,voorthuizen,False
vosges,vosges,False
vitry-le-françois,vitry-le-françois,False
birmingham,birmingham,False
wadi feiran,wadi feiran,False
wadhurst,wadhurst,False
wadenoijen,wadenoijen,False
waddinxveen,waddinxveen,False
bilthoven,bilthoven,False
waalwijk,waalwijk,False
waalsdorp,waalsdorp,False
waalre,waalre,False
vøringsfossen,vøringsfossen,False
voss,voss,False
vézelay,vézelay,False
vélez-málaga,vélez-málaga,False
västervik,västervik,False
vyborg,vyborg,False
vulci,vulci,False
vught,vught,False
vriezenveen,vriezenveen,False
vries,vries,False
vittel,vittel,False
vitoria-gasteiz,vitoria-gasteiz,False
via mala,via mala,False
vienne,vienne,False
bolivia,bolivia,False
villa borghese,villa borghese,False
vigo,vigo,False
vietri sul mare,vietri sul mare,False
vierwoudstrekenmeer,vierwoudstrekenmeer,False
vierville,vierville,False
vierset-barse,vierset-barse,False
viersel,viersel,False
vienna state,vienna state,False
villa farnesina,villa farnesina,False
bologna,bologna,False
bolswaard,bolswaard,False
vicomeer,vicomeer,False
vichy,vichy,False
vic-sur-cère,vic-sur-cère,False
viareggio,viareggio,False
vianen,vianen,False
vianden,vianden,False
bois de boulogne,bois de boulogne,False
villa madama,villa madama,False
viterbo,viterbo,False
villeneuve-sur-yonne,villeneuve-sur-yonne,False
visstraat,visstraat,False
virginia,virginia,False
vire,vire,False
vineuil-saint-firmin,vineuil-saint-firmin,False
vinalmont,vinalmont,False
vilvoorde,vilvoorde,False
villé,villé,False
villers-la-ville,villers-la-ville,False
villeneuve-lès-avignon,villeneuve-lès-avignon,False
villa medici,villa medici,False
villeneuve,villeneuve,False
villefranche-sur-mer,villefranche-sur-mer,False
villars-sur-ollon,villars-sur-ollon,False
villandraut,villandraut,False
villalcázar de sirga,villalcázar de sirga,False
villa rufolo,villa rufolo,False
villa pallavicino delle peschiere,villa pallavicino delle peschiere,False
bohemia,bohemia,False
urville,urville,False
urnersee,urnersee,False
walburgiskerk,walburgiskerk,False
urk,urk,False
tower of london,tower of london,False
tower of david,tower of david,False
tower bridge,tower bridge,False
toward,toward,False
touët-de-beuil,touët-de-beuil,False
chartres,chartres,False
tourrettes-lès-vence,tourrettes-lès-vence,False
tournus,tournus,False
tournai,tournai,False
touraine,touraine,False
tour saint-jacques,tour saint-jacques,False
tour de l'horloge,tour de l'horloge,False
toulon,toulon,False
toul,toul,False
totnes,totnes,False
toscolano-maderno,toscolano-maderno,False
torroella de montgrí,torroella de montgrí,False
torre del greco,torre del greco,False
torquay,torquay,False
trafalgar square,trafalgar square,False
transvaal,transvaal,False
traunkirchen,traunkirchen,False
treseburg,treseburg,False
tromsø,tromsø,False
trollhättan,trollhättan,False
tripoli,tripoli,False
trinidad,trinidad,False
celebes,celebes,False
certosa di pavia,certosa di pavia,False
triberg,triberg,False
treviso,treviso,False
trenton,trenton,False
traunsee,traunsee,False
chamonix,chamonix,False
charlottenburg,charlottenburg,False
tremosine,tremosine,False
tremezzo,tremezzo,False
treib,treib,False
trefriw,trefriw,False
trechtingshausen,trechtingshausen,False
travemünde,travemünde,False
torget,torget,False
torgau,torgau,False
torcello,torcello,False
tilff,tilff,False
tiverton,tiverton,False
titlis,titlis,False
tiruchirappalli,tiruchirappalli,False
tirana,tirana,False
tintern,tintern,False
tintagel,tintagel,False
timor,timor,False
timgad,timgad,False
tiled kiosk,tiled kiosk,False
tjimahi,tjimahi,False
tilburg,tilburg,False
chennai,chennai,False
tienen,tienen,False
tielt,tielt,False
tieling,tieling,False
tiefencastel,tiefencastel,False
tidore,tidore,False
chicago,chicago,False
tjibeber,tjibeber,False
tjipanas,tjipanas,False
torbole,torbole,False
tondano,tondano,False
torbay,torbay,False
toraja,toraja,False
tonquédec,tonquédec,False
tonnerre,tonnerre,False
tonkin,tonkin,False
tongelre,tongelre,False
tonga,tonga,False
tonderen,tonderen,False
tonbridge,tonbridge,False
tlapacoyan,tlapacoyan,False
tom tower,tom tower,False
chelsea,chelsea,False
tokaido,tokaido,False
toblach,toblach,False
tobermory,tobermory,False
tlogosari,tlogosari,False
tlemcen,tlemcen,False
tlatilco,tlatilco,False
trondheim,trondheim,False
caucasus,caucasus,False
trossachs,trossachs,False
ugbrooke park,ugbrooke park,False
umbria,umbria,False
ulvik,ulvik,False
ukleisee,ukleisee,False
ukkel,ukkel,False
uji,uji,False
uitkerke,uitkerke,False
uithuizen,uithuizen,False
uithoorn,uithoorn,False
cambodia,cambodia,False
byzantine empire,byzantine empire,False
cambridge,cambridge,False
uganda,uganda,False
uffenheim,uffenheim,False
uenopark,uenopark,False
ueno,ueno,False
udine,udine,False
uden,uden,False
uddel,uddel,False
caen,caen,False
bussum,bussum,False
uccle,uccle,False
unter den linden,unter den linden,False
uri,uri,False
urbania,urbania,False
upwell,upwell,False
uppsala,uppsala,False
uppingham,uppingham,False
unzen,unzen,False
unterseen,unterseen,False
unterer grindelwaldgletsjer,unterer grindelwaldgletsjer,False
brussels,brussels,False
united states naval academy,united states naval academy,False
buckingham,buckingham,False
buenos aires,buenos aires,False
buiksloot,buiksloot,False
buissche heide,buissche heide,False
buitenzorg,buitenzorg,False
burano,burano,False
burgos,burgos,False
burslem,burslem,False
udaipur,udaipur,False
ubbergen,ubbergen,False
trouville,trouville,False
tucson,tucson,False
capri,capri,False
turkestan,turkestan,False
turin,turin,False
turckheim,turckheim,False
tunbridge wells,tunbridge wells,False
tulsa,tulsa,False
tuin der goden,tuin der goden,False
tuileries palace,tuileries palace,False
tubbergen,tubbergen,False
capitolijnse musea,capitolijnse musea,False
tschingelfirn,tschingelfirn,False
tréguier,tréguier,False
trégastel,trégastel,False
trusetal,trusetal,False
truro,truro,False
trujillo,trujillo,False
troyes,troyes,False
trouville-sur-mer,trouville-sur-mer,False
turkey or central asia,turkey or central asia,False
turkey or iran,turkey or iran,False
ubach over worms,ubach over worms,False
tynemouth,tynemouth,False
tószeg,tószeg,False
têhua,têhua,False
tétouan,tétouan,False
tébessa,tébessa,False
tzum,tzum,False
tyrus,tyrus,False
tyrol,tyrol,False
tyre,tyre,False
twisk,twisk,False
cannes,cannes,False
twickenham,twickenham,False
twello,twello,False
tusculum,tusculum,False
tuscany,tuscany,False
tuscania,tuscania,False
turku,turku,False
turkmenistan,turkmenistan,False
canada,canada,False
wahlwiller,wahlwiller,False
walcheren,walcheren,False
sainte-maure,sainte-maure,False
williams canyon,williams canyon,False
xanten,xanten,False
württemberg,württemberg,False
wépion,wépion,False
baltimore,baltimore,False
wyoming,wyoming,False
wyler,wyler,False
wyck,wyck,False
wuppertal,wuppertal,False
wrotham,wrotham,False
wrexham,wrexham,False
wrangell,wrangell,False
wouw,wouw,False
woudrichem,woudrichem,False
woudenberg,woudenberg,False
woubrugge,woubrugge,False
wortley,wortley,False
worms,worms,False
wormerveer,wormerveer,False
wormer,wormer,False
xavier,xavier,False
xiamen,xiamen,False
yagcibedir,yagcibedir,False
york harbor,york harbor,False
yverdon,yverdon,False
baden-baden,baden-baden,False
bali,bali,False
yugoslavia,yugoslavia,False
yucatan peninsula,yucatan peninsula,False
yport,yport,False
youngstown,youngstown,False
yosemite national park,yosemite national park,False
york,york,False
yale university,yale university,False
yerushalayim district,yerushalayim district,False
yerseke,yerseke,False
yeovil,yeovil,False
yeni valide moskee,yeni valide moskee,False
yellowstone national park,yellowstone national park,False
yellowstone,yellowstone,False
yantai,yantai,False
yangzhou,yangzhou,False
world's columbian exposition,world's columbian exposition,False
workum,workum,False
worksop,worksop,False
windermere,windermere,False
winthrop,winthrop,False
winterthur,winterthur,False
winterswijk,winterswijk,False
winterberg,winterberg,False
winsum,winsum,False
winnipeg,winnipeg,False
windsor castle,windsor castle,False
windesheim,windesheim,False
winchester cathedral,winchester cathedral,False
bandung,bandung,False
winchester,winchester,False
winchelsea,winchelsea,False
wimereux,wimereux,False
wimbledon,wimbledon,False
wiltshire,wiltshire,False
wilp,wilp,False
wilmington,wilmington,False
willimantic,willimantic,False
wissen,wissen,False
wittem,wittem,False
worfield,worfield,False
woodbridge,woodbridge,False
bamberg,bamberg,False
woolwich,woolwich,False
woodstock,woodstock,False
woodland park,woodland park,False
woodhall spa,woodhall spa,False
woodford,woodford,False
woodcote manor,woodcote manor,False
woodbury,woodbury,False
wommersom,wommersom,False
woensdrecht,woensdrecht,False
wolwevershaven,wolwevershaven,False
wolverhampton,wolverhampton,False
wolvega,wolvega,False
woluwe-saint-lambert,woluwe-saint-lambert,False
wolfheze,wolfheze,False
wokingham,wokingham,False
woerth,woerth,False
woerden,woerden,False
yürük,yürük,False
zaan,zaan,False
zaandijk,zaandijk,False
zuiderzee,zuiderzee,False
zwammerdam,zwammerdam,False
zuylen,zuylen,False
angola,angola,False
ansbach,ansbach,False
antwerp,antwerp,False
anuradhapura,anuradhapura,False
zuidlaren,zuidlaren,False
zuidland,zuidland,False
apeldoorn,apeldoorn,False
zwartewaal,zwartewaal,False
zuidbroek,zuidbroek,False
arcachon,arcachon,False
arita,arita,False
arizona,arizona,False
arles,arles,False
arnhem,arnhem,False
assen,assen,False
assendelft,assendelft,False
zwanenburgwal,zwanenburgwal,False
zweeloo,zweeloo,False
augsburg,augsburg,False
alhambra,alhambra,False
aberdeen,aberdeen,False
aerdenhout,aerdenhout,False
afghanistan,afghanistan,False
agra,agra,False
ajaccio,ajaccio,False
alençon,alençon,False
algeria,algeria,False
algiers,algiers,False
alkmaar,alkmaar,False
zweth,zweth,False
alsace,alsace,False
amalfi,amalfi,False
amaravati,amaravati,False
ambon,ambon,False
amersfoort,amersfoort,False
amsterdam,amsterdam,False
zöbing,zöbing,False
zwijndrecht,zwijndrecht,False
athens,athens,False
zuid-beveland,zuid-beveland,False
zaanse schans,zaanse schans,False
bad ems,bad ems,False
zell am see,zell am see,False
zeitz,zeitz,False
avignon,avignon,False
baalbek,baalbek,False
baarn,baarn,False
zeelst,zeelst,False
baccarat,baccarat,False
zedelgem,zedelgem,False
zaragoza,zaragoza,False
zemenon,zemenon,False
zara,zara,False
zanzibar,zanzibar,False
zandhoek,zandhoek,False
zagreb,zagreb,False
zagorsk,zagorsk,False
zadar,zadar,False
zacatecas,zacatecas,False
zaanstad,zaanstad,False
zellerfeld,zellerfeld,False
zerbst,zerbst,False
austria,austria,False
zillertal,zillertal,False
zug,zug,False
zoniënwoud,zoniënwoud,False
zoeterwoude,zoeterwoude,False
zoetermeer,zoetermeer,False
zoeloeland,zoeloeland,False
zoar,zoar,False
zion,zion,False
zimbabwe,zimbabwe,False
zijlstraat,zijlstraat,False
zermatt,zermatt,False
zietenplatz,zietenplatz,False
zielona góra,zielona góra,False
zieken,zieken,False
zhenjiang,zhenjiang,False
zevenhuizen,zevenhuizen,False
zevengebergte,zevengebergte,False
auvergne,auvergne,False
zetten,zetten,False
williamstown,williamstown,False
bangka,bangka,False
walcourt,walcourt,False
banjarmasin,banjarmasin,False
weiden in der oberpfalz,weiden in der oberpfalz,False
weggis,weggis,False
weesperpoortstation,weesperpoortstation,False
weert,weert,False
wednesbury,wednesbury,False
wealdstone,wealdstone,False
wawona,wawona,False
waveney,waveney,False
waulsort,waulsort,False
watkins glen,watkins glen,False
watford,watford,False
watervliet,watervliet,False
bennington,bennington,False
bergen,bergen,False
waterlooplein,waterlooplein,False
waterloo,waterloo,False
waterland,waterland,False
waterkant,waterkant,False
watergraafsmeer,watergraafsmeer,False
weidum,weidum,False
weiherburg,weiherburg,False
weiler,weiler,False
wemding,wemding,False
west bengal,west bengal,False
wesel,wesel,False
wernigerode,wernigerode,False
werkhoven,werkhoven,False
werkendam,werkendam,False
werderscher markt,werderscher markt,False
wengernalp,wengernalp,False
wemeldinge,wemeldinge,False
welsum,welsum,False
weis,weis,False
wells,wells,False
wellmich,wellmich,False
wellington,wellington,False
well,well,False
weissenkirchen in der wachau,weissenkirchen in der wachau,False
weissenfels,weissenfels,False
bennekom,bennekom,False
weissenbach am attersee,weissenbach am attersee,False
waterford,waterford,False
wassen,wassen,False
waspik,waspik,False
waltham,waltham,False
wannsee,wannsee,False
wanfried,wanfried,False
wanasari,wanasari,False
wanaparthy,wanaparthy,False
wamel,wamel,False
walworth,walworth,False
walton-on-thames,walton-on-thames,False
bern,bern,False
walsoken,walsoken,False
wapenveld,wapenveld,False
walporzheim,walporzheim,False
walpole,walpole,False
wallerfangen,wallerfangen,False
wallendorf,wallendorf,False
walkenried,walkenried,False
walem,walem,False
waldenburg,waldenburg,False
wald-michelbach,wald-michelbach,False
wanroij,wanroij,False
warburg,warburg,False
bergen op zoom,bergen op zoom,False
bergerac,bergerac,False
washington street,washington street,False
washington,washington,False
wasen,wasen,False
waschkolk,waschkolk,False
wasbank,wasbank,False
warwickshire,warwickshire,False
warwick,warwick,False
wartburg,wartburg,False
warnsveld,warnsveld,False
wareham,wareham,False
warns,warns,False
warnemünde,warnemünde,False
warmoesgracht,warmoesgracht,False
warmbrunn,warmbrunn,False
warkworth,warkworth,False
wargrave,wargrave,False
warffum,warffum,False
berlin,berlin,False
west boxford,west boxford,False
west indies,west indies,False
west lothian,west lothian,False
barneveld,barneveld,False
wieliczka,wieliczka,False
wicklow mountains,wicklow mountains,False
whittlesey,whittlesey,False
whitehall,whitehall,False
white mountains,white mountains,False
white mountain,white mountain,False
white house,white house,False
whitby abbey,whitby abbey,False
whitby,whitby,False
wieringermeer,wieringermeer,False
whippingham,whippingham,False
wheeling,wheeling,False
whatley,whatley,False
wharncliffe crags,wharncliffe crags,False
wharfedale,wharfedale,False
wezel,wezel,False
weybridge,weybridge,False
wetzlar,wetzlar,False
wieringen,wieringen,False
wierschem,wierschem,False
wetter,wetter,False
wiju,wiju,False
willemstad,willemstad,False
barcelona,barcelona,False
wilhermsdorf,wilhermsdorf,False
wilhelmshaven,wilhelmshaven,False
wilhelmplatz,wilhelmplatz,False
wildervank,wildervank,False
wildenstein,wildenstein,False
wil,wil,False
wijnstraat,wijnstraat,False
wierum,wierum,False
wijnhaven,wijnhaven,False
wijk en aalburg,wijk en aalburg,False
wijk aan zee,wijk aan zee,False
wijhe,wijhe,False
wijdenes,wijdenes,False
wijckel,wijckel,False
wijchen,wijchen,False
wieuwerd,wieuwerd,False
wetteren,wetteren,False
westzaan,westzaan,False
west malling,west malling,False
beauvais,beauvais,False
westerkerk,westerkerk,False
westergeest,westergeest,False
westerbork,westerbork,False
westerblokker,westerblokker,False
batavia,batavia,False
westdorpe,westdorpe,False
batenburg,batenburg,False
bayeux,bayeux,False
belawan,belawan,False
westermarkt,westermarkt,False
belgium,belgium,False
west willington,west willington,False
west walton,west walton,False
west point,west point,False
west norwood,west norwood,False
west mexico,west mexico,False
west mersea,west mersea,False
west meon,west meon,False
westerlo,westerlo,False
western france,western france,False
westphalia,westphalia,False
westervoort,westervoort,False
weston-super-mare,weston-super-mare,False
bassano del grappa,bassano del grappa,False
westmorland,westmorland,False
westminster abbey,westminster abbey,False
westminster,westminster,False
westmaas,westmaas,False
westkapelle,westkapelle,False
westerwijtwerd,westerwijtwerd,False
western turkmenistan,western turkmenistan,False
western germany,western germany,False
western turkey,western turkey,False
western tibet,western tibet,False
western south sudan,western south sudan,False
western mexico,western mexico,False
western islamic lands,western islamic lands,False
"western iran, northern iraq, or northern syria","western iran, northern iraq, or northern syria",False
western iran,western iran,False
western india,western india,False
chile,chile,False
china,china,False
châteaudun,châteaudun,False
seewalchen am attersee,seewalchen am attersee,False
sicily,sicily,False
halle,halle,False
halle an der saale,halle an der saale,False
hannover,hannover,False
sibasa,sibasa,False
siam,siam,False
shropshire,shropshire,False
shrewsbury,shrewsbury,False
shotton,shotton,False
shorwell,shorwell,False
shoreditch,shoreditch,False
shorapur,shorapur,False
shooters hill,shooters hill,False
shohola,shohola,False
shirvan,shirvan,False
shiraz,shiraz,False
shimonoseki,shimonoseki,False
shimla,shimla,False
shillingford,shillingford,False
halberstadt,halberstadt,False
sidmouth,sidmouth,False
sidoarjo,sidoarjo,False
sikkim,sikkim,False
sindanglaja,sindanglaja,False
guatemala or mexico,guatemala or mexico,False
simplonpas,simplonpas,False
silvolde,silvolde,False
silver lake,silver lake,False
sils maria,sils maria,False
guyana,guyana,False
silesia,silesia,False
sikandra,sikandra,False
siegen,siegen,False
sigiriya,sigiriya,False
sigacik,sigacik,False
sierra nevada de santa marta,sierra nevada de santa marta,False
haarlem,haarlem,False
haarzuilens,haarzuilens,False
sierra leone,sierra leone,False
siegerswoude,siegerswoude,False
siegerland,siegerland,False
shigaraki,shigaraki,False
shibapark,shibapark,False
shexian,shexian,False
senftenberg,senftenberg,False
septèmes-les-vallons,septèmes-les-vallons,False
septeuil,septeuil,False
seoul,seoul,False
seo de urgel,seo de urgel,False
sensui-jima,sensui-jima,False
sens,sens,False
senneh,senneh,False
senlisse,senlisse,False
senegambia,senegambia,False
sergiyev posad,sergiyev posad,False
senegal,senegal,False
seneca county,seneca county,False
semur-en-auxois,semur-en-auxois,False
semna,semna,False
semmering,semmering,False
harlingen,harlingen,False
selinunte,selinunte,False
selborne,selborne,False
serabend,serabend,False
harderwijk,harderwijk,False
shewasaulu,shewasaulu,False
shangyu,shangyu,False
sheringham,sheringham,False
shergarh,shergarh,False
shepherd's bush,shepherd's bush,False
shelton,shelton,False
sheffield,sheffield,False
sheerness,sheerness,False
shanxi,shanxi,False
shanhaiguan,shanhaiguan,False
shandong,shandong,False
serres,serres,False
shalozan,shalozan,False
shahjahanpur,shahjahanpur,False
shahhat,shahhat,False
seville,seville,False
seto,seto,False
sestri ponente,sestri ponente,False
sestri levante,sestri levante,False
servoz,servoz,False
sindanglaya,sindanglaya,False
sindh,sindh,False
singkawang,singkawang,False
sitanagaram,sitanagaram,False
skikda,skikda,False
skien,skien,False
skara,skara,False
skagway-hoonah-angoon,skagway-hoonah-angoon,False
skagen,skagen,False
sizun,sizun,False
sittard,sittard,False
sitka,sitka,False
sisteron,sisteron,False
golkonda,golkonda,False
sisikon,sisikon,False
sirohi,sirohi,False
sirmione,sirmione,False
sion,sion,False
sinzig,sinzig,False
sintra,sintra,False
sint-winoksbergen,sint-winoksbergen,False
sint-wenceslauskerk,sint-wenceslauskerk,False
skye,skye,False
skíros,skíros,False
sint-ursulakerk,sint-ursulakerk,False
slot assumburg,slot assumburg,False
snowdonia,snowdonia,False
slovenia,slovenia,False
slovakia,slovakia,False
gizeh,gizeh,False
sloterdijk,sloterdijk,False
sloten,sloten,False
slot velthurns,slot velthurns,False
slot linderhof,slot linderhof,False
slootdorp,slootdorp,False
slaný,slaný,False
slochteren,slochteren,False
slikkerveer,slikkerveer,False
sliedrecht,sliedrecht,False
slenaken,slenaken,False
glasgow,glasgow,False
sleepy hollow,sleepy hollow,False
sleen,sleen,False
goes,goes,False
sint-waltrudiskerk,sint-waltrudiskerk,False
sint-truiden,sint-truiden,False
sinhagad,sinhagad,False
sint-dimpnakerk,sint-dimpnakerk,False
sint-janshospitaal,sint-janshospitaal,False
sint-jansberg,sint-jansberg,False
sint-jan van lateranen,sint-jan van lateranen,False
grindelwald,grindelwald,False
sint-helena,sint-helena,False
sint-gillis,sint-gillis,False
grobogan,grobogan,False
sint-franciscusbasiliek,sint-franciscusbasiliek,False
groningen,groningen,False
sint-joost-ten-node,sint-joost-ten-node,False
sint-baafskathedraal,sint-baafskathedraal,False
guatemala,guatemala,False
sint laurens,sint laurens,False
sint jacobiparochie,sint jacobiparochie,False
sint hubert,sint hubert,False
sint annaland,sint annaland,False
sint anna ter muiden,sint anna ter muiden,False
sinoutskerke,sinoutskerke,False
sint-janskathedraal,sint-janskathedraal,False
grenoble,grenoble,False
sint-servaasbasiliek,sint-servaasbasiliek,False
sint-niklaas,sint-niklaas,False
sint-sebalduskerk,sint-sebalduskerk,False
sint-salvatorskathedraal,sint-salvatorskathedraal,False
sint-pietersplein,sint-pietersplein,False
gorinchem,gorinchem,False
sint-pietersberg,sint-pietersberg,False
gotha,gotha,False
sint-paulus buiten de muren,sint-paulus buiten de muren,False
gouda,gouda,False
granada,granada,False
sint-jozefparochie,sint-jozefparochie,False
sint-michielsgestel,sint-michielsgestel,False
sint-michiel en sint-goedelekathedraal,sint-michiel en sint-goedelekathedraal,False
sint-michaëlkerk,sint-michaëlkerk,False
sint-martinusbasiliek,sint-martinusbasiliek,False
great britain,great britain,False
greece,greece,False
sint-laurensbasiliek,sint-laurensbasiliek,False
sint-laurens buiten de muren,sint-laurens buiten de muren,False
segovia,segovia,False
seelisberg,seelisberg,False
tiberias,tiberias,False
harz,harz,False
santa croce,santa croce,False
santa cecilia in trastevere,santa cecilia in trastevere,False
santa catalina island,santa catalina island,False
santa barbara,santa barbara,False
moradabad,moradabad,False
sanssouci,sanssouci,False
sankt wolfgang,sankt wolfgang,False
sankt pölten,sankt pölten,False
sankt moritz,sankt moritz,False
sankt johann im pongau,sankt johann im pongau,False
sankt goarshausen,sankt goarshausen,False
sankt goar,sankt goar,False
sankt gilgen,sankt gilgen,False
sangina,sangina,False
sangha,sangha,False
sanganer,sanganer,False
sandford-on-thames,sandford-on-thames,False
sandbach,sandbach,False
sand,sand,False
santa cruz de la palma,santa cruz de la palma,False
santa cruz de tenerife,santa cruz de tenerife,False
santa margherita ligure,santa margherita ligure,False
santa sabina,santa sabina,False
sarajevo,sarajevo,False
saqqara,saqqara,False
santpoort-zuid,santpoort-zuid,False
santissima annunziata del vastato,santissima annunziata del vastato,False
santiago de cuba,santiago de cuba,False
santiago,santiago,False
santi nereo e achilleo,santi nereo e achilleo,False
santa valley,santa valley,False
hungary,hungary,False
santa maria della concezione dei cappuccini,santa maria della concezione dei cappuccini,False
santa pudenziana,santa pudenziana,False
santa pola,santa pola,False
santa monica,santa monica,False
santa maría del tule,santa maría del tule,False
santa maria novella,santa maria novella,False
santa maria in trastevere,santa maria in trastevere,False
santa maria in aracoeli,santa maria in aracoeli,False
santa maria della pace,santa maria della pace,False
sanchi,sanchi,False
san remo,san remo,False
san pietro in vincoli,san pietro in vincoli,False
salford,salford,False
salvan,salvan,False
saltillo,saltillo,False
salt lake city,salt lake city,False
interlaken,interlaken,False
sallanches,sallanches,False
salisbury,salisbury,False
salins,salins,False
salhouse,salhouse,False
salers,salers,False
salzkammergut,salzkammergut,False
iran,iran,False
salerno,salerno,False
salatiga,salatiga,False
salamanca,salamanca,False
sala capriasca,sala capriasca,False
saintes,saintes,False
sainte-trinité,sainte-trinité,False
sainte-menehould,sainte-menehould,False
innsbruck,innsbruck,False
indonesian archipelago,indonesian archipelago,False
san marco,san marco,False
san fernando,san fernando,False
san lorenzo de el escorial,san lorenzo de el escorial,False
san lazzaro degli armeni,san lazzaro degli armeni,False
san juan capistrano,san juan capistrano,False
san juan,san juan,False
san josé,san josé,False
indiana,indiana,False
san giovanni evangelista,san giovanni evangelista,False
san gimignano,san gimignano,False
san domenico da fiesole,san domenico da fiesole,False
salò,salò,False
san diego,san diego,False
san carlo ai catinari,san carlo ai catinari,False
san antonio,san antonio,False
samsun,samsun,False
samnium,samnium,False
samedan,samedan,False
samaria,samaria,False
indonesia,indonesia,False
saranac lake,saranac lake,False
saratoga springs,saratoga springs,False
sarawak,sarawak,False
schlossbrücke,schlossbrücke,False
schooner head,schooner head,False
schonau,schonau,False
schnepfenthal,schnepfenthal,False
schneeberg,schneeberg,False
schmittenhöhe,schmittenhöhe,False
schmiedeberg,schmiedeberg,False
schmargendorf,schmargendorf,False
heidelberg,heidelberg,False
helmond,helmond,False
havana,havana,False
helsinki,helsinki,False
schliersee,schliersee,False
schlierbach,schlierbach,False
schleswig-holstein,schleswig-holstein,False
schleithal,schleithal,False
schlangenbad,schlangenbad,False
schiphol,schiphol,False
schinnen,schinnen,False
schoorl,schoorl,False
schouwen-duiveland,schouwen-duiveland,False
schijndel,schijndel,False
schönmünzach,schönmünzach,False
sedan,sedan,False
sebastopol,sebastopol,False
seaview,seaview,False
scuol,scuol,False
scrovegnikapel,scrovegnikapel,False
scratchell's bay,scratchell's bay,False
scottish borders,scottish borders,False
hattem,hattem,False
schöneberg,schöneberg,False
schrezheim,schrezheim,False
schönbrunn,schönbrunn,False
schöllenenkloof,schöllenenkloof,False
schöllenen,schöllenen,False
haute-savoie,haute-savoie,False
schwerin,schwerin,False
schwarzwald,schwarzwald,False
schwabach,schwabach,False
schriesheim,schriesheim,False
schinkelplatz,schinkelplatz,False
schiffbeck,schiffbeck,False
sarcelles,sarcelles,False
holborn,holborn,False
sawahlunto,sawahlunto,False
savona,savona,False
savoie,savoie,False
savoe,savoe,False
saveh,saveh,False
savannah,savannah,False
sauvenière,sauvenière,False
saumur,saumur,False
hong kong,hong kong,False
saxony-anhalt,saxony-anhalt,False
satsuma,satsuma,False
sassenheim,sassenheim,False
sas van gent,sas van gent,False
sarkhej roza,sarkhej roza,False
sari,sari,False
sarentino,sarentino,False
sardis,sardis,False
sardinia,sardinia,False
sawankhalok,sawankhalok,False
scandinavia,scandinavia,False
schiermonnikoog,schiermonnikoog,False
schaumburg,schaumburg,False
schiefbahn,schiefbahn,False
scherpenzeel,scherpenzeel,False
scherpenisse,scherpenisse,False
scherpenheuvel,scherpenheuvel,False
schermerhorn,schermerhorn,False
schelm,schelm,False
schelluinen,schelluinen,False
schellingwoude,schellingwoude,False
scharnegoutum,scharnegoutum,False
hilversum,hilversum,False
scharbeutz,scharbeutz,False
schalkwijk,schalkwijk,False
schagen,schagen,False
schagelstraat,schagelstraat,False
hildburghausen,hildburghausen,False
schaesberg,schaesberg,False
sceaux,sceaux,False
hildesheim,hildesheim,False
sodankylä,sodankylä,False
soden-am-taunus,soden-am-taunus,False
soemba,soemba,False
soengeiliat,soengeiliat,False
sévérac-le-château,sévérac-le-château,False
culemborg,culemborg,False
czech republic,czech republic,False
córdoba,córdoba,False
szczecin,szczecin,False
danzig,danzig,False
darmstadt,darmstadt,False
davos,davos,False
deccan,deccan,False
delft,delft,False
delhi,delhi,False
democratic republic of the congo,democratic republic of the congo,False
den bosch,den bosch,False
sylvan beach,sylvan beach,False
sylt,sylt,False
sydenham,sydenham,False
den helder,den helder,False
denmark,denmark,False
derby,derby,False
söderhamn,söderhamn,False
sölden,sölden,False
süleymaniye-moskee,süleymaniye-moskee,False
tamina,tamina,False
tanjung pinang,tanjung pinang,False
tanimbar-eilanden,tanimbar-eilanden,False
tangkuban perahu,tangkuban perahu,False
tanger,tanger,False
tanga,tanga,False
tandjong poera,tandjong poera,False
tandjoeng karang,tandjoeng karang,False
taminakloof,taminakloof,False
tamil nadu,tamil nadu,False
tabriz,tabriz,False
tamba,tamba,False
tallinn,tallinn,False
talavera de la reina,talavera de la reina,False
takht-e jamshid,takht-e jamshid,False
takatori,takatori,False
taj mahal,taj mahal,False
taizhou,taizhou,False
taiwan,taiwan,False
swinton,swinton,False
swichum,swichum,False
swatow,swatow,False
dieppe,dieppe,False
sully-sur-loire,sully-sur-loire,False
sulechów,sulechów,False
sulden,sulden,False
suldal,suldal,False
devon,devon,False
sulawesi,sulawesi,False
sukabumi,sukabumi,False
suhl,suhl,False
suez,suez,False
sultan ahmetmoskee,sultan ahmetmoskee,False
dinant,dinant,False
sudan,sudan,False
subiaco,subiaco,False
suawoude,suawoude,False
studley royal park,studley royal park,False
studland,studland,False
stubaital,stubaital,False
strängnäs,strängnäs,False
sulmona,sulmona,False
sumirago,sumirago,False
swat,swat,False
surlingham,surlingham,False
swansea,swansea,False
swalmen,swalmen,False
swadlincote,swadlincote,False
sutton coldfield,sutton coldfield,False
detroit,detroit,False
sutri,sutri,False
sussex,sussex,False
susa,susa,False
surin,surin,False
summit hill,summit hill,False
suresnes,suresnes,False
surakarta,surakarta,False
sunnyvale,sunnyvale,False
sungai negara,sungai negara,False
sundsvall,sundsvall,False
deventer,deventer,False
sunderland,sunderland,False
sunbury,sunbury,False
tanjung priok,tanjung priok,False
tanjungpura,tanjungpura,False
tanzania,tanzania,False
thames embankment,thames embankment,False
thessaloniki,thessaloniki,False
theresienthal,theresienthal,False
thebes,thebes,False
the ovens,the ovens,False
colombo,colombo,False
colorado,colorado,False
thaon-les-vosges,thaon-les-vosges,False
thanjavur,thanjavur,False
thames,thames,False
thibouville,thibouville,False
thalwil,thalwil,False
thale,thale,False
como,como,False
texas,texas,False
teutoburgerwoud,teutoburgerwoud,False
teuge,teuge,False
teufen,teufen,False
teufelsbrücke,teufelsbrücke,False
colombia,colombia,False
thiers,thiers,False
tesserete,tesserete,False
thunersee,thunersee,False
tianjin,tianjin,False
tiana,tiana,False
cleves,cleves,False
clichy,clichy,False
thusis,thusis,False
thurso,thurso,False
thuringia,thuringia,False
thurii copia,thurii copia,False
thuner see,thuner see,False
thirlmere,thirlmere,False
thun,thun,False
thrace,thrace,False
thouars,thouars,False
thornsche molen,thornsche molen,False
thorney,thorney,False
thorn,thorn,False
cologne,cologne,False
thisted,thisted,False
tessé-la-madeleine,tessé-la-madeleine,False
teschen,teschen,False
cuba,cuba,False
costa rica,costa rica,False
teignmouth,teignmouth,False
teifi,teifi,False
tegelen,tegelen,False
corona,corona,False
corsica,corsica,False
tbilisi,tbilisi,False
taveuni,taveuni,False
taunton,taunton,False
tasikmalaya,tasikmalaya,False
telemark,telemark,False
tashkent,tashkent,False
tarvin,tarvin,False
tarragona,tarragona,False
tarbert,tarbert,False
tarascon-sur-ariège,tarascon-sur-ariège,False
tarascon,tarascon,False
taranto,taranto,False
taplow,taplow,False
tel aviv,tel aviv,False
tellskapelle,tellskapelle,False
terzool,terzool,False
ter heijde,ter heijde,False
tervuren,tervuren,False
terschelling,terschelling,False
territet,territet,False
terneuzen,terneuzen,False
ternate,ternate,False
termignon,termignon,False
terme del brennero,terme del brennero,False
ter kamerenbos,ter kamerenbos,False
ter apel,ter apel,False
tempedal,tempedal,False
ter aar,ter aar,False
tenochtitlan,tenochtitlan,False
tennessee,tennessee,False
tenerife,tenerife,False
tenby,tenby,False
tempelberg,tempelberg,False
connecticut,connecticut,False
tempel van caesar,tempel van caesar,False
stroud,stroud,False
strijp,strijp,False
strijen,strijen,False
flushing,flushing,False
southwest,southwest,False
southwark,southwark,False
southsea,southsea,False
southrop,southrop,False
southport,southport,False
fiji,fiji,False
finland,finland,False
florence,florence,False
fontainebleau,fontainebleau,False
europe,europe,False
forum romanum,forum romanum,False
france,france,False
franeker,franeker,False
southern highlands,southern highlands,False
frankenthal,frankenthal,False
frankfurt am main,frankfurt am main,False
frankfurt an der oder,frankfurt an der oder,False
frechen,frechen,False
ewijkshoeve,ewijkshoeve,False
etruria,etruria,False
fribourg,fribourg,False
eindhoven,eindhoven,False
speyer,speyer,False
spankeren,spankeren,False
spanderswoud,spanderswoud,False
spanbroek,spanbroek,False
spakenburg,spakenburg,False
egypt,egypt,False
egypt or iraq,egypt or iraq,False
egypt or syria,egypt or syria,False
elberfeld,elberfeld,False
spaanse trappen,spaanse trappen,False
emden,emden,False
england,england,False
enkhuizen,enkhuizen,False
ethiopia,ethiopia,False
spaarnwouderstraat,spaarnwouderstraat,False
spaarnwoude,spaarnwoude,False
spaarne,spaarne,False
spaarndam,spaarndam,False
freiburg,freiburg,False
southbury,southbury,False
spielbudenplatz,spielbudenplatz,False
sollentuna,sollentuna,False
sortavala,sortavala,False
sopron,sopron,False
sonsbeek,sonsbeek,False
sonsbeck,sonsbeck,False
son,son,False
soltanabad,soltanabad,False
ghana,ghana,False
solothurn,solothurn,False
solingen,solingen,False
sousse,sousse,False
soissons,soissons,False
sogn og fjordane,sogn og fjordane,False
sofia,sofia,False
soesterberg,soesterberg,False
soestdijk,soestdijk,False
ghent,ghent,False
gibraltar,gibraltar,False
soerakarta,soerakarta,False
germany,germany,False
south africa,south africa,False
southampton,southampton,False
gelderland,gelderland,False
friesland,friesland,False
south walsham,south walsham,False
south staffordshire,south staffordshire,False
south shore park,south shore park,False
south shields,south shields,False
south park botanical garden,south park botanical garden,False
gandhara,gandhara,False
garut,garut,False
south lanarkshire,south lanarkshire,False
south america,south america,False
south korea,south korea,False
geldern,geldern,False
south hinksey,south hinksey,False
south downs,south downs,False
south dakota,south dakota,False
south celebes,south celebes,False
south carolina,south carolina,False
south asia,south asia,False
spiegelzaal,spiegelzaal,False
spiez,spiez,False
stresa,stresa,False
stein,stein,False
stettin,stettin,False
sterzing,sterzing,False
stephansdom,stephansdom,False
stelviopas,stelviopas,False
stellenbosch,stellenbosch,False
stekene,stekene,False
steinschönau,steinschönau,False
steinbach-hallenberg,steinbach-hallenberg,False
doorn,doorn,False
dominican republic,dominican republic,False
steenwijkerwold,steenwijkerwold,False
steenwijk,steenwijk,False
steenschuur,steenschuur,False
steenderen,steenderen,False
steenbergen,steenbergen,False
steegoversloot,steegoversloot,False
stedum,stedum,False
stavoren,stavoren,False
stevensweert,stevensweert,False
stoke,stoke,False
stavanger,stavanger,False
straits settlements,straits settlements,False
street,street,False
streatley,streatley,False
strawberry hill,strawberry hill,False
stratford-upon-avon,stratford-upon-avon,False
strasburg,strasburg,False
strasbourg,strasbourg,False
strand,strand,False
stralsund,stralsund,False
doesburg,doesburg,False
stoke on trent,stoke on trent,False
stourbridge,stourbridge,False
stonehouse,stonehouse,False
stonebyres,stonebyres,False
stompwijk,stompwijk,False
stolzenfels,stolzenfels,False
stolberg,stolberg,False
stokesay,stokesay,False
stoke poges,stoke poges,False
staverden,staverden,False
starnberg,starnberg,False
spionkop,spionkop,False
st helens,st helens,False
ecuador,ecuador,False
stade,stade,False
stad aan 't haringvliet,stad aan 't haringvliet,False
st. johnsbury,st. johnsbury,False
st. blasien,st. blasien,False
st. andrews,st. andrews,False
st michael,st michael,False
st james's palace,st james's palace,False
st edmundsbury,st edmundsbury,False
dublin,dublin,False
srinagar,srinagar,False
edam,edam,False
ede,ede,False
sprang-capelle,sprang-capelle,False
edinburgh,edinburgh,False
splitsko-dalmatinska županija,splitsko-dalmatinska županija,False
split,split,False
spitsbergen,spitsbergen,False
eastern mediterranean region,eastern mediterranean region,False
dresden,dresden,False
stargard,stargard,False
stains,stains,False
staphorst,staphorst,False
staoueli,staoueli,False
stansstad,stansstad,False
stans,stans,False
stanhope,stanhope,False
stanford,stanford,False
stamford,stamford,False
stalheim,stalheim,False
staindrop,staindrop,False
drenthe,drenthe,False
staffa,staffa,False
stadt wehlen,stadt wehlen,False
stadskanaal,stadskanaal,False
doornik,doornik,False
doorwerth,doorwerth,False
dordrecht,dordrecht,False
dornach,dornach,False
douai,douai,False
morcote,morcote,False
modena,modena,False
moosehead lake,moosehead lake,False
eastern mediterranean,eastern mediterranean,False
el pilar,el pilar,False
el matareya,el matareya,False
el masnou,el masnou,False
el kantara,el kantara,False
el ferrol,el ferrol,False
el boulaïda,el boulaïda,False
ekeren,ekeren,False
eisenach,eisenach,False
einsiedeln,einsiedeln,False
eijsden,eijsden,False
eiger,eiger,False
eiffel tower,eiffel tower,False
eifel,eifel,False
eibar,eibar,False
baptisterium van de arianen,baptisterium van de arianen,False
baptisterium van de orthodoxen,baptisterium van de orthodoxen,False
baptisterium van lateranen,baptisterium van lateranen,False
bar harbor,bar harbor,False
bar-le-duc,bar-le-duc,False
el salvador,el salvador,False
baoding,baoding,False
el tajín,el tajín,False
ellis island,ellis island,False
elstow,elstow,False
elst,elst,False
elspeet,elspeet,False
elsene,elsene,False
elmina,elmina,False
elmhurst,elmhurst,False
banī ḥasan,banī ḥasan,False
ellora,ellora,False
ellecom,ellecom,False
elbe,elbe,False
elgoibar,elgoibar,False
elgin cathedral,elgin cathedral,False
elgin,elgin,False
elefsina,elefsina,False
elea,elea,False
elburg,elburg,False
elbing,elbing,False
elbeuf,elbeuf,False
bar-sur-seine,bar-sur-seine,False
egypt or palestine,egypt or palestine,False
barbezieux,barbezieux,False
ecuador or colombia,ecuador or colombia,False
edinburgh castle,edinburgh castle,False
edgefield county,edgefield county,False
edgefield,edgefield,False
edfu,edfu,False
eden,eden,False
"ecuador, peru, bolivia, chile, or argentina","ecuador, peru, bolivia, chile, or argentina",False
"ecuador, peru, bolivia, argentina, or chile","ecuador, peru, bolivia, argentina, or chile",False
ecuador or peru,ecuador or peru,False
barmen,barmen,False
edmonton,edmonton,False
eck en wiel,eck en wiel,False
echternach,echternach,False
ebensee,ebensee,False
barmouth,barmouth,False
eaux-bonnes,eaux-bonnes,False
eastwood,eastwood,False
eastleach,eastleach,False
barnstable,barnstable,False
edingen,edingen,False
edstaston,edstaston,False
egypt or levant,egypt or levant,False
egmond aan zee,egmond aan zee,False
egypt or italy,egypt or italy,False
egypt or iran,egypt or iran,False
egypt and sudan,egypt and sudan,False
barbizon,barbizon,False
bareilly,bareilly,False
barendrecht,barendrecht,False
eguisheim,eguisheim,False
egmond-binnen,egmond-binnen,False
egmond aan den hoef,egmond aan den hoef,False
edéa,edéa,False
egina,egina,False
eger,eger,False
efeze,efeze,False
eext,eext,False
eerbeek,eerbeek,False
eemnes,eemnes,False
eemland,eemland,False
eefde,eefde,False
elstree,elstree,False
elten,elten,False
ely,ely,False
etten,etten,False
eyüp cemetery,eyüp cemetery,False
exloo,exloo,False
exeter,exeter,False
ewloe,ewloe,False
banda neira,banda neira,False
eurasia,eurasia,False
eufrasiusbasiliek,eufrasiusbasiliek,False
etterbeek,etterbeek,False
ettal,ettal,False
faido,faido,False
eton college,eton college,False
eton,eton,False
bandar-e anzali,bandar-e anzali,False
etersheim,etersheim,False
esztergom,esztergom,False
esslingen,esslingen,False
essex,essex,False
essen,essen,False
faenza,faenza,False
fairford,fairford,False
esneux,esneux,False
banda atjeh,banda atjeh,False
banbury,banbury,False
feldberg,feldberg,False
faubourg saint-denis,faubourg saint-denis,False
fatehpur sikri,fatehpur sikri,False
farukhabad,farukhabad,False
fars,fars,False
farringford house,farringford house,False
farnham,farnham,False
fargo,fargo,False
fairmount park,fairmount park,False
banda besar,banda besar,False
falmouth,falmouth,False
falls of foyers,falls of foyers,False
falls of clyde,falls of clyde,False
falkenstein,falkenstein,False
falicon,falicon,False
falaise,falaise,False
fakfak,fakfak,False
esplanade,esplanade,False
esna,esna,False
elze,elze,False
engelberg,engelberg,False
bangko,bangko,False
bangkok,bangkok,False
bangladesh,bangladesh,False
bangor,bangor,False
bantam,bantam,False
banyuls-sur-mer,banyuls-sur-mer,False
engelhartszell,engelhartszell,False
engelenburcht,engelenburcht,False
enfield,enfield,False
engwierum,engwierum,False
en rogel,en rogel,False
emneth,emneth,False
emmerik,emmerik,False
emmendingen,emmendingen,False
emmen,emmen,False
emmaus nicopolis,emmaus nicopolis,False
emilia,emilia,False
emerald pool,emerald pool,False
bangalore,bangalore,False
enoshima,enoshima,False
eskilstuna,eskilstuna,False
eragny,eragny,False
escorial,escorial,False
esch-sur-alzette,esch-sur-alzette,False
esch,esch,False
ermelo,ermelo,False
erlangen,erlangen,False
bang pa-in,bang pa-in,False
erfurt,erfurt,False
erbalunga,erbalunga,False
equateurville,equateurville,False
enschede,enschede,False
epping forest,epping forest,False
epidaurus,epidaurus,False
ephesus,ephesus,False
epe,epe,False
enval,enval,False
entzheim,entzheim,False
entrevaux,entrevaux,False
entraygues-sur-truyère,entraygues-sur-truyère,False
barnstaple,barnstaple,False
baroda,baroda,False
mook en middelaar,mook en middelaar,False
barra do dande,barra do dande,False
dogepaleis,dogepaleis,False
dogashima,dogashima,False
doetinchem,doetinchem,False
doccia,doccia,False
dnipro,dnipro,False
djedda,djedda,False
djambi,djambi,False
dixton,dixton,False
bautzen,bautzen,False
dittersbach,dittersbach,False
district of columbia,district of columbia,False
disentis-mustér,disentis-mustér,False
dirksland,dirksland,False
dirk hartog island,dirk hartog island,False
dippoldiswalde,dippoldiswalde,False
dingzhou,dingzhou,False
dinard,dinard,False
dinan,dinan,False
dillenburg,dillenburg,False
dokkum,dokkum,False
dolgellau,dolgellau,False
dolmabahçe moskee,dolmabahçe moskee,False
batalha,batalha,False
donostia-san sebastián,donostia-san sebastián,False
donkere spaarne,donkere spaarne,False
dongen,dongen,False
donaustauf,donaustauf,False
dommelen,dommelen,False
bastia,bastia,False
domburg,domburg,False
dombrücke,dombrücke,False
batavian republic,batavian republic,False
dolmabahçepaleis,dolmabahçepaleis,False
bath,bath,False
bathampton,bathampton,False
batoedjadjar,batoedjadjar,False
battersea,battersea,False
batticaloa,batticaloa,False
battle,battle,False
batutulis,batutulis,False
baud,baud,False
diksmuide,diksmuide,False
dijon,dijon,False
diez,diez,False
democratic republic of congo,democratic republic of congo,False
denver,denver,False
dendermonde,dendermonde,False
dendera,dendera,False
bayonne,bayonne,False
den ham,den ham,False
bayreuth,bayreuth,False
bayswater,bayswater,False
bealach na bà,bealach na bà,False
delphi,delphi,False
deruta,deruta,False
deli,deli,False
delfzijl,delfzijl,False
delftse schie,delftse schie,False
delfshaven,delfshaven,False
delfland,delfland,False
bearsden,bearsden,False
delden,delden,False
delaware water gap,delaware water gap,False
derbyshire,derbyshire,False
deruyter,deruyter,False
diever,diever,False
die groot gat,die groot gat,False
diest,diest,False
diessen,diessen,False
dieren,dieren,False
diepenveen,diepenveen,False
diepenheim,diepenheim,False
diemen,diemen,False
diekirch,diekirch,False
dieden,dieden,False
dhodhóni,dhodhóni,False
derwentwater,derwentwater,False
dhar,dhar,False
bavaria,bavaria,False
deutz,deutz,False
deurne,deurne,False
bayerisches nationalmuseum,bayerisches nationalmuseum,False
bayezid ii moskee,bayezid ii moskee,False
dessau,dessau,False
deshima,deshima,False
donsbrüggen,donsbrüggen,False
doon,doon,False
doornenburg,doornenburg,False
durlach,durlach,False
basiliek van het heilig bloed,basiliek van het heilig bloed,False
basiliek van sant'apollinare in classe,basiliek van sant'apollinare in classe,False
basiliek van sant'apollinare nuovo,basiliek van sant'apollinare nuovo,False
dwingeloo,dwingeloo,False
duxbury beach,duxbury beach,False
duxbury,duxbury,False
basiliek van santa maria maggiore,basiliek van santa maria maggiore,False
dussen,dussen,False
basiliek van sint-ambrosius,basiliek van sint-ambrosius,False
basiliek van aquileia,basiliek van aquileia,False
durgerdam,durgerdam,False
durban,durban,False
basohli,basohli,False
dunkeld,dunkeld,False
dunfermline,dunfermline,False
dundee,dundee,False
dumfries,dumfries,False
dumbarton,dumbarton,False
dömitz,dömitz,False
earls court exhibition centre,earls court exhibition centre,False
duivendrecht,duivendrecht,False
basilica di santa maria gloriosa dei frari,basilica di santa maria gloriosa dei frari,False
barrington,barrington,False
barrêame,barrêame,False
bas-oha,bas-oha,False
basel,basel,False
basel-landschaft,basel-landschaft,False
basilica della santissima annunziata,basilica della santissima annunziata,False
basilica di san vitale,basilica di san vitale,False
basilica di sant'eufemia,basilica di sant'eufemia,False
east-central europe,east-central europe,False
easdale,easdale,False
east windsor hill,east windsor hill,False
east sussex,east sussex,False
east stoke,east stoke,False
east liverpool,east liverpool,False
east lamoine,east lamoine,False
basilica di santa prassede,basilica di santa prassede,False
east dunbartonshire,east dunbartonshire,False
basilicata,basilicata,False
duluth,duluth,False
duiven,duiven,False
dorat,dorat,False
dougga,dougga,False
drecht,drecht,False
drancy,drancy,False
drachten,drachten,False
drachenfels,drachenfels,False
basse-normandie,basse-normandie,False
douvres-la-délivrande,douvres-la-délivrande,False
doune,doune,False
douglas,douglas,False
douarnenez,douarnenez,False
dreischor,dreischor,False
dota,dota,False
dortmund,dortmund,False
bassin d'arcachon,bassin d'arcachon,False
dorking,dorking,False
dordtse kil,dordtse kil,False
bastei,bastei,False
bastelica,bastelica,False
dorchester,dorchester,False
dreihausen,dreihausen,False
dreux,dreux,False
duivelspiek,duivelspiek,False
druten,druten,False
duivelsberg,duivelsberg,False
duisburg,duisburg,False
bass river,bass river,False
duffel,duffel,False
dudelange,dudelange,False
dubrovnik,dubrovnik,False
drôme,drôme,False
dryburgh abbey,dryburgh abbey,False
drottningholm,drottningholm,False
driebergen,driebergen,False
drongen,drongen,False
bassano,bassano,False
droitwich spa,droitwich spa,False
drivdalen,drivdalen,False
drievuldigheidskerk,drievuldigheidskerk,False
driehoekstraat,driehoekstraat,False
driefontein,driefontein,False
driebergen-rijsenburg,driebergen-rijsenburg,False
feltre,feltre,False
fenton,fenton,False
ferahan,ferahan,False
fernsteinsee,fernsteinsee,False
goa,goa,False
gmünd,gmünd,False
gmunden,gmunden,False
glücksburg,glücksburg,False
gloucestershire,gloucestershire,False
bad arolsen,bad arolsen,False
gloucester,gloucester,False
gliwice,gliwice,False
glimmen,glimmen,False
glenwood springs,glenwood springs,False
glens falls,glens falls,False
glenalmond,glenalmond,False
glen finglas,glen finglas,False
glen coe,glen coe,False
glauchau,glauchau,False
glatz,glatz,False
glastonbury abbey,glastonbury abbey,False
glassboro,glassboro,False
bad aussee,bad aussee,False
goch,goch,False
godshill,godshill,False
godstow,godstow,False
goodrich,goodrich,False
gosau,gosau,False
gorssel,gorssel,False
gorontalo,gorontalo,False
goring-on-thames,goring-on-thames,False
gorgan,gorgan,False
gorakhpur,gorakhpur,False
babyloniënbroek,babyloniënbroek,False
goodrich castle,goodrich castle,False
bacharach,bacharach,False
goedereede,goedereede,False
golling an der salzach,golling an der salzach,False
golfe-juan,golfe-juan,False
golf van napels,golf van napels,False
golf van egina,golf van egina,False
golegã,golegã,False
goirle,goirle,False
gohlis,gohlis,False
goesinaja zemlja,goesinaja zemlja,False
bad bentheim,bad bentheim,False
glamis,glamis,False
giverny,giverny,False
bad herrenalb,bad herrenalb,False
gerolstein,gerolstein,False
gernsbach,gernsbach,False
gernrode,gernrode,False
germerzeel,germerzeel,False
bad fredeburg,bad fredeburg,False
bad gastein,bad gastein,False
bad godesberg,bad godesberg,False
bad harzburg,bad harzburg,False
bad homburg,bad homburg,False
gerpinnes,gerpinnes,False
bad honnef,bad honnef,False
bad kissingen,bad kissingen,False
bad kreuznach,bad kreuznach,False
bad langensalza,bad langensalza,False
bad laubach am rhein,bad laubach am rhein,False
bad lauterberg,bad lauterberg,False
bad liebenstein,bad liebenstein,False
bad lippspringe,bad lippspringe,False
bad diirkheim,bad diirkheim,False
gers,gers,False
gisors,gisors,False
giardino di boboli,giardino di boboli,False
giornico,giornico,False
ginneken,ginneken,False
gilly,gilly,False
gildehuis der vrije schippers,gildehuis der vrije schippers,False
giethoorn,giethoorn,False
gieten,gieten,False
giessen,giessen,False
giessbachwaterval,giessbachwaterval,False
giant's causeway,giant's causeway,False
gersau,gersau,False
ghiordes,ghiordes,False
bad bertrich,bad bertrich,False
bad cannstatt,bad cannstatt,False
gezirah,gezirah,False
geuzenveld-slotermeer,geuzenveld-slotermeer,False
geulhem,geulhem,False
gettysburg,gettysburg,False
getsemane,getsemane,False
goslar,goslar,False
gosport,gosport,False
gotland,gotland,False
gros-horloge,gros-horloge,False
axenstrasse,axenstrasse,False
ayrshire,ayrshire,False
aywaille,aywaille,False
azay-le-rideau,azay-le-rideau,False
azerbaijan,azerbaijan,False
grote kerk,grote kerk,False
grote houtstraat,grote houtstraat,False
gross räschen,gross räschen,False
grootebroek,grootebroek,False
avranches,avranches,False
groot heiligland,groot heiligland,False
gronsveld,gronsveld,False
groesbeek,groesbeek,False
groenmarkt,groenmarkt,False
groenlo,groenlo,False
groenendijk,groenendijk,False
groenburgwal,groenburgwal,False
grissee,grissee,False
axel,axel,False
avon,avon,False
grimma,grimma,False
grotemarkt,grotemarkt,False
grundlsee,grundlsee,False
aventijn,aventijn,False
großer tiergarten,großer tiergarten,False
großer auerberg,großer auerberg,False
grouw,grouw,False
grottaferrata,grottaferrata,False
grotli,grotli,False
avenue de l'opéra,avenue de l'opéra,False
grotekerksplein,grotekerksplein,False
avioth,avioth,False
grote scheidegg,grote scheidegg,False
grote peel,grote peel,False
avila,avila,False
grote of sint-laurenskerk,grote of sint-laurenskerk,False
grote of sint-catharijne kerk,grote of sint-catharijne kerk,False
grote of onze-lieve-vrouwekerk,grote of onze-lieve-vrouwekerk,False
grote of johannes de doperkerk,grote of johannes de doperkerk,False
grote of bartholomeüskerk,grote of bartholomeüskerk,False
grimselsee,grimselsee,False
griethausen,griethausen,False
babylon,babylon,False
grand rapids,grand rapids,False
graufthal,graufthal,False
grasse,grasse,False
grasmere,grasmere,False
granville,granville,False
grantown-on-spey,grantown-on-spey,False
grange-over-sands,grange-over-sands,False
baambrugge,baambrugge,False
grand trianon,grand trianon,False
grand est,grand est,False
gravelotte,gravelotte,False
gramsbergen,gramsbergen,False
grabowo,grabowo,False
gowbarrow fell,gowbarrow fell,False
gouwzee,gouwzee,False
gouvernementsplein,gouvernementsplein,False
gournay-sur-marne,gournay-sur-marne,False
goulburn,goulburn,False
babenhausen,babenhausen,False
grave,grave,False
gravesend,gravesend,False
grevenbroich,grevenbroich,False
greenland,greenland,False
grenzau,grenzau,False
grenzach-wyhlen,grenzach-wyhlen,False
gremsmühlen,gremsmühlen,False
greiz,greiz,False
greifswald,greifswald,False
greenwich park,greenwich park,False
greenwich,greenwich,False
greenpoint,greenpoint,False
greenford,greenford,False
graz,graz,False
greater london,greater london,False
greater athens,greater athens,False
great yarmouth,great yarmouth,False
great plains,great plains,False
great langdale,great langdale,False
great lakes region,great lakes region,False
great head,great head,False
great and little hampden,great and little hampden,False
bad meinberg,bad meinberg,False
bad münster am stein,bad münster am stein,False
bad nauheim,bad nauheim,False
france or netherlands,france or netherlands,False
frankford,frankford,False
frankenberg,frankenberg,False
franconia notch state park,franconia notch state park,False
franconia,franconia,False
france or western europe,france or western europe,False
france or spain,france or spain,False
france or southern netherlands,france or southern netherlands,False
france or north spain,france or north spain,False
france or italy,france or italy,False
frans hals museum,frans hals museum,False
france or india,france or india,False
france or germany,france or germany,False
france or flanders,france or flanders,False
france or england,france or england,False
france or belgium,france or belgium,False
balaklava,balaklava,False
frameries,frameries,False
fountains abbey,fountains abbey,False
bal mabille,bal mabille,False
bal bullier,bal bullier,False
forum boarium,forum boarium,False
bakkum,bakkum,False
friedrichshafen,friedrichshafen,False
friedrichroda,friedrichroda,False
bakewell,bakewell,False
freudenstadt,freudenstadt,False
freshwater,freshwater,False
freshford,freshford,False
french polynesia,french polynesia,False
french or italy,french or italy,False
freising,freising,False
frascati,frascati,False
freiburg im breisgau,freiburg im breisgau,False
freiberg,freiberg,False
frederiksted,frederiksted,False
frederiksplein,frederiksplein,False
frederiksoord,frederiksoord,False
frederikshavn,frederikshavn,False
frederiksborg,frederiksborg,False
fredensborg,fredensborg,False
fougères,fougères,False
fortwilliam house,fortwilliam house,False
friedrichsplatz,friedrichsplatz,False
firozpur,firozpur,False
balochistan,balochistan,False
fleet street,fleet street,False
flecken zechlin,flecken zechlin,False
flatts village,flatts village,False
fjærland,fjærland,False
fitchburg,fitchburg,False
fishkill,fishkill,False
fischhorn,fischhorn,False
finhaut,finhaut,False
flensburg,flensburg,False
findikli,findikli,False
finchale priory,finchale priory,False
figuig,figuig,False
fife,fife,False
fiesole,fiesole,False
fez,fez,False
ban chiang,ban chiang,False
ferrara,ferrara,False
flemish brabant,flemish brabant,False
flims,flims,False
ballintoy,ballintoy,False
fontarrabie,fontarrabie,False
fort william,fort william,False
fort van ali masjid,fort van ali masjid,False
fort madison,fort madison,False
fort hamilton,fort hamilton,False
fort de kock,fort de kock,False
fort augustus,fort augustus,False
foro civile,foro civile,False
former yugoslavia,former yugoslavia,False
fontaine-notre-dame,fontaine-notre-dame,False
florenville,florenville,False
fondamenta delle zattere,fondamenta delle zattere,False
folkestone,folkestone,False
foix,foix,False
flüelen,flüelen,False
flumet,flumet,False
balmoral castle,balmoral castle,False
florida,florida,False
flores,flores,False
friedrichshagen,friedrichshagen,False
fritton,fritton,False
bad neuenahr,bad neuenahr,False
geervliet,geervliet,False
geluveld,geluveld,False
gele zee,gele zee,False
geldrop,geldrop,False
geldermalsen,geldermalsen,False
gela,gela,False
geispolsheim,geispolsheim,False
gehren,gehren,False
gees,gees,False
geertruidenberg,geertruidenberg,False
gemert,gemert,False
gedongtataan,gedongtataan,False
gedong songo,gedong songo,False
gedempte oude gracht,gedempte oude gracht,False
gedempte burgwal,gedempte burgwal,False
geboortekerk,geboortekerk,False
gebel el-silsila,gebel el-silsila,False
gdansk,gdansk,False
gaul,gaul,False
baden-württemberg,baden-württemberg,False
gemmipas,gemmipas,False
bagnoles-de-l'orne,bagnoles-de-l'orne,False
gera,gera,False
bad oeynhausen,bad oeynhausen,False
bad pyrmont,bad pyrmont,False
bad ragaz,bad ragaz,False
bad reichenhall,bad reichenhall,False
bad salzuflen,bad salzuflen,False
bad schwalbach,bad schwalbach,False
gerlos,gerlos,False
geraardsbergen,geraardsbergen,False
georgshöhe,georgshöhe,False
gendringen,gendringen,False
bad wildungen,bad wildungen,False
georgia,georgia,False
georgemeer,georgemeer,False
genzano di roma,genzano di roma,False
genoa,genoa,False
gennep,gennep,False
genk,genk,False
geneva,geneva,False
gauchy,gauchy,False
gasthuisstraat,gasthuisstraat,False
frognerseteren,frognerseteren,False
furness,furness,False
gabon or equatorial guinea,gabon or equatorial guinea,False
gabon,gabon,False
gaasterland,gaasterland,False
bahia,bahia,False
baia,baia,False
baijnath,baijnath,False
fyfield,fyfield,False
fuzhou,fuzhou,False
furkapas,furkapas,False
gabon or republic of the congo,gabon or republic of the congo,False
funchal,funchal,False
fumal,fumal,False
fulda,fulda,False
fukui,fukui,False
fukagawa,fukagawa,False
fuji,fuji,False
froxfield,froxfield,False
frome,frome,False
gabon or republic of congo,gabon or republic of congo,False
gadingredjo,gadingredjo,False
gartz,gartz,False
gap,gap,False
garrus,garrus,False
garmisch-partenkirchen,garmisch-partenkirchen,False
garhwal,garhwal,False
gargnano,gargnano,False
gardone riviera,gardone riviera,False
bagnères-de-bigorre,bagnères-de-bigorre,False
garderen,garderen,False
gard,gard,False
bagnères-de-luchon,bagnères-de-luchon,False
gaiberg,gaiberg,False
gameren,gameren,False
galveston,galveston,False
galleria nazionale dell'umbria,galleria nazionale dell'umbria,False
galleria dell'accademia,galleria dell'accademia,False
galleria degli uffizi,galleria degli uffizi,False
galle,galle,False
gallarate,gallarate,False
gainsborough,gainsborough,False
dekkersduin,dekkersduin,False
deir el-bahri,deir el-bahri,False
deinze,deinze,False
berlicum,berlicum,False
bückeburg,bückeburg,False
bône,bône,False
byzantium,byzantium,False
byrsa,byrsa,False
byland abbey,byland abbey,False
buxton,buxton,False
butzbach,butzbach,False
bettws-y-coed,bettws-y-coed,False
butte county,butte county,False
betuwe,betuwe,False
bussang,bussang,False
bushbury,bushbury,False
busan,busan,False
bury saint edmunds,bury saint edmunds,False
burtscheid,burtscheid,False
burton bradstock,burton bradstock,False
bursa,bursa,False
burrawang,burrawang,False
burma,burma,False
băile herculane,băile herculane,False
cabourg,cabourg,False
cadzand,cadzand,False
cakranegara,cakranegara,False
callantsoog,callantsoog,False
california,california,False
calicut,calicut,False
calgary,calgary,False
cales,cales,False
calascibetta,calascibetta,False
calais,calais,False
calabria,calabria,False
bethlehem,bethlehem,False
caerhun,caerhun,False
cairo,cairo,False
cahors,cahors,False
cahir,cahir,False
cagnes-sur-mer,cagnes-sur-mer,False
cagiallo,cagiallo,False
caernarvonshire,caernarvonshire,False
caernarfon castle,caernarfon castle,False
caernafon,caernafon,False
burkina faso,burkina faso,False
burhanpur,burhanpur,False
burgundy,burgundy,False
buchenwald,buchenwald,False
buildwas,buildwas,False
beverwijk,beverwijk,False
buffalo,buffalo,False
buen retiro,buen retiro,False
budel,budel,False
bude,bude,False
bucks county,bucks county,False
buckinghamshire,buckinghamshire,False
brünigpas,brünigpas,False
buitengasthuis,buitengasthuis,False
bry-sur-marne,bry-sur-marne,False
bevier,bevier,False
brunswick,brunswick,False
brunnen,brunnen,False
bruinisse,bruinisse,False
brugelette,brugelette,False
bruck an der mur,bruck an der mur,False
bruchsal,bruchsal,False
buildwas abbey,buildwas abbey,False
buitenhof,buitenhof,False
burghausen,burghausen,False
buniyar,buniyar,False
burgh,burgh,False
burg hartenstein,burg hartenstein,False
burg fernstein,burg fernstein,False
burg anhalt,burg anhalt,False
buren,buren,False
burcht van leiden,burcht van leiden,False
bunschoten,bunschoten,False
bunnik,bunnik,False
bunhill fields,bunhill fields,False
bukhara,bukhara,False
bungay,bungay,False
bundi,bundi,False
bunde,bunde,False
beveren,beveren,False
beverly,beverly,False
bulgaria,bulgaria,False
bulandshahr,bulandshahr,False
bukittinggi,bukittinggi,False
calle de alcalá,calle de alcalá,False
calvi,calvi,False
camaldoli,camaldoli,False
carnac,carnac,False
casa de pilatos,casa de pilatos,False
cartmel,cartmel,False
carthage,carthage,False
carrickmacross,carrickmacross,False
carqueiranne,carqueiranne,False
carquefou,carquefou,False
berner alpen,berner alpen,False
caroline islands,caroline islands,False
carlstadt,carlstadt,False
casa di sallustio,casa di sallustio,False
carisbrooke castle,carisbrooke castle,False
carisbrooke,carisbrooke,False
cardiff,cardiff,False
carchi,carchi,False
carcassonne,carcassonne,False
berner oberland,berner oberland,False
caracas,caracas,False
capua,capua,False
casa di cornelio rufo,casa di cornelio rufo,False
casamicciola terme,casamicciola terme,False
caprarola,caprarola,False
castel sant'elmo,castel sant'elmo,False
bermuda,bermuda,False
castricum,castricum,False
castle acre priory,castle acre priory,False
castle acre,castle acre,False
castilla-la mancha,castilla-la mancha,False
castenray,castenray,False
castelmola,castelmola,False
castelli,castelli,False
castel gandolfo,castel gandolfo,False
casco bay,casco bay,False
castel durante,castel durante,False
castagnola,castagnola,False
cassis,cassis,False
cassino,cassino,False
cassel,cassel,False
casilda,casilda,False
cashel,cashel,False
caserta,caserta,False
capriasca,capriasca,False
capodimonte,capodimonte,False
camberley,camberley,False
campestro,campestro,False
bernières-sur-mer,bernières-sur-mer,False
bernkastel,bernkastel,False
berrouaghia,berrouaghia,False
canaan,canaan,False
cana,cana,False
berry-au-bac,berry-au-bac,False
besançon,besançon,False
campfer,campfer,False
beshir,beshir,False
candi bubrah,candi bubrah,False
campbeltown,campbeltown,False
campania,campania,False
campagna,campagna,False
camp de châlons,camp de châlons,False
besselsleigh,besselsleigh,False
cameroon,cameroon,False
best,best,False
cambrai,cambrai,False
cancale,cancale,False
candi merak,candi merak,False
capitool,capitool,False
cantù,cantù,False
capellen,capellen,False
capelle aan den ijssel,capelle aan den ijssel,False
capella medici,capella medici,False
capel curig,capel curig,False
cape of good hope,cape of good hope,False
cape elizabeth,cape elizabeth,False
cap spartel,cap spartel,False
cap de la hève,cap de la hève,False
canton,canton,False
candi plaosan,candi plaosan,False
cantley,cantley,False
canterbury,canterbury,False
cantenac,cantenac,False
cantal,cantal,False
canovelles,canovelles,False
canosa di puglia,canosa di puglia,False
cannstatt,cannstatt,False
canebière,canebière,False
brouwershaven,brouwershaven,False
broussa,broussa,False
broughty ferry,broughty ferry,False
bommel,bommel,False
bonneville,bonneville,False
bonneuil-sur-marne,bonneuil-sur-marne,False
bonnes,bonnes,False
bonifacio,bonifacio,False
bondy,bondy,False
boncourt,boncourt,False
bonchurch,bonchurch,False
bonampak,bonampak,False
bolzano,bolzano,False
bijapur,bijapur,False
bolton abbey,bolton abbey,False
bikaner,bikaner,False
bolton,bolton,False
bollenstreek,bollenstreek,False
biland khel,biland khel,False
bolbec,bolbec,False
bokula,bokula,False
bois-colombes,bois-colombes,False
bonsecours,bonsecours,False
boompjes,boompjes,False
bilaspur,bilaspur,False
borobudur,borobudur,False
bosporus,bosporus,False
bosnia,bosnia,False
boskoop,boskoop,False
bosham,bosham,False
bosch en duin,bosch en duin,False
boscastle,boscastle,False
bielefeld,bielefeld,False
biervliet,biervliet,False
bigeh,bigeh,False
boppard,boppard,False
biggersberg,biggersberg,False
bihar,bihar,False
borgund,borgund,False
borghees,borghees,False
borgerhout,borgerhout,False
bordighera,bordighera,False
borculo,borculo,False
borce,borce,False
bois de vincennes,bois de vincennes,False
bilbao,bilbao,False
bosvoorde,bosvoorde,False
bièvres,bièvres,False
blakeney,blakeney,False
blairgowrie,blairgowrie,False
blaesheim,blaesheim,False
bladensburg,bladensburg,False
blackpool,blackpool,False
blackheath,blackheath,False
blackgang,blackgang,False
black sea,black sea,False
bizen,bizen,False
binche,binche,False
bizanos,bizanos,False
biwameer,biwameer,False
bishopstoke,bishopstoke,False
bishapur,bishapur,False
birstein,birstein,False
birr,birr,False
biron,biron,False
bingen,bingen,False
blankenberge,blankenberge,False
blankenese,blankenese,False
bogor,bogor,False
bodenthal,bodenthal,False
bogenšperk,bogenšperk,False
boer,boer,False
boekel,boekel,False
bilston,bilston,False
bilzen,bilzen,False
bodjong,bodjong,False
bodiam,bodiam,False
bodetal,bodetal,False
bima,bima,False
blicquy,blicquy,False
bodegraven,bodegraven,False
bochum,bochum,False
blégný,blégný,False
blue john cavern,blue john cavern,False
bludenz,bludenz,False
blomberg,blomberg,False
blokzijl,blokzijl,False
bloemfontein,bloemfontein,False
bossons glacier,bossons glacier,False
biel/bienne,biel/bienne,False
broughton,broughton,False
bressanone,bressanone,False
bridport,bridport,False
bridgeport,bridgeport,False
bricquebec,bricquebec,False
briare,briare,False
breydon,breydon,False
breukelen,breukelen,False
breteuil-sur-noye,breteuil-sur-noye,False
beyton,beyton,False
bhagalpur,bhagalpur,False
brielle,brielle,False
brescia,brescia,False
bhamo,bhamo,False
brenchley,brenchley,False
bremerhaven,bremerhaven,False
bhopal,bhopal,False
breisgau,breisgau,False
breisach,breisach,False
bregenz,bregenz,False
brieg,brieg,False
brienz,brienz,False
bhutan,bhutan,False
brixton,brixton,False
brooklyn,brooklyn,False
brompton,brompton,False
bromley,bromley,False
bromberg,bromberg,False
broerenkerk,broerenkerk,False
broek in waterland,broek in waterland,False
brodick,brodick,False
brocken,brocken,False
brixham,brixham,False
beykoz,beykoz,False
brittany,brittany,False
bex,bex,False
bexhill-on-sea,bexhill-on-sea,False
britain,britain,False
brissago,brissago,False
brilon,brilon,False
brignoles,brignoles,False
brig o' doon,brig o' doon,False
breestraat,breestraat,False
brazil,brazil,False
botersloot,botersloot,False
boulevard saint-denis,boulevard saint-denis,False
biebrich,biebrich,False
bourges,bourges,False
bourg-la-reine,bourg-la-reine,False
bourg-en-bresse,bourg-en-bresse,False
bourg-achard,bourg-achard,False
boulogne-sur-seine,boulogne-sur-seine,False
boulogne-sur-mer,boulogne-sur-mer,False
boulevard saint-martin,boulevard saint-martin,False
boulevard des italiens,boulevard des italiens,False
bouxwiller,bouxwiller,False
boulevard anspach,boulevard anspach,False
boulder,boulder,False
bouillon,bouillon,False
bougival,bougival,False
bouffioulx,bouffioulx,False
bouches-du-rhône,bouches-du-rhône,False
bou saâda,bou saâda,False
botswana,botswana,False
bournemouth,bournemouth,False
biddenden,biddenden,False
bray,bray,False
braemar,braemar,False
braunau-am-inn,braunau-am-inn,False
braubach,braubach,False
brattlandsdalen,brattlandsdalen,False
brastagi,brastagi,False
branxholme castle,branxholme castle,False
brandenburg,brandenburg,False
brakel,brakel,False
braine-le-comte,braine-le-comte,False
bradford-on-avon,bradford-on-avon,False
bovey tracey,bovey tracey,False
biarritz,biarritz,False
bradford,bradford,False
bracklinn falls,bracklinn falls,False
bracciano,bracciano,False
bozouls,bozouls,False
boyolali,boyolali,False
boxtel,boxtel,False
boxmeer,boxmeer,False
catalonia,catalonia,False
berkum,berkum,False
dehua,dehua,False
caucasus mountains,caucasus mountains,False
cortona,cortona,False
cortina d'ampezzo,cortina d'ampezzo,False
corte,corte,False
corpach,corpach,False
coronie,coronie,False
coromandel coast,coromandel coast,False
cornwall,cornwall,False
corno nero,corno nero,False
cornhill-on-tweed,cornhill-on-tweed,False
cork,cork,False
corinth,corinth,False
corfe castle,corfe castle,False
corbeil-essonnes,corbeil-essonnes,False
corbeil,corbeil,False
coos,coos,False
cook islands,cook islands,False
conwy castle,conwy castle,False
conwy,conwy,False
contrexéville,contrexéville,False
cosne,cosne,False
beers,beers,False
beemster,beemster,False
beek en donk,beek en donk,False
creil,creil,False
crayford,crayford,False
bedum,bedum,False
coventry,coventry,False
covent garden,covent garden,False
cousins island,cousins island,False
courmayeur,courmayeur,False
courbevoie,courbevoie,False
beek ubbergen,beek ubbergen,False
beekbergen,beekbergen,False
country,country,False
coulommiers,coulommiers,False
couilly,couilly,False
coudewater,coudewater,False
coucy-le-château,coucy-le-château,False
cottbus,cottbus,False
cothen,cothen,False
coswig,coswig,False
constantinople,constantinople,False
constantine,constantine,False
conques,conques,False
colesberg,colesberg,False
colombes,colombes,False
coln saint aldwyns,coln saint aldwyns,False
colmar,colmar,False
collégiale notre-dame,collégiale notre-dame,False
collina di san bernardo,collina di san bernardo,False
collegium carolinum,collegium carolinum,False
collegiata santa maria assunta,collegiata santa maria assunta,False
colima,colima,False
colenso,colenso,False
bekasi,bekasi,False
colditz,colditz,False
colchester,colchester,False
col du mont cenis,col du mont cenis,False
col di lana,col di lana,False
col de pierre pertuis,col de pierre pertuis,False
col de peyresourde,col de peyresourde,False
coevorden,coevorden,False
coesfeld,coesfeld,False
bekavallei,bekavallei,False
beijing,beijing,False
coniston,coniston,False
compiègne,compiègne,False
beerschoten-willinkshof,beerschoten-willinkshof,False
congo,congo,False
beersheba springs,beersheba springs,False
beesd,beesd,False
concord,concord,False
conches-en-ouche,conches-en-ouche,False
concarneau,concarneau,False
beets,beets,False
beetsterzwaag,beetsterzwaag,False
colorado springs,colorado springs,False
comodoro rivadavia,comodoro rivadavia,False
comines,comines,False
combourg,combourg,False
combloux,combloux,False
comal,comal,False
columbus,columbus,False
columbia plateau,columbia plateau,False
colosseum,colosseum,False
cremona,cremona,False
bedminster,bedminster,False
creussen,creussen,False
dar es salaam,dar es salaam,False
daun,daun,False
dattenberg,dattenberg,False
datia,datia,False
datchet,datchet,False
dasjoer,dasjoer,False
dartmoor,dartmoor,False
darlington,darlington,False
dargle,dargle,False
beaumont-le-roger,beaumont-le-roger,False
de aar,de aar,False
danbury,danbury,False
damrak,damrak,False
damplein,damplein,False
damme,damme,False
dambulla,dambulla,False
damascus,damascus,False
bedale,bedale,False
dam,dam,False
beaumont-du-périgord,beaumont-du-périgord,False
de bilt,de bilt,False
bedburg-hau,bedburg-hau,False
decatur county,decatur county,False
dehradun,dehradun,False
deer mountain,deer mountain,False
beatenberg,beatenberg,False
dedham,dedham,False
dedgum,dedgum,False
dedemsvaart,dedemsvaart,False
decín,decín,False
decize,decize,False
debrecen,debrecen,False
de haan,de haan,False
beaugency,beaugency,False
beaujeu,beaujeu,False
beaulieu-sur-mer,beaulieu-sur-mer,False
deal,deal,False
deadwood,deadwood,False
de steeg,de steeg,False
de lutte,de lutte,False
de lier,de lier,False
dalmeny,dalmeny,False
dallas,dallas,False
crewe,crewe,False
croyland abbey,croyland abbey,False
cumnock,cumnock,False
cumbria,cumbria,False
culloden,culloden,False
cuisery,cuisery,False
cuijk,cuijk,False
créteil,créteil,False
crystal palace,crystal palace,False
crumlaw,crumlaw,False
croydon,croydon,False
curtea de argeș,curtea de argeș,False
crowleytown,crowleytown,False
crowland,crowland,False
crotone,crotone,False
crooswijk,crooswijk,False
croismare,croismare,False
croatia,croatia,False
cristallomassief,cristallomassief,False
cripple creek,cripple creek,False
cumnor,cumnor,False
cuttack,cuttack,False
dalfsen,dalfsen,False
bedford,bedford,False
dalarna,dalarna,False
dal van hinnom,dal van hinnom,False
dakka,dakka,False
dahestan,dahestan,False
dagestan,dagestan,False
dagelijkse groenmarkt,dagelijkse groenmarkt,False
dadizele,dadizele,False
beddgelert,beddgelert,False
dabo,dabo,False
cuzco,cuzco,False
côte d’ivoire,côte d’ivoire,False
côte d'ivoire,côte d'ivoire,False
côte d'azur,côte d'azur,False
cévennes,cévennes,False
cádiz,cádiz,False
czechoslovakia,czechoslovakia,False
cyprus,cyprus,False
cyclades,cyclades,False
cochem,cochem,False
coburg,coburg,False
cobridge,cobridge,False
chantilly,chantilly,False
charleston,charleston,False
charleroi,charleroi,False
charlemont,charlemont,False
bennebroek,bennebroek,False
charing cross,charing cross,False
charenton-le-pont,charenton-le-pont,False
charente,charente,False
chard,chard,False
chanteuges,chanteuges,False
charlieu,charlieu,False
changzhou,changzhou,False
champéry,champéry,False
champigny-sur-marne,champigny-sur-marne,False
chambery,chambery,False
chambord,chambord,False
chamba,chamba,False
chalkis,chalkis,False
chalfont saint peter,chalfont saint peter,False
charleville-mézières,charleville-mézières,False
charmouth,charmouth,False
chagford,chagford,False
chengalpattu,chengalpattu,False
cherokee,cherokee,False
cherbourg,cherbourg,False
cheratte,cheratte,False
chepstow castle,chepstow castle,False
chepstow,chepstow,False
chenonceaux,chenonceaux,False
chennevières-sur-marne,chennevières-sur-marne,False
chenies,chenies,False
chemnitz,chemnitz,False
chat moss,chat moss,False
cheltenham,cheltenham,False
cheddar,cheddar,False
cheb,cheb,False
chavín de huantar,chavín de huantar,False
chaville,chaville,False
chausseehaus,chausseehaus,False
chaudes-aigues,chaudes-aigues,False
chatham,chatham,False
benningbroek,benningbroek,False
chad,chad,False
cheshire,cheshire,False
berkel,berkel,False
central california,central california,False
bergeijk,bergeijk,False
central asia,central asia,False
berghem,berghem,False
central america,central america,False
bergisel,bergisel,False
bergum,bergum,False
bergün,bergün,False
cefalù,cefalù,False
central india,central india,False
berkel en rodenrijs,berkel en rodenrijs,False
berkeley,berkeley,False
cauterets,cauterets,False
caulonia,caulonia,False
caudebec-lès-elbeuf,caudebec-lès-elbeuf,False
caudebec-en-caux,caudebec-en-caux,False
berks county,berks county,False
berkshire,berkshire,False
central europe,central europe,False
bergambacht,bergambacht,False
chaam,chaam,False
central plains,central plains,False
benschop,benschop,False
cetinje,cetinje,False
cetara,cetara,False
cerro blanco,cerro blanco,False
cernobbio,cernobbio,False
bensheim,bensheim,False
cepu,cepu,False
central tibet,central tibet,False
bentheim,bentheim,False
bergama,bergama,False
bentveld,bentveld,False
berar,berar,False
berchem,berchem,False
berchtesgaden,berchtesgaden,False
berg en dal,berg en dal,False
central mexico,central mexico,False
central java,central java,False
central italy,central italy,False
chertsey,chertsey,False
chester,chester,False
belfast,belfast,False
châtillon-en-diois,châtillon-en-diois,False
civitavecchia,civitavecchia,False
belle isle park,belle isle park,False
cirque de gavarnie,cirque de gavarnie,False
circassia,circassia,False
cincinnati,cincinnati,False
cilgerran,cilgerran,False
cilacap,cilacap,False
châtillon-sur-seine,châtillon-sur-seine,False
belleville,belleville,False
claire fontaine,claire fontaine,False
bellinzona,bellinzona,False
châtel-guyon,châtel-guyon,False
châteauneuf,châteauneuf,False
châteaulin,châteaulin,False
châteaugay,châteaugay,False
château-thierry,château-thierry,False
château-d'œx,château-d'œx,False
château de la ferté,château de la ferté,False
civitella,civitella,False
clamart,clamart,False
château de blois,château de blois,False
clewer,clewer,False
coalport,coalport,False
coalbrookdale,coalbrookdale,False
clyde,clyde,False
cluny,cluny,False
clovelly,clovelly,False
cliveden,cliveden,False
clignancourt,clignancourt,False
cley next the sea,cley next the sea,False
clervaux,clervaux,False
clamecy,clamecy,False
clermont-ferrand,clermont-ferrand,False
clementinum,clementinum,False
clelles,clelles,False
clear creek,clear creek,False
clausthal-zellerfeld,clausthal-zellerfeld,False
clausthal,clausthal,False
belinyu,belinyu,False
claremont,claremont,False
château de chambord,château de chambord,False
château de bachivillers,château de bachivillers,False
chevreuse,chevreuse,False
chiesa di san francesco,chiesa di san francesco,False
benediktbeuern,benediktbeuern,False
bengal,bengal,False
chimbote,chimbote,False
chignin,chignin,False
chiffa,chiffa,False
chiesa di sant'agostino,chiesa di sant'agostino,False
chiesa di san giovanni in fonte,chiesa di san giovanni in fonte,False
chiesa di san giorgio maggiore,chiesa di san giorgio maggiore,False
bengkayang,bengkayang,False
bemmel,bemmel,False
chiemsee,chiemsee,False
chicopee,chicopee,False
chichester,chichester,False
chicama valley,chicama valley,False
chicago heights,chicago heights,False
chiavenna,chiavenna,False
chiavari,chiavari,False
benin,benin,False
ben nevis,ben nevis,False
belvidere,belvidere,False
château d'if,château d'if,False
cholula,cholula,False
châlons-en-champagne,châlons-en-champagne,False
beloeil,beloeil,False
chur,chur,False
chupícuaro,chupícuaro,False
christiansø,christiansø,False
christiania,christiania,False
chota nagpur,chota nagpur,False
chomolhari,chomolhari,False
choisy-le-roi,choisy-le-roi,False
chinatown,chinatown,False
chiyoda,chiyoda,False
chivasso,chivasso,False
chittagong,chittagong,False
chiswick,chiswick,False
chiseldon,chiseldon,False
chipping campden,chipping campden,False
chioggia,chioggia,False
chinchow,chinchow,False
grunewald,grunewald,False
gruyères,gruyères,False
gröbenzell,gröbenzell,False
zaltbommel,zaltbommel,False
levkás,levkás,False
levant,levant,False
levallois-perret,levallois-perret,False
leuvehaven,leuvehaven,False
leusden,leusden,False
leur,leur,False
leukerbad,leukerbad,False
leszno,leszno,False
lesbos,lesbos,False
les petites-dalles,les petites-dalles,False
les brenets,les brenets,False
les baux-de-provence,les baux-de-provence,False
les andelys,les andelys,False
lermoos,lermoos,False
lerida,lerida,False
leopoldstadt,leopoldstadt,False
leopoldstad,leopoldstad,False
lent,lent,False
lensahn,lensahn,False
levoča,levoča,False
lewis,lewis,False
lewiston,lewiston,False
lichtenvoorde,lichtenvoorde,False
lierop,lierop,False
lienz,lienz,False
lienden,lienden,False
liedekerke,liedekerke,False
liechtensteinklamm,liechtensteinklamm,False
liebenstein,liebenstein,False
lick observatory,lick observatory,False
lichterfelde,lichterfelde,False
lichtenfels,lichtenfels,False
leyden street,leyden street,False
lichte,lichte,False
lichfield,lichfield,False
libourne,libourne,False
zwickau,zwickau,False
liberia,liberia,False
zwolle,zwolle,False
liancourt,liancourt,False
león,león,False
leningrad,leningrad,False
lengerich,lengerich,False
lena,lena,False
le mont-saint-michel,le mont-saint-michel,False
le vésinet,le vésinet,False
le tréport,le tréport,False
le theux,le theux,False
le puy-en-velay,le puy-en-velay,False
le puy,le puy,False
le pouliguen,le pouliguen,False
le petit andely,le petit andely,False
le passage,le passage,False
le monastier-sur-gazeille,le monastier-sur-gazeille,False
leamington spa,leamington spa,False
le mans,le mans,False
le locle,le locle,False
le lioran,le lioran,False
le hohwald,le hohwald,False
le hameau de la reine,le hameau de la reine,False
le faou,le faou,False
le brassus,le brassus,False
le bourget,le bourget,False
leadville,leadville,False
leatherhead,leatherhead,False
lemsterland,lemsterland,False
leiston,leiston,False
lemmer,lemmer,False
lemiers,lemiers,False
lemgo,lemgo,False
lembeek,lembeek,False
lembang,lembang,False
lekeitio,lekeitio,False
leitmeritz,leitmeritz,False
leith,leith,False
leimuiden,leimuiden,False
lebanon,lebanon,False
leidsestraat,leidsestraat,False
leidschendam,leidschendam,False
leiderdorp,leiderdorp,False
leerdam,leerdam,False
leende,leende,False
leek,leek,False
leeds castle,leeds castle,False
ledeberg,ledeberg,False
lierre,lierre,False
liessel,liessel,False
liguria,liguria,False
longjumeau,longjumeau,False
zeist,zeist,False
loppersum,loppersum,False
loosduinen,loosduinen,False
loosdrechtse plassen,loosdrechtse plassen,False
loon op zand,loon op zand,False
longs peak,longs peak,False
longport,longport,False
longmen,longmen,False
long island,long island,False
lorient,lorient,False
long branch,long branch,False
long beach,long beach,False
lombok,lombok,False
lombardy,lombardy,False
zierikzee,zierikzee,False
loire,loire,False
loir-et-cher,loir-et-cher,False
loggia dei lanzi,loggia dei lanzi,False
loreto,loreto,False
los alamos,los alamos,False
loenen aan de vecht,loenen aan de vecht,False
lower rhine region,lower rhine region,False
zandvoort,zandvoort,False
luchon,luchon,False
lucerne,lucerne,False
luccombe,luccombe,False
luc-sur-mer,luc-sur-mer,False
luanda,luanda,False
loyola,loyola,False
lowestoft,lowestoft,False
lower austria,lower austria,False
zeeland,zeeland,False
lournand,lournand,False
lourenço marques,lourenço marques,False
lourdes,lourdes,False
louny,louny,False
louisville,louisville,False
louisiana,louisiana,False
louis trichardt,louis trichardt,False
los santos province,los santos province,False
loevestein castle,loevestein castle,False
lochindorb,lochindorb,False
lijnden,lijnden,False
lincoln,lincoln,False
lintau buo,lintau buo,False
linschoten,linschoten,False
linköping,linköping,False
linkebeek,linkebeek,False
lingen,lingen,False
lindisfarne,lindisfarne,False
lindenfels,lindenfels,False
lindau,lindau,False
limerick,limerick,False
lippelo,lippelo,False
limburg an der lahn,limburg an der lahn,False
zundert,zundert,False
limburg,limburg,False
limbach-oberfrohna,limbach-oberfrohna,False
limay,limay,False
lima department,lima department,False
lima,lima,False
lillebonne,lillebonne,False
linz,linz,False
liquan,liquan,False
loch ness,loch ness,False
llangollen,llangollen,False
loch maree,loch maree,False
loch lubnaig,loch lubnaig,False
loch lomond,loch lomond,False
loch katrine,loch katrine,False
loch achray,loch achray,False
locarno,locarno,False
llanthony priory,llanthony priory,False
llanthony,llanthony,False
llandudno,llandudno,False
lisbon,lisbon,False
llanberis pass,llanberis pass,False
llanaber,llanaber,False
livorno,livorno,False
littledean,littledean,False
listrac,listrac,False
lisse,lisse,False
lisieux,lisieux,False
"lisez et propagez nos annales: ""l'immacul‚e""","lisez et propagez nos annales: ""l'immacul‚e""",False
le bardo,le bardo,False
lazio,lazio,False
lavelanet,lavelanet,False
krimpen aan den ijssel,krimpen aan den ijssel,False
kruisbaai,kruisbaai,False
kruiningen,kruiningen,False
krugersdorp,krugersdorp,False
kroonstad,kroonstad,False
kronprinzenpalais,kronprinzenpalais,False
krommenie,krommenie,False
aboyne,aboyne,False
kristiansand,kristiansand,False
krimml,krimml,False
kruisstraat,kruisstraat,False
kriegshaber,kriegshaber,False
abu,abu,False
krems,krems,False
kremnica,kremnica,False
kremlin,kremlin,False
krefeld,krefeld,False
abu simbel,abu simbel,False
kranenburg,kranenburg,False
kruiseiland,kruiseiland,False
abingdon,abingdon,False
kraaiveld,kraaiveld,False
königgrätz,königgrätz,False
l'isle-adam,l'isle-adam,False
l'escarène,l'escarène,False
l'aquila,l'aquila,False
l'aigle,l'aigle,False
köpenick,köpenick,False
königstein im taunus,königstein im taunus,False
königssee,königssee,False
königshaus,königshaus,False
kyffhäuser,kyffhäuser,False
aberdeenshire,aberdeenshire,False
kwatrecht,kwatrecht,False
kutná hora,kutná hora,False
kutani,kutani,False
kurtscheid,kurtscheid,False
kupang,kupang,False
kumaon,kumaon,False
kula,kula,False
kuinre,kuinre,False
kralingen,kralingen,False
koudewater,koudewater,False
la chaux-de-fonds,la chaux-de-fonds,False
kobe,kobe,False
koivuniemi,koivuniemi,False
kohat,kohat,False
adare,adare,False
koganei,koganei,False
adelaide,adelaide,False
kodumbalur,kodumbalur,False
kodagu,kodagu,False
kochi,kochi,False
koba,koba,False
kolobrzeg,kolobrzeg,False
knowsley hall,knowsley hall,False
knossos,knossos,False
knole house,knole house,False
knokke,knokke,False
kneuterdijk,kneuterdijk,False
klundert,klundert,False
kloveniersburgwal,kloveniersburgwal,False
klosterneuburg,klosterneuburg,False
kolderveen,kolderveen,False
kom ombo,kom ombo,False
koudekerke,koudekerke,False
achtmaal,achtmaal,False
koudekerk aan den rijn,koudekerk aan den rijn,False
kotah,kotah,False
kota,kota,False
koszalin,koszalin,False
kortgene,kortgene,False
kortenhoef,kortenhoef,False
korte geldersekade,korte geldersekade,False
korsør,korsør,False
korean peninsula,korean peninsula,False
kongsberg,kongsberg,False
korea or china,korea or china,False
acilia,acilia,False
kootwijk,kootwijk,False
konya,konya,False
konstanz,konstanz,False
acton,acton,False
adalaj,adalaj,False
adalia,adalia,False
la bresse,la bresse,False
la ciotat,la ciotat,False
laval,laval,False
landshut,landshut,False
langham,langham,False
langestraat,langestraat,False
langerwehe,langerwehe,False
langerak,langerak,False
langeraar,langeraar,False
langeais,langeais,False
lange geldersekade,lange geldersekade,False
landsmeer,landsmeer,False
aarau,aarau,False
lannion,lannion,False
landesmuseum,landesmuseum,False
aarburg,aarburg,False
landeck,landeck,False
aardenburg,aardenburg,False
aareschlucht,aareschlucht,False
aarhus,aarhus,False
aarlanderveen,aarlanderveen,False
lancaster,lancaster,False
langley mill,langley mill,False
laon,laon,False
aarschot,aarschot,False
lauda-königshofen,lauda-königshofen,False
lauterbrunnental,lauterbrunnental,False
lauterbrunnen,lauterbrunnen,False
launceston,launceston,False
launcells,launcells,False
lauingen,lauingen,False
lauenstein,lauenstein,False
lauenburg,lauenburg,False
lauder,lauder,False
laucala,laucala,False
laos,laos,False
latium,latium,False
latin kingdom of jerusalem,latin kingdom of jerusalem,False
"12th place, 554 west","12th place, 554 west",False
a coruña,a coruña,False
las palmas,las palmas,False
larvik,larvik,False
aalsmeer,aalsmeer,False
aalst,aalst,False
lanarkshire,lanarkshire,False
lambeth,lambeth,False
la courneuve,la courneuve,False
la roche-guyon,la roche-guyon,False
laaghalen,laaghalen,False
la-chaise-dieu,la-chaise-dieu,False
abbotskerswell,abbotskerswell,False
la turbie,la turbie,False
la spezia,la spezia,False
abcoude,abcoude,False
la sauve,la sauve,False
la rochelle,la rochelle,False
la roche-en-ardenne,la roche-en-ardenne,False
labarde,labarde,False
la rambla,la rambla,False
la orotava,la orotava,False
la motte-servolex,la motte-servolex,False
la marsa,la marsa,False
la louvière,la louvière,False
la hulpe,la hulpe,False
la flèche,la flèche,False
la couture,la couture,False
laax,laax,False
laboratoire arago,laboratoire arago,False
lambaesis,lambaesis,False
abbotsford,abbotsford,False
lamastre,lamastre,False
lake worth,lake worth,False
aartselaar,aartselaar,False
aba,aba,False
lake george,lake george,False
lahntal,lahntal,False
lahnstein,lahnstein,False
abbekerk,abbekerk,False
abbotsford house,abbotsford house,False
lac blanc,lac blanc,False
lago d'agnano,lago d'agnano,False
lage vuursche,lage vuursche,False
lafayette,lafayette,False
laeken,laeken,False
ladysmith,ladysmith,False
ladik,ladik,False
laconia,laconia,False
lacock,lacock,False
ludwigsstadt,ludwigsstadt,False
lugdunum,lugdunum,False
kloetinge,kloetinge,False
luggagia,luggagia,False
veghel,veghel,False
velsen,velsen,False
venice,venice,False
middelstum,middelstum,False
verona,verona,False
middelie,middelie,False
middelharnis,middelharnis,False
middagsfjell,middagsfjell,False
versailles,versailles,False
vicenza,vicenza,False
vienna,vienna,False
vietnam,vietnam,False
vincennes,vincennes,False
vlaardingen,vlaardingen,False
michaeliskirche,michaeliskirche,False
miami,miami,False
mezquita,mezquita,False
volendam,volendam,False
voorburg,voorburg,False
veere,veere,False
middenbeemster,middenbeemster,False
varanasi,varanasi,False
midwolde,midwolde,False
milwaukee,milwaukee,False
milngavie,milngavie,False
millville,millville,False
millingen,millingen,False
miletus,miletus,False
milete,milete,False
mihintale,mihintale,False
mieders,mieders,False
midlum,midlum,False
middle east,middle east,False
midlothian,midlothian,False
midlaren,midlaren,False
vanuatu,vanuatu,False
middletown,middletown,False
middleton,middleton,False
middlesex,middlesex,False
middlesbrough,middlesbrough,False
middlebury,middlebury,False
mewar,mewar,False
meuse area,meuse area,False
meuse,meuse,False
melrose abbey,melrose abbey,False
menat,menat,False
menars,menars,False
menai suspension bridge,menai suspension bridge,False
menai bridge,menai bridge,False
menaggio,menaggio,False
wales,wales,False
memmingen,memmingen,False
melun,melun,False
warmond,warmond,False
mendoza,mendoza,False
melnik,melnik,False
melbury bubb,melbury bubb,False
melbourne,melbourne,False
melas,melas,False
washington d.c.,washington d.c.,False
meiringen,meiringen,False
meijel,meijel,False
mehr,mehr,False
wageningen,wageningen,False
mennecy,mennecy,False
meurs,meurs,False
meriden,meriden,False
meudon,meudon,False
meteora,meteora,False
metaponto,metaponto,False
voorschoten,voorschoten,False
mesopotamia,mesopotamia,False
mesa verde national park,mesa verde national park,False
merseburg,merseburg,False
mers-el-kébir,mers-el-kébir,False
merevale,merevale,False
menominee,menominee,False
merelbeke,merelbeke,False
merced,merced,False
merawang,merawang,False
vreeland,vreeland,False
mer de glace,mer de glace,False
meppel,meppel,False
vystaviště,vystaviště,False
mensa christi church,mensa christi church,False
mina,mina,False
minden,minden,False
minneapolis,minneapolis,False
monte ceneri,monte ceneri,False
urbino,urbino,False
montelupo fiorentino,montelupo fiorentino,False
montelupo,montelupo,False
monte san salvatore,monte san salvatore,False
monte rosa,monte rosa,False
monte pellegrino,monte pellegrino,False
monte palatino,monte palatino,False
monte dei cappuccini,monte dei cappuccini,False
monte carlo,monte carlo,False
monterado,monterado,False
montauban,montauban,False
montana,montana,False
montalcino,montalcino,False
utrecht,utrecht,False
mont-dore,mont-dore,False
mont sainte-odile,mont sainte-odile,False
mont cenis,mont cenis,False
mont blanc,mont blanc,False
montenvers,montenvers,False
montereau,montereau,False
monschau,monschau,False
montpellier,montpellier,False
mook,mook,False
monza,monza,False
united states,united states,False
monts dore,monts dore,False
montrose,montrose,False
montreux,montreux,False
unknown,unknown,False
montreal,montreal,False
montpelier,montpelier,False
montevideo,montevideo,False
unknown place,unknown place,False
montluçon,montluçon,False
montivilliers,montivilliers,False
montigny-sur-loing,montigny-sur-loing,False
montgeron,montgeron,False
montgenèvre,montgenèvre,False
montfoort,montfoort,False
montferland,montferland,False
monster,monster,False
monreale,monreale,False
minneriya,minneriya,False
mitau,mitau,False
modderrivier,modderrivier,False
modave,modave,False
międzyzdroje,międzyzdroje,False
mizusawa,mizusawa,False
miyanoshita,miyanoshita,False
miyajima,miyajima,False
mittweida,mittweida,False
mittenwald,mittenwald,False
misurina,misurina,False
binnenhof,binnenhof,False
missouri,missouri,False
valkeveen,valkeveen,False
mishima,mishima,False
mirzapur,mirzapur,False
mirecourt,mirecourt,False
miraflores,miraflores,False
mino,mino,False
minnesota,minnesota,False
modderspruit,modderspruit,False
modern cast of 39.40.39a,modern cast of 39.40.39a,False
monmouthshire,monmouthshire,False
vaassen,vaassen,False
monmouth,monmouth,False
monkey island,monkey island,False
monistrol-d'allier,monistrol-d'allier,False
uttar pradesh,uttar pradesh,False
uzbekistan,uzbekistan,False
mongewell,mongewell,False
monchy-le-preux,monchy-le-preux,False
monasterboice,monasterboice,False
molosmes,molosmes,False
valenciennes,valenciennes,False
molenvliet,molenvliet,False
molde,molde,False
mojosari,mojosari,False
mojokerto,mojokerto,False
moissey,moissey,False
mohonk lake,mohonk lake,False
moerdijk,moerdijk,False
moengo,moengo,False
megève,megève,False
wassenaar,wassenaar,False
mega spileo,mega spileo,False
maidstone,maidstone,False
makuleke,makuleke,False
makkum,makkum,False
makassar,makassar,False
majorca,majorca,False
maisons-alfort,maisons-alfort,False
mairano,mairano,False
maiori,maiori,False
maillane,maillane,False
maidenhead,maidenhead,False
malana,malana,False
maharashtra,maharashtra,False
magglingen,magglingen,False
magelang,magelang,False
magdeburg,magdeburg,False
mafra,mafra,False
mafeking,mafeking,False
madjene,madjene,False
wissembourg,wissembourg,False
malakoff,malakoff,False
wisconsin,wisconsin,False
wolfenbüttel,wolfenbüttel,False
malmedy,malmedy,False
manaus,manaus,False
manado,manado,False
malye karmakuly,malye karmakuly,False
malwa,malwa,False
maluku,maluku,False
malojapas,malojapas,False
maloja,maloja,False
malmö,malmö,False
malmberget,malmberget,False
malay archipelago,malay archipelago,False
mallorca,mallorca,False
windsor,windsor,False
maldon,maldon,False
malcesine,malcesine,False
malbork,malbork,False
winschoten,winschoten,False
malayan peninsula,malayan peninsula,False
malay peninsula,malay peninsula,False
wittenberg,wittenberg,False
worcester,worcester,False
mandhata,mandhata,False
yosemite valley,yosemite valley,False
yorkshire,yorkshire,False
lynton,lynton,False
lynn,lynn,False
lynmouth,lynmouth,False
lyndhurst,lyndhurst,False
lyceum,lyceum,False
lvov,lvov,False
luzerne,luzerne,False
luz-saint-sauveur,luz-saint-sauveur,False
yokohama,yokohama,False
luxeuil,luxeuil,False
zaandam,zaandam,False
lustleigh,lustleigh,False
zaanstreek,zaanstreek,False
lunteren,lunteren,False
lund,lund,False
luna island,luna island,False
lukolela,lukolela,False
låtefossen,låtefossen,False
yemen,yemen,False
madison,madison,False
yangon,yangon,False
madeleine,madeleine,False
wroclaw,wroclaw,False
würzburg,würzburg,False
madagascar,madagascar,False
macellum,macellum,False
macedonia,macedonia,False
macclesfield,macclesfield,False
macau,macau,False
maassluis,maassluis,False
löwenburg,löwenburg,False
maasland,maasland,False
maasdam,maasdam,False
maartensdijk,maartensdijk,False
maarssen,maarssen,False
maarn,maarn,False
maarheeze,maarheeze,False
m'banza congo,m'banza congo,False
lüneburg,lüneburg,False
mandalay,mandalay,False
mandi,mandi,False
meerut,meerut,False
martigny,martigny,False
matanzas,matanzas,False
massif de la chartreuse,massif de la chartreuse,False
mascuppic lake,mascuppic lake,False
maryland,maryland,False
marwar,marwar,False
marum,marum,False
martinique,martinique,False
martigues,martigues,False
martelarenplein,martelarenplein,False
mataram,mataram,False
marteau,marteau,False
martailly-lès-brancion,martailly-lès-brancion,False
martaban,martaban,False
marsveld,marsveld,False
marstrand,marstrand,False
marssum,marssum,False
marshfield,marshfield,False
marshall islands,marshall islands,False
matara,matara,False
mathura,mathura,False
marquesas islands,marquesas islands,False
medford,medford,False
meerssen,meerssen,False
meersburg,meersburg,False
meerane,meerane,False
weesp,weesp,False
weimar,weimar,False
weltevreden,weltevreden,False
meent,meent,False
medmenham,medmenham,False
western europe,western europe,False
matlock,matlock,False
westerwald,westerwald,False
meaux,meaux,False
mbinga,mbinga,False
mauritskade,mauritskade,False
mauritius,mauritius,False
maulbronn,maulbronn,False
maubeuge,maubeuge,False
matsushima,matsushima,False
marrakech,marrakech,False
weteringschans,weteringschans,False
mandleshwar,mandleshwar,False
mankot,mankot,False
mar saba,mar saba,False
maputo,maputo,False
wijk bij duurstede,wijk bij duurstede,False
mantinea,mantinea,False
mantes-la-jolie,mantes-la-jolie,False
mansfield,mansfield,False
manokwari,manokwari,False
manningtree,manningtree,False
manitou springs,manitou springs,False
marburg,marburg,False
manises,manises,False
manirang,manirang,False
manipur,manipur,False
manilla,manilla,False
manikaran,manikaran,False
manheim,manheim,False
manhattan,manhattan,False
mangareva,mangareva,False
marble rocks,marble rocks,False
marchin,marchin,False
marlow,marlow,False
marienwerder,marienwerder,False
wiesbaden,wiesbaden,False
markneukirchen,markneukirchen,False
markiezenhof,markiezenhof,False
mariposa grove,mariposa grove,False
marion,marion,False
marino,marino,False
maringues,maringues,False
marina piccola,marina piccola,False
marienfels,marienfels,False
marciana marina,marciana marina,False
mariakerke,mariakerke,False
mariabron,mariabron,False
margraten,margraten,False
margaux,margaux,False
margate,margate,False
maresfield,maresfield,False
maredsous,maredsous,False
marcinelle,marcinelle,False
klostermühle,klostermühle,False
klodzko,klodzko,False
gröningen,gröningen,False
anholt,anholt,False
hoensbroek,hoensbroek,False
hoenkoop,hoenkoop,False
hoek van holland,hoek van holland,False
hoei,hoei,False
hoegaarden,hoegaarden,False
hodnet,hodnet,False
hoboken,hoboken,False
anna paulowna,anna paulowna,False
aulnay,aulnay,False
hizen,hizen,False
hisar,hisar,False
hirschhorn,hirschhorn,False
hirschberger tal,hirschberger tal,False
hirschberg,hirschberg,False
hirschbach,hirschbach,False
hirado,hirado,False
hippodroom,hippodroom,False
hinterweidenthal,hinterweidenthal,False
hingham,hingham,False
hoeven,hoeven,False
ann arbor,ann arbor,False
hofkerk,hofkerk,False
holy roman empire,holy roman empire,False
honey nest kloof,honey nest kloof,False
honduras,honduras,False
hondschoote,hondschoote,False
homburg,homburg,False
holyrood abbey,holyrood abbey,False
holyoke city hall,holyoke city hall,False
holyoke,holyoke,False
holy trinity church,holy trinity church,False
holten,holten,False
hofstraat,hofstraat,False
holstein,holstein,False
hollywood,hollywood,False
holitsch,holitsch,False
anloo,anloo,False
hohenstein-ernstthal,hohenstein-ernstthal,False
hohenschwangau,hohenschwangau,False
hohendorf,hohendorf,False
hoge grindelwaldgletsjer,hoge grindelwaldgletsjer,False
hindon,hindon,False
hindeloopen,hindeloopen,False
himmelreich,himmelreich,False
hermalle-sous-argenteau,hermalle-sous-argenteau,False
hertford,hertford,False
herten,herten,False
herstmonceux,herstmonceux,False
herrenchiemsee,herrenchiemsee,False
herpen,herpen,False
hernen,hernen,False
hermannstadt,hermannstadt,False
hermannsberg,hermannsberg,False
herisau,herisau,False
herwen,herwen,False
aurich,aurich,False
hereford,hereford,False
herculaneum,herculaneum,False
herborn,herborn,False
herberg 't roomtuintje,herberg 't roomtuintje,False
herat,herat,False
heraklion,heraklion,False
henry,henry,False
hertfordshire,hertfordshire,False
auray,auray,False
himachal pradesh,himachal pradesh,False
heythuysen,heythuysen,False
hilvarenbeek,hilvarenbeek,False
hillerød,hillerød,False
hillegom,hillegom,False
hillegersberg,hillegersberg,False
highlands,highlands,False
highland,highland,False
high wycombe,high wycombe,False
hickling,hickling,False
heythrop,heythrop,False
hessen,hessen,False
hexentanzplatz,hexentanzplatz,False
hever,hever,False
heusden,heusden,False
heumen,heumen,False
heukelum,heukelum,False
heudreville-en-lieuvin,heudreville-en-lieuvin,False
het zoute,het zoute,False
het meer,het meer,False
honfleur,honfleur,False
honister pass,honister pass,False
honiton,honiton,False
hôtel de bourgtheroulde,hôtel de bourgtheroulde,False
ibiza,ibiza,False
ankeveen,ankeveen,False
iberian peninsula,iberian peninsula,False
hřensko,hřensko,False
hønefoss,hønefoss,False
höllental,höllental,False
höhr-grenzhausen,höhr-grenzhausen,False
höchst,höchst,False
härnösand,härnösand,False
ica valley,ica valley,False
hyères,hyères,False
hyderabad,hyderabad,False
hyde park,hyde park,False
husseren-wesserling,husseren-wesserling,False
husaby,husaby,False
hursley,hursley,False
huntington,huntington,False
hundsbach,hundsbach,False
ibn toeloenmoskee,ibn toeloenmoskee,False
iffley,iffley,False
hulwan,hulwan,False
ilfracombe,ilfracombe,False
imst,imst,False
imperial arsenal,imperial arsenal,False
ilsenburg,ilsenburg,False
ilpendam,ilpendam,False
ilmenau,ilmenau,False
illyria,illyria,False
illinois,illinois,False
ilkley,ilkley,False
ikere,ikere,False
ightham,ightham,False
ikaho,ikaho,False
ijsselstein,ijsselstein,False
ijsselmuiden,ijsselmuiden,False
ijsselmonde,ijsselmonde,False
ijssel,ijssel,False
ijsbrechtum,ijsbrechtum,False
ijmuiden,ijmuiden,False
ij,ij,False
hunan,hunan,False
hulst,hulst,False
honolulu,honolulu,False
hopi tribe of arizona,hopi tribe of arizona,False
houffalize,houffalize,False
hospental,hospental,False
horssen,horssen,False
horseshoe falls,horseshoe falls,False
horning,horning,False
hornberg,hornberg,False
horn,horn,False
hordaland,hordaland,False
hooikade,hooikade,False
houston,houston,False
hooghalen,hooghalen,False
hoogezand-sappemeer,hoogezand-sappemeer,False
hoogezand,hoogezand,False
hoogendijk,hoogendijk,False
hooge zwaluwe,hooge zwaluwe,False
hoogcruts,hoogcruts,False
hoog-soeren,hoog-soeren,False
honshu,honshu,False
houses of parliament,houses of parliament,False
houten,houten,False
hulftsdorp,hulftsdorp,False
huis te werve,huis te werve,False
huizum,huizum,False
huizen,huizen,False
huize overbeek,huize overbeek,False
huize fontanus,huize fontanus,False
huissen,huissen,False
huisseling,huisseling,False
huis ter meer,huis ter meer,False
huis ter heide,huis ter heide,False
huis te vliet,huis te vliet,False
houthulst,houthulst,False
huis doorn,huis doorn,False
huis bergh,huis bergh,False
hudiksvall,hudiksvall,False
huddersfield,huddersfield,False
huai'an,huai'an,False
hradčany,hradčany,False
hradec králové,hradec králové,False
houyet,houyet,False
hennebont,hennebont,False
henley-on-thames,henley-on-thames,False
hengstdijk,hengstdijk,False
hainburg an der donau,hainburg an der donau,False
halleux,halleux,False
hall in tirol,hall in tirol,False
hall am inn,hall am inn,False
halifax,halifax,False
halfweg,halfweg,False
halerbaach,halerbaach,False
halen,halen,False
hakone,hakone,False
autun,autun,False
halmahera,halmahera,False
haida,haida,False
hagworthingham,hagworthingham,False
hagia sophia,hagia sophia,False
hagia irene,hagia irene,False
hagestein,hagestein,False
hagen,hagen,False
haastrecht,haastrecht,False
haarsteeg,haarsteeg,False
hallstatt,hallstatt,False
halsteren,halsteren,False
auvers-sur-oise,auvers-sur-oise,False
hampi,hampi,False
handel,handel,False
handegg,handegg,False
hanau,hanau,False
hampton court palace,hampton court palace,False
hampton court,hampton court,False
hampstead heath,hampstead heath,False
hampstead,hampstead,False
hampshire,hampshire,False
hammonton,hammonton,False
hamadan,hamadan,False
hammersmith,hammersmith,False
hammerfest,hammerfest,False
hammarby,hammarby,False
hammam debagh,hammam debagh,False
hameln,hameln,False
hamelen,hamelen,False
auteuil,auteuil,False
hamar,hamar,False
haarlemmermeer,haarlemmermeer,False
haamstede,haamstede,False
handsworth,handsworth,False
guelders,guelders,False
guingamp,guingamp,False
guinea bissau,guinea bissau,False
guinea,guinea,False
guimiliau,guimiliau,False
guilin,guilin,False
guildford,guildford,False
avallon,avallon,False
guernsey,guernsey,False
gubbio,gubbio,False
guisborough,guisborough,False
avelin,avelin,False
guangzhou,guangzhou,False
guangdong,guangdong,False
avenhorn,avenhorn,False
guanajuato,guanajuato,False
guajara,guajara,False
guadalupe,guadalupe,False
grünberg,grünberg,False
guisando,guisando,False
gujarat,gujarat,False
haaksbergen,haaksbergen,False
gävle,gävle,False
haagse bos,haagse bos,False
głogów,głogów,False
göteborg,göteborg,False
göschenen,göschenen,False
görlitz,görlitz,False
auxerre,auxerre,False
göggingen,göggingen,False
gérardmer,gérardmer,False
gällivare,gällivare,False
guler,guler,False
gwynedd,gwynedd,False
guápiles,guápiles,False
gutenstein,gutenstein,False
gutach,gutach,False
gunwalloe,gunwalloe,False
gulpen,gulpen,False
avadh,avadh,False
gulf of mexico,gulf of mexico,False
handschuhsheim,handschuhsheim,False
hangzhou,hangzhou,False
hengelo,hengelo,False
heesselt,heesselt,False
heiligenkreuz-gutenbrunn,heiligenkreuz-gutenbrunn,False
heilig landstichting,heilig landstichting,False
heilig grafkerk,heilig grafkerk,False
heilbronn,heilbronn,False
heiden,heiden,False
hei- en boeicop,hei- en boeicop,False
heeze,heeze,False
heeswijk,heeswijk,False
heerlen,heerlen,False
heiligerlee,heiligerlee,False
heerjansdam,heerjansdam,False
heerenveen,heerenveen,False
heere,heere,False
heerde,heerde,False
heenvliet,heenvliet,False
heemstede,heemstede,False
heemskerk,heemskerk,False
heemse,heemse,False
heiligenstadt,heiligenstadt,False
heiloo,heiloo,False
hebron,hebron,False
helsingborg,helsingborg,False
henegouwen,henegouwen,False
hendrik-ido-ambacht,hendrik-ido-ambacht,False
hendaye,hendaye,False
henbury,henbury,False
henan,henan,False
hem,hem,False
helvoirt,helvoirt,False
helsingør,helsingør,False
helmstedt,helmstedt,False
heimburg,heimburg,False
hellingen,hellingen,False
hellevoetsluis,hellevoetsluis,False
hellendoorn,hellendoorn,False
helkant,helkant,False
heliopolis,heliopolis,False
heisterbach,heisterbach,False
heist-aan-zee,heist-aan-zee,False
heinkenszand,heinkenszand,False
heelsum,heelsum,False
hebei,hebei,False
hankou,hankou,False
haringhuizen,haringhuizen,False
hartford,hartford,False
hartefeld,hartefeld,False
harrow,harrow,False
harrogate,harrogate,False
harpers ferry,harpers ferry,False
harmelen,harmelen,False
harmandir sahib,harmandir sahib,False
harly,harly,False
haridwar,haridwar,False
harvey's lake,harvey's lake,False
harefield,harefield,False
hardangerfjord,hardangerfjord,False
harborne,harborne,False
harberton,harberton,False
hantumhuizen,hantumhuizen,False
hanoi,hanoi,False
austria-hungary,austria-hungary,False
hanley,hanley,False
haruna,haruna,False
haslev,haslev,False
aurillac,aurillac,False
australia,australia,False
hazerswoude-rijndijk,hazerswoude-rijndijk,False
hazara,hazara,False
haycock township,haycock township,False
hawarden,hawarden,False
hawaii,hawaii,False
haverhill,haverhill,False
havelte,havelte,False
hautmont,hautmont,False
hautes-alpes,hautes-alpes,False
hastings,hastings,False
hautefort,hautefort,False
haute-garonne,haute-garonne,False
haus heyde,haus heyde,False
haughmond abbey,haughmond abbey,False
hatfield,hatfield,False
hatert,hatert,False
haswell,haswell,False
hastings-on-hudson,hastings-on-hudson,False
inderøy,inderøy,False
angkor,angkor,False
klobenstein,klobenstein,False
angers,angers,False
alassio,alassio,False
albania,albania,False
albano,albano,False
albany,albany,False
albany county,albany county,False
albert,albert,False
alberta,alberta,False
albi,albi,False
alblasserdam,alblasserdam,False
katendrecht,katendrecht,False
kataula,kataula,False
kasteel wulven,kasteel wulven,False
albogasio-oria,albogasio-oria,False
albuquerque,albuquerque,False
alcalá de henares,alcalá de henares,False
kasteel van gaasbeek,kasteel van gaasbeek,False
alcora,alcora,False
aldeburgh,aldeburgh,False
kasteel swieten,kasteel swieten,False
alaska,alaska,False
al-qantarah gharb,al-qantarah gharb,False
al-midan,al-midan,False
aire-sur-la-lys,aire-sur-la-lys,False
kaufbeuren,kaufbeuren,False
kaub,kaub,False
katwijk aan den rijn,katwijk aan den rijn,False
katwijk,katwijk,False
kathmandu valley,kathmandu valley,False
ahrtal,ahrtal,False
ahrweiler,ahrweiler,False
aiguamúrcia,aiguamúrcia,False
aix,aix,False
al-eizariya,al-eizariya,False
aix-en-provence,aix-en-provence,False
aix-les-bains,aix-les-bains,False
ajmer,ajmer,False
al fayyum,al fayyum,False
al ibrāhīmīyah,al ibrāhīmīyah,False
al marj,al marj,False
al qantarah,al qantarah,False
al-bireh,al-bireh,False
kasteel santhorst,kasteel santhorst,False
aldermanbury,aldermanbury,False
kasteel oudheusden,kasteel oudheusden,False
kansas,kansas,False
karadagh,karadagh,False
karabakh,karabakh,False
kapellekerk,kapellekerk,False
kapelle,kapelle,False
aligarh,aligarh,False
kansu,kansu,False
allahabad,allahabad,False
kansas city,kansas city,False
kanpur,kanpur,False
karli,karli,False
kanne,kanne,False
kangra,kangra,False
allentown,allentown,False
kandy,kandy,False
kandern,kandern,False
kandahar,kandahar,False
kanazawa,kanazawa,False
kanagawa,kanagawa,False
karatsu,karatsu,False
karlino,karlino,False
kasteel nijenrode,kasteel nijenrode,False
kashmir,kashmir,False
kasteel heeswijk,kasteel heeswijk,False
kasteel doorwerth,kasteel doorwerth,False
kasteel de haar,kasteel de haar,False
kasteel cannenburgh,kasteel cannenburgh,False
kasteel broekhuizen,kasteel broekhuizen,False
kasteel beverweerd,kasteel beverweerd,False
aldourie,aldourie,False
aleppo,aleppo,False
alessandria,alessandria,False
karlovy vary,karlovy vary,False
kasamatsu,kasamatsu,False
karytena,karytena,False
alet-les-bains,alet-les-bains,False
alexandria,alexandria,False
karneid,karneid,False
karnataka,karnataka,False
karnak,karnak,False
karlstad,karlstad,False
agrigento,agrigento,False
agen,agen,False
kazakhstan,kazakhstan,False
aegina,aegina,False
kirkby lonsdale,kirkby lonsdale,False
kippford,kippford,False
kinnoull hill,kinnoull hill,False
kingston-upon-thames,kingston-upon-thames,False
aduard,aduard,False
kingston,kingston,False
kingfisher,kingfisher,False
king's lynn,king's lynn,False
kinderdijk,kinderdijk,False
kirkstall abbey,kirkstall abbey,False
kimberley,kimberley,False
killin,killin,False
killiecrankie,killiecrankie,False
killarney,killarney,False
kiliç ali pasha complex,kiliç ali pasha complex,False
kilchberg,kilchberg,False
kilburn,kilburn,False
kijkduin,kijkduin,False
kirkcudbright,kirkcudbright,False
kirkwall,kirkwall,False
afghanistan or iran,afghanistan or iran,False
klein koslau,klein koslau,False
klipdrift,klipdrift,False
adelboden,adelboden,False
klingelbeek,klingelbeek,False
kleiweg,kleiweg,False
kleine scheidegg,kleine Scheidegg,False
kleine noord,kleine noord,False
kleine houtstraat,kleine houtstraat,False
klein wanzleben,klein wanzleben,False
aden,aden,False
adolf,adolf,False
adirondack mountains,adirondack mountains,False
adiwerna,adiwerna,False
klamm,klamm,False
klagenfurt,klagenfurt,False
kladno,kladno,False
kittery point,kittery point,False
adlitzgraben,adlitzgraben,False
kirsehir,kirsehir,False
kiga,kiga,False
kiel,kiel,False
kazerun,kazerun,False
kellen,kellen,False
kensington,kensington,False
kennebago lake,kennebago lake,False
kenilworth castle,kenilworth castle,False
kenilworth,kenilworth,False
afsluitdijk,afsluitdijk,False
kemerihisar,kemerihisar,False
kelso,kelso,False
kelmond,kelmond,False
kelet,kelet,False
kent,kent,False
kekirawa,kekirawa,False
agay,agay,False
keizersgracht,keizersgracht,False
kehl,kehl,False
keene,keene,False
kediri,kediri,False
kedichem,kedichem,False
kebun raya bogor,kebun raya bogor,False
kensington gardens,kensington gardens,False
kentucky,kentucky,False
afghanistan or northeastern iran,afghanistan or northeastern iran,False
keukenhof,keukenhof,False
afghanistan or turkmenistan,afghanistan or turkmenistan,False
khorasan,khorasan,False
khila,khila,False
kham,kham,False
khajuraho,khajuraho,False
key west,key west,False
kew,kew,False
kevelaer,kevelaer,False
keswick,keswick,False
kenya,kenya,False
kessenich,kessenich,False
kessel,kessel,False
kerkwijk,kerkwijk,False
kerkoff peucut,kerkoff peucut,False
africa,africa,False
kerinci,kerinci,False
kerala,kerala,False
keokuk,keokuk,False
alloway,alloway,False
kampereiland,kampereiland,False
kamienna góra,kamienna góra,False
american falls,american falls,False
isleworth,isleworth,False
isles of scilly,isles of scilly,False
isle of man,isle of man,False
isla de ometepe,isla de ometepe,False
isfahan,isfahan,False
ise-wan,ise-wan,False
ise,ise,False
ischl,ischl,False
isar,isar,False
ismailia,ismailia,False
is-sur-tille,is-sur-tille,False
irún,irún,False
amerongen,amerongen,False
ames,ames,False
amfípolis,amfípolis,False
amherst,amherst,False
amiens,amiens,False
ammerzoden,ammerzoden,False
islington,islington,False
isola del garda,isola del garda,False
amol,amol,False
amberg,amberg,False
itteren,itteren,False
itauguá,itauguá,False
altona,altona,False
alum bay,alum bay,False
aluvihare,aluvihare,False
alverna,alverna,False
amada,amada,False
amay,amay,False
ambert,ambert,False
isola di san giorgio maggiore,isola di san giorgio maggiore,False
amboise,amboise,False
isère,isère,False
issy-les-moulineaux,issy-les-moulineaux,False
issoire,issoire,False
isselburg,isselburg,False
issac,issac,False
isola san giulio,isola san giulio,False
ameide,ameide,False
ammóchostos,ammóchostos,False
ampenan,ampenan,False
ivory coast,ivory coast,False
indianapolis,indianapolis,False
innichen,innichen,False
inn,inn,False
ingolstadt,ingolstadt,False
ingen,ingen,False
indore,indore,False
andel,andel,False
indo-china,indo-china,False
andelst,andelst,False
anderlecht,anderlecht,False
inowroclaw,inowroclaw,False
andermatt,andermatt,False
andernach,andernach,False
andhra pradesh,andhra pradesh,False
andover,andover,False
andraz,andraz,False
andricourt,andricourt,False
andritsaina,andritsaina,False
anet,anet,False
innisfallen,innisfallen,False
inveraray,inveraray,False
ampfield,ampfield,False
anatolia,anatolia,False
amr ibn al-as moskee,amr ibn al-as moskee,False
amras,amras,False
amritsar,amritsar,False
amsteg,amsteg,False
amstelkade,amstelkade,False
amstelveen,amstelveen,False
amélie-les-bains,amélie-les-bains,False
anacapri,anacapri,False
ancona,ancona,False
inverkeithing,inverkeithing,False
andalusia,andalusia,False
ipswich,ipswich,False
ionia,ionia,False
iona abbey,iona abbey,False
iona,iona,False
inversnaid,inversnaid,False
inverness castle,inverness castle,False
inverness,inverness,False
itzehoe,itzehoe,False
ivry,ivry,False
alma-ata,alma-ata,False
alsace-lorraine,alsace-lorraine,False
alpes-maritimes,alpes-maritimes,False
alphen,alphen,False
juvisy-sur-orge,juvisy-sur-orge,False
alphen aan den rijn,alphen aan den rijn,False
junyao,junyao,False
jungfrau,jungfrau,False
juneau,juneau,False
jumièges,jumièges,False
juan-les-pins,juan-les-pins,False
jüterbog,jüterbog,False
joure,joure,False
josselin,josselin,False
josefsplatz,josefsplatz,False
jorwerd,jorwerd,False
alsemberg,alsemberg,False
jordan,jordan,False
jonsdorf,jonsdorf,False
jombang,jombang,False
jülich,jülich,False
alp weissenstein,alp weissenstein,False
johannesburg,johannesburg,False
kalispell,kalispell,False
kamerik,kamerik,False
kamakura,kamakura,False
kalverstraat,kalverstraat,False
kalutara,kalutara,False
kalmthout,kalmthout,False
kallenfels,kallenfels,False
almelo,almelo,False
kalkar,kalkar,False
almen,almen,False
almería,almería,False
kalighat,kalighat,False
kalfjeslaan,kalfjeslaan,False
kalbeek,kalbeek,False
kalat,kalat,False
kalabsja,kalabsja,False
kairouan,kairouan,False
kabul,kabul,False
kaaterskill falls,kaaterskill falls,False
joinville,joinville,False
altdorf,altdorf,False
iwakuni,iwakuni,False
jaipur,jaipur,False
jansstraat,jansstraat,False
janiculum,janiculum,False
altenburg,altenburg,False
altenstein,altenstein,False
jammu,jammu,False
jamaica,jamaica,False
alti plano,alti plano,False
jajce,jajce,False
jaffna,jaffna,False
altenberg,altenberg,False
jaffa,jaffa,False
jaegerthal,jaegerthal,False
jacksonville,jacksonville,False
jackfield,jackfield,False
jabalpur,jabalpur,False
ja-ela,ja-ela,False
iznik,iznik,False
izmir,izmir,False
jaora,jaora,False
jardin d'acclimatation,jardin d'acclimatation,False
jodhpur,jodhpur,False
jena,jena,False
jiangxi,jiangxi,False
jiangsu,jiangsu,False
jhansi,jhansi,False
jever,jever,False
jesi,jesi,False
jeruzalemkerk,jeruzalemkerk,False
jersey city,jersey city,False
jericho,jericho,False
jelets,jelets,False
jardin des tuileries,jardin des tuileries,False
jedburgh abbey,jedburgh abbey,False
jedburgh,jedburgh,False
jazirat arwad,jazirat arwad,False
altenahr,altenahr,False
jayapura,jayapura,False
jardins du petit trianon,jardins du petit trianon,False
jardin du palais royal,jardin du palais royal,False
jardin du luxembourg,jardin du luxembourg,False
koghan,koghan,False
