ObjectID,Title,Object Name,Date,Period,Dynasty,Reign,Medium,Dimensions,Culture,Country,Region,City,Subjects,Artist Name,Artist Role(s),Artist Nationality,Artist Date of Birth,Artist Date of Death,Artist Gender,department,classification,artistDisplayBio,isHighlight,isPublicDomain,objectURL,primaryImage,additionalImages_count,objectWikidata_URL,artistWikidata_URL,artistULAN_URL
470875,Panel with Saint John the Baptist Enthroned from Retable,Painting,15th century,,,,"Tempera on wood, gold ground",53 3/4 x 36 1/4 in. (136.5 x 92.1 cm ),Spanish,Spain,,,Lambs|Saint John the Baptist,Domingo Ram,Artist,Spanish,1464,1507,,The Cloisters,Paintings-Panels,"Spanish, Aragon, active 1464–1507",False,True,https://www.metmuseum.org/art/collection/search/470875,https://images.metmuseum.org/CRDImages/cl/original/cdi25-120-670.jpg,1,https://www.wikidata.org/wiki/Q20200962,https://www.wikidata.org/wiki/Q20829680,http://vocab.getty.edu/page/ulan/500014489
471144,Doorway,Doorway,ca. 1450–1500,,,,Limestone,Overall: 13 x 5 in. (33 x 12.7 cm),French,France,,,Doorways,,,,,,,The Cloisters,Installations,,False,True,https://www.metmuseum.org/art/collection/search/471144,https://images.metmuseum.org/CRDImages/cl/original/cdi34-21-9.jpg,0,https://www.wikidata.org/wiki/Q116252458,,
472186,Capital,Capital,late 12th century,,,,Stone,Overall: 11 x 9 5/8 x 9 5/8 in. (27.9 x 24.4 x 24.4 cm),French,,,,,,,,,,,The Cloisters,Sculpture-Architectural,,False,True,https://www.metmuseum.org/art/collection/search/472186,https://images.metmuseum.org/CRDImages/cl/original/cdi-st-g2.jpg,2,https://www.wikidata.org/wiki/Q116243426,,
466828,Chasuble,Chasuble,15th–16th century,,,,"Velvet, silk, gold thread",Overall: 45 × 31 in. (114.3 × 78.7 cm),Italian,,,,,,,,,,,The Cloisters,Textiles-Costumes-Ecclesiastical,,False,True,https://www.metmuseum.org/art/collection/search/466828,https://images.metmuseum.org/CRDImages/cl/original/74009.jpg,1,,,
469967,Four Two-Colored Tiles,Tiles,late 14th century,,,,"Fired earthenware, with slip decoration and lead glaze",Overall (each approx.): 4 1/8 x 4 1/8 in. (10.5 x 10.5 cm),British,England,,Oxfordshire,,,,,,,,The Cloisters,Ceramics-Tiles,,False,True,https://www.metmuseum.org/art/collection/search/469967,https://images.metmuseum.org/CRDImages/cl/original/cdi1991-112-6a-d.jpg,1,,,
471649,Plate and Nail,Plate and nail,15th–16th century,,,,Iron,Overall: 4 in. (10.2 cm),European,,,,,,,,,,,The Cloisters,Metalwork-Iron,,False,True,https://www.metmuseum.org/art/collection/search/471649,https://images.metmuseum.org/CRDImages/cl/original/cdi55-61-88ab.jpg,1,,,
468230,Joshua and David (from the Heroes Tapestries),Tapestry,ca. 1400–1410,,,,"Wool warp, wool wefts",Overall: 168 x 250 in. (426.7 × 635 cm),South Netherlandish,,,,Falcons|Bow and Arrow|Kings|Men|Women|Cheetahs|Dogs|David|Coat of Arms|Knights,,,,,,,The Cloisters,Textiles-Tapestries,,False,True,https://www.metmuseum.org/art/collection/search/468230,https://images.metmuseum.org/CRDImages/cl/original/DP159950.jpg,1,https://www.wikidata.org/wiki/Q20201215,,
470634,Column Shaft,Shaft,late 12th century,,,,Stone,Overall: 40 1/2 x 5 11/16 in. (102.9 x 14.5 cm),French,France,,,,,,,,,,The Cloisters,Sculpture-Architectural,,False,True,https://www.metmuseum.org/art/collection/search/470634,https://images.metmuseum.org/CRDImages/cl/original/cdi-st-g23.jpg,1,https://www.wikidata.org/wiki/Q116256081,,
470648,Column Base,Base,late 12th century,,,,Stone,Overall: 8 7/8 x 9 15/16 x 9 15/16 in. (22.5 x 25.3 x 25.3 cm),French,France,,,,,,,,,,The Cloisters,Sculpture-Architectural,,False,True,https://www.metmuseum.org/art/collection/search/470648,https://images.metmuseum.org/CRDImages/cl/original/cdi25-120-1047.jpg,0,,,
471641,Plate and Nail,Plate and nail,15th–16th century,,,,Iron,Overall: 4 x 2 1/4 in. (10.2 x 5.7 cm),European,,,,,,,,,,,The Cloisters,Metalwork-Iron,,False,True,https://www.metmuseum.org/art/collection/search/471641,https://images.metmuseum.org/CRDImages/cl/original/cdi55-61-80ab.jpg,1,,,
470640,Column Base,Base,late 12th century,,,,Stone,Overall: 8 7/8 x 9 15/16 x 9 15/16 in. (22.5 x 25.2 x 25.2 cm),French,France,,,,,,,,,,The Cloisters,Sculpture-Architectural,,False,True,https://www.metmuseum.org/art/collection/search/470640,https://images.metmuseum.org/CRDImages/cl/original/cdi25-120-1039.jpg,0,,,
477815,Aquamanile in the Form of a Ram,Aquamanile,ca. 1250–1350,,,,"Earthenware, green glaze",9 7/16 × 11 1/2 × 5 1/4 in. (23.9 × 29.2 × 13.3 cm),British,England,,Scarborough,Rams,,,,,,,The Cloisters,Ceramics,,False,True,https://www.metmuseum.org/art/collection/search/477815,https://images.metmuseum.org/CRDImages/cl/original/DP161570.jpg,5,https://www.wikidata.org/wiki/Q116276955,,
471119,Roundel with Susanna Before the Judge,Roundel,1510–15,,,,"Colorless glass, vitreous paint and silver stain",Overall Diam.:  8 1/2 in. (21.6 cm),South Netherlandish,South Netherlands,,,Men|Women|Dogs,,,,,,,The Cloisters,Glass-Stained,,False,True,https://www.metmuseum.org/art/collection/search/471119,https://images.metmuseum.org/CRDImages/cl/original/cdi32-24-56.jpg,0,https://www.wikidata.org/wiki/Q20201574,,
471094,Roundel with Saint Jodocus and St. Clare of Assisi,Roundel,1520–30,,,,"Colorless glass, silver stain, vitreous paint",Overall Diam.: 9 in. (22.9 cm),South Netherlandish,,,,Men|Women|Saints,,,,,,,The Cloisters,Glass-Stained,,False,True,https://www.metmuseum.org/art/collection/search/471094,https://images.metmuseum.org/CRDImages/cl/original/cdi32-24-31.jpg,0,https://www.wikidata.org/wiki/Q20201521,,
471869,The Cloisters Apocalypse,Apocalypse; Manuscript,ca. 1330,,,,"Tempera, gold, silver, and ink on parchment; later leather binding","Overall: 12 3/8 × 9 3/8 × 1 3/8 in. (31.5 × 23.8 × 3.5 cm)
Each folio: 12 1/8 × 9 1/16 in. (30.8 × 23 cm)",French,France,,Normandy,Angels|Virgin Mary|Adoration of the Magi|Annunciation|Apocalypse|Visitation,,,,,,,The Cloisters,Manuscripts and Illuminations,,False,True,https://www.metmuseum.org/art/collection/search/471869,https://images.metmuseum.org/CRDImages/cl/original/DP225775.jpg,83,https://www.wikidata.org/wiki/Q20201150,,
470894,Corbel,Corbel,second half 12th century,,,,Stone,Overall: 5 1/4 x 3 7/8 x 2 3/4 in. (13.3 x 9.8 x 7 cm),Catalan,present-day France,,,Animals,,,,,,,The Cloisters,Sculpture-Architectural,,False,True,https://www.metmuseum.org/art/collection/search/470894,https://images.metmuseum.org/CRDImages/cl/original/cdi25-120-452.jpg,0,,,
471378,Panel with Christ and the Woman Taken in Adultery,Panel,early 16th century,,,,Oak,Overall: 35 1/2 x 10 1/2 in. (90.2 x 26.7 cm),French,France,,,Men|Women|Christ,,,,,,,The Cloisters,Woodwork-Architectural,,False,True,https://www.metmuseum.org/art/collection/search/471378,https://images.metmuseum.org/CRDImages/cl/original/cdi50-147-21.jpg,0,,,
469954,Architectural Support with a Flute-Player,Architectural support,1524–1525,,,,Oak,"8 ft. 4 1/2 in. × 7 1/2 in. × 9 1/2 in., 64 lb. (255.3 × 19.1 × 24.1 cm, 29 kg)",French,"England, by French woodworkers",,Exeter,Flutes|Musicians,,,,,,,The Cloisters,Woodwork-Architectural,,False,True,https://www.metmuseum.org/art/collection/search/469954,https://images.metmuseum.org/CRDImages/cl/original/DP-24535-003.jpg,3,,,
471860,Double Column Base,Base,late 15th century,,,,Marble,Overall: 19 1/4 x 9 11/16 x 11 3/4 in. (48.9 x 24.6 x 29.8 cm),French,France,,,,,,,,,,The Cloisters,Sculpture-Architectural,,False,True,https://www.metmuseum.org/art/collection/search/471860,https://images.metmuseum.org/CRDImages/cl/original/SFSL-67-155-30-Front.jpg,2,https://www.wikidata.org/wiki/Q116411097,,
470302,Beaker,Beaker,late 15th century,,,,Mold-blown glass,H. 2 1/4 in. (5.7 cm),German,,,,,,,,,,,The Cloisters,Glass-Vessels,,False,True,https://www.metmuseum.org/art/collection/search/470302,https://images.metmuseum.org/CRDImages/cl/original/cdi1985-133-2s1.jpg,6,https://www.wikidata.org/wiki/Q116256522,,
471209,Tile,Tile,12th century,,,,Earthenware clay,Overall: 1 7/8 x 16 3/8 x 8 in. (4.8 x 41.6 x 20.3 cm),Catalan,,,,,,,,,,,The Cloisters,Ceramics,,False,True,https://www.metmuseum.org/art/collection/search/471209,https://images.metmuseum.org/CRDImages/cl/original/sf37-90-3.jpg,0,,,
471940,Saint Ambrose,Panel,1340–50,,,,"Pot-metal glass, colorless glass, and vitreous paint","35 x 13 in. (88.9 x 33 cm)
with modern border: 35 7/8 × 19 × 5/8 in. (91.1 × 48.3 × 1.6 cm)",Austrian,Austria,,,Men|Croziers|Saints,,,,,,,The Cloisters,Glass-Stained,,False,True,https://www.metmuseum.org/art/collection/search/471940,https://images.metmuseum.org/CRDImages/cl/original/cdi65-97-6.jpg,0,https://www.wikidata.org/wiki/Q20201774,,
472204,Column Shaft,Shaft,early 20th century,,,,Marble,Overall: 42 1/8 in. (107 cm); Circumference:17 1/8 in.,European,,,,,,,,,,,The Cloisters,Sculpture-Architectural-Stone,,False,True,https://www.metmuseum.org/art/collection/search/472204,https://images.metmuseum.org/CRDImages/cl/original/DP104561.jpg,1,https://www.wikidata.org/wiki/Q116255906,,
471330,Foliate Capital,Capital,early 12th century,,,,Black marble,"H: 9 1/8 in. (23.2 cm); Square, 9 3/4 in. (at top) 6 3/4 in. (at bottom)",French,,,,,,,,,,,The Cloisters,Sculpture-Architectural,,False,True,https://www.metmuseum.org/art/collection/search/471330,https://images.metmuseum.org/CRDImages/cl/original/cdi49-60-6s1.jpg,2,https://www.wikidata.org/wiki/Q116252085,,
472219,Fragment with Relief Decoration,Relief,12th–13th century,,,,Stone,Overall: 17 x 34 x 5 3/4 in. (43.2 x 86.4 x 14.6 cm),French,France,,,,,,,,,,The Cloisters,Sculpture-Architectural,,False,True,https://www.metmuseum.org/art/collection/search/472219,https://images.metmuseum.org/CRDImages/cl/original/cdi25-120-130.jpg,0,,,
470979,Double Capital,Capital,late 13th–early 14th century,,,,Stone,Overall: 20 3/4 x 16 x 13 in. (52.7 x 40.6 x 33 cm),French,,,,,,,,,,,The Cloisters,Sculpture-Architectural,,False,True,https://www.metmuseum.org/art/collection/search/470979,https://images.metmuseum.org/CRDImages/cl/original/cdi25-120-753.jpg,1,https://www.wikidata.org/wiki/Q116252711,,
468432,Orphrey,Orphrey,15th century,,,,Silk and metal thread on linen,"H"" 40 3/4"" W: 5 9/16""  (103.5 x 14.1cm)
W/ plexiglass box: 42 1/4"" x 7 1/4""",German,Germany,,Cologne,Christ|Virgin Mary|Crucifixion|Saints,,,,,,,The Cloisters,Textiles-Embroidered,,False,True,https://www.metmuseum.org/art/collection/search/468432,https://images.metmuseum.org/CRDImages/cl/original/cdi53-35-3.jpg,2,,,
470934,Column Base,Base,late 15th century,,,,Marble,Overall: 18 1/2 x 11 1/2 x 8 7/8 in. (47 x 29.2 x 22.5 cm),French,France,,,,,,,,,,The Cloisters,Sculpture-Architectural,,False,True,https://www.metmuseum.org/art/collection/search/470934,https://images.metmuseum.org/CRDImages/cl/original/DP104561.jpg,1,https://www.wikidata.org/wiki/Q116254142,,
469865,Panels of Grisaille Glass with Grotesques,Panel,ca. 1320–24,,,,White and pot-metal glass with vitreous paint,22 13/16 x 17 5/16 in.  (58 x 44 cm),French,France,,Paris,Heads|Flowers,,,,,,,The Cloisters,Glass-Stained,,False,True,https://www.metmuseum.org/art/collection/search/469865,https://images.metmuseum.org/CRDImages/cl/original/cdi1982-433-3.jpg,0,https://www.wikidata.org/wiki/Q20201422,,
470631,Engaged Column Shaft,Shaft,late 12th century,,,,Marble,Overall: 40 1/2 x 5 1/2 x 10 in. (102.9 x 14 x 25.4 cm),French,France,,,,,,,,,,The Cloisters,Sculpture-Architectural,,False,True,https://www.metmuseum.org/art/collection/search/470631,https://images.metmuseum.org/CRDImages/cl/original/cdi-st-g10.jpg,1,https://www.wikidata.org/wiki/Q116256127,,
471941,Saint Agnes,Panel,1340–50,,,,"Pot-metal glass, colorless glass, and vitreous paint","35 x 13 in. (88.9 x 33 cm)
with modern border: 35 7/8 × 19 × 7/8 in. (91.1 × 48.3 × 2.2 cm)",Austrian,Austria,,,Women|Saints,,,,,,,The Cloisters,Glass-Stained,,False,True,https://www.metmuseum.org/art/collection/search/471941,https://images.metmuseum.org/CRDImages/cl/original/cdi65-98.jpg,0,https://www.wikidata.org/wiki/Q20201780,,
471621,Strap Hinge,Hinge,15th–16th century,,,,Iron,Overall: 18 1/4 x 2 1/8 in. (46.4 x 5.4 cm),European,,,,,,,,,,,The Cloisters,Metalwork-Iron,,False,True,https://www.metmuseum.org/art/collection/search/471621,https://images.metmuseum.org/CRDImages/cl/original/cdi55-61-52.jpg,0,,,
472190,Voussoir,Voussoir,ca. 1130–40,,,,Marble,Overall: 8 1/4 x 17 3/4 x 7 1/2 in. (21 x 45.1 x 19.1 cm),Catalan,present-day France,,,,,,,,,,The Cloisters,Sculpture-Architectural-Stone,,False,True,https://www.metmuseum.org/art/collection/search/472190,https://images.metmuseum.org/CRDImages/cl/original/LC-25_120_1063.jpg,1,https://www.wikidata.org/wiki/Q116411258,,
471377,Panel with Christ and the Woman of Samarra,Panel,early 16th century,,,,Oak,Overall: 35 1/2 x 10 1/2 in. (90.2 x 26.7 cm),French,France,,,Women|Jesus,,,,,,,The Cloisters,Woodwork-Architectural,,False,True,https://www.metmuseum.org/art/collection/search/471377,https://images.metmuseum.org/CRDImages/cl/original/cdi50-147-20.jpg,0,https://www.wikidata.org/wiki/Q116251907,,
479671,Head of a Woman,Stained glass fragment,ca. 1440–60,,,,"Colorless glass, vitreous paint, and silver stain",Overall: 5 3/8 x 3 1/2 x 1/8 in. (13.6 x 8.9 x 0.3 cm),French,,,,Heads|Women,,,,,,,The Cloisters,Glass-Stained,,False,True,https://www.metmuseum.org/art/collection/search/479671,https://images.metmuseum.org/CRDImages/cl/original/DP278943.jpg,0,https://www.wikidata.org/wiki/Q20201998,,
472364,Engaged Capital,Capital,late 12th century,,,,Stone,Overall: 11 5/8 x 9 5/8 x 12 3/8 in. (29.5 x 24.4 x 31.4 cm),French,,,,,,,,,,,The Cloisters,Sculpture-Architectural,,False,True,https://www.metmuseum.org/art/collection/search/472364,https://images.metmuseum.org/CRDImages/cl/original/cdi-st-g10.jpg,2,https://www.wikidata.org/wiki/Q116256143,,
471265,Capital,Capital,ca. 1160,,,,Marble,Overall: 12 in. (30.5 cm),French,,,,Griffins,,,,,,,The Cloisters,Sculpture-Architectural,,False,True,https://www.metmuseum.org/art/collection/search/471265,https://images.metmuseum.org/CRDImages/cl/original/cdi47-101-24.jpg,1,https://www.wikidata.org/wiki/Q116252258,,
466603,Fragment of a Marble Sarcophagus,Fragment,8th century (?),,,,Marble,Overall: 16 1/2 x 29 1/4 in. (41.9 x 74.3 cm),Frankish,Southwestern France,,,,,,,,,,The Cloisters,Sculpture-Stone,,False,True,https://www.metmuseum.org/art/collection/search/466603,https://images.metmuseum.org/CRDImages/cl/original/DP170075.jpg,0,https://www.wikidata.org/wiki/Q116243119,,
470901,Adoration of the Magi,Relief,second half 15th century,,,,Alabaster with paint and gilding,Overall: 16 7/16 x 8 3/8 x 1 3/4 in. (41.8 x 21.3 x 4.4 cm),British,England,,,Men|Virgin Mary|Jesus|Adoration of the Magi,,,,,,,The Cloisters,Sculpture-Stone,,False,True,https://www.metmuseum.org/art/collection/search/470901,https://images.metmuseum.org/CRDImages/cl/original/sf25-120-485s1.jpg,5,https://www.wikidata.org/wiki/Q20201500,,
475490,Plaque with the Fountain of Youth,Plaque,ca. 1320–40,,,,Elephant ivory,Overall: 4 7/16 x 2 5/8 x 3/16 in. (11.2 x 6.6 x 0.4 cm),French,France,,Paris,Fountains|Men|Women,,,,,,,The Cloisters,Ivories-Elephant,,False,True,https://www.metmuseum.org/art/collection/search/475490,https://images.metmuseum.org/CRDImages/cl/original/DP-34082-001.jpg,2,https://www.wikidata.org/wiki/Q20201117,,
472069,Pilgrim's Badge,Pilgrim's badge,14th–16th century,,,,Lead,Overall: 7/8 x 9/16in. (2.3 x 1.4cm),French,,,,Madonna and Child,,,,,,,The Cloisters,Metalwork-Lead,,False,True,https://www.metmuseum.org/art/collection/search/472069,https://images.metmuseum.org/CRDImages/cl/original/cdi1977-240-44.jpg,1,,,
471106,Roundel with Souls Tormented in Hell,Roundel,1500–1510,,,,"Colorless glass, silver stain, vitreous paint",Overall Diam.: 8 7/8 in. (22.5 cm)  --without lead,South Netherlandish,South Netherlands,,,Suffering|Female Nudes|Demons|Hell,Dieric Bouts,Artist,Netherlandish,1457,1475,,The Cloisters,Glass-Stained,"Netherlandish, Haarlem, active by 1457–died 1475",False,True,https://www.metmuseum.org/art/collection/search/471106,https://images.metmuseum.org/CRDImages/cl/original/cdi32-24-43.jpg,0,https://www.wikidata.org/wiki/Q20201565,https://www.wikidata.org/wiki/Q313561,http://vocab.getty.edu/page/ulan/500024814
470884,Lion Sejant Rampant,Figure,ca. 1500,,,,Copper alloy,8 7/8 × 2 1/2 × 5 1/2 in. (22.5 × 6.4 × 14 cm),South Netherlandish (?),,,,Lions,,,,,,,The Cloisters,Metalwork-Copper alloy,,False,True,https://www.metmuseum.org/art/collection/search/470884,https://images.metmuseum.org/CRDImages/cl/original/cdi25-120-427s1.jpg,1,,,
469841,Roundel with Architecture (from a series of The Septem Artes Mechanicae),Roundel,after 1563,,,,"Colorless glass, silver stain and vitreous paint",Overall: 8 3/4 x 5/16 in. (22.2 x 0.8 cm),German,Germany,,,Buildings|Men|Working,Monogrammist SZ,Artist,German,1500,1600,,The Cloisters,Glass-Painted,"German, active 16th century",False,True,https://www.metmuseum.org/art/collection/search/469841,https://images.metmuseum.org/CRDImages/cl/original/sf1979-186s1.jpg,0,https://www.wikidata.org/wiki/Q20201025,,
471787,Dish,Dish,1430–1460,,,,Tin-glazed earthenware,Overall: 17 5/8 in. (44.8 cm),Spanish,Spain,,probably Manises,Flowers,,,,,,,The Cloisters,Ceramics,,False,True,https://www.metmuseum.org/art/collection/search/471787,https://images.metmuseum.org/CRDImages/cl/original/DT271912.jpg,1,,,
469935,Molded Tile,Tile,late 13th–early 14th century,,,,Lead glazed earthenware,Overall: 3 15/16 x 5 1/2in. (10 x 14cm),Austrian,Austria,,,,,,,,,,The Cloisters,Ceramics-Tiles,,False,True,https://www.metmuseum.org/art/collection/search/469935,https://images.metmuseum.org/CRDImages/cl/original/cdi1991-112-1.jpg,1,,,
473817,Column Shaft,Shaft,20th century,,,,Cement,Overall: 40 1/2 x 6 in. (102.9 x 15.2 cm),European or American (?),,,,,,,,,,,The Cloisters,Reproductions-Sculpture,,False,True,https://www.metmuseum.org/art/collection/search/473817,https://images.metmuseum.org/CRDImages/cl/original/cdi-st-g20.jpg,1,https://www.wikidata.org/wiki/Q116256421,,
471181,Ornamental Roundel,Roundel,ca. 1235–40,,,,"Pot-metal glass, colorless glass, and vitreous paint",Overall: 21 1/4 in. (54 cm),French,France,,,,,,,,,,The Cloisters,Glass-Stained,,False,True,https://www.metmuseum.org/art/collection/search/471181,https://images.metmuseum.org/CRDImages/cl/original/cdi35-82-1.jpg,1,https://www.wikidata.org/wiki/Q20201603,,
471591,Chest,Chest,15th–16th century,,,,Iron,"Overall: H. 8 3/8, W. 7 5/8, L.11 3/4 in. (21.3 x 19.4 x 29.8 cm)",European,,,,Chests,,,,,,,The Cloisters,Metalwork-Iron,,False,True,https://www.metmuseum.org/art/collection/search/471591,https://images.metmuseum.org/CRDImages/cl/original/cdi55-61-14.jpg,0,,,
910577,"Cuttings from a Modelbook with a Rooster, a Hen and her Chicks, and a Rabbit","Cuttings, froma Modelbook",ca. 1400–50,,,,"Pen and brown and black ink, watercolor, on parchment","Rooster: 3 1/16 × 2 5/16 in. (7.7 × 5.9 cm)
Hen and Chicks: 2 3/16 × 2 3/4 in. (5.5 × 7 cm)
Rabbit: 2 3/8 × 1 3/16 in. (6 × 3 cm)",North Italian (?),Italy,,,Roosters|Rabbits,,,,,,,The Cloisters,Manuscripts and Illuminations,,False,True,https://www.metmuseum.org/art/collection/search/910577,https://images.metmuseum.org/CRDImages/cl/original/DP-35852-001.jpg,3,,,
471721,Plate and Nail,Plate and nail,15th–16th century,,,,Iron,Overall: 2 3/8 in. (6 cm),European,,,,,,,,,,,The Cloisters,Metalwork-Iron,,False,True,https://www.metmuseum.org/art/collection/search/471721,https://images.metmuseum.org/CRDImages/cl/original/cdi55-61-168ab.jpg,1,,,
472262,Double Capital,Capital,late 15th century,,,,Marble,Overall: 14 x 19 x 12 1/2 in. (35.6 x 48.3 x 31.8 cm),French,France,,,,,,,,,,The Cloisters,Sculpture-Architectural,,False,True,https://www.metmuseum.org/art/collection/search/472262,https://images.metmuseum.org/CRDImages/cl/original/cds25-120-189.jpg,1,https://www.wikidata.org/wiki/Q116245566,,
479793,Saint Gudule,Fragment,1475–1500,,,,"Colorless glass, vitreous paint, and silver stain",5 9/16 × 3 9/16 × 3/16 in. (14.2 × 9 × 0.4 cm),North French or South Netherlandish,France or Southern Netherlands,,,Women|Saints|Lanterns,,,,,,,The Cloisters,Glass-Stained,,False,True,https://www.metmuseum.org/art/collection/search/479793,https://images.metmuseum.org/CRDImages/cl/original/DP318030.jpg,0,https://www.wikidata.org/wiki/Q20202001,,
471270,Arm Reliquary,Reliquary,ca. 1230,,,,"Silver, gilded silver, niello, and gems; wood core",25 1/2 x 6 1/2 x 4 in.  (64.8 x 16.5 x 10.2 cm),South Netherlandish,South Netherlands,,,Hands|Arms,,,,,,,The Cloisters,Metalwork-Silver,,False,True,https://www.metmuseum.org/art/collection/search/471270,https://images.metmuseum.org/CRDImages/cl/original/DP102867.jpg,18,https://www.wikidata.org/wiki/Q116252236,,
471460,Enthroned Virgin and Child,Statue,ca. 1280–1300,,,,"Maple, paint, and gilt",53 × 20 1/16 × 13 3/4 in. (134.6 × 51 × 35 cm),Spanish,Spain,,,Madonna and Child,,,,,,,The Cloisters,Sculpture-Wood,,False,True,https://www.metmuseum.org/art/collection/search/471460,https://images.metmuseum.org/CRDImages/cl/original/DP366876.jpg,5,https://www.wikidata.org/wiki/Q20201807,,
470711,Cloister Arcades with Double Capitals,Column shaft,late 13th–early 14th century,,,,Stone,53 3/8 × 5 1/2 in. (135.6 × 14 cm),French,France,,,,,,,,,,The Cloisters,Sculpture-Architectural,,False,True,https://www.metmuseum.org/art/collection/search/470711,https://images.metmuseum.org/CRDImages/cl/original/DP102892.jpg,0,https://www.wikidata.org/wiki/Q116276010,,
471736,Plaque with The Annunciation,Plaque,late 15th century,,,,Silver and silver gilt,Overall: 2 11/16 x 2 11/16 x 3/16 in. (6.8 x 6.8 x 0.4 cm),German,Germany,,,Annunciation,,,,,,,The Cloisters,Metalwork-Silver,,False,True,https://www.metmuseum.org/art/collection/search/471736,https://images.metmuseum.org/CRDImages/cl/original/cdi56-43.jpg,2,https://www.wikidata.org/wiki/Q116248176,,
470799,Fragment,Fragment,ca. 1130–40,,,,Marble,Overall: 13 x 11 in. (33 x 27.9 cm),Catalan,present-day France,,,,,,,,,,The Cloisters,Sculpture-Architectural,,False,True,https://www.metmuseum.org/art/collection/search/470799,https://images.metmuseum.org/CRDImages/cl/original/sf61105.jpg,0,,,
468575,Saint Sebastian,Statuette,late 15th century,,,,"European poplar, paint, gesso",Overall: 49 1/4 x 12 3/8 x 9 7/8 in. (125.1 x 31.4 x 25.1 cm),Northern European,Austria,,,Men|Saint Sebastian,,,,,,,The Cloisters,Sculpture-Wood,,False,True,https://www.metmuseum.org/art/collection/search/468575,https://images.metmuseum.org/CRDImages/cl/original/DP-34090-003.jpg,15,https://www.wikidata.org/wiki/Q20201261,,
474091,Cloister,Cloister,late 13th–14th century,,,,Marble,"Overall: 54 ft. 3 in. x 49 ft. (1,660 x 1,490 cm)",French,France,Midi-Pyrénées,,,,,,,,,The Cloisters,Sculpture-Architectural,,False,True,https://www.metmuseum.org/art/collection/search/474091,https://images.metmuseum.org/CRDImages/cl/original/DP102892.jpg,2,https://www.wikidata.org/wiki/Q20201177,,
470938,Column Base,Base,late 13th–early 14th century,,,,Marble,9 3/4 × 10 3/4 × 11 1/2 in. (24.8 × 27.3 × 29.2 cm),French,France,,,,,,,,,,The Cloisters,Sculpture-Architectural,,False,True,https://www.metmuseum.org/art/collection/search/470938,https://images.metmuseum.org/CRDImages/cl/original/DP102892.jpg,1,https://www.wikidata.org/wiki/Q116276015,,
471223,Saint Anne with the Virgin and Child,Painting,1473 or 1483,,,,Oil and gold on wood (pine?),15 ft. 4 in. × 11 ft. 1 in. (467.4 × 337.8 cm),Spanish,Spain,,,Dragons|Madonna and Child|Saint Anne|Crucifixion|Saints,,,,,,,The Cloisters,Paintings-Panels,,False,True,https://www.metmuseum.org/art/collection/search/471223,https://images.metmuseum.org/CRDImages/cl/original/CDS170574.JPG,7,https://www.wikidata.org/wiki/Q20200906,,
474429,"Saint Catherine with the Wheel and Sword, and with the Arms the Cooper’s Guild below (from a series with The Virgin Mary and Five Standing Saints)",Panel,1440–46,,,,"Pot-metal glass, white glass, vitreous paint, silver stain",Each window 12 ft. 4 1/2 in. x 28 1/4 in. (337.2 x 71.8 cm),German,Germany,,,Virgin Mary|Saints|Coat of Arms,,,,,,,The Cloisters,Glass-Stained,,False,True,https://www.metmuseum.org/art/collection/search/474429,https://images.metmuseum.org/CRDImages/cl/original/DT12118cropped4.jpg,9,https://www.wikidata.org/wiki/Q20201940,,
471747,Handled Vase,Vase,16th century,,,,Tin-glazed earthenware,Overall: 9 3/4 in. (24.8 cm),Spanish,Spain,,probably Manises,Flowers|Vases,,,,,,,The Cloisters,Ceramics,,False,True,https://www.metmuseum.org/art/collection/search/471747,https://images.metmuseum.org/CRDImages/cl/original/cdi56-171-79.jpg,1,https://www.wikidata.org/wiki/Q116248156,,
472345,Engaged Capital,Capital,late 12th century,,,,Stone,Overall: 11 5/8 x 9 1/4 x 12 3/8 in. (29.5 x 23.5 x 31.4 cm),French,,,,,,,,,,,The Cloisters,Sculpture-Architectural,,False,True,https://www.metmuseum.org/art/collection/search/472345,https://images.metmuseum.org/CRDImages/cl/original/cdi-st-g3.jpg,2,https://www.wikidata.org/wiki/Q116246114,,
473459,Coping Slabs,Slab,12th–13th century,,,,Stone,Overall (all approx. the same): 4 1/4 x 35 x 12 in. (10.8 x 88.9 x 30.5 cm),French,France,,,,,,,,,,The Cloisters,Sculpture-Architectural-Stone,,False,True,https://www.metmuseum.org/art/collection/search/473459,https://images.metmuseum.org/CRDImages/cl/original/61428.jpg,2,,,
469856,Saint Nicholas Accuses the Consul from Scenes from the Life of Saint Nicholas,Panel,ca. 1200–1210,,,,Pot-metal glass and vitreous paint,Overall: 21 1/2 x 16 1/4in. (54.6 x 41.3cm),French,France,,,Men|Saints,,,,,,,The Cloisters,Glass-Stained,,True,True,https://www.metmuseum.org/art/collection/search/469856,https://images.metmuseum.org/CRDImages/cl/original/DP102838v2.jpg,0,https://www.wikidata.org/wiki/Q20201139,,
471005,Double Column Base,Base,late 13th–early 14th century,,,,Marble,Overall: 17 1/2 x 8 1/2 x 10 1/2 in. (44.5 x 21.6 x 26.7 cm),French,France,"Pyrénées-Aquintaine, France",,,,,,,,,The Cloisters,Sculpture-Architectural,,False,True,https://www.metmuseum.org/art/collection/search/471005,https://images.metmuseum.org/CRDImages/cl/original/DP102892.jpg,0,https://www.wikidata.org/wiki/Q116276036,,
472090,Pilgrim's Badge,Pilgrim's badge,15th century,,,,Lead,Overall: 1 7/16 x 7/8 x 7/8 in. (3.6 x 2.2 x 2.2 cm),French,,,,,,,,,,,The Cloisters,Metalwork-Lead,,False,True,https://www.metmuseum.org/art/collection/search/472090,https://images.metmuseum.org/CRDImages/cl/original/cdi1977-240-65.jpg,1,,,
471279,Hexagonal Olearium,Olearium,15th–16th century,,,,Silver,Overall: H: 5 in. (12.7 cm),Portuguese (?),,,,,,,,,,,The Cloisters,Metalwork-Silver,,False,True,https://www.metmuseum.org/art/collection/search/471279,https://images.metmuseum.org/CRDImages/cl/original/cdi47-101-43.jpg,2,,,
473825,Abacus,Abacus,late 12th century,,,,Stone,Overall: 4 3/8 x 11 5/8 x 24 3/8 in. (11.1 x 29.5 x 61.9 cm),French,,,,,,,,,,,The Cloisters,Sculpture-Architectural,,False,True,https://www.metmuseum.org/art/collection/search/473825,https://images.metmuseum.org/CRDImages/cl/original/cdi-st-g6.jpg,2,https://www.wikidata.org/wiki/Q116246016,,
471109,Roundel with the Last Supper,Roundel,1515–25,,,,"Colorless glass, silver stain, vitreous paint",Overall Diam.:  8 1/8 in. (20.6 cm),North Netherlandish,North Netherlands,,,Apostles|Jesus|Last Supper,,,,,,,The Cloisters,Glass-Stained,,False,True,https://www.metmuseum.org/art/collection/search/471109,https://images.metmuseum.org/CRDImages/cl/original/cdi32-24-46.jpg,0,https://www.wikidata.org/wiki/Q20201584,,
472333,Column Base,Base,late 12th century,,,,Stone,Overall: 5 x 10 3/16 in. (12.7 x 25.8 cm),French,,,,,,,,,,,The Cloisters,Sculpture-Architectural,,False,True,https://www.metmuseum.org/art/collection/search/472333,https://images.metmuseum.org/CRDImages/cl/original/cdi-st-g1.jpg,1,https://www.wikidata.org/wiki/Q116256061,,
471655,Plate and Nail,Plate and nail,15th–16th century,,,,Iron,Overall: 3 3/8 in. (8.6 cm),European,,,,,,,,,,,The Cloisters,Metalwork-Iron,,False,True,https://www.metmuseum.org/art/collection/search/471655,https://images.metmuseum.org/CRDImages/cl/original/cdi55-61-94ab.jpg,2,,,
469894,Beaker (Maigelein),Beaker,late 15th century,,,,Mold-blown glass,H. 2 3/16 in. (5.5 cm),German,Germany,,,,,,,,,,The Cloisters,Glass-Vessels,,False,True,https://www.metmuseum.org/art/collection/search/469894,https://images.metmuseum.org/CRDImages/cl/original/cdi1985-133-1s1.jpg,5,https://www.wikidata.org/wiki/Q116272609,,
473452,Window Frame,Window frame,15th century,,,,Stone,Overall: 104 3/4 x 109 3/4 in. (266.1 x 278.8 cm),French,,,,,,,,,,,The Cloisters,Sculpture-Architectural,,False,True,https://www.metmuseum.org/art/collection/search/473452,https://images.metmuseum.org/CRDImages/cl/original/cdi09-145a-k.jpg,2,https://www.wikidata.org/wiki/Q116244326,,
465954,Two Riddles of the Queen of Sheba,Tapestry,ca. 1490–1500,,,,"Linen warp; wool, linen and metallic wefts","31 1/2 in. × 40 in. (80 × 99.7 cm)
Plexi Mount: 35 1/2 × 43 × 2 5/8 in. (90.2 × 109.2 × 6.7 cm)",Upper Rhenish,Germany,,Strasbourg,Apples|Kings|Queens|Men|Women|Flowers|Roses,,,,,,,The Cloisters,Textiles-Tapestries,,False,True,https://www.metmuseum.org/art/collection/search/465954,https://images.metmuseum.org/CRDImages/cl/original/DP-27354-001.jpg,2,,,
471962,Roundel with Annunciation to the Virgin,Roundel,1500–1510,,,,"Colorless glass, vitreous paint and silver stain",8 9/16 in. (21.7 cm),South Netherlandish,,,,Interiors|Angels|Virgin Mary|Annunciation,,,,,,,The Cloisters,Glass-Stained,,False,True,https://www.metmuseum.org/art/collection/search/471962,https://images.metmuseum.org/CRDImages/cl/original/DP241181.jpg,1,https://www.wikidata.org/wiki/Q20201797,,
470716,Capital,Capital,ca. 1130–40,,,,Marble,Overall: 16 1/2 x 16 1/2 x 16 1/2 in. (41.9 x 41.9 x 41.9 cm),Catalan,present-day France,,,,,,,,,,The Cloisters,Sculpture-Architectural,,False,True,https://www.metmuseum.org/art/collection/search/470716,https://images.metmuseum.org/CRDImages/cl/original/cdi25-120-840.jpg,1,https://www.wikidata.org/wiki/Q116254102,,
470970,Double Capital,Capital,late 13th–early 14th century,,,,Marble,Overall: 20 1/2 x 14 3/4 x 13 in. (52.1 x 37.5 x 33 cm),French,,,,,,,,,,,The Cloisters,Sculpture-Architectural,,False,True,https://www.metmuseum.org/art/collection/search/470970,https://images.metmuseum.org/CRDImages/cl/original/cdi25-120-744.jpg,0,,,
469970,Pilgrim's Badge with head of Saint Thomas à Becket,Pilgrim's badge,15th century,,,,Tin-lead alloy,Overall: 15/16 x 1/16 in. (2.4 x 0.2 cm),British,England,,Canterbury,Saints,,,,,,,The Cloisters,Metalwork-Lead,,False,True,https://www.metmuseum.org/art/collection/search/469970,https://images.metmuseum.org/CRDImages/cl/original/cdi1986-77-4.jpg,1,https://www.wikidata.org/wiki/Q116256822,,
469896,Reliquary Pendant with Hounds Coursing a Hare,Reliquary pendant,late 14th century,,,,"Silver, gilded silver, and niello",Overall: 2 1/4 x 1 x 1/4 in. (5.7 x 2.5 x 0.7 cm),German,Germany,,,Dogs,,,,,,,The Cloisters,Metalwork-Silver,,False,True,https://www.metmuseum.org/art/collection/search/469896,https://images.metmuseum.org/CRDImages/cl/original/DP-16550-002.jpg,6,https://www.wikidata.org/wiki/Q116410541,,
472039,Pilgrim's Badge,Pilgrim's badge,14th–16th century,,,,Lead,Overall: 7/8 x 11/16in. (2.3 x 1.8cm),French,,,,Saints,,,,,,,The Cloisters,Metalwork-Lead,,False,True,https://www.metmuseum.org/art/collection/search/472039,https://images.metmuseum.org/CRDImages/cl/original/cdi1977-240-14.jpg,1,,,
470935,Column Base,Base,late 15th century,,,,Marble,Overall: 18 1/2 x 11 3/4 x 8 3/4 in. (47 x 29.8 x 22.2 cm),French,France,,,,,,,,,,The Cloisters,Sculpture-Architectural,,False,True,https://www.metmuseum.org/art/collection/search/470935,https://images.metmuseum.org/CRDImages/cl/original/DP104561.jpg,1,https://www.wikidata.org/wiki/Q116254144,,
471096,Roundel with Saint John on Patmos,Roundel,ca. 1510 (?),,,,"Colorless glass, silver stain, vitreous paint",Overall Diam.:  9 1/8 in. (23.2 cm),South Netherlandish (?),,,,Birds|Saint John the Evangelist|Ships,,,,,,,The Cloisters,Glass-Stained,,False,True,https://www.metmuseum.org/art/collection/search/471096,https://images.metmuseum.org/CRDImages/cl/original/cdi32-24-33.jpg,0,https://www.wikidata.org/wiki/Q20201568,,
471706,Nail,Nail,15th–16th century,,,,Iron,Overall: 5 1/4 x 4 3/8 in. (13.3 x 11.1 cm),European,,,,,,,,,,,The Cloisters,Metalwork-Iron,,False,True,https://www.metmuseum.org/art/collection/search/471706,https://images.metmuseum.org/CRDImages/cl/original/cdi55-61-153.jpg,0,,,
470734,Capital,Capital,ca. 1130–40,,,,Marble,Overall: 17 x 17 1/2 x 17 in. (43.2 x 44.5 x 43.2 cm),Catalan,present-day France,,,Mythical Creatures,,,,,,,The Cloisters,Sculpture-Architectural,,False,True,https://www.metmuseum.org/art/collection/search/470734,https://images.metmuseum.org/CRDImages/cl/original/cdi25-120-858.jpg,1,https://www.wikidata.org/wiki/Q116253925,,
469851,Roundel with Martyrdom of Saint Leger,Roundel,ca. 1490,,,,"Colorless glass, vitreous paint and silver stain",Overall: 8 1/2 in. (21.6 cm),German,Germany,,,Suffering|Men,,,,,,,The Cloisters,Glass-Stained,,False,True,https://www.metmuseum.org/art/collection/search/469851,https://images.metmuseum.org/CRDImages/cl/original/LC-1980_223_4.jpg,1,https://www.wikidata.org/wiki/Q20201361,,
474426,"Saint Servatius Crushing a Dragon, with Saint Michael Weighing Souls below (from a series with The Virgin Mary and Five Standing Saints)",Panel,1440–46,,,,"Pot-metal glass, white glass, vitreous paint, silver stain",Each window 12 ft. 4 1/2 in. x 28 1/4 in. (337.2 x 71.8 cm),German,Germany,,,Dragons|Bishops|Saint Michael|Virgin Mary,,,,,,,The Cloisters,Glass-Stained,,False,True,https://www.metmuseum.org/art/collection/search/474426,https://images.metmuseum.org/CRDImages/cl/original/DT12117cropped1.jpg,9,https://www.wikidata.org/wiki/Q20201937,,
472319,Mourning Woman,Sculpture,16th century,,,,"stone, traces of paint","H: 43""  (109.2 cm)",French,,,,Sadness|Women,,,,,,,The Cloisters,Sculpture-Stone,,False,True,https://www.metmuseum.org/art/collection/search/472319,https://images.metmuseum.org/CRDImages/cl/original/sf177288.jpg,0,https://www.wikidata.org/wiki/Q20201874,,
472093,Pilgrim's Badge,Pilgrim's badge,14th–16th century,,,,Lead,Overall: 1 x 13/16in. (2.5 x 2.1cm),French,,,,Madonna and Child,,,,,,,The Cloisters,Metalwork-Lead,,False,True,https://www.metmuseum.org/art/collection/search/472093,https://images.metmuseum.org/CRDImages/cl/original/cdi1977-240-68.jpg,1,,,
471357,Coffret (Minnekästchen),Coffret,ca. 1325–50,,,,"Oak, inlay, and tempera; wrought-iron mounts",Overall: 4 3/4 x 10 3/4 x 6 1/2in. (12.1 x 27.3 x 16.5cm),German,Germany,,,Men|Women|Coat of Arms,,,,,,,The Cloisters,Woodwork-Furniture,,False,True,https://www.metmuseum.org/art/collection/search/471357,https://images.metmuseum.org/CRDImages/cl/original/DP273975.jpg,2,https://www.wikidata.org/wiki/Q110257151,,
470717,Abacus,Abacus,ca. 1130–1140,,,,Pink marble,Overall: 8 3/4 x 22 3/4 in. (22.2 x 57.8 cm),Catalan,present-day France,,,,,,,,,,The Cloisters,Sculpture-Architectural,,False,True,https://www.metmuseum.org/art/collection/search/470717,https://images.metmuseum.org/CRDImages/cl/original/DP132222.jpg,0,https://www.wikidata.org/wiki/Q116378322,,
469859,Reliquary Chasse,Reliquary chasse,1207–13,,,,"Copper; shaped, engraved, chased, and gilded; feet cast",Overall: 7 x 10 x 4 1/2in. (17.8 x 25.4 x 11.4cm),British,England,,Canterbury,Christ|Saint Paul|Saint Peter|Virgin Mary,,,,,,,The Cloisters,Metalwork-Copper,,False,True,https://www.metmuseum.org/art/collection/search/469859,https://images.metmuseum.org/CRDImages/cl/original/DT9068.jpg,3,https://www.wikidata.org/wiki/Q116272696,,
475558,"7 of Collars, from The Cloisters Playing Cards",Playing card,ca. 1475–80,,,,"Paper (four layers of pasteboard) with pen and ink, opaque paint, glazes, and applied silver and gold",5 3/16 × 2 3/4 in. (13.2 × 7 cm),South Netherlandish,,,,Playing Cards|Games,,,,,,,The Cloisters,Miscellaneous-Paper,,False,True,https://www.metmuseum.org/art/collection/search/475558,https://images.metmuseum.org/CRDImages/cl/original/DP354535.jpg,3,https://www.wikidata.org/wiki/Q116280897,,
473828,Column Base,Base,20th century,,,,Cement,Overall (joined together with .51): 5 3/8 x 18 1/8 x 8 7/8 in. (13.7 x 46 x 22.5 cm),European or American (?),,,,,,,,,,,The Cloisters,Sculpture-Architectural,,False,True,https://www.metmuseum.org/art/collection/search/473828,https://images.metmuseum.org/CRDImages/cl/original/cdi-st-g6.jpg,1,https://www.wikidata.org/wiki/Q116246019,,
472332,Column Base,Base,late 12th century,,,,Stone,Overall: 5 3/8 x 10 3/16 in. (13.7 x 25.8 cm),French,,,,,,,,,,,The Cloisters,Sculpture-Architectural,,False,True,https://www.metmuseum.org/art/collection/search/472332,https://images.metmuseum.org/CRDImages/cl/original/cdi-st-g1.jpg,1,https://www.wikidata.org/wiki/Q116256060,,
471230,Pricket Candlestick,Candlestick,probably 15th century,,,,Iron,H. 60 in.,European,,,,,,,,,,,The Cloisters,Metalwork-Iron,,False,True,https://www.metmuseum.org/art/collection/search/471230,https://images.metmuseum.org/CRDImages/cl/original/cdi38-168-7.jpg,0,https://www.wikidata.org/wiki/Q116252284,,
469854,Architectural Frieze,Frieze,second quarter 12th century,,,,Limestone,11 1/2 x 22 x 7 3/4 in.  (29.2 x 55.9 x 19.7 cm),French,France,,Cluny,Buildings,,,,,,,The Cloisters,Sculpture-Architectural-Stone,,False,True,https://www.metmuseum.org/art/collection/search/469854,https://images.metmuseum.org/CRDImages/cl/original/DT9018v2.jpg,0,https://www.wikidata.org/wiki/Q116272698,,
472128,Pilgrim's Badge,Pilgrim's badge,14th–16th century,,,,Lead,Overall: 1 13/16 x 9/16in. (4.6 x 1.4cm),French,,,,Saints,,,,,,,The Cloisters,Metalwork-Lead,,False,True,https://www.metmuseum.org/art/collection/search/472128,https://images.metmuseum.org/CRDImages/cl/original/cdi1977-240-4.jpg,1,,,
471363,Panel with Angels Visiting the Virgin in the Temple,Panel,early 16th century,,,,Oak,Overall: 35 1/2 x 10 1/2 in. (90.2 x 26.7 cm),French,France,,,Angels|Virgin Mary,,,,,,,The Cloisters,Woodwork-Lacquer,,False,True,https://www.metmuseum.org/art/collection/search/471363,https://images.metmuseum.org/CRDImages/cl/original/cdi50-147-6.jpg,0,https://www.wikidata.org/wiki/Q116251938,,
470667,Column Base,Column base,ca. 1130–40,,,,Marble,Overall: 17 7/8 x 7 1/2 x 17 7/8 in. (45.4 x 19.1 x 45.4 cm),Catalan,present-day France,,,,,,,,,,The Cloisters,Sculpture-Architectural,,False,True,https://www.metmuseum.org/art/collection/search/470667,https://images.metmuseum.org/CRDImages/cl/original/DP132222.jpg,0,https://www.wikidata.org/wiki/Q116378294,,
470645,Column Shaft,Shaft,late 12th century,,,,Stone,Overall: 41 x 5 7/8 in. (104.1 x 15 cm),French,France,,,,,,,,,,The Cloisters,Sculpture-Architectural,,False,True,https://www.metmuseum.org/art/collection/search/470645,https://images.metmuseum.org/CRDImages/cl/original/cdi-st-g13.jpg,1,https://www.wikidata.org/wiki/Q116256145,,
476423,Reliquary Beaker (Krautstrunk),Reliquary beaker,late 15th century,,,,"Free-blown glass with applied decoration; wax, silk, linen, ink on vellum, and possible human remains",Overall: 4 1/16 x 2 15/16 in. (10.3 x 7.5 cm),German,,,,,,,,,,,The Cloisters,Glass-Vessels,,False,True,https://www.metmuseum.org/art/collection/search/476423,https://images.metmuseum.org/CRDImages/cl/original/cdi2004-365s1.jpg,6,https://www.wikidata.org/wiki/Q116280530,,
472159,Christ Before Pilate,Panel,ca. 1390,,,,"Pot-metal and colorless glass, vitreous paint and silver stain",28 5/8 x 12 11/16 in.  (72.7 x 32.2 cm),Austrian,Austria,,,Men|Christ|Pilate,,,,,,,The Cloisters,Glass-Stained,,False,True,https://www.metmuseum.org/art/collection/search/472159,https://images.metmuseum.org/CRDImages/cl/original/cdi1986-285-6.jpg,1,https://www.wikidata.org/wiki/Q20201951,,
471657,Plate and Nail,Plate and nail,15th–16th century,,,,Iron,Overall: 3 1/4 in. (8.3 cm),European,,,,,,,,,,,The Cloisters,Metalwork-Iron,,False,True,https://www.metmuseum.org/art/collection/search/471657,https://images.metmuseum.org/CRDImages/cl/original/cdi55-61-96ab.jpg,0,,,
471458,Crozier with Lamb of God,Crozier,ca. 1360–1400,,,,Bone with paint and gold,Overall: 61 x 9 9/16 x 2 7/16 in. (154.9 x 24.3 x 6.2 cm),North Italian,Italian,,possibly the Lagoon destrict of Venice,Lambs,,,,,,,The Cloisters,Ivories-Bone,,False,True,https://www.metmuseum.org/art/collection/search/471458,https://images.metmuseum.org/CRDImages/cl/original/cdi53-63-4d1.jpg,4,https://www.wikidata.org/wiki/Q20201078,,
472125,Pilgrim's Badge,Pilgrim's badge,14th–16th century,,,,Lead,Overall: 1 3/4 x 13/16in. (4.5 x 2.1cm),French,,,,Angels,,,,,,,The Cloisters,Metalwork-Lead,,False,True,https://www.metmuseum.org/art/collection/search/472125,https://images.metmuseum.org/CRDImages/cl/original/cdi1977-240-1.jpg,1,,,
470727,Column Shaft,Column shaft,ca. 1130–1140,,,,Pink marble,35 3/4 × 9 in. (90.8 × 22.9 cm),Catalan,present-day France,,,,,,,,,,The Cloisters,Sculpture-Architectural,,False,True,https://www.metmuseum.org/art/collection/search/470727,https://images.metmuseum.org/CRDImages/cl/original/DP132222.jpg,0,https://www.wikidata.org/wiki/Q116378356,,
471709,Nail,Nail,15th–16th century,,,,Iron,Overall: 5 1/4 x 4 3/8 in. (13.3 x 11.1 cm),European,,,,,,,,,,,The Cloisters,Metalwork-Iron,,False,True,https://www.metmuseum.org/art/collection/search/471709,https://images.metmuseum.org/CRDImages/cl/original/cdi55-61-156.jpg,0,,,
470836,Capital,Capital,ca. 1130–40,,,,Marble,Overall: 12 1/2 x 16 x 12 1/2 in. (31.8 x 40.6 x 31.8 cm),Catalan,present-day France,,,,,,,,,,The Cloisters,Sculpture-Architectural,,False,True,https://www.metmuseum.org/art/collection/search/470836,https://images.metmuseum.org/CRDImages/cl/original/LC-25_120_631-004.jpg,3,,,
471934,Stained Glass Panel with Queen Kunigunde,Panel,1340–50,,,,"Pot-metal glass, colorless glass, and vitreous paint",38 1/2 x 17 1/2 in. (97.8 x 44.5 cm),Austrian,Austria,,,Queens,,,,,,,The Cloisters,Glass-Stained,,False,True,https://www.metmuseum.org/art/collection/search/471934,https://images.metmuseum.org/CRDImages/cl/original/DP103910.jpg,1,https://www.wikidata.org/wiki/Q20201768,,
471153,Window with Flamboyant Tracery,Window,15th century,,,,Limestone,Overall: 137 13/16 x 108 11/16 in. (350 x 276.1 cm),French,France,,,,,,,,,,The Cloisters,Installations,,False,True,https://www.metmuseum.org/art/collection/search/471153,https://images.metmuseum.org/CRDImages/cl/original/cdi35-35-1.jpg,0,https://www.wikidata.org/wiki/Q116252426,,
471197,Grisaille Lancet,Lancet,ca. 1265–70,,,,White glass with pot metal,"Overall: 57 7/8 x 22 1/2 in. (147 x 57.2 cm)
a: 27 x 22 1/2 in. (68.6 x 57.2 cm)
b: 22 1/2 x 22 1/2 in. (57.2 x 57.2 cm)
c: 8 3/8 x 22 1/2 in. (21.3 x 57.2 cm)",French,France,,,,,,,,,,The Cloisters,Glass-Stained,,False,True,https://www.metmuseum.org/art/collection/search/471197,https://images.metmuseum.org/CRDImages/cl/original/cdi36-109.jpg,0,https://www.wikidata.org/wiki/Q116252302,,
479485,Beaker (Krautstrunk),Beaker,1480–1510,,,,Free-blown glass with applied decoration,2 1/8 × 3 1/4 in. (5.4 × 8.3 cm),German or Netherlandish,,,,,,,,,,,The Cloisters,Glass-Vessels,,False,True,https://www.metmuseum.org/art/collection/search/479485,https://images.metmuseum.org/CRDImages/cl/original/DP249709.jpg,1,https://www.wikidata.org/wiki/Q116275859,,
470919,Panel with the Birth of St. John the Baptist from Retable,Painting,15th century,,,,"Tempera on wood, gold ground","H. 37-1/2, W. 28 in.",Spanish,Spain,,,Men|Women|Saint John the Baptist|Birth|Beds,Domingo Ram,Artist,Spanish,1464,1507,,The Cloisters,Paintings-Panels,"Spanish, Aragon, active 1464–1507",False,True,https://www.metmuseum.org/art/collection/search/470919,https://images.metmuseum.org/CRDImages/cl/original/cdi25-120-927.jpg,1,https://www.wikidata.org/wiki/Q20200969,https://www.wikidata.org/wiki/Q20829680,http://vocab.getty.edu/page/ulan/500014489
470601,Angel,Voussoir,ca. 1130,,,,Limestone,23 x 16 1/2 x 11 3/8 in. (58.4 x 41.9 x 28.9 cm),French,France,,,Angels,,,,,,,The Cloisters,Sculpture-Architectural,,False,True,https://www.metmuseum.org/art/collection/search/470601,https://images.metmuseum.org/CRDImages/cl/original/DP102898.jpg,0,https://www.wikidata.org/wiki/Q116256453,,
467641,The Hunters Return to the Castle (from the Unicorn Tapestries),Tapestry,1495–1505,,,,"Wool warp with wool, silk, silver, and gilt wefts",Overall: 145 x 153in. (368.3 x 388.6cm),French (cartoon)/South Netherlandish (woven),Southern Netherlands (woven),,,Castles|Spears|Men|Women|Unicorns|Dogs|Horses|Squirrels|Death,,,,,,,The Cloisters,Textiles-Tapestries,,False,True,https://www.metmuseum.org/art/collection/search/467641,https://images.metmuseum.org/CRDImages/cl/original/DP118989.jpg,20,https://www.wikidata.org/wiki/Q116280447,,
471664,Plate and Nail,Plate and nail,15th–16th century,,,,Iron,Overall: 4 1/4 in. (10.8 cm),European,,,,,,,,,,,The Cloisters,Metalwork-Iron,,False,True,https://www.metmuseum.org/art/collection/search/471664,https://images.metmuseum.org/CRDImages/cl/original/cdi55-61-103ab.jpg,1,,,
712741,Door knocker in the shape of a small dog or puppy,Door knocker,15th or 16th century,,,,Wrought iron,"without tang: 6 1/8 × 1 1/2 × 3 1/4 in. (15.5 × 3.8 × 8.2 cm)
Overall with mounting (tang): 6 1/8 in. × 1 1/2 in. × 6 in. (15.5 × 3.8 × 15.3 cm)",Spanish,,,,Dogs,,,,,,,The Cloisters,Metalwork-Iron,,False,True,https://www.metmuseum.org/art/collection/search/712741,https://images.metmuseum.org/CRDImages/cl/original/DP-14547-002.jpg,10,,,
479800,Footed Cup with handle: Scheuer,Vessel,ca. 1500–1525,,,,Free-blown glass with applied decoration,"4 3/4 × 4 3/16 × 3 9/16 in. (12 × 10.6 × 9 cm)
Diam. of foot: 3 1/2 in. (8.9 cm)",German,Germany,,,,,,,,,,The Cloisters,Glass-Vessels,,False,True,https://www.metmuseum.org/art/collection/search/479800,https://images.metmuseum.org/CRDImages/cl/original/DP316973.jpg,6,https://www.wikidata.org/wiki/Q116275508,,
472307,Saint Fiacre,Relief statue,mid-15th century,,,,Alabaster,Overall: 16 x 5 1/8 x 1 7/8 in. (40.6 x 13 x 4.8 cm),British,England,,,Men|Saints,,,,,,,The Cloisters,Sculpture-Alabaster,,False,True,https://www.metmuseum.org/art/collection/search/472307,https://images.metmuseum.org/CRDImages/cl/original/cdi25-120-227s1.jpg,1,https://www.wikidata.org/wiki/Q116373762,,
472379,Capital,Capital,late 12th century,,,,Stone,Overall: 11 5/8 x 9 7/8 x 9 5/8 in. (29.5 x 25.1 x 24.4 cm),French,France,,,,,,,,,,The Cloisters,Sculpture-Architectural,,False,True,https://www.metmuseum.org/art/collection/search/472379,https://images.metmuseum.org/CRDImages/cl/original/cdi-st-g13.jpg,2,https://www.wikidata.org/wiki/Q116256152,,
469962,Glass Reliquary,Reliquary,late 15th–early 16th century,,,,"Free-blown glass with applied decoration, boiled leather, silk, wax, and possible human remains",2 3/4in. (7cm),German or Netherlandish,,,,,,,,,,,The Cloisters,Glass-Vessels,,False,True,https://www.metmuseum.org/art/collection/search/469962,https://images.metmuseum.org/CRDImages/cl/original/cdi1997-513s1.jpg,4,https://www.wikidata.org/wiki/Q116256824,,
470300,Horse Trapping,Horse trapping,14th century,,,,"Gilded copper alloy, with enamels","Overall: 9 1/16in. (23cm)
Diameter: 2 3/4 in. (7 cm)",Catalan,Spain,Catalonia,,Coat of Arms,,,,,,,The Cloisters,Metalwork-Copper alloy,,False,True,https://www.metmuseum.org/art/collection/search/470300,https://images.metmuseum.org/CRDImages/cl/original/cdi1980-32-3.jpg,1,,,
478786,Block,Block,ca. 1130–40,,,,Stone,,French,France,,,,,,,,,,The Cloisters,Sculpture-Architectural,,False,True,https://www.metmuseum.org/art/collection/search/478786,https://images.metmuseum.org/CRDImages/cl/original/198812.jpg,0,,,
473479,Saint John,Statuette,14th century,,,,"Wood, paint",Overall: 37 1/2 in. (95.3 cm),French,,,,Saint John,,,,,,,The Cloisters,Sculpture-Stone,,False,True,https://www.metmuseum.org/art/collection/search/473479,https://images.metmuseum.org/CRDImages/cl/original/sf25-120-261.jpg,0,https://www.wikidata.org/wiki/Q20201835,,
471553,Pyx,Pyx,late 15th century,,,,"Silver, partly gilt",Overall: H: 7 1/2 x Diam.:3 5/8 in. (19.1 x 9.2 cm),Spanish,,,,Cross,,,,,,,The Cloisters,Metalwork-Silver,,False,True,https://www.metmuseum.org/art/collection/search/471553,https://images.metmuseum.org/CRDImages/cl/original/cdi54-177-3ab.jpg,3,,,
471007,Double Column Base,Base,late 13th–early 14th century,,,,Marble,Overall: 18 1/2 x 8 1/4 x 10 1/2 in. (47 x 21 x 26.7 cm),French,France,Pyrénées-Aquintaine,,,,,,,,,The Cloisters,Sculpture-Architectural,,False,True,https://www.metmuseum.org/art/collection/search/471007,https://images.metmuseum.org/CRDImages/cl/original/DP102892.jpg,0,https://www.wikidata.org/wiki/Q116276041,,
470903,The Entombment (from Scenes from the Passion of Christ),Relief,early 16th century,,,,Stone,Overall: 22 3/8 x 32 1/4 in. (56.8 x 81.9 cm),French,France,,,Christ|Mary Magdalene|Virgin Mary|Entombment,,,,,,,The Cloisters,Sculpture,,False,True,https://www.metmuseum.org/art/collection/search/470903,https://images.metmuseum.org/CRDImages/cl/original/25_120_487_cdi.jpg,1,https://www.wikidata.org/wiki/Q116373810,,
473815,Capital,Capital,late 12th century,,,,Stone,Overall: 11 x 9 5/8 x 9 7/8 in. (27.9 x 24.4 x 25.1 cm),French,,,,,,,,,,,The Cloisters,Sculpture-Architectural,,False,True,https://www.metmuseum.org/art/collection/search/473815,https://images.metmuseum.org/CRDImages/cl/original/cdi-st-g17.jpg,2,https://www.wikidata.org/wiki/Q116255999,,
471658,Plate and Nail,Plate and nail,15th–16th century,,,,Iron,Overall: 3 x 3 1/8 in. (7.6 x 7.9 cm),European,,,,,,,,,,,The Cloisters,Metalwork-Iron,,False,True,https://www.metmuseum.org/art/collection/search/471658,https://images.metmuseum.org/CRDImages/cl/original/cdi55-61-97ab.jpg,1,,,
471705,Nail,Nail,15th–16th century,,,,Iron,Overall: 5 1/4 x 4 3/8 in. (13.3 x 11.1 cm),European,,,,,,,,,,,The Cloisters,Metalwork-Iron,,False,True,https://www.metmuseum.org/art/collection/search/471705,https://images.metmuseum.org/CRDImages/cl/original/cdi55-61-152.jpg,0,,,
468546,The baptism of Christ,Panel,14th century,,,,Silk on linen,11 x 16 in.  (27.9 x 40.6 cm),Italian,Italy,,,Angels|Christ|Saint John the Baptist|Saints,,,,,,,The Cloisters,Textiles-Embroidered,,False,True,https://www.metmuseum.org/art/collection/search/468546,https://images.metmuseum.org/CRDImages/cl/original/DP167107.jpg,1,,,
471904,The Crucifixion,Painting,ca. 1330–35,,,,"Tempera on wood, gold ground","Overall: 18 x 11 3/4 in. (45.7 x 29.8 cm)
Painted surface: 15 5/8 x 10 5/8 in. (39.7 x 27 cm)",Italian,France,,Avignon,Soldiers|Skulls|Christ|Virgin Mary|Crucifixion,Master of the Codex of Saint George,Artist,Italian,1310,1335,,The Cloisters,Paintings-Panels,"Italian, active Florence, ca. 1315–35",True,True,https://www.metmuseum.org/art/collection/search/471904,https://images.metmuseum.org/CRDImages/cl/original/DT200609.jpg,1,https://www.wikidata.org/wiki/Q20200877,https://www.wikidata.org/wiki/Q1918541,http://vocab.getty.edu/page/ulan/500026195
469912,Game Piece with the Blinded Samson Led by a Boy to the Philistine Temple of Dagon,Game piece,ca. 1150,,,,Walrus ivory,2 7/8 x 13/16 in. (7.3 x 2 cm),German,Germany,,Cologne,Boys|Samson,,,,,,,The Cloisters,Ivories-Walrus,,False,True,https://www.metmuseum.org/art/collection/search/469912,https://images.metmuseum.org/CRDImages/cl/original/DP252784.jpg,1,https://www.wikidata.org/wiki/Q116272507,,
475487,Roundel with Scenes of the Attack on the Castle of Love,Roundel,ca. 1320–40,,,,Elephant ivory,Overall: Diam. 5 9/16 x 1/2 in. (Diam. 14.1 x 1.2 cm),French,France,,Paris,Castles|Bow and Arrow|Women|Horses|Knights,,,,,,,The Cloisters,Ivories-Elephant,,False,True,https://www.metmuseum.org/art/collection/search/475487,https://images.metmuseum.org/CRDImages/cl/original/DP-34061-001.jpg,2,https://www.wikidata.org/wiki/Q116411528,,
476566,"Manuscript Leaf with the Martyrdom of Saint Bartholomew, from a Laudario",Laudario; Manuscript leaf,ca. 1340,,,,"Tempera, gold, and ink on parchment","Overall: 18 1/2 x 13 3/4 in. (47 x 35 cm)
Mat size: 27 7/8 x 22 in. (70.8 x 55.9 cm)
Illumination: 6 15/16 x 8 1/16 in. (17.7 x 20.5 cm)",Italian,Italy,,Florence,Men|Angels|Saints,Pacino di Bonaguida,Artist,Italian,1302,1340,,The Cloisters,Manuscripts and Illuminations,"Italian, active Florence 1302–ca. 1340",False,True,https://www.metmuseum.org/art/collection/search/476566,https://images.metmuseum.org/CRDImages/cl/original/DP148560.jpg,6,https://www.wikidata.org/wiki/Q20200935,https://www.wikidata.org/wiki/Q3459812,http://vocab.getty.edu/page/ulan/500023419
470613,Column Shaft,Shaft,late 12th century,,,,Stone,"Height: 41 in. (104.1 cm)
Circumference: 17 3/4 - 20 7/8 (45 - 53 cm)",French,France,,,,,,,,,,The Cloisters,Sculpture-Architectural,,False,True,https://www.metmuseum.org/art/collection/search/470613,https://images.metmuseum.org/CRDImages/cl/original/cdi-st-g8.jpg,1,https://www.wikidata.org/wiki/Q116256246,,
470672,Column Shaft,Shaft,late 12th century,,,,Stone,Overall: 40 3/4 x 15 5/16 in. (103.5 x 38.9 cm),French,France,,,,,,,,,,The Cloisters,Sculpture-Architectural,,False,True,https://www.metmuseum.org/art/collection/search/470672,https://images.metmuseum.org/CRDImages/cl/original/cdi-st-g4.jpg,1,https://www.wikidata.org/wiki/Q116256026,,
470895,Coffret,Coffret,late 14th–early 15th century,,,,"wood, brass",Overall: 7 x 9 3/8 x 11 in. (17.8 x 23.8 x 27.9 cm),German (?),,,,,,,,,,,The Cloisters,Woodwork-Furniture,,False,True,https://www.metmuseum.org/art/collection/search/470895,https://images.metmuseum.org/CRDImages/cl/original/cdi25-120-454.jpg,8,,,
472104,Pilgrim's Badge,Pilgrim's badge,14th–16th century,,,,Lead,Overall: 2 1/8 in. (5.4 cm),French,,,,,,,,,,,The Cloisters,Metalwork-Lead,,False,True,https://www.metmuseum.org/art/collection/search/472104,https://images.metmuseum.org/CRDImages/cl/original/cdi1977-240-79.jpg,1,,,
472057,Pilgrim's Badge,Pilgrim's badge,14th–16th century,,,,Lead,Overall: 1 x 1 in. (2.6 x 2.5 cm),French,,,,Saints,,,,,,,The Cloisters,Metalwork-Lead,,False,True,https://www.metmuseum.org/art/collection/search/472057,https://images.metmuseum.org/CRDImages/cl/original/cdi1977-240-32.jpg,1,,,
471660,Plate and Nail,Plate and nail,15th–16th century,,,,Iron,Overall: 4 1/8 x 3 1/2 in. (10.5 x 8.9 cm),European,,,,,,,,,,,The Cloisters,Metalwork-Iron,,False,True,https://www.metmuseum.org/art/collection/search/471660,https://images.metmuseum.org/CRDImages/cl/original/cdi55-61-99ab.jpg,1,,,
466593,Saint Martial Founding the Cathedral of Saint-Pierre,Panel,ca. 1190,,,,"Pot-metal glass, vitreous paint, and lead",Overall: 30 1/8 x 15in. (76.5 x 38.1cm),French,France,,Poitiers,Men|Saints,,,,,,,The Cloisters,Glass-Stained,,False,True,https://www.metmuseum.org/art/collection/search/466593,https://images.metmuseum.org/CRDImages/cl/original/sf25-120-394b.jpg,0,https://www.wikidata.org/wiki/Q20201198,,
470913,Column Shaft,Shaft,10th century (?),,,,Marble,Overall: 53 1/4 in. (135.3 cm),Byzantine,,,,,,,,,,,The Cloisters,Sculpture-Architectural,,False,True,https://www.metmuseum.org/art/collection/search/470913,https://images.metmuseum.org/CRDImages/cl/original/cdi25-120-509-703-704.jpg,0,https://www.wikidata.org/wiki/Q116252818,,
469922,"Devotional Diptych with the Annunciation, the Virgin and Child, and the Crucifixion",Diptych,1400–1425,,,,"Verre églomisé, wood, gesso, tempera",H. 3 11/16 in. (9.3 cm),Italian,Italy,,Padua (?),Madonna and Child|Crucifixion,,,,,,,The Cloisters,Glass-Verre églomisé,,False,True,https://www.metmuseum.org/art/collection/search/469922,https://images.metmuseum.org/CRDImages/cl/original/DT6240.jpg,2,,,
471151,Corbel,Corbel,15th century,,,,Limestone,Overall: 13 3/4 x 7 11/16 x 10 1/4 in. (35 x 19.5 x 26 cm),French,,,,Animals,,,,,,,The Cloisters,Sculpture-Architectural,,False,True,https://www.metmuseum.org/art/collection/search/471151,https://images.metmuseum.org/CRDImages/cl/original/cdi34-21-16.jpg,0,,,
468237,The Hermit Adrian Shows St. Catherine an Image of Christ and Baptizes Her,Roundel,ca. 1430,,,,Silk and metal thread on linen,Overall: 6 5/8 in. (16.8 cm),South Netherlandish,,,,Men|Women|Saint Catherine,,,,,,,The Cloisters,Textiles-Embroidered,,False,True,https://www.metmuseum.org/art/collection/search/468237,https://images.metmuseum.org/CRDImages/cl/original/DP258009.jpg,3,,,
473008,Crucifix,Crucifix,ca. 1150–1200,,,,"White oak with paint, gold leaf, and tin leaf (corpus); softwood with paint and tin leaf (cross)","Overall (cross): 102 1/2 x 81 3/4 in. (260.4 x 207.6 cm)
Head: 10 1/4 x 4 in. (26 x 10.2 cm)
Span of right arm: 25 3/8 in. (64.4 cm)
Span of left arm: 26 5/16 in. (66.8 cm)
Right foot–heel to small toe: 3 3/4 in. (9.5 cm)
Right foot–heel to big toe: 9 1/8 in. (23.2 cm)
Left foot–heel to small toe: 3 1/4 in. (8.3 cm)
Left foot–heel to big toe: 9 in. (22.8 cm)",Spanish,Spain,,,Christ|Cross|Crucifixion,,,,,,,The Cloisters,Sculpture-Wood,,True,True,https://www.metmuseum.org/art/collection/search/473008,https://images.metmuseum.org/CRDImages/cl/original/DP102847.jpg,1,https://www.wikidata.org/wiki/Q20201175,,
470927,Tile,Tile,12th–14th century,,,,Glazed earthenware,Overall: 4 1/2 x 4 1/2 in. (11.4 x 11.4 cm),French,,,,Animals,,,,,,,The Cloisters,Ceramics,,False,True,https://www.metmuseum.org/art/collection/search/470927,https://images.metmuseum.org/CRDImages/cl/original/cdi25-120-951.jpg,0,,,
471821,Ring Brooch,Ring brooch,13th century,,,,Copper alloy,Overall Diameter: 7/8 in. (2.2 cm),European,,,,,,,,,,,The Cloisters,Metalwork-Copper alloy,,False,True,https://www.metmuseum.org/art/collection/search/471821,https://images.metmuseum.org/CRDImages/cl/original/cdi57-26-5.jpg,1,,,
471303,Andiron,Andiron,late 14th or early 15th century,,,,Wrought iron,"H. 48- 1/2, L.  26- 1/4 in.",French,,,,,,,,,,,The Cloisters,Metalwork-Iron,,False,True,https://www.metmuseum.org/art/collection/search/471303,https://images.metmuseum.org/CRDImages/cl/original/cdi47-101-73.jpg,3,https://www.wikidata.org/wiki/Q116252150,,
471838,Chair,Chair,16th century,,,,Wood,Overall: 69 1/2 x 27 3/4 x 21 in. (176.5 x 70.5 x 53.3 cm),Spanish,Spain,,,,,,,,,,The Cloisters,Woodwork-Furniture,,False,True,https://www.metmuseum.org/art/collection/search/471838,https://images.metmuseum.org/CRDImages/cl/original/cdi58-35.jpg,1,,,
468550,Pot Hook,Pot hook,16th century,,,,Iron,Overall: 31 1/2 x 17 5/16 x 2 15/16 in. (80 x 44 x 7.5 cm),Spanish (?),,,,,,,,,,,The Cloisters,Metalwork-Iron,,False,True,https://www.metmuseum.org/art/collection/search/468550,https://images.metmuseum.org/CRDImages/cl/original/167354.jpg,0,,,
470752,Doorway,Portal; doorway,mid-12th century,,,,Limestone,Overall: 166 x 180 in. (421.6 x 457.2 cm),French,France,,,,,,,,,,The Cloisters,Installations,,False,True,https://www.metmuseum.org/art/collection/search/470752,https://images.metmuseum.org/CRDImages/cl/original/cdi25-120-878.jpg,4,https://www.wikidata.org/wiki/Q116253744,,
472540,"Tomb Plaque of Blanche of France (1328–92), daughter of Charles IV of France and Jeanne d'Evreux",Tomb plaque,after 1392,,,,Black marble with traces of paint and gilding,"Overall: 8 1/4 x 17 1/8 x 15/16in. (21 x 43.5 x 2.4cm)
of shortest side of trap: 7 7/8in. (20cm)",French,,,,,,,,,,,The Cloisters,Sculpture-Stone,,False,True,https://www.metmuseum.org/art/collection/search/472540,https://images.metmuseum.org/CRDImages/cl/original/tem25-120380s1.jpg,3,https://www.wikidata.org/wiki/Q20201882,,
472383,Nail,Nail,15th–16th century,,,,Iron,Overall: 3 1/4 in. (8.3 cm),European,,,,,,,,,,,The Cloisters,Metalwork-Iron,,False,True,https://www.metmuseum.org/art/collection/search/472383,https://images.metmuseum.org/CRDImages/cl/original/cdi55-61-123.jpg,1,,,
472095,Pilgrim's Badge,Pilgrim's badge,14th–16th century,,,,Lead,Overall (Diameter): 7/8 in. (2.2 cm),French,,,,,,,,,,,The Cloisters,Metalwork-Lead,,False,True,https://www.metmuseum.org/art/collection/search/472095,https://images.metmuseum.org/CRDImages/cl/original/cdi1977-240-70.jpg,1,,,
469964,Glass Fragment,Fragment,1280–1325,,,,"Pot metal glass, vitreous paint",Overall: 4 x 2 3/8in. (10.2 x 6cm),French,,,,,,,,,,,The Cloisters,Glass-Stained,,False,True,https://www.metmuseum.org/art/collection/search/469964,https://images.metmuseum.org/CRDImages/cl/original/cdi1985-91-8.jpg,0,https://www.wikidata.org/wiki/Q20201305,,
469890,Roundel with Saint Catherine of Alexandria,Roundel,ca. 1500,,,,"Colorless glass, vitreous paint and silver stain",8 1/2 in. (21.6 cm),South Netherlandish,,,,Men|Women|Saints,,,,,,,The Cloisters,Glass-Stained,,False,True,https://www.metmuseum.org/art/collection/search/469890,https://images.metmuseum.org/CRDImages/cl/original/DP-34060-001.jpg,0,https://www.wikidata.org/wiki/Q20201408,,
471191,Choir Stall,Choir stall,15th century,,,,Oak,Overall: 41 1/2 x 30 1/2 x 21 1/2 in. (105.4 x 77.5 x 54.6 cm),French,,,,,,,,,,,The Cloisters,Woodwork-Furniture,,False,True,https://www.metmuseum.org/art/collection/search/471191,https://images.metmuseum.org/CRDImages/cl/original/cdi36-79-1s1a.jpg,6,,,
475525,Altar Predella and Socle of Archbishop Don Dalmau de Mur y Cervelló,Altarpiece,ca. 1456–1458,,,,Alabaster,Overall: 33 x 29 3/4 in. (83.8 x 75.6 cm),Spanish,Spain,,Saragossa,,Francí Gomar,Artist,Spanish,1443,1493,,The Cloisters,Sculpture-Stone,"Spanish, Aragon, active by 1443–died ca. 1492/3",False,True,https://www.metmuseum.org/art/collection/search/475525,https://images.metmuseum.org/CRDImages/cl/original/DP120098.jpg,1,https://www.wikidata.org/wiki/Q20200912,https://www.wikidata.org/wiki/Q56715821,
463569,Roundel with Saint Peter,Roundel,ca. 1520,,,,"Colorless glass, vitreous paint and silver stain",9 3/4 in. (24.8 cm),South Netherlandish,,,,Saint Peter|Coat of Arms|Keys,,,,,,,The Cloisters,Glass-Stained,,False,True,https://www.metmuseum.org/art/collection/search/463569,https://images.metmuseum.org/CRDImages/cl/original/cdi12-137-6.jpg,0,https://www.wikidata.org/wiki/Q20201233,,
472029,Pilgrim's Badge,Pilgrim's badge,14th–16th century,,,,Lead,Overall: 1/2 in. (1.3 cm),French,,,,,,,,,,,The Cloisters,Metalwork-Lead,,False,True,https://www.metmuseum.org/art/collection/search/472029,https://images.metmuseum.org/CRDImages/cl/original/cdi1977-240-122.jpg,1,,,
466649,"Seated King, Probably Herod",Statuette,ca. 1300–1350,,,,Marble,Overall: 18 3/4 x 6 1/8 x 3 11/16 in. (47.6 x 15.6 x 9.3 cm),South Netherlandish,Netherlands,,,,,,,,,,The Cloisters,Sculpture-Stone,,False,True,https://www.metmuseum.org/art/collection/search/466649,https://images.metmuseum.org/CRDImages/cl/original/sf26-63-34s1.jpg,7,https://www.wikidata.org/wiki/Q116242930,,
471627,Strap Hinge,Hinge,15th–16th century,,,,Iron,Overall: 13 3/4 x 1 1/2 in. (34.9 x 3.8 cm),European,,,,,,,,,,,The Cloisters,Metalwork-Iron,,False,True,https://www.metmuseum.org/art/collection/search/471627,https://images.metmuseum.org/CRDImages/cl/original/cdi55-61-61.jpg,1,https://www.wikidata.org/wiki/Q116249091,,
466231,Jug,Jug,late 1300s or early 1400s,,,,Partially salt-glazed stoneware,Overall: 9 1/8 x 5 1/2 x 4 3/4 in. (23.1 x 13.9 x 12.1 cm),German,Germany,,Siegburg,,,,,,,,The Cloisters,Ceramics-Pottery,,False,True,https://www.metmuseum.org/art/collection/search/466231,https://images.metmuseum.org/CRDImages/cl/original/MED10.jpg,6,https://www.wikidata.org/wiki/Q116236443,,
472023,Pilgrim's Badge,Pilgrim's badge,14th–16th century,,,,Lead,Diam. 1/8-1/4 in. (.3-.8 cm),French,,,,,,,,,,,The Cloisters,Metalwork-Lead,,False,True,https://www.metmuseum.org/art/collection/search/472023,https://images.metmuseum.org/CRDImages/cl/original/cdi1977-240-117.jpg,1,,,
470826,Scene from the Legend of the True Cross,Relief,second half 14th century,,,,Stone,Overall: 24 1/2 x 29 1/2 in. (62.2 x 74.9 cm),Northern French or Netherlandish,,,,Men|Horses|Knights,,,,,,,The Cloisters,Sculpture,,False,True,https://www.metmuseum.org/art/collection/search/470826,https://images.metmuseum.org/CRDImages/cl/original/cdi25-120-528.jpg,0,,,
471227,Pricket Candlestick,Candlestick,15th century,,,,Iron,Overall: 54 in. (137.2 cm),Italian (?),,,,,,,,,,,The Cloisters,Metalwork-Iron,,False,True,https://www.metmuseum.org/art/collection/search/471227,https://images.metmuseum.org/CRDImages/cl/original/cdi38-168-4.jpg,0,https://www.wikidata.org/wiki/Q116252287,,
471566,Candlestick,Candlestick,15th or 16th century,,,,Copper alloy,"Overall: 16 5/8, with pricket 20 5/8 x Diam. of base 7 3/8 in. (42.2 x 18.7 cm)",South Netherlandish or German,,,Dinant or Lower Rhineland,,,,,,,,The Cloisters,Metalwork-Copper alloy,,False,True,https://www.metmuseum.org/art/collection/search/471566,https://images.metmuseum.org/CRDImages/cl/original/cdi55-40-1.jpg,0,,,
471069,Roundel with the Flagellation,Roundel,1480–90,,,,"Colorless glass, vitreous paint and silver stain",Overall Diam.:  7 7/8 in. (20 cm),German,Germany,,,Soldiers|Men|Christ,,,,,,,The Cloisters,Glass-Stained,,False,True,https://www.metmuseum.org/art/collection/search/471069,https://images.metmuseum.org/CRDImages/cl/original/cdi32-24-6.jpg,0,https://www.wikidata.org/wiki/Q20201635,,
466228,Jug,Jug,12th–13th century,,,,"Earthenware, unglazed",Overall: 5 7/8 x 5 7/8 in. (14.9 x 14.9 cm),German,Germany,,Middle Rhineland (?),,,,,,,,The Cloisters,Ceramics-Pottery,,False,True,https://www.metmuseum.org/art/collection/search/466228,https://images.metmuseum.org/CRDImages/cl/original/DT6793.jpg,5,,,
471968,Architectural Support with Quarreling Figures,Support,1524–1525,,,,Oak,"89 3/4 × 9 1/2 × 9 1/2 in., 96 lb. (228 × 24.1 × 24.1 cm, 43.5 kg)",French,"England, by French woodworkers",,,,,,,,,,The Cloisters,Woodwork-Architectural,,False,True,https://www.metmuseum.org/art/collection/search/471968,https://images.metmuseum.org/CRDImages/cl/original/DP-24533-003.jpg,8,,,
468231,Saint James the Greater,Statue,ca. 1450–75,,,,Limestone with traces of paint,Overall: 59 1/2 x 27 1/2 x 16 in. (151.1 x 69.9 x 40.6 cm),French,France,,Poligny,Men|Saints,,,,,,,The Cloisters,Sculpture-Stone,,False,True,https://www.metmuseum.org/art/collection/search/468231,https://images.metmuseum.org/CRDImages/cl/original/DP144073.jpg,0,https://www.wikidata.org/wiki/Q20201217,,
472122,Pilgrim's Badge,Pilgrim's badge,14th–16th century,,,,Lead,Overall: 3/8 in. (1 cm),French,,,,,,,,,,,The Cloisters,Metalwork-Lead,,False,True,https://www.metmuseum.org/art/collection/search/472122,https://images.metmuseum.org/CRDImages/cl/original/cdi1977-240-97.jpg,1,,,
468306,Spiral Column Shaft,Shaft,first half 13th century,,,,Marble (Proconnesian marble),"49 7/8 × 6 1/4 in., 102 lb. (126.7 × 15.9 cm, 46.3 kg)",Italo-Byzantine,Central or Southern Italian,,Rome possibly,,,,,,,,The Cloisters,Sculpture-Architectural,,False,True,https://www.metmuseum.org/art/collection/search/468306,https://images.metmuseum.org/CRDImages/cl/original/DP167905.jpg,1,,,
471123,Roundel with Christ as Savior of the World,Roundel,1520–30,,,,"Colorless glass, vitreous paint and silver stain",Overall Diam.:  8 9/16 in. (21.7 cm),South Netherlandish,,,,Christ,,,,,,,The Cloisters,Glass-Stained,,False,True,https://www.metmuseum.org/art/collection/search/471123,https://images.metmuseum.org/CRDImages/cl/original/cdi32-24-60.jpg,0,https://www.wikidata.org/wiki/Q20201591,,
471719,Plate and Nail,Plate and nail,15th–16th century,,,,Iron,Overall: 3 1/4 in. (8.3 cm),European,,,,,,,,,,,The Cloisters,Metalwork-Iron,,False,True,https://www.metmuseum.org/art/collection/search/471719,https://images.metmuseum.org/CRDImages/cl/original/cdi55-61-166.jpg,2,,,
471292,Ewer,Ewer,12th century,,,,"bronze, originally gilt",Overall: 9 1/4 x 6 5/16 x 4 9/16 in. (23.5 x 16 x 11.6 cm),European,,,,,,,,,,,The Cloisters,Metalwork-Bronze,,False,True,https://www.metmuseum.org/art/collection/search/471292,https://images.metmuseum.org/CRDImages/cl/original/cdi47-101-57.jpg,0,,,
479619,Evangelists Mark and Luke,Plaques,ca. 1220–30,,,,Gilded copper and glass,"Overall (Mark .1): 6 7/8 x 4 7/16 x 1 1/4 in. (17.4 x 11.2 x 3.1 cm)
Overall (Luke .2): 6 1/2 x 4 3/4 x 1 7/16 in. (16.5 x 12.1 x 3.6 cm)",French,France,,Limoges,Saint Mark|Writing|Saint Luke,,,,,,,The Cloisters,Metalwork-Copper,,False,True,https://www.metmuseum.org/art/collection/search/479619,https://images.metmuseum.org/CRDImages/cl/original/DP277905.jpg,5,https://www.wikidata.org/wiki/Q116275704,,
479598,"Textile Fragment with Unicorn, Deer, Centaur and Lion",Fragment,ca. 1500,,,,Wool intarsia and applique with gilt leather and linen embroidery,"52 3/4 × 52 3/8 in. (134 × 133 cm)
Framed: 57 3/4 × 57 1/4 × 4 1/8 in. (146.7 × 145.4 × 10.5 cm)",Scandinavian,Scandinavia (possibly Sweden),,,Centaurs|Unicorns|Deer|Lions,,,,,,,The Cloisters,Textiles-Embroidered,,False,True,https://www.metmuseum.org/art/collection/search/479598,https://images.metmuseum.org/CRDImages/cl/original/DP277385.jpg,9,,,
923639,Astrolabe made for Cardinal Bessarion (1403–1472),,1462,,,,Copper alloy,5 5/16 × 4 1/2 × 15 3/4 in. (13.5 × 11.5 × 40 cm); 282.7 grams (9.971 ounces),German or Italian,,,,,Regiomontanus,Artist,,1436,1476,,The Cloisters,Metalwork-Copper alloy,"(b. Johannes Müller, 1436–1476)",False,True,https://www.metmuseum.org/art/collection/search/923639,https://images.metmuseum.org/CRDImages/cl/original/MEDCLOIS-1159-s1.jpg,0,,,
471662,Plate and Nail,Plate and nail,15th–16th century,,,,Iron,Overall: 4 5/8 in. (11.7 cm),European,,,,,,,,,,,The Cloisters,Metalwork-Iron,,False,True,https://www.metmuseum.org/art/collection/search/471662,https://images.metmuseum.org/CRDImages/cl/original/cdi55-61-101ab.jpg,1,,,
468524,Pharmacy Jar,Pharmacy jar,15th century,,,,Tin-glazed earthenware,Overall: 11 11/16 x 5 9/16 in. (29.7 x 14.2 cm),Spanish,Spain,,probably Manises,Flowers,,,,,,,The Cloisters,Ceramics,,False,True,https://www.metmuseum.org/art/collection/search/468524,https://images.metmuseum.org/CRDImages/cl/original/DP248440.jpg,2,,,
471095,Roundel with Nude Woman Supporting a Heraldic Shield,Roundel,ca. 1515–30,,,,"Colorless glass, vitreous paint and silver stain",Overall Diam.: 9 5/16 in. (23.7 cm),South Netherlandish,South Netherlands,,,Female Nudes|Coat of Arms,Jan Gossart (called Mabuse),Artist,Netherlandish,1478,1532,,The Cloisters,Glass-Stained,"Netherlandish, Maubeuge ca. 1478–1532 Antwerp (?)",False,True,https://www.metmuseum.org/art/collection/search/471095,https://images.metmuseum.org/CRDImages/cl/original/cdi32-24-32s1.jpg,1,https://www.wikidata.org/wiki/Q20201525,https://www.wikidata.org/wiki/Q346952,http://vocab.getty.edu/page/ulan/500009353
471341,Double Capital,Capital,13th–14th century,,,,Limestone or sandstone,Overall: 17 1/4 x 21 3/4 x 13 1/2 in. (43.8 x 55.2 x 34.3 cm),French,France,,,Heads,,,,,,,The Cloisters,Sculpture-Architectural,,False,True,https://www.metmuseum.org/art/collection/search/471341,https://images.metmuseum.org/CRDImages/cl/original/49_60_17a_cdi_s1.jpg,4,,,
471014,Double Column Base,Base,late 13th–early 14th century,,,,White marble,Overall: 21 x 9 x 11 in. (53.3 x 22.9 x 27.9 cm),French,France,,,,,,,,,,The Cloisters,Sculpture-Architectural,,False,True,https://www.metmuseum.org/art/collection/search/471014,https://images.metmuseum.org/CRDImages/cl/original/DP102892.jpg,1,https://www.wikidata.org/wiki/Q116276048,,
472006,Pilgrim's Badge,Pilgrim's badge,14th–16th century,,,,Lead,Overall: 3/4 in. (1.9 cm),French,,,,,,,,,,,The Cloisters,Metalwork-Lead,,False,True,https://www.metmuseum.org/art/collection/search/472006,https://images.metmuseum.org/CRDImages/cl/original/cdi1977-240-104.jpg,1,,,
471318,Double Capital,Capital,ca. 1480–1500,,,,Marble,"Overall (a: Capital): 15 x 20 1/2 x 12 3/4 in. (38.1 x 52.1 x 32.4 cm)
Overall (b, c: Column Shafts): Length 52 in. (132.1 cm), Diam. 5 1/2 in. (14 cm)
Overall (d: Base): 13 x 18 x 9 in. (33 x 45.7 x 22.9 cm)",French,France,,Trie or Larreule,Men,,,,,,,The Cloisters,Sculpture-Architectural,,False,True,https://www.metmuseum.org/art/collection/search/471318,https://images.metmuseum.org/CRDImages/cl/original/sf142881.jpg,1,,,
472121,Pilgrim's Badge,Pilgrim's badge,14th–16th century,,,,Lead,Overall: 3/8 in. (1 cm),French,,,,,,,,,,,The Cloisters,Metalwork-Lead,,False,True,https://www.metmuseum.org/art/collection/search/472121,https://images.metmuseum.org/CRDImages/cl/original/cdi1977-240-96.jpg,1,,,
468426,Mitre,Mitre,13th century,,,,"Silk & metal thread, silver gilt & coral",8 5/8 x 10 1/2 in.  (21.9 x 26.7 cm),Austrian,Austria,,Salzburg,,,,,,,,The Cloisters,Textiles-Dyed,,False,True,https://www.metmuseum.org/art/collection/search/468426,https://images.metmuseum.org/CRDImages/cl/original/sf53-19-1.jpg,0,,,
471927,Saint Peter (?),Statuette,ca. 1440,,,,Limewood with paint,Overall: 30 x 16 3/4 x 12 3/4 in. (76.2 x 42.5 x 32.4 cm),Austrian,Austria,,Salzburg,Men|Saint Peter,,,,,,,The Cloisters,Sculpture-Wood,,False,True,https://www.metmuseum.org/art/collection/search/471927,https://images.metmuseum.org/CRDImages/cl/original/cdi64-312s1.jpg,8,https://www.wikidata.org/wiki/Q20201766,,
471015,Double Column Base,Base,late 13th–early 14th century,,,,Marble,Overall: 21 x 9 1/4 x 11 1/4 in. (53.3 x 23.5 x 28.6 cm),French,,,,,,,,,,,The Cloisters,Sculpture-Architectural,,False,True,https://www.metmuseum.org/art/collection/search/471015,https://images.metmuseum.org/CRDImages/cl/original/25_120_792_cdi_s1.jpg,4,,,
472362,Column Shaft,Shaft,20th century,,,,Cement,Overall: 41 x 6 in. (104.1 x 15.3 cm),European,,,,,,,,,,,The Cloisters,Sculpture-Architectural,,False,True,https://www.metmuseum.org/art/collection/search/472362,https://images.metmuseum.org/CRDImages/cl/original/cdi-st-g13.jpg,1,https://www.wikidata.org/wiki/Q116256150,,
471208,Voussoir Fragment,Voussoir,15th century,,,,Marble,Overall: 10 x 6 1/2 x 13 1/2 in. (25.4 x 16.5 x 34.3 cm),French,France,,Larreule,,,,,,,,The Cloisters,Sculpture-Architectural,,False,True,https://www.metmuseum.org/art/collection/search/471208,https://images.metmuseum.org/CRDImages/cl/original/DP104561.jpg,0,https://www.wikidata.org/wiki/Q116255902,,
471224,Bench,Bench,16th century,,,,Walnut,Overall: 36 x 96 x 17 in. (91.4 x 243.8 x 43.2 cm),Italian,,,,,,,,,,,The Cloisters,Woodwork-Furniture,,False,True,https://www.metmuseum.org/art/collection/search/471224,https://images.metmuseum.org/CRDImages/cl/original/sf38-168-1.jpg,0,,,
471161,Three Sections of Cloister Arcade,Arcade,15th century,,,,Limestone,"(each) H. 6'10-11/16"",  W. (center to center) 36-1/4 in.",French,France,,Froville,,,,,,,,The Cloisters,Installations,,False,True,https://www.metmuseum.org/art/collection/search/471161,https://images.metmuseum.org/CRDImages/cl/original/cdi35-35-5-13.jpg,0,https://www.wikidata.org/wiki/Q116410824,,
470315,Seated Bishop,Statue,ca. 1495,,,,Limewood and gray-black stain,35 1/2 x 14 x 5 7/8 in.  (90.2 x 35.6 x 14.9 cm),German,,,Würzburg,Men|Bishops,Tilman Riemenschneider,Artist,German,1460,1531,,The Cloisters,Sculpture-Wood,"German, 1460–1531",True,True,https://www.metmuseum.org/art/collection/search/470315,https://images.metmuseum.org/CRDImages/cl/original/DP366900.jpg,2,https://www.wikidata.org/wiki/Q29385510,https://www.wikidata.org/wiki/Q44723,http://vocab.getty.edu/page/ulan/500030655
469938,Roundel with Grotesque,Roundel,ca. 1320–40,,,,"White glass, silver stain, and vitreous paint",Diam. with border: 7 15/16 in. (20.2 cm),British,England,,York (?),Dragons,,,,,,,The Cloisters,Glass-Stained,,False,True,https://www.metmuseum.org/art/collection/search/469938,https://images.metmuseum.org/CRDImages/cl/original/sf1991-144-1.jpg,0,https://www.wikidata.org/wiki/Q20201439,,
471845,Saint Stephen,Statuette,late 15th century,,,,"Wood, paint",Overall: 31 1/2 in. (80 cm),German,,,,Men|Saints,,,,,,,The Cloisters,Sculpture-Wood,,False,True,https://www.metmuseum.org/art/collection/search/471845,https://images.metmuseum.org/CRDImages/cl/original/cdi59-71.jpg,2,https://www.wikidata.org/wiki/Q20201706,,
472024,Pilgrim's Badge,Pilgrim's badge,14th–16th century,,,,Lead,Overall: 13/16 x 1 3/8in. (2.1 x 3.5cm),French,,,,,,,,,,,The Cloisters,Metalwork-Lead,,False,True,https://www.metmuseum.org/art/collection/search/472024,https://images.metmuseum.org/CRDImages/cl/original/cdi1977-240-118.jpg,1,,,
475524,Beam,Beam,15th–17th Century,,,,carved wood,13 ft. × 9 in. × 9 in. (396.2 × 22.9 × 22.9 cm),European,,,,,,,,,,,The Cloisters,Woodwork-Architectural,,False,True,https://www.metmuseum.org/art/collection/search/475524,https://images.metmuseum.org/CRDImages/cl/original/cdix-198-1-2.jpg,0,,,
471452,Grille,Grille,15th–16th century,,,,Iron,Overall: 10 1/8 x 8 in. (25.7 x 20.3 cm),German,,,,,,,,,,,The Cloisters,Metalwork-Iron,,False,True,https://www.metmuseum.org/art/collection/search/471452,https://images.metmuseum.org/CRDImages/cl/original/LC-52_142_3-001.jpg,1,,,
471142,Corbel with Female Figure with Clasped Hands,Corbel,ca. 1150–1200,,,,Limestone,18 1/2 × 13 1/2 × 28 1/2 in. (47 × 34.3 × 72.4 cm),French,France,,,Women,,,,,,,The Cloisters,Sculpture-Architectural,,False,True,https://www.metmuseum.org/art/collection/search/471142,https://images.metmuseum.org/CRDImages/cl/original/cdi34-21-7.jpg,0,https://www.wikidata.org/wiki/Q116252461,,
471959,Angel,Statuette,late 15th century,,,,"Wood, traces of paint",H. 80.7 cm. (31 3/4 in.),French,,,,Angels,,,,,,,The Cloisters,Sculpture-Wood,,False,True,https://www.metmuseum.org/art/collection/search/471959,https://images.metmuseum.org/CRDImages/cl/original/cdi1972-31.jpg,3,https://www.wikidata.org/wiki/Q20201790,,
472134,Roundel with the Nativity,Roundel,1510–20,,,,"Colorless glass, vitreous paint and silver stain",Overall: 8 3/8 in. (21.3 cm),South Netherlandish,South Netherlands,,,Donkeys|Virgin Mary|Jesus|Nativity|Ox,,,,,,,The Cloisters,Glass-Stained,,False,True,https://www.metmuseum.org/art/collection/search/472134,https://images.metmuseum.org/CRDImages/cl/original/cdi1977-40s1.jpg,0,https://www.wikidata.org/wiki/Q20201891,,
470694,Column Shaft,Shaft,late 13th–early 14th century,,,,Marble,"H.:      43 7/8 in. (111.4 cm)
Circum.: 16 3/4 in",French,France,Pyrénées-Aquintaine,,,,,,,,,The Cloisters,Sculpture-Architectural,,False,True,https://www.metmuseum.org/art/collection/search/470694,https://images.metmuseum.org/CRDImages/cl/original/DP104561.jpg,0,https://www.wikidata.org/wiki/Q116254132,,
470600,The Adoration of the Shepherds,Painting,1374,,,,"Tempera on poplar, gold ground","Overall: 69 1/8 x 45 1/8 in. (175.6 x 114.6 cm)
Painted surface: 63 1/4 x 45 1/8 in. (160.7 x 114.6 cm)",Italian,Italy,,Siena,Cows|Angels|Saint Joseph|Virgin Mary|Jesus|Adoration of the Shepherds,Bartolo di Fredi,Artist,Italian,1353,1410,,The Cloisters,Paintings-Panels,"Italian, active by 1353–died 1410 Siena",True,True,https://www.metmuseum.org/art/collection/search/470600,https://images.metmuseum.org/CRDImages/cl/original/DP270224.jpg,0,https://www.wikidata.org/wiki/Q20200879,https://www.wikidata.org/wiki/Q177415,http://vocab.getty.edu/page/ulan/500031914
471183,Grisaille Roundel,Roundel,mid-14th century,,,,"Pot-metal glass, colorless glass, and vitreous paint",Overall: 20 1/4 in. (51.4 cm),German or Austrian (?),,,,,,,,,,,The Cloisters,Glass-Stained,,False,True,https://www.metmuseum.org/art/collection/search/471183,https://images.metmuseum.org/CRDImages/cl/original/cdi35-82-3.jpg,1,https://www.wikidata.org/wiki/Q20201610,,
471317,Lavabo,Lavabo,13th century,,,,Limestone,Overall: 76 x 65 in. (193 x 165.1 cm),French,France,,,,,,,,,,The Cloisters,Sculpture-Architectural,,False,True,https://www.metmuseum.org/art/collection/search/471317,https://images.metmuseum.org/CRDImages/cl/original/cdi48-76-3.jpg,0,https://www.wikidata.org/wiki/Q116235487,,
473770,King Clothar I,Statue,ca. 1250,,,,"Limestone, originally polychromed.",Overall: 74 1/2 in. (189.2 cm),French,,,,Doorways|Kings|Men,,,,,,,The Cloisters,Installations,,False,True,https://www.metmuseum.org/art/collection/search/473770,https://images.metmuseum.org/CRDImages/cl/original/cdi40-51-2s2.jpg,0,https://www.wikidata.org/wiki/Q82295060,,
471991,Crucified Christ,Corpus,late 14th century,,,,"Copper alloy, gilt",6 1/2 × 2 3/4 × 1 3/8 in. (16.5 × 7 × 3.5 cm),South Netherlandish,,,,Christ|Crucifixion,,,,,,,The Cloisters,Metalwork-Bronze,,False,True,https://www.metmuseum.org/art/collection/search/471991,https://images.metmuseum.org/CRDImages/cl/original/cdi1974-165.jpg,2,,,
470313,Doorway from Moutiers-Saint-Jean,Doorway,ca. 1250,,,,White oolitic limestone with traces of paint,"15 ft. 5 in. × 12 ft. 7 in. × 55 in. (469.9 × 383.5 × 139.7 cm)
Opening: 110 x 66 in. (379.4 x 167.6 cm)",French,France,,,Men|Angels|Christ|Virgin Mary|Coronation of the Virgin,,,,,,,The Cloisters,Sculpture-Architectural-Stone,,True,True,https://www.metmuseum.org/art/collection/search/470313,https://images.metmuseum.org/CRDImages/cl/original/DP-30252-001.jpg,19,https://www.wikidata.org/wiki/Q20201347,,
471999,"Scenes from the Life of Christ: Disrobing Youths from the Entry into Jerusalem, Flagellation, and Angel at the Sepulchre",Panel,13th century,,,,Tempera on wood,59 1/2 × 10 5/8 × 2 1/4 in. (151.1 × 27 × 5.7 cm),Spanish,,,,Men|Christ,,,,,,,The Cloisters,Paintings-Panels,,False,True,https://www.metmuseum.org/art/collection/search/471999,https://images.metmuseum.org/CRDImages/cl/original/LC-1977_94-1.jpg,4,https://www.wikidata.org/wiki/Q20201013,,
470968,Double Capital,Capital,late 13th–early 14th century,,,,White marble,Overall: 23 x 17 1/4 x 13 1/4 in. (58.4 x 43.8 x 33.7 cm),French,,,,Ducks,,,,,,,The Cloisters,Sculpture-Architectural,,False,True,https://www.metmuseum.org/art/collection/search/470968,https://images.metmuseum.org/CRDImages/cl/original/cdi25-120-742.jpg,1,https://www.wikidata.org/wiki/Q116252740,,
471586,Lock,Lock,15th–16th century,,,,Iron,Overall: 9 to 17-1-4 x 15 1/4 in. (22.9 x 38.7 cm),European or German (?),,,,,,,,,,,The Cloisters,Metalwork-Iron,,False,True,https://www.metmuseum.org/art/collection/search/471586,https://images.metmuseum.org/CRDImages/cl/original/cdi55-61-9ab.jpg,1,,,
471004,Double Column Base,Base,late 13th–early 14th century,,,,Marble,Overall: 18 1/2 x 8 x 10 1/2 in. (47 x 20.3 x 26.7 cm),French,France,Pyrénées-Aquintaine,,,,,,,,,The Cloisters,Sculpture-Architectural,,False,True,https://www.metmuseum.org/art/collection/search/471004,https://images.metmuseum.org/CRDImages/cl/original/DP102892.jpg,0,https://www.wikidata.org/wiki/Q116276033,,
471338,Double Column Base,Base,13th–14th century,,,,Limestone or sandstone,9 1/2 × 19 1/2 × 11 3/8 in. (24.1 × 49.5 × 28.9 cm),French,France,,,Architecture,,,,,,,The Cloisters,Sculpture-Architectural,,False,True,https://www.metmuseum.org/art/collection/search/471338,https://images.metmuseum.org/CRDImages/cl/original/cdi49-60-15b.jpg,1,,,
479001,Crucified Christ,Corpus,second half 13th century,,,,Copper alloy with gilding,"Overall: 5 5/16 x 5 15/16 x 1 1/16 in., 0.732lb. (13.5 x 15.1 x 2.7 cm, 332g)",North French or Mosan,,,,Christ|Crucifixion,,,,,,,The Cloisters,Metalwork-Copper alloy,,False,True,https://www.metmuseum.org/art/collection/search/479001,https://images.metmuseum.org/CRDImages/cl/original/DP239238.jpg,2,,,
470126,Coffer,Coffer,15th century,,,,Iron on wood core with cloth and leather interior,"Overall (coffer): 4 3/4 x 6 1/8 x 8 7/16 in. (12 x 15.6 x 21.5 cm)
Overall (key): 2 5/16 x 13/16 x 5/16 in. (5.9 x 2.1 x 0.8 cm)",French,,,,Chests,,,,,,,The Cloisters,Metalwork-Iron,,False,True,https://www.metmuseum.org/art/collection/search/470126,https://images.metmuseum.org/CRDImages/cl/original/sf47-100-75abs05.jpg,8,https://www.wikidata.org/wiki/Q116256767,,
470736,Column Shaft,Column shaft,1130–40,,,,Marble,35 × 9 in. (88.9 × 22.9 cm),Catalan,present-day France,,,,,,,,,,The Cloisters,Sculpture-Architectural,,False,True,https://www.metmuseum.org/art/collection/search/470736,https://images.metmuseum.org/CRDImages/cl/original/DP132222.jpg,0,https://www.wikidata.org/wiki/Q116378387,,
473007,The Virgin Mary and Five Standing Saints above Predella Panels,"Glass, Stained",1440–46,,,,"Pot-metal glass, white glass, vitreous paint, silver stain",Each window 12 ft. 4 1/2 in. x 28 1/4 in. (337.2 x 71.8 cm),German,,,,Men|Women|Virgin Mary|Saints|Coat of Arms,,,,,,,The Cloisters,Glass-Stained,,True,True,https://www.metmuseum.org/art/collection/search/473007,https://images.metmuseum.org/CRDImages/cl/original/h1_37.52.1-6.jpg,0,https://www.wikidata.org/wiki/Q20201829,,
472199,Column Base,Base,late 12th century,,,,Stone,Overall: 6 1/4 x 9 5/8 x 9 5/8 in. (15.9 x 24.4 x 24.4 cm),French,,,,,,,,,,,The Cloisters,Sculpture-Architectural,,False,True,https://www.metmuseum.org/art/collection/search/472199,https://images.metmuseum.org/CRDImages/cl/original/cdi-st-g21.jpg,1,https://www.wikidata.org/wiki/Q116256262,,
466601,Virgin and Child,Sculpture,19th century,,,,Elephant ivory,Overall: 4 5/8 x 1 1/8 x 1 in. (11.8 x 2.9 x 2.6 cm),European (Medieval style),,,,,,,,,,,The Cloisters,Ivories-Elephant,,False,True,https://www.metmuseum.org/art/collection/search/466601,https://images.metmuseum.org/CRDImages/cl/original/sf25-120-450s1.jpg,5,,,
472299,Column Shaft,Shaft,early 20th century,,,,Marble,Overall: 40 3/4in. (103.5cm); Circumference.: 17 1/4 in. (43.8 cm),European,,,,,,,,,,,The Cloisters,Sculpture-Architectural,,False,True,https://www.metmuseum.org/art/collection/search/472299,https://images.metmuseum.org/CRDImages/cl/original/DP104561.jpg,0,https://www.wikidata.org/wiki/Q116255958,,
471459,Saint Michael,Statue,ca. 1530,,,,"Wood, paint, and gilding","Overall: 73 1/2 in., 235lb. (186.7 cm, 106.6kg)",Spanish,Spain,,,Saint Michael,,,,,,,The Cloisters,Sculpture-Wood,,False,True,https://www.metmuseum.org/art/collection/search/471459,https://images.metmuseum.org/CRDImages/cl/original/DP102946.jpg,0,https://www.wikidata.org/wiki/Q20201080,,
475562,"3 of Collars, from The Cloisters Playing Cards",Playing card,ca. 1475–80,,,,"Paper (four layers of pasteboard) with pen and ink, opaque paint, glazes, and applied silver and gold",5 3/16 × 2 3/4 in. (13.2 × 7 cm),South Netherlandish,,,,Playing Cards|Games,,,,,,,The Cloisters,Miscellaneous-Paper,,False,True,https://www.metmuseum.org/art/collection/search/475562,https://images.metmuseum.org/CRDImages/cl/original/DP354539.jpg,3,,,
471961,Roundel with Christ and the Adulterous Woman,Roundel,ca. 1525,,,,"Colorless glass, vitreous paint and silver stain",Overall: 8 3/4 in. (22.2 cm),South Netherlandish,South Netherlands,,,Men|Women|Christ|Demons,Pseudo-Ortkens,Artist,South Netherlandish,1500,1530,,The Cloisters,Glass-Stained,"South Netherlandish, active Antwerp and Brussels, ca. 1500–30",False,True,https://www.metmuseum.org/art/collection/search/471961,https://images.metmuseum.org/CRDImages/cl/original/cdi1972-245-2.jpg,0,https://www.wikidata.org/wiki/Q20201796,https://www.wikidata.org/wiki/Q98111637,(not assigned)
472062,Pilgrim's Badge,Pilgrim's badge,14th–16th century,,,,Lead,Overall (Diameter): 3/4 in. (1.9 cm),French,,,,Saints,,,,,,,The Cloisters,Metalwork-Lead,,False,True,https://www.metmuseum.org/art/collection/search/472062,https://images.metmuseum.org/CRDImages/cl/original/cdi1977-240-37.jpg,1,,,
471234,Candlestick,Candlestick,late 15th century,,,,Copper alloy,Overall: 20 3/4 in. (52.7 cm),German or South Netherlandish,,,,,,,,,,,The Cloisters,Metalwork-Copper alloy,,False,True,https://www.metmuseum.org/art/collection/search/471234,https://images.metmuseum.org/CRDImages/cl/original/cdi40-130-1.jpg,0,,,
469988,Armorial Roundel,Roundel,ca. 1500,,,,"Pot-metal glass, vitreous paint, and silver stain",Diam. 8 3/4 in. (22.3 cm),German,Germany,,,Coat of Arms,,,,,,,The Cloisters,Glass-Stained,,False,True,https://www.metmuseum.org/art/collection/search/469988,https://images.metmuseum.org/CRDImages/cl/original/MED35.jpg,0,https://www.wikidata.org/wiki/Q20201463,,
471615,Scissors,Scissors,15th or 16th century,,,,Iron,Overall: 4 13/16 in. (12.2 cm),Western European,,,,,,,,,,,The Cloisters,Metalwork-Iron,,False,True,https://www.metmuseum.org/art/collection/search/471615,https://images.metmuseum.org/CRDImages/cl/original/cdi55-61-43.jpg,1,,,
468416,Baptism of Christ,Panel,ca. 1500,,,,Silk and metal thread on canvas(?),"Overall: 15 1/4 × 17 5/16 in. (38.7 × 44 cm)
Storage (Mat): 25 1/2 × 27 in. (64.8 × 68.6 cm)",South Netherlandish,,,,,,,,,,,The Cloisters,Textiles-Embroidered,,False,True,https://www.metmuseum.org/art/collection/search/468416,https://images.metmuseum.org/CRDImages/cl/original/sf52-68s1.jpg,0,,,
472120,Pilgrim's Badge,Pilgrim's badge,14th–16th century,,,,Lead,Overall: 13/16 x 1/4 in. (2 x 0.6 cm),French,,,,,,,,,,,The Cloisters,Metalwork-Lead,,False,True,https://www.metmuseum.org/art/collection/search/472120,https://images.metmuseum.org/CRDImages/cl/original/cdi1977-240-95.jpg,1,,,
471062,Dragon,Fresco,after 1200,,,,"Fresco, mounted on canvas","Overall: 131 x 132 in. (332.7 x 335.3 cm)
(top panel): 83 x 132 in. (210.8 x 335.3 cm)
(bottom panel): 48 x 132 in. (121.9 x 335.3 cm)",Spanish,,,,Dragons,,,,,,,The Cloisters,Paintings-Fresco,,False,True,https://www.metmuseum.org/art/collection/search/471062,https://images.metmuseum.org/CRDImages/cl/original/DP148625.jpg,0,https://www.wikidata.org/wiki/Q20200881,,
899508,"A Medieval Bakery, from the Book of Problems of Pseudo-Aristotle, translated into the French by Évrart de Conty",Bifolium,ca. 1400,,,,"Ink, colors, and gold on vellum","426 x 320 mm (single page), approx. 426 x 640 mm (bifolium)",French (Paris),,,,,"Master of the Second Roman de la Rose of the Duke of Berry,",Artist,,,,,The Cloisters,Manuscripts and Illuminations,,False,True,https://www.metmuseum.org/art/collection/search/899508,https://images.metmuseum.org/CRDImages/cl/original/DP-34415-001.jpg,3,,,
471563,Box with Equestrian Falconers,Box,13th century,,,,"Elephant ivory with copper alloy mounts, polychromy",Overall (with mounts): 5 5/16 x 4 5/8 x 5 1/16 in. (13.5 x 11.7 x 12.9 cm),Italian,Italy,,,Men|Hunting|Horses,,,,,,,The Cloisters,Ivories-Elephant,,False,True,https://www.metmuseum.org/art/collection/search/471563,https://images.metmuseum.org/CRDImages/cl/original/sf55-29-2s1.jpg,7,https://www.wikidata.org/wiki/Q116249897,,
472303,Pietà,Statuette,early 15th century,,,,Alabaster,Overall: 13 x 11 in. (33 x 27.9 cm),German,,,,Sadness|Christ|Virgin Mary|Death,,,,,,,The Cloisters,Sculpture,,False,True,https://www.metmuseum.org/art/collection/search/472303,https://images.metmuseum.org/CRDImages/cl/original/cdi25-120-238.jpg,2,,,
471445,Door Knocker,Door knocker,15th–16th century,,,,Iron,"Diam. 4 1/4 in. ( 10.8cm), total L. 7 1/2 in. (19.1cm)",European,,,,,,,,,,,The Cloisters,Metalwork-Iron,,False,True,https://www.metmuseum.org/art/collection/search/471445,https://images.metmuseum.org/CRDImages/cl/original/cdi52-121-15.jpg,0,https://www.wikidata.org/wiki/Q116251840,,
472282,Column Base,Base,late 12th century,,,,Stone,Overall: 5 1/8 x 9 7/8 x 9 7/8 in. (13 x 25.1 x 25.1 cm),French,,,,,,,,,,,The Cloisters,Sculpture-Architectural,,False,True,https://www.metmuseum.org/art/collection/search/472282,https://images.metmuseum.org/CRDImages/cl/original/cdi-st-g5.jpg,1,https://www.wikidata.org/wiki/Q116245438,,
470848,Abacus,Abacus,ca. 1130–1140,,,,Pink marble,Overall: 7 1/4 x 16 in. (18.4 x 40.6 cm),Catalan,present-day France,,,,,,,,,,The Cloisters,Sculpture-Architectural,,False,True,https://www.metmuseum.org/art/collection/search/470848,https://images.metmuseum.org/CRDImages/cl/original/DP132222.jpg,0,https://www.wikidata.org/wiki/Q116378430,,
472238,Column Base,Base,20th century,,,,Cement,4 3/4 x 9 x 9 in. (12.1 x 22.9 x 22.9 cm),European or American (?),,,,,,,,,,,The Cloisters,Reproductions-Sculpture,,False,True,https://www.metmuseum.org/art/collection/search/472238,https://images.metmuseum.org/CRDImages/cl/original/cdi-st-g18.jpg,1,https://www.wikidata.org/wiki/Q116245675,,
471916,Saint Margaret,Statue,ca. 1470–80,,,,"Pine with metal appliqués, traces of gesso and paint",50 3/4 × 31 × 13 1/2 in. (128.9 × 78.7 × 34.3 cm),Austrian,"Austria (now Italy, Trentino-Alto Adige)",,Bruneck,Women|Dragons|Saints,Michael Pacher,Artist,Austrian or German,1430,1498,,The Cloisters,Sculpture-Wood,"Austrian or German, active by 1462/3–died 1498",False,True,https://www.metmuseum.org/art/collection/search/471916,https://images.metmuseum.org/CRDImages/cl/original/cdi63-13-2s3.jpg,2,https://www.wikidata.org/wiki/Q20201821,https://www.wikidata.org/wiki/Q463922,http://vocab.getty.edu/page/ulan/500025831
471995,Virgin and Child of the Apocalypse,Statue,1480–90,,,,Limewood,"H: 46"" (116.8 cm)",German,,,,Madonna and Child|Apocalypse,,,,,,,The Cloisters,Sculpture-Wood,,False,True,https://www.metmuseum.org/art/collection/search/471995,https://images.metmuseum.org/CRDImages/cl/original/cdi1976-88.jpg,3,,,
472107,Pilgrim's Badge,Pilgrim's badge,14th–16th century,,,,Lead,"Overall (Diameter): 1 1/4 in. (3.2 cm)
Overall (Crown): 1/4 in. (0.6 cm)",French,,,,,,,,,,,The Cloisters,Metalwork-Lead,,False,True,https://www.metmuseum.org/art/collection/search/472107,https://images.metmuseum.org/CRDImages/cl/original/cdi1977-240-82.jpg,1,,,
466178,Fragment of a Tapestry or Wall Hanging,Tapestry fragment,ca. 1420–30,,,,Wool and linen,29 5/8 × 34 1/4 in. (75.2 × 87 cm),Upper Rhenish,Switzerland,,Basel,Birds|Mythical Creatures,,,,,,,The Cloisters,Textiles-Tapestries,,True,True,https://www.metmuseum.org/art/collection/search/466178,https://images.metmuseum.org/CRDImages/cl/original/DP-37264-001.jpg,1,https://www.wikidata.org/wiki/Q29385411,,
472209,Column Shaft,Shaft,early 20th century,,,,Marble,Overall: 50 in. (127 cm); Circumference: 17 3/8 in. (44.1 cm),European,,,,,,,,,,,The Cloisters,Sculpture-Architectural,,False,True,https://www.metmuseum.org/art/collection/search/472209,https://images.metmuseum.org/CRDImages/cl/original/DP104561.jpg,1,https://www.wikidata.org/wiki/Q116255911,,
471320,"Double Tomb of Don Àlvar Rodrigo de Cabrera, Count of Urgell and His Wife Cecília of Foix",Tomb,ca. 1300–1350,,,,"Limestone, traces of paint","a: 19 x 82 7/8 x 28 1/4 in.
b: 21 x 74 3/4 x 26 in.
c: 16 x 74 x 29 in.
d: 24 3/4 x 66 3/8 x 24 3/4 in.",Catalan,,,,Men|Women|Coat of Arms,,,,,,,The Cloisters,Sculpture-Stone,,False,True,https://www.metmuseum.org/art/collection/search/471320,https://images.metmuseum.org/CRDImages/cl/original/cdi48-140-1a-d.jpg,1,https://www.wikidata.org/wiki/Q20201800,,
469955,Border Fragment with Musical Angel,Panel,ca. 1140–44,,,,Pot-metal glass with vitreous paint,Overall: 5 1/4 x 12 1/4in. (13.3 x 31.1cm),French,France,,,Musical Instruments|Angels,,,,,,,The Cloisters,Glass-Stained,,False,True,https://www.metmuseum.org/art/collection/search/469955,https://images.metmuseum.org/CRDImages/cl/original/cdi1980-10.jpg,0,https://www.wikidata.org/wiki/Q20201297,,
472419,Virgin and Child,Statue,late 13th–early 14th century,,,,"Stone, polychromed and gilt",Overall: 43 1/2 x 16 15/16 x 13in. (110.5 x 43.1 x 33cm),French,,,,Madonna and Child,,,,,,,The Cloisters,Sculpture-Plaster,,False,True,https://www.metmuseum.org/art/collection/search/472419,https://images.metmuseum.org/CRDImages/cl/original/cds96492.jpg,0,,,
472184,Abacus,Abacus,20th century,,,,Cement,Overall: 3 3/4 x 62 in. (9.5 x 157.5 cm),European,,,,,,,,,,,The Cloisters,Sculpture-Architectural,,False,True,https://www.metmuseum.org/art/collection/search/472184,https://images.metmuseum.org/CRDImages/cl/original/cdi-st-g19.jpg,2,https://www.wikidata.org/wiki/Q116246099,,
471118,Roundel with Return of the Prodigal Son,Roundel,ca. 1530–35,,,,"Colorless glass, vitreous paint and silver stain",Overall Diam.: 9 in. (22.9 cm),German,Germany,,,Men,,,,,,,The Cloisters,Glass-Stained,,False,True,https://www.metmuseum.org/art/collection/search/471118,https://images.metmuseum.org/CRDImages/cl/original/LC-32_24_55.jpg,1,https://www.wikidata.org/wiki/Q20201535,,
471908,Reliquary Bust of Saint Juliana,Reliquary bust,ca. 1376,,,,"Copper, gilding, gesso, and tempera paint",Overall: 11 1/16 x 9 x 8 3/8 in. (28.1 x 22.9 x 21.3 cm),Italian,,,,Women|Saints,Giovanni di Bartolo,Artist,Italian,1364,1404,,The Cloisters,Metalwork-Copper,"Italian, active 1364–1404",False,True,https://www.metmuseum.org/art/collection/search/471908,https://images.metmuseum.org/CRDImages/cl/original/DT226546.jpg,6,https://www.wikidata.org/wiki/Q20201743,,
472269,Column Shaft,Shaft,early 20th century,,,,Marble,Overall: 42in. (106.7cm),European,,,,,,,,,,,The Cloisters,Sculpture-Architectural,,False,True,https://www.metmuseum.org/art/collection/search/472269,https://images.metmuseum.org/CRDImages/cl/original/DP104561.jpg,1,https://www.wikidata.org/wiki/Q116255948,,
471770,Dish,Dish,ca. 1450,,,,Tin-glazed earthenware,Overall: 14 3/8 in. (36.5 cm),Spanish,Spain,,probably Manises,Rabbits|Flowers,,,,,,,The Cloisters,Ceramics,,False,True,https://www.metmuseum.org/art/collection/search/471770,https://images.metmuseum.org/CRDImages/cl/original/cdi56-171-109.jpg,1,https://www.wikidata.org/wiki/Q116248092,,
470666,Column Base,Column base,ca. 1130–40,,,,Marble,Overall: 17 x 7 1/2 x 16 7/8 in. (43.2 x 19.1 x 42.9 cm),Catalan,present-day France,,,,,,,,,,The Cloisters,Sculpture-Architectural,,False,True,https://www.metmuseum.org/art/collection/search/470666,https://images.metmuseum.org/CRDImages/cl/original/DP132222.jpg,0,https://www.wikidata.org/wiki/Q116378289,,
475507,Nail,Nail,15th–16th century,,,,Iron,Overall: 3 in. (7.6 cm),European,,,,,,,,,,,The Cloisters,Metalwork-Iron,,False,True,https://www.metmuseum.org/art/collection/search/475507,https://images.metmuseum.org/CRDImages/cl/original/cdi55-61-126.jpg,2,,,
468380,Firestand,Firestand,16th century,,,,Iron,Overall: 51 1/8 x 44 7/16 x 14 1/2 in. (129.9 x 112.9 x 36.9 cm),Italian (?),,,,,,,,,,,The Cloisters,Metalwork-Iron,,False,True,https://www.metmuseum.org/art/collection/search/468380,https://images.metmuseum.org/CRDImages/cl/original/154186.jpg,0,https://www.wikidata.org/wiki/Q116275531,,
472343,Abacus,Abacus,late 12th century,,,,Stone,24 1/2 x 4 1/4 x 14 in. (62.2 x 10.8 x 35.6 cm),French,,,,,,,,,,,The Cloisters,Sculpture-Architectural,,False,True,https://www.metmuseum.org/art/collection/search/472343,https://images.metmuseum.org/CRDImages/cl/original/cdi-st-g12.jpg,2,https://www.wikidata.org/wiki/Q116256051,,
468475,Grille,Grille,15th–16th century,,,,wrought iron,Overall: 34 1/4 x 42 1/2 in. (87 x 108 cm),European,,,,,,,,,,,The Cloisters,Metalwork-Iron,,False,True,https://www.metmuseum.org/art/collection/search/468475,https://images.metmuseum.org/CRDImages/cl/original/159846.jpg,0,,,
471612,Tabernacle Door,Tabernacle door,15th–16th century,,,,Iron,Overall: 17 3/4 x 12 7/8 in. (45.1 x 32.7 cm),European,,,,Doors,,,,,,,The Cloisters,Metalwork-Iron,,False,True,https://www.metmuseum.org/art/collection/search/471612,https://images.metmuseum.org/CRDImages/cl/original/cdi55-61-40.jpg,1,,,
471686,Nail,Nail,15th–16th century,,,,Iron,Overall: 2 3/4 in. (7 cm),European,,,,,,,,,,,The Cloisters,Metalwork-Iron,,False,True,https://www.metmuseum.org/art/collection/search/471686,https://images.metmuseum.org/CRDImages/cl/original/cdi55-61-130.jpg,2,,,
471291,Aquamanile in the Form of a Falconer on Horseback,Aquamanile,13th century,,,,Copper alloy,"Overall: 13 11/16 x 11 1/4 x 4 3/4 in. (34.7 x 28.5 x 12 cm), 8.554lb. (3880g)
Thickness PD: 1/10-7/50 in. (0.25-0.35 cm)",North German,,,,Men|Horses,,,,,,,The Cloisters,Metalwork-Electrum,,False,True,https://www.metmuseum.org/art/collection/search/471291,https://images.metmuseum.org/CRDImages/cl/original/DP122609.jpg,6,https://www.wikidata.org/wiki/Q116252190,,
470701,Column Shaft,Shaft,late 13th–early 14th century,,,,Marble,Overall: 53 in. (134.6 cm),French,France,Pyrénées-Aquintaine,,,,,,,,,The Cloisters,Sculpture-Architectural,,False,True,https://www.metmuseum.org/art/collection/search/470701,https://images.metmuseum.org/CRDImages/cl/original/DP102892.jpg,0,https://www.wikidata.org/wiki/Q116275978,,
466652,Saint Augustine,Statue,1450–75,,,,"Limestone, paint, gilt",45 5/8 x 17 1/4 x 10 1/8 in. (115.9 x 43.8 x 25.7 cm),French,,,,Men,,,,,,,The Cloisters,Sculpture-Stone,,False,True,https://www.metmuseum.org/art/collection/search/466652,https://images.metmuseum.org/CRDImages/cl/original/sf26-63-6s1.jpg,8,https://www.wikidata.org/wiki/Q20201209,,
470870,Abacus,Abacus,ca. 1130–1140,,,,Pink marble,Overall: 6 3/4 x 21 in. (17.1 x 53.3 cm),Catalan,present-day France,,,,,,,,,,The Cloisters,Sculpture-Architectural,,False,True,https://www.metmuseum.org/art/collection/search/470870,https://images.metmuseum.org/CRDImages/cl/original/DP132222.jpg,0,https://www.wikidata.org/wiki/Q116378524,,
471769,Dish,Dish,1435–1465,,,,Tin-glazed earthenware,Overall: 17 3/8 in. (44.1 cm),Spanish,Spain,,probably Manises,Birds|Leaves|Coat of Arms,,,,,,,The Cloisters,Ceramics,,False,True,https://www.metmuseum.org/art/collection/search/471769,https://images.metmuseum.org/CRDImages/cl/original/cdi56-171-108.jpg,1,,,
470709,Cloister Arcades with Double Capitals,Column shaft,late 13th–early 14th century,,,,Stone,53 1/2 × 5 3/8 in. (135.9 × 13.7 cm),French,France,,,,,,,,,,The Cloisters,Sculpture-Architectural,,False,True,https://www.metmuseum.org/art/collection/search/470709,https://images.metmuseum.org/CRDImages/cl/original/DP102892.jpg,0,https://www.wikidata.org/wiki/Q116275986,,
470767,Censer,Censer,16th century,,,,Brass,"Overall (with chain): 27 in. (68.6 cm)
Overall: 9 3/8 x 4 7/8 in. (23.8 x 12.4 cm)",South Netherlandish (?),,,,Censers,,,,,,,The Cloisters,Metalwork-Brass,,False,True,https://www.metmuseum.org/art/collection/search/470767,https://images.metmuseum.org/CRDImages/cl/original/cdi25-120-552.jpg,0,,,
470931,Capital,Capital,14th century,,,,Stone,Overall: 7 x 6 1/2 in. (17.8 x 16.5 cm),French,,,,,,,,,,,The Cloisters,Sculpture-Architectural,,False,True,https://www.metmuseum.org/art/collection/search/470931,https://images.metmuseum.org/CRDImages/cl/original/cdi25-120-958.jpg,1,,,
470626,Column Base,Base,late 12th century,,,,Stone,Overall: 5 1/8 x 9 7/8 in. (13 x 25.1 cm),French,France,,,,,,,,,,The Cloisters,Sculpture-Architectural,,False,True,https://www.metmuseum.org/art/collection/search/470626,https://images.metmuseum.org/CRDImages/cl/original/cdi-st-g11.jpg,1,https://www.wikidata.org/wiki/Q116373763,,
471422,Panel with the Crucifixion of the Good Thief,Panel,early 16th century,,,,Oak,Overall: 35 1/2 x 10 1/2 in. (90.2 x 26.7 cm),French,France,,,Men|Women|Christ|Crucifixion,,,,,,,The Cloisters,Woodwork-Architectural,,False,True,https://www.metmuseum.org/art/collection/search/471422,https://images.metmuseum.org/CRDImages/cl/original/cdi50-147-36.jpg,0,https://www.wikidata.org/wiki/Q116251899,,
475542,"10 of Tethers, from The Cloisters Playing Cards",Playing card,ca. 1475–80,,,,"Paper (four layers of pasteboard) with pen and ink, opaque paint, glazes, and applied silver and gold",5 3/16 × 2 3/4 in. (13.2 × 7 cm),South Netherlandish,,,,Playing Cards|Games,,,,,,,The Cloisters,Miscellaneous-Paper,,False,True,https://www.metmuseum.org/art/collection/search/475542,https://images.metmuseum.org/CRDImages/cl/original/DP354511.jpg,3,,,
470794,Corbel,Corbel,ca. 1130–40,,,,Marble,Overall: 6 3/8 x 6 1/2 x 8 in. (16.2 x 16.5 x 20.3 cm),Catalan,present-day France,,,Animals,,,,,,,The Cloisters,Sculpture-Architectural,,False,True,https://www.metmuseum.org/art/collection/search/470794,https://images.metmuseum.org/CRDImages/cl/original/cdi25-120-600.jpg,3,https://www.wikidata.org/wiki/Q116253494,,
472350,Capital,Capital,late 12th century,,,,Stone,Overall: 12 x 9 7/8 x 9 1/2 in. (30.5 x 25.1 x 24.1 cm),French,,,,,,,,,,,The Cloisters,Sculpture-Architectural,,False,True,https://www.metmuseum.org/art/collection/search/472350,https://images.metmuseum.org/CRDImages/cl/original/cdi-st-g5.jpg,2,https://www.wikidata.org/wiki/Q116245441,,
470944,Lintel,Fragment,ca. 1130–40,,,,Marble,Overall: 7 1/2 x 10 3/4 x 11 in. (19.1 x 27.3 x 27.9 cm),Catalan,present-day France,,,,,,,,,,The Cloisters,Sculpture-Architectural,,False,True,https://www.metmuseum.org/art/collection/search/470944,https://images.metmuseum.org/CRDImages/cl/original/LC-25_120_976.jpg,1,,,
470855,Column Base,Column base,ca. 1130–40,,,,Marble,Overall: 7 1/4 x 15 in. (18.4 x 38.1 cm),Catalan,present-day France,,,,,,,,,,The Cloisters,Sculpture-Architectural,,False,True,https://www.metmuseum.org/art/collection/search/470855,https://images.metmuseum.org/CRDImages/cl/original/cdi25-120-650.jpg,0,https://www.wikidata.org/wiki/Q116252870,,
472336,Capital,Capital,late 12th century,,,,Stone,Overall: 10 3/4 x 9 1/2 x 9 in. (27.3 x 24.1 x 22.9 cm),French,,,,,,,,,,,The Cloisters,Sculpture-Architectural,,False,True,https://www.metmuseum.org/art/collection/search/472336,https://images.metmuseum.org/CRDImages/cl/original/cdi-st-g11.jpg,2,https://www.wikidata.org/wiki/Q116373766,,
472312,Blessing Bishop (Saint Nicholas of Bari),Relief statue,ca. 1350–75,,,,"Poplar, with paint and gilding","Overall: 73 1/2 x 17 1/2 x 13 1/2 in., 39lb. (186.7 x 44.5 x 34.3 cm, 17690.3g)",Italian,Italy,,,Men|Bishops,,,,,,,The Cloisters,Sculpture-Wood,,False,True,https://www.metmuseum.org/art/collection/search/472312,https://images.metmuseum.org/CRDImages/cl/original/DP216426.jpg,9,https://www.wikidata.org/wiki/Q20201028,,
471905,The Lamentation,Painting,ca. 1330–35,,,,"Tempera on wood, gold ground","Overall: 18 x 11 3/4 in. (45.7 x 29.8 cm)
Painted surface: 15 5/8 x 10 5/8 in. (39.7 x 27 cm)",Italian,France,,,Christ|Mary Magdalene|Saint John the Evangelist|Virgin Mary|Lamentation|Saints,Master of the Codex of Saint George,Artist,Italian,1310,1335,,The Cloisters,Paintings-Panels,"Italian, active Florence, ca. 1315–35",False,True,https://www.metmuseum.org/art/collection/search/471905,https://images.metmuseum.org/CRDImages/cl/original/DT200610.jpg,1,https://www.wikidata.org/wiki/Q20200871,https://www.wikidata.org/wiki/Q1918541,http://vocab.getty.edu/page/ulan/500026195
471651,Plate and Nail,Plate and nail,15th–16th century,,,,Iron,Overall: 3 in. (7.6 cm),European,,,,,,,,,,,The Cloisters,Metalwork-Iron,,False,True,https://www.metmuseum.org/art/collection/search/471651,https://images.metmuseum.org/CRDImages/cl/original/cdi55-61-90ab.jpg,1,,,
470972,Double Capital,Capital,late 13th–early 14th century,,,,Marble,Overall: 20 x 13 x 13 in. (50.8 x 33 x 33 cm),French,France,Pyrénées-Aquintaine,,,,,,,,,The Cloisters,Sculpture-Architectural,,False,True,https://www.metmuseum.org/art/collection/search/470972,https://images.metmuseum.org/CRDImages/cl/original/cdi25-120-746.jpg,1,https://www.wikidata.org/wiki/Q116252737,,
478790,Block Fragment,Block,ca. 1130–40,,,,Stone,,French,France,,,,,,,,,,The Cloisters,Sculpture-Architectural,,False,True,https://www.metmuseum.org/art/collection/search/478790,https://images.metmuseum.org/CRDImages/cl/original/198816.jpg,0,,,
469873,Two-Colored Tile,Tile,late 14th century,,,,Fired earthenware with slip decoration and lead glaze,Overall: 5 1/2 x 5 1/2in. (14 x 14cm),British,England,,Nottingham or Derbyshire,Coat of Arms,,,,,,,The Cloisters,Ceramics-Tiles,,False,True,https://www.metmuseum.org/art/collection/search/469873,https://images.metmuseum.org/CRDImages/cl/original/cdi1983-236-2.jpg,1,,,
471364,Panel with the Marriage of the Virgin and Joseph,Panel,early 16th century,,,,Oak,Overall: 35 1/2 x 10 1/2 in. (90.2 x 26.7 cm),French,France,,,Men|Virgin Mary,,,,,,,The Cloisters,Woodwork-Architectural,,False,True,https://www.metmuseum.org/art/collection/search/471364,https://images.metmuseum.org/CRDImages/cl/original/cdi50-147-7.jpg,0,https://www.wikidata.org/wiki/Q116251934,,
468488,Door Nail,Door nail,15th–16th century,,,,Iron,"Overall: 2 15/16 x 2 15/16 x 6 1/8 in. (7.4 x 7.5 x 15.6 cm)
Overall (installed): 2 15/16 x 2 15/16 x 11/16 in. (7.4 x 7.5 x 1.7 cm)",European,,,,,,,,,,,The Cloisters,Metalwork-Iron,,False,True,https://www.metmuseum.org/art/collection/search/468488,https://images.metmuseum.org/CRDImages/cl/original/sf55-61-134s1.jpg,2,,,
471733,Box with Unicorn,Box,15th century,,,,Wood with iron mounts,Overall: 4 7/8 x 13 3/8 x 7 in. (12.4 x 34 x 17.8 cm),Northern European,,,,Unicorns,,,,,,,The Cloisters,Woodwork-Furniture,,False,True,https://www.metmuseum.org/art/collection/search/471733,https://images.metmuseum.org/CRDImages/cl/original/cdi55-194s1.jpg,7,,,
471933,Stained Glass Panel with Emperor Henry II,Panel,1340–50,,,,"Pot-metal glass, colorless glass, and vitreous paint",39 x 17 3/4 in. (99.1 x 45.1 cm),Austrian,Austria,,,Kings|Men,,,,,,,The Cloisters,Glass-Stained,,False,True,https://www.metmuseum.org/art/collection/search/471933,https://images.metmuseum.org/CRDImages/cl/original/DP102916.jpg,1,https://www.wikidata.org/wiki/Q20201771,,
475530,"9 of Horns, from The Cloisters Playing Cards",Playing card,ca. 1475–80,,,,"Paper (four layers of pasteboard) with pen and ink, opaque paint, glazes, and applied silver and gold",5 3/16 × 2 3/4 in. (13.2 × 7 cm),South Netherlandish,,,,Playing Cards|Horns|Games,,,,,,,The Cloisters,Miscellaneous-Paper,,False,True,https://www.metmuseum.org/art/collection/search/475530,https://images.metmuseum.org/CRDImages/cl/original/DP354524.jpg,3,,,
470880,Double Capital Fragment,Capital,late 15th century,,,,Stone,Overall: 9 5/8 x 11 1/2 x 12 1/2 in. (24.4 x 29.2 x 31.8 cm),French,,,,Trees,,,,,,,The Cloisters,Sculpture-Architectural,,False,True,https://www.metmuseum.org/art/collection/search/470880,https://images.metmuseum.org/CRDImages/cl/original/cdi25-120-418.jpg,2,,,
475529,"10 of Horns, from The Cloisters Playing Cards",Playing card,ca. 1475–80,,,,"Paper (four layers of pasteboard) with pen and ink, opaque paint, glazes, and applied silver and gold",5 3/16 × 2 3/4 in. (13.2 × 7 cm),South Netherlandish,,,,Playing Cards|Horns|Games,,,,,,,The Cloisters,Miscellaneous-Paper,,False,True,https://www.metmuseum.org/art/collection/search/475529,https://images.metmuseum.org/CRDImages/cl/original/DP354523.jpg,3,,,
471557,Palmesel,Statue,15th century,,,,Limewood with paint,"Overall (w/ base): 61 1/2 x 23 3/4 x 54 1/2 in., 182lb. (156.2 x 60.3 x 138.4 cm, 82554.7g)",German,Germany,,,Donkeys|Christ,,,,,,,The Cloisters,Sculpture-Wood,,False,True,https://www.metmuseum.org/art/collection/search/471557,https://images.metmuseum.org/CRDImages/cl/original/DP366881.jpg,7,https://www.wikidata.org/wiki/Q20201805,,
471110,Roundel with Joseph Buying Corn in Egypt,Roundel,ca. 1520,,,,"Colorless glass, silver stain, vitreous paint",Overall Diam.: 9 3/4 in. (24.8 cm),South Netherlandish,,,,Men|Horses|Saint Joseph,,,,,,,The Cloisters,Glass-Stained,,False,True,https://www.metmuseum.org/art/collection/search/471110,https://images.metmuseum.org/CRDImages/cl/original/cdi32-24-47.jpg,0,https://www.wikidata.org/wiki/Q20201585,,
472208,Column Shaft,Shaft,early 20th century,,,,Marble,Overall: 42 3/4in. (108.6cm); Circumference.: 17 1/2 in. (44.5 cm),European,,,,,,,,,,,The Cloisters,Sculpture-Architectural,,False,True,https://www.metmuseum.org/art/collection/search/472208,https://images.metmuseum.org/CRDImages/cl/original/DP104561.jpg,1,https://www.wikidata.org/wiki/Q116255910,,
471618,Grille,Grille,15th–16th century,,,,Iron,Overall: 25 x 24 3/4 in. (63.5 x 62.9 cm),European,,,,,,,,,,,The Cloisters,Metalwork-Iron,,False,True,https://www.metmuseum.org/art/collection/search/471618,https://images.metmuseum.org/CRDImages/cl/original/cds160766.jpg,0,,,
471171,Door,Door,15th century,,,,Oak,Overall: 77 1/8 x 40 3/8 x 2 3/8 in. (195.9 x 102.6 x 6 cm),French,,,,Doors,,,,,,,The Cloisters,Woodwork-Furniture,,False,True,https://www.metmuseum.org/art/collection/search/471171,https://images.metmuseum.org/CRDImages/cl/original/DP256969.jpg,0,https://www.wikidata.org/wiki/Q116252381,,
469981,Two-Colored Tile with arms of England,Tile,14th or 15th century,,,,"Fired earthenware, with slip decoration and lead glaze",Overall: 5 1/4 x 5 1/4 in. (13.3 x 13.3 cm),British,,,,,,,,,,,The Cloisters,Ceramics-Tiles,,False,True,https://www.metmuseum.org/art/collection/search/469981,https://images.metmuseum.org/CRDImages/cl/original/cdi1983-236-6.jpg,1,,,
470750,Column Base,Base,ca. 1130–40,,,,Marble,Overall: 16 1/4 x 18 1/2 x 15 1/2 in. (41.3 x 47 x 39.4 cm),Catalan,present-day France,,Roussillon,,,,,,,,The Cloisters,Sculpture-Architectural,,False,True,https://www.metmuseum.org/art/collection/search/470750,https://images.metmuseum.org/CRDImages/cl/original/99969.jpg,0,,,
471922,Holy-water Font,Font,ca. 1160–65,,,,Marble (Carrara marble),Overall: 9 1/2 x 4 1/2 x 15 in. (24.1 x 11.4 x 38.1 cm),Italian,Central Italy,,probably Pisa,Men|Saints,Guglielmus,Artist,Italian,1158,1165,,The Cloisters,Sculpture-Architectural,"Italian, active 1158–65",False,True,https://www.metmuseum.org/art/collection/search/471922,https://images.metmuseum.org/CRDImages/cl/original/DP167915.jpg,1,https://www.wikidata.org/wiki/Q116247724,https://www.wikidata.org/wiki/Q3778858,http://vocab.getty.edu/page/ulan/500052985
469917,Osculatory,Osculatory,ca. 1490,,,,"Silver, silver gilt, and mother-of-pearl",Overall: H: 5 1/8 x Depth: 13/16 x Diam: 3 1/8 in. (13 x 2.1 x 7.9 cm),Austrian,Austria,,Salzburg,Men,,,,,,,The Cloisters,Metalwork-Silver,,False,True,https://www.metmuseum.org/art/collection/search/469917,https://images.metmuseum.org/CRDImages/cl/original/DT6069.jpg,4,https://www.wikidata.org/wiki/Q116272505,,
466633,Ornamental Window,Panel,ca. 1180,,,,Pot-metal glass and vitreous paint,Overall: 46 3/4 x 17 9/16 in. (118.7 x 44.6 cm),French,France,,Reims,,,,,,,,The Cloisters,Glass-Stained,,False,True,https://www.metmuseum.org/art/collection/search/466633,https://images.metmuseum.org/CRDImages/cl/original/sf26-218-1s1.jpg,0,https://www.wikidata.org/wiki/Q20201206,,
470633,Column Shaft,Shaft,late 12th century,,,,Stone,Overall: 38 1/4 x 5 7/8 in. (97.2 x 15 cm),French,France,,,,,,,,,,The Cloisters,Sculpture-Architectural,,False,True,https://www.metmuseum.org/art/collection/search/470633,https://images.metmuseum.org/CRDImages/cl/original/cdi-st-g14.jpg,1,https://www.wikidata.org/wiki/Q116256093,,
471824,Retable,Retable,late 14th or early 15th century,,,,Tempera and gesso on canvas,"A: 70 1/2 x 38 in. (179.1 x 96.5 cm)
B: 66 7/8 x 37 3/4 in. (169.9 x 95.9 cm)
C: 70 3/4 x 28 in. (179.7 x 71.1 cm)
D: 71 x 27 1/4 in. (180.3 x 69.2 cm)
E: 51 1/2 x 27 1/2 in. (130.8 x 69.9 cm)
F: 51 1/2 x 27 1/2 in. (130.8 x 69.9 cm)
G: 15 1/4 x 94 1/2 in. (38.7 x 240 cm)",Catalan,Spain,,,Men|Women|Angels|Apostles|Virgin Mary|Jesus|Annunciation|Crucifixion|Nativity|Coronation of the Virgin,Master of Cubélls,Artist,Spanish,1374,1406,,The Cloisters,Paintings-Panels,"Spanish, active 1374–ca. 1406",False,True,https://www.metmuseum.org/art/collection/search/471824,https://images.metmuseum.org/CRDImages/cl/original/cdi57-50a-g.jpg,13,https://www.wikidata.org/wiki/Q20201006,https://www.wikidata.org/wiki/Q21995244,http://vocab.getty.edu/page/ulan/500037579
471262,Angel,Sculpture,ca. 1120,,,,Limestone,Overall: 13 3/4 in. (34.9 cm),French,France,,,Angels,,,,,,,The Cloisters,Sculpture,,False,True,https://www.metmuseum.org/art/collection/search/471262,https://images.metmuseum.org/CRDImages/cl/original/cdi47-101-20.jpg,1,https://www.wikidata.org/wiki/Q116373783,,
471857,Double Capital,Capital,late 15th century,,,,Marble,Overall: 20 1/2 x 12 1/4 x 12 3/4in. (52.1 x 31.1 x 32.4cm),French,France,,,Men|Saints,,,,,,,The Cloisters,Sculpture-Architectural,,False,True,https://www.metmuseum.org/art/collection/search/471857,https://images.metmuseum.org/CRDImages/cl/original/cdi67-155-27.jpg,3,,,
471461,Credenza,Credenza,1440–50,,,,Walnut with intarsia,Overall: 58 x 125 x 25 in. (147.3 x 317.5 x 63.5 cm),Italian,,,,,,,,,,,The Cloisters,Woodwork-Furniture,,False,True,https://www.metmuseum.org/art/collection/search/471461,https://images.metmuseum.org/CRDImages/cl/original/DP258372.jpg,2,https://www.wikidata.org/wiki/Q116251806,,
470999,Double Capital,Capital,late 13th–early 14th century,,,,White marble,Overall: 23 1/4 x 17 1/2 x 14 in. (59.1 x 44.5 x 35.6 cm),French,France,,,Coat of Arms,,,,,,,The Cloisters,Sculpture-Architectural,,False,True,https://www.metmuseum.org/art/collection/search/470999,https://images.metmuseum.org/CRDImages/cl/original/cdi25-120-774.jpg,2,https://www.wikidata.org/wiki/Q116252656,,
468517,Plate,Plate,1430–1470,,,,Tin-glazed earthenware,"Overall: 2 5/8 x 17 1/2 in. (6.7 x 44.5 cm)
Diameter of foot: 5 7/8 in. (14.9 cm)",Spanish,Spain,,probably Manises,Insignia,,,,,,,The Cloisters,Ceramics,,False,True,https://www.metmuseum.org/art/collection/search/468517,https://images.metmuseum.org/CRDImages/cl/original/DP248481.jpg,2,,,
471053,Joseph (from a group with the Adoration of the Magi),Sculpture,ca. 1175–1200,,,,Limestone,50 × 20 1/4 × 19 1/2 in. (127 × 51.4 × 49.5 cm),Spanish,Spain,,,Saints,,,,,,,The Cloisters,Sculpture,,False,True,https://www.metmuseum.org/art/collection/search/471053,https://images.metmuseum.org/CRDImages/cl/original/DP366873.jpg,9,https://www.wikidata.org/wiki/Q116373792,,
472261,Abacus,Abacus,20th century,,,,Cement,3 3/4 x 24 1/2 x 12 1/2 in. (9.5 x 62.2 x 31.8 cm),European,,,,Animals,,,,,,,The Cloisters,Sculpture-Architectural,,False,True,https://www.metmuseum.org/art/collection/search/472261,https://images.metmuseum.org/CRDImages/cl/original/cdi-st-g15.jpg,2,https://www.wikidata.org/wiki/Q116256548,,
470724,Column Shaft,Column shaft,ca. 1130–1140,,,,Marble,Overall: 35 1/2 x 9 1/8 in. (90.2 x 23.2 cm),Catalan,present-day France,,,,,,,,,,The Cloisters,Sculpture-Architectural,,False,True,https://www.metmuseum.org/art/collection/search/470724,https://images.metmuseum.org/CRDImages/cl/original/DP132222.jpg,0,https://www.wikidata.org/wiki/Q116378348,,
469939,Support Figure of a Seated Cleric or Friar,Statuette,ca. 1280,,,,Copper alloy with mercury gilding,Overall: 2 5/8 x 1 5/16 x 1 11/16in. (6.7 x 3.4 x 4.3cm),French,France,,Reims(?),Men,,,,,,,The Cloisters,Metalwork-Copper alloy,,False,True,https://www.metmuseum.org/art/collection/search/469939,https://images.metmuseum.org/CRDImages/cl/original/DP102852.jpg,5,,,
478803,Block Fragment,Block,ca. 1130–40,,,,Stone,,French,France,,,,,,,,,,The Cloisters,Sculpture-Architectural,,False,True,https://www.metmuseum.org/art/collection/search/478803,https://images.metmuseum.org/CRDImages/cl/original/198829.jpg,0,,,
472237,Column Shaft,Shaft,early 20th century,,,,Marble,Overall: 42 1/8in. (107cm); Circumference: 18 in. (45.7 cm),European,,,,,,,,,,,The Cloisters,Sculpture-Architectural,,False,True,https://www.metmuseum.org/art/collection/search/472237,https://images.metmuseum.org/CRDImages/cl/original/DP104561.jpg,1,https://www.wikidata.org/wiki/Q116255922,,
472239,Column Shaft,Shaft,early 20th century,,,,Marble,Overall: 42 1/4in. (107.3cm); Circumference.: 17 1/4 in. (43.8 cm),European,,,,,,,,,,,The Cloisters,Sculpture-Architectural,,False,True,https://www.metmuseum.org/art/collection/search/472239,https://images.metmuseum.org/CRDImages/cl/original/DP104561.jpg,1,https://www.wikidata.org/wiki/Q116255923,,
468242,Lectern,Lectern,15th–16th century,,,,Iron,"Overall (raised): 9 7/16 x 14 1/4 x 11 5/8 in. (24 x 36.2 x 29.5 cm)
Overall (collapsed): 3 11/16 x 14 1/4 x 11 5/8 in. (9.4 x 36.2 x 29.5 cm)",Italian or Catalan,Italy or present-day Spain,,,,,,,,,,The Cloisters,Metalwork-Iron,,False,True,https://www.metmuseum.org/art/collection/search/468242,https://images.metmuseum.org/CRDImages/cl/original/sf47-101-80s5.jpg,7,https://www.wikidata.org/wiki/Q116276203,,
472065,Pilgrim's Badge,Pilgrim's badge,14th–16th century,,,,Lead,Overall: 1 x 7/8in. (2.5 x 2.2cm),French,,,,Madonna and Child,,,,,,,The Cloisters,Metalwork-Lead,,False,True,https://www.metmuseum.org/art/collection/search/472065,https://images.metmuseum.org/CRDImages/cl/original/cdi1977-240-40.jpg,1,,,
470963,Double Capital,Capital,late 13th–early 14th century,,,,Marble,Overall: 19 1/4 x 14 3/4 x 12 1/2 in. (48.9 x 37.5 x 31.8 cm),French,,,,,,,,,,,The Cloisters,Sculpture-Architectural,,False,True,https://www.metmuseum.org/art/collection/search/470963,https://images.metmuseum.org/CRDImages/cl/original/cds25-120-736.jpg,1,https://www.wikidata.org/wiki/Q116252756,,
472321,Column Shaft,Shaft,late 12th century,,,,Stone,40 3/4 x 6 1/4 in. (103.5 x 15.9 cm),French,,,,,,,,,,,The Cloisters,Sculpture-Architectural,,False,True,https://www.metmuseum.org/art/collection/search/472321,https://images.metmuseum.org/CRDImages/cl/original/cdi-st-g17.jpg,1,https://www.wikidata.org/wiki/Q116255991,,
471920,Chest,Chest,late 15th century,,,,Oak,Overall: 65 1/4 x 37 3/4 x 18 1/4 in. (165.7 x 95.9 x 46.4 cm),British,,,,Chests,,,,,,,The Cloisters,Woodwork-Furniture,,False,True,https://www.metmuseum.org/art/collection/search/471920,https://images.metmuseum.org/CRDImages/cl/original/cdi63-151.jpg,0,https://www.wikidata.org/wiki/Q116247725,,
471632,Box with Circular Scroll Designs,Box,15th–16th century,,,,Leather (Cuir bouilli) with iron mounts,Overall: 8 1/16 x 11 5/8 x 9 1/4 in. (20.5 x 29.5 x 23.5 cm),European,,,,,,,,,,,The Cloisters,Leatherwork,,False,True,https://www.metmuseum.org/art/collection/search/471632,https://images.metmuseum.org/CRDImages/cl/original/cdi55-61-68ab.jpg,0,,,
470673,Column Shaft,Column shaft,late 12th century,,,,Marble,"Height: 40 1/2 in. (103 cm)
Circumference: 16 1/4 - 19 7/8 in. (41 - 50.5 cm)",French,France,,,,,,,,,,The Cloisters,Sculpture-Architectural,,False,True,https://www.metmuseum.org/art/collection/search/470673,https://images.metmuseum.org/CRDImages/cl/original/cdi-st-g21.jpg,1,https://www.wikidata.org/wiki/Q116256260,,
471135,Doorway,Doorway,mid-15th century style,,,,Limestone,Overall: 117 1/8 x 57 1/2 in. (297.5 x 146.1 cm),French,,,,Doorways,,,,,,,The Cloisters,Installations,,False,True,https://www.metmuseum.org/art/collection/search/471135,https://images.metmuseum.org/CRDImages/cl/original/sfx34-20-3s1.jpg,0,https://www.wikidata.org/wiki/Q116252471,,
479734,Marriage Panel of Gabriel Weydacher and his wife Juliana Wemis with the Virgin and Child and Saints Barbara and Catherine,Panel,1519,,,,Colorless and pot-metal glass with vitreous paint and silver stain,17 15/16 × 29 1/4 × 3/8 in. (45.6 × 74.3 × 1 cm),German,Germany,,Augsburg,Women|Madonna and Child|Saint Catherine|Saints,Leonhard Beck,Artist,German,1480,1542,,The Cloisters,Glass-Stained,"German, 1480–1542",False,True,https://www.metmuseum.org/art/collection/search/479734,https://images.metmuseum.org/CRDImages/cl/original/DP322978.jpg,0,https://www.wikidata.org/wiki/Q20202000,https://www.wikidata.org/wiki/Q325339,http://vocab.getty.edu/page/ulan/500032672
470860,Column Base,Column base,ca. 1130–1140,,,,Pink marble,Overall: 17 1/2 x 8 1/2 x 17 1/2 in. (44.5 x 21.6 x 44.5 cm),Catalan,present-day France,,,,,,,,,,The Cloisters,Sculpture-Architectural,,False,True,https://www.metmuseum.org/art/collection/search/470860,https://images.metmuseum.org/CRDImages/cl/original/DP132222.jpg,0,https://www.wikidata.org/wiki/Q116378481,,
470891,Head of a Crozier,Crozier,1210–15,,,,"Copper gilt, champlevé enamel. Volute formerly decorated with scale pattern of blue, white and red. Socket: foliated scrolls against blue enamel background (probably comes from another crosier).",Overall: 12 3/16 x 5 3/4 x 2 1/4 in. (31 x 14.6 x 5.7 cm),French,France,,Limoges,Men|Dragons,,,,,,,The Cloisters,Enamels-Champlevé,,False,True,https://www.metmuseum.org/art/collection/search/470891,https://images.metmuseum.org/CRDImages/cl/original/cdi25-120-443s2.jpg,0,,,
466096,Opus Anglicanum (Chasuble),Textile,late 15th century,,,,Silk and metallic threads on linen; appliqué on silk velvet foundation with silk embroidery and silver-gilt shot,28 3/4 x 14 3/16 in. (73 x 36 cm),British,,,,Angels,,,,,,,The Cloisters,Textiles-Embroidered,,True,True,https://www.metmuseum.org/art/collection/search/466096,https://images.metmuseum.org/CRDImages/cl/original/CT_21130.jpg,0,https://www.wikidata.org/wiki/Q29385404,,
468518,Plate,Plate,1430–1460,,,,Tin-glazed earthenware,Overall: 3 1/8 x 17 7/8 in. (8 x 45.4 cm),Spanish,Spain,,probably Manises,,,,,,,,The Cloisters,Ceramics,,False,True,https://www.metmuseum.org/art/collection/search/468518,https://images.metmuseum.org/CRDImages/cl/original/DP248485.jpg,2,,,
469874,Two-Colored Heraldic Tile,Tile,late 15th century,,,,Fired earthenware with slip decoration and lead glaze,Overall: 5 1/4 x 5 1/4in. (13.3 x 13.3cm),British,England,,,,,,,,,,The Cloisters,Ceramics-Tiles,,False,True,https://www.metmuseum.org/art/collection/search/469874,https://images.metmuseum.org/CRDImages/cl/original/cdi1983-236-3.jpg,1,,,
468378,Purse,Purse,15th–16th century,,,,"Iron, leather","Overall: 9 x 7 1/16 x 1 5/8 in. (22.9 x 17.9 x 4.1 cm)
purse clasp only: 5 x 6 x 1 5/8 in. (12.7 x 15.2 x 4.1 cm)",European,,,,,,,,,,,The Cloisters,Metalwork-Iron,,False,True,https://www.metmuseum.org/art/collection/search/468378,https://images.metmuseum.org/CRDImages/cl/original/sf52-121-2s1.jpg,4,,,
463667,Wellhead,Wellhead,late 14th–early 15th century,,,,Limestone (Istrian limestone),"Overall: 35 7/8 x 41 1/2 x 41 1/4 in. (91.1 x 105.4 x 104.8 cm)
rim thickness: 5 1/4 in. (13.3 cm)
depth of well: 34 in. (86.4 cm)",Italian,Italy,,Venice,,,,,,,,The Cloisters,Sculpture-Architectural,,False,True,https://www.metmuseum.org/art/collection/search/463667,https://images.metmuseum.org/CRDImages/cl/original/DP214995.jpg,5,https://www.wikidata.org/wiki/Q116275843,,
470984,Double Capital,Capital,late 13th–early 14th century,,,,Marble,Overall: 20 1/2 x 15 1/2 x 12 1/2 in. (52.1 x 39.4 x 31.8 cm),French,France,Pyrénées-Aquintaine,,,,,,,,,The Cloisters,Sculpture-Architectural,,False,True,https://www.metmuseum.org/art/collection/search/470984,https://images.metmuseum.org/CRDImages/cl/original/cds25-120-758.jpg,1,https://www.wikidata.org/wiki/Q116252714,,
469986,Man of Sorrows,Stained glass panel,ca. 1480,,,,Pot-metal glass and vitreous paint,19 1/2 x 16 3/8 in. (49.5 x 41.6 cm),German,Germany (present-day France),,Strasbourg,Christ,Lautenbach Master,Artist,German,,,,The Cloisters,Glass-Stained,"German, active late 15th century",False,True,https://www.metmuseum.org/art/collection/search/469986,https://images.metmuseum.org/CRDImages/cl/original/DP102945.jpg,1,https://www.wikidata.org/wiki/Q20201299,https://www.wikidata.org/wiki/Q21857518,(not assigned)
471149,Coat of Arms,Relief,14th century,,,,Limestone,Overall: 16 3/4 x 15 in. (42.5 x 38.1 cm),French,,,,Coat of Arms,,,,,,,The Cloisters,Sculpture-Architectural,,False,True,https://www.metmuseum.org/art/collection/search/471149,https://images.metmuseum.org/CRDImages/cl/original/sf591.jpg,0,,,
471319,Double Capital,Capital,1480–1500,,,,Marble,"Overall (a: Capital): 13 3/4 x 21 x 12 3/4 in. (34.9 x 53.3 x 32.4 cm)
Overall (b, c: Column Shafts): Length 52 in. (132.1 cm), Diam. 5 1/2 in. (14 cm)
Overall (d: Base): 13 x 18 x 9 in. (33 x 45.7 x 22.9 cm)",French,France,,Trie or Larreule,Men|Christ|Resurrection,,,,,,,The Cloisters,Sculpture-Bronze,,False,True,https://www.metmuseum.org/art/collection/search/471319,https://images.metmuseum.org/CRDImages/cl/original/cdi48-76-5a.jpg,4,,,
472236,Engaged Double Capital,Capital,Late 15th century,,,,Marble,Overall: 14 x 20 3/4 x 12 1/8 in. (35.6 x 52.7 x 30.8 cm),French,France,,,,,,,,,,The Cloisters,Sculpture-Architectural,,False,True,https://www.metmuseum.org/art/collection/search/472236,https://images.metmuseum.org/CRDImages/cl/original/cds25-120-171.jpg,1,https://www.wikidata.org/wiki/Q116245693,,
472226,Voussoir with Lion,Voussoir,late 12th–early 13th century,,,,Stone,12 1/4 × 11 × 6 3/4 in. (31.1 × 27.9 × 17.1 cm),South French,France,,,Lions,,,,,,,The Cloisters,Sculpture-Architectural,,False,True,https://www.metmuseum.org/art/collection/search/472226,https://images.metmuseum.org/CRDImages/cl/original/cdi25-120-122.jpg,0,,,
472082,Pilgrim's Badge,Pilgrim's badge,15th century,,,,Lead,Overall: 1 1/2 x 1 5/8in. (3.8 x 4.1cm),French,,,,Saints,,,,,,,The Cloisters,Metalwork-Lead,,False,True,https://www.metmuseum.org/art/collection/search/472082,https://images.metmuseum.org/CRDImages/cl/original/DP147200.jpg,1,,,
471128,Roundel with Saint John on Patmos with Apocalyptic Vision,Roundel,1520–30,,,,"Colorless glass, vitreous paint and silver stain",Overall Diam.: 8 in. (20.3 cm),South Netherlandish,South Netherland,,,Birds|Dragons|Saint John the Evangelist|Virgin Mary|God the Father,Dirck Vellert,Artist,Netherlandish,1475,1552,,The Cloisters,Glass-Stained,"Netherlandish, Amsterdam (?) ca. 1480/85–ca. 1547",False,True,https://www.metmuseum.org/art/collection/search/471128,https://images.metmuseum.org/CRDImages/cl/original/cdi32-24-65.jpg,0,https://www.wikidata.org/wiki/Q20201543,https://www.wikidata.org/wiki/Q501963,http://vocab.getty.edu/page/ulan/500027390
471558,Drinking Bowl,Drinking bowl,second half 15th century,,,,Maple with silver-gilt mounts,Overall: H: 2 3/4 x Diam.: 6 1/4 in. (7 x 15.9 cm),British,,,,,,,,,,,The Cloisters,Metalwork-Silver,,False,True,https://www.metmuseum.org/art/collection/search/471558,https://images.metmuseum.org/CRDImages/cl/original/cdi55-25s1.jpg,2,https://www.wikidata.org/wiki/Q116251763,,
471879,Dormition of the Virgin,Panel,1340–50,,,,Pot-metal and colorless glass with vitreous paint,"35 3/8 x 13 3/4 in. (89.9 x 34.9 cm)
with modern border: 35 5/8 × 19 × 5/8 in. (90.5 × 48.3 × 1.6 cm)",Austrian,Austria,,,Apostles|Christ|Virgin Mary,,,,,,,The Cloisters,Glass-Stained,,False,True,https://www.metmuseum.org/art/collection/search/471879,https://images.metmuseum.org/CRDImages/cl/original/cdi68-224-4.jpg,0,https://www.wikidata.org/wiki/Q20201723,,
470957,Block,Block,ca. 1130–40,,,,Marble,"a) Overall: 19 3/4 x 10 3/4 x 9 3/4 in. (50.2 x 27.3 x 24.8 cm)
b) Overall: 19 1/4 x 11 1/4 x 10 1/2 in. (48.9 x 28.6 x 26.7 cm)",Catalan,present-day France,,,,,,,,,,The Cloisters,Sculpture-Architectural,,False,True,https://www.metmuseum.org/art/collection/search/470957,https://images.metmuseum.org/CRDImages/cl/original/sf103003.jpg,0,,,
469978,Glass Fragment,Fragment,8th century,,,,"Pot metal glass, vitreous paint",Overall: 1 1/4 x 5/8 in. (3.2 x 1.6 cm),Syrian,,,,,,,,,,,The Cloisters,Glass-Stained,,False,True,https://www.metmuseum.org/art/collection/search/469978,https://images.metmuseum.org/CRDImages/cl/original/cdi1985-91-5.jpg,0,https://www.wikidata.org/wiki/Q20201280,,
472011,Pilgrim's Badge,Pilgrim's badge,14th–16th century,,,,Lead,Overall: 7/8 x 7/8in. (2.2 x 2.2cm),French,,,,,,,,,,,The Cloisters,Metalwork-Lead,,False,True,https://www.metmuseum.org/art/collection/search/472011,https://images.metmuseum.org/CRDImages/cl/original/cdi1977-240-109.jpg,1,,,
475564,"1 of Collars, from The Cloisters Playing Cards",Playing card,ca. 1475–80,,,,"Paper (four layers of pasteboard) with pen and ink, opaque paint, glazes, and applied silver and gold",5 3/16 × 2 3/4 in. (13.2 × 7 cm),South Netherlandish,,,,Playing Cards|Games,,,,,,,The Cloisters,Miscellaneous-Paper,,False,True,https://www.metmuseum.org/art/collection/search/475564,https://images.metmuseum.org/CRDImages/cl/original/DP354541.jpg,3,,,
470328,The Intercession of Christ and the Virgin,Painting,before 1402,,,,Tempera on canvas,Overall: 94 1/4 x 60 1/4 x 1 in. (239.4 x 153 x 2.5 cm),Italian,Italy,,Florence,Doves|Christ|Virgin Mary|God the Father,Lorenzo Monaco (Piero di Giovanni),Artist,Italian,1370,1425,,The Cloisters,Paintings-Canvas,"Italian, Florence (?) ca. 1370–1425 Florence (?)",False,True,https://www.metmuseum.org/art/collection/search/470328,https://images.metmuseum.org/CRDImages/cl/original/DP359505.jpg,2,https://www.wikidata.org/wiki/Q20200874,https://www.wikidata.org/wiki/Q155376,http://vocab.getty.edu/page/ulan/500026261
472246,Double Capital,Capital,Late 15th century,,,,Marble,Overall: 14 7/8 x 20 7/8 x 12 3/4 in. (37.8 x 53 x 32.4 cm),French,France,,,,,,,,,,The Cloisters,Sculpture-Architectural,,False,True,https://www.metmuseum.org/art/collection/search/472246,https://images.metmuseum.org/CRDImages/cl/original/cds25-120-162.jpg,1,https://www.wikidata.org/wiki/Q116245659,,
472346,Engaged Capital,Capital,late 12th–early 13th century,,,,Limestone,"11 5/8 × 9 3/4 × 17 1/2 in., 110 lb. (29.5 × 24.8 × 44.5 cm, 49.9 kg)",French,France,,,,,,,,,,The Cloisters,Sculpture-Architectural,,False,True,https://www.metmuseum.org/art/collection/search/472346,https://images.metmuseum.org/CRDImages/cl/original/DP-17581-001.jpg,1,,,
471048,Corbel,Corbel,15th century,,,,Limestone,Overall: 23 1/2 x 12 in. (59.7 x 30.5 cm),French,,,,Griffins,,,,,,,The Cloisters,Sculpture-Architectural,,False,True,https://www.metmuseum.org/art/collection/search/471048,https://images.metmuseum.org/CRDImages/cl/original/cdi30-77-3.jpg,1,https://www.wikidata.org/wiki/Q116252613,,
469976,Glass Fragment,Fragment,8th century,,,,"Pot metal glass, vitreous paint",Overall: 1 1/4 x 1 1/4 in. (3.2 x 3.2 cm),Syrian,,,,,,,,,,,The Cloisters,Glass-Stained,,False,True,https://www.metmuseum.org/art/collection/search/469976,https://images.metmuseum.org/CRDImages/cl/original/cdi1985-91-3.jpg,0,https://www.wikidata.org/wiki/Q20201274,,
468526,Pharmacy Jar,Pharmacy jar,1435–75,,,,Tin-glazed earthenware,Overall: 11 11/16 x 5 5/8 in. (29.7 x 14.3 cm),Spanish,Spain,,probably Manises,Leaves,,,,,,,The Cloisters,Ceramics,,False,True,https://www.metmuseum.org/art/collection/search/468526,https://images.metmuseum.org/CRDImages/cl/original/DP-140-001.jpg,7,https://www.wikidata.org/wiki/Q116274651,,
471236,Mary Magdalene,Statue,ca. 1500–1550,,,,Limestone,"H: 49 1/4"" (125.1 cm)",French,France,,,Mary Magdalene,,,,,,,The Cloisters,Sculpture,,False,True,https://www.metmuseum.org/art/collection/search/471236,https://images.metmuseum.org/CRDImages/cl/original/LC-40_147_1-1.jpg,3,,,
470888,Dove,Dove,15th century,,,,Brass,Overall: 6 1/4 x 1 13/16 x 4 7/16 in. (15.9 x 4.6 x 11.2 cm),South Netherlandish,,,,Doves,,,,,,,The Cloisters,Metalwork-Brass,,False,True,https://www.metmuseum.org/art/collection/search/470888,https://images.metmuseum.org/CRDImages/cl/original/cdi25-120-437.jpg,1,,,
470900,The Entombment,Relief,first half 15th century,,,,Alabaster with paint and gilding,Overall (with backing): 15 7/8 x 10 3/8 x 2 3/16 in. (40.3 x 26.3 x 5.5 cm); 20.8 lbs (9.5 kg),British,England,,,Men|Angels|Christ|Mary Magdalene|Virgin Mary|Entombment,,,,,,,The Cloisters,Sculpture-Stone,,False,True,https://www.metmuseum.org/art/collection/search/470900,https://images.metmuseum.org/CRDImages/cl/original/DP-18976-005.jpg,5,https://www.wikidata.org/wiki/Q20201498,,
471819,Ring Brooch,Brooch,last quarter 13th century,,,,"Silver, glass paste",Overall Diameter: 1 in. (2.5 cm),British or French,,,,,,,,,,,The Cloisters,Metalwork-Silver,,False,True,https://www.metmuseum.org/art/collection/search/471819,https://images.metmuseum.org/CRDImages/cl/original/cdi57-26-3s1.jpg,1,,,
467653,The Unicorn Surrenders to a Maiden (from the Unicorn Tapestries),Tapestry,1495–1505,,,,"Wool warp with wool, silk, silver, and gilt wefts",Overall: 66 1/2 x 25 1/2 in. (168.9 x 64.8 cm),French (cartoon)/South Netherlandish (woven),Southern Netherlands (woven),,,Fences|Men|Women|Horns|Unicorns|Dogs|Flowers|Trees,,,,,,,The Cloisters,Textiles-Tapestries,,False,True,https://www.metmuseum.org/art/collection/search/467653,https://images.metmuseum.org/CRDImages/cl/original/DP155501.jpg,4,https://www.wikidata.org/wiki/Q116280392,,
471957,Bell,Bell,late 16th century,,,,"Copper alloy,  iron",Overall: 32 1/2 excluding handle  x 4 1/4 x 6 1/2 in. (82.5 x 10.8 x 16.5 cm),European,,,,Musical Instruments,,,,,,,The Cloisters,Metalwork-Copper alloy,,False,True,https://www.metmuseum.org/art/collection/search/471957,https://images.metmuseum.org/CRDImages/cl/original/LC-1972_108.jpg,1,,,
479683,Bucket for Holy Water (Situla),Situla,ca. 1200,,,,"Copper alloy, iron handle","Overall (with handle up): 11 5/16 x 8 7/8 x 6 11/16 in. (28.7 x 22.6 x 17 cm)
Overall (with handle down): 7 5/8 x 8 7/8 x 7 3/16 in. (19.3 x 22.6 x 18.3 cm)
bucket only: 7 5/8 x 8 7/8 x 6 11/16 in. (19.3 x 22.6 x 17 cm)",German,Germany,,Rhine valley,,,,,,,,The Cloisters,Metalwork-Copper alloy,,False,True,https://www.metmuseum.org/art/collection/search/479683,https://images.metmuseum.org/CRDImages/cl/original/DP291331.jpg,2,,,
471261,Seated Figure (Prophet or Apostle),Sculpture,ca. 1200,,,,Marble (Carrara marble) with lead and serpentine inlay,Overall: 24 1/2 x 9 1/2 x 10 7/8 in. (62.2 x 24.1 x 27.6 cm),Italian,Central Italy,,probably Lucca,Men,Master of Santa Maria la Bianca,Artist,Italian,,,,The Cloisters,Sculpture,"Italian, active late 12th–early 13th century",False,True,https://www.metmuseum.org/art/collection/search/471261,https://images.metmuseum.org/CRDImages/cl/original/DP167901.jpg,3,https://www.wikidata.org/wiki/Q116373787,,
472342,Seated Virgin and Child,Statue,ca. 1300–1350,,,,Walnut with paint and gilding,48 × 20 1/2 × 14 1/4 in. (121.9 × 52.1 × 36.2 cm),French,France,,,Madonna and Child,,,,,,,The Cloisters,Sculpture-Wood,,False,True,https://www.metmuseum.org/art/collection/search/472342,https://images.metmuseum.org/CRDImages/cl/original/DP365747.jpg,2,https://www.wikidata.org/wiki/Q20201873,,
471114,Roundel with Saint Dunstan of Canterbury,Roundel,1510–20,,,,"Colorless glass, vitreous paint and silver stain",Overall Diam.:  8 7/8 in. (22.5 cm),South Netherlandish,,,,Interiors|Men|Devil|Saints,,,,,,,The Cloisters,Glass-Stained,,False,True,https://www.metmuseum.org/art/collection/search/471114,https://images.metmuseum.org/CRDImages/cl/original/cdi32-24-51s1.jpg,1,https://www.wikidata.org/wiki/Q20201516,,
471124,Roundel with the Holy Trinity,Roundel,1510–20,,,,"Colorless glass, silver stain, vitreous paint",Overall Diam.:  9 1/8 in. (23.2 cm),South Netherlandish,,,,Birds|Christ|Cross|Crucifixion,,,,,,,The Cloisters,Glass-Stained,,False,True,https://www.metmuseum.org/art/collection/search/471124,https://images.metmuseum.org/CRDImages/cl/original/cdi32-24-61.jpg,0,https://www.wikidata.org/wiki/Q20201593,,
472140,Grisaille Panel with Grotesques,Panel,ca. 1320–24,,,,White and pot-metal glass with vitreous paint,22 13/16 x 17 5/16 in.  (58 x 44 cm),French,,,,Heads|Fish|Vines,,,,,,,The Cloisters,Glass-Stained,,False,True,https://www.metmuseum.org/art/collection/search/472140,https://images.metmuseum.org/CRDImages/cl/original/cdi1982-433-4.jpg,0,https://www.wikidata.org/wiki/Q20201894,,
466093,Comb,Comb,15th–16th century,,,,"Boxwood inlaid with bone, and decorated with red and green silk",Overall: 3 7/8 x 6 1/2 x 3/8 in. (9.8 x 16.5 x 1 cm),French (?),,,,,,,,,,,The Cloisters,Woodwork,,False,True,https://www.metmuseum.org/art/collection/search/466093,https://images.metmuseum.org/CRDImages/cl/original/DP-34091-001.jpg,5,,,
469998,Grisalle Glass Panel,Panel,1250–70,,,,White glass with vitreous paint,Overall: 11 3/8 x 17 3/4in. (28.9 x 45.1cm),French,France,,,,,,,,,,The Cloisters,Glass-Stained,,False,True,https://www.metmuseum.org/art/collection/search/469998,https://images.metmuseum.org/CRDImages/cl/original/cdi1982-204-7.jpg,0,https://www.wikidata.org/wiki/Q20201312,,
471353,Door Mount,Door mount,possibly 11th century,,,,Iron,Overall: 28 3/8 x 28 3/8 in. (72.1 x 72.1 cm),French,France,,,,,,,,,,The Cloisters,Metalwork-Iron,,False,True,https://www.metmuseum.org/art/collection/search/471353,https://images.metmuseum.org/CRDImages/cl/original/cdi50-65-1.jpg,0,https://www.wikidata.org/wiki/Q116251987,,
471572,Spoon,Spoon,1487,,,,Silver,Overall: 5 7/8 x 1 15/16 x 13/16 in. (15 x 5 x 2.1 cm),British,,,,,,,,,,,The Cloisters,Metalwork-Silver,,False,True,https://www.metmuseum.org/art/collection/search/471572,https://images.metmuseum.org/CRDImages/cl/original/sf55-42-4s1.jpg,3,https://www.wikidata.org/wiki/Q116249840,,
471885,Triptych with Scenes from the Passion of Christ,Tabernacle,1494,,,,"Silver, gilded silver, mother-of-pearl, bone, and cold enamel",Overall (open): 27 3/8 x 9 7/8 x 7 1/4 in. (69.5 x 25.1 x 18.4 cm),Austrian,Austria,,Salzburg,Madonna and Child|Saint Catherine|Saint George|Annunciation|Crucifixion,Master Pertoldus,Artist,,,,,The Cloisters,Metalwork-Silver,,False,True,https://www.metmuseum.org/art/collection/search/471885,https://images.metmuseum.org/CRDImages/cl/original/DP102937.jpg,1,https://www.wikidata.org/wiki/Q116247818,,
471665,Plate and Nail,Plate and nail,15th–16th century,,,,Iron,Overall: 4 1/2 in. (11.4 cm),European,,,,,,,,,,,The Cloisters,Metalwork-Iron,,False,True,https://www.metmuseum.org/art/collection/search/471665,https://images.metmuseum.org/CRDImages/cl/original/cdi55-61-104ab.jpg,1,,,
471058,Heraldic Panel of Barbara von Zimmern,Panel,1518,,,,"Pot-metal glass, white glass, vitreous paint, silver stain, colored enamel",Overall: 24 x 16 1/2 in. (61 x 41.9 cm),German,Germany,,Sulz am Neckar,Women|Coat of Arms,,,,,,,The Cloisters,Glass-Stained,,False,True,https://www.metmuseum.org/art/collection/search/471058,https://images.metmuseum.org/CRDImages/cl/original/DT236873.jpg,1,https://www.wikidata.org/wiki/Q20201064,,
473873,Nativity,Relief fragment,14th century,,,,Stone,Overall: 8 1/2 x 12 1/2 in. (21.6 x 31.8 cm),French,,,,Virgin Mary|Jesus|Nativity,,,,,,,The Cloisters,Sculpture,,False,True,https://www.metmuseum.org/art/collection/search/473873,https://images.metmuseum.org/CRDImages/cl/original/cdi25-120-240.jpg,1,,,
471310,Door Mount,Door mount,possibly 11th century,,,,Iron,Overall: 16 1/4 x 25 in. (41.3 x 63.5 cm),French,France,,,Horses,,,,,,,The Cloisters,Metalwork-Iron,,False,True,https://www.metmuseum.org/art/collection/search/471310,https://images.metmuseum.org/CRDImages/cl/original/cdi47-101-82-86.jpg,1,https://www.wikidata.org/wiki/Q116252129,,
471767,Dish,Dish,1420–1450,,,,Tin-glazed earthenware,Overall: 17 3/8 in. (44.1 cm),Spanish,Spain,,probably Manises,Birds|Coat of Arms,,,,,,,The Cloisters,Ceramics,,False,True,https://www.metmuseum.org/art/collection/search/471767,https://images.metmuseum.org/CRDImages/cl/original/cdi56-171-106.jpg,1,,,
471552,Pyx,Pyx,15th century,,,,"Silver, partly gilt","Overall: 8 in. × 3 1/4 in. (20.3 × 8.3 cm)
Other (Vessel): 2 1/16 × 3 1/16 in. (5.3 × 7.8 cm)
Other (Vessel and foot): 4 5/16 × 3 1/4 in. (11 × 8.3 cm)
Other (Lid): 4 1/16 × 3 in. (10.3 × 7.6 cm)",Spanish,,,,,,,,,,,The Cloisters,Metalwork-Silver,,False,True,https://www.metmuseum.org/art/collection/search/471552,https://images.metmuseum.org/CRDImages/cl/original/LC_54_177_2abs02.jpg,8,,,
471550,Doorway from Abbey of Notre-Dame at Nevers,Doorway,13th century,,,,Limestone,"Overall: 182 x 66 in. (462.3 x 167.6 cm)
Overall (Clearance): 150 in. (381 cm)",French,France,,,,,,,,,,The Cloisters,Installations,,False,True,https://www.metmuseum.org/art/collection/search/471550,https://images.metmuseum.org/CRDImages/cl/original/cdi54-164-87.jpg,0,https://www.wikidata.org/wiki/Q116251804,,
471710,Nail Head,Nail head,15th–16th century,,,,Iron,Overall: 1 1/4 in. (3.2 cm),European,,,,,,,,,,,The Cloisters,Metalwork-Iron,,False,True,https://www.metmuseum.org/art/collection/search/471710,https://images.metmuseum.org/CRDImages/cl/original/cdi55-61-157.jpg,0,,,
470681,Column Shaft,Shaft,late 13th–early 14th century,,,,Marble,Overall: 62 1/2 in. (158.8 cm),French,France,,,,,,,,,,The Cloisters,Sculpture-Architectural,,False,True,https://www.metmuseum.org/art/collection/search/470681,https://images.metmuseum.org/CRDImages/cl/original/DP104561.jpg,1,https://www.wikidata.org/wiki/Q116254127,,
470690,Column Shaft,Shaft,late 13th–early 14th century,,,,Marble,Overall: 53 in. (134.6 cm),French,France,Pyrénées-Aquintaine,,,,,,,,,The Cloisters,Sculpture-Architectural,,False,True,https://www.metmuseum.org/art/collection/search/470690,https://images.metmuseum.org/CRDImages/cl/original/DP102892.jpg,0,https://www.wikidata.org/wiki/Q116275965,,
471584,Lock,Lock,15th–16th century,,,,Iron,Overall (a.): 5 1/8 x 3 3/8 in. (13 x 8.6 cm),European,,,,,,,,,,,The Cloisters,Metalwork-Iron,,False,True,https://www.metmuseum.org/art/collection/search/471584,https://images.metmuseum.org/CRDImages/cl/original/cdi55-61-6ab.jpg,1,,,
479673,Christ Child with an Apple,Statuette,ca. 1470–80,,,,Willow with original paint and traces of gold,14 15/16 x 7 1/2 x 4 3/4 in. (38 x 19.1 x 12.1 cm),German,Germany,,Ulm,Apples|Christ,Michel Erhart,Artist,German,1464,1522,,The Cloisters,Sculpture-Wood,"German, Ulm, active 1464–1522",False,True,https://www.metmuseum.org/art/collection/search/479673,https://images.metmuseum.org/CRDImages/cl/original/DP280522.jpg,3,https://www.wikidata.org/wiki/Q20201109,https://www.wikidata.org/wiki/Q473508,http://vocab.getty.edu/page/ulan/500115516
471570,Spoon,Spoon,late 15th century,,,,Silver,Overall L: 6 in. (15.2 cm),British,,,,,,,,,,,The Cloisters,Metalwork-Silver,,False,True,https://www.metmuseum.org/art/collection/search/471570,https://images.metmuseum.org/CRDImages/cl/original/cdi55-42-2.jpg,1,https://www.wikidata.org/wiki/Q116249847,,
472195,Engaged Capital,Capital,late 12th century,,,,Stone,Overall: 9 1/2 x 17 1/2 in. (24.1 x 44.5 cm),South French,,,,,,,,,,,The Cloisters,Sculpture-Architectural,,False,True,https://www.metmuseum.org/art/collection/search/472195,https://images.metmuseum.org/CRDImages/cl/original/cdi25-120-114.jpg,0,,,
471874,Triangular-shaped Tracery Light,Tracery light,1340–50,,,,Pot-metal and colorless glass with vitreous paint,Overall: 8 5/8 x 17 1/2 in. (21.9 x 44.5 cm),Austrian,Austria,,,,,,,,,,The Cloisters,Glass-Stained,,False,True,https://www.metmuseum.org/art/collection/search/471874,https://images.metmuseum.org/CRDImages/cl/original/cdi68-224-9.jpg,1,https://www.wikidata.org/wiki/Q20201717,,
466613,Censer,Censer,16th century (?),,,,Copper alloy,Overall: 7 15/16 x 5 9/16 in. (20.2 x 14.1 cm),South Netherlandish (?),,,,,,,,,,,The Cloisters,Metalwork-Brass,,False,True,https://www.metmuseum.org/art/collection/search/466613,https://images.metmuseum.org/CRDImages/cl/original/sf25-120-896s1.jpg,4,,,
471763,Dish,Dish,1430–1460,,,,Tin-glazed earthenware,Overall: 18 1/2 in. (47 cm),Spanish,Spain,,probably Manises,,,,,,,,The Cloisters,Ceramics,,False,True,https://www.metmuseum.org/art/collection/search/471763,https://images.metmuseum.org/CRDImages/cl/original/CL10.jpg,0,,,
466256,Enamel Plaque with the Annunciation,Plaque,ca. 1440–60,,,,Silver with translucent and opaque enamels,Overall: 1 3/4 x 1 7/16in. (4.4 x 3.6cm),South Netherlandish,,,,Angels|Virgin Mary,,,,,,,The Cloisters,Enamels-Basse taille,,False,True,https://www.metmuseum.org/art/collection/search/466256,https://images.metmuseum.org/CRDImages/cl/original/cdi1993-273-1.jpg,2,https://www.wikidata.org/wiki/Q116244022,,
469881,Crucifix,Sculpture,ca. 1125–50,,,,Limewood and birch with traces of paint (corpus); spruce with traces of paint (cross),"Overall (Cross with base): 37 3/8 x 23 1/4 x 9 in. (95 x 59 x 22.9 cm)
Cross and Corpus without base: 33 7/16 x 23 1/4 x 3 11/16 in. (85 x 59 x 9.4 cm)
Corpus only: 19 15/16 x 17 9/16 x 3 1/8 in. (50.6 x 44.6 x 7.9 cm)
Cross only: 33 7/16 x 23 1/4 x 9/16 in. (85 x 59 x 1.5 cm)
Base only: 3 15/16 x 11 13/16 x 9 in. (10 x 30 x 22.9 cm)",Austrian,Austria,,,Christ|Crucifixion,,,,,,,The Cloisters,Sculpture-Wood,,False,True,https://www.metmuseum.org/art/collection/search/469881,https://images.metmuseum.org/CRDImages/cl/original/DT7708.jpg,0,https://www.wikidata.org/wiki/Q20201391,,
471226,Pricket Candlestick,Candlestick,15th century,,,,Iron,Overall: 54 in. (137.2 cm),Italian (?),,,,,,,,,,,The Cloisters,Metalwork-Iron,,False,True,https://www.metmuseum.org/art/collection/search/471226,https://images.metmuseum.org/CRDImages/cl/original/cdi38-168-3.jpg,0,https://www.wikidata.org/wiki/Q116252288,,
471970,Plaque with Scenes at Emmaus,Plaque,ca. 850–900,,,,Elephant ivory,Overall: 4 9/16 x 9 1/4 x 1/4 in. (11.5 x 23.5 x 0.6 cm),Carolingian,,,northern France,Men|Christ,,,,,,,The Cloisters,Ivories-Elephant,,False,True,https://www.metmuseum.org/art/collection/search/471970,https://images.metmuseum.org/CRDImages/cl/original/DT11265.jpg,1,https://www.wikidata.org/wiki/Q116247561,,
469900,Pilgrim's Badge with Saint Leonard,Pilgrim's badge,15th century,,,,Lead and tin alloy,Overall: 2 3/16 x 1 3/16 x 3/16in. (5.6 x 3 x 0.4cm),British or French,,,,Men|Saints,,,,,,,The Cloisters,Metalwork-Lead,,False,True,https://www.metmuseum.org/art/collection/search/469900,https://images.metmuseum.org/CRDImages/cl/original/cdi1986-77-1.jpg,1,,,
475547,"5 of Tethers, from The Cloisters Playing Cards",Playing card,ca. 1475–80,,,,"Paper (four layers of pasteboard) with pen and ink, opaque paint, glazes, and applied silver and gold",5 3/16 × 2 3/4 in. (13.2 × 7 cm),South Netherlandish,,,,Playing Cards|Games,,,,,,,The Cloisters,Miscellaneous-Paper,,False,True,https://www.metmuseum.org/art/collection/search/475547,https://images.metmuseum.org/CRDImages/cl/original/DP354517.jpg,3,https://www.wikidata.org/wiki/Q116280912,,
471438,Door Knocker,Door knocker,15th–16th century,,,,Iron,"L. of handle: 8 in. (20.3 cm)
L. of pin: 6 1/2 in. (16.5 cm)",European,,,,,,,,,,,The Cloisters,Metalwork-Iron,,False,True,https://www.metmuseum.org/art/collection/search/471438,https://images.metmuseum.org/CRDImages/cl/original/cdi52-121-6.jpg,0,,,
470971,Double Capital,Capital,late 13th–early 14th century,,,,Marble,Overall: 21 x 15 3/4 x 12 1/2 in. (53.3 x 40 x 31.8 cm),French,,,,,,,,,,,The Cloisters,Sculpture-Architectural,,False,True,https://www.metmuseum.org/art/collection/search/470971,https://images.metmuseum.org/CRDImages/cl/original/cdi25-120-745.jpg,1,,,
468235,Gemellion (Hand Basin) with a Knight on Horseback,Gemellion,ca. 1250–75,,,,"Copper, wrought and gilt, and champlevé enamel: medium blue, red and white",Overall: 10 5/8 x 1 1/2 in. (27 x 3.8 cm),French,France,,Limoges,Men|Horses|Knights,,,,,,,The Cloisters,Enamels-Champlevé,,False,True,https://www.metmuseum.org/art/collection/search/468235,https://images.metmuseum.org/CRDImages/cl/original/DP123785.jpg,1,https://www.wikidata.org/wiki/Q116276227,,
469840,Roundel with Netting Quail,Roundel,16th century,,,,"Colorless glass, vitreous paint, silver stain and cold enamel",Overall: 9 1/2 in. (24.1 cm),German,,,,Birds|Hunting|Bulls|Landscapes,Augustin Hirschvogel,Artist,German,1503,1553,,The Cloisters,Glass-Stained,"German, Nuremberg 1503–1553 Vienna",False,True,https://www.metmuseum.org/art/collection/search/469840,https://images.metmuseum.org/CRDImages/cl/original/DP241183.jpg,1,https://www.wikidata.org/wiki/Q20201454,https://www.wikidata.org/wiki/Q707101,http://vocab.getty.edu/page/ulan/500011339
472119,Pilgrim's Badge,Pilgrim's badge,14th–16th century,,,,Lead,Overall: 1 1/4 x 3/4in. (3.2 x 1.9cm),French,,,,,,,,,,,The Cloisters,Metalwork-Lead,,False,True,https://www.metmuseum.org/art/collection/search/472119,https://images.metmuseum.org/CRDImages/cl/original/cdi1977-240-94.jpg,1,,,
471595,Candlestick,Candlestick,15th–16th century,,,,Iron,"Gr. W.: 7 1/2 in., H. closed: 11 3/4 in., H. opened: 19 1/2 in.",European,,,,,,,,,,,The Cloisters,Metalwork-Iron,,False,True,https://www.metmuseum.org/art/collection/search/471595,https://images.metmuseum.org/CRDImages/cl/original/cdi55-61-19v2.jpg,1,,,
472058,Pilgrim's Badge,Pilgrim's badge,14th–16th century,,,,Lead,Overall: 1 x 3/4 in. (2.5 x 1.9 cm),French,,,,Madonna and Child,,,,,,,The Cloisters,Metalwork-Lead,,False,True,https://www.metmuseum.org/art/collection/search/472058,https://images.metmuseum.org/CRDImages/cl/original/cdi1977-240-33.jpg,1,,,
470391,"Sorgheloos (""Carefree"") in Poverty",Roundel,1510–20,,,,"Colorless glass, vitreous paint and silver stain","8 7/8 in. (22.5 cm)
with lead: 9 1/16 in. (23 cm)",Netherlandish,,,,Interiors|Men|Cats|Dogs|Cooking,,,,,,,The Cloisters,Glass-Stained,,False,True,https://www.metmuseum.org/art/collection/search/470391,https://images.metmuseum.org/CRDImages/cl/original/DP102858.jpg,1,https://www.wikidata.org/wiki/Q20201046,,
471844,Reliquary Bust of a Female Saint,Reliquary bust,ca. 1520–30,,,,"Oak, paint, gilt",Overall: 16 11/16 x 12 3/4 x 6 1/4 in. (42.4 x 32.4 x 15.9 cm),South Netherlandish,Belgium,,possibly Brussels,Women|Saints,,,,,,,The Cloisters,Sculpture-Wood,,False,True,https://www.metmuseum.org/art/collection/search/471844,https://images.metmuseum.org/CRDImages/cl/original/LC-59_70-1.jpg,8,https://www.wikidata.org/wiki/Q20201705,,
469999,Grisaille Panel,Panel,1270–80,,,,"White and pot-metal glass and vitreous paint, silver stain",Overall: 22 x 20 1/4in. (55.9 x 51.4cm),French,France,,Sées,,,,,,,,The Cloisters,Glass-Stained,,False,True,https://www.metmuseum.org/art/collection/search/469999,https://images.metmuseum.org/CRDImages/cl/original/cdi1982-204-3.jpg,1,https://www.wikidata.org/wiki/Q20201316,,
470922,Tile,Tile,13th–14th century,,,,Glazed earthenware,Overall: 4 5/8 x 4 5/8 in. (11.7 x 11.7 cm),French,,,,,,,,,,,The Cloisters,Ceramics,,False,True,https://www.metmuseum.org/art/collection/search/470922,https://images.metmuseum.org/CRDImages/cl/original/cdi25-120-935.jpg,0,,,
471703,Nail,Nail,15th–16th century,,,,Iron,Overall: 5 1/4 x 4 3/8 in. (13.3 x 11.1 cm),European,,,,,,,,,,,The Cloisters,Metalwork-Iron,,False,True,https://www.metmuseum.org/art/collection/search/471703,https://images.metmuseum.org/CRDImages/cl/original/cdi55-61-150.jpg,0,,,
471432,"African Magus, one of the Three Kings from an Adoration Group",Statue,before 1489,,,,"Maple, paint and gilt","61 1/2 × 17 × 13 1/4 in., 65 lb. (156.2 × 43.2 × 33.7 cm, 29.5 kg)",German,Germany,,,Kings|Men,,,,,,,The Cloisters,Sculpture-Wood,,False,True,https://www.metmuseum.org/art/collection/search/471432,https://images.metmuseum.org/CRDImages/cl/original/DP330353.jpg,4,https://www.wikidata.org/wiki/Q20200901,,
471634,Boss,Boss,15th–16th century,,,,Iron,Overall: 4 3/4 x 3 5/8 in. (12.1 x 9.2 cm),European,,,,,,,,,,,The Cloisters,Metalwork-Iron,,False,True,https://www.metmuseum.org/art/collection/search/471634,https://images.metmuseum.org/CRDImages/cl/original/cdi55-61-72.jpg,1,,,
471562,Casket,Casket,14th century,,,,"Copper alloy, limewood",Overall: 5 3/8 x 6 1/2 x 13 3/8 in. (13.7 x 16.5 x 34 cm),Catalan,Spain,,,Bow and Arrow|Men|Women,,,,,,,The Cloisters,Metalwork-Copper alloy,,False,True,https://www.metmuseum.org/art/collection/search/471562,https://images.metmuseum.org/CRDImages/cl/original/cdi55-29-1s7.jpg,7,,,
470715,Column Shaft,Column shaft,ca. 1130–1140,,,,Marble,Overall: 35 3/8 x 8 7/8 in. (89.9 x 22.5 cm),Catalan,present-day France,,,,,,,,,,The Cloisters,Sculpture-Architectural,,False,True,https://www.metmuseum.org/art/collection/search/470715,https://images.metmuseum.org/CRDImages/cl/original/DP132222.jpg,0,https://www.wikidata.org/wiki/Q116378318,,
472129,Pilgrim's Badge,Pilgrim's badge,14th–16th century,,,,Lead,Overall: 1 11/16 x 7/8in. (4.3 x 2.3cm),French,,,,Saints,,,,,,,The Cloisters,Metalwork-Lead,,False,True,https://www.metmuseum.org/art/collection/search/472129,https://images.metmuseum.org/CRDImages/cl/original/cdi1977-240-5.jpg,1,,,
470898,Column Shaft from the Trie Cloister,Shaft,Late 13th or early 14th century,,,,Stone,Overall: 71 3/4 in. (182.2 cm),French,France,,,,,,,,,,The Cloisters,Sculpture-Architectural,,False,True,https://www.metmuseum.org/art/collection/search/470898,https://images.metmuseum.org/CRDImages/cl/original/DP104561.jpg,0,https://www.wikidata.org/wiki/Q116254140,,
479581,Silk Fragment with Lions and Pomegranates,Fragment,late 15th century,,,,"Silk, lampas weave","Overall: 9 3/16 x 10 1/8 in. (23.3 x 25.7 cm)
Framed: 13 1/4 x 14 5/16 x 1 in. (33.6 x 36.3 x 2.5 cm)",Spanish,Spain,,probably Granada,Fruit|Lions,,,,,,,The Cloisters,Textiles-Woven,,False,True,https://www.metmuseum.org/art/collection/search/479581,https://images.metmuseum.org/CRDImages/cl/original/DP256958.jpg,1,,,
471725,Gate Fragments,Gate fragments,13th–14th century,,,,Iron,Overall: 23 x 41 in. (58.4 x 104.1 cm),French (?),,,,,,,,,,,The Cloisters,Metalwork-Iron,,False,True,https://www.metmuseum.org/art/collection/search/471725,https://images.metmuseum.org/CRDImages/cl/original/cds55-76-5.jpg,0,,,
471057,Saint Martin on Horseback Dividing His Cloak,Panel,ca. 1410,,,,Pot-metal and colorless glass with vitreous paint,Overall: 20 x 17 in. (50.8 x 43.2 cm),Austrian,,,,Swords|Men|Horses|Saints,,,,,,,The Cloisters,Glass-Stained,,False,True,https://www.metmuseum.org/art/collection/search/471057,https://images.metmuseum.org/CRDImages/cl/original/cdi30-113-4.jpg,1,https://www.wikidata.org/wiki/Q20201651,,
471126,"Roundel with Joseph Presenting his father, Jacob, to the Pharoah (from a Series of the History of Joshua)",Roundel,1515–30,,,,"Colorless glass, vitreous paint and silver stain",Overall Diam.:  8 1/2 in. (21.6 cm),South Netherlandish,,,,Men|Dogs|Joshua|Dining,,,,,,,The Cloisters,Glass-Stained,,False,True,https://www.metmuseum.org/art/collection/search/471126,https://images.metmuseum.org/CRDImages/cl/original/cdi32-24-63.jpg,0,https://www.wikidata.org/wiki/Q20201599,,
471598,Candlestick Bracket,Candlestick bracket,15th–16th century,,,,Iron,Overall: 7 1/2 x 4 3/8 in. (19.1 x 11.1 cm),European,,,,,,,,,,,The Cloisters,Metalwork-Iron,,False,True,https://www.metmuseum.org/art/collection/search/471598,https://images.metmuseum.org/CRDImages/cl/original/cdi55-61-25.jpg,0,https://www.wikidata.org/wiki/Q116249343,,
470976,Double Capital,Capital,late 13th–early 14th century,,,,Marble,Overall: 20 x 15 1/2 x 12 in. (50.8 x 39.4 x 30.5 cm),French,France,Pyrénées-Aquintaine,,,,,,,,,The Cloisters,Sculpture-Architectural,,False,True,https://www.metmuseum.org/art/collection/search/470976,https://images.metmuseum.org/CRDImages/cl/original/DP102892.jpg,1,https://www.wikidata.org/wiki/Q116276024,,
475540,"Queen of Tethers, from The Cloisters Playing Cards",Playing card,ca. 1475–80,,,,"Paper (four layers of pasteboard) with pen and ink, opaque paint, glazes, and applied silver and gold",5 3/16 × 2 3/4 in. (13.2 × 7 cm),South Netherlandish,,,,Queens|Playing Cards|Games,,,,,,,The Cloisters,Miscellaneous-Paper,,False,True,https://www.metmuseum.org/art/collection/search/475540,https://images.metmuseum.org/CRDImages/cl/original/DP354509.jpg,3,,,
470820,Door,Door,13th century,,,,"Wood, paint, and wrought iron",Overall: 135 1/2 x 43 1/4 in. (344.2 x 109.9 cm),French,France,,,Doors,,,,,,,The Cloisters,Woodwork-Architectural,,False,True,https://www.metmuseum.org/art/collection/search/470820,"https://images.metmuseum.org/CRDImages/cl/original/cdi25-120-875,-876.jpg",0,https://www.wikidata.org/wiki/Q116253124,,
472191,Column Base,Base,late 12th century,,,,Stone,Overall: 5 1/8 x 9 13/16 x 9 13/16 in. (13 x 25 x 25 cm),French,,,,,,,,,,,The Cloisters,Sculpture-Architectural,,False,True,https://www.metmuseum.org/art/collection/search/472191,https://images.metmuseum.org/CRDImages/cl/original/cdi-st-g2.jpg,1,https://www.wikidata.org/wiki/Q116243427,,
469979,Glass Fragment,Fragment,8th century,,,,"Pot metal glass, vitreous paint",Overall: 1 1/4 x 3/4 in. (3.2 x 1.9 cm),Syrian,,,,,,,,,,,The Cloisters,Glass-Stained,,False,True,https://www.metmuseum.org/art/collection/search/469979,https://images.metmuseum.org/CRDImages/cl/original/cdi1985-91-6.jpg,0,https://www.wikidata.org/wiki/Q20201287,,
471304,Andiron,Andiron,late 14th or early 15th century,,,,Wrought iron,H. 48- 1/2 L. 26- 1/4 in.,French,,,,,,,,,,,The Cloisters,Metalwork-Iron,,False,True,https://www.metmuseum.org/art/collection/search/471304,https://images.metmuseum.org/CRDImages/cl/original/cdi47-101-74.jpg,2,https://www.wikidata.org/wiki/Q116252148,,
471312,Door Mount,Door mount,possibly 11th century,,,,Iron,Overall: 17 1/2 x 42 in. (44.5 x 106.7 cm),French,France,,,,,,,,,,The Cloisters,Metalwork-Iron,,False,True,https://www.metmuseum.org/art/collection/search/471312,https://images.metmuseum.org/CRDImages/cl/original/cdi47-101-84.jpg,0,https://www.wikidata.org/wiki/Q116252132,,
469996,Portable Reliquary Case,Reliquary case,ca. 1400,,,,"leather (cuir bouilli), boiled and tooled, traces of gilding","Overall: 4 15/16 x 1 5/16 x 13/16 in. (12.6 x 3.3 x 2 cm)
leather case only: 3 1/8 x 1 5/16 x 13/16 in. (8 x 3.3 x 2 cm)",French,,,,,,,,,,,The Cloisters,Leatherwork,,False,True,https://www.metmuseum.org/art/collection/search/469996,https://images.metmuseum.org/CRDImages/cl/original/sf1984-24-2s8.jpg,8,https://www.wikidata.org/wiki/Q116256779,,
470948,Lintel,Fragment,ca. 1130–40,,,,Marble,Overall: 7 7/8 x 13 1/4 x 9 in. (20 x 33.7 x 22.9 cm),Catalan,present-day France,,,Palmettes,,,,,,,The Cloisters,Sculpture-Architectural,,False,True,https://www.metmuseum.org/art/collection/search/470948,https://images.metmuseum.org/CRDImages/cl/original/LC-25_120_980.jpg,1,,,
471172,Door,Door,1450–1500,,,,Oak,Overall: 79 x 40 in. (200.7 x 101.6 cm),French,France,,,,,,,,,,The Cloisters,Woodwork-Furniture,,False,True,https://www.metmuseum.org/art/collection/search/471172,https://images.metmuseum.org/CRDImages/cl/original/cdi34-21-9.jpg,0,https://www.wikidata.org/wiki/Q116410908,,
472117,Pilgrim's Badge,Pilgrim's badge,14th–16th century,,,,Lead,"Overall (Diameter): 5/8 in. (1.6 cm)
Overall (Hook): 1/8 in. (0.3 cm)",French,,,,,,,,,,,The Cloisters,Metalwork-Lead,,False,True,https://www.metmuseum.org/art/collection/search/472117,https://images.metmuseum.org/CRDImages/cl/original/cdi1977-240-92.jpg,1,,,
471954,Saint Erhard,Panel,1340–50,,,,Pot metal glass,"36 x 17 1/4in. (91.4 x 43.8cm)
with modern border: 36 1/4 × 19 × 5/8 in. (92.1 × 48.3 × 1.6 cm)",Austrian,,,,Men|Croziers|Saints,,,,,,,The Cloisters,Glass-Stained,,False,True,https://www.metmuseum.org/art/collection/search/471954,https://images.metmuseum.org/CRDImages/cl/original/cdi1970-320.jpg,0,https://www.wikidata.org/wiki/Q116247608,,
684184,Book of Hours,Manuscript,ca. 1530–35,,,,"Tempera, gold, and ink on parchment; modern red leather binding","Manuscript: 2 9/16 × 2 1/16 × 1 1/8 in. (6.5 × 5.2 × 2.9 cm)
Folio: 2 5/16 × 1 5/8 in. (5.9 × 4.2 cm)
Illumination only: 1 7/8 × 1 5/16 in. (4.8 × 3.4 cm)
Text area: 1 7/16 in. × 1 in. (3.6 × 2.6 cm)",Netherlandish,present-day Belgium,,Bruges,Men|Women|Cows|Dogs|Horses|Sheep|Holy Family|Jesus|Annunciation|Nativity|Working|Shepherds,Simon Bening,Artist,Netherlandish,1483,1561,,The Cloisters,Manuscripts and Illuminations,"Netherlandish, Ghent (?) 1483/84–1561 Bruges",False,True,https://www.metmuseum.org/art/collection/search/684184,https://images.metmuseum.org/CRDImages/cl/original/DP-634-007.jpg,93,https://www.wikidata.org/wiki/Q116297976,https://www.wikidata.org/wiki/Q928015,http://vocab.getty.edu/page/ulan/500115179
470924,Tile,Tile,13th–14th century,,,,Glazed earthenware,all tiles approximately 4 1/2 × 4 1/2 × 1 in. (11.4 × 11.4 × 2.5 cm),French,,,,Faces,,,,,,,The Cloisters,Ceramics,,False,True,https://www.metmuseum.org/art/collection/search/470924,https://images.metmuseum.org/CRDImages/cl/original/cdi25-120-945-62-75.jpg,35,,,
472182,Abacus,Abacus,late 12th century,,,,Stone,3 3/4 x 14 x 24 7/16 in. (9.5 x 35.6 cm),French,,,,,,,,,,,The Cloisters,Sculpture-Architectural,,False,True,https://www.metmuseum.org/art/collection/search/472182,https://images.metmuseum.org/CRDImages/cl/original/cdi-st-g14.jpg,2,https://www.wikidata.org/wiki/Q116256097,,
471046,Abbot in Benedictine Habit,Statue,second quarter 15th century,,,,Limestone,"H: 49 1/2"" (125.7 cm)",French,France,,,Human Figures|Monks,,,,,,,The Cloisters,Sculpture,,False,True,https://www.metmuseum.org/art/collection/search/471046,https://images.metmuseum.org/CRDImages/cl/original/cdi30-77-1.jpg,1,,,
470728,Capital,Capital,ca. 1130–40,,,,Marble,Overall: 18 x 15 1/2 x 18 in. (45.7 x 39.4 x 45.7 cm),Catalan,present-day France,,,,,,,,,,The Cloisters,Sculpture-Architectural,,False,True,https://www.metmuseum.org/art/collection/search/470728,https://images.metmuseum.org/CRDImages/cl/original/cdi25-120-852.jpg,1,https://www.wikidata.org/wiki/Q116253958,,
471159,Three Sections of Cloister Arcade,Arcade,15th century,,,,Limestone,"(each) H. 6'10-11/16"",  W. (center to center) 36-1/4 in.",French,France,,Froville,,,,,,,,The Cloisters,Installations,,False,True,https://www.metmuseum.org/art/collection/search/471159,https://images.metmuseum.org/CRDImages/cl/original/cdi35-35-5-13.jpg,0,https://www.wikidata.org/wiki/Q116410793,,
472161,Architectural canopy,Panel,ca. 1390,,,,"Pot-metal and colorless glass, vitreous paint and silver stain",28 5/16 x 12 7/8 in.  (71.9 x 32.7 cm),Austrian,Austria,,,,,,,,,,The Cloisters,Glass-Stained,,False,True,https://www.metmuseum.org/art/collection/search/472161,https://images.metmuseum.org/CRDImages/cl/original/cdi1986-285-8.jpg,1,https://www.wikidata.org/wiki/Q20201930,,
471633,Boss and Nail,Boss and nail,15th–16th century,,,,Iron,Overall: 6 1/2 x 5 3/4 in. (16.5 x 14.6 cm),European,,,,,,,,,,,The Cloisters,Metalwork-Iron,,False,True,https://www.metmuseum.org/art/collection/search/471633,https://images.metmuseum.org/CRDImages/cl/original/cdi55-61-69ab.jpg,1,,,
473810,Column Base,Base,20th century,,,,Cement,5 3/8 × 9 7/8 × 10 1/4 in. (13.7 × 25.1 × 26 cm),European,,,,,,,,,,,The Cloisters,Reproductions-Sculpture,,False,True,https://www.metmuseum.org/art/collection/search/473810,https://images.metmuseum.org/CRDImages/cl/original/cdi-st-g9.jpg,1,https://www.wikidata.org/wiki/Q116256112,,
469852,Roundel with Sacrifice in the Temple,Roundel,ca. 1515–25,,,,"Colorless glass, vitreous paint and silver stain",Overall: 9 1/16 in. (23 cm),South Netherlandish,,,,Altars|Men|Lambs|Fire,,,,,,,The Cloisters,Glass-Stained,,False,True,https://www.metmuseum.org/art/collection/search/469852,https://images.metmuseum.org/CRDImages/cl/original/cdi1980-223-5.jpg,0,https://www.wikidata.org/wiki/Q20201365,,
467639,The Unicorn Crosses a Stream (from the Unicorn Tapestries),Tapestry,1495–1505,,,,"Wool warp with wool, silk, silver, and gilt wefts",Overall: 145 x 168in. (368.3 x 426.7cm),French (cartoon)/South Netherlandish (woven),Southern Netherlands (woven),,,Birds|Castles|Spears|Men|Hunting|Horns|Unicorns|Dogs|Forests|Trees,,,,,,,The Cloisters,Textiles-Tapestries,,False,True,https://www.metmuseum.org/art/collection/search/467639,https://images.metmuseum.org/CRDImages/cl/original/DP118985.jpg,24,https://www.wikidata.org/wiki/Q64974354,,
472001,Pilgrim's Badge,Pilgrim's badge,14th–16th century,,,,Lead,Overall: 7/16 x 9/16in. (1.1 x 1.5cm),French,,,,,,,,,,,The Cloisters,Metalwork-Lead,,False,True,https://www.metmuseum.org/art/collection/search/472001,https://images.metmuseum.org/CRDImages/cl/original/cdi1977-240-100.jpg,1,,,
471413,Panel with Christ Before the High Priest,Panel,early 16th century,,,,Oak,Overall: 35 1/2 x 10 1/2 in. (90.2 x 26.7 cm),French,France,,,Men|Jesus,,,,,,,The Cloisters,Woodwork-Architectural,,False,True,https://www.metmuseum.org/art/collection/search/471413,https://images.metmuseum.org/CRDImages/cl/original/cdi50-147-27.jpg,0,https://www.wikidata.org/wiki/Q116251906,,
471695,Nails,Nails,15th–16th century,,,,Iron,Overall: 4 5/8 in. (11.7 cm),European,,,,,,,,,,,The Cloisters,Metalwork-Iron,,False,True,https://www.metmuseum.org/art/collection/search/471695,https://images.metmuseum.org/CRDImages/cl/original/cdi55-61-142.jpg,0,,,
478774,Roundel with Christ Healing the Blind Man,Roundel,1517–27,,,,Colorless and pot-metal glass with vitreous paint,Overall: 12 1/16 x 1/4 in. (30.7 x 0.6 cm),German,Germany,,Nuremberg,Men|Christ,Hirschvogel Workshop,Artist,,,,,The Cloisters,Glass-Stained,,False,True,https://www.metmuseum.org/art/collection/search/478774,https://images.metmuseum.org/CRDImages/cl/original/DP250442.jpg,2,https://www.wikidata.org/wiki/Q20201986,,
472127,Pilgrim's Badge,Pilgrim's badge,14th–16th century,,,,Lead,Overall: 1 3/4 x 13/16in. (4.5 x 2cm),French,,,,Saints,,,,,,,The Cloisters,Metalwork-Lead,,False,True,https://www.metmuseum.org/art/collection/search/472127,https://images.metmuseum.org/CRDImages/cl/original/cdi1977-240-3.jpg,1,,,
472330,Virgin,Statuette,ca. 1370–90,,,,"Alabaster, traces of gilt, paint","25 9/16 × 9 7/8 × 8 5/8 in., 49 lb. (64.9 × 25.1 × 21.9 cm, 22.2 kg)",French,,,,Virgin Mary,Joan Avesta,Artist,Spanish,1355,1390,,The Cloisters,Sculpture-Stone,"Spanish, active Catalonia and southwest France, 1355–1390",False,True,https://www.metmuseum.org/art/collection/search/472330,https://images.metmuseum.org/CRDImages/cl/original/sf25-120-368s1.jpg,6,https://www.wikidata.org/wiki/Q20201947,https://www.wikidata.org/wiki/Q22712834,http://vocab.getty.edu/page/ulan/500240335
471093,Roundel with Ben-Hadid and the Siege of Samaria,Roundel,ca. 1525,,,,"Colorless glass, vitreous paint and silver stain",Overall Diam.: 8 1/2 in. (21.6 cm),South Netherlandish,South Netherlands,,,Tents|Soldiers|Cannons|Men|Drinking|Tables,,,,,,,The Cloisters,Glass-Stained,,False,True,https://www.metmuseum.org/art/collection/search/471093,https://images.metmuseum.org/CRDImages/cl/original/cdi32-24-30.jpg,0,https://www.wikidata.org/wiki/Q20201685,,
466194,Leaf from a Beatus Manuscript: Table of the Antichrist,Beatus; Manuscript leaf,ca. 1180,,,,"Tempera, gold, and ink on parchment","Overall (folio): 17 1/2 x 11 13/16 in. (44.4 x 30 cm)
Mat: 22 x 16 in. (55.9 x 40.6 cm)",Spanish,,,,,,,,,,,The Cloisters,Manuscripts and Illuminations,,False,True,https://www.metmuseum.org/art/collection/search/466194,https://images.metmuseum.org/CRDImages/cl/original/DP-20633-001.jpg,1,https://www.wikidata.org/wiki/Q20201958,,
471759,Pharmacy Jar,Pharmacy jar,1435–65,,,,Tin-glazed earthenware,Overall: 10 3/4 in. (27.3 cm),Spanish,Spain,,Manises,,,,,,,,The Cloisters,Ceramics,,False,True,https://www.metmuseum.org/art/collection/search/471759,https://images.metmuseum.org/CRDImages/cl/original/cdi56-171-95.jpg,0,https://www.wikidata.org/wiki/Q116248117,,
470301,Horse Trapping,Horse trapping,14th–15th century,,,,"Copper alloy, gilding",Overall: 1 1/8 x 1 7/8in. (2.9 x 4.8cm),Catalan,Spain,Catalonia,,,,,,,,,The Cloisters,Metalwork-Copper alloy,,False,True,https://www.metmuseum.org/art/collection/search/470301,https://images.metmuseum.org/CRDImages/cl/original/cdi1980-32-2.jpg,1,,,
471440,Door Knocker with Plate and Nail,Door knocker with plate and nail,15th–16th century,,,,Iron,"Diam. of handle: 6 3/4in. (17.1cm)
L. of pin: 7 1/2in. (19.1cm)
Diam. of plate: 6in. (15.2cm)",European,,,,,,,,,,,The Cloisters,Metalwork-Iron,,False,True,https://www.metmuseum.org/art/collection/search/471440,https://images.metmuseum.org/CRDImages/cl/original/cdi52-121-8ab.jpg,0,,,
470520,Pilgrim's Badge: Saint Cornelius,Pilgrim's Badge,1400–1450,,,,Lead/tin alloy,Overall: 3 9/16 x 1 7/16 x 1/8 in. (9 x 3.7 x 0.3 cm),South Netherlandish,,,probably Ninove,Saints,,,,,,,The Cloisters,Metalwork-Lead,,False,True,https://www.metmuseum.org/art/collection/search/470520,https://images.metmuseum.org/CRDImages/cl/original/DP159758.jpg,1,,,
472198,Capital,Capital,late 12th century,,,,Stone,Overall: 11 1/2 x 8 x 7 1/2 in. (29.2 x 20.3 x 19.1 cm),French,,,,,,,,,,,The Cloisters,Sculpture-Architectural,,False,True,https://www.metmuseum.org/art/collection/search/472198,https://images.metmuseum.org/CRDImages/cl/original/cdi-st-g14.jpg,2,https://www.wikidata.org/wiki/Q116256099,,
470737,Capital,Capital,ca. 1130–40,,,,Marble,Overall: 15 1/2 x 17 x 15 1/2 in. (39.4 x 43.2 x 39.4 cm),Catalan,present-day France,,,,,,,,,,The Cloisters,Sculpture-Architectural,,False,True,https://www.metmuseum.org/art/collection/search/470737,https://images.metmuseum.org/CRDImages/cl/original/cdi25-120-861.jpg,1,https://www.wikidata.org/wiki/Q116253891,,
471668,Plate and Nail,Plate and nail,15th–16th century,,,,Iron,Overall: 5 1/4 x 2 in. (13.3 x 5.1 cm),European,,,,,,,,,,,The Cloisters,Metalwork-Iron,,False,True,https://www.metmuseum.org/art/collection/search/471668,https://images.metmuseum.org/CRDImages/cl/original/cdi55-61-107ab.jpg,2,,,
471715,Nail,Nail,15th–16th century,,,,Iron,Overall: 6 1/2 in. (16.5 cm),European,,,,,,,,,,,The Cloisters,Metalwork-Iron,,False,True,https://www.metmuseum.org/art/collection/search/471715,https://images.metmuseum.org/CRDImages/cl/original/cdi55-61-162.jpg,0,,,
472192,Pilaster,Pilaster,late 12th century,,,,Stone,Overall: 40 3/8 x 13 5/8 x 5 3/4 in. (102.6 x 34.6 x 14.6 cm),French,,,,,,,,,,,The Cloisters,Sculpture-Architectural,,False,True,https://www.metmuseum.org/art/collection/search/472192,https://images.metmuseum.org/CRDImages/cl/original/DP365728.jpg,3,https://www.wikidata.org/wiki/Q116246011,,
853644,"Sundial of Ahaz, leaf from the Postilla Litteralis (Literal Commentary) of Nicholas of Lyra",Manuscript Leaf,ca. 1360–1380,,,,"Opaque watercolor, iron-gall ink and gold on vellum",16 1/8 × 9 13/16 in. (410 × 250 mm),French,France,,Paris,,,,,,,,The Cloisters,Manuscripts and Illuminations,,False,True,https://www.metmuseum.org/art/collection/search/853644,https://images.metmuseum.org/CRDImages/cl/original/DP-24450-001.jpg,1,,,
477239,Ring Brooch,Brooch,ca. 1340–49,,,,"Gold, spinels, and sapphires",Overall: 7/8 x 3/16 in. (2.2 x 0.5 cm),German,Germany,,,,,,,,,,The Cloisters,Metalwork-Gold and Platinum,,False,True,https://www.metmuseum.org/art/collection/search/477239,https://images.metmuseum.org/CRDImages/cl/original/DP140852.jpg,1,https://www.wikidata.org/wiki/Q116280045,,
465956,Fragment with Personifications of Victory and the Nile,Plaque fragment,6th century,,,,Elephant ivory,Overall: 1 x 2 7/16 x 1/4 in. (2.6 x 6.2 x 0.6 cm),Byzantine,probably Egypt,,,Nike,,,,,,,The Cloisters,Ivories-Elephant,,False,True,https://www.metmuseum.org/art/collection/search/465956,https://images.metmuseum.org/CRDImages/cl/original/sf1971-49-2s1.jpg,2,https://www.wikidata.org/wiki/Q116245784,,
468346,"The Antioch ""Chalice""",Chalice,500–550,,,,"Silver, silver-gilt","Overall: 7 11/16 x 7 1/16 x 6 in. (19.6 x 18 x 15.2 cm)
foot: 2 15/16 in. (7.4 cm)",Byzantine,,,Antioch or Kaper Koraon (?),Animals|Birds|Grapes|Christ,,,,,,,The Cloisters,Metalwork-Silver,,True,True,https://www.metmuseum.org/art/collection/search/468346,https://images.metmuseum.org/CRDImages/cl/original/DT113.jpg,6,https://www.wikidata.org/wiki/Q29385468,,
473816,Abacus,Abacus,late 12th century,,,,Stone,Overall: 5 1/8 x 26 x 15 in. (13 x 66 x 38.1 cm),French,,,,,,,,,,,The Cloisters,Sculpture-Architectural,,False,True,https://www.metmuseum.org/art/collection/search/473816,https://images.metmuseum.org/CRDImages/cl/original/cdi-st-g23.jpg,2,https://www.wikidata.org/wiki/Q116256091,,
471790,Plate,Plate,1420–1430,,,,Tin-glazed earthenware,Overall: 17 7/8 in. (45.4 cm),Spanish,Spain,,probably Manises,Animals,,,,,,,The Cloisters,Ceramics,,False,True,https://www.metmuseum.org/art/collection/search/471790,https://images.metmuseum.org/CRDImages/cl/original/cdi56-171-133.jpg,1,,,
469934,Conical Beaker,Beaker,ca. 1450,,,,Mold-blown glass,H. 4 5/16 in. (11 cm),German,Germany,,Trier (?),,,,,,,,The Cloisters,Glass-Vessels,,False,True,https://www.metmuseum.org/art/collection/search/469934,https://images.metmuseum.org/CRDImages/cl/original/cdi1991-99s1.jpg,5,https://www.wikidata.org/wiki/Q116256854,,
479783,,Textile,15th century or later (?),,,,Velvet,10 ft. 8 in. × 83 1/4 in. (325.1 × 211.5 cm),European,,,,,,,,,,,The Cloisters,Textiles-Velvets,,False,True,https://www.metmuseum.org/art/collection/search/479783,https://images.metmuseum.org/CRDImages/cl/original/inst16-103-12d1.jpg,0,,,
473802,Capital,Capital,15th century,,,,Sandstone,Overall: 9 x 7 in. (22.9 x 17.8 cm),Spanish,Spain,,,,,,,,,,The Cloisters,Sculpture-Architectural,,False,True,https://www.metmuseum.org/art/collection/search/473802,https://images.metmuseum.org/CRDImages/cl/original/cdi08-164-7s1.jpg,4,,,
470280,Corbel with Busts of Angels,Corbel,1430–1440,,,,Marble (Candoglia marble),Overall: 14 1/4 x 20 x 19in. (36.2 x 50.8 x 48.3cm),Italian,Italy,,Lombardy possibly,Angels,,,,,,,The Cloisters,Sculpture-Architectural,,False,True,https://www.metmuseum.org/art/collection/search/470280,https://images.metmuseum.org/CRDImages/cl/original/DP166823.jpg,1,,,
478781,Block Fragment,Block,ca. 1130–40,,,,Stone,,French,France,,,,,,,,,,The Cloisters,Sculpture-Architectural,,False,True,https://www.metmuseum.org/art/collection/search/478781,https://images.metmuseum.org/CRDImages/cl/original/198807.jpg,0,,,
477237,Embroideries with Allegorical Scenes,Embroideries,ca. 1450,,,,Silk and linen on woven linen ground with applied red pigment and black under- and overdrawing,Overall: 11 9/16 x 25 in. (29.3 x 63.5 cm),German,Germany,,,Birds|Men|Women|Dogs|Allegory,,,,,,,The Cloisters,Textiles-Embroidered,,False,True,https://www.metmuseum.org/art/collection/search/477237,https://images.metmuseum.org/CRDImages/cl/original/tr110-2006s1.jpg,2,,,
475544,"8 of Tethers, from The Cloisters Playing Cards",Playing card,ca. 1475–80,,,,"Paper (four layers of pasteboard) with pen and ink, opaque paint, glazes, and applied silver and gold",5 3/16 × 2 3/4 in. (13.2 × 7 cm),South Netherlandish,,,,Playing Cards|Games,,,,,,,The Cloisters,Miscellaneous-Paper,,False,True,https://www.metmuseum.org/art/collection/search/475544,https://images.metmuseum.org/CRDImages/cl/original/DP354513.jpg,3,,,
472135,Roundel with Vanitas,Roundel,1510–20,,,,"Colorless glass, vitreous paint and silver stain",Overall: 8 3/4 in. (22.3 cm),North Netherlandish,North Netherlands,,,Arrows|Princes|Men|Popes|Death,,,,,,,The Cloisters,Glass-Stained,,False,True,https://www.metmuseum.org/art/collection/search/472135,https://images.metmuseum.org/CRDImages/cl/original/cdi1977-89s1.jpg,1,https://www.wikidata.org/wiki/Q20201182,,
471145,"Double Capital, Column, and Base","Capital, Column, and Base",ca. 1125–50,,,,Limestone,"Overall (base): 9 7/8 x 20 7/8 x 13 in. (25.1 x 53 x 33 cm)
Overall (shaft): 31 5/8 x 24 1/2 x 16 in. (80.3 x 62.2 x 40.6 cm)
Overall (capital): 17 1/8 x 24 1/2 x 16 in. (43.5 x 62.2 x 40.6 cm)",French,France,,,,,,,,,,The Cloisters,Sculpture-Architectural,,False,True,https://www.metmuseum.org/art/collection/search/471145,https://images.metmuseum.org/CRDImages/cl/original/cdi34-21-10.jpg,1,https://www.wikidata.org/wiki/Q116252456,,
823979,Book of Flower Studies,Manuscript,ca. 1510–1515,,,,"Opaque water color, organic glazes, gold and silver paint, iron and carbon-based ink and charcoal on parchment","Manuscript: 6 7/16 × 4 1/4 × 1 1/4 in. (16.4 × 10.8 × 3.2 cm)
Folio: 6 1/16 × 4 in. (15.4 × 10.2 cm)",French,France,,Tours,Fruit|Insects|Butterflies|Dragonflies|Flowers,Master of Claude de France,Artist,,,,,The Cloisters,Manuscripts and Illuminations,(active from ca.1508–1520),False,True,https://www.metmuseum.org/art/collection/search/823979,https://images.metmuseum.org/CRDImages/cl/original/DP-18131-001.jpg,56,https://www.wikidata.org/wiki/Q116445345,,
469887,Martyrdom of Saint Lawrence,Panel,ca. 1180,,,,"Pot-metal glass, vitreous paint",Overall: 25 9/16 x 12 5/8in. (65 x 32cm),British,,,Canterbury,Fire|Saints,,,,,,,The Cloisters,Glass-Stained,,True,True,https://www.metmuseum.org/art/collection/search/469887,https://images.metmuseum.org/CRDImages/cl/original/DP102842.jpg,0,https://www.wikidata.org/wiki/Q20201395,,
468494,Andiron,Andiron,late 14th century,,,,Iron,"40 3/4 × 14 3/4 × 30 5/8 in., 90 lb. (103.5 × 37.5 × 77.8 cm, 40.8 kg)",French,,,,,,,,,,,The Cloisters,Metalwork-Iron,,False,True,https://www.metmuseum.org/art/collection/search/468494,https://images.metmuseum.org/CRDImages/cl/original/LC-55_61_22-1.jpg,5,https://www.wikidata.org/wiki/Q116410530,,
651289,Green Glazed Jug,Jug,14th century,,,,Lead glazed earthenware,15 3/8 × 7 13/16 × 6 7/8 in. (39.1 × 19.8 × 17.5 cm),British,England,,Mill Green,,,,,,,,The Cloisters,Ceramics-Pottery,,False,True,https://www.metmuseum.org/art/collection/search/651289,https://images.metmuseum.org/CRDImages/cl/original/DP339531.jpg,1,https://www.wikidata.org/wiki/Q116298567,,
470930,Capital,Capital,14th century,,,,Stone,Overall: 7 x 6 1/2 in. (17.8 x 16.5 cm),French,,,,,,,,,,,The Cloisters,Sculpture-Architectural,,False,True,https://www.metmuseum.org/art/collection/search/470930,https://images.metmuseum.org/CRDImages/cl/original/cdi25-120-957.jpg,1,,,
471205,Folding Armchair,"Chair, Savonarola",late 15th or early 16th century,,,,Walnut,Overall: 37 x 26 in. (94 x 66 cm),Italian,,,,,,,,,,,The Cloisters,Woodwork-Furniture,,False,True,https://www.metmuseum.org/art/collection/search/471205,https://images.metmuseum.org/CRDImages/cl/original/cdi37-80-17.jpg,0,https://www.wikidata.org/wiki/Q116252299,,
471714,Nail Head,Nail head,15th–16th century,,,,Iron,Overall: 15/16 in. (2.4 cm),European,,,,,,,,,,,The Cloisters,Metalwork-Iron,,False,True,https://www.metmuseum.org/art/collection/search/471714,https://images.metmuseum.org/CRDImages/cl/original/cdi55-61-161.jpg,0,,,
651241,Jug with twisted handle,Jug,late 13th century,,,,Lead glazed earthenware,10 11/16 × 8 1/8 × 7 3/8 in. (27.2 × 20.6 × 18.7 cm),British,England,,Potter Toynton (?),,,,,,,,The Cloisters,Ceramics-Pottery,,False,True,https://www.metmuseum.org/art/collection/search/651241,https://images.metmuseum.org/CRDImages/cl/original/DP338365.jpg,1,https://www.wikidata.org/wiki/Q116298571,,
466254,Plaque with the Holy Women at the Sepulchre,Plaque,early 10th century,,,,Elephant ivory,Overall: 7 1/2 x 4 1/4 x 5/16 in. (19 x 10.8 x 0.8 cm),North Italian,Italy,,Milan (?),Tombs|Sleeping|Men|Women|Angels,,,,,,,The Cloisters,Ivories-Elephant,,True,True,https://www.metmuseum.org/art/collection/search/466254,https://images.metmuseum.org/CRDImages/cl/original/DT201432.jpg,10,https://www.wikidata.org/wiki/Q29385421,,
472386,Reconstructed Portal,Portal,early 13th century,,,,Limestone,Overall: 195 x 212 in. (495.3 x 538.5 cm),Spanish,Spain,,Burgos,,,,,,,,The Cloisters,Installations,,False,True,https://www.metmuseum.org/art/collection/search/472386,https://images.metmuseum.org/CRDImages/cl/original/DP300044.jpg,23,https://www.wikidata.org/wiki/Q116244876,,
470683,Column Shaft,Shaft,late 13th–early 14th century,,,,Stone,62 1/2 × 6 1/4 in. (158.8 × 15.9 cm),French,France,,,,,,,,,,The Cloisters,Sculpture-Architectural,,False,True,https://www.metmuseum.org/art/collection/search/470683,https://images.metmuseum.org/CRDImages/cl/original/DP102892.jpg,1,https://www.wikidata.org/wiki/Q116275958,,
471902,Saint Catherine,Statuette,ca. 1500,,,,Walnut,13 7/16 × 4 7/8 × 3 3/4 in. (34.2 × 12.4 × 9.5 cm),North French,,,,Saint Catherine,,,,,,,The Cloisters,Sculpture-Wood,,False,True,https://www.metmuseum.org/art/collection/search/471902,https://images.metmuseum.org/CRDImages/cl/original/cdi61-175.jpg,1,https://www.wikidata.org/wiki/Q116247766,,
668680,Tile with Griffin,Tile,early 16th century,,,,Glazed earthenware,8 5/8 × 8 9/16 × 1 13/16 in. (21.9 × 21.8 × 4.6 cm),French,,,,Griffins,,,,,,,The Cloisters,Ceramics-Tiles,,False,True,https://www.metmuseum.org/art/collection/search/668680,https://images.metmuseum.org/CRDImages/cl/original/DP351736.jpg,1,https://www.wikidata.org/wiki/Q116298444,,
470635,Column Shaft,Shaft,late 12th century,,,,Stone,Overall: 41 1/8 x 5 1/2 in. (104.5 x 14 cm),French,France,,,,,,,,,,The Cloisters,Sculpture-Architectural,,False,True,https://www.metmuseum.org/art/collection/search/470635,https://images.metmuseum.org/CRDImages/cl/original/cdi-st-g9.jpg,1,https://www.wikidata.org/wiki/Q116256102,,
466221,Drinking Bowl,Drinking bowl,15th century,,,,Mazer wood with silver and engraved silver mounts,Overall: 1 1/2 x  diam. 4 3/16 in. (3.8 x  diam.10.6 cm),British,,,,,,,,,,,The Cloisters,Metalwork-Silver,,False,True,https://www.metmuseum.org/art/collection/search/466221,https://images.metmuseum.org/CRDImages/cl/original/sf1991-411s4.jpg,2,https://www.wikidata.org/wiki/Q116244310,,
470745,Arch,Arch,ca. 1130–1140,,,,Pink marble,Overall: 33 1/2 x 67 1/2 in. (85.1 x 171.5 cm),Catalan,present-day France,,,,,,,,,,The Cloisters,Sculpture-Architectural,,False,True,https://www.metmuseum.org/art/collection/search/470745,https://images.metmuseum.org/CRDImages/cl/original/DP132222.jpg,0,https://www.wikidata.org/wiki/Q116378405,,
472211,Column Shaft,Shaft,early 20th century,,,,Marble,Overall: 42in. (106.7cm); Circumference: 18 in. (45.7 cm),European,,,,,,,,,,,The Cloisters,Sculpture-Architectural,,False,True,https://www.metmuseum.org/art/collection/search/472211,https://images.metmuseum.org/CRDImages/cl/original/DP104561.jpg,1,https://www.wikidata.org/wiki/Q116255913,,
470845,Capital,Capital,ca. 1130–40,,,,Marble,Overall: 15 1/2 x 15 1/4 x 15 1/2 in. (39.4 x 38.7 x 39.4 cm),Catalan,present-day France,,,Birds|Men,,,,,,,The Cloisters,Sculpture-Architectural,,False,True,https://www.metmuseum.org/art/collection/search/470845,https://images.metmuseum.org/CRDImages/cl/original/DP365738.jpg,3,https://www.wikidata.org/wiki/Q116252871,,
468500,Lock,Lock,15th–16th century,,,,wrought iron,"Overall with strap: 10 3/16 × 14 13/16 × 6 in. (25.9 × 37.7 × 15.3 cm)
Overall without strap: 10 3/16 × 14 13/16 × 2 1/16 in. (25.9 × 37.7 × 5.3 cm)",European,,,,,,,,,,,The Cloisters,Metalwork-Iron,,False,True,https://www.metmuseum.org/art/collection/search/468500,https://images.metmuseum.org/CRDImages/cl/original/LC_55_61_7_s1.jpg,3,,,
469959,Adoration of the Magi from Seven Scenes from the Life of Christ,Panel,ca. 1390,,,,"Pot-metal and colorless glass, vitreous paint and silver stain",27 1/4 × 13 in. (69.2 × 33 cm),Austrian,Lower Austria,,Ebreichsdorf,Adoration of the Magi,,,,,,,The Cloisters,Glass-Stained,,True,True,https://www.metmuseum.org/art/collection/search/469959,https://images.metmuseum.org/CRDImages/cl/original/DT8443.jpg,1,https://www.wikidata.org/wiki/Q20201292,,
471003,Double Column Base,Base,late 13th–early 14th century,,,,Marble,Overall: 17 1/2 x 12 1/2 x 10 1/2 in. (44.5 x 31.8 x 26.7 cm),French,France,Pyrénées-Aquintaine,,,,,,,,,The Cloisters,Sculpture-Architectural,,False,True,https://www.metmuseum.org/art/collection/search/471003,https://images.metmuseum.org/CRDImages/cl/original/DP102892.jpg,0,https://www.wikidata.org/wiki/Q116276032,,
478975,Embroidery Fragment,Embroidery fragment,14th century,,,,Silk embroidery on linen plain weave,Overall: 24 5/16 x 27 13/16 in. (61.8 x 70.6 cm),Swiss,,,,Eagles,,,,,,,The Cloisters,Textiles-Embroidered,,False,True,https://www.metmuseum.org/art/collection/search/478975,https://images.metmuseum.org/CRDImages/cl/original/tr332-1-2009s1.jpg,2,,,
472337,Capital,Capital,late 12th century,,,,Stone,Overall: 11 5/8 x 9 1/2 x 9 5/8 in. (29.5 x 24.1 x 24.4 cm),French,,,,,,,,,,,The Cloisters,Sculpture,,False,True,https://www.metmuseum.org/art/collection/search/472337,https://images.metmuseum.org/CRDImages/cl/original/cdi-st-g11.jpg,2,https://www.wikidata.org/wiki/Q116373767,,
472109,Pilgrim's Badge,Pilgrim's badge,14th–16th century,,,,Lead,Overall: 1 1/4 in. (3.2 cm),French,,,,,,,,,,,The Cloisters,Metalwork-Lead,,False,True,https://www.metmuseum.org/art/collection/search/472109,https://images.metmuseum.org/CRDImages/cl/original/cdi1977-240-84.jpg,1,,,
471086,Roundel with Annunciation to the Shepherds,Roundel,1500–1510,,,,"Colorless glass, vitreous paint and silver stain",Overall Diam.: 8 1/2 in. (21.6 cm),North Netherlandish,North Netherlands,,,Bagpipes|Dogs|Sheep|Angels|Shepherds,,,,,,,The Cloisters,Glass-Stained,,False,True,https://www.metmuseum.org/art/collection/search/471086,https://images.metmuseum.org/CRDImages/cl/original/cdi32-24-23.jpg,0,https://www.wikidata.org/wiki/Q20201658,,
470682,Column Shaft,Shaft,late 13th–early 14th century,,,,Marble,Overall: 62 1/2 in. (158.8 cm),French,France,,,,,,,,,,The Cloisters,Sculpture-Architectural,,False,True,https://www.metmuseum.org/art/collection/search/470682,https://images.metmuseum.org/CRDImages/cl/original/DP104561.jpg,1,https://www.wikidata.org/wiki/Q116254128,,
470906,The Crucifixion (from Scenes from the Passion of Christ),Relief,early 16th century,,,,Stone,Overall: 33 x 33 1/2 in. (83.8 x 85.1 cm),French,France,,,Christ|Crucifixion,,,,,,,The Cloisters,Sculpture,,False,True,https://www.metmuseum.org/art/collection/search/470906,https://images.metmuseum.org/CRDImages/cl/original/25_120_490_cdi.jpg,1,https://www.wikidata.org/wiki/Q116373805,,
471947,Enthroned Virgin and Child,Statuette,ca. 1345–1350,,,,Limewood with paint and gilding,29 5/8 in. × 11 3/4 in. × 8 in. (75.2 × 29.8 × 20.3 cm),Bohemian,,,Prague,Madonna and Child,,,,,,,The Cloisters,Sculpture-Wood,,False,True,https://www.metmuseum.org/art/collection/search/471947,https://images.metmuseum.org/CRDImages/cl/original/cdi65-215-1s1.jpg,6,https://www.wikidata.org/wiki/Q20201792,,
471260,Saint Germain and a Donor,Statue,late 15th century,,,,"Limestone, paint",Overall: 62 x 20 1/2 x 15 3/4 in. (157.5 x 52.1 x 40 cm),French,France,,near Auxerre,Men|Saints,,,,,,,The Cloisters,Sculpture,,False,True,https://www.metmuseum.org/art/collection/search/471260,https://images.metmuseum.org/CRDImages/cl/original/DP-14824-025.jpg,2,https://www.wikidata.org/wiki/Q20201684,,
470618,Entry into Jerusalem Relief,Relief,15th century,,,,"Wood, paint, gilt","Overall: 43 1/4 x 56 1/2in. (109.9 x 143.5cm)
Mounted: 52 1/4 x 61 x 5 1/4 in., 81lb. (132.7 x 154.9 x 13.3 cm, 36741.4g)",German,,,,Men|Donkeys|Apostles|Jesus,,,,,,,The Cloisters,Sculpture-Wood,,False,True,https://www.metmuseum.org/art/collection/search/470618,https://images.metmuseum.org/CRDImages/cl/original/cdi55-58.jpg,0,https://www.wikidata.org/wiki/Q20201480,,
472123,Pilgrim's Badge,Pilgrim's badge,14th–16th century,,,,Lead,Overall: 1/2 in. (1.3 cm),French,,,,,,,,,,,The Cloisters,Metalwork-Lead,,False,True,https://www.metmuseum.org/art/collection/search/472123,https://images.metmuseum.org/CRDImages/cl/original/cdi1977-240-98.jpg,1,,,
471038,Saint John the Evangelist,Statuette,1425–50,,,,Stone,H: 32 1/4 in. (81. 9 cm),French,France,,,Saint John the Evangelist,,,,,,,The Cloisters,Sculpture,,False,True,https://www.metmuseum.org/art/collection/search/471038,https://images.metmuseum.org/CRDImages/cl/original/cdi26-63-27.jpg,3,,,
478777,Section of Shaft,Shaft,ca. 1130–40,,,,Stone,,French,France,,,,,,,,,,The Cloisters,Sculpture-Architectural,,False,True,https://www.metmuseum.org/art/collection/search/478777,https://images.metmuseum.org/CRDImages/cl/original/198803.jpg,0,,,
472078,Pilgrim's Badge,Pilgrim's badge,14th–16th century,,,,Lead,Overall (Diameter): 1 7/8 in. (4.8 cm),French,,,,,,,,,,,The Cloisters,Metalwork-Lead,,False,True,https://www.metmuseum.org/art/collection/search/472078,https://images.metmuseum.org/CRDImages/cl/original/cdi1977-240-53.jpg,1,,,
468233,Julius Caesar (from the Heroes Tapestries),Tapestry,ca. 1400–1410,,,,"Wool warp, wool wefts",Overall: 165 1/2 × 93 11/16 in. (420.4 × 238 cm),South Netherlandish,,,,Musical Instruments|Julius Caesar|Men|Women|Dogs|Musicians,,,,,,,The Cloisters,Textiles-Tapestries,,True,True,https://www.metmuseum.org/art/collection/search/468233,https://images.metmuseum.org/CRDImages/cl/original/h1_47.101.3.jpg,0,https://www.wikidata.org/wiki/Q20201229,,
478791,Base Fragment,Base,ca. 1130–40,,,,Stone,,French,France,,,,,,,,,,The Cloisters,Sculpture-Architectural,,False,True,https://www.metmuseum.org/art/collection/search/478791,https://images.metmuseum.org/CRDImages/cl/original/198817.jpg,0,,,
471679,Boss and Nail,Boss and nail,15th–16th century,,,,Iron,Overall: 3 3/8 x 2 3/4 in. (8.6 x 7 cm),European,,,,,,,,,,,The Cloisters,Metalwork-Iron,,False,True,https://www.metmuseum.org/art/collection/search/471679,https://images.metmuseum.org/CRDImages/cl/original/cdi55-61-118ab.jpg,1,,,
470643,Column Shaft,Shaft,late 12th century,,,,Stone,Overall: 38 x 5 1/4 in. (96.5 x 13.4 cm),French,France,,,,,,,,,,The Cloisters,Sculpture-Architectural,,False,True,https://www.metmuseum.org/art/collection/search/470643,https://images.metmuseum.org/CRDImages/cl/original/cdi-st-g12.jpg,1,https://www.wikidata.org/wiki/Q116256047,,
471023,Console,Console,13th–14th century,,,,"Stine with traces of brick, mortar, and metal",11 5/8 × 11 3/4 × 12 3/4 in. (29.5 × 29.8 × 32.4 cm),French,,,,Leaves,,,,,,,The Cloisters,Sculpture-Architectural,,False,True,https://www.metmuseum.org/art/collection/search/471023,https://images.metmuseum.org/CRDImages/cl/original/CL-25_120_901.jpg,0,,,
471678,Boss and Nail,Boss and nail,15th–16th century,,,,Iron,Overall: 3 5/8 x 8 in. (9.2 x 20.3 cm),European,,,,,,,,,,,The Cloisters,Metalwork-Iron,,False,True,https://www.metmuseum.org/art/collection/search/471678,https://images.metmuseum.org/CRDImages/cl/original/cdi55-61-117ab.jpg,1,,,
712740,Door knocker in the shape of a crocodile-like creature,Door knocker,15th or 16th century,,,,Wrought iron,"without tang: 12 3/8 × 1 9/16 × 3 7/16 in. (31.5 × 3.9 × 8.8 cm)
Overall with mounting (tang): 12 3/8 × 1 9/16 × 4 1/16 in. (31.5 × 3.9 × 10.3 cm)",Spanish,,,,Crocodiles,,,,,,,The Cloisters,Metalwork-Iron,,False,True,https://www.metmuseum.org/art/collection/search/712740,https://images.metmuseum.org/CRDImages/cl/original/DP-14546-002.jpg,7,,,
470679,Column Shaft,Shaft,late 13th–early 14th century,,,,Marble,Overall: 62 1/2 in. (158.8 cm),French,France,,,,,,,,,,The Cloisters,Sculpture-Architectural,,False,True,https://www.metmuseum.org/art/collection/search/470679,https://images.metmuseum.org/CRDImages/cl/original/DP104561.jpg,1,https://www.wikidata.org/wiki/Q116254126,,
471036,Head of a Bearded Man,Statue head,15th century,,,,"Stone, paint",Overall: 9 in. (22.9 cm),French,,,,Heads|Men,,,,,,,The Cloisters,Sculpture,,False,True,https://www.metmuseum.org/art/collection/search/471036,https://images.metmuseum.org/CRDImages/cl/original/cdi26-63-17.jpg,2,https://www.wikidata.org/wiki/Q20201623,,
471315,High-Back Seat,Chair,15th century,,,,Walnut,Overall: 80 1/2 x 47 1/2 x 20 in. (204.5 x 120.7 x 50.8 cm),French,,,,,,,,,,,The Cloisters,Woodwork-Furniture,,False,True,https://www.metmuseum.org/art/collection/search/471315,https://images.metmuseum.org/CRDImages/cl/original/cdi47-145.jpg,0,https://www.wikidata.org/wiki/Q116252126,,
471831,Decorative Panel with Eagles,Fresco,first half 12th century (possibly 1129–34),,,,Fresco transferred to canvas,Overall: 60 7/8 x 44 1/4 in. (154.6 x 112.4 cm),Spanish,Spain,,,Eagles,,,,,,,The Cloisters,Paintings-Fresco,,False,True,https://www.metmuseum.org/art/collection/search/471831,https://images.metmuseum.org/CRDImages/cl/original/cdi57-97-6.jpg,0,https://www.wikidata.org/wiki/Q20200988,,
471756,Pharmacy Jar,Pharmacy jar,1440–1460,,,,Tin-glazed earthenware,Overall: 11 1/8 x 6 1/4 in. (28.3 x 15.9 cm),Spanish,Spain,,Manises,,,,,,,,The Cloisters,Ceramics,,False,True,https://www.metmuseum.org/art/collection/search/471756,https://images.metmuseum.org/CRDImages/cl/original/sf56-171-91s1.jpg,2,,,
471324,Panel with Standing Figure under Architectural Detail,Panel,14th century,,,,Glass,Overall: 26 1/2 x 19 3/4 in. (67.3 x 50.2 cm),French,,,,Men,,,,,,,The Cloisters,Glass-Stained,,False,True,https://www.metmuseum.org/art/collection/search/471324,https://images.metmuseum.org/CRDImages/cl/original/cdi48-138-1.jpg,0,,,
470879,Sculpture of a Winged Ox,Sculpture,14th–15th century,,,,Stone,Overall: 25 x 25 1/2 in. (63.5 x 64.8 cm),French,,,,Ox,,,,,,,The Cloisters,Sculpture,,False,True,https://www.metmuseum.org/art/collection/search/470879,https://images.metmuseum.org/CRDImages/cl/original/cdsmm6565.jpg,0,,,
472060,Pilgrim's Badge,Pilgrim's badge,14th–16th century,,,,Lead,Overall (Diameter): 7/8 in. (2.2 cm),French,,,,Madonna and Child,,,,,,,The Cloisters,Metalwork-Lead,,False,True,https://www.metmuseum.org/art/collection/search/472060,https://images.metmuseum.org/CRDImages/cl/original/cdi1977-240-35.jpg,1,,,
472314,Shrine of Saint Anne and the Holy Kinship,Shrine,late 15th century,,,,"Wood, paint, gilt",Overall: 44 1/2 x 28 1/2 x 10 3/4 in. (113 x 72.4 x 27.3 cm),South Netherlandish,,,Antwerp,Apostles|Saint Anne|Virgin Mary|Jesus,,,,,,,The Cloisters,Sculpture-Wood,,False,True,https://www.metmuseum.org/art/collection/search/472314,https://images.metmuseum.org/CRDImages/cl/original/cdi25-120-210.jpg,1,https://www.wikidata.org/wiki/Q20201870,,
471202,Descent into Limbo,Relief,late 15th century,,,,Oak,Overall: 16 1/2 x 10 1/4 in. (41.9 x 26 cm),French or South Netherlandish,,,,Men|Women|Angels|Christ,,,,,,,The Cloisters,Sculpture,,False,True,https://www.metmuseum.org/art/collection/search/471202,https://images.metmuseum.org/CRDImages/cl/original/cdi37-80-12.jpg,3,,,
469940,Roundel with the Blinding of Zaleucus of Locria,Roundel,ca. 1510–20,,,,"Colorless glass, vitreous paint and silver stain",Overall: 7 15/16 in. (20.2 cm),South Netherlandish,,,,Men|Women|Dogs,,,,,,,The Cloisters,Glass-Stained,,False,True,https://www.metmuseum.org/art/collection/search/469940,https://images.metmuseum.org/CRDImages/cl/original/cdi1991-291-1.jpg,0,https://www.wikidata.org/wiki/Q20201443,,
471762,Dish,Dish,1430–1460,,,,Tin-glazed earthenware,Overall: 17 3/4 in. (45.1 cm),Spanish,Spain,,probably Manises,,,,,,,,The Cloisters,Ceramics,,False,True,https://www.metmuseum.org/art/collection/search/471762,https://images.metmuseum.org/CRDImages/cl/original/cdi56-171-100.jpg,1,,,
471969,Architectural Support with a Peasant Holding a Club,Support,1524–1525,,,,Oak,"83 1/16 × 9 1/2 × 12 in., 111 lb. (211 × 24.1 × 30.5 cm, 50.3 kg)",French,"England, by French woodworkers",,,Men,,,,,,,The Cloisters,Woodwork-Architectural,,False,True,https://www.metmuseum.org/art/collection/search/471969,https://images.metmuseum.org/CRDImages/cl/original/DP-26274-002.jpg,7,,,
470834,Capital,Capital,ca. 1130–40,,,,Marble,Overall: 17 x 17 1/2 x 17 in. (43.2 x 44.5 x 43.2 cm),Catalan,present-day France,,,,,,,,,,The Cloisters,Sculpture-Architectural,,False,True,https://www.metmuseum.org/art/collection/search/470834,https://images.metmuseum.org/CRDImages/cl/original/cdi25-120-629.jpg,1,https://www.wikidata.org/wiki/Q116253033,,
468232,Hector of Troy (?) (from the Heroes Tapestries),Tapestry,ca. 1400–1410,,,,"Wool warp, wool wefts",Overall: 165 1/2 x 104 in.  (420.4 x 264.2 cm),South Netherlandish,,,,Bow and Arrow|Alexander The Great|Men|Women|Butterflies,,,,,,,The Cloisters,Textiles-Tapestries,,False,True,https://www.metmuseum.org/art/collection/search/468232,https://images.metmuseum.org/CRDImages/cl/original/ra47.101.2d.R.jpg,0,https://www.wikidata.org/wiki/Q20201220,,
473805,Capital,Capital,15th century,,,,Sandstone,Overall: 9 x 7 in. (22.9 x 17.8 cm),Spanish,Spain,,,,,,,,,,The Cloisters,Sculpture-Architectural,,False,True,https://www.metmuseum.org/art/collection/search/473805,https://images.metmuseum.org/CRDImages/cl/original/cdi08-164-10s1.jpg,5,,,
470809,Capital,Capital,ca. 1130–40,,,,Marble,Overall: 17 x 17 x 17 in. (43.2 x 43.2 x 43.2 cm),Catalan,present-day France,,,,,,,,,,The Cloisters,Sculpture-Architectural,,False,True,https://www.metmuseum.org/art/collection/search/470809,https://images.metmuseum.org/CRDImages/cl/original/cdi25-120-615.jpg,1,https://www.wikidata.org/wiki/Q116253302,,
471274,Pricket Candlestick (one of a pair),Candlestick,ca. 1180,,,,"Copper: engraved, scraped, stippled, and gilt; champlevé enamel: dark, medium, and light blue; green, yellow, red, and white on bronze",Overall: 9 1/2 x 6 11/16 in. (24.2 x 17 cm),French,France,,Limoges,Lions,,,,,,,The Cloisters,Enamels-Champlevé,,False,True,https://www.metmuseum.org/art/collection/search/471274,https://images.metmuseum.org/CRDImages/cl/original/cdi47-101-37.jpg,5,,,
471781,Dish,Dish,1430–1470,,,,Tin-glazed earthenware,Overall: 17 7/8 in. (45.4 cm),Spanish,Spain,,probably Manises,Lions,,,,,,,The Cloisters,Ceramics,,False,True,https://www.metmuseum.org/art/collection/search/471781,https://images.metmuseum.org/CRDImages/cl/original/cdi56-171-123.jpg,1,,,
471909,"Altarpiece with Christ, Saint John the Baptist, and Saint Margaret",Altarpiece,1434,,,,Marble (Carrara marble),"Overall: 72 x 80 x 5 in., 1614lb. (182.9 x 203.2 x 12.7 cm, 732.1kg)
a: central panel: 505lb. (229066.5g)
b: Top center: 210lb. (95255.4g)
c: Saint John (L): 329lb. (149233.4g)
d: Saint Margaret (R): 194lb. (87997.8g)
e: Kneeling Angel: 121lb. (54885.2g)
f: Bottom Central Panel: 181lb. (82101.1g)
g: Plinth (L): 28lb. (12700.7g)
h: Modern Plinth (R): 28lb. (12700.7g)
i: Angel Wing (Modern): 18lb. (8164.7g)",Italian,Italy,,Savona,Angels|Christ|Saint John the Baptist,Andrea da Giona,Artist,Italian,1434,1450,,The Cloisters,Sculpture,"Italian, active ca. 1434–46",False,True,https://www.metmuseum.org/art/collection/search/471909,https://images.metmuseum.org/CRDImages/cl/original/DP102925.jpg,9,https://www.wikidata.org/wiki/Q116373773,,
471055,Saint John the Evangelist,Panel,ca. 1410,,,,Pot-metal and colorless glass with vitreous paint,Overall: 20 x 17 in. (50.8 x 43.2 cm),Austrian,,,,Men|Saint John the Evangelist,,,,,,,The Cloisters,Glass-Stained,,False,True,https://www.metmuseum.org/art/collection/search/471055,https://images.metmuseum.org/CRDImages/cl/original/cdi30-113-2.jpg,1,https://www.wikidata.org/wiki/Q20201641,,
471300,Stool,Stool,15th century,,,,Oak,Overall: 36 1/2 x 12 1/4 x 21 in. (92.7 x 31.1 x 53.3 cm),French or South Netherlandish,,,,,,,,,,,The Cloisters,Woodwork-Furniture,,False,True,https://www.metmuseum.org/art/collection/search/471300,https://images.metmuseum.org/CRDImages/cl/original/sf47-101-70s2.jpg,1,https://www.wikidata.org/wiki/Q116252155,,
466201,Leaf from a Beatus Manuscript: the Opening of the Fifth Seal,Beatus; Manuscript leaf,ca. 1180,,,,"Tempera, gold, and ink on parchment","Overall (folio): 17 1/2 x 11 13/16 in. (44.4 x 30 cm)
Mat: 22 x 16 in. (55.9 x 40.6 cm)",Spanish,Spain,,Burgos,Doves|Christ,,,,,,,The Cloisters,Manuscripts and Illuminations,,False,True,https://www.metmuseum.org/art/collection/search/466201,https://images.metmuseum.org/CRDImages/cl/original/DP-20625-001.jpg,1,https://www.wikidata.org/wiki/Q20201965,,
471891,Grisaille Panel,Panel,ca. 1265,,,,"White glass, pot-metal glass, and vitreous paint",Overall: 23 1/4 x 20 1/2 in. (59 x 52.1 cm),French,France,,Rouen,,,,,,,,The Cloisters,Glass-Stained,,False,True,https://www.metmuseum.org/art/collection/search/471891,https://images.metmuseum.org/CRDImages/cl/original/sf69-236-6.jpg,1,https://www.wikidata.org/wiki/Q20201819,,
470747,Cross with Apostles,Cross head,late 15th–early 16th century,,,,Stone,Overall: 47 1/4 × 33 7/16 × 14 3/16 in. (120 × 85 × 36 cm),Northeast French,France,,,,,,,,,,The Cloisters,Sculpture-Architectural,,False,True,https://www.metmuseum.org/art/collection/search/470747,https://images.metmuseum.org/CRDImages/cl/original/DP104561cropped.jpg,2,https://www.wikidata.org/wiki/Q116253857,,
470953,Block,Block,ca. 1130–40,,,,Marble,Overall: 16 7/8 x 8 1/2 x 8 1/2 in. (42.9 x 21.6 x 21.6 cm),Catalan,present-day France,,,Griffins,,,,,,,The Cloisters,Sculpture-Architectural,,False,True,https://www.metmuseum.org/art/collection/search/470953,https://images.metmuseum.org/CRDImages/cl/original/LC-25_120_995-3.jpg,8,https://www.wikidata.org/wiki/Q116410734,,
471587,Lock,Lock,15th–16th century,,,,Iron,"Overall (Lock, square): 4 in. (10.2 cm)",European,,,,,,,,,,,The Cloisters,Metalwork-Iron,,False,True,https://www.metmuseum.org/art/collection/search/471587,https://images.metmuseum.org/CRDImages/cl/original/cdi55-61-10a-e.jpg,0,,,
472355,Column Base,Base,late 12th century,,,,Stone,Overall: 6 3/8 x 9 7/8 x 9 7/8 in. (16.2 x 25.1 x 25.1 cm),French,,,,,,,,,,,The Cloisters,Sculpture-Architectural,,False,True,https://www.metmuseum.org/art/collection/search/472355,https://images.metmuseum.org/CRDImages/cl/original/cdi-st-g17.jpg,1,https://www.wikidata.org/wiki/Q116255995,,
470307,Plaque with the Pentecost,Plaque,ca. 1150–75,,,,Champlevé and translucent enamel on copper gilt,Overall: 4 1/16 x 4 1/16 x 1/4 in. (10.3 x 10.3 x 0.6 cm),South Netherlandish,South Netherlands,,,Apostles|Christ|Pentecost,,,,,,,The Cloisters,Enamels-Champlevé,,True,True,https://www.metmuseum.org/art/collection/search/470307,https://images.metmuseum.org/CRDImages/cl/original/DP102879.jpg,0,https://www.wikidata.org/wiki/Q29385504,,
471760,Dish,Dish,second half 15th century,,,,Tin-glazed earthenware,Overall: 18 1/2 in. (47 cm),Spanish,Spain,,probably Manises,Coat of Arms,,,,,,,The Cloisters,Ceramics,,False,True,https://www.metmuseum.org/art/collection/search/471760,https://images.metmuseum.org/CRDImages/cl/original/CL6.jpg,0,,,
470851,Column Base,Column base,ca. 1130–1140,,,,Marble,Overall: 16 1/2 x 7 1/2 x 16 1/2 in. (41.9 x 19.1 x 41.9 cm),Catalan,present-day France,,,,,,,,,,The Cloisters,Sculpture-Architectural,,False,True,https://www.metmuseum.org/art/collection/search/470851,https://images.metmuseum.org/CRDImages/cl/original/DP132222.jpg,0,https://www.wikidata.org/wiki/Q116378449,,
910576,Collar composed of the Letters “S” and “M”,Collar,15th century,,,,"Silver, partially gilded","11/16 × 20 1/16 in., 5.45oz. (1.7 × 51 cm, 154.53g) [without clasps]
1 9/16 x 25 3/16 in. (4 x 64 cm) [with clasps]",British,,,,,,,,,,,The Cloisters,Metalwork-Silver,,False,True,https://www.metmuseum.org/art/collection/search/910576,https://images.metmuseum.org/CRDImages/cl/original/DP-39025-001.jpg,13,,,
472009,Pilgrim's Badge,Pilgrim's badge,14th–16th century,,,,Lead,Overall: 5/8 in. (1.6 cm),French,,,,,,,,,,,The Cloisters,Metalwork-Lead,,False,True,https://www.metmuseum.org/art/collection/search/472009,https://images.metmuseum.org/CRDImages/cl/original/cdi1977-240-107.jpg,1,,,
471044,Fountain,Fountain,13th century,,,,Pink marble,Overall: 58 x 51 in. (147.3 x 129.5 cm),French,France,,,Fountains,,,,,,,The Cloisters,Sculpture-Architectural,,False,True,https://www.metmuseum.org/art/collection/search/471044,https://images.metmuseum.org/CRDImages/cl/original/cdi26-79.jpg,0,https://www.wikidata.org/wiki/Q116252615,,
468553,Altar Frontal,Frontal,ca. 1500,,,,Silk & metal thread,Overall: 39 1/2 x 80 1/2in. (100.3 x 204.5cm),Spanish,,,,,,,,,,,The Cloisters,Textiles-Woven,,False,True,https://www.metmuseum.org/art/collection/search/468553,https://images.metmuseum.org/CRDImages/cl/original/165965.jpg,0,,,
472341,One of Two Doors with Ironwork,Door,12th century,,,,Oak and iron,Overall: 114 x 39 1/2 x 2 in. (289.6 x 100.3 x 5.1 cm),French or Spanish,France or Spain,,,,,,,,,,The Cloisters,Metalwork-Iron,,False,True,https://www.metmuseum.org/art/collection/search/472341,https://images.metmuseum.org/CRDImages/cl/original/DP102896.jpg,1,https://www.wikidata.org/wiki/Q116245103,,
470610,Column Shaft,Shaft,late 12th century,,,,Stone,Overall: 41 x 6 in. (104.1 x 15.3 cm),French,France,,,,,,,,,,The Cloisters,Sculpture-Architectural,,False,True,https://www.metmuseum.org/art/collection/search/470610,https://images.metmuseum.org/CRDImages/cl/original/cdi-st-g2.jpg,1,https://www.wikidata.org/wiki/Q116243424,,
471825,Fragment of a Figure,Sculpture,ca. 1225,,,,Marble (Carrara marble),Overall: 31 3/4 x 13 7/8 x 7 5/8 in. (80.6 x 35.2 x 19.4 cm),Italian,Central Italy,,probably Lucca,Human Figures,,,,,,,The Cloisters,Sculpture,,False,True,https://www.metmuseum.org/art/collection/search/471825,https://images.metmuseum.org/CRDImages/cl/original/DP167906.jpg,0,https://www.wikidata.org/wiki/Q116373777,,
468498,Grille,Grille,15th–16th century,,,,Iron,Overall: 14 1/8 x 14 1/4 x 5/8 in. (35.9 x 36.2 x 1.6 cm),Italian,,,,,,,,,,,The Cloisters,Metalwork-Iron,,False,True,https://www.metmuseum.org/art/collection/search/468498,https://images.metmuseum.org/CRDImages/cl/original/sf160466.jpg,0,https://www.wikidata.org/wiki/Q116274805,,
470846,Column Base,Column base,ca. 1130–1140,,,,Pink marble,Overall: 8 x 17 1/2 in. (20.3 x 44.5 cm),Catalan,present-day France,,,,,,,,,,The Cloisters,Sculpture-Architectural,,False,True,https://www.metmuseum.org/art/collection/search/470846,https://images.metmuseum.org/CRDImages/cl/original/25_120_641_cdi_s1.jpg,1,,,
471807,Deep Dish,Dish,1430–40,,,,Tin-glazed earthenware,Overall: 18 5/8 x 5 1/4 in. (47.2 x 13.4 cm),Spanish,Spain,,probably Manises,,,,,,,,The Cloisters,Ceramics,,False,True,https://www.metmuseum.org/art/collection/search/471807,https://images.metmuseum.org/CRDImages/cl/original/DP157715.jpg,2,https://www.wikidata.org/wiki/Q116247992,,
471743,Bowl with Cover,Bowl with cover,third quarter 16th century,,,,Tin-glazed earthenware,"15 1/2 × 15 5/16 in. (39.3 × 38.9 cm)
Other (Bowl): 6 5/8 × 15 1/4 in. (16.9 × 38.7 cm)
Other (Lid): 9 × 15 5/16 in. (22.8 × 38.9 cm)",Spanish,Spain,,probably Manises,Bowls,,,,,,,The Cloisters,Ceramics,,False,True,https://www.metmuseum.org/art/collection/search/471743,https://images.metmuseum.org/CRDImages/cl/original/DP210208.jpg,5,https://www.wikidata.org/wiki/Q116248175,,
472200,Column Base,Base,20th century,,,,Cement,5 3/4 x 9 7/8 x 12 3/4 in. (14.6 x 25.1 x 32.4 cm),European or American (?),,,,,,,,,,,The Cloisters,Reproductions-Sculpture,,False,True,https://www.metmuseum.org/art/collection/search/472200,https://images.metmuseum.org/CRDImages/cl/original/cdi-st-g15.jpg,1,https://www.wikidata.org/wiki/Q116256546,,
471358,Panel with Joachim's Offering Rejected,Panel,early 16th century,,,,Oak,Overall: 35 1/2 x 11 3/8 x 1 1/2 in. (90.2 x 28.9 x 3.8 cm),French,France,,,Christ|Virgin Mary,,,,,,,The Cloisters,Woodwork-Architectural,,False,True,https://www.metmuseum.org/art/collection/search/471358,https://images.metmuseum.org/CRDImages/cl/original/DP102944-1.jpg,1,https://www.wikidata.org/wiki/Q116251980,,
470688,Column Shaft,Shaft,late 13th–early 14th century,,,,Marble,"H.:      43 1/4 in. (109.9 cm)
Circum.: 16 3/8 in",French,France,Pyrénées-Aquintaine,,,,,,,,,The Cloisters,Sculpture-Architectural,,False,True,https://www.metmuseum.org/art/collection/search/470688,https://images.metmuseum.org/CRDImages/cl/original/DP104561.jpg,0,https://www.wikidata.org/wiki/Q116254131,,
471020,Column Shaft,Shaft,late 13th–early 14th century,,,,Marble,"H.:      62     in. (157.5 cm)
Circum.: 20 3/8 in",French,France,Pyrénées-Aquintaine,,,,,,,,,The Cloisters,Sculpture-Architectural,,False,True,https://www.metmuseum.org/art/collection/search/471020,https://images.metmuseum.org/CRDImages/cl/original/DP104561.jpg,0,https://www.wikidata.org/wiki/Q116255899,,
473871,Saint Roch,Statuette,early 16th century,,,,Oak with paint and gilding,"62 1/4 × 20 1/2 × 13 3/4 in., 140 lb. (158.1 × 52.1 × 34.9 cm, 63.5 kg)",French,France,,,Men|Dogs|Saints,,,,,,,The Cloisters,Sculpture-Wood,,False,True,https://www.metmuseum.org/art/collection/search/473871,https://images.metmuseum.org/CRDImages/cl/original/DP291235.jpg,2,https://www.wikidata.org/wiki/Q20201009,,
475522,Strap Hinge,Strap hinge,15th–16th century,,,,Iron,Overall: 13 3/4 x 1 1/2 in. (34.9 x 3.8 cm),European,,,,,,,,,,,The Cloisters,Metalwork-Iron,,False,True,https://www.metmuseum.org/art/collection/search/475522,https://images.metmuseum.org/CRDImages/cl/original/cdi55-61-63.jpg,1,https://www.wikidata.org/wiki/Q116280973,,
470641,Column Base,Base,late 12th century,,,,Stone,Overall: 8 7/8 x 9 7/8 x 9 7/8 in. (22.5 x 25.1 x 25.1 cm),French,France,,,,,,,,,,The Cloisters,Sculpture-Architectural,,False,True,https://www.metmuseum.org/art/collection/search/470641,https://images.metmuseum.org/CRDImages/cl/original/cdi-st-g14.jpg,1,https://www.wikidata.org/wiki/Q116256095,,
471216,Heraldic Panel with Arms of the House of Hapsburg,Panel,ca. 1504–6,,,,"Pot-metal glass, white glass, vitreous paint, and silver stain",Overall: 33 1/2 x 20 1/4 in. (85.1 x 51.4 cm),South Netherlandish,,,,Coat of Arms,,,,,,,The Cloisters,Glass-Stained,,False,True,https://www.metmuseum.org/art/collection/search/471216,https://images.metmuseum.org/CRDImages/cl/original/cdi37-147-5.jpg,0,https://www.wikidata.org/wiki/Q20201675,,
640179,Refectory Bell,Bell,13th century,,,,Copper alloy,"9 13/16 × 13 3/4 in., 50.4 lb. (24.9 × 35 cm, 22.9 kg)",German,,,,,,,,,,,The Cloisters,Metalwork-Copper alloy,,False,True,https://www.metmuseum.org/art/collection/search/640179,https://images.metmuseum.org/CRDImages/cl/original/DP322020.jpg,4,https://www.wikidata.org/wiki/Q116305274,,
470148,Lock,Lock,15th–16th century,,,,Iron,"8 x 11 1/8 in.  (20.3 x 28.2 cm)
L. Latch: 15 1/2 in. (39.3 cm)",European or French (?),,,,Men,,,,,,,The Cloisters,Metalwork-Iron,,False,True,https://www.metmuseum.org/art/collection/search/470148,https://images.metmuseum.org/CRDImages/cl/original/cdi55-76-3.jpg,1,,,
471089,Roundel with Saint John the Baptist,Roundel,ca. 1520 or modern,,,,"Colorless glass, silver stain, vitreous paint",Overall Diam.:  9 1/2 in. (24.1 cm),South Netherlandish,South Netherlands,,,Lambs|Saint John the Baptist,Pseudo-Ortkens,Artist,South Netherlandish,1500,1530,,The Cloisters,Glass-Stained,"South Netherlandish, active Antwerp and Brussels, ca. 1500–30",False,True,https://www.metmuseum.org/art/collection/search/471089,https://images.metmuseum.org/CRDImages/cl/original/cdi32-24-26.jpg,0,https://www.wikidata.org/wiki/Q20201509,https://www.wikidata.org/wiki/Q98111637,(not assigned)
466605,Portfolio,Portfolio,18th century (?),,,,Leather binding with copper alloy mounts,Overall: 17 7/8 x 11 1/2 in. (45.4 x 29.2 cm),French,,,,,,,,,,,The Cloisters,Manuscripts and Illuminations,,False,True,https://www.metmuseum.org/art/collection/search/466605,https://images.metmuseum.org/CRDImages/cl/original/sf25-120-727s1.jpg,2,https://www.wikidata.org/wiki/Q20201202,,
472264,Column Shaft,Shaft,early 20th century,,,,Marble,Overall: 42 3/8 in. (107.6 cm); Circumference: 17 1/4 in. (43.8 cm),European,,,,,,,,,,,The Cloisters,Sculpture-Architectural,,False,True,https://www.metmuseum.org/art/collection/search/472264,https://images.metmuseum.org/CRDImages/cl/original/DP104561.jpg,1,https://www.wikidata.org/wiki/Q116255943,,
668682,Tile with Bell between a Key and a Sword,Tile,14th century,,,,Glazed earthenware,4 1/2 × 4 1/2 × 1 1/8 in. (11.5 × 11.5 × 2.8 cm),British,,,,Swords|Keys|Bells,,,,,,,The Cloisters,Ceramics-Tiles,,False,True,https://www.metmuseum.org/art/collection/search/668682,https://images.metmuseum.org/CRDImages/cl/original/DP359514.jpg,1,,,
472019,Pilgrim's Badge,Pilgrim's badge,15th century,,,,Lead,Overall: 9/16 x 1 7/16in. (1.5 x 3.7cm),French,,,,,,,,,,,The Cloisters,Metalwork-Lead,,False,True,https://www.metmuseum.org/art/collection/search/472019,https://images.metmuseum.org/CRDImages/cl/original/cdi1977-240-113.jpg,1,,,
471561,Coffret,Coffret,late 15th century (?),,,,Maple,Overall: 3 7/8 x 7 7/8 x 5 1/2 in. (9.8 x 20 x 14 cm),German,Germany,,,Musical Instruments|Men|Unicorns|Elephants,,,,,,,The Cloisters,Woodwork-Furniture,,False,True,https://www.metmuseum.org/art/collection/search/471561,https://images.metmuseum.org/CRDImages/cl/original/cdi55-28s1.jpg,6,,,
471373,Panel with Christ Among the Doctors,Panel,early 16th century,,,,Oak,Overall: 35 1/2 x 10 1/2 in. (90.2 x 26.7 cm),French,France,,,Human Figures|Men|Christ|Doctors,,,,,,,The Cloisters,Woodwork-Architectural,,False,True,https://www.metmuseum.org/art/collection/search/471373,https://images.metmuseum.org/CRDImages/cl/original/cdi50-147-16.jpg,0,https://www.wikidata.org/wiki/Q116251923,,
469929,"Pendant Capsule in the Form of a Tau Cross, with the Trinity and the Virgin and Child",Pendant,ca. 1485,,,,Cast and engraved gold,Overall: 1 3/8 x 1 1/8 x 1/8 in. (3.5 x 2.9 x 0.3 cm),British,England,,,Madonna and Child|Crucifixion,,,,,,,The Cloisters,Metalwork-Gold,,False,True,https://www.metmuseum.org/art/collection/search/469929,https://images.metmuseum.org/CRDImages/cl/original/DP102851.jpg,1,https://www.wikidata.org/wiki/Q116256873,,
471928,Saint James,Statuette,ca. 1410,,,,Jet,Overall: 8 3/16 in. (20.8 cm),Spanish,,,,Men|Saints,Workshop of Santiago de Compostela,Artist,Spanish,,,,The Cloisters,Sculpture-Miniature-Wood,,False,True,https://www.metmuseum.org/art/collection/search/471928,https://images.metmuseum.org/CRDImages/cl/original/cdi65-67.jpg,1,https://www.wikidata.org/wiki/Q20201765,,
470958,Double Capital,Capital,late 13th–early 14th century,,,,Gray marble,17 × 22 1/4 × 13 5/8 in. (43.2 × 56.5 × 34.6 cm),French,,,,,,,,,,,The Cloisters,Sculpture-Architectural,,False,True,https://www.metmuseum.org/art/collection/search/470958,https://images.metmuseum.org/CRDImages/cl/original/cdi25-120-730.jpg,1,,,
468428,Cope,Cope,ca. 1438,,,,"Silk, metal thread",Overall: 56 1/2 × 112 in. (143.5 × 284.5 cm),Spanish,Spain,,,Angels|Christ|Virgin Mary|God the Father,,,,,,,The Cloisters,Textiles-Costumes-Ecclesiastical,,False,True,https://www.metmuseum.org/art/collection/search/468428,https://images.metmuseum.org/CRDImages/cl/original/LC-53_22ab-1.jpg,3,https://www.wikidata.org/wiki/Q116410527,,
471899,Christ,Statue,15th–16th century,,,,"Wood, paint",Overall: 35 1/2 x 27 1/2 in. (90.2 x 69.9 cm),Italian,,,,Christ,,,,,,,The Cloisters,Sculpture-Wood,,False,True,https://www.metmuseum.org/art/collection/search/471899,https://images.metmuseum.org/CRDImages/cl/original/sf61-15-1.jpg,0,https://www.wikidata.org/wiki/Q20201745,,
470787,Voussoir,Voussoir,ca. 1130–40,,,,Marble,Overall: 6 5/8 x 14 1/2 in. (16.8 x 36.8 cm),Catalan,present-day France,,,,,,,,,,The Cloisters,Sculpture-Architectural,,False,True,https://www.metmuseum.org/art/collection/search/470787,https://images.metmuseum.org/CRDImages/cl/original/sf103007.jpg,0,,,
471441,Door Knocker with Plate and Nail,Door knocker with plate and nail,15th–16th century,,,,Iron,"Knocker, L: 8 1/2in.(21.6cm); H: 2 1/2in.(6.4cm)
Plate, L: 10 1/2in.(26.7cm); W: 4 1/4in. (10.8cm)
Nail, L: 3 3/4in. (9.5cm)",European,,,,,,,,,,,The Cloisters,Metalwork-Iron,,False,True,https://www.metmuseum.org/art/collection/search/471441,https://images.metmuseum.org/CRDImages/cl/original/cdi52-121-9a-c.jpg,0,,,
478808,Shaft,Shaft,mid-12th century,,,,Stone (gray),H: 56 1/2 (143.5 cm); Diam:  9 in. (22.9 cm),Catalan,present-day France,,,,,,,,,,The Cloisters,Sculpture-Architectural-Stone,,False,True,https://www.metmuseum.org/art/collection/search/478808,https://images.metmuseum.org/CRDImages/cl/original/cds60898.jpg,0,,,
471712,Nail,Nail,15th–16th century,,,,Iron,Overall: 5 in. (12.7 cm),European,,,,,,,,,,,The Cloisters,Metalwork-Iron,,False,True,https://www.metmuseum.org/art/collection/search/471712,https://images.metmuseum.org/CRDImages/cl/original/cdi55-61-159.jpg,0,,,
471977,Pax with the Crucifixion,Pax,ca. 1360–70 (ivory); 15th century (frame),,,,Elephant ivory and copper gilt,Overall: 3 3/4 x 3 1/8 x 15/16 in. (9.5 x 7.9 x 2.4 cm),South German,,,,Christ|Virgin Mary|Crucifixion,,,,,,,The Cloisters,Ivories-Elephant,,False,True,https://www.metmuseum.org/art/collection/search/471977,https://images.metmuseum.org/CRDImages/cl/original/DP-34081-001.jpg,3,https://www.wikidata.org/wiki/Q116411196,,
470621,Column Base,Column base,ca. 1130–40,,,,Marble,Overall: 7 1/2 x 21 in. (19.1 x 53.3 cm),Catalan,present-day France,,,,,,,,,,The Cloisters,Sculpture-Architectural,,False,True,https://www.metmuseum.org/art/collection/search/470621,https://images.metmuseum.org/CRDImages/cl/original/cdi25-120-596-597-1004-1005.jpg,0,https://www.wikidata.org/wiki/Q116275913,,
471266,Portion of a Pilaster with an Acrobat,Pilaster,ca. 1150–70,,,,Limestone,12 1/8 × 8 1/4 × 10 1/2 in. (30.8 × 21 × 26.7 cm),French,France,,,Men|Acrobats,,,,,,,The Cloisters,Sculpture-Architectural,,False,True,https://www.metmuseum.org/art/collection/search/471266,https://images.metmuseum.org/CRDImages/cl/original/cdi47-101-25.jpg,3,https://www.wikidata.org/wiki/Q116252257,,
469928,Grisaille Quarries,Stained glass panel,1320–24,,,,"White and Pot-metal glass, silver stain",23 7/16 x 17 7/8 in.  (59.5 x 45.4 cm),French,,,,Flowers,,,,,,,The Cloisters,Glass-Stained,,False,True,https://www.metmuseum.org/art/collection/search/469928,https://images.metmuseum.org/CRDImages/cl/original/cdi1990-212.jpg,0,,,
470777,Capital,Capital,ca. 1130–40,,,,Marble,Overall: 17 x 16 x 16 in. (43.2 x 40.6 x 40.6 cm),Catalan,present-day France,,,Animals,,,,,,,The Cloisters,Sculpture-Architectural,,False,True,https://www.metmuseum.org/art/collection/search/470777,https://images.metmuseum.org/CRDImages/cl/original/DP365733.jpg,2,https://www.wikidata.org/wiki/Q116253624,,
469995,Surrounds,Surrounds,ca. 1320–40,,,,"White glass, silver stain","Diam. with surrounds: 11 3/8 in. (29.1 cm)
Diam. with border: 7 15/16 in. (20.1 cm)",British,England,,,,,,,,,,The Cloisters,Glass-Stained,,False,True,https://www.metmuseum.org/art/collection/search/469995,https://images.metmuseum.org/CRDImages/cl/original/cdi1991-144-2a-g.jpg,0,,,
471850,Sculpture of Moses with Tablets of the Law,Sculpture,ca. 1170,,,,"Limestone, polychromy",Overall: 49 x 15 3/4 x 13 3/8 in. (124.5 x 40 x 34 cm),French,France,,Noyon,Tablets|Moses,,,,,,,The Cloisters,Sculpture-Stone,,False,True,https://www.metmuseum.org/art/collection/search/471850,https://images.metmuseum.org/CRDImages/cl/original/DP359499.jpg,4,https://www.wikidata.org/wiki/Q116373776,,
472290,Engaged Capital,Capital,late 12th century,,,,Stone,Overall: 11 3/4 x 19 3/4 x 10 5/8 in. (29.8 x 50.2 x 27 cm),French,,,,,,,,,,,The Cloisters,Sculpture-Architectural,,False,True,https://www.metmuseum.org/art/collection/search/472290,https://images.metmuseum.org/CRDImages/cl/original/cdi-st-g19.jpg,2,https://www.wikidata.org/wiki/Q116246101,,
472071,Pilgrim's Badge,Pilgrim's badge,14th–16th century,,,,Lead,Overall: 13/16 x 3/4in. (2 x 1.9cm),French,,,,,,,,,,,The Cloisters,Metalwork-Lead,,False,True,https://www.metmuseum.org/art/collection/search/472071,https://images.metmuseum.org/CRDImages/cl/original/cdi1977-240-46.jpg,1,,,
471624,Strap Hinge,Hinge,15th–16th century,,,,Iron,Overall: 16 x 1 5/8 in. (40.6 x 4.1 cm),European,,,,,,,,,,,The Cloisters,Metalwork-Iron,,False,True,https://www.metmuseum.org/art/collection/search/471624,https://images.metmuseum.org/CRDImages/cl/original/cdi55-61-57.jpg,1,https://www.wikidata.org/wiki/Q116249096,,
475508,Hinges,Hinges,15th century,,,,Iron,"L. 15-5/8, W. 1-3/4 in.",Spanish (?),,,,,,,,,,,The Cloisters,Metalwork-Iron,,False,True,https://www.metmuseum.org/art/collection/search/475508,https://images.metmuseum.org/CRDImages/cl/original/cdi56-10-2.jpg,0,https://www.wikidata.org/wiki/Q116280969,,
469966,Two-Colored Tile,Tile,late 14th century,,,,Fired earthenware with slip decoration and lead glaze,Overall (approx.): 4 1/8 x 4 1/8 in. (10.5 x 10.5 cm),British,,,,Birds,,,,,,,The Cloisters,Ceramics-Tiles,,False,True,https://www.metmuseum.org/art/collection/search/469966,https://images.metmuseum.org/CRDImages/cl/original/cdi1991-112-4.jpg,1,,,
471639,Plate,Plate,15th–16th century,,,,Iron,Overall: 3 1/4 x 3 1/4 in. (8.3 x 8.3 cm),European,,,,,,,,,,,The Cloisters,Metalwork-Iron,,False,True,https://www.metmuseum.org/art/collection/search/471639,https://images.metmuseum.org/CRDImages/cl/original/cdi55-61-78.jpg,1,,,
475566,"Queen of Nooses, from The Cloisters Playing Cards",Playing card,ca. 1475–80,,,,"Paper (four layers of pasteboard) with pen and ink, opaque paint, glazes, and applied silver and gold",5 3/16 × 2 3/4 in. (13.2 × 7 cm),South Netherlandish,,,,Queens|Playing Cards|Games,,,,,,,The Cloisters,Miscellaneous-Paper,,False,True,https://www.metmuseum.org/art/collection/search/475566,https://images.metmuseum.org/CRDImages/cl/original/DP354543.jpg,3,https://www.wikidata.org/wiki/Q116280855,,
469719,Enthroned Virgin and Child,Statuette,ca. 1260–80,,,,Elephant ivory with traces of paint and gilding,Overall: 7 1/4 x 3 x 2 7/8 in. (18.4 x 7.6 x 7.3 cm),French,France,,Paris,Madonna and Child,,,,,,,The Cloisters,Ivories-Elephant,,False,True,https://www.metmuseum.org/art/collection/search/469719,https://images.metmuseum.org/CRDImages/cl/original/DP-33215-001.jpg,6,https://www.wikidata.org/wiki/Q20201112,,
472155,Adoration of the Magi from Seven Scenes from the Life of Christ,Panel,ca. 1390,,,,"Pot-metal and colorless glass, vitreous paint and silver stain",27 5/16 x 12 15/16in. (69.4 x 32.8cm),Austrian,Austria,,,Donkeys|Holy Family|Adoration of the Magi|Ox,,,,,,,The Cloisters,Glass-Stained,,True,True,https://www.metmuseum.org/art/collection/search/472155,https://images.metmuseum.org/CRDImages/cl/original/DT8444.jpg,1,https://www.wikidata.org/wiki/Q20201915,,
472225,Capital,Capital,late 12th century,,,,Stone,Overall: 6 1/4 x 9 1/4 x 9 1/4 in. (15.9 x 23.5 x 23.5 cm),French,,,,,,,,,,,The Cloisters,Sculpture-Architectural,,False,True,https://www.metmuseum.org/art/collection/search/472225,https://images.metmuseum.org/CRDImages/cl/original/cdi25-120-124.jpg,1,,,
471847,Saint Roch and the Angel,Statuette,ca. 1520,,,,Limewood with traces of paint,"Overall: 28 1/2 x 10 1/4 x 7 3/8 in. (72.4 x 26 x 18.7 cm)
at base: 9 x 5 3/4 in. (22.9 x 14.6 cm)",German,Germany,,,Men|Angels|Saints,Master of the Biberach Holy Kinship,Artist,German,,,,The Cloisters,Sculpture-Wood,"German, active 16th century",False,True,https://www.metmuseum.org/art/collection/search/471847,https://images.metmuseum.org/CRDImages/cl/original/DP134433.jpg,11,https://www.wikidata.org/wiki/Q20201069,https://www.wikidata.org/wiki/Q1918337,
469839,Fragment of a Border,Border,ca. 1185–1205,,,,Pot-metal glass with vitreous paint,Overall: 8 5/8 x 24 3/8in. (21.9 x 61.9cm),French,,,Braine or Reims (?),,,,,,,,The Cloisters,Glass-Stained,,False,True,https://www.metmuseum.org/art/collection/search/469839,https://images.metmuseum.org/CRDImages/cl/original/DT10162.jpg,0,https://www.wikidata.org/wiki/Q20201054,,
472371,Capital,Capital,late 12th century,,,,Stone,Overall: 11 x 9 1/4 x 9 1/2 in. (27.9 x 23.5 x 24.1 cm),French,France,,,,,,,,,,The Cloisters,Sculpture-Architectural,,False,True,https://www.metmuseum.org/art/collection/search/472371,https://images.metmuseum.org/CRDImages/cl/original/cdi-st-g24.jpg,2,https://www.wikidata.org/wiki/Q116256165,,
470890,Appliqué Figure of Christ,Appliqué figure,13th century,,,,"Copper gilt, champlevé enamel",Overall: Height: 8 3/4 x Width: 7 1/2 x 1 in. (22.2 x 19.1 x 2.6 cm),French,France,,Limoges,Christ,,,,,,,The Cloisters,Enamels-Champlevé,,False,True,https://www.metmuseum.org/art/collection/search/470890,https://images.metmuseum.org/CRDImages/cl/original/cfx25-120-441s1.jpg,1,,,
472369,Column Shaft,Shaft,20th century,,,,Cement,Overall: 38 1/4 x 5 1/2 in. (97.2 x 14 cm),European or American (?),,,,,,,,,,,The Cloisters,Reproductions-Sculpture,,False,True,https://www.metmuseum.org/art/collection/search/472369,https://images.metmuseum.org/CRDImages/cl/original/cdi-st-g14.jpg,1,https://www.wikidata.org/wiki/Q116250648,,
469857,"Theodosius Arrives at Ephesus, from a Scene from the Legend of the Seven Sleepers of Ephesus",Panel,ca. 1200–1210,,,,"Pot-metal glass, vitreous paint",Overall: 25 x 28 1/8in. (63.5 x 71.5cm),French,,,Rouen,Men|Horses,,,,,,,The Cloisters,Glass-Stained,,True,True,https://www.metmuseum.org/art/collection/search/469857,https://images.metmuseum.org/CRDImages/cl/original/DP102839.jpg,0,https://www.wikidata.org/wiki/Q20201386,,
466287,Standing Virgin and Child,Statuette,ca. 1470,,,,"Boxwood, tinted lips and eyes",13 1/4 x 5 1/8 x 3 9/16 in. (33.6 x 13 x 9.1 cm),Austrian,Austria,,probably Vienna,Madonna and Child,Niclaus Gerhaert von Leyden,Artist,North Netherlandish,1462,1473,,The Cloisters,Sculpture-Wood,"North Netherlandish, active Strasbourg, ca. 1462–died 1473 Vienna",True,True,https://www.metmuseum.org/art/collection/search/466287,https://images.metmuseum.org/CRDImages/cl/original/DP366924.jpg,12,https://www.wikidata.org/wiki/Q29385426,https://www.wikidata.org/wiki/Q33696,http://vocab.getty.edu/page/ulan/500100204
470309,"The Hours of Jeanne d'Evreux, Queen of France",Book of Hours; Manuscript,ca. 1324–28,,,,"Grisaille, tempera, and ink on vellum","single folio: 3 5/8 x 2 7/16 in. (9.2 x 6.2 cm)
Overall (with binding): 3 7/8 x 2 13/16 x 1 1/2 in. (9.9 x 7.2 x 3.8 cm)",French,France,,Paris,Hawks|Dogs|Lions|Rabbits|Bishops|Christ|Adoration of the Magi|Adoration of the Shepherds|Annunciation|Crucifixion|Lamentation|Dancers|Musicians,Jean Pucelle,Artist,French,1319,1334,,The Cloisters,Manuscripts and Illuminations,"French, active Paris, 1319–34",True,True,https://www.metmuseum.org/art/collection/search/470309,https://images.metmuseum.org/CRDImages/cl/original/DP233162.jpg,209,https://www.wikidata.org/wiki/Q1516907,https://www.wikidata.org/wiki/Q175888,http://vocab.getty.edu/page/ulan/500115647
474428,"Saint Lambert, Bishop of Liège, with a Pilgrim Saint and Saint James below (from a series with The Virgin Mary and Five Standing Saints)",Panel,1440–46,,,,"Pot-metal glass, white glass, vitreous paint, silver stain",Each window 12 ft. 4 1/2 in. x 28 1/4 in. (337.2 x 71.8 cm),German,Germany,,,Men|Virgin Mary|Croziers|Saints,,,,,,,The Cloisters,Glass-Stained,,False,True,https://www.metmuseum.org/art/collection/search/474428,https://images.metmuseum.org/CRDImages/cl/original/DT12117cropped3.jpg,9,https://www.wikidata.org/wiki/Q20201935,,
470852,Column Base,Column base,ca. 1130–40,,,,Marble,Overall: 14 1/2 x 6 3/4 x 14 1/2 in. (36.8 x 17.1 x 36.8 cm),Catalan,present-day France,,,,,,,,,,The Cloisters,Sculpture-Architectural,,False,True,https://www.metmuseum.org/art/collection/search/470852,https://images.metmuseum.org/CRDImages/cl/original/sf61147.jpg,0,,,
471780,Dish,Dish,late 15th–early 16th century,,,,Tin-glazed earthenware,Overall: 3 x 19 1/4 in. (7.6 x 48.9 cm),Spanish,Spain,,probably Manises,Coat of Arms,,,,,,,The Cloisters,Ceramics,,False,True,https://www.metmuseum.org/art/collection/search/471780,https://images.metmuseum.org/CRDImages/cl/original/DP157710.jpg,1,,,
469876,Tile with rampant lion,Tile,14th or 15th century,,,,"Fired earthenware, with slip decoration and lead glaze",Overall: 4 1/4 x 4 1/4 in. (10.8 x 10.8 cm),British,England,,Nottingham,Lions,,,,,,,The Cloisters,Ceramics-Tiles,,False,True,https://www.metmuseum.org/art/collection/search/469876,https://images.metmuseum.org/CRDImages/cl/original/cdi1983-236-5.jpg,1,,,
470993,Double Capital,Capital,late 13th–early 14th century,,,,Marble,Overall: 21 x 12 x 11 in. (53.3 x 30.5 x 27.9 cm),French,France,Pyrénées-Aquintaine,,,,,,,,,The Cloisters,Sculpture-Architectural,,False,True,https://www.metmuseum.org/art/collection/search/470993,https://images.metmuseum.org/CRDImages/cl/original/cdi25-120-768.jpg,1,https://www.wikidata.org/wiki/Q116252682,,
471629,Candlestick,Candlestick,15th–16th century,,,,Iron,Overall: 45 in. (114.3 cm),European,,,,,,,,,,,The Cloisters,Metalwork-Iron,,False,True,https://www.metmuseum.org/art/collection/search/471629,https://images.metmuseum.org/CRDImages/cl/original/cdi55-61-64.jpg,0,,,
472162,Architectural canopy,Panel,ca. 1390,,,,"Pot-metal and colorless glass, vitreous paint and silver stain",28 3/8 x 12 7/8 in.  (72 x 32.7 cm),Austrian,Austria,,,,,,,,,,The Cloisters,Glass-Stained,,False,True,https://www.metmuseum.org/art/collection/search/472162,https://images.metmuseum.org/CRDImages/cl/original/cdi1986-285-9.jpg,1,https://www.wikidata.org/wiki/Q20201913,,
469990,Armorial Roundel,Roundel,ca. 1500,,,,"Pot-metal glass, vitreous paint, and silver stain",Diam. 8 3/4 in. (22.3 cm),German,Germany,,,Coat of Arms,,,,,,,The Cloisters,Glass-Painted,,False,True,https://www.metmuseum.org/art/collection/search/469990,https://images.metmuseum.org/CRDImages/cl/original/cfx1980-214-5s1b.jpg,0,https://www.wikidata.org/wiki/Q20201021,,
475560,"5 of Collars, from The Cloisters Playing Cards",Playing card,ca. 1475–80,,,,"Paper (four layers of pasteboard) with pen and ink, opaque paint, glazes, and applied silver and gold",5 3/16 × 2 3/4 in. (13.2 × 7 cm),South Netherlandish,,,,Playing Cards|Games,,,,,,,The Cloisters,Miscellaneous-Paper,,False,True,https://www.metmuseum.org/art/collection/search/475560,https://images.metmuseum.org/CRDImages/cl/original/DP354537.jpg,3,,,
470865,Column Base,Column base,ca. 1130–1140,,,,Marble,Overall: 21 1/4 x 7 x 21 1/4 in. (54 x 17.8 x 54 cm),Catalan,present-day France,,,,,,,,,,The Cloisters,Sculpture-Architectural,,False,True,https://www.metmuseum.org/art/collection/search/470865,https://images.metmuseum.org/CRDImages/cl/original/DP132222.jpg,0,https://www.wikidata.org/wiki/Q116378494,,
471141,Corbel with Fore Portion of Beast with Bone,Corbel,ca. 1150–1200,,,,Limestone,Overall: 31 x 19 x 14 in. (78.7 x 48.3 x 35.6 cm),French,France,,,Animals,,,,,,,The Cloisters,Sculpture-Architectural,,False,True,https://www.metmuseum.org/art/collection/search/471141,https://images.metmuseum.org/CRDImages/cl/original/cdi34-21-6.jpg,0,https://www.wikidata.org/wiki/Q116252463,,
471835,Chest,Chest,late 15th century,,,,Wood,Overall: 11 7/8 x 11 1/2 x 15 1/2 in. (30.2 x 29.2 x 39.4 cm),French,,,,Coat of Arms|Chests,,,,,,,The Cloisters,Woodwork-Furniture,,False,True,https://www.metmuseum.org/art/collection/search/471835,https://images.metmuseum.org/CRDImages/cl/original/cdi57-144-3.jpg,4,https://www.wikidata.org/wiki/Q116247916,,
472363,Abacus,Abacus,late 12th century,,,,Stone,"H.:  4 3/4 in. (12 cm)
D.: 12 5/8 in. (32 cm)
W.",French,France,,,,,,,,,,The Cloisters,Sculpture-Architectural,,False,True,https://www.metmuseum.org/art/collection/search/472363,https://images.metmuseum.org/CRDImages/cl/original/cdi-st-g22.jpg,2,https://www.wikidata.org/wiki/Q116243883,,
471851,Comb with Putti and Sea Creatures,Comb,late 11th–early 12th century,,,,Elephant ivory,Overall: 3 3/4 x 4 1/2 x 11/16 in. (9.5 x 11.4 x 1.7 cm),Italian,,,,Griffins,,,,,,,The Cloisters,Ivories-Elephant,,False,True,https://www.metmuseum.org/art/collection/search/471851,https://images.metmuseum.org/CRDImages/cl/original/cdi66-172s2.jpg,3,https://www.wikidata.org/wiki/Q116247859,,
472279,Column Shaft,Shaft,early 20th century,,,,Marble,Overall: 42in. (106.7cm),European,,,,,,,,,,,The Cloisters,Sculpture-Architectural,,False,True,https://www.metmuseum.org/art/collection/search/472279,https://images.metmuseum.org/CRDImages/cl/original/DP104561.jpg,1,https://www.wikidata.org/wiki/Q116255954,,
471683,Nail,Nail,15th–16th century,,,,Iron,Overall: 2 7/8 in. (7.3 cm),European,,,,,,,,,,,The Cloisters,Metalwork-Iron,,False,True,https://www.metmuseum.org/art/collection/search/471683,https://images.metmuseum.org/CRDImages/cl/original/cdi55-61-127.jpg,2,,,
470638,Column Base,Base,late 12th century,,,,Stone,Overall: 6 1/4 x 9 5/8 x 9 5/8 in. (15.9 x 24.4 x 24.4 cm),French,France,,,,,,,,,,The Cloisters,Sculpture-Architectural,,False,True,https://www.metmuseum.org/art/collection/search/470638,https://images.metmuseum.org/CRDImages/cl/original/cdi-st-g21.jpg,1,https://www.wikidata.org/wiki/Q116256258,,
471911,Portal from the Church of San Leonardo al Frigido,Portal,ca. 1175,,,,Marble (Carrara marble),13 ft. 2 in. × 76 in. × 14 in. (401.3 × 193 × 35.6 cm),Italian,Italy,,,Donkeys|Lions|Apostles|Jesus|Annunciation|Visitation,Biduinus,Artist,Italian,1175,1200,,The Cloisters,Installations,"Italian, active last quarter 12th century",True,True,https://www.metmuseum.org/art/collection/search/471911,https://images.metmuseum.org/CRDImages/cl/original/DP132217.jpg,8,https://www.wikidata.org/wiki/Q29385514,https://www.wikidata.org/wiki/Q2901766,http://vocab.getty.edu/page/ulan/500055001
475553,"Queen of Collars, from The Cloisters Playing Cards",Playing card,ca. 1475–80,,,,"Paper (four layers of pasteboard) with pen and ink, opaque paint, glazes, and applied silver and gold",5 3/16 × 2 3/4 in. (13.2 × 7 cm),South Netherlandish,,,,Queens|Playing Cards|Games,,,,,,,The Cloisters,Miscellaneous-Paper,,False,True,https://www.metmuseum.org/art/collection/search/475553,https://images.metmuseum.org/CRDImages/cl/original/DP354530.jpg,3,,,
472241,Column Shaft,Shaft,early 20th century,,,,Marble,Overall: 42 3/4in. (108.6cm); Circumference: 17 5/8 in (44.8 cm),European,,,,,,,,,,,The Cloisters,Sculpture-Architectural,,False,True,https://www.metmuseum.org/art/collection/search/472241,https://images.metmuseum.org/CRDImages/cl/original/DP104561.jpg,1,https://www.wikidata.org/wiki/Q116255924,,
471862,Double Column Base,Base,late 15th century,,,,Marble,Overall: 18 3/4 x 9 3/4 x 12 in. (47.6 x 24.8 x 30.5 cm),French,France,,,,,,,,,,The Cloisters,Sculpture-Architectural,,False,True,https://www.metmuseum.org/art/collection/search/471862,https://images.metmuseum.org/CRDImages/cl/original/SFSL-67-155-32-Front.jpg,2,https://www.wikidata.org/wiki/Q116411127,,
471593,Bag for Game with Iron Mounts,Game bag with iron mounts,15th–16th century,,,,"Iron, velvet & silk","Overall (Frame): W. 6 3/8 in. (16.2 cm)
Overall (Bag): H.8 x W. 8 1/2 in. (20.3 x 21.6 cm)",European,,,,,,,,,,,The Cloisters,Metalwork-Iron,,False,True,https://www.metmuseum.org/art/collection/search/471593,https://images.metmuseum.org/CRDImages/cl/original/cdi55-61-17.jpg,1,,,
470811,Capital,Capital,ca. 1130–40,,,,Marble,Overall: 17 x 17 1/2 x 17 in. (43.2 x 44.5 x 43.2 cm),Catalan,present-day France,,,Men|Apes,,,,,,,The Cloisters,Sculpture-Architectural,,False,True,https://www.metmuseum.org/art/collection/search/470811,https://images.metmuseum.org/CRDImages/cl/original/cdi25-120-617.jpg,2,https://www.wikidata.org/wiki/Q116253282,,
471075,Roundel with Angel Supporting a Heraldic Shield,Roundel,1490–1500,,,,"Colorless glass, silver stain, vitreous paint",Overall Diam.:  7 3/4 in. (19.7 cm)  no lead,South Netherlandish,,,,Angels|Coat of Arms,,,,,,,The Cloisters,Glass-Stained,,False,True,https://www.metmuseum.org/art/collection/search/471075,https://images.metmuseum.org/CRDImages/cl/original/DP-14824-011.jpg,1,https://www.wikidata.org/wiki/Q20201645,,
469974,Pilgrim's Badge in the form of a Ring brooch,Pilgrim's badge,14th and 15th century,,,,Lead,"Overall: 3/8in. (0.9cm)
9/16in. (1.5cm)",French,,,,,,,,,,,The Cloisters,Metalwork-Lead,,False,True,https://www.metmuseum.org/art/collection/search/469974,https://images.metmuseum.org/CRDImages/cl/original/cdi1986-77-8.jpg,1,,,
470677,Column Shaft,Shaft,late 13th–early 14th century,,,,Marble,"H.:      62     in. (157.5 cm)
Circum.: 19 7/8 in",French,France,Pyrénées-Aquintaine,,,,,,,,,The Cloisters,Sculpture-Architectural,,False,True,https://www.metmuseum.org/art/collection/search/470677,https://images.metmuseum.org/CRDImages/cl/original/DP104561.jpg,0,https://www.wikidata.org/wiki/Q116254125,,
470815,Capital,Capital,ca. 1130–40,,,,Marble,Overall: 16 3/4 x 17 1/2 x 16 3/4 in. (42.5 x 44.5 x 42.5 cm),Catalan,present-day France,,,,,,,,,,The Cloisters,Sculpture-Architectural,,False,True,https://www.metmuseum.org/art/collection/search/470815,https://images.metmuseum.org/CRDImages/cl/original/cdi25-120-621.jpg,1,https://www.wikidata.org/wiki/Q116253173,,
471653,Plate and Nail,Plate and nail,15th–16th century,,,,Iron,Overall: 3 3/8 in. (8.6 cm),European,,,,,,,,,,,The Cloisters,Metalwork-Iron,,False,True,https://www.metmuseum.org/art/collection/search/471653,https://images.metmuseum.org/CRDImages/cl/original/cdi55-61-92ab.jpg,1,,,
472233,Engaged Double Capital,Capital,Late 15th century,,,,Marble,Overall: 13 3/4 x 18 x 11 in. (34.9 x 45.7 x 27.9 cm),French,France,,,,,,,,,,The Cloisters,Sculpture-Architectural,,False,True,https://www.metmuseum.org/art/collection/search/472233,https://images.metmuseum.org/CRDImages/cl/original/cds25-120-174.jpg,1,https://www.wikidata.org/wiki/Q116245758,,
471616,Grille,Grille,15th–16th century,,,,Iron,Overall: 34 1/4 x 19 1/2 in. (87 x 49.5 cm),European,,,,,,,,,,,The Cloisters,Metalwork-Iron,,False,True,https://www.metmuseum.org/art/collection/search/471616,https://images.metmuseum.org/CRDImages/cl/original/cds160463.jpg,0,,,
471213,Heraldic Panel with Arms of the House of Hapsburg,Panel,ca. 1504–6,,,,"Pot-metal glass, white glass, vitreous paint, and silver stain","34 × 21 in. (86.4 × 53.3 cm)
with modern glass surround: 37 1/2 × 28 × 1 in. (95.3 × 71.1 × 2.5 cm)",South Netherlandish,,,,Lions|Coat of Arms,,,,,,,The Cloisters,Glass-Stained,,False,True,https://www.metmuseum.org/art/collection/search/471213,https://images.metmuseum.org/CRDImages/cl/original/DP-16117-002.jpg,2,https://www.wikidata.org/wiki/Q20201677,,
472308,Virgin and Child,Statuette,14th century,,,,Wood,Overall: 18 7/8 x 10 1/4 x 7 5/8 in. (47.9 x 26 x 19.4 cm),French,,,,Madonna and Child,,,,,,,The Cloisters,Sculpture,,False,True,https://www.metmuseum.org/art/collection/search/472308,https://images.metmuseum.org/CRDImages/cl/original/cdi25-120-225.jpg,3,,,
475489,Cover of a Writing Tablet,Plaque,ca. 1325–50,,,,Elephant ivory,Overall: 3 11/16 x 2 5/16 x 5/16 in. (9.3 x 5.9 x 0.8 cm),French,France,,Paris,Birds|Men|Women,,,,,,,The Cloisters,Ivories-Elephant,,False,True,https://www.metmuseum.org/art/collection/search/475489,https://images.metmuseum.org/CRDImages/cl/original/DP-36848-001.jpg,1,https://www.wikidata.org/wiki/Q116280991,,
471626,Torch Holder,Torch holder,15th–16th century,,,,Iron,Overall: 10 1/4 x 2 1/4 x 2 5/8 in. (26 x 5.7 x 6.7 cm),European,,,,,,,,,,,The Cloisters,Metalwork-Iron,,False,True,https://www.metmuseum.org/art/collection/search/471626,https://images.metmuseum.org/CRDImages/cl/original/cdi55-61-60.jpg,0,,,
471810,Dish,Dish,1430–1460,,,,Tin-glazed earthenware,Overall: 16 in. (40.6 cm),Spanish,Spain,,probably Manises,Flowers,,,,,,,The Cloisters,Ceramics,,False,True,https://www.metmuseum.org/art/collection/search/471810,https://images.metmuseum.org/CRDImages/cl/original/cdi56-171-157.jpg,1,,,
473937,Vault Key,Vault key,14th century,,,,Stone,Overall: 12 x 19 in. (30.5 x 48.3 cm),French,,,,Coat of Arms,,,,,,,The Cloisters,Sculpture-Architectural-Stone,,False,True,https://www.metmuseum.org/art/collection/search/473937,https://images.metmuseum.org/CRDImages/cl/original/cdi25-120-305s2.jpg,0,,,
475519,Strap Hinge,Hinge,15th–16th century,,,,Iron,Overall: 15 1/2 x 1 7/8 in. (39.4 x 4.8 cm),European,,,,,,,,,,,The Cloisters,Metalwork-Iron,,False,True,https://www.metmuseum.org/art/collection/search/475519,https://images.metmuseum.org/CRDImages/cl/original/cdi55-61-54.jpg,0,https://www.wikidata.org/wiki/Q116280975,,
472116,Pilgrim's Badge,Pilgrim's badge,14th–16th century,,,,Lead,Overall: 7/8 in. (2.2 cm),French,,,,,,,,,,,The Cloisters,Metalwork-Lead,,False,True,https://www.metmuseum.org/art/collection/search/472116,https://images.metmuseum.org/CRDImages/cl/original/cdi1977-240-91.jpg,1,,,
471443,Stud and Plate,Stud and plate,15th–16th century,,,,Iron,"a. L. 6 3/4 in. (17.1cm)
b. Diam 2 5/8 in. (6.7cm)",European,,,,,,,,,,,The Cloisters,Metalwork-Iron,,False,True,https://www.metmuseum.org/art/collection/search/471443,https://images.metmuseum.org/CRDImages/cl/original/cdi52-121-13ab.jpg,0,,,
470945,Lintel,Fragment,ca. 1130–40,,,,Marble,Overall: 14 1/2 x 7 3/4 x 9 in. (36.8 x 19.7 x 22.9 cm),Catalan,present-day France,,,,,,,,,,The Cloisters,Sculpture-Architectural-Stone,,False,True,https://www.metmuseum.org/art/collection/search/470945,https://images.metmuseum.org/CRDImages/cl/original/LC-25_120_977.jpg,1,,,
472022,Pilgrim's Badge,Pilgrim's badge,14th–16th century,,,,Lead,Overall: 1/2 x 1 9/16in. (1.2 x 3.9cm),French,,,,Hands,,,,,,,The Cloisters,Metalwork-Lead,,False,True,https://www.metmuseum.org/art/collection/search/472022,https://images.metmuseum.org/CRDImages/cl/original/cdi1977-240-116.jpg,1,,,
473907,Antiphonary,Antiphonary; Manuscript,1736,,,,Paper; leather binding,19.5 x 30.75 inches,Italian,,,,,,,,,,,The Cloisters,Manuscripts and Illuminations,,False,True,https://www.metmuseum.org/art/collection/search/473907,https://images.metmuseum.org/CRDImages/cl/original/cdi25-120-345-2r.jpg,6,https://www.wikidata.org/wiki/Q20201863,,
471930,Engraved Bowl,Bowl,ca. 1130,,,,"Copper alloy, wrought",Overall: 10 7/16 x 1 7/8 in. (26.5 x 4.8 cm),Netherlandish,,,,Bowls,,,,,,,The Cloisters,Metalwork-Copper alloy,,False,True,https://www.metmuseum.org/art/collection/search/471930,https://images.metmuseum.org/CRDImages/cl/original/DP123792.jpg,1,,,
470997,Double capital,Capital,late 13th–early 14th century,,,,Marble,"H.: 12 3/8 in. (31.4 cm)
D.: 17 7/8 in. (45.4 cm)",French,France,Pyrénées-Aquintaine,,,,,,,,,The Cloisters,Sculpture-Architectural,,False,True,https://www.metmuseum.org/art/collection/search/470997,https://images.metmuseum.org/CRDImages/cl/original/DP104561.jpg,1,https://www.wikidata.org/wiki/Q116255892,,
472160,The Harrowing of Hell,Panel,ca. 1390,,,,"Pot-metal and colorless glass, vitreous paint and silver stain",28 11/16 x 12 1/2 in.  (72.8 x 31.7 cm),Austrian,Austria,,,Christ|Demons|Adam|Eve,,,,,,,The Cloisters,Glass-Stained,,False,True,https://www.metmuseum.org/art/collection/search/472160,https://images.metmuseum.org/CRDImages/cl/original/DT274531.jpg,1,https://www.wikidata.org/wiki/Q20201927,,
470662,Column Base,Base,ca. 1130–40,,,,Marble,Overall: 18 x 7 1/2 x 18 in. (45.7 x 19.1 x 45.7 cm),Catalan,present-day France,,,,,,,,,,The Cloisters,Sculpture-Architectural,,False,True,https://www.metmuseum.org/art/collection/search/470662,https://images.metmuseum.org/CRDImages/cl/original/DP132222.jpg,0,https://www.wikidata.org/wiki/Q116378272,,
471308,Candle Bracket,Candlestick,15th century,,,,Wrought iron,Overall: 15 x 15 in. (38.1 x 38.1 cm),French or South Netherlandish,,,,,,,,,,,The Cloisters,Metalwork-Iron,,False,True,https://www.metmuseum.org/art/collection/search/471308,https://images.metmuseum.org/CRDImages/cl/original/cdi47-101-79.jpg,0,https://www.wikidata.org/wiki/Q116252128,,
471323,"Corbel from the Double Sepulchral Monument of Don Àlvar Rodrigo de Cabrera, Count of Urgell and Viscount of Ager and his wife Cecilia of Foix",Corbel,ca. 1300–1350,,,,Limestone,Overall: 12 3/4 x 19 1/4 in. (32.4 x 48.9 cm),Catalan,Spain,,Lerida,,,,,,,,The Cloisters,Sculpture,,False,True,https://www.metmuseum.org/art/collection/search/471323,https://images.metmuseum.org/CRDImages/cl/original/cdi48-140-4.jpg,1,https://www.wikidata.org/wiki/Q116373781,,
466246,Section of a Border with Zigzag Pattern,Fragment,1200/1205–1223,,,,"Pot metal and colorless glass, vitreous paint, and silver stain",Overall: 23 1/2 x 10 x 3/8 in. (59.7 x 25.4 x 1 cm),French,France,,Braine,,,,,,,,The Cloisters,Glass-Stained,,False,True,https://www.metmuseum.org/art/collection/search/466246,https://images.metmuseum.org/CRDImages/cl/original/MED162.jpg,0,https://www.wikidata.org/wiki/Q20201971,,
471309,Door Mount,Door mount,possibly 11th century,,,,Iron,Overall: 15 1/4 x 25 1/8 in. (38.7 x 63.8 cm),French,France,,,Horses,,,,,,,The Cloisters,Metalwork-Iron,,False,True,https://www.metmuseum.org/art/collection/search/471309,https://images.metmuseum.org/CRDImages/cl/original/DP148626.jpg,1,https://www.wikidata.org/wiki/Q116252121,,
479572,"Floor Plan of the Tabernacle, one of six illustrated leaves from the Postilla Litteralis (Literal Commentary) of Nicholas of Lyra",Manuscript leaf,ca. 1360–1380,,,,"Opaque watercolor, iron-gall ink and gold on vellum","16 1/2 x 9 3/4 in. (41.9 x 24.8 cm)
Mat: 22 × 16 in. (55.9 × 40.6 cm)",French,,,,Architecture,,,,,,,The Cloisters,Manuscripts and Illuminations,,False,True,https://www.metmuseum.org/art/collection/search/479572,https://images.metmuseum.org/CRDImages/cl/original/DP280710.jpg,1,https://www.wikidata.org/wiki/Q20201992,,
471305,Candelabra,Candelabra,14th–15th century and later,,,,Iron,H: 52in. (132.1cm),French or Spanish,France or Spain,,,,,,,,,,The Cloisters,Metalwork-Iron,,False,True,https://www.metmuseum.org/art/collection/search/471305,https://images.metmuseum.org/CRDImages/cl/original/cdi47-101-75.jpg,0,https://www.wikidata.org/wiki/Q116252136,,
471295,Falcon,Staff head,ca. 1200–1220,,,,"Bronze, traces of gilding",Overall: 11 x 6 1/2 x 3 1/8 in. (27.9 x 16.5 x 7.9 cm),South Italian,,,,Falcons,,,,,,,The Cloisters,Metalwork-Bronze,,False,True,https://www.metmuseum.org/art/collection/search/471295,https://images.metmuseum.org/CRDImages/cl/original/DP241905.jpg,4,https://www.wikidata.org/wiki/Q116252174,,
471585,Lock,Lock,15th–16th century,,,,Iron,"Overall (a.): 7 1/2 x 5 1/2 in. (19.1 x 14 cm)
Overall (b.): 7 3/8 in. (18.7 cm)
Overall (c, d. each,): 7 1/8 in. (18.1 cm)",French,,,,Women,,,,,,,The Cloisters,Metalwork-Iron,,False,True,https://www.metmuseum.org/art/collection/search/471585,https://images.metmuseum.org/CRDImages/cl/original/cdi55-61-8a-d.jpg,0,,,
683963,Decorative Mount,Mount,ca. 1375–1400,,,,Walrus ivory (or whale tooth),2 3/8 × 2 5/8 × 1 3/4 in. (6 × 6.6 × 4.5 cm),German,,,,Men|Horses|Lions,,,,,,,The Cloisters,Ivories-Walrus,,False,True,https://www.metmuseum.org/art/collection/search/683963,https://images.metmuseum.org/CRDImages/cl/original/DP701982.jpg,14,https://www.wikidata.org/wiki/Q116298003,,
470955,Block,Block,ca. 1130–40,,,,Marble,Overall: 7 1/4 x 8 1/4 x 7 1/4 in. (18.4 x 21 x 18.4 cm),Catalan,France,,,Flowers,,,,,,,The Cloisters,Sculpture-Architectural,,False,True,https://www.metmuseum.org/art/collection/search/470955,https://images.metmuseum.org/CRDImages/cl/original/sf103001.jpg,0,,,
471966,Man of Sorrows with Kneeling Donor,Panel,fourth quarter 15th century with modern additons,,,,Oil and tempera on wood,Overall: 18 x 12 1/2 in. (45.7 x 31.8 cm),Netherlandish,,,,Angels|Christ|Cross|Monks,,,,,,,The Cloisters,Paintings-Panels,,False,True,https://www.metmuseum.org/art/collection/search/471966,https://images.metmuseum.org/CRDImages/cl/original/sf1974-392s1.jpg,0,https://www.wikidata.org/wiki/Q20200920,,
477235,Virgin and Child,Sculpture,ca. 1300,,,,Boxwood,Overall: 14 5/16 x 5 1/4 x 3 1/4 in. (36.4 x 13.4 x 8.3 cm),North French,,,,Madonna and Child,,,,,,,The Cloisters,Sculpture-Wood,,False,True,https://www.metmuseum.org/art/collection/search/477235,https://images.metmuseum.org/CRDImages/cl/original/DP155553.jpg,5,https://www.wikidata.org/wiki/Q116280068,,
471417,Panel with Christ Crowned with Thorns,Panel,early 16th century,,,,Oak,Overall: 35 1/2 x 10 1/2 in. (90.2 x 26.7 cm),French,France,,,Cross,,,,,,,The Cloisters,Woodwork-Architectural,,False,True,https://www.metmuseum.org/art/collection/search/471417,https://images.metmuseum.org/CRDImages/cl/original/DP-14824-017.jpg,1,https://www.wikidata.org/wiki/Q116411003,,
470617,Saint Barbara,Statue,ca. 1490,,,,Limewood with paint,"50 1/4 × 17 × 13 1/4 in., 63 lb. (127.6 × 43.2 × 33.7 cm, 28.6 kg)",German,present-day France,,probably Strasbourg,Women|Saints,,,,,,,The Cloisters,Sculpture,,False,True,https://www.metmuseum.org/art/collection/search/470617,https://images.metmuseum.org/CRDImages/cl/original/DP102928.jpg,1,https://www.wikidata.org/wiki/Q20200953,,
471761,Dish,Dish,late 15th–early 16th century,,,,Tin-glazed earthenware,Overall: 18 1/8 in. (46 cm),Spanish,Spain,,probably Manises,Eagles,,,,,,,The Cloisters,Ceramics,,False,True,https://www.metmuseum.org/art/collection/search/471761,https://images.metmuseum.org/CRDImages/cl/original/cdi56-171-99.jpg,1,,,
472083,Pilgrim's Badge,Pilgrim's badge,14th–16th century,,,,Lead,Overall: 1 5/16 x 1in. (3.4 x 2.5cm),French,,,,Christ|Crucifixion,,,,,,,The Cloisters,Metalwork-Lead,,False,True,https://www.metmuseum.org/art/collection/search/472083,https://images.metmuseum.org/CRDImages/cl/original/cdi1977-240-58.jpg,1,,,
468462,Chasuble,Chasuble,late 15th century,,,,Silk & metal thread,Overall: 46 1/2 x 46 in. (118.1 x 116.8 cm),Spanish (?),,,,Human Figures,,,,,,,The Cloisters,Textiles-Costumes-Ecclesiastical,,False,True,https://www.metmuseum.org/art/collection/search/468462,https://images.metmuseum.org/CRDImages/cl/original/sf-54-17s1.jpg,2,,,
471826,Hunting Scene,Fresco,first half 12th century (possibly 1129–34),,,,Fresco transferred to canvas,Overall: 71 3/4 x 141 in. (182.2 x 358.1 cm),Spanish,Spain,,,Men|Hunting|Dogs|Horses,,,,,,,The Cloisters,Paintings-Fresco,,False,True,https://www.metmuseum.org/art/collection/search/471826,https://images.metmuseum.org/CRDImages/cl/original/cdi57-97-1.jpg,0,https://www.wikidata.org/wiki/Q20200977,,
466199,Leaf from a Beatus Manuscript: the Angel of the Church of Sardis with Saint John,Beatus; Manuscript leaf,ca. 1180,,,,"Tempera, gold, and ink on parchment","Overall (folio): 17 1/2 x 11 13/16 in. (44.4 x 30 cm)
Mat: 22 x 16 in. (55.9 x 40.6 cm)",Spanish,,,,Angels|Saint John the Evangelist,,,,,,,The Cloisters,Manuscripts and Illuminations,,False,True,https://www.metmuseum.org/art/collection/search/466199,https://images.metmuseum.org/CRDImages/cl/original/DP-20623-001.jpg,1,https://www.wikidata.org/wiki/Q20201962,,
465961,Door Knocker,Door knocker,15th century,,,,Wrought iron,"Overall (installed): 5 3/8 x 1 1/16 x 1 5/8 in. (13.6 x 2.7 x 4.1 cm)
Overall: 7 1/8 x 1 1/16 x 1 5/8 in. (18.1 x 2.7 x 4.2 cm)",German,,,,Rams,,,,,,,The Cloisters,Metalwork-Iron,,False,True,https://www.metmuseum.org/art/collection/search/465961,https://images.metmuseum.org/CRDImages/cl/original/sf1972-57s6.jpg,6,,,
469991,Glass Fragment,Fragment,13th century,,,,"Colorless glass, leaded",Overall: 3 1/4 x 3 1/4in. (8.3 x 8.3cm),French,,,,,,,,,,,The Cloisters,Glass-Stained,,False,True,https://www.metmuseum.org/art/collection/search/469991,https://images.metmuseum.org/CRDImages/cl/original/cdi1984-239-2.jpg,0,,,
472050,Pilgrim's Badge,Pilgrim's badge,14th–16th century,,,,Lead,Overall: 7/8 x 3/8 in. (2.2 x 1 cm),French,,,,,,,,,,,The Cloisters,Metalwork-Lead,,False,True,https://www.metmuseum.org/art/collection/search/472050,https://images.metmuseum.org/CRDImages/cl/original/cdi1977-240-25.jpg,1,,,
472156,The Presentation in the Temple,Panel,ca. 1390,,,,"Pot-metal and colorless glass, vitreous paint and silver stain",29 1/4 x 13 in.  (74.3 x 33 cm),Austrian,Austria,,,Temples|Madonna and Child,,,,,,,The Cloisters,Glass-Stained,,False,True,https://www.metmuseum.org/art/collection/search/472156,https://images.metmuseum.org/CRDImages/cl/original/cdi1986-285-3.jpg,1,https://www.wikidata.org/wiki/Q20201919,,
470856,Column Base,Column base,ca. 1130–40,,,,Marble,Overall: 8 1/2 x 17 in. (21.6 x 43.2 cm),Catalan,present-day France,,,,,,,,,,The Cloisters,Sculpture-Architectural,,False,True,https://www.metmuseum.org/art/collection/search/470856,https://images.metmuseum.org/CRDImages/cl/original/sf61151.jpg,0,,,
471816,Nativity of the Virgin,Statue,ca. 1480,,,,Limewood with paint,"14 1/4 × 54 × 17 in., 58 lb. (36.2 × 137.2 × 43.2 cm, 26.3 kg)",German,Germany,,,Infants|Saint Anne|Virgin Mary,,,,,,,The Cloisters,Sculpture-Wood,,False,True,https://www.metmuseum.org/art/collection/search/471816,https://images.metmuseum.org/CRDImages/cl/original/DP-14273-002.jpg,2,https://www.wikidata.org/wiki/Q20200908,,
473860,Angel,Statuette,late 13th century,,,,"Wood, paint","H: 26 1/2"" (67.3cm)",French,,,,Angels,,,,,,,The Cloisters,Sculpture-Wood,,False,True,https://www.metmuseum.org/art/collection/search/473860,https://images.metmuseum.org/CRDImages/cl/original/cdi25-120-231.jpg,1,https://www.wikidata.org/wiki/Q20201847,,
472288,Capital,Capital,late 12th century,,,,Stone,Overall: 11 3/4 x 10 x 10 in. (29.8 x 25.4 x 25.4 cm),French,,,,Last Judgement,,,,,,,The Cloisters,Sculpture-Architectural,,False,True,https://www.metmuseum.org/art/collection/search/472288,https://images.metmuseum.org/CRDImages/cl/original/DP365730.jpg,4,https://www.wikidata.org/wiki/Q116245387,,
472187,Capital,Capital,late 12th century,,,,Stone,Overall: 10 3/4 x 9 7/8 x 9 7/8 in. (27.3 x 25.1 x 25.1 cm),French,,,,,,,,,,,The Cloisters,Sculpture-Architectural,,False,True,https://www.metmuseum.org/art/collection/search/472187,https://images.metmuseum.org/CRDImages/cl/original/cdi-st-g9.jpg,2,https://www.wikidata.org/wiki/Q116256105,,
470892,Bell,Bell,12th century,,,,Bronze,Overall: 3 x 3 3/4 in. (7.6 x 9.5 cm),French,,,,Griffins,,,,,,,The Cloisters,Metalwork-Bronze,,False,True,https://www.metmuseum.org/art/collection/search/470892,https://images.metmuseum.org/CRDImages/cl/original/cdi25-120-448.jpg,0,,,
470327,Two Scenes of Christ and the Apostles,Plaque,ca. 850–900,,,,Elephant ivory with traces of paint,3 7/8 x 3 1/16 x 3/16 in.  (9.9 x 7.8 x 0.5 cm),French,France,,Reims (perhaps),Apostles|Christ,,,,,,,The Cloisters,Ivories-Elephant,,False,True,https://www.metmuseum.org/art/collection/search/470327,https://images.metmuseum.org/CRDImages/cl/original/DT11699.jpg,1,https://www.wikidata.org/wiki/Q20202007,,
479801,Beaker with open-work foot,Vessel,ca. 1500–1525,,,,Free-blown glass with applied decoration,"3 3/4 × 3 11/16 in. (9.6 × 9.4 cm)
Diam. of foot: 2 7/8 in. (7.3 cm)",German,Germany,,,,,,,,,,The Cloisters,Glass-Vessels,,False,True,https://www.metmuseum.org/art/collection/search/479801,https://images.metmuseum.org/CRDImages/cl/original/DP316974.jpg,2,https://www.wikidata.org/wiki/Q116275503,,
472094,Pilgrim's Badge,Pilgrim's badge,15th century,,,,Lead,Overall: 7/8 x 13/16in. (2.3 x 2.1cm),French,,,,Shells,,,,,,,The Cloisters,Metalwork-Lead,,False,True,https://www.metmuseum.org/art/collection/search/472094,https://images.metmuseum.org/CRDImages/cl/original/cdi1977-240-69.jpg,1,,,
471052,Virgin and Child (from an group with the Adoration of the Magi),Sculpture,ca. 1175–1200,,,,Limestone,54 1/4 × 21 × 20 in. (137.8 × 53.3 × 50.8 cm),Spanish,Spain,,,Madonna and Child|Adoration of the Magi,,,,,,,The Cloisters,Sculpture,,False,True,https://www.metmuseum.org/art/collection/search/471052,https://images.metmuseum.org/CRDImages/cl/original/DP366872.jpg,7,https://www.wikidata.org/wiki/Q116373796,,
472014,Pilgrim's Badge,Pilgrim's badge,14th–16th century,,,,Lead,Overall: 7/8 in. (2.2 cm),French,,,,,,,,,,,The Cloisters,Metalwork-Lead,,False,True,https://www.metmuseum.org/art/collection/search/472014,https://images.metmuseum.org/CRDImages/cl/original/cdi1977-240-111.jpg,1,,,
470961,Double Capital,Capital,late 13th–early 14th century,,,,Gray marble,Overall: 21 1/4 x 14 1/2 x 13 1/4 in. (54 x 36.8 x 33.7 cm),French,,,,Faces|Lions,,,,,,,The Cloisters,Sculpture-Architectural,,False,True,https://www.metmuseum.org/art/collection/search/470961,https://images.metmuseum.org/CRDImages/cl/original/25_120_733_cdi_s1.jpg,3,,,
470740,Pier,Pier,ca. 1130–40,,,,Marble,Overall: 78 x 38 1/2 x 36 in. (198.1 x 97.8 x 91.4 cm),Catalan,present-day France,,,,,,,,,,The Cloisters,Sculpture-Architectural,,False,True,https://www.metmuseum.org/art/collection/search/470740,https://images.metmuseum.org/CRDImages/cl/original/DP132222.jpg,0,https://www.wikidata.org/wiki/Q116378394,,
471738,Deep Dish,Dish,second half 15th century,,,,Tin-glazed earthenware,Overall: 18 1/8 in. (46 cm),Spanish,Spain,,,,,,,,,,The Cloisters,Ceramics,,False,True,https://www.metmuseum.org/art/collection/search/471738,https://images.metmuseum.org/CRDImages/cl/original/DP267390.jpg,2,,,
469843,Plaque with Christ Presenting the Keys to Saint Peter and the Law to Saint Paul,Plaque,ca. 1150–1200,,,,Elephant ivory,Overall: 5 15/16 x 3 3/8 x 3/8 in. (15.1 x 8.5 x 0.9 cm),German,Germany,,,Saint Paul|Saint Peter|Keys,,,,,,,The Cloisters,Ivories-Elephant,,False,True,https://www.metmuseum.org/art/collection/search/469843,https://images.metmuseum.org/CRDImages/cl/original/DP-426-001.jpg,1,https://www.wikidata.org/wiki/Q116272731,,
472008,Pilgrim's Badge,Pilgrim's badge,14th–16th century,,,,Lead,Overall: 5/8 in. (1.6 cm),French,,,,,,,,,,,The Cloisters,Metalwork-Lead,,False,True,https://www.metmuseum.org/art/collection/search/472008,https://images.metmuseum.org/CRDImages/cl/original/cdi1977-240-106.jpg,1,,,
470774,Column Shaft,Column shaft,ca. 1130–40,,,,marble,Overall: 35 1/2 x 9 1/8 in. (90.2 x 23.2 cm),Catalan,present-day France,,,,,,,,,,The Cloisters,Sculpture-Architectural,,False,True,https://www.metmuseum.org/art/collection/search/470774,https://images.metmuseum.org/CRDImages/cl/original/DP132222.jpg,0,https://www.wikidata.org/wiki/Q116378409,,
470805,Column Base,Column base,ca. 1130–40,,,,Marble,Overall: 7 x 20 in. (17.8 x 50.8 cm),Catalan,present-day France,,,,,,,,,,The Cloisters,Sculpture-Architectural,,False,True,https://www.metmuseum.org/art/collection/search/470805,https://images.metmuseum.org/CRDImages/cl/original/LC-25_120_611.jpg,1,,,
472053,Pilgrim's Badge,Pilgrim's badge,14th–16th century,,,,Lead,Overall (Diameter): 5/8 in. (1.6 cm),French,,,,Saints,,,,,,,The Cloisters,Metalwork-Lead,,False,True,https://www.metmuseum.org/art/collection/search/472053,https://images.metmuseum.org/CRDImages/cl/original/cdi1977-240-28.jpg,1,,,
472141,Grisaille Panel with Foliate Pattern,Panel,ca. 1320–30,,,,"Pot-metal glass, colorless glass, silver stain, and vitreous paint",127 1/2 x 36 1/4 in.  (323.8 x 92 cm),French,France,,Rouen,Leaves,,,,,,,The Cloisters,Glass-Stained,,False,True,https://www.metmuseum.org/art/collection/search/472141,https://images.metmuseum.org/CRDImages/cl/original/cdi1984-199-3s1.jpg,1,https://www.wikidata.org/wiki/Q20201107,,
470123,Door Knocker,Door knocker,15th–16th century,,,,Iron,"Overall (as if installed): 9 3/8 x 3 1/16 x 4 3/8 in. (23.8 x 7.8 x 11.1 cm)
Overall: 12 5/8 x 3 1/16 x 4 1/16 in. (32 x 7.8 x 10.3 cm)",European,,,,Lizards,,,,,,,The Cloisters,Metalwork-Iron,,False,True,https://www.metmuseum.org/art/collection/search/470123,https://images.metmuseum.org/CRDImages/cl/original/sf52-121-12s3.jpg,4,,,
466292,Adoration of the Magi,Panel,1507,,,,"Pot metal and colorless glass, vitreous paint, and silver stain",Overall: 28 1/2 x 18 x 3/8 in. (72.4 x 45.7 x 1 cm),German,Germany,,Munich,Virgin Mary|Jesus|Adoration of the Magi,Circle of Peter Hemmel von Andlau (Strassburger Werkstattgemeinschaft),Artist,,1470,1500,,The Cloisters,Glass-Stained,"active Southern and Central Germany, ca. 1470–1500",False,True,https://www.metmuseum.org/art/collection/search/466292,https://images.metmuseum.org/CRDImages/cl/original/DT4035.jpg,0,https://www.wikidata.org/wiki/Q20201980,,
475506,Boss and Nail,Boss and nail,15th–16th century,,,,Iron,Overall: 1 7/8 in. (4.8 cm),European,,,,,,,,,,,The Cloisters,Metalwork-Iron,,False,True,https://www.metmuseum.org/art/collection/search/475506,https://images.metmuseum.org/CRDImages/cl/original/cdi55-61-122ab.jpg,1,,,
472311,Capital,Capital,late 12th century,,,,Stone,11 13/16 x 9 13/16 x 9 13/16 in. (30 x 25 x 25 cm),French,,,,Faces|Leaves,,,,,,,The Cloisters,Sculpture-Architectural,,False,True,https://www.metmuseum.org/art/collection/search/472311,https://images.metmuseum.org/CRDImages/cl/original/cdi-st-g1.jpg,2,https://www.wikidata.org/wiki/Q116256058,,
470695,Column Shaft,Column shaft,late 13th–early 14th century,,,,Marble,"H.:      43 1/4 in. (109.9 cm)
Circum.: 18     in",French,France,Pyrénées-Aquintaine,,,,,,,,,The Cloisters,Sculpture-Architectural,,False,True,https://www.metmuseum.org/art/collection/search/470695,https://images.metmuseum.org/CRDImages/cl/original/DP104561.jpg,0,https://www.wikidata.org/wiki/Q116254133,,
468483,"Busts of Achilles, Agamemnon, and Hector in Conference (from Scenes from The Story of The Trojan War)",Tapestry,ca. 1470–90,,,,"Wool warp, wool wefts with a few silk wefts",Overall: 31 x 66in. (78.7 x 167.6cm),South Netherlandish,South Netherlands,,Tournai,Trojan War|Achilles|Agamemnon,Pasquier Grenier of Tournai,Artist,Burgundian,1393,1493,,The Cloisters,Textiles-Tapestries,"Burgundian, died 1493",False,True,https://www.metmuseum.org/art/collection/search/468483,https://images.metmuseum.org/CRDImages/cl/original/DP170643.jpg,1,,,http://vocab.getty.edu/page/ulan/500058672
470625,Cornice Part,Cornice,ca. 1130–40,,,,Marble,Overall: 22 1/2 x 5 1/4 x 8 5/8 in. (57.2 x 13.3 x 21.9 cm),Catalan,present-day France,,,,,,,,,,The Cloisters,Sculpture-Architectural,,False,True,https://www.metmuseum.org/art/collection/search/470625,https://images.metmuseum.org/CRDImages/cl/original/sf103006.jpg,0,,,
470819,Capital,Capital,ca. 1130–40,,,,Marble,Overall: 14 x 15 x 14 in. (35.6 x 38.1 x 35.6 cm),Catalan,present-day France,,,,,,,,,,The Cloisters,Sculpture-Architectural,,False,True,https://www.metmuseum.org/art/collection/search/470819,https://images.metmuseum.org/CRDImages/cl/original/cdi25-120-625.jpg,1,https://www.wikidata.org/wiki/Q116253143,,
475565,"King of Nooses, from The Cloisters Playing Cards",Playing card,ca. 1475–80,,,,"Paper (four layers of pasteboard) with pen and ink, opaque paint, glazes, and applied silver and gold",5 3/16 × 2 3/4 in. (13.2 × 7 cm),South Netherlandish,,,,Kings|Playing Cards|Games,,,,,,,The Cloisters,Miscellaneous-Paper,,False,True,https://www.metmuseum.org/art/collection/search/475565,https://images.metmuseum.org/CRDImages/cl/original/DP354542.jpg,3,,,
470299,Window with Grisaille Decoration,Window,ca. 1320–30,,,,"Pot metal glass, colorless glass, silver stain, and vitreous paint",Overall: 28 1/4 x 23 1/2 in. (71.8 x 59.7 cm),French,France,,Rouen,,,,,,,,The Cloisters,Glass-Stained,,False,True,https://www.metmuseum.org/art/collection/search/470299,https://images.metmuseum.org/CRDImages/cl/original/cdi48-183-2v2.jpg,0,https://www.wikidata.org/wiki/Q20201040,,
471225,Bench,Bench,16th century,,,,Walnut,Overall: 36 x 96 x 17 in. (91.4 x 243.8 x 43.2 cm),Italian,,,,,,,,,,,The Cloisters,Woodwork-Furniture,,False,True,https://www.metmuseum.org/art/collection/search/471225,https://images.metmuseum.org/CRDImages/cl/original/sf38-168-2.jpg,0,,,
472188,Column Base,Base,20th century,,,,Cement,Overall: 5 1/2 x 10 1/4 x 12 5/8 in. (14 x 26 x 32.1 cm),European,,,,,,,,,,,The Cloisters,Sculpture-Architectural,,False,True,https://www.metmuseum.org/art/collection/search/472188,https://images.metmuseum.org/CRDImages/cl/original/cdi-st-g9.jpg,1,https://www.wikidata.org/wiki/Q116256107,,
472291,Column Shaft,Shaft,20th century,,,,Cement,40 x 6 in. (101.6 x 15.3 cm),European or American (?),,,,,,,,,,,The Cloisters,Reproductions-Sculpture,,False,True,https://www.metmuseum.org/art/collection/search/472291,https://images.metmuseum.org/CRDImages/cl/original/cdi-st-g5.jpg,1,https://www.wikidata.org/wiki/Q116245439,,
472227,Abacus,Abacus,20th century,,,,Stone,Overall: 3 3/4 x 15 5/8 x 24 3/8 in. (9.5 x 39.7 x 61.9 cm),European,,,,,,,,,,,The Cloisters,Sculpture-Architectural,,False,True,https://www.metmuseum.org/art/collection/search/472227,https://images.metmuseum.org/CRDImages/cl/original/cdi-st-g21.jpg,2,https://www.wikidata.org/wiki/Q116256264,,
468558,Honor Making a Chaplet of Roses,Tapestry,ca. 1410–20,,,,"Wool warp, wool wefts",93 x 108 in.  (236.2 x 274.3 cm),South Netherlandish,,,,Gardens|Men|Women|Roses,,,,,,,The Cloisters,Textiles-Tapestries,,False,True,https://www.metmuseum.org/art/collection/search/468558,https://images.metmuseum.org/CRDImages/cl/original/DP136368.jpg,1,,,
473804,Capital,Capital,15th century,,,,Sandstone,Overall: 10 x 8 in. (25.4 x 20.3 cm),Spanish,Spain,,,,,,,,,,The Cloisters,Sculpture-Architectural,,False,True,https://www.metmuseum.org/art/collection/search/473804,https://images.metmuseum.org/CRDImages/cl/original/cdi08-164-9s1.jpg,5,,,
476711,Bust of the Virgin,Bust,ca. 1390–95,,,,Terracotta with paint,12 13/16 x 8 13/16 x 5 7/16 in. (32.5 x 22.4 x 13.8 cm),Bohemian,,,Prague,Virgin Mary|Crowns,,,,,,,The Cloisters,Sculpture-Ceramics,,True,True,https://www.metmuseum.org/art/collection/search/476711,https://images.metmuseum.org/CRDImages/cl/original/DP124049.jpg,2,https://www.wikidata.org/wiki/Q20201038,,
470793,Corbel,Corbel,ca. 1130–40,,,,Marble,Overall: 6 1/2 x 6 3/8 x 7 3/4 in. (16.5 x 16.2 x 19.7 cm),Catalan,present-day France,,,Lions,,,,,,,The Cloisters,Sculpture-Architectural,,False,True,https://www.metmuseum.org/art/collection/search/470793,https://images.metmuseum.org/CRDImages/cl/original/cdi25-120-599.jpg,3,https://www.wikidata.org/wiki/Q116253505,,
470730,Column Shaft,Column shaft,ca. 1130–1140,,,,Marble,Overall: 35 5/8 x 9 1/8 in. (90.5 x 23.2 cm),Catalan,present-day France,,,,,,,,,,The Cloisters,Sculpture-Architectural,,False,True,https://www.metmuseum.org/art/collection/search/470730,https://images.metmuseum.org/CRDImages/cl/original/DP132222.jpg,0,https://www.wikidata.org/wiki/Q116378365,,
470624,Spandrel,Spandrel,ca. 1130–40,,,,Marble,Overall: 17 3/4 x 14 3/4 in. (45.1 x 37.5 cm),Catalan,present-day France,,,Birds,,,,,,,The Cloisters,Sculpture-Architectural,,False,True,https://www.metmuseum.org/art/collection/search/470624,https://images.metmuseum.org/CRDImages/cl/original/sf103005s2.jpg,0,,,
471345,"Capital (from ensemble of Capital, Shaft, and Base)",Capital,late 12th century,,,,Limestone,11 × 9 5/8 × 9 5/8 in. (27.9 × 24.4 × 24.4 cm),French,France,,,,,,,,,,The Cloisters,Sculpture-Architectural,,False,True,https://www.metmuseum.org/art/collection/search/471345,https://images.metmuseum.org/CRDImages/cl/original/cdi49-69-8a.jpg,0,https://www.wikidata.org/wiki/Q116251985,,
471783,Deep Dish,Dish,ca. 1490,,,,Tin-glazed earthenware,Overall: 18 3/8 in. (46.7 cm),Spanish,Spain,,probably Manises,,,,,,,,The Cloisters,Ceramics,,False,True,https://www.metmuseum.org/art/collection/search/471783,https://images.metmuseum.org/CRDImages/cl/original/cdi56-171-126.jpg,1,,,
473458,Kneeling Donor,Statuette,late 15th century,,,,Stone,Overall: 18 in. (45.7 cm),French,,,,Human Figures,,,,,,,The Cloisters,Sculpture-Stone,,False,True,https://www.metmuseum.org/art/collection/search/473458,https://images.metmuseum.org/CRDImages/cl/original/LC-25_120_369-001.jpg,4,,,
471984,Crucified Christ,Corpus,ca. 1150–75,,,,"Copper alloy, gilt",Overall: 6 x 5 3/4 in. (15.2 x 14.6 cm),German,Germany,,,Christ|Crucifixion,,,,,,,The Cloisters,Metalwork-Copper alloy,,False,True,https://www.metmuseum.org/art/collection/search/471984,https://images.metmuseum.org/CRDImages/cl/original/cdi1972-142s1.jpg,2,,,
469968,Pilgrim's Badge with Bust of a Bishop,Pilgrim's badge,14th and 15th century,,,,Lead,Overall: 1 1/8in. (2.8cm),British,England,,Canterbury (?),Bishops,,,,,,,The Cloisters,Metalwork-Lead,,False,True,https://www.metmuseum.org/art/collection/search/469968,https://images.metmuseum.org/CRDImages/cl/original/cdi1986-77-2.jpg,1,,,
478787,Parapet Block Fragment,Block,ca. 1130–40,,,,Stone,,French,France,,,,,,,,,,The Cloisters,Sculpture-Architectural,,False,True,https://www.metmuseum.org/art/collection/search/478787,https://images.metmuseum.org/CRDImages/cl/original/198813.jpg,0,,,
471064,Roundel with Adoration of the Magi,Roundel,1480–90,,,,"Colorless glass, vitreous paint and silver stain",Overall Diam.: 7 7/8 in. (20 cm),German,Germany,,,Men|Virgin Mary|Jesus|Adoration of the Magi,,,,,,,The Cloisters,Glass-Stained,,False,True,https://www.metmuseum.org/art/collection/search/471064,https://images.metmuseum.org/CRDImages/cl/original/cdi32-24-1.jpg,0,https://www.wikidata.org/wiki/Q20201626,,
473803,Capital,Capital,15th century,,,,Sandstone,Overall: 7 x 9 in. (17.8 x 22.9 cm),Spanish,Spain,,,,,,,,,,The Cloisters,Sculpture-Architectural,,False,True,https://www.metmuseum.org/art/collection/search/473803,https://images.metmuseum.org/CRDImages/cl/original/cdi08-164-8s1.jpg,5,,,
471165,Three Sections of Cloister Arcade,Arcade,15th century,,,,Limestone,"(each) H. 6'10-11/16"",  W. (center to center) 36-1/4 in.",French,France,,Froville,,,,,,,,The Cloisters,Installations,,False,True,https://www.metmuseum.org/art/collection/search/471165,https://images.metmuseum.org/CRDImages/cl/original/cdi35-35-5-13.jpg,0,https://www.wikidata.org/wiki/Q116252422,,
472086,Pilgrim's Badge,Pilgrim's badge,14th–16th century,,,,Lead,Overall: 1/2 x 3/16in. (1.3 x 0.4cm),French,,,,Men,,,,,,,The Cloisters,Metalwork-Lead,,False,True,https://www.metmuseum.org/art/collection/search/472086,https://images.metmuseum.org/CRDImages/cl/original/cdi1977-240-61.jpg,1,,,
473813,Capital,Capital,late 12th century,,,,Stone,11 x 9 7/8 x 9 5/8 in. (27.9 x 25.1 x 24.4 cm),French,,,,,,,,,,,The Cloisters,Sculpture-Architectural,,False,True,https://www.metmuseum.org/art/collection/search/473813,https://images.metmuseum.org/CRDImages/cl/original/cdi-st-g23.jpg,2,https://www.wikidata.org/wiki/Q116256090,,
472000,Pilgrim's Badge,Pilgrim's badge,14th–16th century,,,,Lead,Overall: 1 9/16 x 1/2in. (3.9 x 1.2cm),French,,,,Men,,,,,,,The Cloisters,Metalwork-Lead,,False,True,https://www.metmuseum.org/art/collection/search/472000,https://images.metmuseum.org/CRDImages/cl/original/cdi1977-240-10.jpg,1,,,
471462,Tomb Effigy of a Lady,Tomb effigy,mid-13th century,,,,Limestone,Overall: 87 x 35 1/4 in. (221 x 89.5 cm),French,,,,Tombs|Women,,,,,,,The Cloisters,Sculpture,,False,True,https://www.metmuseum.org/art/collection/search/471462,https://images.metmuseum.org/CRDImages/cl/original/cdi53-137.jpg,1,https://www.wikidata.org/wiki/Q116373774,,
471972,Game Piece with Hercules Slaying the Three-Headed Geryon,Game piece,ca. 1150,,,,Ivory,Overall: 2 3/4 in. (7 cm),German,Germany,,Cologne,Hercules|Monsters|Games,,,,,,,The Cloisters,Ivories-Walrus,,False,True,https://www.metmuseum.org/art/collection/search/471972,https://images.metmuseum.org/CRDImages/cl/original/DP102831.jpg,0,https://www.wikidata.org/wiki/Q20201160,,
471193,Doorway,Doorway,early 16th century,,,,Limestone,"Overall: 139 3/4 x 70 7/8 in. (355 x 180 cm)
Opening: 76 3/4 x 36 3/4 in. (194.9 x 93.3 cm)",French,France,,Meurthe-et-Moselle,Doorways,,,,,,,The Cloisters,Installations,,False,True,https://www.metmuseum.org/art/collection/search/471193,https://images.metmuseum.org/CRDImages/cl/original/cdi36-93.jpg,0,https://www.wikidata.org/wiki/Q116252303,,
471579,Lock,Lock,15th–16th century,,,,Iron,"Overall (a): 6 3/4 x 7 in. (17.1 x 17.8 cm)
Overall (b): 1 3/4 x 9 in. (4.4 x 22.9 cm)
Overall (c-f): 2 1/2 in. (6.4 cm)",European,,,,Human Figures|Salamanders,,,,,,,The Cloisters,Metalwork-Iron,,False,True,https://www.metmuseum.org/art/collection/search/471579,https://images.metmuseum.org/CRDImages/cl/original/cdi55-61-1a-f.jpg,2,,,
469884,Grisaille Panels with Stylized Periwinkle Flowers,Panel,ca. 1320–30,,,,"Pot-metal glass, colorless glass, silver stain, and vitreous paint",127 1/2 x 36 1/4 in.  (323.8 x 92 cm),French,France,,Rouen,,,,,,,,The Cloisters,Glass-Stained,,False,True,https://www.metmuseum.org/art/collection/search/469884,https://images.metmuseum.org/CRDImages/cl/original/cdi1984-199-1a-e.jpg,1,https://www.wikidata.org/wiki/Q20201051,,
471446,Door Pull,Door pull,15th–16th century,,,,Iron,L. 8 1/4 in. ( 21cm),European,,,,,,,,,,,The Cloisters,Metalwork-Iron,,False,True,https://www.metmuseum.org/art/collection/search/471446,https://images.metmuseum.org/CRDImages/cl/original/cdi52-121-16.jpg,0,,,
471960,Roundel with Adoration of the Kings,Roundel,1510–20,,,,"Colorless glass, vitreous paint and silver stain",Overall: 8 3/4 in. (22.2 cm),North Netherlandish,North Netherlands,,,Madonna and Child|Adoration of the Magi,,,,,,,The Cloisters,Glass-Stained,,False,True,https://www.metmuseum.org/art/collection/search/471960,https://images.metmuseum.org/CRDImages/cl/original/DP241182.jpg,0,https://www.wikidata.org/wiki/Q20201793,,
467654,The Unicorn Surrenders to a Maiden (from the Unicorn Tapestries),Tapestry,1495–1505,,,,"Wool warp with wool, silk, silver, and gilt wefts",Overall: 78 x 25 1/2 in. (198.1 x 64.8 cm),South Netherlandish,,,,Men|Women|Hunting|Unicorns|Dogs,,,,,,,The Cloisters,Textiles-Tapestries,,False,True,https://www.metmuseum.org/art/collection/search/467654,https://images.metmuseum.org/CRDImages/cl/original/DP155501.jpg,1,https://www.wikidata.org/wiki/Q116280394,,
471311,Door Mount,Door mount,possibly 11th century,,,,Iron,Overall: 16 3/8 x 34 3/16 in. (41.6 x 86.9 cm),French,France,,,,,,,,,,The Cloisters,Metalwork-Iron,,False,True,https://www.metmuseum.org/art/collection/search/471311,https://images.metmuseum.org/CRDImages/cl/original/cdi47-101-83.jpg,0,https://www.wikidata.org/wiki/Q116252133,,
471822,Ring Brooch,Ring brooch,13th century,,,,Copper alloy,Overall  Diameter: 1 in. (2.5 cm),European,,,,,,,,,,,The Cloisters,Metalwork-Copper alloy,,False,True,https://www.metmuseum.org/art/collection/search/471822,https://images.metmuseum.org/CRDImages/cl/original/cdi57-26-6.jpg,1,,,
470136,The Mater Dolorosa,Stained glass panel,ca. 1480,,,,"Pot-metal glass and colorless glass, silver stain, and vitreous paint",19 5/8 x 16 3/8 in.  (49.8 x 41.6 cm),South German,Germany,,,Virgin Mary,Lautenbach Master,Artist,German,,,,The Cloisters,Glass-Stained,"German, active late 15th century",False,True,https://www.metmuseum.org/art/collection/search/470136,https://images.metmuseum.org/CRDImages/cl/original/DP102940.jpg,0,https://www.wikidata.org/wiki/Q20201473,https://www.wikidata.org/wiki/Q21857518,(not assigned)
470862,Column Base,Column base,ca. 1130–40,,,,Marble,Overall: 8 1/2 x 17 1/2 in. (21.6 x 44.5 cm),Catalan,present-day France,,,,,,,,,,The Cloisters,Sculpture-Architectural,,False,True,https://www.metmuseum.org/art/collection/search/470862,https://images.metmuseum.org/CRDImages/cl/original/sf61157.jpg,0,,,
470831,Capital,Capital,ca. 1130–40,,,,Marble,Overall: 16 3/4 x 16 3/4 x 16 3/4 in. (42.5 x 42.5 x 42.5 cm),Catalan,present-day France,,,,,,,,,,The Cloisters,Sculpture-Architectural,,False,True,https://www.metmuseum.org/art/collection/search/470831,https://images.metmuseum.org/CRDImages/cl/original/cdi25-120-626.jpg,1,https://www.wikidata.org/wiki/Q116253043,,
478211,Dish with Abraham and Melchizedek,Dish,1498,,,,Free-blown glass with paint and metallic foils,Overall: 14 1/2 x 1 5/8 in. (36.9 x 4.2 cm),South German,,,,Kings|Abraham,Hans of Landshut,Artist,German,1400,1550,,The Cloisters,Glass-Miscellany,"German, Landshut, active late 15th century",True,True,https://www.metmuseum.org/art/collection/search/478211,https://images.metmuseum.org/CRDImages/cl/original/DP165080v2.jpg,12,https://www.wikidata.org/wiki/Q20200925,https://www.wikidata.org/wiki/Q56738109,(not assigned)
463377,Altarpiece (retablo) with Scenes from the Passion,Altarpiece,second half 15th century,,,,"Tempera, gilt, wood","Overall: 56 x 120 3/4 x 3 in., 178lb. (142.2 x 306.7 x 7.6 cm, 80740.3g)",Spanish,Spain,,,Men|Women|Christ|Judas,Master Morata,Artist,Spanish,1470,1505,,The Cloisters,Paintings-Panels,"Spanish, Aragon, active 1470–1505",False,True,https://www.metmuseum.org/art/collection/search/463377,https://images.metmuseum.org/CRDImages/cl/original/DP-14824-023.jpg,0,https://www.wikidata.org/wiki/Q20200947,https://www.wikidata.org/wiki/Q101530066,http://vocab.getty.edu/page/ulan/500039615
471952,Plaque from a Reliquary,Plaque,early 13th century,,,,"Champlevé and cloisonné enamel, copper-gilt",Overall: 3 5/16 x 1 9/16 x 5/16 in. (8.4 x 4 x 0.8 cm),German,Germany,,Cologne,Flowers,Master of the Virgin Mary's Reliquary Casket,Artist,German,,,,The Cloisters,Enamels,"German, Aachen",False,True,https://www.metmuseum.org/art/collection/search/471952,https://images.metmuseum.org/CRDImages/cl/original/DP226847crop1.jpg,2,https://www.wikidata.org/wiki/Q116247622,,
472004,Pilgrim's Badge,Pilgrim's badge,14th–16th century,,,,Lead,Overall: 1 1/4 x 1/2in. (3.1 x 1.3cm),French,,,,,,,,,,,The Cloisters,Metalwork-Lead,,False,True,https://www.metmuseum.org/art/collection/search/472004,https://images.metmuseum.org/CRDImages/cl/original/cdi1977-240-103.jpg,1,,,
472049,Pilgrim's Badge,Pilgrim's badge,14th–16th century,,,,Lead,Overall: 13/16 x 1/2in. (2.1 x 1.2cm),French,,,,Saints,,,,,,,The Cloisters,Metalwork-Lead,,False,True,https://www.metmuseum.org/art/collection/search/472049,https://images.metmuseum.org/CRDImages/cl/original/cdi1977-240-24.jpg,1,,,
472385,Double Capital Fragment with the Stoning of St. Stephen,Capital,12th Century,,,,Marble,15 1/4 × 12 1/2 × 9 1/4 in. (38.7 × 31.8 × 23.5 cm),French,France,,,Saints,,,,,,,The Cloisters,Sculpture-Architectural,,False,True,https://www.metmuseum.org/art/collection/search/472385,https://images.metmuseum.org/CRDImages/cl/original/LC-22_37_1-001.jpg,3,,,
474347,Head of a Youth,Statue head,ca. 1230–50,,,,Limestone,6 7/8 x 6 13/16 x 4 15/16 in. (17.5 x 17.3 x 12.5 cm),French,,,,Heads|Men,,,,,,,The Cloisters,Sculpture-Stone,,False,True,https://www.metmuseum.org/art/collection/search/474347,https://images.metmuseum.org/CRDImages/cl/original/DP134449.jpg,2,https://www.wikidata.org/wiki/Q116411518,,
470754,Capital,Capital,ca. 1270–1300,,,,White stone.,Overall: 14 1/4 x 12 3/4 in. (36.2 x 32.4 cm),French,France,,,Flowers,,,,,,,The Cloisters,Sculpture-Architectural,,False,True,https://www.metmuseum.org/art/collection/search/470754,https://images.metmuseum.org/CRDImages/cl/original/cfsf25-120-533s3.jpg,0,,,
479576,"Initial ""V"" from the commentary of Nehemiah, one of six illustrated leaves from the Postilla Litteralis (Literal Commentary) of Nicholas of Lyra",Manuscript leaf,ca. 1360–1380,,,,"Opaque watercolor, iron-gall ink and gold on vellum","16 1/2 x 9 3/4 in. (41.9 x 24.8 cm)
Mat: 22 × 16 in. (55.9 × 40.6 cm)",French,,,,,,,,,,,The Cloisters,Manuscripts and Illuminations,,False,True,https://www.metmuseum.org/art/collection/search/479576,https://images.metmuseum.org/CRDImages/cl/original/DP280714.jpg,1,https://www.wikidata.org/wiki/Q20202003,,
479495,The Falcon's Bath,Tapestry,ca. 1400–1415,,,,Tapestry with wool warp and wool wefts,Overall: 137 1/2 × 145 1/2 in. (349.3 × 369.6 cm),South Netherlandish,,,,Birds|Falcons|Men|Women|Flowers,,,,,,,The Cloisters,Textiles-Tapestries,,False,True,https://www.metmuseum.org/art/collection/search/479495,https://images.metmuseum.org/CRDImages/cl/original/DP287762.jpg,5,,,
472356,Column Base,Base,20th century,,,,Cement,Overall: 4 3/8 x 7 7/8 x 8 1/2 in. (11.1 x 20 x 21.6 cm),European or American (?),,,,,,,,,,,The Cloisters,Reproductions-Sculpture,,False,True,https://www.metmuseum.org/art/collection/search/472356,https://images.metmuseum.org/CRDImages/cl/original/cdi-st-g7.jpg,1,https://www.wikidata.org/wiki/Q116245494,,
478999,Grisaille Panels,Stained glass panels,1270–80,,,,Pot-metal and colorless glass with vitreous paint,"Overall installation: 11 ft. 6 in. × 28 1/2 in. (350.5 × 72.4 cm)
.1: 20 7/8 × 28 1/2 × 3/8 in. (53 × 72.4 × 1 cm)
.2: 25 in. × 28 1/2 in. × 3/8 in. (63.5 × 72.4 × 1 cm)
.3: 24 5/8 × 28 1/2 × 3/8 in. (62.5 × 72.4 × 1 cm)
.4: 20 13/16 × 28 1/2 × 3/8 in. (52.9 × 72.4 × 1 cm)
Modern panel, top: 23 1/4 × 28 1/2 × 3/8 in. (59.1 × 72.4 × 1 cm)
Modern panel, bottom: 21 1/2 × 28 5/8 × 3/8 in. (54.6 × 72.7 × 1 cm)",French,France,,,,,,,,,,The Cloisters,Glass-Stained,,False,True,https://www.metmuseum.org/art/collection/search/478999,https://images.metmuseum.org/CRDImages/cl/original/DP273207.jpg,1,https://www.wikidata.org/wiki/Q20201017,,
472167,Cusped Lancet head,Panel,ca. 1390,,,,"Pot-metal and colorless glass, vitreous paint and silver stain",9 1/2 x 12 1/2 in.  (24.1 x 31.8 cm),Austrian,Austria,,Ebreichsdorf,Buildings,,,,,,,The Cloisters,Glass-Stained,,False,True,https://www.metmuseum.org/art/collection/search/472167,https://images.metmuseum.org/CRDImages/cl/original/DP102917crop4.jpg,1,https://www.wikidata.org/wiki/Q20201895,,
472110,Pilgrim's Badge,Pilgrim's badge,14th–16th century,,,,Lead,Overall: 1 1/8 in. (2.9 cm),French,,,,Angels,,,,,,,The Cloisters,Metalwork-Lead,,False,True,https://www.metmuseum.org/art/collection/search/472110,https://images.metmuseum.org/CRDImages/cl/original/cdi1977-240-85.jpg,1,,,
478802,Block Fragment,Block,ca. 1130–40,,,,Stone,,French,France,,,,,,,,,,The Cloisters,Sculpture-Architectural,,False,True,https://www.metmuseum.org/art/collection/search/478802,https://images.metmuseum.org/CRDImages/cl/original/198828.jpg,0,,,
470692,Cloister Arcades with Double Capitals,Column shaft,late 13th–early 14th century,,,,Stone,53 3/4 × 5 1/4 in. (136.5 × 13.3 cm),French,France,,,,,,,,,,The Cloisters,Sculpture-Architectural,,False,True,https://www.metmuseum.org/art/collection/search/470692,https://images.metmuseum.org/CRDImages/cl/original/DP102892.jpg,0,https://www.wikidata.org/wiki/Q116275969,,
471039,Virgin and Child,Relief statue,ca. 1500–1510,,,,"Stone, paint",Overall: 32 1/4 in. (81.9 cm),French,,,,Madonna and Child,,,,,,,The Cloisters,Sculpture,,False,True,https://www.metmuseum.org/art/collection/search/471039,https://images.metmuseum.org/CRDImages/cl/original/cdi26-63-30.jpg,0,https://www.wikidata.org/wiki/Q20201625,,
471614,Chain,Chain,15th–16th century,,,,Iron,Overall: 29 x 1 7/8 in. (73.7 x 4.8 cm),European,,,,,,,,,,,The Cloisters,Metalwork-Iron,,False,True,https://www.metmuseum.org/art/collection/search/471614,https://images.metmuseum.org/CRDImages/cl/original/cdi55-61-42.jpg,0,,,
472054,Pilgrim's Badge,Pilgrim's badge,14th–16th century,,,,Lead,Overall: 3/4 x 9/16in. (1.9 x 1.5cm),French,,,,,,,,,,,The Cloisters,Metalwork-Lead,,False,True,https://www.metmuseum.org/art/collection/search/472054,https://images.metmuseum.org/CRDImages/cl/original/cdi1977-240-29.jpg,1,,,
470678,Column Shaft,Shaft,late 13th–early 14th century,,,,Marble,Overall: 62 1/2 in. (158.8 cm),French,France,,,,,,,,,,The Cloisters,Sculpture-Architectural,,False,True,https://www.metmuseum.org/art/collection/search/470678,https://images.metmuseum.org/CRDImages/cl/original/DP102892.jpg,1,https://www.wikidata.org/wiki/Q116275957,,
470636,Column Shaft,Shaft,late 12th century,,,,Stone,Overall: 40 3/4 x 5 5/8 in. (103.5 x 14.3 cm),French,France,,,,,,,,,,The Cloisters,Sculpture-Architectural,,False,True,https://www.metmuseum.org/art/collection/search/470636,https://images.metmuseum.org/CRDImages/cl/original/cdi-st-g1.jpg,1,https://www.wikidata.org/wiki/Q116256055,,
471877,Quatrefoil-shaped Tracery Light,Panel,1340–50,,,,Pot-metal and colorless glass with vitreous paint,Overall: 10 1/4 x 10 1/4 in. (26 x 26 cm),Austrian,Austria,,,,,,,,,,The Cloisters,Glass-Stained,,False,True,https://www.metmuseum.org/art/collection/search/471877,https://images.metmuseum.org/CRDImages/cl/original/cdi68-224-6.jpg,1,https://www.wikidata.org/wiki/Q20201814,,
471122,Roundel with Susanna Led to Judgement,Roundel,ca. 1510,,,,"Colorless glass, vitreous paint and silver stain",Overall Diam.:  8 9/16 in. (21.7 cm),North Netherlandish,,,,Children|Men|Women,,,,,,,The Cloisters,Glass-Stained,,False,True,https://www.metmuseum.org/art/collection/search/471122,https://images.metmuseum.org/CRDImages/cl/original/cdi32-24-59.jpg,0,https://www.wikidata.org/wiki/Q20201587,,
472038,Pilgrim's Badge,Pilgrim's badge,14th–16th century,,,,Lead,Overall: 1/4 x 11/16in. (0.7 x 1.7cm),French,,,,,,,,,,,The Cloisters,Metalwork-Lead,,False,True,https://www.metmuseum.org/art/collection/search/472038,https://images.metmuseum.org/CRDImages/cl/original/cdi1977-240-130.jpg,1,,,
470847,Column Base,Column base,ca. 1130–1140,,,,Pink marble,Overall: 17 1/2 x 8 x 17 1/2 in. (44.5 x 20.3 x 44.5 cm),Catalan,present-day France,,,,,,,,,,The Cloisters,Sculpture-Architectural,,False,True,https://www.metmuseum.org/art/collection/search/470847,https://images.metmuseum.org/CRDImages/cl/original/DP132222.jpg,0,https://www.wikidata.org/wiki/Q116378425,,
472213,Column Shaft,Shaft,late 15th century,,,,Marble,Overall: 42in. (106.7cm); Circumference 18.25 in. (46.4 cm),French,,,,,,,,,,,The Cloisters,Sculpture-Architectural,,False,True,https://www.metmuseum.org/art/collection/search/472213,https://images.metmuseum.org/CRDImages/cl/original/DP104561.jpg,1,https://www.wikidata.org/wiki/Q116255914,,
668683,Tile with a King Holding Flowers,Tile,13th–14th century,,,,Glazed earthenware,5 × 5 1/16 × 15/16 in. (12.7 × 12.8 × 2.4 cm),British,England,,,Kings|Heads,,,,,,,The Cloisters,Ceramics-Tiles,,False,True,https://www.metmuseum.org/art/collection/search/668683,https://images.metmuseum.org/CRDImages/cl/original/DP359520.jpg,1,https://www.wikidata.org/wiki/Q116298443,,
471416,Panel with the Scourging of Christ,Panel,ca. 1500,,,,Oak,Overall: 35 1/2 x 10 1/2 in. (90.2 x 26.7 cm),French,,,,Men|Christ,,,,,,,The Cloisters,Woodwork-Architectural,,False,True,https://www.metmuseum.org/art/collection/search/471416,https://images.metmuseum.org/CRDImages/cl/original/cdi50-147-30.jpg,0,https://www.wikidata.org/wiki/Q116251904,,
469860,Segment of a Crozier Shaft,Crozier stem,late 12th century,,,,Elephant ivory,Overall: 11 5/16 x 1 3/8 in. (28.7 x 3.5 cm),North Spanish,,,,Angels|Bishops|Christ|Virgin Mary,,,,,,,The Cloisters,Ivories-Elephant,,False,True,https://www.metmuseum.org/art/collection/search/469860,https://images.metmuseum.org/CRDImages/cl/original/DT272388.jpg,19,https://www.wikidata.org/wiki/Q116272697,,
471843,Corbel,Corbel,15th century,,,,Wood,Overall: 22 3/4 x 23 1/4 x 14 in. (57.8 x 59.1 x 35.6 cm),French,,,,,,,,,,,The Cloisters,Woodwork-Architectural,,False,True,https://www.metmuseum.org/art/collection/search/471843,https://images.metmuseum.org/CRDImages/cl/original/LC-58_174_4.jpg,0,,,
471628,Strap Hinge,Strap hinge,15th–16th century,,,,Iron,Overall: 13 3/4 x 1 1/2 in. (34.9 x 3.8 cm),European,,,,,,,,,,,The Cloisters,Metalwork-Iron,,False,True,https://www.metmuseum.org/art/collection/search/471628,https://images.metmuseum.org/CRDImages/cl/original/cdi55-61-62.jpg,1,,,
471610,Door Knocker,Door knocker,15th–16th century,,,,Iron,Overall: 3 1/8 in. (7.9 cm),European,,,,,,,,,,,The Cloisters,Metalwork-Iron,,False,True,https://www.metmuseum.org/art/collection/search/471610,https://images.metmuseum.org/CRDImages/cl/original/cdi55-61-38.jpg,0,,,
738679,Letter P with the Legend of Saint Philip,Letter P; sculpture,ca. 1500–before 1506,,,,Boxwood; later (18th century) embroidered silk pouch,"Open: 2 13/16 × 3 7/8 × 1/4 in. (7.1 × 9.9 × 0.7 cm)
Closed: 2 13/16 × 1 15/16 × 1/2 in. (7.1 × 5 × 1.2 cm)
Open with tenon: 2 13/16 × 3 7/8 × 3/8 in. (7.1 × 9.9 × 1 cm)
Pouch: 3 1/8 × 2 3/16 × 1/2 in. (7.9 × 5.5 × 1.3 cm)",Netherlandish,,,,Crucifixion|Saints,,,,,,,The Cloisters,Sculpture-Miniature-Wood,,False,True,https://www.metmuseum.org/art/collection/search/738679,https://images.metmuseum.org/CRDImages/cl/original/DP-12590-005.jpg,9,https://www.wikidata.org/wiki/Q116298559,,
470792,Capital,Capital,ca. 1130–40,,,,Marble,Overall: 23 x 17 1/2 x 23 in. (58.4 x 44.5 x 58.4 cm),Catalan,present-day France,,,,,,,,,,The Cloisters,Sculpture-Architectural,,False,True,https://www.metmuseum.org/art/collection/search/470792,https://images.metmuseum.org/CRDImages/cl/original/cdi25-120-595-598-1003.jpg,0,https://www.wikidata.org/wiki/Q116256244,,
466291,Pilgrim's Badge representing Saint Adrian,Pilgrim's Badge,1480–1500,,,,Lead alloy,"Overall: 3 1/8in. (7.9cm)
Overall: 3 1/4 x 1 5/8 x 1/8 in. (8.3 x 4.1 x 0.3 cm)",South Netherlandish,,,,Men|Lions|Saints,,,,,,,The Cloisters,Metalwork-Lead,,False,True,https://www.metmuseum.org/art/collection/search/466291,https://images.metmuseum.org/CRDImages/cl/original/cdi1996-260-2s1.jpg,1,,,
470975,Double Capital,Capital,late 13th–early 14th century,,,,Marble,Overall: 19 3/4 x 15 x 12 1/2 in. (50.2 x 38.1 x 31.8 cm),French,France,Pyrénées-Aquintaine,,,,,,,,,The Cloisters,Sculpture-Architectural,,False,True,https://www.metmuseum.org/art/collection/search/470975,https://images.metmuseum.org/CRDImages/cl/original/DP102892.jpg,1,https://www.wikidata.org/wiki/Q116276022,,
471670,Plate and Nail,Plate and nail,15th–16th century,,,,Iron,Overall: 4 1/4 in. (10.8 cm),European,,,,,,,,,,,The Cloisters,Metalwork-Iron,,False,True,https://www.metmuseum.org/art/collection/search/471670,https://images.metmuseum.org/CRDImages/cl/original/cdi55-61-109ab.jpg,2,,,
470989,"Capital, Double Engaged",Capital,late 13th–early 14th century,,,,Marble,Overall: 15 7/8 x 9 in. (40.3 cm),French,France,Pyrénées-Aquintaine,,,,,,,,,The Cloisters,Sculpture-Architectural,,False,True,https://www.metmuseum.org/art/collection/search/470989,https://images.metmuseum.org/CRDImages/cl/original/DP104561.jpg,1,https://www.wikidata.org/wiki/Q116255888,,
469913,Saint Anthony Abbot,Statue,ca. 1500,,,,Walnut,"44 1/4 × 17 1/4 × 10 3/4 in., 66 lb. (112.4 × 43.8 × 27.3 cm, 29.9 kg)",German,present-day France,,Strasbourg,Men|Demons|Saints,Nikolaus von Hagenau,Artist,German,1445,1538,,The Cloisters,Sculpture-Wood,"German, ca. 1445–died before 1538",True,True,https://www.metmuseum.org/art/collection/search/469913,https://images.metmuseum.org/CRDImages/cl/original/DP366915.jpg,5,https://www.wikidata.org/wiki/Q29385488,https://www.wikidata.org/wiki/Q1990496,http://vocab.getty.edu/page/ulan/500053757
475532,"7 of Horns, from The Cloisters Playing Cards",Playing card,ca. 1475–80,,,,"Paper (four layers of pasteboard) with pen and ink, opaque paint, glazes, and applied silver and gold",5 3/16 × 2 3/4 in. (13.2 × 7 cm),South Netherlandish,,,,Playing Cards|Horns|Games,,,,,,,The Cloisters,Miscellaneous-Paper,,False,True,https://www.metmuseum.org/art/collection/search/475532,https://images.metmuseum.org/CRDImages/cl/original/DP354526.jpg,3,,,
479584,Medallion with the Face of Christ,Medallion,ca. 1380–1400,,,,Baltic amber with traces of paint,Overall: 3 1/4 x 1 5/16 in. (8.2 x 3.3 cm),Polish,present-day Poland,,,Christ,,,,,,,The Cloisters,Lapidary Work-Amber,,False,True,https://www.metmuseum.org/art/collection/search/479584,https://images.metmuseum.org/CRDImages/cl/original/DP260958.jpg,7,https://www.wikidata.org/wiki/Q20202004,,
472144,Grisaille Panel,Panel,ca. 1325,,,,Pot-metal glass and vitreous paint,127 1/2 x 36 1/4 in.  (323.8 x 92 cm),French,France,,Rouen,,,,,,,,The Cloisters,Glass-Stained,,False,True,https://www.metmuseum.org/art/collection/search/472144,https://images.metmuseum.org/CRDImages/cl/original/cdi1984-199-6.jpg,0,https://www.wikidata.org/wiki/Q20201905,,
471878,Madonna of Mercy,Panel,1340–50,,,,Pot-metal and colorless glass with vitreous paint,"35 1/2 x 13 7/8 in. (90.2 x 35.2 cm)
with modern border: 35 3/4 × 19 × 5/8 in. (90.8 × 48.3 × 1.6 cm)",Austrian,Austria,,,Virgin Mary,,,,,,,The Cloisters,Glass-Stained,,False,True,https://www.metmuseum.org/art/collection/search/471878,https://images.metmuseum.org/CRDImages/cl/original/cdi68-224-5.jpg,0,https://www.wikidata.org/wiki/Q20201725,,
471025,Chandelier,Chandelier,ca. 1500,,,,"Iron, wrought",Overall: 34 in. (86.4 cm),French,,,,,,,,,,,The Cloisters,Metalwork-Iron,,False,True,https://www.metmuseum.org/art/collection/search/471025,https://images.metmuseum.org/CRDImages/cl/original/LC-25_120_909.jpg,1,,,
471727,Mirror or Light Reflector,Mirror or light reflector,15th–16th century,,,,"Brass, glass, and paint on oak","Overall: 22 1/2 x 20 in. (57.2 x 50.8 cm)
Mirror: 12 in. (30.5 cm)",German,,,,,,,,,,,The Cloisters,Woodwork-Furniture,,False,True,https://www.metmuseum.org/art/collection/search/471727,https://images.metmuseum.org/CRDImages/cl/original/cdi55-116-1.jpg,2,https://www.wikidata.org/wiki/Q20201164,,
469948,Finger Ring,Ring,14th century,,,,Gold and sapphire,Overall: 1 1/8 x 7/8 x 7/16 in. (2.9 x 2.2 x 1.1 cm),British,,,,,,,,,,,The Cloisters,Metalwork-Gold,,False,True,https://www.metmuseum.org/art/collection/search/469948,https://images.metmuseum.org/CRDImages/cl/original/cdi1994-40s1.jpg,3,https://www.wikidata.org/wiki/Q116256840,,
472118,Pilgrim's Badge,Pilgrim's badge,14th–16th century,,,,Lead,Overall: 5/8 in. (1.6 cm),French,,,,,,,,,,,The Cloisters,Metalwork-Lead,,False,True,https://www.metmuseum.org/art/collection/search/472118,https://images.metmuseum.org/CRDImages/cl/original/cdi1977-240-93.jpg,1,,,
475510,Drinking Vessel (Hanap; one of a pair),Drinking vessel,1320–60,,,,"Silver, silver gilt, translucent enamel, and opaque enamel",Overall: 6 x 1 1/2 in. (15.2 x 3.8 cm),French,France,,possibly Toulouse,,,,,,,,The Cloisters,Metalwork-Silver,,False,True,https://www.metmuseum.org/art/collection/search/475510,https://images.metmuseum.org/CRDImages/cl/original/DP-16552-001.jpg,4,https://www.wikidata.org/wiki/Q116411536,,
472081,Pilgrim's Badge,Pilgrim's badge,15th century,,,,Lead,Overall: 1 1/2 x 1 7/16in. (3.8 x 3.7cm),French,,,,Saints,,,,,,,The Cloisters,Metalwork-Lead,,False,True,https://www.metmuseum.org/art/collection/search/472081,https://images.metmuseum.org/CRDImages/cl/original/cdi1977-240-56.jpg,1,,,
468540,The Virgin of The Apocalypse with Saint Catherine and Saint Barbara,Antependium,ca. 1525–50,,,,Wool warp;  wool wefts,Overall: 40 x 65in. (101.6 x 165.1cm),South Netherlandish,South Netherlands,,Sint-Truiden,Women|Madonna and Child|Saints,,,,,,,The Cloisters,Textiles-Tapestries,,False,True,https://www.metmuseum.org/art/collection/search/468540,https://images.metmuseum.org/CRDImages/cl/original/DP159888.jpg,1,https://www.wikidata.org/wiki/Q61781458,,
472293,Column Shaft,Shaft,late 12th century,,,,Stone,41 x 6 1/8 in. (104.1 x 15.6 cm),French,,,,,,,,,,,The Cloisters,Sculpture-Architectural,,False,True,https://www.metmuseum.org/art/collection/search/472293,https://images.metmuseum.org/CRDImages/cl/original/cdi-st-g24.jpg,1,https://www.wikidata.org/wiki/Q116256162,,
471439,Door Knocker,Door knocker,15th–16th century,,,,Iron,"L. of handle: 8 1/2in. (21.6cm)
L. of pin: 5 1/2in. (14cm)",European,,,,,,,,,,,The Cloisters,Metalwork-Iron,,False,True,https://www.metmuseum.org/art/collection/search/471439,https://images.metmuseum.org/CRDImages/cl/original/cdi52-121-7.jpg,0,,,
471098,Roundel with Nude Woman Supporting a Heraldic Shield,Roundel,1515–30,,,,"Colorless glass, vitreous paint and silver stain",Overall Diam.:  9 1/2 in. (24.1 cm),North Netherlandish,North Netherlands,,,Female Nudes|Coat of Arms,,,,,,,The Cloisters,Glass-Stained,,False,True,https://www.metmuseum.org/art/collection/search/471098,https://images.metmuseum.org/CRDImages/cl/original/cdi32-24-35s1.jpg,0,https://www.wikidata.org/wiki/Q20201533,,
472072,Pilgrim's Badge,Pilgrim's badge,14th–16th century,,,,Lead,Overall (Diameter): 3/4 in. (1.9 cm),French,,,,Saints,,,,,,,The Cloisters,Metalwork-Lead,,False,True,https://www.metmuseum.org/art/collection/search/472072,https://images.metmuseum.org/CRDImages/cl/original/cdi1977-240-47.jpg,1,,,
471768,Dish with Unidentified Coat of Arms,Dish,1470–90,,,,Tin-glazed earthenware,Overall: 17 3/4 in. (45.1 cm),Spanish,Spain,,probably Manises,Coat of Arms,,,,,,,The Cloisters,Ceramics,,False,True,https://www.metmuseum.org/art/collection/search/471768,https://images.metmuseum.org/CRDImages/cl/original/cdi56-171-107s1.jpg,2,https://www.wikidata.org/wiki/Q116248115,,
471676,Boss and Nail,Boss and nail,15th–16th century,,,,Iron,Overall: 4 x 3 1/2 in. (10.2 x 8.9 cm),European,,,,,,,,,,,The Cloisters,Metalwork-Iron,,False,True,https://www.metmuseum.org/art/collection/search/471676,https://images.metmuseum.org/CRDImages/cl/original/cdi55-61-115ab.jpg,2,,,
471888,Grisaille Panel,Panel,ca. 1265,,,,"White glass, pot-metal glass, and vitreous paint",Overall: 23 1/4 x 20 11/16 in. (59 x 52.6 cm),French,France,,Rouen,,,,,,,,The Cloisters,Glass-Stained,,False,True,https://www.metmuseum.org/art/collection/search/471888,https://images.metmuseum.org/CRDImages/cl/original/sf69-236-3.jpg,1,https://www.wikidata.org/wiki/Q20201733,,
471799,Pitcher,Pitcher,ca. 1430,,,,Tin-glazed earthenware,Overall: 18 3/8 x 9 in. (46.7 x 22.9 cm),Spanish,Spain,,probably Manises,,,,,,,,The Cloisters,Ceramics,,False,True,https://www.metmuseum.org/art/collection/search/471799,https://images.metmuseum.org/CRDImages/cl/original/DP157713.jpg,2,https://www.wikidata.org/wiki/Q116248016,,
471684,Nail,Nail,15th–16th century,,,,Iron,Overall: 3 in. (7.6 cm),European,,,,,,,,,,,The Cloisters,Metalwork-Iron,,False,True,https://www.metmuseum.org/art/collection/search/471684,https://images.metmuseum.org/CRDImages/cl/original/cdi55-61-128.jpg,2,,,
473891,Virgin and Child,Statuette,14th century,,,,"Stone, paint",Overall: 19 1/2 in. (49.5 cm),French,,,,Madonna and Child,,,,,,,The Cloisters,Sculpture,,False,True,https://www.metmuseum.org/art/collection/search/473891,https://images.metmuseum.org/CRDImages/cl/original/cdi25-120-289a-e.jpg,0,https://www.wikidata.org/wiki/Q20201854,,
475512,Grisalle Glass Panel,Panel,1260–70,,,,White glass with vitreous paint,Overall: 11 3/8 x 17 3/4in. (28.9 x 45.1cm),French,France,,,,,,,,,,The Cloisters,Glass-Stained,,False,True,https://www.metmuseum.org/art/collection/search/475512,https://images.metmuseum.org/CRDImages/cl/original/cdi1982-204-9.jpg,0,https://www.wikidata.org/wiki/Q20201242,,
471806,Dish,Dish,1430–1470,,,,Tin-glazed earthenware,Overall: 17 3/4 in. (45.1 cm),Spanish,Spain,,probably Manises,Fish,,,,,,,The Cloisters,Ceramics,,False,True,https://www.metmuseum.org/art/collection/search/471806,https://images.metmuseum.org/CRDImages/cl/original/DP210212.jpg,1,,,
468455,The Story of Esther and Ahasuerus (from Christ the Judge on the Throne of Majesty and Other Subjects),Tapestry,ca. 1500–1510,,,,"Wool warp;  wool, silk, and metallic wefts","Overall: 140 x 363 in. (355.6 x 922 cm)  [overall dimensions of entire tapestry including 41.100.214, 53.81]",South Netherlandish,,,,Men|Women|Christ|Esther|Ahasuerus,,,,,,,The Cloisters,Textiles-Tapestries,,False,True,https://www.metmuseum.org/art/collection/search/468455,https://images.metmuseum.org/CRDImages/cl/original/156954_2.jpg,2,,,
471313,Door Mount,Door mount,possibly 11th century,,,,Iron,Overall: 17 x 19 1/2 in. (43.2 x 49.5 cm),French,France,,,Horses,,,,,,,The Cloisters,Metalwork-Iron,,False,True,https://www.metmuseum.org/art/collection/search/471313,https://images.metmuseum.org/CRDImages/cl/original/DP148626.jpg,1,https://www.wikidata.org/wiki/Q116252122,,
468490,Door Nail,Door nail,15th–16th century,,,,Iron,"Overall: 2 15/16 x 3 x 5 1/4 in. (7.5 x 7.6 x 13.3 cm)
Overall (installed): 2 15/16 x 3 x 11/16 in. (7.5 x 7.6 x 1.7 cm)",European,,,,,,,,,,,The Cloisters,Metalwork-Iron,,False,True,https://www.metmuseum.org/art/collection/search/468490,https://images.metmuseum.org/CRDImages/cl/original/sf55-61-136s1.jpg,2,,,
471636,Plate and Nail,Plate and nail,15th–16th century,,,,Iron,Overall: 4 1/4 x 5 in. (10.8 x 12.7 cm),European,,,,,,,,,,,The Cloisters,Metalwork-Iron,,False,True,https://www.metmuseum.org/art/collection/search/471636,https://images.metmuseum.org/CRDImages/cl/original/cdi55-61-74ab.jpg,0,,,
471803,Deep Dish,Dish,ca. 1430,,,,Tin-glazed earthenware,Overall: 18 7/8 in. (47.9 cm),Spanish,Spain,,probably Manises,Coat of Arms,,,,,,,The Cloisters,Ceramics,,False,True,https://www.metmuseum.org/art/collection/search/471803,https://images.metmuseum.org/CRDImages/cl/original/cdi56-171-150.jpg,1,,,
475534,"5 of Horns, from The Cloisters Playing Cards",Playing card,ca. 1475–80,,,,"Paper (four layers of pasteboard) with pen and ink, opaque paint, glazes, and applied silver and gold",5 3/16 × 2 3/4 in. (13.2 × 7 cm),South Netherlandish,,,,Playing Cards|Horns|Games,,,,,,,The Cloisters,Miscellaneous-Paper,,False,True,https://www.metmuseum.org/art/collection/search/475534,https://images.metmuseum.org/CRDImages/cl/original/DP354528.jpg,3,,,
860992,Design for a Monumental Sacrament House,Drawing,1502,,,,"Pen and two types of ink (carbon black and iron gall) over blind ruling, 17th-century inscription in pen and ink, on parchment",10 ft. 7 in. × 14 3/8 in. (322.6 × 36.5 cm),German,,,,,Lorenz Lechler,Artist,German,1460,1538,,The Cloisters,Drawings,"German, born ca. 1460–ca. 1538",False,True,https://www.metmuseum.org/art/collection/search/860992,https://images.metmuseum.org/CRDImages/cl/original/tr-54ab-2022-1.jpg,3,,,
471748,Deep Dish,Dish,first half 16th century,,,,Tin-glazed earthenware,Overall: 2 5/8 × 14 3/16 in. (6.6 × 36.1 cm),Spanish,Spain,,,,,,,,,,The Cloisters,Ceramics,,False,True,https://www.metmuseum.org/art/collection/search/471748,https://images.metmuseum.org/CRDImages/cl/original/DP315061.jpg,2,,,
478776,"Base, Engaged",Base,ca. 1130–40,,,,Stone,,French,France,,,,,,,,,,The Cloisters,Sculpture-Architectural,,False,True,https://www.metmuseum.org/art/collection/search/478776,https://images.metmuseum.org/CRDImages/cl/original/198802.jpg,0,,,
468484,Assumption Of The Virgin,Relief,14th–15th century,,,,Alabaster,Overall: 20 1/2 x 10 1/4 x 2 3/4 in. (52.1 x 26 x 7 cm),British,,,,Angels|Virgin Mary,,,,,,,The Cloisters,Sculpture-Stone,,False,True,https://www.metmuseum.org/art/collection/search/468484,https://images.metmuseum.org/CRDImages/cl/original/sf55-45s1.jpg,10,,,
472061,Pilgrim's Badge,Pilgrim's badge,14th–16th century,,,,Lead,Diam. 3/4 in. (1.9 cm),French,,,,Madonna and Child,,,,,,,The Cloisters,Metalwork-Lead,,False,True,https://www.metmuseum.org/art/collection/search/472061,https://images.metmuseum.org/CRDImages/cl/original/cdi1977-240-36.jpg,1,,,
468599,Cope,Cope,ca. 1500,,,,Cut velvet brocaded in silver with a twill tie.,Overall: 39 × 100 3/4 in. (99.1 × 255.9 cm),Italian,Italy,,Venice,,,,,,,,The Cloisters,Textiles-Costumes-Ecclesiastical,,False,True,https://www.metmuseum.org/art/collection/search/468599,https://images.metmuseum.org/CRDImages/cl/original/cds63-153.jpg,0,,,
470837,Capital,Capital,ca. 1130–40,,,,Marble,Overall: 16 1/2 x 16 1/2 x 16 1/2 in. (41.9 x 41.9 x 41.9 cm),Catalan,present-day France,,,,,,,,,,The Cloisters,Sculpture-Architectural,,False,True,https://www.metmuseum.org/art/collection/search/470837,https://images.metmuseum.org/CRDImages/cl/original/cdi25-120-632.jpg,1,https://www.wikidata.org/wiki/Q116252911,,
471049,Tomb Slab of a Monk (Father Louis),Tomb slab,14th century,,,,Stone,Overall: 66 x 26 1/2 in. (167.6 x 67.3 cm),French,,,,Men|Monks,,,,,,,The Cloisters,Sculpture,,False,True,https://www.metmuseum.org/art/collection/search/471049,https://images.metmuseum.org/CRDImages/cl/original/cdi30-77-5.jpg,0,https://www.wikidata.org/wiki/Q116373798,,
473844,Standing Virgin and Child,Statue,ca. 1300–1350,,,,"Stone, paint",Overall: 55 1/2 x 17 5/8 x 10 1/2 in. (141 x 44.8 x 26.7 cm),French,France,,,Madonna and Child,,,,,,,The Cloisters,Sculpture,,False,True,https://www.metmuseum.org/art/collection/search/473844,https://images.metmuseum.org/CRDImages/cl/original/cds96144.jpg,0,https://www.wikidata.org/wiki/Q20201838,,
472295,Martyred Deacon Saint,Statue,ca. 1325–50,,,,"Limestone, paint",Overall: 62 3/4 in. (159.4 cm),French,France,,probably Toulouse,Men|Saints,,,,,,,The Cloisters,Sculpture,,False,True,https://www.metmuseum.org/art/collection/search/472295,https://images.metmuseum.org/CRDImages/cl/original/LC-25_120_196.jpg,0,https://www.wikidata.org/wiki/Q20201864,,
471187,Lancet Window,Window,1250–1300,,,,Limestone,Overall: 176 x 108 in. (447 x 274.3 cm),French,France,,,,,,,,,,The Cloisters,Installations,,False,True,https://www.metmuseum.org/art/collection/search/471187,https://images.metmuseum.org/CRDImages/cl/original/DP170849.jpg,1,https://www.wikidata.org/wiki/Q116252350,,
471590,Coffer with Keys,Coffer with keys,15th–16th century,,,,Iron,"Overall (a.): 10 1/2 x 9 1/4 x 17 1/4 in. (26.7 x 23.5 x 43.8 cm)
Overall (b. ): 2 1/2 in. (6.4 cm)",European,,,,,,,,,,,The Cloisters,Metalwork-Iron,,False,True,https://www.metmuseum.org/art/collection/search/471590,https://images.metmuseum.org/CRDImages/cl/original/cdi55-61-13ab.jpg,0,,,
479712,"Bifolium with Christ in Majesty in an Initial A, from an Antiphonary",Antiphonary; Manuscript leaf,ca. 1405,,,,"Tempera, gold, and ink on parchment","Overall: 22 5/16 × 15 13/16 in. (56.7 × 40.2 cm)
historiated letter: 6 5/8 × 5 1/2 in. (16.8 × 14 cm)
Framed (Mat size): 27 5/8 × 21 1/4 in. (70.2 × 54 cm)",Bohemian,,,Prague,Christ,,,,,,,The Cloisters,Manuscripts and Illuminations,,False,True,https://www.metmuseum.org/art/collection/search/479712,https://images.metmuseum.org/CRDImages/cl/original/DP292015.jpg,10,https://www.wikidata.org/wiki/Q20201999,,
472087,Pilgrim's Badge,Pilgrim's badge,14th–16th century,,,,Lead,7/8 x 1/2 in.  (2.2 x 1.3 cm),French,,,,Saint Michael,,,,,,,The Cloisters,Metalwork-Lead,,False,True,https://www.metmuseum.org/art/collection/search/472087,https://images.metmuseum.org/CRDImages/cl/original/cdi1977-240-62.jpg,1,,,
477363,Virgin of the Annunciation,Panel,ca. 1290–1300,,,,Pot-metal glass and vitreous paint,29 3/8 in. × 14 in. (74.6 × 35.6 cm),German,Germany,,Altenberg-an-der-Lahn,Virgin Mary,,,,,,,The Cloisters,Glass-Stained,,False,True,https://www.metmuseum.org/art/collection/search/477363,https://images.metmuseum.org/CRDImages/cl/original/DP369310.jpg,1,https://www.wikidata.org/wiki/Q20200948,,
470644,Column Base,Base,late 12th century,,,,Stone,Overall: 8 7/8 x 9 7/8 x 9 7/8 in. (22.5 x 25.1 x 25.1 cm),French,France,,,,,,,,,,The Cloisters,Sculpture-Architectural,,False,True,https://www.metmuseum.org/art/collection/search/470644,https://images.metmuseum.org/CRDImages/cl/original/cdi-st-g12.jpg,1,https://www.wikidata.org/wiki/Q116256049,,
469932,Pendant with the Coronation of the Virgin,Pendant,1450–1500,,,,"Elephant ivory, silver gilt mount",1 3/4 x 3/8 in. (4.4 x 0.9 cm),North Netherlandish,,,,Angels|Madonna and Child|Virgin Mary,,,,,,,The Cloisters,Ivories-Elephant,,False,True,https://www.metmuseum.org/art/collection/search/469932,https://images.metmuseum.org/CRDImages/cl/original/DT345340.jpg,1,https://www.wikidata.org/wiki/Q116256856,,
471680,Boss and Nail,Boss and nail,15th–16th century,,,,Iron,Overall: 1 7/8 in. (4.8 cm),European,,,,,,,,,,,The Cloisters,Metalwork-Iron,,False,True,https://www.metmuseum.org/art/collection/search/471680,https://images.metmuseum.org/CRDImages/cl/original/cdi55-61-119ab.jpg,1,,,
471169,Doors,Doors,15th century,,,,Oak,Overall: 96 x 47 in. (243.8 x 119.4 cm),French,,,,,,,,,,,The Cloisters,Woodwork-Furniture,,False,True,https://www.metmuseum.org/art/collection/search/471169,https://images.metmuseum.org/CRDImages/cl/original/LC-35_35_17a_b.jpg,0,https://www.wikidata.org/wiki/Q116252385,,
471556,Wall Fountain (laver) in the form of a Turret,Wall fountain,late 15th century,,,,Copper alloy,"Overall: 16 7/8 x 9 1/8 x 6 3/8 in., 9.068lb. (42.9 x 23.2 x 16.2 cm, 4113g)
a-vessel: 8 1/8 x 9 1/8 x 6 3/8 in. (20.6 x 23.2 x 16.2 cm)
b-lid: 10 5/16 x 5 3/16 in. (26.2 x 13.2 cm)",Netherlandish,,,,Monkeys,,,,,,,The Cloisters,Metalwork-Copper alloy,,False,True,https://www.metmuseum.org/art/collection/search/471556,https://images.metmuseum.org/CRDImages/cl/original/sf55-4s4.jpg,3,,,
472366,Abacus,Abacus,late 12th century,,,,Stone,Overall: 4 15/16 x 15 1/2 x 24 in. (12.5 x 39.4 x 61 cm),French,France,,,,,,,,,,The Cloisters,Sculpture-Architectural,,False,True,https://www.metmuseum.org/art/collection/search/472366,https://images.metmuseum.org/CRDImages/cl/original/cdi-st-g5.jpg,2,https://www.wikidata.org/wiki/Q116245443,,
470842,Capital,Capital,ca. 1130–40,,,,Marble,Overall: 14 x 16 x 14 in. (35.6 x 40.6 x 35.6 cm),Catalan,present-day France,,,,,,,,,,The Cloisters,Sculpture-Architectural,,False,True,https://www.metmuseum.org/art/collection/search/470842,https://images.metmuseum.org/CRDImages/cl/original/cdi25-120-637.jpg,1,https://www.wikidata.org/wiki/Q116252906,,
469845,Horse Trappings,Horse trapping,14th century,,,,"Copper alloy, gilded copper and traces of enamel",Overall: 1 3/8 x 2 3/8in. (3.5 x 6cm),Spanish,Spain,Catalonia,,,,,,,,,The Cloisters,Metalwork-Copper,,False,True,https://www.metmuseum.org/art/collection/search/469845,https://images.metmuseum.org/CRDImages/cl/original/cdi1980-32-1.jpg,1,,,
475576,"2 of Nooses, from The Cloisters Playing Cards",Playing card,ca. 1475–80,,,,"Paper (four layers of pasteboard) with pen and ink, opaque paint, glazes, and applied silver and gold",5 3/16 × 2 3/4 in. (13.2 × 7 cm),South Netherlandish,,,,Playing Cards|Games,,,,,,,The Cloisters,Miscellaneous-Paper,,False,True,https://www.metmuseum.org/art/collection/search/475576,https://images.metmuseum.org/CRDImages/cl/original/DP354553.jpg,3,,,
471827,Hunting Scene,Fresco,first half 12th century (possibly 1129–34),,,,Fresco transferred to canvas,Overall: 71 7/8 x 96 1/4 in. (182.6 x 244.5 cm),Spanish,Spain,,,Bow and Arrow|Men|Hunting|Deer,,,,,,,The Cloisters,Paintings-Fresco,,False,True,https://www.metmuseum.org/art/collection/search/471827,https://images.metmuseum.org/CRDImages/cl/original/cdi57-97-2.jpg,0,https://www.wikidata.org/wiki/Q20200980,,
471111,Roundel with Saint Lambrecht of Maastricht,Roundel,1510–20,,,,"Colorless glass, vitreous paint and silver stain",Overall Diam.:  8 3/4 in. (22.2 cm),South Netherlandish,,,,Books|Swords|Men|Boars|Saints,,,,,,,The Cloisters,Glass-Stained,,False,True,https://www.metmuseum.org/art/collection/search/471111,https://images.metmuseum.org/CRDImages/cl/original/cdi32-24-48s1.jpg,1,https://www.wikidata.org/wiki/Q20201589,,
469992,Glass Fragment,Fragment,13th century,,,,"Glass, lead",Overall: 3 1/2 x 3 1/4in. (8.9 x 8.3cm),French,,,,,,,,,,,The Cloisters,Glass-Stained,,False,True,https://www.metmuseum.org/art/collection/search/469992,https://images.metmuseum.org/CRDImages/cl/original/cdi1984-239-3.jpg,0,,,
471030,Saint Mary Magdalene,Stained glass panel,ca. 1325,,,,"Pot-metal, colorless glass, and vitreous paint",Overall: 135 1/2 x 18 in. (344.2 x 45.7 cm),French,France,,,Women|Mary Magdalene,,,,,,,The Cloisters,Glass-Stained,,False,True,https://www.metmuseum.org/art/collection/search/471030,https://images.metmuseum.org/CRDImages/cl/original/cdi28-107-2.jpg,1,https://www.wikidata.org/wiki/Q20201621,,
471560,Relief of Saint Lawrence Presenting the Poor,Relief,ca. 1490,,,,"White or stone pine, paint, gilt",Overall: 26 1/2 x 24 1/4 x 3 5/8 in. (67.3 x 61.6 x 9.2 cm),Austrian,Austria,,"Bruneck (now Italy, Trentino-Alto)",Men|Women|Saint Lawrence,Master of the Sonnenberg-Künigl Altar,Artist,Austrian,1471,1500,,The Cloisters,Sculpture-Wood,"Austrian, active late 15th century",False,True,https://www.metmuseum.org/art/collection/search/471560,https://images.metmuseum.org/CRDImages/cl/original/cdi55-27.jpg,0,https://www.wikidata.org/wiki/Q20201810,,
471620,Door Ornaments,Door ornaments,13th–14th century,,,,Iron,"L. 14- 1/2, W. 5- 3/4 in.",European,,,,,,,,,,,The Cloisters,Metalwork-Iron,,False,True,https://www.metmuseum.org/art/collection/search/471620,https://images.metmuseum.org/CRDImages/cl/original/cdi55-61-51.jpg,0,,,
471559,Saint Anne with the Virgin and Child,Statue,ca. 1500,,,,"Limestone, paint",H: 50 1/2 in. (128.3 cm),French,,,,Madonna and Child|Saint Anne,,,,,,,The Cloisters,Sculpture,,False,True,https://www.metmuseum.org/art/collection/search/471559,https://images.metmuseum.org/CRDImages/cl/original/LC-55_26.jpg,0,https://www.wikidata.org/wiki/Q20201809,,
470823,Engaged Capital,Capital,13th century,,,,Stone.,Overall: 8 1/2 x 14 1/2 in. (21.6 x 36.8 cm),French,,,,,,,,,,,The Cloisters,Sculpture-Architectural,,False,True,https://www.metmuseum.org/art/collection/search/470823,https://images.metmuseum.org/CRDImages/cl/original/cdi25-120-505.jpg,0,,,
470802,Capital,Capital,14th century,,,,White stone,Overall: 10 1/8 x 6 1/2 in. (25.7 x 16.5 cm),French,,,,,,,,,,,The Cloisters,Sculpture-Architectural,,False,True,https://www.metmuseum.org/art/collection/search/470802,https://images.metmuseum.org/CRDImages/cl/original/cdi25-120-608.jpg,4,,,
470914,Column Shaft,Shaft,10th century (?),,,,Marble,Overall: 53 1/4 in. (135.3 cm),Byzantine,,,,,,,,,,,The Cloisters,Sculpture-Architectural,,False,True,https://www.metmuseum.org/art/collection/search/470914,https://images.metmuseum.org/CRDImages/cl/original/cdi25-120-508-702-705.jpg,0,https://www.wikidata.org/wiki/Q116252820,,
472074,Pilgrim's Badge,Pilgrim's badge,14th–16th century,,,,Lead,Overall: 1 3/16 x 11/16in. (3 x 1.7cm),French,,,,,,,,,,,The Cloisters,Metalwork-Lead,,False,True,https://www.metmuseum.org/art/collection/search/472074,https://images.metmuseum.org/CRDImages/cl/original/cdi1977-240-49.jpg,1,,,
470149,Base for a Statuette,Statuette base,early 16th century,,,,Elephant ivory,Overall: 3 5/8 x 4 3/4 x 4 9/16 in. (9.2 x 12.1 x 11.6 cm),North French or South Netherlandish,,,,Animals|Men|Women,,,,,,,The Cloisters,Ivories-Elephant,,False,True,https://www.metmuseum.org/art/collection/search/470149,https://images.metmuseum.org/CRDImages/cl/original/DP-1682-001.jpg,5,https://www.wikidata.org/wiki/Q116256740,,
471061,Lion,Fresco fragment,after 1200,,,,"Fresco, mounted on canvas","Overall: 10 ft. 11 in. x 11 ft. (332.7 x 335.3 cm)
Overall (top panel): 83 x 132 in. (210.8 x 335.3 cm)
Overall (lower panel): 48 x 132 in. (121.9 x 335.3 cm)",Spanish,Spain,,,Lions,,,,,,,The Cloisters,Paintings-Fresco,,True,True,https://www.metmuseum.org/art/collection/search/471061,https://images.metmuseum.org/CRDImages/cl/original/DP102890.jpg,0,https://www.wikidata.org/wiki/Q20200883,,
471601,Door Handle,Door handle,15th–16th century,,,,Iron,Overall: 5 3/8 x 5 1/4 in. (13.7 x 13.3 cm),European,,,,,,,,,,,The Cloisters,Metalwork-Iron,,False,True,https://www.metmuseum.org/art/collection/search/471601,https://images.metmuseum.org/CRDImages/cl/original/cdi55-61-29.jpg,0,,,
471138,Foliate Corbel,Corbel,ca. 1150–1200,,,,Limestone,Overall: 28 1/8 x 11 1/2 x 18 1/2 in. (71.4 x 29.2 x 47 cm),French,France,,,,,,,,,,The Cloisters,Sculpture-Architectural,,False,True,https://www.metmuseum.org/art/collection/search/471138,https://images.metmuseum.org/CRDImages/cl/original/cdi34-21-3.jpg,0,https://www.wikidata.org/wiki/Q116252469,,
471596,Fire Lighter or Coal Tong,Fire lighter or coal tong,15th–16th century,,,,Iron,Overall: 12 1/2 x 3 1/2 in. (31.8 x 8.9 cm),European,,,,,,,,,,,The Cloisters,Metalwork-Iron,,False,True,https://www.metmuseum.org/art/collection/search/471596,https://images.metmuseum.org/CRDImages/cl/original/cdi55-61-20.jpg,0,,,
471978,Martyrdom of Thomas Becket,Panel,mid to late 14th century,,,,Elephant ivory,Overall: 3 7/16 x 2 5/16 x 1/4 in. (8.7 x 5.8 x 0.6 cm),British,,,,Men|Angels|Saints|Knights,,,,,,,The Cloisters,Ivories-Elephant,,False,True,https://www.metmuseum.org/art/collection/search/471978,https://images.metmuseum.org/CRDImages/cl/original/sf1970-324-10s1.jpg,0,,,
471882,Panel with the Harrowing of Hell,Panel,1340–50,,,,Pot-metal glass and vitreous paint,"35 5/8 x 13 7/8 in. (90.5 x 35.2 cm)
with modern border: 35 7/8 × 19 × 5/8 in. (91.1 × 48.3 × 1.6 cm)",Austrian,Austria,,,Christ|Hell|Adam|Eve,,,,,,,The Cloisters,Glass-Stained,,False,True,https://www.metmuseum.org/art/collection/search/471882,https://images.metmuseum.org/CRDImages/cl/original/DT230663.jpg,0,https://www.wikidata.org/wiki/Q20201729,,
470726,Abacus,Abacus,ca. 1130–1140,,,,Marble,Overall: 6 1/2 x 22 in. (16.5 x 55.9 cm),Catalan,present-day France,,,,,,,,,,The Cloisters,Sculpture-Architectural,,False,True,https://www.metmuseum.org/art/collection/search/470726,https://images.metmuseum.org/CRDImages/cl/original/DP132222.jpg,0,https://www.wikidata.org/wiki/Q116378352,,
471805,Deep Dish,Dish,1430–1460,,,,Tin-glazed earthenware,Overall: 18 3/4 in. (47.6 cm),Spanish,Spain,,Manises,Coat of Arms,,,,,,,The Cloisters,Ceramics,,False,True,https://www.metmuseum.org/art/collection/search/471805,https://images.metmuseum.org/CRDImages/cl/original/DP203234.jpg,2,,,
479573,"Arrangement of the Levite Camps around the Tabernacle, one of six illustrated leaves from the Postilla Litteralis (Literal Commentary) of Nicholas of Lyra",Manuscript leaf,ca. 1360–1380,,,,"Opaque watercolor, iron-gall ink and gold on vellum","16 1/2 x 9 3/4 in. (41.9 x 24.8 cm)
Mat: 22 × 16 in. (55.9 × 40.6 cm)",French,,,,Tabernacles,,,,,,,The Cloisters,Manuscripts and Illuminations,,False,True,https://www.metmuseum.org/art/collection/search/479573,https://images.metmuseum.org/CRDImages/cl/original/DP280712.jpg,1,https://www.wikidata.org/wiki/Q20201993,,
470907,The Agony in the Garden and The Betrayal (from Scenes from the Passion of Christ),Relief,early 16th century,,,,Stone,Overall: 22 1/2 x 55 in. (57.2 x 139.7 cm),French,France,,,Soldiers|Men|Christ,,,,,,,The Cloisters,Sculpture,,False,True,https://www.metmuseum.org/art/collection/search/470907,https://images.metmuseum.org/CRDImages/cl/original/25_120_491_cdi.jpg,1,https://www.wikidata.org/wiki/Q116373804,,
471158,Three Sections of Cloister Arcade,Arcade,15th century,,,,Limestone,"(each) H. 6'10-11/16"",  W. (center to center) 36-1/4 in.",French,France,,Froville,,,,,,,,The Cloisters,Installations,,False,True,https://www.metmuseum.org/art/collection/search/471158,https://images.metmuseum.org/CRDImages/cl/original/cdi35-35-5-13.jpg,0,https://www.wikidata.org/wiki/Q116410771,,
470844,Double Capital,Capital,late 13th or early 14th century,,,,white marble,18 × 22 × 14 in. (45.7 × 55.9 × 35.6 cm),French,France,,,Animals,,,,,,,The Cloisters,Sculpture-Architectural,,False,True,https://www.metmuseum.org/art/collection/search/470844,https://images.metmuseum.org/CRDImages/cl/original/cdi25-120-639.jpg,3,,,
471117,Roundel with Virgin and Child and a Carmelite Donatrix,Roundel,1530–40,,,,"Colorless glass, silver stain, vitreous paint",Overall Diam.:  8 1/2 in. (21.6 cm),South Netherlandish,,,,Women|Madonna and Child,,,,,,,The Cloisters,Glass-Stained,,False,True,https://www.metmuseum.org/art/collection/search/471117,https://images.metmuseum.org/CRDImages/cl/original/cdi32-24-54.jpg,0,https://www.wikidata.org/wiki/Q20201532,,
469950,Covered Beaker,Beaker,ca. 1490–1500,,,,Copper gilt,Overall: 9 1/16 x 3 3/4 in. (23 x 9.5 cm),German,Germany,,Nuremberg,Eagles,Sebastian Lindenast the Elder,Artist,German,1460,1526,,The Cloisters,Metalwork-Copper,"German, Nuremberg 1460–1526 Nuremberg",False,True,https://www.metmuseum.org/art/collection/search/469950,https://images.metmuseum.org/CRDImages/cl/original/DP102853.jpg,0,,https://www.wikidata.org/wiki/Q2262912,http://vocab.getty.edu/page/ulan/500321513
473840,Virgin and Child,Statue,14th or early 15th century,,,,Stone,Overall: 58 in. (147.3 cm),French,France,,,Madonna and Child,,,,,,,The Cloisters,Sculpture,,False,True,https://www.metmuseum.org/art/collection/search/473840,https://images.metmuseum.org/CRDImages/cl/original/cds97102.jpg,0,,,
471775,Dish,Dish,1470–1490,,,,Tin-glazed earthenware,Overall: 2 7/16 x 18 1/8 in. (6.2 x 46 cm),Spanish,Spain,,probably Manises,Griffins,,,,,,,The Cloisters,Ceramics,,False,True,https://www.metmuseum.org/art/collection/search/471775,https://images.metmuseum.org/CRDImages/cl/original/sf56-171-114s1.jpg,2,,,
471163,Three Sections of Cloister Arcade,Arcade,15th century,,,,Limestone,"(each) H. 6'10-11/16"",  W. (center to center) 36-1/4 in.",French,France,,Froville,,,,,,,,The Cloisters,Installations,,False,True,https://www.metmuseum.org/art/collection/search/471163,https://images.metmuseum.org/CRDImages/cl/original/cdi35-35-5-13.jpg,0,https://www.wikidata.org/wiki/Q116410862,,
472310,Torso of Christ,Sculpture,late 12th century,,,,"Poplar, gesso, paint, and metal leaf",43 x 13 3/4 x 9 1/2 in. (109.2 x 34.9 x 24.1 cm),French,France,,,Christ,,,,,,,The Cloisters,Sculpture-Wood,,False,True,https://www.metmuseum.org/art/collection/search/472310,https://images.metmuseum.org/CRDImages/cl/original/DP216430.jpg,2,https://www.wikidata.org/wiki/Q20201086,,
471836,Jug,Jug,15th century,,,,"Earthenware, tin-glaze (Majolica)",Overall: 9 7/8 x 6 15/16 x 6 11/16 in. (25.1 x 17.7 x 17 cm),Italian,Italy,,Orvieto ?,,,,,,,,The Cloisters,Ceramics,,False,True,https://www.metmuseum.org/art/collection/search/471836,https://images.metmuseum.org/CRDImages/cl/original/sf57-169s7.jpg,5,,,
471696,Nail,Nail,15th–16th century,,,,Iron,Overall: 5/8 in. (1.6 cm),European,,,,,,,,,,,The Cloisters,Metalwork-Iron,,False,True,https://www.metmuseum.org/art/collection/search/471696,https://images.metmuseum.org/CRDImages/cl/original/cdi55-61-143.jpg,0,,,
475515,Paten,Paten,ca. 1230–50,,,,"Silver, partly gilt; niello, jewels",7/8 x 8 3/4 in. (2.2 x 22.2 cm),German,,,,Christ|Abel|Saints,,,,,,,The Cloisters,Metalwork-Silver,,True,True,https://www.metmuseum.org/art/collection/search/475515,https://images.metmuseum.org/CRDImages/cl/original/DP366853.jpg,2,https://www.wikidata.org/wiki/Q29385529,,
471029,Prophet Isaiah,Stained glass panel,ca. 1325,,,,"Pot-metal, colorless glass, and vitreous paint",Overall: 135 1/2 x 18 in. (344.2 x 45.7 cm),French,France,,,Men,,,,,,,The Cloisters,Glass-Stained,,False,True,https://www.metmuseum.org/art/collection/search/471029,https://images.metmuseum.org/CRDImages/cl/original/cdi28-107-1.jpg,1,https://www.wikidata.org/wiki/Q20201619,,
471220,Two Seated Apostles from a Pentecost Scene,Panel,ca. 1245–48,,,,Pot-metal glass and vitreous paint,Overall: 21 9/16 x 13 7/8 in. (54.8 x 35.2 cm),French,France,,Tours,Men|Apostles,,,,,,,The Cloisters,Glass-Stained,,False,True,https://www.metmuseum.org/art/collection/search/471220,https://images.metmuseum.org/CRDImages/cl/original/cdi37-173-5.jpg,0,https://www.wikidata.org/wiki/Q20201669,,
471129,"Roundel with the Crucifixion, the Virgin, and Saint John",Roundel,ca. 1525–30,,,,"Colorless glass, silver stain, vitreous paint",Overall Diam.: 8 1/8 in. (20.6 cm),South Netherlandish,,,,Christ|Virgin Mary|Crucifixion,,,,,,,The Cloisters,Glass-Stained,,False,True,https://www.metmuseum.org/art/collection/search/471129,https://images.metmuseum.org/CRDImages/cl/original/cdi32-24-66.jpg,0,https://www.wikidata.org/wiki/Q20201551,,
470896,Coffret,Coffret,15th–16th century,,,,"wood, covered with leather, bound with iron",Overall: 4 7/8 x 11 1/8 x 7 7/8 in. (12.4 x 28.3 x 20 cm),French or Spanish,,,,,,,,,,,The Cloisters,Leatherwork,,False,True,https://www.metmuseum.org/art/collection/search/470896,https://images.metmuseum.org/CRDImages/cl/original/cdi25-120-455.jpg,1,,,
475549,"3 of Tethers, from The Cloisters Playing Cards",Playing card,ca. 1475–80,,,,"Paper (four layers of pasteboard) with pen and ink, opaque paint, glazes, and applied silver and gold",5 3/16 × 2 3/4 in. (13.2 × 7 cm),South Netherlandish,,,,Playing Cards|Games,,,,,,,The Cloisters,Miscellaneous-Paper,,False,True,https://www.metmuseum.org/art/collection/search/475549,https://images.metmuseum.org/CRDImages/cl/original/DP354519.jpg,3,,,
471693,Nail,Nail,15th–16th century,,,,Iron,Overall: 3/4 x 5 1/4 in. (1.9 x 13.3 cm),European,,,,,,,,,,,The Cloisters,Metalwork-Iron,,False,True,https://www.metmuseum.org/art/collection/search/471693,https://images.metmuseum.org/CRDImages/cl/original/cdi55-61-140.jpg,0,,,
466240,High-Backed Chair,Chair,ca. 1450–1500,,,,Oak,68 × 27 1/4 × 18 in. (172.7 × 69.2 × 45.7 cm),Northwest European,northern Europe,,,,,,,,,,The Cloisters,Woodwork-Furniture,,False,True,https://www.metmuseum.org/art/collection/search/466240,https://images.metmuseum.org/CRDImages/cl/original/cds256682.jpg,0,,,
470606,Column Base with Shaft Fragment,Base,late 12th century,,,,Stone,Overall: 8 7/8 x 9 15/16 x 8 9/16 in. (22.5 x 25.3 x 21.8 cm),French,France,,,,,,,,,,The Cloisters,Sculpture-Architectural,,False,True,https://www.metmuseum.org/art/collection/search/470606,https://images.metmuseum.org/CRDImages/cl/original/cdi25-120-1010.jpg,1,,,
472329,Capital,Capital,late 12th century,,,,Stone,Overall: 11 1/2 x 9 5/8 x 9 1/2 in. (29.2 x 24.4 x 24.1 cm),French,,,,,,,,,,,The Cloisters,Sculpture-Architectural,,False,True,https://www.metmuseum.org/art/collection/search/472329,https://images.metmuseum.org/CRDImages/cl/original/cdi-st-g1.jpg,2,https://www.wikidata.org/wiki/Q116250642,,
471327,Cupboard,Cupboard,15th century,,,,Oak,Overall: 63 1/4 x 58 3/4 x 23 in. (160.7 x 149.2 x 58.4 cm),South Netherlandish,,,,,,,,,,,The Cloisters,Woodwork-Furniture,,False,True,https://www.metmuseum.org/art/collection/search/471327,https://images.metmuseum.org/CRDImages/cl/original/cds144007.jpg,0,,,
468239,The Empress Kneels Before Saint Martin,Roundel,ca. 1430,,,,"Silk and metal thread, and linen",Diameter: 6 1/8in. (15.5cm),South Netherlandish,,,,Men|Women|Saints,,,,,,,The Cloisters,Textiles-Embroidered,,False,True,https://www.metmuseum.org/art/collection/search/468239,https://images.metmuseum.org/CRDImages/cl/original/DP348058.jpg,1,,,
651287,Jug with Horseshoes,Jug,13th century,,,,Glazed earthenware,16 × 13 5/8 × 13 1/16 in. (40.7 × 34.6 × 33.2 cm),British,England,,,,,,,,,,The Cloisters,Ceramics-Pottery,,False,True,https://www.metmuseum.org/art/collection/search/651287,https://images.metmuseum.org/CRDImages/cl/original/DP332091.jpg,3,https://www.wikidata.org/wiki/Q116298569,,
473047,Virgin,Statue,ca. 1250,,,,Sandstone with original paint and gilding,Overall: 58 1/2 x 18 1/2 x 14 1/2in. (148.6 x 47 x 36.8cm),German,present-day France,,Strasbourg,Women|Virgin Mary,,,,,,,The Cloisters,Sculpture-Stone,,True,True,https://www.metmuseum.org/art/collection/search/473047,https://images.metmuseum.org/CRDImages/cl/original/DP102862.jpg,3,https://www.wikidata.org/wiki/Q20201082,,
473847,Crozier,Crozier,15th–16th century,,,,"Wax, wood",Overall: 79 1/2 in. (201.9 cm),Italian,,,,Croziers,,,,,,,The Cloisters,Sculpture,,False,True,https://www.metmuseum.org/art/collection/search/473847,https://images.metmuseum.org/CRDImages/cl/original/cdi25-120-216.jpg,0,,,
470817,Capital,Capital,ca. 1130–40,,,,Marble,Overall: 13 1/2 x 12 x 13 1/2 in. (34.3 x 30.5 x 34.3 cm),Catalan,present-day France,,,,,,,,,,The Cloisters,Sculpture-Architectural,,False,True,https://www.metmuseum.org/art/collection/search/470817,https://images.metmuseum.org/CRDImages/cl/original/LC-25_120_623-001.jpg,3,,,
471901,Crucifixion Group,Relief,1490–1510,,,,Limewood,"Overall (with framing elements): 37 × 27 1/4 × 9 in. (94 × 69.2 × 22.9 cm)
Overall (without framing elements): 34 3/4 × 26 × 5 7/8 in. (88.3 × 66 × 14.9 cm)",German,Germany,,Freiburg im Breisgau(?),Spears|Men|Women|Horses|Crucifixion,Hans Wydytz I,Artist,German,1470,1521,,The Cloisters,Sculpture-Wood,"German, Strasbourg ca. 1475–ca. 1516 Strasbourg",False,True,https://www.metmuseum.org/art/collection/search/471901,https://images.metmuseum.org/CRDImages/cl/original/DP366888.jpg,8,,https://www.wikidata.org/wiki/Q1583215,http://vocab.getty.edu/page/ulan/500115683
470928,Arch Fragment,Arch fragment,ca. 1130–40,,,,Marble,Overall: 10 x 6 1/2 x 8 in. (25.4 x 16.5 x 20.3 cm),Catalan,present-day France,,,,,,,,,,The Cloisters,Sculpture-Architectural,,False,True,https://www.metmuseum.org/art/collection/search/470928,https://images.metmuseum.org/CRDImages/cl/original/sf61478.jpg,0,,,
471813,Deep Dish,Dish,ca. 1430,,,,Tin-glazed earthenware,Overall: 2 3/8 x 17 3/4 in. (6 x 45.1 cm),Spanish,Spain,,probably Manises,,,,,,,,The Cloisters,Ceramics,,False,True,https://www.metmuseum.org/art/collection/search/471813,https://images.metmuseum.org/CRDImages/cl/original/DT5521.jpg,2,https://www.wikidata.org/wiki/Q20201173,,
471687,Nail,Nail,15th–16th century,,,,Iron,Overall: 2 5/8 in. (6.7 cm),European,,,,,,,,,,,The Cloisters,Metalwork-Iron,,False,True,https://www.metmuseum.org/art/collection/search/471687,https://images.metmuseum.org/CRDImages/cl/original/cdi55-61-131.jpg,1,,,
469872,Two-Colored Tile with Arms of the Beauchamp Family,Tile,14th–15th century,,,,"Fired earthenware, with slip decoration and lead glaze",Overall: 5 1/4 x 5 1/4in. (13.3 x 13.3cm),British,England,,probably Derbyshire,Coat of Arms,,,,,,,The Cloisters,Ceramics-Tiles,,False,True,https://www.metmuseum.org/art/collection/search/469872,https://images.metmuseum.org/CRDImages/cl/original/cdi1983-236-1.jpg,1,,,
471993,Standing Bishop,Statue,ca. 1505,,,,Limewood with paint and gilding,Overall: 46 1/16 x 13 3/8 x 9 1/2 in. (117 x 34 x 24.1 cm),German,Germany,,Würzburg,Men|Bishops,Tilman Riemenschneider,Artist,German,1460,1531,,The Cloisters,Sculpture-Wood,"German, 1460–1531",False,True,https://www.metmuseum.org/art/collection/search/471993,https://images.metmuseum.org/CRDImages/cl/original/CT_40301.jpg,7,https://www.wikidata.org/wiki/Q20201886,https://www.wikidata.org/wiki/Q44723,http://vocab.getty.edu/page/ulan/500030655
471239,Paschal Candlestick,Candlestick,ca. 1450–1500,,,,Wood with paint and gilding,Overall: 77 x 17 1/4 in. (195.6 x 43.8 cm),Spanish,Spain,,,Apostles|Adam|Eve|Saints,,,,,,,The Cloisters,Woodwork-Furniture,,False,True,https://www.metmuseum.org/art/collection/search/471239,https://images.metmuseum.org/CRDImages/cl/original/DP102923.jpg,0,https://www.wikidata.org/wiki/Q20201026,,
471066,Roundel with the Circumcision,Roundel,1480–90,,,,"Colorless glass, vitreous paint and silver stain",Overall Diam.:  7 3/4 in. (19.7 cm),German,Germany,,,Men|Virgin Mary|Jesus|Circumcision,,,,,,,The Cloisters,Glass-Stained,,False,True,https://www.metmuseum.org/art/collection/search/471066,https://images.metmuseum.org/CRDImages/cl/original/cdi32-24-3.jpg,0,https://www.wikidata.org/wiki/Q20201630,,
472287,Column Base,Base,late 12th century,,,,Stone,Overall: 4 3/4 x 9 5/8 x 9 5/8 in. (12.1 x 24.4 x 24.4 cm),French,,,,,,,,,,,The Cloisters,Sculpture-Architectural,,False,True,https://www.metmuseum.org/art/collection/search/472287,https://images.metmuseum.org/CRDImages/cl/original/cdi-st-g4.jpg,1,https://www.wikidata.org/wiki/Q116256030,,
471758,Pharmacy Jar,Pharmacy jar,1435–65,,,,Tin-glazed earthenware,Overall: 11 in. (27.9 cm),Spanish,Spain,,Manises,,,,,,,,The Cloisters,Ceramics,,False,True,https://www.metmuseum.org/art/collection/search/471758,https://images.metmuseum.org/CRDImages/cl/original/cdi56-171-94.jpg,0,https://www.wikidata.org/wiki/Q116248135,,
468389,Arma Christi,Altar frontal,1475–1550,,,,"Wool warp;  wool, silk, silver, and gilt wefts",44 1/4 x 83 in.  (112.4 x 210.8 cm),South Netherlandish,,,,Cross,,,,,,,The Cloisters,Textiles-Tapestries,,False,True,https://www.metmuseum.org/art/collection/search/468389,https://images.metmuseum.org/CRDImages/cl/original/DP-14824-009.jpg,1,,,
466284,Saint John the Baptist,Statuette,ca. 1420–25,,,,Alabaster,H. 9 7/16 in. (24 cm),South Netherlandish or German,,,,Men|Saint John the Baptist,,,,,,,The Cloisters,Sculpture-Stone,,False,True,https://www.metmuseum.org/art/collection/search/466284,https://images.metmuseum.org/CRDImages/cl/original/DT3935.jpg,6,https://www.wikidata.org/wiki/Q116243807,,
470746,Arch,Arch,ca. 1130–1140,,,,Pink marble,Overall: 33 1/2 x 94 in. (85.1 x 238.8 cm),Catalan,present-day France,,,,,,,,,,The Cloisters,Sculpture-Architectural,,False,True,https://www.metmuseum.org/art/collection/search/470746,https://images.metmuseum.org/CRDImages/cl/original/DP132222.jpg,0,https://www.wikidata.org/wiki/Q116378408,,
472165,Architectural canopy,Panel,ca. 1390,,,,"Pot-metal and colorless glass, vitreous paint and silver stain",26 1/4 × 12 1/8 in. (66.7 × 30.8 cm),Austrian,Austria,,,,,,,,,,The Cloisters,Glass-Stained,,False,True,https://www.metmuseum.org/art/collection/search/472165,https://images.metmuseum.org/CRDImages/cl/original/cdi1986-285-12.jpg,1,https://www.wikidata.org/wiki/Q20201890,,
469863,Standing Virgin and Child,Statuette,late 15th century or later,,,,"Composition of caster's clay, caster's sand, and animal glue with polychromy and gilding",Overall: 8 7/16in. (21.5cm); Weight: 429.2 grams,North Netherlandish,North Netherlands,,Utrecht,,,,,,,,The Cloisters,Ceramics,,False,True,https://www.metmuseum.org/art/collection/search/469863,https://images.metmuseum.org/CRDImages/cl/original/cdi1982-54.jpg,2,,,
651290,Jug,Jug,13th–14th century,,,,Unglazed earthenware,9 5/8 × 9 × 8 3/8 in. (24.4 × 22.8 × 21.3 cm),British,England,,,,,,,,,,The Cloisters,Ceramics-Pottery,,False,True,https://www.metmuseum.org/art/collection/search/651290,https://images.metmuseum.org/CRDImages/cl/original/DP338369.jpg,1,,,
471870,Ornamental Lancet Heads,Lancet heads,1340–50,,,,Pot-metal and colorless glass with vitreous paint,Overall: 13 5/8 x 11 in. (34.6 x 27.9 cm),Austrian,Austria,,,,,,,,,,The Cloisters,Glass-Stained,,False,True,https://www.metmuseum.org/art/collection/search/471870,https://images.metmuseum.org/CRDImages/cl/original/cdi68-224-13.jpg,1,https://www.wikidata.org/wiki/Q20201707,,
468578,Christ  Among the Doctors,Panel,14th century,,,,Silk on canvas,11 1/4 x 16 3/8 in.  (28.6 x 41.6 cm),Italian,Italy,,,Doctors,Workshop of Geri Lapi,Artist,Italian,,,,The Cloisters,Textiles-Embroidered,,False,True,https://www.metmuseum.org/art/collection/search/468578,https://images.metmuseum.org/CRDImages/cl/original/DP167119.jpg,1,,,
472301,Man of Sorrows,Painting,ca. 1370,,,,Fresco transferred to canvas,Overall: 65 x 70 in. (165.1 x 177.8 cm),Italian,Italy,,Florence,Christ,Niccolò di Tommaso,Artist,Italian,1343,1376,,The Cloisters,Paintings-Canvas,"Italian, Florence, active 1343–76",False,True,https://www.metmuseum.org/art/collection/search/472301,https://images.metmuseum.org/CRDImages/cl/original/DP102888.jpg,0,https://www.wikidata.org/wiki/Q20200885,https://www.wikidata.org/wiki/Q559655,http://vocab.getty.edu/page/ulan/500029562
471986,Saint Christopher Carrying Christ,Statue,1510–20,,,,Limewood,"56 1/2 × 19 1/2 × 14 1/2 in., 72 lb. (143.5 × 49.5 × 36.8 cm, 32658.986g)",German,Germany,,,Christ|Saint Christopher,,,,,,,The Cloisters,Sculpture-Wood,,False,True,https://www.metmuseum.org/art/collection/search/471986,https://images.metmuseum.org/CRDImages/cl/original/DP366903.jpg,4,https://www.wikidata.org/wiki/Q116247529,,
471267,Chalice,Chalice,1222,,,,Silver and silver gilt,Overall: 7 1/2 x 5 3/8 in. (19.1 x 13.7 cm),Northern European,Northern Europe,possibly Meuse Valley,,,Brother Bertinus,Artist,,,,,The Cloisters,Metalwork-Silver,,False,True,https://www.metmuseum.org/art/collection/search/471267,https://images.metmuseum.org/CRDImages/cl/original/DP102865.jpg,0,https://www.wikidata.org/wiki/Q116252237,,
470668,Column Base,Column base,ca. 1130–40,,,,Marble,Overall: 17 1/4 x 7 1/2 x 17 1/4 in. (43.8 x 19.1 x 43.8 cm),Catalan,present-day France,,,,,,,,,,The Cloisters,Sculpture-Architectural,,False,True,https://www.metmuseum.org/art/collection/search/470668,https://images.metmuseum.org/CRDImages/cl/original/DP132222.jpg,0,https://www.wikidata.org/wiki/Q116378298,,
472111,Pilgrim's Badge,Pilgrim's badge,14th–16th century,,,,Lead,Overall: 1 1/4 x 7/8in. (3.1 x 2.3cm),French,,,,,,,,,,,The Cloisters,Metalwork-Lead,,False,True,https://www.metmuseum.org/art/collection/search/472111,https://images.metmuseum.org/CRDImages/cl/original/cdi1977-240-86.jpg,1,,,
472114,Pilgrim's Badge,Pilgrim's badge,14th–16th century,,,,Lead,Overall: 1 in. (2.5 cm),French,,,,,,,,,,,The Cloisters,Metalwork-Lead,,False,True,https://www.metmuseum.org/art/collection/search/472114,https://images.metmuseum.org/CRDImages/cl/original/cdi1977-240-89.jpg,1,,,
470983,Double Capital,Capital,late 13th–early 14th century,,,,marble,Overall: 21 3/4 x 17 x 13 in. (55.2 x 43.2 x 33 cm),French,,,,Heads|Men|Women,,,,,,,The Cloisters,Sculpture-Architectural,,False,True,https://www.metmuseum.org/art/collection/search/470983,https://images.metmuseum.org/CRDImages/cl/original/cdi25-120-757.jpg,1,https://www.wikidata.org/wiki/Q116252707,,
472026,Pilgrim's Badge,Pilgrim's badge,14th–16th century,,,,Lead,Overall: 2 5/16 x 11/16in. (5.9 x 1.8cm),French,,,,Saints,,,,,,,The Cloisters,Metalwork-Lead,,False,True,https://www.metmuseum.org/art/collection/search/472026,https://images.metmuseum.org/CRDImages/cl/original/cdi1977-240-12.jpg,1,,,
478778,Engaged Shaft,Shaft,ca. 1130–40,,,,Stone,,French,France,,,,,,,,,,The Cloisters,Sculpture-Architectural,,False,True,https://www.metmuseum.org/art/collection/search/478778,https://images.metmuseum.org/CRDImages/cl/original/198804.jpg,0,,,
468331,Lectern,Lectern,16th century,,,,Iron,"H: 53""  W: 20 1/4""  D: 22""  (134.6 x 51.4 x 55.9cm)",Spanish,,,,,,,,,,,The Cloisters,Metalwork-Iron,,False,True,https://www.metmuseum.org/art/collection/search/468331,https://images.metmuseum.org/CRDImages/cl/original/cds148117.jpg,0,,,
471669,Plate and Nail,Plate and nail,15th–16th century,,,,Iron,Overall: 5 1/2 x 2 1/8 in. (14 x 5.4 cm),European,,,,,,,,,,,The Cloisters,Metalwork-Iron,,False,True,https://www.metmuseum.org/art/collection/search/471669,https://images.metmuseum.org/CRDImages/cl/original/cdi55-61-108ab.jpg,2,,,
468493,Hunting Dog,Figure,15th–16th century or later,,,,Wrought iron,"Overall: 6 7/8 x 1 9/16 x 1 in. (17.5 x 4 x 2.5 cm)
with mount: 8 1/16 x 10 1/16 x 2 7/16 in. (20.5 x 25.6 x 6.2 cm)",European,,,,,,,,,,,The Cloisters,Metalwork-Iron,,False,True,https://www.metmuseum.org/art/collection/search/468493,https://images.metmuseum.org/CRDImages/cl/original/sf55-61-21s5.jpg,3,,,
469993,Grisaille Panel,Panel,1250–70,,,,White and pot-metal glass with vitreous paint,23 1/2 x 18 1/2 in.  (59.7 x 47.0 cm),French,France,,,,,,,,,,The Cloisters,Glass-Stained,,False,True,https://www.metmuseum.org/art/collection/search/469993,https://images.metmuseum.org/CRDImages/cl/original/cdi1982-433-1.jpg,0,https://www.wikidata.org/wiki/Q20201308,,
470693,Cloister Arcades with Double Capitals,Column shaft,late 13th–early 14th century,,,,Stone,54 × 5 1/4 in. (137.2 × 13.3 cm),French,France,,,,,,,,,,The Cloisters,Sculpture-Architectural,,False,True,https://www.metmuseum.org/art/collection/search/470693,https://images.metmuseum.org/CRDImages/cl/original/DP102892.jpg,0,https://www.wikidata.org/wiki/Q116275971,,
712743,Door knocker in the shape of a lizard-like creature,Door knocker,15th or 16th century,,,,Wrought iron,"without tang: 11 13/16 × 3 7/8 × 4 1/8 in. (30 × 9.9 × 10.5 cm)
Overall with mounting (tang): 11 13/16 × 3 7/8 × 5 7/8 in. (30 × 9.9 × 15 cm)",Spanish,,,,Lizards,,,,,,,The Cloisters,Metalwork-Iron,,False,True,https://www.metmuseum.org/art/collection/search/712743,https://images.metmuseum.org/CRDImages/cl/original/DP-14549-002.jpg,7,,,
470854,Column Base,Column base,ca. 1130–40,,,,Marble,Overall: 7 3/4 x 5 1/2 x 7 3/4 in. (19.7 x 14 x 19.7 cm),Catalan,present-day France,,,,,,,,,,The Cloisters,Sculpture-Architectural,,False,True,https://www.metmuseum.org/art/collection/search/470854,https://images.metmuseum.org/CRDImages/cl/original/sf61149.jpg,0,,,
469858,"Diptych with Scenes of the Annunciation, Nativity, Crucifixion, and Resurrection",Diptych,1300–1325,,,,Silver gilt with translucent and opaque enamels,"Overall (opened): 2 3/8 x 3 3/8 x 5/16 in. (6.1 x 8.6 x 0.8 cm)
Overall (Closed): 2 3/8 x 1 3/4 x 1/2 in. (6.1 x 4.5 x 1.2 cm)",German,Germany,,probably Cologne,Christ|Virgin Mary|Annunciation|Crucifixion|Nativity,,,,,,,The Cloisters,Enamels-Translucent,,True,True,https://www.metmuseum.org/art/collection/search/469858,https://images.metmuseum.org/CRDImages/cl/original/DT231705.jpg,1,https://www.wikidata.org/wiki/Q29385484,,
471237,Gothic Doorway,Doorway,ca. 1520–30,,,,Limestone,Overall: 175 x 106 in. (444.5 x 269.2 cm),French,France,,Poitou,Doorways,,,,,,,The Cloisters,Installations,,False,True,https://www.metmuseum.org/art/collection/search/471237,https://images.metmuseum.org/CRDImages/cl/original/DP273987.jpg,1,https://www.wikidata.org/wiki/Q116252280,,
471203,Bust of a Bishop,Bust,15th century,,,,"Wood, paint",Overall: 26 1/4 x 19 1/2 in. (66.7 x 49.5 cm),French,,,,Men|Bishops,,,,,,,The Cloisters,Sculpture-Wood,,False,True,https://www.metmuseum.org/art/collection/search/471203,https://images.metmuseum.org/CRDImages/cl/original/cdi37-80-14.jpg,1,https://www.wikidata.org/wiki/Q20201670,,
466293,The Road to Calvary,Relief,ca. 1440,,,,Alabaster,7 3/8 × 11 7/16 × 13/16 in. (18.8 × 29 × 2 cm),German,Germany,,,Men|Christ|Bearing the Cross,Master of the Lorsch Calvary,Artist,,,,,The Cloisters,Sculpture-Stone,,False,True,https://www.metmuseum.org/art/collection/search/466293,https://images.metmuseum.org/CRDImages/cl/original/DT4118.jpg,1,https://www.wikidata.org/wiki/Q116243794,,
466187,Altar Frontal with Man of Sorrows and Saints,Antependium; Altar frontal,ca. 1465,,,,"Wool, linen, and metallic thread (gilt membrane on silk) on linen",Overall: 35 1/4 x 65 1/2in. (89.5 x 166.4cm),German,Germany (?),,Nuremberg,Lions|Christ|Saint Jerome|Saint John the Baptist|Saint John the Evangelist|Virgin Mary|Saints,,,,,,,The Cloisters,Textiles-Tapestries,,True,True,https://www.metmuseum.org/art/collection/search/466187,https://images.metmuseum.org/CRDImages/cl/original/cl1991.156.R.jpg,0,https://www.wikidata.org/wiki/Q29385415,,
468705,Plaque with The Annunciation,Plaque,second quarter 19th century,,,,"Champlevé enamel, copper-gilt",Overall: 8 1/16 x 6 1/2 x 5/16 in. (20.5 x 16.5 x 0.8 cm),German,,,,Angels|Virgin Mary,,,,,,,The Cloisters,Enamels-Champlevé,,False,True,https://www.metmuseum.org/art/collection/search/468705,https://images.metmuseum.org/CRDImages/cl/original/sf65-3s1a.jpg,1,,,
470704,Column Shaft,Shaft,late 13th–early 14th century,,,,Marble,"H.:      43 7/8 in. (111.4 cm)
Circum.: 16 5/8 in",French,France,Pyrénées-Aquintaine,,,,,,,,,The Cloisters,Sculpture-Architectural,,False,True,https://www.metmuseum.org/art/collection/search/470704,https://images.metmuseum.org/CRDImages/cl/original/DP104561.jpg,0,https://www.wikidata.org/wiki/Q116254138,,
471412,Panel with the Kiss of Judas,Panel,early 16th century,,,,Oak,Overall: 35 1/2 x 10 1/2 in. (90.2 x 26.7 cm),French,France,,,Soldiers|Men|Jesus|Judas,,,,,,,The Cloisters,Woodwork-Architectural,,False,True,https://www.metmuseum.org/art/collection/search/471412,https://images.metmuseum.org/CRDImages/cl/original/cdi50-147-26.jpg,0,,,
466196,Leaf from the Epistle to the Hebrews,Manuscript leaf,1101,,,,"Tempera, gold and ink on parchment",7 31/32 x 6 1/4 in.  (20.3 x 16.0 cm),Byzantine,,,,Saint Paul|Greek,Joannes Koulix,Artist,,,,,The Cloisters,Manuscripts and Illuminations,,False,True,https://www.metmuseum.org/art/collection/search/466196,https://images.metmuseum.org/CRDImages/cl/original/DT202813.jpg,0,https://www.wikidata.org/wiki/Q20201961,,
470627,Column Base,Base,late 12th century,,,,Stone,Overall: 5 1/8 x 9 7/8 x 9 7/8 in. (13 x 25.1 x 25.1 cm),French,France,,,,,,,,,,The Cloisters,Sculpture-Architectural,,False,True,https://www.metmuseum.org/art/collection/search/470627,https://images.metmuseum.org/CRDImages/cl/original/cdi-st-g20.jpg,1,https://www.wikidata.org/wiki/Q116256268,,
471130,Roundel with Christ Condemned by Pilate,Roundel,1515–20,,,,"Colorless glass, vitreous paint and silver stain",Overall Diam.:  9 1/8 in. (23.2 cm),North Netherlandish,North Netherlands,,,Men|Christ,,,,,,,The Cloisters,Glass-Stained,,False,True,https://www.metmuseum.org/art/collection/search/471130,https://images.metmuseum.org/CRDImages/cl/original/cdi32-24-67.jpg,1,https://www.wikidata.org/wiki/Q20201145,,
470869,Abacus,Abacus,ca. 1130–1140,,,,Pink marble,Overall: 6 3/4 x 22 in. (17.1 x 55.9 cm),Catalan,present-day France,,,,,,,,,,The Cloisters,Sculpture-Architectural,,False,True,https://www.metmuseum.org/art/collection/search/470869,https://images.metmuseum.org/CRDImages/cl/original/DP132222.jpg,0,https://www.wikidata.org/wiki/Q116378517,,
469892,The Bishop of Assisi Giving a Palm to Saint Clare,Painting,ca. 1360,,,,"Oil, gold, and silver on wood",13 5/16 × 8 9/16 × 3/16 in. (33.8 × 21.7 × 0.45 cm),German,Germany,,Nuremberg,Men|Women|Palms|Bishops|Saints,,,,,,,The Cloisters,Paintings-Panels,,False,True,https://www.metmuseum.org/art/collection/search/469892,https://images.metmuseum.org/CRDImages/cl/original/h1_1984.343.jpg,1,https://www.wikidata.org/wiki/Q20200904,,
468533,Scenes from the Life of the Virgin,Antependium,ca. 1500,,,,"Linen warp; wool, linen, silk, silver, and gilt wefts;  wool pile yarns",41 x 138 in.  (104.1 x 350.5 cm),Upper Rhenish,present-day France,,Strasbourg,Angels|Christ|Virgin Mary|Archangel Gabriel|Annunciation|Nativity|Visitation|Coronation of the Virgin,,,,,,,The Cloisters,Textiles-Tapestries,,False,True,https://www.metmuseum.org/art/collection/search/468533,https://images.metmuseum.org/CRDImages/cl/original/DT221849.jpg,0,https://www.wikidata.org/wiki/Q20201452,,
471795,Dish,Dish,1430–1460,,,,Tin-glazed earthenware,Overall: diam. 18 3/4 x 2 11/16 in. (diam. 47.7 x 6.9 cm),Spanish,Spain,,probably Manises,,,,,,,,The Cloisters,Ceramics,,False,True,https://www.metmuseum.org/art/collection/search/471795,https://images.metmuseum.org/CRDImages/cl/original/sf56-171-139s1.jpg,1,,,
468499,Coffret,Coffret,late 15th–16th century,,,,"Cuir bouilli (tooled leather), iron fittings, wood core",Overall: 6 1/2 x 7 5/8 x 4 1/2 in. (16.5 x 19.4 x 11.4 cm),French,,,,,,,,,,,The Cloisters,Leatherwork,,False,True,https://www.metmuseum.org/art/collection/search/468499,https://images.metmuseum.org/CRDImages/cl/original/sf55-61-67s5.jpg,8,,,
470151,Corbel with Crouching Woman Clutching her Long Hair,Corbel,12th century,,,,Limestone,Overall: 10 1/4 x 18 3/4 x 7in. (26 x 47.6 x 17.8cm),French,France,,,Women,,,,,,,The Cloisters,Sculpture-Stone,,False,True,https://www.metmuseum.org/art/collection/search/470151,https://images.metmuseum.org/CRDImages/cl/original/cdi63-60s3.jpg,2,,,
470346,Man of Sorrows,Plaque,ca. 1500,,,,Elephant ivory with paint and gilding,3 3/8 x 2 9/16 x 13/32 in.  (8.6 x 6.5 x 1.0 cm),South German,,,,Angels|Christ|Saint John the Evangelist|Virgin Mary,,,,,,,The Cloisters,Ivories-Elephant,,False,True,https://www.metmuseum.org/art/collection/search/470346,https://images.metmuseum.org/CRDImages/cl/original/DT4412.jpg,4,https://www.wikidata.org/wiki/Q20201114,,
468501,Door Boss,Door boss,15th–16th century,,,,Iron,"Overall (installed): 6 7/16 x 3 9/16 in. (16.4 x 9 cm)
Boss-a: 6 7/16 x 2 3/8 in. (16.4 x 6 cm)
Nail-b: 4 3/16 x 1 7/16 in. (10.7 x 3.6 cm)",European,,,,,,,,,,,The Cloisters,Metalwork-Iron,,False,True,https://www.metmuseum.org/art/collection/search/468501,https://images.metmuseum.org/CRDImages/cl/original/sf55-61-70abs1.jpg,4,,,
466193,Leaf from a Beatus Manuscript: the Seventh Angel Proclaims the Reign of the Lord,Beatus; Manuscript leaf,ca. 1180,,,,"Tempera, gold, and ink on parchment","Overall (folio): 17 1/2 x 11 13/16 in. (44.5 x 30 cm)
Mat: 22 x 16 in. (55.9 x 40.6 cm)",Spanish,,,,Trumpets|Angels,,,,,,,The Cloisters,Manuscripts and Illuminations,,False,True,https://www.metmuseum.org/art/collection/search/466193,https://images.metmuseum.org/CRDImages/cl/original/DP-20632-001.jpg,1,https://www.wikidata.org/wiki/Q20201957,,
470921,Panel with the Angel Appearing to Zacharias (from a Retable depicting Saint John the Baptist and scenes from his life),Painting,1464–1507,,,,"Tempera on wood, gold ground","37 1/2 x 27 1/4 in. (95.3 x 69.2 cm)
Entire Retable: 139 x 100 in. (353.1 x 254 cm)",Spanish,Spain,,,Men|Angels|Saint John the Baptist|Saints,Domingo Ram,Artist,Spanish,1464,1507,,The Cloisters,Paintings-Panels,"Spanish, Aragon, active 1464–1507",False,True,https://www.metmuseum.org/art/collection/search/470921,https://images.metmuseum.org/CRDImages/cl/original/DP-29633-001.jpg,1,https://www.wikidata.org/wiki/Q20200973,https://www.wikidata.org/wiki/Q20829680,http://vocab.getty.edu/page/ulan/500014489
472183,Engaged capital,Capital,late 12th century,,,,Stone,Overall: 4 3/4 x 9 1/4 x 5 1/8 in. (12.1 x 23.5 x 13 cm),French,,,,,,,,,,,The Cloisters,Sculpture-Architectural,,False,True,https://www.metmuseum.org/art/collection/search/472183,https://images.metmuseum.org/CRDImages/cl/original/cdi-st-g3.jpg,2,https://www.wikidata.org/wiki/Q116246113,,
469869,Double Cup,Cup,1325–50,,,,"Silver, gilded silver, and enamel","Overall (together): 3 x 4 15/16 x 4 3/16 in. (7.6 x 12.5 x 10.7 cm)
Bowl only: 2 5/16 x 4 15/16 x 4 3/16 in. (5.8 x 12.5 x 10.7 cm)
Lid only: 1 7/16 x 3 3/4 in. (3.6 x 9.5 cm)",German or Bohemian,,,possibly Prague,Coat of Arms,,,,,,,The Cloisters,Metalwork-Silver,,False,True,https://www.metmuseum.org/art/collection/search/469869,https://images.metmuseum.org/CRDImages/cl/original/DP132218.jpg,5,https://www.wikidata.org/wiki/Q116272672,,
471871,Ornamental Lancet Heads,Lancet heads,1340–50,,,,Pot-metal and colorless glass with vitreous paint,Overall: 13 1/2 x 10 15/16 in. (34.3 x 27.8 cm),Austrian,Austria,,,,,,,,,,The Cloisters,Glass-Stained,,False,True,https://www.metmuseum.org/art/collection/search/471871,https://images.metmuseum.org/CRDImages/cl/original/cdi68-224-12.jpg,1,https://www.wikidata.org/wiki/Q20201712,,
478382,Enamel from a Reliquary,Halo,early 13th century,,,,"Champlevé & cloisonné enamel, copper-gilt",Overall: 3 1/8 x 5/16 in. (8 x 0.8 cm),German,Germany,,Cologne,Reliquaries,Master of the Virgin Mary's Reliquary Casket,Artist,German,,,,The Cloisters,Enamels-Champlevé & Cloisonné,"German, Aachen",False,True,https://www.metmuseum.org/art/collection/search/478382,https://images.metmuseum.org/CRDImages/cl/original/DP167498.jpg,3,https://www.wikidata.org/wiki/Q116276898,,
469923,Chalice with the Arms of Housteyn,Chalice,second quarter 15th century,,,,"Silver, parcel gilt with traces of enamel","Overall: 6 13/16 x 5 5/16 x 6 1/16 in. (17.3 x 13.5 x 15.4 cm)
cup: 2 11/16 x 4 9/16 in. (6.8 x 11.6 cm)",South Netherlandish,,,Gelderland or Cleves,Coat of Arms,,,,,,,The Cloisters,Metalwork-Silver,,False,True,https://www.metmuseum.org/art/collection/search/469923,https://images.metmuseum.org/CRDImages/cl/original/cdi1989-358s1.jpg,6,https://www.wikidata.org/wiki/Q116256887,,
472281,Column Shaft,Shaft,20th century,,,,Cement,Overall: 40 1/8 x 6 in. (101.9 x 15.3 cm),European or American (?),,,,,,,,,,,The Cloisters,Reproductions-Sculpture,,False,True,https://www.metmuseum.org/art/collection/search/472281,https://images.metmuseum.org/CRDImages/cl/original/cdi-st-g16.jpg,1,https://www.wikidata.org/wiki/Q116256121,,
471322,"Corbel from the Double Sepulchral Monument of Don Àlvar Rodrigo de Cabrera, Count of Urgell and His Wife Cecília of Foix",Corbel,ca. 1300–1350,,,,Limestone,Overall: 13 x 19 in. (33 x 48.3 cm),Catalan,Spain,,Lerida,,,,,,,,The Cloisters,Sculpture,,False,True,https://www.metmuseum.org/art/collection/search/471322,https://images.metmuseum.org/CRDImages/cl/original/cdi48-140-3.jpg,1,https://www.wikidata.org/wiki/Q116373782,,
773026,Hebrew Bible,,1300–1350 (before 1366),,,,"Ink, tempera, and gold on parchment; leather binding","476 folios: 9 5/16 × 7 15/16 in. (23.7 × 20.1 cm)
Binding: 9 15/16 × 8 3/4 × 4 1/4 in. (25.2 × 22.3 × 10.8 cm)",Spanish,Spain,,,,,,,,,,The Cloisters,Manuscripts and Illuminations,,False,True,https://www.metmuseum.org/art/collection/search/773026,https://images.metmuseum.org/CRDImages/cl/original/DP-15507-001.jpg,45,https://www.wikidata.org/wiki/Q65040875,,
472292,Tomb Slab,Tomb slab,14th century,,,,"Limestone, inlaid with marble",Overall: 90 x 50 1/2 x 4 1/2 in. (228.6 x 128.3 x 11.4 cm),French,,,,Men|Women|Insignia,,,,,,,The Cloisters,Sculpture-Stone,,False,True,https://www.metmuseum.org/art/collection/search/472292,https://images.metmuseum.org/CRDImages/cl/original/sf177282.jpg,8,,,
474431,"Saint Barbara Holding a Tower, with the Arms of the City of Maastrict below (from a series with The Virgin Mary and Five Standing Saints)",Panel,1440–46,,,,"Pot-metal glass, white glass, vitreous paint, silver stain",Each window 12 ft. 4 1/2 in. x 28 1/4 in. (337.2 x 71.8 cm),German,Germany,,,Women|Angels|Saints,,,,,,,The Cloisters,Glass-Stained,,False,True,https://www.metmuseum.org/art/collection/search/474431,https://images.metmuseum.org/CRDImages/cl/original/DT12118cropped6.jpg,9,https://www.wikidata.org/wiki/Q20201953,,
471012,Double Column Base,Base,late 13th–early 14th century,,,,Marble,Overall: 21 x 9 x 11 3/4 in. (53.3 x 22.9 x 29.8 cm),French,France,Pyrénées-Aquintaine,,,,,,,,,The Cloisters,Sculpture-Architectural,,False,True,https://www.metmuseum.org/art/collection/search/471012,https://images.metmuseum.org/CRDImages/cl/original/DP102892.jpg,1,https://www.wikidata.org/wiki/Q116276047,,
472250,Double Capital,Capital,Late 15th century,,,,Marble,Overall: 14 x 18 1/2 x 11 3/4 in. (35.6 x 47 x 29.8 cm),French,France,,,,,,,,,,The Cloisters,Sculpture-Architectural,,False,True,https://www.metmuseum.org/art/collection/search/472250,https://images.metmuseum.org/CRDImages/cl/original/cds25-120-159.jpg,1,https://www.wikidata.org/wiki/Q116245617,,
478972,Gathering Manna,Panel,1497–99,,,,"Pot-metal glass, vitreous paint, and silver stain",Overall: 19 3/4 x 20 7/8 in. (50.2 x 53 cm),German,,,,Men|Manna,Friedrich Brunner,Artist,German,,,,The Cloisters,Glass-Stained,German,False,True,https://www.metmuseum.org/art/collection/search/478972,https://images.metmuseum.org/CRDImages/cl/original/DP255154.jpg,0,https://www.wikidata.org/wiki/Q20201991,,
475535,"4 of Horns, from The Cloisters Playing Cards",Playing card,ca. 1475–80,,,,"Paper (four layers of pasteboard) with pen and ink, opaque paint, glazes, and applied silver and gold",5 3/16 × 2 3/4 in. (13.2 × 7 cm),South Netherlandish,,,,Playing Cards|Horns|Games,,,,,,,The Cloisters,Miscellaneous-Paper,,False,True,https://www.metmuseum.org/art/collection/search/475535,https://images.metmuseum.org/CRDImages/cl/original/DP354505.jpg,3,,,
471702,Nail,Nail,15th–16th century,,,,Iron,Overall: 3 7/8 in. (9.8 cm),European,,,,,,,,,,,The Cloisters,Metalwork-Iron,,False,True,https://www.metmuseum.org/art/collection/search/471702,https://images.metmuseum.org/CRDImages/cl/original/cdi55-61-149.jpg,0,,,
468444,Cope,Cope,early 16th century,,,,Silk & metal thread,Overall: 52 x 101 1/2in. (132.1 x 257.8cm),British,,,,,,,,,,,The Cloisters,Textiles-Costumes-Ecclesiastical,,False,True,https://www.metmuseum.org/art/collection/search/468444,https://images.metmuseum.org/CRDImages/cl/original/cds53-63-1.jpg,0,,,
466230,Jug,Jug,first half 14th century,,,,"Proto-stoneware, unglazed",Overall: 7 15/16 x 4 3/16 x 3 11/16 in. (20.2 x 10.6 x 9.3 cm),German,Germany,,Siegburg,,,,,,,,The Cloisters,Ceramics-Pottery,,False,True,https://www.metmuseum.org/art/collection/search/466230,https://images.metmuseum.org/CRDImages/cl/original/sf1991-471-3s1.jpg,4,,,
471943,Tympanum with the Three Temptations of Christ,Tympanum,1150–75,,,,Limestone,Overall: 31 x 60 1/4 x 8 in. (78.7 x 153 x 20.3 cm),Spanish,Spain,,Unciti,Christ|Devil,,,,,,,The Cloisters,Sculpture-Architectural,,False,True,https://www.metmuseum.org/art/collection/search/471943,https://images.metmuseum.org/CRDImages/cl/original/cdi65-122-1-2.jpg,1,https://www.wikidata.org/wiki/Q116247646,,
471946,Saint Jerome,Statuette,15th century,,,,Limewood with paint,"H: 31 1/2""  (80 cm)",Austrian,Austria,,,Men|Saint Jerome,,,,,,,The Cloisters,Sculpture-Wood,,False,True,https://www.metmuseum.org/art/collection/search/471946,https://images.metmuseum.org/CRDImages/cl/original/cdi65-124.jpg,0,https://www.wikidata.org/wiki/Q20201789,,
471659,Plate and Nail,Plate and nail,15th–16th century,,,,Iron,Overall: 3 1/2 in. (8.9 cm),European,,,,,,,,,,,The Cloisters,Metalwork-Iron,,False,True,https://www.metmuseum.org/art/collection/search/471659,https://images.metmuseum.org/CRDImages/cl/original/cdi55-61-98ab.jpg,1,,,
471139,Foliate Corbel,Corbel,ca. 1150–1200,,,,Limestone,Overall: 28 1/8 x 11 1/2 x 18 1/2 in. (71.4 x 29.2 x 47 cm),French,France,,,,,,,,,,The Cloisters,Sculpture-Architectural,,False,True,https://www.metmuseum.org/art/collection/search/471139,https://images.metmuseum.org/CRDImages/cl/original/cdi34-21-4.jpg,0,https://www.wikidata.org/wiki/Q116252467,,
471855,Double Capital,Capital,late 15th century,,,,Marble,Overall: 15 1/8 x 20 3/4 x 13 1/4 in. (38.4 x 52.7 x 33.7 cm),French,France,,,Christ|Devil,,,,,,,The Cloisters,Sculpture-Architectural,,False,True,https://www.metmuseum.org/art/collection/search/471855,https://images.metmuseum.org/CRDImages/cl/original/cds67-155-24fr.jpg,2,https://www.wikidata.org/wiki/Q116247860,,
472045,Pilgrim's Badge,Pilgrim's badge,14th–16th century,,,,Lead,Overall: 1 1/16 x 3/8 in. (2.7 x 1 cm),French,,,,,,,,,,,The Cloisters,Metalwork-Lead,,False,True,https://www.metmuseum.org/art/collection/search/472045,https://images.metmuseum.org/CRDImages/cl/original/cdi1977-240-20.jpg,1,,,
470995,Double Capital,Capital,late 13th–early 14th century,,,,White marble,"23 1/4 × 17 1/2 × 13 3/4 in., 305 lb. (59.1 × 44.5 × 34.9 cm, 138.3 kg)",French,,,,Coat of Arms,,,,,,,The Cloisters,Sculpture-Architectural,,False,True,https://www.metmuseum.org/art/collection/search/470995,https://images.metmuseum.org/CRDImages/cl/original/cdi25-120-770.jpg,1,,,
468716,Marble Portrait Bust of a Woman with a Scroll,Bust,late 4th–early 5th century,,,,Pentelic Marble,"Overall: 20 7/8 x 10 13/16 x 8 3/4 in. (53 x 27.5 x 22.2 cm)
Base: 1 7/8 x 12 1/2 x 6 3/4in. (4.8 x 31.8 x 17.1cm)",Byzantine,,,Constantinople,Portraits|Women,,,,,,,The Cloisters,Sculpture-Stone,,True,True,https://www.metmuseum.org/art/collection/search/468716,https://images.metmuseum.org/CRDImages/cl/original/DP345055.jpg,6,https://www.wikidata.org/wiki/Q29385473,,
466192,Leaf from a Beatus Manuscript: the Sixth Angel Delivers the Four Angels that had been Bound at the River Euphrates; an Altar Appears in the Heavens as the Enthroned Christ Raises His Hand in Blessing,Beatus; Manuscript leaf,ca. 1180,,,,"Tempera, gold, and ink on parchment","Overall (folio): 17 1/2 x 11 13/16 in. (44.4 x 30 cm)
Mat: 22 x 16 in. (55.9 x 40.6 cm)",Spanish,,,,Fish|Angels|Christ,,,,,,,The Cloisters,Manuscripts and Illuminations,,False,True,https://www.metmuseum.org/art/collection/search/466192,https://images.metmuseum.org/CRDImages/cl/original/DP-20630-001.jpg,1,https://www.wikidata.org/wiki/Q20201956,,
472158,The Agony in the Garden,Panel,ca. 1390,,,,"Pot-metal and colorless glass, vitreous paint and silver stain",28 11/16 x 12 1/2in. (72.8 x 31.7cm),Austrian,,Lower Austria,,Apostles|Christ|Agony in the Garden,,,,,,,The Cloisters,Glass-Stained,,False,True,https://www.metmuseum.org/art/collection/search/472158,https://images.metmuseum.org/CRDImages/cl/original/DP102917crop2.jpg,2,https://www.wikidata.org/wiki/Q20201925,,
471231,Pricket Candlestick,Candlestick,15th–16th century,,,,Iron,Overall: 66 in. (167.6 cm),European,,,,,,,,,,,The Cloisters,Metalwork-Iron,,False,True,https://www.metmuseum.org/art/collection/search/471231,https://images.metmuseum.org/CRDImages/cl/original/cdi38-168-8.jpg,0,https://www.wikidata.org/wiki/Q116252281,,
471782,Deep Dish,Dish,ca. 1430,,,,Tin-glazed earthenware,Overall: 3 15/16 × 19 3/16 in. (10 × 48.7 cm),Spanish,Spain,,probably Manises,,,,,,,,The Cloisters,Ceramics,,False,True,https://www.metmuseum.org/art/collection/search/471782,https://images.metmuseum.org/CRDImages/cl/original/DP315067.jpg,2,,,
470776,Column Shaft,Column shaft,ca. 1130–1140,,,,Marble,Overall: 35 1/2 x 8 1/8 in. (90.2 x 20.6 cm),Catalan,present-day France,,,,,,,,,,The Cloisters,Sculpture-Architectural,,False,True,https://www.metmuseum.org/art/collection/search/470776,https://images.metmuseum.org/CRDImages/cl/original/DP132222.jpg,0,https://www.wikidata.org/wiki/Q116378412,,
470959,Double Capital,Capital,late 13th–early 14th century,,,,Marble,Overall: 20 1/4 x 15 3/4 x 12 in. (51.4 x 40 x 30.5 cm),French,,,,,,,,,,,The Cloisters,Sculpture-Architectural,,False,True,https://www.metmuseum.org/art/collection/search/470959,https://images.metmuseum.org/CRDImages/cl/original/cds25-120-731.jpg,1,https://www.wikidata.org/wiki/Q116252757,,
471298,High-Backed Chair with the Tree of Jesse,Chair,"late 15th century, with modern repairs",,,,Oak,82 × 30 3/4 × 23 in. (208.3 × 78.1 × 58.4 cm),"French, German, or Netherlandish",,,,Men|Women|Trees,,,,,,,The Cloisters,Woodwork-Furniture,,False,True,https://www.metmuseum.org/art/collection/search/471298,https://images.metmuseum.org/CRDImages/cl/original/cds139161.jpg,1,,,
470305,The Cloisters Cross,Cross,ca. 1150–60,,,,Walrus ivory,"Overall: 22 5/8 x 14 1/4in. (57.5 x 36.2cm)
shaft: 12 3/8 x 1 11/16 in. (31.4 x 4.3cm)
shaft-thickness: 1 1/4in. (3.2cm)
top piece: 8 1/8in. (20.6cm)
Cross piece: 9 3/4in. (24.8cm)
Central medallion: 2 5/8in. (6.7cm)
Terminal plaque: Mark: 2 1/4 x 2 5/16in. (5.7 x 5.9cm)
Terminal plaque: Luke: 2 5/16 x 2 1/8in. (5.9 x 5.4cm)
Terminal plaque: John: 2 5/16 x 2 1/4in. (5.9 x 5.7cm)
Thickness, each: 1 1/2in. (3.8cm)
to: 1 5/8in. (4.1cm)",British,,,,Eagles|Lions|Ox|Evangelists,,,,,,,The Cloisters,Ivories-Walrus,,True,True,https://www.metmuseum.org/art/collection/search/470305,https://images.metmuseum.org/CRDImages/cl/original/DP102900.jpg,34,https://www.wikidata.org/wiki/Q29385500,,
470279,Section of Orphrey,Orphrey fragment,1450–75,,,,"Silk, gilt silver on membrane, paint, linen.  Weft-faced compound twill with embroidery",12 1/4 x 5 3/4 in.  (31.1 x 14.6 cm),German,Germany,,Cologne,Swords|Men|Saints,,,,,,,The Cloisters,Textiles-Embroidered-Ecclesiastical,,False,True,https://www.metmuseum.org/art/collection/search/470279,https://images.metmuseum.org/CRDImages/cl/original/DP257999.jpg,2,https://www.wikidata.org/wiki/Q20201333,,
466092,Section of a Border with Foliate Pattern,Fragment,ca. 1230–40,,,,Pot-metal glass and vitreous paint,Overall: 13 3/4 x 5 1/2 x 5/16 in. (35 x 14 x 0.8 cm),French,France,,possibly Amiens,,,,,,,,The Cloisters,Glass-Stained,,False,True,https://www.metmuseum.org/art/collection/search/466092,https://images.metmuseum.org/CRDImages/cl/original/sf1982-356s1.jpg,0,https://www.wikidata.org/wiki/Q20201981,,
475575,"3 of Nooses, from The Cloisters Playing Cards",Playing card,ca. 1475–80,,,,"Paper (four layers of pasteboard) with pen and ink, opaque paint, glazes, and applied silver and gold",5 3/16 × 2 3/4 in. (13.2 × 7 cm),South Netherlandish,,,,Playing Cards|Games,,,,,,,The Cloisters,Miscellaneous-Paper,,False,True,https://www.metmuseum.org/art/collection/search/475575,https://images.metmuseum.org/CRDImages/cl/original/DP354552.jpg,3,,,
479661,Face Jug,Jug,14th century,,,,"Earthenware, green glaze",4 3/4 × 2 3/16 × 2 15/16 in. (12.1 × 5.5 × 7.5 cm),British,,,,Faces,,,,,,,The Cloisters,Ceramics-Pottery,,False,True,https://www.metmuseum.org/art/collection/search/479661,https://images.metmuseum.org/CRDImages/cl/original/DP267888.jpg,4,https://www.wikidata.org/wiki/Q116275660,,
472064,Pilgrim's Badge,Pilgrim's badge,14th–16th century,,,,Lead,Overall (Diameter): 3/4 in. (1.9 cm),French,,,,Saints,,,,,,,The Cloisters,Metalwork-Lead,,False,True,https://www.metmuseum.org/art/collection/search/472064,https://images.metmuseum.org/CRDImages/cl/original/cdi1977-240-39.jpg,1,,,
470943,Lintel,Fragment,ca. 1130–40,,,,Marble,Overall: 7 7/8 x 14 1/4 x 11 1/4 in. (20 x 36.2 x 28.6 cm),Catalan,present-day France,,,,,,,,,,The Cloisters,Sculpture-Architectural,,False,True,https://www.metmuseum.org/art/collection/search/470943,https://images.metmuseum.org/CRDImages/cl/original/LC-25_120-_975.jpg,1,,,
469944,Oven Tile with Samson and the Lion (Based on an Engraving by Master E.S.),Tile,ca. 1490,,,,Unglazed Earthenware (terra cotta),Overall: 9 7/8 x 8 1/8 x 2 11/16in. (25.1 x 20.6 x 6.8cm),Austrian,Austria,,,Lions|Samson,,,,,,,The Cloisters,Ceramics,,False,True,https://www.metmuseum.org/art/collection/search/469944,https://images.metmuseum.org/CRDImages/cl/original/cdi1992-176s1.jpg,3,,,
468576,Orphrey Panels from a Chasuble,"Chasuble, orphreys",early 15th century,,,,Silk and metal thread,"a-Chasuble: 39 1/4 × 29 in. (99.7 × 73.7 cm)
b-Coronation of the Virgin: 20 11/16 × 8 5/16 in. (52.5 × 21.1 cm)
c-Christ the Redeemer: 16 13/16 × 7 13/16 in. (42.7 × 19.8 cm)",Bohemian,,,Prague,Angels|Christ|Madonna and Child,,,,,,,The Cloisters,Textiles-Costumes-Ecclesiastical,,False,True,https://www.metmuseum.org/art/collection/search/468576,https://images.metmuseum.org/CRDImages/cl/original/DP111247-8 merged.jpg,4,,,
471447,Handle,Handle,15th–16th century,,,,Iron,6 1/4 × 3 1/16 × 13/16 in. (15.9 × 7.8 × 2.1 cm),European,,,,,,,,,,,The Cloisters,Metalwork-Iron,,False,True,https://www.metmuseum.org/art/collection/search/471447,https://images.metmuseum.org/CRDImages/cl/original/cdi52-121-17.jpg,1,,,
474852,Fragment of a Compendium of the Genealogy of Christ,Genealogy; Manuscript rotulus,ca. 1230,,,,Ink on parchment,"65 9/16 × 13 1/16 in. (166.5 × 33.2 cm)
Framed: 76 1/2 in. × 23 in. × 2 1/4 in. (194.3 × 58.4 × 5.7 cm)",British,,,,,,,,,,,The Cloisters,Manuscripts and Illuminations,,False,True,https://www.metmuseum.org/art/collection/search/474852,https://images.metmuseum.org/CRDImages/cl/original/tr508a-2002s1.jpg,7,https://www.wikidata.org/wiki/Q20201984,,
471201,Saint Barbara,Statuette,16th century,,,,Oak,Overall: 34 5/8 in. (87.9 cm),French,,,,Women|Saints,,,,,,,The Cloisters,Sculpture,,False,True,https://www.metmuseum.org/art/collection/search/471201,https://images.metmuseum.org/CRDImages/cl/original/LC-37_80_11-001.jpg,3,,,
471914,Double column base,Column base,late 15th century,,,,Marble,Overall: 18 3/4 x 10in. (47.6 x 25.4cm),French,,,Trie or Larreule,Animals,,,,,,,The Cloisters,Sculpture-Architectural,,False,True,https://www.metmuseum.org/art/collection/search/471914,https://images.metmuseum.org/CRDImages/cl/original/cdi62-268-2.jpg,1,,,
470761,Door Knocker,Door knocker,15th–16th century,,,,Iron,,Spanish,,,,,,,,,,,The Cloisters,Metalwork-Iron,,False,True,https://www.metmuseum.org/art/collection/search/470761,https://images.metmuseum.org/CRDImages/cl/original/sf25-120-543b.jpg,0,,,
472254,Column Shaft,Shaft,early 20th century,,,,Marble,Overall: 42 1/8in. (107cm); Circumference: 18 1/4 in (46.4 cm),European,,,,,,,,,,,The Cloisters,Sculpture-Architectural,,False,True,https://www.metmuseum.org/art/collection/search/472254,https://images.metmuseum.org/CRDImages/cl/original/DP104561.jpg,1,https://www.wikidata.org/wiki/Q116255935,,
471801,Plate with the Arms of Blanche of Navarre,Plate,1427–38,,,,Tin-glazed earthenware,Overall: 15 3/4 in. (40 cm),Spanish,Spain,,Manises,Coat of Arms,,,,,,,The Cloisters,Ceramics,,False,True,https://www.metmuseum.org/art/collection/search/471801,https://images.metmuseum.org/CRDImages/cl/original/DP102877.jpg,2,https://www.wikidata.org/wiki/Q116248015,,
473463,Mary Magdalene,Statue,16th century,,,,"Stone, paint",H: 37 3/4 in.,French,,,,Women|Mary Magdalene,,,,,,,The Cloisters,Sculpture-Stone,,False,True,https://www.metmuseum.org/art/collection/search/473463,https://images.metmuseum.org/CRDImages/cl/original/cdi25-120-211s1.jpg,0,https://www.wikidata.org/wiki/Q20201834,,
475568,"10 of Nooses, from The Cloisters Playing Cards",Playing card,ca. 1475–80,,,,"Paper (four layers of pasteboard) with pen and ink, opaque paint, glazes, and applied silver and gold",5 3/16 × 2 3/4 in. (13.2 × 7 cm),South Netherlandish,,,,Playing Cards|Games,,,,,,,The Cloisters,Miscellaneous-Paper,,False,True,https://www.metmuseum.org/art/collection/search/475568,https://images.metmuseum.org/CRDImages/cl/original/DP354545.jpg,3,,,
470768,Censer,Censer,16th century (?),,,,Copper alloy,"Overall (with chain): 41 in. (104.1 cm)
Overall: 9 3/4 x 5 1/4 in. (24.7 x 13.3 cm)",South Netherlandish,,,,Censers,,,,,,,The Cloisters,Metalwork-Copper alloy,,False,True,https://www.metmuseum.org/art/collection/search/470768,https://images.metmuseum.org/CRDImages/cl/original/cdi25-120-553.jpg,0,,,
462801,St. Cosmas or St. Damian (?),Statue,ca. 1470,,,,Sandstone,52 1/2 × 20 3/4 × 15 in. (133.4 × 52.7 × 38.1 cm),French,France,,,Men,,,,,,,The Cloisters,Sculpture-Stone,,False,True,https://www.metmuseum.org/art/collection/search/462801,https://images.metmuseum.org/CRDImages/cl/original/sfcf06-1216s1.jpg,1,,,
466115,Portable Reliquary of Saint Vincent,Reliquary,"ca. 1400, with later terminals",,,,"Translucent enamels on silver, wood",Overall: 2 1/2 x 1/2 x 13/16 in. (6.4 x 1.2 x 2 cm),French,,,,,,,,,,,The Cloisters,Enamels-Champlevé,,False,True,https://www.metmuseum.org/art/collection/search/466115,https://images.metmuseum.org/CRDImages/cl/original/sf1984-24-1s1.jpg,3,https://www.wikidata.org/wiki/Q116244884,,
472012,Pilgrim's Badge,Pilgrim's badge,14th–16th century,,,,Lead,Overall: 1 5/8 x 1 1/16in. (4.2 x 2.7cm),French,,,,Women|Saints,,,,,,,The Cloisters,Metalwork-Lead,,False,True,https://www.metmuseum.org/art/collection/search/472012,https://images.metmuseum.org/CRDImages/cl/original/cdi1977-240-11.jpg,1,,,
644896,Head of Saint James the Greater,Statue head,1450–1500,,,,Limestone with traces of paint,"14 1/8 × 12 1/2 × 9 1/8 in., 44 lb. (35.8 × 31.7 × 23.1 cm, 20 kg)",French,France,,,Heads|Saints,,,,,,,The Cloisters,Sculpture-Stone,,False,True,https://www.metmuseum.org/art/collection/search/644896,https://images.metmuseum.org/CRDImages/cl/original/DP353126.jpg,7,https://www.wikidata.org/wiki/Q116298713,,
470911,Column Base,Base,10th century (?),,,,Marble,Overall: 6 1/4 x 11 1/2 in. (15.9 x 29.2 cm),Byzantine,,,,,,,,,,,The Cloisters,Sculpture-Architectural,,False,True,https://www.metmuseum.org/art/collection/search/470911,https://images.metmuseum.org/CRDImages/cl/original/cdi25-120-508-702-705.jpg,0,https://www.wikidata.org/wiki/Q116252819,,
472098,Pilgrim's Badge,Pilgrim's badge,14th–16th century,,,,Lead,Overall: 7/8 x 11/16in. (2.3 x 1.8cm),French,,,,Madonna and Child,,,,,,,The Cloisters,Metalwork-Lead,,False,True,https://www.metmuseum.org/art/collection/search/472098,https://images.metmuseum.org/CRDImages/cl/original/cdi1977-240-73.jpg,1,,,
470833,Capital,Capital,ca. 1130–40,,,,Marble,Overall: 17 3/4 x 17 1/2 x 17 3/4 in. (45.1 x 44.5 x 45.1 cm),Catalan,present-day France,,,,,,,,,,The Cloisters,Sculpture-Architectural,,False,True,https://www.metmuseum.org/art/collection/search/470833,https://images.metmuseum.org/CRDImages/cl/original/cdi25-120-628.jpg,1,https://www.wikidata.org/wiki/Q116253052,,
472373,Abacus,Abacus,late 12th century,,,,Stone,Overall: 4 1/2 x 23 1/2 x 14 1/2 in. (11.5 x 59.7 x 36.8 cm),French,France,,,,,,,,,,The Cloisters,Sculpture-Architectural,,False,True,https://www.metmuseum.org/art/collection/search/472373,https://images.metmuseum.org/CRDImages/cl/original/cdi-st-g11.jpg,2,https://www.wikidata.org/wiki/Q116373770,,
469878,Roundel with Justice,Roundel,ca. 1510,,,,"Colorless glass, vitreous paint and silver stain",Overall: 8 7/8 in. (22.5 cm),North Netherlandish,,,,Men|Women|Scales,,,,,,,The Cloisters,Glass-Stained,,False,True,https://www.metmuseum.org/art/collection/search/469878,https://images.metmuseum.org/CRDImages/cl/original/cdi1983-418.jpg,0,https://www.wikidata.org/wiki/Q20201378,,
478804,Block Fragment,Block,ca. 1130–40,,,,Stone,,French,France,,,,,,,,,,The Cloisters,Sculpture-Architectural,,False,True,https://www.metmuseum.org/art/collection/search/478804,https://images.metmuseum.org/CRDImages/cl/original/198830.jpg,0,,,
470741,Arch,Arch,ca. 1130–1140,,,,Pink marble,Overall: 33 1/2 x 88 in. (85.1 x 223.5 cm),Catalan,present-day France,,,,,,,,,,The Cloisters,Sculpture-Architectural,,False,True,https://www.metmuseum.org/art/collection/search/470741,https://images.metmuseum.org/CRDImages/cl/original/DP132222.jpg,0,https://www.wikidata.org/wiki/Q116378398,,
471000,Double Capital,Capital,late 13th–early 14th century,,,,Stone,17 × 23 1/2 × 14 1/2 in. (43.2 × 59.7 × 36.8 cm),French,,,,,,,,,,,The Cloisters,Sculpture-Architectural,,False,True,https://www.metmuseum.org/art/collection/search/471000,https://images.metmuseum.org/CRDImages/cl/original/cdi25-120-775.jpg,3,,,
471815,Corbel,Corbel,13th century,,,,Limestone,Overall: 6 3/16 x 11 3/4 x 18 in. (15.7 x 29.8 x 45.7 cm),British,England,,Canterbury,Faces,,,,,,,The Cloisters,Sculpture-Architectural,,False,True,https://www.metmuseum.org/art/collection/search/471815,https://images.metmuseum.org/CRDImages/cl/original/cdi56-188s3.jpg,3,,,
471788,Dish,Dish,1420–1450,,,,Tin-glazed earthenware,Overall: 18 1/4 x 2 1/2 in. (46.4 x 6.4 cm),Spanish,Spain,,probably Manises,Coat of Arms,,,,,,,The Cloisters,Ceramics,,False,True,https://www.metmuseum.org/art/collection/search/471788,https://images.metmuseum.org/CRDImages/cl/original/DP157711.jpg,1,,,
466229,Footed pot,Pot,13th century,,,,Paritally glazed earthenware,Overall: 5 3/4 x 5 1/2 in. (14.6 x 13.9 cm),South Netherlandish,South Netherlands,,,,,,,,,,The Cloisters,Ceramics-Pottery,,False,True,https://www.metmuseum.org/art/collection/search/466229,https://images.metmuseum.org/CRDImages/cl/original/MED8.jpg,6,https://www.wikidata.org/wiki/Q116236444,,
