ObjectID,Title,Object Name,Date,Period,Dynasty,Reign,Medium,Dimensions,Culture,Country,Region,City,Subjects,Artist Name,Artist Role(s),Artist Nationality,Artist Date of Birth,Artist Date of Death,Artist Gender,department,classification,artistDisplayBio,isHighlight,isPublicDomain,objectURL,primaryImage,additionalImages_count,objectWikidata_URL,artistWikidata_URL,artistULAN_URL
62572,Bowl,Bowl,ca. 1780,Edo period (1615–1868),,,Pottery covered with crackled glaze (Awaji ware),H. 2 1/4 in. (5.7 cm); Diam. 5 1/2 in. (14 cm),Japan,,,,,,,,,,,Asian Art,Ceramics,,False,True,https://www.metmuseum.org/art/collection/search/62572,https://images.metmuseum.org/CRDImages/as/original/91_1_249_O.JPG,0,,,
63781,Bo Yi Gao and the White Gibbon Entertain King Zhou,Print,19th century,Qing dynasty (1644–1911),,,Polychrome woodblock print; ink and color on paper,Image: 28 3/4 x 15 1/2 in. (73 x 39.4 cm),China,,,,Kings|Women|Flowers,,,,,,,Asian Art,Prints,,False,True,https://www.metmuseum.org/art/collection/search/63781,https://images.metmuseum.org/CRDImages/as/original/CP355_O.jpg,0,,,
48412,Bowl,Bowl,1271–1368,Yuan dynasty (1271–1368),,,Pottery (Jun type),H. 4 3/8 in. (11.1 cm); Diam. 5 1/4 in. (13.3 cm),China,,,,,,,,,,,Asian Art,Ceramics,,False,True,https://www.metmuseum.org/art/collection/search/48412,https://images.metmuseum.org/CRDImages/as/original/LC-29_100_214_whs-001.jpg,1,,,
59037,Ojime,Ojime,19th century,Edo (1615–1868) or Meiji period (1868–1912),,,Metal,L. 1/2 in. (1.3 cm); W. 3/8 in. (1 cm),Japan,,,,Flowers,,,,,,,Asian Art,Ojime,,False,True,https://www.metmuseum.org/art/collection/search/59037,https://images.metmuseum.org/CRDImages/as/original/13_67_30c.jpg,0,,,
70362,Length,Length,19th century,Qing dynasty (1644–1911),,,"Silk, metallic thread;  on silk",48 1/2 x 29 in. (123.19 x 73.66 cm),China,,,,Owls|Butterflies|Flowers|Plants|Leaves,,,,,,,Asian Art,Textiles-Embroidered,,False,True,https://www.metmuseum.org/art/collection/search/70362,https://images.metmuseum.org/CRDImages/as/original/DT4873.jpg,0,,,
42321,Plate with a drunken scholar and an attendant,Plate,18th century,Qing dynasty (1644–1911),,,Porcelain painted with overglaze polychrome enamels (Jingdezhen ware),Diam. 8 1/4 in. (21 cm),China,,,,Fans|Sleeping|Men|Drinking,,,,,,,Asian Art,Ceramics,,False,True,https://www.metmuseum.org/art/collection/search/42321,https://images.metmuseum.org/CRDImages/as/original/DP-15944-009.jpg,1,,,
69900,Woman’s robe decorated with crane medallions,Robe,19th century,Qing dynasty (1644–1911),,,Silk tapestry (kesi),56 in. × 76 3/4 in. (142.2 × 194.9 cm),China,,,,Cranes,,,,,,,Asian Art,Costumes-Tapestries,,False,True,https://www.metmuseum.org/art/collection/search/69900,https://images.metmuseum.org/CRDImages/as/original/DP226459.jpg,3,https://www.wikidata.org/wiki/Q116313092,,
69233,Stencil,Stencil,19th century,,,,Paper,19 x 12 in. (48.26 x 30.48 cm),Japan,,,,Fans,,,,,,,Asian Art,Stencils,,False,True,https://www.metmuseum.org/art/collection/search/69233,https://images.metmuseum.org/CRDImages/as/original/DP13510.jpg,0,,,
46084,Vase with birds and flowers,Vase,19th century,Qing dynasty (1644–1911),,,"Porcelain painted in polychrome enamels over black ground (Jingdezhen ware, famille noire)",H. 27 3/8 in. (69.5 cm),China,,,,Flowers|Trees,,,,,,,Asian Art,Ceramics,,False,True,https://www.metmuseum.org/art/collection/search/46084,https://images.metmuseum.org/CRDImages/as/original/14_40_224_O2_sf.jpg,4,,,
51677,Head of Bodhisattva,Wall painting,ca. 6th–7th century (?),Kizil kingdom,,,Pigments on mud plaster,Image: 5 1/8 x 5 1/4 in. (13 x 13.3 cm),China (Xinjiang Uyghur Autonomous Region),,,,Buddhism|Bodhisattvas,,,,,,,Asian Art,Paintings,,False,True,https://www.metmuseum.org/art/collection/search/51677,https://images.metmuseum.org/CRDImages/as/original/DP355133.jpg,1,https://www.wikidata.org/wiki/Q78803277,,
41815,That Which Holds a Taste of the Classics Pavilion,Ink tablet,late 19th–early 20th century,late Qing dynasty (1644–1911) or early Republic period (1912–49),,,Ink,H. 4 in. (10.2 cm); W. 1 5/8 in. (4.1 cm),China,,,,Pavilions,Jian Guzhai,Artist,Chinese,,,,Asian Art,Ink,"Chinese,",False,True,https://www.metmuseum.org/art/collection/search/41815,https://images.metmuseum.org/CRDImages/as/original/30_76_235_B.JPG,1,,,
37373,"Bandō Hikosaburō III in the Role of Obiya Chōemon and Iwai Hanshiro IV in the Role of Shinanoya Ohan, from the Play “Nihonmatsu Michinoku sodachi”",Print,1794–95,Edo period (1615–1868),,,Woodblock print; ink and color on paper; white mica ground,Image: 14 1/2 x 9 7/8 in. (36.8 x 25.1 cm),Japan,,,,Men|Actors,Tōshūsai Sharaku,Artist,Japanese,1794,1795,,Asian Art,Prints,"Japanese, active 1794–95",False,True,https://www.metmuseum.org/art/collection/search/37373,https://images.metmuseum.org/CRDImages/as/original/DP130199.jpg,0,https://www.wikidata.org/wiki/Q62117006,https://www.wikidata.org/wiki/Q361174,http://vocab.getty.edu/page/ulan/500118852
78687,"The Moving Brush in ""Rough"" Painting (Unpitsu soga) 運筆麁画",Illustrated books,1749,Edo period (1615–1868),,,Set of three woodblock printed books; ink on paper,each: 10 1/16 × 7 1/16 in. (25.5 × 18 cm),Japan,,,,Men|Flowers,Tachibana Morikuni 橘守国,Artist,Japanese,1679,1748,,Asian Art,Illustrated Books,"Japanese, 1679–1748",False,True,https://www.metmuseum.org/art/collection/search/78687,https://images.metmuseum.org/CRDImages/as/original/2013_785_a_c_a_20_crd.jpg,73,,https://www.wikidata.org/wiki/Q11544230,http://vocab.getty.edu/page/ulan/500477624
42097,Incense burner,Incense burner,16th century,Ming dynasty (1368–1644),,,Bronze,H. 4 in. (10.2 cm); W. at handles. 6 in. (15.2 cm); Diam. of rim 4 5/16 in. (11 cm); Diam. of foot 3 3/8 in. (8.6 cm),China,,,,,,,,,,,Asian Art,Metalwork,,False,True,https://www.metmuseum.org/art/collection/search/42097,https://images.metmuseum.org/CRDImages/as/original/29_100_549_76322.jpg,0,,,
55506,A Hawk Perched on a Snow-covered Pine Tree,Print,probably 18th century,Edo period (1615–1868),,,Hand-colored print (ishizuri-e); ink and color on paper,29 15/16 x 10 1/4 in. (76 x 26 cm),Japan,,,,Hawks|Moon|Trees|Snow,Isoda Koryūsai,Artist,Japanese,1735,1790,,Asian Art,Prints,"Japanese, 1735–ca. 1790",False,True,https://www.metmuseum.org/art/collection/search/55506,https://images.metmuseum.org/CRDImages/as/original/DP144625.jpg,0,,https://www.wikidata.org/wiki/Q3155497,http://vocab.getty.edu/page/ulan/500057320
40577,Pendant,Pendant,17th–19th century,,,,"Gold, silver back",3 1/8 x 2 in. (7.9 x 5.1 cm),Philippines,,,,,,,,,,,Asian Art,Jewelry,,False,True,https://www.metmuseum.org/art/collection/search/40577,https://images.metmuseum.org/CRDImages/as/original/12_176_26_O.JPG,1,,,
41283,Snuff Bottle,Snuff bottle,1723–1735,"Qing dynasty (1644–1911), Yongzheng period (1723–35)",,,Porcelain,H. 3 3/16 in. (8.1 cm),China,,,,,,,,,,,Asian Art,Snuff Bottles,,False,True,https://www.metmuseum.org/art/collection/search/41283,https://images.metmuseum.org/CRDImages/as/original/14_40_523_O1.jpg,0,,,
911849,Basin of Accumulated Treasures,Print,18th century,"Qing dynasty (1644–1911), Qianlong period (1736–95)",,,Woodblock print; ink on paper with additional hand coloring,"Image: 41 3/8 × 21 1/2 in. (105.1 × 54.6 cm)
Overall with mounting: 41 7/8 × 22 in. (106.4 × 55.9 cm)",China,,,,,,,,,,,Asian Art,Prints,,False,True,https://www.metmuseum.org/art/collection/search/911849,https://images.metmuseum.org/CRDImages/as/original/DP-41274-001.jpg,0,,,
66567,Piece,Piece,18th–19th century,,,,Silk,11 x 8 3/4 in. (27.94 x 22.23 cm),Japan,,,,,,,,,,,Asian Art,Textiles-Woven,,False,True,https://www.metmuseum.org/art/collection/search/66567,https://images.metmuseum.org/CRDImages/as/original/DP12308.jpg,0,,,
45379,Sketch for the Portrait of Tachihara Suiken,Hanging scroll,ca. 1823,Edo period (1615–1868),,,Hanging scroll; ink and color on paper,29 1/8 x 17 in. (74 x 43.2 cm),Japan,,,,Men|Portraits,Watanabe Kazan,Artist,Japanese,,1841,,Asian Art,Paintings,"Japanese, died 1841",False,True,https://www.metmuseum.org/art/collection/search/45379,https://images.metmuseum.org/CRDImages/as/original/DP277627.jpg,1,https://www.wikidata.org/wiki/Q78848146,https://www.wikidata.org/wiki/Q3130609,http://vocab.getty.edu/page/ulan/500121065
53659,In the Kameido Tenjin Shrine Compound,Print,1856,Edo period (1615–1868),,,Woodblock print; ink and color on paper,14 1/4 x 9 3/4 in. (36.2 x 24.8 cm),Japan,,,,Human Figures|Birds|Bridges,Utagawa Hiroshige,Artist,Japanese,1797,1858,,Asian Art,Prints,"Japanese, Tokyo (Edo) 1797–1858 Tokyo (Edo)",False,True,https://www.metmuseum.org/art/collection/search/53659,https://images.metmuseum.org/CRDImages/as/original/DP121476.jpg,0,,https://www.wikidata.org/wiki/Q200798,http://vocab.getty.edu/page/ulan/500019641
56187,Buddhist column,Column,1736–1795,"Qing dynasty (1644–1911), Qianlong period (1736–95)",,,Jade (nephrite),H. 17 3/4 in. (45.1 cm); Diam. 3 in. (7.6 cm); Diam. of top (lotus blossom): 5 in. (12.7 cm); Diam. of base pedestal: 5 in. (12.7 cm),China,,,,Mountains|Buddhism|Buddha,,,,,,,Asian Art,Jade,,False,True,https://www.metmuseum.org/art/collection/search/56187,https://images.metmuseum.org/CRDImages/as/original/18699.jpg,0,,,
39613,Side table,Side table,17th century,late Ming (1368–1644)–early Qing (1644–1911) dynasty,,,Wood (huanghuali),H. 39 in. (99.1 cm); W. 20 3/4 in. (52.7 cm); L. 112 1/2 in. (285.8 cm),China,,,,,,,,,,,Asian Art,Furniture,,False,True,https://www.metmuseum.org/art/collection/search/39613,https://images.metmuseum.org/CRDImages/as/original/DP260285.jpg,0,https://www.wikidata.org/wiki/Q116317215,,
38245,Reliquary(?) with Scenes from the Life of Buddha,Reliquary (?),ca. 10th century,,,,Bone with traces of color and gold paint,H. 5 3/8 in. (13.6 cm); W. 4 3/8 in. (11.1 cm); D. 2 9/16 in. (6.5 cm),"India (Jammu & Kashmir, ancient kingdom of Kashmir) or Pakistan",,,,Kashmir|Buddhism|Buddha,,,,,,,Asian Art,Sculpture,,False,True,https://www.metmuseum.org/art/collection/search/38245,https://images.metmuseum.org/CRDImages/as/original/DT5256.jpg,1,https://www.wikidata.org/wiki/Q116377333,,
70080,Furniture Cover with Pattern of Flowers and Sonorous Stones,Furniture cover,early 18th century,Qing dynasty (1644–1911),,,Silk embroidery on simple gauze silk,Overall: 47 1/4 x 39 1/2 in. (120.02 x 100.33 cm),China,,,,Flowers,,,,,,,Asian Art,Textiles-Embroidered,,False,True,https://www.metmuseum.org/art/collection/search/70080,https://images.metmuseum.org/CRDImages/as/original/DP254015.jpg,1,,,
72198,Piece,Piece,19th century,,,,Silk / Compound weave,6 1/2 × 2 1/2 in. (16.5 × 6.4 cm),Japan,,,,,,,,,,,Asian Art,Textiles-Woven,,False,True,https://www.metmuseum.org/art/collection/search/72198,https://images.metmuseum.org/CRDImages/as/original/DP14732.jpg,0,,,
68266,Textile Sample from Sample Book,Sample,19th century,,,,Silk / Tapestry,5 3/4 x 5 3/4 in. (14.61 x 14.61 cm),Japan,,,,Flowers,,,,,,,Asian Art,Textiles-Woven,,False,True,https://www.metmuseum.org/art/collection/search/68266,https://images.metmuseum.org/CRDImages/as/original/DP14147.jpg,0,,,
73183,Fragmentary Plaque with a Crowd of Onlookers,Plaque,1st century BCE–CE 1st century,Shunga period,,,Terracotta,4 3/4 x 7 1/2 in. (12.1 x 19.1 cm),India (Bengal),,,,Women|Crowd,,,,,,,Asian Art,Sculpture,,False,True,https://www.metmuseum.org/art/collection/search/73183,https://images.metmuseum.org/CRDImages/as/original/2006_127_F_Strm1.jpg,0,,,
63075,Saucer,Saucer,19th century,Qing dynasty (1644–1911),,,Tortoise shell,Diam. 4 1/4 in. (10.8 cm),China,,,,,,,,,,,Asian Art,Shell,,False,True,https://www.metmuseum.org/art/collection/search/63075,https://images.metmuseum.org/CRDImages/as/original/79_2_1382.jpg,0,,,
39412,Halberd Head with Five Blades,Halberd head,ca. second half of the 13th century,"Eastern Javanese period, Singasari kingdom",,,Copper alloy,Overall: 18 7/8in. (47.9cm),Indonesia,,,,,,,,,,,Asian Art,Metalwork,,False,True,https://www.metmuseum.org/art/collection/search/39412,https://images.metmuseum.org/CRDImages/as/original/2000_284_27.JPG,0,,,
68836,Fan Holder,Fan Holder,18th–19th century,Qing dynasty (1644–1911),,,Silk,12 1/4 x 2 1/4 in. (31.11 x 5.71 cm),China,,,,Bats,,,,,,,Asian Art,Textiles-Embroidered,,False,True,https://www.metmuseum.org/art/collection/search/68836,https://images.metmuseum.org/CRDImages/as/original/80009.jpg,0,,,
52373,Cup,Cup,17th century,,,,"Porcelain painted in overglaze polychrome enamels (Arita ware, Kakiemon type)",H. 2 3/8 in. (6 cm); Diam. 3 5/8 in. (9.2 cm),Japan,,,,Flowers|Leaves,,,,,,,Asian Art,Ceramics,,False,True,https://www.metmuseum.org/art/collection/search/52373,https://images.metmuseum.org/CRDImages/as/original/66_118_4.JPG,0,,,
42390,Bowl,Bowl,9th century,Tang dynasty (618–907),,,Stoneware with white slip and glaze,Diam. 4 1/4 in. (10.8 cm),China,,,,,,,,,,,Asian Art,Ceramics,,False,True,https://www.metmuseum.org/art/collection/search/42390,https://images.metmuseum.org/CRDImages/as/original/DP342523.jpg,2,,,
49972,Ornament,Ornament,second half of the 9th–first quarter of the 10th century,late Central Javanese period,,,Gold,H. 3/4 in. (1.9 cm),Indonesia (Java),,,,,,,,,,,Asian Art,Jewelry,,False,True,https://www.metmuseum.org/art/collection/search/49972,https://images.metmuseum.org/CRDImages/as/original/1998_544_139_S1.JPG,3,,,
60688,Blind with covered box,Blind with covered box,18th–19th century,,,,"a: Bamboo, silk, cotton, paint
bc: Lacquered wood","a: 65 x 37 1/4 in. (165.1 x 94.6 cm)
bc: H. 4 1/4 in. (10.8 cm); W. 5 1/4 in. (13.3 cm); L. 41 1/4 in. (104.8 cm)
With cover: H. 5 1/4 in. (13.3 cm)",China,,,,Peacocks|Plants,,,,,,,Asian Art,Bamboo,,False,True,https://www.metmuseum.org/art/collection/search/60688,https://images.metmuseum.org/CRDImages/as/original/62_97_15a.jpg,1,,,
69762,Piece,Piece,17th century(?),,,,"Silk, cotton",21 x 20 in. (53.34 x 50.80 cm),China,,,,Flowers,,,,,,,Asian Art,Textiles-Woven,,False,True,https://www.metmuseum.org/art/collection/search/69762,https://images.metmuseum.org/CRDImages/as/original/163898.jpg,1,,,
37782,Box with Cover,Box,18th century,,,,Bronze,H. 4 3/4 in. (12.1 cm); Diam. 9 1/2 in. (24.1 cm),Tibet,,,,,,,,,,,Asian Art,Metalwork,,False,True,https://www.metmuseum.org/art/collection/search/37782,https://images.metmuseum.org/CRDImages/as/original/29_110_10.JPG,0,,,
41036,Seal,Seal,1368–1644,Ming dynasty (1368–1644) or earlier,,,Bronze,H. 5/8 in. (1.6 cm); W. 5/8 in. (1.6 cm); D. 1/4 in. (0.6 cm),China,,,,,,,,,,,Asian Art,Metalwork,,False,True,https://www.metmuseum.org/art/collection/search/41036,https://images.metmuseum.org/CRDImages/as/original/24_13_39_O1.jpg,4,,,
70663,Stencil,Stencil,19th century,Edo period (1615–1868),,,Paper,16 1/4 x 10 1/2 in. (41.3 x 26.7 cm),Japan,,,,,,,,,,,Asian Art,Stencils,,False,True,https://www.metmuseum.org/art/collection/search/70663,https://images.metmuseum.org/CRDImages/as/original/DP13809.jpg,0,,,
61356,Water Buffalo,Figure,960–1279,Song dynasty (960–1279) or earlier,,,Bronze,H. 2 1/2 in. (6.4 cm); W. 4 3/4 in. (12.1 cm),China,,,,Buffalos,,,,,,,Asian Art,Metalwork,,False,True,https://www.metmuseum.org/art/collection/search/61356,https://images.metmuseum.org/CRDImages/as/original/1985_214_92_O1_sf.jpg,7,,,
48174,Jar with Cover,Jar with cover,1736–1795,"Qing dynasty (1644–1911), Qianlong period (1736–95)",,,Porcelain,H. 18 in. (45.7 cm); W. 9 3/4 in. (24.8 cm); Diam. of base 4 3/4 in. (12.1 cm),China,,,,,,,,,,,Asian Art,Ceramics,,False,True,https://www.metmuseum.org/art/collection/search/48174,https://images.metmuseum.org/CRDImages/as/original/66007.jpg,0,,,
62360,Hōnen,Statuette,18th–early 19th century,Edo period (1615–1868),,,"Wood, with traces of color and gilt and inset glass eyes",H. 33 3/4 in. (85.7 cm); W. 24 1/2 in. (62.2 cm); D. 12 1/2 in. (31.8 cm),Japan,,,,Men|Lotuses|Monks,,,,,,,Asian Art,Sculpture,,False,True,https://www.metmuseum.org/art/collection/search/62360,https://images.metmuseum.org/CRDImages/as/original/DP231445.jpg,3,,,
49556,Tripod cup with ring handle (bei),Cup,first half of the 8th century,Tang dynasty (618–907),,,Earthenware with marblized body and brown glaze,H. 1 1/2 in. (3.8 cm); Diam. of rim 3 1/4 in. (8.3 cm),China,,,,,,,,,,,Asian Art,Ceramics,,False,True,https://www.metmuseum.org/art/collection/search/49556,https://images.metmuseum.org/CRDImages/as/original/50_221_15.JPG,0,https://www.wikidata.org/wiki/Q116313601,,
50104,Ear Ornament in Twisted Shape,Ear Ornament,3rd century–second half of the 10th century,Proto–classical or Central Javanese period,,,Gold,H. 9/16 in. (1.4 cm),Indonesia (Java),,,,,,,,,,,Asian Art,Jewelry,,False,True,https://www.metmuseum.org/art/collection/search/50104,https://images.metmuseum.org/CRDImages/as/original/1998_544_272.JPG,0,,,
48945,"Landscape after Dong Yuan, Juran, Ma Yuan, and Xia Gui",Handscroll,"dated yiwei 乙未, 1655?",Ming (1368–1644)–early Qing (1644–1911) dynasty,,,Handscroll; ink and color on paper,"Image: 11 x 126 in. (27.9 x 320 cm)
Overall with mounting: 13 1/2 x 365 5/8 in. (34.3 x 928.7 cm)",China,,,,Mountains|Landscapes,Li Zai,Artist,Chinese,1600,1699,,Asian Art,Paintings,"Chinese, active 17th century",False,True,https://www.metmuseum.org/art/collection/search/48945,https://images.metmuseum.org/CRDImages/as/original/DP213260_CRD.jpg,15,https://www.wikidata.org/wiki/Q78833827,,
68349,Altar Cloth,Altar Cloth,1736–1741,Edo period (1615–1868),,,"Silk, metallic thread",Overall: 52 1/2 x 51 3/8 in. (133.4 x 130.5 cm),Japan,,,,Flowers,,,,,,,Asian Art,Textiles-Woven,,False,True,https://www.metmuseum.org/art/collection/search/68349,https://images.metmuseum.org/CRDImages/as/original/19_93_46_F.JPG,3,,,
54429,Figures Promenading on a Point of Land; Water and Boats in the Foreground,Print,1760–1849,Edo period (1615–1868),,,Woodblock print (surimono); ink and color on paper,7 3/4 x 27 7/16 in. (19.7 x 69.7 cm),Japan,,,,Landscapes|Boats,Katsushika Hokusai,Artist,Japanese,1760,1849,,Asian Art,Prints,"Japanese, Tokyo (Edo) 1760–1849 Tokyo (Edo)",False,True,https://www.metmuseum.org/art/collection/search/54429,https://images.metmuseum.org/CRDImages/as/original/DP146855.jpg,0,,https://www.wikidata.org/wiki/Q5586,http://vocab.getty.edu/page/ulan/500060426
70166,Stencil,Stencil,19th century,,,,Paper,16 1/4 x 10 1/2 in. (41.27 x 26.67 cm),Japan,,,,Flowers,,,,,,,Asian Art,Stencils,,False,True,https://www.metmuseum.org/art/collection/search/70166,https://images.metmuseum.org/CRDImages/as/original/160278.jpg,0,,,
44322,Animal Pen with Figures,Architectural model,1st–early 3rd century,Eastern Han dynasty (25–220),,,Earthenware with green lead glaze,H. 9 1/4 in. (23.5 cm); W. 14 3/4 in. (37.5 cm),China,,,,Farms|Infants|Mothers|Goats,,,,,,,Asian Art,Ceramics,,False,True,https://www.metmuseum.org/art/collection/search/44322,https://images.metmuseum.org/CRDImages/as/original/DT3800.jpg,1,https://www.wikidata.org/wiki/Q116314407,,
37943,A Messenger is Dispatched:  Page from a Dispersed Manuscript,Folio,last quarter of the 17th century,,,,Ink and opaque watercolor on paper,8 7/8 x 12 in. (22.6 x 30.5 cm),"India (Punjab Hills, Bilaspur)",,,,Gardens|Men,,,,,,,Asian Art,Paintings,,False,True,https://www.metmuseum.org/art/collection/search/37943,https://images.metmuseum.org/CRDImages/as/original/DT5830.jpg,2,https://www.wikidata.org/wiki/Q78880519,,
59369,Netsuke,Netsuke,19th century,Edo (1615–1868) or Meiji period (1868–1912),,,Wood,H. 5 in. (12.7 cm); W. 1 5/8 in. (4.1 cm); D. 3/4 in. (1.9 cm),Japan,,,,Men,,,,,,,Asian Art,Netsuke,,False,True,https://www.metmuseum.org/art/collection/search/59369,https://images.metmuseum.org/CRDImages/as/original/10_211_2303_O1_sf.jpg,1,,,
63109,Jar,Jar,ca. 1620,Edo period (1615–1868),,,"Clay, red and green glaze (Kyoto ware)",H. 5 1/2 in. (14 cm); Diam. 7 in. (17.8 cm),Japan,,,,,Hon'ami Kōetsu,Artist,Japanese,1558,1637,,Asian Art,Ceramics,"Japanese, 1558–1637",False,True,https://www.metmuseum.org/art/collection/search/63109,https://images.metmuseum.org/CRDImages/as/original/DP257950.jpg,4,,https://www.wikidata.org/wiki/Q3139920,http://vocab.getty.edu/page/ulan/500121411
49958,Ear Ornament with Lozenge-Shaped Motif,Ear Ornament,Last quarter of the 10th–last quarter of the 15th century,Eastern Javanese period,,,Gold,H. 7/8 in. (2.2 cm),Indonesia (Java),,,,,,,,,,,Asian Art,Jewelry,,False,True,https://www.metmuseum.org/art/collection/search/49958,https://images.metmuseum.org/CRDImages/as/original/1998_544_126.JPG,0,,,
69040,Priest's Robe,"Robe, Priest's",18th–19th century,,,,"Silk, metallic thread",H. 44 1/2 x W. 82 in. (113.03 x 208.28 cm),Japan,,,,,,,,,,,Asian Art,Textiles-Costumes,,False,True,https://www.metmuseum.org/art/collection/search/69040,https://images.metmuseum.org/CRDImages/as/original/88508.jpg,0,,,
50186,Water Jar with Pines,Water jar,ca. 1640,Edo period (1615–1868),,,"Porcelain with underglaze blue (Hizen ware, early Imari type)",H. 9 1/8 in. (23.2 cm); Diam. 10 1/8 in. (23.2 x 25.7 cm); Diam. of rim: 5 9/16 in. (14.1 cm),Japan,,,,,,,,,,,Asian Art,Ceramics,,False,True,https://www.metmuseum.org/art/collection/search/50186,https://images.metmuseum.org/CRDImages/as/original/212057.jpg,0,,,
46953,Vase,Vase,1662–1722,"Qing dynasty (1644–1911), Kangxi period (1662–1722)",,,Porcelain,H. 6 1/4 in. (15.9 cm),China,,,,,,,,,,,Asian Art,Ceramics,,False,True,https://www.metmuseum.org/art/collection/search/46953,https://images.metmuseum.org/CRDImages/as/original/14_40_350_S_sf.jpg,1,,,
37043,Tsushima Kaigan Yubare,Woodblock print,3rd month dragon year 1856,Edo period (1615–1868),,,Woodblock print; ink and color on paper,14 x 9 3/5 in. (35.6 x 24.4 cm),Japan,,,,Landscapes|Boats|Rainbows,Utagawa Hiroshige,Artist,Japanese,1797,1858,,Asian Art,Prints,"Japanese, Tokyo (Edo) 1797–1858 Tokyo (Edo)",False,True,https://www.metmuseum.org/art/collection/search/37043,https://images.metmuseum.org/CRDImages/as/original/DP122139.jpg,0,,https://www.wikidata.org/wiki/Q200798,http://vocab.getty.edu/page/ulan/500019641
64194,Ornament in the Form of a Bud,Ornament,8th–12th century,,,,Gold,W. 13/16 in. (2.1 cm),Indonesia (Central Java),,,,,,,,,,,Asian Art,Jewelry,,False,True,https://www.metmuseum.org/art/collection/search/64194,https://images.metmuseum.org/CRDImages/as/original/2001_794_1.jpg,0,,,
45034,Dressing Room for Musicians at a Theater (Shitakubeya),Print,1760–1849,Edo period (1615–1868),,,Woodblock print; ink and color on paper,H. 7 7/8 in. (20 cm); W. 21 7/8 in. (55.6 cm),Japan,,,,Musical Instruments|Men|Musicians,Katsushika Hokusai,Artist,Japanese,1760,1849,,Asian Art,Prints,"Japanese, Tokyo (Edo) 1760–1849 Tokyo (Edo)",False,True,https://www.metmuseum.org/art/collection/search/45034,https://images.metmuseum.org/CRDImages/as/original/DP146849.jpg,0,,https://www.wikidata.org/wiki/Q5586,http://vocab.getty.edu/page/ulan/500060426
40567,Necklace,Necklace,17th–19th century,,,,Gold and coral,"L. 16 in. (40 cm)
Pendant: H. 1 in. (2.5 cm); W. 3/4 in. (1.9 cm)",Philippines,,,,,,,,,,,Asian Art,Jewelry,,False,True,https://www.metmuseum.org/art/collection/search/40567,https://images.metmuseum.org/CRDImages/as/original/12_176_16_O.JPG,2,,,
46722,Writing brush with dragon amid clouds,Brush,mid-18th century,Qing dynasty (1644–1911),,,Porcelain painted in underglaze cobalt blue and overglaze iron red (Jingdezhen ware),H. 12 in. (30.5 cm); W. 2 in. (5.1 cm),China,,,,,,,,,,,Asian Art,Ceramics,,False,True,https://www.metmuseum.org/art/collection/search/46722,https://images.metmuseum.org/CRDImages/as/original/166662.jpg,0,,,
65347,Deer-Shaped Garment Plaque,Garment plaque,6th–4th century BCE,,,,Bronze,H. 1 1/2 in. (3.8 cm); W. 2 in. (5.1 cm),Kazakhstan,,,,Deer,,,,,,,Asian Art,Metalwork,,False,True,https://www.metmuseum.org/art/collection/search/65347,https://images.metmuseum.org/CRDImages/as/original/2002_201_179_O.jpg,0,,,
50247,Vase,Vase,ca. 1500,Ming dynasty (1368–1644),,,Porcelain painted in underglaze blue,H. 11 1/4 in. (28.6cm); Diam. of rim: 4 1/8 in. (10.5 cm); Diam. of foot: 3 3/4 in. (9.5 cm),China,,,,Men|Flowers|Leaves,,,,,,,Asian Art,Ceramics,,False,True,https://www.metmuseum.org/art/collection/search/50247,https://images.metmuseum.org/CRDImages/as/original/17_30_3_O1.jpg,3,,,
69143,Stencil,Stencil,early 19th century,Edo period (1615–1868),,,Paper,9 7/8 x 16 in. (25.1 x 40.6 cm),Japan,,,,,,,,,,,Asian Art,Stencils,,False,True,https://www.metmuseum.org/art/collection/search/69143,https://images.metmuseum.org/CRDImages/as/original/DP13482.jpg,0,,,
46276,Covered flask with poet Li Bai and landscape,Covered flask,19th century,Qing dynasty (1644–1911),,,Porcelain painted in underglaze cobalt blue (Jingdezhen ware),8 5/8 x 7 1/4 in. (21.9 x 18.4 cm),China,,,,Men,,,,,,,Asian Art,Ceramics,,False,True,https://www.metmuseum.org/art/collection/search/46276,https://images.metmuseum.org/CRDImages/as/original/28175.jpg,0,,,
55152,Nihon Bashi,Print,ca. 1838,Edo period (1615–1868),,,Woodblock print; ink and color on paper,H. 9 1/8 in. (23.2 cm); W. 6 5/8 in. (16.8 cm),Japan,,,,Human Figures|Bridges|Boats,Utagawa Hiroshige,Artist,Japanese,1797,1858,,Asian Art,Prints,"Japanese, Tokyo (Edo) 1797–1858 Tokyo (Edo)",False,True,https://www.metmuseum.org/art/collection/search/55152,https://images.metmuseum.org/CRDImages/as/original/DP122847.jpg,0,,https://www.wikidata.org/wiki/Q200798,http://vocab.getty.edu/page/ulan/500019641
71000,Piece,Piece,10th century,Heian period (794–1185),,,Silk / Compound weave,1 × 3/4 in. (2.5 × 1.9 cm),Japan,,,,,,,,,,,Asian Art,Textiles-Woven,,False,True,https://www.metmuseum.org/art/collection/search/71000,https://images.metmuseum.org/CRDImages/as/original/DP15538.jpg,0,,,
67019,Piece,Piece,18th–19th century,,,,Silk,14 1/2 x 16 1/4 in. (36.83 x 41.27 cm),Japan,,,,Phoenix,,,,,,,Asian Art,Textiles-Woven,,False,True,https://www.metmuseum.org/art/collection/search/67019,https://images.metmuseum.org/CRDImages/as/original/DP12657.jpg,0,,,
66885,Piece,Piece,18th–19th century,,,,Silk,2 3/4 x 2 in. (6.99 x 5.08 cm),Japan,,,,,,,,,,,Asian Art,Textiles-Woven,,False,True,https://www.metmuseum.org/art/collection/search/66885,https://images.metmuseum.org/CRDImages/as/original/93328.jpg,0,,,
62280,Arrowhead,Arrowhead,-1000–-300,Final Jōmon period (ca. 1000–300 BCE),,,Bone,W. 5/8 in. (1.6 cm); L. 1 3/4 in. (4.4 cm),Japan,,,,,,,,,,,Asian Art,Bone,,False,True,https://www.metmuseum.org/art/collection/search/62280,https://images.metmuseum.org/CRDImages/as/original/1975_268_299_F.jpg,1,,,
737738,Landscape in the style of Ma Wan,Hanging scroll,late 19th century,Qing dynasty (1644–1911),,,Hanging scroll; ink on paper,"Image: 53 9/16 in. × 13 in. (136 × 33 cm)
Overall with mounting: 87 13/16 × 19 11/16 in. (223 × 50 cm)
Overall with knobs: 87 13/16 × 23 5/8 in. (223 × 60 cm)",China,,,,,Gu Yun,Artist,,1835,1896,,Asian Art,Paintings,1835–1896,False,True,https://www.metmuseum.org/art/collection/search/737738,https://images.metmuseum.org/CRDImages/as/original/DP-41034-002.jpg,1,,https://www.wikidata.org/wiki/Q16059870,
55151,Kyo Shi,Print,ca. 1765,Edo period (1615–1868),,,Woodblock print; ink and color on paper,H. 10 3/16 in. (25.9 cm); W. 7 9/16 in. (19.2 cm),Japan,,,,Women|Fishing,Isoda Koryūsai,Artist,Japanese,1735,1790,,Asian Art,Prints,"Japanese, 1735–ca. 1790",False,True,https://www.metmuseum.org/art/collection/search/55151,https://images.metmuseum.org/CRDImages/as/original/DP124221.jpg,0,,https://www.wikidata.org/wiki/Q3155497,http://vocab.getty.edu/page/ulan/500057320
51485,Mythical landscape with immortals,Hanging scrolls,19th century,Qing dynasty (1644–1911),,,Silk tapestry (kesi) with sections of hand-painted ink and color,Overall (a): 17 3/4 x 65 in. (45.1 x 165.1 cm),China,,,,Men|Women|Landscapes,Unidentified artist,Artist,,,,,Asian Art,Paintings,,False,True,https://www.metmuseum.org/art/collection/search/51485,https://images.metmuseum.org/CRDImages/as/original/DP-13261-001.jpg,10,https://www.wikidata.org/wiki/Q78815148,,
44644,"""Plaque from a Tantric Ritual Apron"": Kirtimukha",Plaque,17th century,,,,Bone,2 1/4 × 1 in. (5.7 × 2.5 cm),Tibet,,,,,,,,,,,Asian Art,Bone,,False,True,https://www.metmuseum.org/art/collection/search/44644,https://images.metmuseum.org/CRDImages/as/original/1991_409_1-23.JPG,0,,,
50129,Ring with Ridged Segments and Inset Red Stone,Ring,Second half of the 8th–second half of the 10th century,Central Javanese period,,,Gold with red stone,1 × 7/8 × 1/2 in. (2.5 × 2.2 × 1.3 cm),Indonesia (Java),,,,,,,,,,,Asian Art,Jewelry,,False,True,https://www.metmuseum.org/art/collection/search/50129,https://images.metmuseum.org/CRDImages/as/original/1998_544_297_O.JPG,1,,,
66590,Piece,Piece,18th–19th century,,,,Silk,5 1/2 x 8 1/2 in. (13.97 x 21.59 cm),Japan,,,,Flowers,,,,,,,Asian Art,Textiles-Woven,,False,True,https://www.metmuseum.org/art/collection/search/66590,https://images.metmuseum.org/CRDImages/as/original/DP12333.jpg,0,,,
41753,Long-Necked Bottle with Design of Chinese Children Playing Outdoors,Bottle,19th century,Edo period (1615–1868),,,Porcelain with underglaze blue (Hirado ware),H. 12 1/4 in. (31.1 cm),Japan,,,,Children|Playing|Butterflies|Trees,,,,,,,Asian Art,Ceramics,,False,True,https://www.metmuseum.org/art/collection/search/41753,https://images.metmuseum.org/CRDImages/as/original/23_225_107_O1_sf.jpg,3,,,
72188,Piece,Piece,18th century,Edo period (1615–1868),,,Silk / Compound weave,2 1/8 × 1 1/8 in. (5.4 × 2.9 cm),Japan,,,,,,,,,,,Asian Art,Textiles-Woven,,False,True,https://www.metmuseum.org/art/collection/search/72188,https://images.metmuseum.org/CRDImages/as/original/DP14734.jpg,0,,,
67824,Piece,Piece,18th–19th century,,,,Silk,2 x 3 in. (5.08 x 7.62 cm),Japan,,,,,,,,,,,Asian Art,Textiles-Woven,,False,True,https://www.metmuseum.org/art/collection/search/67824,https://images.metmuseum.org/CRDImages/as/original/DP11625.jpg,0,,,
60030,Netsuke of Hand and Forearm of a Demon with Small Demon on the Side,Netsuke,19th century,Edo (1615–1868) or Meiji period (1868–1912),,,Ivory,H. 2 1/4 in. (5.7 cm),Japan,,,,Demons,,,,,,,Asian Art,Netsuke,,False,True,https://www.metmuseum.org/art/collection/search/60030,https://images.metmuseum.org/CRDImages/as/original/10_211_557_O1_sf.jpg,1,,,
70577,Piece from a Summer Robe (Katabira),Piece,19th century,Edo (1615–1868) or Meiji (1868–1912),,,Dye-patterned plain-weave ramie,15 1/4 x 6 1/4 in. (38.73 x 15.88 cm),Japan,,,,Flowers,,,,,,,Asian Art,Textiles-Painted and Printed,,False,True,https://www.metmuseum.org/art/collection/search/70577,https://images.metmuseum.org/CRDImages/as/original/205844.jpg,0,,,
50026,Bottle,Bottle,17th century,"Ming dynasty (1368–1644), Chongzhen period",,,Porcelain painted with cobalt blue under transparent glaze (Jingdezhen ware),H. 7 in. (17.8 cm),China,,,,Flowers,,,,,,,Asian Art,Ceramics,,False,True,https://www.metmuseum.org/art/collection/search/50026,https://images.metmuseum.org/CRDImages/as/original/28894.jpg,0,,,
57285,Fan Peddler,Drawing,18th–19th century,Edo period (1615–1868),,,Ink on paper,12 7/8 x 9 7/8 in. (32.7 x 25.1 cm),Japan,,,,Men|Working,Katsushika Hokusai,Artist,Japanese,1760,1849,,Asian Art,Paintings,"Japanese, Tokyo (Edo) 1760–1849 Tokyo (Edo)",False,True,https://www.metmuseum.org/art/collection/search/57285,https://images.metmuseum.org/CRDImages/as/original/DP-25001-001.jpg,0,https://www.wikidata.org/wiki/Q78725242,https://www.wikidata.org/wiki/Q5586,http://vocab.getty.edu/page/ulan/500060426
63093,Tea jar with cover,Tea jar with cover,19th century,,,,"Shigaraki ware; includes box, bag and extra bag",H. 3 1/2 in. (8.9 cm); Diam. 2 1/8 in. (5.4 cm),Japan,,,,,,,,,,,Asian Art,Ceramics,,False,True,https://www.metmuseum.org/art/collection/search/63093,https://images.metmuseum.org/CRDImages/as/original/25_215_10ab.jpg,0,,,
41896,Standing Figure of Daoist Immortal (He Siengu),Figure,18th century,,,,Amber,H. inc. base 4 34/ in. (12.1 cm); W. 2 in. (5.1 cm); D. 1 3/4 in. (4.4 cm),China,,,,,,,,,,,Asian Art,Hardstone,,False,True,https://www.metmuseum.org/art/collection/search/41896,https://images.metmuseum.org/CRDImages/as/original/42_90_30_2012Ex_001_sf.jpg,4,,,
48640,Jar with lotus scrolls,Jar,late 16th century,Ming dynasty (1368–1644),,,Porcelain painted in underglaze cobalt blue (Jingdezhen ware),H. 14 1/2 in. (36.8 cm); Diam. 13 in. (33 cm),China,,,,Flowers,,,,,,,Asian Art,Ceramics,,False,True,https://www.metmuseum.org/art/collection/search/48640,https://images.metmuseum.org/CRDImages/as/original/187600.jpg,0,,,
41812,Where all the Four Beauties are Present,Ink tablet,late 19th–early 20th century,late Qing dynasty (1644–1911) or early Republic period (1912–49),,,Ink,H. 3 7/8 in. (9.8 cm); W. 1 3/8 in. (3.5 cm); Th. 7/16 in. (1.1 cm),China,,,,Dragons,Jian Guzhai,Artist,Chinese,,,,Asian Art,Ink,"Chinese,",False,True,https://www.metmuseum.org/art/collection/search/41812,https://images.metmuseum.org/CRDImages/as/original/30_76_232_F.jpg,1,,,
39944,Fragment of a Halo with Buddha Figure,Relief,6th–7th century,Khotan Kingdom,,,Stucco with color,H. 4 1/2 in. (11.4 cm); W. 8 1/2 in. (21.6 cm); D. 1 1/4 in. (3.2 cm),China (Xinjiang Autonomous Region),,,,,,,,,,,Asian Art,Sculpture,,False,True,https://www.metmuseum.org/art/collection/search/39944,https://images.metmuseum.org/CRDImages/as/original/DP269540.jpg,0,,,
59214,Netsuke of Rabbit,Netsuke,19th century,Edo (1615–1868) or Meiji period (1868–1912),,,Wood,H. 1 3/4 in. (4.4 cm); W. 1 3/8 in. (3.5 cm); D. 1 in. (2.5 cm),Japan,,,,Rabbits,,,,,,,Asian Art,Netsuke,,False,True,https://www.metmuseum.org/art/collection/search/59214,https://images.metmuseum.org/CRDImages/as/original/91_1_941_O1_sf.jpg,1,,,
37878,Preparatory Study for a Portrait of Man Singh and His Harem,Painting,1810–15,,,,"Ink and opaque watercolor on paper, pricked for transfer",14 1/8 x 22 in. (35.9 x 55.9 cm),"India (Rajasthan, Jodhpur)",,,,Men|Women|Horses|Carriages,,,,,,,Asian Art,Drawings,,False,True,https://www.metmuseum.org/art/collection/search/37878,https://images.metmuseum.org/CRDImages/as/original/34_89_recto.jpg,1,https://www.wikidata.org/wiki/Q78883889,,
55883,Chiyoda Castle (Album of Men),Print,1897,Meiji period (1868–1912),,,Triptych of woodblock prints; ink and color on paper,L. (page) 13 7/8 in. (35.2 cm); W. (page) 9 1/4 in. (23.4 cm); thickness of album 1 9/16 in. (4 cm),Japan,,,,Men|Horses|Trees,Yōshū (Hashimoto) Chikanobu,Artist,Japanese,1838,1912,,Asian Art,Prints,"Japanese, 1838–1912",False,True,https://www.metmuseum.org/art/collection/search/55883,https://images.metmuseum.org/CRDImages/as/original/DP149424.jpg,0,,https://www.wikidata.org/wiki/Q3087294,http://vocab.getty.edu/page/ulan/500335317
41933,Bodhisattva Guanyin,Figure,16th century,Ming dynasty (1368–1644),,,Ivory,H. 9 3/4 in. (24.8 cm); H. incl. base 10 1/4 in. (26 cm); W. 2 in. (5.1 cm),China,,,,Children|Buddhism|Avalokiteshvara|Bodhisattvas,,,,,,,Asian Art,Ivories,,False,True,https://www.metmuseum.org/art/collection/search/41933,https://images.metmuseum.org/CRDImages/as/original/DP318635.jpg,3,,,
67943,Piece,Piece,1615–1868,Edo period (1615–1868),,,"Silk, metallic thread",6 1/2 x 9 1/4 in. (16.51 x 23.50 cm),Japan,,,,,,,,,,,Asian Art,Textiles-Woven,,False,True,https://www.metmuseum.org/art/collection/search/67943,https://images.metmuseum.org/CRDImages/as/original/6713b.jpg,0,,,
58047,Print,Print,19th century,Edo period (1615–1868),,,Woodblock print; ink and color on paper,Image: 13 5/8 × 9 5/8 in. (34.6 × 24.4 cm),Japan,,,,Men|Women|Snow|Eating|Umbrellas,Utagawa Kunisada,Artist,Japanese,1786,1864,,Asian Art,Prints,"Japanese, 1786–1864",False,True,https://www.metmuseum.org/art/collection/search/58047,https://images.metmuseum.org/CRDImages/as/original/DP149029.jpg,0,,https://www.wikidata.org/wiki/Q467427,http://vocab.getty.edu/page/ulan/500121373
42218,"Vase with design of ""Hundred Antiques""",Vase,late 17th–early 18th century,"Qing dynasty (1644–1911), Kangxi period (1662–1722)",,,PoPorcelain painted in overglaze polychrome enamels (Jingdezhen ware),H. 29 in. (73.7 cm),China,,,,,,,,,,,Asian Art,Ceramics,,False,True,https://www.metmuseum.org/art/collection/search/42218,https://images.metmuseum.org/CRDImages/as/original/20983.jpg,1,,,
48962,"""Gazing at the Waterfall on Mt. Lu"" by Li Bo (701-761)",Folding fan mounted as an album leaf,1558–1635,Ming dynasty (1368–1644),,,Folding fan mounted as an album leaf; ink on gold-flecked paper,7 1/4 x 20 1/4 in. (18.4 x 51.4 cm),China,,,,,Chen Jiru,Artist,Chinese,1558,1635,,Asian Art,Calligraphy,"Chinese, 1558–1635",False,True,https://www.metmuseum.org/art/collection/search/48962,https://images.metmuseum.org/CRDImages/as/original/DP153857.jpg,0,,https://www.wikidata.org/wiki/Q1005462,http://vocab.getty.edu/page/ulan/500335922
55223,"Fuji from Gotenyama on the Tōkaidō at Shinagawa (Tōkaidō Shinagawa Gotenyama no Fuji), from the series Thirty-six Views of Mount Fuji (Fugaku sanjūrokkei)",Woodblock print,ca. 1830–32,Edo period (1615–1868),,,Woodblock print; ink and color on paper,H. 9 3/4 in. (24.8 cm); W. 14 7/16 in. (36.7 cm),Japan,,,,Houses|Men|Women|Mountains|Trees,Katsushika Hokusai,Artist,Japanese,1760,1849,,Asian Art,Prints,"Japanese, Tokyo (Edo) 1760–1849 Tokyo (Edo)",False,True,https://www.metmuseum.org/art/collection/search/55223,https://images.metmuseum.org/CRDImages/as/original/DP140996.jpg,0,,https://www.wikidata.org/wiki/Q5586,http://vocab.getty.edu/page/ulan/500060426
61381,Mirror with deities and mythical creatures,Mirror,2nd–3rd century,Eastern Han (25–220)–Six Dynasties (220–589),,,Bronze,Diam. 5 1/2 in. (14 cm),China,,,,,,,,,,,Asian Art,Mirrors,,False,True,https://www.metmuseum.org/art/collection/search/61381,https://images.metmuseum.org/CRDImages/as/original/LC-17_51_3_001.jpg,1,,,
63796,Stem Cup,Stem cup,18th century,Edo period (1615–1868),,,Porcelain painted with red and green enamels,H. 4 5/8 in. (11.7 cm); Diam. 6 5/8 in. (16.8 cm),Japan,,,,,Okuda Eisen,Artist,Japanese,1753,1811,,Asian Art,Ceramics,"Japanese, 1753–1811",False,True,https://www.metmuseum.org/art/collection/search/63796,https://images.metmuseum.org/CRDImages/as/original/218812.jpg,0,,https://www.wikidata.org/wiki/Q11446076,http://vocab.getty.edu/page/ulan/500121416
51423,"Shakyamuni with luohan, heavenly king, and boys",Hanging scroll,early 17th century,Ming dynasty (1368–1644),,,Hanging scroll; ink and color on silk,"Image: 41 1/2 x 19 1/2 in. (105.4 x 49.5 cm)
Overall with mounting: 105 1/2 x 26 in. (268 x 66 cm)
Overall with knobs: 105 1/2 x 31 in. (268 x 78.7 cm)",China,,,,Children|Men|Buddhism|Buddha,Unidentified artist,Artist,,,,,Asian Art,Paintings,,False,True,https://www.metmuseum.org/art/collection/search/51423,https://images.metmuseum.org/CRDImages/as/original/DP-18086-002.jpg,4,https://www.wikidata.org/wiki/Q78816310,,
67786,Piece,Piece,18th–19th century,,,,Silk,2 3/4 x 4 3/4 in. (6.99 x 12.07 cm),Japan,,,,,,,,,,,Asian Art,Textiles-Woven,,False,True,https://www.metmuseum.org/art/collection/search/67786,https://images.metmuseum.org/CRDImages/as/original/DP13428.jpg,0,,,
60724,Cricket cage,Cricket cage,18th–19th century,Qing dynasty (1644–1911),,,"Gourd, ivory",H. 4 1/4 in. (10.8 cm); W. 2 3/8 in. (6 cm),China,,,,,,,,,,,Asian Art,Cricket cages,,False,True,https://www.metmuseum.org/art/collection/search/60724,https://images.metmuseum.org/CRDImages/as/original/28_186_20.jpg,0,,,
36637,A Young Komuso,Print,ca. 1768,Edo period (1615–1868),,,Woodblock print; ink and color on paper,26 3/5 x 4 3/4 in. (67.6 x 12.1 cm),Japan,,,,Women|Monks,Suzuki Harunobu,Artist,Japanese,1725,1770,,Asian Art,Prints,"Japanese, 1725–1770",False,True,https://www.metmuseum.org/art/collection/search/36637,https://images.metmuseum.org/CRDImages/as/original/DP144638.jpg,0,,https://www.wikidata.org/wiki/Q360978,http://vocab.getty.edu/page/ulan/500057319
45403,Man's Formal Jacket (Haori),Man's formal jacket (Haori),early 20th century,Meiji period (1868–1912),,,Dye-patterned and painted plain-weave silk,Overall: 45 x 51 5/8 in. (114.3 x 131.1 cm),Japan,,,,Volcanoes,,,,,,,Asian Art,Costumes,,False,True,https://www.metmuseum.org/art/collection/search/45403,https://images.metmuseum.org/CRDImages/as/original/DP330783.jpg,3,,,
46606,Figure of a standing lady,Figure,12th–13th century,Jin dynasty (1115–1234),,,Stoneware with polychrome enamels (Cizhou type ware),H. 4 7/8 in. (12.4 cm),China,,,,Women,,,,,,,Asian Art,Ceramics,,False,True,https://www.metmuseum.org/art/collection/search/46606,https://images.metmuseum.org/CRDImages/as/original/39072.jpg,0,,,
53825,Vase with landscape scenes and poem,Vase,late 17th–early 18th century,"Qing dynasty (1644–1911), Kangxi period (1662–1722)",,,Porcelain painted in underglaze cobalt blue (Jingdezhen ware),H. 24 1/2 in. (62.2 cm); Daim. 8 3/4 in. (22.2 cm),China,,,,Landscapes,,,,,,,Asian Art,Ceramics,,False,True,https://www.metmuseum.org/art/collection/search/53825,https://images.metmuseum.org/CRDImages/as/original/LC-20_41_1-20230217-01.jpg,1,,,
43721,Greenstone pendant,Neck ornament (Hei tiki),19th century,,,,"Nephrite jade (pounamu), shell, pigment, and wax",H. 6 1/8 in. (15.5 cm); W. 3 in. (7.6 cm); D. 1 in. (2.5 cm),Maori; Aotearoa New Zealand,,,,,,,,,,,Asian Art,Jade,,False,True,https://www.metmuseum.org/art/collection/search/43721,https://images.metmuseum.org/CRDImages/as/original/DP-24136-001.jpg,9,,,
49737,Rod Finial Clip with Foliate Design Creating Demon Mask,Finial Clip,Second half of the 9th–first quarter of the 10th century,late Central Javanese period,,,Gold,H. 3/4 in. (1.9 cm),Indonesia (Java),,,,Demons,,,,,,,Asian Art,Metalwork,,False,True,https://www.metmuseum.org/art/collection/search/49737,https://images.metmuseum.org/CRDImages/as/original/1998_544_79.jpg,0,,,
45222,Monk Renshō Riding His Horse Backwards,Hanging scroll,"after 1782, ca. 1784",Edo period (1615–1868),,,Hanging scroll; ink on paper,"Image: 15 1/16 × 21 11/16 in. (38.3 × 55.1 cm)
Overall with mounting: 48 11/16 × 22 7/16 in. (123.7 × 57 cm)
Overall with knobs: 48 11/16 × 24 5/16 in. (123.7 × 61.8 cm)",Japan,,,,Men|Horses|Monks,Matsumura Goshun,Artist,Japanese,1752,1811,,Asian Art,Paintings,"Japanese, 1752–1811",False,True,https://www.metmuseum.org/art/collection/search/45222,https://images.metmuseum.org/CRDImages/as/original/LC-36_100_18_jps-012.jpg,5,https://www.wikidata.org/wiki/Q78849389,https://www.wikidata.org/wiki/Q960116,http://vocab.getty.edu/page/ulan/500121199
71045,Piece,Piece,17th century,,,,Silk / Compound weave,1 × 5 in. (2.5 × 12.7 cm),Japan,,,,,,,,,,,Asian Art,Textiles-Woven,,False,True,https://www.metmuseum.org/art/collection/search/71045,https://images.metmuseum.org/CRDImages/as/original/DP15508.jpg,0,,,
46637,Sake Bottle (Tokkuri),Bottle,first half 19th century,Edo period (1615–1868),,,Porcelain with underglaze iron brown and blue (Kutani ware),H. 17 in. (43.2 cm); Diam. 8 3/4 in. (22.2 cm); Diam. of rim 1 1/2 in. (3.8 cm); Diam. of foot 6 5/8 in. (16.8 cm),Japan,,,,,,,,,,,Asian Art,Ceramics,,False,True,https://www.metmuseum.org/art/collection/search/46637,https://images.metmuseum.org/CRDImages/as/original/DP-15452-029.jpg,1,,,
42693,Poem in Chinese about Sugar,Hanging scroll,14th century,Nanbokuchō period (1336–92),,,Hanging scroll; ink on paper,"Image: 12 1/4 x 18 5/8 in. (31.1 x 47.3 cm)
Overall with mounting: 47 x 24 in. (119.4 x 61 cm)
Overall with knobs: 47 x 25 13/16 in. (119.4 x 65.6 cm)",Japan,,,,,Kokan Shiren,Artist,Japanese,1278,1346,,Asian Art,Calligraphy,"Japanese, 1278–1346",False,True,https://www.metmuseum.org/art/collection/search/42693,https://images.metmuseum.org/CRDImages/as/original/DP303708.jpg,13,,https://www.wikidata.org/wiki/Q2091289,(not assigned)
71188,Piece,Piece,18th century,Edo period (1615–1868),,,Silk / Compound weave,3 3/4 × 3 3/8 in. (9.5 × 8.6 cm),Japan,,,,,,,,,,,Asian Art,Textiles-Woven,,False,True,https://www.metmuseum.org/art/collection/search/71188,https://images.metmuseum.org/CRDImages/as/original/DP15679.jpg,1,,,
66932,Piece,Piece,18th–19th century,,,,Silk,4 x 2 in. (10.16 x 5.08 cm),Japan,,,,,,,,,,,Asian Art,Textiles-Woven,,False,True,https://www.metmuseum.org/art/collection/search/66932,https://images.metmuseum.org/CRDImages/as/original/DP11506.jpg,0,,,
39295,Fragment of a Seated Buddha,Fragment,ca. 8th century,,,,Bronze,3 1/2 in. (8.9 cm),Indonesia (Kalimantan),,,,,,,,,,,Asian Art,Sculpture,,False,True,https://www.metmuseum.org/art/collection/search/39295,https://images.metmuseum.org/CRDImages/as/original/LC-1995_257_20-001.jpg,1,,,
59926,Sugar Sifter,Sifter,19th century,Edo (1615–1868) or Meiji period (1868–1912),,,Silver,L. 5 1/4 in. (13.3 cm),Japan,,,,,,,,,,,Asian Art,Metalwork,,False,True,https://www.metmuseum.org/art/collection/search/59926,https://images.metmuseum.org/CRDImages/as/original/97_2_150_O.JPG,0,,,
47090,"Censer with Ideograph ""Ju""",Censer,1700,Edo period (1615–1868),,,"Porcelain decorated in black enamel (Arita ware, Imari type)",H. 5 3/4 in. (14.6 cm); W. sq. 3 3/4 in. (9.5 cm),Japan,,,,Flowers|Censers,,,,,,,Asian Art,Ceramics,,False,True,https://www.metmuseum.org/art/collection/search/47090,https://images.metmuseum.org/CRDImages/as/original/54814.jpg,0,,,
40750,Candlestick (one of a pair),Candlestick,1736–1795,"Qing dynasty (1644–1911), Qianlong period (1736–95)",,,Cloisonné enamel,H. 9 3/4 in. (24.8 cm); W. 4 3/4 in. (12.1 cm),China,,,,Birds,,,,,,,Asian Art,Cloisonné,,False,True,https://www.metmuseum.org/art/collection/search/40750,https://images.metmuseum.org/CRDImages/as/original/DP238501.jpg,4,,,
41780,Ink Tablet Decorated with Emblems of Investiture,Ink tablet,dated 1576,Ming dynasty (1368–1644),,,Pine soot and binding medium,Diam. 3 1/2 in. (8.9 cm),China,,,,Bow and Arrow|Men|Dragons,Fang Yulu,Artist,Chinese,1570,1619,,Asian Art,Ink,active ca. 1570–1619,False,True,https://www.metmuseum.org/art/collection/search/41780,https://images.metmuseum.org/CRDImages/as/original/30_76_201_B.JPG,1,,,
38571,Vishnu and Lakshmi Supported by Garuda,Stele,11th century,,,,Stone,H. 17 1/4 in. (43.8 cm); W. 12 1/2 in. (31.8 cm); D. 5 1/2 in. (14 cm),"India (Jammu & Kashmir, ancient kingdom of Kashmir)",,,,Kashmir|Mythical Creatures|Goddess|Vishnu|Hinduism,,,,,,,Asian Art,Sculpture,,False,True,https://www.metmuseum.org/art/collection/search/38571,https://images.metmuseum.org/CRDImages/as/original/DP124084.jpg,0,,,
55878,Chiyoda Castle (Album of Men),Print,1897,Meiji period (1868–1912),,,Triptych of woodblock prints; ink and color on paper,L. (page) 13 7/8 in. (35.2 cm); W. (page) 9 1/4 in. (23.4 cm); thickness of album 1 9/16 in. (4 cm),Japan,,,,Men,Yōshū (Hashimoto) Chikanobu,Artist,Japanese,1838,1912,,Asian Art,Prints,"Japanese, 1838–1912",False,True,https://www.metmuseum.org/art/collection/search/55878,https://images.metmuseum.org/CRDImages/as/original/DP149418.jpg,0,,https://www.wikidata.org/wiki/Q3087294,http://vocab.getty.edu/page/ulan/500335317
56959,Nakamura Rikō,Woodblock print (nishiki-e),1774,Edo period (1615–1868),,,Woodblock print (nishiki-e); ink and color on paper,12 5/8 x 5 5/8 in. (32.1 x 14.3 cm),Japan,,,,Women|Actors,Katsukawa Shunshō　勝川春章,Artist,Japanese,1726,1792,,Asian Art,Prints,"Japanese, 1726–1792",False,True,https://www.metmuseum.org/art/collection/search/56959,https://images.metmuseum.org/CRDImages/as/original/DP134630.jpg,0,,https://www.wikidata.org/wiki/Q1358636,http://vocab.getty.edu/page/ulan/500118856
66472,Piece,Piece,18th–19th century,,,,Silk,10 x 5 1/4 in. (25.40 x 13.34 cm),Japan,,,,,,,,,,,Asian Art,Textiles-Woven,,False,True,https://www.metmuseum.org/art/collection/search/66472,https://images.metmuseum.org/CRDImages/as/original/DP12217.jpg,0,,,
49744,Weighted Fastener,Fastener,Second half of the 8th–second half of the 10th century,Central Javanese period,,,Gold,H. 1 in. (2.5 cm),Indonesia (Java),,,,,,,,,,,Asian Art,Jewelry,,False,True,https://www.metmuseum.org/art/collection/search/49744,https://images.metmuseum.org/CRDImages/as/original/1998_544_86_O.jpg,0,,,
904727,Landscape,Hanging scroll,1822,Qing dynasty (1644–1911),,,Hanging scroll; ink and color on paper,"Image: 56 × 24 7/8 in. (142.2 × 63.2 cm)
Overall with mounting: 8 ft. 5 1/8 in. × 30 5/8 in. (256.9 × 77.8 cm)
Overall with knobs: 8 ft. 5 1/8 in. × 34 7/8 in. (256.9 × 88.6 cm)",China,,,,,Zhu Angzhi,Artist,Chinese,1764,1841,,Asian Art,Paintings,"Chinese, 1764–after 1841",False,True,https://www.metmuseum.org/art/collection/search/904727,https://images.metmuseum.org/CRDImages/as/original/DP-35730-002.jpg,1,,,
61077,Plaque in the shape of a donkey,Plaque,3rd–6th century,Six Dynasties (220–589),,,Lead,H. 1 5/8 in. (4.1 cm); W. 2 in. (5.1 cm),China?,,,,Donkeys,,,,,,,Asian Art,Metalwork,,False,True,https://www.metmuseum.org/art/collection/search/61077,https://images.metmuseum.org/CRDImages/as/original/14_139_1_185347.jpg,0,,,
60727,Cricket cage,Cricket cage,18th–19th century,Qing dynasty (1644–1911),,,"Gourd, jade",H. 3 1/8 in. (7.9 cm); Diam. 2 3/4 in. (7 cm),China,,,,,,,,,,,Asian Art,Cricket cages,,False,True,https://www.metmuseum.org/art/collection/search/60727,https://images.metmuseum.org/CRDImages/as/original/28_186_23.jpg,0,,,
49140,Bowl,Bowl,ca. 11th–10th century BCE,Western Zhou dynasty (1046–771 BCE),,,Earthenware with carved and incised decoration,H. 5 7/16 in. (13.8 cm); Diam. 8 7/8 in. (22.5 cm),China,,,,,,,,,,,Asian Art,Ceramics,,False,True,https://www.metmuseum.org/art/collection/search/49140,https://images.metmuseum.org/CRDImages/as/original/147117.jpg,0,,,
48732,Figures,Figures,7th–8th century,Tang dynasty (618–907),,,"Unglazed pottery; only b: pottery, unglazed, whitish with traces of polychrome","a: H. 14 1/2 in. (35.6 cm); W. 3 7/8 in. (9.8 cm); D. 3 1/2 in. (8.9 cm)
b: H. 10 in. (25.4 cm); W. 2 7/8 in. (7.3 cm); D. 2 1/8 in. (5.4 cm)
c: H. 7 1/8 in. (18.1 cm); W. 2 3/8 in. (6 cm); D.  2 in. (5.1 cm)
d: H. 9 1/8 in. (23.2 cm); W. 2 5/8 in. (6.7 cm); D. 2 1/4 in. (5.7 cm)
e: H. 8 5/8 in. (21.9 cm); W. 2 1/4 in. (5.7 cm); D. 1 7/8 in. (4.8 cm)
f: H. 7 5/8 in. (19.4 cm)
g: H. 5 in. (12.7 cm) 
h. H. 5 1/4 in. (13.3 cm)",China,,,,Women,,,,,,,Asian Art,Tomb Pottery,,False,True,https://www.metmuseum.org/art/collection/search/48732,https://images.metmuseum.org/CRDImages/as/original/13_220_78a_O5.jpg,11,,,
39311,Bodhisattva Padmapani Seated in Royal Ease,Figure,ca. 10th century,,,,Bronze,H. 7 7/8 in. (20 cm); W. 6 in. (15.2 cm); D. 4 1/4 in. (10.8 cm),Thailand (Khorat Plateau),,,,Buddhism|Bodhisattvas,,,,,,,Asian Art,Sculpture,,False,True,https://www.metmuseum.org/art/collection/search/39311,https://images.metmuseum.org/CRDImages/as/original/DP145423.jpg,0,https://www.wikidata.org/wiki/Q116374374,,
49132,Wintry mountains,Hanging scroll,ca. 1679–89,Qing dynasty (1644–1911),,,Hanging scroll; ink on paper,"Image: 65 1/4 × 19 1/4 in. (165.7 × 48.9 cm)
Overall with mounting: 9 ft. 6 1/4 in. × 26 1/2 in. (290.2 × 67.3 cm)
Overall with knobs: 9 ft. 6 1/4 in. × 30 1/4 in. (290.2 × 76.8 cm)",China,,,,Mountains|Landscapes|Winter,Gong Xian,Artist,Chinese,1619,1689,,Asian Art,Paintings,"Chinese, 1619–1689",False,True,https://www.metmuseum.org/art/collection/search/49132,https://images.metmuseum.org/CRDImages/as/original/DP-36008-002.jpg,1,https://www.wikidata.org/wiki/Q78827888,https://www.wikidata.org/wiki/Q3110482,http://vocab.getty.edu/page/ulan/500125754
42222,Vase with Rocks and Flowers,Vase,19th century,Qing dynasty (1644–1911),,,Porcelain painted with colored enamels on the biscuit (Jingdezhen ware),H. 27 in. (68.6 cm),China,,,,Flowers,,,,,,,Asian Art,Ceramics,,False,True,https://www.metmuseum.org/art/collection/search/42222,https://images.metmuseum.org/CRDImages/as/original/DP-14605-136.jpg,4,https://www.wikidata.org/wiki/Q116395500,,
39464,Forehead Ornament for a Deity,Ornament,17th–19th century,,,,"Gold, diamonds, rubies, emeralds, sapphires, garnet, lapis lazuli, coral, shell, mother of pearl, pearl, amber, and turquoise",H. 2 3/4 in. (7 cm); W. 8 1/2 in. (21.6 cm),"Newari, for the Nepalese or Tibetan market",,,,Buddha,,,,,,,Asian Art,Jewelry,,False,True,https://www.metmuseum.org/art/collection/search/39464,https://images.metmuseum.org/CRDImages/as/original/DP335580.jpg,1,,,
67930,Piece,Piece,19th century,,,,"Silk, metallic thread",25 3/4 x 8 in. (65.41 x 20.32 cm),Japan,,,,,,,,,,,Asian Art,Textiles-Woven,,False,True,https://www.metmuseum.org/art/collection/search/67930,https://images.metmuseum.org/CRDImages/as/original/6758.jpg,0,,,
37877,Head of Krishna: cartoon for a mural of the Raslila,Painting,ca. 1800,,,,Ink and opaque watercolor on paper,27 1/4 × 18 1/2 in. (69.2 × 47 cm),"India (Rajasthan, Jaipur)",,,,Krishna,Sahib Ram,Artist,,1778,1803,,Asian Art,Paintings,active 1778–1803,False,True,https://www.metmuseum.org/art/collection/search/37877,https://images.metmuseum.org/CRDImages/as/original/DP153194.jpg,1,https://www.wikidata.org/wiki/Q78883959,https://www.wikidata.org/wiki/Q20972077,(not assigned)
38882,Head of a Buddha,Head,10th century(?),,,,Stone,H. 8 in. (20.3 cm); W. 6 in. (15.2 cm),Cambodia,,,,Heads|Buddhism|Buddha,,,,,,,Asian Art,Sculpture,,False,True,https://www.metmuseum.org/art/collection/search/38882,https://images.metmuseum.org/CRDImages/as/original/85_11_12.jpg,0,,,
43341,Pendant,Pendant,1644–1911,Qing dynasty (1644–1911),,,Jade,L. 3 in. (7.6 cm); W. 1 1/2 in. (3.8 cm),China,,,,,,,,,,,Asian Art,Jade,,False,True,https://www.metmuseum.org/art/collection/search/43341,https://images.metmuseum.org/CRDImages/as/original/73134.jpg,0,,,
59638,Box and Cover,Box and cover,19th century,Edo (1615–1868) or Meiji period (1868–1912),,,Bronze inlaid with gold,H. 2 1/4 in. (5.7 cm); W. 4 1/4 in. (10.8 cm),Japan,,,,Human Figures,,,,,,,Asian Art,Metalwork,,False,True,https://www.metmuseum.org/art/collection/search/59638,"https://images.metmuseum.org/CRDImages/as/original/81_1_377a,b_O1.jpg",3,,,
60587,Earring,Earring,7th century or earlier,Kofun period (ca. 300–710),,,Plated,Diam. 5/8 in. (1.6 cm) - 1 1/4 in. (3.2 cm) 12.37.61 to 70,Japan,,,,,,,,,,,Asian Art,Jewelry,,False,True,https://www.metmuseum.org/art/collection/search/60587,https://images.metmuseum.org/CRDImages/as/original/LC-12_37_67-001.jpg,1,,,
63469,Page from Shi Zhu Zhai,Print,1736–1795,"Qing dynasty (1644–1911), Qianlong period (1736–95)",,,Polychrome woodblock print; ink and color on paper,10 x 10 7/8 in. (25.4 x 27.6 cm),China,,,,,,,,,,,Asian Art,Prints,,False,True,https://www.metmuseum.org/art/collection/search/63469,https://images.metmuseum.org/CRDImages/as/original/LC-CP141-001.jpg,0,,,
66698,Piece,Piece,18th–19th century,,,,Silk,5 x 2 in. (12.70 x 5.08 cm),Japan,,,,Flowers,,,,,,,Asian Art,Textiles-Woven,,False,True,https://www.metmuseum.org/art/collection/search/66698,https://images.metmuseum.org/CRDImages/as/original/DP12554.jpg,0,,,
63424,Page from the Ten Bamboo Studio Manual of Painting and Calligraphy,Print,first edition printed in 1633,Ming dynasty (1368–1644),,,Individual leaf from a printed book; ink and color on paper,9 15/16 x 11 9/16 in. (25.2 x 29.4 cm),China,,,,,Hu Zhengyan,Artist,Chinese,1584,1634,,Asian Art,Prints,"Chinese, 1584/5–1673/4",False,True,https://www.metmuseum.org/art/collection/search/63424,https://images.metmuseum.org/CRDImages/as/original/DP-26863-001.jpg,0,,,
72228,Piece,Piece,19th century,,,,Silk / Compound weave,6 1/8 × 1 1/8 in. (15.6 × 2.9 cm),Japan,,,,,,,,,,,Asian Art,Textiles-Woven,,False,True,https://www.metmuseum.org/art/collection/search/72228,https://images.metmuseum.org/CRDImages/as/original/DP14705.jpg,0,,,
63481,Page from Shi Zhu Zhai,Print,1736–1795,"Qing dynasty (1644–1911), Qianlong period (1736–95)",,,Polychrome woodblock print; ink and color on paper,10 x 10 7/8 in. (25.4 x 27.6 cm),China,,,,,,,,,,,Asian Art,Prints,,False,True,https://www.metmuseum.org/art/collection/search/63481,https://images.metmuseum.org/CRDImages/as/original/LC-CP153-001.jpg,0,,,
47571,Teapot with cover,Teapot with cover,1860,Edo period (1615–1868),,,White porcelain decorated with blue under the glaze (Kyoto ware),H. 6 1/2 in. (16.5 cm); L. 7 1/2 in. (19.1 cm),Japan,,,,Men,Kitei,Artist,Japanese,,,,Asian Art,Ceramics,Japanese,False,True,https://www.metmuseum.org/art/collection/search/47571,https://images.metmuseum.org/CRDImages/as/original/54769.jpg,0,,,
40210,Square dish with long-tailed birds and camellias,Box,first half of the 14th century,Yuan dynasty (1271–1368),,,Carved black lacquer,H. 1 in. (2.5 cm); W. 7 in. (17.8 cm); L. 7 1/8 in. (18 cm),China,,,,Birds,,,,,,,Asian Art,Lacquer,,False,True,https://www.metmuseum.org/art/collection/search/40210,https://images.metmuseum.org/CRDImages/as/original/DP704207.jpg,1,,,
38189,Head of a Male,Head,4th century,,,,Terracotta,H. 8 5/8 in. (21.9 cm),Pakistan (ancient region of Gandhara),,,,Gandhara|Heads|Men,,,,,,,Asian Art,Sculpture,,False,True,https://www.metmuseum.org/art/collection/search/38189,https://images.metmuseum.org/CRDImages/as/original/DT5720.jpg,0,,,
43755,Pendant,Pendant,1368–1644,Ming dynasty (1368–1644),,,Jadeite,H. 2 5/8 in. (6.6 cm); W. 1 13/16 in. (4.6 cm); L. 1/4 in. (0.6 cm),China,,,,Fish,,,,,,,Asian Art,Jade,,False,True,https://www.metmuseum.org/art/collection/search/43755,https://images.metmuseum.org/CRDImages/as/original/32973.jpg,0,,,
71682,Piece,Piece,17th century,,,,Silk / Compound weave,5 1/4 × 4 3/8 in. (13.3 × 11.1 cm),Japan,,,,Flowers|Leaves,,,,,,,Asian Art,Textiles-Woven,,False,True,https://www.metmuseum.org/art/collection/search/71682,https://images.metmuseum.org/CRDImages/as/original/DP15215.jpg,0,,,
36494,"View from the Other Side of Fuji from the Minobu River (Minobugawa ura Fuji), from the series Thirty-six Views of Mount Fuji (Fugaku sanjūrokkei)",Woodblock print,ca. 1830–32,Edo period (1615–1868),,,Woodblock print; ink and color on paper,9 7/8 x 14 3/4 in. (25.1 x 37.5 cm),Japan,,,,Men|Horses|Mountains|Landscapes|Trees,Katsushika Hokusai,Artist,Japanese,1760,1849,,Asian Art,Prints,"Japanese, Tokyo (Edo) 1760–1849 Tokyo (Edo)",False,True,https://www.metmuseum.org/art/collection/search/36494,https://images.metmuseum.org/CRDImages/as/original/DP140978.jpg,0,,https://www.wikidata.org/wiki/Q5586,http://vocab.getty.edu/page/ulan/500060426
71515,Piece,Piece,18th century,Edo period (1615–1868),,,Silk / Compound weave,4 1/2 × 3 1/2 in. (11.4 × 8.9 cm),Japan,,,,Birds|Flowers,,,,,,,Asian Art,Textiles-Woven,,False,True,https://www.metmuseum.org/art/collection/search/71515,https://images.metmuseum.org/CRDImages/as/original/DP15406.jpg,0,,,
42972,Pendant,Pendant,-3200–-2000,"Neolithic period, Liangzhu culture (ca. 3200–2000 BCE)",,,Jade,H. 1 1/2 in. (3.8 cm); Diam. 1/2 in. (1.3 cm),China,,,,,,,,,,,Asian Art,Jade,,False,True,https://www.metmuseum.org/art/collection/search/42972,https://images.metmuseum.org/CRDImages/as/original/11_190_153_11807.jpg,0,,,
43432,Fragment,Fragment,1902,,,,Jadeite,H. 2 1/2 in. (6.4 cm); W. 1 3/8 in. (3.5 cm); D. 1 5/16 in. (3.3 cm),Myanmar (Burma),,,,,,,,,,,Asian Art,Jade,,False,True,https://www.metmuseum.org/art/collection/search/43432,https://images.metmuseum.org/CRDImages/as/original/02_18_23 Fragment.JPG,1,,,
65802,Piece,Piece,18th–19th century,Edo period (1615–1868),,,Silk,7 1/4 x 6 1/4 in. (18.41 x 15.88 cm),Japan,,,,Fish,,,,,,,Asian Art,Textiles-Woven,,False,True,https://www.metmuseum.org/art/collection/search/65802,https://images.metmuseum.org/CRDImages/as/original/DP11678.jpg,0,,,
61653,"A Bodhisattva, probably Guanyin",Statuette,1368–1644,early Ming dynasty (1368–1644),,,"Mud, gilded and polychromed",H. 19 3/8 in. (49.2 cm),China,,,,Bodhisattvas,,,,,,,Asian Art,Sculpture,,False,True,https://www.metmuseum.org/art/collection/search/61653,https://images.metmuseum.org/CRDImages/as/original/31_100_1_F.JPG,0,,,
36188,Misty Rain on the River in Spring,Folding fan mounted as an album leaf,1816–1916,Qing dynasty (1644–1911),,,Folding fan mounted as an album leaf; ink on gold-flecked paper,7 1/8 x 20 1/4 in. (18.1 x 51.4 cm),China,,,,Rivers|Landscapes,Wu Shixian,Artist,Chinese,,1916,,Asian Art,Paintings,"Chinese, died 1916",False,True,https://www.metmuseum.org/art/collection/search/36188,https://images.metmuseum.org/CRDImages/as/original/DP162538.jpg,0,https://www.wikidata.org/wiki/Q78919113,https://www.wikidata.org/wiki/Q8038964,(not assigned)
58711,Inrō with Owl and Crows in Tree,Inrō,19th century,Edo period (1615–1868),,,"Black lacquer ground with gold and silver togidashi maki-e and e-nashiji
Netsuke: seal-shaped with sheaf of rice around peony with pecking bird; ivory
Ojime: woven ball; caved and pierced bone",H. 3 3/4 in. (9.6 cm); W. 1 7/8 in. (4.8 cm); 1 1/8 in. (2.8 cm),Japan,,,,Birds|Owls|Trees,,,,,,,Asian Art,Inrō,,False,True,https://www.metmuseum.org/art/collection/search/58711,https://images.metmuseum.org/CRDImages/as/original/DP282101.jpg,3,,,
59248,"Netsuke of Cat Lying on a Bowl, underneath which is a Fish",Netsuke,19th century,Edo (1615–1868) or Meiji period (1868–1912),,,Wood,H. 1 1/2 in. (3.8 cm); W. 1 1/2 in. (3.8 cm),Japan,,,,Cats,,,,,,,Asian Art,Netsuke,,False,True,https://www.metmuseum.org/art/collection/search/59248,https://images.metmuseum.org/CRDImages/as/original/10_211_2034_S1_sf.jpg,2,,,
67058,Piece,Piece,18th–19th century,,,,Silk,1/2 x 1 1/2 in. (1.27 x 3.81 cm),Japan,,,,,,,,,,,Asian Art,Textiles-Woven,,False,True,https://www.metmuseum.org/art/collection/search/67058,https://images.metmuseum.org/CRDImages/as/original/DP12683.jpg,0,,,
46479,Tea cloth holder,Tea cloth holder,1680,Edo period (1615–1868),,,"Porcelain with decorations in enamels and gold on (Arita ware, Imari type)",H. 2 1/2 in. (6.4 cm),Japan,,,,Dragons,,,,,,,Asian Art,Ceramics,,False,True,https://www.metmuseum.org/art/collection/search/46479,https://images.metmuseum.org/CRDImages/as/original/59536.jpg,0,,,
73156,Celebratory scene,Hanging scrolls,17th century,Qing dynasty (1644–1911),,,Set of 12 hanging scrolls; silk embroidery and paint on silk satin,"Image (each scroll): 79 1/4 × 18 7/8 in. (201.3 × 47.9 cm)
Overall with mounting (each scroll): 88 1/4 × 18 7/8 in. (224.2 × 47.9 cm)",China,,,,Birds|Houses|Men|Women,,,,,,,Asian Art,Textiles-Embroidered,,False,True,https://www.metmuseum.org/art/collection/search/73156,https://images.metmuseum.org/CRDImages/as/original/DP223270.jpg,4,,,
56929,Pine Groves of Miho in Suruga Province,Woodblock print,1858,Edo period (1615–1868),,,Woodblock print; ink and color on paper,13 3/8 x 8 3/4 in. (34 x 22.2 cm),Japan,,,,Hills|Mountains|Trees|Boats,Utagawa Hiroshige,Artist,Japanese,1797,1858,,Asian Art,Prints,"Japanese, Tokyo (Edo) 1797–1858 Tokyo (Edo)",False,True,https://www.metmuseum.org/art/collection/search/56929,https://images.metmuseum.org/CRDImages/as/original/DP120501.jpg,0,,https://www.wikidata.org/wiki/Q200798,http://vocab.getty.edu/page/ulan/500019641
56971,The Actor Ichikawa Danjuro V,Woodblock print (nishiki-e),ca. 1790,Edo period (1615–1868),,,Woodblock print (nishiki-e); ink and color on paper,13 x 6 in. (33 x 15.2 cm),Japan,,,,Men|Actors,Katsukawa Shunshō　勝川春章,Artist,Japanese,1726,1792,,Asian Art,Prints,"Japanese, 1726–1792",False,True,https://www.metmuseum.org/art/collection/search/56971,https://images.metmuseum.org/CRDImages/as/original/DP134640.jpg,0,,https://www.wikidata.org/wiki/Q1358636,http://vocab.getty.edu/page/ulan/500118856
45052,Courtesan from the Myōgaya House,Print,ca. 1712,Edo period (1615–1868),,,Woodblock print (tan-e); ink and color on paper,12 1/4 x 6 in. (31.1 x 15.2 cm),Japan,,,,Women,Torii Kiyomasu I,Artist,Japanese,1696,1716,,Asian Art,Prints,"Japanese, active 1696–1716",False,True,https://www.metmuseum.org/art/collection/search/45052,https://images.metmuseum.org/CRDImages/as/original/DP123692.jpg,0,,https://www.wikidata.org/wiki/Q3136190,http://vocab.getty.edu/page/ulan/500118868
66328,Piece,Piece,18th–19th century,Edo period (1615–1868),,,Silk,4 3/4 x 2 in. (12.07 x 5.08 cm),Japan,,,,Mythical Creatures,,,,,,,Asian Art,Textiles-Woven,,False,True,https://www.metmuseum.org/art/collection/search/66328,https://images.metmuseum.org/CRDImages/as/original/DP12021.jpg,0,,,
65784,Piece,Piece,18th century,Edo period (1615–1868),,,Silk,10 1/2 x 3 1/2 in. (26.67 x 8.89 cm),Japan,,,,Men,,,,,,,Asian Art,Textiles-Woven,,False,True,https://www.metmuseum.org/art/collection/search/65784,https://images.metmuseum.org/CRDImages/as/original/DP11659.jpg,0,,,
63154,Teabowl,Teabowl,ca. 1810,Edo period (1615–1868),,,"Clay completely covered with uniform glaze, over a gray glaze (Raku ware)",H. 3 3/8 in. (8.6 cm); Diam. 4 3/8 in. (11.1 cm),Japan,,,,,Raku Tannyu,Artist,Japanese,1795,1854,,Asian Art,Ceramics,"Japanese, 1795–1854",False,True,https://www.metmuseum.org/art/collection/search/63154,https://images.metmuseum.org/CRDImages/as/original/36_120_500.jpg,0,,,
57642,Tray,Tray,19th century,Edo (1615–1868) or Meiji period (1868–1912),,,Lacquer,H. 3/8 in. (1 cm); W. 4 in. (10.2 cm); D. 5 3/4 in. (14.6 cm),Japan,,,,Insects|Dragonflies,,,,,,,Asian Art,Lacquer,,False,True,https://www.metmuseum.org/art/collection/search/57642,https://images.metmuseum.org/CRDImages/as/original/81_1_237_O1_sf.jpg,4,,,
39178,Model of a Stupa,Stupa model,ca. 15th century,,,,Bronze inlaid with silver and copper,H. 9 1/8 in. (23.2 cm); W. 4 1/2 in. (11.4 cm),Tibet,,,,,,,,,,,Asian Art,Sculpture,,False,True,https://www.metmuseum.org/art/collection/search/39178,https://images.metmuseum.org/CRDImages/as/original/264813.jpg,0,https://www.wikidata.org/wiki/Q98090923,,
662737,"""Krishna Steals the Clothing of the Gopis (Female Cowherds)"", Folio from the Devotional Text of the Bhagavata Purana",Folio from an illustrated manuscript,ca. 1640,,,,Opaque watercolor and gold  on paper,"Page:  H. 13 3/8 in. (34 cm)
             W. 9 7/16 in. (24 cm)
Painting:  H. 11 7/8 in. (30.2 cm)
                  W. 8 in. (20.3 cm)",Indian,,,,Women|Cows|Trees|Krishna|Bathing,The Early Master at the Court of Mandi,Artist,Indian,1610,1685,,Asian Art,Paintings,"Indian, active ca. 1635–1660",False,True,https://www.metmuseum.org/art/collection/search/662737,https://images.metmuseum.org/CRDImages/as/original/DP334029.jpg,0,https://www.wikidata.org/wiki/Q126120648,,
901413,Enthroned Amitayus,Figure,early 15th century,,,,Bronze with silver and copper inlay,H. 8 3/4 in. (22.2 cm); W. 5 1/8 in. (113 cm); D. 2 5/8 in. (6.7 cm),Tibet,,,,,,,,,,,Asian Art,Sculpture,,False,True,https://www.metmuseum.org/art/collection/search/901413,https://images.metmuseum.org/CRDImages/as/original/DP-31553-001.jpg,1,,,
47366,Jar,Jar,first half of the 19th century,Qing dynasty (1644–1911),,,"Porcelain with ""rice grain"" decoration, painted in underglaze blue",H. 5 1/8 in. (13 cm); Diam. 5 1/4 in. (13.3 cm),China,,,,,,,,,,,Asian Art,Ceramics,,False,True,https://www.metmuseum.org/art/collection/search/47366,https://images.metmuseum.org/CRDImages/as/original/79_2_957_S2_sf.jpg,3,,,
38420,"The God Danda and the Goddess Niksubha (Attendants of Surya, the Sun God)",Stele fragment,11th century,,,,Sandstone,H. 21 in. (53.3 cm); W. 13 1/2 in. (34.3 cm); D. 7 3/4 in. (19.7 cm),India,,,,,,,,,,,Asian Art,Sculpture,,False,True,https://www.metmuseum.org/art/collection/search/38420,https://images.metmuseum.org/CRDImages/as/original/1983_553.jpg,0,https://www.wikidata.org/wiki/Q116376966,,
46125,Vase with landscape,Vase,late 18th century,"Qing dynasty (1644–1911), Qianlong period (1736–95)",,,Porcelain painted in underglaze cobalt blue (Jingdezhen ware),H. 15 1/2 in. (39.4 cm),China,,,,Landscapes,,,,,,,Asian Art,Ceramics,,False,True,https://www.metmuseum.org/art/collection/search/46125,https://images.metmuseum.org/CRDImages/as/original/20714.jpg,0,,,
51279,A Pair of Royal Earrings,Wine ewer,ca. 1st century BCE,,,,Gold,Overall (each): H. 1 1/2 in. (3.8 cm); W. 3 in. (7.6 cm); L. 1 9/16 in. (4 cm),India (probably Andhra Pradesh),,,,Satavahana|Elephants|Lions,,,,,,,Asian Art,Jewelry,,True,True,https://www.metmuseum.org/art/collection/search/51279,https://images.metmuseum.org/CRDImages/as/original/ASA133.jpg,0,,,
40143,Bracelet,Bracelet,8th–early 10th century,Central Javanese period,,,Gold,Diam. 2 1/2 in. (6.4 cm),Indonesia (Java),,,,,,,,,,,Asian Art,Jewelry,,False,True,https://www.metmuseum.org/art/collection/search/40143,https://images.metmuseum.org/CRDImages/as/original/1998_544_18.jpg,0,https://www.wikidata.org/wiki/Q116314648,,
70365,Woman's Overcoat,Woman's overcoat,late 19th century,,,,"Silk, metallic thread",56 x 57 in. (142.24 x 144.78 cm),Japan for the western market,,,,Birds,,,,,,,Asian Art,Textiles-Embroidered,,False,True,https://www.metmuseum.org/art/collection/search/70365,https://images.metmuseum.org/CRDImages/as/original/178087.jpg,0,,,
37920,A Wedding Scene,Folio,mid-18th century,,,,Ink and opaque watercolor on paper,7 3/4 x 9 3/4 in. (19.7 x 24.8 cm),India (Central),,,,Musical Instruments|Men|Women|Weddings,,,,,,,Asian Art,Paintings,,False,True,https://www.metmuseum.org/art/collection/search/37920,https://images.metmuseum.org/CRDImages/as/original/DP152298.jpg,1,https://www.wikidata.org/wiki/Q78881525,,
56391,"Fuji Seen in the Distance from Senju Pleasure Quarter (Senju kagai yori chōbō no Fuji), from the series Thirty-six Views of Mount Fuji (Fugaku sanjūrokkei)",Woodblock print,ca. 1830–32,Edo period (1615–1868),,,Woodblock print; ink and color on paper,10 1/4 x 15 1/4 in. (26 x 38.7 cm),Japan,,,,Men|Mountains|Processions,Katsushika Hokusai,Artist,Japanese,1760,1849,,Asian Art,Prints,"Japanese, Tokyo (Edo) 1760–1849 Tokyo (Edo)",False,True,https://www.metmuseum.org/art/collection/search/56391,https://images.metmuseum.org/CRDImages/as/original/DP141088.jpg,0,,https://www.wikidata.org/wiki/Q5586,http://vocab.getty.edu/page/ulan/500060426
68522,Valance,Valance,18th century,Qing dynasty (1644–1911),,,"Silk, metallic thread",50 x 50 1/2 in. (127 x 128.27 cm),China,,,,Dragons,,,,,,,Asian Art,Textiles-Tapestries,,False,True,https://www.metmuseum.org/art/collection/search/68522,https://images.metmuseum.org/CRDImages/as/original/78722.jpg,0,,,
41248,Snuff Bottle,Snuff bottle,19th century,Qing dynasty (1644–1911),,,Agate with glass stopper,H. 2 15/16 in. (7.5 cm),China,,,,,,,,,,,Asian Art,Snuff Bottles,,False,True,https://www.metmuseum.org/art/collection/search/41248,https://images.metmuseum.org/CRDImages/as/original/14_40_487.jpg,0,,,
47908,Wine pot,Wine pot,early 18th century,"Qing dynasty (1644–1911), Kangxi period (1662–1722)",,,Porcelain painted in polychrome enamels over the biscuit (Jingdezhen ware),H. (with lid and base) 6 3/4 in. (17.1 cm); W. 6 1/4 in. (15.9 cm),China,,,,Fish,,,,,,,Asian Art,Ceramics,,False,True,https://www.metmuseum.org/art/collection/search/47908,https://images.metmuseum.org/CRDImages/as/original/LC-63_213_2ab_whs-002.jpg,3,,,
61741,Bodhisattva,Figure,589–618,Sui dynasty (581–618) (?),,,"Gilt bronze, wood","H. 5 5/16 in. (13.5 cm); W. 1 3/4 in. (4.4 cm);
H. (with pedestal): 8 1/4 in. (21 cm)",China,,,,Bodhisattvas,,,,,,,Asian Art,Sculpture,,False,True,https://www.metmuseum.org/art/collection/search/61741,https://images.metmuseum.org/CRDImages/as/original/52_191_f.JPG,1,,,
46258,Covered bowl with Thai mythical figures,Covered bowl,19th century,Qing dynasty (1644–1911),,,Porcelain painted in overglaze polychrome enamels (Bencharong ware for Thai market),H. 7 in. (17.8 cm); Diam. 5 in. (12.7 cm),China,,,,,,,,,,,Asian Art,Ceramics,,False,True,https://www.metmuseum.org/art/collection/search/46258,https://images.metmuseum.org/CRDImages/as/original/86862.jpg,0,,,
72114,Piece,Piece,19th century,,,,Silk / Compound weave,1 7/8 in. × 5 in. (4.8 × 12.7 cm),Japan,,,,Flowers|Leaves,,,,,,,Asian Art,Textiles-Woven,,False,True,https://www.metmuseum.org/art/collection/search/72114,https://images.metmuseum.org/CRDImages/as/original/DP14836.jpg,0,,,
68593,Sleeve Band,Sleeve Band,late 18th century,Qing dynasty (1644–1911),,,"Silk, metallic thread;  on silk",36 1/4 x 3 1/4 in. (92.08 x 8.26 cm),China,,,,Human Figures|Houses|Flowers,,,,,,,Asian Art,Textiles-Embroidered,,False,True,https://www.metmuseum.org/art/collection/search/68593,https://images.metmuseum.org/CRDImages/as/original/78864.jpg,0,,,
59620,Pair of Ojime,Ojime,19th–early 20th century,,,,"Lacquer, glass, silk",Each Diam. 5/8 in. (1.6 cm); Each L. 11/16 in. (1.8 cm),Japan,,,,Faces,,,,,,,Asian Art,Ojime,,False,True,https://www.metmuseum.org/art/collection/search/59620,https://images.metmuseum.org/CRDImages/as/original/67_55_52–53.jpg,4,,,
58223,Print,Print,1786–1854,Edo period (1615–1868),,,Woodblock print; ink and color on paper,Image: 14 7/8 × 10 1/8 in. (37.8 × 25.7 cm),Japan,,,,Women,Utagawa Kunisada,Artist,Japanese,1786,1864,,Asian Art,Prints,"Japanese, 1786–1864",False,True,https://www.metmuseum.org/art/collection/search/58223,https://images.metmuseum.org/CRDImages/as/original/DP149230.jpg,0,,https://www.wikidata.org/wiki/Q467427,http://vocab.getty.edu/page/ulan/500121373
51679,Landscape with Drunken General and Servant,Fan mounted as an album leaf,1000–1035,Ming dynasty (1368–1644),,,Fan mounted as an album leaf; ink and color on silk,8 5/8 x 9 3/16 in. (21.9 x 23.3 cm),China,,,,Drunkenness|Men|Servants,Unidentified artist,Artist,,,,,Asian Art,Paintings,,False,True,https://www.metmuseum.org/art/collection/search/51679,https://images.metmuseum.org/CRDImages/as/original/DP154421.jpg,0,https://www.wikidata.org/wiki/Q78803041,,
49195,Horse,Figure,late 7th–early 8th century,Tang dynasty (618–907),,,Earthenware with pigment and gilding,H. 29 3/4 in. (75.6 cm),China,,,,Horses,,,,,,,Asian Art,Sculpture,,False,True,https://www.metmuseum.org/art/collection/search/49195,https://images.metmuseum.org/CRDImages/as/original/DP-23918-001.jpg,1,,,
61784,Kosode Fragment,Piece from a kosode,second half of the 17th century,Edo period (1615–1868),,,Ground of white satin (nume),H. 26 5/16 in. (66.8 cm); W. 13 5/16 in. (33.8 cm),Japan,,,,,,,,,,,Asian Art,Textiles-Painted and Dyed,,False,True,https://www.metmuseum.org/art/collection/search/61784,https://images.metmuseum.org/CRDImages/as/original/269896.jpg,0,,,
43550,Fragment,Fragment,1902,,,,Nephrite,H. 3 1/8 in. (7.9 cm); W. 3 1/2 in. (8.9 cm); Th. 2 3/4 in. (7 cm),Germany,,,,,,,,,,,Asian Art,Jade,,False,True,https://www.metmuseum.org/art/collection/search/43550,https://images.metmuseum.org/CRDImages/as/original/02_18_142_82803.jpg,1,,,
56013,The Actor Ichikawa Komazo II Holding a Smoking Pipe,Print,1762–1819,Edo period (1615–1868),,,Woodblock print; ink and color on paper,12 x 5 1/4 in. (30.5 x 13.3 cm),Japan,,,,Men|Smoking|Leaves|Actors,Katsukawa Shun'ei 勝川春英,Artist,Japanese,1762,1819,,Asian Art,Prints,"Japanese, 1762–1819",False,True,https://www.metmuseum.org/art/collection/search/56013,https://images.metmuseum.org/CRDImages/as/original/DP134600.jpg,0,,https://www.wikidata.org/wiki/Q3194229,http://vocab.getty.edu/page/ulan/500057323
58302,Tea caddy,Tea caddy,late 18th century,,,,Lacquer,H. 2 1/4 in. (5.7 cm); Diam. 3 1/8 in. (7.9 cm),Japan,,,,,,,,,,,Asian Art,Lacquer,,False,True,https://www.metmuseum.org/art/collection/search/58302,https://images.metmuseum.org/CRDImages/as/original/38_25_157_O.jpg,2,,,
68438,Rug,Rug,early 18th century,Qing dynasty (1644–1911),,,Foundation: cotton warp and weft;  wool knotting,61 x 29 in. (154.94 x 73.66 cm),China,,,,,,,,,,,Asian Art,Textiles-Rugs,,False,True,https://www.metmuseum.org/art/collection/search/68438,https://images.metmuseum.org/CRDImages/as/original/50602.jpg,0,,,
40020,The Sound of Spring in a Lonely Valley,Hanging scroll,1661,Qing dynasty (1644–1911),,,Hanging scroll; ink on paper,"Image: 40 1/2 × 16 1/8 in. (102.9 × 41 cm)
Overall with mounting: 76 1/2 in. × 22 in. (194.3 × 55.9 cm)
Overall with knobs: 76 1/2 × 24 1/2 in. (194.3 × 62.2 cm)",China,,,,Landscapes,Hongren,Artist,Chinese,1610,1664,,Asian Art,Paintings,"Chinese, 1610–1664",False,True,https://www.metmuseum.org/art/collection/search/40020,https://images.metmuseum.org/CRDImages/as/original/DP-36009-002.jpg,1,https://www.wikidata.org/wiki/Q78865996,https://www.wikidata.org/wiki/Q2615238,http://vocab.getty.edu/page/ulan/500126035
60111,Ornament for Harness Straps,Harness ornament,200–538,Kofun period (ca. 300–710),,,Gilt bronze,"Central piece: Diam. 4 13/16 in. (12.2 cm)
Studs: Diam. 1 1/8 in. (2.9 cm)",Japan,,,,,,,,,,,Asian Art,Metalwork,,False,True,https://www.metmuseum.org/art/collection/search/60111,https://images.metmuseum.org/CRDImages/as/original/1975_268_402_207040.jpg,0,,,
48971,White Hollyhocks,Hanging scroll,17th century,Edo period (1615–1868),,,Hanging scroll; ink and color on paper,"Image: 35 in. × 17 1/4 in. (88.9 × 43.8 cm)
Overall with mounting: 70 1/2 × 23 1/8 in. (179.1 × 58.7 cm)
Overall with knobs: 70 1/2 × 24 3/4 in. (179.1 × 62.9 cm)",Japan,,,,Flowers,Tawaraya Sōtatsu,Artist,Japanese,1570,1640,,Asian Art,Paintings,"Japanese, ca. 1570–ca. 1640",False,True,https://www.metmuseum.org/art/collection/search/48971,https://images.metmuseum.org/CRDImages/as/original/LC-29_100_440_jps-005.jpg,10,https://www.wikidata.org/wiki/Q78833263,https://www.wikidata.org/wiki/Q1281252,http://vocab.getty.edu/page/ulan/500121059
63376,The Warrior Slaying the Giant White Hihi,Woodblock print,"1859, 2nd month",Edo period (1615–1868),,,Woodblock print; ink and color on paper,Vertical ōban; Image: 14 5/8 × 10 1/4 in. (37.1 × 26 cm),Japan,,,,Animals|Swords|Men,Utagawa Yoshitora,Artist,Japanese,1845,1880,,Asian Art,Prints,"Japanese, active ca. 1850–80",False,True,https://www.metmuseum.org/art/collection/search/63376,https://images.metmuseum.org/CRDImages/as/original/DP143378.jpg,0,,https://www.wikidata.org/wiki/Q3075041,http://vocab.getty.edu/page/ulan/500342437
45244,White-Robed Kannon,Hanging scroll,15th century,Muromachi period (1392–1573),,,Hanging scroll; ink on silk,"Image: 32 7/8 in. × 71 in. (83.5 × 180.3 cm)
71 1/2 × 21 7/8 in. (181.6 × 55.6 cm)
Overall with knobs: 71 × 24 in. (180.3 × 61 cm)",Japan,,,,Buddhism|Bodhisattvas,,,,,,,Asian Art,Paintings,,False,True,https://www.metmuseum.org/art/collection/search/45244,https://images.metmuseum.org/CRDImages/as/original/DP-1488-002.jpg,1,https://www.wikidata.org/wiki/Q78849153,,
38266,Figure of Kuvera,Figure,9th century,,,,Silver,H. 1 1/2 in. (3.8 cm),Indonesia,,,,,,,,,,,Asian Art,Sculpture,,False,True,https://www.metmuseum.org/art/collection/search/38266,https://images.metmuseum.org/CRDImages/as/original/1987_142_154.jpg,0,,,
39546,Bamboo copied after Wen Tong,Hanging scroll,dated 1343,Yuan dynasty (1271–1368),,,Hanging scroll; ink on silk,"Image: 42 3/8 x 18 3/4 in. (107.6 x 47.6 cm)
Overall with mounting: 98 1/2 x 26 5/8 in. (250.2 x 67.6 cm)
Overall with knobs: 98 1/2 x 30 in. (250.2 x 76.2 cm)",China,,,,Bamboo,Ke Jiusi,Artist,Chinese,1290,1343,,Asian Art,Paintings,"Chinese, 1290–1343",False,True,https://www.metmuseum.org/art/collection/search/39546,https://images.metmuseum.org/CRDImages/as/original/DP-29289-002.jpg,1,https://www.wikidata.org/wiki/Q78871896,https://www.wikidata.org/wiki/Q2470693,http://vocab.getty.edu/page/ulan/500330907
43982,Box with cover,Box with cover,1736–1795,"Qing dynasty (1644–1911), Qianlong period (1736–95)",,,"Nephrite, mottled spinach-green",H. 1 9/16 in. (4 cm); W. 2 3/8 in. (6.1 cm); D. 2 3/16 in. (5.6 cm),China,,,,,,,,,,,Asian Art,Jade,,False,True,https://www.metmuseum.org/art/collection/search/43982,https://images.metmuseum.org/CRDImages/as/original/02_18_676_O2.jpg,1,,,
50523,Incense Burner,Incense burner,1368–1644,late Ming dynasty (1368–1644),,,Porcelain painted in underglaze blue,H. 3 5/8 in. (9.2 cm); Diam. 3 5/8 in. (9.2 cm),China,,,,Flowers,,,,,,,Asian Art,Ceramics,,False,True,https://www.metmuseum.org/art/collection/search/50523,https://images.metmuseum.org/CRDImages/as/original/1993_386_8_O1_sf.jpg,0,,,
38481,Antefix with Head of a Male Deity,Antefix,9th century,Central Javanese period,,,Terracotta,H. 13 in. (33 cm); W. 9 1/2 in. (24.1cm),Indonesia (Java),,,,Heads,,,,,,,Asian Art,Sculpture,,False,True,https://www.metmuseum.org/art/collection/search/38481,https://images.metmuseum.org/CRDImages/as/original/1990_264.jpg,0,https://www.wikidata.org/wiki/Q116376769,,
44939,Interior Scene with Books and Writing Implements,Screen,early to mid-17th century,Edo period (1615–1868),,,"Two-panel screen; ink, color, and gold leaf on paper",Image: 66 1/4 x 74 in. (168.3 x 188 cm),Japan,,,,Books|Writing Implements,Unidentified artist,Artist,,,,,Asian Art,Paintings,,False,True,https://www.metmuseum.org/art/collection/search/44939,https://images.metmuseum.org/CRDImages/as/original/LC-29_100_497_offsite-002.jpg,0,,,
77338,Fragment of a Bowl (Study Collection),Fragment,960–1279,Song dynasty (960–1279),,,Ceramic with celadon glaze,smallest: 3/4 in. (1.9 cm)–largest: 4 1/2 in. (11.4 cm),China,,,,,,,,,,,Asian Art,Ceramics,,False,True,https://www.metmuseum.org/art/collection/search/77338,https://images.metmuseum.org/CRDImages/as/original/1982_464_27.jpg,0,,,
893319,Shōtoku Taishi Destroying Mononobe no Moriya,Prints,1852,Edo period (1615–1868),,,Triptych of woodblock prints (nishiki-e); ink and color on paper,Each print: 13 15/16 × 9 7/8 in. (35.4 × 25.1 cm),Japan,,,,,Utagawa Kuniyoshi,Artist,Japanese,1797,1861,,Asian Art,Prints,"Japanese, 1797–1861",False,True,https://www.metmuseum.org/art/collection/search/893319,https://images.metmuseum.org/CRDImages/as/original/DP149160.jpg,0,,https://www.wikidata.org/wiki/Q317736,http://vocab.getty.edu/page/ulan/500063102
47232,Tray,Tray,19th century,Edo (1615–1868) or Meiji period (1868–1912),,,"White porcelain decorated with blue and white (Arita ware, Imari type)",H. 6 5/8 in. (16.8 cm); W. 9 7/8 in. (25.1 cm),Japan,,,,Cranes|Trees,,,,,,,Asian Art,Ceramics,,False,True,https://www.metmuseum.org/art/collection/search/47232,https://images.metmuseum.org/CRDImages/as/original/29634.jpg,0,,,
57479,Mirror decorated with a ship in a stormy sea,Mirror,918–1392,Goryeo dynasty (918–1392),,,Bronze,Diam. 6 3/8 in. (16.2 cm),Korea,,,,Boats,,,,,,,Asian Art,Mirrors,,False,True,https://www.metmuseum.org/art/collection/search/57479,https://images.metmuseum.org/CRDImages/as/original/17_175_26.JPG,0,https://www.wikidata.org/wiki/Q116313478,,
60701,Fragment of a Spatula,Spatula fragment,13th–11th century BCE,Shang dynasty (ca. 1600–1046 BCE),,,Bone or ivory,H. 4 5/8 in. (11.7 cm); W. 1 1/8 in. (2.9 cm),China,,,,,,,,,,,Asian Art,Bone,,False,True,https://www.metmuseum.org/art/collection/search/60701,https://images.metmuseum.org/CRDImages/as/original/1985_214_124.jpg,0,,,
59183,Children with Puppy,Netsuke,19th century,Edo (1615–1868) or Meiji period (1868–1912),,,Ivory,H. 1 1/2 in. (3.8 cm); W. 1 1/2 in. (3.8 cm); D. 7/8 in. (2.2 cm),Japan,,,,Children|Dogs,,,,,,,Asian Art,Netsuke,,False,True,https://www.metmuseum.org/art/collection/search/59183,https://images.metmuseum.org/CRDImages/as/original/81_1_95_O1_sf.jpg,1,,,
71125,Piece,Piece,15th century,Muromachi period (1392–1573),,,Silk / Compound weave,3 3/4 × 1 3/4 in. (9.5 × 4.4 cm),Japan,,,,,,,,,,,Asian Art,Textiles-Woven,,False,True,https://www.metmuseum.org/art/collection/search/71125,https://images.metmuseum.org/CRDImages/as/original/DP15604.jpg,0,,,
46974,Covered bowl,Covered bowl,1750,Edo period (1615–1868),,,"Porcelain decorated with enamels (Arita ware, Imari type)",H. (with cover) 4 in. (10.2 cm); Diam. 5 3/4 in. (14.6 cm),Japan,,,,Flowers,,,,,,,Asian Art,Ceramics,,False,True,https://www.metmuseum.org/art/collection/search/46974,https://images.metmuseum.org/CRDImages/as/original/54622.jpg,0,,,
46604,Plate,Plate,ca. 1850,Edo period (1615–1868),,,"Pottery covered with glaze and enameled in five colors (Hizen ware, Kutani type)",Diam. 7 in. (17.8 cm),Japan,,,,,,,,,,,Asian Art,Ceramics,,False,True,https://www.metmuseum.org/art/collection/search/46604,https://images.metmuseum.org/CRDImages/as/original/DP-35136-001.jpg,2,,,
59712,Netsuke of Monkey with a Bee on His Back,Netsuke,19th century,Edo (1615–1868) or Meiji period (1868–1912),,,Wood,H. 1 1/2 in. (3.8 cm); W. 1 in. (2.5 cm); D. 1 1/4 in. (3.2 cm),Japan,,,,Bees|Monkeys,,,,,,,Asian Art,Netsuke,,False,True,https://www.metmuseum.org/art/collection/search/59712,https://images.metmuseum.org/CRDImages/as/original/LC-91_1_1005-001.jpg,5,,,
61293,Fitting,Fitting,11th–10th century BCE,Western Zhou dynasty (1046–771 BCE),,,Bronze,H. 2 1/8 in. (5.4 cm); W. 2 1/2 in. (6.4 cm),China,,,,Lions,,,,,,,Asian Art,Metalwork,,False,True,https://www.metmuseum.org/art/collection/search/61293,https://images.metmuseum.org/CRDImages/as/original/DP167748.jpg,0,,,
54645,Sparrows Flying,Album leaf,ca. 1887,Meiji period (1868–1912),,,Album leaf; ink and color on silk,14 1/4 x 10 3/4 in. (36.2 x 27.3 cm),Japan,,,,Birds,Watanabe Seitei,Artist,Japanese,1851,1918,,Asian Art,Paintings,"Japanese, 1851–1918",False,True,https://www.metmuseum.org/art/collection/search/54645,https://images.metmuseum.org/CRDImages/as/original/DP211827.jpg,0,https://www.wikidata.org/wiki/Q78752225,https://www.wikidata.org/wiki/Q3566605,http://vocab.getty.edu/page/ulan/500123390
38847,Votive Plaque with Manjushri,Votive plaque,ca. 8th century or later,,,,Clay,2 5/8 x 1 3/4 in. (6.7 x 4.5 cm),Tibet,,,,Buddhism|Manjushri,,,,,,,Asian Art,Sculpture,,False,True,https://www.metmuseum.org/art/collection/search/38847,https://images.metmuseum.org/CRDImages/as/original/38_80_4_O1.jpg,1,,,
68857,Medallion,Medallion,early 18th century,Qing dynasty (1644–1911),,,Silk;metal thread / Woven; peacock feathers,12 x 12 in. (30.48 x 30.48 cm),China,,,,Dragons,,,,,,,Asian Art,Textiles-Tapestries,,False,True,https://www.metmuseum.org/art/collection/search/68857,https://images.metmuseum.org/CRDImages/as/original/79782.jpg,0,,,
51930,Large Situla,Situla,500 BCE–300 CE,"Bronze and Iron Age period, Dongson culture",,,Bronze,H. 13 1/2 in. (34.3 cm); Diam. of rim: 12 3/4 in. (32.4 cm); Diam. of base: 10 1/8 in. (25.7 cm),Vietnam (North),,,,,,,,,,,Asian Art,Metalwork,,False,True,https://www.metmuseum.org/art/collection/search/51930,https://images.metmuseum.org/CRDImages/as/original/2001_433_372_O2.jpg,0,,,
59842,Vase,Vase,second half 19th century,Meiji period (1868–1912),,,Iron,H. 5 1/8 in. (13 cm); W. 2 9/16 in. (6.5 cm); D. 2 9/16 in. (6.5 cm),Japan,,,,,,,,,,,Asian Art,Metalwork,,False,True,https://www.metmuseum.org/art/collection/search/59842,https://images.metmuseum.org/CRDImages/as/original/DP-15452-050.jpg,2,,,
63484,Page from Shi Zhu Zhai,Print,1736–1795,"Qing dynasty (1644–1911), Qianlong period (1736–95)",,,Polychrome woodblock print; ink and color on paper,10 x 10 7/8 in. (25.4 x 27.6 cm),China,,,,,,,,,,,Asian Art,Prints,,False,True,https://www.metmuseum.org/art/collection/search/63484,https://images.metmuseum.org/CRDImages/as/original/LC-CP156-001.jpg,0,,,
52545,Figure of a child,Figure,-770–-256,Eastern Zhou dynasty (770–256 BCE),,,Baked clay,H. 2 1/8 in. (5.4 cm),China,,,,,,,,,,,Asian Art,Tomb Pottery,,False,True,https://www.metmuseum.org/art/collection/search/52545,https://images.metmuseum.org/CRDImages/as/original/LC-43_56_12_001.jpg,4,,,
124881,Jewelry set,Jewelry Set,ca. 1900,,,,silver,"Diameter (a): 9 1/2 in. (24.1 cm)
Diameter (b): 9 1/2 in. (24.1 cm)
Diameter (c): 10 1/2 in. (26.7 cm)
Width (d, e): 3 in. (7.6 cm)",China (Miao-Gejia),,,,,,,,,,,Asian Art,Accessory-Jewelry,,False,True,https://www.metmuseum.org/art/collection/search/124881,https://images.metmuseum.org/CRDImages/as/original/TR.364.3a-e.2005.jpg,0,,,
897119,“The names of things” haiku,Hanging scroll,1644–1694,Edo period (1615–1868),,,Shikishi mounted as hanging scroll: ink on paper decorated with gold,"Image: 7 1/8 × 6 3/4 in. (18.1 × 17.1 cm)
Overall with mounting: 60 3/4 × 11 3/4 in. (154.3 × 29.8 cm)
Overall with knobs: 60 3/4 × 13 7/8 in. (154.3 × 35.2 cm)",Japan,,,,,Matsuo Bashō,Artist,Japanese,1644,1694,,Asian Art,Calligraphy,"Japanese, 1644–1694",False,True,https://www.metmuseum.org/art/collection/search/897119,https://images.metmuseum.org/CRDImages/as/original/DP-31398-002.jpg,1,,https://www.wikidata.org/wiki/Q5676,(not assigned)
65742,Piece,Piece,18th century,Edo period (1615–1868),,,Silk,"Overall (a): 36 x 10 1/2 in. (91.4 x 26.7 cm)
Overall (b): 34 1/2 x 10 3/4 in. (87.6 x 27.3 cm)",Japan,,,,Cranes,,,,,,,Asian Art,Textiles-Woven,,False,True,https://www.metmuseum.org/art/collection/search/65742,https://images.metmuseum.org/CRDImages/as/original/DP-34019-001.jpg,1,,,
53457,Peony and Bamboo,Hanging scroll,ca. 1768,Edo period (1615–1868),,,Hanging scroll; ink and color on paper,"Image: 36 5/8 × 16 7/16 in. (93 × 41.7 cm)
Overall with mounting: 68 7/8 × 22 3/16 in. (175 × 56.4 cm)
Overall with knobs: 68 7/8 × 24 7/16 in. (175 × 62 cm)",Japan,,,,Peonies|Bamboo,Ike (Tokuyama) Gyokuran,Artist,Japanese,1728,1784,Female,Asian Art,Paintings,"Japanese, 1728–1784",False,True,https://www.metmuseum.org/art/collection/search/53457,https://images.metmuseum.org/CRDImages/as/original/DP-12232-195.jpg,1,https://www.wikidata.org/wiki/Q78758626,https://www.wikidata.org/wiki/Q23008985,http://vocab.getty.edu/page/ulan/500121242
41767,Snuff Bottle,Snuff bottle,1821–1850,"Qing dynasty (1644–1911), Daoguang period (1821–50)",,,Gourd,H. 1 3/4 in. (4.4 cm),China,,,,,,,,,,,Asian Art,Snuff Bottles,,False,True,https://www.metmuseum.org/art/collection/search/41767,https://images.metmuseum.org/CRDImages/as/original/1971_117_23.jpg,0,,,
57141,Three Courtesans and a Kamuro Strolling in the Street,Print,1868–1912,Meiji period (1868–1912),,,Monochrome woodblock print; ink on paper,10 1/4 x 14 11/16 in. (26 x 37.3 cm),Japan,,,,Girls|Women,Okumura Masanobu,Artist,Japanese,1686,1764,,Asian Art,Prints,"Japanese, 1686–1764",False,True,https://www.metmuseum.org/art/collection/search/57141,https://images.metmuseum.org/CRDImages/as/original/DP143357.jpg,0,,https://www.wikidata.org/wiki/Q3350120,http://vocab.getty.edu/page/ulan/500121074
74586,Piece from a Kosode with Chrysanthemums and Waves,Piece from a kosode,1615–1868,Edo period (1615–1868),,,"Resist-dyed and painted plain weave silk crepe (chirimen), embroidered with silk and metallic thread",Sight: 9 3/8 x 6 11/16 in. (23.8 x 17 cm),Japan,,,,Flowers,,,,,,,Asian Art,Textiles-Dyed and Embroidered,,False,True,https://www.metmuseum.org/art/collection/search/74586,https://images.metmuseum.org/CRDImages/as/original/2008_335_40.JPG,0,,,
38404,Seated Ganesha,Figure,mid-9th century,,,,Stone,H. 6  x  W. 4 in. (15.2 x 10.2 cm),"India, Kashmir",,,,Kashmir,,,,,,,Asian Art,Sculpture,,False,True,https://www.metmuseum.org/art/collection/search/38404,https://images.metmuseum.org/CRDImages/as/original/DP-23993-001.jpg,1,https://www.wikidata.org/wiki/Q116395089,,
62874,Cup,Cup,ca. 1830,Edo period (1615–1868),,,White porcelain decorated with figures of Noh dancers in colored enamels iron red and gold; (Nagasaki ware),Diam. 2 in. (5.1 cm),Japan,,,,Birds|Leaves,Hichozan Shinpo,Artist,Japanese,,,,Asian Art,Ceramics,,False,True,https://www.metmuseum.org/art/collection/search/62874,https://images.metmuseum.org/CRDImages/as/original/DN2802.jpg,0,,,
42141,Brush holder with immortal realms,Brush Holder,late 18th century,Qing dynasty (1644–1911),,,Jade (nephrite),H. 5 in. (12.7 cm); W. 3 3/4 in. (9.5 cm),China,,,,Flowers,,,,,,,Asian Art,Jade,,False,True,https://www.metmuseum.org/art/collection/search/42141,https://images.metmuseum.org/CRDImages/as/original/49305.jpg,0,https://www.wikidata.org/wiki/Q116314263,,
65799,Piece,Piece,18th century,Edo period (1615–1868),,,Silk,7 3/4 x 8 1/4 in. (19.68 x 20.95 cm),Japan,,,,Animals,,,,,,,Asian Art,Textiles-Woven,,False,True,https://www.metmuseum.org/art/collection/search/65799,https://images.metmuseum.org/CRDImages/as/original/DP11669.jpg,0,,,
50783,Vase,Vase,15th–16th century,Ming dynasty (1368–1644),,,Stoneware with incised decoration under celadon glaze (Longquan ware),H. 7 3/16 in. (18.3 cm); Diam. 4 5/8 in. (11.7 cm),China,,,,,,,,,,,Asian Art,Ceramics,,False,True,https://www.metmuseum.org/art/collection/search/50783,https://images.metmuseum.org/CRDImages/as/original/65_82_3_O1_sf.jpg,1,,,
37843,Mahavira Distributes Wealth: Folio from a Kalpasutra Manuscript,Manuscript,1461 (Samvat 1519),,,,"Ink, opaque watercolor, and gold on paper",4 3/8 x 10 1/8 in. (11.1 x 25.7 cm),India (Gujarat),,,,,,,,,,,Asian Art,Paintings,,False,True,https://www.metmuseum.org/art/collection/search/37843,https://images.metmuseum.org/CRDImages/as/original/DP154787.jpg,1,https://www.wikidata.org/wiki/Q78915477,,
41563,Snuff Bottle with Foreign Figures,Snuff Bottle,18th century,"Qing dynasty (1644–1911), Qianlong period (1736–95)",,,Painted enamel on copper,H. 2 5/8 in. (6.7 cm),China,,,,Children|Women,,,,,,,Asian Art,Snuff Bottles,,False,True,https://www.metmuseum.org/art/collection/search/41563,https://images.metmuseum.org/CRDImages/as/original/21_175_315ab_O1.jpg,0,,,
51827,One of the Taoist Masters,Hanging scroll,1368–1911,Ming (1368–1644) or Qing dynasty (1644–1911),,,Hanging scroll; ink and color on paper,78 1/4 x 39 1/2 in. (198.8 x 100.3 cm),China,,,,,Unidentified artist,Artist,,,,,Asian Art,Paintings,,False,True,https://www.metmuseum.org/art/collection/search/51827,https://images.metmuseum.org/CRDImages/as/original/DP-33165-002.jpg,1,,,
40587,Pendant,Pendant,17th–19th century,,,,Gold,1 3/8 x 1 1/4 in. (3.5 x 3.2 cm),Philippines,,,,,,,,,,,Asian Art,Jewelry,,False,True,https://www.metmuseum.org/art/collection/search/40587,https://images.metmuseum.org/CRDImages/as/original/12_176_36_O.JPG,0,,,
45482,Ninsei-style Sake Bottle with Floral Patterning,Sake bottle,mid-18th century,Edo period (1615–1868),,,"Clay with a crackled transparent glaze, colored enamels, and gold (Kyoto ware)",H. 8 1/2 in. (21.6 cm); Diam. 3 3/4 in. (9.5 cm),Japan,,,,Flowers,,,,,,,Asian Art,Ceramics,,False,True,https://www.metmuseum.org/art/collection/search/45482,https://images.metmuseum.org/CRDImages/as/original/DP268796.jpg,3,,,
95811,Ensemble,Ensemble,ca. 1900,,,,"cotton, hemp, silver, glass, shell","(a): 31 1/2 × 12 in. × 7 in. (80 × 30.5 × 17.8 cm)
(b): 9 1/2 × 17 1/2 in. (24.1 × 44.5 cm)
(c): 28 × 54 1/2 in. (71.1 × 138.4 cm)
(d): 16 1/2 × 32 in. (41.9 × 81.3 cm)
(e): 12 3/4 × 6 3/8 in. (32.4 × 16.2 cm)
(f): 12 1/2 × 6 1/8 in. (31.8 × 15.6 cm)
(g): 5 1/2 × 5 1/2 in. (14 × 14 cm)
(h): 3 × 1 in. (7.6 × 2.5 cm)
(i): 2 × 2 1/2 in. × 1 3/4 in. (5.1 × 6.4 × 4.4 cm)
(j): 2 × 2 1/2 in. × 1 3/4 in. (5.1 × 6.4 × 4.4 cm)
(k): 7 1/2 × 8 3/8 in. (19.1 × 21.3 cm)",Burma (Loimi Akha),,,,,,,,,,,Asian Art,Main dress-Womenswear,,False,True,https://www.metmuseum.org/art/collection/search/95811,https://images.metmuseum.org/CRDImages/as/original/2003.347cd_F.jpg,12,,,
47375,Bottle,Bottle,first half of the 19th century,Qing dynasty (1644–1911),,,Porcelain with turquoise glaze,H. 6 in. (15.2 cm),China,,,,,,,,,,,Asian Art,Ceramics,,False,True,https://www.metmuseum.org/art/collection/search/47375,https://images.metmuseum.org/CRDImages/as/original/79_2_1238_S2_sf.jpg,2,,,
52109,Plaque with a Winged Horse,Plaque,1st century,"Eastern Han dynasty (25–220), Xianbei culture",,,Gilt bronze,H. 2 3/4 in. (7 cm); W. 4 3/8 in. (11.1 cm),China,,,,Horses,,,,,,,Asian Art,Metalwork,,False,True,https://www.metmuseum.org/art/collection/search/52109,https://images.metmuseum.org/CRDImages/as/original/DP156551.jpg,3,https://www.wikidata.org/wiki/Q83562575,,
49050,Cat with Poems: Pictorial Parody of Priest Saigyo's Legend,Hanging scroll,18th century,Edo period (1615–1868),,,Hanging scroll; ink and color on paper,"Image: 39 3/8 × 11 11/16 in. (100 × 29.7 cm)
Overall with mounting: 74 5/8 × 15 13/16 in. (189.5 × 40.2 cm)
Overall with knobs: 74 5/8 × 17 1/2 in. (189.5 × 44.5 cm)",Japan,,,,Poetry|Cats,Matsumura Goshun,Artist,Japanese,1752,1811,,Asian Art,Paintings,"Japanese, 1752–1811",False,True,https://www.metmuseum.org/art/collection/search/49050,https://images.metmuseum.org/CRDImages/as/original/DP-37207-002.jpg,2,https://www.wikidata.org/wiki/Q78829875,https://www.wikidata.org/wiki/Q960116,http://vocab.getty.edu/page/ulan/500121199
67333,Piece,Piece,18th–19th century,,,,Silk,2 3/4 x 4 1/4 in. (6.99 x 10.80 cm),Japan,,,,Flowers,,,,,,,Asian Art,Textiles-Woven,,False,True,https://www.metmuseum.org/art/collection/search/67333,https://images.metmuseum.org/CRDImages/as/original/DP12948.jpg,0,,,
70763,Valance,Valance,last half 17th–first quarter 18th century,Qing dynasty (1644–1911),,,"Silk, metallic thread;  on silk",28 x 151 in. (71.12 x 383.54 cm),China,,,,Birds|Flowers,,,,,,,Asian Art,Textiles-Embroidered,,False,True,https://www.metmuseum.org/art/collection/search/70763,https://images.metmuseum.org/CRDImages/as/original/RT696.jpg,0,,,
71409,Piece,Piece,18th century,Edo period (1615–1868),,,Silk / Compound weave,14 × 8 1/4 in. (35.6 × 21 cm),Japan,,,,,,,,,,,Asian Art,Textiles-Woven,,False,True,https://www.metmuseum.org/art/collection/search/71409,https://images.metmuseum.org/CRDImages/as/original/DP15896.jpg,0,,,
42333,Covered jar (Guan),Covered jar,5th–mid-4th century BCE,"Eastern Zhou dynasty, Warring States period (475–221 BCE)",,,Stoneware with impressed and relief decoration,Diam. 4 1/2 in. (11.4 cm),China,,,,,,,,,,,Asian Art,Ceramics,,False,True,https://www.metmuseum.org/art/collection/search/42333,https://images.metmuseum.org/CRDImages/as/original/DT8291.jpg,0,,,
829391,Horse Race at the Kamo Shrine,Screens,ca. 1600,Momoyama period (1573–1615),,,"Six-panel folding screen; ink, color, silver, and gold leaf on paper","Image: 61 in. × 10 ft. 7 1/16 in. (155 × 322.8 cm)
Overall with mounting: 68 7/8 in. × 11 ft. 1 7/8 in. (175 × 340 cm)",Japan,,,,,Unidentified,Artist,,,,,Asian Art,Paintings,,False,True,https://www.metmuseum.org/art/collection/search/829391,https://images.metmuseum.org/CRDImages/as/original/DP-25254-001.jpg,3,https://www.wikidata.org/wiki/Q126119516,,
65910,Textile fragment with pattern of dragons and clouds,Fragment,18th–19th century,Edo (1615–1868),,,Silk,7 x 7 1/2 in. (17.78 x 19.05 cm),Japan,,,,Dragons|Clouds,,,,,,,Asian Art,Textiles-Woven,,False,True,https://www.metmuseum.org/art/collection/search/65910,https://images.metmuseum.org/CRDImages/as/original/DP11300.jpg,0,,,
66342,Piece,Piece,18th–19th century,Edo period (1615–1868),,,Silk,7 x 1 1/4 in. (17.78 x 3.17 cm),Japan,,,,Flowers,,,,,,,Asian Art,Textiles-Woven,,False,True,https://www.metmuseum.org/art/collection/search/66342,https://images.metmuseum.org/CRDImages/as/original/DP12045.jpg,0,,,
66257,Piece,Piece,18th–19th century,Edo period (1615–1868),,,Silk,5 1/2 x 4 3/4 in. (13.97 x 12.07 cm),Japan,,,,,,,,,,,Asian Art,Textiles-Woven,,False,True,https://www.metmuseum.org/art/collection/search/66257,https://images.metmuseum.org/CRDImages/as/original/DP11965.jpg,0,,,
49827,Bell,Bell,18th century,"Qing dynasty (1644–1911), Qianlong period (1736–95)",,,Porcelain with low-relief decoration under clear glaze.  Dehua ware (blanc de chine),H. 6 3/4 in. (17.1 cm); W. 4 5/8 in. (11.7 cm),China,,,,,,,,,,,Asian Art,Ceramics,,False,True,https://www.metmuseum.org/art/collection/search/49827,https://images.metmuseum.org/CRDImages/as/original/79_2_502_S1_sf.jpg,4,,,
70096,Priest's Robe and Stole,"Robe and Stole, Priest's",19th century,,,,"Silk, metallic thread","Overall (a): 44 x 77 1/2 in. (111.8 x 196.9 cm)
Overall (b): 62 x 11 1/2 in. (157.5 x 29.2 cm)",Japan,,,,,,,,,,,Asian Art,Textiles-Costumes,,False,True,https://www.metmuseum.org/art/collection/search/70096,https://images.metmuseum.org/CRDImages/as/original/158106.jpg,0,,,
38146,Vishnu,Stele,10th–11th century,,,,Sandstone,H. 43 1/2 in. (110.5 cm); W. 25 5/8 in. (65.1 cm); D. 10 in. (25.4 cm),India (Punjab),,,,Elephants|Brahma|Shiva|Vishnu,,,,,,,Asian Art,Sculpture,,True,True,https://www.metmuseum.org/art/collection/search/38146,https://images.metmuseum.org/CRDImages/as/original/DT5052.jpg,0,https://www.wikidata.org/wiki/Q116377631,,
52496,Bowl,Bowl,1750,Edo period (1615–1868),,,"White porcelain decorated with blue under the glaze, iron red and gold, green, yellow, purple and black enamels (Arita ware)",H. 3 1/8 in. (7.9 cm); Diam. 8 5/8 in. (21.9 cm),Japan,,,,Flowers|Leaves,,,,,,,Asian Art,Ceramics,,False,True,https://www.metmuseum.org/art/collection/search/52496,https://images.metmuseum.org/CRDImages/as/original/30266.jpg,1,,,
59338,Netsuke of Seated Figure of an Old Man with Backpack Containing a Mask,Netsuke,18th century,Edo period (1615–1868),,,Wood,H. 1 3/16 in. (3 cm); W. 1 1/4 in. (3.2 cm),Japan,,,,Men,,,,,,,Asian Art,Netsuke,,False,True,https://www.metmuseum.org/art/collection/search/59338,https://images.metmuseum.org/CRDImages/as/original/10_211_2220_O1_sf.jpg,3,,,
69380,Stencil,Stencil,19th century,,,,Paper,19 x 12 in. (48.26 x 30.48 cm),Japan,,,,,,,,,,,Asian Art,Stencils,,False,True,https://www.metmuseum.org/art/collection/search/69380,https://images.metmuseum.org/CRDImages/as/original/DP13643.jpg,0,,,
66841,Piece,Piece,18th–19th century,,,,Silk,2 1/2 x 5 1/2 in. (6.35 x 13.97 cm),Japan,,,,,,,,,,,Asian Art,Textiles-Woven,,False,True,https://www.metmuseum.org/art/collection/search/66841,https://images.metmuseum.org/CRDImages/as/original/DP12550.jpg,0,,,
63185,Page from the Mustard Seed Garden Manual of Painting,Print,first edition printed in 1679,Qing dynasty (1644–1911),,,Woodblock print; ink and color on paper,9 5/8 x 11 13/16 in. (24.4 x 30 cm),China,,,,Mountains|Landscapes,Wang Gai,Artist,Chinese,1645,1710,,Asian Art,Prints,"Chinese, 1645–1710",False,True,https://www.metmuseum.org/art/collection/search/63185,https://images.metmuseum.org/CRDImages/as/original/DP-14004-001.jpg,0,,https://www.wikidata.org/wiki/Q3566056,(not assigned)
68314,"Buddhist Vestment (Kesa) with Pattern of Flowing Water, Chrysanthemums, Fishing Nets, and Waterwheels","Robe, Priest's",18th century,Edo period (1615–1868),,,Twill-weave silk brocaded with silk (karaori),Overall: 45 x 85 in. (114.3 x 215.9 cm),Japan,,,,,,,,,,,Asian Art,Textiles-Costumes,,False,True,https://www.metmuseum.org/art/collection/search/68314,https://images.metmuseum.org/CRDImages/as/original/43846.jpg,0,,,
66531,Piece,Piece,18th–19th century,,,,Silk,6 x 3 1/2 in. (15.24 x 8.89 cm),Japan,,,,,,,,,,,Asian Art,Textiles-Woven,,False,True,https://www.metmuseum.org/art/collection/search/66531,https://images.metmuseum.org/CRDImages/as/original/DP12281.jpg,0,,,
50963,Gourd-Shaped Vase,Vase,late 18th–first half of the 19th century,Qing dynasty (1644–1911),,,Porcelain with incised decoration under white glaze,H. 12 1/2 in. (31.8 cm),China,,,,,,,,,,,Asian Art,Ceramics,,False,True,https://www.metmuseum.org/art/collection/search/50963,https://images.metmuseum.org/CRDImages/as/original/79_2_496_O1_sf.jpg,1,,,
38533,Head of a Buddha,Figure,5th century,Gupta period,,,Stone,H. 6 7/8 in. (17.5 cm); W. 4 in. (10.2 cm); D. 5 1/8 in. (13 cm),India,,,,Gupta|Heads|Buddhism|Buddha,,,,,,,Asian Art,Sculpture,,False,True,https://www.metmuseum.org/art/collection/search/38533,https://images.metmuseum.org/CRDImages/as/original/DP145451.jpg,3,,,
843998,"The Courtesan Emi of the Kyōki Brothel as Shizuka Gozen (Shizuka Kyōki Emi), from the series Costume Parade of the Shimanouchi District in Osaka (Naniwa Shimanouchi nerimono)",Woodblock print (nishiki-e),probably 1836,Edo period (1615–1868),,,Woodblock print (nishiki-e); ink and color on paper; vertical ōban,Image: 14 7/8 × 10 1/8 in. (37.8 × 25.7 cm),Japan,,,,,Jukōdō Yoshikuni 寿好堂よし国,Artist,Japanese,1803,1840,,Asian Art,Prints,"Japanese, active 1803–40?",False,True,https://www.metmuseum.org/art/collection/search/843998,https://images.metmuseum.org/CRDImages/as/original/DP-24924-001.jpg,0,,,
41425,Snuff Bottle,Snuff bottle,1736–1795,"Qing dynasty (1644–1911), Qianlong period (1736–95)",,,"Carnelian agate, stand of same",H. 3 5/8 in. (9.2 cm),China,,,,Squirrels,,,,,,,Asian Art,Snuff Bottles,,False,True,https://www.metmuseum.org/art/collection/search/41425,https://images.metmuseum.org/CRDImages/as/original/21_175_215ab_O1.jpg,0,,,
68765,Sleeve Band,Sleeve Band,19th century,Qing dynasty (1644–1911),,,Silk,24 3/4 x 3 1/2 in. (62.87 x 8.89 cm),China,,,,Birds|Butterflies|Flowers,,,,,,,Asian Art,Textiles-Embroidered,,False,True,https://www.metmuseum.org/art/collection/search/68765,https://images.metmuseum.org/CRDImages/as/original/79580.jpg,0,,,
71439,Piece,Piece,17th century,,,,Silk / Compound weave,6 × 5 7/8 in. (15.2 × 14.9 cm),China,,,,Dragons,,,,,,,Asian Art,Textiles-Woven,,False,True,https://www.metmuseum.org/art/collection/search/71439,https://images.metmuseum.org/CRDImages/as/original/DP15933.jpg,0,,,
65743,Piece,Piece,18th century,Edo period (1615–1868),,,Cotton,"Overall (a): 37 1/4 x 14 1/4 in. (94.6 x 36.2 cm)
Overall (b): 36 1/2 x 9 1/4 in. (92.7 x 23.5 cm)
Overall (c): 37 1/4 x 13 1/2 in. (94.6 x 34.3 cm)",Japan,,,,,,,,,,,Asian Art,Textiles-Painted and Printed,,False,True,https://www.metmuseum.org/art/collection/search/65743,https://images.metmuseum.org/CRDImages/as/original/DP-34020-001.jpg,3,,,
58491,Tobacco Pouch,Tobacco pouch,19th century,Edo (1615–1868) or Meiji period (1868–1912),,,Lacquer,H. 4 in. (10.2 cm); W. 4 in. (10.2 cm),Japan,,,,Birds|Turtles,,,,,,,Asian Art,Tobacco Pouches,,False,True,https://www.metmuseum.org/art/collection/search/58491,https://images.metmuseum.org/CRDImages/as/original/DP260148.jpg,1,,,
86196,Trousers,Trousers,18th–19th century,,,,silk,37 × 43 in. (94 × 109.2 cm),India,,,,,,,,,,,Asian Art,Main dress-Womenswear,,False,True,https://www.metmuseum.org/art/collection/search/86196,https://images.metmuseum.org/CRDImages/as/original/CI53.21.1_S.jpg,2,,,
49999,Pair of Ear Ornaments,Ear Ornaments,3rd–first quarter of the 10th century,Proto–classical or Central Javanese period,,,Gold,"H. 1/16 in. (0.1 cm)
(a): Diam. 1/2 in. (1.3 cm)
(b): Diam. 1/2 in. (1.3 cm)",Indonesia (Java),,,,,,,,,,,Asian Art,Jewelry,,False,True,https://www.metmuseum.org/art/collection/search/49999,https://images.metmuseum.org/CRDImages/as/original/1998_544_170a.JPG,1,,,
42133,Oil lamp,Oil lamp,18th century,Qing dynasty (1644–1911),,,Jade (nephrite),H. 3 in. (7.6 cm); W. 3 3/8 in. (8.6 cm),China,,,,,,,,,,,Asian Art,Jade,,False,True,https://www.metmuseum.org/art/collection/search/42133,https://images.metmuseum.org/CRDImages/as/original/154332.jpg,0,,,
37860,Bangali Ragini: Folio from a ragamala series (Garland of Musical Modes),Folio,1709,,,,"Ink, opaque watercolor, and gilt on paper",13 3/4 x 9 1/8 in. (34.9 x 23.2 cm),"India (Rajasthan, Amber)",,,,Women,,,,,,,Asian Art,Paintings,,False,True,https://www.metmuseum.org/art/collection/search/37860,https://images.metmuseum.org/CRDImages/as/original/DP156137.jpg,1,https://www.wikidata.org/wiki/Q78913466,,
51798,Buddha Seated on Lotus Throne,Hanging scroll,1644–1911,Qing dynasty (1644–1911),,,Hanging scroll; ink and color on silk,"34 x 18 7/8in. (86.4 x 47.9cm)
Image: 33 7/8 × 19 1/2 in. (86 × 49.5 cm)
Overall with mounting: 47 1/2 × 27 in. (120.7 × 68.6 cm)",China,,,,Buddhism|Buddha,Jiang Jun,Artist,Chinese,,,,Asian Art,Paintings,,False,True,https://www.metmuseum.org/art/collection/search/51798,https://images.metmuseum.org/CRDImages/as/original/52_198_O1_sf.jpg,0,https://www.wikidata.org/wiki/Q78795761,,
38960,Standing Padmapani Lokeshvara,Figure,ca. second half of the 9th–first half of the 10th century,,,,Bronze,H. 12 1/4 in. (31.1 cm); W. 4 1/4 in. (10.8 cm); D. 2 7/8 in. (7.3 cm),Indonesia,,,,Buddhism|Bodhisattvas,,,,,,,Asian Art,Sculpture,,False,True,https://www.metmuseum.org/art/collection/search/38960,https://images.metmuseum.org/CRDImages/as/original/DP291639.jpg,3,https://www.wikidata.org/wiki/Q116374475,,
63062,Incense box,Incense box,1770,Edo period (1615–1868),,,Pottery with glaze; reddish brown decorations (Banko ware),H. 1 1/2 in. (3.8 cm),Japan,,,,Trees,,,,,,,Asian Art,Ceramics,,False,True,https://www.metmuseum.org/art/collection/search/63062,https://images.metmuseum.org/CRDImages/as/original/25_60_19.JPG,0,,,
70996,Damask with Cloud Palmettes and Chinese Characters,Damask,14th century,Yuan dynasty (1271–1368),,,Silk satin damask,"Overall: 11 x 8 1/2 in. (27.9 x 21.6 cm)
Mount: 15 x 12 1/2 x 1 1/2 in. (38.1 x 31.7 x 3.8 cm)",China,,,,,,,,,,,Asian Art,Textiles-Woven,,False,True,https://www.metmuseum.org/art/collection/search/70996,https://images.metmuseum.org/CRDImages/as/original/DP222033.jpg,3,,,
39119,"Standing Avalokiteshvara, the Bodhisattva of Infinite Compassion",Figure,late 8th–early 9th century,,,,Bronze,H. 7 1/8 in. (18.1 cm); W. 2 5/8 in. (6.7 cm); D. 1 5/8 in. (4.1 cm),Indonesia (Sumatra),,,,Buddhism|Avalokiteshvara|Bodhisattvas,,,,,,,Asian Art,Sculpture,,False,True,https://www.metmuseum.org/art/collection/search/39119,https://images.metmuseum.org/CRDImages/as/original/DP301232.jpg,5,,,
70713,Stencil,Stencil,19th century,Edo period (1615–1868),,,Paper,16 1/4 x 10 1/2 in. (41.3 x 26.7 cm),Japan,,,,,,,,,,,Asian Art,Stencils,,False,True,https://www.metmuseum.org/art/collection/search/70713,https://images.metmuseum.org/CRDImages/as/original/DP13855.jpg,0,,,
63000,Cup,Cup,1820,Edo period (1615–1868),,,"Porcelain decorated in blue under the glaze (Arita ware, Imari type)",H. 2 3/4 in. (7 cm); Diam. 5 1/8 in. (13 cm),Japan,,,,,Maekawa,Artist,Japanese,,,,Asian Art,Ceramics,,False,True,https://www.metmuseum.org/art/collection/search/63000,https://images.metmuseum.org/CRDImages/as/original/23_225_185.jpg,0,,,
55228,"Tago Bay near Ejiri on the Tōkaidō (Tōkaidō Ejiri Tago no ura ryaku zu), from the series Thirty-six Views of Mount Fuji (Fugaku sanjūrokkei)",Woodblock print,ca. 1830–32,Edo period (1615–1868),,,Woodblock print; ink and color on paper,9 3/4 x 14 3/8 in. (24.8 x 36.5 cm),Japan,,,,Men|Mountains|Seascapes|Boats,Katsushika Hokusai,Artist,Japanese,1760,1849,,Asian Art,Prints,"Japanese, Tokyo (Edo) 1760–1849 Tokyo (Edo)",False,True,https://www.metmuseum.org/art/collection/search/55228,https://images.metmuseum.org/CRDImages/as/original/DP141000.jpg,0,,https://www.wikidata.org/wiki/Q5586,http://vocab.getty.edu/page/ulan/500060426
78709,Once Upon a Time (A Book of Ghost Stories) (Imawa mukashi) 怪談百鬼図会,Illustrated book,1790,Edo period (1615–1868),,,Woodblock printed book; ink and color on paper,8 13/16 × 6 1/4 in. (22.4 × 15.8 cm),Japan,,,,Skeletons|Mythical Creatures,Katsukawa Shun'ei 勝川春英,Artist,Japanese,1762,1819,,Asian Art,Illustrated Books,"Japanese, 1762–1819",False,True,https://www.metmuseum.org/art/collection/search/78709,https://images.metmuseum.org/CRDImages/as/original/2013_819_03_crd.jpg,11,,https://www.wikidata.org/wiki/Q3194229,http://vocab.getty.edu/page/ulan/500057323
66817,Piece,Piece,18th–19th century,,,,Silk,1 1/4 x 6 in. (3.17 x 15.24 cm),Japan,,,,,,,,,,,Asian Art,Textiles-Woven,,False,True,https://www.metmuseum.org/art/collection/search/66817,https://images.metmuseum.org/CRDImages/as/original/DP12519.jpg,0,,,
54308,The Lingshouhua Studio,Panel,1863,Qing dynasty (1644–1911),,,Horizontal panel; ink on paper,13 x 40 3/4 in. (33 x 103.5 cm),China,,,,,Zhao Zhiqian,Artist,Chinese,1829,1884,,Asian Art,Calligraphy,"Chinese, 1829–1884",False,True,https://www.metmuseum.org/art/collection/search/54308,https://images.metmuseum.org/CRDImages/as/original/2000_514_50.JPG,0,,https://www.wikidata.org/wiki/Q708659,http://vocab.getty.edu/page/ulan/500328531
51305,Landscape,Handscroll,17th century,Ming (1368–1644) or Qing (1644–1911) dynasty,,,Handscroll; ink on silk,15 3/8 in. × 23 ft. 6 1/2 in. (39.1 × 717.6 cm),China,,,,Landscapes,Unidentified artist,Artist,,,,,Asian Art,Paintings,,False,True,https://www.metmuseum.org/art/collection/search/51305,https://images.metmuseum.org/CRDImages/as/original/DP165696_CRD.jpg,18,https://www.wikidata.org/wiki/Q47507931,,
59107,Netsuke of a Kappa on a Clamshell,Netsuke,19th century,Edo (1615–1868) or Meiji period (1868–1912),,,Wood,H. 1 3/4 in. (4.4 cm); W. 1 5/8 in. (4.1 cm),Japan,,,,Animals|Shells,,,,,,,Asian Art,Netsuke,,False,True,https://www.metmuseum.org/art/collection/search/59107,https://images.metmuseum.org/CRDImages/as/original/10_211_1860_O1_sf.jpg,1,,,
66850,Piece,Piece,18th–19th century,,,,Silk,5 1/4 x 4 1/4 in. (13.34 x 10.80 cm),Japan,,,,Flowers,,,,,,,Asian Art,Textiles-Woven,,False,True,https://www.metmuseum.org/art/collection/search/66850,https://images.metmuseum.org/CRDImages/as/original/DP11344.jpg,0,,,
37009,A Young Woman Seated in a Room and Looking at a Kakemono of Fukurokujin,Print,ca. 1768,Edo period (1615–1868),,,Woodblock print; ink and color on paper,10 x 7 11/32 in. (25.4 x 18.7 cm),Japan,,,,Birds|Women,Isoda Koryūsai,Artist,Japanese,1735,1790,,Asian Art,Prints,"Japanese, 1735–ca. 1790",False,True,https://www.metmuseum.org/art/collection/search/37009,https://images.metmuseum.org/CRDImages/as/original/DP124252.jpg,0,,https://www.wikidata.org/wiki/Q3155497,http://vocab.getty.edu/page/ulan/500057320
36920,"The Fourth Imai Hanshiro in the Role O Hatsu in ""Sakaicho Soga Nendaiki""",Print,"2nd month, 1771",Edo period (1615–1868),,,Woodblock print; ink and color on paper,12 7/32 x 5 1/8 in. (31.1 x 13.0 cm),Japan,,,,Human Figures|Actors,Torii Kiyomitsu,Artist,Japanese,1735,1785,,Asian Art,Prints,"Japanese, 1735–1785",False,True,https://www.metmuseum.org/art/collection/search/36920,https://images.metmuseum.org/CRDImages/as/original/DP123698.jpg,0,,https://www.wikidata.org/wiki/Q3136173,http://vocab.getty.edu/page/ulan/500057317
47032,Bowl,Bowl,18th–19th century,Edo period (1615–1868),,,"Porcelain decorated in blue, green, red-orange and gilt (Arita ware, Imari style)",H. 4 1/4 in. (10.8 cm); Diam. 9 7/8 in. (25.1 cm),Japan,,,,Birds|Flowers,,,,,,,Asian Art,Ceramics,,False,True,https://www.metmuseum.org/art/collection/search/47032,https://images.metmuseum.org/CRDImages/as/original/156384.jpg,0,,,
37000,"Scene from the Drama ""Shusse Taiheike,"" Performed at the Ichimura Theatre",Woodblock print,probably 1709,Edo period (1615–1868),,,Woodblock print; ink and color on paper,10 3/8 x 14 3/4 in. (26.4 x 37.5 cm),Japan,,,,Men|Women|Actors,Okumura Masanobu,Artist,Japanese,1686,1764,,Asian Art,Prints,"Japanese, 1686–1764",False,True,https://www.metmuseum.org/art/collection/search/37000,https://images.metmuseum.org/CRDImages/as/original/DP124508.jpg,0,,https://www.wikidata.org/wiki/Q3350120,http://vocab.getty.edu/page/ulan/500121074
45479,Two Women with a Baby who is Playing on the Floor,Print,ca. 1793,Edo period (1615–1868),,,Woodblock print; ink and color on paper,20 3/4 x 7 5/8 in. (52.7 x 19.4 cm),Japan,,,,Fans|Infants|Mothers|Women,Kitagawa Utamaro,Artist,Japanese,1754,1806,,Asian Art,Prints,"Japanese, ca. 1754–1806",False,True,https://www.metmuseum.org/art/collection/search/45479,https://images.metmuseum.org/CRDImages/as/original/DP144606.jpg,0,https://www.wikidata.org/wiki/Q59766802,https://www.wikidata.org/wiki/Q272045,http://vocab.getty.edu/page/ulan/500054492
47618,Cake dish,Cake dish,1865,Edo period (1615–1868),,,Faience covered with a greenish glaze showing streaks of blue (Takatori ware),H. 4 1/2 in. (11.4 cm); L. 9 1/4 in. (23.5 cm),Japan,,,,,,,,,,,Asian Art,Ceramics,,False,True,https://www.metmuseum.org/art/collection/search/47618,https://images.metmuseum.org/CRDImages/as/original/54931.jpg,0,,,
67204,Piece,Piece,18th–19th century,,,,Silk,6 3/4 x 10 3/4 in. (17.15 x 27.31 cm),Japan,,,,,,,,,,,Asian Art,Textiles-Woven,,False,True,https://www.metmuseum.org/art/collection/search/67204,https://images.metmuseum.org/CRDImages/as/original/DP12810.jpg,0,,,
56077,A Picnic Party at Hagidera,Print,1780–1795,Edo period (1615–1868),,,Diptych of woodblock prints; ink and color on paper,"(a): 15 3/16 × 10 in. (38.6 × 25.4 cm)
(b): 14 7/8 × 9 7/8 in. (37.8 × 25.1 cm)",Japan,,,,Women|Picnics,Katsukawa Shunchō,Artist,Japanese,1775,1795,,Asian Art,Prints,"Japanese, active ca. 1783–95",False,True,https://www.metmuseum.org/art/collection/search/56077,https://images.metmuseum.org/CRDImages/as/original/DP145639.jpg,0,,https://www.wikidata.org/wiki/Q2799156,http://vocab.getty.edu/page/ulan/500057322
52829,Bowl (one of a pair),Bowl,1662–1722,"Qing dynasty (1644–1911), Kangxi period (1662–1722)",,,Porcelain,H. 2 1/2 in. (6.4 cm); Diam. 5 1/8 in. (13 cm),China,,,,Dragons,,,,,,,Asian Art,Ceramics,,False,True,https://www.metmuseum.org/art/collection/search/52829,https://images.metmuseum.org/CRDImages/as/original/50_221_5_149996.jpg,0,,,
68417,Gift Cloth (Fukusa),Gift cloth,1615–1868,Edo period (1615–1868),,,Silk,26 x 24 in. (66.04 x 60.96 cm),Japan,,,,Cranes,,,,,,,Asian Art,Textiles-Woven,,False,True,https://www.metmuseum.org/art/collection/search/68417,https://images.metmuseum.org/CRDImages/as/original/43986.jpg,0,,,
77873,Court Lady Beneath an Old Plum Tree; Two Lacquer Cabinets for the Shell-matching Game,Print,1793,Edo period (1615–1868),,,Woodblock print (surimono); ink and color on paper,Image: 6 5/8 x 10 in. (16.8 x 25.4 cm),Japan,,,,Women|Trees,Kubo Shunman,Artist,Japanese,1757,1820,,Asian Art,Prints,"Japanese, 1757–1820",False,True,https://www.metmuseum.org/art/collection/search/77873,https://images.metmuseum.org/CRDImages/as/original/DP-14464-002.jpg,0,,https://www.wikidata.org/wiki/Q3200184,http://vocab.getty.edu/page/ulan/500121370
53090,Hafted Ax,Hafted ax,500 BCE–300 CE,Bronze and Iron Age period,,,Bronze,H. 3 9/16 in. (12.5 cm); W. 3 1/4 in. (8.6 cm),Indonesia,,,,,,,,,,,Asian Art,Metalwork,,False,True,https://www.metmuseum.org/art/collection/search/53090,https://images.metmuseum.org/CRDImages/as/original/2001_433_464_O1.jpg,0,,,
51715,Collared Crows on Winter Prunus,Hanging scroll,1368–1644,Ming dynasty (?) (1368–1644),,,Hanging scroll; ink and color on silk,75 x 38 7/8 in. (190.5 x 98.7 cm),China,,,,Birds,Unidentified artist,Artist,,,,,Asian Art,Paintings,,False,True,https://www.metmuseum.org/art/collection/search/51715,https://images.metmuseum.org/CRDImages/as/original/47_18_105_d.jpg,0,https://www.wikidata.org/wiki/Q78799709,,
49483,Belt hook,Belt hook,4th–3rd century BCE,"Eastern Zhou dynasty, Warring States period (475–221 BCE)",,,Gilt bronze,L. 3 7/8 in. (9.8 cm); W. 1 3/4 in. (4.4 cm),China,,,,,,,,,,,Asian Art,Metalwork,,False,True,https://www.metmuseum.org/art/collection/search/49483,https://images.metmuseum.org/CRDImages/as/original/1985_214_70_F.jpg,2,,,
49310,Plate with Geese in Lotus Pond,Dish,1660–80,Edo period (1615–1868),,,Porcelain painted with colored enamels over transparent glaze (Hizen ware),H. 2 7/16 in. (6.2 cm); Diam. 12 3/4 in. (32.4 cm); Diam. (foot) 5 3/4 in. (14.6 cm),Japan,,,,Birds|Flowers,,,,,,,Asian Art,Ceramics,,False,True,https://www.metmuseum.org/art/collection/search/49310,https://images.metmuseum.org/CRDImages/as/original/DP342693.jpg,1,https://www.wikidata.org/wiki/Q116314039,,
69121,Stencil,Stencil,early 19th century,Edo period (1615–1868),,,Paper,10 x 16 3/8 in. (25.4 x 41.6 cm),Japan,,,,,,,,,,,Asian Art,Stencils,,False,True,https://www.metmuseum.org/art/collection/search/69121,https://images.metmuseum.org/CRDImages/as/original/DP13463.jpg,0,,,
39866,Bamboo stalk with insects,Carving,18th century,Qing dynasty (1644–1911),,,Ivory,L. 8 9/16 in. (21.7 cm); W. 1 3/8 (3.5 cm); H. 13/16 in. (2.1 cm),China,,,,Insects|Bamboo,,,,,,,Asian Art,Ivories,,False,True,https://www.metmuseum.org/art/collection/search/39866,https://images.metmuseum.org/CRDImages/as/original/DP353878.jpg,1,,,
737765,Scholar in Landscape,Framed album leaf,1831–1906,Qing dynasty (1644–1911),,,Framed album leaf; ink and color on paper,"Image: 9 15/16 × 12 3/8 in. (25.2 × 31.5 cm)
Overall with mounting: 14 1/2 × 17 1/16 in. (36.9 × 43.3 cm)",China,,,,,Sha Fu,Artist,Chinese,1831,1906,,Asian Art,Paintings,"Chinese, 1831–1906",False,True,https://www.metmuseum.org/art/collection/search/737765,https://images.metmuseum.org/CRDImages/as/original/LC-L_2016_67_36_001.jpg,0,,,
49861,Vase with Figures in Landscape,Vase,ca. 1660–80,Edo period (1615–1868),,,Porcelain painted with cobalt blue under transparent glaze (Hizen ware),H. 11 1/4 in. (28.5 cm); Diam. 10 1/8 in. (25.7 cm),Japan,,,,Human Figures|Landscapes,,,,,,,Asian Art,Ceramics,,False,True,https://www.metmuseum.org/art/collection/search/49861,https://images.metmuseum.org/CRDImages/as/original/DP-14608-005.jpg,4,https://www.wikidata.org/wiki/Q116396312,,
61141,Knife Coin,Knife coin,-206–220,Han dynasty (206 BCE–220 CE),,,Bronze,L. 7 1/4 in. (18.4 cm),China,,,,,,,,,,,Asian Art,Metalwork,,False,True,https://www.metmuseum.org/art/collection/search/61141,https://images.metmuseum.org/CRDImages/as/original/DP167664.jpg,0,,,
64288,Looped-Chain with Cube and Lotus Ends,Chain,8th–12th century,,,,Gold,L. 20 3/16 in. (51.2 cm),Indonesia (Central Java),,,,,,,,,,,Asian Art,Jewelry,,False,True,https://www.metmuseum.org/art/collection/search/64288,https://images.metmuseum.org/CRDImages/as/original/2001_794_118_O.jpg,0,,,
74322,Fūzoku gahō (Illustrated Customs) Vol. 1 (issues 1–10),Illustrated book,1889,Meiji period (1868–1912),,,Woodblock-printed book; ink on paper,Image: 9 13/16 × 7 5/16 in. (25 × 18.5 cm),Japan,,,,,,,,,,,Asian Art,Illustrated Books,,False,True,https://www.metmuseum.org/art/collection/search/74322,https://images.metmuseum.org/CRDImages/as/original/LC-2018_954_44a-003.jpg,1,https://www.wikidata.org/wiki/Q116397084,,
69946,Woman's Kimono,Woman's kimono,19th century,,,,Silk,Overall: 63 1/4 x 48 1/2 in. (160.7 x 123.2 cm),Japan,,,,,,,,,,,Asian Art,Costumes,,False,True,https://www.metmuseum.org/art/collection/search/69946,https://images.metmuseum.org/CRDImages/as/original/147489.jpg,0,,,
45719,Immortal Poet,Painting,17th century,Edo period (1615–1868),,,Unmounted shikisi leaf; ink and color on silk,7 1/4 × 6 1/2 in. (18.4 × 16.5 cm),Japan,,,,Men|Poets,Kano Shōun,Artist,Japanese,1637,1702,,Asian Art,Paintings,1637–1702,False,True,https://www.metmuseum.org/art/collection/search/45719,https://images.metmuseum.org/CRDImages/as/original/14_140_22_F_sf.jpg,1,https://www.wikidata.org/wiki/Q78841023,https://www.wikidata.org/wiki/Q17225707,(not assigned)
62884,Teabowl,Teabowl,17th century,,,,"Clay covered with glaze, dappled with red (Raku ware)",H. 3 in. (7.6 cm); Diam. 4 3/4 iin. (12.1 cm),Japan,,,,,,,,,,,Asian Art,Ceramics,,False,True,https://www.metmuseum.org/art/collection/search/62884,https://images.metmuseum.org/CRDImages/as/original/17_118_65.jpg,0,,,
62949,Figure of Entertainer,Figure,-206–220,Han dynasty (206 BCE–220 CE),,,Pottery with slip and traces of red paint,H. 3 1/2 in. (8.9 cm),China,,,,Musical Instruments,,,,,,,Asian Art,Tomb Pottery,,False,True,https://www.metmuseum.org/art/collection/search/62949,https://images.metmuseum.org/CRDImages/as/original/102717.jpg,0,,,
55887,Chiyoda Castle (Album of Men),Print,1897,Meiji period (1868–1912),,,Triptych of woodblock prints; ink and color on paper,L. (page) 13 7/8 in. (35.2 cm); W. (page) 9 1/4 in. (23.4 cm); thickness of album 1 9/16 in. (4 cm),Japan,,,,Houses|Men|Fishing|Trees|Boats,Yōshū (Hashimoto) Chikanobu,Artist,Japanese,1838,1912,,Asian Art,Prints,"Japanese, 1838–1912",False,True,https://www.metmuseum.org/art/collection/search/55887,https://images.metmuseum.org/CRDImages/as/original/DP149428.jpg,0,,https://www.wikidata.org/wiki/Q3087294,http://vocab.getty.edu/page/ulan/500335317
68600,Sleeve Band,Sleeve Band,19th century,Qing dynasty (1644–1911),,,"Silk, metallic thread;  on silk",43 1/2 x 6 1/4 in. (110.49 x 15.88 cm),China,,,,,,,,,,,Asian Art,Textiles-Embroidered,,False,True,https://www.metmuseum.org/art/collection/search/68600,https://images.metmuseum.org/CRDImages/as/original/78854.jpg,0,,,
68282,Tapestry Picture,"Picture, Tapestry",19th century,Qing dynasty (1644–1911),,,Silk,58 x 15 1/2 in. (147.32 x 39.37 cm),China,,,,Butterflies|Leaves,,,,,,,Asian Art,Textiles-Tapestries,,False,True,https://www.metmuseum.org/art/collection/search/68282,https://images.metmuseum.org/CRDImages/as/original/18723.jpg,0,,,
64327,Earring with Small Figure,Earring,8th–12th century,,,,Gold,H. 11/16 in. (1.7 cm),Indonesia (Central Java),,,,Human Figures,,,,,,,Asian Art,Jewelry,,False,True,https://www.metmuseum.org/art/collection/search/64327,https://images.metmuseum.org/CRDImages/as/original/2001_794_160_O.jpg,0,,,
829395,Screen of Two Dancers (Bugi zu byōbu),Screens,18th century,Edo period (1615–1868),,,"Two-panel folding screen; ink, color, and gold on paper","Image: 31 5/8 × 14 3/16 in. (80.4 × 36.1 cm)
Overall with mounting: 50 13/16 × 68 7/8 in. (129 × 175 cm)",Japan,,,,Women|Dancers,Unidentified,Artist,,,,,Asian Art,Paintings,,False,True,https://www.metmuseum.org/art/collection/search/829395,https://images.metmuseum.org/CRDImages/as/original/DP-25306-003.jpg,2,https://www.wikidata.org/wiki/Q126119510,,
46946,Vase,Vase,1723–1735,"Qing dynasty (1644–1911), Yongzheng period (1723–35)",,,Porcelain,H. 5 in. (12.7 cm),China,,,,,,,,,,,Asian Art,Ceramics,,False,True,https://www.metmuseum.org/art/collection/search/46946,https://images.metmuseum.org/CRDImages/as/original/14_40_169_S_sf.jpg,1,,,
38982,"Standing Tara, the Buddhist Savioress",Figure,9th century,,,,Bronze,H. 6 1/4 in. (15.9 cm); W. 2 3/8 in. (6 cm); D. 1 7/8 in. (4.8 cm),"Pakistan (Northwest Frontier Providence, Swat Valley)",,,,Swat Valley|Buddhism|Deities,,,,,,,Asian Art,Sculpture,,False,True,https://www.metmuseum.org/art/collection/search/38982,https://images.metmuseum.org/CRDImages/as/original/1984_484_2.JPG,0,,,
55625,Three Women at the Base of a Pine Tree,Woodblock print,ca. 1790,Edo period (1615–1868),,,Woodblock print; ink and color on paper,15 1/8 × 10 1/8 in. (38.4 × 25.7 cm),Japan,,,,Fans|Women,Katsukawa Shunchō,Artist,Japanese,1775,1795,,Asian Art,Prints,"Japanese, active ca. 1783–95",False,True,https://www.metmuseum.org/art/collection/search/55625,https://images.metmuseum.org/CRDImages/as/original/DP130275.jpg,0,,https://www.wikidata.org/wiki/Q2799156,http://vocab.getty.edu/page/ulan/500057322
77305,Shard,Shard,15th century,Joseon dynasty (1392–1910),,,Pottery,"Largest shard: H. 3 in. (7.6 cm); Diam. 5 3/8 in. (13.7 cm)
Smallest shard: H. 1 in. (2.5 cm)",Korea,,,,,,,,,,,Asian Art,Ceramics,,False,True,https://www.metmuseum.org/art/collection/search/77305,https://images.metmuseum.org/CRDImages/as/original/1978_531_60.jpg,1,,,
47257,Hanging Vase,Hanging vase,19th century,Momoyama (1573–1615) or Edo period (1615–1868),,,"Clay covered with a glaze in parts filmy, with streaks (Satsuma ware)",H. 6 1/4 in. (15.9 cm),Japan,,,,,,,,,,,Asian Art,Ceramics,,False,True,https://www.metmuseum.org/art/collection/search/47257,https://images.metmuseum.org/CRDImages/as/original/16179.jpg,0,,,
60753,Cricket cage,Cricket cage,18th–19th century,Qing dynasty (1644–1911),,,"Gourd, ivory, wood",H. 3 1/8 in. (7.9 cm); Diam. 1 1/8 in. (2.9 cm),China,,,,,,,,,,,Asian Art,Cricket cages,,False,True,https://www.metmuseum.org/art/collection/search/60753,https://images.metmuseum.org/CRDImages/as/original/28_186_50.jpg,0,,,
54752,Cock and Hen,Album leaf,1887–92,Meiji period (1868–1912),,,Album leaf; silk,13 1/2 x 10 7/8 in. (34.3 x 27.6 cm),Japan,,,,Chickens|Roosters,Kawabata Gyokushō,Artist,Japanese,1842,1913,,Asian Art,Paintings,"Japanese, 1842–1913",False,True,https://www.metmuseum.org/art/collection/search/54752,https://images.metmuseum.org/CRDImages/as/original/DP211881.jpg,0,https://www.wikidata.org/wiki/Q78745707,https://www.wikidata.org/wiki/Q11479106,http://vocab.getty.edu/page/ulan/500334771
65812,Piece,Piece,18th–19th century,Edo period (1615–1868),,,Silk,7 3/4 x 8 1/4 in. (19.68 x 20.95 cm),Japan,,,,Cranes,,,,,,,Asian Art,Textiles-Woven,,False,True,https://www.metmuseum.org/art/collection/search/65812,https://images.metmuseum.org/CRDImages/as/original/DP11689.jpg,0,,,
41280,Snuff Bottle,Snuff bottle,1662–1722,"Qing dynasty (1644–1911), Kangxi period (1662–1722)",,,Porcelain,H. 2 5/16 in. (5.9 cm),China,,,,,,,,,,,Asian Art,Snuff Bottles,,False,True,https://www.metmuseum.org/art/collection/search/41280,https://images.metmuseum.org/CRDImages/as/original/14_40_520_O1.jpg,0,,,
58695,Case (Inrō) with Design of Shishi Dogs beside Rocks and Waterfall,Inrō,18th–19th century,Edo period (1615–1868),,,"Lacquer, roiro, yamimakie, black hiramakie, takamakie, gold metal inlay; Interior: gyobu nashiji and fundame",3 5/8 x 1 7/8 x 1 1/4 in. (9.2 x 4.8 x 3.1 cm),Japan,,,,Dogs|Waterfalls,,,,,,,Asian Art,Inrō,,False,True,https://www.metmuseum.org/art/collection/search/58695,https://images.metmuseum.org/CRDImages/as/original/LC-29_100_786-001.jpg,3,,,
719420,Goddess Durga Slaying the Demon Mahisha,Stele,second half of the 9th century,,,,Schist,"H. incl. base 42 1/2 in. (108 cm); H. 39 in. (99.1 cm); W. 21 in. (53.3 cm); D. 7 in. (17.8 cm)
Base: H. 3 1/2 in. (8.9 cm); W. 22 1/2 in. (57.2 cm); D. 8 1/2 in. (21.6 cm)","Eastern India, Bihar, probably Gaya district",,,,Swords|Demons|Durga,,,,,,,Asian Art,Sculpture,,True,True,https://www.metmuseum.org/art/collection/search/719420,https://images.metmuseum.org/CRDImages/as/original/DP-12769-001.jpg,2,https://www.wikidata.org/wiki/Q116373735,,
38226,Head of Dionysos (The God of Wine and Divine Intoxication),Head,4th–5th century,,,,Terracotta,H. 10 1/4 in. (26 cm); W. 7 in. (17.8 cm); D. 6 3/4 in. (17.1 cm),Pakistan (ancient region of Gandhara),,,,Gandhara|Heads|Dionysus,,,,,,,Asian Art,Sculpture,,False,True,https://www.metmuseum.org/art/collection/search/38226,https://images.metmuseum.org/CRDImages/as/original/DP123380.jpg,0,https://www.wikidata.org/wiki/Q116377373,,
63767,Incense burner,Incense burner,18th–19th century,Edo period (1615–1868),,,"Pottery; design painted in overglaze blue, white, green and gold; separate metal lid Kiyomizu ware)",H. 8 in. (20.3 cm); W. 7 1/2 in. (19.1 cm),Japan,,,,Flowers,,,,,,,Asian Art,Ceramics,,False,True,https://www.metmuseum.org/art/collection/search/63767,https://images.metmuseum.org/CRDImages/as/original/1975_325_5.JPG,0,,,
40957,Covered Wine Pot,Covered wine pot,19th century,,,,Painted enamel,H. 6 3/4 in. (17.1 cm),China,,,,,,,,,,,Asian Art,Enamels,,False,True,https://www.metmuseum.org/art/collection/search/40957,https://images.metmuseum.org/CRDImages/as/original/24_80_485ab.JPG,0,,,
57278,Pheasant and Snake,Drawing,18th–19th century,Edo period (1615–1868),,,Ink and color on paper,11 x 16 1/2 in. (27.9 x 41.9 cm),Japan,,,,Pheasants|Snakes,Katsushika Hokusai,Artist,Japanese,1760,1849,,Asian Art,Paintings,"Japanese, Tokyo (Edo) 1760–1849 Tokyo (Edo)",False,True,https://www.metmuseum.org/art/collection/search/57278,https://images.metmuseum.org/CRDImages/as/original/DP-24995-001.jpg,0,https://www.wikidata.org/wiki/Q78725698,https://www.wikidata.org/wiki/Q5586,http://vocab.getty.edu/page/ulan/500060426
65168,Plaque with Head,Plaque,7th–9th century,Period of Tibetan Empire,,,Gold,H. 1 5/8 in. (4.1 cm); W. 1 in. (2.5 cm),"China (Xinjiang Autonomous Region, Central Asia)",,,,,,,,,,,Asian Art,Metalwork,,False,True,https://www.metmuseum.org/art/collection/search/65168,https://images.metmuseum.org/CRDImages/as/original/DP271830.jpg,0,,,
47806,Bottle,Bottle,18th century,Edo period (1615–1868),,,Clay covered with a crackled transparent glaze and a slightly thicker overglaze (Karatsu ware),H. 7 3/4 in. (19.7 cm),Japan,,,,,,,,,,,Asian Art,Ceramics,,False,True,https://www.metmuseum.org/art/collection/search/47806,https://images.metmuseum.org/CRDImages/as/original/16028.jpg,0,,,
46916,Meiping vase,Vase,early 18th century,"Qing dynasty (1644–1911), Kangxi period (1662–1722)",,,Porcelain with crackled green glaze (Jingdezhen ware),H. 5 3/4 in. (14.6 cm); Diam. 3 1/2 in. (8.9 cm),China,,,,,,,,,,,Asian Art,Ceramics,,False,True,https://www.metmuseum.org/art/collection/search/46916,https://images.metmuseum.org/CRDImages/as/original/LC-14_40_248_whs-001.jpg,0,,,
41951,Vase,Vase,1662–1722,"Qing dynasty (1644–1911), Kangxi period (1662–1722)",,,Ivory,H. 19 in. (48.3 cm); W. 5 5/8 in. (14.3 cm); Diam. 4 7/8 in. (12.4 cm),China,,,,Human Figures|Boats,,,,,,,Asian Art,Ivories,,False,True,https://www.metmuseum.org/art/collection/search/41951,https://images.metmuseum.org/CRDImages/as/original/55_155_2_O1.jpg,0,,,
51768,The Hundred Flowers,Handscroll,1280–1380,Ming (1368–1644) or Qing (1644–1911) dynasty,,,Handscroll; ink and color on silk,97 1/2 x 12 5/8 in. (247.7 x 32.1 cm),China,,,,Flowers,Wang Yuan,Artist,Chinese,1270,1359,,Asian Art,Paintings,"Chinese, ca. 1280–after 1349",False,True,https://www.metmuseum.org/art/collection/search/51768,https://images.metmuseum.org/CRDImages/as/original/DP202864_CRD.jpg,13,https://www.wikidata.org/wiki/Q78796699,https://www.wikidata.org/wiki/Q2889034,http://vocab.getty.edu/page/ulan/500125697
50165,Jar,Jar,-2500–-1000,Late Jōmon period (ca. 2500–1000 BCE),,,Earthenware with incised decoration,H. 7 7/8 in. (20 cm); Diam. 6 1/2 in. (16.5 cm),Japan,,,,,,,,,,,Asian Art,Ceramics,,False,True,https://www.metmuseum.org/art/collection/search/50165,https://images.metmuseum.org/CRDImages/as/original/DT10515.jpg,2,https://www.wikidata.org/wiki/Q83562539,,
902221,Phrase about the female deity Mazu,Hanging scroll,ca. 1665–71,,,,Hanging scroll; ink on paper,"Image: 47 13/16 × 13 7/8 in. (121.4 × 35.3 cm)
Overall with mounting: 77 9/16 × 23 3/8 in. (197 × 59.3 cm)",Japan,,,,,Jifei Ruyi (Sokuhi Nyoitsu),Artist,Chinese,1616,1671,,Asian Art,Calligraphy,"Chinese, 1616–1671",False,True,https://www.metmuseum.org/art/collection/search/902221,https://images.metmuseum.org/CRDImages/as/original/DP-32436-002.jpg,1,,,
50033,Vase with Garden Scene,Vase,18th century,Qing dynasty (1644–1911),,,“Soft paste” porcelain painted with cobalt blue under a transparent glaze (Jingdezhen ware),H. 16 3/4 in. (42.5 cm); Diam. 8 3/4 in. (22.2 cm),China,,,,Buildings|Trees,,,,,,,Asian Art,Ceramics,,False,True,https://www.metmuseum.org/art/collection/search/50033,https://images.metmuseum.org/CRDImages/as/original/188933.jpg,0,,,
36508,"Ushibori in Hitachi Province (Jōshū Ushibori), from the series Thirty-six Views of Mount Fuji (Fugaku sanjūrokkei)",Woodblock print,ca. 1830–32,Edo period (1615–1868),,,Woodblock print; ink and color on paper,9 11/16 x 14 7/16 in. (24.6 x 36.7 cm),Japan,,,,Mountains|Boats,Katsushika Hokusai,Artist,Japanese,1760,1849,,Asian Art,Prints,"Japanese, Tokyo (Edo) 1760–1849 Tokyo (Edo)",False,True,https://www.metmuseum.org/art/collection/search/36508,https://images.metmuseum.org/CRDImages/as/original/DP140994.jpg,0,,https://www.wikidata.org/wiki/Q5586,http://vocab.getty.edu/page/ulan/500060426
49227,The Palace of Nine Perfections,Hanging scrolls,1691,Qing dynasty (1644–1911),,,Set of twelve hanging scrolls; ink and color on silk,"Image: 81 1/2 in. × 18 ft. 5 3/4 in. (207 × 563.2 cm)
Overall with mounting: 94 1/4 in. × 19 ft. (239.4 × 579.1 cm)",China,,,,Palaces|Landscapes,Yuan Jiang,Artist,Chinese,1680,1730,,Asian Art,Paintings,active ca.1680–ca.1730,False,True,https://www.metmuseum.org/art/collection/search/49227,https://images.metmuseum.org/CRDImages/as/original/DP274140.jpg,15,https://www.wikidata.org/wiki/Q78825276,https://www.wikidata.org/wiki/Q8060022,http://vocab.getty.edu/page/ulan/500337812
64023,Epitaph for Huangfu Dan (died 604),Rubbing,20th century,,,,Ink on paper,Image: 71 7/16  × 36 in. (181.5 × 91.4 cm),China,,,,,,,,,,,Asian Art,Rubbing,,False,True,https://www.metmuseum.org/art/collection/search/64023,https://images.metmuseum.org/CRDImages/as/original/1977_375_8_O1_sf.jpg,1,,,
50206,Ring with Reddish-purple Stone Set in Square Bezel,Ring,Second half of the 8th–second half of the 10th century,Central Javanese period,,,Gold with reddish-purple stone,H. 1/8 in. (0.3 cm); Diam. 1 1/16 in. (2.7 cm),Indonesia (Java),,,,,,,,,,,Asian Art,Jewelry,,False,True,https://www.metmuseum.org/art/collection/search/50206,https://images.metmuseum.org/CRDImages/as/original/1998_544_335.JPG,2,,,
48950,Landscapes after old masters,Album,dated 1630,Ming dynasty (1368–1644),,,Album of eight leaves; ink on paper,Image (each): 9 5/8 x 6 5/16 in. (24.4 x 16 cm),China,,,,Mountains|Landscapes,Dong Qichang,Artist,Chinese,1555,1636,,Asian Art,Paintings,"Chinese, 1555–1636",False,True,https://www.metmuseum.org/art/collection/search/48950,https://images.metmuseum.org/CRDImages/as/original/DT8375.jpg,11,https://www.wikidata.org/wiki/Q78833581,https://www.wikidata.org/wiki/Q537211,http://vocab.getty.edu/page/ulan/500125621
57080,Three Courtesans,Print,1615–1806,Edo period (1615–1868),,,Woodblock print; ink and color on paper,14 5/8 x 10 1/8 in. (37.1 x 25.7 cm),Japan,,,,Women,Kitagawa Utamaro,Artist,Japanese,1754,1806,,Asian Art,Prints,"Japanese, ca. 1754–1806",False,True,https://www.metmuseum.org/art/collection/search/57080,https://images.metmuseum.org/CRDImages/as/original/DP135544.jpg,0,,https://www.wikidata.org/wiki/Q272045,http://vocab.getty.edu/page/ulan/500054492
60971,Box with cover,Box with cover,1426–1435,"Ming dynasty (1368–1644), Xuande period (1426–35)",,,Cinnabar lacquer,H. (with cover) 1 3/4 in. (4.4 cm); Diam. 4 in. (10.2 cm),China,,,,Leaves,,,,,,,Asian Art,Lacquer,,False,True,https://www.metmuseum.org/art/collection/search/60971,https://images.metmuseum.org/CRDImages/as/original/50_221_46ab_O1.JPG,1,,,
44631,Ornament from a crown,Crown ornament,916–1125,Liao dynasty (907–1125),,,Gold,H. 2 3/8 (6 cm); W. 3 3/8 in. (8.6 cm),China,,,,,,,,,,,Asian Art,Jewelry,,False,True,https://www.metmuseum.org/art/collection/search/44631,https://images.metmuseum.org/CRDImages/as/original/DP231816.jpg,1,,,
56612,Courtesan Placing a Hairpin in Her Hair,Print,ca. 1714,Edo period (1615–1868),,,Monochrome woodblock print (sumizuri-e); ink on paper,22 3/4 x 12 3/4 in. (57.8 x 32.4 cm),Japan,,,,Women,Kaigetsudō Anchi,Artist,Japanese,1714,1714,,Asian Art,Prints,"Japanese, active 1714",False,True,https://www.metmuseum.org/art/collection/search/56612,https://images.metmuseum.org/CRDImages/as/original/DP146879.jpg,0,,https://www.wikidata.org/wiki/Q3191945,http://vocab.getty.edu/page/ulan/500331231
69878,Piece,Piece,20th century,,,,Silk,21 1/2 x 21 1/2 in. (54.61 x 54.61 cm),China,,,,Flowers,,,,,,,Asian Art,Textiles-Woven,,False,True,https://www.metmuseum.org/art/collection/search/69878,https://images.metmuseum.org/CRDImages/as/original/143169.jpg,0,,,
62833,Astronomical Clock,Clock,18th–19th century,Edo (1615–1868) or Meiji period (1868–1912),,,"Brass, steel and wood",Diam. of dial 6 1/8 in. (15.6 cm),Japan,,,,,,,,,,,Asian Art,Horology-Clocks,,False,True,https://www.metmuseum.org/art/collection/search/62833,https://images.metmuseum.org/CRDImages/as/original/00_12_19_F.JPG,0,,,
60719,Cricket cage,Cricket cage,18th–19th century,Qing dynasty (1644–1911),,,"Gourd, ivory",H. 4 1/2 in. (11.4 cm); Diam. 2 5/8 in. (6.7 cm),China,,,,,,,,,,,Asian Art,Cricket cages,,False,True,https://www.metmuseum.org/art/collection/search/60719,https://images.metmuseum.org/CRDImages/as/original/28_186_15.jpg,0,,,
62029,Evening Faces,Print,ca. 1845–46,Edo period (1615–1868),,,Woodblock print; ink and color on paper,13 1/2 x 9 in. (34.3 x 22.9 cm),Japan,,,,Birds|Women|Leaves|Evening,Utagawa Kuniyoshi,Artist,Japanese,1797,1861,,Asian Art,Prints,"Japanese, 1797–1861",False,True,https://www.metmuseum.org/art/collection/search/62029,https://images.metmuseum.org/CRDImages/as/original/DP144011.jpg,0,,https://www.wikidata.org/wiki/Q317736,http://vocab.getty.edu/page/ulan/500063102
47069,Dish with Stone Wall,Dish,first half of the 18th century,Edo period (1615–1868),,,"Porcelain with underglaze blue and overglaze polychrome enamels, gold (Arita ware, Imari type)",H. 2 1/4 in. (5.7 cm); Diam. of rim 10 1/4 in. (26 cm); Diam. of foot 6 1/4 in. (15.9 cm),Japan,,,,Trees,,,,,,,Asian Art,Ceramics,,False,True,https://www.metmuseum.org/art/collection/search/47069,https://images.metmuseum.org/CRDImages/as/original/30262.jpg,0,,,
64203,"Ear Ornament, Garuda",Ear ornament,8th–12th century,,,,Gold,W. 11/16 in. (1.8 cm),Indonesia (Central Java),,,,,,,,,,,Asian Art,Jewelry,,False,True,https://www.metmuseum.org/art/collection/search/64203,https://images.metmuseum.org/CRDImages/as/original/2001_794_11.jpg,0,,,
54921,Young Woman and Girl at Gate,Print,19th century,Edo period (1615–1868),,,Woodblock print (surimono); ink and color on paper,5 9/16 x 7 1/2 in. (14.1 x 19.1 cm),Japan,,,,Gates|Girls|Women|Trees,Ryūryūkyo Shinsai,Artist,Japanese,1799,1823,,Asian Art,Prints,"Japanese, active ca. 1799–1823",False,True,https://www.metmuseum.org/art/collection/search/54921,https://images.metmuseum.org/CRDImages/as/original/DP138260.jpg,0,,https://www.wikidata.org/wiki/Q11534045,http://vocab.getty.edu/page/ulan/500334455
54556,Courtesan Dreaming of the New Year Procession,Print,1814,Edo period (1615–1868),,,Woodblock print (surimono); ink and color on paper,8 1/4 x 7 1/4 in. (21 x 18.4 cm),Japan,,,,Fans|Women|Reading,Kubo Shunman,Artist,Japanese,1757,1820,,Asian Art,Prints,"Japanese, 1757–1820",False,True,https://www.metmuseum.org/art/collection/search/54556,https://images.metmuseum.org/CRDImages/as/original/DP135787.jpg,0,,https://www.wikidata.org/wiki/Q3200184,http://vocab.getty.edu/page/ulan/500121370
55498,The Actor Nakamura Nakazo in Shibaraku in Dark Green Robes,Woodblock print (nishiki-e),ca. 1781,Edo period (1615–1868),,,Woodblock print (nishiki-e); ink and color on paper,H. 12 13/16 in. (32.5 cm); W. 5 11/16 in. (14.4 cm),Japan,,,,Men|Actors,Katsukawa Shunshō　勝川春章,Artist,Japanese,1726,1792,,Asian Art,Prints,"Japanese, 1726–1792",False,True,https://www.metmuseum.org/art/collection/search/55498,https://images.metmuseum.org/CRDImages/as/original/DP132849.jpg,0,,https://www.wikidata.org/wiki/Q1358636,http://vocab.getty.edu/page/ulan/500118856
77326,Shard (Study Collection),Shard,1368–1911,Ming (1368–1644)–Qing (1644–1911) dynasties,,,Blue-and-white porcelain,smallest: 3/4 in. (1.9 cm)–largest: 4 1/2 in. (11.4 cm),China,,,,,,,,,,,Asian Art,Ceramics,,False,True,https://www.metmuseum.org/art/collection/search/77326,https://images.metmuseum.org/CRDImages/as/original/1982_464_15.jpg,0,,,
60931,Temple Eave Tile with Lotus Design,Roof tile,710–794,Nara period (710–794),,,Earthenware,H. 1 1/2 in. (3.8 cm); Diam. 9 in. (22.9 cm),Japan,,,,,,,,,,,Asian Art,Ceramics,,False,True,https://www.metmuseum.org/art/collection/search/60931,https://images.metmuseum.org/CRDImages/as/original/207032.jpg,0,,,
39259,Tortoise Avatar of Vishnu,Figure,18th–19th century,,,,Bronze,H. 5 3/8 in. (13.7 cm),India,,,,,,,,,,,Asian Art,Sculpture,,False,True,https://www.metmuseum.org/art/collection/search/39259,https://images.metmuseum.org/CRDImages/as/original/48_30_6.JPG,0,,,
69634,Fragments,Fragments,8th century,"Nara period (710–794), Tempyō (729–749)",,,Scrim weave,Overall: 12 x 10 in. (30.5 x 25.4 cm),Japan,,,,,,,,,,,Asian Art,Textiles-Painted and Printed,,False,True,https://www.metmuseum.org/art/collection/search/69634,https://images.metmuseum.org/CRDImages/as/original/132510.jpg,1,,,
64046,Letter about a Stomachache (Du tong tie),Rubbing,19th century rubbing of a 10th century stone carving,,,,Ink on paper,"a (sheet, pre-conservation): 13 × 20 1/2 in. (33 × 52 cm)
b (sheet, pre-conservation): 12 3/16 × 20 1/2 in. (31 × 52 cm)",China,,,,,Zhang Xu,Calligrapher,Chinese,0665,0769,,Asian Art,Rubbing,"Chinese, ca. 675–759",False,True,https://www.metmuseum.org/art/collection/search/64046,https://images.metmuseum.org/CRDImages/as/original/1977_375_31a_label_strip_sf.jpg,2,,,http://vocab.getty.edu/page/ulan/500121794
61187,Belt Hook,Belt hook,960–1279,Song dynasty (960–1279) (?),,,Silver,H. 1 7/8 in. (4.8 cm); W. 1 in. (2.5 cm),China,,,,,,,,,,,Asian Art,Metalwork,,False,True,https://www.metmuseum.org/art/collection/search/61187,https://images.metmuseum.org/CRDImages/as/original/DP167691.jpg,1,,,
68922,Rank Badge with Manchurian Crane,Rank Badge,early 18th century,Qing dynasty (1644–1911),,,"Silk, metallic thread",10 3/4 x 11 1/2 in. (27.31 x 29.21 cm),China,,,,Bats|Cranes,,,,,,,Asian Art,Textiles-Embroidered,,False,True,https://www.metmuseum.org/art/collection/search/68922,https://images.metmuseum.org/CRDImages/as/original/79899.jpg,0,,,
61805,Kosode Fragment,Piece from a kosode,late 17th–mid-18th century,Edo period (1615–1868),,,Ground of white crepe (chirimen) with dark stripes,H. 35 1/16 in. (89 cm); W. 14 3/4 in. (37.5 cm),Japan,,,,Flowers,,,,,,,Asian Art,Textiles-Dyed and Embroidered,,False,True,https://www.metmuseum.org/art/collection/search/61805,https://images.metmuseum.org/CRDImages/as/original/2001_428_22_O1.JPG,0,,,
62363,Figure of a Turtle,Figure,18th–19th century,Edo period (1615–1868),,,Bronze,H. 2 3/4 in. (7 cm); L. 4 1/4 in. (10.8 cm),Japan,,,,,,,,,,,Asian Art,Sculpture,,False,True,https://www.metmuseum.org/art/collection/search/62363,https://images.metmuseum.org/CRDImages/as/original/LC14_58_165_03.jpg,2,,,
61846,Long-Sleeved Kimono (Furisode) with Hydrangeas and Cherry Blossoms,Kimono,early 20th century,Meiji period (1868–1912),,,Resist-dyed and painted silk satin,Overall: 65 x 51 in. (165.1 x 129.5 cm),Japan,,,,,,,,,,,Asian Art,Costumes,,False,True,https://www.metmuseum.org/art/collection/search/61846,https://images.metmuseum.org/CRDImages/as/original/DP258847.jpg,3,,,
46597,Figure of a stork (one of a pair),Figure,late 18th century,"Qing dynasty (1644–1911), Qianlong period (1736–95)",,,Porcelain painted with overglazed polychrome enamels (Jingdezhen ware),H. 11 3/8 in. (28.9 cm),China,,,,Birds,,,,,,,Asian Art,Ceramics,,False,True,https://www.metmuseum.org/art/collection/search/46597,https://images.metmuseum.org/CRDImages/as/original/14_58_72_O2_sf.jpg,4,,,
47057,Incense Burner,Incense burner,19th century,Edo (1615–1868) or Meiji period (1868–1912),,,Pottery glazed in colors (Kyoto ware),L. 5 3/4 in. (14.6 cm),Japan,,,,,,,,,,,Asian Art,Ceramics,,False,True,https://www.metmuseum.org/art/collection/search/47057,https://images.metmuseum.org/CRDImages/as/original/13244.jpg,0,,,
45430,View of the Kamo River from Sanbogi at Dawn,Hanging scroll,1829,Edo period (1615–1868),,,Hanging scroll; ink and color on paper,"Image: 26 x 9 1/8 in. (66 x 23.2 cm)
Overall with mounting: 43 5/8 x 28 3/4 in. (110.8 x 73 cm)
Overall with rollers: 32 1/2 in. (82.6 cm)",Japan,,,,Mountains|Landscapes,Oda Kaisen,Artist,Japanese,1785,1862,,Asian Art,Paintings,"Japanese, 1785–1862",False,True,https://www.metmuseum.org/art/collection/search/45430,https://images.metmuseum.org/CRDImages/as/original/DP-36541-002.jpg,2,https://www.wikidata.org/wiki/Q78847428,https://www.wikidata.org/wiki/Q11463156,http://vocab.getty.edu/page/ulan/500123330
53258,Open Bracelet with Two Facing Dragonflies,Bracelet,300 BCE–CE 400,Late period,,,Bronze,H. 3 1/2 in. (8.9 cm); W. 4 3/4 in. (12.1 cm),Thailand,,,,Dragonflies,,,,,,,Asian Art,Jewelry,,False,True,https://www.metmuseum.org/art/collection/search/53258,https://images.metmuseum.org/CRDImages/as/original/2001_433_188_O2.jpg,0,,,
36707,Chofu no Tamagawa,Print,ca. 1789,Edo period (1615–1868),,,Woodblock print; ink and color on paper,10 1/8 x 7 5/8 in. (25.7 x 19.4 cm),Japan,,,,Children|Women|Trees,Utagawa Toyokuni I,Artist,Japanese,1769,1825,,Asian Art,Prints,"Japanese, 1769–1825",False,True,https://www.metmuseum.org/art/collection/search/36707,https://images.metmuseum.org/CRDImages/as/original/DP136933.jpg,0,,https://www.wikidata.org/wiki/Q950316,http://vocab.getty.edu/page/ulan/500081100
43415,Fragment,Fragment,1902,,,,Jadeite,H. 7 3/4 in. (19.7 cm); W. 4 15/16 in. (12.5 cm); L. 1 13/16in. (4.6 cm),Myanmar (Burma),,,,,,,,,,,Asian Art,Jade,,False,True,https://www.metmuseum.org/art/collection/search/43415,https://images.metmuseum.org/CRDImages/as/original/02_18_06 Fragment.JPG,1,,,
44421,Pear-Shaped Jar (Hu),Jar,2500–2000 BCE,"Neolithic period, Majiayao culture, Banshan-Machang type",,,Earthenware with pigment,H. 13 1/2 in. (34.3 cm),China,,,,,,,,,,,Asian Art,Ceramics,,False,True,https://www.metmuseum.org/art/collection/search/44421,https://images.metmuseum.org/CRDImages/as/original/LC-1994_605_125_001.jpg,3,,,
897124,"After The Song of Peach Blossom Spring, attributed to Dong Qichang, with an inscription of Wang Wei’s poem attributed to Chen Jiru",Hanging scroll,ca. 1794,Edo period (1615–1868),,,Hanging scroll: ink and color on silk,"Image: 55 1/8 × 23 5/8 in. (140 × 60 cm)
Overall with mounting: 79 3/4 × 26 3/4 in. (202.6 × 67.9 cm)
Overall with knobs: 79 3/4 × 30 1/4 in. (202.6 × 76.8 cm)",Japan,,,,,Aoki Shukuya,Artist,Japanese,1737,1802,,Asian Art,Paintings,"Japanese, 1737–1802",False,True,https://www.metmuseum.org/art/collection/search/897124,https://images.metmuseum.org/CRDImages/as/original/DP-31481-002.jpg,1,https://www.wikidata.org/wiki/Q126100251,,
666570,Brush pot,Brush pot,17th century,Ming dynasty (1368–1644),,,Huanghuali (rosewood),H. 10 in. (25.4 cm); Diam. 13 1/4 in. (33.7 cm),China,,,,,,,,,,,Asian Art,Woodwork,,False,True,https://www.metmuseum.org/art/collection/search/666570,https://images.metmuseum.org/CRDImages/as/original/DP-34612-001.jpg,3,,,
59628,"Netsuke of Seated Tiger, Tail Resting on his Back;",Netsuke,1615–1868,Edo period (1615–1868),,,Ivory,H. 1 3/8 in. (3.5 cm); W. 1 3/8 in. (3.5 cm); L. 1 5/8 in. (4.1 cm),Japan,,,,Tigers,,,,,,,Asian Art,Netsuke,,False,True,https://www.metmuseum.org/art/collection/search/59628,https://images.metmuseum.org/CRDImages/as/original/67_55_80_S1_sf.jpg,6,,,
49521,Watchtower with Four Archers,Architectural model,ca. 1st–early 3rd century,Eastern Han dynasty (25–220),,,Earthenware with green lead glaze,H. 31 11/16 in. (80.5 cm); W. 16 1/4 in. (41.3 cm),China,,,,Human Figures|Towers,,,,,,,Asian Art,Tomb Pottery,,False,True,https://www.metmuseum.org/art/collection/search/49521,https://images.metmuseum.org/CRDImages/as/original/2000_662_4a-c.jpg,0,https://www.wikidata.org/wiki/Q116313641,,
68895,Medallion,Medallion,late 18th–early 19th century,Qing dynasty (1644–1911),,,Silk on silk,13 1/4 x 13 1/4 in. (33.66 x 33.66 cm),China,,,,Fruit|Leaves,,,,,,,Asian Art,Textiles-Embroidered,,False,True,https://www.metmuseum.org/art/collection/search/68895,https://images.metmuseum.org/CRDImages/as/original/TP461.jpg,0,,,
37248,Otsu,Print,ca. 1840,Edo period (1615–1868),,,Woodblock print; ink and color on paper,Overall: 8 3/4 x 13 3/4in. (22.2 x 34.9cm),Japan,,,,Men|Women|Street Scene|Markets,Utagawa Hiroshige,Artist,,,,,Asian Art,Prints,,False,True,https://www.metmuseum.org/art/collection/search/37248,https://images.metmuseum.org/CRDImages/as/original/DP123205.jpg,0,https://www.wikidata.org/wiki/Q83528023,https://www.wikidata.org/wiki/Q200798,http://vocab.getty.edu/page/ulan/500019641
44680,Zodiac figure: goat,Figure,18th century,Qing dynasty (1644–1911),,,Biscuit porcelain with turquoise and purple glazes,H. 6 in. (15.2 cm),China,,,,Mythical Creatures|Goats|Zodiac,,,,,,,Asian Art,Ceramics,,False,True,https://www.metmuseum.org/art/collection/search/44680,https://images.metmuseum.org/CRDImages/as/original/DP-18680-001.jpg,2,,,
57951,Box for Paper (Ryōshibako) with Decoration of Butterflies and Autumn Grasses,Box,second half of the 19th century,Meiji period (1868–1912),,,"Lacquered wood with gold, silver, color (iroko) togidashimaki-e on black lacquer ground",H. 2 3/4 in. (7 in.); W. 6 in. (15.2 in.); L. 13 5/8 in. (34.6 cm),Japan,,,,Butterflies,,,,,,,Asian Art,Lacquer,,False,True,https://www.metmuseum.org/art/collection/search/57951,https://images.metmuseum.org/CRDImages/as/original/DP332225.jpg,23,,,
45538,Bracelet,Bracelet,ca. 6th century,Kofun period (ca. 300–710),,,Copper,Diam. 3 in. (7.6 cm),Japan,,,,,,,,,,,Asian Art,Jewelry,,False,True,https://www.metmuseum.org/art/collection/search/45538,https://images.metmuseum.org/CRDImages/as/original/LC-12_37_48-001.jpg,1,,,
40571,Necklace or Rosary (?),Necklace or rosary,mid-18th–19th century,,,,"Gold, coral",L. 41 in. (104.1 cm); Diam. 5/16 in. (0.8 cm),Philippines,,,,,,,,,,,Asian Art,Jewelry,,False,True,https://www.metmuseum.org/art/collection/search/40571,https://images.metmuseum.org/CRDImages/as/original/12_176_20_O.JPG,2,,,
48143,Bowl with wave pattern,Bowl,13th–14th century,Yuan dynasty (1271–1368),,,Stoneware with incised decoration and traces of enamel (Cizhou ware),H. 1 1/2 in. (3.8 cm); Diam. 3 7/8 in. (9.8 cm),China,,,,,,,,,,,Asian Art,Ceramics,,False,True,https://www.metmuseum.org/art/collection/search/48143,https://images.metmuseum.org/CRDImages/as/original/16_47_2_O1_sf.jpg,1,,,
59336,Netsuke of Three Monkeys on the Back of a Fish (Sanbiki Saru),Netsuke,19th century,Edo (1615–1868) or Meiji period (1868–1912),,,Wood,H. 1 5/16 in. (3.4 cm); W. 1 5/8 in. (4.1 cm),Japan,,,,Fish|Monkeys,,,,,,,Asian Art,Netsuke,,False,True,https://www.metmuseum.org/art/collection/search/59336,https://images.metmuseum.org/CRDImages/as/original/DP221796.jpg,1,,,
671016,The Four Deities of Mount Kōya,Hanging scroll,16th century,Muromachi period (1392–1573),,,"Hanging scroll; ink, color and gold on silk","Image: 40 3/16 × 19 1/2 in. (102 × 49.5 cm)
Overall with mounting: 65 15/16 × 25 7/16 in. (167.5 × 64.6 cm)
Overall with knobs: 65 15/16 × 27 5/8 in. (167.5 × 70.2 cm)",Japan,,,,Musical Instruments|Animals|Men|Women|Deities,,,,,,,Asian Art,Paintings,,False,True,https://www.metmuseum.org/art/collection/search/671016,https://images.metmuseum.org/CRDImages/as/original/DP700739.jpg,1,https://www.wikidata.org/wiki/Q78617490,,
36045,Blue Phoenix,Hanging scroll,late 19th–early 20th century,,,,Hanging scroll; ink and color on paper,85 1/2 x 23 in. (217.2 x 58.4 cm),China,,,,Phoenix,Jiang Baohua,Artist,Chinese,,,,Asian Art,Paintings,,False,True,https://www.metmuseum.org/art/collection/search/36045,https://images.metmuseum.org/CRDImages/as/original/DP-32744-002.jpg,1,,,
41139,Snuff bottle with stopper,Snuff bottle with stopper,18th–19th century,Qing dynasty (1644–1911),,,"Agate, jadeite",H. 2 in. (5.1 cm),China,,,,Human Figures,,,,,,,Asian Art,Snuff Bottles,,False,True,https://www.metmuseum.org/art/collection/search/41139,https://images.metmuseum.org/CRDImages/as/original/02_18_963.JPG,0,,,
45347,Soba cup,Soba cup,late 17th–early 18th century,Edo period (1615–1868),,,Porcelain with underglaze blue (Arita ware),H. 2 3/8 in. (6 cm); Diam. 2 5/8 in. (6.7 cm),Japan,,,,,,,,,,,Asian Art,Ceramics,,False,True,https://www.metmuseum.org/art/collection/search/45347,https://images.metmuseum.org/CRDImages/as/original/212726.jpg,1,,,
58864,Inrō with the “Fifty-three Stations of the Tōkaidō”,Inrō,19th century,Edo period (1615–1868),,,"Five cases; lacquered wood with gold and silver takamaki-e, hiramaki-e, togidashimaki-e, cut-out gold foil on gold and nashiji ground
Netsuke: carved wood; Kintarō beating a Tengu
Ojime: gold bead with stag in relief",3 13/16 x 1 7/8 x 1 1/8 in. (9.7 x 4.7 x 2.8 cm),Japan,,,,Mountains|Landscapes,,,,,,,Asian Art,Inrō,,False,True,https://www.metmuseum.org/art/collection/search/58864,https://images.metmuseum.org/CRDImages/as/original/31_49_12_O3.JPG,4,,,
52893,Bowl,Bowl,1368–1644,Ming dynasty (1368–1644),,,Porcelain,H. 3 5/8 in. (9.2 cm); Diam. 7 3/8 in. (18.7 cm),China,,,,Animals,,,,,,,Asian Art,Ceramics,,False,True,https://www.metmuseum.org/art/collection/search/52893,https://images.metmuseum.org/CRDImages/as/original/24_80_561_57289.jpg,0,,,
38280,Water Spout in the Form of a Makara,Water spout,ca. 10th century,Central or Eastern Javanese period,,,Andesite,H. 14 13/16 in. (37.6 cm); W. 13 7/16 in. (34.2 cm),Indonesia (Java),,,,Mythical Creatures|Hinduism,,,,,,,Asian Art,Sculpture,,False,True,https://www.metmuseum.org/art/collection/search/38280,https://images.metmuseum.org/CRDImages/as/original/1983_511_2.jpg,0,https://www.wikidata.org/wiki/Q116377227,,
70690,Stencil,Stencil,19th century,Edo period (1615–1868),,,Paper,16 1/4 x 10 1/2 in. (41.3 x 26.7 cm),Japan,,,,,,,,,,,Asian Art,Stencils,,False,True,https://www.metmuseum.org/art/collection/search/70690,https://images.metmuseum.org/CRDImages/as/original/DP13832.jpg,0,,,
51034,Water Coupe (one of a pair),Water coupe,1662–1722,"Qing dynasty (1644–1911), Kangxi mark and period (1662–1722)",,,Porcelain with clair de lune glaze,H. (including modern silver lid) 3 3/8 in. (8.6 cm),China,,,,,,,,,,,Asian Art,Ceramics,,False,True,https://www.metmuseum.org/art/collection/search/51034,https://images.metmuseum.org/CRDImages/as/original/32_100_436_88128.jpg,0,,,
41784,Ink Tablet Decorated with Mythical Horse and the Eight Trigrams,Ink tablet,late 19th–early 20th century,early Republic period (late 19th–early 20th century),,,Ink,H. 1 7/8 in. (4.8 cm); W. 1 5/8 in. (4.1 cm),China,,,,Mythical Creatures,Xiu Fangzhai,Artist,Chinese,,,,Asian Art,Ink,Chinese,False,True,https://www.metmuseum.org/art/collection/search/41784,https://images.metmuseum.org/CRDImages/as/original/30_76_205_B.jpg,2,,,
67418,Piece,Piece,18th–19th century,,,,Silk,4 1/4 x 7 1/4 in. (10.80 x 18.41 cm),Japan,,,,,,,,,,,Asian Art,Textiles-Woven,,False,True,https://www.metmuseum.org/art/collection/search/67418,https://images.metmuseum.org/CRDImages/as/original/DP12995.jpg,0,,,
76609,Sutra Cover with Clouds and Auspicious Symbols,Sutra cover,16th century,Ming dynasty (1368–1644),,,Silk and metallic thread,Overall: 13 13/16 x 4 13/16 x 1/4 in. (35.1 x 12.2 x 0.6 cm),China,,,,Clouds,,,,,,,Asian Art,Textiles-Woven,,False,True,https://www.metmuseum.org/art/collection/search/76609,https://images.metmuseum.org/CRDImages/as/original/DP-14297-001.jpg,2,,,
52417,Octagonal Bowl,Bowl,1780,Edo period (1615–1868),,,"White porcelain decorated with blue under the glaze, polychrome enamels (Arita ware)",H. 1 1/2 in. (3.8 cm); Diam. 7 3/8 in. (18.7 cm),Japan,,,,Flowers,,,,,,,Asian Art,Ceramics,,False,True,https://www.metmuseum.org/art/collection/search/52417,https://images.metmuseum.org/CRDImages/as/original/93_3_393.JPG,0,,,
58363,Box,Box,19th century,,,,Lacquer,H. 1 1/2 in. (3.8 cm); W. 2 9/16 in. (6.5 cm); L. 3 1/4 in. (8.3 cm),Japan,,,,Trees,,,,,,,Asian Art,Lacquer,,False,True,https://www.metmuseum.org/art/collection/search/58363,https://images.metmuseum.org/CRDImages/as/original/1974_356_64_3ab_O1_sf.jpg,15,,,
37399,Reliquary with Contents,Reliquary with contents,ca. 2nd–3rd century,,,,Schist,"Lid : Diam. 5/8 in. (1.6 cm)
Box : Diam. 1 1/16 in. (2.7 cm)",Pakistan (ancient region of Gandhara),,,,Gandhara,,,,,,,Asian Art,Sculpture,,False,True,https://www.metmuseum.org/art/collection/search/37399,https://images.metmuseum.org/CRDImages/as/original/1987_412_2a-f.JPG,0,,,
60725,Cricket cage,Cricket cage,18th–19th century,Qing dynasty (1644–1911),,,"Gourd, jade",H. 4 in. (10.2 cm); Diam. 2 3/8 in. (6 cm),China,,,,,,,,,,,Asian Art,Cricket cages,,False,True,https://www.metmuseum.org/art/collection/search/60725,https://images.metmuseum.org/CRDImages/as/original/28_186_21.jpg,0,,,
40991,Osen Waiting on a Young Samurai,Print,ca. 1770,Edo period (1615–1868),,,Woodblock print; ink and color on paper,"10 3/4 x 7 7/8 in. (27.3 x 20 cm)
medium-size print (chu-ban)",Japan,,,,Samurai|Swords|Men|Women|Tea Drinking,Suzuki Harunobu,Artist,Japanese,1725,1770,,Asian Art,Prints,"Japanese, 1725–1770",False,True,https://www.metmuseum.org/art/collection/search/40991,https://images.metmuseum.org/CRDImages/as/original/DP119510.jpg,0,,https://www.wikidata.org/wiki/Q360978,http://vocab.getty.edu/page/ulan/500057319
39484,Bottle with Peony and Rock,Bottle,18th century,Edo period (1615–1868),,,Porcelain with underglaze blue (Hizen ware),H. 9 1/16 in. (23 cm),Japan,,,,Peonies,,,,,,,Asian Art,Ceramics,,False,True,https://www.metmuseum.org/art/collection/search/39484,https://images.metmuseum.org/CRDImages/as/original/DT4188.jpg,1,,,
41730,Snuff Bottle,Snuff bottle,18th century,Qing dynasty (1644–1911),,,Porcelain,H. 2 1/2 in. (6.4 cm); Diam. 1 5/8 in. (4.1 cm),China,,,,Human Figures,,,,,,,Asian Art,Snuff Bottles,,False,True,https://www.metmuseum.org/art/collection/search/41730,https://images.metmuseum.org/CRDImages/as/original/55_111_77.jpg,0,,,
42560,A Journey in Search of the Artist's Parents,Album,Dated 1656,Qing dynasty (1644–1911),,,Album of fourteen leaves; ink on paper,15 1/2 x 11 3/8 in. (39.4 x 28.9 cm),China,,,,Mountains|Landscapes,Unidentified artist,Artist,,,,,Asian Art,Paintings,,False,True,https://www.metmuseum.org/art/collection/search/42560,https://images.metmuseum.org/CRDImages/as/original/1970_2_1a.jpg,21,https://www.wikidata.org/wiki/Q78852919,,
72451,Niu Myōjin,Hanging scroll,early 14th century,Kamakura period (1185–1333),,,"Hanging scroll; ink, color, and gold on silk","Image: 32 5/8 × 14 7/16 in. (82.9 × 36.7 cm)
Overall with mounting: 66 9/16 × 20 in. (169 × 50.8 cm)
Overall with knobs: 66 9/16 × 21 3/4 in. (169 × 55.3 cm)",Japan,,,,Women|Buddhism,,,,,,,Asian Art,Paintings,,False,True,https://www.metmuseum.org/art/collection/search/72451,https://images.metmuseum.org/CRDImages/as/original/DP217405.jpg,1,https://www.wikidata.org/wiki/Q78714930,,
68261,Textile Sample from Sample Book,Sample,19th century,,,,Silk / Tapestry,5 3/4 x 5 3/4 in. (14.61 x 14.61 cm),Japan,,,,,,,,,,,Asian Art,Textiles-Woven,,False,True,https://www.metmuseum.org/art/collection/search/68261,https://images.metmuseum.org/CRDImages/as/original/DP14178.jpg,0,,,
62204,Fishing-Style Basket,Basket,19th century,Edo (1615–1868) or Meiji (1868–1912) period,,,Rattan with metal detail,H. 7 1/4 in. (18.4 cm); Diam. 3 1/2 in. (8.9 cm),Japan,,,,,,,,,,,Asian Art,Basketry,,False,True,https://www.metmuseum.org/art/collection/search/62204,https://images.metmuseum.org/CRDImages/as/original/91_1_2105_O.JPG,0,,,
56552,Print,Print,1703,Edo period (1615–1868),,,Woodblock print (hand-colored); ink and color on paper,10 3/4 x 14 1/2 in. (27.3 x 36.8 cm),Japan,,,,Men|Women,Torii Kiyonobu I,Artist,Japanese,1664,1729,,Asian Art,Prints,"Japanese, 1664–1729",False,True,https://www.metmuseum.org/art/collection/search/56552,https://images.metmuseum.org/CRDImages/as/original/DP124286.jpg,0,,https://www.wikidata.org/wiki/Q3179022,http://vocab.getty.edu/page/ulan/500118866
61614,Stele with Buddha,Stele,dated 574 (5th year of Wuping reign),Northern and Southern Dynasties (386–581),,,Earthenware,H. 4 5/8 in. (11.7 cm); W. 2 3/4 in. (7 cm),China,,,,Buddhism|Bodhisattvas,,,,,,,Asian Art,Sculpture,,False,True,https://www.metmuseum.org/art/collection/search/61614,https://images.metmuseum.org/CRDImages/as/original/30_76_137_O1.jpg,1,,,
69386,Stencil,Stencil,19th century,,,,"Paper, silk",12 1/8 x 15 3/4 in. (30.8 x 40 cm),Japan,,,,,,,,,,,Asian Art,Stencils,,False,True,https://www.metmuseum.org/art/collection/search/69386,https://images.metmuseum.org/CRDImages/as/original/DP13648.jpg,0,,,
70666,Stencil,Stencil,19th century,Edo period (1615–1868),,,Paper,16 1/4 x 10 1/2 in. (41.3 x 26.7 cm),Japan,,,,,,,,,,,Asian Art,Stencils,,False,True,https://www.metmuseum.org/art/collection/search/70666,https://images.metmuseum.org/CRDImages/as/original/DP13803.jpg,0,,,
70707,Stencil,Stencil,19th century,Edo period (1615–1868),,,Paper,16 1/4 x 10 1/2 in. (41.3 x 26.7 cm),Japan,,,,,,,,,,,Asian Art,Stencils,,False,True,https://www.metmuseum.org/art/collection/search/70707,https://images.metmuseum.org/CRDImages/as/original/DP13849.jpg,0,,,
47703,Plate,Plate,1736–1795,"Qing dynasty (1644–1911), Qianlong period (1736–95)",,,Porcelain painted in overglaze famille rose enamels,H. 1 3/4 in. (4.4 cm); Diam. of rim 15 3/8 in. (39.1 cm); Diam. of foot 9 1/8 in. (23.2 cm),China,,,,Birds|Flowers|Leaves,,,,,,,Asian Art,Ceramics,,False,True,https://www.metmuseum.org/art/collection/search/47703,https://images.metmuseum.org/CRDImages/as/original/79_2_699_O1.jpg,0,,,
71355,Piece,Piece,18th century,Edo period (1615–1868),,,Silk / Compound weave,3 × 2 1/8 in. (7.6 × 5.4 cm),Japan,,,,Fruit|Leaves,,,,,,,Asian Art,Textiles-Woven,,False,True,https://www.metmuseum.org/art/collection/search/71355,https://images.metmuseum.org/CRDImages/as/original/DP15841.jpg,0,,,
49446,Belt hook,Belt hook,4th–3rd century BCE,"Eastern Zhou dynasty, Warring States period (475–221 BCE)",,,"Gilt bronze inlaid with jade (nephrite), mother-of-pearl, glass, and turquoise",L. 6 1/2 in. (16.5 cm),China,,,,,,,,,,,Asian Art,Metalwork,,False,True,https://www.metmuseum.org/art/collection/search/49446,https://images.metmuseum.org/CRDImages/as/original/DP291168.jpg,1,,,
66689,Piece,Piece,18th–19th century,,,,Silk,5 1/2 x 1 1/2 in. (13.97 x 3.81 cm),Japan,,,,,,,,,,,Asian Art,Textiles-Woven,,False,True,https://www.metmuseum.org/art/collection/search/66689,https://images.metmuseum.org/CRDImages/as/original/DP12418.jpg,0,,,
71273,Piece,Piece,18th century,Edo period (1615–1868),,,Silk / Compound weave,2 3/4 × 3 in. (7 × 7.6 cm),Japan,,,,,,,,,,,Asian Art,Textiles-Woven,,False,True,https://www.metmuseum.org/art/collection/search/71273,https://images.metmuseum.org/CRDImages/as/original/DP15760.jpg,0,,,
37192,Grasshopper and Iris,Print,late 1820s,Edo period (1615–1868),,,Woodblock print; ink and color on paper,Overall: 9 3/4 x 14 3/16in. (24.8 x 36 cm),Japan,,,,Insects|Flowers,Katsushika Hokusai,Artist,Japanese,1760,1849,,Asian Art,Prints,"Japanese, Tokyo (Edo) 1760–1849 Tokyo (Edo)",False,True,https://www.metmuseum.org/art/collection/search/37192,https://images.metmuseum.org/CRDImages/as/original/DP141267.jpg,0,https://www.wikidata.org/wiki/Q60920016,https://www.wikidata.org/wiki/Q5586,http://vocab.getty.edu/page/ulan/500060426
72037,Piece,Piece,18th century,Edo period (1615–1868),,,Silk / Compound weave,8 7/8 × 4 3/4 in. (22.5 × 12.1 cm),Japan,,,,Flowers,,,,,,,Asian Art,Textiles-Woven,,False,True,https://www.metmuseum.org/art/collection/search/72037,https://images.metmuseum.org/CRDImages/as/original/DP14908.jpg,0,,,
48251,Vase,Vase,1780,Edo period (1615–1868),,,White porcelain decorated with polychrome enamels (Nabeshima ware),H. 9 3/4 in. (24.8 cm); Diam. 6 in. (15.2 cm),Japan,,,,Dragons,,,,,,,Asian Art,Ceramics,,False,True,https://www.metmuseum.org/art/collection/search/48251,https://images.metmuseum.org/CRDImages/as/original/30194.jpg,0,,,
68285,Two Pheasants on a Rock,Panel,19th century,Qing dynasty (1644–1911),,,Silk and metal thread tapestry (kesi) with ink and color,Overall: 38 1/2 x 24 1/2 in. (97.8 x 62.2 cm),China,,,,Pheasants,,,,,,,Asian Art,Textiles-Tapestries,,False,True,https://www.metmuseum.org/art/collection/search/68285,https://images.metmuseum.org/CRDImages/as/original/DP109318.jpg,0,https://www.wikidata.org/wiki/Q83562716,,
52383,Water jar,Water jar,19th century,Meiji period (1868–1912),,,Porcelain with polychrome enamel designs on all sides; lacquer lid,H. 5 7/8 in. (14.9 cm); W. 6 5/16 in. (16 cm); D. 6 7/8 in. (17.5 cm),Japan,,,,Animals|Flowers|Leaves,,,,,,,Asian Art,Ceramics,,False,True,https://www.metmuseum.org/art/collection/search/52383,https://images.metmuseum.org/CRDImages/as/original/225310.jpg,0,,,
56548,"The Fourth Scene, from the series Scenes of the Pleasure Quarter at Yoshiwara in Edo",Print,1615–1868,Edo period (1615–1868),,,Monochrome woodblock print; ink on paper,10 1/2 x 16 1/4 in. (26.7 x 41.3 cm),Japan,,,,Weapons|Men|Women,Hishikawa Moronobu 菱川師宣,Artist,Japanese,1618,1694,,Asian Art,Prints,"Japanese, 1618–1694",False,True,https://www.metmuseum.org/art/collection/search/56548,https://images.metmuseum.org/CRDImages/as/original/DP130170.jpg,0,,https://www.wikidata.org/wiki/Q11620184,http://vocab.getty.edu/page/ulan/500118854
75960,Child Saint Sambandar,Figure,late 11th century,Chola period (880–1279),,,Copper alloy,H. 29 3/8 in. (74.6 cm); W. 14 5/8 in. (37.1 cm); D. (rectangular base) 12 5/8 in. (32.1 cm),"India, Tamil Nadu",,,,Children|Saints,,,,,,,Asian Art,Sculpture,,True,True,https://www.metmuseum.org/art/collection/search/75960,https://images.metmuseum.org/CRDImages/as/original/DP234672.jpg,7,https://www.wikidata.org/wiki/Q29383379,,
72298,Weight in the Shape of Liubo Game Player,Weight,-206–220,Han dynasty (206 BCE–220 CE),,,Bronze with lead core,H. 3 5/8 in. (9.2 cm); W. 3 1/8 in. (7.9 cm); D. 2 1/2 in. (6.4 cm),China,,,,Men,,,,,,,Asian Art,Metalwork,,False,True,https://www.metmuseum.org/art/collection/search/72298,https://images.metmuseum.org/CRDImages/as/original/2003_522_3_F2.JPG,3,,,
66369,Piece,Piece,18th–19th century,Edo period (1615–1868),,,Silk,3 1/4 x 4 1/4 in. (8.26 x 10.80 cm),Japan,,,,,,,,,,,Asian Art,Textiles-Woven,,False,True,https://www.metmuseum.org/art/collection/search/66369,https://images.metmuseum.org/CRDImages/as/original/DP12061.jpg,1,,,
671033,Landscape,Handscroll,17th century,Edo period (1615–1868),,,Handscroll; ink on silk,Image: 12 3/4 × 19 5/8 in. (32.4 × 49.8 cm),Japan,,,,Bridges|Landscapes,Unkoku Tōban,Artist,Japanese,1633,1724,,Asian Art,Paintings,"Japanese, 1633–1724",False,True,https://www.metmuseum.org/art/collection/search/671033,https://images.metmuseum.org/CRDImages/as/original/2015_300_220_D1_Burke.jpg,21,https://www.wikidata.org/wiki/Q78617127,,
43557,Fragment of Ax,Fragment of ax,1902,,,,Jadeite,5/16 × 9/16 × 5/16 in. (0.8 × 1.4 × 0.8 cm),Hungary,,,,,,,,,,,Asian Art,Jade,,False,True,https://www.metmuseum.org/art/collection/search/43557,https://images.metmuseum.org/CRDImages/as/original/02_18_149_82806.jpg,1,,,
36784,The Actor Ichikawa Ebizō (Danjūrō V) as the Elderly Samurai Sasaki Ganryū (?),Woodblock print (nishiki-e),"probably 1792 (Kansei 4), 4th month",Edo period (1615–1868),,,Woodblock print (nishiki-e); ink and color on paper,Vertical hosoban; Image: 12 3/4 × 5 5/8 in. (32.4 × 14.3 cm),Japan,,,,Swords|Actors,Katsukawa Shun'ei 勝川春英,Artist,Japanese,1762,1819,,Asian Art,Prints,"Japanese, 1762–1819",False,True,https://www.metmuseum.org/art/collection/search/36784,https://images.metmuseum.org/CRDImages/as/original/DP136890.jpg,0,,https://www.wikidata.org/wiki/Q3194229,http://vocab.getty.edu/page/ulan/500057323
62533,Gourd-Shaped Bottle,Bottle,18th century,Edo period (1615–1868),,,"Porcelain decorated with blue under the glaze (Arita ware, Imari type)",H. 8 in. (20.3 cm),Japan,,,,Trees,,,,,,,Asian Art,Ceramics,,False,True,https://www.metmuseum.org/art/collection/search/62533,https://images.metmuseum.org/CRDImages/as/original/79_2_1198_O.JPG,0,,,
73478,Returning Sails at the Wharves  [American couple],Print,"1st month, 1861",Edo period (1615–1868),,,Woodblock print; ink and color on paper,Image: 14 7/8 x 9 15/16 in. (37.8 x 25.2 cm),Japan,,,,Men|Women|Ships|Umbrellas,Utagawa Yoshitora,Artist,Japanese,1845,1880,,Asian Art,Prints,"Japanese, active ca. 1850–80",False,True,https://www.metmuseum.org/art/collection/search/73478,https://images.metmuseum.org/CRDImages/as/original/DP148045.jpg,0,,https://www.wikidata.org/wiki/Q3075041,http://vocab.getty.edu/page/ulan/500342437
68340,Priest's Robe (Shichijō),"Robe, Priest's",1661–1673,Edo period (1615–1868),,,Silk,46 x 74 in. (116.84 x 187.96 cm),Japan,,,,,,,,,,,Asian Art,Textiles-Costumes,,False,True,https://www.metmuseum.org/art/collection/search/68340,https://images.metmuseum.org/CRDImages/as/original/44025.jpg,0,,,
66054,Piece,Piece,18th–19th century,Edo (1615–1868),,,Silk,6 3/4 x 3 1/4 in. (17.15 x 8.26 cm),Japan,,,,Monkeys,,,,,,,Asian Art,Textiles-Woven,,False,True,https://www.metmuseum.org/art/collection/search/66054,https://images.metmuseum.org/CRDImages/as/original/DP11810.jpg,0,,,
52578,Camel,Tomb figure,7th–8th century,Tang dynasty (618–907),,,Earthenware,H. 3 1/4 in. (8.3 cm); W. 2 7/8 in. (7.3 cm); D. 1 1/4 in. (3.2 cm),China,,,,Camels,,,,,,,Asian Art,Ceramics,,False,True,https://www.metmuseum.org/art/collection/search/52578,https://images.metmuseum.org/CRDImages/as/original/30_76_71_O1.jpg,1,,,
39490,"King Siddharta Listens to an Astrologer Forecast the Conception and Birth of His Son, the Jina Mahavira: Folio from a Kalpasutra Manuscript",Folio,late 14th century,,,,Opaque watercolor on paper,3 3/8 x 13 13/16 in. (8.6 x 35.1 cm),India (Gujarat),,,,Kings|Men,,,,,,,Asian Art,Paintings,,False,True,https://www.metmuseum.org/art/collection/search/39490,https://images.metmuseum.org/CRDImages/as/original/DP153181.jpg,0,https://www.wikidata.org/wiki/Q78872218,,
44128,Double vase,Double vase,18th century,,,,Carnelian and white agate,H. 4 1/4 in. (10.8 cm); W. 6 1/4 in. (15.9 cm),China,,,,,,,,,,,Asian Art,Hardstone,,False,True,https://www.metmuseum.org/art/collection/search/44128,https://images.metmuseum.org/CRDImages/as/original/02_18_869_O2.jpg,2,,,
41467,Snuff Bottle,Snuff bottle,1736–1795,"Qing dynasty (1644–1911), Qianlong period (1736–95)",,,Ivory,H. 3 5/8 in. (9.2 cm),China,,,,Men|Women,,,,,,,Asian Art,Snuff Bottles,,False,True,https://www.metmuseum.org/art/collection/search/41467,https://images.metmuseum.org/CRDImages/as/original/21_175_256ab_O1.jpg,0,,,
62893,Rank Badge with Crane,Rank badge,late 17th–early 18th century,Qing dynasty (1644–1911),,,Silk and metallic thread embroidery on silk satin,Overall: 13 1/2 x 12 1/4 in. (34.3 x 31.1cm),China,,,,Cranes,,,,,,,Asian Art,Textiles-Embroidered,,False,True,https://www.metmuseum.org/art/collection/search/62893,https://images.metmuseum.org/CRDImages/as/original/DT4772.jpg,0,,,
42950,Pig in Recumbent Position,Figure,1st–2nd century,Eastern Han dynasty (25–220),,,Jade (nephrite),H. 1 1/4 in. (3.2 cm); L. 4 1/4 in. (10.8 cm),China,,,,Pigs,,,,,,,Asian Art,Jade,,False,True,https://www.metmuseum.org/art/collection/search/42950,https://images.metmuseum.org/CRDImages/as/original/LC-30_120_129_001.jpg,3,,,
54587,"Segawa Tomisaburo in the Role of Musume Dojoji in ""Hanagatami Kazaori Eboshi""",Woodblock print (nishiki-e),February 1774,Edo period (1615–1868),,,Woodblock print (nishiki-e); ink and color on paper,H. 12 1/4 in. (31.1 cm); W. 5 3/4 in. (14.6 cm),Japan,,,,Fans|Men|Flowers|Actors,Katsukawa Shunshō　勝川春章,Artist,Japanese,1726,1792,,Asian Art,Prints,"Japanese, 1726–1792",False,True,https://www.metmuseum.org/art/collection/search/54587,https://images.metmuseum.org/CRDImages/as/original/DP132832.jpg,0,,https://www.wikidata.org/wiki/Q1358636,http://vocab.getty.edu/page/ulan/500118856
57810,One Hundred Paintings by Kōrin (Kōrin hyakuzu),Illustrated book,1815 (first two volumes) and–1826 (two sequel volumes),Edo period (1615–1868),,,Four volumes of woodblock printed books; ink on paper,Overall (each volume): H. 10 3/8 in. (26.4 cm); W. 7 3/16 in. (18.3 cm); D. 1 in. (2.5 cm),Japan,,,,Men|Dragons|Tigers|Flowers,Sakai Hōitsu,Artist,Japanese,1761,1828,,Asian Art,Illustrated Books,"Japanese, 1761–1828",False,True,https://www.metmuseum.org/art/collection/search/57810,https://images.metmuseum.org/CRDImages/as/original/JIB_118a_d_vol_a_O1_sf.jpg,84,,https://www.wikidata.org/wiki/Q3469342,http://vocab.getty.edu/page/ulan/500121066
66196,Piece,Piece,18th–19th century,Edo (1615–1868),,,Silk,6 3/4 x 5 3/4 in. (17.15 x 14.61 cm),Japan,,,,Mythical Creatures|Leaves,,,,,,,Asian Art,Textiles-Woven,,False,True,https://www.metmuseum.org/art/collection/search/66196,https://images.metmuseum.org/CRDImages/as/original/DP11483.jpg,0,,,
72181,Piece,Piece,18th century,Edo period (1615–1868),,,Silk / Compound weave,6 3/4 in. × 1 in. (17.1 × 2.5 cm),Japan,,,,,,,,,,,Asian Art,Textiles-Woven,,False,True,https://www.metmuseum.org/art/collection/search/72181,https://images.metmuseum.org/CRDImages/as/original/20_148_1195_dup_DP14760.jpg,1,,,
69829,Sutra Cover,Sutra Cover,17th century,,,,"Silk, metallic thread",5 1/4 x 14 in. (13.34 x 35.56 cm),China,,,,Lotuses,,,,,,,Asian Art,Textiles-Woven,,False,True,https://www.metmuseum.org/art/collection/search/69829,https://images.metmuseum.org/CRDImages/as/original/176172.jpg,0,,,
62530,Vase,Vase,19th century,Edo (1615–1868) or Meiji period (1868–1912),,,Covered with a finely crackled glaze (Satsuma ware),H. 6 3/4 in. (17.1 cm); Diam. 3 1/4 in. (8.3 cm),Japan,,,,,,,,,,,Asian Art,Ceramics,,False,True,https://www.metmuseum.org/art/collection/search/62530,https://images.metmuseum.org/CRDImages/as/original/79_2_1030_O.JPG,0,,,
59772,Netsuke of Tiger and Cub,Netsuke,19th century,Edo (1615–1868) or Meiji period (1868–1912),,,Ivory,H. 1 in. (2.5 cm); W. 1 1/2 in. (3.8 cm),Japan,,,,Tigers,,,,,,,Asian Art,Netsuke,,False,True,https://www.metmuseum.org/art/collection/search/59772,https://images.metmuseum.org/CRDImages/as/original/LC-10_211_36-001.jpg,5,,,
911904,Two Beauties Picking Dates,Print,1736–1795,"Qing dynasty (1644–1911), Qianlong period (1736–95)",,,Woodblock print; ink on paper with additional hand coloring,"Image: 19 1/2 × 10 1/2 in. (49.5 × 26.7 cm)
Sheet: 19 1/2 × 10 1/2 in. (49.5 × 26.7 cm)",China,,,,,,,,,,,Asian Art,Prints,,False,True,https://www.metmuseum.org/art/collection/search/911904,https://images.metmuseum.org/CRDImages/as/original/DP-40851-001.jpg,1,,,
60216,Netsuke of Skull,Netsuke,19th century,Edo (1615–1868) or Meiji period (1868–1912),,,Ivory,H. 1 5/8 in. (4.1 cm); W. 1 in. (2.5 cm); D. 2 1/4 in. (5.7 cm),Japan,,,,Skulls|Snails,,,,,,,Asian Art,Netsuke,,False,True,https://www.metmuseum.org/art/collection/search/60216,https://images.metmuseum.org/CRDImages/as/original/10_211_974_O2_sf.jpg,1,,,
46691,Vase with Horse and Kirin on Geometric Sayagata (key fret) Pattern (one of a pair),Flower vase,late 19th century,Meiji period (1868–1912),,,Porcelain with incised design and underglaze red,H. 4 3/4 in. (12.1 cm); Diam. of rim 1 1/4 in. (3.2 cm); Diam. 4 3/4 in. (12.1 cm); Diam. of base 2 1/4 in. (5.7 cm),Japan,,,,Horses,Makuzu Kōzan I (Miyagawa Toranosuke),Artist,Japanese,1842,1916,,Asian Art,Ceramics,"Japanese, 1842–1916",False,True,https://www.metmuseum.org/art/collection/search/46691,https://images.metmuseum.org/CRDImages/as/original/DP-13917-001.jpg,2,,,
68368,Altar Cloth,Altar Cloth,1688–1704,Edo period (1615–1868),,,"Silk, metallic thread",26 x 26 in. (66.04 x 66.04 cm),Japan,,,,,,,,,,,Asian Art,Textiles-Woven,,False,True,https://www.metmuseum.org/art/collection/search/68368,https://images.metmuseum.org/CRDImages/as/original/43970.jpg,0,,,
910069,Casket,Casket,second half 16th century,,,,"Ivory, brass and silver",H. 3 1/8 in. (8 cm); W. 7 1/2 in. (19 cm); D. 4 5/16 in. (11 cm),"Sri Lanka, probably Kandy",,,,,,,,,,,Asian Art,Ivories,,False,True,https://www.metmuseum.org/art/collection/search/910069,https://images.metmuseum.org/CRDImages/as/original/DP-39990-001.jpg,5,,,
65294,Belt Buckle with Raptor Attacking a Goat,Belt buckle,2nd century BCE,,,,Bronze,H. 2 1/4 in. (5.7 cm); W. 3 7/8 in. (9.8 cm),Inner Mongolia,,,,Birds|Goats,,,,,,,Asian Art,Metalwork,,False,True,https://www.metmuseum.org/art/collection/search/65294,https://images.metmuseum.org/CRDImages/as/original/2002_201_126.JPG,0,,,
69828,Sutra Cover,Sutra Cover,17th century,,,,Silk,14 1/4 x 6 1/4 in. (36.20 x 15.88 cm),China,,,,Flowers,,,,,,,Asian Art,Textiles-Woven,,False,True,https://www.metmuseum.org/art/collection/search/69828,https://images.metmuseum.org/CRDImages/as/original/176063.jpg,0,,,
70509,Length,Length,20th century,,,,Silk,10 1/2 x 48 1/4 in. (26.67 x 122.56 cm),Japan,,,,Infants|Flowers,Kawashima Weaving Co.,Artist,,,,,Asian Art,Textiles-Woven,,False,True,https://www.metmuseum.org/art/collection/search/70509,https://images.metmuseum.org/CRDImages/as/original/198315.jpg,0,,,
62946,Female musician with a drum,Figure,6th century,Sui dynasty (581–618),,,Polychromed reddish earthenware,H. 9 in. (22.9 cm),China,,,,Women,,,,,,,Asian Art,Tomb Pottery,,False,True,https://www.metmuseum.org/art/collection/search/62946,https://images.metmuseum.org/CRDImages/as/original/98685.jpg,0,,,
36487,"Poem by Kanke (Sugawara Michizane), from the series One Hundred Poems Explained by the Nurse (Hyakunin isshu uba ga etoki)",Woodblock print,ca. 1839,Edo period (1615–1868),,,Woodblock print; ink and color on paper,10 x 14 3/5 in. (25.4 x 37.1 cm),Japan,,,,Poetry|Men|Bulls|Carts,Katsushika Hokusai,Artist,Japanese,1760,1849,,Asian Art,Prints,"Japanese, Tokyo (Edo) 1760–1849 Tokyo (Edo)",False,True,https://www.metmuseum.org/art/collection/search/36487,https://images.metmuseum.org/CRDImages/as/original/DP140963.jpg,0,,https://www.wikidata.org/wiki/Q5586,http://vocab.getty.edu/page/ulan/500060426
38183,Lower Section of a Box,Box section,ca. 5th century,,,,Stone,Gr. L. 4 3/4 in. (12.1 cm),Pakistan (ancient region of Gandhara),,,,Gandhara,,,,,,,Asian Art,Sculpture,,False,True,https://www.metmuseum.org/art/collection/search/38183,https://images.metmuseum.org/CRDImages/as/original/1987_142_124.JPG,0,,,
66434,Piece,Piece,18th–19th century,Edo (1615–1868) or Meiji period (1868–1912),,,Silk,16 3/4 x 17 in. (42.55 x 43.18 cm),Japan,,,,,,,,,,,Asian Art,Textiles-Woven,,False,True,https://www.metmuseum.org/art/collection/search/66434,https://images.metmuseum.org/CRDImages/as/original/DP12127.jpg,0,,,
43440,Fragment,Fragment,1902,,,,Jadeite,H. 3 5/8 in. (9.2 cm); W. 2 5/8 in. (6.7 cm); Th. 1 1/8 in. (2.9 cm),Myanmar (Burma),,,,,,,,,,,Asian Art,Jade,,False,True,https://www.metmuseum.org/art/collection/search/43440,https://images.metmuseum.org/CRDImages/as/original/02_18_31 Fragment.JPG,1,,,
51543,Peony Flower and Leaves,Album leaf,960–1279,Song dynasty (?) (960–1279),,,Album leaf; ink and color on silk,9 3/8 x 7 1/2 in. (23.8 x 19.1 cm),China,,,,Peonies|Leaves,Unidentified artist,Artist,,,,,Asian Art,Paintings,,False,True,https://www.metmuseum.org/art/collection/search/51543,https://images.metmuseum.org/CRDImages/as/original/DP154552.jpg,0,https://www.wikidata.org/wiki/Q78810373,,
48934,Landscape in the style of Huang Gongwang,Hanging scroll,1581,Ming dynasty (1368–1644),,,Hanging scroll; ink and color on paper,"Image: 46 7/8 x 16 1/8 in. (119.1 x 41 cm)
Overall with mounting: 90 x 23 1/4 in. (228.6 x 59.1 cm)
Overall with knobs: 90 x 26 3/4 in. (228.6 x 67.9 cm)",China,,,,Mountains|Landscapes,Mo Shilong,Artist,Chinese,1537,1587,,Asian Art,Paintings,"Chinese, 1537–1587",False,True,https://www.metmuseum.org/art/collection/search/48934,https://images.metmuseum.org/CRDImages/as/original/DP-13879-002.jpg,4,https://www.wikidata.org/wiki/Q78834377,https://www.wikidata.org/wiki/Q11619079,
52617,Wine container (Pou),Wine container,13th century BCE,Shang dynasty (ca. 1500–1046 BCE),,,Bronze,H. 21 1/4 in. (54 cm); Diam. 19 1/2 in. (49.5 cm),China,,,,,,,,,,,Asian Art,Metalwork,,False,True,https://www.metmuseum.org/art/collection/search/52617,https://images.metmuseum.org/CRDImages/as/original/DP140829.jpg,3,https://www.wikidata.org/wiki/Q116313409,,
62340,Harpoon head,Harpoon head,-1200–-200,Final Jōmon period (ca. 1000–300 BCE),,,Bone,W. 5/8 in. (1.6 cm); L. 2 3/8 in. (6 cm),Japan,,,,,,,,,,,Asian Art,Bone,,False,True,https://www.metmuseum.org/art/collection/search/62340,https://images.metmuseum.org/CRDImages/as/original/LC-1975_268_359_001.jpg,1,,,
68092,Textile Sample from Sample Book,Sample,19th century,,,,Silk,3 7/8 × 1 5/8 in. (9.8 × 4.1 cm),Japan,,,,,,,,,,,Asian Art,Textiles-Woven,,False,True,https://www.metmuseum.org/art/collection/search/68092,https://images.metmuseum.org/CRDImages/as/original/DP13917.jpg,0,,,
52631,Cup,Cup,960–1279,Song dynasty (960–1279),,,Pottery (Longquan ware),H. 1 3/4 in. (4.4 cm); W. 3 5/8 in. (9.2 cm); Diam. of foot: 1 1/2 in. (3.8 cm),China,,,,,,,,,,,Asian Art,Ceramics,,False,True,https://www.metmuseum.org/art/collection/search/52631,https://images.metmuseum.org/CRDImages/as/original/17_118_23_O1.jpg,1,,,
56712,Erotic Print,Print,1753–1806,Edo period (1615–1868),,,Woodblock print; ink and color on paper,"Image: 10 in. × 15 1/8 in. (25.4 × 38.4 cm)
Mat: 15 1/2 × 22 3/4 in. (39.4 × 57.8 cm)",Japan,,,,Male Nudes|Female Nudes,Kitagawa Utamaro,Artist,Japanese,1754,1806,,Asian Art,Prints,"Japanese, ca. 1754–1806",False,True,https://www.metmuseum.org/art/collection/search/56712,https://images.metmuseum.org/CRDImages/as/original/DP141308.jpg,0,https://www.wikidata.org/wiki/Q60331261,https://www.wikidata.org/wiki/Q272045,http://vocab.getty.edu/page/ulan/500054492
57369,Vase,Vase,early 20th century,,,,Stoneware with inlaid decoration under celadon glaze,H. 8 3/4 in. (22.2 cm),Korea,,,,,,,,,,,Asian Art,Ceramics,,False,True,https://www.metmuseum.org/art/collection/search/57369,https://images.metmuseum.org/CRDImages/as/original/15_29_15.JPG,0,,,
54525,Horn Flower-Vase,Print,19th century,Edo period (1615–1868),,,Woodblock print (surimono); ink and color on paper,5 7/16 x 5 5/8 in. (13.8 x 14.3 cm),Japan,,,,Vases,Totoya Hokkei,Artist,Japanese,1780,1850,,Asian Art,Prints,"Japanese, 1780–1850",False,True,https://www.metmuseum.org/art/collection/search/54525,https://images.metmuseum.org/CRDImages/as/original/DP137834.jpg,0,,https://www.wikidata.org/wiki/Q52154484,http://vocab.getty.edu/page/ulan/500327126
57575,Buddha on Stand,Statuette,ca. 7th century,Silla Kingdom (57 BCE–676 CE),,,Gilt bronze,H. 4 in. (10.2 cm),Korea,,,,Buddhism|Buddha,,,,,,,Asian Art,Sculpture,,False,True,https://www.metmuseum.org/art/collection/search/57575,https://images.metmuseum.org/CRDImages/as/original/17_118_51_219958.jpg,1,,,
59881,Pocket Book,Pocket book,19th century,Edo (1615–1868) or Meiji period (1868–1912),,,Stamped leather with gilt bronze clasp,8 x 4 in. (20.3 x 10.2 cm),Japan,,,,,,,,,,,Asian Art,Leatherwork,,False,True,https://www.metmuseum.org/art/collection/search/59881,https://images.metmuseum.org/CRDImages/as/original/91_1_746.JPG,0,,,
43078,Pendant (huang),Pendant,late 19th to early 20th century,Qing dynasty (1644–1911),,,Jade,H. 3 5/8 in. (9.2 cm); W. 1 1/4 in. (3.2 cm); D. 1/4 in. (.6 cm),China,,,,,,,,,,,Asian Art,Jade,,False,True,https://www.metmuseum.org/art/collection/search/43078,https://images.metmuseum.org/CRDImages/as/original/LC-13_40_219-01.jpg,3,,,
59967,Vase,Vase,mid-18th–late 19th century,Edo period (1615–1868),,,Bronze,H. 8 in. (20.3 cm),Japan,,,,,,,,,,,Asian Art,Metalwork,,False,True,https://www.metmuseum.org/art/collection/search/59967,https://images.metmuseum.org/CRDImages/as/original/14_58_166_22717.jpg,0,,,
47564,Plate,Plate,late 17th–early 18th century,"Qing dynasty (1644–1911), Kangxi period (1662–1722)",,,Porcelain painted in underglaze blue,Diam. 8 1/2 in. (21.6 cm),China,,,,,,,,,,,Asian Art,Ceramics,,False,True,https://www.metmuseum.org/art/collection/search/47564,https://images.metmuseum.org/CRDImages/as/original/28212.jpg,0,,,
58239,Print,Print,1786–1854,Edo period (1615–1868),,,Woodblock print; ink and color on paper,Image: 14 3/8 in. × 10 in. (36.5 × 25.4 cm),Japan,,,,Swords|Men|Women,Utagawa Kunisada,Artist,Japanese,1786,1864,,Asian Art,Prints,"Japanese, 1786–1864",False,True,https://www.metmuseum.org/art/collection/search/58239,https://images.metmuseum.org/CRDImages/as/original/DP149244.jpg,0,,https://www.wikidata.org/wiki/Q467427,http://vocab.getty.edu/page/ulan/500121373
68413,Priest's Robe (Shichijō),"Robe, Priest's",ca. 1775,Edo period (1615–1868),,,"Silk, metallic thread",45 x 82 in. (114.30 x 208.28 cm),Japan,,,,,,,,,,,Asian Art,Textiles-Costumes,,False,True,https://www.metmuseum.org/art/collection/search/68413,https://images.metmuseum.org/CRDImages/as/original/43982.jpg,0,,,
59591,Harness Fitting with Zoomorphic Motif,Harness fitting,3rd century BCE,,,,Gilded bronze,H. 1 9/16 in. (4 cm); W. 1 1/16 in. (2.7 cm),North China,,,,Animals,,,,,,,Asian Art,Metalwork,,False,True,https://www.metmuseum.org/art/collection/search/59591,https://images.metmuseum.org/CRDImages/as/original/2002_201_140_O1.jpg,0,,,
59719,Netsuke of the Fowl on the Drum of the Wise Emperor,Netsuke,19th century,Edo (1615–1868) or Meiji period (1868–1912),,,Ivory,H. 1 1/2 in. (3.8 cm); W. 7/8 in. (2.2 cm); D. 3/4 in. (1.9 cm),Japan,,,,Birds|Drums,,,,,,,Asian Art,Netsuke,,False,True,https://www.metmuseum.org/art/collection/search/59719,https://images.metmuseum.org/CRDImages/as/original/91_1_1015_O1_sf.jpg,1,,,
45431,"Scene from A Boat upon the Waters, a Chapter from ""The Tale of Genji""",Tiered box,19th century,Meiji period (1868–1912),,,Gold makie (sprinkled) design on black lacquer,H. 2 5/8 in. (6.7 cm); W. 3 5/8 in. (9.2 cm); D. 4 5/6 in. (12.3 cm),Japan,,,,Houses|Bridges|Hills|Trees,,,,,,,Asian Art,Lacquer,,False,True,https://www.metmuseum.org/art/collection/search/45431,https://images.metmuseum.org/CRDImages/as/original/81_1_214_O5_sf.jpg,17,,,
45939,Vase,Vase,late 18th–early 19th century,Qing dynasty (1644–1911),,,Porcelain with reticulated decoration and painted in overglaze polychrome enamels (Jingdezhen ware),H. 9 1/2 in. (24.1 cm),China,,,,,,,,,,,Asian Art,Ceramics,,False,True,https://www.metmuseum.org/art/collection/search/45939,https://images.metmuseum.org/CRDImages/as/original/29488.jpg,0,,,
67721,Piece,Piece,18th–19th century,,,,Silk,3 1/2 × 2 3/8 in. (8.9 × 6 cm),Japan,,,,,,,,,,,Asian Art,Textiles-Woven,,False,True,https://www.metmuseum.org/art/collection/search/67721,https://images.metmuseum.org/CRDImages/as/original/DP13240.jpg,0,,,
67526,Piece,Piece,18th–19th century,,,,Silk,3 x 3 in. (7.62 x 7.62 cm),Japan,,,,Flowers,,,,,,,Asian Art,Textiles-Woven,,False,True,https://www.metmuseum.org/art/collection/search/67526,https://images.metmuseum.org/CRDImages/as/original/DP13084.jpg,0,,,
45614,Scroll of Mudras,Handscroll,11th–12th century,Heian period (794–1185),,,Handscroll; ink on paper,11 3/16 x 97 1/2 in. (28.4 x 247.6 cm),Japan,,,,Hands,,,,,,,Asian Art,Paintings,,False,True,https://www.metmuseum.org/art/collection/search/45614,https://images.metmuseum.org/CRDImages/as/original/DP234946_CRD.jpg,7,https://www.wikidata.org/wiki/Q78846371,,
46976,Bowl,Bowl,1780,Edo period (1615–1868),,,"White porcelain decorated with blue under the glaze, colored enamels (Arita ware)",H. 2 1/2 in. (6.4 cm); Diam. 5 1/2 in. (14 cm),Japan,,,,Flowers,,,,,,,Asian Art,Ceramics,,False,True,https://www.metmuseum.org/art/collection/search/46976,https://images.metmuseum.org/CRDImages/as/original/30461.jpg,0,,,
66624,Piece,Piece,18th–19th century,,,,Silk,1 3/4 x 4 in. (4.45 x 10.16 cm),Japan,,,,Rabbits,,,,,,,Asian Art,Textiles-Woven,,False,True,https://www.metmuseum.org/art/collection/search/66624,https://images.metmuseum.org/CRDImages/as/original/DP12357.jpg,0,,,
36681,Picking Clams,Print,ca. 1791,Edo period (1615–1868),,,Triptych of woodblock prints; ink and color on paper,15 5/8 x 30 5/8 in. (39.7 x 77.8 cm),Japan,,,,Men|Women|Smoking|Boats,Utagawa Toyokuni I,Artist,Japanese,1769,1825,,Asian Art,Prints,"Japanese, 1769–1825",False,True,https://www.metmuseum.org/art/collection/search/36681,https://images.metmuseum.org/CRDImages/as/original/DP146810.jpg,0,,https://www.wikidata.org/wiki/Q950316,http://vocab.getty.edu/page/ulan/500081100
58878,Case (Inrō) with Design of Pines Tree and Branches,Inrō,18th–19th century,,,,"Lacquer, roiro, gold and silver togidashi, mura nashiji; Interior: roiro and fundame",2 15/16 x 2 7/16 x 1 in. (7.4 x 6.2 x 2.6 cm),Japan,,,,Trees,Maruyama Ōkyo 円山応挙,Artist,Japanese,1733,1795,,Asian Art,Inrō,"Japanese, 1733–1795",False,True,https://www.metmuseum.org/art/collection/search/58878,https://images.metmuseum.org/CRDImages/as/original/36_100_191_O3.JPG,5,,https://www.wikidata.org/wiki/Q405444,http://vocab.getty.edu/page/ulan/500121290
65015,Seated Buddha with Double-Lotus Base,Figure,late 11th century,Pagan period,,,Bronze inlaid with silver and copper,H. 9 1/4 in. (23.5 cm); W. 7 1/4 in. (18.4 cm); D. 4 7/8 in. (12.4 cm),Burma,,,,Buddha,,,,,,,Asian Art,Sculpture,,False,True,https://www.metmuseum.org/art/collection/search/65015,https://images.metmuseum.org/CRDImages/as/original/DT5633.jpg,0,,,
67235,Piece,Piece,18th–19th century,,,,Silk,3 3/4 x 3 1/4 in. (9.53 x 8.26 cm),Japan,,,,,,,,,,,Asian Art,Textiles-Woven,,False,True,https://www.metmuseum.org/art/collection/search/67235,https://images.metmuseum.org/CRDImages/as/original/DP12840.jpg,0,,,
57445,Seal,Seal,918–1392,Goryeo dynasty (918–1392),,,Bronze,H. 1 3/8 in. (3.5 cm),Korea,,,,,,,,,,,Asian Art,Metalwork,,False,True,https://www.metmuseum.org/art/collection/search/57445,https://images.metmuseum.org/CRDImages/as/original/DP-41980-001.jpg,4,,,
52045,Vase,Vase,1662–1722,"Qing dynasty (1644–1911), Kangxi period (1662–1722)",,,Porcelain,H. 6 in. (15.2 cm),China,,,,,,,,,,,Asian Art,Ceramics,,False,True,https://www.metmuseum.org/art/collection/search/52045,https://images.metmuseum.org/CRDImages/as/original/23298.jpg,0,,,
66157,Piece,Piece,18th–19th century,Edo (1615–1868),,,Silk,2 3/4 x 2 in. (6.99 x 5.08 cm),Japan,,,,,,,,,,,Asian Art,Textiles-Woven,,False,True,https://www.metmuseum.org/art/collection/search/66157,https://images.metmuseum.org/CRDImages/as/original/DP11897.jpg,0,,,
47122,Miniature Jar with Cover,Jar with cover,late 18th century,Edo period (1615–1868),,,"Porcelain with blue spiral stripes enameled on white glaze, with superimposed flowers in yellow and red enamels (Satsuma ware)",H. (with cover) 2 7/8 in. (7.3 cm),Japan,,,,Flowers,,,,,,,Asian Art,Ceramics,,False,True,https://www.metmuseum.org/art/collection/search/47122,https://images.metmuseum.org/CRDImages/as/original/136073.jpg,0,,,
50489,Woman's Outer Coat,"Coat, Ceremonial",18th–early 19th century,Qing dynasty (1644–1911),,,Silk,Overall: 37 1/2 x 46 in. (95.3 x 116.8 cm),China,,,,Dragons,,,,,,,Asian Art,Costumes-Embroidered,,False,True,https://www.metmuseum.org/art/collection/search/50489,https://images.metmuseum.org/CRDImages/as/original/133151.jpg,0,,,
56724,Uba,Print,ca. 1860,,,,Woodblock print; ink and color on paper,"Image: 7 1/8 × 9 1/2 in. (18.1 × 24.1 cm)
Mat: 15 1/4 × 22 3/4 in. (38.7 × 57.8 cm)",Japan,,,,Human Figures|Turtles,Shibata Zeshin,Artist,Japanese,1807,1891,,Asian Art,Prints,"Japanese, 1807–1891",False,True,https://www.metmuseum.org/art/collection/search/56724,https://images.metmuseum.org/CRDImages/as/original/DP142171.jpg,0,,https://www.wikidata.org/wiki/Q2386947,http://vocab.getty.edu/page/ulan/500325954
48923,Moon and Autumn Grasses,Screens,mid- to late 17th century,Edo period (1615–1868),,,"Pair of six-panel folding screens; ink, color, silver, and gold flecks on paper",Overall (each screen): 59 7/16 in. x 11 ft. 10 3/8 in. (151 x 361.6 cm),Japan,,,,Moon|Flowers|Plants,Tawaraya Sōtatsu,Artist,Japanese,1570,1640,,Asian Art,Paintings,"Japanese, ca. 1570–ca. 1640",False,True,https://www.metmuseum.org/art/collection/search/48923,https://images.metmuseum.org/CRDImages/as/original/DT1603.jpg,1,,https://www.wikidata.org/wiki/Q1281252,http://vocab.getty.edu/page/ulan/500121059
57870,"Cabinet with Design of Pine, Bamboo, and Cherry Blossom",Cabinet,19th century,Edo period (1615–1868),,,Sprinkled gold on lacquer (maki-e),H. 9 1/2 in. (24.1 cm); W. 13 3/4 in. (34.9 cm); D. 8 3/4 in. (22.2 cm),Japan,,,,Bamboo,,,,,,,Asian Art,Lacquer,,False,True,https://www.metmuseum.org/art/collection/search/57870,https://images.metmuseum.org/CRDImages/as/original/DP215887.jpg,8,https://www.wikidata.org/wiki/Q83562639,,
54060,Pair of Ducks Swimming,Woodblock print,19th century,,,,Part of an album of woodblock prints (surimono); ink and color on paper,5 7/16 x 7 1/4 in. (13.8 x 18.4 cm),Japan,,,,Ducks,Ryūryūkyo Shinsai,Artist,Japanese,1799,1823,,Asian Art,Prints,"Japanese, active ca. 1799–1823",False,True,https://www.metmuseum.org/art/collection/search/54060,https://images.metmuseum.org/CRDImages/as/original/DP138928.jpg,0,,https://www.wikidata.org/wiki/Q11534045,http://vocab.getty.edu/page/ulan/500334455
50147,Ring with Lotus Motif on Bezel,Ring,Second half of the 8th–second half of the 10th century,Central Javanese period,,,Gold,H. 1/8 in. (0.3 cm); Diam. 13/16 in. (2.1 cm),Indonesia (Java),,,,,,,,,,,Asian Art,Jewelry,,False,True,https://www.metmuseum.org/art/collection/search/50147,https://images.metmuseum.org/CRDImages/as/original/1998_544_314_O1.JPG,3,,,
62170,Basket for Peonies,Basket,second half 19th century,Meiji period (1868–1912),,,Bamboo and rattan,H. 24 in. (61 cm); Diam. 14 1/2 in. (36.8 cm),Japan,,,,,,,,,,,Asian Art,Bamboo,,False,True,https://www.metmuseum.org/art/collection/search/62170,https://images.metmuseum.org/CRDImages/as/original/DP-29410-001.jpg,5,,,
54419,Gourd-Shaped Case with Pattern of Pig-Faced Creature,Bag,18th–19th century,Qing dynasty (1644–1911),,,Silk and metallic-thread embroidery on silk damask,Overall: 6 1/2 x 3 1/4 in. (16.5 x 8.3 cm),China,,,,Mythical Creatures,,,,,,,Asian Art,Textiles-Embroidered,,False,True,https://www.metmuseum.org/art/collection/search/54419,https://images.metmuseum.org/CRDImages/as/original/DP255290.jpg,1,,,
41851,Clear Brilliance Terrace,Ink tablet,late 19th–early 20th century,late Qing dynasty (1644–1911) or early Republic period (1912–49),,,Ink,H. 2 5/8 in. (6.7 cm); W. 2 in. (5.1 cm),China,,,,Dragons,Jian Guzhai,Artist,Chinese,,,,Asian Art,Ink,"Chinese,",False,True,https://www.metmuseum.org/art/collection/search/41851,https://images.metmuseum.org/CRDImages/as/original/30_76_271_F.JPG,1,,,
41577,Snuff Bottle,Snuff bottle,1900–1920,Modern,,,Bronze with coral stopper,H. 2 11/16 in. (6.8 cm),China,,,,Dragons,,,,,,,Asian Art,Snuff Bottles,,False,True,https://www.metmuseum.org/art/collection/search/41577,https://images.metmuseum.org/CRDImages/as/original/21_175_329ab_O1.jpg,0,,,
72137,Piece,Piece,19th century,,,,Silk / Compound weave,3 3/4 × 1 3/8 in. (9.5 × 3.5 cm),Japan,,,,Flowers,,,,,,,Asian Art,Textiles-Woven,,False,True,https://www.metmuseum.org/art/collection/search/72137,https://images.metmuseum.org/CRDImages/as/original/DP14911.jpg,0,,,
39305,Offering Tray (Talam),Offering tray (Talam),10th–14th century,,,,Bronze,Diam. 17 1/2 in. (44.5 cm),Indonesia,,,,,,,,,,,Asian Art,Metalwork,,False,True,https://www.metmuseum.org/art/collection/search/39305,https://images.metmuseum.org/CRDImages/as/original/DP-17989-065.jpg,1,,,
59872,Netsuke of Man Sitting on a Log holding a Bottle and a Cup,Netsuke,19th century,Edo (1615–1868) or Meiji period (1868–1912),,,Ivory,H. 1 1/2 in. (3.8 cm); W. 1 in. (2.5 cm),Japan,,,,Men,,,,,,,Asian Art,Netsuke,,False,True,https://www.metmuseum.org/art/collection/search/59872,https://images.metmuseum.org/CRDImages/as/original/LC-10_211_155-001.jpg,3,,,
47856,Horse with Saddle,Figure,19th century,Edo (1615–1868) or Meiji period (1868–1912),,,Stoneware and white porcelain (Seto ware),H. 4 1/2 in. (11.4 cm); L. 9 3/8 in. (23.8 cm),Japan,,,,Horses,Kawamoto Hansuke IV,Artist,Japanese,1800,1849,,Asian Art,Ceramics,"Japanese, active first half of the 19th century",False,True,https://www.metmuseum.org/art/collection/search/47856,https://images.metmuseum.org/CRDImages/as/original/54885.jpg,0,,,
55567,Kabuki Actors: Bando Mitsugorō and Iwai Hanshirō,Print,ca. 1800,Edo period (1615–1868),,,Woodblock print; ink and color on paper,15 1/8 x 10 1/4 in. (38.4 x 26 cm),Japan,,,,Men|Women|Actors,Utagawa Toyokuni I,Artist,Japanese,1769,1825,,Asian Art,Prints,"Japanese, 1769–1825",False,True,https://www.metmuseum.org/art/collection/search/55567,https://images.metmuseum.org/CRDImages/as/original/DP136992.jpg,0,,https://www.wikidata.org/wiki/Q950316,http://vocab.getty.edu/page/ulan/500081100
70926,Piece,DO NOT USE THIS RECORD-  DUPLICATE OF 09.13.18A–D,19th century,Qing dynasty (1644–1911),,,Silk / Woven,48 ft. × 31 in. (1463 × 78.7 cm),China,,,,Dragons,,,,,,,Asian Art,Textiles-Woven,,False,True,https://www.metmuseum.org/art/collection/search/70926,https://images.metmuseum.org/CRDImages/as/original/5574d.jpg,0,,,
57884,"Box with Design of Pine, Bamboo, and Cherry Blossom",Box,19th century,Edo period (1615–1868),,,Sprinkled gold on lacquer (maki-e),H. 4 3/8 in. (11.1 cm); W. 4 3/4 in. (12.1 cm); L. 5 1/2 in. (14 cm),Japan,,,,Flowers|Trees,,,,,,,Asian Art,Lacquer,,False,True,https://www.metmuseum.org/art/collection/search/57884,https://images.metmuseum.org/CRDImages/as/original/DP214367.jpg,8,https://www.wikidata.org/wiki/Q83562645,,
56242,"The Waterwheel at Onden (Onden no suisha), from the series Thirty-six Views of Mount Fuji (Fugaku sanjūrokkei)",Woodblock print,ca. 1830–32,Edo period (1615–1868),,,Woodblock print; ink and color on paper,10 1/4 x 15 1/4 in. (26 x 38.7 cm),Japan,,,,Human Figures|Watermills|Working,Katsushika Hokusai,Artist,Japanese,1760,1849,,Asian Art,Prints,"Japanese, Tokyo (Edo) 1760–1849 Tokyo (Edo)",False,True,https://www.metmuseum.org/art/collection/search/56242,https://images.metmuseum.org/CRDImages/as/original/DP141060.jpg,0,,https://www.wikidata.org/wiki/Q5586,http://vocab.getty.edu/page/ulan/500060426
78206,Floral Decorated Textile,Textile,early 18th century,,,,"Cotton, mordant and resist dyed",Overall: 16 x 38 in. (40.6 x 96.5 cm),India (Coromandel Coast),,,,,,,,,,,Asian Art,Textiles-Dyed,,False,True,https://www.metmuseum.org/art/collection/search/78206,https://images.metmuseum.org/CRDImages/as/original/DP-18058-001.jpg,1,,,
49902,Figure of a Lady,Figure,-206–9,Western Han dynasty (206 BCE–9 CE),,,Earthenware with traces of pigments,H. 16 1/4 in. (41.3 cm),China,,,,Women,,,,,,,Asian Art,Tomb Pottery,,False,True,https://www.metmuseum.org/art/collection/search/49902,https://images.metmuseum.org/CRDImages/as/original/45382.jpg,1,,,
39474,Forehead Ornament for a Deity,Ornament,17th–19th century,,,,"Gilt silver, brass, diamonds, emeralds, rubies, sapphires, pearls, coral, shell, mother of pearl, amber, turquoise, and semiprecious stones",2 3/4 x 10 in. (7.0 x 25.4 cm),"Newari, for the Nepalese or Tibetan market",,,,,,,,,,,Asian Art,Jewelry,,False,True,https://www.metmuseum.org/art/collection/search/39474,https://images.metmuseum.org/CRDImages/as/original/DP-30195-001.jpg,0,,,
37085,Sumidagawa Mimeguri Hana Zakari no Kei,Print,1829–1869,Edo period (1615–1868),,,Woodblock print; ink and color on paper,8 7/16 x 13 1/2 in. (21.4 x 34.3 cm),Japan,,,,Rivers|Boats,Utagawa Hiroshige II,Artist,Japanese,1826,1869,,Asian Art,Prints,"Japanese, 1826–1869",False,True,https://www.metmuseum.org/art/collection/search/37085,https://images.metmuseum.org/CRDImages/as/original/DP123557.jpg,0,,https://www.wikidata.org/wiki/Q653454,http://vocab.getty.edu/page/ulan/500333018
40790,Vase with European women and children,Vase,second half 18th century,"Qing dynasty (1644–1911), Qianlong mark and period (1736–95)",,,"Painted enamel on copper alloy, glass beads",H. 18 3/4 in. (47.6 cm); W. 9 1/2 in. (24.1 cm); D. 7 1/4 in. (18.4 cm),China,,,,Children|Women,,,,,,,Asian Art,Enamels,,False,True,https://www.metmuseum.org/art/collection/search/40790,https://images.metmuseum.org/CRDImages/as/original/DP-19332-001.jpg,4,https://www.wikidata.org/wiki/Q116395230,,
71141,Piece,Piece,17th century,,,,Silk / Compound weave,1 × 3 7/8 in. (2.5 × 9.8 cm),Japan,,,,,,,,,,,Asian Art,Textiles-Woven,,False,True,https://www.metmuseum.org/art/collection/search/71141,https://images.metmuseum.org/CRDImages/as/original/DP15620.jpg,0,,,
71573,Piece,Piece,18th century,Edo period (1615–1868),,,Silk / Compound weave,1 3/4 × 3 1/2 in. (4.4 × 8.9 cm),Japan,,,,,,,,,,,Asian Art,Textiles-Woven,,False,True,https://www.metmuseum.org/art/collection/search/71573,https://images.metmuseum.org/CRDImages/as/original/DP15353.jpg,0,,,
67948,Piece,Piece,18th century,Edo period (1615–1868),,,Silk,24 1/2 x 12 1/2 in. (62.23 x 31.75 cm),Japan,,,,,,,,,,,Asian Art,Textiles-Woven,,False,True,https://www.metmuseum.org/art/collection/search/67948,https://images.metmuseum.org/CRDImages/as/original/6735.jpg,0,,,
54006,Scabbard Chape,Scabbard slide,2nd–1st century BCE,Western Han dynasty (206 BCE–9 CE),,,Jade (nephrite),H. 2 1/8 in. (5.4 cm); W. 2 5/8 in. (6.7 cm),China,,,,,,,,,,,Asian Art,Jade,,False,True,https://www.metmuseum.org/art/collection/search/54006,https://images.metmuseum.org/CRDImages/as/original/1985_214_103.jpg,0,https://www.wikidata.org/wiki/Q116313282,,
56071,Gathering Young Flowers,Print,1780–1795,Edo period (1615–1868),,,Middle sheet of a triptych of woodblock prints; ink and color on paper,15 1/8 × 9 7/8 in. (38.4 × 25.1 cm),Japan,,,,Women|Trees,Katsukawa Shunchō,Artist,Japanese,1775,1795,,Asian Art,Prints,"Japanese, active ca. 1783–95",False,True,https://www.metmuseum.org/art/collection/search/56071,https://images.metmuseum.org/CRDImages/as/original/DP130277.jpg,0,,https://www.wikidata.org/wiki/Q2799156,http://vocab.getty.edu/page/ulan/500057322
60274,Netsuke of Two Figures and a Dragon,Netsuke,19th century,Edo (1615–1868) or Meiji period (1868–1912),,,Ivory,H. 1 1/8 in. (2.9 cm); W. 1 3/8 in. (3.5 cm); D. 1 in. (2.5 cm),Japan,,,,Men,,,,,,,Asian Art,Netsuke,,False,True,https://www.metmuseum.org/art/collection/search/60274,https://images.metmuseum.org/CRDImages/as/original/10_211_1048_O1_sf.jpg,0,,,
42267,Vase,Vase,late 17th–early 18th century,"Qing dynasty (1644–1911), Kangxi period (1662–1722)",,,Porcelain painted in famille verte enamels on the biscuit,H. incl. stand 21 3/4 in. (55.2 cm); W. 5 3/4 in. (14.6 cm),China,,,,Flowers|Landscapes,,,,,,,Asian Art,Ceramics,,False,True,https://www.metmuseum.org/art/collection/search/42267,https://images.metmuseum.org/CRDImages/as/original/181176.jpg,0,,,
69748,Lamaist Temple Hanging,"Hanging, Lamaist Temple",17th century or earlier,,,,"Silk, metallic thread on silk;  mounted on silk, metallic thread",9 1/2 x 7 1/2 in. (24.13 x 19.05 cm),China,,,,Men|Buddhism,,,,,,,Asian Art,Textiles-Embroidered,,False,True,https://www.metmuseum.org/art/collection/search/69748,https://images.metmuseum.org/CRDImages/as/original/SC156205.jpg,0,,,
70478,Streamer,Streamer,19th century,Qing dynasty (1644–1911),,,Silk and metallic-thread embroidery on silk satin,"Overall (a): 10 5/8 x 5 7/8 in. (27 x 14.9 cm)
Overall (b): 10 5/8 x 5 7/8 in. (27 x 14.9 cm)",China,,,,Butterflies,,,,,,,Asian Art,Textiles-Embroidered,,False,True,https://www.metmuseum.org/art/collection/search/70478,https://images.metmuseum.org/CRDImages/as/original/DP14461.jpg,0,,,
39196,"Standing Bodhisattva Maitreya, the Buddha of the Future",Figure,8th century,,,,"Bronze with high tin content, or silver alloy",H. 9 7/8 (25 cm),Northeast Thailand,,,,Buddhism|Bodhisattvas|Maitreya,,,,,,,Asian Art,Sculpture,,False,True,https://www.metmuseum.org/art/collection/search/39196,https://images.metmuseum.org/CRDImages/as/original/DP291187.jpg,3,,,
60843,Hair Ornament,Hair ornament,960–1279,Song dynasty (960–1279),,,Gilt silver,H. 7/8 in. (2.2 cm); L. 1 7/8 in. (4.8 cm),China,,,,,,,,,,,Asian Art,Jewelry,,False,True,https://www.metmuseum.org/art/collection/search/60843,https://images.metmuseum.org/CRDImages/as/original/24_177_3_4_O1.JPG,1,,,
50477,Votive Tablet with Twenty-Five Buddhas,Votive tablet,618–907,Tang dynasty (618–907),,,Buff clay,H. 3 1/8 in. (7.9 cm); W. 2 3/8 in. (6 cm); D. 9/16 in. (1.4 cm),China,,,,Buddhism|Buddha,,,,,,,Asian Art,Ceramics,,False,True,https://www.metmuseum.org/art/collection/search/50477,https://images.metmuseum.org/CRDImages/as/original/12707.jpg,0,,,
74128,Ojime,Ojime,19th century,Edo period (1615–1868),,,,H. 5/8 in. (1.6 cm); W. 5/8 in. (1.6 cm),Japan,,,,,,,,,,,Asian Art,Ojime,,False,True,https://www.metmuseum.org/art/collection/search/74128,https://images.metmuseum.org/CRDImages/as/original/81_1_424_22_O1.jpg,1,,,
51776,Painting,Album,18th–19th century,Qing dynasty (1644–1911),,,Album with ten leaves (eight paintings and two title leaves); ink and color on paper,"Album: 18 7/8 x 17 13/16 in. (47.9 x 45.2 cm)
Painting(s): 15 5/8 x 6 in. (39.7 x 15.2 cm)",China,,,,Rivers|Landscapes|Boats,Bi Chang,Artist,,,,,Asian Art,Paintings,,False,True,https://www.metmuseum.org/art/collection/search/51776,https://images.metmuseum.org/CRDImages/as/original/DP154526.jpg,7,https://www.wikidata.org/wiki/Q78796169,,
78638,The Life of Shakyamuni Illustrated (Shaka goichidaiki zue kan yon)  釈迦御一代記図会巻四,Illustrated books,"1845, fourth month (Kōka 2)",Edo period (1615–1868),,,Set of six woodblock printed books; ink on paper,10 1/16 × 6 15/16 in. (25.6 × 17.7 cm),Japan,,,,Men|Women|Boats,Katsushika Hokusai 葛飾北斎,Artist,Japanese,1760,1849,,Asian Art,Illustrated Books,"Japanese, Tokyo (Edo) 1760–1849 Tokyo (Edo)",False,True,https://www.metmuseum.org/art/collection/search/78638,https://images.metmuseum.org/CRDImages/as/original/2013_736_a_f_a_13_crd.jpg,219,https://www.wikidata.org/wiki/Q60682065,https://www.wikidata.org/wiki/Q5586,http://vocab.getty.edu/page/ulan/500060426
853211,Herb Gatherer in the Mountains,Hanging scroll,ca. after 1780,Edo period (1615–1868),,,Hanging scroll; ink and color on silk,"Image: 44 1/8 × 16 1/8 in. (112.1 × 41 cm)
Overall with mounting: 78 7/8 × 21 5/8 in. (200.3 × 54.9 cm)",Japan,,,,,Go Shun (Matsumura Gekkei),Artist,Japanese,1752,1811,,Asian Art,Paintings,"Japanese, 1752–1811",False,True,https://www.metmuseum.org/art/collection/search/853211,https://images.metmuseum.org/CRDImages/as/original/DP-26052-002.jpg,1,https://www.wikidata.org/wiki/Q126119092,https://www.wikidata.org/wiki/Q960116,http://vocab.getty.edu/page/ulan/500121199
58378,Case (Inrō) with Design of Mount Fuji seen above Rice Fields (obverse);  Pines and Cloud Bands in Autumn (reverse),Inrō,19th century,Edo (1615–1868) or Meiji period (1868–1912),,,"Lacquer, kinji, gold, silver, and brown hiramakie, takamakie, kirigane and nashiji; Interior: nashiji and fundame",H. 3 3/4 in. (9.6 cm); W. 1 7/8 in. (4.8 cm); D. 1 1/8 in. (2.8 cm),Japan,,,,Volcanoes|Clouds,,,,,,,Asian Art,Inrō,,False,True,https://www.metmuseum.org/art/collection/search/58378,https://images.metmuseum.org/CRDImages/as/original/81_1_303_O3.JPG,1,,,
38475,Yaksha Relief,Panel,8th–9th century,Licchavi period,,,Stone,H.  9 1/4 in. (23.5 cm); W. 18 1/2 in. (47 cm); D. 5 7/8 in. (14.9 cm),"Nepal, Kathmandu Valley, possibly Deopatan",,,,Buddhism|Deities,,,,,,,Asian Art,Sculpture,,False,True,https://www.metmuseum.org/art/collection/search/38475,https://images.metmuseum.org/CRDImages/as/original/1991_44.jpg,0,https://www.wikidata.org/wiki/Q116376806,,
62911,Censer in the Form of a Cock on a Drum,Censer,1800,Edo period (1615–1868),,,Stoneware with colored enamels and gold (Kyoto ware),H. (with cover) 16 5/8 in. (42.2 cm),Japan,,,,Drums|Censers,,,,,,,Asian Art,Ceramics,,False,True,https://www.metmuseum.org/art/collection/search/62911,https://images.metmuseum.org/CRDImages/as/original/23_225_15.JPG,0,,,
43213,Cup,Cup,late 19th century,,,,"Jade, ivory stand",H. 2 5/8 in. (6.7 cm); H. (with stand) 4 1/2 in. (11.4 cm); Diam. 2 3/4 in. (7 cm),China,,,,Human Figures|Trees,,,,,,,Asian Art,Jade,,False,True,https://www.metmuseum.org/art/collection/search/43213,https://images.metmuseum.org/CRDImages/as/original/182760.jpg,0,,,
69811,Piece,Piece,15th–16th century,Ming dynasty (1368–1644),,,Silk,"Overall (a): 11 3/4 x 2 1/4 in. (29.8 x 5.7 cm)
Overall (b): 12 1/2 x 2 1/4 in. (31.8 x 5.7 cm)
Overall (c): 12 1/2 x 2 1/4 in. (31.8 x 5.7 cm)",China,,,,,,,,,,,Asian Art,Textiles-Woven,,False,True,https://www.metmuseum.org/art/collection/search/69811,https://images.metmuseum.org/CRDImages/as/original/DP14424.jpg,2,,,
57827,Album of Sketches for Lacquer Decoration (Makie) 蒔絵,Illustrated book,1840,Edo period (1615–1868),,,Ink and color on paper,9 7/8 x 6 7/8 in. (25.1 x 17.5 cm),Japan,,,,Animals|Waterfalls|Flowers|Landscapes,Unidentified artist,Artist,,,,,Asian Art,Illustrated Books,,False,True,https://www.metmuseum.org/art/collection/search/57827,https://images.metmuseum.org/CRDImages/as/original/JIB135_012_CRD.jpg,32,,,
66457,Piece,Piece,18th–19th century,Edo (1615–1868) or Meiji period (1868–1912),,,Silk,4 3/4 x 2 1/4 in. (12.07 x 5.71 cm),Japan,,,,,,,,,,,Asian Art,Textiles-Woven,,False,True,https://www.metmuseum.org/art/collection/search/66457,https://images.metmuseum.org/CRDImages/as/original/DP11314.jpg,1,,,
47426,Plate,Plate,18th century,"Qing dynasty (1644–1911), Kangxi period (1662–1722)",,,Porcelain,Diam. 9 in. (22.9 cm),China,,,,,,,,,,,Asian Art,Ceramics,,False,True,https://www.metmuseum.org/art/collection/search/47426,https://images.metmuseum.org/CRDImages/as/original/10466.jpg,0,,,
41588,Snuff Bottle,Snuff bottle,1736–1795,"Qing dynasty (1644–1911), Qianlong period (1736–95)",,,Soapstone,H. 2 1/8 in. (5.4 cm),China,,,,Mythical Creatures,,,,,,,Asian Art,Snuff Bottles,,False,True,https://www.metmuseum.org/art/collection/search/41588,https://images.metmuseum.org/CRDImages/as/original/21_175_340ab_O1.jpg,0,,,
54884,Flower Arrangement of Suisen (Narcissus) in a Flat Green Dish,Print,1763–1828,Edo period (1615–1868),,,Woodblock print; ink and color on paper,H. 14 3/8 in. (36.5 cm); W. 10 in. (25.4 cm),Japan,,,,Flowers,Utagawa Toyohiro,Artist,Japanese,1763,1828,,Asian Art,Prints,"Japanese, 1763–1828",False,True,https://www.metmuseum.org/art/collection/search/54884,https://images.metmuseum.org/CRDImages/as/original/DP136926.jpg,0,,https://www.wikidata.org/wiki/Q2625013,http://vocab.getty.edu/page/ulan/500334461
47874,Sprinkler,Sprinkler,1644–1911,Qing dynasty (1644–1911),,,"Porcelain painted in underglaze blue, with incised highlights",H. 6 1/4 in. (15.9 cm),China,,,,Flowers,,,,,,,Asian Art,Ceramics,,False,True,https://www.metmuseum.org/art/collection/search/47874,https://images.metmuseum.org/CRDImages/as/original/79_2_391_O1_sf.jpg,2,,,
66345,Piece,Piece,18th–19th century,Edo period (1615–1868),,,Silk,7 x 4 3/4 in. (17.78 x 12.07 cm),Japan,,,,,,,,,,,Asian Art,Textiles-Woven,,False,True,https://www.metmuseum.org/art/collection/search/66345,https://images.metmuseum.org/CRDImages/as/original/DP12038.jpg,0,,,
61174,Belt buckle,Belt buckle,19th–20th century,,,,Silvered bronze,H. 7 in. (17.8 cm); W. 3 in. (7.6 cm),China,,,,Animals,,,,,,,Asian Art,Metalwork,,False,True,https://www.metmuseum.org/art/collection/search/61174,https://images.metmuseum.org/CRDImages/as/original/24_185_58479.jpg,0,,,
57398,Bowl,Bowl,early 12th century,Goryeo dynasty (918–1392),,,Stoneware with mold-relief decoration under celadon glaze,H. 2 1/4 in. (5.7 cm); Diam. 6 1/4 in. (15.9 cm),Korea,,,,,,,,,,,Asian Art,Ceramics,,False,True,https://www.metmuseum.org/art/collection/search/57398,https://images.metmuseum.org/CRDImages/as/original/15_29_26.JPG,0,,,
44795,Camel,Figure,mid-to-late 6th century,Northern Wei (386–534)–Northern Qi (550–77) dynasty,,,Earthenware with traces of pigment,H. 9 3/4 in. (24.8 cm); L. 9 1/2 in. (24.1cm),China,,,,Camels,,,,,,,Asian Art,Tomb Pottery,,False,True,https://www.metmuseum.org/art/collection/search/44795,https://images.metmuseum.org/CRDImages/as/original/DT4914.jpg,0,https://www.wikidata.org/wiki/Q83562438,,
53308,One from a Pair of Undecorated Torqued Anklets,Anklet,1000 BCE–400 CE,Middle–Late period,,,Bronze,W. 4 3/8 in. (11.1 cm); D. 4 1/4 in. (10.8 cm),Thailand,,,,,,,,,,,Asian Art,Jewelry,,False,True,https://www.metmuseum.org/art/collection/search/53308,https://images.metmuseum.org/CRDImages/as/original/2001_433_288_O1.jpg,1,,,
48158,Bowl,Bowl,918–1392,Goryeo dynasty (918–1392),,,Clay,H. 1 in. (2.5 cm); Diam. 4 1/4 in. (10.8 cm),Korea,,,,,,,,,,,Asian Art,Ceramics,,False,True,https://www.metmuseum.org/art/collection/search/48158,https://images.metmuseum.org/CRDImages/as/original/62781.jpg,0,,,
73536,A Foreigner and a Leopard Disguised as a Woman,Print,"7th month, 1860",Edo period (1615–1868),,,Woodblock print; ink and color on paper,Image: 14 1/2 x 10 in. (36.8 x 25.4 cm),Japan,,,,Swords|Men|Leopards,Ichiryūsai Yoshitoyo,Artist,Japanese,1830,1866,,Asian Art,Prints,"Japanese, 1830–1866",False,True,https://www.metmuseum.org/art/collection/search/73536,https://images.metmuseum.org/CRDImages/as/original/DP148098.jpg,0,,https://www.wikidata.org/wiki/Q11545195,(not assigned)
36668,"A Votive Picture to Be Donated to the Kannon of Asakusa (Asakusa Kannon hō kakegaku no zu), by Takigawa of the Ōgiya, Kamuro Menami and Onami, with Tomikawa, Kumegawa, Tamagawa, Tsugawa, Utagawa, and Kiyokawa",Woodblock print,ca. 1800,Edo period (1615–1868),,,Triptych of woodblock prints; ink and color on paper,Overall: H. 14 3/4 in. (37.5 cm); W. 23 3/4 in. (60. 3 cm),Japan,,,,Painting|Women|Artists,Kitagawa Kikumaro,Artist,Japanese,,1830,,Asian Art,Prints,"Japanese, died 1830",False,True,https://www.metmuseum.org/art/collection/search/36668,https://images.metmuseum.org/CRDImages/as/original/DP146818.jpg,0,,,
69280,Stencil,Stencil,19th century,,,,"Paper, silk",12 1/2 x 16 5/8 in. (31.8 x 42.2 cm),Japan,,,,Plants,,,,,,,Asian Art,Stencils,,False,True,https://www.metmuseum.org/art/collection/search/69280,https://images.metmuseum.org/CRDImages/as/original/DP13551.jpg,0,,,
47789,Bowl with the Eight Immortals,Bowl,late 18th–early 19th century,Qing dynasty (1644–1911),,,Porcelain painted in overglaze polychrome enamels over engraved pink ground (Jingdezhen ware),H. 3 1/8 in. (7.9 cm); Diam. 8 1/4 in. ( 21 cm),China,,,,Men|Women,,,,,,,Asian Art,Ceramics,,False,True,https://www.metmuseum.org/art/collection/search/47789,https://images.metmuseum.org/CRDImages/as/original/79_2_1307_O1_sf.jpg,8,,,
60614,Vase,Vase,1736–1795,"Qing dynasty (1644–1911), Qianlong period (1736–95)",,,Glass,H. 5 1/4 in. (13.3 cm); Diam. 2 1/2 in. (6.4 cm),China,,,,,,,,,,,Asian Art,Glass,,False,True,https://www.metmuseum.org/art/collection/search/60614,https://images.metmuseum.org/CRDImages/as/original/DP-31804-001.jpg,0,,,
70132,Stencil,Stencil,19th century,,,,Paper,9 1/2 x 17 in. (24.13 x 43.18 cm),Japan,,,,,,,,,,,Asian Art,Stencils,,False,True,https://www.metmuseum.org/art/collection/search/70132,https://images.metmuseum.org/CRDImages/as/original/DP13741.jpg,0,,,
62935,Lion,Figure,7th–9th century,Tang dynasty (618–907),,,"Molded white clay covered with mottled brown, green and blue three color (sancai) glaze",H. 2 5/8 in. (6.7 cm),China,,,,Lions,,,,,,,Asian Art,Tomb Pottery,,False,True,https://www.metmuseum.org/art/collection/search/62935,https://images.metmuseum.org/CRDImages/as/original/30_76_62.JPG,0,,,
71154,Piece,Piece,17th century,,,,Silk / Compound weave,6 3/4 × 1 1/8 in. (17.1 × 2.9 cm),Japan,,,,,,,,,,,Asian Art,Textiles-Woven,,False,True,https://www.metmuseum.org/art/collection/search/71154,https://images.metmuseum.org/CRDImages/as/original/DP15632.jpg,0,,,
62897,Teabowl,Teabowl,ca. 1710,Edo period (1615–1868),,,Clay covered with glaze (Raku ware),H. 4 in. (10.2 cm); Diam. 4 1/8 in. (10.5 cm),Japan,,,,,Sonyu,Artist,Japanese,1625,1725,,Asian Art,Ceramics,"Japanese, died 1725",False,True,https://www.metmuseum.org/art/collection/search/62897,https://images.metmuseum.org/CRDImages/as/original/DP257938.jpg,4,,,
62764,Tea Jar,Tea jar,1700,Edo period (1615–1868),,,Clay covered with glaze and mottlings around the neck,H. inc. lid 3 1/2 in. (8.9 cm); H. w/o lid 3 1/4 in. (8.3 cm); Diam. 2 3/4 in. (7 cm); Diam. of rim 1 1/2 in. (3.8 cm); Diam. of base 1 3/4 in. (4.4 cm),Japan,,,,,,,,,,,Asian Art,Ceramics,,False,True,https://www.metmuseum.org/art/collection/search/62764,https://images.metmuseum.org/CRDImages/as/original/93_3_148_O1.jpg,2,,,
72083,Piece,Piece,18th century,Edo period (1615–1868),,,Silk / Compound weave,4 3/8 × 4 1/2 in. (11.1 × 11.4 cm),Japan,,,,,,,,,,,Asian Art,Textiles-Woven,,False,True,https://www.metmuseum.org/art/collection/search/72083,https://images.metmuseum.org/CRDImages/as/original/DP14714.jpg,0,,,
66829,Piece,Piece,18th–19th century,,,,Silk,2 x 2 1/4 in. (5.08 x 5.71 cm),Japan,,,,,,,,,,,Asian Art,Textiles-Woven,,False,True,https://www.metmuseum.org/art/collection/search/66829,https://images.metmuseum.org/CRDImages/as/original/DP12542.jpg,0,,,
68951,Insignia Medallion,Insignia medallion,19th century,Qing dynasty (1644–1911),,,"Silk, metallic thread",11 3/4 x 11 3/4 in. (29.84 x 29.84 cm),China,,,,Birds,,,,,,,Asian Art,Textiles-Embroidered,,False,True,https://www.metmuseum.org/art/collection/search/68951,https://images.metmuseum.org/CRDImages/as/original/79828.jpg,0,,,
55270,Buddhist Nun Speaking to Two Little Girls who are Following Her,Print,ca. 1730,Edo period (1615–1868),,,Woodblock print (urushi-e); ink and color on paper,H. 11 3/4 in. (29.8 cm); W. 5 7/8 in. (14.9 cm),Japan,,,,Girls|Women,Kondo Katsunobu,Artist,Japanese,1716,1736,,Asian Art,Prints,"Japanese, active 1716–1736",False,True,https://www.metmuseum.org/art/collection/search/55270,https://images.metmuseum.org/CRDImages/as/original/DP123652.jpg,0,,https://www.wikidata.org/wiki/Q11638736,(not assigned)
36557,Numazu,Print,ca. 1838,Edo period (1615–1868),,,Woodblock print; ink and color on paper,8 1/2 x 6 1/2 in. (21.6 x 16.5 cm),Japan,,,,Human Figures|Houses|Mountains|Trees,Utagawa Hiroshige,Artist,Japanese,1797,1858,,Asian Art,Prints,"Japanese, Tokyo (Edo) 1797–1858 Tokyo (Edo)",False,True,https://www.metmuseum.org/art/collection/search/36557,https://images.metmuseum.org/CRDImages/as/original/DP122836.jpg,0,,https://www.wikidata.org/wiki/Q200798,http://vocab.getty.edu/page/ulan/500019641
70094,Priest's Robe and Stole,"Robe and Stole, Priest's",19th century,,,,"Silk, metallic thread","Overall (a): 44 3/4 x 79 1/2 in. (113.7 x 201.9 cm)
Overall (b): 58 1/2 x 12 1/4 in. (148.6 x 31.1 cm)",Japan,,,,,,,,,,,Asian Art,Textiles-Costumes,,False,True,https://www.metmuseum.org/art/collection/search/70094,https://images.metmuseum.org/CRDImages/as/original/158104.jpg,0,,,
37139,Ichikawa Danjuro IV in the Role of Okazaki Akushiro,Print,ca. 1755,Edo period (1615–1868),,,Woodblock print; ink and color on paper,12 7/32 x 5 5/8 in. (31.1 x 14.3 cm),Japan,,,,Theatre|Men|Actors,Torii Kiyomitsu,Artist,Japanese,1735,1785,,Asian Art,Prints,"Japanese, 1735–1785",False,True,https://www.metmuseum.org/art/collection/search/37139,https://images.metmuseum.org/CRDImages/as/original/DP123699.jpg,0,,https://www.wikidata.org/wiki/Q3136173,http://vocab.getty.edu/page/ulan/500057317
63030,Cup,Cup,1800,Edo period (1615–1868),,,Stoneware with lustrous glaze; the decoration in enamels (Kyoto ware),H. 3 1/2 in. (8.9 cm); Diam. 3 1/2 in. (8.9 cm),Japan,,,,,Eiraku Hozen,Artist,Japanese,1795,1854,,Asian Art,Ceramics,"Japanese, 1795–1854",False,True,https://www.metmuseum.org/art/collection/search/63030,https://images.metmuseum.org/CRDImages/as/original/23_225_266.JPG,0,,https://www.wikidata.org/wiki/Q11550137,http://vocab.getty.edu/page/ulan/500121409
667295,Tray with inlay,Tray,1368–1644,Ming dynasty (1368–1644),,,Lacquer with mother-of-pearl inlay,W. 5 3/4 × L. 15 1/4 in. (14.6 × 38.8 cm),China,,,,Birds|Men|Women|Umbrellas,,,,,,,Asian Art,Lacquer,,False,True,https://www.metmuseum.org/art/collection/search/667295,https://images.metmuseum.org/CRDImages/as/original/DP704089.jpg,2,,,
74591,Textile with Autumn Grasses,Piece,1615–1868,Edo period (1615–1868),,,Silk twill brocaded with silk,Sight: 3 7/16 x 3 1/8 in. (8.7 x 7.9 cm),Japan,,,,Flowers|Leaves,,,,,,,Asian Art,Textiles-Woven,,False,True,https://www.metmuseum.org/art/collection/search/74591,https://images.metmuseum.org/CRDImages/as/original/2008_335_66.JPG,0,,,
42764,Tablet with constellation,Tablet,late 19th–early 20th century,Qing dynasty (1644–1911),,,Jade,H. 6 3/4 in. (17.1 cm); W. 1 7/8 in. (4.8 cm); D. 1/4 in. (.6 cm),China,,,,,,,,,,,Asian Art,Jade,,False,True,https://www.metmuseum.org/art/collection/search/42764,https://images.metmuseum.org/CRDImages/as/original/11_190_268_11847.jpg,0,,,
50014,Pair of Ear Clips with Purple Stones in Tendril Mount,Ear clips,Second half of the 8th–second half of the 10th century,Central Javanese period,,,Gold with purple stones,Each: H. 3/16 in. (0.5 cm);  Diam. 5/8 in. (1.6 cm),Indonesia (Java),,,,,,,,,,,Asian Art,Jewelry,,False,True,https://www.metmuseum.org/art/collection/search/50014,https://images.metmuseum.org/CRDImages/as/original/1998_544_189a.jpg,1,,,
77169,Egrets and Crows,Screen,late 19th century,Meiji period (1868–1912),,,"Individual panels remounted as a two-panel folding screen; colored lacquer, white pigment, and gold leaf on paper","Image (each panel): 53 1/2 x 36 in. (135.9 x 91.4 cm)
Overall (each panel): 60 7/8 x 39 1/4 in. (154.6 x 99.7 cm)",Japan,,,,Birds,Shibata Zeshin,Artist,Japanese,1807,1891,,Asian Art,Paintings,"Japanese, 1807–1891",False,True,https://www.metmuseum.org/art/collection/search/77169,https://images.metmuseum.org/CRDImages/as/original/DP268682.jpg,2,https://www.wikidata.org/wiki/Q126142800,https://www.wikidata.org/wiki/Q2386947,http://vocab.getty.edu/page/ulan/500325954
757344,The Boy Attendants Kongara Dōji and Seitaka Dōji,Pair of sculptures,ca. 1350,Nanbokuchō period (1336–1392),,,"Lacquered wood with traces of paint, inlaid glass eyes; joined-block construction (yosegi-zukuri)","1. Kongara: H. 13 1/2 in. (34.3 cm); W. 6 1/4 in. (15.9 cm); D. 7 in. (17.8 cm)
2. Seitaka: H. 13 1/2 in. (34.3 cm); W. 6 in. (15.2 cm); D. 6 in. (15.2 cm)",Japan,,,,,Unidentified,Artist,,,,,Asian Art,Sculpture,,False,True,https://www.metmuseum.org/art/collection/search/757344,https://images.metmuseum.org/CRDImages/as/original/DP-23798-001.jpg,4,,,
37647,Two Beads,Two beads,19th century,,,,Jade and silver,Diam. 9/16 in. (1.5 cm),Tibet,,,,,,,,,,,Asian Art,Jewelry,,False,True,https://www.metmuseum.org/art/collection/search/37647,https://images.metmuseum.org/CRDImages/as/original/54_132_8_d2.JPG,0,,,
57474,Mirror,Mirror,918–1392,Goryeo dynasty (918–1392),,,Bronze,Diam. 5 5/8 in. (14.3 cm),Korea,,,,,,,,,,,Asian Art,Mirrors,,False,True,https://www.metmuseum.org/art/collection/search/57474,https://images.metmuseum.org/CRDImages/as/original/sf-17_175_20_001.jpg,2,,,
71538,Piece,Piece,18th century,Qing dynasty (1644–1911),,,Silk / Compound weave,5 3/8 × 3/4 in. (13.7 × 1.9 cm),China,,,,,,,,,,,Asian Art,Textiles-Woven,,False,True,https://www.metmuseum.org/art/collection/search/71538,https://images.metmuseum.org/CRDImages/as/original/DP15433.jpg,0,,,
73530,"Englishmen: One Standing, One Sketching",Print,"11th month, 1860",Edo period (1615–1868),,,Woodblock print; ink and color on paper,Image: 14 3/4 x 9 7/8 in. (37.5 x 25.1 cm),Japan,,,,Painting|Men,Utagawa Yoshimori,Artist,Japanese,1830,1884,,Asian Art,Prints,"Japanese, 1830–1884",False,True,https://www.metmuseum.org/art/collection/search/73530,https://images.metmuseum.org/CRDImages/as/original/DP148092.jpg,0,,,
59169,Netsuke,Netsuke,19th century,Edo (1615–1868) or Meiji period (1868–1912),,,Ivory with metal disk,Diam. 1 1/2 in. (3.8 cm); D. 1/2 in. (1.3 cm),Japan,,,,Animals|Men,,,,,,,Asian Art,Netsuke,,False,True,https://www.metmuseum.org/art/collection/search/59169,https://images.metmuseum.org/CRDImages/as/original/LC-81_1_64-001.jpg,2,,,
75284,Arc-shaped pendant (Huang),Pendant,5th century BCE,Eastern Zhou dynasty (770–256 BCE),,,Jade (nephrite),H. 1 3/8 in. (3.5 cm); W. 5 5/8 in. (14.3 cm),China,,,,,,,,,,,Asian Art,Jade,,False,True,https://www.metmuseum.org/art/collection/search/75284,https://images.metmuseum.org/CRDImages/as/original/DP228872.jpg,1,,,
61139,Knife Coin,Knife coin,-206–220,Han dynasty (206 BCE–220 CE),,,Bronze,L. 7 1/4 in. (18.4 cm),China,,,,,,,,,,,Asian Art,Metalwork,,False,True,https://www.metmuseum.org/art/collection/search/61139,https://images.metmuseum.org/CRDImages/as/original/DP167662.jpg,0,,,
49937,"The Sacred Spring at Jōgaku (Jōgaku reisen), from the series Eight Views of the Ryūkyū Islands (Ryūkyū hakkei)",Woodblock print,ca. 1832,Edo period (1615–1868),,,Woodblock print; ink and color on paper,9 7/8 x 14 5/8 in. (25.1 x 37.1 cm),Japan,,,,Waterfalls|Mountains|Landscapes,Katsushika Hokusai,Artist,Japanese,1760,1849,,Asian Art,Prints,"Japanese, Tokyo (Edo) 1760–1849 Tokyo (Edo)",False,True,https://www.metmuseum.org/art/collection/search/49937,https://images.metmuseum.org/CRDImages/as/original/DP141124.jpg,0,https://www.wikidata.org/wiki/Q61040874,https://www.wikidata.org/wiki/Q5586,http://vocab.getty.edu/page/ulan/500060426
38746,Figure of a Ram,Statuette,1st–2nd century,,,,Terracotta,H. 3 in. (7.6 cm); L. 4 3/4 in. (12.1 cm),India,,,,Shunga|Rams,,,,,,,Asian Art,Sculpture,,False,True,https://www.metmuseum.org/art/collection/search/38746,https://images.metmuseum.org/CRDImages/as/original/33_50_8.JPG,0,,,
50316,Four-Legged jar,Jar,9th century,Heian period (794–1185),,,Stoneware with green glaze and relief decoration (Sanage ware),H. 7 5/16 in. (18.6 cm); Diam. 8 3/4 in. (22.2 cm),Japan,,,,,,,,,,,Asian Art,Ceramics,,False,True,https://www.metmuseum.org/art/collection/search/50316,https://images.metmuseum.org/CRDImages/as/original/DP220697.jpg,3,,,
51316,"Lime Container in the Form of a ""Mloko"" Drum Surmounted by a Crouching Figure",Lime container,500 BCE–300 CE,Bronze and Iron Age period,,,Bronze,H. 3 3/4 in. (9.5 cm); Diam. of rim: 1 in. (2.5 cm); Diam. of base: 1 1/8 in. (2.9 cm),"Indonesia (Java, Lumajang, Pasiran)",,,,,,,,,,,Asian Art,Metalwork,,False,True,https://www.metmuseum.org/art/collection/search/51316,https://images.metmuseum.org/CRDImages/as/original/2001_433_514ab_O1.jpg,1,,,
62964,Tomb figure,Tomb figure,-206–220,Han dynasty (206 BCE–220 CE),,,Dark pottery with white slip and red paint,H. 3 in. (7.6 cm),China,,,,Human Figures,,,,,,,Asian Art,Tomb Pottery,,False,True,https://www.metmuseum.org/art/collection/search/62964,https://images.metmuseum.org/CRDImages/as/original/102731.jpg,0,,,
39976,Rondel with Seated Buddha,Relief,6th–7th century,Khotan Kingdom,,,Red clay with traces of color,6 1/2 x 6 1/2 in. (16.5 x 16.5 cm),China (Xinjiang Autonomous Region),,,,Buddhism|Buddha,,,,,,,Asian Art,Sculpture,,False,True,https://www.metmuseum.org/art/collection/search/39976,https://images.metmuseum.org/CRDImages/as/original/DP271340.jpg,0,,,
36758,The First Nakamura Nakazo as a Samurai,Print,ca. 1780,Edo period (1615–1868),,,Woodblock print; ink and color on paper,Hosoban 12 3/8 x 5 15/16 in. (31.4 x 15.1 cm),Japan,,,,Swords,Katsukawa Shunkō,Artist,Japanese,1743,1812,,Asian Art,Prints,"Japanese, 1743–1812",False,True,https://www.metmuseum.org/art/collection/search/36758,https://images.metmuseum.org/CRDImages/as/original/DP132729.jpg,0,,https://www.wikidata.org/wiki/Q3075055,http://vocab.getty.edu/page/ulan/500121075
69435,Stencil,Stencil,19th century,,,,Paper,12 1/4 x 16 1/8 in. (31.1 x 41 cm),Japan,,,,Bamboo,,,,,,,Asian Art,Stencils,,False,True,https://www.metmuseum.org/art/collection/search/69435,https://images.metmuseum.org/CRDImages/as/original/DP13695.jpg,0,,,
39607,Seated Buddha,Figurine,12th century,Chola period (880–1279),,,Copper alloy,H.  3 3/4 in. (9.5 cm),"India (Tamil Nadu, Nagapattinam)",,,,Later Andhra|Buddhism|Buddha,,,,,,,Asian Art,Sculpture,,False,True,https://www.metmuseum.org/art/collection/search/39607,https://images.metmuseum.org/CRDImages/as/original/1996_474_F.jpg,1,,,
71720,Piece,Piece,17th century,,,,Silk / Compound weave,4 in. × 3 1/8 in. (10.2 × 7.9 cm),Japan,,,,Flowers,,,,,,,Asian Art,Textiles-Woven,,False,True,https://www.metmuseum.org/art/collection/search/71720,https://images.metmuseum.org/CRDImages/as/original/DP15249.jpg,0,,,
42265,Bottle,Bottle,early 12th century,Goryeo dynasty (918–1392),,,Stoneware with incised decoration of lotus flowers under celadon glaze,H. 12 1/2 in. (31.8 cm),Korea,,,,,,,,,,,Asian Art,Ceramics,,False,True,https://www.metmuseum.org/art/collection/search/42265,https://images.metmuseum.org/CRDImages/as/original/264225_19.39.1.jpg,3,,,
75147,Leaf from a Kalpa Sutra (Jain Book of Rituals),Folio,15th century,,,,"Ink, opaque watercolor, and gold on paper",(Average size .1–.71): 4 1/2 x 11 3/8 in. (11.4 x 28.9 cm),India (Gujarat),,,,,Bhadrabahu,Artist,Indian,-0356,-0356,,Asian Art,Paintings,"Indian, died ca. 356 BCE",False,True,https://www.metmuseum.org/art/collection/search/75147,https://images.metmuseum.org/CRDImages/as/original/DP154777.jpg,1,https://www.wikidata.org/wiki/Q78671666,https://www.wikidata.org/wiki/Q3524867,(not assigned)
47404,Covered Jar,Covered jar,late 17th–early 18th century,"Qing dynasty (1644–1911), Kangxi period (1662–1722)",,,Porcelain painted in underglaze blue,H. 6 1/2 in. (16.5 cm),China,,,,Flowers,,,,,,,Asian Art,Ceramics,,False,True,https://www.metmuseum.org/art/collection/search/47404,https://images.metmuseum.org/CRDImages/as/original/79_2_294_ab_S03.jpg,2,,,
58224,Print,Print,1786–1854,Edo period (1615–1868),,,Woodblock print; ink and color on paper,Image: 14 1/8 × 9 7/8 in. (35.9 × 25.1 cm),Japan,,,,Girls|Women|Flowers,Utagawa Kunisada,Artist,Japanese,1786,1864,,Asian Art,Prints,"Japanese, 1786–1864",False,True,https://www.metmuseum.org/art/collection/search/58224,https://images.metmuseum.org/CRDImages/as/original/DP149231.jpg,0,,https://www.wikidata.org/wiki/Q467427,http://vocab.getty.edu/page/ulan/500121373
53547,Fan box,Fan box,1736–1795,"Qing dynasty (1644–1911), Qianlong period (1736–95)",,,Cedarwood,14 x 4 in. (35.6 x 10.2 cm),China,,,,,Unidentified artist,Artist,,,,,Asian Art,Woodwork,,False,True,https://www.metmuseum.org/art/collection/search/53547,https://images.metmuseum.org/CRDImages/as/original/DP-32408-002.jpg,3,,,
56944,Swallows and Budding Wild Cherry,Woodblock print,ca. 1835,Edo period (1615–1868),,,Woodblock print,15 1/8 x 5 1/8 in. (38.4 x 13 cm),Japan,,,,Birds,Utagawa Hiroshige,Artist,Japanese,1797,1858,,Asian Art,Prints,"Japanese, Tokyo (Edo) 1797–1858 Tokyo (Edo)",False,True,https://www.metmuseum.org/art/collection/search/56944,https://images.metmuseum.org/CRDImages/as/original/DP140955.jpg,0,,https://www.wikidata.org/wiki/Q200798,http://vocab.getty.edu/page/ulan/500019641
60093,Netsuke,Netsuke,19th century,Edo (1615–1868) or Meiji period (1868–1912),,,Ivory and wood,H. 1 3/8 in. (3.5 cm); W. 1 in. (2.5 cm); D. 7/8 in. (2.2 cm),Japan,,,,Men,,,,,,,Asian Art,Netsuke,,False,True,https://www.metmuseum.org/art/collection/search/60093,https://images.metmuseum.org/CRDImages/as/original/10_211_738_O1_sf.jpg,1,,,
50625,Ax,Ax,1500–500 BCE,,,,Copper,4 1/2 x 2 5/8 in. (11.4 x 6.7 cm),India,,,,,,,,,,,Asian Art,Metalwork,,False,True,https://www.metmuseum.org/art/collection/search/50625,https://images.metmuseum.org/CRDImages/as/original/2001_433_42_O.JPG,0,,,
61799,Kosode Fragment,Piece from a kosode,late 17th–mid 18th century,Edo period (1615–1868),,,Ground of white satin damask (rinzu),H. 34 5/8 in. (88 cm); W. 14 9/16 in. (37 cm),Japan,,,,Flowers,,,,,,,Asian Art,Textiles-Dyed and Embroidered,,False,True,https://www.metmuseum.org/art/collection/search/61799,https://images.metmuseum.org/CRDImages/as/original/269909.jpg,0,,,
50647,Ax,Ax,1500–500 BCE,,,,Copper,6 3/4 x 6 1/16 in. (17.1 x 15.4 cm),India,,,,,,,,,,,Asian Art,Metalwork,,False,True,https://www.metmuseum.org/art/collection/search/50647,https://images.metmuseum.org/CRDImages/as/original/LC-2001_433_38-001.jpg,1,,,
67164,Piece,Piece,18th–19th century,,,,Silk,1 3/4 x 3 1/2 in. (4.45 x 8.89 cm),Japan,,,,Flowers,,,,,,,Asian Art,Textiles-Painted and Printed,,False,True,https://www.metmuseum.org/art/collection/search/67164,https://images.metmuseum.org/CRDImages/as/original/DP12773.jpg,0,,,
75900,Tantric Rug with Two Flayed Male Figures,Rug,18th–19th century,,,,"Wool, cotton, and dye",65 1/2 × 32 in. (166.4 × 81.3 cm),Tibet,,,,,,,,,,,Asian Art,Textiles-Rugs,,False,True,https://www.metmuseum.org/art/collection/search/75900,https://images.metmuseum.org/CRDImages/as/original/DP-32276-001.jpg,1,,,
51189,Shard:  Neckpiece with Figure Looking Back,Shard,ca. 4th–5th century,,,,Painted terracotta,1 x 3 in. (2.5 x 7.6 cm),Pakistan,,,,Gandhara,,,,,,,Asian Art,Ceramics,,False,True,https://www.metmuseum.org/art/collection/search/51189,https://images.metmuseum.org/CRDImages/as/original/1992_256_13_kb.JPG,0,,,
49948,Ear Clip in the Shape of a Starfruit,Ear clip,Second half of the 8th–second half of the 10th century,Central Javanese period,,,Gold,H. 3/16 in. (0.5 cm); Diam. 5/16 in. (0.8 cm),Indonesia (Java),,,,,,,,,,,Asian Art,Jewelry,,False,True,https://www.metmuseum.org/art/collection/search/49948,https://images.metmuseum.org/CRDImages/as/original/1998_544_116.jpg,0,,,
67764,Piece,Piece,18th–19th century,,,,Silk,5 1/2 x 5 in. (13.97 x 12.70 cm),Japan,,,,Men,,,,,,,Asian Art,Textiles-Woven,,False,True,https://www.metmuseum.org/art/collection/search/67764,https://images.metmuseum.org/CRDImages/as/original/DP13368.jpg,0,,,
50682,Section of a Rock Painting,Painted fragment,ca. 1000 BCE–300 CE,late Chalcolithic–early Historic period,,,Stone with pigments,Gr. H. 13 3/4 in. (35 cm); Gr. W. 15 3/4 in. (40 cm); Gr. D. 4 1/4 in. (10.8 cm),India,,,,,,,,,,,Asian Art,Hardstone,,False,True,https://www.metmuseum.org/art/collection/search/50682,https://images.metmuseum.org/CRDImages/as/original/DP-38773-001.jpg,1,,,
37449,Footed Jar,Jar,11th–12th century,,,,Stoneware,H. 10 1/16 in. (25.5 cm); Diam. 7 1/2 in. (9 cm),Vietnam,,,,,,,,,,,Asian Art,Ceramics,,False,True,https://www.metmuseum.org/art/collection/search/37449,https://images.metmuseum.org/CRDImages/as/original/1986_299ab.jpg,0,https://www.wikidata.org/wiki/Q116316104,,
64398,Pair of Earrings,Pair of earrings,8th–12th century,,,,Gold,Largest H. 3/8 in. (1 cm),Indonesia (Central Java),,,,,,,,,,,Asian Art,Jewelry,,False,True,https://www.metmuseum.org/art/collection/search/64398,https://images.metmuseum.org/CRDImages/as/original/2001_794_28ab.jpg,0,,,
74575,Piece from a Kosode with Pine Boughs,Piece from a kosode,1615–1868,Edo period (1615–1868),,,"Resist-dyed silk satin damask (rinzu), embroidered with silk and metallic thread",Sight: 11 5/8 x 9 13/16 in. (29.5 x 24.9 cm),Japan,,,,Leaves,,,,,,,Asian Art,Textiles-Dyed and Embroidered,,False,True,https://www.metmuseum.org/art/collection/search/74575,https://images.metmuseum.org/CRDImages/as/original/2008_335_32.JPG,0,,,
57231,Preliminary Drawings of Demons,Drawing,late 19th century,Meiji period (1868–1912),,,Wash drawing; ink on paper,9 1/8 x 13 1/4 in. (23.2 x 33.7 cm),Japan,,,,Demons,Kawanabe Kyōsai 河鍋暁斎,Artist,Japanese,1831,1889,,Asian Art,Paintings,"Japanese, 1831–1889",False,True,https://www.metmuseum.org/art/collection/search/57231,https://images.metmuseum.org/CRDImages/as/original/LC-37_119_5-001.jpg,0,https://www.wikidata.org/wiki/Q78730918,https://www.wikidata.org/wiki/Q2838030,http://vocab.getty.edu/page/ulan/500092866
50423,Hair Ornament with Kala Motifs,Hair Ornament,8th–early 10th century,Central Javanese period,,,Gold,"a): H. 1 3/8 in. (3.5 cm)
b): W. 3 1/2 in. (8.8 cm)",Indonesia (Java),,,,,,,,,,,Asian Art,Jewelry,,False,True,https://www.metmuseum.org/art/collection/search/50423,https://images.metmuseum.org/CRDImages/as/original/1998_544_468ab.jpg,0,https://www.wikidata.org/wiki/Q116313521,,
67349,Piece,Piece,18th–19th century,,,,Silk,2 1/4 x 4 1/2 in. (5.71 x 11.43 cm),Japan,,,,,,,,,,,Asian Art,Textiles-Woven,,False,True,https://www.metmuseum.org/art/collection/search/67349,https://images.metmuseum.org/CRDImages/as/original/DP12910.jpg,0,,,
39365,"Relief Plaque of Hindu Deity, Probably Processional: Face of a Deity",Relief plaque,probably 14th–16th century,,,,Repoussé copper alloy,Overall: 7 1/16 x 5 3/8 in. (17.9 x 13.6cm),Nepal (Kathmandu Valley),,,,Hinduism,,,,,,,Asian Art,Metalwork,,False,True,https://www.metmuseum.org/art/collection/search/39365,https://images.metmuseum.org/CRDImages/as/original/1986_511_1_243292.jpg,0,,,
50322,Dish with Figure,Dish,ca. 1620,Edo period (1615–1868),,,"Porcelain with underglaze blue (Hizen ware, early Imari type)",H. 1 1/8 in. (3 cm); Diam. 6 in. (15.2 cm),Japan,,,,Human Figures,,,,,,,Asian Art,Ceramics,,False,True,https://www.metmuseum.org/art/collection/search/50322,https://images.metmuseum.org/CRDImages/as/original/DP229638.jpg,1,https://www.wikidata.org/wiki/Q83562557,,
68406,Altar Cloth,Altar Cloth,1688–1704,Edo period (1615–1868),,,"Silk, metallic thread",26 x 26 in. (66.04 x 66.04 cm),Japan,,,,Dragons,,,,,,,Asian Art,Textiles-Woven,,False,True,https://www.metmuseum.org/art/collection/search/68406,https://images.metmuseum.org/CRDImages/as/original/44047.jpg,0,,,
70933,Fan,Folding Fan,20th century,,,,Paper and metal paint / Paint,10 3/4 × 20 in. (27.3 × 50.8 cm),Japan,,,,,,,,,,,Asian Art,Fans,,False,True,https://www.metmuseum.org/art/collection/search/70933,https://images.metmuseum.org/CRDImages/as/original/62746.jpg,0,,,
70340,Furniture Cover for Chair,Furniture cover,1662–1722,"Qing dynasty (1644–1911), Kangxi period (1662–1722)",,,"Silk, metallic thread;  on silk;  lined with linen (?)",27 3/4 x 20 3/4 in. (70.48 x 52.70 cm),China,,,,,,,,,,,Asian Art,Textiles-Embroidered,,False,True,https://www.metmuseum.org/art/collection/search/70340,https://images.metmuseum.org/CRDImages/as/original/175111.jpg,0,,,
44117,Badge with Five-Clawed Dragon Surrounded by Plum Blossoms,Badge,late 16th–early 17th century,Ming dynasty (1368–1644),,,Silk and metallic-thread embroidery on plain-weave silk,15 x 15 in. (38.1 x 38.1 cm),China,,,,Dragons,,,,,,,Asian Art,Textiles-Embroidered,,False,True,https://www.metmuseum.org/art/collection/search/44117,https://images.metmuseum.org/CRDImages/as/original/251109.jpg,0,,,
61006,Vase of Zhou Design,Vase,960–1279,Song dynasty (960–1279) (?),,,Bronze,H. 14 7/8 in. (37.8 cm); W. 9 3/4 in. (24.8 cm),China,,,,,,,,,,,Asian Art,Metalwork,,False,True,https://www.metmuseum.org/art/collection/search/61006,https://images.metmuseum.org/CRDImages/as/original/1591.jpg,0,,,
56973,"Poem by Dainagon Tsunenobu (Minamoto no Tsunenobu, Katsura no Dainagon), from the series One Hundred Poems Explained by the Nurse (Hyakunin isshu uba ga etoki)",Woodblock print,1839,Edo period (1615–1868),,,Woodblock print; ink and color on paper,"Image: 9 15/16 × 14 3/8 in. (25.2 × 36.5 cm)
Mat: 22 3/4 × 15 1/2 in. (57.8 × 39.4 cm)",Japan,,,,Houses|Men|Women|Working,Katsushika Hokusai,Artist,Japanese,1760,1849,,Asian Art,Prints,"Japanese, Tokyo (Edo) 1760–1849 Tokyo (Edo)",False,True,https://www.metmuseum.org/art/collection/search/56973,https://images.metmuseum.org/CRDImages/as/original/DP141103.jpg,0,,https://www.wikidata.org/wiki/Q5586,http://vocab.getty.edu/page/ulan/500060426
67351,Piece,Piece,18th–19th century,,,,Silk,2 1/4 x 4 3/4 in. (5.71 x 12.07 cm),Japan,,,,,,,,,,,Asian Art,Textiles-Woven,,False,True,https://www.metmuseum.org/art/collection/search/67351,https://images.metmuseum.org/CRDImages/as/original/DP12921.jpg,0,,,
47311,Plate,Plate,19th century,Edo period (1615–1868),,,Pottery; flat with raised rim; design of chrysanthemums and butterfly painted in iron pigment on face of plate (Seto ware),Diam. 8 1/2in. (21.6cm),Japan,,,,Flowers,,,,,,,Asian Art,Ceramics,,False,True,https://www.metmuseum.org/art/collection/search/47311,https://images.metmuseum.org/CRDImages/as/original/203894.jpg,0,,,
61301,Incense Burner,Incense burner,1644–1911,Qing dynasty (1644–1911),,,Bronze flecked with gold,H. 3 7/8 in. (9.8 cm); Diam. 4 1/4 in. (10.8 cm),China,,,,,,,,,,,Asian Art,Metalwork,,False,True,https://www.metmuseum.org/art/collection/search/61301,https://images.metmuseum.org/CRDImages/as/original/1971_180_222.JPG,0,,,
67928,Piece,Piece,19th century,,,,Silk / Brocaded,24 x 7 3/4 in. (60.96 x 19.68 cm),Japan,,,,,,,,,,,Asian Art,Textiles-Woven,,False,True,https://www.metmuseum.org/art/collection/search/67928,https://images.metmuseum.org/CRDImages/as/original/7121A.jpg,0,,,
62924,Covered censer,Covered censer,1820,Edo period (1615–1868),,,White porcelain decorated with blue under the glaze (Hirado ware),H. 2 1/4 in. (5.7 cm); Diam. 7 7/8 in. (20 cm),Japan,,,,Leaves|Censers,,,,,,,Asian Art,Ceramics,,False,True,https://www.metmuseum.org/art/collection/search/62924,https://images.metmuseum.org/CRDImages/as/original/23_225_95.JPG,0,,,
37799,"Thousand-Armed Chenresi, a Cosmic Form of the Bodhisattva Avalokiteshvara",Thangka,14th century,,,,Distemper and gold on cloth,"Image: H. 28 3/4 in. (73 cm); W. 24 in. (61 cm)
Framed: H. 46 1/8 in. (117.2 cm); W. 33 in. (83.8 cm); D. 1 3/8 in. (3.5 cm); Wt. 19 lbs. (8.6 kg)",Tibet,,,,Buddhism|Avalokiteshvara|Bodhisattvas|Deities,,,,,,,Asian Art,Paintings,,True,True,https://www.metmuseum.org/art/collection/search/37799,https://images.metmuseum.org/CRDImages/as/original/DP-30186-001.jpg,4,https://www.wikidata.org/wiki/Q78917917,,
59776,Female musician with zither,Figure,6th–7th century,Sui dynasty (581–619),,,Earthenware with pigment,H. 5 1/2 in. (14 cm); W. 4 1/2 in. (11.4 cm),China,,,,Musicians,,,,,,,Asian Art,Tomb Pottery,,False,True,https://www.metmuseum.org/art/collection/search/59776,https://images.metmuseum.org/CRDImages/as/original/147976.jpg,1,,,
48727,Vase,Vase,first half of the 19th century,Qing dynasty (1644–1911),,,Porcelain painted in overglaze polychrome enamels,H. 12 5/8 in. (32.1 cm); Diam. of rim: 10 5/8 in. (27 cm); Diam. of foot: 5 1/4 in. (13.3 cm),China,,,,Human Figures|Birds|Flowers,,,,,,,Asian Art,Ceramics,,False,True,https://www.metmuseum.org/art/collection/search/48727,https://images.metmuseum.org/CRDImages/as/original/79_2_780_O1_sf.jpg,6,,,
68255,Textile Sample from Sample Book,Sample,19th century,,,,Silk / Tapestry,6 x 6 in. (15.24 x 15.24 cm),Japan,,,,,,,,,,,Asian Art,Textiles-Woven,,False,True,https://www.metmuseum.org/art/collection/search/68255,https://images.metmuseum.org/CRDImages/as/original/DP14120.jpg,0,,,
36983,Chinese Oriole and Peonies,Print,1789,Edo period (1615–1868),,,Woodblock print; ink and color on paper,10 x 14 7/8 in. (25.4 x 37.8 cm),Japan,,,,Birds|Peonies|Leaves,Kuwagata Keisai,Artist,Japanese,1764,1824,,Asian Art,Prints,"Japanese, 1764–1824",False,True,https://www.metmuseum.org/art/collection/search/36983,https://images.metmuseum.org/CRDImages/as/original/DP124554.jpg,0,,https://www.wikidata.org/wiki/Q3197564,(not assigned)
54871,"Kiyomizu Komachi, from the series Futabagusa nana Komachi",Print,1790s,Edo period (1615–1868),,,Woodblock print (nishiki-e); ink and color on paper,H. 14 1/2 in. (36.8 cm); W. 9 1/2 in. (24.1 cm),Japan,,,,Children|Women|Playing|Games,Kitagawa Utamaro,Artist,Japanese,1754,1806,,Asian Art,Prints,"Japanese, ca. 1754–1806",False,True,https://www.metmuseum.org/art/collection/search/54871,https://images.metmuseum.org/CRDImages/as/original/DP135607.jpg,0,https://www.wikidata.org/wiki/Q60591845,https://www.wikidata.org/wiki/Q272045,http://vocab.getty.edu/page/ulan/500054492
39596,Textile with confronted birds,Embroidered textile,early 8th century,Tang dynasty (618–907),,,Silk embroidery on plain weave silk,Overall: 12 1/4 x 12 1/8 in. (31.1 x 30.8 cm),China,,,,Birds|Flowers,,,,,,,Asian Art,Textiles-Embroidered,,False,True,https://www.metmuseum.org/art/collection/search/39596,https://images.metmuseum.org/CRDImages/as/original/DT4012.jpg,0,,,
43562,Fragment,Fragment,1902,,,,Nephrite,H. 1 in. (2.5 cm); W. 2 1/8 in. (5.4 cm); Th. 1 in. (2.5 cm),North America,,,,,,,,,,,Asian Art,Jade,,False,True,https://www.metmuseum.org/art/collection/search/43562,https://images.metmuseum.org/CRDImages/as/original/02_18_154_82808.jpg,1,,,
69035,Priest's Robe,"Robe, Priest's",17th century,,,,"Silk, metallic thread",H. 44 1/2 x W. 84 in. (113.03 x 213.36 cm),Japan,,,,,,,,,,,Asian Art,Textiles-Costumes,,False,True,https://www.metmuseum.org/art/collection/search/69035,https://images.metmuseum.org/CRDImages/as/original/88503.jpg,0,,,
78606,Picture Book of Gold Brocades (Ehon kokinran) 絵本古錦蘭,Illustrated books,"1763, January (Hōreki 13)",Edo period (1615–1868),,,Set of three woodblock printed books; ink on paper,each: 8 7/8 × 6 5/16 in. (22.5 × 16 cm),Japan,,,,Women,Suzuki Harunobu,Artist,Japanese,1725,1770,,Asian Art,Illustrated Books,"Japanese, 1725–1770",False,True,https://www.metmuseum.org/art/collection/search/78606,https://images.metmuseum.org/CRDImages/as/original/2013_685_a_c_a_04_crd.jpg,38,,https://www.wikidata.org/wiki/Q360978,http://vocab.getty.edu/page/ulan/500057319
62404,Arrowhead,Arrowhead,-1500–-1000,Late Jōmon period (ca. 1500–1000 BCE),,,"Sandstone, chert or flint",W. 3/4 in. (1.9 cm); L. 1 1/8 in. (2.9 cm),Japan,,,,,,,,,,,Asian Art,Stone,,False,True,https://www.metmuseum.org/art/collection/search/62404,https://images.metmuseum.org/CRDImages/as/original/1975_268_219_F.jpg,1,,,
41630,Snuff Bottle,Snuff bottle,1736–1795,"Qing dynasty (1644–1911), Qianlong period (1736–95)",,,"Yellow crackled porcelain with enameled metal stopper, wood stand",H. 2 in. (5.1 cm),China,,,,,,,,,,,Asian Art,Snuff Bottles,,False,True,https://www.metmuseum.org/art/collection/search/41630,https://images.metmuseum.org/CRDImages/as/original/21_175_383ab_O1.jpg,0,,,
38761,Seated Figure,Relief,11th–12th century,,,,Gray sandstone,H. 5 7/8 in. (14.9 cm); W. 3 1/2 in. (8.9 cm),India,,,,,,,,,,,Asian Art,Sculpture,,False,True,https://www.metmuseum.org/art/collection/search/38761,https://images.metmuseum.org/CRDImages/as/original/33_65_6.JPG,0,,,
48830,Bowl,Bowl,11th– early 12th century,Goryeo dynasty (918–1392),,,Stoneware with carved decoration under celadon glaze,H. 3 in. (7.6 cm); Diam. 6 3/4 in. (17.1 cm),Korea,,,,,,,,,,,Asian Art,Ceramics,,False,True,https://www.metmuseum.org/art/collection/search/48830,https://images.metmuseum.org/CRDImages/as/original/27779.jpg,0,,,
62988,Panel Illustrating Feminine Virtue: The Art of Sewing and Embroidery,Panel,17th century,,,,"Soapstone, satin, papier-maché","Image (a): 9 1/4 × 7 1/8 in. (23.5 × 18.1 cm)
Sheet: 10 1/2 × 8 3/8 in. (26.7 × 21.3 cm)
Image (b): 8 5/8 × 6 1/2 in. (21.9 × 16.5 cm)
Sheet: 10 in. × 8 1/8 in. (25.4 × 20.6 cm)",China,,,,,Lin Yuncai,Artist,Chinese,,,,Asian Art,Soapstone,,False,True,https://www.metmuseum.org/art/collection/search/62988,https://images.metmuseum.org/CRDImages/as/original/LC-33_76_2ab_sr1-004.jpg,0,,,
829389,Merrymaking in a Brothel,Hanging scroll,early 17th century,Edo period (1615–1868),,,Hanging scroll; ink and color on paper,"Image: 10 1/8 × 13 7/16 in. (25.7 × 34.2 cm)
Overall with mounting: 44 1/2 × 20 3/16 in. (113 × 51.3 cm)",Japan,,,,Men|Women|Drinking,Unidentified,Artist,,,,,Asian Art,Paintings,,False,True,https://www.metmuseum.org/art/collection/search/829389,https://images.metmuseum.org/CRDImages/as/original/DP-23436-002.jpg,1,https://www.wikidata.org/wiki/Q126119522,,
73451,French Photographer,Print,1861,Edo period (1615–1868),,,Woodblock print; ink and color on paper,Image: 13 7/8 x 9 1/2 in. (35.2 x 24.1 cm),Japan,,,,Photography|Men|Women|Cameras,Utagawa Yoshikazu,Artist,Japanese,1845,1870,,Asian Art,Prints,"Japanese, active ca. 1850–70",False,True,https://www.metmuseum.org/art/collection/search/73451,https://images.metmuseum.org/CRDImages/as/original/DP148021.jpg,0,,https://www.wikidata.org/wiki/Q11545174,http://vocab.getty.edu/page/ulan/500334458
43205,Cup,Cup,18th century,,,,Jade,H. 1 13/16 in. (4.6 cm); Diam. 3 1/4 in. (8.3 cm),China,,,,,,,,,,,Asian Art,Jade,,False,True,https://www.metmuseum.org/art/collection/search/43205,https://images.metmuseum.org/CRDImages/as/original/183842.jpg,0,,,
49990,Ear Ornament with Granulate Design,Ear Ornament,Second half of the 8th–second half of the 10th century,Central Javanese period,,,Gold,H. 3/16 in. (0.5 cm); Diam. 5/8 in. (1.6 cm),Indonesia (Java),,,,,,,,,,,Asian Art,Jewelry,,False,True,https://www.metmuseum.org/art/collection/search/49990,https://images.metmuseum.org/CRDImages/as/original/1998_544_158.JPG,0,,,
46542,Vase,Vase,18th century,Qing dynasty (1644–1911),,,Porcelain with copper red glaze (Jingdezhen ware),H. 6 5/8 in. (16.8 cm); Diam. 4 in. (10.2 cm),China,,,,,,,,,,,Asian Art,Ceramics,,False,True,https://www.metmuseum.org/art/collection/search/46542,https://images.metmuseum.org/CRDImages/as/original/LC-14_40_81_whs-001.jpg,1,,,
70540,Woman's Informal Robe,Woman's informal robe,19th century,Qing dynasty (1644–1911),,,"Silk, metallic thread",55 in. (139.7 cm),China,,,,Flowers,,,,,,,Asian Art,Costumes-Tapestries,,False,True,https://www.metmuseum.org/art/collection/search/70540,https://images.metmuseum.org/CRDImages/as/original/199459.jpg,0,,,
43657,Adze,Adze,1902,Prehistoric,,,Nephrite,H. 2 1/16 in. (5.3 cm); W. 1 5/8 in. (4.2 cm); D. 3/8 in. ( 1 cm),"North America (Alaska, Chatham Island)",,,,,,,,,,,Asian Art,Jade,,False,True,https://www.metmuseum.org/art/collection/search/43657,https://images.metmuseum.org/CRDImages/as/original/02_18_249 Adze.JPG,1,,,
71190,Piece,Piece,18th century,Edo period (1615–1868),,,Silk / Compound weave,2 7/8 × 1 1/2 in. (7.3 × 3.8 cm),Japan,,,,,,,,,,,Asian Art,Textiles-Woven,,False,True,https://www.metmuseum.org/art/collection/search/71190,https://images.metmuseum.org/CRDImages/as/original/DP15677.jpg,1,,,
50673,Civil-Official Hyungbae (Rank Badge),Rank badge,late 19th century,Joseon dynasty (1392–1910),,,Silk embroidery on silk damask,7 3/4 x 7 in. (19.7 x 17.8 cm),Korea,,,,Cranes,,,,,,,Asian Art,Textiles-Embroidered,,False,True,https://www.metmuseum.org/art/collection/search/50673,https://images.metmuseum.org/CRDImages/as/original/LC_53_60_12-001.jpg,1,,,
62028,A Branch of Plum (Umegoe),Woodblock print,ca. 1845–46,Edo period (1615–1868),,,Woodblock print; ink and color on paper,13 1/2 x 9 in. (34.3 x 22.9 cm),Japan,,,,Swords|Men,Utagawa Kuniyoshi,Artist,Japanese,1797,1861,,Asian Art,Prints,"Japanese, 1797–1861",False,True,https://www.metmuseum.org/art/collection/search/62028,https://images.metmuseum.org/CRDImages/as/original/DP144010.jpg,0,,https://www.wikidata.org/wiki/Q317736,http://vocab.getty.edu/page/ulan/500063102
41693,Snuff Bottle,Snuff bottle,1736–1795,"Qing dynasty (1644–1911), Qianlong period (1736–95)",,,Porcelain,H. 2 in. (5.1 cm),China,,,,Men,,,,,,,Asian Art,Snuff Bottles,,False,True,https://www.metmuseum.org/art/collection/search/41693,https://images.metmuseum.org/CRDImages/as/original/29_149_93.jpg,0,,,
70251,Medallion,Medallion,19th century,Qing dynasty (1644–1911),,,Silk,Overall (a): 11 1/4 x 11 1/4 in. (28.6 x 28.6 cm),China,,,,Butterflies|Flowers|Leaves,,,,,,,Asian Art,Textiles-Embroidered,,False,True,https://www.metmuseum.org/art/collection/search/70251,https://images.metmuseum.org/CRDImages/as/original/DP14447.jpg,1,,,
37144,"View of Fukagawa, Edo",Print,ca. 1764,Edo period (1615–1868),,,Woodblock print; ink and color on paper,7 3/4 x 12 1/8 in. (19.7 x 30.8 cm),Japan,,,,Bridges|Landscapes|Boats,Suzuki Harunobu,Artist,Japanese,1725,1770,,Asian Art,Prints,"Japanese, 1725–1770",False,True,https://www.metmuseum.org/art/collection/search/37144,https://images.metmuseum.org/CRDImages/as/original/DP114906.jpg,0,,https://www.wikidata.org/wiki/Q360978,http://vocab.getty.edu/page/ulan/500057319
76934,Japanese Drawing,Drawing,early 19th century,Edo period (1615–1868),,,On paper,Image: 29 3/4 × 17 1/4 in. (75.6 × 43.8 cm),Japan,,,,Trees,,,,,,,Asian Art,Paintings,,False,True,https://www.metmuseum.org/art/collection/search/76934,https://images.metmuseum.org/CRDImages/as/original/07_246_10_O1_sf.jpg,1,https://www.wikidata.org/wiki/Q126143139,,
69560,Panel,Panel,early 18th century,Qing dynasty (1644–1911),,,"Silk, metallic thread;  bordered with silk;  lined with cotton",33 3/4 x 39 1/2 in. (85.72 x 100.33 cm),China,,,,Dragons,,,,,,,Asian Art,Textiles-Woven,,False,True,https://www.metmuseum.org/art/collection/search/69560,https://images.metmuseum.org/CRDImages/as/original/132210.jpg,0,,,
69423,Stencil with Pattern of Ivy Leaves on Water,Stencil,19th century,,,,Paper reinforced with silk,15 1/2 x 16 3/4 in. (39.4 x 42.5 cm),Japan,,,,Leaves,,,,,,,Asian Art,Stencils,,False,True,https://www.metmuseum.org/art/collection/search/69423,https://images.metmuseum.org/CRDImages/as/original/DP13685.jpg,0,,,
64303,Ring Cast with Incised Scrolls,Ring,8th–12th century,,,,Gold,Diam. 7/8 in. (2.2 cm),Indonesia (Central Java),,,,,,,,,,,Asian Art,Jewelry,,False,True,https://www.metmuseum.org/art/collection/search/64303,https://images.metmuseum.org/CRDImages/as/original/2001_794_134_O.jpg,0,,,
78799,"Transmitting the Spirit, Revealing Form of Things: Picture Album of Drawings at One Stroke (Denshin kaishu ippitsu gafu) 伝神開手 一筆画譜",Illustrated book,1823 (Bunsei 6),Edo period (1615–1868),,,Woodblock printed book; ink and color on paper,9 × 6 1/4 in. (22.8 × 15.8 cm),Japan,,,,Birds,Katsushika Hokusai 葛飾北斎,Artist,Japanese,1760,1849,,Asian Art,Illustrated Books,"Japanese, Tokyo (Edo) 1760–1849 Tokyo (Edo)",False,True,https://www.metmuseum.org/art/collection/search/78799,https://images.metmuseum.org/CRDImages/as/original/2013_728_05_crd.jpg,32,,https://www.wikidata.org/wiki/Q5586,http://vocab.getty.edu/page/ulan/500060426
41487,Landscape in the Styles of Huang Gongwang and Gao Kegong,Hanging scroll,dated 1705,Qing dynasty (1644–1911),,,Hanging scroll; ink on paper,"Image: 45 1/8 x 21 1/4 in. (114.6 x 54 cm)
Overall with mounting: 102 1/4 x 29 in. (259.7 x 73.7 cm)
Overall with knobs: 102 1/4 x 32 3/4 in. (259.7 x 83.2 cm)",China,,,,Landscapes,Wang Yuanqi,Artist,Chinese,1642,1715,,Asian Art,Paintings,"Chinese, 1642–1715",False,True,https://www.metmuseum.org/art/collection/search/41487,https://images.metmuseum.org/CRDImages/as/original/1972_278_6_O.JPG,0,https://www.wikidata.org/wiki/Q78853574,https://www.wikidata.org/wiki/Q716338,http://vocab.getty.edu/page/ulan/500293863
40479,Sake bottle with grapevine decoration,Sake bottle (one of a pair),second half of the 17th century,Edo period (1615–1868),,,Gold and silver makie on black lacquer,H. 8 1/8 in. (20.6 cm),Japan,,,,,,,,,,,Asian Art,Lacquer,,False,True,https://www.metmuseum.org/art/collection/search/40479,https://images.metmuseum.org/CRDImages/as/original/DP-26432-001.jpg,3,,,
66008,Piece,Piece,18th–19th century,Edo (1615–1868),,,Silk,6 1/4 x 6 3/4 in. (15.88 x 17.15 cm),Japan,,,,,,,,,,,Asian Art,Textiles-Woven,,False,True,https://www.metmuseum.org/art/collection/search/66008,https://images.metmuseum.org/CRDImages/as/original/93199.jpg,0,,,
62848,Civil official,Figure,6th century,Northern Wei (386–534)–Northern Qi (550–577) dynasty,,,Earthenware with pigment,H. 20 1/4 in. (51.4 cm),China,,,,Men,,,,,,,Asian Art,Tomb Pottery,,False,True,https://www.metmuseum.org/art/collection/search/62848,https://images.metmuseum.org/CRDImages/as/original/50030.jpg,0,,,
51835,A Guardian King,Hanging scroll,1368–1911,Ming (1368–1644) or Qing dynasty (1644–1911),,,Hanging scroll; color on silk,76 1/2 x 39 1/2 in. (194.3 x 100.3 cm),China,,,,,Unidentified artist,Artist,,,,,Asian Art,Paintings,,False,True,https://www.metmuseum.org/art/collection/search/51835,https://images.metmuseum.org/CRDImages/as/original/DP-33170-002.jpg,1,,,
897107,One-Column Calligraphy on the Sound of Wind amidst Pines,Hanging scroll,late 17th century,Edo period (1615–1868),,,Hanging scroll; ink on paper,"Image: 47 1/4 × 10 1/2 in. (120 × 26.7 cm)
Overall with mounting: 79 5/8 × 15 3/8 in. (202.2 × 39.1 cm)
Overall with knobs: 79 5/8 × 17 9/16 in. (202.2 × 44.6 cm)",Japan,,,,,Yinyuan Longqi (Ingen Ryūki),Artist,Chinese,1592,1673,,Asian Art,Calligraphy,"Chinese, 1592–1673",False,True,https://www.metmuseum.org/art/collection/search/897107,https://images.metmuseum.org/CRDImages/as/original/DP-31396-002.jpg,1,,https://www.wikidata.org/wiki/Q705266,http://vocab.getty.edu/page/ulan/500319897
41145,Snuff bottle with gourd on a trellis,Snuff bottle with stopper,late 18th–19th century,Qing dynasty (1644–1911),,,Chalcedony with jadeite stopper,H. 2 7/8 in. (7.3 cm); W. 2 1/4 in. (5.7 cm); D. 1 1/4 in. (3.2 cm),China,,,,,,,,,,,Asian Art,Snuff Bottles,,False,True,https://www.metmuseum.org/art/collection/search/41145,https://images.metmuseum.org/CRDImages/as/original/DP319165.jpg,1,https://www.wikidata.org/wiki/Q116316977,,
65913,Piece,Piece,late 18th century,Edo period (1615–1868),,,"Silk, metallic thread",8 1/2 x 3 3/4 in. (21.59 x 9.53 cm),Japan,,,,Flowers,,,,,,,Asian Art,Textiles-Woven,,False,True,https://www.metmuseum.org/art/collection/search/65913,https://images.metmuseum.org/CRDImages/as/original/DP11403.jpg,0,,,
62353,Fishnet sinker,Fishnet sinker,-1200–-200,Final Jōmon period (ca. 1000–300 BCE),,,Bone,W. 1 1/8 in. (2.9 cm); L. 2 1/2 in. (6.4 cm),Japan,,,,,,,,,,,Asian Art,Bone,,False,True,https://www.metmuseum.org/art/collection/search/62353,https://images.metmuseum.org/CRDImages/as/original/LC-1975_268_372_001.jpg,1,,,
60716,Cricket cage,Cricket cage,18th–19th century,Qing dynasty (1644–1911),,,"Gourd, ivory, wood",H. 4 3/4 in. (12.1 cm); Diam. 2 3/4 in. (7 cm),China,,,,Men,,,,,,,Asian Art,Cricket cages,,False,True,https://www.metmuseum.org/art/collection/search/60716,https://images.metmuseum.org/CRDImages/as/original/28_186_12.jpg,0,,,
38942,Kalki on Horseback,Figure,10th century,Pala period,,,Bronze,H.  6 5/16 in. (16 cm),Bangladesh,,,,Men|Horses,,,,,,,Asian Art,Sculpture,,False,True,https://www.metmuseum.org/art/collection/search/38942,https://images.metmuseum.org/CRDImages/as/original/1987_422_2.jpg,0,,,
60794,Head of a Buddha,Head,mid-6th century,Northern Qi dynasty (550–577),,,Limestone with traces of pigment and gilding,H. 9 1/2 in. (24.1 cm); W. 6 1/4 in. (15.9 cm); D. 6 1/2 in. (16.5 cm),China,,,,Heads|Buddhism|Buddha,,,,,,,Asian Art,Sculpture,,False,True,https://www.metmuseum.org/art/collection/search/60794,https://images.metmuseum.org/CRDImages/as/original/DP170247.jpg,4,,,
71467,Piece,Piece,17th century,,,,Silk / Compound weave,8 3/4 × 8 1/4 in. (22.2 × 21 cm),Japan,,,,Leaves,,,,,,,Asian Art,Textiles-Woven,,False,True,https://www.metmuseum.org/art/collection/search/71467,https://images.metmuseum.org/CRDImages/as/original/DP15954.jpg,1,,,
45769,Woman and Attendant,Hanging scroll,18th century,Edo period (1615–1868),,,Hanging scroll; ink and color on silk,"Image: 11 1/4 × 14 3/4 in. (28.6 × 37.5 cm)
Overall with mounting: 44 3/4 × 19 3/4 in. (113.7 × 50.2 cm)
Overall with knobs: 44 3/4 × 21 5/8 in. (113.7 × 54.9 cm)",Japan,,,,Women,Nishikawa Sukenobu,Artist,Japanese,1671,1750,,Asian Art,Paintings,"Japanese, 1671–1750",False,True,https://www.metmuseum.org/art/collection/search/45769,https://images.metmuseum.org/CRDImages/as/original/33_87_1_O2_Sf.jpg,1,https://www.wikidata.org/wiki/Q78839207,https://www.wikidata.org/wiki/Q3109429,http://vocab.getty.edu/page/ulan/500118860
49545,Seated Falconer,One of a pair of figures,mid-to-late 6th century,Northern Wei (386–534)–Northern Qi (550–577) dynasty,,,Earthenware with red and white pigments,H. 6 in. (15.2 cm); W. 5 3/4 in. (14.6 cm),China,,,,Falcons|Men,,,,,,,Asian Art,Tomb Pottery,,False,True,https://www.metmuseum.org/art/collection/search/49545,https://images.metmuseum.org/CRDImages/as/original/DP702295.jpg,1,https://www.wikidata.org/wiki/Q116313605,,
50269,Ring with Twisted Coil Motif,Ring,Second half of the 8th–second half of the 10th century,Central Javanese period,,,Gold,H. 1/8 in. (0.3 cm); Diam. 3/4 in. (1.9 cm),Indonesia (Java),,,,,,,,,,,Asian Art,Jewelry,,False,True,https://www.metmuseum.org/art/collection/search/50269,https://images.metmuseum.org/CRDImages/as/original/1998_544_373.JPG,0,,,
49262,Jar,Jar,ca. 100–300,Late Yayoi period (ca. 4th century BCE–3rd century CE),,,Earthenware,H. 13 in. (33 cm),Japan,,,,,,,,,,,Asian Art,Ceramics,,False,True,https://www.metmuseum.org/art/collection/search/49262,https://images.metmuseum.org/CRDImages/as/original/2002_447_7.jpg,0,,,
54335,Eagle on a Rock; Flowering Azaleas,Print,ca. 1800,Edo period (1615–1868),,,Woodblock print (surimono); ink and color on paper,7 15/16 x 7 3/16 in. (20.2 x 18.3 cm),Japan,,,,Eagles|Flowers,Kubo Shunman,Artist,Japanese,1757,1820,,Asian Art,Prints,"Japanese, 1757–1820",False,True,https://www.metmuseum.org/art/collection/search/54335,https://images.metmuseum.org/CRDImages/as/original/DP143443.jpg,0,,https://www.wikidata.org/wiki/Q3200184,http://vocab.getty.edu/page/ulan/500121370
36831,Onoe Matsusuke as a Samurai of the Fujiwara Clan,Woodblock print (nishiki-e),ca. 1782,Edo period (1615–1868),,,Woodblock print (nishiki-e); ink and color on paper,12 4/5 x 5 7/8 in. (32.5 x 14.9 cm),Japan,,,,Samurai|Men|Actors,Katsukawa Shunshō　勝川春章,Artist,Japanese,1726,1792,,Asian Art,Prints,"Japanese, 1726–1792",False,True,https://www.metmuseum.org/art/collection/search/36831,https://images.metmuseum.org/CRDImages/as/original/DP132810.jpg,0,,https://www.wikidata.org/wiki/Q1358636,http://vocab.getty.edu/page/ulan/500118856
43902,Medallion,Medallion,1736–1795,"Qing dynasty (1644–1911), Qianlong period (1736–95)",,,"Nephrite, white with very light greenish tint",H. 2 13/16 in. (7.2 cm); W. 3 1/16 in. (7.7 cm); D. 3/16 in. (0.5 cm),China,,,,Flowers,,,,,,,Asian Art,Jade,,False,True,https://www.metmuseum.org/art/collection/search/43902,https://images.metmuseum.org/CRDImages/as/original/14762.jpg,0,,,
40922,Cup,Cup,1736–1795,"Qing dynasty (1644–1911), Qianlong period (1736–95)",,,Painted enamel,Sq. 1 7/8 in. (4.8 cm),China,,,,Boys|Men,,,,,,,Asian Art,Enamels,,False,True,https://www.metmuseum.org/art/collection/search/40922,https://images.metmuseum.org/CRDImages/as/original/24_80_450.JPG,0,,,
58234,Print,Print,1786–1854,Edo period (1615–1868),,,Woodblock print; ink and color on paper,Image: 14 1/4 × 9 1/2 in. (36.2 × 24.1 cm),Japan,,,,Men,Utagawa Kunisada,Artist,Japanese,1786,1864,,Asian Art,Prints,"Japanese, 1786–1864",False,True,https://www.metmuseum.org/art/collection/search/58234,https://images.metmuseum.org/CRDImages/as/original/DP149241.jpg,0,,https://www.wikidata.org/wiki/Q467427,http://vocab.getty.edu/page/ulan/500121373
57725,Wine Cup,Wine cup,mid-19th century,Edo (1615–1868) or Meiji period (1868–1912),,,Red lacquer decorated with gold,H. 1 5/16 in. (3.3. cm); W. 7 3/4 in. (19.7 cm),Japan,,,,Flowers,,,,,,,Asian Art,Lacquer,,False,True,https://www.metmuseum.org/art/collection/search/57725,https://images.metmuseum.org/CRDImages/as/original/81_1_561_O.jpg,1,,,
56613,Young Man Walking Toward the Left on High Geta and Playing the Flute as He Walks,Print,ca. 1745,Edo period (1615–1868),,,Woodblock print; ink and color on paper,28 1/2 x 6 1/4 in. (72.4 x 15.9 cm),Japan,,,,Men|Music|Flutes,Okumura Masanobu,Artist,Japanese,1686,1764,,Asian Art,Prints,"Japanese, 1686–1764",False,True,https://www.metmuseum.org/art/collection/search/56613,https://images.metmuseum.org/CRDImages/as/original/DP146883.jpg,0,,https://www.wikidata.org/wiki/Q3350120,http://vocab.getty.edu/page/ulan/500121074
37496,Covered Jar,Covered jar,14th–15th century,,,,Earthenware with cream white glaze and iron-brown underglaze decoration,H. 6 1/8 in. (15.5 cm),Thailand (Si Satchanalai),,,,,,,,,,,Asian Art,Ceramics,,False,True,https://www.metmuseum.org/art/collection/search/37496,https://images.metmuseum.org/CRDImages/as/original/1989_238_38.JPG,0,,,
67043,Piece,Piece,18th–19th century,,,,Silk,1 3/4 x 2 3/4 in. (4.45 x 6.99 cm),Japan,,,,,,,,,,,Asian Art,Textiles-Woven,,False,True,https://www.metmuseum.org/art/collection/search/67043,https://images.metmuseum.org/CRDImages/as/original/DP12677.jpg,0,,,
57168,Deer by Mountain Stream,Hanging scroll,dated January 1896,Meiji period (1868–1912),,,Hanging scroll; ink and color on silk,43 1/16 x 16 3/8 in. (109.4 x 41.6 cm),Japan,,,,Deer,Taki Katei,Artist,Japanese,1830,1901,,Asian Art,Paintings,"Japanese, 1830–1901",False,True,https://www.metmuseum.org/art/collection/search/57168,https://images.metmuseum.org/CRDImages/as/original/DP-36532-002.jpg,1,https://www.wikidata.org/wiki/Q78737990,https://www.wikidata.org/wiki/Q11565094,http://vocab.getty.edu/page/ulan/500331791
67069,Piece,Piece,18th–19th century,,,,Silk,6 1/4 x 3 1/4 in. (15.88 x 8.26 cm),Japan,,,,,,,,,,,Asian Art,Textiles-Woven,,False,True,https://www.metmuseum.org/art/collection/search/67069,https://images.metmuseum.org/CRDImages/as/original/DP12709.jpg,0,,,
70415,Piece,Piece,19th century,,,,Cotton,25 3/4 x 13 1/4 in. (65.41 x 33.66 cm),Japan,,,,Birds,,,,,,,Asian Art,Textiles-Painted and Printed,,False,True,https://www.metmuseum.org/art/collection/search/70415,https://images.metmuseum.org/CRDImages/as/original/185525.jpg,0,,,
56750,Geisha of the Tachibana Street,Print,ca. 1786,Edo period (1615–1868),,,Woodblock print; ink and color on paper,14 7/8 x 10 1/4 in. (37.8 x 26 cm),Japan,,,,Women|Umbrellas,Torii Kiyonaga,Artist,Japanese,1752,1815,,Asian Art,Prints,"Japanese, 1752–1815",False,True,https://www.metmuseum.org/art/collection/search/56750,https://images.metmuseum.org/CRDImages/as/original/DP124190.jpg,0,,https://www.wikidata.org/wiki/Q427642,http://vocab.getty.edu/page/ulan/500058786
44168,Figure,Figure,18th century,,,,Fluorite,H. 2 in. (5.1 cm); W. 5 1/4 in. (13.3 cm),China,,,,,,,,,,,Asian Art,Hardstone,,False,True,https://www.metmuseum.org/art/collection/search/44168,https://images.metmuseum.org/CRDImages/as/original/32687.jpg,0,,,
55776,Young Man (Wakashu) with a Miniature Flower Cart,Woodblock print,ca. 1750–60s,Edo period (1615–1868),,,Woodblock print; ink and color on paper,H. 14 1/4 in. (36.2 cm); W. 6 in. (15.2 cm),Japan,,,,Men,Ishikawa Toyonobu,Artist,Japanese,1711,1785,,Asian Art,Prints,"Japanese, 1711–1785",False,True,https://www.metmuseum.org/art/collection/search/55776,https://images.metmuseum.org/CRDImages/as/original/DP135510.jpg,0,,https://www.wikidata.org/wiki/Q3038261,http://vocab.getty.edu/page/ulan/500118858
55000,"Thirty paintings of birds, flowers and landscape",Album,late 18th century,Edo period (1615–1868),,,Album; silk,Each panel: 11 1/4 x 11 1/4 in. (28.6 x 28.6 cm),Japan,,,,,,,,,,,Asian Art,Paintings,,False,True,https://www.metmuseum.org/art/collection/search/55000,https://images.metmuseum.org/CRDImages/as/original/LC-29_100_1399_003_crd.jpg,17,https://www.wikidata.org/wiki/Q78742343,,
70576,Piece,Piece,17th–18th century,,,,Silk,8 3/4 x 7 3/4 in. (22.23 x 19.68 cm),Japan,,,,,,,,,,,Asian Art,Textiles-Painted and Printed,,False,True,https://www.metmuseum.org/art/collection/search/70576,https://images.metmuseum.org/CRDImages/as/original/205843.jpg,0,,,
37490,Covered Box,Covered box,14th–ca. mid-16th century,,,,Earthenware with cream white glaze and iron-brown underglaze decoration,Diam. 6 in. (15.3 cm),Thailand (Si Satchanalai),,,,,,,,,,,Asian Art,Ceramics,,False,True,https://www.metmuseum.org/art/collection/search/37490,https://images.metmuseum.org/CRDImages/as/original/1989_238_32ab.jpg,0,https://www.wikidata.org/wiki/Q116315814,,
53980,"Rose, Iris, Primrose and Daisy",Print,1815,Edo period (1615–1868),,,Woodblock print (surimono); ink and color on paper,8 7/16 x 11 1/4 in. (21.4 x 28.6 cm),Japan,,,,Daisies|Roses,Kubo Shunman,Artist,Japanese,1757,1820,,Asian Art,Prints,"Japanese, 1757–1820",False,True,https://www.metmuseum.org/art/collection/search/53980,https://images.metmuseum.org/CRDImages/as/original/DP138443.jpg,0,,https://www.wikidata.org/wiki/Q3200184,http://vocab.getty.edu/page/ulan/500121370
47385,Vase,Vase,1650,Edo period (1615–1868),,,Stoneware covered with thin glaze (Bizen ware),5 3/4 x 4 1/8 in. (14.6 x 10.5 cm),Japan,,,,,,,,,,,Asian Art,Ceramics,,False,True,https://www.metmuseum.org/art/collection/search/47385,https://images.metmuseum.org/CRDImages/as/original/55489.jpg,0,,,
44928,Incense Box with Design of the Seven Flowers of Autumn,Incense box,ca. 1648–1649,Edo period (1615–1868),,,"Glazed stoneware, colored enamels and gold",H. 1 1/4 in. (3.2 cm); Diam. 3 1/4 in. (8.3 cm),Japan,,,,Flowers,Nonomura Ninsei,Artist,Japanese,1646,1694,,Asian Art,Ceramics,"Japanese, active ca. 1646–94",False,True,https://www.metmuseum.org/art/collection/search/44928,https://images.metmuseum.org/CRDImages/as/original/23_225_236ab_O.jpg,2,,https://www.wikidata.org/wiki/Q11644917,(not assigned)
78195,"Mahakala, Protector of the Tent",Thangka,ca. 1500,,,,Distemper on cloth,"Image: H. 64 in. (162.6 cm); W. 53 in. (134.6 cm)
Framed: H. 87 3/8 in. (221.9 cm); W. 65 3/8 in. (166.1 cm); D. 3 5/8 in. (9.2 cm)",Central Tibet,,,,Buddhism|Deities,,,,,,,Asian Art,Paintings,,True,True,https://www.metmuseum.org/art/collection/search/78195,https://images.metmuseum.org/CRDImages/as/original/DP291219_edt.jpg,0,https://www.wikidata.org/wiki/Q78657128,,
75089,Leaf from a Kalpa Sutra (Jain Book of Rituals),Folio,15th century,,,,"Ink, opaque watercolor, and gold on paper",(Average size .1–.71): 4 1/2 x 11 3/8 in. (11.4 x 28.9 cm),India (Gujarat),,,,,Bhadrabahu,Artist,Indian,-0356,-0356,,Asian Art,Paintings,"Indian, died ca. 356 BCE",False,True,https://www.metmuseum.org/art/collection/search/75089,https://images.metmuseum.org/CRDImages/as/original/DP154660.jpg,2,https://www.wikidata.org/wiki/Q78681620,https://www.wikidata.org/wiki/Q3524867,(not assigned)
58075,"Box for Hair Ornaments (motoyui-bako) with Pine, Bamboo, Plum, and Tokugawa Family Crest on Wood-Grain Ground",Box,early 18th century,Edo period (1615–1868),,,"Lacquered wood with gold, silver takamaki-e, hiramaki-e, togidashimaki-e, gold and silver foil application, gold and silver inlay on wood-grain lacquer ground",H. 9 in. (22.9 cm); W. 8 1/2 in. (21.6 cm); L. 7 7/8 in. (20 cm),Japan,,,,Trees,,,,,,,Asian Art,Lacquer,,False,True,https://www.metmuseum.org/art/collection/search/58075,https://images.metmuseum.org/CRDImages/as/original/DP208058.jpg,7,https://www.wikidata.org/wiki/Q83562653,,
69377,Stencil,Stencil,19th century,,,,Paper,19 x 12 in. (48.3 x 30.5 cm),Japan,,,,Birds,,,,,,,Asian Art,Stencils,,False,True,https://www.metmuseum.org/art/collection/search/69377,https://images.metmuseum.org/CRDImages/as/original/DP13640.jpg,0,,,
45249,Welcoming Descent of Amida and Bodhisattvas,Hanging scroll,late 14th century,Nanbokuchō period (1336–92),,,"Hanging scroll; ink, color, and gold on silk","Image: 65 3/4 × 33 1/2 in. (167 × 85.1 cm)
Overall with mounting: 8 ft. 3 1/2 in. × 39 1/2 in. (252.7 × 100.3 cm)
Overall with knobs: 8 ft. 3 1/2 in. × 42 1/4 in. (252.7 × 107.3 cm)",Japan,,,,Bodhisattvas|Buddha,Unidentified artist,Artist,,,,,Asian Art,Paintings,,False,True,https://www.metmuseum.org/art/collection/search/45249,https://images.metmuseum.org/CRDImages/as/original/DT5220.jpg,0,https://www.wikidata.org/wiki/Q78849080,,
55761,Actor as Woman with Hobby–horse in Unidentified Role,Woodblock print,1664–1729,Edo period (1615–1868),,,Woodblock print; ink and color on paper,H. 12 1/2 in. (31.8 cm); W. 6 in. (15.2 cm),Japan,,,,Men|Women|Actors,Torii Kiyonobu I,Artist,Japanese,1664,1729,,Asian Art,Prints,"Japanese, 1664–1729",False,True,https://www.metmuseum.org/art/collection/search/55761,https://images.metmuseum.org/CRDImages/as/original/DP124278.jpg,0,,https://www.wikidata.org/wiki/Q3179022,http://vocab.getty.edu/page/ulan/500118866
40542,Square tray with flower-and-bird decoration,Tray,18th century,,,,Raised and polychrome lacquer,W. 12 1/4 in. (31.1 cm); L. 12 1/4 in. (31.1 cm),Japan (Ryūkyū Islands),,,,,,,,,,,Asian Art,Lacquer,,False,True,https://www.metmuseum.org/art/collection/search/40542,https://images.metmuseum.org/CRDImages/as/original/DP-26249-001.jpg,1,,,
61204,Wine Vessel,Wine vessel,1368–1644,Ming dynasty (1368–1644),,,"Bronze, gold, silver",H. 10 in. (25.4 cm); W. 9 in. (22.9 cm),China,,,,Animals,,,,,,,Asian Art,Metalwork,,False,True,https://www.metmuseum.org/art/collection/search/61204,https://images.metmuseum.org/CRDImages/as/original/31_49_3.JPG,0,,,
60915,Box with cover and tray,Box with cover and tray,17th century?,,,,"Carved lacquer, filled in and polished",H. 7 1/8 in. (18.1 cm); Diam. 16 1/2 in. (41.9 cm),China,,,,,,,,,,,Asian Art,Lacquer,,False,True,https://www.metmuseum.org/art/collection/search/60915,https://images.metmuseum.org/CRDImages/as/original/13_100_138_O1.JPG,0,,,
853204,Wakashu (Male Youth) Dancer with a Fan,Hanging scroll,ca. 1670–80,Edo period (1615–1868),,,Hanging scroll; ink and color on paper,"Image: 33 1/16 × 10 7/8 in. (84 × 27.6 cm)
Overall with mounting: 64 × 15 5/8 in. (162.6 × 39.7 cm)",Japan,,,,,Unidentified,Artist,,,,,Asian Art,Paintings,,False,True,https://www.metmuseum.org/art/collection/search/853204,https://images.metmuseum.org/CRDImages/as/original/DP-25266-002.jpg,1,https://www.wikidata.org/wiki/Q126119107,,
71526,Piece,Piece,18th century,Edo period (1615–1868),,,Silk / Compound weave,3 1/8 × 3 1/8 in. (7.9 × 7.9 cm),Japan,,,,Flowers|Leaves,,,,,,,Asian Art,Textiles-Woven,,False,True,https://www.metmuseum.org/art/collection/search/71526,https://images.metmuseum.org/CRDImages/as/original/DP15415.jpg,0,,,
58869,"Case (Inrō) with Design of Procession of Children, the Leader in the Guise of Ōni (Demon) (obverse); Lady and Servant (reverse)",Inrō,19th century,,,,"Lacquer, dark ishime ground, gold, silver, black and red hiramakie, togidashi; Interior: roiro and nashiji",3 3/4 x 3 3/4 x 1 1/2 in. (9.6 x 9.6 x 3.8 cm),Japan,,,,Boys|Women|Demons|Servants,,,,,,,Asian Art,Inrō,,False,True,https://www.metmuseum.org/art/collection/search/58869,https://images.metmuseum.org/CRDImages/as/original/36_100_167_O3.JPG,4,,,
43520,Fragment,Fragment,1902,,,,Nephrite,H. 2 7/8 in. (7.3 cm); W. 4 5/8 in. (11.7 cm); Th. 2 5/8 in. (6.7 cm),Russia (Siberia),,,,,,,,,,,Asian Art,Jade,,False,True,https://www.metmuseum.org/art/collection/search/43520,https://images.metmuseum.org/CRDImages/as/original/02_18_112 Fragment.JPG,0,,,
71098,Piece,Piece,17th century,,,,Silk / Compound weave,2 1/4 × 6 in. (5.7 × 15.2 cm),Japan,,,,Flowers|Leaves,,,,,,,Asian Art,Textiles-Woven,,False,True,https://www.metmuseum.org/art/collection/search/71098,https://images.metmuseum.org/CRDImages/as/original/DP15553.jpg,0,,,
48636,Gobular bottle with dragon,Bottle,late 18th century,Qing dynasty (1644–1911),,,Porcelain with incised decoration under brownish purple glaze (Jingdezhen ware),H. 16 1/4 in. (41.3 cm); Diam. 10 in. (25.4 cm),China,,,,,,,,,,,Asian Art,Ceramics,,False,True,https://www.metmuseum.org/art/collection/search/48636,https://images.metmuseum.org/CRDImages/as/original/LC-29_100_277_whs-001.jpg,1,,,
48558,Vase with phoenixes amid flowers,Vase,late 17th–early 18th century,"Qing dynasty (1644–1911), Kangxi period (1662–1722)",,,Porcelain painted in underglaze cobalt blue and overglaze polychrome enamels (Jingdezhen ware),H. 15 in. (38.1 cm); Diam. of rim: 8 in. (20.3 cm); Diam. of foot: 5 in. (12.7 cm),China,,,,Phoenix|Flowers,,,,,,,Asian Art,Ceramics,,False,True,https://www.metmuseum.org/art/collection/search/48558,https://images.metmuseum.org/CRDImages/as/original/79_2_42_O1.jpg,0,,,
68310,Seven-Panel Buddhist Monk’s Vestment (Shichijō kesa) with Peony Patterns in Undulating Columns,"Robe, Priest's",ca. early 18th century,Edo period (1615–1868),,,Twill-weave silk with supplementary weft patterning,45 x 75 in. (114.30 x 190.50 cm),Japan,,,,,,,,,,,Asian Art,Textiles-Costumes,,False,True,https://www.metmuseum.org/art/collection/search/68310,https://images.metmuseum.org/CRDImages/as/original/43842.jpg,0,,,
52030,Box with Geometric Patterns,Box with cover,18th century,Qing dynasty (1644–1911),,,Porcelain with carved decoration (Fujian ware),H. 1 1/4 in. (3.2 cm); Diam. 3 in. (7.6 cm),China,,,,,,,,,,,Asian Art,Ceramics,,False,True,https://www.metmuseum.org/art/collection/search/52030,https://images.metmuseum.org/CRDImages/as/original/DP246424.jpg,3,,,
50882,Dish,Dish,18th century,Qing dynasty (1644–1911),,,Porcelain with yellow glaze,H. 1 3/4 in. (4.4 cm); Diam. 8 3/8 in. (21.3 cm),China,,,,,,,,,,,Asian Art,Ceramics,,False,True,https://www.metmuseum.org/art/collection/search/50882,https://images.metmuseum.org/CRDImages/as/original/79_2_116_O1.jpg,3,,,
43485,Fragment,Fragment,1902,,,,Nephrite,H. 2 1/4 in. (5.7 cm); W. 3 in. (7.6 cm); Th. 2 1/2 in. (6.4 cm),Turkestan,,,,,,,,,,,Asian Art,Jade,,False,True,https://www.metmuseum.org/art/collection/search/43485,https://images.metmuseum.org/CRDImages/as/original/82223.jpg,0,,,
61635,Tea bowl and saucer with lotus decoration,Bowl and saucer,5th–6th century,Liang (502–557) or Chen (557–589) dynasty,,,Stoneware with carved decoration under celadon glaze,"Cup: H. 2 1/8 in. (5.4 cm); Diam. 4 1/16 in. (10.3 cm)
Cup-stand: H. 1 3/8 in. (3.5 cm); Diam. 5 15/16 in. (15.1 cm)",China,,,,,,,,,,,Asian Art,Ceramics,,False,True,https://www.metmuseum.org/art/collection/search/61635,https://images.metmuseum.org/CRDImages/as/original/DP-14609-128.jpg,3,https://www.wikidata.org/wiki/Q116389610,,
55490,Peaceful Pleasures of the Highest Nobility (Kyōraku taihei kiken zu),Print,1887,Meiji period (1868–1912),,,Triptych of woodblock prints (nishiki-e); ink and color on paper,Image: 14 3/8 x 29 3/8 in. (36.5 x 74.6 cm),Japan,,,,Kings|Boys|Men|Women|Family,Inoue Yasuji,Artist,Japanese,1864,1889,,Asian Art,Prints,"Japanese, 1864–1889",False,True,https://www.metmuseum.org/art/collection/search/55490,https://images.metmuseum.org/CRDImages/as/original/DP147699.jpg,0,,https://www.wikidata.org/wiki/Q11372959,http://vocab.getty.edu/page/ulan/500331232
47630,Dish with a scholar writing on a snowy night,Dish,mid-17th century,Qing dynasty (1644–1911),,,Porcelain painted in underglaze cobalt blue (Jingdezhen ware),H. 1 3/4 in. (4.4 cm); Diam. 6 1/2 in. (16.5 cm),China,,,,Human Figures|Houses,,,,,,,Asian Art,Ceramics,,False,True,https://www.metmuseum.org/art/collection/search/47630,https://images.metmuseum.org/CRDImages/as/original/DP-15944-019.jpg,1,,,
68969,"Rank Badge with Leopard, Wave and Sun Motifs",Rank Badge,late 18th century,Qing dynasty (1644–1911),,,"Silk, metallic thread",10 3/4 x 11 1/4 in. (27.31 x 28.57 cm),China,,,,Bats|Leopards,,,,,,,Asian Art,Textiles-Embroidered,,False,True,https://www.metmuseum.org/art/collection/search/68969,https://images.metmuseum.org/CRDImages/as/original/DT4771.jpg,0,,,
62373,Standing Man in Long Robes with Two Swords in His Sash,Statuette,20th century,,,,Ivory,H. 7 1/4 in. (18.4 cm),Japan,,,,Fans|Hats|Swords|Men,,,,,,,Asian Art,Sculpture,,False,True,https://www.metmuseum.org/art/collection/search/62373,https://images.metmuseum.org/CRDImages/as/original/1974_356_65_204168.jpg,0,,,
748277,Warrior,Figure,late 6th–7th century,Sui dynasty (581–618),,,Glazed earthenware,H. 22 1/4 in. (56.5 cm); W. 7 in. (17.8 cm); D. 5 1/4 in. (13.3 cm),China,,,,Men,,,,,,,Asian Art,Ceramics,,False,True,https://www.metmuseum.org/art/collection/search/748277,https://images.metmuseum.org/CRDImages/as/original/DP-20779-001.jpg,1,,,
42169,Ritual Wine Cup (Zhi),Wine cup,late 11th century BCE,Western Zhou dynasty (1046–771 BCE),,,Bronze,H. 5 3/4 in. (14.6 cm); Diam. 4 7/8 in. (14.6 × 12.4 cm); Diam. of rim: 4 1/8 in. (10.5 cm); Diam. of foot: 3 3/4 in. (9.5 cm),China,,,,,,,,,,,Asian Art,Metalwork,,False,True,https://www.metmuseum.org/art/collection/search/42169,https://images.metmuseum.org/CRDImages/as/original/DP219739.jpg,7,https://www.wikidata.org/wiki/Q116314195,,
43978,Sacrificial Tripod with Cover,Tripod with cover,1736–1795,"Qing dynasty (1644–1911), Qianlong period (1736–95)",,,"Nephrite, spinach-green",H. 9 1/2 in. (24.1 cm); W. 9 1/2 in. (24.1 cm),China,,,,Animals,,,,,,,Asian Art,Jade,,False,True,https://www.metmuseum.org/art/collection/search/43978,https://images.metmuseum.org/CRDImages/as/original/02_18_680_O2.jpg,1,,,
53264,One from a Pair of Bangles,One from a pair of bangles,300 BCE–CE 400,Late period,,,Bronze,Diam. 3 1/2 in. (8.9 cm),Thailand,,,,,,,,,,,Asian Art,Jewelry,,False,True,https://www.metmuseum.org/art/collection/search/53264,https://images.metmuseum.org/CRDImages/as/original/2001_433_200_O3.jpg,0,,,
36659,Fuji no Uraha,Print,ca. 1790,Edo period (1615–1868),,,Two sheets from a triptych of woodblock prints; ink and color on paper,15 1/8 x 20 1/2 in. (38.4 x 52.1 cm),Japan,,,,Women,Chōbunsai Eishi,Artist,Japanese,1756,1829,,Asian Art,Prints,"Japanese, 1756–1829",False,True,https://www.metmuseum.org/art/collection/search/36659,https://images.metmuseum.org/CRDImages/as/original/DP145672.jpg,0,,https://www.wikidata.org/wiki/Q2972127,http://vocab.getty.edu/page/ulan/500121365
62873,Saucer,Saucer,ca. 1830,Edo period (1615–1868),,,White porcelain decorated in colored enamels iron red and gold; (Hizen ware),Diam. 5 1/8 in. (13 cm),Japan,,,,,Hichozan Shinpo,Artist,Japanese,,,,Asian Art,Ceramics,,False,True,https://www.metmuseum.org/art/collection/search/62873,https://images.metmuseum.org/CRDImages/as/original/DN2802.jpg,0,,,
41714,Snuff Bottle,Snuff bottle,19th century,Qing dynasty (1644–1911),,,Agate with glass stopper,H. 2 7/8 in. (7.3 cm),China,,,,,,,,,,,Asian Art,Snuff Bottles,,False,True,https://www.metmuseum.org/art/collection/search/41714,https://images.metmuseum.org/CRDImages/as/original/50_145_188.jpg,0,,,
67430,Piece,Piece,18th–19th century,,,,Silk,6 3/4 x 1 1/2 in. (17.15 x 3.81 cm),Japan,,,,,,,,,,,Asian Art,Textiles-Embroidered,,False,True,https://www.metmuseum.org/art/collection/search/67430,https://images.metmuseum.org/CRDImages/as/original/DP13010.jpg,0,,,
37238,Yokkaichi,Print,ca. 1840,Edo period (1615–1868),,,Woodblock print; ink and color on paper,Overall: 8 3/4 x 13 3/4in. (22.2 x 34.9cm),Japan,,,,Houses|Men|Women|Shintō|Street Scene,Utagawa Hiroshige,Artist,,,,,Asian Art,Prints,,False,True,https://www.metmuseum.org/art/collection/search/37238,https://images.metmuseum.org/CRDImages/as/original/DP123194.jpg,0,,https://www.wikidata.org/wiki/Q200798,http://vocab.getty.edu/page/ulan/500019641
40864,Dish,Dish,19th century,Qing dynasty (1644–1911),,,Painted enamel,Diam. 6 1/8 in. (15.6 cm),China,,,,Human Figures|Houses|Flowers,,,,,,,Asian Art,Enamels,,False,True,https://www.metmuseum.org/art/collection/search/40864,https://images.metmuseum.org/CRDImages/as/original/24_80_392.JPG,0,,,
897136,Waterfall in Summer Mountains,Hanging scroll,1821,Edo period (1615–1868),,,Hanging scroll; ink and color on silk,"Image: 49 3/4 × 17 in. (126.4 × 43.2 cm)
Overall with mounting: 79 7/8 × 23 7/16 in. (202.9 × 59.5 cm)
Overall with knobs: 79 7/8 × 25 7/8 in. (202.9 × 65.7 cm)",Japan,,,,,Nakabayashi Chikutō,Artist,Japanese,1776,1853,,Asian Art,Paintings,"Japanese, 1776–1853",False,True,https://www.metmuseum.org/art/collection/search/897136,https://images.metmuseum.org/CRDImages/as/original/DP-31409-002.jpg,1,https://www.wikidata.org/wiki/Q126100204,https://www.wikidata.org/wiki/Q2963561,
40447,Grapevine and Squirrels,Hanging scroll,early 19th century,Joseon dynasty (1392–1910),,,Hanging scroll; ink and color on paper,"Image: 54 x 22 3/4 in. (137.2 x 57.8 cm)
Overall with mounting: 74 3/4 x 29 1/2 in. (189.9 x 74.9 cm)
Overall with knobs: 74 3/4 x 31 3/4 in. (189.9 x 80.6 cm)",Korea,,,,Grapes|Squirrels|Vines,Unidentified artist,Artist,,,,,Asian Art,Paintings,,True,True,https://www.metmuseum.org/art/collection/search/40447,https://images.metmuseum.org/CRDImages/as/original/DP-36420-002.jpg,1,https://www.wikidata.org/wiki/Q78856684,,
49471,Meditation in a Cave,Hanging scroll,1853–1901,Qing dynasty (1644–1911),,,Hanging scroll; ink and color on paper,44 7/8 x 15 3/8 in. (114.0 x 39.1 cm),China,,,,Men|Caves,Ren Yu,Artist,Chinese,1853,1901,,Asian Art,Paintings,"Chinese, 1853–1901",False,True,https://www.metmuseum.org/art/collection/search/49471,https://images.metmuseum.org/CRDImages/as/original/DP-30337-002.jpg,1,https://www.wikidata.org/wiki/Q78822487,https://www.wikidata.org/wiki/Q3424696,
55275,Santono Station,Print,ca. 1835,Edo period (1615–1868),,,Woodblock print; ink and color on paper,H. 10 in. (25.4 cm); W. 15 in. (38.1 cm),Japan,,,,Human Figures|Landscapes|Trees,Utagawa Hiroshige,Artist,Japanese,1797,1858,,Asian Art,Prints,"Japanese, Tokyo (Edo) 1797–1858 Tokyo (Edo)",False,True,https://www.metmuseum.org/art/collection/search/55275,https://images.metmuseum.org/CRDImages/as/original/DP120444.jpg,0,,https://www.wikidata.org/wiki/Q200798,http://vocab.getty.edu/page/ulan/500019641
73669,Poem on reclusion,Hanging scroll,late 17th or early 18th century,Qing dynasty (1644–1911),,,Hanging scroll; ink on silk,H. 63 1/4 in. (160.6 cm); W. 18 11/16 in. (47.5 cm),China,,,,,Zha Sheng,Calligrapher,Chinese,1650,1707,,Asian Art,Calligraphy,"Chinese, 1650–1707",False,True,https://www.metmuseum.org/art/collection/search/73669,https://images.metmuseum.org/CRDImages/as/original/DP-29291-002.jpg,1,,,
60154,Netsuke of Ox with Bokudo,Netsuke,19th century,Edo (1615–1868) or Meiji period (1868–1912),,,Ivory,H. 3/4 in. (1.9 cm); W. 1 5/8 in. (4.1 cm); D. 7/8 in. (2.2 cm),Japan,,,,Human Figures|Flutes,,,,,,,Asian Art,Netsuke,,False,True,https://www.metmuseum.org/art/collection/search/60154,https://images.metmuseum.org/CRDImages/as/original/10_211_781_O1_sf.jpg,1,,,
66811,Piece,Piece,18th–19th century,,,,Silk,1 3/4 x 5 1/2 in. (4.45 x 13.97 cm),Japan,,,,,,,,,,,Asian Art,Textiles-Woven,,False,True,https://www.metmuseum.org/art/collection/search/66811,https://images.metmuseum.org/CRDImages/as/original/DP12521.jpg,0,,,
37785,Ear Clip,Ear clip (one from a pair),ca. 12th century,,,,Bronze with gilding,H. 1 1/2 in. (3.8 cm),Cambodia,,,,,,,,,,,Asian Art,Metalwork,,False,True,https://www.metmuseum.org/art/collection/search/37785,https://images.metmuseum.org/CRDImages/as/original/1991_391_4_5_O1.jpg,1,,,
64890,The Death of the Demoness Putana: Folio from a Bhagavata Purana Series,Folio,ca. 1610,,,,Opaque watercolor and ink paper,"Image: 6 5/8 × 9 5/8 in. (16.8 × 24.4 cm)
Sheet: 9 5/8 × 11 7/8 in. (24.4 × 30.2 cm)","Western India, Bikaner, Rajasthan",,,,Boys|Women|Demons|Krishna|Hinduism,,,,,,,Asian Art,Paintings,,False,True,https://www.metmuseum.org/art/collection/search/64890,https://images.metmuseum.org/CRDImages/as/original/DP156180.jpg,1,https://www.wikidata.org/wiki/Q78717458,,
37670,Fragment of a box (?) with elephants,Box fragment,ca. 5th century,Gupta period,,,Bronze,Overall: 2 1/8 x 1 9/16 x 1/4 in. (5.4 x 4 x 0.6 cm),North or West India,,,,Elephants,,,,,,,Asian Art,Sculpture,,False,True,https://www.metmuseum.org/art/collection/search/37670,https://images.metmuseum.org/CRDImages/as/original/DP702283.jpg,1,,,
77892,Two Children by a Well Curb,Print,"1796, year of the dragon",Edo period (1615–1868),,,Woodblock print (surimono); ink and color on paper,Image: 7 3/8 x 6 3/4 in. (18.7 x 17.1 cm),Japan,,,,Wells|Children,Kubo Shunman,Artist,Japanese,1757,1820,,Asian Art,Prints,"Japanese, 1757–1820",False,True,https://www.metmuseum.org/art/collection/search/77892,https://images.metmuseum.org/CRDImages/as/original/DP-14464-021.jpg,0,,https://www.wikidata.org/wiki/Q3200184,http://vocab.getty.edu/page/ulan/500121370
70756,Piece,Piece,1868–1926,Meiji (1868–1912) or Taishō (1912–26) period,,,Indigo-dyed cotton,8 1/2 x 4 3/4 in. (21.59 x 12.07 cm),Japan,,,,Birds,,,,,,,Asian Art,Textiles-Painted and Printed,,False,True,https://www.metmuseum.org/art/collection/search/70756,https://images.metmuseum.org/CRDImages/as/original/DP14235.jpg,0,,,
40683,Dancing Figure with Dog,Figure,1368–1644,Ming dynasty (1368–1644),,,Cloisonné enamel on copper,"a) H. 11 3/8 in. (28.9 cm); W. 6 1/2 in. (7.6 cm); D. 3 in. (7.6 cm)
b) H. 3 1/8 in. (7.9 cm); W. 6 3/8 in. (16.2 cm); D. 5 in. (12.7 cm)
H. (figure on base) 14 1/2 in. (36.8 cm); W. 7 7/8 in. (20 cm); D. 5 3/8 in. (13.7 cm)",China,,,,Human Figures|Dancing|Dogs,,,,,,,Asian Art,Cloisonné,,False,True,https://www.metmuseum.org/art/collection/search/40683,https://images.metmuseum.org/CRDImages/as/original/29_110_21ab.JPG,0,,,
59763,Netsuke of Cat with a Ball,Netsuke,19th century,Edo (1615–1868) or Meiji period (1868–1912),,,Ivory,H. 1 1/2 in. (3.8 cm); W. 1 1/4 in. (3.2 cm),Japan,,,,Cats,,,,,,,Asian Art,Netsuke,,False,True,https://www.metmuseum.org/art/collection/search/59763,https://images.metmuseum.org/CRDImages/as/original/10_211_9_O1_sf.jpg,3,,,
59202,Netsuke of Musician,Netsuke,19th century,Edo (1615–1868) or Meiji period (1868–1912),,,Wood,H. 3 1/4 in. (8.3 cm); W. 3/4 in. (1.9 cm); D. 5/8 in. (1.6 cm),Japan,,,,Musical Instruments|Men|Musicians,,,,,,,Asian Art,Netsuke,,False,True,https://www.metmuseum.org/art/collection/search/59202,https://images.metmuseum.org/CRDImages/as/original/81_1_122_O1_sf.jpg,1,,,
54981,Plum Tree in Blossom,Print,1813,Edo period (1615–1868),,,Woodblock print (surimono); ink and color on paper,8 3/16 x 3 7/16 in. (20.8 x 8.7 cm),Japan,,,,Flowers|Trees,Kitao Shigemasa,Artist,Japanese,1739,1820,,Asian Art,Prints,"Japanese, 1739–1820",False,True,https://www.metmuseum.org/art/collection/search/54981,https://images.metmuseum.org/CRDImages/as/original/DP138319.jpg,0,,https://www.wikidata.org/wiki/Q3074364,http://vocab.getty.edu/page/ulan/500074052
66158,Piece,Piece,18th–19th century,Edo (1615–1868),,,Silk,10 1/4 x 4 in. (26.04 x 10.16 cm),Japan,,,,,,,,,,,Asian Art,Textiles-Woven,,False,True,https://www.metmuseum.org/art/collection/search/66158,https://images.metmuseum.org/CRDImages/as/original/DP11892.jpg,0,,,
38920,Seated Buddha,Figurine,17th–18th century,Ayutthaya period,,,Gold,"H. (with base) 3 5/16 in. (8.41 cm); H. (without base) 2 3/16 in. (5.6 cm)
Base: W. 1 1/2 in. (3.8 cm); Diam. 1 in. (2.5 cm)",Thailand,,,,Buddhism|Buddha,,,,,,,Asian Art,Sculpture,,False,True,https://www.metmuseum.org/art/collection/search/38920,https://images.metmuseum.org/CRDImages/as/original/61_209_5.JPG,0,,,
51907,Boat-Shaped Hafted Ax,Hafted ax,500 BCE–300 CE,Viet-Han period,,,Bronze,H. 5 1/8 in. (13 cm); W. 5 3/4 in. (14.6 cm); D. 3/4 in. (1.9 cm),"Vietnam (North, Dong Song Culture)",,,,,,,,,,,Asian Art,Metalwork,,False,True,https://www.metmuseum.org/art/collection/search/51907,https://images.metmuseum.org/CRDImages/as/original/2001_433_325_O1.jpg,1,,,
48426,Bowl,Bowl,15th century,Ming dynasty (1368–1644),,,Stoneware with incised decoration under celadon glaze (Longquan ware),H. 3 1/4 in. (8.3 cm); W. 7 1/8 in. (18.1 cm),China,,,,,,,,,,,Asian Art,Ceramics,,False,True,https://www.metmuseum.org/art/collection/search/48426,https://images.metmuseum.org/CRDImages/as/original/19_64_01.jpg,2,,,
54511,The Festival of Dolls (Third Month),Print,ca. 1767,Edo period (1615–1868),,,Woodblock print; ink and color on paper,H. 10 in. (25.4 cm); W. 7 3/8 in. (18.7 cm),Japan,,,,Interiors|Men|Women|Dolls|Fish,Ishikawa Toyomasa,Artist,Japanese,1770,1790,,Asian Art,Prints,"Japanese, active 1770–1790",False,True,https://www.metmuseum.org/art/collection/search/54511,https://images.metmuseum.org/CRDImages/as/original/DP136944.jpg,0,,https://www.wikidata.org/wiki/Q11586372,(not assigned)
52981,Cup,Cup,1465–1487,Qing dynasty (1644–1911),,,Porcelain,H. 3 1/2 in. (8.9 cm),China,,,,Flowers|Leaves,,,,,,,Asian Art,Ceramics,,False,True,https://www.metmuseum.org/art/collection/search/52981,https://images.metmuseum.org/CRDImages/as/original/23_251_6_S1_sf.jpg,4,,,
66078,Piece,Piece,18th–19th century,Edo (1615–1868),,,Silk,11 1/4 x 4 in. (28.57 x 10.16 cm),Japan,,,,,,,,,,,Asian Art,Textiles-Woven,,False,True,https://www.metmuseum.org/art/collection/search/66078,https://images.metmuseum.org/CRDImages/as/original/DP11449.jpg,0,,,
62133,Vase,Vase,1644–1911,Qing dynasty (1644–1911),,,Peking glass,H. 6 1/2 in. (16.5 cm); W. 8 1/4 in. (21 cm); Diam of rim. 2 1/8 in. (5.4 cm); Diam. of base: 2 1/4 in. (5.7 cm),China,,,,,,,,,,,Asian Art,Glass,,False,True,https://www.metmuseum.org/art/collection/search/62133,https://images.metmuseum.org/CRDImages/as/original/1981_470_3_O1.JPG,4,,,
47046,Bowl,Bowl,1780,Edo period (1615–1868),,,"Porcelain decorated with enamels (Arita ware, Imari type)",H. 3 1/2 in. (8.9 cm); Diam. 9 in. (22.9 cm),Japan,,,,Phoenix,,,,,,,Asian Art,Ceramics,,False,True,https://www.metmuseum.org/art/collection/search/47046,https://images.metmuseum.org/CRDImages/as/original/54638.jpg,0,,,
45665,Village and Temples in Jiangnan,Fan mounted as an album leaf,early 15th century,Ming dynasty (1368–1644),,,"Round fan mounted as an album leaf; ink, color, and gold on silk",Image: 9 9/16 x 10 3/16 in. (24.3 x 25.9 cm),China,,,,Temples|Villages|Landscapes,Unidentified artist,Artist,,,,,Asian Art,Paintings,,False,True,https://www.metmuseum.org/art/collection/search/45665,https://images.metmuseum.org/CRDImages/as/original/DP153537.jpg,0,https://www.wikidata.org/wiki/Q78844252,,
41492,"Hibiscus, Lotus, and Rock",Hanging scroll,ca. 1705–7,Qing dynasty (1644–1911),,,Hanging scroll; ink on paper,"Image: 45 9/16 in. × 22 in. (115.7 × 55.9 cm)
Overall with mounting: 88 in. × 28 1/2 in. (223.5 × 72.4 cm)
Overall with knobs: 88 in. × 31 3/4 in. (223.5 × 80.6 cm)",China,,,,Flowers,Shitao (Zhu Ruoji),Artist,Chinese,1642,1707,,Asian Art,Paintings,"Chinese, 1642–1707",False,True,https://www.metmuseum.org/art/collection/search/41492,https://images.metmuseum.org/CRDImages/as/original/DP-36812-002.jpg,1,https://www.wikidata.org/wiki/Q78853396,https://www.wikidata.org/wiki/Q469439,http://vocab.getty.edu/page/ulan/500125620
68360,Priest's Stole,"Stole, Priest's",1673–1681,Edo period (1615–1868),,,"Silk, metallic thread",Overall: 63 x 11 in. (160 x 27.9 cm),Japan,,,,,,,,,,,Asian Art,Textiles-Costumes,,False,True,https://www.metmuseum.org/art/collection/search/68360,https://images.metmuseum.org/CRDImages/as/original/44031.jpg,0,,,
68427,Textile Design for Stencil,Textile design,17th century,,,,Paint on paper,24 1/2 x 18 in. (62.23 x 45.72 cm),Japan,,,,Landscapes,,,,,,,Asian Art,Textiles-Methods and Materials,,False,True,https://www.metmuseum.org/art/collection/search/68427,https://images.metmuseum.org/CRDImages/as/original/DP14482.jpg,0,,,
60762,Ten Bamboo Studio,Illustrated book,1821–1850,"Qing dynasty (1644–1911), Daoguang period (1821–50)",,,Six volumes of woodblock-printed books; ink and color on paper,10 1/2 × 12 3/8 × 1/8 in. (26.7 × 31.4 × 0.3 cm),China,,,,,,,,,,,Asian Art,Illustrated Books,,False,True,https://www.metmuseum.org/art/collection/search/60762,https://images.metmuseum.org/CRDImages/as/original/CIB6_d1.jpg,3,,,
45327,Quail and Autumn Flowers,Hanging scroll,late 17th century,Edo period (1615–1868),,,Hanging scroll; ink and color on silk,38 1/2 x 16 3/8 in. (97.8 x 41.6 cm),Japan,,,,Birds|Flowers,Tosa Mitsuoki,Artist,Japanese,1617,1691,,Asian Art,Paintings,"Japanese, 1617–1691",False,True,https://www.metmuseum.org/art/collection/search/45327,https://images.metmuseum.org/CRDImages/as/original/DP162917.jpg,1,https://www.wikidata.org/wiki/Q78848957,https://www.wikidata.org/wiki/Q3180225,http://vocab.getty.edu/page/ulan/500121170
44131,Sutra Cover with Lotus Scroll,Sutra cover,16th century,Ming dynasty (1368–1644),,,Silk satin with supplementary weft patterning,Overall: 14 1/4 x 5 in. (36.2 x 12.7cm),China,,,,Lotuses|Leaves,,,,,,,Asian Art,Textiles-Woven,,False,True,https://www.metmuseum.org/art/collection/search/44131,https://images.metmuseum.org/CRDImages/as/original/176056.jpg,0,,,
50390,Stirrup-Shaped Ring with Oblong Bezel and Conch,Ring,8th–early 10th century,late Central Javanese period,,,Gold,Diam. 1 in. (2.6 cm),Indonesia (Java),,,,,,,,,,,Asian Art,Jewelry,,False,True,https://www.metmuseum.org/art/collection/search/50390,https://images.metmuseum.org/CRDImages/as/original/1998_544_418.jpg,0,https://www.wikidata.org/wiki/Q116313557,,
37163,The Fourth Iwai Hanshiro as a Woman Holding a Crystal Ball and Dancing on the Bank of a Stream,Print,ca. 1788,Edo period (1615–1868),,,Woodblock print; ink and color on paper,12 1/8 x 5 3/4 in. (30.8 x 14.6 cm),Japan,,,,Dancing|Actors,Katsukawa Shun'ei 勝川春英,Artist,Japanese,1762,1819,,Asian Art,Prints,"Japanese, 1762–1819",False,True,https://www.metmuseum.org/art/collection/search/37163,https://images.metmuseum.org/CRDImages/as/original/DP136874.jpg,0,,https://www.wikidata.org/wiki/Q3194229,http://vocab.getty.edu/page/ulan/500057323
71987,Piece,Piece,18th century,Edo period (1615–1868),,,Silk / Compound weave,3/4 × 1 1/4 in. (1.9 × 3.2 cm),Japan,,,,,,,,,,,Asian Art,Textiles-Woven,,False,True,https://www.metmuseum.org/art/collection/search/71987,https://images.metmuseum.org/CRDImages/as/original/DP15004.jpg,1,,,
67750,Piece,Piece,18th–19th century,,,,Silk,3 x 4 in. (7.62 x 10.16 cm),Japan,,,,Leaves,,,,,,,Asian Art,Textiles-Woven,,False,True,https://www.metmuseum.org/art/collection/search/67750,https://images.metmuseum.org/CRDImages/as/original/DP13354.jpg,0,,,
68560,Panel,Panel,1736–1795,"Qing dynasty (1644–1911), Qianlong period (1736–95)",,,Silk;  on silk,15 1/4 x 12 1/2 in. (38.73 x 31.75 cm),China,,,,Flowers,,,,,,,Asian Art,Textiles-Embroidered,,False,True,https://www.metmuseum.org/art/collection/search/68560,https://images.metmuseum.org/CRDImages/as/original/78643.jpg,0,,,
51049,Jar,Jar,960–1279,Song dynasty (960–1279),,,Stoneware with celadon glaze (Longquan ware),H. 2 3/8 in. (6 cm); Diam. 3 3/8 in. (8.6 cm),China,,,,,,,,,,,Asian Art,Ceramics,,False,True,https://www.metmuseum.org/art/collection/search/51049,https://images.metmuseum.org/CRDImages/as/original/DP335588.jpg,1,,,
45764,Letter to Li Ziyuan,Album leaf,1470–1524,Ming dynasty (1368–1644),,,Album leaf; ink on paper,10 5/8 x 9 7/8 in. (27 x 25.1cm),China,,,,,Tang Yin,Artist,Chinese,1470,1524,,Asian Art,Calligraphy,"Chinese, 1470–1524",False,True,https://www.metmuseum.org/art/collection/search/45764,https://images.metmuseum.org/CRDImages/as/original/DP153899.jpg,0,,https://www.wikidata.org/wiki/Q2248916,http://vocab.getty.edu/page/ulan/500034107
52124,Box depicting Rokkasen (The Six Court Poets),Box,19th century,,,,Lacquer with gold hirami,H. 1 3/4 in. (4.4 cm); Diam. 3 5/8 in. (9.2 cm),Japan,,,,,Ganshosai Shunsui,Artist,Japanese,1822,1880,,Asian Art,Lacquer,"Japanese, 1822–1880",False,True,https://www.metmuseum.org/art/collection/search/52124,https://images.metmuseum.org/CRDImages/as/original/DP-26265-001.jpg,3,,,
46963,Water coupe with archaistic dragon roundels,Water coupe,late 17th–early 18th century,"Qing dynasty (1644–1911), Kangxi period (1662–1722)",,,Porcelain with incised decoration under peachbloom glaze (Jingdezhen ware),H. 3 3/16 in. (8.1 cm); Diam. 4 7/8 in. (12.4 cm),China,,,,,,,,,,,Asian Art,Ceramics,,False,True,https://www.metmuseum.org/art/collection/search/46963,https://images.metmuseum.org/CRDImages/as/original/76015.jpg,0,,,
68673,Sleeve Band,Sleeve Band,19th century,Qing dynasty (1644–1911),,,Silk;  on silk,41 x 5 in. (104.14 x 12.70 cm),China,,,,,,,,,,,Asian Art,Textiles-Embroidered,,False,True,https://www.metmuseum.org/art/collection/search/68673,https://images.metmuseum.org/CRDImages/as/original/79189.jpg,0,,,
65989,Piece,Piece,18th–19th century,Edo (1615–1868),,,Silk,5 x 6 1/2 in. (12.70 x 16.51 cm),Japan,,,,,,,,,,,Asian Art,Textiles-Woven,,False,True,https://www.metmuseum.org/art/collection/search/65989,https://images.metmuseum.org/CRDImages/as/original/DP11749.jpg,0,,,
66645,Piece,Piece,18th–19th century,,,,Silk,3 1/2 x 2 3/4 in. (8.89 x 6.99 cm),Japan,,,,Bats,,,,,,,Asian Art,Textiles-Woven,,False,True,https://www.metmuseum.org/art/collection/search/66645,https://images.metmuseum.org/CRDImages/as/original/DP12389.jpg,0,,,
41756,Snuff bottle,Snuff bottle,18th–19th century,Qing dynasty (1644–1911),,,Glass,H. 2 1/2 in. (6.4 cm); W. 1 13/16 in. (4.6 cm); D. 1 in. (2.5 cm),China,,,,,,,,,,,Asian Art,Snuff Bottles,,False,True,https://www.metmuseum.org/art/collection/search/41756,https://images.metmuseum.org/CRDImages/as/original/DP321914.jpg,3,https://www.wikidata.org/wiki/Q116314629,,
57753,Wine Cup,Wine cup,probably mid-19th century,Edo (1615–1868) or Meiji period (1868–1912),,,Red lacquer decorated with gold,H. 1 in. (2.5 cm); W. 3 3/4 in. (9.5 cm),Japan,,,,Tents|Bow and Arrow|Trees,,,,,,,Asian Art,Lacquer,,False,True,https://www.metmuseum.org/art/collection/search/57753,https://images.metmuseum.org/CRDImages/as/original/81_1_589_T.jpg,1,,,
36680,Courtesans and Attendants Making a Giant Snowball,Print,ca. 1796,Edo period (1615–1868),,,Triptych of woodblock prints; ink and color on paper,Image: 14 1/2 × 29 1/2 in. (36.8 × 74.9 cm),Japan,,,,Women|Winter|Snow,Utagawa Toyokuni I,Artist,Japanese,1769,1825,,Asian Art,Prints,"Japanese, 1769–1825",False,True,https://www.metmuseum.org/art/collection/search/36680,https://images.metmuseum.org/CRDImages/as/original/DP146809.jpg,0,,https://www.wikidata.org/wiki/Q950316,http://vocab.getty.edu/page/ulan/500081100
59644,Netsuke of Coiled Dragon Enclosing a Pearl,Netsuke,late 18th century,,,,Ivory,H. 1 3/4 in. (4.4 cm); W. 1 1/2 in. (3.8 cm),Japan,,,,Dragons,,,,,,,Asian Art,Netsuke,,False,True,https://www.metmuseum.org/art/collection/search/59644,https://images.metmuseum.org/CRDImages/as/original/1985_399_2_S1_sf.jpg,4,,,
59527,Plaque in the Shape of a Grazing Kulan,Plaque,2nd–1st century BCE,Xiongnu culture,,,Gold,H. 1 3/8 in. (3.5 cm); W. 1 11/16 in. (4.3 cm),Northwest China,,,,Animals,,,,,,,Asian Art,Metalwork,,False,True,https://www.metmuseum.org/art/collection/search/59527,https://images.metmuseum.org/CRDImages/as/original/2002_201_118_O1.jpg,0,,,
54880,Courtesans Promenading on the Nakanochō in Yoshiwara,Print,ca. 1795,Edo period (1615–1868),,,Triptych of woodblock prints; ink and color on paper,H. 15 3/8 in. (39.1 cm); W. 50 in. (127 cm),Japan,,,,Men|Women,Utagawa Toyokuni I,Artist,Japanese,1769,1825,,Asian Art,Prints,"Japanese, 1769–1825",False,True,https://www.metmuseum.org/art/collection/search/54880,https://images.metmuseum.org/CRDImages/as/original/DP145695.jpg,0,,https://www.wikidata.org/wiki/Q950316,http://vocab.getty.edu/page/ulan/500081100
60225,Kyogen mask,Kyogen mask,19th century,,,,Wood,H. 7 3/4 in. (19.7 cm); W. 6 1/2 in. (16.5 cm),Japan,,,,Masks,,,,,,,Asian Art,Masks,,False,True,https://www.metmuseum.org/art/collection/search/60225,https://images.metmuseum.org/CRDImages/as/original/62793.jpg,0,,,
56530,Incense Box,Covered box,dated 1876,Meiji period (1868–1912),,,"Gold hiramaki-e, mother-of-pearl and gold ground",H. 1 3/4 in. (4.4 cm); W. 2 7/8 in. (7.3 cm); L. 3 3/4 in. (9.5 cm),Japan,,,,Birds|Flowers,Ogawa Shomin,Artist,,,,,Asian Art,Lacquer,,False,True,https://www.metmuseum.org/art/collection/search/56530,https://images.metmuseum.org/CRDImages/as/original/36_100_165ab_O1.JPG,4,,https://www.wikidata.org/wiki/Q65581060,(not assigned)
45568,Case (Inrō) with Design of Buddhist Angel (obverse); Pine Forest (reverse),Inrō,late 18th century,Edo period (1615–1868),,,Silver shibuichi lacquer decorated with roiro (waxen) lacquer and gold sprinkled and polished hiramakie lacquer; Ojime: coral bead; Netsuke: metal zogan inlay pine tree,3 7/16 x 2 9/16 x 1 1/8 in. (8.7 x 6.5 x 2.9 cm),Japan,,,,Flutes|Trees|Angels,Tōyō,Artist,Japanese,1764,1771,,Asian Art,Inrō,"Japanese, active second half of the 18th century",False,True,https://www.metmuseum.org/art/collection/search/45568,https://images.metmuseum.org/CRDImages/as/original/13_67_68_O3.JPG,3,,,
61148,Coin,Coin,-206–220,Han dynasty (206 BCE–220 CE),,,Bronze,H. 1 3/8 in. (3.5 cm); W. 3/4 in. (1.9 cm),China,,,,,,,,,,,Asian Art,Metalwork,,False,True,https://www.metmuseum.org/art/collection/search/61148,https://images.metmuseum.org/CRDImages/as/original/DP167673.jpg,0,,,
61350,Animal Mask,Mask,late 10th–early 8th century BCE,Western Zhou dynasty (1046–771 BCE),,,"Gilt silver, copper",H. 4 1/4 in. (10.8 cm); W. 5 1/16 in. (12.9 cm),China,,,,,,,,,,,Asian Art,Metalwork,,False,True,https://www.metmuseum.org/art/collection/search/61350,https://images.metmuseum.org/CRDImages/as/original/LC-1985_214_58_3.jpg,1,,,
54790,Plum Blossoms and Cake-Box,Woodblock print,1819,Edo period (1615–1868),,,Woodblock print (surimono); ink and color on paper,8 1/16 x 7 1/8 in. (20.5 x 18.1 cm),Japan,,,,Flowers,Yashima Gakutei,Artist,Japanese,1786,1868,,Asian Art,Prints,"Japanese, 1786?–1868",False,True,https://www.metmuseum.org/art/collection/search/54790,https://images.metmuseum.org/CRDImages/as/original/DP135868.jpg,0,,https://www.wikidata.org/wiki/Q11475750,http://vocab.getty.edu/page/ulan/500333019
712098,The Daoist Immortal Han Xiangzi,Hanging scroll,"undated, late 15th–early 16th century",Ming dynasty (1368–1644),,,Framed hanging scroll; ink and color on silk,"Image: 48 in. × 26 3/4 in. (121.9 × 67.9 cm)
Framed: 62 1/4 × 39 in. (158.1 × 99.1 cm)",China,,,,Men|Flutes|Musicians,Liu Jun,Artist,Chinese,1475,1505,,Asian Art,Paintings,"Chinese, active ca. 1475–ca. 1505",False,True,https://www.metmuseum.org/art/collection/search/712098,https://images.metmuseum.org/CRDImages/as/original/LC-2016_238-BT-2017.jpg,0,https://www.wikidata.org/wiki/Q78613738,https://www.wikidata.org/wiki/Q6653598,(not assigned)
55260,People of the Five Nations Drinking and Eating (Gokakoku jinbutsu dontaku no zu),Print,"1861, 10th month",Edo period (1615–1868),,,Triptych of woodblock prints (nishiki-e); ink and color on paper,14 x 28 1/2 in. (35.6 x 72.4 cm),Japan,,,,Men|Women|Dining|Drinking|Ships,Utagawa Yoshitora,Artist,Japanese,1845,1880,,Asian Art,Prints,"Japanese, active ca. 1850–80",False,True,https://www.metmuseum.org/art/collection/search/55260,https://images.metmuseum.org/CRDImages/as/original/DP147654.jpg,0,,https://www.wikidata.org/wiki/Q3075041,http://vocab.getty.edu/page/ulan/500342437
60029,Netsuke of Boy Carrying a Branch of Fruit,Netsuke,19th century,Edo (1615–1868) or Meiji period (1868–1912),,,Ivory,H. 2 1/3 in. (5.9 cm); W. 2 in. (5.1 cm),Japan,,,,Fruit,,,,,,,Asian Art,Netsuke,,False,True,https://www.metmuseum.org/art/collection/search/60029,https://images.metmuseum.org/CRDImages/as/original/10_211_550_S1_sf.jpg,4,,,
813131,Album of Japanese and Chinese Poems to Sing,Album,early 17th century,Momoyama period (1573–1615),,,"Album of thirty-six leaves; each on gold, silver, or colored decorated paper","Each: 8 3/4 × 10 1/2 in. (22.2 × 26.7 cm)
Open: 21 in. (53.3 cm)",Japan,,,,,Konoe Nobutada,Artist,Japanese,1565,1614,,Asian Art,Calligraphy,"Japanese, 1565–1614",False,True,https://www.metmuseum.org/art/collection/search/813131,https://images.metmuseum.org/CRDImages/as/original/DP-16403-001.jpg,51,,https://www.wikidata.org/wiki/Q368605,http://vocab.getty.edu/page/ulan/500320711
59875,Netsuke of Old Woman Bathing Child in a Tub,Netsuke,18th–19th century,Edo (1615–1868) or Meiji period (1868–1912),,,Ivory,H. 1 3/8 in. (3.5 cm); W. 1 1/8 in. (2.9 cm); D. 1 1/2 in. (3.8 cm),Japan,,,,Children|Women|Bathing,,,,,,,Asian Art,Netsuke,,False,True,https://www.metmuseum.org/art/collection/search/59875,https://images.metmuseum.org/CRDImages/as/original/10_211_165_O1_sf.jpg,2,,,
40979,Seal,Seal,-206–220,Han dynasty (206 BCE–220 CE),,,Jade,H. 1 3/8 (3.5 cm); W. 1 (2.5 cm); D. 1 in. (2.5 cm),China,,,,,,,,,,,Asian Art,Seals,,False,True,https://www.metmuseum.org/art/collection/search/40979,https://images.metmuseum.org/CRDImages/as/original/16_144_96_34752.jpg,0,,,
60116,Netsuke,Netsuke,19th century,Edo (1615–1868) or Meiji period (1868–1912),,,Ivory with gold lacquer ornamentation,H. 1 1/2 in. (3.8 cm),Japan,,,,Fans,,,,,,,Asian Art,Netsuke,,False,True,https://www.metmuseum.org/art/collection/search/60116,https://images.metmuseum.org/CRDImages/as/original/LC-10_211_751-001.jpg,3,,,
75298,Acrobats Beneath Cherry Trees: Spinning Tops and Balancing,Print,1857,Edo period (1615–1868),,,Woodblock print; ink and color on paper,14 1/4 x 10 in. (36.2 x 25.4 cm),Japan,,,,Fans|Men|Women|Trees|Acrobats,Utagawa Yoshiharu,Artist,Japanese,1828,1888,,Asian Art,Prints,"Japanese, 1828–1888",False,True,https://www.metmuseum.org/art/collection/search/75298,https://images.metmuseum.org/CRDImages/as/original/2009_434_1.jpg,0,,,
69986,Priest's Stole,"Stole, Priest's",18th–19th century,,,,"Silk, metallic thread",63 1/2 x 12 in. (161.29 x 30.48 cm),Japan,,,,Birds,,,,,,,Asian Art,Textiles-Costumes,,False,True,https://www.metmuseum.org/art/collection/search/69986,https://images.metmuseum.org/CRDImages/as/original/DP277697.jpg,0,,,
66956,Piece,Piece,18th–19th century,,,,Silk,1 3/8 × 3 1/2 in. (3.5 × 8.9 cm),Japan,,,,,,,,,,,Asian Art,Textiles-Woven,,False,True,https://www.metmuseum.org/art/collection/search/66956,https://images.metmuseum.org/CRDImages/as/original/DP12610.jpg,0,,,
44581,Landscape,Hanging scroll,dated 1733,Qing dynasty (1644–1911),,,Hanging scroll; ink on silk,"Image: 45 x 25 5/16 in. (114.3 x 64.3 cm)
Overall with mounting: 98 x 32 1/2 in. (248.9 x 82.6 cm)
Overall with knobs: 98 x 36 1/4 in. (248.9 x 92.1 cm)",China,,,,Mountains|Landscapes,Feng Qiyong,Artist,Chinese,1730,1739,,Asian Art,Paintings,"Chinese, active ca. 1730s",False,True,https://www.metmuseum.org/art/collection/search/44581,https://images.metmuseum.org/CRDImages/as/original/DP-36210-002.jpg,1,https://www.wikidata.org/wiki/Q78852385,,
70005,Stencil,Stencil,1615–1868,Edo period (1615–1868),,,Paper,21 3/4 x 15 1/2 in. (55.24 x 39.37 cm),Japan,,,,Flowers,,,,,,,Asian Art,Stencils,,False,True,https://www.metmuseum.org/art/collection/search/70005,https://images.metmuseum.org/CRDImages/as/original/DP13731.jpg,0,,,
67735,Piece,Piece,18th–19th century,,,,Silk,2 x 4 1/4 in. (5.08 x 10.80 cm),Japan,,,,,,,,,,,Asian Art,Textiles-Woven,,False,True,https://www.metmuseum.org/art/collection/search/67735,https://images.metmuseum.org/CRDImages/as/original/DP13260.jpg,0,,,
67055,Piece,Piece,18th–19th century,,,,Silk,1 1/4 x 1 1/4 in. (3.17 x 3.17 cm),Japan,,,,,,,,,,,Asian Art,Textiles-Woven,,False,True,https://www.metmuseum.org/art/collection/search/67055,https://images.metmuseum.org/CRDImages/as/original/DP12700.jpg,0,,,
41548,Snuff Bottle,Snuff bottle,1736–1795,"Qing dynasty (1644–1911), Qianlong period (1736–95)",,,"Carnelian agate with green glass stopper, wood stand",H. 2 5/8 in. (6.7 cm),China,,,,Fruit,,,,,,,Asian Art,Snuff Bottles,,False,True,https://www.metmuseum.org/art/collection/search/41548,https://images.metmuseum.org/CRDImages/as/original/21_175_299ab_O1.jpg,0,,,
41525,Snuff bottle with pomegranates and bat,Snuff bottle,1736–1795,"Qing dynasty (1644–1911), Qianlong period (1736–95)",,,Turquoise with pink glass stopper,H. 2 in. (5.1 cm),China,,,,Bats|Pomegranates,,,,,,,Asian Art,Snuff Bottles,,False,True,https://www.metmuseum.org/art/collection/search/41525,https://images.metmuseum.org/CRDImages/as/original/DP321871.jpg,3,,,
62419,Arrowhead,Arrowhead,-1500–-1000,Late Jōmon period (ca. 1500–1000 BCE),,,"Sandstone, chert or flint",W. 7/8 in. (2.2 cm); L. 1 1/4 in. (3.2 cm),Japan,,,,,,,,,,,Asian Art,Stone,,False,True,https://www.metmuseum.org/art/collection/search/62419,https://images.metmuseum.org/CRDImages/as/original/1975_268_233_F.jpg,1,,,
67729,Piece,Piece,18th–19th century,,,,Silk,2 1/4 x 4 in. (5.71 x 10.16 cm),Japan,,,,Leaves,,,,,,,Asian Art,Textiles-Woven,,False,True,https://www.metmuseum.org/art/collection/search/67729,https://images.metmuseum.org/CRDImages/as/original/DP13243.jpg,0,,,
59111,Netsuke of Shoki Looking into a Well at Ōni Ojime,Netsuke,19th century,Edo (1615–1868) or Meiji period (1868–1912),,,Wood,H. 1 1/4 in. (3.2 cm); W. 1 1/2 in. (3.8 cm),Japan,,,,Men,,,,,,,Asian Art,Netsuke,,False,True,https://www.metmuseum.org/art/collection/search/59111,https://images.metmuseum.org/CRDImages/as/original/10_211_1889_O1_sf.jpg,1,,,
43833,Pendant,Pendant,1723–1735,"Qing dynasty (1644–1911), Yongzheng period (1723–35)",,,"Nephrite, white with faint greenish tint",H. 2 11/16 in. (6.8 cm); W. 2 3/16 in. (5.6 cm); D. 1/4 in. (0.6 cm),China,,,,,,,,,,,Asian Art,Jade,,False,True,https://www.metmuseum.org/art/collection/search/43833,https://images.metmuseum.org/CRDImages/as/original/32970.jpg,0,,,
834560,Pair of Butter Lamps,Lamps,19th century,,,,Gilt silver with repoussé and engraving,H. each: 12 1/2 in. (31.8 cm),Central Tibet,,,,,,,,,,,Asian Art,Metalwork,,False,True,https://www.metmuseum.org/art/collection/search/834560,https://images.metmuseum.org/CRDImages/as/original/DP-21701-001.jpg,8,,,
41920,Table Screen with Tree Peonies,Table screen,18th century,Qing dynasty (1644–1911),,,Jade (nephrite); rosewood stand,Diam. 11 9/16 in. (29.4 cm); Th. 5/8 in. (1.6 cm),China,,,,Peonies,,,,,,,Asian Art,Jade,,False,True,https://www.metmuseum.org/art/collection/search/41920,https://images.metmuseum.org/CRDImages/as/original/DP278061.jpg,1,,,
39989,Fragment of a Relief,Relief fragment,3rd–7th century,,,,Clay,4 1/2 x 5 1/2 in. (11.4 x 14 cm),Central Asia,,,,,,,,,,,Asian Art,Sculpture,,False,True,https://www.metmuseum.org/art/collection/search/39989,https://images.metmuseum.org/CRDImages/as/original/30_32_47.jpg,0,,,
72183,Piece,Piece,18th century,Edo period (1615–1868),,,Silk / Compound weave,2 1/4 × 2 1/8 in. (5.7 × 5.4 cm),Japan,,,,,,,,,,,Asian Art,Textiles-Woven,,False,True,https://www.metmuseum.org/art/collection/search/72183,https://images.metmuseum.org/CRDImages/as/original/DP14746.jpg,0,,,
54290,Figure of a Civil Official,Figure,535–556,Western Wei dynasty (535–557),,,Stone,H. 12 1/2 in. (31.6 cm),China,,,,Men,,,,,,,Asian Art,Sculpture,,False,True,https://www.metmuseum.org/art/collection/search/54290,https://images.metmuseum.org/CRDImages/as/original/DP158750.jpg,4,,,
67223,Piece,Piece,18th–19th century,,,,Silk,3 x 6 in. (7.62 x 15.24 cm),Japan,,,,Butterflies|Flowers,,,,,,,Asian Art,Textiles-Woven,,False,True,https://www.metmuseum.org/art/collection/search/67223,https://images.metmuseum.org/CRDImages/as/original/DP12825.jpg,0,,,
44592,The Sixteen Luohans,Handscroll,16th or 17th century,Ming dynasty (1368–1644),,,Handscroll; ink on paper,"Image: 13 9/16 x 206 3/8 in. (34.4 x 524.2 cm)
Overall with mounting: 13 7/8 x 468 3/4 in. (35.2 x 1190.6 cm)",China,,,,Buddhism|Monks,Qiu Ying,Artist,Chinese,1485,1562,,Asian Art,Paintings,"Chinese, ca. 1495–1552",False,True,https://www.metmuseum.org/art/collection/search/44592,https://images.metmuseum.org/CRDImages/as/original/DP205345_CRD.jpg,18,https://www.wikidata.org/wiki/Q78852298,https://www.wikidata.org/wiki/Q769372,http://vocab.getty.edu/page/ulan/500324495
48347,Bowl with flowers (one of a pair),Bowl,mid-18th century,"Qing dynasty (1644–1911), Qianlong period (1736–95)",,,Porcelain painted in overglaze polychrome enamels (Jingdezhen ware),H. 1 13/16 in. (4.6 cm); Diam. 3 3/4 in. (9.5 cm),China,,,,Flowers,,,,,,,Asian Art,Ceramics,,False,True,https://www.metmuseum.org/art/collection/search/48347,https://images.metmuseum.org/CRDImages/as/original/182558.jpg,0,,,
54923,Nanamaro and His Followers Looking at the Moon in China,Print,19th century,Edo period (1615–1868),,,Woodblock print (surimono); ink and color on paper,8 x 7 3/16 in. (20.3 x 18.3 cm),Japan,,,,Men|Moon|Mountains,Kubo Shunman,Artist,Japanese,1757,1820,,Asian Art,Prints,"Japanese, 1757–1820",False,True,https://www.metmuseum.org/art/collection/search/54923,https://images.metmuseum.org/CRDImages/as/original/DP138263.jpg,0,,https://www.wikidata.org/wiki/Q3200184,http://vocab.getty.edu/page/ulan/500121370
51350,Standing Male Figure,Figure,500 BCE–300 CE,Bronze and Iron Age period,,,Bronze,8 3/16 x 3 13/16 in. (20.8 x 9.7 cm),Indonesia (Java),,,,Men,,,,,,,Asian Art,Metalwork,,False,True,https://www.metmuseum.org/art/collection/search/51350,https://images.metmuseum.org/CRDImages/as/original/2001_433_525_O2.jpg,0,,,
40081,Wang Xizhi watching geese,Handscroll,ca. 1295,Yuan dynasty (1271–1368),,,"Handscroll; ink, color, and gold on paper","Image: 9 1/8 x 36 1/2 in. (23.2 x 92.7 cm)
Overall with mounting: 11 x 418 13/16 in. (27.9 x 1063.8 cm)",China,,,,Men|Pavilions,Qian Xuan,Artist,Chinese,1239,1301,,Asian Art,Paintings,"Chinese, 1239–1301",True,True,https://www.metmuseum.org/art/collection/search/40081,https://images.metmuseum.org/CRDImages/as/original/DP273822.jpg,20,https://www.wikidata.org/wiki/Q29383319,https://www.wikidata.org/wiki/Q951585,http://vocab.getty.edu/page/ulan/500324493
56417,Jewel River at Ide (Ide no Tamagawa),Print,ca. 1768,Edo period (1615–1868),,,Woodblock print; ink and color on paper,"10 3/4 x 7 7/16 in. (27.3 x 18.9 cm)
medium-size print (chu-ban)",Japan,,,,Women|Rivers,Suzuki Harunobu,Artist,Japanese,1725,1770,,Asian Art,Prints,"Japanese, 1725–1770",False,True,https://www.metmuseum.org/art/collection/search/56417,https://images.metmuseum.org/CRDImages/as/original/DP120430.jpg,0,,https://www.wikidata.org/wiki/Q360978,http://vocab.getty.edu/page/ulan/500057319
64972,Birds Amidst Blossoming Plum and Bamboo,Hanging scroll,1416–1480,Ming dynasty (1368–1644),,,Hanging scroll; ink and color on silk,40 15/16 x 18 11/16 in. (104 x 47.4 cm),China,,,,Birds|Bamboo,Lin Liang,Artist,Chinese,1416,1480,,Asian Art,Paintings,"Chinese, ca. 1416–1480",False,True,https://www.metmuseum.org/art/collection/search/64972,https://images.metmuseum.org/CRDImages/as/original/DP-35708-002.jpg,1,https://www.wikidata.org/wiki/Q78717159,https://www.wikidata.org/wiki/Q717719,http://vocab.getty.edu/page/ulan/500125665
46126,Meiping vase with dragons,Vase,late 18th–early 19th century,Qing dynasty (1644–1911),,,Porcelain with white decoration reserved on a crackled blue ground (Jingdezhen ware),H. 15 in. (38.1 cm); W. 7 1/2 in. (19.1 cm); Diam. of rim: 2 3/8 in. (6 cm); Diam. of foot: 4 7/8 in. (12.4 cm),China,,,,Dragons,,,,,,,Asian Art,Ceramics,,False,True,https://www.metmuseum.org/art/collection/search/46126,https://images.metmuseum.org/CRDImages/as/original/79_2_134_O1.jpg,0,,,
78699,Picture Book of the Foot and Peak of the Mountain (Ehon komagatake)  絵本高麗嶽,Illustrated books,"1802, first month (Kyōwa 2)",Edo period (1615–1868),,,Set of three woodblock printed books; ink and color on paper,each: 8 7/8 × 6 1/8 in. (22.5 × 15.5 cm),Japan,,,,Men|Horses|Chariots,Kitao Shigemasa 北尾重政,Artist,Japanese,1739,1820,,Asian Art,Illustrated Books,"Japanese, 1739–1820",False,True,https://www.metmuseum.org/art/collection/search/78699,https://images.metmuseum.org/CRDImages/as/original/2013_809_a_c_a_04_crd.jpg,34,,https://www.wikidata.org/wiki/Q3074364,http://vocab.getty.edu/page/ulan/500074052
68165,Textile Sample from Sample Book,Sample,19th century,,,,Silk,3 7/8 × 1 1/8 in. (9.8 × 2.9 cm),Japan,,,,,,,,,,,Asian Art,Textiles-Woven,,False,True,https://www.metmuseum.org/art/collection/search/68165,https://images.metmuseum.org/CRDImages/as/original/DP13989.jpg,0,,,
52304,Wine bottle,Wine bottle,1615–1868,Edo period (1615–1868),,,Stoneware painted with polychrome enamels and underglaze blue (Kiyomizu ware),H. 8 1/8 in. (20.6 cm); Diam. 3 7/8 in. (9.8 cm),Japan,,,,Flowers|Plants,,,,,,,Asian Art,Ceramics,,False,True,https://www.metmuseum.org/art/collection/search/52304,https://images.metmuseum.org/CRDImages/as/original/207740.jpg,0,,,
51852,Folding fan,Folding fan,19th century,late Qing dynasty (1644–1911),,,Folding fan; paper and wood,11 3/8 x 19 1/2 in. (28.9 x 49.5 cm),China,,,,,Unidentified artist,Artist,,,,,Asian Art,Paintings,,False,True,https://www.metmuseum.org/art/collection/search/51852,https://images.metmuseum.org/CRDImages/as/original/DP-32412-001.jpg,1,,,
46404,Lotus cup,Cup,late 18th century,Qing dynasty (1644–1911),,,Porcelain painted in overglaze polychrome enamels (Jingdezhen ware),H. 1 3/4 in. (4.4 cm); Diam. 2 3/4 in. (7 cm),China,,,,,,,,,,,Asian Art,Ceramics,,False,True,https://www.metmuseum.org/art/collection/search/46404,https://images.metmuseum.org/CRDImages/as/original/79_2_759_O1_sf.jpg,4,,,
43760,Plum-Tree Vase,Vase,1368–1644,Ming dynasty (1368–1644),,,Jadeite,H. 4 3/4 in. (12 cm); W. 5 1/4 in. (13.3 cm); L. 2 3/4 in. (7 cm),China,,,,Flowers,,,,,,,Asian Art,Jade,,False,True,https://www.metmuseum.org/art/collection/search/43760,https://images.metmuseum.org/CRDImages/as/original/32701.jpg,0,,,
38317,Plaque with Scenes from the Life of the Buddha,Plaque,12th century,Pala period,,,Mudstone,H. 3 15/16 in. (10 cm); W. 2 15/16 in. (7.5 cm); D. 1 3/16 in. (3 cm),India (Bihar or West Bengal),,,,Buddhism|Buddha,,,,,,,Asian Art,Sculpture,,False,True,https://www.metmuseum.org/art/collection/search/38317,https://images.metmuseum.org/CRDImages/as/original/DP102618.jpg,0,https://www.wikidata.org/wiki/Q83562093,,
52022,Vase,Vase,1723–1735,"Qing dynasty (1644–1911), Yongzheng period (1723–35)",,,Porcelain,H. 12 in. (30.5 cm),China,,,,,,,,,,,Asian Art,Ceramics,,False,True,https://www.metmuseum.org/art/collection/search/52022,https://images.metmuseum.org/CRDImages/as/original/20878.jpg,0,https://www.wikidata.org/wiki/Q116313335,,
68028,Textile,Textile,19th century,,,,,5 1/2 × 1 5/8 in. (14 × 4.1 cm),Japan,,,,,,,,,,,Asian Art,Textiles-Woven,,False,True,https://www.metmuseum.org/art/collection/search/68028,https://images.metmuseum.org/CRDImages/as/original/DP14057.jpg,0,,,
50717,Bottle (one of a pair),Bottle,ca. 1700–22,"Qing dynasty (1644–1911), Kangxi mark and period (1662–1722)",,,Porcelain painted in underglaze blue,H. (with stand): 10 in. (25.4 cm); W. 3 13/16 in. (9.7 cm),China,,,,,,,,,,,Asian Art,Ceramics,,False,True,https://www.metmuseum.org/art/collection/search/50717,https://images.metmuseum.org/CRDImages/as/original/66_206_3_O1.jpg,0,,,
45208,"Shaka (Shakyamuni), The Historical Buddha, Descending from the Mountains",Hanging scroll,15th century,Muromachi period (1392–1573),,,Hanging scroll; ink and color on silk,"Image: 42 1/4 x 22 3/8 in. (107.3 x 56.8 cm)
Overall with knobs: 80 3/4 x 31 3/8 in. (205.1 x 79.7 cm)",Japan,,,,Buddha|Shakyamuni,,,,,,,Asian Art,Paintings,,False,True,https://www.metmuseum.org/art/collection/search/45208,https://images.metmuseum.org/CRDImages/as/original/LC-18_124_11_001.jpg,2,https://www.wikidata.org/wiki/Q78849689,,
37980,"The Goddess Mahasitavati, Folio from a Buddhist Manuscript",Folio,ca. 12th century,Karnata-Malla period,,,Opaque watercolor on palm leaf,2 1/16 x 10 3/4 in. (5.3 x 27.3 cm),Nepal,,,,Buddhism|Goddess,,,,,,,Asian Art,Paintings,,False,True,https://www.metmuseum.org/art/collection/search/37980,https://images.metmuseum.org/CRDImages/as/original/DP156413.jpg,0,https://www.wikidata.org/wiki/Q78878231,,
68455,Fan,Folding Fan,20th century,,,,Paper and metal paint / Paint,10 3/4 × 20 in. (27.3 × 50.8 cm),Japan,,,,,,,,,,,Asian Art,Fans,,False,True,https://www.metmuseum.org/art/collection/search/68455,https://images.metmuseum.org/CRDImages/as/original/62743.jpg,0,,,
46013,Dish,Dish,1736–1795,"Qing dynasty (1644–1911), Qianlong period (1736–95)",,,Porcelain painted in underglaze blue,H. 1 1/2 in. (3.8 cm); Diam. 9 3/4 in. (24.8 cm),China,,,,Flowers|Trees,,,,,,,Asian Art,Ceramics,,False,True,https://www.metmuseum.org/art/collection/search/46013,https://images.metmuseum.org/CRDImages/as/original/79_2_1159_O1.jpg,0,,,
54412,Mirror Case with Filled Diagonal Lattice,Mirror case,1644–1911,Qing dynasty (1644–1911),,,Silk embroidery on silk gauze,Overall: 7 3/4 x 7 3/4 in. (19.7 x 19.7 cm),China,,,,,,,,,,,Asian Art,Textiles-Embroidered,,False,True,https://www.metmuseum.org/art/collection/search/54412,https://images.metmuseum.org/CRDImages/as/original/DP255298.jpg,2,,,
52947,Dish with scene of a woman and children,Dish,mid-18th century,Qing dynasty (1644–1911),,,Porcelain painted with overglaze polychrome enamels and gold (Jingdezhen ware),Diam. 8 in. (20.3 cm),China,,,,,,,,,,,Asian Art,Ceramics,,False,True,https://www.metmuseum.org/art/collection/search/52947,https://images.metmuseum.org/CRDImages/as/original/DP-15944-027.jpg,1,,,
72157,Piece,Piece,19th century,,,,Silk / Compound weave,2 1/2 × 5 3/8 in. (6.4 × 13.7 cm),Japan,,,,Flowers|Leaves,,,,,,,Asian Art,Textiles-Woven,,False,True,https://www.metmuseum.org/art/collection/search/72157,https://images.metmuseum.org/CRDImages/as/original/DP14779.jpg,0,,,
56101,Man and Girl,Print,1787–1867,Edo period (1615–1868),,,Woodblock print; ink and color on paper,H. 23 9/16 in. (59.8 cm); W. 3 15/16 in. 910 cm),Japan,,,,Men|Women,Kikugawa Eizan,Artist,Japanese,1787,1867,,Asian Art,Prints,"Japanese, 1787–1867",False,True,https://www.metmuseum.org/art/collection/search/56101,https://images.metmuseum.org/CRDImages/as/original/DP146814.jpg,0,,https://www.wikidata.org/wiki/Q947896,http://vocab.getty.edu/page/ulan/500121367
42963,Pendant,Pendant,-3200–-2000,"Neolithic period, Liangzhu culture (ca. 3200–2000 BCE)",,,Jade,H. 3 1/2 in. (8.9 cm); Diam. 1/2 in. (1.3 cm),China,,,,,,,,,,,Asian Art,Jade,,False,True,https://www.metmuseum.org/art/collection/search/42963,https://images.metmuseum.org/CRDImages/as/original/11_190_249_11844.jpg,0,,,
63314,Tray,Tray,ca. 1720,Edo period (1615–1868),,,"Clay; crackled cream glaze; inside, chrysanthemum sprays and poem, in brown; outer rim, conventional floral diaper in blue (Tokyo ware)",H. 1 1/2 in. (3.8 cm); W. 8 7/8 in. (22.5 cm); L. 9 3/4 in. (24.8 cm),Japan,,,,Flowers,Ogata Kenzan,Artist,Japanese,1663,1743,,Asian Art,Ceramics,"Japanese, 1663–1743",False,True,https://www.metmuseum.org/art/collection/search/63314,https://images.metmuseum.org/CRDImages/as/original/DP260123.jpg,1,,https://www.wikidata.org/wiki/Q534279,http://vocab.getty.edu/page/ulan/500121062
39646,Box with pommel scroll,Box,late 13th–14th century,Yuan dynasty (1271–1368),,,Carved red and black lacquer,H.1 1/2 in. (3.8 cm); Diam. 5 in. (12.7 cm),China,,,,,,,,,,,Asian Art,Lacquer,,False,True,https://www.metmuseum.org/art/collection/search/39646,https://images.metmuseum.org/CRDImages/as/original/DT231815.jpg,0,https://www.wikidata.org/wiki/Q116316966,,
43780,Quadrangular Vase (Fang Hu),Vase,1368–1644,Ming dynasty (1368–1644),,,"Nephrite, white with pale greenish tint, calcined in part to a very faint brown",H. 4 5/16 in. (10.9 cm); W. 2 7/8 in. (7.3 cm); L. 2 7/8 in. (7.3 cm),China,,,,,,,,,,,Asian Art,Jade,,False,True,https://www.metmuseum.org/art/collection/search/43780,https://images.metmuseum.org/CRDImages/as/original/18472.jpg,2,,,
56028,A Day in Winter; Two Ladies and a Child in a Garden,Print,1742–1815,Edo period (1615–1868),,,Woodblock print; ink and color on paper,H. 10 5/16 in. (26.2 cm); W. 7 9/16 in. (19.2 cm),Japan,,,,Gardens|Boys|Women|Winter,Torii Kiyonaga,Artist,Japanese,1752,1815,,Asian Art,Prints,"Japanese, 1752–1815",False,True,https://www.metmuseum.org/art/collection/search/56028,https://images.metmuseum.org/CRDImages/as/original/DP124185.jpg,0,,https://www.wikidata.org/wiki/Q427642,http://vocab.getty.edu/page/ulan/500058786
52634,Bowl,Bowl,12th–13th century,Southern Song dynasty (1127–1279),,,Stoneware with relief decoration under celadon glaze (Longquan ware),H. 2 1/2 in. (6.4 cm); Diam. 5 3/4 in. (14.6 cm),China,,,,,,,,,,,Asian Art,Ceramics,,False,True,https://www.metmuseum.org/art/collection/search/52634,https://images.metmuseum.org/CRDImages/as/original/150000.jpg,0,,,
67935,Piece,Piece,18th century,Edo period (1615–1868),,,Silk,25 1/4 x 11 1/4 in. (64.14 x 28.57 cm),Japan,,,,,,,,,,,Asian Art,Textiles-Woven,,False,True,https://www.metmuseum.org/art/collection/search/67935,https://images.metmuseum.org/CRDImages/as/original/6756.jpg,0,,,
47120,Bowl,Bowl,1700–1780,Edo period (1615–1868),,,Pottery covered with a crackled glaze (Banko ware (?),H. 2 1/2 in. (6.4 cm); Diam. 3 7/8 in. (9.8 cm),Japan,,,,,,,,,,,Asian Art,Ceramics,,False,True,https://www.metmuseum.org/art/collection/search/47120,https://images.metmuseum.org/CRDImages/as/original/13369.jpg,0,,,
47040,Cup,Cup,18th century,Edo period (1615–1868),,,White porcelain decorated with blue and gold under the glaze (Arita ware),H. 2 5/8 in. (6.7 cm); W. 3 1/8 in. (7.9 cm),Japan,,,,Leaves,,,,,,,Asian Art,Ceramics,,False,True,https://www.metmuseum.org/art/collection/search/47040,https://images.metmuseum.org/CRDImages/as/original/29812.jpg,0,,,
38113,"The Ramaka Casket; Inscribed Reliquary, Donated by Ramaka",Reliquary,1st century CE,,,,Schist,H. 2 15/16 in. (7.5 cm); Diam. 2 1/8  in. (5.4 cm),"Pakistan (ancient region of Gandhara, Bajaur)",,,,Gandhara,,,,,,,Asian Art,Sculpture,,False,True,https://www.metmuseum.org/art/collection/search/38113,https://images.metmuseum.org/CRDImages/as/original/DP138055.jpg,1,,,
58661,Case (Inrō) with Design of Rooster on Large Drum (obverse); Hen and Chicks (reverse),Inrō,18th–19th century,Edo period (1615–1868),,,"Lacquer, roiro, gold and coloured hiramakie, nashiji, gold foil, aogai inlay; Interior: nashiji and fundame",3 7/16 x 2 1/2 x 11/16 in. (8.8 x 6.3 x 1.8 cm),Japan,,,,Chickens|Drums|Roosters,,,,,,,Asian Art,Inrō,,False,True,https://www.metmuseum.org/art/collection/search/58661,https://images.metmuseum.org/CRDImages/as/original/29_100_749_O3.JPG,4,,,
70022,"Stencil with Pattern of Flowing Water, Waterwheels and Embankment Baskets",Stencil,19th century,Edo period (1615–1868),,,Paper reinforced with silk,20 1/2 x 14 3/4 in. (52.07 x 37.47 cm),Japan,,,,,,,,,,,Asian Art,Stencils,,False,True,https://www.metmuseum.org/art/collection/search/70022,https://images.metmuseum.org/CRDImages/as/original/DP13864.jpg,0,,,
53557,Cooking Vessel (Xian),Cooking vessel,-770–-256,late Eastern Zhou dynasty (770–256 BCE),,,Bronze,"a: H. 7 in. (17.8 cm); Diam. 11 in. (27.9 cm)
b: H. 6 1/8 in. (15.6 cm); Diam. 11 in. (27.9 cm)
c: H. 7 in. (17.8 cm); Diam. 8 in. (20.3 cm)",China,,,,,,,,,,,Asian Art,Metalwork,,False,True,https://www.metmuseum.org/art/collection/search/53557,https://images.metmuseum.org/CRDImages/as/original/DP164917.jpg,6,,,
40796,Mandarin's Necklace,Necklace,19th century,Qing dynasty (1644–1911),,,Painted enamel,L. 50 in. (127 cm),China,,,,,,,,,,,Asian Art,Jewelry,,False,True,https://www.metmuseum.org/art/collection/search/40796,https://images.metmuseum.org/CRDImages/as/original/24_80_324.JPG,0,,,
40630,Incense Burner,Incense burner,19th century,Qing dynasty (1644–1911),,,Cloisonné enamel on copper,H. 16 in. (40.6 cm); Diam. 17 in. (43.2 cm),China,,,,,,,,,,,Asian Art,Cloisonné,,False,True,https://www.metmuseum.org/art/collection/search/40630,https://images.metmuseum.org/CRDImages/as/original/04_23_1abc_33594.jpg,0,,,
45189,Noh Robe (Happi) with Pattern of Flowers and Auspicious Symbols,Robe,19th century,,,,Silk satin with supplementary weft patterning in silk and metallic thread,Overall: 43 1/2 x 80 1/2 in. (110.5 x 204.5 cm),Japan,,,,,,,,,,,Asian Art,Costumes,,False,True,https://www.metmuseum.org/art/collection/search/45189,https://images.metmuseum.org/CRDImages/as/original/206408.jpg,0,,,
670896,Plum Blossoms,Hanging scroll,15th century,Muromachi period (1392–1573),,,Hanging scroll; ink on paper,"Image: 10 3/4 × 16 3/4 in. (27.3 × 42.5 cm)
Overall with mounting: 43 1/8 × 20 1/8 in. (109.5 × 51.1 cm)
Overall with knobs: W. 22 in. (55.9 cm)",Japan,,,,Flowers,Motsurin Jōtō (Bokusai),Artist,Japanese,,1492,,Asian Art,Paintings,"Japanese, died 1492",False,True,https://www.metmuseum.org/art/collection/search/670896,https://images.metmuseum.org/CRDImages/as/original/DP-12232-053.jpg,15,https://www.wikidata.org/wiki/Q78622242,,
68039,Textile,Textile,19th century,,,,,1 1/2 × 6 1/8 in. (3.8 × 15.6 cm),Japan,,,,,,,,,,,Asian Art,Textiles-Woven,,False,True,https://www.metmuseum.org/art/collection/search/68039,https://images.metmuseum.org/CRDImages/as/original/DP14064.jpg,0,,,
53060,Token Axes in the Shape of a Fask,Token axes,500 BCE–300 CE,Bronze and Iron Age period,,,Bronze,H. 2 1/16 in. (5.2 cm); W. 2.25 in. (5.7 cm); L. 3.5 in. (8.9 cm),Indonesia,,,,,,,,,,,Asian Art,Metalwork,,False,True,https://www.metmuseum.org/art/collection/search/53060,https://images.metmuseum.org/CRDImages/as/original/2001_433_410_O2.jpg,2,,,
78707,A Garden of Celebrated Japanese and Chinese Paintings (Wakan meigaen} 和漢名画苑,Illustrated books,1750,Edo period (1615–1868),,,"Set of six woodblock-printed books bound as one, with additional volume; ink on paper","10 3/16 × 7 3/16 in. (25.8 × 18.2 cm)
10 3/16 × 7 1/16 in. (25.8 × 18 cm)",Japan,,,,,Ooka Shunboku 大岡春卜,Artist,Japanese,1680,1763,,Asian Art,Illustrated Books,1680–1763,False,True,https://www.metmuseum.org/art/collection/search/78707,https://images.metmuseum.org/CRDImages/as/original/2013_817_a_b_a_03_crd.jpg,183,,https://www.wikidata.org/wiki/Q3594046,(not assigned)
59925,Spoon,Spoon,19th century,Edo (1615–1868) or Meiji period (1868–1912),,,White metal,L. 4 1/4 in. (10.8 cm),Japan,,,,,Nakagawa Joeki,Artist,,,,,Asian Art,Metalwork,,False,True,https://www.metmuseum.org/art/collection/search/59925,https://images.metmuseum.org/CRDImages/as/original/97_2_149_O.JPG,1,,,
37882,Vasant Ragini: Folio from a ragamala series (Garland of Musical Modes),Folio,ca. 1630–40,,,,Ink and opaque watercolor on paper,7 5/8 x 5 3/4 in. (19.4 x 14.6 cm),"India (Madhya Pradesh, Malwa)",,,,Women|Dancing|Flowers|Krishna,,,,,,,Asian Art,Paintings,,False,True,https://www.metmuseum.org/art/collection/search/37882,https://images.metmuseum.org/CRDImages/as/original/DP152279.jpg,1,https://www.wikidata.org/wiki/Q78883610,,
911858,New Year’s Day,Print,1747,"Qing dynasty (1644–1911), Qianlong period (1736–95)",,,Woodblock print; ink on paper with additional hand coloring,"Image: 37 × 21 1/16 in. (94 × 53.5 cm)
Overall with mounting: 40 1/2 × 22 11/16 in. (102.9 × 57.6 cm)",China,,,,,,,,,,,Asian Art,Prints,,False,True,https://www.metmuseum.org/art/collection/search/911858,https://images.metmuseum.org/CRDImages/as/original/DP-41280-001.jpg,0,,,
69371,Stencil,Stencil,19th century,,,,Paper,19 x 12 in. (48.3 x 30.5 cm),Japan,,,,,,,,,,,Asian Art,Stencils,,False,True,https://www.metmuseum.org/art/collection/search/69371,https://images.metmuseum.org/CRDImages/as/original/DP13633.jpg,0,,,
43263,Ornament,Ornament,1662–1722,"Qing dynasty (1644–1911), Kangxi period (1662–1722)",,,Jadeite,Diam. 2 1/2 in. (6.4 cm),China,,,,,,,,,,,Asian Art,Jade,,False,True,https://www.metmuseum.org/art/collection/search/43263,https://images.metmuseum.org/CRDImages/as/original/49270.jpg,0,,,
39681,Box with dragon design,Box,1522–1566,"Ming dynasty (1368–1644), Jiajing period (1522–66)",,,Carved red lacquer,H. 4 3/8 in. (11.1 cm); Diam. 10 in. (25.4 cm),China,,,,Dragons,,,,,,,Asian Art,Lacquer,,False,True,https://www.metmuseum.org/art/collection/search/39681,https://images.metmuseum.org/CRDImages/as/original/DP704147.jpg,1,,,
71639,Piece,Piece,18th century,Edo period (1615–1868),,,Silk / Compound weave,1 3/8 × 3 1/4 in. (3.5 × 8.3 cm),Japan,,,,,,,,,,,Asian Art,Textiles-Woven,,False,True,https://www.metmuseum.org/art/collection/search/71639,https://images.metmuseum.org/CRDImages/as/original/DP15305.jpg,0,,,
44447,Vase,Vase,18th century,Edo period (1615–1868),,,"White porcelain, decorated with blue under the glaze, polychrome enamels (Hizen ware, Kutani type)",H. 11 in. (27.9 cm),Japan,,,,Birds|Men|Flowers,,,,,,,Asian Art,Ceramics,,False,True,https://www.metmuseum.org/art/collection/search/44447,https://images.metmuseum.org/CRDImages/as/original/93_3_97.JPG,0,,,
39605,Emblema with Aphrodite and Eros,Emblema,ca. 1st–2nd century,,,,Plaster,Diam. (widest) 4 3/16 in. (10.6 cm),Mediterranean,,,,Gandhara|Aphrodite|Eros,,,,,,,Asian Art,Sculpture,,False,True,https://www.metmuseum.org/art/collection/search/39605,https://images.metmuseum.org/CRDImages/as/original/DP123341.jpg,0,https://www.wikidata.org/wiki/Q116374360,,
70248,Imperial Court Robe,"Robe, Imperial Court",19th century,Qing dynasty (1644–1911),,,"Silk, metallic thread",54 x 81 in. (137.16 x 205.74 cm),China,,,,Dragons,,,,,,,Asian Art,Costumes-Tapestries,,False,True,https://www.metmuseum.org/art/collection/search/70248,https://images.metmuseum.org/CRDImages/as/original/170018.jpg,0,,,
53459,Snuff Bottle,Snuff bottle,19th century,Qing dynasty (1644–1911),,,"Hair crystal, coral stopper",H. 3 7/16 in. (8.7 cm),China,,,,Fish,,,,,,,Asian Art,Snuff Bottles,,False,True,https://www.metmuseum.org/art/collection/search/53459,https://images.metmuseum.org/CRDImages/as/original/DP295278.jpg,1,,,
69929,Stencil,Stencil,19th century,,,,Paper,17 x 12 in. (43.18 x 30.48 cm),Japan,,,,,,,,,,,Asian Art,Stencils,,False,True,https://www.metmuseum.org/art/collection/search/69929,https://images.metmuseum.org/CRDImages/as/original/DP13704.jpg,0,,,
40221,Duster with the flowers of four seasons,Duster,16th century,Ming dynasty (1368–1644),,,Carved red lacquer,L. (of handle) 11 1/4 in.(28.5 cm),China,,,,,,,,,,,Asian Art,Lacquer,,False,True,https://www.metmuseum.org/art/collection/search/40221,https://images.metmuseum.org/CRDImages/as/original/DP704276.jpg,1,,,
41361,Snuff Bottle,Snuff bottle,1736–1795,"Qing dynasty (1644–1911), Qianlong period (1736–95)",,,Jadeite,L. 3 1/8 in. (7.9 cm),China,,,,Fish,,,,,,,Asian Art,Snuff Bottles,,False,True,https://www.metmuseum.org/art/collection/search/41361,https://images.metmuseum.org/CRDImages/as/original/21_175_151ab_O1.jpg,0,,,
78673,"How to Draw Birds, Insects and Fish Simply (Chōjū ryakugashiki) 鳥獣略画式",Illustrated book,"1797, eighth month (Kansei 9)",Edo period (1615–1868),,,Woodblock printed book; ink and color on paper,10 7/16 × 7 3/16 in. (26.5 × 18.2 cm),Japan,,,,Birds|Elephants|Fish|Insects,Kuwagata Keisai 鍬形蕙斎,Artist,Japanese,1764,1824,,Asian Art,Illustrated Books,"Japanese, 1764–1824",False,True,https://www.metmuseum.org/art/collection/search/78673,https://images.metmuseum.org/CRDImages/as/original/2013_771_04_crd.jpg,28,,https://www.wikidata.org/wiki/Q3197564,(not assigned)
74194,Ojime,Ojime,19th century,Edo period (1615–1868),,,Bamboo and sparrows; bronze with gold inlay,H. 9/16 in. (1.5 cm); W. 1/2 in. (1.2 cm),Japan,,,,Birds|Leaves,,,,,,,Asian Art,Ojime,,False,True,https://www.metmuseum.org/art/collection/search/74194,https://images.metmuseum.org/CRDImages/as/original/81_1_424_44_O1.jpg,2,,,
54883,"A Woman Tying up a Curtain, a Flower Arrangement of Chrysanthemums in a Boat-shaped Hanging Vase, and Narcissus Arranged in a Flower Vase",Print,ca. 1805,Edo period (1615–1868),,,One sheet of a triptych(?) of woodblock prints; ink and color on paper,H. 15 in. (38.1 cm); W. 10 1/4 in. (26 cm),Japan,,,,Women|Flowers,Utagawa Toyohiro,Artist,Japanese,1763,1828,,Asian Art,Prints,"Japanese, 1763–1828",False,True,https://www.metmuseum.org/art/collection/search/54883,https://images.metmuseum.org/CRDImages/as/original/DP136925.jpg,0,,https://www.wikidata.org/wiki/Q2625013,http://vocab.getty.edu/page/ulan/500334461
41129,Snuff bottle with stopper,Snuff bottle with stopper,18th–19th century,Qing dynasty (1644–1911),,,Agate,H. 2 7/8 in. (7.3 cm),China,,,,Animals,,,,,,,Asian Art,Snuff Bottles,,False,True,https://www.metmuseum.org/art/collection/search/41129,https://images.metmuseum.org/CRDImages/as/original/02_18_953.JPG,0,,,
52389,Bowl,Bowl,12th–13th century,Song (960–1279) or Jin (1115–1234) dynasty,,,Stoneware with blue-gray glaze (Jun ware),H. 2 1/8 in. (5.4 cm); Diam. 4 3/8 in. (11.1 cm); Diam. of rim 4 3/8 in. (11.1 cm); Diam. of foot 2 1/8 in. (5.4 cm),China,,,,,,,,,,,Asian Art,Ceramics,,False,True,https://www.metmuseum.org/art/collection/search/52389,https://images.metmuseum.org/CRDImages/as/original/39066.jpg,0,,,
59565,Garment Plaque in the Shape of Deer,Garment plaque,6th–4th century BCE,,,,Bronze,H. 2 1/4 in. (5.7 cm); W. 3 3/16 in. (8.1 cm),Kazakhstan,,,,Deer,,,,,,,Asian Art,Metalwork,,False,True,https://www.metmuseum.org/art/collection/search/59565,https://images.metmuseum.org/CRDImages/as/original/2002_201_176_O.jpg,0,,,
57379,Tweezers,Tweezers,918–1392,Goryeo dynasty (918–1392),,,Bronze,L. 4 1/4 in. (10.8 cm),Korea,,,,,,,,,,,Asian Art,Metalwork,,False,True,https://www.metmuseum.org/art/collection/search/57379,https://images.metmuseum.org/CRDImages/as/original/22_141_17.JPG,0,,,
55144,Two Famous Wrestlers Onogawa and Tanikase,Print,ca. 1795,Edo period (1615–1868),,,Woodblock print; ink and color on paper,H. 12 1/2 in. (31.8 cm); W. 5 3/4 in. (14.6 cm),Japan,,,,Men|Athletes|Wrestling,Katsukawa Shun'ei 勝川春英,Artist,Japanese,1762,1819,,Asian Art,Prints,"Japanese, 1762–1819",False,True,https://www.metmuseum.org/art/collection/search/55144,https://images.metmuseum.org/CRDImages/as/original/DP134591.jpg,0,,https://www.wikidata.org/wiki/Q3194229,http://vocab.getty.edu/page/ulan/500057323
57692,Box,Box,late 19th century,Meiji period (1868–1912),,,Lacquer,H. 1 3/16 in. (3 cm); W. 2 1/4 in. (5.7 cm); D. 3 1/4 in. (8.3 cm),Japan,,,,Chickens|Houses,,,,,,,Asian Art,Lacquer,,False,True,https://www.metmuseum.org/art/collection/search/57692,"https://images.metmuseum.org/CRDImages/as/original/81_1_259,282.JPG",0,,,
58576,Inrō with Cockatoo and Magnolia,Inrō,19th century,Edo period (1615–1868),,,"Red lacquer ground with gold maki-e, carved red lacquer, and mother-of-pearl inlay
Netsuke: poppy; ivory
Ojime: roundels; red and green lacquer in wood",3 5/8 x 1 13/16 x 1 3/16 in. (9.2 x 4.6 x 3 cm),Japan,,,,Birds|Flowers,Yamada Jōkasai,Artist,Japanese,1811,1879,,Asian Art,Inrō,"Japanese, 1811–1879",False,True,https://www.metmuseum.org/art/collection/search/58576,https://images.metmuseum.org/CRDImages/as/original/DP138473.jpg,1,,https://www.wikidata.org/wiki/Q45349512,(not assigned)
39348,Halberd Head with Nagas and Blades on a Tortoise,Halberd head,ca. second half of the 13th century,"Eastern Javanese period, Singasari kingdom",,,Copper alloy,L. 18 3/4 in. (47.7 cm),Indonesia (Java),,,,,,,,,,,Asian Art,Metalwork,,False,True,https://www.metmuseum.org/art/collection/search/39348,https://images.metmuseum.org/CRDImages/as/original/1986_504_2_O.JPG,0,https://www.wikidata.org/wiki/Q116318341,,
71307,Piece,Piece,17th century,,,,Silk / Compound weave,1 1/8 × 1 1/2 in. (2.9 × 3.8 cm),Japan,,,,,,,,,,,Asian Art,Textiles-Woven,,False,True,https://www.metmuseum.org/art/collection/search/71307,https://images.metmuseum.org/CRDImages/as/original/DP15795.jpg,0,,,
47418,Wine Kettle,Wine kettle,1780,Edo period (1615–1868),,,Clay covered with a crackled transparent glaze and decorated with colored enamels and gold (Awata ware),H. 6 1/4 in. (15.9 cm),Japan,,,,,,,,,,,Asian Art,Ceramics,,False,True,https://www.metmuseum.org/art/collection/search/47418,https://images.metmuseum.org/CRDImages/as/original/30149.jpg,0,,,
50641,Eccentric Anthropomorph,Anthropomorph,1500–500 BCE,,,,Copper,5 1/2 x 4 1/8 in. (14.0 x 10.5 cm),Nepal (?),,,,,,,,,,,Asian Art,Metalwork,,False,True,https://www.metmuseum.org/art/collection/search/50641,https://images.metmuseum.org/CRDImages/as/original/2001_433_11_O1.jpg,0,,,
670930,Woman with Battledore and Shuttlecock,Hanging scroll,1815–20,Momoyama period (1573–1615),,,"Hanging scroll; ink, color and gold on paper","Image: 45 3/16 × 20 11/16 in. (114.8 × 52.5 cm)
Overall with mounting: 71 1/4 × 24 1/8 in. (181 × 61.2 cm)
Overall with knobs: 71 1/4 × 26 3/8 in. (181 × 67 cm)",Japan,,,,Women,Torii Kiyotomo,Artist,Japanese,1815,1820,,Asian Art,Paintings,"Japanese, active early 19th century",False,True,https://www.metmuseum.org/art/collection/search/670930,https://images.metmuseum.org/CRDImages/as/original/DP-15656-002.jpg,2,https://www.wikidata.org/wiki/Q78620454,https://www.wikidata.org/wiki/Q11674937,(not assigned)
61763,Scholar's rock,Scholar's rock,1644–1911,Qing dynasty (1644–1911),,,Lingbi limestone with wood base,H. ( inc. base) 7 1/4 in. (18.4 cm); W. 10 3/4 in. (27.3 cm); D. 6 3/8 in. (16.2 cm),China,,,,,,,,,,,Asian Art,Sculpture,,False,True,https://www.metmuseum.org/art/collection/search/61763,https://images.metmuseum.org/CRDImages/as/original/LC-1984_495_3ab-001.jpg,1,,,
44256,Bottle in the shape of a gourd,Bottle,19th century,Qing dynasty (1644–1911),,,Jade (nephrite),H. 7 1/4 in. (18.4 cm); W. 5 1/16 in. (12.9 cm); D. 3 3/8 in. (8.6 cm),China,,,,Fruit|Leaves,,,,,,,Asian Art,Jade,,False,True,https://www.metmuseum.org/art/collection/search/44256,https://images.metmuseum.org/CRDImages/as/original/02_18_588_O2.jpg,1,https://www.wikidata.org/wiki/Q116314481,,
75094,Leaf from a Kalpa Sutra (Jain Book of Rituals),Folio,15th century,,,,"Ink, opaque watercolor, and gold on paper",(Average size .1–.71): 4 1/2 x 11 3/8 in. (11.4 x 28.9 cm),India (Gujarat),,,,,Bhadrabahu,Artist,Indian,-0356,-0356,,Asian Art,Paintings,"Indian, died ca. 356 BCE",False,True,https://www.metmuseum.org/art/collection/search/75094,https://images.metmuseum.org/CRDImages/as/original/DP154670.jpg,2,https://www.wikidata.org/wiki/Q78680796,https://www.wikidata.org/wiki/Q3524867,(not assigned)
36642,Mimasu Tokujuro as a Woman Standing Near a Winding Stream,Print,ca. 1780,Edo period (1615–1868),,,Woodblock print; ink and color on paper,11 3/5 x 5 3/8 in. (29.5 x 13.7 cm),Japan,,,,Women|Actors,Katsukawa Shunkō,Artist,Japanese,1743,1812,,Asian Art,Prints,"Japanese, 1743–1812",False,True,https://www.metmuseum.org/art/collection/search/36642,https://images.metmuseum.org/CRDImages/as/original/DP132715.jpg,0,,https://www.wikidata.org/wiki/Q3075055,http://vocab.getty.edu/page/ulan/500121075
56396,"Honganji at Asakusa in Edo (Tōto Asakusa Honganji), from the series Thirty-six Views of Mount Fuji (Fugaku sanjūrokkei)",Woodblock print,ca. 1830–32,Edo period (1615–1868),,,Woodblock print; ink and color on paper,10 x 15 in. (25.4 x 38.1 cm),Japan,,,,Temples|Mountains,Katsushika Hokusai,Artist,Japanese,1760,1849,,Asian Art,Prints,"Japanese, Tokyo (Edo) 1760–1849 Tokyo (Edo)",False,True,https://www.metmuseum.org/art/collection/search/56396,https://images.metmuseum.org/CRDImages/as/original/DP141095.jpg,0,,https://www.wikidata.org/wiki/Q5586,http://vocab.getty.edu/page/ulan/500060426
44335,Goblet (one of a pair),Goblet,-206–220,Western Han dynasty (206 BCE–9 CE),,,Earthenware with pigment,H. 4 9/16 in. (11.6 cm); Diam. 3 9/16 in. (9 cm),China,,,,,,,,,,,Asian Art,Ceramics,,False,True,https://www.metmuseum.org/art/collection/search/44335,https://images.metmuseum.org/CRDImages/as/original/268196.jpg,1,https://www.wikidata.org/wiki/Q116395920,,
66285,Piece,Piece,18th–19th century,Edo period (1615–1868),,,Silk,5 1/4 x 2 1/4 in. (13.34 x 5.71 cm),Japan,,,,Leaves,,,,,,,Asian Art,Textiles-Woven,,False,True,https://www.metmuseum.org/art/collection/search/66285,https://images.metmuseum.org/CRDImages/as/original/DP11988.jpg,0,,,
40722,Altar Stand,Altar stand,1736–1795,"Qing dynasty (1644–1911), Qianlong period (1736–95)",,,Cloisonné enamel,H. 6 1/4 in. (15.9 cm); W. 4 1/2 in. (11.4 cm); D. 18 5/8 in. (47.3 cm),China,,,,,,,,,,,Asian Art,Cloisonné,,False,True,https://www.metmuseum.org/art/collection/search/40722,https://images.metmuseum.org/CRDImages/as/original/LC-29_110_65_1.jpg,2,,,
126893,Wedding shawl,Wedding Shawl,19th century,,,,silk,86 1/2 × 49 1/2 in. (219.7 × 125.7 cm),India,,,,,,,,,,,Asian Art,Outerwear,,False,True,https://www.metmuseum.org/art/collection/search/126893,https://images.metmuseum.org/CRDImages/as/original/CI54.37.jpg,1,,,
49862,Vase with Figures in Landscape,Vase,mid-17th century,"Ming dynasty (1368–1644), Chongzhen period (1628–44)",,,Porcelain with incised decoration painted in cobalt blue under transparent glaze (Jingdezhen ware),H. 18 1/4 in. (46.4 cm),China,,,,Men|Women|Trees,,,,,,,Asian Art,Ceramics,,False,True,https://www.metmuseum.org/art/collection/search/49862,https://images.metmuseum.org/CRDImages/as/original/DP-14608-026.jpg,4,https://www.wikidata.org/wiki/Q116396317,,
54524,The Fifth Month,Print,ca. 1767,Edo period (1615–1868),,,Woodblock print; ink and color on paper,H. 10 in. (25.4 cm); W. 7 3/8 in. (18.7 cm),Japan,,,,Swords|Men,Ishikawa Toyomasa,Artist,Japanese,1770,1790,,Asian Art,Prints,"Japanese, active 1770–1790",False,True,https://www.metmuseum.org/art/collection/search/54524,https://images.metmuseum.org/CRDImages/as/original/DP136942.jpg,0,,https://www.wikidata.org/wiki/Q11586372,(not assigned)
671044,"Bandō Mitsugorō II as Shinbei in the Kabuki 
Play ""Sukeroku""",Hanging scroll,late 18th–early 19th century,Edo period (1615–1868),,,Hanging scroll; ink and color on paper,"Image: 23 9/16 × 10 3/8 in. (59.8 × 26.4 cm)
Overall with mounting: 55 11/16 × 14 13/16 in. (141.5 × 37.7 cm)
Overall with knobs: 55 11/16 × 17 1/8 in. (141.5 × 43.5 cm)",Japan,,,,Men|Actors,Utagawa Toyokuni I,Artist,Japanese,1769,1825,,Asian Art,Paintings,"Japanese, 1769–1825",False,True,https://www.metmuseum.org/art/collection/search/671044,https://images.metmuseum.org/CRDImages/as/original/DP-12232-147.jpg,3,https://www.wikidata.org/wiki/Q78616771,https://www.wikidata.org/wiki/Q950316,http://vocab.getty.edu/page/ulan/500081100
55914,Parody of the Third Princess and Kashiwagi: “Chapter 50: A Hut in the Eastern Provinces”,Print,"1858, second month",Edo period (1615–1868),,,Diptych of woodblock prints; ink and color on paper,Each 14 1/4 x 9 3/4 in. (36.2 x 24.8 cm),Japan,,,,Men|Women|Cats,Utagawa Kunisada,Artist,Japanese,1786,1864,,Asian Art,Prints,"Japanese, 1786–1864",False,True,https://www.metmuseum.org/art/collection/search/55914,https://images.metmuseum.org/CRDImages/as/original/LC-JP3683ab_001.jpg,0,,https://www.wikidata.org/wiki/Q467427,http://vocab.getty.edu/page/ulan/500121373
72146,Piece,Piece,18th century,Qing dynasty (1644–1911),,,,1 1/4 × 2 5/8 in. (3.2 × 6.7 cm),China,,,,Flowers,,,,,,,Asian Art,Textiles-Woven,,False,True,https://www.metmuseum.org/art/collection/search/72146,https://images.metmuseum.org/CRDImages/as/original/DP14785.jpg,1,,,
54572,A Young Woman Seated upon the Engawa of a House,Print,ca. 1765,Edo period (1615–1868),,,Woodblock print; ink and color on paper,H. 11 1/4 in. (28.6 cm); W. 8 3/8 in. (21.3 cm),Japan,,,,Women,Suzuki Harunobu,Artist,Japanese,1725,1770,,Asian Art,Prints,"Japanese, 1725–1770",False,True,https://www.metmuseum.org/art/collection/search/54572,https://images.metmuseum.org/CRDImages/as/original/DP114928.jpg,0,https://www.wikidata.org/wiki/Q64868393,https://www.wikidata.org/wiki/Q360978,http://vocab.getty.edu/page/ulan/500057319
48115,Teabowl (Chawan),Teabowl,18th century,Edo period (1615–1868),,,Stoneware with iron-oxide glaze (Seto ware),"H. 2 7/8 in. (7.3 cm); Diam. 4 3/4 in. (12.1 cm)
Diam. of foot: 1 7/8 in. (4.8 cm)",Japan,,,,,,,,,,,Asian Art,Ceramics,,False,True,https://www.metmuseum.org/art/collection/search/48115,https://images.metmuseum.org/CRDImages/as/original/DP276983.jpg,5,,,
37834,Vajrabhairava with His Consort Vajravetali,Thangka,18th century,,,,Distemper on cloth,"Image: 33 15/16 x 20 1/4 in. (86.2 x 51.4 cm)
Framed: 51 1/2 × 29 1/2 × 1 1/8 in. (130.8 × 74.9 × 2.9 cm)",Tibet,,,,Dogs|Buddha|Gods,,,,,,,Asian Art,Paintings,,False,True,https://www.metmuseum.org/art/collection/search/37834,https://images.metmuseum.org/CRDImages/as/original/LC-31_128_3_at--002.jpg,0,https://www.wikidata.org/wiki/Q78916076,,
54107,"Crown on a Table, Lacquer Tray with Young Pine and Fan",Print,19th century,,,,Part of an album of woodblock prints (surimono); ink and color on paper,5 1/2 x 7 3/8 in. (14 x 18.7 cm),Japan,,,,Fans|Trees|Tables|Trays,Ryūryūkyo Shinsai,Artist,Japanese,1799,1823,,Asian Art,Prints,"Japanese, active ca. 1799–1823",False,True,https://www.metmuseum.org/art/collection/search/54107,https://images.metmuseum.org/CRDImages/as/original/DP138979.jpg,0,,https://www.wikidata.org/wiki/Q11534045,http://vocab.getty.edu/page/ulan/500334455
59859,Incense Box,Incense box,19th century,Edo (1615–1868) or Meiji period (1868–1912),,,Bronze,H. 3 5/8 in. (9.2 cm); W. 3 in. (7.6 cm),Japan,,,,Dragons,,,,,,,Asian Art,Metalwork,,False,True,https://www.metmuseum.org/art/collection/search/59859,https://images.metmuseum.org/CRDImages/as/original/LC-91_1_514-001.jpg,3,,,
62129,Section of Nephrite Mounted in a Microscope Slide,Jade carving material,20th century,,,,Jade (nephrite),W. 1 in. (2.5 cm); L. 3 in. (7.6 cm),China,,,,,,,,,,,Asian Art,Jade,,False,True,https://www.metmuseum.org/art/collection/search/62129,https://images.metmuseum.org/CRDImages/as/original/1981_296_77-79_O1.jpg,1,,,
37097,Matsukaze Murasame,Print,ca. 1675–80,Edo period (1615–1868),,,Woodblock print; ink and color on paper (sumi-e (ink print),11 1/4 x 20 2/3 in. (28.6 x 52.5 cm),Japan,,,,Men|Women|Working,Hishikawa Moronobu 菱川師宣,Artist,Japanese,1618,1694,,Asian Art,Prints,"Japanese, 1618–1694",False,True,https://www.metmuseum.org/art/collection/search/37097,https://images.metmuseum.org/CRDImages/as/original/DP144544.jpg,0,,https://www.wikidata.org/wiki/Q11620184,http://vocab.getty.edu/page/ulan/500118854
48028,Cup with horses,Cup,early 17th century,Ming dynasty (1368–1644),,,Porcelain painted in underglaze cobalt blue (Jingdezhen ware),H. 2 1/8 in. (5.4 cm); Diam. 2 5/8 in. (6.7 cm),China,,,,Horses,,,,,,,Asian Art,Ceramics,,False,True,https://www.metmuseum.org/art/collection/search/48028,https://images.metmuseum.org/CRDImages/as/original/DP-18147-001.jpg,4,,,
47365,Incense Stick Burner,Incense stick burner,18th century,Edo period (1615–1868),,,Pottery glazed in colors (Kyoto ware),H. 3 1/8 in. (7.9 cm); W. 1 3/4 in. (4.4 cm); D. 1 3/4 in. (4.4 cm),Japan,,,,,,,,,,,Asian Art,Ceramics,,False,True,https://www.metmuseum.org/art/collection/search/47365,https://images.metmuseum.org/CRDImages/as/original/DP-35142-001.jpg,4,,,
37734,Intaglio Ring with Two Figures,Intaglio Ring,ca. 1st century BCE,,,,Bronze,W. 1 1/8 in. (2.9 cm),Pakistan (ancient region of Gandhara),,,,Gandhara|Men|Women,,,,,,,Asian Art,Jewelry,,False,True,https://www.metmuseum.org/art/collection/search/37734,https://images.metmuseum.org/CRDImages/as/original/DP123346.jpg,0,https://www.wikidata.org/wiki/Q116314891,,
47665,Hanging Vase,Hanging vase,mid-19th century,late Edo (1615–1868)–early Meiji (1868–1912) period,,,Earthenware with lead and copper glazes,H. 6 in. (15.2 cm); Diam. 3 7/8 in. (9.8 cm); Diam. of foot 2 1/2 in. (6.4 cm),Japan,,,,,,,,,,,Asian Art,Ceramics,,False,True,https://www.metmuseum.org/art/collection/search/47665,https://images.metmuseum.org/CRDImages/as/original/DP-15452-225.jpg,1,,,
45847,Jar with animals and flowers,Jar,late 17th–early 18th century,"Qing dynasty (1644–1911), Kangxi period (1662–1722)",,,"Porcelain painted in overglaze polychrome enamels (Jingdezhen ware), wooden cover and stand",H. 18 1/8 in. (46 cm),China,,,,,,,,,,,Asian Art,Ceramics,,False,True,https://www.metmuseum.org/art/collection/search/45847,https://images.metmuseum.org/CRDImages/as/original/118148.jpg,0,,,
43606,Hatchet,Hatchet,1902,,,,Nephrite,H. 3 7/16 in. (8.8 cm); W. 1 7/16 in. (3.7 cm); D. 9/16 in. (1.5 cm),Switzerland,,,,,,,,,,,Asian Art,Jade,,False,True,https://www.metmuseum.org/art/collection/search/43606,https://images.metmuseum.org/CRDImages/as/original/02_18_198_32919.jpg,1,,,
49760,Ear Clip with Makara Motif,Ear clip,Last quarter of the 10th–last quarter of the 15th century,Eastern Javanese period,,,Gold,7/8 in. (2.1 cm),Indonesia (Java),,,,,,,,,,,Asian Art,Jewelry,,False,True,https://www.metmuseum.org/art/collection/search/49760,https://images.metmuseum.org/CRDImages/as/original/1998_544_102.jpg,0,,,
61284,Pole End,Pole end,-206–220,Han dynasty (206 BCE–220 CE),,,Bronze,L. 1 15/16 in. (4.9 cm); W. 1 3/8 in. (3.5 cm); Diam. 15/32 in. (4.9 cm),China,,,,,,,,,,,Asian Art,Metalwork,,False,True,https://www.metmuseum.org/art/collection/search/61284,https://images.metmuseum.org/CRDImages/as/original/DP167740.jpg,1,,,
55485,O Shichi and Kichisaburo,Print,ca. 1780,Edo period (1615–1868),,,Woodblock print; ink and color on paper,H. 24 3/4 in. (62.9 cm); W. 5 5/16 in. (13.5 cm),Japan,,,,Men|Women,Kitagawa Utamaro,Artist,Japanese,1754,1806,,Asian Art,Prints,"Japanese, ca. 1754–1806",False,True,https://www.metmuseum.org/art/collection/search/55485,https://images.metmuseum.org/CRDImages/as/original/DP144608.jpg,0,https://www.wikidata.org/wiki/Q59770351,https://www.wikidata.org/wiki/Q272045,http://vocab.getty.edu/page/ulan/500054492
912998,"Mandala in Sanskrit with Buddhas, Bodhisattvas, and Eight Patriarchs of the Shingon Sect",Hanging scroll,13th–14th century,Kamakura Period (1185–1333),,,"Hanging scroll; ink, colors, and gold on silk",Image: 39 3/4 × 13 3/4 in. (101 × 34.9 cm),Japan,,,,,,,,,,,Asian Art,Paintings,,False,True,https://www.metmuseum.org/art/collection/search/912998,https://images.metmuseum.org/CRDImages/as/original/DP-38239-002.jpg,1,,,
44301,Lobed dish with flowers and birds (one from a set),Dish,late 13th–14th century,Southern Song (1127–1279)–Yuan (1271–1368) dynasty,,,Silver with chased and punched decoration and gilding,H. 3/4 in. (11.9 cm); Diam. 7 3/8 in. (18.7 cm),China,,,,,,,,,,,Asian Art,Metalwork,,False,True,https://www.metmuseum.org/art/collection/search/44301,https://images.metmuseum.org/CRDImages/as/original/DP-17378-001.jpg,3,https://www.wikidata.org/wiki/Q83562409,,
41034,Seal,Seal,1300–1644,Ming dynasty (1368–1644) or earlier,,,Bronze,H. 11/16 in. (1.7 cm); W. 11/16 in. (1.7 cm); D. 3/8 in. (1 cm),China,,,,,,,,,,,Asian Art,Metalwork,,False,True,https://www.metmuseum.org/art/collection/search/41034,https://images.metmuseum.org/CRDImages/as/original/24_13_37_O1.jpg,4,,,
66951,Piece,Piece,18th–19th century,,,,Silk,1 5/8 in. × 5 in. (4.1 × 12.7 cm),Japan,,,,,,,,,,,Asian Art,Textiles-Woven,,False,True,https://www.metmuseum.org/art/collection/search/66951,https://images.metmuseum.org/CRDImages/as/original/DP12586.jpg,0,,,
64055,Preface and Essay on Exemplars of Scrupulous Behavior,Rubbing,20th century,,,,Ink on paper,Image: 61 1/2 × 31 1/2 in. (156.2 × 80 cm),China,,,,,,,,,,,Asian Art,Rubbing,,False,True,https://www.metmuseum.org/art/collection/search/64055,https://images.metmuseum.org/CRDImages/as/original/1977_375_40_label_strip_sf.jpg,0,,,
59298,Netsuke of Figure with an Ivory Head,Netsuke,18th century,Edo period (1615–1868),,,"Wood, ivory",H. 2 1/4 in. (5.7 cm0; W. 7/8 in. (2.2 cm); D. 3/4 in. (1.9 cm),Japan,,,,Fans|Men,,,,,,,Asian Art,Netsuke,,False,True,https://www.metmuseum.org/art/collection/search/59298,https://images.metmuseum.org/CRDImages/as/original/10_211_2131_F_sf.jpg,3,,,
59334,Netsuke,Netsuke,19th century,Edo (1615–1868) or Meiji period (1868–1912),,,Wood,H. 1 3/8 in. (3.5 cm); W. 1 1/2 in. (3.8 cm),Japan,,,,Human Figures,,,,,,,Asian Art,Netsuke,,False,True,https://www.metmuseum.org/art/collection/search/59334,https://images.metmuseum.org/CRDImages/as/original/10_211_2214_sf.jpg,1,,,
69850,Sutra Cover,Sutra Cover,17th century,,,,"Silk, metallic thread",4 3/4 x 13 1/4 in. (12.07 x 33.66 cm),China,,,,,,,,,,,Asian Art,Textiles-Woven,,False,True,https://www.metmuseum.org/art/collection/search/69850,https://images.metmuseum.org/CRDImages/as/original/176021.jpg,0,,,
56387,"Under the Mannen Bridge at Fukagawa (Fukagawa Mannenbashi shita), from the series Thirty-six Views of Mount Fuji (Fugaku sanjūrokkei)",Woodblock print,ca. 1830–32,Edo period (1615–1868),,,Woodblock print; ink and color on paper,10 x 14 3/8 in. (25.4 x 36.5 cm),Japan,,,,Bridges|Fishing|Rivers|Boats,Katsushika Hokusai,Artist,Japanese,1760,1849,,Asian Art,Prints,"Japanese, Tokyo (Edo) 1760–1849 Tokyo (Edo)",False,True,https://www.metmuseum.org/art/collection/search/56387,https://images.metmuseum.org/CRDImages/as/original/DP141078.jpg,0,,https://www.wikidata.org/wiki/Q5586,http://vocab.getty.edu/page/ulan/500060426
62274,Harpoon head,Harpoon head,-1000–-300,Final Jōmon period (ca. 1000–300 BCE),,,Bone,W. 1/2 in. (1.3 cm); L. 1 3/4 in. (4.4 cm),Japan,,,,,,,,,,,Asian Art,Bone,,False,True,https://www.metmuseum.org/art/collection/search/62274,https://images.metmuseum.org/CRDImages/as/original/1975_268_293_F.jpg,1,,,
72373,Sake bottle,Sake bottle (one of a pair),1573–1615,Momoyama period (1573–1615),,,Nashiji lacquer with designs in gold and silver,H. 8 5/8 in. (21.9 cm),Japan,,,,,,,,,,,Asian Art,Lacquer,,False,True,https://www.metmuseum.org/art/collection/search/72373,https://images.metmuseum.org/CRDImages/as/original/DP-26525-001.jpg,4,,,
72520,Plaque in the Shape of a Fish,Plaque,12th–11th century BCE,Shang (ca. 1600–1046 BCE)–Western Zhou (1046–771 BCE) dynasty,,,Jade (nephrite),H. 1 in. (2.5 cm); W. 2 3/8 in. (6 cm),China,,,,Fish,,,,,,,Asian Art,Jade,,False,True,https://www.metmuseum.org/art/collection/search/72520,https://images.metmuseum.org/CRDImages/as/original/2004_132_DP115289.jpg,0,,,
38094,Dish with a Mythological Couple (Perhaps Apollo and Daphne),Dish,ca. 2nd century BCE,,,,Schist,Diam. 3 15/16 in. (10 cm),Pakistan (ancient region of Gandhara),,,,Gandhara|Couples|Apollo,,,,,,,Asian Art,Sculpture,,False,True,https://www.metmuseum.org/art/collection/search/38094,https://images.metmuseum.org/CRDImages/as/original/DP123397.jpg,1,,,
69070,Imperial Court Robe,"Robe, Imperial Court",1662–1722,"Qing dynasty (1644–1911), Kangxi period (1662–1722)",,,"Silk, metallic thread",57 x 36 in. (144.78 x 91.44 cm),China,,,,Dragons,,,,,,,Asian Art,Costumes-Woven,,False,True,https://www.metmuseum.org/art/collection/search/69070,https://images.metmuseum.org/CRDImages/as/original/100841.jpg,0,,,
50403,Solid Cast Ring with Sri Inscription,Ring,Second half of the 9th–first quarter of the 10th century,late Central Javanese period,,,Gold,H. 1/8 in. (0.3 cm); Diam. 15/16 in. (2.4 cm),Indonesia (Java),,,,,,,,,,,Asian Art,Jewelry,,False,True,https://www.metmuseum.org/art/collection/search/50403,https://images.metmuseum.org/CRDImages/as/original/1998_544_430.jpg,0,,,
748016,Square dish with figures in a garden,Dish,16th century,Ming dynasty (1368–1644),,,Carved red lacquer,W. 7 13/16 in. (19.9 cm); L. 7 13/16 in. (19.9 cm),China,,,,,,,,,,,Asian Art,Lacquer,,False,True,https://www.metmuseum.org/art/collection/search/748016,https://images.metmuseum.org/CRDImages/as/original/DP-18403-052.jpg,1,,,
54836,Scroll Painting of Horse,Woodblock print,19th century,Edo period (1615–1868),,,Woodblock print (surimono); ink and color on paper,5 11/16 x 7 3/8 in. (14.4 x 18.7 cm),Japan,,,,Scrolls|Horses,Ryūryūkyo Shinsai,Artist,Japanese,1799,1823,,Asian Art,Prints,"Japanese, active ca. 1799–1823",False,True,https://www.metmuseum.org/art/collection/search/54836,https://images.metmuseum.org/CRDImages/as/original/DP135909.jpg,0,,https://www.wikidata.org/wiki/Q11534045,http://vocab.getty.edu/page/ulan/500334455
70030,Stencil,Stencil,1615–1868,Edo period (1615–1868),,,Paper,15 1/2 x 13 1/2 in. (39.37 x 34.29 cm),Japan,,,,Grapes,,,,,,,Asian Art,Stencils,,False,True,https://www.metmuseum.org/art/collection/search/70030,https://images.metmuseum.org/CRDImages/as/original/DP13873.jpg,0,,,
50606,Harpoon,Harpoon,1500–500 BCE,,,,Copper,12 3/8 x 2 5/8 in. (31.4 x 6.7 cm),India,,,,,,,,,,,Asian Art,Metalwork,,False,True,https://www.metmuseum.org/art/collection/search/50606,https://images.metmuseum.org/CRDImages/as/original/2001_433_65.jpg,0,,,
39740,Textile with Coiled Dragons,Textile,1115–1234,Jin dynasty (1115–1234),,,Warp-faced plain weave silk brocaded with metal thread,Overall: 29 1/8 x 13 in. (74 x 33 cm),China,,,,Dragons,,,,,,,Asian Art,Textiles-Woven,,False,True,https://www.metmuseum.org/art/collection/search/39740,https://images.metmuseum.org/CRDImages/as/original/DT5068.jpg,1,https://www.wikidata.org/wiki/Q83562230,,
904733,Snowscape,Hanging scroll,0,,,,Hanging scroll; ink and color on paper,"Image: 37 11/16 × 17 1/4 in. (95.7 × 43.8 cm)
Overall with mounting: 82 3/8 × 24 1/8 in. (209.2 × 61.3 cm)
Overall with knobs: 82 3/8 × 27 1/4 in. (209.2 × 69.2 cm)",China,,,,,Liang Yuwei,Artist,Chinese,1844,1917,,Asian Art,Paintings,"Chinese, 1844–1917",False,True,https://www.metmuseum.org/art/collection/search/904733,https://images.metmuseum.org/CRDImages/as/original/DP-35733-002.jpg,1,,,
58727,Case (Inrō) with Design of Dragon among Clouds and Waves with Birds in Flight,Inrō,19th century,Edo period (1615–1868),,,"Ivory, carved relief, incised, stained, aogai inlay; Interior: nashiji",3 7/16 x 2 5/16 x 7/8 in. (8.7 x 5.8 x 2.3 cm),Japan,,,,Birds|Dragons,,,,,,,Asian Art,Inrō,,False,True,https://www.metmuseum.org/art/collection/search/58727,https://images.metmuseum.org/CRDImages/as/original/LC-29_100_821-001.jpg,6,,,
55580,Roses,Print,ca. 1810,Edo period (1615–1868),,,Woodblock print; ink and color on paper,H. 7 13/16 in. (19.8 cm); W. 15 3/16 in. (38.6 cm),Japan,,,,Roses|Leaves,Kashosai Shunsen,Artist,Japanese,1830,1830,,Asian Art,Prints,"Japanese, died after 1830",False,True,https://www.metmuseum.org/art/collection/search/55580,https://images.metmuseum.org/CRDImages/as/original/DP123635.jpg,0,,https://www.wikidata.org/wiki/Q49073382,(not assigned)
51685,Waves in the moonlight,Fan mounted as an album leaf,13th century,Southern Song dynasty (1127–1279),,,Fan mounted as al album leaf; ink on silk,8 3/4 x 8 13/16 in. (22.2 x 22.4 cm),China,,,,Waves,Unidentified artist,Artist,,,,,Asian Art,Paintings,,False,True,https://www.metmuseum.org/art/collection/search/51685,https://images.metmuseum.org/CRDImages/as/original/DP153551.jpg,0,https://www.wikidata.org/wiki/Q78802192,,
44733,Funerary Urn (Hunping),Funerary urn,265–316,Western Jin dynasty (265–316),,,Stoneware with olive green glaze (Yue ware),H. 17 7/8 in. (45.4 cm); W. 11 15/16 in. (30.3 cm),China,,,,Human Figures|Animals|Birds|Elephants,,,,,,,Asian Art,Ceramics,,False,True,https://www.metmuseum.org/art/collection/search/44733,https://images.metmuseum.org/CRDImages/as/original/DT5080.jpg,0,https://www.wikidata.org/wiki/Q116314127,,
50813,Vase,Vase,18th century,Qing dynasty (1644–1911),,,Porcelain with coral red glaze (Jingdezhen ware),H. 8 1/16 in. (20.5 cm),China,,,,,,,,,,,Asian Art,Ceramics,,False,True,https://www.metmuseum.org/art/collection/search/50813,https://images.metmuseum.org/CRDImages/as/original/79_2_89_O1_sf.jpg,1,,,
66668,Piece,Piece,18th–19th century,,,,Silk,2 1/4 x 5 1/2 in. (5.71 x 13.97 cm),Japan,,,,,,,,,,,Asian Art,Textiles-Woven,,False,True,https://www.metmuseum.org/art/collection/search/66668,https://images.metmuseum.org/CRDImages/as/original/DP13398.jpg,0,,,
45334,Poem by Fujiwara no Okikaze with Underpainting of Clematis,Hanging scroll,early 17th century,Edo period (1615–1868),,,"Hanging scroll; ink, gold, and silver on colored paper","Image: 7 15/16 x 6 15/16 in. (20.2 x 17.6 cm)
Overall with mounting: 53 x 17 15/16 in. (134.6 x 45.6 cm)
Overall with knobs: 53 x 20 5/8 in. (134.6 x 52.4 cm)",Japan,,,,Poetry|Flowers,Shōkadō Shōjō 松花堂昭乗,Artist,Japanese,1584,1639,,Asian Art,Paintings,"Japanese, 1584?–1639",False,True,https://www.metmuseum.org/art/collection/search/45334,https://images.metmuseum.org/CRDImages/as/original/DP270184.jpg,1,https://www.wikidata.org/wiki/Q78848793,https://www.wikidata.org/wiki/Q3482785,http://vocab.getty.edu/page/ulan/500121323
62947,Female musician with a drum,Figure,6th century,Sui dynasty (581–618),,,Polychromed reddish earthenware,H. 9 in. (22.9 cm),China,,,,Women,,,,,,,Asian Art,Tomb Pottery,,False,True,https://www.metmuseum.org/art/collection/search/62947,https://images.metmuseum.org/CRDImages/as/original/98686.jpg,0,,,
667252,Wine ewer with stopper (Tokkuri),Wine ewer,late 17th–early 18th century,Edo period (1615–1868),,,Stoneware with polychrome enamels (Ko-Kiyomizu ware),H. 7 1/16 in. (18 cm); Diam. 3 9/16 in. (9 cm),Japan,,,,,,,,,,,Asian Art,Ceramics,,False,True,https://www.metmuseum.org/art/collection/search/667252,https://images.metmuseum.org/CRDImages/as/original/DP703020.jpg,1,,,
40021,Snow Clearing: Landscape after Li Cheng,Hanging scroll,dated 1669,Qing dynasty (1644–1911),,,Hanging scroll; ink and color on paper,"Image: 44 3/8 x 14 1/8 in. (112.7 x 35.9 cm)
Overall with mounting: 89 1/4 x 20 7/8 in. (226.7 x 53 cm)
Overall with knobs: 89 1/4 x 24 1/8 in. (226.7 x 61.3 cm)",China,,,,Mountains|Landscapes|Snow,Wang Hui,Artist,Chinese,1632,1717,,Asian Art,Paintings,"Chinese, 1632–1717",False,True,https://www.metmuseum.org/art/collection/search/40021,https://images.metmuseum.org/CRDImages/as/original/DP-36810-002.jpg,1,https://www.wikidata.org/wiki/Q78865890,https://www.wikidata.org/wiki/Q716222,http://vocab.getty.edu/page/ulan/500327902
56503,Cranes,Print,1615–1868,Edo period (1615–1868),,,Monochrome woodblock print; ink on paper,9 3/4 x 13 1/4 in. (24.8 x 33.7 cm),Japan,,,,Cranes|Bamboo|Leaves,Hishikawa Moronobu 菱川師宣,Artist,Japanese,1618,1694,,Asian Art,Prints,"Japanese, 1618–1694",False,True,https://www.metmuseum.org/art/collection/search/56503,https://images.metmuseum.org/CRDImages/as/original/DP124579.jpg,0,,https://www.wikidata.org/wiki/Q11620184,http://vocab.getty.edu/page/ulan/500118854
59439,Knife with a Standing Bear on the Handle,Knife,7th–6th century BCE,,,,Bronze,L. 10 1/2 in. (26.7 cm),Northeast China,,,,Bears,,,,,,,Asian Art,Metalwork,,False,True,https://www.metmuseum.org/art/collection/search/59439,https://images.metmuseum.org/CRDImages/as/original/2002_201_8_O1.jpg,0,,,
41050,Seal,Seal,1300–1644,Ming dynasty (1368–1644) or earlier,,,Bronze,H. 11/16 in. (1.7 cm); W. 11/16 in. (1.7 cm); D. 5/8 in. (1.6 cm),China,,,,,,,,,,,Asian Art,Metalwork,,False,True,https://www.metmuseum.org/art/collection/search/41050,https://images.metmuseum.org/CRDImages/as/original/24_13_54_O2.jpg,2,,,
60338,Medal of Honor,Medal of honor,late 19th century,Meiji period (1868–1912),,,Yellow ribbon,2 7/8 × 1 7/8 in. (7.3 × 4.8 cm),Japan,,,,Cannons,,,,,,,Asian Art,Medals,,False,True,https://www.metmuseum.org/art/collection/search/60338,https://images.metmuseum.org/CRDImages/as/original/06_446_F.JPG,1,,,
52681,Vase,Vase,12th–13th century,Southern Song dynasty (1127–1279),,,Stoneware with crackled blue glaze (Guan ware),H. 9 1/4 in. (23.5 cm); Diam. 5 1/2 in. (14 cm),China,,,,,,,,,,,Asian Art,Ceramics,,False,True,https://www.metmuseum.org/art/collection/search/52681,https://images.metmuseum.org/CRDImages/as/original/24_24_O2_sf.JPG,0,,,
39511,Covered urn with geometric decoration,Urn,8th century,"South and North Kingdoms period, Unified Silla (676–935)",,,Stoneware with stamped decoration,H. 8 1/2 in. (23.2 cm); W. 7 1/8 in. (18.1 cm); D. 7 1/8 in. (18.1 cm),Korea,,,,,,,,,,,Asian Art,Ceramics,,False,True,https://www.metmuseum.org/art/collection/search/39511,https://images.metmuseum.org/CRDImages/as/original/DP253253.jpg,5,,,
665918,Kurukulla,Thangka,19th century,,,,"Appliqued satin, brocade and damask, embroidered silk and painted details","Image: 56 × 47 in. (142.2 × 119.4 cm)
Framed: 63 × 54 in. (160 × 137.2 cm)",Tibet,,,,Goddess,,,,,,,Asian Art,Paintings,,True,True,https://www.metmuseum.org/art/collection/search/665918,https://images.metmuseum.org/CRDImages/as/original/DP-30188-001.jpg,2,https://www.wikidata.org/wiki/Q126120608,,
667258,Sake bottle with chrysanthemums,Sake bottle,18th century,Edo period (1615–1868),,,Stoneware (Mizoro ware),H. 8 3/4 in. (22.2 cm),Japan,,,,,,,,,,,Asian Art,Ceramics,,False,True,https://www.metmuseum.org/art/collection/search/667258,https://images.metmuseum.org/CRDImages/as/original/DP703061.jpg,1,,,
49001,Cherry Blossoms at Yoshino,Hanging scroll,19th century,Edo period (1615–1868),,,Hanging scroll; ink on paper,18 1/2 x 11 5/16 in. (47 x 28.7 cm),Japan,,,,Mountains|Landscapes,Rai San’yō 頼山陽,Artist,Japanese,1780,1832,,Asian Art,Paintings,"Japanese, 1780–1832",False,True,https://www.metmuseum.org/art/collection/search/49001,https://images.metmuseum.org/CRDImages/as/original/DP-36542-002.jpg,1,https://www.wikidata.org/wiki/Q78831599,,
38361,Manuscript Cover with Prajnaparamita Attended by Sadakshari Lokeshvara and a Tara,Manuscript cover,14th–15th century,,,,Wood with traces of gilding and color,8 5/8 x 27 7/16 in. (21.9 x 69.7 cm),Tibet,,,,Buddhism|Goddess,,,,,,,Asian Art,Woodwork,,True,True,https://www.metmuseum.org/art/collection/search/38361,https://images.metmuseum.org/CRDImages/as/original/DP-30663-001.jpg,0,,,
47617,Water Pot,Water pot,18th century,Edo period (1615–1868),,,Clay covered with a transparent glaze (Takatori ware),H. 7 3/8 in. (18.7 cm),Japan,,,,,,,,,,,Asian Art,Ceramics,,False,True,https://www.metmuseum.org/art/collection/search/47617,https://images.metmuseum.org/CRDImages/as/original/16059.jpg,0,,,
40460,Dish with Camellias,Dish,early 20th century,Meiji period (1868–1912),,,Porcelainwith underglaze blue (Nabeshima ware),H. 1 3/4 in. (4.4 cm); Diam. 8 1/8 in. (20.6 cm),Japan,,,,Flowers,,,,,,,Asian Art,Ceramics,,False,True,https://www.metmuseum.org/art/collection/search/40460,https://images.metmuseum.org/CRDImages/as/original/DP220289.jpg,1,,,
45593,Buddha and Attendants,Hanging scroll,17th–18th century,Edo period (1615–1868),,,Hanging scroll; ink and color on paper,37 15/16 x 18 3/16 in. (96.4 x 46.2 cm),Japan,,,,Buddhism|Buddha,,,,,,,Asian Art,Paintings,,False,True,https://www.metmuseum.org/art/collection/search/45593,https://images.metmuseum.org/CRDImages/as/original/DP211978.jpg,1,https://www.wikidata.org/wiki/Q78846934,,
45381,Beautiful Woman,Hanging scroll,early 18th century,Edo period (1615–1868),,,Hanging scroll; ink and color on paper,"Image: 32 3/16 x 13 3/16 in. (81.8 x 33.5 cm)
Overall with mounting: 64 3/8 x 20 1/8 in. (163.5 x 51.1 cm)",Japan,,,,Women,Kaigetsudō Dohan,Artist,Japanese,1710,1716,,Asian Art,Paintings,active 1710–16,False,True,https://www.metmuseum.org/art/collection/search/45381,https://images.metmuseum.org/CRDImages/as/original/DP-36795-002.jpg,1,https://www.wikidata.org/wiki/Q78848079,https://www.wikidata.org/wiki/Q3191946,http://vocab.getty.edu/page/ulan/500336986
685113,Censer with figures in landscape,Censer,1707,"Qing dynasty (1644–1911), Kangxi period (1662–1722)",,,Porcelain painted in underglaze cobalt blue (Jingdezhen ware),H. 6 3/8 in. (16.2 cm); Diam. 7 1/4 in. (18.4 cm),China,,,,Human Figures|Landscapes|Censers,,,,,,,Asian Art,Ceramics,,False,True,https://www.metmuseum.org/art/collection/search/685113,https://images.metmuseum.org/CRDImages/as/original/DP703015.jpg,4,,,
43206,Dish,Dish,1662–1722,"Qing dynasty (1644–1911), Kangxi period (1662–1722)",,,Nephrite,H. 7 in. (17.8 cm); W. 4 3/4 in. (12.1 cm),China,,,,Dragons,,,,,,,Asian Art,Jade,,False,True,https://www.metmuseum.org/art/collection/search/43206,https://images.metmuseum.org/CRDImages/as/original/49222.jpg,0,,,
37414,Seated Bodhisattva Vajrapani (?),Figurine,9th–10th century,Central Javanese period,,,Silver,H. 2 in. (5 cm),Indonesia (Java),,,,Buddhism|Bodhisattvas|Vajrapani,,,,,,,Asian Art,Sculpture,,False,True,https://www.metmuseum.org/art/collection/search/37414,https://images.metmuseum.org/CRDImages/as/original/DT7426.jpg,0,https://www.wikidata.org/wiki/Q116377805,,
77311,Shard,Shard,15th century,Joseon dynasty (1392–1910),,,Pottery,"Largest shard: H. 3 in. (7.6 cm); Diam. 5 3/8 in. (13.7 cm)
Smallest shard: H. 1 in. (2.5 cm)",Korea,,,,,,,,,,,Asian Art,Ceramics,,False,True,https://www.metmuseum.org/art/collection/search/77311,https://images.metmuseum.org/CRDImages/as/original/1978_531_66.jpg,1,,,
45782,Old Wisteria among Trees and Rocks,Hanging scroll,1368–1911,Ming (1368–1644)–Qing (1644–1911) dynasty,,,Hanging scroll; ink and color on paper,25 x 11 1/2 in. (63.5 x 29.2 cm),China,,,,Trees,Unidentified artist,Artist,,,,,Asian Art,Paintings,,False,True,https://www.metmuseum.org/art/collection/search/45782,https://images.metmuseum.org/CRDImages/as/original/13_220_110.jpg,0,https://www.wikidata.org/wiki/Q78838535,,
37358,Kabuki Actor Ōtani Oniji III as Yakko Edobei,Print,1794,Edo period (1615–1868),,,"Woodblock print; ink, color, and white mica on paper",15 x 9 7/8 in. (38.1 x 25.1 cm),Japan,,,,Men|Actors,Tōshūsai Sharaku,Artist,Japanese,1794,1795,,Asian Art,Prints,"Japanese, active 1794–95",False,True,https://www.metmuseum.org/art/collection/search/37358,https://images.metmuseum.org/CRDImages/as/original/DP130228.jpg,0,https://www.wikidata.org/wiki/Q59915220,https://www.wikidata.org/wiki/Q361174,http://vocab.getty.edu/page/ulan/500118852
67114,Piece,Piece,18th–19th century,,,,Silk,7 1/4 x 7 1/4 in. (18.41 x 18.41 cm),Japan,,,,Leaves,,,,,,,Asian Art,Textiles-Woven,,False,True,https://www.metmuseum.org/art/collection/search/67114,https://images.metmuseum.org/CRDImages/as/original/DP11527.jpg,0,,,
37609,Krishna on Garuda,Figure,second half of the 9th century,Central Javanese period,,,Bronze,H. 15 7/16 in. (39.2 cm),Indonesia (Java),,,,Krishna,,,,,,,Asian Art,Sculpture,,False,True,https://www.metmuseum.org/art/collection/search/37609,https://images.metmuseum.org/CRDImages/as/original/DT251.jpg,0,https://www.wikidata.org/wiki/Q83562040,,
41128,Snuff bottle with stopper,Snuff bottle with stopper,18th–19th century,Qing dynasty (1644–1911),,,Agate,H. 2 1/2 in. (6.4 cm),China,,,,,,,,,,,Asian Art,Snuff Bottles,,False,True,https://www.metmuseum.org/art/collection/search/41128,https://images.metmuseum.org/CRDImages/as/original/02_18_952.JPG,0,,,
68361,Priest's Robe (Shichijō),"Robe, Priest's",1673–1681,Edo period (1615–1868),,,"Silk, metallic thread",45 x 80 in. (114.30 x 203.20 cm),Japan,,,,Birds,,,,,,,Asian Art,Textiles-Costumes,,False,True,https://www.metmuseum.org/art/collection/search/68361,https://images.metmuseum.org/CRDImages/as/original/44032.jpg,1,,,
737796,Plum blossoms,Hanging scroll,1803–1866,Qing dynasty (1644–1911),,,Hanging scroll; ink on paper,"Image: 37 3/16 × 11 7/16 in. (94.5 × 29 cm)
Overall with mounting: 83 7/16 × 18 1/8 in. (212 × 46 cm)
Overall with knobs: 83 7/16 × 22 1/4 in. (212 × 56.5 cm)",China,,,,,Zhang Xiong,Artist,Chinese,1803,1886,,Asian Art,Paintings,"Chinese, 1803–1886",False,True,https://www.metmuseum.org/art/collection/search/737796,https://images.metmuseum.org/CRDImages/as/original/LC-L_2016_67_61_001.jpg,0,,https://www.wikidata.org/wiki/Q18511634,
854907,Portrait of Shakyashribhadra with His Life Episodes and Lineage,Thangka,early to mid-14th century,,,,Distemper on cloth,"Image: H. 33 in. (83.8 cm); W. 25 5/16 in. (64.3 cm)
Framed: H. 41 1/4 in. (104.8 cm); W. 33 3/8 in. (84.8 cm); D. 1 5/8 in. (4.1 cm)",Tibet,,,,,,,,,,,Asian Art,Paintings,,True,True,https://www.metmuseum.org/art/collection/search/854907,https://images.metmuseum.org/CRDImages/as/original/DP-30177-001.jpg,0,https://www.wikidata.org/wiki/Q126118951,,
72746,Hand-towel Rack (Tenugui kake) with Chrysanthemums and Meandering Stream,Robe stand,18th century,Edo period (1615–1868),,,Gold and silver maki-e on lacquered wood,H. 22 1/2 in. (57.2 cm); W. 23 3/4 in. (60.3 cm); D. 9 1/4 in. (23.5 cm),Japan,,,,,,,,,,,Asian Art,Lacquer,,False,True,https://www.metmuseum.org/art/collection/search/72746,https://images.metmuseum.org/CRDImages/as/original/DP158776.jpg,1,,,
67718,Piece,Piece,18th–19th century,,,,Silk,4 x 4 in. (10.16 x 10.16 cm),Japan,,,,Dragons,,,,,,,Asian Art,Textiles-Woven,,False,True,https://www.metmuseum.org/art/collection/search/67718,https://images.metmuseum.org/CRDImages/as/original/DP13237.jpg,0,,,
65922,Piece,Piece,18th–19th century,Edo (1615–1868),,,Silk,11 x 6 3/4 in. (27.94 x 17.15 cm),Japan,,,,Flowers,,,,,,,Asian Art,Textiles-Woven,,False,True,https://www.metmuseum.org/art/collection/search/65922,https://images.metmuseum.org/CRDImages/as/original/DP11715.jpg,0,,,
71088,Piece,Piece,17th century,,,,Silk / Compound weave,1 1/8 × 4 in. (2.9 × 10.2 cm),Japan,,,,,,,,,,,Asian Art,Textiles-Woven,,False,True,https://www.metmuseum.org/art/collection/search/71088,https://images.metmuseum.org/CRDImages/as/original/DP15561.jpg,0,,,
53934,Bowl,Bowl,960–1279,Song dynasty (960–1279),,,Pottery (Jun ware),H. 3 in. (7.6 cm); Diam. 8 1/4 in. (21 cm),China,,,,,,,,,,,Asian Art,Ceramics,,False,True,https://www.metmuseum.org/art/collection/search/53934,https://images.metmuseum.org/CRDImages/as/original/75962.jpg,0,,,
705791,Willow Kannon,Hanging scroll,probably 1810s,Edo period (1615–1868),,,"Hanging scroll; ink, color, and gold leaf on silk","Image: 32 5/8 × 14 1/8 in. (82.9 × 35.9 cm)
Overall with mounting: 76 × 18 5/8 in. (193 × 47.3 cm)
Overall with knobs: 76 × 21 in. (193 × 53.3 cm)",Japan,,,,,Sakai Hōitsu,Artist,Japanese,1761,1828,,Asian Art,Paintings,"Japanese, 1761–1828",False,True,https://www.metmuseum.org/art/collection/search/705791,https://images.metmuseum.org/CRDImages/as/original/DP-29305-002.jpg,1,https://www.wikidata.org/wiki/Q126120310,https://www.wikidata.org/wiki/Q3469342,http://vocab.getty.edu/page/ulan/500121066
53322,Bangle,Bangle,4000 BCE–400 CE,Early– Late period,,,Bronze,Diam. 2 5/8 in. (6.7 cm),Thailand,,,,,,,,,,,Asian Art,Jewelry,,False,True,https://www.metmuseum.org/art/collection/search/53322,https://images.metmuseum.org/CRDImages/as/original/2001_433_251_O1.jpg,0,,,
48757,Covered jar with flowers,Covered jar,late 17th–early 18th century,"Qing dynasty (1644–1911), Kangxi period (1662–1722)",,,Porcelain painted in underglaze cobalt blue (Jingdezhen ware),H. 23 5/8 in. (60 cm); Diam. 12 in. (30.5 cm),China,,,,Flowers,,,,,,,Asian Art,Ceramics,,False,True,https://www.metmuseum.org/art/collection/search/48757,https://images.metmuseum.org/CRDImages/as/original/LC-14_40_262ab_whs-002.jpg,1,,,
40556,Necklace,Necklace,17th–19th century,,,,Gold,L. 21 1/2 in. (54.6 cm),Philippines,,,,,,,,,,,Asian Art,Jewelry,,False,True,https://www.metmuseum.org/art/collection/search/40556,https://images.metmuseum.org/CRDImages/as/original/DP-16483-001.jpg,5,,,
55551,Sadakuro Threatening to Kill Yoichibei,Print,ca. 1840,Edo period (1615–1868),,,Woodblock print; ink and color on paper,H. 9 1/8 in. (23.2 cm); W. 13 3/4 in. (34.9 cm),Japan,,,,Men|Landscapes|Umbrellas,Utagawa Hiroshige,Artist,Japanese,1797,1858,,Asian Art,Prints,"Japanese, Tokyo (Edo) 1797–1858 Tokyo (Edo)",False,True,https://www.metmuseum.org/art/collection/search/55551,https://images.metmuseum.org/CRDImages/as/original/DP123599.jpg,0,,https://www.wikidata.org/wiki/Q200798,http://vocab.getty.edu/page/ulan/500019641
43635,Hatchet,Hatchet,1902,,,,Jadeite,L. 2 13/16 in. (7.1cm); W. 1 7/16 (3.7 cm); D. 1 in. (2.6 cm),West Indies,,,,,,,,,,,Asian Art,Jade,,False,True,https://www.metmuseum.org/art/collection/search/43635,https://images.metmuseum.org/CRDImages/as/original/02_18_227_O1.jpg,2,,,
65868,Piece,Piece,18th–19th century,Edo period (1615–1868),,,Silk,3 3/4 x 2 1/2 in. (9.53 x 6.35 cm),Japan,,,,,,,,,,,Asian Art,Textiles-Woven,,False,True,https://www.metmuseum.org/art/collection/search/65868,https://images.metmuseum.org/CRDImages/as/original/DP11767.jpg,0,,,
66843,Piece,Piece,18th–19th century,,,,Silk,12 1/4 x 12 1/4 in. (31.11 x 31.11 cm),Japan,,,,,,,,,,,Asian Art,Textiles-Woven,,False,True,https://www.metmuseum.org/art/collection/search/66843,https://images.metmuseum.org/CRDImages/as/original/93376.jpg,0,,,
53280,Open Bracelet,Bracelet,300 BCE–CE 400,Late period,,,Bronze,H. 3 5/16 in. (8.4 cm); W. 2 9/16 in. (6.5 cm),Thailand,,,,,,,,,,,Asian Art,Jewelry,,False,True,https://www.metmuseum.org/art/collection/search/53280,https://images.metmuseum.org/CRDImages/as/original/2001_433_180_O1.jpg,1,,,
47652,Bowl with dragon and floral pattern,Bowl,19th century,Qing dynasty (1644–1911),,,"Porcelain painted in underglaze cobalt blue, with relief decoration, and celadon and dark brown glazes",H. 3 1/4 in. (8.3 cm); Diam. of rim: 5 1/2 in. (14 cm); Diam. of foot: 2 3/8 in. (6 cm),China,,,,,,,,,,,Asian Art,Ceramics,,False,True,https://www.metmuseum.org/art/collection/search/47652,https://images.metmuseum.org/CRDImages/as/original/79_2_1191_O2_sf.jpg,4,,,
55182,"“Ceremonial Attire” from the series An Array of Auspicious Customs of Eastern Japan (Azuma fūzoku, fukuzukushi: Tairei fuku)",Print,ca. 1889,Meiji period (1868–1912),,,Triptych of woodblock prints; ink and color on paper,Oban 14 5/8 x 9 11/16 in. (37.1 x 24.6 cm),Japan,,,,Men|Women,Yōshū (Hashimoto) Chikanobu,Artist,Japanese,1838,1912,,Asian Art,Prints,"Japanese, 1838–1912",False,True,https://www.metmuseum.org/art/collection/search/55182,https://images.metmuseum.org/CRDImages/as/original/DP143054.jpg,0,,https://www.wikidata.org/wiki/Q3087294,http://vocab.getty.edu/page/ulan/500335317
38566,"Two Plaques from a Tantric Ritual Apron, Kinnari, and Lotus Flower",Plaques,16th century or later,,,,Bone,"(a) Kinnari: L. 1 3/8 in. (3.5 cm
(b) Lotus: L. 1 1/4 in. (3.2 cm)",Tibet,,,,Hinduism,,,,,,,Asian Art,Bone,,False,True,https://www.metmuseum.org/art/collection/search/38566,https://images.metmuseum.org/CRDImages/as/original/1987_424_20a_F.jpg,3,,,
68676,Sleeve Band,Sleeve Band,19th century,Qing dynasty (1644–1911),,,Silk;  on silk,35 1/4 x 5 1/4 in. (89.53 x 13.34 cm),China,,,,Birds|Butterflies|Flowers,,,,,,,Asian Art,Textiles-Embroidered,,False,True,https://www.metmuseum.org/art/collection/search/68676,https://images.metmuseum.org/CRDImages/as/original/79190.jpg,0,,,
68351,Priest's Robe (Shichijō),"Robe, Priest's",15th century,Muromachi period (1392–1573),,,"Silk, metallic thread",44 x 91 in. (111.76 x 231.14 cm),Japan,,,,,,,,,,,Asian Art,Textiles-Costumes,,False,True,https://www.metmuseum.org/art/collection/search/68351,https://images.metmuseum.org/CRDImages/as/original/43994.jpg,0,,,
71757,Piece,Piece,17th century,,,,Silk / Compound weave,2 3/8 × 7/8 in. (6 × 2.2 cm),Japan,,,,,,,,,,,Asian Art,Textiles-Woven,,False,True,https://www.metmuseum.org/art/collection/search/71757,https://images.metmuseum.org/CRDImages/as/original/DP15156.jpg,0,,,
