ObjectID,Title,Object Name,Date,Period,Dynasty,Reign,Medium,Dimensions,Culture,Country,Region,City,Subjects,Artist Name,Artist Role(s),Artist Nationality,Artist Date of Birth,Artist Date of Death,Artist Gender,department,classification,artistDisplayBio,isHighlight,isPublicDomain,objectURL,primaryImage,additionalImages_count,objectWikidata_URL,artistWikidata_URL,artistULAN_URL
718888,Terracotta fragment of a kylix (drinking cup),Kylix fragment,second quarter of the 5th century BCE,Classical,,,Terracotta,,"Greek, Attic",,,,,,,,,,,Greek and Roman Art,Vases,,False,True,https://www.metmuseum.org/art/collection/search/718888,https://images.metmuseum.org/CRDImages/gr/original/DVB06873_1_ff.jpg,1,,,
753381,Terracotta fragment of a kylix (drinking cup) or a skyphos (deep drinking cup)?,Kylix or skyphos fragment?,last quarter of the 6th century BCE,Archaic,,,Terracotta,,"Greek, Attic",,,,,,,,,,,Greek and Roman Art,Vases,,False,True,https://www.metmuseum.org/art/collection/search/753381,https://images.metmuseum.org/CRDImages/gr/original/DVB13010_1_ff.jpg,1,,,
756205,Terracotta fragment of a kylix (drinking cup),Kylix fragment,early 5th century BCE,Archaic,,,Terracotta,,"Greek, Attic",,,,,,,,,,,Greek and Roman Art,Vases,,False,True,https://www.metmuseum.org/art/collection/search/756205,https://images.metmuseum.org/CRDImages/gr/original/DVB13105_1_ff.jpg,1,,,
713945,Terracotta fragment of a kylix (drinking cup),Kylix fragment,500–480 BCE,Archaic,,,Terracotta,,"Greek, Attic",,,,,Makron,Artist,,,,,Greek and Roman Art,Vases,,False,True,https://www.metmuseum.org/art/collection/search/713945,https://images.metmuseum.org/CRDImages/gr/original/DVB07539_1_ff.jpg,1,,https://www.wikidata.org/wiki/Q427706,http://vocab.getty.edu/page/ulan/500008500
733133,Terracotta fragment of a calyx-krater (bowl for mixing wine and water),Calyx-krater fragment,450–440 BCE,Classical,,,Terracotta,,"Greek, Attic",,,,,,,,,,,Greek and Roman Art,Vases,,False,True,https://www.metmuseum.org/art/collection/search/733133,https://images.metmuseum.org/CRDImages/gr/original/DVB08973_1_ff.jpg,1,,,
683628,Terracotta rim fragment of a kylix (drinking cup),Kylix fragment,5th century BCE,Archaic/Classical,,,Terracotta,,"Greek, Attic",,,,,,,,,,,Greek and Roman Art,Vases,,False,True,https://www.metmuseum.org/art/collection/search/683628,https://images.metmuseum.org/CRDImages/gr/original/DVB02149_1_ff.jpg,1,,,
669549,Terracotta fragment of a kylix (drinking cup),Kylix fragment,490–480 BCE,Late Archaic,,,Terracotta,,"Greek, Attic",,,,,,,,,,,Greek and Roman Art,Vases,,False,True,https://www.metmuseum.org/art/collection/search/669549,https://images.metmuseum.org/CRDImages/gr/original/DVB00393_1_ff.jpg,1,,,
246753,Pair of gold earrings with Erotes,"Earring with Erotes, pair",3rd century BCE,Hellenistic,,,Gold,diameter  5/8 in. (1.6 cm),Greek,,,,Eros,,,,,,,Greek and Roman Art,Gold and Silver,,False,True,https://www.metmuseum.org/art/collection/search/246753,https://images.metmuseum.org/CRDImages/gr/original/dp9811101-2.jpg,0,https://www.wikidata.org/wiki/Q116288463,,
693191,Terracotta fragment of a kylix (drinking cup),Kylix fragment,490–470 BCE,Late Archaic/Early Classical,,,Terracotta,,"Greek, Attic",,,,,,,,,,,Greek and Roman Art,Vases,,False,True,https://www.metmuseum.org/art/collection/search/693191,https://images.metmuseum.org/CRDImages/gr/original/DVB03607_1_ff.jpg,1,,,
241091,Terracotta plank-shaped figurine,"Figurine of a woman, plank-shaped",ca. 1900–1800 BCE,Middle Cypriot I,,,Terracotta,H. 8 1/8 in. (20.7 cm),Cypriot,,,,Women,,,,,,,Greek and Roman Art,Terracottas,,False,True,https://www.metmuseum.org/art/collection/search/241091,https://images.metmuseum.org/CRDImages/gr/original/DP364714.jpg,0,https://www.wikidata.org/wiki/Q116293541,,
689378,Terracotta fragment of a kylix (drinking cup),Kylix fragment,510–490 BCE,Archaic,,,Terracotta,,"Greek, Attic",,,,,,,,,,,Greek and Roman Art,Vases,,False,True,https://www.metmuseum.org/art/collection/search/689378,https://images.metmuseum.org/CRDImages/gr/original/DVB02794_1_ff.jpg,1,,,
244669,Glass perfume bottle,Perfume bottle,1st century CE,Early Imperial,,,Glass,"Height: 2 in. (5.1 cm)
Diam.: 1 1/2 x 13/16 in. (3.8 x 2.1 cm)",Roman,,,,,,,,,,,Greek and Roman Art,Glass,,False,True,https://www.metmuseum.org/art/collection/search/244669,https://images.metmuseum.org/CRDImages/gr/original/DP205603.jpg,0,,,
683667,Terracotta rim fragment of a kylix (drinking cup),Kylix fragment,mid-5th century BCE,Classical,,,Terracotta,,"Greek, Attic",,,,,,,,,,,Greek and Roman Art,Vases,,False,True,https://www.metmuseum.org/art/collection/search/683667,https://images.metmuseum.org/CRDImages/gr/original/DVB02213_1_ff.jpg,1,,,
728838,Terracotta fragment of a column-krater (bowl for mixing wine and water),Column-krater fragment,460–440 BCE,Classical,,,Terracotta,,"Greek, Attic",,,,,,,,,,,Greek and Roman Art,Vases,,False,True,https://www.metmuseum.org/art/collection/search/728838,https://images.metmuseum.org/CRDImages/gr/original/DVB08865_1_ff.jpg,1,,,
713561,Terracotta fragment of a kylix (drinking cup),Kylix fragment,490–470 BCE,Late Archaic/Early Classical,,,Terracotta,,"Greek, Attic",,,,,,,,,,,Greek and Roman Art,Vases,,False,True,https://www.metmuseum.org/art/collection/search/713561,https://images.metmuseum.org/CRDImages/gr/original/DVB07233_1_ff.jpg,1,,,
259151,Fragments of a terracotta stemless kylix,Kylix fragments,mid 5th century BCE,Classical,,,Terracotta,"Other (B): 2 7/16 x 1 5/16 x 5/8 in. (6.2 x 3.3 x 1.6 cm)
Other (D): 1 x 2 9/16 x 1/4 in. (2.5 x 6.5 x 0.6 cm)
Other (A): 13/16 x 2 7/16 x 5/8 in. (2.1 x 6.1 x 1.6 cm)
Other (C): 15/16 x 1 9/16 x 3/16 in. (2.3 x 3.9 x 0.5 cm)","Greek, Attic",,,,,,,,,,,Greek and Roman Art,Vases,,False,True,https://www.metmuseum.org/art/collection/search/259151,https://images.metmuseum.org/CRDImages/gr/original/DVB16320_05_ff.jpg,3,,,
689285,Terracotta fragment of a kylix (drinking cup),Kylix fragment,second quarter of the 5th century BCE,Classical,,,Terracotta,,"Greek, Attic",,,,,,,,,,,Greek and Roman Art,Vases,,False,True,https://www.metmuseum.org/art/collection/search/689285,https://images.metmuseum.org/CRDImages/gr/original/DVB02578_1_ff.jpg,1,,,
246398,Bronze statuette of a goddess,Statuette of a goddess,1st–2nd century CE,Imperial,,,Bronze,H. 2 7/8 in. (7.3 cm),Roman,,,,Juno,,,,,,,Greek and Roman Art,Bronzes,,False,True,https://www.metmuseum.org/art/collection/search/246398,https://images.metmuseum.org/CRDImages/gr/original/DP20249.jpg,0,https://www.wikidata.org/wiki/Q116293981,,
721687,Terracotta fragment of a stemless kylix (drinking cup),Kylix fragment,470–450 BCE,Classical,,,Terracotta,,"Greek, Attic",,,,,,,,,,,Greek and Roman Art,Vases,,False,True,https://www.metmuseum.org/art/collection/search/721687,https://images.metmuseum.org/CRDImages/gr/original/DVB08596_1_ff.jpg,1,,,
686877,Terracotta fragment of a kylix (drinking cup),Kylix fragment,second quarter of the 5th century BCE,Classical,,,Terracotta,,"Greek, Attic",,,,,,,,,,,Greek and Roman Art,Vases,,False,True,https://www.metmuseum.org/art/collection/search/686877,https://images.metmuseum.org/CRDImages/gr/original/DVB02449_1_ff.jpg,1,,,
253289,Terracotta rim and handle of a vase,Vase fragment,ca. 2000–1550 BCE,Middle Helladic,,,Terracotta,Other: 1 3/4in. (4.5cm),Helladic,,,,,,,,,,,Greek and Roman Art,Vases,,False,True,https://www.metmuseum.org/art/collection/search/253289,https://images.metmuseum.org/CRDImages/gr/original/DP121404.jpg,0,https://www.wikidata.org/wiki/Q116241721,,
756286,Terracotta fragment of a kylix (drinking cup),Kylix fragment,late 6th/early 5th centuries BCE,Archaic,,,Terracotta,,"Greek, Attic",,,,,,,,,,,Greek and Roman Art,Vases,,False,True,https://www.metmuseum.org/art/collection/search/756286,https://images.metmuseum.org/CRDImages/gr/original/DVB13154_1_ff.jpg,1,,,
691902,Terracotta fragments of kylikes (drinking cups),Kylix fragments,510–470 BCE,Archaic/Early Classical,,,Terracotta,,"Greek, Attic",,,,,,,,,,,Greek and Roman Art,Vases,,False,True,https://www.metmuseum.org/art/collection/search/691902,https://images.metmuseum.org/CRDImages/gr/original/DVB03560_1_ff.jpg,1,,,
753356,Terracotta fragment of an open shape,Undetermined open shape,second half of the 6th century BCE,Archaic,,,Terracotta,,"Greek, Attic",,,,,,,,,,,Greek and Roman Art,Vases,,False,True,https://www.metmuseum.org/art/collection/search/753356,https://images.metmuseum.org/CRDImages/gr/original/DVB12954_1_ff.jpg,1,,,
689327,Terracotta fragment of a kylix (drinking cup),Kylix fragment,5th century BCE,Archaic/Classical,,,Terracotta,,"Greek, Attic",,,,,,,,,,,Greek and Roman Art,Vases,,False,True,https://www.metmuseum.org/art/collection/search/689327,https://images.metmuseum.org/CRDImages/gr/original/DVB02683_1_ff.jpg,1,,,
243396,Earring-hook type with ball pendant and paste setting,Earring-hook type with ball pendant and paste setting,-7000–330,,,,"Gold, glass paste",Other: 1/4 × 3/8 × 15/16 in. (0.6 × 0.9 × 2.4 cm),,,,,,,,,,,,Greek and Roman Art,Gold and Silver,,False,True,https://www.metmuseum.org/art/collection/search/243396,https://images.metmuseum.org/CRDImages/gr/original/sf74513983.jpg,0,,,
753052,Terracotta rim fragment of a kylix: Band cup (drinking cup),Kylix fragment,mid-6th century BCE,Archaic,,,Terracotta,,"Greek, Attic",,,,,,,,,,,Greek and Roman Art,Vases,,False,True,https://www.metmuseum.org/art/collection/search/753052,https://images.metmuseum.org/CRDImages/gr/original/DVB12693_1_ff.jpg,1,,,
703818,Terracotta rim fragment of a kylix (drinking cup),Kylix fragment,510–500 BCE,Archaic,,,Terracotta,,"Greek, Attic",,,,,Nikosthenes Painter,Artist,,,,,Greek and Roman Art,Vases,,False,True,https://www.metmuseum.org/art/collection/search/703818,https://images.metmuseum.org/CRDImages/gr/original/DVB05835_2_ff.jpg,1,,https://www.wikidata.org/wiki/Q18508558,http://vocab.getty.edu/page/ulan/500116381
703463,Terracotta fragment of a kylix (drinking cup),Kylix fragment,500–490 BCE,Archaic,,,Terracotta,,"Greek, Attic",,,,,,,,,,,Greek and Roman Art,Vases,,False,True,https://www.metmuseum.org/art/collection/search/703463,https://images.metmuseum.org/CRDImages/gr/original/DVB05555_1_ff.jpg,1,,,
668615,Terracotta fragment of a kylix (drinking cup),Kylix fragment,second quarter 5th century BCE,Classical,,,Terracotta,,"Greek, Attic",,,,,Painter of Brussels R 330,Artist,,,,,Greek and Roman Art,Vases,,False,True,https://www.metmuseum.org/art/collection/search/668615,https://images.metmuseum.org/CRDImages/gr/original/DVB00324_1_ff.jpg,1,,,http://vocab.getty.edu/page/ulan/500070082
248494,Bronze relief of a Roman soldier and a barbarian,Relief of a Roman soldier and a barbarian,ca. 200 CE,"Mid-Imperial, Severan",,,Bronze,Greatest height 4 3/16 in. (10.7 cm); Greatest width 2 13/16 in. (7.2 cm),Roman,,,,Soldiers|Men,,,,,,,Greek and Roman Art,Bronzes,,False,True,https://www.metmuseum.org/art/collection/search/248494,https://images.metmuseum.org/CRDImages/gr/original/DP20458.jpg,0,https://www.wikidata.org/wiki/Q116289236,,
703897,Terracotta fragment of a kylix: eye-cup  (drinking cup),"Kylix fragment, eye-cup",525–510 BCE,Archaic,,,Terracotta,,"Greek, Attic",,,,,,,,,,,Greek and Roman Art,Vases,,False,True,https://www.metmuseum.org/art/collection/search/703897,https://images.metmuseum.org/CRDImages/gr/original/DVB06016_1_ff.jpg,1,,,
766015,Terracotta fragment of a kylix (drinking cup),Kylix fragment,late 5th/early 4th century BCE,Classical,,,Terracotta,,Etruscan,,,,,,,,,,,Greek and Roman Art,Vases,,False,True,https://www.metmuseum.org/art/collection/search/766015,https://images.metmuseum.org/CRDImages/gr/original/DVB14457_1_ff.jpg,1,,,
245360,Glass jar,"Jar, indented",2nd–3rd century CE,Mid Imperial,,,Glass,H.: 2 7/8 x 3 1/4 x 2 1/8 x 1 1/2 in. (7.3 x 8.3 x 5.4 x 3.8 cm),Roman,,,,,,,,,,,Greek and Roman Art,Glass,,False,True,https://www.metmuseum.org/art/collection/search/245360,https://images.metmuseum.org/CRDImages/gr/original/DP222358.jpg,0,,,
703630,Terracotta rim fragment of a kylix (drinking cup),Kylix fragment,520–500 BCE,Archaic,,,Terracotta,,"Greek, Attic",,,,,,,,,,,Greek and Roman Art,Vases,,False,True,https://www.metmuseum.org/art/collection/search/703630,https://images.metmuseum.org/CRDImages/gr/original/DVB05777_2_ff.jpg,1,,,
244574,Tin-bronze scepter head,Scepter head,ca. 1450–1050 BCE,Late Cypriot II–III,,,"Bronze, tin",H. 5 13/16 in. (14.7 cm),Cypriot,,,,,,,,,,,Greek and Roman Art,Bronzes,,False,True,https://www.metmuseum.org/art/collection/search/244574,https://images.metmuseum.org/CRDImages/gr/original/DP-40031-003.jpg,3,https://www.wikidata.org/wiki/Q116296791,,
246483,Ivory and amber segment from a bronze fibula (safety pin),"Fibula, fragment",7th–6th century BCE,Archaic,,,"Amber, bronze, ivory",Diam.: 1 11/16 in. (4.3 cm),Etruscan,,,,,,,,,,,Greek and Roman Art,Miscellaneous-Amber,,False,True,https://www.metmuseum.org/art/collection/search/246483,https://images.metmuseum.org/CRDImages/gr/original/DP257863-969489.jpg,1,https://www.wikidata.org/wiki/Q116291722,,
699392,Terracotta fragment of a kylix (drinking cup),Kylix fragment,second quarter of the 5th century BCE,Classical,,,Terracotta,,"Greek, Attic",,,,,,,,,,,Greek and Roman Art,Vases,,False,True,https://www.metmuseum.org/art/collection/search/699392,https://images.metmuseum.org/CRDImages/gr/original/DVB05156_1_ff.jpg,1,,,
249677,Scarab,Scarab,-670–330,,,,Glass,Other: 11/16 x 13/16 x 1 in. (1.8 x 2 x 2.5 cm),Roman,,,,Scarabs,,,,,,,Greek and Roman Art,Glass,,False,True,https://www.metmuseum.org/art/collection/search/249677,https://images.metmuseum.org/CRDImages/gr/original/sf17194440color.jpg,0,,,
736980,Terracotta rim fragment of a skyphos (deep drinking cup),Skyphos fragment,second quarter of the 5th century BCE,Classical,,,Terracotta,,"Greek, Attic",,,,,Dresden Painter,Artist,,,,,Greek and Roman Art,Vases,,False,True,https://www.metmuseum.org/art/collection/search/736980,https://images.metmuseum.org/CRDImages/gr/original/DVB10231_1_ff.jpg,1,,,http://vocab.getty.edu/page/ulan/500097672
704031,Terracotta fragment of a kylix (drinking cup),Kylix fragment,late 6th century/early 5th century,Archaic,,,Terracotta,,"Greek, Attic",,,,,,,,,,,Greek and Roman Art,Vases,,False,True,https://www.metmuseum.org/art/collection/search/704031,https://images.metmuseum.org/CRDImages/gr/original/DVB06375_1_ff.jpg,1,,,
246183,Terracotta trefoil oinochoe (jug),Oinochoe,ca. 550 BCE,Archaic,,,Terracotta,H. 14 3/16 in. (36 cm),Etruscan,,,,Horses|Lions,,,,,,,Greek and Roman Art,Vases,,False,True,https://www.metmuseum.org/art/collection/search/246183,https://images.metmuseum.org/CRDImages/gr/original/DP245803-969114.jpg,1,https://www.wikidata.org/wiki/Q116295839,,
256991,Glass mosaic ribbed bowl fragment,"Fragment, mosaic ribbed bowl",late 1st century BCE–early 1st century CE,Early Imperial,,,Glass,Other: 1 3/8 x 1 11/16 in. (3.4 x 4.2 cm),Roman,,,,,,,,,,,Greek and Roman Art,Glass,,False,True,https://www.metmuseum.org/art/collection/search/256991,https://images.metmuseum.org/CRDImages/gr/original/DP21828edited.jpg,0,,,
247644,Terracotta one-handled cup,Cup,ca. 1600–1450 BCE,Late Minoan I,,,Terracotta,"H. 2 3/4 in. (7 cm.)
Diameter 4 1/4 in. (10.8 cm.)",Minoan,,,,,,,,,,,Greek and Roman Art,Vases,,False,True,https://www.metmuseum.org/art/collection/search/247644,https://images.metmuseum.org/CRDImages/gr/original/DP138631.jpg,0,https://www.wikidata.org/wiki/Q116289504,,
255663,Terracotta pyxis (cosmetic box),Pyxis with lid,3rd–2nd century BCE,Hellenistic,,,Terracotta,h. with lid 5 1/4 in. (13.4 cm); d. 5 15/16 in. (15.1 cm),"Greek, Macedonian",,,,Dionysus,,,,,,,Greek and Roman Art,Vases,,False,True,https://www.metmuseum.org/art/collection/search/255663,https://images.metmuseum.org/CRDImages/gr/original/DP1601.jpg,0,https://www.wikidata.org/wiki/Q116282913,,
683662,Terracotta rim fragment of a kylix (drinking cup),Kylix fragment,late 6th/early 5th century BCE,Archaic,,,Terracotta,,"Greek, Attic",,,,,,,,,,,Greek and Roman Art,Vases,,False,True,https://www.metmuseum.org/art/collection/search/683662,https://images.metmuseum.org/CRDImages/gr/original/DVB02402_1_ff.jpg,1,,,
733552,Terracotta fragment of a lekythos (oil flask)?,Lekythos fragment?,520–500 BCE,Archaic,,,Terracotta,,"Greek, Attic",,,,,,,,,,,Greek and Roman Art,Vases,,False,True,https://www.metmuseum.org/art/collection/search/733552,https://images.metmuseum.org/CRDImages/gr/original/DVB10142_1_ff.jpg,1,,,
704273,Terracotta fragment of a kylix (drinking cup),Kylix fragment,510–500 BCE,Archaic,,,Terracotta,,"Greek, Attic",,,,,Painter of Berlin 2268,Artist,,,,,Greek and Roman Art,Vases,,False,True,https://www.metmuseum.org/art/collection/search/704273,https://images.metmuseum.org/CRDImages/gr/original/DVB06382_1_ff.jpg,1,,,http://vocab.getty.edu/page/ulan/500060106
709959,Terracotta fragment of a kylix (drinking cup),Kylix fragment,490–480 BCE,Late Archaic,,,Terracotta,,"Greek, Attic",,,,,Antiphonic,Artist,,,,,Greek and Roman Art,Vases,,False,True,https://www.metmuseum.org/art/collection/search/709959,https://images.metmuseum.org/CRDImages/gr/original/DVB06621_1_ff.jpg,1,,https://www.wikidata.org/wiki/Q116616,http://vocab.getty.edu/page/ulan/500000073
766020,Terracotta fragment of a kylix (drinking cup),Kylix fragment,late 4th century BCE,Classical,,,Terracotta,,Etruscan,,,,,,,,,,,Greek and Roman Art,Vases,,False,True,https://www.metmuseum.org/art/collection/search/766020,https://images.metmuseum.org/CRDImages/gr/original/DVB14448_1_ff.jpg,1,,,
691610,Terracotta fragment of a kylix (drinking cup),Kylix fragment,480–460 BCE,Classical,,,Terracotta,,"Greek, Attic",,,,,,,,,,,Greek and Roman Art,Vases,,False,True,https://www.metmuseum.org/art/collection/search/691610,https://images.metmuseum.org/CRDImages/gr/original/DVB02994_1_ff.jpg,1,,,
256998,Glass fragment,"Fragment, body",1st century CE,Early Imperial,,,Glass,Other: 1 x 2 1/4 in. (2.6 x 5.7 cm),Roman,,,,,,,,,,,Greek and Roman Art,Glass,,False,True,https://www.metmuseum.org/art/collection/search/256998,https://images.metmuseum.org/CRDImages/gr/original/DP21835edited.jpg,0,,,
737109,Terracotta fragment of a skyphos (deep drinking cup),Skyphos fragment,490–480 BCE,Late Archaic,,,Terracotta,,"Greek, Attic",,,,,,,,,,,Greek and Roman Art,Vases,,False,True,https://www.metmuseum.org/art/collection/search/737109,https://images.metmuseum.org/CRDImages/gr/original/DVB10314_1_ff.jpg,1,,,
683446,Terracotta rim fragment of a kylix (drinking cup),Kylix fragment,520–510 BCE,Archaic,,,Terracotta,,"Greek, Attic",,,,,,,,,,,Greek and Roman Art,Vases,,False,True,https://www.metmuseum.org/art/collection/search/683446,https://images.metmuseum.org/CRDImages/gr/original/DVB01895_1_ff.jpg,1,,,
689390,Terracotta fragment of a kylix (drinking cup),Kylix fragment,510–490 BCE,Archaic,,,Terracotta,,"Greek, Attic",,,,,,,,,,,Greek and Roman Art,Vases,,False,True,https://www.metmuseum.org/art/collection/search/689390,https://images.metmuseum.org/CRDImages/gr/original/DVB02805_1_ff.jpg,1,,,
753464,Terracotta fragment of a kylix: Band cup (drinking cup),Kylix fragment,third quarter of the 6th century BCE,Archaic,,,Terracotta,,"Greek, Attic",,,,,,,,,,,Greek and Roman Art,Vases,,False,True,https://www.metmuseum.org/art/collection/search/753464,https://images.metmuseum.org/CRDImages/gr/original/DVB12697_1_ff.jpg,1,,,
241700,Terracotta oil lamp,Lamp,ca. 350–250 BCE,Late Classical or Early Hellenistic,,,Terracotta,Overall: 2 1/4 x 4 5/8 in. (5.7 x 11.7 cm),Greek,,,,,,,,,,,Greek and Roman Art,Terracottas,,False,True,https://www.metmuseum.org/art/collection/search/241700,https://images.metmuseum.org/CRDImages/gr/original/DP-18844-047.jpg,0,,,
246457,Stylus,Stylus,-7000–330,,,,Ivory or bone,Diameter: 1/8 x 4 5/16 in. (0.3 x 11 cm),,,,,,,,,,,,Greek and Roman Art,"Miscellaneous-Bone, Ivory",,False,True,https://www.metmuseum.org/art/collection/search/246457,https://images.metmuseum.org/CRDImages/gr/original/sf969461.jpg,0,,,
704065,Terracotta rim fragment of a kylix (drinking cup),Kylix fragment,510–500 BCE,Archaic,,,Terracotta,,"Greek, Attic",,,,,,,,,,,Greek and Roman Art,Vases,,False,True,https://www.metmuseum.org/art/collection/search/704065,https://images.metmuseum.org/CRDImages/gr/original/DVB06259_2_ff.jpg,1,,,
733488,Terracotta fragment of a pelike (jar),Pelike fragment,second quarter of the 5th century BCE,Classical,,,Terracotta,,"Greek, Attic",,,,,,,,,,,Greek and Roman Art,Vases,,False,True,https://www.metmuseum.org/art/collection/search/733488,https://images.metmuseum.org/CRDImages/gr/original/DVB09054_1_ff.jpg,1,,,
249502,Glass gold-band mosaic bottle,"Bottle, gold-band mosaic",1st half of 1st century CE,"Early Imperial, Julio-Claudian",,,Glass,H.: 3 3/16 in. (8.1 cm),Roman,,,,,,,,,,,Greek and Roman Art,Glass,,False,True,https://www.metmuseum.org/art/collection/search/249502,https://images.metmuseum.org/CRDImages/gr/original/DP120961.jpg,1,https://www.wikidata.org/wiki/Q116288459,,
718810,Terracotta fragment of a kylix (drinking cup),Kylix fragment,460–450 BCE,Classical,,,Terracotta,,"Greek, Attic",,,,,,,,,,,Greek and Roman Art,Vases,,False,True,https://www.metmuseum.org/art/collection/search/718810,https://images.metmuseum.org/CRDImages/gr/original/DVB08174_1_ff.jpg,1,,,
249127,Vase fragment,Vase fragment,ca. 575–550 BCE,Archaic,,,Terracotta,Overall: 2 5/8 x 1 1/2in. (6.7 x 3.8cm),Etruscan,,,,Faces,,,,,,,Greek and Roman Art,Vases,,False,True,https://www.metmuseum.org/art/collection/search/249127,https://images.metmuseum.org/CRDImages/gr/original/sf161743411.jpg,0,,,
762778,Terracotta fragment of a closed shape,Undetermined closed shape,6th century BCE,Archaic,,,Terracotta,,"Etruscan, Etrusco-Corinthian",,,,,,,,,,,Greek and Roman Art,Vases,,False,True,https://www.metmuseum.org/art/collection/search/762778,https://images.metmuseum.org/CRDImages/gr/original/DVB14252_1_ff.jpg,1,,,
704229,Terracotta fragment of a kylix (drinking cup),Kylix fragment,520–500 BCE,Archaic,,,Terracotta,,"Greek, Attic",,,,,,,,,,,Greek and Roman Art,Vases,,False,True,https://www.metmuseum.org/art/collection/search/704229,https://images.metmuseum.org/CRDImages/gr/original/DVB06391_1_ff.jpg,1,,,
721621,Terracotta fragment of a kylix (drinking cup),Kylix fragment,first quarter of the 4th century BCE,Late Classical,,,Terracotta,,"Greek, Attic",,,,,,,,,,,Greek and Roman Art,Vases,,False,True,https://www.metmuseum.org/art/collection/search/721621,https://images.metmuseum.org/CRDImages/gr/original/DVB08452_1_ff.jpg,1,,,
756259,Terracotta fragments of a kylix (drinking cup),Kylix fragments,late 6th century BCE,Archaic,,,Terracotta,,"Greek, Attic",,,,,,,,,,,Greek and Roman Art,Vases,,False,True,https://www.metmuseum.org/art/collection/search/756259,https://images.metmuseum.org/CRDImages/gr/original/DVB13053_1_ff.jpg,1,,,
733569,Terracotta fragment of a squat lekythos (oil flask)?,Lekythos fragment?,460–440 BCE,Classical,,,Terracotta,,"Greek, Attic",,,,,,,,,,,Greek and Roman Art,Vases,,False,True,https://www.metmuseum.org/art/collection/search/733569,https://images.metmuseum.org/CRDImages/gr/original/DVB10128_1_ff.jpg,1,,,
703391,Terracotta fragment of a kylix (drinking cup),Kylix fragment,second quarter of the 5th century BCE,Classical,,,Terracotta,,"Greek, Attic",,,,,,,,,,,Greek and Roman Art,Vases,,False,True,https://www.metmuseum.org/art/collection/search/703391,https://images.metmuseum.org/CRDImages/gr/original/DVB05746_1_ff.jpg,1,,,
749916,Terracotta fragment of a column-krater (bowl for mixing wine and water),Column-krater fragment,6th/5th centuries BCE,Archaic,,,Terracotta,,"Greek, Attic",,,,,,,,,,,Greek and Roman Art,Vases,,False,True,https://www.metmuseum.org/art/collection/search/749916,https://images.metmuseum.org/CRDImages/gr/original/DVB11559_1_ff.jpg,1,,,
252386,Bronze annular earring,Earring,2nd millennium BCE,Bronze Age,,,Bronze,Diameter 7/8 in. (2.1 cm),Minoan,,,,,,,,,,,Greek and Roman Art,Bronzes,,False,True,https://www.metmuseum.org/art/collection/search/252386,https://images.metmuseum.org/CRDImages/gr/original/DP113093.jpg,0,https://www.wikidata.org/wiki/Q116282974,,
239629,Glass perfume bottle,Perfume bottle,1st century CE,Early Imperial,,,Glass,"4 11/16in. (11.8cm)
Other: 2 3/4in. (7cm)
Diam. of rim: 7/8 in. (2.3 cm)",Roman,,,,,,,,,,,Greek and Roman Art,Glass,,False,True,https://www.metmuseum.org/art/collection/search/239629,https://images.metmuseum.org/CRDImages/gr/original/DP108535.jpg,0,,,
242832,Necklace with gold beads and pendants attached to agate in box setting,Necklace with palmette pendants,5th–4th century BCE?,Classical?,,,Gold,"Other (59 elements): 2 × 7 5/16 in. (5.1 × 18.6 cm)
Other (pendant): 1 3/16 × 3/8 × 1 9/16 in. (3 × 0.9 × 3.9 cm)
Other (4 palmettes): 1/2 × 1/16 × 7/8 in. (1.3 × 0.2 × 2.2 cm)
Diameter (54 beads): 1/4 × 5/16 in. (0.7 × 0.8 cm)",Greek?,,,,,,,,,,,Greek and Roman Art,Gold and Silver,,False,True,https://www.metmuseum.org/art/collection/search/242832,https://images.metmuseum.org/CRDImages/gr/original/sf74513398.jpg,0,,,
773892,Terracotta rim fragments of kylikes (drinking cups),Kylikes fragments,6th/5th centuries BCE,Archaic/Classical,,,Terracotta,,"Greek, Attic",,,,,,,,,,,Greek and Roman Art,Vases,,False,True,https://www.metmuseum.org/art/collection/search/773892,https://images.metmuseum.org/CRDImages/gr/original/DVB15523_1_ff.jpg,1,,,
254207,Terracotta oinochoe (jug) in the form of a woman's head,Oinochoe in the form of a woman's head,ca. 460–450 BCE,Classical,,,Terracotta,"H. 5 3/8 in. (13.7 cm)
diameter  6 1/4 in. (15.9 cm)","Greek, Attic",,,,Heads|Women,Class S: The Canessa Class of Head Vases,Artist,,,,,Greek and Roman Art,Vases,,False,True,https://www.metmuseum.org/art/collection/search/254207,https://images.metmuseum.org/CRDImages/gr/original/DP117225.jpg,0,https://www.wikidata.org/wiki/Q116288563,,http://vocab.getty.edu/page/ulan/500046634
243831,Silver cup,Cup,6th century BCE,Archaic,,,Silver,"H. 3 9/16 in. (9.1 cm)
diameter  4 1/8 in. (10.4 cm)",Cypriot,,,,,,,,,,,Greek and Roman Art,Gold and Silver,,False,True,https://www.metmuseum.org/art/collection/search/243831,https://images.metmuseum.org/CRDImages/gr/original/DP-37284-001.jpg,1,https://www.wikidata.org/wiki/Q116402206,,
252601,Fragment of a terracotta architectural tile,Tile fragment,6th century BCE,Archaic,,,Terracotta,Overall: 8 1/16 x 5 in. (20.5 x 12.7 cm),Lydian,,,,Lotuses,,,,,,,Greek and Roman Art,Terracottas,,False,True,https://www.metmuseum.org/art/collection/search/252601,https://images.metmuseum.org/CRDImages/gr/original/DP130727.jpg,0,https://www.wikidata.org/wiki/Q116242242,,
750533,Terracotta fragment of a calyx-krater (bowl for mixing wine and water),Calyx-krater fragment,late 6th century BCE,Archaic,,,Terracotta,,"Greek, Attic",,,,,,,,,,,Greek and Roman Art,Vases,,False,True,https://www.metmuseum.org/art/collection/search/750533,https://images.metmuseum.org/CRDImages/gr/original/DVB11604_1_ff.jpg,1,,,
699136,Terracotta fragment of a kylix (drinking cup),Kylix fragment,500–480 BCE,Archaic,,,Terracotta,,"Greek, Attic",,,,,,,,,,,Greek and Roman Art,Vases,,False,True,https://www.metmuseum.org/art/collection/search/699136,https://images.metmuseum.org/CRDImages/gr/original/DVB05340_1_ff.jpg,1,,,
762781,Terracotta fragment of an krater,Krater fragment,first half of the 6th century BCE,Corinthian,,,Terracotta,,"Greek, Corinthian",,,,,,,,,,,Greek and Roman Art,Vases,,False,True,https://www.metmuseum.org/art/collection/search/762781,https://images.metmuseum.org/CRDImages/gr/original/DVB13883_1_ff.jpg,1,,,
678599,Terracotta fragments of kylikes (drinking cups),Kylix fragments,5th century BCE,Archaic/Classical,,,Terracotta,,"Greek, Attic",,,,,,,,,,,Greek and Roman Art,Vases,,False,True,https://www.metmuseum.org/art/collection/search/678599,https://images.metmuseum.org/CRDImages/gr/original/DVB01765_1_ff.jpg,1,,,
241173,Terracotta woman carrying a jar,Statuette of a woman carrying a jar,ca. 750–600 BCE,Cypro-Archaic I,,,Terracotta,H. 7 3/16 in. (18.3 cm),Cypriot,,,,Women|Jars,,,,,,,Greek and Roman Art,Terracottas,,False,True,https://www.metmuseum.org/art/collection/search/241173,https://images.metmuseum.org/CRDImages/gr/original/DP364748.jpg,1,https://www.wikidata.org/wiki/Q116290458,,
738889,Terracotta kylix:band-cup (drinking cup),band-cup,3rd quarter of the sixth century BCE,Archaic,,,Terracotta,6 1/4 in. (15.9 cm),"Greek, Attic",,,,Griffins|Lions,Lysippides Painter,Artist,,,,,Greek and Roman Art,Vases,,False,True,https://www.metmuseum.org/art/collection/search/738889,https://images.metmuseum.org/CRDImages/gr/original/DP-13280-001.jpg,2,https://www.wikidata.org/wiki/Q116234941,https://www.wikidata.org/wiki/Q1878978,http://vocab.getty.edu/page/ulan/500012587
713563,Terracotta fragment of a kylix (drinking cup),Kylix fragment,490–470 BCE,Late Archaic/Early Classical,,,Terracotta,,"Greek, Attic",,,,,,,,,,,Greek and Roman Art,Vases,,False,True,https://www.metmuseum.org/art/collection/search/713563,https://images.metmuseum.org/CRDImages/gr/original/DVB07257_1_ff.jpg,1,,,
241385,Terracotta oil lamp,"Lamp, concave top",1st century BCE–1st century CE,Early Imperial,,,Terracotta,Overall: 1 1/8 x 3 1/2 in. (2.9 x 8.9 cm),"Roman, Cypriot",,,,,,,,,,,Greek and Roman Art,Terracottas,,False,True,https://www.metmuseum.org/art/collection/search/241385,https://images.metmuseum.org/CRDImages/gr/original/DP-18844-078.jpg,0,,,
745118,Terracotta fragments of amphorae (jars),Amphorae fragments,6th century/early 5th century BCE,Archaic,,,Terracotta,,"Greek, Attic",,,,,,,,,,,Greek and Roman Art,Vases,,False,True,https://www.metmuseum.org/art/collection/search/745118,https://images.metmuseum.org/CRDImages/gr/original/DVB11233_1_ff.jpg,1,,,
253354,Plaster relief fragment with a reclining woman,Mold of ancient casts for metal reliefs,1st century CE,Early Imperial,,,Plaster,H.: 3 7/8 in. (9.8 cm),Roman,,,,Women,,,,,,,Greek and Roman Art,Miscellaneous-Plaster,,False,True,https://www.metmuseum.org/art/collection/search/253354,https://images.metmuseum.org/CRDImages/gr/original/DP146294.jpg,0,https://www.wikidata.org/wiki/Q116241692,,
246739,Terracotta relief plaque with head of Medusa,Head of Medusa,2nd century BCE,Hellenistic,,,Terracotta,H. 1 1/2 in. (3.8 cm.),Greek,,,,Heads|Medusa,,,,,,,Greek and Roman Art,Terracottas,,False,True,https://www.metmuseum.org/art/collection/search/246739,https://images.metmuseum.org/CRDImages/gr/original/DP229132.jpg,0,https://www.wikidata.org/wiki/Q116288791,,
246843,"Bead ornaments, rosette-shaped","Bead ornaments, rosette-shaped",4th–3rd century BCE,,,,Gold,Diameter (average): 5/16 × 1/8 in. (0.8 × 0.2 cm),Greek,,,,,,,,,,,Greek and Roman Art,Gold and Silver,,False,True,https://www.metmuseum.org/art/collection/search/246843,https://images.metmuseum.org/CRDImages/gr/original/sf981191ad.jpg,0,,,
721645,Terracotta fragment of a stemless kylix (drinking cup),Kylix fragment,470–450 BCE,Classical,,,Terracotta,,"Greek, Attic",,,,,,,,,,,Greek and Roman Art,Vases,,False,True,https://www.metmuseum.org/art/collection/search/721645,https://images.metmuseum.org/CRDImages/gr/original/DVB08528_1_ff.jpg,1,,,
248510,Terracotta straight-sided cup,"Cup, one-handled",ca. 1950–1900 BCE,Middle Minoan IB,,,Terracotta,H. 1 11/16 in. (4.3 cm); diameter  3 3/16 in. (8.1 cm),Minoan,,,,,,,,,,,Greek and Roman Art,Vases,,False,True,https://www.metmuseum.org/art/collection/search/248510,https://images.metmuseum.org/CRDImages/gr/original/DP110794.jpg,0,https://www.wikidata.org/wiki/Q116288668,,
239776,Glass perfume bottle,Bottle,2nd–3rd century CE,Mid Imperial,,,Glass,"1 1/2 x 13/16in. (3.8 x 2.1cm)
Diameter: 7/8 in. (2.2 cm)",Roman,,,,,,,,,,,Greek and Roman Art,Glass,,False,True,https://www.metmuseum.org/art/collection/search/239776,https://images.metmuseum.org/CRDImages/gr/original/DP155814.jpg,0,,,
239817,Glass beaker,Beaker,2nd–3rd century CE,Mid Imperial,,,Glass,"Height: 3 11/16 in. (9.3 cm)
Diameter: 3 1/16 x 1 9/16 in. (7.8 x 4 cm)",Roman,,,,,,,,,,,Greek and Roman Art,Glass,,False,True,https://www.metmuseum.org/art/collection/search/239817,https://images.metmuseum.org/CRDImages/gr/original/DP155852.jpg,0,,,
753118,Terracotta fragment of a kylix: Band cup (drinking cup),Kylix fragment,last quarter of the 6th century BCE,Archaic,,,Terracotta,,"Greek, Attic",,,,,,,,,,,Greek and Roman Art,Vases,,False,True,https://www.metmuseum.org/art/collection/search/753118,https://images.metmuseum.org/CRDImages/gr/original/DVB12751_1_ff.jpg,1,,,
254241,Terracotta column-krater (bowl for mixing wine and water),Column-krater,2nd quarter of the 5th century BCE,Classical,,,Terracotta,H. 14 13/16 in. (37.7 cm); diameter  11 5/8 in. (29.6 cm),"Greek, Attic",,,,Women|Nike|Horses|Chariots,Nausicaä Painter,Artist,,,,,Greek and Roman Art,Vases,,False,True,https://www.metmuseum.org/art/collection/search/254241,https://images.metmuseum.org/CRDImages/gr/original/DP-18158-001.jpg,2,https://www.wikidata.org/wiki/Q116404781,https://www.wikidata.org/wiki/Q1972000,http://vocab.getty.edu/page/ulan/500060130
713455,Terracotta fragments of a kylix (drinking cup),Kylix fragments,490–470 BCE,Late Archaic/Early Classical,,,Terracotta,,"Greek, Attic",,,,,,,,,,,Greek and Roman Art,Vases,,False,True,https://www.metmuseum.org/art/collection/search/713455,https://images.metmuseum.org/CRDImages/gr/original/DVB07301_1_ff.jpg,1,,,
718751,Terracotta fragment of a kylix (drinking cup),Kylix fragment,470–460 BCE,Classical,,,Terracotta,,"Greek, Attic",,,,,,,,,,,Greek and Roman Art,Vases,,False,True,https://www.metmuseum.org/art/collection/search/718751,https://images.metmuseum.org/CRDImages/gr/original/DVB07934_1_ff.jpg,1,,,
683738,Terracotta rim fragment of a kylix (drinking cup),Kylix fragment,second quarter of the 5th century BCE,Classical,,,Terracotta,,"Greek, Attic",,,,,,,,,,,Greek and Roman Art,Vases,,False,True,https://www.metmuseum.org/art/collection/search/683738,https://images.metmuseum.org/CRDImages/gr/original/DVB01867_1_ff.jpg,1,,,
709649,Terracotta fragment of a kylix (drinking cup),Kylix fragment,490–480 BCE,Late Archaic,,,Terracotta,,"Greek, Attic",,,,,,,,,,,Greek and Roman Art,Vases,,False,True,https://www.metmuseum.org/art/collection/search/709649,https://images.metmuseum.org/CRDImages/gr/original/DVB06652_1_ff.jpg,1,,,
257138,Glass monochrome dish fragment,"Fragment, monochrome, opaque red",1st half of 1st century CE,"Early Imperial, Julio-Claudian",,,Glass,Other: 11/16 x 1 3/8 in. (1.7 x 3.4 cm),Roman,,,,,,,,,,,Greek and Roman Art,Glass,,False,True,https://www.metmuseum.org/art/collection/search/257138,https://images.metmuseum.org/CRDImages/gr/original/DP21929edited.jpg,0,,,
242992,Gold bracelet,Bracelet,6th–5th century BCE,,,,Gold,Overall: 2 5/8 x 2 3/4 x 1/4 in. (6.7 x 7 x 0.6 cm),"Greek, Cypriot",,,,,,,,,,,Greek and Roman Art,Gold and Silver,,False,True,https://www.metmuseum.org/art/collection/search/242992,https://images.metmuseum.org/CRDImages/gr/original/DT333008edited3.jpg,1,https://www.wikidata.org/wiki/Q116297492,,
245673,Glass bowl,Bowl,late 1st century BCE–early 1st century CE,Early Imperial,,,Glass,"Overall: 2 3/8 in. (6 cm)
Diam.: 4 1/4 in. (10.8 cm)",Roman,,,,,,,,,,,Greek and Roman Art,Glass,,False,True,https://www.metmuseum.org/art/collection/search/245673,https://images.metmuseum.org/CRDImages/gr/original/DP223171.jpg,0,,,
244163,Copper alloy spearhead,Dagger blade,ca. 2500–2000 BCE,Early Bronze Age,,,Bronze,11 1/2in. (29.2cm),Cypriot,,,,,,,,,,,Greek and Roman Art,Bronzes,,False,True,https://www.metmuseum.org/art/collection/search/244163,https://images.metmuseum.org/CRDImages/gr/original/DP9036.jpg,0,https://www.wikidata.org/wiki/Q116296792,,
239721,Glass jug,Jug,3rd–4th century CE,Late Imperial,,,Glass,"6 1/8 in. (15.6 cm)
Other: 3 3/4 in. (9.6 cm)
Diam. of rim: 2 9/16 in. (6.5 cm)
Diam. of foot: 2 1/4 in. (5.7 cm)",Roman,,,,,,,,,,,Greek and Roman Art,Glass,,False,True,https://www.metmuseum.org/art/collection/search/239721,https://images.metmuseum.org/CRDImages/gr/original/DP108765.jpg,0,,,
750646,Terracotta fragment of a mastoid (drinking cup with narrow base) or a kyathos (cup-shaped ladle),Mastoid or kyathos fragment,late 6th/early 5th century BCE,Archaic,,,Terracotta,,"Greek, Attic",,,,,,,,,,,Greek and Roman Art,Vases,,False,True,https://www.metmuseum.org/art/collection/search/750646,https://images.metmuseum.org/CRDImages/gr/original/DVB12041_1_ff.jpg,1,,,
247184,Terracotta aryballos (perfume vase),Aryballos,ca. 620–590 BCE,Early Corinthian,,,Terracotta,H. 2 1/2 in. (6.4 cm),"Greek, Corinthian",,,,Sphinx|Swans,Duel Painter,Artist,,,,,Greek and Roman Art,Vases,,False,True,https://www.metmuseum.org/art/collection/search/247184,https://images.metmuseum.org/CRDImages/gr/original/DP-16731-001.jpg,3,https://www.wikidata.org/wiki/Q116402330,https://www.wikidata.org/wiki/Q1263855,http://vocab.getty.edu/page/ulan/500113457
709618,Terracotta rim fragment of a kylix (drinking cup),Kylix fragment,490–480 BCE,Late Archaic,,,Terracotta,,"Greek, Attic",,,,,,,,,,,Greek and Roman Art,Vases,,False,True,https://www.metmuseum.org/art/collection/search/709618,https://images.metmuseum.org/CRDImages/gr/original/DVB06505_2_ff.jpg,1,,,
713893,Terracotta rim fragment of a kylix (drinking cup),Kylix fragment,500–480 BCE,Archaic,,,Terracotta,,"Greek, Attic",,,,,Makron,Artist,,,,,Greek and Roman Art,Vases,,False,True,https://www.metmuseum.org/art/collection/search/713893,https://images.metmuseum.org/CRDImages/gr/original/DVB07510_1_ff.jpg,1,,https://www.wikidata.org/wiki/Q427706,http://vocab.getty.edu/page/ulan/500008500
242927,Gold earring with head of a lion,Earring with head of lion,4th‒3rd century BCE,Classical or Hellenistic,,,Gold,Diam.: 13/16 in. (2.1 cm),Greek,,,,Lions,,,,,,,Greek and Roman Art,Gold and Silver,,False,True,https://www.metmuseum.org/art/collection/search/242927,https://images.metmuseum.org/CRDImages/gr/original/DP135953.jpg,0,https://www.wikidata.org/wiki/Q116297611,,
252579,Bronze jug,Jug,3rd century BCE or later,Hellenistic or Imperial,,,Bronze,"H.: 7 13/16 in. (19.8 cm)
Diam.: 6 3/4 in. (17.1 cm)",Lydian,,,,,,,,,,,Greek and Roman Art,Bronzes,,False,True,https://www.metmuseum.org/art/collection/search/252579,https://images.metmuseum.org/CRDImages/gr/original/DP232663.jpg,0,https://www.wikidata.org/wiki/Q116242262,,
246373,Bronze serpentine-disc type fibula (safety pin),"Fibula, serpentine type",9th century BCE,Geometric,,,Bronze,Other: 4 7/16 in. (11.3 cm),Villanovan,,,,,,,,,,,Greek and Roman Art,Bronzes,,False,True,https://www.metmuseum.org/art/collection/search/246373,https://images.metmuseum.org/CRDImages/gr/original/DP244043.jpg,0,https://www.wikidata.org/wiki/Q116294135,,
678591,Terracotta fragment of a kylix (drinking cup),Kylix fragment,5th century BCE,Archaic/Classical,,,Terracotta,,"Greek, Attic",,,,,,,,,,,Greek and Roman Art,Vases,,False,True,https://www.metmuseum.org/art/collection/search/678591,https://images.metmuseum.org/CRDImages/gr/original/DVB01743_1_ff.jpg,1,,,
764516,Terracotta fragments of kylikes (drinking cups),Kylikes fragments,6th/5th centuries BCE,Archaic /Classical,,,Terracotta,,"Greek, Attic",,,,,,,,,,,Greek and Roman Art,Vases,,False,True,https://www.metmuseum.org/art/collection/search/764516,https://images.metmuseum.org/CRDImages/gr/original/DVB14994_1_ff.jpg,1,,,
250296,Vase Fragment,Vase Fragment,1st century BCE–1st century CE,,,,Terracotta,1 1/16 × 1 7/8 × 1/4 in. (2.7 × 4.8 × 0.6 cm),Roman,,,,Human Figures,,,,,,,Greek and Roman Art,Vases,,False,True,https://www.metmuseum.org/art/collection/search/250296,https://images.metmuseum.org/CRDImages/gr/original/sf171941951.jpg,0,,,
763156,Terracotta fragment of an amphora (jar)?,Amphora fragment?,490–470 BC,Late Archaic/Early Classical,,,Terracotta,,"Greek, Attic",,,,,,,,,,,Greek and Roman Art,Vases,,False,True,https://www.metmuseum.org/art/collection/search/763156,https://images.metmuseum.org/CRDImages/gr/original/DVB14337_1_ff.jpg,1,,,
764544,Terracotta fragment of an amphora (jar)?,Amphora fragment?,mid-6th century BCE,Archaic,,,Terracotta,,"Greek, Chalcidian?",,,,,,,,,,,Greek and Roman Art,Vases,,False,True,https://www.metmuseum.org/art/collection/search/764544,https://images.metmuseum.org/CRDImages/gr/original/DVB13989_1_ff.jpg,1,,,
670396,Terracotta fragments of a kylikes (drinking cups),Kylix fragments,490–480 BCE,Archaic,,,Terracotta,,"Greek, Attic",,,,,,,,,,,Greek and Roman Art,Vases,,False,True,https://www.metmuseum.org/art/collection/search/670396,https://images.metmuseum.org/CRDImages/gr/original/DVB00875_1_ff.jpg,1,,,
251294,Vase fragment,Vase fragment,-2000–-1550,Helladic,,,Terracotta,3 3/8 x 1 5/8in. (8.6 x 4.2cm),"Greek, Laconian",,,,,,,,,,,Greek and Roman Art,Vases,,False,True,https://www.metmuseum.org/art/collection/search/251294,https://images.metmuseum.org/CRDImages/gr/original/DP21548.jpg,0,,,
252619,"Vase fragments, 2","Vase fragments, 2",-900–-30,,,,Terracotta,Overall: 1 15/16 x 1 5/16in. (5 x 3.3cm),"East Greek/Sardis, Lydian",,,,Birds,,,,,,,Greek and Roman Art,Vases,,False,True,https://www.metmuseum.org/art/collection/search/252619,https://images.metmuseum.org/CRDImages/gr/original/DP21641.jpg,1,,,
244104,Ivory disk of a pyxis with rosette,"Roundel, disk",13th–12th century BCE,Late Bronze Age,,,Hippopotamus ivory,H.: 1 15/16 in. (4.9 cm),Cypriot,,,,,,,,,,,Greek and Roman Art,"Miscellaneous-Bone, Ivory",,False,True,https://www.metmuseum.org/art/collection/search/244104,https://images.metmuseum.org/CRDImages/gr/original/DP121303.jpg,0,https://www.wikidata.org/wiki/Q116296984,,
749965,Terracotta fragment of a column-krater (bowl for mixing wine and water) or dinos (bowl for mixing wine and water),Column-krater or Dinos fragment,late 6th/early 5th century BCE,Archaic,,,Terracotta,,"Greek, Attic",,,,,,,,,,,Greek and Roman Art,Vases,,False,True,https://www.metmuseum.org/art/collection/search/749965,https://images.metmuseum.org/CRDImages/gr/original/DVB11581_1_ff.jpg,1,,,
254822,Terracotta statuette of a deer,Statuette of a deer (doe),1st quarter of the 5th century BCE,Late Archaic,,,Terracotta,"H. 5 5/8 in. (14.3 cm)
Plinth: 4 1/8 x 2 1/8 in. (10.5 x 5.4 cm)","Greek, Boeotian",,,,Deer,,,,,,,Greek and Roman Art,Terracottas,,False,True,https://www.metmuseum.org/art/collection/search/254822,https://images.metmuseum.org/CRDImages/gr/original/DP145555.jpg,0,https://www.wikidata.org/wiki/Q116290291,,
737333,Terracotta rim fragment of a skyphos (deep drinking cup),Skyphos fragment,second half of the 5th century BCE,Classical,,,Terracotta,,"Greek, Attic",,,,,,,,,,,Greek and Roman Art,Vases,,False,True,https://www.metmuseum.org/art/collection/search/737333,https://images.metmuseum.org/CRDImages/gr/original/DVB10559_1_ff.jpg,1,,,
745158,Terracotta fragment of an amphora (jar),Amphora fragment,550–540 BCE,Archaic,,,Terracotta,,"Greek, Attic",,,,,,,,,,,Greek and Roman Art,Vases,,False,True,https://www.metmuseum.org/art/collection/search/745158,https://images.metmuseum.org/CRDImages/gr/original/DVB11198_1_ff.jpg,1,,,
245694,Glass jug,Jug,3rd–4th century CE,Late Imperial,,,Glass,H.: 4 7/8 in. (12.4 cm),Roman,,,,,,,,,,,Greek and Roman Art,Glass,,False,True,https://www.metmuseum.org/art/collection/search/245694,https://images.metmuseum.org/CRDImages/gr/original/LC-91_1_1306.jpg,0,,,
733549,Terracotta fragment of a lekythos (oil flask),Lekythos fragment,second quarter of the 5th century BCE,Classical,,,Terracotta,,"Greek, Attic",,,,,,,,,,,Greek and Roman Art,Vases,,False,True,https://www.metmuseum.org/art/collection/search/733549,https://images.metmuseum.org/CRDImages/gr/original/DVB10144_1_ff.jpg,1,,,
703925,Terracotta rim fragment of a kylix: eye-cup (drinking cup),"Kylix fragment, eye-cup",520–510 BCE,Archaic,,,Terracotta,,"Greek, Attic",,,,,,,,,,,Greek and Roman Art,Vases,,False,True,https://www.metmuseum.org/art/collection/search/703925,https://images.metmuseum.org/CRDImages/gr/original/DVB06138_2_ff.jpg,1,,,
239966,Krater,Krater,750–600 BCE,Cypro-Archaic I,,,Terracotta,6 1/2in. (16.5cm),Cypriot,,,,,,,,,,,Greek and Roman Art,Vases,,False,True,https://www.metmuseum.org/art/collection/search/239966,https://images.metmuseum.org/CRDImages/gr/original/LC-74_51381.jpg,0,,,
745349,Terracotta fragment of a neck-amphora (jar),Neck-amphora fragment,6th/5th centuries BCE,Archaic,,,Terracotta,,"Greek, Attic",,,,,,,,,,,Greek and Roman Art,Vases,,False,True,https://www.metmuseum.org/art/collection/search/745349,https://images.metmuseum.org/CRDImages/gr/original/DVB11335_1_ff.jpg,1,,,
248123,Silver jug,Jug,late 4th century BCE,Hellenistic,,,Silver,H.: 4 1/2 in. (11.4 cm),"Greek, South Italian",,,,,,,,,,,Greek and Roman Art,Gold and Silver,,False,True,https://www.metmuseum.org/art/collection/search/248123,https://images.metmuseum.org/CRDImages/gr/original/DP-15263-001.jpg,3,https://www.wikidata.org/wiki/Q116402410,,
243331,Gold earring with ring and hook,"Earring, delta-shaped",2nd–3rd century CE,Imperial,,,Gold,Other: 1 1/8 in. (2.9 cm),Roman,,,,,,,,,,,Greek and Roman Art,Gold and Silver,,False,True,https://www.metmuseum.org/art/collection/search/243331,https://images.metmuseum.org/CRDImages/gr/original/DP135930.jpg,0,https://www.wikidata.org/wiki/Q116295328,,
252692,Vase fragment,Vase fragment,-900–-30,,,,Terracotta,Overall: 2 3/4 x 2 5/8in. (7 x 6.7cm),"East Greek/Sardis, Lydian",,,,,,,,,,,Greek and Roman Art,Vases,,False,True,https://www.metmuseum.org/art/collection/search/252692,https://images.metmuseum.org/CRDImages/gr/original/DP21645.jpg,0,,,
255199,Terracotta oinochoe: chous (jug),"Oinochoe, chous",ca. 350–325 BCE,Classical,,,Terracotta,H. 5 1/8 in. (13 cm),"Greek, South Italian, Paestan",,,,,Heavy Chin Group,Artist,,,,,Greek and Roman Art,Vases,,False,True,https://www.metmuseum.org/art/collection/search/255199,https://images.metmuseum.org/CRDImages/gr/original/DP1624.jpg,0,https://www.wikidata.org/wiki/Q116288545,,
762670,Terracotta fragment of a neck-amphora (jar)?,Neck-amphora fragment?,third quarter of the 6th century BCE,Archaic,,,Terracotta,,"Greek, Chalcidian",,,,,,,,,,,Greek and Roman Art,Vases,,False,True,https://www.metmuseum.org/art/collection/search/762670,https://images.metmuseum.org/CRDImages/gr/original/DVB13892_1_ff.jpg,1,,,
257267,Glass striped mosaic bowl fragment,"Fragment, striped mosaic",late 1st century BCE–early 1st century CE,Early Imperial,,,Glass,Other: 15/16 x 1 5/16 in. (2.3 x 3.3 cm),Roman,,,,,,,,,,,Greek and Roman Art,Glass,,False,True,https://www.metmuseum.org/art/collection/search/257267,https://images.metmuseum.org/CRDImages/gr/original/DP22051_91.1.1831edited.jpg,0,,,
773774,Terracotta rim fragments of kylikes (drinking cups),Kylikes fragments,6th/5th centuries BCE,Archaic/Classical,,,Terracotta,,"Greek, Attic",,,,,,,,,,,Greek and Roman Art,Vases,,False,True,https://www.metmuseum.org/art/collection/search/773774,https://images.metmuseum.org/CRDImages/gr/original/DVB15501_1_ff.jpg,1,,,
254505,Bronze statuette of a striding warrior,Statuette of a warrior,early 5th century BCE,Early Classical,,,Bronze,H.: 4 15/16 in. (12.5 cm),Etruscan,,,,Soldiers|Male Nudes,,,,,,,Greek and Roman Art,Bronzes,,False,True,https://www.metmuseum.org/art/collection/search/254505,https://images.metmuseum.org/CRDImages/gr/original/DP249194.jpg,1,https://www.wikidata.org/wiki/Q116287319,,
243086,Gold coin,Coin,ca. 391–380 BCE,Classical,,,Gold,"Diameter: 3/16 × 1/16 in., 1.1g (0.5 × 0.1 cm, 1.1g)",Cypriot,,,,Men|Profiles|Coins,,,,,,,Greek and Roman Art,Coins,,False,True,https://www.metmuseum.org/art/collection/search/243086,https://images.metmuseum.org/CRDImages/gr/original/sf74513668x.jpg,0,,,
254694,Terracotta nestoris (two-handled jar),Nestoris,ca. 360–350 BCE,Late Classical,,,Terracotta,"H. with handles 15 in. (38.1 cm)
H. without handles  13 9/16 in. (34.5 cm)","Greek, South Italian, Lucanian",,,,Birds|Men|Women|Nike,Painter of New York 52.11.2,Artist,,,,,Greek and Roman Art,Vases,,False,True,https://www.metmuseum.org/art/collection/search/254694,https://images.metmuseum.org/CRDImages/gr/original/DP111814.jpg,1,https://www.wikidata.org/wiki/Q116293164,https://www.wikidata.org/wiki/Q53931510,http://vocab.getty.edu/page/ulan/500072071
243060,Pendant with goat's head,Pendant with goat's head,-7000–330,,,,Gold,Other: 7/16 x 1 1/8 x 3/8 in. (1.1 x 2.9 x 0.9 cm),,,,,Goats,,,,,,,Greek and Roman Art,Gold and Silver,,False,True,https://www.metmuseum.org/art/collection/search/243060,https://images.metmuseum.org/CRDImages/gr/original/sf74513642.jpg,0,,,
773719,Terracotta fragment of a kalathos,Kalathos fragment,500 BCE,Archaic/Classical,,,Terracotta,,"Greek, Attic",,,,,,,,,,,Greek and Roman Art,Vases,,False,True,https://www.metmuseum.org/art/collection/search/773719,https://images.metmuseum.org/CRDImages/gr/original/DVB15927_1_ff.jpg,1,,,
718862,Terracotta fragment of a kylix (drinking cup),Kylix fragment,440–420 BCE,Classical,,,Terracotta,,"Greek, Attic",,,,,,,,,,,Greek and Roman Art,Vases,,False,True,https://www.metmuseum.org/art/collection/search/718862,https://images.metmuseum.org/CRDImages/gr/original/DVB06925_1_ff.jpg,1,,,
749952,Terracotta fragment of a column-krater (bowl for mixing wine and water),Column-krater fragment,540–530 BCE,Archaic,,,Terracotta,,"Greek, Attic",,,,,,,,,,,Greek and Roman Art,Vases,,False,True,https://www.metmuseum.org/art/collection/search/749952,https://images.metmuseum.org/CRDImages/gr/original/DVB11614_1_ff.jpg,1,,,
745124,Terracotta fragments of amphorae (jars),Amphorae fragments,6th century/early 5th century BCE,Archaic,,,Terracotta,,"Greek, Attic",,,,,,,,,,,Greek and Roman Art,Vases,,False,True,https://www.metmuseum.org/art/collection/search/745124,https://images.metmuseum.org/CRDImages/gr/original/DVB11536_1_ff.jpg,1,,,
255004,Glass beaker,Beaker,4th century CE,Late Imperial,,,Glass,"H.: 4 13/16 in. (12.3 cm)
Diam.: 4 3/8 in. (11.1 cm)","Roman, Rhenish",,,,,,,,,,,Greek and Roman Art,Glass,,False,True,https://www.metmuseum.org/art/collection/search/255004,https://images.metmuseum.org/CRDImages/gr/original/DP117559.jpg,0,https://www.wikidata.org/wiki/Q116289090,,
772200,Terracotta rim fragment of a kylix (drinking cup),Kylix fragment,6th/5th centuries BCE,Archaic/Classical,,,Terracotta,,"Greek, Attic",,,,,,,,,,,Greek and Roman Art,Vases,,False,True,https://www.metmuseum.org/art/collection/search/772200,https://images.metmuseum.org/CRDImages/gr/original/DVB15183_1_ff.jpg,1,,,
766193,Terracotta fragment of an amphora (jar),Amphora fragment,6th century BCE,Archaic,,,Terracotta,,Etruscan,,,,,,,,,,,Greek and Roman Art,Vases,,False,True,https://www.metmuseum.org/art/collection/search/766193,https://images.metmuseum.org/CRDImages/gr/original/DVB14606_1_ff.jpg,1,,,
713642,Terracotta fragment of a kylix (drinking cup),Kylix fragment,500–480 BCE,Archaic,,,Terracotta,,"Greek, Attic",,,,,,,,,,,Greek and Roman Art,Vases,,False,True,https://www.metmuseum.org/art/collection/search/713642,https://images.metmuseum.org/CRDImages/gr/original/DVB07656_1_ff.jpg,1,,,
762888,Terracotta fragment of a closed shape,Undetermined closed shape,6th century BCE,Corinthian?,,,Terracotta,,"Greek, Corinthian?",,,,,,,,,,,Greek and Roman Art,Vases,,False,True,https://www.metmuseum.org/art/collection/search/762888,https://images.metmuseum.org/CRDImages/gr/original/DVB14312_1_ff.jpg,1,,,
745317,Terracotta fragment of a neck-amphora (jar),Neck-amphora fragment,last quarter of the 6th century BCE,Archaic,,,Terracotta,,"Greek, Attic",,,,,,,,,,,Greek and Roman Art,Vases,,False,True,https://www.metmuseum.org/art/collection/search/745317,https://images.metmuseum.org/CRDImages/gr/original/DVB11315_1_ff.jpg,1,,,
242132,Limestone statuette of a horse,Statuette of a horse with saddle and bridle,1st half of the 5th century BCE,Classical,,,Limestone,H.: 4 x 5 3/4 x 2 in. (10.2 x 14.6 x 5.1 cm),Cypriot,,,,Horses,,,,,,,Greek and Roman Art,Stone Sculpture,,False,True,https://www.metmuseum.org/art/collection/search/242132,https://images.metmuseum.org/CRDImages/gr/original/DP121756.jpg,0,https://www.wikidata.org/wiki/Q116297541,,
253350,Bronze kyathos (single-handled cup),Kyathos,6th century BCE,Archaic,,,Bronze,H. with handle  8 1/2 in. (21.6 cm),Etruscan,,,,,,,,,,,Greek and Roman Art,Bronzes,,False,True,https://www.metmuseum.org/art/collection/search/253350,https://images.metmuseum.org/CRDImages/gr/original/DP245781.jpg,1,https://www.wikidata.org/wiki/Q116241696,,
249132,Vase fragment,Vase fragment,ca. 580–550 BCE,Archaic,,,Terracotta,Overall: 4 7/16 x 3 5/8in. (11.3 x 9.2cm),Etruscan,,,,,,,,,,,Greek and Roman Art,Vases,,False,True,https://www.metmuseum.org/art/collection/search/249132,https://images.metmuseum.org/CRDImages/gr/original/sf161743416.jpg,0,,,
247835,Vase fragment,Vase fragment,-2600–-2000,Early Minoan III,,,Terracotta,Other: 1 1/2 × 3 × 5/16 in. (3.8 × 7.6 × 0.8 cm),Minoan,,,,,,,,,,,Greek and Roman Art,Vases,,False,True,https://www.metmuseum.org/art/collection/search/247835,https://images.metmuseum.org/CRDImages/gr/original/DP21381.jpg,1,,,
766189,Terracotta fragment of an amphora (jar),Amphora fragment,6th century BCE,Archaic,,,Terracotta,,Etruscan,,,,,,,,,,,Greek and Roman Art,Vases,,False,True,https://www.metmuseum.org/art/collection/search/766189,https://images.metmuseum.org/CRDImages/gr/original/DVB14615_1_ff.jpg,1,,,
246215,Tablet,Tablet,ca. 550–500 BCE,Archaic,,,Terracotta,"width  3 5/16in. (8.4cm)
length  6 1/8in. (15.6cm)",Etruscan,,,,Sphinx|Lions|Sirens,,,,,,,Greek and Roman Art,Vases,,False,True,https://www.metmuseum.org/art/collection/search/246215,https://images.metmuseum.org/CRDImages/gr/original/DP119630.jpg,0,https://www.wikidata.org/wiki/Q116250612,,
255187,Bowl,Bowl,ca. 550–450 BCE,Archaic or Classical,,,Terracotta,H. w/ handles 9.09 cm. Diameter 15.01 cm.,"Italic-Native, South Italian (Daunian)",,,,,,,,,,,Greek and Roman Art,Vases,,False,True,https://www.metmuseum.org/art/collection/search/255187,https://images.metmuseum.org/CRDImages/gr/original/DP1434.jpg,1,,,
703584,Terracotta fragment of a kylix (drinking cup),Kylix fragment,500–480 BCE,Archaic,,,Terracotta,,"Greek, Attic",,,,,,,,,,,Greek and Roman Art,Vases,,False,True,https://www.metmuseum.org/art/collection/search/703584,https://images.metmuseum.org/CRDImages/gr/original/DVB05800_1_ff.jpg,1,,,
739933,Terracotta fragment of a skyphos (deep drinking cup),Skyphos fragment,460–450 BCE,Classical,,,Terracotta,,"Greek, Attic",,,,,,,,,,,Greek and Roman Art,Vases,,False,True,https://www.metmuseum.org/art/collection/search/739933,https://images.metmuseum.org/CRDImages/gr/original/DVB09163_1_ff.jpg,1,,,
243876,Bowl,Bowl,-7000–330,,,,Bronze,Other: 1 3/4in. (4.4cm),,,,,,,,,,,,Greek and Roman Art,Bronzes,,False,True,https://www.metmuseum.org/art/collection/search/243876,https://images.metmuseum.org/CRDImages/gr/original/DP9011.jpg,0,,,
704144,Terracotta fragment of a kylix (drinking cup),Kylix fragment,510–500 BCE,Archaic,,,Terracotta,Height: 2 7/8 in. (7.3 cm),"Greek, Attic",,,,,,,,,,,Greek and Roman Art,Vases,,False,True,https://www.metmuseum.org/art/collection/search/704144,https://images.metmuseum.org/CRDImages/gr/original/DVB04226_1_ff.jpg,1,,,
696141,Terracotta fragment of a kylix (drinking cup),Kylix fragment,first quarter of the 5th century BCE,Archaic/Early Classical,,,Terracotta,,"Greek, Attic",,,,,,,,,,,Greek and Roman Art,Vases,,False,True,https://www.metmuseum.org/art/collection/search/696141,https://images.metmuseum.org/CRDImages/gr/original/DVB04780_1_ff.jpg,1,,,
247947,Terracotta lekythos (oil flask),Lekythos,ca. 480–470 BCE,Classical,,,Terracotta,H. 14 in. (35.5 cm),"Greek, Attic",,,,Nike,Providence Painter,Artist,,,,,Greek and Roman Art,Vases,,False,True,https://www.metmuseum.org/art/collection/search/247947,https://images.metmuseum.org/CRDImages/gr/original/DP-19539-001.jpg,0,https://www.wikidata.org/wiki/Q116402383,https://www.wikidata.org/wiki/Q921867,http://vocab.getty.edu/page/ulan/500028844
773871,Terracotta fragments of kylikes (drinking cups),Kylikes fragments,6th/5th centuries BCE,Archaic/Classical,,,Terracotta,,"Greek, Attic",,,,,,,,,,,Greek and Roman Art,Vases,,False,True,https://www.metmuseum.org/art/collection/search/773871,https://images.metmuseum.org/CRDImages/gr/original/DVB15677_1_ff.jpg,1,,,
773916,Terracotta fragments of kylikes (drinking cups),Kylikes fragments,6th/5th centuries BCE,Archaic/Classical,,,Terracotta,,"Greek, Attic",,,,,,,,,,,Greek and Roman Art,Vases,,False,True,https://www.metmuseum.org/art/collection/search/773916,https://images.metmuseum.org/CRDImages/gr/original/DVB15593_1_ff.jpg,1,,,
759906,Terracotta fragment of an olpe (jug),Olpe fragment,last quarter of the 6th century BCE,Archaic,,,Terracotta,,"Greek, Attic",,,,,,,,,,,Greek and Roman Art,Vases,,False,True,https://www.metmuseum.org/art/collection/search/759906,https://images.metmuseum.org/CRDImages/gr/original/DVB14092_1_ff.jpg,1,,,
251401,Terracotta vase in the form of a lobster claw,Askos in the form of a lobster claw,ca. 460 BCE,Classical,,,Terracotta,"Overall: 2 3/4 x 2 7/8 in. (7 x 7.3 cm)
Other: 6 1/4in. (15.9cm)","Greek, Attic",,,,Horses|Lobsters,Class of Seven Lobster-Claws,Artist,,,,,Greek and Roman Art,Vases,,False,True,https://www.metmuseum.org/art/collection/search/251401,https://images.metmuseum.org/CRDImages/gr/original/DP112906.jpg,2,https://www.wikidata.org/wiki/Q116288385,,http://vocab.getty.edu/page/ulan/500088774
252814,Vase fragment,Vase fragment,-1050–-700,Geometric,,,Terracotta,Overall: 2 3/4 x 1 5/8in. (7 x 4.1cm),"East Greek/Sardis, Lydian",,,,,,,,,,,Greek and Roman Art,Vases,,False,True,https://www.metmuseum.org/art/collection/search/252814,https://images.metmuseum.org/CRDImages/gr/original/DP21753.jpg,0,,,
699118,Terracotta fragment of a kylix (drinking cup),Kylix fragment,500–480 BCE,Archaic,,,Terracotta,,"Greek, Attic",,,,,,,,,,,Greek and Roman Art,Vases,,False,True,https://www.metmuseum.org/art/collection/search/699118,https://images.metmuseum.org/CRDImages/gr/original/DVB05397_1_ff.jpg,1,,,
689221,Terracotta fragment of a kylix (drinking cup),Kylix fragment,520–500 BCE,Archaic,,,Terracotta,,"Greek, Attic",,,,,,,,,,,Greek and Roman Art,Vases,,False,True,https://www.metmuseum.org/art/collection/search/689221,https://images.metmuseum.org/CRDImages/gr/original/DVB02598_1_ff.jpg,1,,,
240771,Terracotta bil-bil,"Bil-bil, double",ca. 1600–1050 BCE,Late Cypriot,,,Terracotta,H. 3 15/16 in. (10 cm),Cypriot,,,,,,,,,,,Greek and Roman Art,Vases,,False,True,https://www.metmuseum.org/art/collection/search/240771,https://images.metmuseum.org/CRDImages/gr/original/DP121222.jpg,0,https://www.wikidata.org/wiki/Q116295592,,
253591,"Pair of gold and rock crystal disks, set with garnet and glass inlays","Disks, pair",early 5th century BCE,Late Archaic,,,"Gold, rock crystal",Diam.: 2 7/16 in. (6.2 cm),Etruscan,,,,,,,,,,,Greek and Roman Art,Gold and Silver,,False,True,https://www.metmuseum.org/art/collection/search/253591,https://images.metmuseum.org/CRDImages/gr/original/DP279016.jpg,1,https://www.wikidata.org/wiki/Q116293080,,
671332,Terracotta fragment of a kylix (drinking cup),Kylix fragment,500–480 BCE,Archaic,,,Terracotta,,"Greek, Attic",,,,,Oltos,Artist,,,,,Greek and Roman Art,Vases,,False,True,https://www.metmuseum.org/art/collection/search/671332,https://images.metmuseum.org/CRDImages/gr/original/DVB01231_1_ff.jpg,1,,https://www.wikidata.org/wiki/Q1360826,http://vocab.getty.edu/page/ulan/500011211
718586,Terracotta fragment of a kylix (drinking cup),Kylix fragment; lipped inside,460–450 BCE,Classical,,,Terracotta,,"Greek, Attic",,,,,,,,,,,Greek and Roman Art,Vases,,False,True,https://www.metmuseum.org/art/collection/search/718586,https://images.metmuseum.org/CRDImages/gr/original/DVB07741_1_ff.jpg,1,,,
241589,Terracotta oil lamp,Lamp,ca. 75–150 CE,Imperial,,,Terracotta,Overall: 1 5/8 x 3 5/8 in. (4.1 x 9.2 cm),Roman,,,,,,,,,,,Greek and Roman Art,Terracottas,,False,True,https://www.metmuseum.org/art/collection/search/241589,https://images.metmuseum.org/CRDImages/gr/original/DP-22527-242.jpg,1,,,
750104,Terracotta fragment of a lekythos (oil flask),Lekythos fragment,third quarter of the sixth century BCE,Archaic,,,Terracotta,,"Greek, Attic",,,,,,,,,,,Greek and Roman Art,Vases,,False,True,https://www.metmuseum.org/art/collection/search/750104,https://images.metmuseum.org/CRDImages/gr/original/DVB11792_1_ff.jpg,1,,,
250821,Volute-krater fragment,Volute-krater fragment,ca. 350–300 BCE,Late Classical,,,Terracotta,3 3/8 x 1 15/16in. (8.6 x 4.9cm),"Greek, South Italian, Apulian",,,,,,,,,,,Greek and Roman Art,Vases,,False,True,https://www.metmuseum.org/art/collection/search/250821,https://images.metmuseum.org/CRDImages/gr/original/Lc-19_192_81_16.jpg,0,,,
668494,Terracotta fragment of a kylix (drinking cup),Kylix fragment,second quarter 5th century BCE,Classical,,,Terracotta,,"Greek, Attic",,,,,,,,,,,Greek and Roman Art,Vases,,False,True,https://www.metmuseum.org/art/collection/search/668494,https://images.metmuseum.org/CRDImages/gr/original/DVB00211_1_ff.jpg,1,,,
257297,Glass mosaic fragment,"Fragment, mosaic",late 1st century BCE–early 1st century CE,Early Imperial,,,Glass,Other: 3/4 x 7/8 in. (2 x 2.3 cm),Roman,,,,,,,,,,,Greek and Roman Art,Glass,,False,True,https://www.metmuseum.org/art/collection/search/257297,https://images.metmuseum.org/CRDImages/gr/original/DP22118.jpg,1,,,
693159,Terracotta fragment of a kylix (drinking cup),Kylix fragment,490–480 BCE,Late Archaic,,,Terracotta,,"Greek, Attic",,,,,,,,,,,Greek and Roman Art,Vases,,False,True,https://www.metmuseum.org/art/collection/search/693159,https://images.metmuseum.org/CRDImages/gr/original/DVB04040_1_ff.jpg,1,,,
241558,Terracotta oil lamp,Lamp,ca. 40–100 CE,Early Imperial,,,Terracotta,Overall: 1 x 3 3/8 in. (2.5 x 8.6 cm),Roman,,,,,,,,,,,Greek and Roman Art,Terracottas,,False,True,https://www.metmuseum.org/art/collection/search/241558,https://images.metmuseum.org/CRDImages/gr/original/DP-18844-085.jpg,1,,,
745463,Terracotta fragment of a neck-amphora (jar),Neck-amphora fragment,early 5th century BCE,Archaic,,,Terracotta,,"Greek, Attic",,,,,,,,,,,Greek and Roman Art,Vases,,False,True,https://www.metmuseum.org/art/collection/search/745463,https://images.metmuseum.org/CRDImages/gr/original/DVB11336_1_ff.jpg,1,,,
733258,Terracotta fragment of a bell-krater (bowl for mixing wine and water),Bell-krater fragment,470–450 BCE,Classical,,,Terracotta,,"Greek, Attic",,,,,,,,,,,Greek and Roman Art,Vases,,False,True,https://www.metmuseum.org/art/collection/search/733258,https://images.metmuseum.org/CRDImages/gr/original/DVB09864_1_ff.jpg,1,,,
772354,Terracotta fragments of skyphoi (deep drinking cups),Skyphoi fragments,5th century BCE,Late Archaic/Classical,,,Terracotta,,"Greek, Attic",,,,,,,,,,,Greek and Roman Art,Vases,,False,True,https://www.metmuseum.org/art/collection/search/772354,https://images.metmuseum.org/CRDImages/gr/original/DVB16123_1_ff.jpg,1,,,
768684,Terracotta rim fragments of kylikes (drinking cups),Kylikes fragments,6th/5th centuries BCE,Archaic/Classical,,,Terracotta,,"Greek, Attic",,,,,,,,,,,Greek and Roman Art,Vases,,False,True,https://www.metmuseum.org/art/collection/search/768684,https://images.metmuseum.org/CRDImages/gr/original/DVB15085_1_ff.jpg,1,,,
745446,Terracotta fragment of a neck-amphora (jar),Neck-amphora fragment,530–510 BCE,Archaic,,,Terracotta,,"Greek, Attic",,,,,,,,,,,Greek and Roman Art,Vases,,False,True,https://www.metmuseum.org/art/collection/search/745446,https://images.metmuseum.org/CRDImages/gr/original/DVB11458_1_ff.jpg,1,,,
768727,Terracotta rim fragment of a kylix (drinking cup),Kylix fragment,6th/5th centuries BCE,Archaic/Classical,,,Terracotta,,"Greek, Attic",,,,,,,,,,,Greek and Roman Art,Vases,,False,True,https://www.metmuseum.org/art/collection/search/768727,https://images.metmuseum.org/CRDImages/gr/original/DVB15188_1_ff.jpg,1,,,
759856,Terracotta fragment of an olpe (jug),Olpe fragment,520–500 BCE,Archaic,,,Terracotta,,"Greek, Attic",,,,,,,,,,,Greek and Roman Art,Vases,,False,True,https://www.metmuseum.org/art/collection/search/759856,https://images.metmuseum.org/CRDImages/gr/original/DVB13691_1_ff.jpg,1,,,
709845,Terracotta fragment of a kylix (drinking cup),Kylix fragment,490–470 BCE,Late Archaic/Early Classical,,,Terracotta,,"Greek, Attic",,,,,,,,,,,Greek and Roman Art,Vases,,False,True,https://www.metmuseum.org/art/collection/search/709845,https://images.metmuseum.org/CRDImages/gr/original/DVB07054_1_ff.jpg,1,,,
253059,Glass beaker or lamp,Beaker or lamp,4th–5th century CE,Late Imperial,,,Glass,"H.: 2 3/8 in. (6 cm)
Diam.: 3 1/2 in. (8.9 cm)",Roman,,,,,,,,,,,Greek and Roman Art,Glass,,False,True,https://www.metmuseum.org/art/collection/search/253059,https://images.metmuseum.org/CRDImages/gr/original/DP224349.jpg,0,https://www.wikidata.org/wiki/Q116242040,,
768645,Terracotta fragments of a kylix (drinking cup),Kylix fragments,6th/5th centuries BCE,Archaic/Classical,,,Terracotta,,"Greek, Attic",,,,,,,,,,,Greek and Roman Art,Vases,,False,True,https://www.metmuseum.org/art/collection/search/768645,https://images.metmuseum.org/CRDImages/gr/original/DVB15226_1_ff.jpg,1,,,
721489,Terracotta fragment of a kylix (drinking cup),Kylix fragment,second quarter of the 4th century BCE,Late Classical,,,Terracotta,,"Greek, Attic",,,,,,,,,,,Greek and Roman Art,Vases,,False,True,https://www.metmuseum.org/art/collection/search/721489,https://images.metmuseum.org/CRDImages/gr/original/DVB08346_1_ff.jpg,1,,,
240009,"Vase, miniature","Vase, miniature",-3900–100,,,,Terracotta,H. 3 11/16 in. (9.4 cm),Cypriot,,,,,,,,,,,Greek and Roman Art,Vases,,False,True,https://www.metmuseum.org/art/collection/search/240009,https://images.metmuseum.org/CRDImages/gr/original/LC-74_51_423.jpg,0,,,
242062,Limestone statuette of a beardless male votary in Greek dress,"Statue of a votary, male",middle or 3rd quarter of the 6th century BCE,Archaic,,,Limestone,Overall: 15 3/4 x 4 3/8 x 2 1/4 in. (40 x 11.1 x 5.7 cm),Cypriot,,,,Men,,,,,,,Greek and Roman Art,Stone Sculpture,,False,True,https://www.metmuseum.org/art/collection/search/242062,https://images.metmuseum.org/CRDImages/gr/original/DP159430.jpg,0,,,
729093,Terracotta fragment of a column-krater (bowl for mixing wine and water),Column-krater fragment,460–440 BCE,Classical,,,Terracotta,,"Greek, Attic",,,,,,,,,,,Greek and Roman Art,Vases,,False,True,https://www.metmuseum.org/art/collection/search/729093,https://images.metmuseum.org/CRDImages/gr/original/DVB08936_1_ff.jpg,1,,,
244394,Spoon probe,Spoon probe,-3900–100,,,,Bronze,Other: 6 1/16in. (15.4cm),Cypriot,,,,,,,,,,,Greek and Roman Art,Bronzes,,False,True,https://www.metmuseum.org/art/collection/search/244394,https://images.metmuseum.org/CRDImages/gr/original/DP20009.jpg,0,,,
678380,Terracotta fragments of kylikes (drinking cups),Kylix fragments,5th century BCE,Archaic/Classical,,,Terracotta,,"Greek, Attic",,,,,,,,,,,Greek and Roman Art,Vases,,False,True,https://www.metmuseum.org/art/collection/search/678380,https://images.metmuseum.org/CRDImages/gr/original/DVB01721_1_ff.jpg,1,,,
250633,Knife,Knife,-670–330,,,,Bronze,Other: 2 5/8 in. (6.7 cm),Roman,,,,Knives,,,,,,,Greek and Roman Art,Bronzes,,False,True,https://www.metmuseum.org/art/collection/search/250633,https://images.metmuseum.org/CRDImages/gr/original/DP20551.jpg,0,,,
721550,Terracotta fragment of a kylix (drinking cup),Kylix fragment,first half of the 4th century BCE,Late Classical,,,Terracotta,,"Greek, Attic",,,,,,,,,,,Greek and Roman Art,Vases,,False,True,https://www.metmuseum.org/art/collection/search/721550,https://images.metmuseum.org/CRDImages/gr/original/DVB08447_1_ff.jpg,1,,,
243850,Silver jug,Jug,ca. 600 BCE,Late Cypro-Archaic I,,,Silver,H. 4 3/16 in. (10.7 cm),Cypriot,,,,,,,,,,,Greek and Roman Art,Gold and Silver,,False,True,https://www.metmuseum.org/art/collection/search/243850,https://images.metmuseum.org/CRDImages/gr/original/DP-37285-002.jpg,1,https://www.wikidata.org/wiki/Q116402210,,
745051,Terracotta fragment of a pelike (jar),Pelike fragment,510–500 BCE,Archaic,,,Terracotta,,"Greek, Attic",,,,,,,,,,,Greek and Roman Art,Vases,,False,True,https://www.metmuseum.org/art/collection/search/745051,https://images.metmuseum.org/CRDImages/gr/original/DVB11439_1_ff.jpg,1,,,
750470,Terracotta fragment of a kyathos (cup-shaped ladle),Kyathos fragment,late 6th/early 5th century BCE,Archaic,,,Terracotta,,"Greek, Attic",,,,,,,,,,,Greek and Roman Art,Vases,,False,True,https://www.metmuseum.org/art/collection/search/750470,https://images.metmuseum.org/CRDImages/gr/original/DVB12110_1_ff.jpg,1,,,
729042,Terracotta fragment of a column-krater (bowl for mixing wine and water),Column-krater fragment,460–440 BCE,Classical,,,Terracotta,,"Greek, Attic",,,,,,,,,,,Greek and Roman Art,Vases,,False,True,https://www.metmuseum.org/art/collection/search/729042,https://images.metmuseum.org/CRDImages/gr/original/DVB09628_1_ff.jpg,1,,,
772317,Terracotta rim fragment of a kylix (drinking cup),Kylix fragment; lipped inside and out,6th/5th centuries BCE,Archaic/Classical,,,Terracotta,,"Greek, Attic",,,,,,,,,,,Greek and Roman Art,Vases,,False,True,https://www.metmuseum.org/art/collection/search/772317,https://images.metmuseum.org/CRDImages/gr/original/DVB15455_1_ff.jpg,1,,,
756239,Terracotta rim fragment of a kylix (drinking cup),Kylix fragment,late 6th/early 5th centuries BCE,Archaic,,,Terracotta,,"Greek, Attic",,,,,,,,,,,Greek and Roman Art,Vases,,False,True,https://www.metmuseum.org/art/collection/search/756239,https://images.metmuseum.org/CRDImages/gr/original/DVB13071_1_ff.jpg,1,,,
773841,Terracotta fragments of kylikes (drinking cups),Kylikes fragments,6th/5th centuries BCE,Archaic/Classical,,,Terracotta,,"Greek, Attic",,,,,,,,,,,Greek and Roman Art,Vases,,False,True,https://www.metmuseum.org/art/collection/search/773841,https://images.metmuseum.org/CRDImages/gr/original/DVB15608_1_ff.jpg,1,,,
251135,Terracotta lekythos (oil flask),Lekythos,ca. 480 BCE,Classical,,,Terracotta,H. 16 3/8 in. (41.6 cm),"Greek, Attic",,,,Women,Berlin Painter,Artist,,,,,Greek and Roman Art,Vases,,False,True,https://www.metmuseum.org/art/collection/search/251135,https://images.metmuseum.org/CRDImages/gr/original/DP114814.jpg,0,https://www.wikidata.org/wiki/Q116289831,https://www.wikidata.org/wiki/Q821647,http://vocab.getty.edu/page/ulan/500006931
695998,Terracotta fragment of a kylix (drinking cup),Kylix fragment,490–470 BCE,Late Archaic/Early Classical,,,Terracotta,,"Greek, Attic",,,,,,,,,,,Greek and Roman Art,Vases,,False,True,https://www.metmuseum.org/art/collection/search/695998,https://images.metmuseum.org/CRDImages/gr/original/DVB04419_1_ff.jpg,1,,,
709735,Terracotta rim fragment of a kylix (drinking cup),Kylix fragment,490–470 BCE,Late Archaic/Early Classical,,,Terracotta,,"Greek, Attic",,,,,,,,,,,Greek and Roman Art,Vases,,False,True,https://www.metmuseum.org/art/collection/search/709735,https://images.metmuseum.org/CRDImages/gr/original/DVB07151_1_ff.jpg,1,,,
699059,Terracotta fragments of kylikes (drinking cups),Kylix fragments,6th/5th centuries BCE,Archaic/Classical,,,Terracotta,,"Greek, Attic",,,,,,,,,,,Greek and Roman Art,Vases,,False,True,https://www.metmuseum.org/art/collection/search/699059,https://images.metmuseum.org/CRDImages/gr/original/DVB05243_1_ff.jpg,1,,,
248424,"Terracotta head, possibly of a comic actor","Head, possibly of a comic actor",4th century BCE,Classical,,,Terracotta,H. 2 1/2 in. (6.35 cm),"Greek, South Italian, Tarentine",,,,Heads|Actors,,,,,,,Greek and Roman Art,Terracottas,,False,True,https://www.metmuseum.org/art/collection/search/248424,https://images.metmuseum.org/CRDImages/gr/original/DP114323.jpg,0,https://www.wikidata.org/wiki/Q116289623,,
710019,Terracotta fragment of a kylix (drinking cup),Kylix fragment,500–480 BCE,Archaic,,,Terracotta,,"Greek, Attic",,,,,Onesimos,Artist,,,,,Greek and Roman Art,Vases,,False,True,https://www.metmuseum.org/art/collection/search/710019,https://images.metmuseum.org/CRDImages/gr/original/DVB06454_1_ff.jpg,1,,https://www.wikidata.org/wiki/Q475054,http://vocab.getty.edu/page/ulan/500115465
718936,Terracotta rim fragment of a kylix (drinking cup),Kylix fragment,460–450 BCE,Classical,,,Terracotta,,"Greek, Attic",,,,,,,,,,,Greek and Roman Art,Vases,,False,True,https://www.metmuseum.org/art/collection/search/718936,https://images.metmuseum.org/CRDImages/gr/original/DVB08052_1_ff.jpg,1,,,
689289,Terracotta fragment of a kylix (drinking cup),Kylix fragment,490–480 BCE,Late Archaic,,,Terracotta,,"Greek, Attic",,,,,,,,,,,Greek and Roman Art,Vases,,False,True,https://www.metmuseum.org/art/collection/search/689289,https://images.metmuseum.org/CRDImages/gr/original/DVB02707_1_ff.jpg,1,,,
699399,Terracotta fragment of a kylix (drinking cup),Kylix fragment,480–470 BCE,Early Classical,,,Terracotta,,"Greek, Attic",,,,,,,,,,,Greek and Roman Art,Vases,,False,True,https://www.metmuseum.org/art/collection/search/699399,https://images.metmuseum.org/CRDImages/gr/original/DVB05148_1_ff.jpg,1,,,
252566,Terracotta architectural tile,Tile fragment,6th century BCE,Archaic,,,Terracotta,"H.: 8 1/16 in. (20.5 cm)
Other: 9 7/8 in. (25.1 cm)",Lydian,,,,,,,,,,,Greek and Roman Art,Terracottas,,False,True,https://www.metmuseum.org/art/collection/search/252566,https://images.metmuseum.org/CRDImages/gr/original/DP102160.jpg,0,https://www.wikidata.org/wiki/Q116242266,,
244462,Bronze statuette of Osiris,Statuette of Osiris,664–31 BCE,Late Dynastic-Hellenistic,,,Bronze,H. 4 3/8 in. (11.1 cm),Egyptian,,,,Osiris,,,,,,,Greek and Roman Art,Bronzes,,False,True,https://www.metmuseum.org/art/collection/search/244462,https://images.metmuseum.org/CRDImages/gr/original/DP20095.jpg,0,https://www.wikidata.org/wiki/Q116293097,,
678510,Terracotta fragment of a kylix (drinking cup),Kylix fragment,5th century BCE,Archaic/Classical,,,Terracotta,Height: 1 3/16 in. (3 cm),"Greek, Attic",,,,,,,,,,,Greek and Roman Art,Vases,,False,True,https://www.metmuseum.org/art/collection/search/678510,https://images.metmuseum.org/CRDImages/gr/original/DVB01772_1_ff.jpg,1,,,
737261,Terracotta fragment of a skyphos (deep drinking cup),Skyphos fragment,460–440 BCE,Classical,,,Terracotta,,"Greek, Attic",,,,,,,,,,,Greek and Roman Art,Vases,,False,True,https://www.metmuseum.org/art/collection/search/737261,https://images.metmuseum.org/CRDImages/gr/original/DVB10476_1_ff.jpg,1,,,
243675,Ring with glass bezel,Ring with glass bezel,1st century BCE–3rd century CE,Imperial,,,"Gold, glass in bezel",Other: 7/8 × 7/8 × 3/8 in. (2.2 × 2.2 × 1 cm),Roman,,,,,,,,,,,Greek and Roman Art,Gold and Silver,,False,True,https://www.metmuseum.org/art/collection/search/243675,https://images.metmuseum.org/CRDImages/gr/original/sf74514263.jpg,0,,,
762843,Terracotta fragment of a plemochoe (vase for perfume)?,Plemochoe fragment?,second half of the 6th century BCE,Archaic,,,Terracotta,,"Greek, Attic",,,,,,,,,,,Greek and Roman Art,Vases,,False,True,https://www.metmuseum.org/art/collection/search/762843,https://images.metmuseum.org/CRDImages/gr/original/DVB14235_1_ff.jpg,1,,,
330156,Silver triobol,Triobol,ca. 420–370 BC,,,,Silver,9/16 in. (15 mm),"Greek, Argos",,,,,,,,,,,Greek and Roman Art,Coins,,False,True,https://www.metmuseum.org/art/collection/search/330156,https://images.metmuseum.org/CRDImages/gr/original/KN361.JPG,1,,,
772412,Terracotta fragment of a stemless kylix (drinking cup)?,Stemless kylix fragment?,6th/5th centuries BCE,Archaic/Classical,,,Terracotta,,"Greek, Attic",,,,,,,,,,,Greek and Roman Art,Vases,,False,True,https://www.metmuseum.org/art/collection/search/772412,https://images.metmuseum.org/CRDImages/gr/original/DVB15485_1_ff.jpg,1,,,
257242,Glass striped mosaic bowl fragment,"Fragment, striped mosaic",late 1st century BCE–early 1st century CE,Early Imperial,,,Glass,Other: 15/16 x 2 in. (2.4 x 5 cm),Roman,,,,,,,,,,,Greek and Roman Art,Glass,,False,True,https://www.metmuseum.org/art/collection/search/257242,https://images.metmuseum.org/CRDImages/gr/original/DP22029edited.jpg,0,,,
709800,Terracotta fragment of a kylix (drinking cup),Kylix fragment,490–480 BCE,Late Archaic,,,Terracotta,,"Greek, Attic",,,,,,,,,,,Greek and Roman Art,Vases,,False,True,https://www.metmuseum.org/art/collection/search/709800,https://images.metmuseum.org/CRDImages/gr/original/DVB07098_1_ff.jpg,1,,,
766024,Terracotta fragment of a kylix (drinking cup),Kylix fragment,late 4th century BCE,Classical,,,Terracotta,,Etruscan,,,,,,,,,,,Greek and Roman Art,Vases,,False,True,https://www.metmuseum.org/art/collection/search/766024,https://images.metmuseum.org/CRDImages/gr/original/DVB14444_1_ff.jpg,1,,,
244021,Alabaster alabastron (perfume vase),"Vase, oval",6th–5th century BCE,Archaic or Classical,,,Alabaster,H. 2 1/2 (6.4 cm); Diam. 2 1/16 in. (5.2 cm),Cypriot,,,,,,,,,,,Greek and Roman Art,Miscellaneous-Stone Vases,,False,True,https://www.metmuseum.org/art/collection/search/244021,https://images.metmuseum.org/CRDImages/gr/original/DP153479.jpg,0,,,
774201,Terracotta fragment of a kylix (drinking cup),Kylix fragment,490–470 BCE,Late Archaic,,,Terracotta,,"Greek, Attic",,,,,Makron,Artist,,,,,Greek and Roman Art,Vases,,False,True,https://www.metmuseum.org/art/collection/search/774201,https://images.metmuseum.org/CRDImages/gr/original/DVB16179_1_ff.jpg,1,,https://www.wikidata.org/wiki/Q427706,http://vocab.getty.edu/page/ulan/500008500
676789,Terracotta fragments of kylikes (drinking cups),Kylix fragments,5th century BCE,Archaic /Classical,,,Terracotta,,"Greek, Attic",,,,,,,,,,,Greek and Roman Art,Vases,,False,True,https://www.metmuseum.org/art/collection/search/676789,https://images.metmuseum.org/CRDImages/gr/original/DVB01474_1_ff.jpg,1,,,
246815,Bead ornaments in the form of female head,Bead ornaments in the form of female head,6th–5th century BCE,Classical,,,Electrum,Other: 7/16 × 7/16 × 3/16 in. (1.1 × 1.1 × 0.4 cm),Greek,,,,Heads|Women,,,,,,,Greek and Roman Art,Gold and Silver,,False,True,https://www.metmuseum.org/art/collection/search/246815,https://images.metmuseum.org/CRDImages/gr/original/sf98115462.jpg,0,,,
241806,Terracotta oil lamp,Lamp,1st half of 3rd century CE,Late Imperial,,,"Terracotta, mold-made",Overall: 1 3/8 x 3 1/8 in. (3.5 x 7.9 cm),Roman,,,,,,,,,,,Greek and Roman Art,Terracottas,,False,True,https://www.metmuseum.org/art/collection/search/241806,https://images.metmuseum.org/CRDImages/gr/original/DP-22527-180.jpg,2,,,
243301,"Earring, crescent-shaped","Earring, crescent-shaped",-7000–330,,,,Gold,Other: 7/8 × 15/16 × 1/8 in. (2.3 × 2.4 × 0.3 cm),,,,,,,,,,,,Greek and Roman Art,Gold and Silver,,False,True,https://www.metmuseum.org/art/collection/search/243301,https://images.metmuseum.org/CRDImages/gr/original/sf74513883.jpg,0,,,
246279,Statuette of a man,Statuette of a man,7th century BCE or later,Archaic or later,,,Bronze,H.: 2 1/4 in. (5.7 cm),Italic,,,,Men,,,,,,,Greek and Roman Art,Bronzes,,False,True,https://www.metmuseum.org/art/collection/search/246279,https://images.metmuseum.org/CRDImages/gr/original/DP20172.jpg,0,,,
709796,Terracotta fragment of a kylix (drinking cup),Kylix fragment,490–480 BCE,Late Archaic,,,Terracotta,,"Greek, Attic",,,,,,,,,,,Greek and Roman Art,Vases,,False,True,https://www.metmuseum.org/art/collection/search/709796,https://images.metmuseum.org/CRDImages/gr/original/DVB06837_1_ff.jpg,1,,,
244287,Mirror,Mirror,-7000–-30,,,,Bronze,Other: 4 1/2in. (11.4cm),"Greek, Cypriot",,,,,,,,,,,Greek and Roman Art,Bronzes,,False,True,https://www.metmuseum.org/art/collection/search/244287,https://images.metmuseum.org/CRDImages/gr/original/DP2252.jpg,1,,,
691611,Terracotta fragment of a kylix (drinking cup),Kylix fragment,490–480 BCE,Late Archaic,,,Terracotta,,"Greek, Attic",,,,,,,,,,,Greek and Roman Art,Vases,,False,True,https://www.metmuseum.org/art/collection/search/691611,https://images.metmuseum.org/CRDImages/gr/original/DVB02995_1_ff.jpg,1,,,
669763,Terracotta fragments of kylikes (drinking cups),Kylix fragments,5th century BCE,Archaic/Classical,,,Terracotta,,"Greek, Attic",,,,,,,,,,,Greek and Roman Art,Vases,,False,True,https://www.metmuseum.org/art/collection/search/669763,https://images.metmuseum.org/CRDImages/gr/original/DVB00680_1_ff.jpg,1,,,
254942,Terracotta kylix (drinking cup),Kylix,ca. 480–470 BCE,Late Archaic,,,Terracotta,3 5/8 x 12in. (9.2 x 30.5cm); diameter  8 3/4in. (22.2cm),"Greek, Attic or Boeotian",,,,Satyrs,,,,,,,Greek and Roman Art,Vases,,False,True,https://www.metmuseum.org/art/collection/search/254942,https://images.metmuseum.org/CRDImages/gr/original/DP121691.jpg,2,https://www.wikidata.org/wiki/Q116289337,,
683849,Terracotta rim fragment of a kylix (drinking cup),Kylix fragment,second quarter of the 5th century BCE,Classical,,,Terracotta,,"Greek, Attic",,,,,,,,,,,Greek and Roman Art,Vases,,False,True,https://www.metmuseum.org/art/collection/search/683849,https://images.metmuseum.org/CRDImages/gr/original/DVB02175_1_ff.jpg,1,,,
244541,Shield boss,Shield boss,-7000–330,,,,Bronze,Diam.: 1 3/4 in. (4.4 cm),,,,,,,,,,,,Greek and Roman Art,Bronzes,,False,True,https://www.metmuseum.org/art/collection/search/244541,https://images.metmuseum.org/CRDImages/gr/original/DP20155.jpg,0,,,
704068,Terracotta rim fragment of a kylix (drinking cup),Kylix fragment,510–500 BCE,Archaic,,,Terracotta,,"Greek, Attic",,,,,,,,,,,Greek and Roman Art,Vases,,False,True,https://www.metmuseum.org/art/collection/search/704068,https://images.metmuseum.org/CRDImages/gr/original/DVB06563_2_ff.jpg,1,,,
709974,Terracotta fragment of a kylix (drinking cup),Kylix fragment,490–480 BCE,Late Archaic,,,Terracotta,,"Greek, Attic",,,,,Colmar Painter,Artist,,,,,Greek and Roman Art,Vases,,False,True,https://www.metmuseum.org/art/collection/search/709974,https://images.metmuseum.org/CRDImages/gr/original/DVB06666_1_ff.jpg,1,,https://www.wikidata.org/wiki/Q18508104,http://vocab.getty.edu/page/ulan/500097485
249670,Glass pendant,Pendant,3rd–4th century CE,Late Imperial,,,Glass,"Other: 1 1/16 in. (2.7 cm)
Diam.: 3/4 in. (1.9 cm)",Roman,,,,,,,,,,,Greek and Roman Art,Glass,,False,True,https://www.metmuseum.org/art/collection/search/249670,https://images.metmuseum.org/CRDImages/gr/original/sf17194433color.jpg,0,,,
709599,Terracotta fragment of a kylix (drinking cup),Kylix fragment,490–480 BCE,Late Archaic,,,Terracotta,,"Greek, Attic",,,,,,,,,,,Greek and Roman Art,Vases,,False,True,https://www.metmuseum.org/art/collection/search/709599,https://images.metmuseum.org/CRDImages/gr/original/DVB04644_1_ff.jpg,1,,,
242253,Limestone statuette of a boy holding a bird,Statuette of a temple boy,4th century BCE,Classical,,,Limestone,H.: 28 x 9 3/4 x 5 1/8 in. (71.1 x 24.8 x 13 cm),Cypriot,,,,Doves|Boys,,,,,,,Greek and Roman Art,Stone Sculpture,,False,True,https://www.metmuseum.org/art/collection/search/242253,https://images.metmuseum.org/CRDImages/gr/original/DP204728.jpg,0,,,
737242,Terracotta fragment of a skyphos (deep drinking cup),Skyphos fragment,460–440 BCE,Classical,,,Terracotta,,"Greek, Attic",,,,,,,,,,,Greek and Roman Art,Vases,,False,True,https://www.metmuseum.org/art/collection/search/737242,https://images.metmuseum.org/CRDImages/gr/original/DVB10403_1_ff.jpg,1,,,
745261,Terracotta fragment of a neck-amphora (jar),Neck-amphora fragment,late 6th/early 5th centuries BCE,Archaic,,,Terracotta,,"Greek, Attic",,,,,,,,,,,Greek and Roman Art,Vases,,False,True,https://www.metmuseum.org/art/collection/search/745261,https://images.metmuseum.org/CRDImages/gr/original/DVB11273_1_ff.jpg,1,,,
719093,Terracotta fragment of a kylix (drinking cup),Kylix fragment,third quarter of the 5th century BCE,Classical,,,Terracotta,,"Greek, Attic",,,,,Eretria Painter,Artist,,,,,Greek and Roman Art,Vases,,False,True,https://www.metmuseum.org/art/collection/search/719093,https://images.metmuseum.org/CRDImages/gr/original/DVB07979_1_ff.jpg,1,,https://www.wikidata.org/wiki/Q386045,http://vocab.getty.edu/page/ulan/500021015
713899,Terracotta fragment of a kylix (drinking cup),Kylix fragment,500–480 BCE,Archaic,,,Terracotta,,"Greek, Attic",,,,,Makron,Artist,,,,,Greek and Roman Art,Vases,,False,True,https://www.metmuseum.org/art/collection/search/713899,https://images.metmuseum.org/CRDImages/gr/original/DVB07505_1_ff.jpg,1,,https://www.wikidata.org/wiki/Q427706,http://vocab.getty.edu/page/ulan/500008500
242719,Gold pendant capsule in the form of a male figure,Pendant in the form of a male figure,6th–4th century BCE,Archaic-Classical,,,Gold,Other: 1 1/8 in. (2.9 cm),Cypriot,,,,Men,,,,,,,Greek and Roman Art,Gold and Silver,,False,True,https://www.metmuseum.org/art/collection/search/242719,https://images.metmuseum.org/CRDImages/gr/original/DP135975.jpg,0,https://www.wikidata.org/wiki/Q116290389,,
750225,Terracotta fragment of a lekanis lid (covered dish),Lekanis lid fragment,6th century BCE,Archaic,,,Terracotta,,"Greek, Attic",,,,,,,,,,,Greek and Roman Art,Vases,,False,True,https://www.metmuseum.org/art/collection/search/750225,https://images.metmuseum.org/CRDImages/gr/original/DVB11873_1_ff.jpg,1,,,
241002,Male head wearing a helmet,Head of a man,ca. 600–480 BCE,Cypro-Archaic II,,,Terracotta,H. 6 1/8 in. (15.6 cm),Cypriot,,,,Helmets|Heads|Men,,,,,,,Greek and Roman Art,Terracottas,,False,True,https://www.metmuseum.org/art/collection/search/241002,https://images.metmuseum.org/CRDImages/gr/original/DP101547.jpg,0,,,
671189,Terracotta fragment of a kylix (drinking cup),Kylix fragment,second quarter of the 5th century BCE,Classical,,,Terracotta,,"Greek, Attic",,,,,,,,,,,Greek and Roman Art,Vases,,False,True,https://www.metmuseum.org/art/collection/search/671189,https://images.metmuseum.org/CRDImages/gr/original/DVB00889_1_ff.jpg,1,,,
243461,Glass bead,"Bead, spherical",ca. 1st–4th century CE,Imperial,,,Glass,Height: 1/4 × 5/16 in. (0.7 × 0.8 cm),Roman,,,,,,,,,,,Greek and Roman Art,Glass,,False,True,https://www.metmuseum.org/art/collection/search/243461,https://images.metmuseum.org/CRDImages/gr/original/DP-13080-072.jpg,1,,,
247176,Terracotta krater,Krater,ca. 13th century BCE,Late Helladic IIIB,,,Terracotta,"H. 12 in. (30.5 cm.)
Max. Diam. 11 7/8 in. (30.2 cm.)",Mycenaean,,,,Octopus,,,,,,,Greek and Roman Art,Vases,,False,True,https://www.metmuseum.org/art/collection/search/247176,https://images.metmuseum.org/CRDImages/gr/original/DP121167.jpg,0,https://www.wikidata.org/wiki/Q116295596,,
240095,Terracotta jug,Jug,ca. 750–600 BCE,Cypro-Archaic I,,,Terracotta,H. 9 5/16 in. (23.7 cm),Cypriot,,,,Faces|Men,,,,,,,Greek and Roman Art,Vases,,False,True,https://www.metmuseum.org/art/collection/search/240095,https://images.metmuseum.org/CRDImages/gr/original/DP268975.jpg,2,https://www.wikidata.org/wiki/Q116297186,,
721419,Terracotta fragment of a kylix (drinking cup),Kylix fragment,520–510 BCE,Archaic,,,Terracotta,,"Greek, Attic",,,,,,,,,,,Greek and Roman Art,Vases,,False,True,https://www.metmuseum.org/art/collection/search/721419,https://images.metmuseum.org/CRDImages/gr/original/DVB08362_1_ff.jpg,1,,,
756306,Terracotta fragment of a kylix (drinking cup),Kylix fragment,last quarter of the 6th century BCE,Archaic,,,Terracotta,,"Greek, Attic",,,,,,,,,,,Greek and Roman Art,Vases,,False,True,https://www.metmuseum.org/art/collection/search/756306,https://images.metmuseum.org/CRDImages/gr/original/DVB13222_1_ff.jpg,1,,,
241076,Terracotta comic mask,Mask,late 4th–early 3rd century BCE,Early Hellenistic,,,Terracotta,H. 1 7/8 in. (4.8 cm),"Greek, Cypriot",,,,Masks,,,,,,,Greek and Roman Art,Terracottas,,False,True,https://www.metmuseum.org/art/collection/search/241076,https://images.metmuseum.org/CRDImages/gr/original/DP101365.jpg,1,https://www.wikidata.org/wiki/Q116294016,,
249953,Glass face bead,Face bead,mid-4th–3rd century BCE,Late Classical,,,Glass,Height: 3/4 × 3/8 in. (1.9 × 1 cm),Phoenician or Carthaginian,,,,Faces,,,,,,,Greek and Roman Art,Glass,,False,True,https://www.metmuseum.org/art/collection/search/249953,https://images.metmuseum.org/CRDImages/gr/original/DP121044.jpg,0,https://www.wikidata.org/wiki/Q116290755,,
899859,Statuette of Mercury,Statuette,c. 2nd Century CE,Imperial,,,Bronze,Height: 12.7cm,Roman,,,,,,,,,,,Greek and Roman Art,Bronzes,,False,True,https://www.metmuseum.org/art/collection/search/899859,https://images.metmuseum.org/CRDImages/gr/original/DP-32692-001.jpg,6,,,
248667,Glass hexagonal bottle,"Bottle, hexagonal",1st century CE,Early Imperial,,,Glass,"H.: 3 3/8 in. (8.6 cm), W.: 1 1/2 in. (3.8 cm)",Roman,,,,,,,,,,,Greek and Roman Art,Glass,,False,True,https://www.metmuseum.org/art/collection/search/248667,https://images.metmuseum.org/CRDImages/gr/original/DP141528.jpg,0,https://www.wikidata.org/wiki/Q116288270,,
686975,Terracotta fragment of a kylix (drinking cup),Kylix fragment,second quarter of the 5th century BCE,Classical,,,Terracotta,,"Greek, Attic",,,,,,,,,,,Greek and Roman Art,Vases,,False,True,https://www.metmuseum.org/art/collection/search/686975,https://images.metmuseum.org/CRDImages/gr/original/DVB02483_1_ff.jpg,1,,,
721770,Terracotta fragment of a stemless kylix (drinking cup),Kylix fragment,460–450 BCE,Classical,,,Terracotta,,"Greek, Attic",,,,,,,,,,,Greek and Roman Art,Vases,,False,True,https://www.metmuseum.org/art/collection/search/721770,https://images.metmuseum.org/CRDImages/gr/original/DVB08578_1_ff.jpg,1,,,
249126,Vase fragment,Vase fragment,ca. 575–550 BCE,Archaic,,,Terracotta,Overall: 2 3/4 x 1 15/16in. (7 x 4.9cm),Etruscan,,,,Faces,,,,,,,Greek and Roman Art,Vases,,False,True,https://www.metmuseum.org/art/collection/search/249126,https://images.metmuseum.org/CRDImages/gr/original/sf161743410.jpg,0,,,
689348,Terracotta fragment of a kylix (drinking cup),Kylix fragment,520–500 BCE,Archaic,,,Terracotta,,"Greek, Attic",,,,,,,,,,,Greek and Roman Art,Vases,,False,True,https://www.metmuseum.org/art/collection/search/689348,https://images.metmuseum.org/CRDImages/gr/original/DVB02772_1_ff.jpg,1,,,
676679,Terracotta fragments of kylikes (drinking cups),Kylix fragments,5th century BCE,Archaic/Classical,,,Terracotta,,"Greek, Attic",,,,,,,,,,,Greek and Roman Art,Vases,,False,True,https://www.metmuseum.org/art/collection/search/676679,https://images.metmuseum.org/CRDImages/gr/original/DVB01354_1_ff.jpg,1,,,
245709,Glass jug,Jug,mid-1st century CE,Early Imperial,,,Glass,H.: 5 7/16 in. (13.8 cm),Roman,,,,,,,,,,,Greek and Roman Art,Glass,,False,True,https://www.metmuseum.org/art/collection/search/245709,https://images.metmuseum.org/CRDImages/gr/original/DP117541.jpg,0,https://www.wikidata.org/wiki/Q116289650,,
249819,Glass alabastron (perfume bottle),Alabastron,2nd–mid 1st century BCE,Hellenistic,,,Glass,"H.: 5 1/16 in. (12.8 cm)
Diam.: 1 9/16 in. (3.9 cm)","Greek, Eastern Mediterranean",,,,,,,,,,,Greek and Roman Art,Glass,,False,True,https://www.metmuseum.org/art/collection/search/249819,https://images.metmuseum.org/CRDImages/gr/original/DP151258.jpg,0,,,
729012,Terracotta fragment of a column-krater (bowl for mixing wine and water),Column-krater fragment,460–440 BCE,Classical,,,Terracotta,,"Greek, Attic",,,,,,,,,,,Greek and Roman Art,Vases,,False,True,https://www.metmuseum.org/art/collection/search/729012,https://images.metmuseum.org/CRDImages/gr/original/DVB09644_1_ff.jpg,1,,,
713560,Terracotta fragment of a kylix (drinking cup),Kylix fragment,490–470 BCE,Late Archaic/Early Classical,,,Terracotta,,"Greek, Attic",,,,,,,,,,,Greek and Roman Art,Vases,,False,True,https://www.metmuseum.org/art/collection/search/713560,https://images.metmuseum.org/CRDImages/gr/original/DVB07234_1_ff.jpg,1,,,
683318,Terracotta rim fragment of a kylix (drinking cup),Kylix fragment,490–480 BCE,Late Archaic,,,Terracotta,,"Greek, Attic",,,,,,,,,,,Greek and Roman Art,Vases,,False,True,https://www.metmuseum.org/art/collection/search/683318,https://images.metmuseum.org/CRDImages/gr/original/DVB01215_1_ff.jpg,1,,,
241477,Terracotta oil lamp,Lamp,1st century BCE–1st century CE,Early Imperial,,,Terracotta,"Length: 3 5/16 in. (8.4 cm)
Height: 3/4 in. (1.9 cm)",Roman,,,,Birds,,,,,,,Greek and Roman Art,Terracottas,,False,True,https://www.metmuseum.org/art/collection/search/241477,https://images.metmuseum.org/CRDImages/gr/original/DP-19673-040.jpg,1,,,
686707,Terracotta fragment of a kylix (drinking cup),Kylix fragment; lipped inside and out,second quarter of the 5th century BCE,Classical,,,Terracotta,,"Greek, Attic",,,,,,,,,,,Greek and Roman Art,Vases,,False,True,https://www.metmuseum.org/art/collection/search/686707,https://images.metmuseum.org/CRDImages/gr/original/DVB02266_1_ff.jpg,1,,,
257641,Marble statue of a member of the imperial family,"Statue of a young man, half-draped",27 BCE–68 CE,Augustan or Julio-Claudian,,,Marble,"H. 46 in. (116.84 cm)
Width: 25 1/4 in. (64.14 cm)
Depth: 14 1/2 in. (36.83 cm)",Roman,,,,Men,,,,,,,Greek and Roman Art,Stone Sculpture,,False,True,https://www.metmuseum.org/art/collection/search/257641,https://images.metmuseum.org/CRDImages/gr/original/DP-1353-002.jpg,3,https://www.wikidata.org/wiki/Q98843222,,
241386,Terracotta oil lamp,"Lamp, concave top",1st century BCE–1st century CE,Early Imperial,,,Terracotta,Overall: 1 x 3 in. (2.5 x 7.6 cm),"Roman, Cypriot",,,,,,,,,,,Greek and Roman Art,Terracottas,,False,True,https://www.metmuseum.org/art/collection/search/241386,https://images.metmuseum.org/CRDImages/gr/original/DP-22527-007.jpg,2,,,
745303,Terracotta fragment of a neck-amphora (jar),Neck-amphora fragment,last quarter of the 6th century BCE,Archaic,,,Terracotta,,"Greek, Attic",,,,,,,,,,,Greek and Roman Art,Vases,,False,True,https://www.metmuseum.org/art/collection/search/745303,https://images.metmuseum.org/CRDImages/gr/original/DVB11328_1_ff.jpg,1,,,
718589,Terracotta fragment of a kylix (drinking cup),Kylix fragment; lipped inside,460–450 BCE,Classical,,,Terracotta,,"Greek, Attic",,,,,,,,,,,Greek and Roman Art,Vases,,False,True,https://www.metmuseum.org/art/collection/search/718589,https://images.metmuseum.org/CRDImages/gr/original/DVB07745_1_ff.jpg,1,,,
247382,Skyphos,Skyphos,ca. 350–320 BCE,Late Classical,,,Terracotta,"Other (width w/ handles): 6 3/4 × 9 3/8 in. (17.1 × 23.8 cm)
Diameter: 6 1/4 × 4 1/4 in. (15.9 × 10.8 cm)","Greek, South Italian, Campanian",,,,Men,Manchester Painter,Artist,,,,,Greek and Roman Art,Vases,,False,True,https://www.metmuseum.org/art/collection/search/247382,https://images.metmuseum.org/CRDImages/gr/original/DP1824.jpg,0,,,http://vocab.getty.edu/page/ulan/500064372
762891,Terracotta fragment of a closed shape,Undetermined closed shape,6th century BCE?,Corinthian?,,,Terracotta,,"Greek, Corinthian?",,,,,,,,,,,Greek and Roman Art,Vases,,False,True,https://www.metmuseum.org/art/collection/search/762891,https://images.metmuseum.org/CRDImages/gr/original/DVB13858_1_ff.jpg,1,,,
244334,Bronze handle,Handle of a bowl,early 5th century BCE,Archaic,,,Bronze,Other: 6 1/8 in. (15.6 cm),Greek,,,,Rams,,,,,,,Greek and Roman Art,Bronzes,,False,True,https://www.metmuseum.org/art/collection/search/244334,https://images.metmuseum.org/CRDImages/gr/original/DP9101.jpg,0,https://www.wikidata.org/wiki/Q116294751,,
729146,Terracotta fragment of a column-krater (bowl for mixing wine and water),Column-krater fragment,460–440 BCE,Classical,,,Terracotta,,"Greek, Attic",,,,,,,,,,,Greek and Roman Art,Vases,,False,True,https://www.metmuseum.org/art/collection/search/729146,https://images.metmuseum.org/CRDImages/gr/original/DVB09657_1_ff.jpg,1,,,
330165,Silver Tetradrachm of Philip II,Tetradrachm,ca. 359–355 BC,,,,Silver,7/8 in. (22.5 mm),"Greek, Macedon",,,,,,,,,,,Greek and Roman Art,Coins,,False,True,https://www.metmuseum.org/art/collection/search/330165,https://images.metmuseum.org/CRDImages/gr/original/KN371a.jpg,1,,,
245754,Glass amphoriskos (perfume bottle),Amphoriskos,late 6th–5th century BCE,Classical,,,Glass,H.: 4 5/8 in. (11.8 cm),"Greek, Eastern Mediterranean",,,,,,,,,,,Greek and Roman Art,Glass,,False,True,https://www.metmuseum.org/art/collection/search/245754,https://images.metmuseum.org/CRDImages/gr/original/DP151202.jpg,0,,,
249613,Glass mosaic inlay,Mosaic block inlay,1st century BCE–1st century CE,Hellenistic,,,Glass,Other: 1 5/16 in. (3.3 cm),"Egyptian, Roman",,,,Palmettes|Lotuses,,,,,,,Greek and Roman Art,Glass,,False,True,https://www.metmuseum.org/art/collection/search/249613,https://images.metmuseum.org/CRDImages/gr/original/DP121776.jpg,0,https://www.wikidata.org/wiki/Q116288316,,
733465,Terracotta fragment of an oinochoe (jug) ?,Oinochoe fragment?,460–450 BCE,Classical,,,Terracotta,,"Greek, Attic",,,,,,,,,,,Greek and Roman Art,Vases,,False,True,https://www.metmuseum.org/art/collection/search/733465,https://images.metmuseum.org/CRDImages/gr/original/DVB09084_1_ff.jpg,1,,,
740167,Terracotta fragments of a neck-amphora (jar)?,Neck-amphora fragments?,second quarter of the 5th century BCE,Classical,,,Terracotta,,"Greek, Attic",,,,,,,,,,,Greek and Roman Art,Vases,,False,True,https://www.metmuseum.org/art/collection/search/740167,https://images.metmuseum.org/CRDImages/gr/original/DVB09479_1_ff.jpg,1,,,
670495,Terracotta rim fragment of a kylix (drinking cup),Kylix fragment,490–480 BCE,Late Archaic,,,Terracotta,,"Greek, Attic",,,,,,,,,,,Greek and Roman Art,Vases,,False,True,https://www.metmuseum.org/art/collection/search/670495,https://images.metmuseum.org/CRDImages/gr/original/DVB00946_1_ff.jpg,1,,,
246352,"Fibula, boat-shaped type","Fibula, boat-shaped type",8th–6th century BCE,,,,Bronze,Other: 3 5/16 in. (8.4 cm),Italic,,,,,,,,,,,Greek and Roman Art,Bronzes,,False,True,https://www.metmuseum.org/art/collection/search/246352,https://images.metmuseum.org/CRDImages/gr/original/DP20218.jpg,0,,,
766174,Terracotta fragment from a closed shape,Undetermined closed shape,late 6th/early 5th centuries BCE,Archaic,,,Terracotta,,Etruscan,,,,,,,,,,,Greek and Roman Art,Vases,,False,True,https://www.metmuseum.org/art/collection/search/766174,https://images.metmuseum.org/CRDImages/gr/original/DVB14396_1_ff.jpg,1,,,
752865,Terracotta fragment of a skyphos (deep drinking cup),Skyphos fragment,early 5th century BCE,Archaic,,,Terracotta,,"Greek, Attic",,,,,,,,,,,Greek and Roman Art,Vases,,False,True,https://www.metmuseum.org/art/collection/search/752865,https://images.metmuseum.org/CRDImages/gr/original/DVB12411_1_ff.jpg,1,,,
246305,Statuette of striding warrior (Ares?),Statuette of striding warrior (Ares?),6th century BCE,Archaic,,,Bronze,H.: 3 3/4 in. (9.5 cm),Etruscan,,,,Men|Warriors,,,,,,,Greek and Roman Art,Bronzes,,False,True,https://www.metmuseum.org/art/collection/search/246305,https://images.metmuseum.org/CRDImages/gr/original/DP20159.jpg,0,,,
750507,Terracotta fragment of a column-krater (bowl for mixing wine and water),Column-krater fragment,late 6th/early 5th century BCE,Archaic,,,Terracotta,,"Greek, Attic",,,,,,,,,,,Greek and Roman Art,Vases,,False,True,https://www.metmuseum.org/art/collection/search/750507,https://images.metmuseum.org/CRDImages/gr/original/DVB11568_1_ff.jpg,1,,,
733611,"Terracotta fragment of a small, closed shape",,third quarter of the 5th century BCE,Classical,,,Terracotta,,"Greek, Attic",,,,,,,,,,,Greek and Roman Art,Vases,,False,True,https://www.metmuseum.org/art/collection/search/733611,https://images.metmuseum.org/CRDImages/gr/original/DVB10123_1_ff.jpg,1,,,
709902,Terracotta rim fragment of a kylix (drinking cup),Kylix fragment,490–470 BCE,Late Archaic/Early Classical,,,Terracotta,,"Greek, Attic",,,,,,,,,,,Greek and Roman Art,Vases,,False,True,https://www.metmuseum.org/art/collection/search/709902,https://images.metmuseum.org/CRDImages/gr/original/DVB07177_2_ff.jpg,1,,,
246152,Vase,Vase,first quarter of the 6th century BCE,Late Orientalizing,,,Terracotta,Height: 11 3/4 in. (29.8 cm),Etruscan,,,,Animals|Birds|Sphinx,,,,,,,Greek and Roman Art,Vases,,False,True,https://www.metmuseum.org/art/collection/search/246152,https://images.metmuseum.org/CRDImages/gr/original/208039.jpg,0,,,
753337,Terracotta fragment of a kylix (drinking cup),Kylix fragment,560–525 BCE,Archaic,,,Terracotta,,"Greek, Attic",,,,,,,,,,,Greek and Roman Art,Vases,,False,True,https://www.metmuseum.org/art/collection/search/753337,https://images.metmuseum.org/CRDImages/gr/original/DVB12965_1_ff.jpg,1,,,
246608,Cup,Cup,-900–-100,,,,Terracotta,"Other (width w/ handles): 3 1/2 × 4 in. (8.9 × 10.2 cm)
Diameter: 3 7/16 × 2 7/8 × 1 5/16 in. (8.8 × 7.3 × 3.4 cm)",Italic,,,,,,,,,,,Greek and Roman Art,Vases,,False,True,https://www.metmuseum.org/art/collection/search/246608,https://images.metmuseum.org/CRDImages/gr/original/961893.jpg,0,,,
669825,Terracotta fragment of a kylix (drinking cup),Kylix fragment,490–480 BCE,Late Archaic,,,Terracotta,,"Greek, Attic",,,,,,,,,,,Greek and Roman Art,Vases,,False,True,https://www.metmuseum.org/art/collection/search/669825,https://images.metmuseum.org/CRDImages/gr/original/DVB00698_1_ff.jpg,1,,,
764396,Terracotta fragments of kylikes (drinking cups),Kylikes fragments,first half of the 5th century BCE,Archaic/Classical,,,Terracotta,,"Greek, Attic",,,,,,,,,,,Greek and Roman Art,Vases,,False,True,https://www.metmuseum.org/art/collection/search/764396,https://images.metmuseum.org/CRDImages/gr/original/DVB14818_1_ff.jpg,1,,,
241441,Terracotta oil lamp,Lamp,-7000–330,Hellenistic,,,Terracotta,1 1/4 in. × 3 3/8 in. (3.2 × 8.6 cm),Greek,,,,,,,,,,,Greek and Roman Art,Terracottas,,False,True,https://www.metmuseum.org/art/collection/search/241441,https://images.metmuseum.org/CRDImages/gr/original/DP-22527-266.jpg,1,,,
756074,Terracotta fragment of a kylix (drinking cup),Kylix fragment,last quarter of the 6th century BCE,Archaic,,,Terracotta,,"Greek, Attic",,,,,,,,,,,Greek and Roman Art,Vases,,False,True,https://www.metmuseum.org/art/collection/search/756074,https://images.metmuseum.org/CRDImages/gr/original/DVB13380_1_ff.jpg,1,,,
753169,Terracotta rim fragments of kylikes: Band cups (drinking cups),Kylikes fragments,third quarter of the 6th century BCE,Archaic,,,Terracotta,,"Greek, Attic",,,,,,,,,,,Greek and Roman Art,Vases,,False,True,https://www.metmuseum.org/art/collection/search/753169,https://images.metmuseum.org/CRDImages/gr/original/DVB12828_1_ff.jpg,1,,,
671175,Terracotta fragment of a kylix (drinking cup),Kylix fragment,second quarter of the 5th century BCE,Classical,,,Terracotta,,"Greek, Attic",,,,,,,,,,,Greek and Roman Art,Vases,,False,True,https://www.metmuseum.org/art/collection/search/671175,https://images.metmuseum.org/CRDImages/gr/original/DVB00876_1_ff.jpg,1,,,
750219,Terracotta fragment of a lekanis lid (covered dish),Lekanis lid fragment,6th century BCE,Archaic,,,Terracotta,,"Greek, Attic",,,,,,,,,,,Greek and Roman Art,Vases,,False,True,https://www.metmuseum.org/art/collection/search/750219,https://images.metmuseum.org/CRDImages/gr/original/DVB12258_1_ff.jpg,1,,,
768753,Terracotta fragment of a kylix (drinking cup),Kylix fragment,6th/5th centuries BCE,Archaic/Classical,,,Terracotta,,"Greek, Attic",,,,,,,,,,,Greek and Roman Art,Vases,,False,True,https://www.metmuseum.org/art/collection/search/768753,https://images.metmuseum.org/CRDImages/gr/original/DVB15125_1_ff.jpg,1,,,
242954,Earring with human figure,Earring with human figure,-7000–330,,,,Gold,Other: 15/16 x 1/4 x 7/8 in. (2.3 x 0.7 x 2.2 cm),,,,,Human Figures,,,,,,,Greek and Roman Art,Gold and Silver,,False,True,https://www.metmuseum.org/art/collection/search/242954,https://images.metmuseum.org/CRDImages/gr/original/sf74513519.jpg,0,,,
254508,Marble funerary statues of a maiden and a little girl,"Statues of a maiden and a little girl, funerary",ca. 320 BCE,Late Classical,,,"Marble, Pentelic","H. of woman 56 7/8 in. (144.5 cm)
H. of girl  40 9/16 in. (103 cm)","Greek, Attic",,,,Girls|Women,,,,,,,Greek and Roman Art,Stone Sculpture,,False,True,https://www.metmuseum.org/art/collection/search/254508,https://images.metmuseum.org/CRDImages/gr/original/DP-19803-001.jpg,1,https://www.wikidata.org/wiki/Q116404918,,
745097,Terracotta fragment of an amphora (jar),Amphora fragment,6th century/early 5th century BCE,Archaic,,,Terracotta,,"Greek, Attic?",,,,,,,,,,,Greek and Roman Art,Vases,,False,True,https://www.metmuseum.org/art/collection/search/745097,https://images.metmuseum.org/CRDImages/gr/original/DVB11374_1_ff.jpg,1,,,
249251,Glass cameo: Eros holding a torch,Cameo,1st century BCE–3rd century CE,Late Republican or Imperial,,,Glass,Length: 5/8 in. (1.6 cm),Roman,,,,Eros,,,,,,,Greek and Roman Art,Gems,,False,True,https://www.metmuseum.org/art/collection/search/249251,https://images.metmuseum.org/CRDImages/gr/original/DP143791.jpg,0,https://www.wikidata.org/wiki/Q116289976,,
733352,Terracotta fragment of an oinochoe (jug),Oinochoe fragment,mid-5th century BCE,Classical,,,Terracotta,,"Greek, Attic",,,,,,,,,,,Greek and Roman Art,Vases,,False,True,https://www.metmuseum.org/art/collection/search/733352,https://images.metmuseum.org/CRDImages/gr/original/DVB09982_1_ff.jpg,1,,,
749948,Terracotta fragment of a column-krater (bowl for mixing wine and water) or calyx-krater (bowl for mixing wine and water),Column-krater or calyx-krater fragment,6th/5th centuries BCE,Archaic,,,Terracotta,,"Greek, Attic",,,,,,,,,,,Greek and Roman Art,Vases,,False,True,https://www.metmuseum.org/art/collection/search/749948,https://images.metmuseum.org/CRDImages/gr/original/DVB11577_1_ff.jpg,1,,,
248537,Terracotta rim of a cup with fern pattern and bands,Vase fragment,ca. 1800–1700 BCE,Middle Minoan II,,,Terracotta,Overall: 1 1/16 x 2 1/4in. (2.7 x 5.7cm),Minoan,,,,,,,,,,,Greek and Roman Art,Vases,,False,True,https://www.metmuseum.org/art/collection/search/248537,https://images.metmuseum.org/CRDImages/gr/original/DP121384.jpg,0,https://www.wikidata.org/wiki/Q116289176,,
241922,Limestone inscribed relief,Relief of a deity with group,3rd century BCE,Early Hellenistic,,,Limestone,Overall: 7 1/4 x 11 1/4 x 1 1/8 in. (18.4 x 28.6 x 2.9 cm),Cypriot,,,,Temples|Men|Aphrodite|Apollo,,,,,,,Greek and Roman Art,Cesnola Inscriptions,,False,True,https://www.metmuseum.org/art/collection/search/241922,https://images.metmuseum.org/CRDImages/gr/original/DT232075.jpg,1,,,
251841,"Marble relief of Hermes, three nymphs, and Acheloös","Relief of Hermes, Nymphs, and Acheloös",ca. 320–300 BCE,Hellenistic,,,"Marble, Island ?",Overall: 11 1/8 x 15 1/2in. (28.2 x 39.4cm),"Greek, Attic",,,,Hermes|Nymphs,,,,,,,Greek and Roman Art,Stone Sculpture,,False,True,https://www.metmuseum.org/art/collection/search/251841,https://images.metmuseum.org/CRDImages/gr/original/216362.jpg,0,https://www.wikidata.org/wiki/Q116292057,,
243534,Ring with solid hoop,Ring with solid hoop,-7000–330,,,,Gold,Diameter: 13/16 in. (2 cm),,,,,,,,,,,,Greek and Roman Art,Gold and Silver,,False,True,https://www.metmuseum.org/art/collection/search/243534,https://images.metmuseum.org/CRDImages/gr/original/sf74514121.jpg,0,,,
254266,Faience aryballos (oil bottle) in the form of a hedgehog,Aryballos in the form of a man crouching on a hedge,6th century BCE,Archaic,,,Faience,H.: 2 in. (5.1 cm),East Greek,,,,Animals,,,,,,,Greek and Roman Art,Miscellaneous-Faience,,False,True,https://www.metmuseum.org/art/collection/search/254266,https://images.metmuseum.org/CRDImages/gr/original/DP121799.jpg,0,https://www.wikidata.org/wiki/Q116288582,,
718939,Terracotta fragment of a kylix (drinking cup),Kylix fragment,460–450 BCE,Classical,,,Terracotta,,"Greek, Attic",,,,,,,,,,,Greek and Roman Art,Vases,,False,True,https://www.metmuseum.org/art/collection/search/718939,https://images.metmuseum.org/CRDImages/gr/original/DVB08048_1_ff.jpg,1,,,
750002,Terracotta fragment of a volute-krater (bowl for mixing wine and water),Volute-krater fragment,second half of the 6th century BCE,Archaic,,,Terracotta,,"Greek, Attic",,,,,,,,,,,Greek and Roman Art,Vases,,False,True,https://www.metmuseum.org/art/collection/search/750002,https://images.metmuseum.org/CRDImages/gr/original/DVB11732_1_ff.jpg,1,,,
740023,Terracotta fragment of a Nolan neck-amphora (jar),Neck-amphora fragment,475–460 BCE,Classical,,,Terracotta,,"Greek, Attic",,,,,,,,,,,Greek and Roman Art,Vases,,False,True,https://www.metmuseum.org/art/collection/search/740023,https://images.metmuseum.org/CRDImages/gr/original/DVB09371_1_ff.jpg,1,,,
240683,Jug,Jug,1900–1600 BCE,Middle Cypriot,,,Terracotta,8 7/16in. (21.5cm),Cypriot,,,,,,,,,,,Greek and Roman Art,Vases,,False,True,https://www.metmuseum.org/art/collection/search/240683,https://images.metmuseum.org/CRDImages/gr/original/DP-41098-001.jpg,3,,,
253490,Terracotta cup,Cup,ca. 800–750 BCE,Geometric,,,Terracotta,H. 2 5/8 in. (6.7 cm),"Greek, Attic",,,,,,,,,,,Greek and Roman Art,Vases,,False,True,https://www.metmuseum.org/art/collection/search/253490,https://images.metmuseum.org/CRDImages/gr/original/DP-18836-001.jpg,1,https://www.wikidata.org/wiki/Q116404470,,
254228,Terracotta amphoriskos (flask),"Amphoriskos, toy",4th century BCE,Late Classical,,,Terracotta,H. 2 5/8 in. (6.7 cm),"Greek, Attic ?",,,,,,,,,,,Greek and Roman Art,Vases,,False,True,https://www.metmuseum.org/art/collection/search/254228,https://images.metmuseum.org/CRDImages/gr/original/DP1250.jpg,0,https://www.wikidata.org/wiki/Q116288883,,
251101,Terracotta loutrophoros (ceremonial vase for water),Loutrophoros,late 6th century BCE,Archaic,,,Terracotta,H. 18 13/16 in. (47.8 cm),"Greek, Attic",,,,Men|Women,,,,,,,Greek and Roman Art,Vases,,False,True,https://www.metmuseum.org/art/collection/search/251101,https://images.metmuseum.org/CRDImages/gr/original/DP226803.jpg,3,https://www.wikidata.org/wiki/Q116290112,,
704053,Terracotta rim fragment of a kylix (drinking cup),Kylix fragment,late 6th century/early 5th century,Archaic,,,Terracotta,,"Greek, Attic",,,,,,,,,,,Greek and Roman Art,Vases,,False,True,https://www.metmuseum.org/art/collection/search/704053,https://images.metmuseum.org/CRDImages/gr/original/DVB04147_2_ff.jpg,1,,,
772629,Terracotta fragment of an open shape,Undetermined open shape,6th–4th centuries BCE,Archaic/Classical,,,Terracotta,,"Greek, Attic",,,,,,,,,,,Greek and Roman Art,Vases,,False,True,https://www.metmuseum.org/art/collection/search/772629,https://images.metmuseum.org/CRDImages/gr/original/DVB16063_1_ff.jpg,1,,,
254212,Terracotta askos (flask with a spout and handle),Askos in the form of a black youth seizing a duck,4th century BCE,Late Classical,,,Terracotta,H. 3 1/4 in. (8.3 cm),"Greek, South Italian, Campanian",,,,Boys,,,,,,,Greek and Roman Art,Vases,,False,True,https://www.metmuseum.org/art/collection/search/254212,https://images.metmuseum.org/CRDImages/gr/original/DP1226_41.162.45.jpg,1,https://www.wikidata.org/wiki/Q116288537,,
248522,Terracotta vessel fragment with incised lines and punctations,Vase fragment,ca. 3600–3100 BCE,Late Neolithic,,,Terracotta,Overall: 1 5/8 x 1 5/8in. (4.1 x 4.1cm),Cretan,,,,,,,,,,,Greek and Roman Art,Vases,,False,True,https://www.metmuseum.org/art/collection/search/248522,https://images.metmuseum.org/CRDImages/gr/original/DP21126.jpg,0,https://www.wikidata.org/wiki/Q116288612,,
686944,Terracotta fragment of a kylix (drinking cup),Kylix fragment,second quarter of the 5th century BCE,Late Archaic,,,Terracotta,,"Greek, Attic",,,,,,,,,,,Greek and Roman Art,Vases,,False,True,https://www.metmuseum.org/art/collection/search/686944,https://images.metmuseum.org/CRDImages/gr/original/DVB02509_1_ff.jpg,1,,,
737502,Terracotta fragment of a skyphos (deep drinking cup),Skyphos fragment,third quarter of the 5th century BCE,Classical,,,Terracotta,,"Greek, Attic",,,,,,,,,,,Greek and Roman Art,Vases,,False,True,https://www.metmuseum.org/art/collection/search/737502,https://images.metmuseum.org/CRDImages/gr/original/DVB09153_1_ff.jpg,1,,,
241592,Terracotta oil lamp,Lamp,5th century CE,Late Imperial,,,Terracotta,H.: 1 1/4 x 3 5/16 in. (3.2 x 8.4 cm),Roman,,,,,,,,,,,Greek and Roman Art,Terracottas,,False,True,https://www.metmuseum.org/art/collection/search/241592,https://images.metmuseum.org/CRDImages/gr/original/DP-22527-244.jpg,2,https://www.wikidata.org/wiki/Q116401850,,
737358,Terracotta rim fragment of a skyphos (deep drinking cup),Skyphos fragment,third quarter of the 5th century BCE,Classical,,,Terracotta,,"Greek, Attic",,,,,,,,,,,Greek and Roman Art,Vases,,False,True,https://www.metmuseum.org/art/collection/search/737358,https://images.metmuseum.org/CRDImages/gr/original/DVB10592_1_ff.jpg,1,,,
693462,Terracotta fragment of a kylix (drinking cup),Kylix fragment,second quarter of the 5th century BCE,Classical,,,Terracotta,,"Greek, Attic",,,,,,,,,,,Greek and Roman Art,Vases,,False,True,https://www.metmuseum.org/art/collection/search/693462,https://images.metmuseum.org/CRDImages/gr/original/DVB04015_1_ff.jpg,1,,,
721416,Terracotta fragment of a kylix (drinking cup),Kylix fragment,520–510 BCE,Archaic,,,Terracotta,,"Greek, Attic",,,,,,,,,,,Greek and Roman Art,Vases,,False,True,https://www.metmuseum.org/art/collection/search/721416,https://images.metmuseum.org/CRDImages/gr/original/DVB08374_1_ff.jpg,1,,,
721794,Terracotta fragment of a stemless kylix (drinking cup),Kylix fragment,460–450 BCE,Classical,,,Terracotta,,"Greek, Attic",,,,,,,,,,,Greek and Roman Art,Vases,,False,True,https://www.metmuseum.org/art/collection/search/721794,https://images.metmuseum.org/CRDImages/gr/original/DVB06969_1_ff.jpg,1,,,
753092,Terracotta fragment of a kylix: Band cup (drinking cup),Kylix fragment,third quarter of the 6th century BCE,Archaic,,,Terracotta,,"Greek, Attic",,,,,,,,,,,Greek and Roman Art,Vases,,False,True,https://www.metmuseum.org/art/collection/search/753092,https://images.metmuseum.org/CRDImages/gr/original/DVB12726_1_ff.jpg,1,,,
243159,Gold earring with disc and pendant,Earring with ball pendant and disc,2nd century CE,Mid Imperial,,,Gold,Other: 3/8 x 1/16 x 15/16 in. (0.9 x 0.1 x 2.3 cm),Roman,,,,,,,,,,,Greek and Roman Art,Gold and Silver,,False,True,https://www.metmuseum.org/art/collection/search/243159,https://images.metmuseum.org/CRDImages/gr/original/sf74513742.jpg,0,,,
676707,Terracotta fragments of kylikes (drinking cups),Kylix fragments,5th century BCE,Archaic /Classical,,,Terracotta,,"Greek, Attic",,,,,,,,,,,Greek and Roman Art,Vases,,False,True,https://www.metmuseum.org/art/collection/search/676707,https://images.metmuseum.org/CRDImages/gr/original/DVB01373_1_ff.jpg,1,,,
246670,Mirror with Lasa,Mirror with Lasa,-900–-100,,,,Bronze,Other: 4 9/16 x 5 5/8 in. (11.6 x 14.3 cm),Etruscan,,,,,,,,,,,Greek and Roman Art,Bronzes,,False,True,https://www.metmuseum.org/art/collection/search/246670,https://images.metmuseum.org/CRDImages/gr/original/DP20328.jpg,0,,,
250881,Volute-krater fragment,Volute-krater fragment,ca. 400–350 BCE,Late Classical,,,Terracotta,8 11/16 x 5 1/8in. (22.1 x 13cm),"Greek, South Italian, Apulian",,,,,,,,,,,Greek and Roman Art,Vases,,False,True,https://www.metmuseum.org/art/collection/search/250881,https://images.metmuseum.org/CRDImages/gr/original/Lc-19_192_81_70.jpg,0,,,
683794,Terracotta rim fragment of a kylix (drinking cup),Kylix fragment,490–480 BCE,Late Archaic,,,Terracotta,,"Greek, Attic",,,,,,,,,,,Greek and Roman Art,Vases,,False,True,https://www.metmuseum.org/art/collection/search/683794,https://images.metmuseum.org/CRDImages/gr/original/DVB02025_1_ff.jpg,1,,,
244154,Bronze spearhead,Spearhead,ca. 2000–1900 BCE,Early Cypriot III,,,Bronze,length  19 3/16 in. (48.7 cm),Cypriot,,,,,,,,,,,Greek and Roman Art,Bronzes,,False,True,https://www.metmuseum.org/art/collection/search/244154,https://images.metmuseum.org/CRDImages/gr/original/DP-37163-001.jpg,1,https://www.wikidata.org/wiki/Q116402228,,
240353,Terracotta jug,Jug,ca. 1600–1050 BCE,Late Bronze Age,,,Terracotta,H. 4 in. (10.2 cm.),Mycenaean,,,,,,,,,,,Greek and Roman Art,Vases,,False,True,https://www.metmuseum.org/art/collection/search/240353,https://images.metmuseum.org/CRDImages/gr/original/DP121146.jpg,0,https://www.wikidata.org/wiki/Q116296787,,
756208,Terracotta fragment of a kylix (drinking cup),Kylix fragment,late 6th century BCE,Archaic,,,Terracotta,,"Greek, Attic",,,,,,,,,,,Greek and Roman Art,Vases,,False,True,https://www.metmuseum.org/art/collection/search/756208,https://images.metmuseum.org/CRDImages/gr/original/DVB13568_1_ff.jpg,1,,,
241774,Terracotta oil lamp,Lamp,late 2nd to 3rd century CE,Late Imperial,,,"Terracotta, mold-made",Overall: 1 5/8 x 3 3/4 in. (4.1 x 9.5 cm),"Roman, Cypriot",,,,Gladiators,,,,,,,Greek and Roman Art,Terracottas,,False,True,https://www.metmuseum.org/art/collection/search/241774,https://images.metmuseum.org/CRDImages/gr/original/DP-22527-294.jpg,2,,,
749981,Terracotta fragments of column-kraters (bowls for mixing wine and water)?,Column-krater fragments?,late 6th/early 5th century BCE,Archaic,,,Terracotta,,"Greek, Attic",,,,,,,,,,,Greek and Roman Art,Vases,,False,True,https://www.metmuseum.org/art/collection/search/749981,https://images.metmuseum.org/CRDImages/gr/original/DVB11712_1_ff.jpg,1,,,
257864,Marble head of Zeus Ammon,Head of Zeus Ammon,ca. 120–160 CE,Imperial,,,Marble,Height: 19 5/8 × 13 3/8 × 11 3/4 in. (49.8 × 34 × 29.8 cm),Roman,,,,Heads|Men,,,,,,,Greek and Roman Art,Stone Sculpture,,False,True,https://www.metmuseum.org/art/collection/search/257864,https://images.metmuseum.org/CRDImages/gr/original/DP265183.jpg,6,https://www.wikidata.org/wiki/Q116282909,,
241901,Limestone inscribed fragment,Chest or trough,-3900–100,,,,Stone,H.: 3 x 2 1/4 x 1 1/4 in. (7.6 x 5.7 x 3.2 cm),Cypriot,,,,,,,,,,,Greek and Roman Art,Cesnola Inscriptions,,False,True,https://www.metmuseum.org/art/collection/search/241901,https://images.metmuseum.org/CRDImages/gr/original/sf74512347.jpg,0,,,
244714,Glass jar,Jar,3rd–4th century CE,Late Imperial,,,Glass,Overall: 2 7/8 x 2 3/4 x 1 7/8 in. (7.3 x 7 x 4.8 cm),Roman,,,,,,,,,,,Greek and Roman Art,Glass,,False,True,https://www.metmuseum.org/art/collection/search/244714,https://images.metmuseum.org/CRDImages/gr/original/DP217787.jpg,0,,,
733480,Terracotta fragment of an oinochoe (jug)?,Oinochoe fragment?,late 6th/early 5th century BCE,Archaic/Early Classical,,,Terracotta,,"Greek, Attic",,,,,,,,,,,Greek and Roman Art,Vases,,False,True,https://www.metmuseum.org/art/collection/search/733480,https://images.metmuseum.org/CRDImages/gr/original/DVB09991_1_ff.jpg,1,,,
713397,Terracotta rim fragment of a kylix (drinking cup),Kylix fragment,490–470 BCE,Late Archaic/Early Classical,,,Terracotta,,"Greek, Attic",,,,,,,,,,,Greek and Roman Art,Vases,,False,True,https://www.metmuseum.org/art/collection/search/713397,https://images.metmuseum.org/CRDImages/gr/original/DVB05482_2_ff.jpg,1,,,
248189,Terracotta dish,Dish,ca. 330–300 BCE,Hellenistic,,,Terracotta,Other: 1 3/4 x 10 7/8 in. (4.4 x 27.6 cm),"Greek, South Italian, Campanian, Teano",,,,,,,,,,,Greek and Roman Art,Vases,,False,True,https://www.metmuseum.org/art/collection/search/248189,https://images.metmuseum.org/CRDImages/gr/original/DP1843.jpg,0,https://www.wikidata.org/wiki/Q116291893,,
772230,Terracotta fragments of kylikes (drinking cups),Kylikes fragments,6th/5th centuries BCE,Archaic/Classical,,,Terracotta,,"Greek, Attic",,,,,,,,,,,Greek and Roman Art,Vases,,False,True,https://www.metmuseum.org/art/collection/search/772230,https://images.metmuseum.org/CRDImages/gr/original/DVB15168_1_ff.jpg,1,,,
774173,Terracotta rim fragment of a kylix (drinking cup)?,Kylix fragment?,6th/5th centuries BCE,Archaic/Classical,,,Terracotta,,"Greek, Attic",,,,,,,,,,,Greek and Roman Art,Vases,,False,True,https://www.metmuseum.org/art/collection/search/774173,https://images.metmuseum.org/CRDImages/gr/original/DVB15787_1_ff.jpg,1,,,
766197,Terracotta fragments of a column-krater (deep bowl),Column-krater fragments,500–480 BCE,Archaic,,,Terracotta,,Etruscan,,,,,,,,,,,Greek and Roman Art,Vases,,False,True,https://www.metmuseum.org/art/collection/search/766197,https://images.metmuseum.org/CRDImages/gr/original/DVB16451_01_ff.jpg,1,,,
240433,Terracotta amphora,Amphora,ca. 1725–1600 BCE,Middle Cypriot III,,,Terracotta,H. 17 3/8 in. (44.1 cm),Cypriot,,,,,,,,,,,Greek and Roman Art,Vases,,False,True,https://www.metmuseum.org/art/collection/search/240433,https://images.metmuseum.org/CRDImages/gr/original/DP-37180-001.jpg,3,https://www.wikidata.org/wiki/Q116296504,,
257254,Glass striped mosaic bowl fragment,"Fragment, mosaic bowl",late 1st century BCE–early 1st century CE,Early Imperial,,,Glass,Other: 15/16 x 2 in. (2.4 x 5.1 cm),Roman,,,,,,,,,,,Greek and Roman Art,Glass,,False,True,https://www.metmuseum.org/art/collection/search/257254,https://images.metmuseum.org/CRDImages/gr/original/sf9111818.jpg,0,,,
704023,Terracotta fragment of a kylix (drinking cup),Kylix fragment,520–510 BCE,Archaic,,,Terracotta,,"Greek, Attic",,,,,,,,,,,Greek and Roman Art,Vases,,False,True,https://www.metmuseum.org/art/collection/search/704023,https://images.metmuseum.org/CRDImages/gr/original/DVB06090_1_ff.jpg,1,,,
683456,Terracotta rim fragment of a kylix (drinking cup),Kylix fragment,mid-5th century BCE,Classical,,,Terracotta,,"Greek, Attic",,,,,,,,,,,Greek and Roman Art,Vases,,False,True,https://www.metmuseum.org/art/collection/search/683456,https://images.metmuseum.org/CRDImages/gr/original/DVB01902_1_ff.jpg,1,,,
710009,Terracotta fragment of a kylix (drinking cup),Kylix fragment,500–480 BCE,Archaic,,,Terracotta,,"Greek, Attic",,,,,Onesimos,Artist,,,,,Greek and Roman Art,Vases,,False,True,https://www.metmuseum.org/art/collection/search/710009,https://images.metmuseum.org/CRDImages/gr/original/DVB04625_1_ff.jpg,1,,https://www.wikidata.org/wiki/Q475054,http://vocab.getty.edu/page/ulan/500115465
695688,Terracotta fragment of a kylix (drinking cup),Kylix fragment,490–470 BCE,Late Archaic/Early Classical,,,Terracotta,,"Greek, Attic",,,,,,,,,,,Greek and Roman Art,Vases,,False,True,https://www.metmuseum.org/art/collection/search/695688,https://images.metmuseum.org/CRDImages/gr/original/DVB04236_1_ff.jpg,1,,,
252718,Vase fragment,Vase fragment,-900–-30,,,,Terracotta,"H. 1 1/4 in. (3.1 cm)
diameter  2 3/16 in. (5.6 cm)","East Greek/Sardis, Lydian",,,,,,,,,,,Greek and Roman Art,Vases,,False,True,https://www.metmuseum.org/art/collection/search/252718,https://images.metmuseum.org/CRDImages/gr/original/LC-26_199_150.jpg,0,,,
244722,Terracotta oil lamp,Lamp,5th century BCE,Classical,,,Terracotta,7/8 × 3 9/16 × 4 5/16 in. (2.3 × 9 × 11 cm),"Greek, Attic",,,,,,,,,,,Greek and Roman Art,Terracottas,,False,True,https://www.metmuseum.org/art/collection/search/244722,https://images.metmuseum.org/CRDImages/gr/original/DP-19673-032.jpg,0,,,
713474,Terracotta fragment of a kylix (drinking cup),Kylix fragment,490–470 BCE,Late Archaic/Early Classical,,,Terracotta,,"Greek, Attic",,,,,,,,,,,Greek and Roman Art,Vases,,False,True,https://www.metmuseum.org/art/collection/search/713474,https://images.metmuseum.org/CRDImages/gr/original/DVB07284_1_ff.jpg,1,,,
257221,Glass mosaic fragment,"Fragment, mosaic",late 1st century BCE–early 1st century CE,Early Imperial,,,Glass,Other: 13/16 x 5/8 in. (2 x 1.6 cm),Roman,,,,,,,,,,,Greek and Roman Art,Glass,,False,True,https://www.metmuseum.org/art/collection/search/257221,https://images.metmuseum.org/CRDImages/gr/original/DP22003.jpg,1,,,
244034,Limestone mortar,Bowl with spout,-3900–100,,,,Limestone,Overall: 2 3/4 x 9 1/2 in. (7 x 24.1 cm),Cypriot,,,,,,,,,,,Greek and Roman Art,Miscellaneous-Stone Vases,,False,True,https://www.metmuseum.org/art/collection/search/244034,https://images.metmuseum.org/CRDImages/gr/original/DP151767.jpg,0,,,
257394,Gold earring in the form of a bearded satyr or triton,Earring in the form of a bearded satyr or triton,3rd–2nd century BCE,Hellenistic,,,Gold,Overall: 1 x 5/16in. (2.5 x 0.8cm),Greek,,,,Satyrs,,,,,,,Greek and Roman Art,Gold and Silver,,False,True,https://www.metmuseum.org/art/collection/search/257394,https://images.metmuseum.org/CRDImages/gr/original/sf19992898.jpg,0,https://www.wikidata.org/wiki/Q116288022,,
756336,Terracotta fragment of a kylix: eye-cup (drinking cup),Kylix fragment,540–510 BCE,Archaic,,,Terracotta,,"Greek, Attic",,,,,,,,,,,Greek and Roman Art,Vases,,False,True,https://www.metmuseum.org/art/collection/search/756336,https://images.metmuseum.org/CRDImages/gr/original/DVB13433_1_ff.jpg,1,,,
240114,Terracotta jug,Jug,ca. 750–600 BCE,Cypro-Archaic I,,,Terracotta,H. 10 9/16 in. (26.8 cm),Cypriot,,,,Birds|Fish,,,,,,,Greek and Roman Art,Vases,,False,True,https://www.metmuseum.org/art/collection/search/240114,https://images.metmuseum.org/CRDImages/gr/original/DP-37808-001.jpg,3,https://www.wikidata.org/wiki/Q116297175,,
750155,Terracotta fragment of a lekythos (oil flask),Lekythos fragment,6th/5th centuries BCE,Archaic,,,Terracotta,,"Greek, Attic",,,,,,,,,,,Greek and Roman Art,Vases,,False,True,https://www.metmuseum.org/art/collection/search/750155,https://images.metmuseum.org/CRDImages/gr/original/DVB12238_1_ff.jpg,1,,,
737296,Terracotta fragment of a skyphos (deep drinking cup),Skyphos fragment,490–470 BCE,Late Archaic/Early Classical,,,Terracotta,,"Greek, Attic",,,,,,,,,,,Greek and Roman Art,Vases,,False,True,https://www.metmuseum.org/art/collection/search/737296,https://images.metmuseum.org/CRDImages/gr/original/DVB10462_1_ff.jpg,1,,,
721703,Terracotta fragment of a stemless kylix (drinking cup),Kylix fragment,460–450 BCE,Classical,,,Terracotta,,"Greek, Attic",,,,,,,,,,,Greek and Roman Art,Vases,,False,True,https://www.metmuseum.org/art/collection/search/721703,https://images.metmuseum.org/CRDImages/gr/original/DVB08550_1_ff.jpg,1,,,
248692,Glass cameo cup (scyphus) fragment,"Cameo, cup fragment",late 1st century BCE–mid-1st century CE,"Early Imperial, Augustan or Julio-Claudian",,,Glass,Overall: 2 3/16 x 1 3/16 in. (5.6 x 3 cm),Roman,,,,Women,,,,,,,Greek and Roman Art,Glass,,False,True,https://www.metmuseum.org/art/collection/search/248692,https://images.metmuseum.org/CRDImages/gr/original/DP155143.jpg,0,https://www.wikidata.org/wiki/Q116288171,,
243725,"Chalcedony amulet, thunderbolt","Amulet, thunderbolt",664–334 BCE,26th–30th Dynasty,,,Chalcedony,Other: 7/16 x 1/8 x 7/8 in. (1.1 x 0.3 x 2.2 cm),Egyptian,,,,,,,,,,,Greek and Roman Art,Miscellaneous-Stone,,False,True,https://www.metmuseum.org/art/collection/search/243725,https://images.metmuseum.org/CRDImages/gr/original/74514457.jpg,0,,,
753228,Terracotta rim fragment of a kylix: Band cup (drinking cup),Kylix fragment,third quarter of the 6th century BCE,Archaic,,,Terracotta,,"Greek, Attic",,,,,,,,,,,Greek and Roman Art,Vases,,False,True,https://www.metmuseum.org/art/collection/search/753228,https://images.metmuseum.org/CRDImages/gr/original/DVB12831_1_ff.jpg,1,,,
689243,Terracotta fragments of kylikes (drinking cups),Kylix fragments,first quarter of the 5th century BCE,Archaic /Early Classical,,,Terracotta,,"Greek, Attic",,,,,,,,,,,Greek and Roman Art,Vases,,False,True,https://www.metmuseum.org/art/collection/search/689243,https://images.metmuseum.org/CRDImages/gr/original/DVB02720_1_ff.jpg,1,,,
244650,Glass pourer flask,Pourer flask,2nd–early 3rd century CE,Mid Imperial,,,Glass,"Other: 3 1/16in. (7.8cm)
Diam.: 1 3/8 in. (3.5 cm)
H.: 2 9/16 in. (6.5 cm)",Roman,,,,,,,,,,,Greek and Roman Art,Glass,,False,True,https://www.metmuseum.org/art/collection/search/244650,https://images.metmuseum.org/CRDImages/gr/original/DP204574.jpg,0,,,
753101,Terracotta fragment of a kylix: Band cup (drinking cup),Kylix fragment,mid-6th century BCE,Archaic,,,Terracotta,,"Greek, Attic",,,,,,,,,,,Greek and Roman Art,Vases,,False,True,https://www.metmuseum.org/art/collection/search/753101,https://images.metmuseum.org/CRDImages/gr/original/DVB12705_1_ff.jpg,1,,,
703955,Terracotta fragments of a kylix: eye-cup (drinking cup),"Kylix fragments, eye-cup",late 6th century/early 5th century,Archaic,,,Terracotta,,"Greek, Attic",,,,,,,,,,,Greek and Roman Art,Vases,,False,True,https://www.metmuseum.org/art/collection/search/703955,https://images.metmuseum.org/CRDImages/gr/original/DVB04561_1_ff.jpg,1,,,
254442,Terracotta pelike (jar),Pelike,ca. 350–300 BCE,Late Classical,,,Terracotta,H. 11 3/8 in. (28.9 cm),"Greek, South Italian, Apulian",,,,Profiles|Women|Eros,Perth Group,Artist,,,,,Greek and Roman Art,Vases,,False,True,https://www.metmuseum.org/art/collection/search/254442,https://images.metmuseum.org/CRDImages/gr/original/DP117160.jpg,1,https://www.wikidata.org/wiki/Q116287804,,http://vocab.getty.edu/page/ulan/500082355
246875,Gold aureus of Nero,Aureus of Nero,66–67 CE,"Early Imperial, Neronian",,,Gold,"Overall: 3/4 x 1/8 in. (1.9 cm, 1/8 in.)",Roman,,,,Men|Profiles,,,,,,,Greek and Roman Art,Coins,,False,True,https://www.metmuseum.org/art/collection/search/246875,https://images.metmuseum.org/CRDImages/gr/original/SF9935142f.jpg,1,https://www.wikidata.org/wiki/Q116297273,,
245227,Glass flask,Flask,3rd–4th century CE,Late Imperial,,,Glass,H. 4 5/8 in. (11.7 cm),Roman,,,,,,,,,,,Greek and Roman Art,Glass,,False,True,https://www.metmuseum.org/art/collection/search/245227,https://images.metmuseum.org/CRDImages/gr/original/DP218251.jpg,0,,,
246619,Jug,Jug,mid 6th century BCE,Archaic,,,Terracotta,"Overall: 10 9/16in. (26.9cm)
Other (height with cover): 13 1/4in. (33.7cm)
Other (height without cover): 10 9/16in. (26.9cm)",Etruscan,,,,,,,,,,,Greek and Roman Art,Vases,,False,True,https://www.metmuseum.org/art/collection/search/246619,https://images.metmuseum.org/CRDImages/gr/original/SF9618114ab.jpg,0,,,
671322,Terracotta fragments of kylikes (drinking cups),Kylix fragments,5th century BCE,Archaic/Classical,,,Terracotta,,"Greek, Attic",,,,,,,,,,,Greek and Roman Art,Vases,,False,True,https://www.metmuseum.org/art/collection/search/671322,https://images.metmuseum.org/CRDImages/gr/original/DVB01338_1_ff.jpg,1,,,
240728,Terracotta jug,Jug,ca. 1450–1200 BCE,Late Cypriot II,,,Terracotta,H. 3 13/16 in. (9.7 cm),Cypriot,,,,,,,,,,,Greek and Roman Art,Vases,,False,True,https://www.metmuseum.org/art/collection/search/240728,https://images.metmuseum.org/CRDImages/gr/original/DP-35508-001.jpg,5,https://www.wikidata.org/wiki/Q116401639,,
689478,Terracotta fragment of a kylix (drinking cup),Kylix fragment,520–500 BCE,Archaic,,,Terracotta,,"Greek, Attic",,,,,,,,,,,Greek and Roman Art,Vases,,False,True,https://www.metmuseum.org/art/collection/search/689478,https://images.metmuseum.org/CRDImages/gr/original/DVB02954_1_ff.jpg,1,,,
257258,Glass network mosaic bowl fragment,"Fragment, network",late 1st century BCE–early 1st century CE,Early Imperial,,,Glass,Other: 1 1/4 x 1 3/8 in. (3.2 x 3.5 cm),Roman,,,,,,,,,,,Greek and Roman Art,Glass,,False,True,https://www.metmuseum.org/art/collection/search/257258,https://images.metmuseum.org/CRDImages/gr/original/DP22044edited.jpg,0,,,
242288,Limestone statuette of Pan,Statue of Pan or Melanthios,3rd–1st century BCE,Hellenistic,,,Limestone,12 x 2 x 3 1/2 in.  (30.5 x 5.1 x 8.9 cm),Cypriot,,,,Male Nudes,,,,,,,Greek and Roman Art,Stone Sculpture,,False,True,https://www.metmuseum.org/art/collection/search/242288,https://images.metmuseum.org/CRDImages/gr/original/DP159474.jpg,0,,,
691662,Terracotta fragment of a kylix (drinking cup),Kylix fragment,first quarter of the 5th century BCE,Archaic,,,Terracotta,,"Greek, Attic",,,,,,,,,,,Greek and Roman Art,Vases,,False,True,https://www.metmuseum.org/art/collection/search/691662,https://images.metmuseum.org/CRDImages/gr/original/DVB03081_1_ff.jpg,1,,,
250875,Volute-krater fragment,Volute-krater fragment,ca. 400–350 BCE,Late Classical,,,Terracotta,5 x 2in. (12.7 x 5.1cm),"Greek, South Italian, Apulian",,,,,,,,,,,Greek and Roman Art,Vases,,False,True,https://www.metmuseum.org/art/collection/search/250875,https://images.metmuseum.org/CRDImages/gr/original/Lc-19_192_81_65.jpg,0,,,
242839,Gold earring with head of a bull,Earring with head of a bull,4th–3rd century BCE,Classical or Hellenistic,,,Gold,Other: 5/8 x 1/4 x 11/16 in. (1.6 x 0.7 x 1.8 cm),Greek,,,,Bulls,,,,,,,Greek and Roman Art,Gold and Silver,,False,True,https://www.metmuseum.org/art/collection/search/242839,https://images.metmuseum.org/CRDImages/gr/original/sf74513405.jpg,0,,,
750060,Terracotta fragment of a neck-amphora (jar),"Neck-amphora, Tyrrhenian fragment",second quarter of the sixth century BCE,Archaic,,,Terracotta,,"Greek, Attic",,,,,,,,,,,Greek and Roman Art,Vases,,False,True,https://www.metmuseum.org/art/collection/search/750060,https://images.metmuseum.org/CRDImages/gr/original/DVB12275_1_ff.jpg,1,,,
239815,Glass beaker,Beaker,mid–late 2nd century CE,Mid Imperial,,,Glass,"Height: 3 7/16 in. (8.8 cm)
Body diameter: 2 3/4 in. (6.9 cm)
Diam. of rim: 2 13/16 in. (7.1 cm)
Diam. of foot: 1 5/8 in. (4.1 cm)","Roman, Cypriot",,,,,,,,,,,Greek and Roman Art,Glass,,False,True,https://www.metmuseum.org/art/collection/search/239815,https://images.metmuseum.org/CRDImages/gr/original/DP233493.jpg,0,https://www.wikidata.org/wiki/Q116297687,,
248002,Gold kantharos (drinking cup with two high vertical handles),Kantharos,ca. 1550–1500 BCE,Late Helladic I,,,Gold,Overall: 3 1/8 x 6 5/8 x 3 1/2 in. (7.9 x 16.8 x 8.9 cm),"Helladic, Mycenaean",,,,,,,,,,,Greek and Roman Art,Gold and Silver,,False,True,https://www.metmuseum.org/art/collection/search/248002,https://images.metmuseum.org/CRDImages/gr/original/DP258798.jpg,3,https://www.wikidata.org/wiki/Q116295587,,
713570,Terracotta fragment of a kylix (drinking cup),Kylix fragment,490–470 BCE,Late Archaic/Early Classical,,,Terracotta,,"Greek, Attic",,,,,,,,,,,Greek and Roman Art,Vases,,False,True,https://www.metmuseum.org/art/collection/search/713570,https://images.metmuseum.org/CRDImages/gr/original/DVB07295_1_ff.jpg,1,,,
243362,"Earring-hook type, with disc and pendant","Earring-hook type, with disc and pendant",-7000–330,,,,Gold,Other: 1/4 × 5/16 × 1 1/8 in. (0.7 × 0.8 × 2.8 cm),,,,,,,,,,,,Greek and Roman Art,Gold and Silver,,False,True,https://www.metmuseum.org/art/collection/search/243362,https://images.metmuseum.org/CRDImages/gr/original/sf74513946edited.jpg,0,,,
755802,Terracotta fragment of a stemless cup (drinking cup),Kylix fragment,third quarter of the 6th century BCE,Archaic,,,Terracotta,,"Greek, Attic",,,,,,,,,,,Greek and Roman Art,Vases,,False,True,https://www.metmuseum.org/art/collection/search/755802,https://images.metmuseum.org/CRDImages/gr/original/DVB13564_1_ff.jpg,1,,,
739960,Terracotta fragment of a skyphos (deep drinking cup)?,Skyphos fragment?,mid-5th century BCE,Classical,,,Terracotta,,"Greek, Attic",,,,,,,,,,,Greek and Roman Art,Vases,,False,True,https://www.metmuseum.org/art/collection/search/739960,https://images.metmuseum.org/CRDImages/gr/original/DVB10669_1_ff.jpg,1,,,
256658,Statuette of a swan ?,Statuette of a swan ?,-670–330,,,,Bronze,H. 3.20 cm.,Roman,,,,Swans,,,,,,,Greek and Roman Art,Bronzes,,False,True,https://www.metmuseum.org/art/collection/search/256658,https://images.metmuseum.org/CRDImages/gr/original/DP2056.jpg,0,,,
250176,Fragmentary terracotta scyphus (drinking cup),Skyphos fragment,1st half of 1st century CE,,,,Terracotta,H. 6 1/2 in. (16.5 cm); width with handles 10 5/8 in. (27 cm),Roman,,,,Heads|Monsters,,,,,,,Greek and Roman Art,Vases,,False,True,https://www.metmuseum.org/art/collection/search/250176,https://images.metmuseum.org/CRDImages/gr/original/DP107685.jpg,0,https://www.wikidata.org/wiki/Q116288324,,
728550,Terracotta fragment of a psykter? (vase for cooling wine),Psykter fragment?,late 6th century BCE/early 5th century BCE,Archaic,,,Terracotta,,"Greek, Attic",,,,,,,,,,,Greek and Roman Art,Vases,,False,True,https://www.metmuseum.org/art/collection/search/728550,https://images.metmuseum.org/CRDImages/gr/original/DVB08870_1_ff.jpg,1,,,
766141,Terracotta fragment of a skyphos (deep drinking cup),Skyphos fragment,late 5th century BCE/early 4th century BCE,Classical,,,Terracotta,,Etruscan,,,,,,,,,,,Greek and Roman Art,Vases,,False,True,https://www.metmuseum.org/art/collection/search/766141,https://images.metmuseum.org/CRDImages/gr/original/DVB14557_1_ff.jpg,1,,,
745371,Terracotta fragment of an amphora (jar)?,Amphora fragment?,530–520 BCE,Archaic,,,Terracotta,,"Greek, Attic",,,,,,,,,,,Greek and Roman Art,Vases,,False,True,https://www.metmuseum.org/art/collection/search/745371,https://images.metmuseum.org/CRDImages/gr/original/DVB11481_1_ff.jpg,1,,,
241080,Female head,Head of a woman,3rd century BCE(?),Early Hellenistic,,,Terracotta,H. 1 3/16 in. (3 cm),Cypriot,,,,Heads,,,,,,,Greek and Roman Art,Terracottas,,False,True,https://www.metmuseum.org/art/collection/search/241080,https://images.metmuseum.org/CRDImages/gr/original/DP101874.jpg,0,,,
240247,Terracotta ring-kernos (offering vase),Ring-kernos,ca. 850–750 BCE,Cypro-Geometric III,,,Terracotta,"H. 4 1/2 in. (11.4 cm)
diameter  6 3/4 in. (17.1 cm)",Cypriot,,,,,,,,,,,Greek and Roman Art,Vases,,False,True,https://www.metmuseum.org/art/collection/search/240247,https://images.metmuseum.org/CRDImages/gr/original/DP-37603-001.jpg,3,https://www.wikidata.org/wiki/Q116401444,,
245947,"Earring, crescent-shaped","Earring, crescent-shaped",5th–4th century BCE,,,,Gold,Other: 5/8 × 1/8 × 7/16 in. (1.6 × 0.3 × 1.2 cm),Etruscan,,,,,,,,,,,Greek and Roman Art,Gold and Silver,,False,True,https://www.metmuseum.org/art/collection/search/245947,https://images.metmuseum.org/CRDImages/gr/original/sf9515159.jpg,0,,,
252953,Marble head  of Herakles,Head of a man wearing a wreath (Herakles?),1st century CE,Early Imperial,,,Marble,H. 6 3/4 in. (17.1 cm),Roman,,,,Heads|Herakles,,,,,,,Greek and Roman Art,Stone Sculpture,,False,True,https://www.metmuseum.org/art/collection/search/252953,https://images.metmuseum.org/CRDImages/gr/original/DP147748.jpg,3,https://www.wikidata.org/wiki/Q116242136,,
703746,Terracotta fragment of a kylix (drinking cup),Kylix fragment,500–480 BCE,Archaic,,,Terracotta,,"Greek, Attic",,,,,,,,,,,Greek and Roman Art,Vases,,False,True,https://www.metmuseum.org/art/collection/search/703746,https://images.metmuseum.org/CRDImages/gr/original/DVB05916_1_ff.jpg,1,,,
721495,Terracotta fragment of a kylix (drinking cup),Kylix fragment,second quarter of the 5th century BCE,Classical,,,Terracotta,,"Greek, Attic",,,,,,,,,,,Greek and Roman Art,Vases,,False,True,https://www.metmuseum.org/art/collection/search/721495,https://images.metmuseum.org/CRDImages/gr/original/DVB07005_1_ff.jpg,1,,,
756276,Terracotta fragment of a kylix (drinking cup),Kylix fragment,early 5th century BCE,Archaic,,,Terracotta,,"Greek, Attic",,,,,,,,,,,Greek and Roman Art,Vases,,False,True,https://www.metmuseum.org/art/collection/search/756276,https://images.metmuseum.org/CRDImages/gr/original/DVB13186_1_ff.jpg,1,,,
241108,Terracotta statuette of a nude woman,Statuette of a woman,ca. 600–480 BCE,Cypro-Archaic II,,,Terracotta,H. 7 in. (17.8 cm),Cypriot,,,,Female Nudes,,,,,,,Greek and Roman Art,Terracottas,,False,True,https://www.metmuseum.org/art/collection/search/241108,https://images.metmuseum.org/CRDImages/gr/original/GR707.jpg,1,https://www.wikidata.org/wiki/Q116293044,,
764387,Terracotta rim fragments of kylikes (drinking cups),Kylikes fragments,5th century BCE,Archaic/Classical,,,Terracotta,,"Greek, Attic",,,,,,,,,,,Greek and Roman Art,Vases,,False,True,https://www.metmuseum.org/art/collection/search/764387,https://images.metmuseum.org/CRDImages/gr/original/DVB14849_1_ff.jpg,1,,,
239740,Glass stirring rod,Rod,ca. 1st–4th century CE,Imperial,,,Glass,"Overall: 5 9/16in. (14.1cm)
Other: 3/16in. (0.5cm)",Roman,,,,,,,,,,,Greek and Roman Art,Glass,,False,True,https://www.metmuseum.org/art/collection/search/239740,https://images.metmuseum.org/CRDImages/gr/original/DP108882.jpg,0,,,
686739,Terracotta rim fragment of a kylix (drinking cup),Kylix fragment; lipped inside and out,460–450 BCE,Classical,,,Terracotta,,"Greek, Attic",,,,,,,,,,,Greek and Roman Art,Vases,,False,True,https://www.metmuseum.org/art/collection/search/686739,https://images.metmuseum.org/CRDImages/gr/original/DVB02311_1_ff.jpg,1,,,
241568,Terracotta oil lamp,Lamp,ca. 40–100 CE,Early Imperial,,,Terracotta,Overall: 15/16 x 3 7/16 in. (2.4 x 8.7 cm),"Roman, Cypriot",,,,Boats,,,,,,,Greek and Roman Art,Terracottas,,False,True,https://www.metmuseum.org/art/collection/search/241568,https://images.metmuseum.org/CRDImages/gr/original/DP-22527-233.jpg,1,https://www.wikidata.org/wiki/Q116401833,,
756086,Terracotta fragment of a kylix: eye-cup (drinking cup),Kylix fragment,530–510 BCE,Archaic,,,Terracotta,,"Greek, Attic",,,,,,,,,,,Greek and Roman Art,Vases,,False,True,https://www.metmuseum.org/art/collection/search/756086,https://images.metmuseum.org/CRDImages/gr/original/DVB13601_1_ff.jpg,1,,,
773977,Terracotta fragments of kylikes (drinking cups),Kylikes fragments,6th/5th centuries BCE,Archaic/Classical,,,Terracotta,,"Greek, Attic",,,,,,,,,,,Greek and Roman Art,Vases,,False,True,https://www.metmuseum.org/art/collection/search/773977,https://images.metmuseum.org/CRDImages/gr/original/DVB15657_1_ff.jpg,1,,,
669686,Terracotta fragment of a kylix (drinking cup),Kylix fragment,second quarter of the 5th century BCE,Classical,,,Terracotta,,"Greek, Attic",,,,,,,,,,,Greek and Roman Art,Vases,,False,True,https://www.metmuseum.org/art/collection/search/669686,https://images.metmuseum.org/CRDImages/gr/original/DVB00554_1_ff.jpg,1,,,
243948,Spindle whorl,Spindle whorl,4000–3001 BCE,Chalcolithic,,,Picrolite,Height: 13/16 x 1 in. (2.1 x 2.5 cm),,,,,,,,,,,,Greek and Roman Art,Miscellaneous-Stone,,False,True,https://www.metmuseum.org/art/collection/search/243948,https://images.metmuseum.org/CRDImages/gr/original/DP-30450-002.jpg,1,,,
703452,Terracotta fragment of a kylix (drinking cup),Kylix fragment,490–470 BCE,Late Archaic/Early Classical,,,Terracotta,,"Greek, Attic",,,,,,,,,,,Greek and Roman Art,Vases,,False,True,https://www.metmuseum.org/art/collection/search/703452,https://images.metmuseum.org/CRDImages/gr/original/DVB05959_1_ff.jpg,1,,,
695770,Terracotta fragment of a kylix (drinking cup),Kylix fragment,first quarter of the 5th century BCE,Archaic/Early Classical,,,Terracotta,,"Greek, Attic",,,,,,,,,,,Greek and Roman Art,Vases,,False,True,https://www.metmuseum.org/art/collection/search/695770,https://images.metmuseum.org/CRDImages/gr/original/DVB04396_1_ff.jpg,1,,,
683352,Terracotta rim fragment of a kylix (drinking cup),Kylix fragment,second quarter of the 5th century BCE,Classical,,,Terracotta,,"Greek, Attic",,,,,,,,,,,Greek and Roman Art,Vases,,False,True,https://www.metmuseum.org/art/collection/search/683352,https://images.metmuseum.org/CRDImages/gr/original/DVB01181_2_ff.jpg,1,,,
240166,Bowl,Bowl,850–750 BCE,Cypro-Geometric III,,,Terracotta,"4 3/4in. (12.1cm)
Other (mouth): 4 7/16in. (11.3cm)",Cypriot,,,,,,,,,,,Greek and Roman Art,Vases,,False,True,https://www.metmuseum.org/art/collection/search/240166,https://images.metmuseum.org/CRDImages/gr/original/LC-74_51_579.jpg,0,,,
250247,Jar,Jar,-7000–330,,,,Terracotta,H. 16.99 cm.,,,,,,,,,,,,Greek and Roman Art,Vases,,False,True,https://www.metmuseum.org/art/collection/search/250247,https://images.metmuseum.org/CRDImages/gr/original/DP1287.jpg,1,,,
703445,Terracotta fragment of a kylix (drinking cup),Kylix fragment,500–480 BCE,Archaic,,,Terracotta,,"Greek, Attic",,,,,,,,,,,Greek and Roman Art,Vases,,False,True,https://www.metmuseum.org/art/collection/search/703445,https://images.metmuseum.org/CRDImages/gr/original/DVB05756_1_ff.jpg,1,,,
750106,Terracotta fragment of a lekythos (oil flask),Lekythos fragment,third quarter of the sixth century BCE,Archaic,,,Terracotta,,"Greek, Attic",,,,,,,,,,,Greek and Roman Art,Vases,,False,True,https://www.metmuseum.org/art/collection/search/750106,https://images.metmuseum.org/CRDImages/gr/original/DVB11790_1_ff.jpg,1,,,
693366,Terracotta fragment of a kylix (drinking cup),Kylix fragment,second quarter of the 5th century BCE,Classical,,,Terracotta,,"Greek, Attic",,,,,,,,,,,Greek and Roman Art,Vases,,False,True,https://www.metmuseum.org/art/collection/search/693366,https://images.metmuseum.org/CRDImages/gr/original/DVB03799_1_ff.jpg,1,,,
766048,Terracotta fragment of a bowl,Bowl fragment,4th century BCE,Classical,,,Terracotta,,Etruscan,,,,,,,,,,,Greek and Roman Art,Vases,,False,True,https://www.metmuseum.org/art/collection/search/766048,https://images.metmuseum.org/CRDImages/gr/original/DVB14359_1_ff.jpg,1,,,
759867,Terracotta fragment of an oinochoe (jug),Oinochoe fragment,510–500 BCE,Archaic,,,Terracotta,,"Greek, Attic",,,,,,,,,,,Greek and Roman Art,Vases,,False,True,https://www.metmuseum.org/art/collection/search/759867,https://images.metmuseum.org/CRDImages/gr/original/DVB14136_1_ff.jpg,1,,,
764261,Terracotta fragment of a krater (bowl for mixing wine and water)?,Krater fragment?,5th century BCE,Archaic/Classical,,,Terracotta,,"Greek, Attic",,,,,,,,,,,Greek and Roman Art,Vases,,False,True,https://www.metmuseum.org/art/collection/search/764261,https://images.metmuseum.org/CRDImages/gr/original/DVB14727_1_ff.jpg,1,,,
671212,Terracotta fragment of a kylix (drinking cup),Kylix fragment,490–480 BCE,Late Archaic,,,Terracotta,,"Greek, Attic",,,,,,,,,,,Greek and Roman Art,Vases,,False,True,https://www.metmuseum.org/art/collection/search/671212,https://images.metmuseum.org/CRDImages/gr/original/DVB01133_1_ff.jpg,1,,,
255956,Pair of bronze handles with satyrs,Handles with caryatid silenoi,early 5th century BCE,Classical,,,Bronze,H.: 4 1/16 in. (10.3 cm),Etruscan,,,,Satyrs,,,,,,,Greek and Roman Art,Bronzes,,False,True,https://www.metmuseum.org/art/collection/search/255956,https://images.metmuseum.org/CRDImages/gr/original/DP20885.jpg,1,https://www.wikidata.org/wiki/Q116289773,,
248157,Bronze model of a cart with farmyard group,Model of a cart with farmyard group,2nd century BCE–1st century CE,Hellenistic or Early Imperial,,,Bronze,"Cart: L. 9 1/8 in. (23.2 cm)
         W. 3 in. (7.6 cm)
         D. of wheels 2 in. (5 cm)
09.221.20b: Ox, L. 3 3/4 in. (9.5 cm), H. 2 5/8 in. (6.6 cm)
09.221.20c: Ox, L. 4 1/4 in. (10.7 cm), H. 3 1/8 in. (7.9cm)
09.221.20d: Yoke, L. 5 3/8 in. (13.6 cm)
09.221.20e: Bull, L. 3 3/8 in. (8.5 cm), H. 3i in. (7.6 cm)
09.221.20f: Bull, L. 3 3/8 in. (8.5 cm), H. 2 1/8 in. (5.4 cm)
09.221.20g: Yoke, L. 5 1/2 in. (14 cm)
09.221.20h: Ram, L. 3 1/2 in. (8.9 cm), H. 2 7/8 in. (7.2 cm)
09.221.20i: Ewe, L. 3 3/8 in. (8.5 cm), H. 2 5/8 in. (6.6 cm)
09.221.20j: Goat, L. 3 1/4 in. (8.2 cm), H. 3 1/8 in. (7.9 cm)
09.221.20k: Kid, L. 2 5/8 in. (6.6 cm), H. 2 7/8 in. (7.2 cm)
09.221.20l: Sow, L. 3 5/8 in. (9.2 cm), H. 1 7/8 in. (4.7 cm)
09.221.20m: Pig, L. 3 3/8 in. (8.5 cm), H. 1 3/4 in. (4.4 cm)
09.221.20n: Plow, L. 8 5/8 in. (21.8 cm)",Etruscan or Roman,,,,Bulls|Goats|Pigs|Rams|Carts,,,,,,,Greek and Roman Art,Bronzes,,False,True,https://www.metmuseum.org/art/collection/search/248157,https://images.metmuseum.org/CRDImages/gr/original/DP20443.jpg,13,https://www.wikidata.org/wiki/Q116293149,,
252889,Terracotta spindle whorl,Spindle whorl,6th–5th century BCE,Archaic–Classical,,,Terracotta,H. 1 1/2 in. (3.8 cm),"Greek, Attic",,,,,,,,,,,Greek and Roman Art,Terracottas,,False,True,https://www.metmuseum.org/art/collection/search/252889,https://images.metmuseum.org/CRDImages/gr/original/DP119378.jpg,0,https://www.wikidata.org/wiki/Q116242179,,
740020,Terracotta fragment of a Nolan neck-amphora (jar),Neck-amphora fragment,475–460 BCE,Classical,,,Terracotta,,"Greek, Attic",,,,,,,,,,,Greek and Roman Art,Vases,,False,True,https://www.metmuseum.org/art/collection/search/740020,https://images.metmuseum.org/CRDImages/gr/original/DVB09372_1_ff.jpg,1,,,
709983,Terracotta fragment of a kylix (drinking cup),Kylix fragment,490–480 BCE,Late Archaic,,,Terracotta,,"Greek, Attic",,,,,Colmar Painter,Artist,,,,,Greek and Roman Art,Vases,,False,True,https://www.metmuseum.org/art/collection/search/709983,https://images.metmuseum.org/CRDImages/gr/original/DVB04646_1_ff.jpg,1,,https://www.wikidata.org/wiki/Q18508104,http://vocab.getty.edu/page/ulan/500097485
671087,Terracotta fragment of a kylix (drinking cup),Kylix fragment,second quarter of the 5th century BCE,Classical,,,Terracotta,,"Greek, Attic",,,,,,,,,,,Greek and Roman Art,Vases,,False,True,https://www.metmuseum.org/art/collection/search/671087,https://images.metmuseum.org/CRDImages/gr/original/DVB00911_1_ff.jpg,1,,,
774175,Terracotta fragment of a kylix (drinking,Kylix fragment,6th/5th centuries BCE,Archaic/Classical,,,Terracotta,,"Greek, Attic",,,,,,,,,,,Greek and Roman Art,Vases,,False,True,https://www.metmuseum.org/art/collection/search/774175,https://images.metmuseum.org/CRDImages/gr/original/DVB15804_1_ff.jpg,1,,,
251632,Lead figure of a warrior with a helmet and shield,"Statuette of a warrior, 10",6th–5th century BCE,Archaic,,,Lead,Height: 1 7/8 in. (4.8 cm),"Greek, Laconian",,,,Soldiers|Helmets|Shields,,,,,,,Greek and Roman Art,Miscellaneous-Lead,,False,True,https://www.metmuseum.org/art/collection/search/251632,https://images.metmuseum.org/CRDImages/gr/original/DP118304.jpg,0,https://www.wikidata.org/wiki/Q116287311,,
241219,Terracotta statuette of a horse and rider,Statue of a horseman,5th–4th century BCE,Cypro-Classical,,,Terracotta,H. 15 in. (38.1 cm),Cypriot,,,,Men|Horses,,,,,,,Greek and Roman Art,Terracottas,,False,True,https://www.metmuseum.org/art/collection/search/241219,https://images.metmuseum.org/CRDImages/gr/original/DP104668.jpg,0,https://www.wikidata.org/wiki/Q116290087,,
248050,Silver denarius of Caracalla,Denarius,202–205 CE,"Mid Imperial, Severan",,,Silver,"11/16 × 1/8 in., 3.8g (1.8 × 0.3 cm, 3.8g)",Roman,,,,Men|Profiles,,,,,,,Greek and Roman Art,Coins,,False,True,https://www.metmuseum.org/art/collection/search/248050,https://images.metmuseum.org/CRDImages/gr/original/LC-08_170_342a.jpg,1,https://www.wikidata.org/wiki/Q116295361,,
241622,Terracotta oil lamp,Lamp,early 1st century CE,Early Imperial,,,Terracotta,Overall: 1 3/8 x 4 9/16 in. (3.5 x 11.6 cm),Roman,,,,,,,,,,,Greek and Roman Art,Terracottas,,False,True,https://www.metmuseum.org/art/collection/search/241622,https://images.metmuseum.org/CRDImages/gr/original/DP-22527-251.jpg,1,https://www.wikidata.org/wiki/Q116401853,,
240146,Juglet,Juglet,750–600 BCE,Cypro-Archaic I,,,Terracotta,4 1/8in. (10.5cm),Cypriot,,,,,,,,,,,Greek and Roman Art,Vases,,False,True,https://www.metmuseum.org/art/collection/search/240146,https://images.metmuseum.org/CRDImages/gr/original/LC-74_51_559.jpg,0,,,
251355,Terracotta stemmed plate,"Plate, stemmed",ca. 625–600 BCE,Archaic,,,Terracotta,"H. 3 5/16 in. (8.4 cm)
diameter  7 1/2 in. (19 cm)",Capenate,,,,,,,,,,,Greek and Roman Art,Vases,,False,True,https://www.metmuseum.org/art/collection/search/251355,https://images.metmuseum.org/CRDImages/gr/original/DP247389.jpg,0,https://www.wikidata.org/wiki/Q116288823,,
750319,Terracotta fragment of a mastoid (drinking cup with narrow base),Mastoid fragment,late 6th/early 5th century BCE,Archaic,,,Terracotta,,"Greek, Attic",,,,,,,,,,,Greek and Roman Art,Vases,,False,True,https://www.metmuseum.org/art/collection/search/750319,https://images.metmuseum.org/CRDImages/gr/original/DVB12011_1_ff.jpg,1,,,
255127,Terracotta kothon (perfume vase),Kothon,2nd half of the 6th century BCE,Late Corinthian,,,Terracotta,"H. 2 1/16 in. (5.2 cm)
diameter  5 15/16 in. (15 cm)","Greek, Corinthian",,,,,,,,,,,Greek and Roman Art,Vases,,False,True,https://www.metmuseum.org/art/collection/search/255127,https://images.metmuseum.org/CRDImages/gr/original/DP1863.jpg,0,https://www.wikidata.org/wiki/Q116288867,,
252591,Terracotta oinochoe: olpe (jug),Olpe,1st half of 6th century BCE,Archaic,,,Terracotta,6 15/16 × 3 3/4 in. (17.7 × 9.5 cm),"Greek, Attic",,,,Panthers,Group of the Early Olpai,Artist,,,,,Greek and Roman Art,Vases,,False,True,https://www.metmuseum.org/art/collection/search/252591,https://images.metmuseum.org/CRDImages/gr/original/DP130724.jpg,1,https://www.wikidata.org/wiki/Q116242252,,
669629,Terracotta rim fragment of a kylix (drinking cup),Kylix fragment,480–470 BCE,Classical,,,Terracotta,,"Greek, Attic",,,,,,,,,,,Greek and Roman Art,Vases,,False,True,https://www.metmuseum.org/art/collection/search/669629,https://images.metmuseum.org/CRDImages/gr/original/DVB00454_1_ff.jpg,1,,,
249863,Pinhead,Pinhead,-7000–330,,,,Glass,Height: 5/16 x 13/16 in. (0.9 x 2 cm),,,,,,,,,,,,Greek and Roman Art,Glass,,False,True,https://www.metmuseum.org/art/collection/search/249863,https://images.metmuseum.org/CRDImages/gr/original/sf17194630color.jpg,0,,,
240429,Terracotta askos (vessel) in the form of a bird,Askos in the form of a bird,ca. 1200–1050 BCE,Late Cypriot IIIB,,,Terracotta,"H. 6 7/16 in. (16.4 cm)
length  7 1/16 in. (17.9 cm)",Cypriot,,,,Birds,,,,,,,Greek and Roman Art,Vases,,False,True,https://www.metmuseum.org/art/collection/search/240429,https://images.metmuseum.org/CRDImages/gr/original/DP-27964-001.jpg,2,https://www.wikidata.org/wiki/Q116401543,,
740005,Terracotta fragment of a skyphos (deep drinking cup),Skyphos fragment,475–425 BCE,Classical,,,Terracotta,,"Greek, Attic",,,,,,,,,,,Greek and Roman Art,Vases,,False,True,https://www.metmuseum.org/art/collection/search/740005,https://images.metmuseum.org/CRDImages/gr/original/DVB10634_1_ff.jpg,1,,,
253573,Gilt terracotta statuette of a goat,Statuette of a goat,14th century BCE,Late Helladic IIIA,,,"Terracotta, gold",H. 3 in. (7.6 cm.),Mycenaean,,,,Goats,,,,,,,Greek and Roman Art,Terracottas,,False,True,https://www.metmuseum.org/art/collection/search/253573,https://images.metmuseum.org/CRDImages/gr/original/DP145548.jpg,0,https://www.wikidata.org/wiki/Q116293158,,
255398,Bronze statuette of a recumbent lion,Statuette of a lion,late 5th century BCE,Classical,,,Bronze,H. 15/16 in. (2.4 cm),Greek,,,,Lions,,,,,,,Greek and Roman Art,Bronzes,,False,True,https://www.metmuseum.org/art/collection/search/255398,https://images.metmuseum.org/CRDImages/gr/original/DP20983.jpg,0,https://www.wikidata.org/wiki/Q116287504,,
246496,Bone and amber segment from a fibula (safety pin),"Fibula, fragment",7th–6th century BCE,Archaic,,,"Amber, bronze, bone or ivory",Other: 15/16 in. (2.4 cm),Etruscan,,,,,,,,,,,Greek and Roman Art,Miscellaneous-Amber,,False,True,https://www.metmuseum.org/art/collection/search/246496,https://images.metmuseum.org/CRDImages/gr/original/DP257863-969502.jpg,1,https://www.wikidata.org/wiki/Q116291572,,
699245,Terracotta fragment of a kylix (drinking cup),Kylix fragment,500–480 BCE,Archaic,,,Terracotta,,"Greek, Attic",,,,,,,,,,,Greek and Roman Art,Vases,,False,True,https://www.metmuseum.org/art/collection/search/699245,https://images.metmuseum.org/CRDImages/gr/original/DVB05304_1_ff.jpg,1,,,
246576,Terracotta askos (flask with a handle over the top),Askos,ca. 300 BCE,Hellenistic,,,Terracotta,H. 9 1/8 in. (23.2 cm),"Greek, South Italian, Apulian",,,,Nike|Dogs|Rabbits,Mignot Painter,Artist,,,,,Greek and Roman Art,Vases,,False,True,https://www.metmuseum.org/art/collection/search/246576,https://images.metmuseum.org/CRDImages/gr/original/DP114413.jpg,3,https://www.wikidata.org/wiki/Q116290244,,http://vocab.getty.edu/page/ulan/500071972
695916,Terracotta fragments of kylikes (drinking cups),Kylix fragments,second quarter of the 5th century BCE,Classical,,,Terracotta,,"Greek, Attic",,,,,,,,,,,Greek and Roman Art,Vases,,False,True,https://www.metmuseum.org/art/collection/search/695916,https://images.metmuseum.org/CRDImages/gr/original/DVB04873_1_ff.jpg,1,,,
668465,Terracotta rim fragment of a kylix (drinking cup),Kylix fragment,second quarter 5th century BCE,Classical,,,Terracotta,,"Greek, Attic",,,,,,,,,,,Greek and Roman Art,Vases,,False,True,https://www.metmuseum.org/art/collection/search/668465,https://images.metmuseum.org/CRDImages/gr/original/DVB00214_1_ff.jpg,1,,,
703834,Terracotta rim fragment of a kylix: eye-cup  (drinking cup),"Kylix fragment, eye-cup",525–515 BCE,Archaic,,,Terracotta,,"Greek, Attic",,,,,,,,,,,Greek and Roman Art,Vases,,False,True,https://www.metmuseum.org/art/collection/search/703834,https://images.metmuseum.org/CRDImages/gr/original/DVB05981_2_ff.jpg,1,,,
668633,Terracotta fragment of a kylix (drinking cup),Kylix fragment,second quarter 5th century BCE,Classical,,,Terracotta,,"Greek, Attic",,,,,Angular Painter,Artist,,,,,Greek and Roman Art,Vases,,False,True,https://www.metmuseum.org/art/collection/search/668633,https://images.metmuseum.org/CRDImages/gr/original/DVB00323_1_ff.jpg,3,,,http://vocab.getty.edu/page/ulan/500113797
749943,Terracotta fragment of a column-krater (bowl for mixing wine and water),Column-krater fragment,6th/5th centuries BCE,Archaic,,,Terracotta,,"Greek, Attic",,,,,,,,,,,Greek and Roman Art,Vases,,False,True,https://www.metmuseum.org/art/collection/search/749943,https://images.metmuseum.org/CRDImages/gr/original/DVB11681_1_ff.jpg,1,,,
718550,Terracotta fragment of a kylix (drinking cup),Kylix fragment,470–460 BCE,Classical,,,Terracotta,,"Greek, Attic",,,,,,,,,,,Greek and Roman Art,Vases,,False,True,https://www.metmuseum.org/art/collection/search/718550,https://images.metmuseum.org/CRDImages/gr/original/DVB07770_1_ff.jpg,1,,,
330167,Silver Drachm of Ariobarzanes I,Drachm,ca. 96–63 BC,,,,Silver,11/16 in. (17.5 mm),"Greek, Cappadocia, Eusebeia",,,,,,,,,,,Greek and Roman Art,Coins,,False,True,https://www.metmuseum.org/art/collection/search/330167,https://images.metmuseum.org/CRDImages/gr/original/KN362A.JPG,1,,,
242760,"Bead, control with scaraboid","Bead, control with scaraboid",-3900–100,,,,"Gold, sard",Other: 3/8 x 9/16 x 3/16 in. (1 x 1.5 x 0.4 cm),Cypriot,,,,,,,,,,,Greek and Roman Art,Gold and Silver,,False,True,https://www.metmuseum.org/art/collection/search/242760,https://images.metmuseum.org/CRDImages/gr/original/sf74513326.jpg,0,,,
733586,Terracotta fragment of an oinochoe: chous (jug),Chous fragment,last quarter of the 5th century BCE,Classical,,,Terracotta,,"Greek, Attic",,,,,,,,,,,Greek and Roman Art,Vases,,False,True,https://www.metmuseum.org/art/collection/search/733586,https://images.metmuseum.org/CRDImages/gr/original/DVB10148_1_ff.jpg,1,,,
750207,Terracotta fragment of a lekythos (oil flask),Lekythos fragment,6th/5th centuries BCE,Archaic,,,Terracotta,,"Greek, Attic",,,,,,,,,,,Greek and Roman Art,Vases,,False,True,https://www.metmuseum.org/art/collection/search/750207,https://images.metmuseum.org/CRDImages/gr/original/DVB11954_1_ff.jpg,1,,,
718957,Terracotta rim fragment of a kylix (drinking cup),Kylix fragment,460–450 BCE,Classical,,,Terracotta,,"Greek, Attic",,,,,,,,,,,Greek and Roman Art,Vases,,False,True,https://www.metmuseum.org/art/collection/search/718957,https://images.metmuseum.org/CRDImages/gr/original/DVB08039_1_ff.jpg,1,,,
668541,Terracotta fragment of a kylix (drinking cup),Kylix fragment,second quarter 5th century BCE,Classical,,,Terracotta,,"Greek, Attic",,,,,,,,,,,Greek and Roman Art,Vases,,False,True,https://www.metmuseum.org/art/collection/search/668541,https://images.metmuseum.org/CRDImages/gr/original/DVB00300_1_ff.jpg,1,,,
239758,Glass perfume bottle,Perfume bottle,1st century CE,Early Imperial,,,Glass,"1 3/8 in. × 1 in. (3.5 × 2.5 cm)
Diam. of rim: 5/8 in. (1.6 cm)",Roman,,,,,,,,,,,Greek and Roman Art,Glass,,False,True,https://www.metmuseum.org/art/collection/search/239758,https://images.metmuseum.org/CRDImages/gr/original/DP108889.jpg,0,,,
241182,Standing male figurine,"Statuette of a votary, male",ca. 600–480 BCE,Cypro-Archaic II,,,Terracotta,H. 9 1/8 in. (23.2 cm),Cypriot,,,,Men,,,,,,,Greek and Roman Art,Terracottas,,False,True,https://www.metmuseum.org/art/collection/search/241182,https://images.metmuseum.org/CRDImages/gr/original/DP101690.jpg,0,,,
243492,"Ring, spiral with snake heads","Ring, spiral with snake heads",-7000–330,,,,Gold,Other: 11/16 × 3/4 × 3/16 in. (1.8 × 2 × 0.4 cm),,,,,Snakes,,,,,,,Greek and Roman Art,Gold and Silver,,False,True,https://www.metmuseum.org/art/collection/search/243492,https://images.metmuseum.org/CRDImages/gr/original/sf74514080.jpg,0,,,
693424,Terracotta fragments of kylikes (drinking cups),Kylix fragments,460–440 BCE,Classical,,,Terracotta,,"Greek, Attic",,,,,,,,,,,Greek and Roman Art,Vases,,False,True,https://www.metmuseum.org/art/collection/search/693424,https://images.metmuseum.org/CRDImages/gr/original/DVB04055_1_ff.jpg,1,,,
671082,Terracotta fragment of a kylix (drinking cup),Kylix fragment,second quarter of the 5th century BCE,Classical,,,Terracotta,,"Greek, Attic",,,,,,,,,,,Greek and Roman Art,Vases,,False,True,https://www.metmuseum.org/art/collection/search/671082,https://images.metmuseum.org/CRDImages/gr/original/DVB00907_1_ff.jpg,1,,,
254650,Small terracotta jar with four handles,Jar,ca. 1800–1750 BCE,Middle Minoan IIB,,,Terracotta,H. 2 7/8 in. (7.3 cm),Minoan,,,,,,,,,,,Greek and Roman Art,Vases,,False,True,https://www.metmuseum.org/art/collection/search/254650,https://images.metmuseum.org/CRDImages/gr/original/DP112897.jpg,2,https://www.wikidata.org/wiki/Q116282743,,
243529,Ring,Ring,-7000–330,,,,Gold,Diameter: 7/16 × 1/4 in. (1.2 × 0.6 cm),,,,,,,,,,,,Greek and Roman Art,Gold and Silver,,False,True,https://www.metmuseum.org/art/collection/search/243529,https://images.metmuseum.org/CRDImages/gr/original/sf74514117.jpg,0,,,
733628,Terracotta fragment from an open shape,,second half of the 5th century BCE,Classical,,,Terracotta,,"Greek, Attic",,,,,,,,,,,Greek and Roman Art,Vases,,False,True,https://www.metmuseum.org/art/collection/search/733628,https://images.metmuseum.org/CRDImages/gr/original/DVB10109_1_ff.jpg,1,,,
254496,Marble head of a goddess wearing a diadem,Head of a woman wearing a diadem,1st–2nd century CE,Imperial,,,Marble,H. 9 1/16 in. (23 cm),Roman,,,,Diadems|Heads|Goddess,,,,,,,Greek and Roman Art,Stone Sculpture,,False,True,https://www.metmuseum.org/art/collection/search/254496,https://images.metmuseum.org/CRDImages/gr/original/DP271743.jpg,1,https://www.wikidata.org/wiki/Q116287392,,
699419,Terracotta fragment of a kylix (drinking cup),Kylix fragment,second quarter of the 5th century BCE,Classical,,,Terracotta,,"Greek, Attic",,,,,,,,,,,Greek and Roman Art,Vases,,False,True,https://www.metmuseum.org/art/collection/search/699419,https://images.metmuseum.org/CRDImages/gr/original/DVB05225_1_ff.jpg,1,,,
764437,Terracotta rim fragment of a kylix (drinking cup),Kylix fragment,500–480 BCE,Archaic,,,Terracotta,,"Greek, Attic",,,,,,,,,,,Greek and Roman Art,Vases,,False,True,https://www.metmuseum.org/art/collection/search/764437,https://images.metmuseum.org/CRDImages/gr/original/DVB14895_1_ff.jpg,1,,,
255075,Gold ring with onyx intaglio,Intaglio in ring,late 2nd–early 3rd century CE,Mid-Imperial,,,"Onyx, gold",Other: 5/8 in. (1.6 cm),Roman,,,,Soldiers|Men,,,,,,,Greek and Roman Art,Gems,,False,True,https://www.metmuseum.org/art/collection/search/255075,https://images.metmuseum.org/CRDImages/gr/original/sf605580edited.jpg,0,https://www.wikidata.org/wiki/Q116289314,,
240291,"Jug, barrel-shaped","Jug, barrel-shaped",850–750 BCE,Cypro-Geometric III,,,Terracotta,H. 6 3/4 in. (17.2 cm),Cypriot,,,,,,,,,,,Greek and Roman Art,Vases,,False,True,https://www.metmuseum.org/art/collection/search/240291,https://images.metmuseum.org/CRDImages/gr/original/LC-74_51_704.jpg,0,,,
752847,Terracotta fragment of a skyphos (deep drinking cup),Skyphos fragment,490–480 BCE,Late Archaic,,,Terracotta,,"Greek, Attic",,,,,,,,,,,Greek and Roman Art,Vases,,False,True,https://www.metmuseum.org/art/collection/search/752847,https://images.metmuseum.org/CRDImages/gr/original/DVB12378_1_ff.jpg,1,,,
683326,Terracotta rim fragment of a kylix (drinking cup),Kylix fragment,second quarter of the 5th century BCE,Classical,,,Terracotta,,"Greek, Attic",,,,,,,,,,,Greek and Roman Art,Vases,,False,True,https://www.metmuseum.org/art/collection/search/683326,https://images.metmuseum.org/CRDImages/gr/original/DVB01209_1_ff.jpg,1,,,
703361,Terracotta fragment of a kylix (drinking cup),Kylix fragment,500–480 BCE,Archaic,,,Terracotta,,"Greek, Attic",,,,,,,,,,,Greek and Roman Art,Vases,,False,True,https://www.metmuseum.org/art/collection/search/703361,https://images.metmuseum.org/CRDImages/gr/original/DVB04107_1_ff.jpg,1,,,
689476,Terracotta fragment of a kylix (drinking cup),Kylix fragment,520–490 BCE,Archaic,,,Terracotta,,"Greek, Attic",,,,,,,,,,,Greek and Roman Art,Vases,,False,True,https://www.metmuseum.org/art/collection/search/689476,https://images.metmuseum.org/CRDImages/gr/original/DVB02953_1_ff.jpg,1,,,
759761,Terracotta fragment of a rhyton (vase for libations or drinking),Rhyton fragment,470 BCE,Classical,,,Terracotta,,"Greek, Attic",,,,,,,,,,,Greek and Roman Art,Vases,,False,True,https://www.metmuseum.org/art/collection/search/759761,https://images.metmuseum.org/CRDImages/gr/original/DVB13684_1_ff.jpg,1,,,
248549,Terracotta vessel fragment with grass motif,Vase fragment,ca. 1600–1450 BCE,Late Minoan I,,,Terracotta,Overall: 1 3/4 x 1 7/16in. (4.5 x 3.7cm),Minoan,,,,,,,,,,,Greek and Roman Art,Vases,,False,True,https://www.metmuseum.org/art/collection/search/248549,https://images.metmuseum.org/CRDImages/gr/original/DP121395.jpg,0,https://www.wikidata.org/wiki/Q116289072,,
704301,Terracotta rim fragment of a kylix (drinking cup),Kylix fragment,500–490 BCE,Archaic,,,Terracotta,,"Greek, Attic",,,,,Apollodoros,Artist,,,,,Greek and Roman Art,Vases,,False,True,https://www.metmuseum.org/art/collection/search/704301,https://images.metmuseum.org/CRDImages/gr/original/DVB06512_2_ff.jpg,1,https://www.wikidata.org/wiki/Q116444586,https://www.wikidata.org/wiki/Q4780367,http://vocab.getty.edu/page/ulan/500118921
689484,Terracotta fragment of a kylix (drinking cup),Kylix fragment,500–490 BCE,Archaic,,,Terracotta,,"Greek, Attic",,,,,,,,,,,Greek and Roman Art,Vases,,False,True,https://www.metmuseum.org/art/collection/search/689484,https://images.metmuseum.org/CRDImages/gr/original/DVB02958_1_ff.jpg,1,,,
246571,Squat lekythos,Squat lekythos,ca. 330–320 BCE,Late Classical,,,Terracotta,"Overall: 9 7/8 in. (25.1 cm)
Diameter: 5 1/2 × 3 × 3 13/16 in. (14 × 7.6 × 9.8 cm)","Greek, South Italian, Campanian",,,,Men|Women,APZ Painter,Artist,,,,,Greek and Roman Art,Vases,,False,True,https://www.metmuseum.org/art/collection/search/246571,https://images.metmuseum.org/CRDImages/gr/original/DP1817.jpg,0,,https://www.wikidata.org/wiki/Q28949654,http://vocab.getty.edu/page/ulan/500110807
691726,Terracotta fragment of a kylix (drinking cup),Kylix fragment,mid-5th century BCE,Classical,,,Terracotta,,"Greek, Attic",,,,,,,,,,,Greek and Roman Art,Vases,,False,True,https://www.metmuseum.org/art/collection/search/691726,https://images.metmuseum.org/CRDImages/gr/original/DVB03140_1_ff.jpg,1,,,
250380,Vase fragment,Vase fragment,-670–330,,,,Terracotta,2 1/4 × 2 1/8 × 1/8 in. (5.7 × 5.4 × 0.3 cm),Roman,,,,,,,,,,,Greek and Roman Art,Vases,,False,True,https://www.metmuseum.org/art/collection/search/250380,https://images.metmuseum.org/CRDImages/gr/original/sf171942036edited.jpg,0,,,
733263,Terracotta fragment of a bell-krater (bowl for mixing wine and water),Bell-krater fragment,mid-5th century BCE,Classical,,,Terracotta,,"Greek, Attic",,,,,,,,,,,Greek and Roman Art,Vases,,False,True,https://www.metmuseum.org/art/collection/search/733263,https://images.metmuseum.org/CRDImages/gr/original/DVB09853_1_ff.jpg,1,,,
257096,Glass mosaic bowl fragment,"Fragment, mosaic bowl",late 1st century BCE–early 1st century CE,Early Imperial,,,Glass,Other: 1 1/4 x 3/4 in. (3.1 x 2 cm); estimated diam. of rim 3 15/16 in. (10 cm),Roman,,,,,,,,,,,Greek and Roman Art,Glass,,False,True,https://www.metmuseum.org/art/collection/search/257096,https://images.metmuseum.org/CRDImages/gr/original/DP22087edited.jpg,0,,,
246259,"Phiale, miniature","Phiale, miniature",-900–-100,,,,Terracotta,"Height: 3/8 in. (0.9 cm)
Diameter: 2 1/8 × 1 5/16 in. (5.5 × 3.3 cm)",Etruscan,,,,,,,,,,,Greek and Roman Art,Vases,,False,True,https://www.metmuseum.org/art/collection/search/246259,https://images.metmuseum.org/CRDImages/gr/original/sf969214.jpg,0,,,
759742,Terracotta fragment of a kylix (drinking cup),Kylix fragment,490–480 BCE,Late Archaic,,,Terracotta,,"Greek, Attic",,,,,,,,,,,Greek and Roman Art,Vases,,False,True,https://www.metmuseum.org/art/collection/search/759742,https://images.metmuseum.org/CRDImages/gr/original/DVB13835_1_ff.jpg,1,,,
698898,Terracotta fragment of a kylix (drinking cup),Kylix fragment,480–470 BCE,Early Classical,,,Terracotta,,"Greek, Attic",,,,,,,,,,,Greek and Roman Art,Vases,,False,True,https://www.metmuseum.org/art/collection/search/698898,https://images.metmuseum.org/CRDImages/gr/original/DVB04961_1_ff.jpg,1,,,
772423,Terracotta fragment of a kylix (drinking cup),Kylix fragment,6th/5th centuries BCE,Archaic/Classical,,,Terracotta,,"Greek, Attic",,,,,,,,,,,Greek and Roman Art,Vases,,False,True,https://www.metmuseum.org/art/collection/search/772423,https://images.metmuseum.org/CRDImages/gr/original/DVB15489_1_ff.jpg,1,,,
699229,Terracotta fragment of a kylix (drinking cup),Kylix fragment,500–480 BCE,Archaic,,,Terracotta,,"Greek, Attic",,,,,,,,,,,Greek and Roman Art,Vases,,False,True,https://www.metmuseum.org/art/collection/search/699229,https://images.metmuseum.org/CRDImages/gr/original/DVB05290_1_ff.jpg,1,,,
733374,Terracotta fragment of an oinochoe (jug),Oinochoe fragment,mid-5th century BCE,Classical,,,Terracotta,,"Greek, Attic",,,,,,,,,,,Greek and Roman Art,Vases,,False,True,https://www.metmuseum.org/art/collection/search/733374,https://images.metmuseum.org/CRDImages/gr/original/DVB09965_1_ff.jpg,1,,,
251134,Terracotta hydria: kalpis (water jar),"Hydria, kalpis",1st quarter of the 4th century BCE,Classical,,,Terracotta,H. 7 3/4 in. (19.7 cm); diameter  5 7/16 in. (13.9 cm),"Greek, Attic",,,,Men|Poseidon|Seahorses,,,,,,,Greek and Roman Art,Vases,,False,True,https://www.metmuseum.org/art/collection/search/251134,https://images.metmuseum.org/CRDImages/gr/original/DP114813.jpg,0,https://www.wikidata.org/wiki/Q116289832,,
665941,Glass alabastron,Alabastron,2nd–1st century BCE,Late Hellenistic,,,Glass,H. 3 3/4 × Dia. 1 11/16 in. (9.5 × 4.3 cm),Greek,,,,,,,,,,,Greek and Roman Art,Glass,,False,True,https://www.metmuseum.org/art/collection/search/665941,https://images.metmuseum.org/CRDImages/gr/original/DP-13080-024.jpg,1,,,
703759,Terracotta rim fragment of a kylix (drinking cup),Kylix fragment,520–510 BCE,Archaic,,,Terracotta,,"Greek, Attic",,,,,,,,,,,Greek and Roman Art,Vases,,False,True,https://www.metmuseum.org/art/collection/search/703759,https://images.metmuseum.org/CRDImages/gr/original/DVB06177_2_ff.jpg,1,https://www.wikidata.org/wiki/Q116444577,,
728971,Terracotta fragment of a column-krater (bowl for mixing wine and water),Column-krater fragment,490–480 BCE,Late Archaic,,,Terracotta,,"Greek, Attic",,,,,Tyszkiewicz Painter,Artist,,,,,Greek and Roman Art,Vases,,False,True,https://www.metmuseum.org/art/collection/search/728971,https://images.metmuseum.org/CRDImages/gr/original/DVB09751_1_ff.jpg,1,,https://www.wikidata.org/wiki/Q26250784,http://vocab.getty.edu/page/ulan/500031727
242995,Gold and copper alloy bracelet with lion-head finials,"Bracelet, gilded bronze",5th century BCE,Classical,,,"Gold, bronze",Diam.: 3 3/8 in. (8.6 cm),Cypriot,,,,Lions,,,,,,,Greek and Roman Art,Gold and Silver,,False,True,https://www.metmuseum.org/art/collection/search/242995,https://images.metmuseum.org/CRDImages/gr/original/DP141966.jpg,0,https://www.wikidata.org/wiki/Q116297455,,
745184,Terracotta fragment of a neck-amphora (jar),Neck-amphora fragment,last quarter of the 6th century BCE,Archaic,,,Terracotta,,"Greek, Attic",,,,,,,,,,,Greek and Roman Art,Vases,,False,True,https://www.metmuseum.org/art/collection/search/745184,https://images.metmuseum.org/CRDImages/gr/original/DVB11427_1_ff.jpg,1,,,
714023,Terracotta fragment of a kylix (drinking cup),Kylix fragment,500–480 BCE,Archaic,,,Terracotta,,"Greek, Attic",,,,,Douris,Artist,,,,,Greek and Roman Art,Vases,,False,True,https://www.metmuseum.org/art/collection/search/714023,https://images.metmuseum.org/CRDImages/gr/original/DVB07351_1_ff.jpg,1,,https://www.wikidata.org/wiki/Q965272,http://vocab.getty.edu/page/ulan/500116285
686959,Terracotta fragment of a kylix (drinking cup),Kylix fragment,490–480 BCE,Late Archaic,,,Terracotta,,"Greek, Attic",,,,,,,,,,,Greek and Roman Art,Vases,,False,True,https://www.metmuseum.org/art/collection/search/686959,https://images.metmuseum.org/CRDImages/gr/original/DVB02626_1_ff.jpg,1,,,
248594,Terracotta head of a youth,Head of a youth,3rd–2nd century BCE,Hellenistic,,,Terracotta,H.: 11 1/2 in. (29.2 cm),Etruscan,,,,Heads|Boys,,,,,,,Greek and Roman Art,Terracottas,,False,True,https://www.metmuseum.org/art/collection/search/248594,https://images.metmuseum.org/CRDImages/gr/original/DP119670.jpg,0,https://www.wikidata.org/wiki/Q116288514,,
251023,"Earring, baule type","Earring, baule type",-900–-100,,,,Gold,"Other (.156): 3/8 × 7/16 × 3/8 in. (0.9 × 1.1 × 0.9 cm)
Other (.157): 1/4 × 5/16 × 7/16 in. (0.6 × 0.8 × 1.2 cm)",Etruscan,,,,,,,,,,,Greek and Roman Art,Gold and Silver,,False,True,https://www.metmuseum.org/art/collection/search/251023,https://images.metmuseum.org/CRDImages/gr/original/SF2188156157.jpg,0,,,
695849,Terracotta rim fragments of kylikes (drinking cups),Kylix fragments,first half of the 5th century BCE,Archaic/Classical,,,Terracotta,,"Greek, Attic",,,,,,,,,,,Greek and Roman Art,Vases,,False,True,https://www.metmuseum.org/art/collection/search/695849,https://images.metmuseum.org/CRDImages/gr/original/DVB04849_2_ff.jpg,1,,,
256127,Marble statue of Pan,Statue of Pan,1st century CE,Imperial,,,Marble,H. 26 5/8 in. (67.6 cm),Roman,,,,Pan,,,,,,,Greek and Roman Art,Stone Sculpture,,False,True,https://www.metmuseum.org/art/collection/search/256127,https://images.metmuseum.org/CRDImages/gr/original/DT6835.jpg,0,https://www.wikidata.org/wiki/Q116288207,,
683376,Terracotta rim fragments of kylikes(drinking cups),Kylix fragments,5th century BCE,Archaic/Classical,,,Terracotta,,"Greek, Attic",,,,,,,,,,,Greek and Roman Art,Vases,,False,True,https://www.metmuseum.org/art/collection/search/683376,https://images.metmuseum.org/CRDImages/gr/original/DVB01324_1_ff.jpg,1,,,
764323,Terracotta fragment of an open shape,Undetermined open shape,6th/5th centuries BCE,Archaic/Classical,,,Terracotta,,"Greek, Attic",,,,,,,,,,,Greek and Roman Art,Vases,,False,True,https://www.metmuseum.org/art/collection/search/764323,https://images.metmuseum.org/CRDImages/gr/original/DVB15785_1_ff.jpg,1,,,
703627,Terracotta rim fragment of a kylix (drinking cup),Kylix fragment,520–510 BCE,Archaic,,,Terracotta,,"Greek, Attic",,,,,,,,,,,Greek and Roman Art,Vases,,False,True,https://www.metmuseum.org/art/collection/search/703627,https://images.metmuseum.org/CRDImages/gr/original/DVB04151_2_ff.jpg,1,,,
244457,Bronze statuette of Athena,Statuette of Athena,ca. 2nd–3rd century CE,Imperial,,,Bronze,4 5/16in. (11cm),Roman,,,,Athena,,,,,,,Greek and Roman Art,Bronzes,,False,True,https://www.metmuseum.org/art/collection/search/244457,https://images.metmuseum.org/CRDImages/gr/original/DP20098.jpg,0,https://www.wikidata.org/wiki/Q116293105,,
252075,Steatite triangular prism,Seal,ca. 2400–1900 BCE,Early Minoan III-Middle Minoan I,,,Serpentine,L. 1.7 cm; W. 0.9 cm; 0.8 cm; 0.8 cm,Minoan,,,,,,,,,,,Greek and Roman Art,Gems,,False,True,https://www.metmuseum.org/art/collection/search/252075,https://images.metmuseum.org/CRDImages/gr/original/DP111106.jpg,6,https://www.wikidata.org/wiki/Q116288275,,
243640,Scaraboid,Scaraboid,-7000–330,,,,Rock crystal,Other: 15/16 × 11/16 × 3/8 in. (2.3 × 1.8 × 1 cm),,,,,,,,,,,,Greek and Roman Art,Gold and Silver,,False,True,https://www.metmuseum.org/art/collection/search/243640,https://images.metmuseum.org/CRDImages/gr/original/sf74514228.jpg,0,,,
759753,Terracotta fragment of a kylix (cup)?,Kylix fragment?,6th/5th centuries BCE,Archaic/Classical,,,Terracotta,,"Greek, Attic",,,,,,,,,,,Greek and Roman Art,Vases,,False,True,https://www.metmuseum.org/art/collection/search/759753,https://images.metmuseum.org/CRDImages/gr/original/DVB13978_1_ff.jpg,1,,,
245194,Glass bowl,Bowl,mid-2nd–early 1st century BCE,Late Hellenistic,,,Glass,"H. 2 5/16 in. (5.9 cm)
diameter  5 1/8 in. (13 cm)","Greek, Eastern Mediterranean",,,,,,,,,,,Greek and Roman Art,Glass,,False,True,https://www.metmuseum.org/art/collection/search/245194,https://images.metmuseum.org/CRDImages/gr/original/dp811037.jpg,0,https://www.wikidata.org/wiki/Q116295337,,
240875,Terracotta squat jar,"Jar, squat",ca. 15th century BCE,Late Bronze Age,,,Terracotta,H. 3 in. (7.6 cm),Cypriot,,,,,,,,,,,Greek and Roman Art,Vases,,False,True,https://www.metmuseum.org/art/collection/search/240875,https://images.metmuseum.org/CRDImages/gr/original/DP-35491-001.jpg,3,https://www.wikidata.org/wiki/Q116401718,,
251570,Lead figure of a winged goddess,"Statuette of a goddess, winged",late 7th–early 6th century BCE,Archaic,,,Lead,H.: 2 1/8 in. (5.4 cm),"Greek, Laconian",,,,Goddess,,,,,,,Greek and Roman Art,Miscellaneous-Lead,,False,True,https://www.metmuseum.org/art/collection/search/251570,https://images.metmuseum.org/CRDImages/gr/original/DP118284.jpg,0,https://www.wikidata.org/wiki/Q116287496,,
683527,Terracotta rim fragment of a kylix (drinking cup),Kylix fragment,late 6th/early 5th century BCE,Archaic,,,Terracotta,,"Greek, Attic",,,,,,,,,,,Greek and Roman Art,Vases,,False,True,https://www.metmuseum.org/art/collection/search/683527,https://images.metmuseum.org/CRDImages/gr/original/DVB02006_1_ff.jpg,1,,,
693522,Terracotta rim fragment of a kylix (drinking cup),Kylix fragment,first quarter of the 5th century BCE,Late Archaic,,,Terracotta,,"Greek, Attic",,,,,,,,,,,Greek and Roman Art,Vases,,False,True,https://www.metmuseum.org/art/collection/search/693522,https://images.metmuseum.org/CRDImages/gr/original/DVB03996_1_ff.jpg,1,,,
249155,Silver navicella-type fibula (safety pin),"Fibula, boat-shaped type",7th–6th century BCE,Archaic,,,Silver,Other: 2 x 5 3/8 in. (5.1 x 13.7 cm),Etruscan,,,,,,,,,,,Greek and Roman Art,Gold and Silver,,False,True,https://www.metmuseum.org/art/collection/search/249155,https://images.metmuseum.org/CRDImages/gr/original/DP257850.jpg,1,https://www.wikidata.org/wiki/Q116291549,,
256684,"Cista, foot","Cista, foot",-7000–330,,,,Bronze,H. 5.11 cm.,,,,,,,,,,,,Greek and Roman Art,Bronzes,,False,True,https://www.metmuseum.org/art/collection/search/256684,https://images.metmuseum.org/CRDImages/gr/original/DP2085.jpg,0,,,
703869,Terracotta rim fragment of a kylix: eye-cup (drinking cup),"Kylix fragment, eye-cup",520–510 BCE,Archaic,,,Terracotta,,"Greek, Attic",,,,,,,,,,,Greek and Roman Art,Vases,,False,True,https://www.metmuseum.org/art/collection/search/703869,https://images.metmuseum.org/CRDImages/gr/original/DVB06132_2_ff.jpg,1,,,
753323,Terracotta fragments of kylikes: Band or lip cups (drinking cups),Kylikes fragments,560–525 BCE,Archaic,,,Terracotta,,"Greek, Attic",,,,,,,,,,,Greek and Roman Art,Vases,,False,True,https://www.metmuseum.org/art/collection/search/753323,https://images.metmuseum.org/CRDImages/gr/original/DVB13034_1_ff.jpg,1,,,
240400,Terracotta bird-shaped vase,Askos in the form of a bird,ca. 850–750 BCE,Cypro-Geometric III,,,Terracotta,H. 5 3/8 in. (13.7 cm),Cypriot,,,,Birds,,,,,,,Greek and Roman Art,Vases,,False,True,https://www.metmuseum.org/art/collection/search/240400,https://images.metmuseum.org/CRDImages/gr/original/DP-35259-001.jpg,1,https://www.wikidata.org/wiki/Q116401537,,
256667,Bracelet,Bracelet,-670–330,,,,Bronze,diameter     8.10 cm.,Roman,,,,,,,,,,,Greek and Roman Art,Bronzes,,False,True,https://www.metmuseum.org/art/collection/search/256667,https://images.metmuseum.org/CRDImages/gr/original/DP2072.jpg,0,,,
248518,Vase fragment,Vase fragment,-7000–-3000,Neolithic,,,Terracotta,Overall: 1 7/16 x 2 5/8in. (3.6 x 6.7cm),Aegean,,,,,,,,,,,Greek and Roman Art,Vases,,False,True,https://www.metmuseum.org/art/collection/search/248518,https://images.metmuseum.org/CRDImages/gr/original/DP21121.jpg,0,,,
695824,Terracotta fragments of kylikes (drinking cups),Kylix fragments,first half of the 5th century BCE,Archaic/Classical,,,Terracotta,,"Greek, Attic",,,,,,,,,,,Greek and Roman Art,Vases,,False,True,https://www.metmuseum.org/art/collection/search/695824,https://images.metmuseum.org/CRDImages/gr/original/DVB04896_1_ff.jpg,1,,,
670283,Terracotta fragment of a kylix (drinking cup),Kylix fragment,second quarter of the 5th century BCE,Classical,,,Terracotta,,"Greek, Attic",,,,,,,,,,,Greek and Roman Art,Vases,,False,True,https://www.metmuseum.org/art/collection/search/670283,https://images.metmuseum.org/CRDImages/gr/original/DVB00676_1_ff.jpg,1,,,
251455,Terracotta statuette of a teacher and a pupil,Statuette of a teacher and a pupil,late 4th–early 3rd century BCE,Early Hellenistic,,,Terracotta,H. 4 7/8 in. (12.4 cm),"Greek, Asia Minor",,,,,,,,,,,Greek and Roman Art,Terracottas,,False,True,https://www.metmuseum.org/art/collection/search/251455,https://images.metmuseum.org/CRDImages/gr/original/DP-23787-002.jpg,1,https://www.wikidata.org/wiki/Q116403103,,
247874,Bronze mirror,Mirror with Aphrodite and Eros,ca. 350 BCE,Late Classical,,,Bronze,length  13 1/8 in. (33.3 cm); diameter  7 1/16 in. (18 cm),Etruscan,,,,Fishing|Aphrodite|Eros,,,,,,,Greek and Roman Art,Bronzes,,False,True,https://www.metmuseum.org/art/collection/search/247874,https://images.metmuseum.org/CRDImages/gr/original/DP254619.jpg,1,https://www.wikidata.org/wiki/Q116296846,,
246484,"Fibula, fragment","Fibula, fragment",7th century BCE,Archaic,,,"Amber, bronze",Other: 1/2 x 15/16 x 1 3/4 in. (1.3 x 2.4 x 4.4 cm),Etruscan,,,,,,,,,,,Greek and Roman Art,Miscellaneous-Amber,,False,True,https://www.metmuseum.org/art/collection/search/246484,https://images.metmuseum.org/CRDImages/gr/original/sf969490edited.jpg,0,,,
755983,Terracotta rim fragment of a kylix: eye-cup (drinking cup),Kylix fragment,530–510 BCE,Archaic,,,Terracotta,,"Greek, Attic",,,,,,,,,,,Greek and Roman Art,Vases,,False,True,https://www.metmuseum.org/art/collection/search/755983,https://images.metmuseum.org/CRDImages/gr/original/DVB13293_1_ff.jpg,1,,,
244211,Bronze arrowhead,Arrowhead,ca. 1600–1050 BCE,Late Cypriot,,,Bronze,length  2 1/4in. (5.7cm),Cypriot,,,,,,,,,,,Greek and Roman Art,Bronzes,,False,True,https://www.metmuseum.org/art/collection/search/244211,https://images.metmuseum.org/CRDImages/gr/original/DP9048.jpg,1,https://www.wikidata.org/wiki/Q116295960,,
245714,Glass bell beaker,"Bell beaker, Sturzbecher",6th–7th century CE,Medieval,,,Glass,"H.: 4 1/2 in. (11.4 cm)
Diam.: 2 1/2 x 2 1/4 in. (6.4 x 5.7 cm)",Frankish,,,,,,,,,,,Greek and Roman Art,Glass,,False,True,https://www.metmuseum.org/art/collection/search/245714,https://images.metmuseum.org/CRDImages/gr/original/DP223183.jpg,0,,,
912990,Polychrome terracotta head vase,Vase,ca. 3rd–2nd century BCE,Hellenistic,,,Terracotta,"14 5/16 × 8 3/8 × 9 7/16 in., 9 lb. (36.4 × 21.2 × 23.9 cm, 4.1 kg)","Canosan, Puglia",,,,Heads,,,,,,,Greek and Roman Art,Terracottas,,False,True,https://www.metmuseum.org/art/collection/search/912990,https://images.metmuseum.org/CRDImages/gr/original/DP-36886-001.jpg,10,,,
753430,Terracotta fragment of a kylix (drinking cup),Kylix fragment,6th/5th centuries BCE,Archaic,,,Terracotta,,"Greek, Attic",,,,,,,,,,,Greek and Roman Art,Vases,,False,True,https://www.metmuseum.org/art/collection/search/753430,https://images.metmuseum.org/CRDImages/gr/original/DVB12561_1_ff.jpg,1,,,
242184,Limestone altar,"Altar, four-sided, decorated with scenes in relief",late 5th century BCE,Classical,,,Limestone,"WebPub GR 2012 Cesnola: 10 1/8 × 7 × 7 in., 13.5 lb. (25.7 × 17.8 × 17.8 cm, 6.1 kg)",Cypriot,,,,Women|Lions|Herakles,,,,,,,Greek and Roman Art,Stone Sculpture,,False,True,https://www.metmuseum.org/art/collection/search/242184,https://images.metmuseum.org/CRDImages/gr/original/DP114832.jpg,0,https://www.wikidata.org/wiki/Q116297238,,
750107,Terracotta fragment of a lekythos (oil flask),Lekythos fragment,late 6th/early 5th century BCE,Archaic,,,Terracotta,,"Greek, Attic",,,,,,,,,,,Greek and Roman Art,Vases,,False,True,https://www.metmuseum.org/art/collection/search/750107,https://images.metmuseum.org/CRDImages/gr/original/DVB11818_1_ff.jpg,1,,,
246698,Bronze thymiaterion (incense burner),Thymiaterion,late 6th century BCE,Archaic,,,Bronze,total H. 13 3/4 in. (34.9 cm); H. of figure  3 3/4 in. (9.6 cm),Etruscan,,,,Male Nudes,,,,,,,Greek and Roman Art,Bronzes,,False,True,https://www.metmuseum.org/art/collection/search/246698,https://images.metmuseum.org/CRDImages/gr/original/DP249201.jpg,2,https://www.wikidata.org/wiki/Q116288670,,
745192,Terracotta fragment of a neck-amphora (jar),Neck-amphora fragment,520 BCE,Archaic,,,Terracotta,,"Greek, Attic",,,,,,,,,,,Greek and Roman Art,Vases,,False,True,https://www.metmuseum.org/art/collection/search/745192,https://images.metmuseum.org/CRDImages/gr/original/DVB11394_1_ff.jpg,1,,,
251152,Terracotta conical cup,Vase fragment,ca. 2200–1900 BCE,Middle Minoan I,,,Terracotta,Overall: 1 5/8 x 3 1/8in. (4.1 x 8cm),Minoan,,,,,,,,,,,Greek and Roman Art,Vases,,False,True,https://www.metmuseum.org/art/collection/search/251152,https://images.metmuseum.org/CRDImages/gr/original/DP121397.jpg,0,https://www.wikidata.org/wiki/Q116289486,,
759943,Terracotta fragment of a kylix: band-cup (drinking cup),Kylix fragment,560–550 BCE,Archaic,,,Terracotta,,"Greek, Attic",,,,,,,,,,,Greek and Roman Art,Vases,,False,True,https://www.metmuseum.org/art/collection/search/759943,https://images.metmuseum.org/CRDImages/gr/original/DVB13929_1_ff.jpg,1,,,
676761,Terracotta fragments of kylikes (drinking cups),Kylix fragments,5th century BCE,Archaic /Classical,,,Terracotta,,"Greek, Attic",,,,,,,,,,,Greek and Roman Art,Vases,,False,True,https://www.metmuseum.org/art/collection/search/676761,https://images.metmuseum.org/CRDImages/gr/original/DVB01459_1_ff.jpg,1,,,
253414,Vase fragment,Vase fragment,-2000–-1550,Helladic,,,Terracotta,1 5/8 × 2 3/8 × 3/16 in. (4.1 × 6.1 × 0.4 cm),Aegean,,,,,,,,,,,Greek and Roman Art,Vases,,False,True,https://www.metmuseum.org/art/collection/search/253414,https://images.metmuseum.org/CRDImages/gr/original/LC-33_138_25a.jpg,0,,,
239701,Glass jug,Jug,3rd–4th century CE,Late Imperial,,,Glass,"4 1/8 in. (10.5 cm)
Other: 1 7/8 in. (4.8 cm)
Diam. of rim: 1 3/8 in. (3.5 cm)
Diam. of foot: 1 1/4 in. (3.2 cm)",Roman,,,,,,,,,,,Greek and Roman Art,Glass,,False,True,https://www.metmuseum.org/art/collection/search/239701,https://images.metmuseum.org/CRDImages/gr/original/DP108616.jpg,0,,,
252672,Lagynos fragment,Lagynos fragment,-323–31,Hellenistic,,,Terracotta,Overall: 1 3/8 x 1 5/8in. (3.5 x 4.2cm),,,,,,,,,,,,Greek and Roman Art,Vases,,False,True,https://www.metmuseum.org/art/collection/search/252672,https://images.metmuseum.org/CRDImages/gr/original/DP21653.jpg,0,,,
241342,Terracotta statuette of a man riding a donkey,Statue of a man on an ass,ca. 600–480 BCE,Cypro-Archaic II,,,Terracotta,H. 4 7/16 in. (11.3 cm),Cypriot,,,,Men|Donkeys,,,,,,,Greek and Roman Art,Terracottas,,False,True,https://www.metmuseum.org/art/collection/search/241342,https://images.metmuseum.org/CRDImages/gr/original/DP-37162-003.jpg,3,https://www.wikidata.org/wiki/Q116297695,,
683415,Terracotta rim fragment of a kylix (drinking cup),Kylix fragment,second quarter of the 5th century BCE,Classical,,,Terracotta,,"Greek, Attic",,,,,,,,,,,Greek and Roman Art,Vases,,False,True,https://www.metmuseum.org/art/collection/search/683415,https://images.metmuseum.org/CRDImages/gr/original/DVB01258_1_ff.jpg,1,,,
241505,Terracotta oil lamp,Lamp,2nd century CE,Mid Imperial,,,Terracotta,"Length: 3 5/16 in. (8.4 cm)
Height: 1 3/8 in. (3.5 cm)",Roman,,,,Athena,,,,,,,Greek and Roman Art,Terracottas,,False,True,https://www.metmuseum.org/art/collection/search/241505,https://images.metmuseum.org/CRDImages/gr/original/DP-19673-079.jpg,1,,,
668511,Terracotta fragments of kylikes (drinking cups),Kylix fragments,second quarter 5th century BCE,Classical,,,Terracotta,,"Greek, Attic",,,,,,,,,,,Greek and Roman Art,Vases,,False,True,https://www.metmuseum.org/art/collection/search/668511,https://images.metmuseum.org/CRDImages/gr/original/DVB00200_1_ff.jpg,1,,,
713764,Terracotta fragment of a kylix (drinking cup),Kylix fragment,500–480 BCE,Archaic,,,Terracotta,,"Greek, Attic",,,,,,,,,,,Greek and Roman Art,Vases,,False,True,https://www.metmuseum.org/art/collection/search/713764,https://images.metmuseum.org/CRDImages/gr/original/DVB05484_1_ff.jpg,1,,,
721433,Terracotta fragment of a kylix (drinking cup),Kylix fragment,520–510 BCE,Archaic,,,Terracotta,,"Greek, Attic",,,,,,,,,,,Greek and Roman Art,Vases,,False,True,https://www.metmuseum.org/art/collection/search/721433,https://images.metmuseum.org/CRDImages/gr/original/DVB08300_1_ff.jpg,1,,,
251580,Lead figure of a woman,"Statuette of a woman votary, 4",mid-7th–early 6th century BCE,Archaic,,,Lead,Height: 1 15/16 in. (4.9 cm),"Greek, Laconian",,,,Women,,,,,,,Greek and Roman Art,Miscellaneous-Lead,,False,True,https://www.metmuseum.org/art/collection/search/251580,https://images.metmuseum.org/CRDImages/gr/original/DP118287.jpg,0,https://www.wikidata.org/wiki/Q116287442,,
703348,Terracotta fragment of a kylix (drinking cup),Kylix fragment,520–500 BCE,Archaic,,,Terracotta,,"Greek, Attic",,,,,,,,,,,Greek and Roman Art,Vases,,False,True,https://www.metmuseum.org/art/collection/search/703348,https://images.metmuseum.org/CRDImages/gr/original/DVB05671_1_ff.jpg,1,,,
247931,Fragment of a terracotta skyphos (deep drinking cup),"Skyphos, fragmentary",ca. 490 BCE,Archaic,,,Terracotta,Other: 4 7/8 in. (12.4 cm),"Greek, Attic",,,,Men|Women,Douris,Artist,,,,,Greek and Roman Art,Vases,,False,True,https://www.metmuseum.org/art/collection/search/247931,https://images.metmuseum.org/CRDImages/gr/original/DP-41930-001.jpg,0,https://www.wikidata.org/wiki/Q116296471,https://www.wikidata.org/wiki/Q965272,http://vocab.getty.edu/page/ulan/500116285
773709,Terracotta fragments of unidentified shapes,Unidentified shapes,6th/5th centuries BCE,Archaic/Classical,,,Terracotta,,"Greek, Attic",,,,,,,,,,,Greek and Roman Art,Vases,,False,True,https://www.metmuseum.org/art/collection/search/773709,https://images.metmuseum.org/CRDImages/gr/original/DVB16148_1_ff.jpg,1,,,
704100,Terracotta fragment of a kylix (drinking cup),Kylix fragment,510–500 BCE,Archaic,,,Terracotta,,"Greek, Attic",,,,,,,,,,,Greek and Roman Art,Vases,,False,True,https://www.metmuseum.org/art/collection/search/704100,https://images.metmuseum.org/CRDImages/gr/original/DVB06284_1_ff.jpg,1,,,
766016,Terracotta fragment of a kylix (drinking cup),Kylix fragment,late 5th/early 4th century BCE,Classical,,,Terracotta,,Etruscan,,,,,,,,,,,Greek and Roman Art,Vases,,False,True,https://www.metmuseum.org/art/collection/search/766016,https://images.metmuseum.org/CRDImages/gr/original/DVB14456_1_ff.jpg,1,,,
243930,Chlorite miniature jar,"Jar, miniature",ca. 1600–1050 BCE,Late Bronze Age,,,Chlorite,"WebPub GR 2012 Cesnola: 4 3/4 × 4 1/8 in., 1.5 lb. (12.1 × 10.5 cm, 0.7 kg)",Cypriot,,,,,,,,,,,Greek and Roman Art,Miscellaneous-Stone Vases,,False,True,https://www.metmuseum.org/art/collection/search/243930,https://images.metmuseum.org/CRDImages/gr/original/DP216081.jpg,1,https://www.wikidata.org/wiki/Q116289195,,
250013,Glass alabastron (perfume bottle),Alabastron,mid-4th–early 3rd century BCE,Late Classical or Hellenistic,,,Glass,"H.: 4 1/2 x 1 3/4 in. (11.5 x 4.5 cm)
Diam.: 1 13/16 in. (4.6 cm)","Greek, Eastern Mediterranean or Italian",,,,,,,,,,,Greek and Roman Art,Glass,,False,True,https://www.metmuseum.org/art/collection/search/250013,https://images.metmuseum.org/CRDImages/gr/original/DP151246.jpg,0,,,
242824,Necklace,Necklace,-3900–100,,,,"Gold, sard, carnelian","center goldl plaque: 7/16 × 11/16 × 1/16 in. (1.1 × 1.7 × 0.2 cm)
Diameter (largest carnelian bead): 3/8 in. (1 cm)
Diameter (smallest carnelian bead): 1/4 in. (0.6 cm)
Length (68 elements): 12 in. (30.5 cm)
bull pendant: 7/16 × 1/4 × 11/16 in. (1.1 × 0.7 × 1.8 cm)
largest gold bead: 5/8 × 5/16 in. (1.6 × 0.8 cm)
Diameter (smallest gold bead): 3/16 in. (0.5 cm)
clasp: 5/16 × 1/2 in. (0.8 × 1.3 cm)",Cypriot,,,,,,,,,,,Greek and Roman Art,Gold and Silver,,False,True,https://www.metmuseum.org/art/collection/search/242824,https://images.metmuseum.org/CRDImages/gr/original/sf74513390.jpg,0,,,
244113,Disk of a pyxis,"Roundel, disk",-3900–100,,,,Bone,Diameter: 1 5/16 x 1/8 in. (3.3 x 0.2 cm),Cypriot,,,,,,,,,,,Greek and Roman Art,"Miscellaneous-Bone, Ivory",,False,True,https://www.metmuseum.org/art/collection/search/244113,https://images.metmuseum.org/CRDImages/gr/original/sf74515233.jpg,0,,,
241967,Limestone funerary cippus (tomb marker),Cippus of Kratea,2nd–3rd century CE,Imperial,,,Limestone,"WebPub GR 2012 Cesnola: 24 7/8 × 10 1/2 in., 87 lb. (63.2 × 26.7 cm, 39.5 kg)","Roman, Cypriot",,,,Portraits|Women,,,,,,,Greek and Roman Art,Cesnola Inscriptions,,False,True,https://www.metmuseum.org/art/collection/search/241967,https://images.metmuseum.org/CRDImages/gr/original/DP229168.jpg,2,https://www.wikidata.org/wiki/Q116289789,,
246564,Terracotta bell-krater (mixing bowl),Bell-krater,early 4th century BCE,Classical,,,Terracotta,"H. 16 3/8 in. (41.6 cm)
diameter  19 7/16 in. (49.4 cm)","Etruscan, Faliscan",,,,Dionysus|Maenads|Satyrs,,,,,,,Greek and Roman Art,Vases,,False,True,https://www.metmuseum.org/art/collection/search/246564,https://images.metmuseum.org/CRDImages/gr/original/DP140116.jpg,0,https://www.wikidata.org/wiki/Q116290492,,
246822,"Sheet appliques, 44","Appliques, 44",1st half of the 5th century CE,Migration,,,Gold,average: 1 1/8 × 5/16 × 1/16 in. (2.9 × 0.8 × 0.1 cm),East Germanic or nomadic (?),,,,,,,,,,,Greek and Roman Art,Gold and Silver,,False,True,https://www.metmuseum.org/art/collection/search/246822,https://images.metmuseum.org/CRDImages/gr/original/DP30537.jpg,1,https://www.wikidata.org/wiki/Q116402293,,
671265,Terracotta fragment of a kylix (drinking cup),Kylix fragment,520–500 BCE,Archaic,,,Terracotta,,"Greek, Attic",,,,,,,,,,,Greek and Roman Art,Vases,,False,True,https://www.metmuseum.org/art/collection/search/671265,https://images.metmuseum.org/CRDImages/gr/original/DVB01302_1_ff.jpg,1,,,
740345,Terracotta fragment of a pot; unglazed on the inside,Pot fragment,460–440 BCE,Classical,,,Terracotta,,"Greek, Attic",,,,,,,,,,,Greek and Roman Art,Vases,,False,True,https://www.metmuseum.org/art/collection/search/740345,https://images.metmuseum.org/CRDImages/gr/original/DVB10955_1_ff.jpg,1,,,
249760,"Beads, 29","Beads, 29",-670–330,,,,Glass,Diameter (average bead diameter): 7/16 in. (1.2 cm),Roman,,,,,,,,,,,Greek and Roman Art,Glass,,False,True,https://www.metmuseum.org/art/collection/search/249760,https://images.metmuseum.org/CRDImages/gr/original/sf17194524.jpg,0,,,
750564,Terracotta fragment of a hydria (water jar),Hydria fragment,550–540 BCE,Archaic,,,Terracotta,,"Greek, Attic",,,,,,,,,,,Greek and Roman Art,Vases,,False,True,https://www.metmuseum.org/art/collection/search/750564,https://images.metmuseum.org/CRDImages/gr/original/DVB12185_1_ff.jpg,1,,,
755874,Terracotta fragment of a kylix (drinking cup),Kylix fragment,late 6th/early 5th centuries BCE,Archaic,,,Terracotta,,"Greek, Attic",,,,,,,,,,,Greek and Roman Art,Vases,,False,True,https://www.metmuseum.org/art/collection/search/755874,https://images.metmuseum.org/CRDImages/gr/original/DVB13176_1_ff.jpg,1,,,
750114,Terracotta fragment of a lekythos (oil flask),Lekythos fragment,third quarter of the sixth century BCE,Archaic,,,Terracotta,,"Greek, Attic",,,,,,,,,,,Greek and Roman Art,Vases,,False,True,https://www.metmuseum.org/art/collection/search/750114,https://images.metmuseum.org/CRDImages/gr/original/DVB11776_1_ff.jpg,1,,,
683472,Terracotta rim fragment of a kylix (drinking cup),Kylix fragment,mid-5th century BCE,Classical,,,Terracotta,,"Greek, Attic",,,,,,,,,,,Greek and Roman Art,Vases,,False,True,https://www.metmuseum.org/art/collection/search/683472,https://images.metmuseum.org/CRDImages/gr/original/DVB01918_1_ff.jpg,1,,,
249833,Glass alabastron (perfume bottle),Alabastron,2nd–1st century BCE,Late Hellenistic,,,Glass,"H.: 5 1/16 in. (12.9 cm)
Diam.: 1 7/16 x 1 1/4 in. (3.6 x 3.1 cm)","Greek, Eastern Mediterranean",,,,,,,,,,,Greek and Roman Art,Glass,,False,True,https://www.metmuseum.org/art/collection/search/249833,https://images.metmuseum.org/CRDImages/gr/original/DP151259.jpg,1,,,
728895,Terracotta fragment of a column-krater (bowl for mixing wine and water),Column-krater fragment,mid-5th century BCE,Classical,,,Terracotta,,"Greek, Attic",,,,,,,,,,,Greek and Roman Art,Vases,,False,True,https://www.metmuseum.org/art/collection/search/728895,https://images.metmuseum.org/CRDImages/gr/original/DVB09817_1_ff.jpg,1,,,
252397,Bronze needle,Needle,2nd millennium BCE,Bronze Age,,,Bronze,L. 5 in. (12.8 cm),Minoan,,,,,,,,,,,Greek and Roman Art,Bronzes,,False,True,https://www.metmuseum.org/art/collection/search/252397,https://images.metmuseum.org/CRDImages/gr/original/DP20717.jpg,0,https://www.wikidata.org/wiki/Q116282945,,
740141,Terracotta fragment of a pot; glazed on the inside,Pot fragment,second quarter of the 5th century BCE,Classical,,,Terracotta,,"Greek, Attic",,,,,,,,,,,Greek and Roman Art,Vases,,False,True,https://www.metmuseum.org/art/collection/search/740141,https://images.metmuseum.org/CRDImages/gr/original/DVB10795_1_ff.jpg,1,,,
248903,Terracotta dinos (deep round-bottomed bowl),"Dinos, fragmentary",ca. 375–350 BCE,Late Classical,,,Terracotta,H. 9 in. (22.9 cm),"Greek, South Italian, Apulian",,,,Men|Women|Couches,Group of Vienna 4013,Artist,,,,,Greek and Roman Art,Vases,,False,True,https://www.metmuseum.org/art/collection/search/248903,https://images.metmuseum.org/CRDImages/gr/original/DP145766.jpg,3,https://www.wikidata.org/wiki/Q116295080,,http://vocab.getty.edu/page/ulan/500112322
242807,Gold spiral with double lion-griffin-head terminal,Earrings,1st half of the 4th century BCE,Classical,,,Gold,Overall: 1 3/8 x 11/16in. (3.5 x 1.7cm),"Greek, Cypriot",,,,Griffins|Lions,,,,,,,Greek and Roman Art,Gold and Silver,,False,True,https://www.metmuseum.org/art/collection/search/242807,https://images.metmuseum.org/CRDImages/gr/original/GR563.jpg,2,https://www.wikidata.org/wiki/Q116289616,,
756119,Terracotta fragment of a kylix (drinking cup),Kylix fragment,6th/5th centuries BCE,Archaic,,,Terracotta,,"Greek, Attic",,,,,,,,,,,Greek and Roman Art,Vases,,False,True,https://www.metmuseum.org/art/collection/search/756119,https://images.metmuseum.org/CRDImages/gr/original/DVB13411_1_ff.jpg,1,,,
745272,Terracotta fragment of a neck-amphora (jar),Neck-amphora fragment,540–520 BCE,Archaic,,,Terracotta,,"Greek, Attic",,,,,,,,,,,Greek and Roman Art,Vases,,False,True,https://www.metmuseum.org/art/collection/search/745272,https://images.metmuseum.org/CRDImages/gr/original/DVB11255_1_ff.jpg,1,,,
718799,Terracotta fragments of a kylix (drinking cup),Kylix fragments,460–450 BCE,Classical,,,Terracotta,,"Greek, Attic",,,,,,,,,,,Greek and Roman Art,Vases,,False,True,https://www.metmuseum.org/art/collection/search/718799,https://images.metmuseum.org/CRDImages/gr/original/DVB06818_1_ff.jpg,1,,,
252072,Steatite triangular prism,Seal,ca. 1900–1750 BCE,Middle Minoan II,,,Serpentine,L. 1.8 cm; W. of each side 1.1 cm,Minoan,,,,,,,,,,,Greek and Roman Art,Gems,,False,True,https://www.metmuseum.org/art/collection/search/252072,https://images.metmuseum.org/CRDImages/gr/original/DP111093.jpg,6,https://www.wikidata.org/wiki/Q116288287,,
247956,Terracotta column-krater (bowl for mixing wine and water),Column-krater,ca. 520–510 BCE,Archaic,,,Terracotta,13 × 14 7/8 × 14 1/2 in. (33 × 37.8 × 36.8 cm),"Greek, Attic",,,,Apollo|Chariots|Herakles,Lykomedes Painter,Artist,,,,,Greek and Roman Art,Vases,,False,True,https://www.metmuseum.org/art/collection/search/247956,https://images.metmuseum.org/CRDImages/gr/original/DP-41226-001.jpg,9,https://www.wikidata.org/wiki/Q116296003,https://www.wikidata.org/wiki/Q37630549,http://vocab.getty.edu/page/ulan/500116266
676699,Terracotta fragments of kylikes (drinking cups),Kylix fragments,5th century BCE,Archaic /Classical,,,Terracotta,,"Greek, Attic",,,,,,,,,,,Greek and Roman Art,Vases,,False,True,https://www.metmuseum.org/art/collection/search/676699,https://images.metmuseum.org/CRDImages/gr/original/DVB01366_1_ff.jpg,1,,,
753165,Terracotta fragment of a kylix: Band or lip cup (drinking cup),Kylix fragment,third quarter of the 6th century BCE,Archaic,,,Terracotta,,"Greek, Attic",,,,,,,,,,,Greek and Roman Art,Vases,,False,True,https://www.metmuseum.org/art/collection/search/753165,https://images.metmuseum.org/CRDImages/gr/original/DVB12785_1_ff.jpg,1,,,
251709,"Ornaments, 14","Ornaments, 14",-7000–-30,,,,Lead,Height: 1 in. (2.5 cm),"Greek, Laconian",,,,,,,,,,,Greek and Roman Art,Miscellaneous-Lead,,False,True,https://www.metmuseum.org/art/collection/search/251709,https://images.metmuseum.org/CRDImages/gr/original/DP120909.jpg,0,,,
667688,Terracotta rim fragments of a kylix (drinking cup),Kylix fragments,second quarter of the 5th century BCE,Classical,,,Terracotta,,"Greek, Attic",,,,,Painter of London D 12,Artist,,,,,Greek and Roman Art,Vases,,False,True,https://www.metmuseum.org/art/collection/search/667688,https://images.metmuseum.org/CRDImages/gr/original/DVB00054_1_ff.jpg,1,,https://www.wikidata.org/wiki/Q26203783,http://vocab.getty.edu/page/ulan/500038144
254515,Bronze hydria (water jar),Hydria with Eros on handle,4th century BCE,Classical,,,Bronze,H. 19 3/4 in. (50.2 cm),Greek,,,,Women|Eros|Mirrors,,,,,,,Greek and Roman Art,Bronzes,,False,True,https://www.metmuseum.org/art/collection/search/254515,https://images.metmuseum.org/CRDImages/gr/original/DT1071.jpg,0,https://www.wikidata.org/wiki/Q116287312,,
766220,Terracotta fragment of a skyphos (deep drinking cup),Skyphos fragment,6th/5th centuries BCE,Archaic/Classical,,,Terracotta,,Etruscan,,,,,,,,,,,Greek and Roman Art,Vases,,False,True,https://www.metmuseum.org/art/collection/search/766220,https://images.metmuseum.org/CRDImages/gr/original/DVB14419_1_ff.jpg,1,,,
249238,Glass goblet with snake-thread decoration,Goblet,3rd century CE,Imperial,,,Glass,H.: 5 1/16 in. (12.8 cm),Roman,,,,,,,,,,,Greek and Roman Art,Glass,,False,True,https://www.metmuseum.org/art/collection/search/249238,https://images.metmuseum.org/CRDImages/gr/original/DP107336.jpg,0,https://www.wikidata.org/wiki/Q116290568,,
696049,Terracotta fragment of a kylix (drinking cup),Kylix fragment,480–470 BCE,Early Classical,,,Terracotta,,"Greek, Attic",,,,,,,,,,,Greek and Roman Art,Vases,,False,True,https://www.metmuseum.org/art/collection/search/696049,https://images.metmuseum.org/CRDImages/gr/original/DVB04715_1_ff.jpg,1,,,
251448,Terracotta aryballos (oil flask),Aryballos,late 8th–early 7th century BCE,Protocorinthian,,,Terracotta,H. 2 in. (5.1 cm),"Greek, Corinthian",,,,,,,,,,,Greek and Roman Art,Vases,,False,True,https://www.metmuseum.org/art/collection/search/251448,https://images.metmuseum.org/CRDImages/gr/original/DP119918.jpg,0,https://www.wikidata.org/wiki/Q116288028,,
242852,Gold earring with head of a bull,Earring with head of bull,4th–3rd century BCE,Classical or Hellenistic,,,Gold,Other: 9/16 x 1/4 x 11/16 in. (1.5 x 0.6 x 1.8 cm),Greek,,,,Bulls,,,,,,,Greek and Roman Art,Gold and Silver,,False,True,https://www.metmuseum.org/art/collection/search/242852,https://images.metmuseum.org/CRDImages/gr/original/sf74513417.jpg,0,,,
721369,Terracotta rim fragment of a kylix (drinking cup),Kylix fragment,520–510 BCE,Archaic,,,Terracotta,,"Greek, Attic",,,,,,,,,,,Greek and Roman Art,Vases,,False,True,https://www.metmuseum.org/art/collection/search/721369,https://images.metmuseum.org/CRDImages/gr/original/DVB08241_1_ff.jpg,1,,,
249148,Pendant in the form a lion's head,Pendant in the form a lion's head,4th century BCE,Late Classical,,,Gold,Other: 1 × 5/8 × 15/16 in. (2.6 × 1.6 × 2.4 cm),Greek,,,,Lions,,,,,,,Greek and Roman Art,Gold and Silver,,False,True,https://www.metmuseum.org/art/collection/search/249148,https://images.metmuseum.org/CRDImages/gr/original/sf1617437.jpg,0,,,
241256,Terracotta statuette of a Black African youth,Statuette of a black youth,4th–3rd century BCE,Late Classical–Early Hellenistic,,,Terracotta,H. 3 5/8 in. (9.2 cm),"Greek, Rhodian",,,,Boys,,,,,,,Greek and Roman Art,Terracottas,,False,True,https://www.metmuseum.org/art/collection/search/241256,https://images.metmuseum.org/CRDImages/gr/original/GR315_74.51.1701.jpg,1,https://www.wikidata.org/wiki/Q116289771,,
255301,Terracotta thymiaterion (incense burner),Thymiaterion,3rd century BCE,Hellenistic,,,Terracotta,H. 16 3/4 in. (42.5 cm),"Native Italic, Daunian, Canosan",,,,,,,,,,,Greek and Roman Art,Vases,,False,True,https://www.metmuseum.org/art/collection/search/255301,https://images.metmuseum.org/CRDImages/gr/original/sf1970114edited.jpg,0,https://www.wikidata.org/wiki/Q116287970,,
740081,Terracotta fragments of pots; glazed on the inside,Pot fragments,6th/5th centuries BCE,Archaic/Classical,,,Terracotta,,"Greek, Attic",,,,,,,,,,,Greek and Roman Art,Vases,,False,True,https://www.metmuseum.org/art/collection/search/740081,https://images.metmuseum.org/CRDImages/gr/original/DVB10823_1_ff.jpg,1,,,
772453,Terracotta rim fragment of a kylix (drinking cup),Kylix fragment,6th/5th centuries BCE,,,,Terracotta,,Unknown fabric,,,,,,,,,,,Greek and Roman Art,Vases,,False,True,https://www.metmuseum.org/art/collection/search/772453,https://images.metmuseum.org/CRDImages/gr/original/DVB15356_1_ff.jpg,1,,,
247991,Marble portrait of a veiled man,Portrait head of a man,mid-3rd century CE,Late Imperial,,,Marble,H.: 3 in. (7.6 cm),Roman,,,,Heads|Men|Portraits,,,,,,,Greek and Roman Art,Stone Sculpture,,False,True,https://www.metmuseum.org/art/collection/search/247991,https://images.metmuseum.org/CRDImages/gr/original/DP202802.jpg,3,https://www.wikidata.org/wiki/Q116295790,,
753507,Terracotta fragment of a kylix (drinking cup),Kylix fragment,mid-6th century BCE,Archaic,,,Terracotta,,"Greek, Attic",,,,,,,,,,,Greek and Roman Art,Vases,,False,True,https://www.metmuseum.org/art/collection/search/753507,https://images.metmuseum.org/CRDImages/gr/original/DVB12968_1_ff.jpg,1,,,
764330,Terracotta fragments of undetermined shapes,Undetermined shapes,6th/5th centuries BCE,Archaic/Classical,,,Terracotta,,"Greek, Attic",,,,,,,,,,,Greek and Roman Art,Vases,,False,True,https://www.metmuseum.org/art/collection/search/764330,https://images.metmuseum.org/CRDImages/gr/original/DVB15892_1_ff.jpg,1,,,
250398,Vase Fragment,Vase Fragment,1st century BCE–1st century CE,,,,Terracotta,3 1/2 × 2 7/8 × 3/8 in. (8.9 × 7.3 × 1 cm),Roman,,,,Men|Profiles,,,,,,,Greek and Roman Art,Vases,,False,True,https://www.metmuseum.org/art/collection/search/250398,https://images.metmuseum.org/CRDImages/gr/original/sf171942054edited.jpg,0,,,
683599,Terracotta rim fragment of a kylix (drinking cup),Kylix fragment,490–480 BCE,Late Archaic,,,Terracotta,,"Greek, Attic",,,,,,,,,,,Greek and Roman Art,Vases,,False,True,https://www.metmuseum.org/art/collection/search/683599,https://images.metmuseum.org/CRDImages/gr/original/DVB02091_1_ff.jpg,1,,,
699197,Terracotta fragment of a kylix (drinking cup),Kylix fragment,510–490 BCE,Archaic,,,Terracotta,,"Greek, Attic",,,,,,,,,,,Greek and Roman Art,Vases,,False,True,https://www.metmuseum.org/art/collection/search/699197,https://images.metmuseum.org/CRDImages/gr/original/DVB05403_1_ff.jpg,1,,,
252420,Small metabauxite axe,Celt,5th–4th millennium BCE,Neolithic,,,Stone,1 7/8 in. x 1 3/4 in. (4.7 x 4.4. cm),Cretan,,,,,,,,,,,Greek and Roman Art,Miscellaneous-Stone,,False,True,https://www.metmuseum.org/art/collection/search/252420,https://images.metmuseum.org/CRDImages/gr/original/DP113095.jpg,0,https://www.wikidata.org/wiki/Q116282853,,
240996,Two figures in a scene of childbirth,Statuette of a votary offering a child,ca. 600–480 BCE,Cypro-Archaic II,,,Terracotta,H. 2 3/4 in. (7 cm),Cypriot,,,,Women,,,,,,,Greek and Roman Art,Terracottas,,False,True,https://www.metmuseum.org/art/collection/search/240996,https://images.metmuseum.org/CRDImages/gr/original/DP101541.jpg,0,,,
244860,Hydria,Hydria,ca. 350–325 BCE,Late Classical,,,Terracotta,4 7/8in. (12.4cm),"Greek, South Italian, Apulian",,,,Heads|Women,,,,,,,Greek and Roman Art,Vases,,False,True,https://www.metmuseum.org/art/collection/search/244860,https://images.metmuseum.org/CRDImages/gr/original/DP1649.jpg,0,,,
750201,Terracotta fragment of a lekythos (oil flask),Lekythos fragment,6th/5th centuries BCE,Archaic,,,Terracotta,,"Greek, Attic",,,,,,,,,,,Greek and Roman Art,Vases,,False,True,https://www.metmuseum.org/art/collection/search/750201,https://images.metmuseum.org/CRDImages/gr/original/DVB11847_1_ff.jpg,1,,,
750506,Terracotta fragment of a column-krater (bowl for mixing wine and water),Column-krater fragment,late 6th/early 5th century BCE,Archaic,,,Terracotta,,"Greek, Attic",,,,,,,,,,,Greek and Roman Art,Vases,,False,True,https://www.metmuseum.org/art/collection/search/750506,https://images.metmuseum.org/CRDImages/gr/original/DVB11613_1_ff.jpg,1,,,
756349,Terracotta rim fragment of a kylix: eye-cup (drinking cup),Kylix fragment,last quarter of the 6th century BCE,Archaic,,,Terracotta,,"Greek, Attic",,,,,,,,,,,Greek and Roman Art,Vases,,False,True,https://www.metmuseum.org/art/collection/search/756349,https://images.metmuseum.org/CRDImages/gr/original/DVB13562_1_ff.jpg,1,,,
689614,Terracotta fragment of a kylix (drinking cup),Kylix fragment,520–500 BCE,Archaic,,,Terracotta,,"Greek, Attic",,,,,Chairias Painter,Artist,,,,,Greek and Roman Art,Vases,,False,True,https://www.metmuseum.org/art/collection/search/689614,https://images.metmuseum.org/CRDImages/gr/original/DVB03182_1_ff.jpg,1,,https://www.wikidata.org/wiki/Q96316249,http://vocab.getty.edu/page/ulan/500125957
750572,Terracotta fragment of an oinochoe (jug),Oinochoe fragment,late 6th/early 5th century BCE,Archaic,,,Terracotta,,"Greek, Attic",,,,,,,,,,,Greek and Roman Art,Vases,,False,True,https://www.metmuseum.org/art/collection/search/750572,https://images.metmuseum.org/CRDImages/gr/original/DVB11804_1_ff.jpg,1,,,
254695,Fragments of the marble stele (grave marker) of a woman holding a baby,Grave stele of a woman holding a baby,ca. 400–375 BCE,Classical,,,"Marble, Parian",total H. 33 1/8 in. (84.2 cm),"Greek, Attic",,,,Infants|Women,,,,,,,Greek and Roman Art,Stone Sculpture,,False,True,https://www.metmuseum.org/art/collection/search/254695,https://images.metmuseum.org/CRDImages/gr/original/DP-19804-001.jpg,0,https://www.wikidata.org/wiki/Q116405115,,
246163,Amphora,Amphora,ca. 560–520 BCE,Archaic,,,Terracotta,"5 5/8 × 5 5/16 × 4 3/4 in. (14.3 × 13.5 × 12.1 cm)
Diam. of foot: 2 1/2 in. (6.4 cm)",Etruscan,,,,,,,,,,,Greek and Roman Art,Vases,,False,True,https://www.metmuseum.org/art/collection/search/246163,https://images.metmuseum.org/CRDImages/gr/original/96990a.jpg,0,,,
760015,Terracotta fragment of an oinochoe: chous (jug)?,Chous fragment?,late 6th/early 5th centuries BCE,Archaic,,,Terracotta,,"Greek, Attic",,,,,Class of Vatican G 50,Artist,,,,,Greek and Roman Art,Vases,,False,True,https://www.metmuseum.org/art/collection/search/760015,https://images.metmuseum.org/CRDImages/gr/original/DVB14061_1_ff.jpg,1,,https://www.wikidata.org/wiki/Q52556235,http://vocab.getty.edu/page/ulan/500101925
246551,Terracotta bell-krater (bowl for mixing wine and water),Bell-krater,ca. 350–325 BCE,Late Classical,,,Terracotta,8 7/8in. (22.5cm),"Greek, South Italian, Apulian",,,,Heads|Women,"Chevron Group, Archidamos Sub-Group",Artist,,,,,Greek and Roman Art,Vases,,False,True,https://www.metmuseum.org/art/collection/search/246551,https://images.metmuseum.org/CRDImages/gr/original/DP1821.jpg,0,https://www.wikidata.org/wiki/Q116290634,,
718546,Terracotta fragment of a kylix (drinking cup),Kylix fragment,470–460 BCE,Classical,,,Terracotta,,"Greek, Attic",,,,,,,,,,,Greek and Roman Art,Vases,,False,True,https://www.metmuseum.org/art/collection/search/718546,https://images.metmuseum.org/CRDImages/gr/original/DVB07807_1_ff.jpg,1,,,
683429,Terracotta rim fragments of kylikes(drinking cups),Kylix fragments,5th century BCE,Archaic/Classical,,,Terracotta,,"Greek, Attic",,,,,,,,,,,Greek and Roman Art,Vases,,False,True,https://www.metmuseum.org/art/collection/search/683429,https://images.metmuseum.org/CRDImages/gr/original/DVB01348_1_ff.jpg,1,,,
699068,Terracotta rim fragment of a kylix (drinking cup),Kylix fragment,520–500 BCE,Archaic,,,Terracotta,,"Greek, Attic",,,,,,,,,,,Greek and Roman Art,Vases,,False,True,https://www.metmuseum.org/art/collection/search/699068,https://images.metmuseum.org/CRDImages/gr/original/DVB05192_2_ff.jpg,1,,,
242033,Limestone statue of a wreathed boy holding a ball or piece of fruit,Statue of a votary holding an apple,3rd century BCE–1st century CE,Hellenistic or Early Imperial,,,Limestone,"WebPub GR 2012 Cesnola: 40 1/4 × 13 × 11 1/2 in., 206 lb. (102.2 × 33 × 29.2 cm, 93.4 kg)",Cypriot,,,,Fruit|Men,,,,,,,Greek and Roman Art,Stone Sculpture,,False,True,https://www.metmuseum.org/art/collection/search/242033,https://images.metmuseum.org/CRDImages/gr/original/DP229730.jpg,2,https://www.wikidata.org/wiki/Q116289903,,
247102,Terracotta pyxis (box with lid),Pyxis with lid,ca. 550–525 BCE,Archaic,,,Terracotta,"Overall: 8 1/4in. (21cm)
Other (height with cover): 14 9/16in. (36.9cm)
Other (height without cover): 8 1/4in. (21cm)",Etruscan,,,,Dogs,,,,,,,Greek and Roman Art,Vases,,False,True,https://www.metmuseum.org/art/collection/search/247102,https://images.metmuseum.org/CRDImages/gr/original/DP119635.jpg,0,https://www.wikidata.org/wiki/Q116295826,,
246222,Oinochoe,Oinochoe,ca. 550–500 BCE,Archaic,,,Terracotta,8 1/8 × 4 1/2 in. (20.6 × 11.4 cm),Etruscan,,,,,,,,,,,Greek and Roman Art,Vases,,False,True,https://www.metmuseum.org/art/collection/search/246222,https://images.metmuseum.org/CRDImages/gr/original/sf969149.jpg,0,,,
254462,Red jasper scaraboid,Scaraboid,late 5th–early 4th century BCE,Classical,,,"Jasper, red",H.: 1 1/4 in. (3.2 cm),Greek,,,,Human Figures|Horses|Chariots,,,,,,,Greek and Roman Art,Gems,,False,True,https://www.metmuseum.org/art/collection/search/254462,https://images.metmuseum.org/CRDImages/gr/original/DP111396.jpg,0,https://www.wikidata.org/wiki/Q116404877,,
683420,Terracotta rim fragment of a kylix (drinking cup),Kylix fragment,second quarter of the 5th century BCE,Classical,,,Terracotta,,"Greek, Attic",,,,,,,,,,,Greek and Roman Art,Vases,,False,True,https://www.metmuseum.org/art/collection/search/683420,https://images.metmuseum.org/CRDImages/gr/original/DVB01263_1_ff.jpg,1,,,
249031,Ivory and gold pin,Pin,2nd–3rd century CE,,,,"Ivory, gold",H.: 4 7/16 in. (11.3 cm),Roman,,,,,,,,,,,Greek and Roman Art,"Miscellaneous-Bone, Ivory",,False,True,https://www.metmuseum.org/art/collection/search/249031,https://images.metmuseum.org/CRDImages/gr/original/DP121007.jpg,0,https://www.wikidata.org/wiki/Q116294187,,
683822,Terracotta rim fragment of a kylix (drinking cup),Kylix fragment,460–450 BCE,Classical,,,Terracotta,,"Greek, Attic",,,,,,,,,,,Greek and Roman Art,Vases,,False,True,https://www.metmuseum.org/art/collection/search/683822,https://images.metmuseum.org/CRDImages/gr/original/DVB02136_1_ff.jpg,1,,,
242226,Limestone statuette of Zeus Ammon,Statuette of Zeus Ammon,early 5th century BCE,Classical,,,Limestone,"WebPub GR 2012 Cesnola: 5 1/4 × 3 1/2 × 2 3/4 in., 1.5 lb. (13.3 × 8.9 × 7 cm, 0.7 kg)",Cypriot,,,,Zeus,,,,,,,Greek and Roman Art,Stone Sculpture,,False,True,https://www.metmuseum.org/art/collection/search/242226,https://images.metmuseum.org/CRDImages/gr/original/DP121768.jpg,0,https://www.wikidata.org/wiki/Q116296952,,
244170,Dagger blade,Dagger blade,ca. 3000–2000 BCE,Early Bronze Age,,,Bronze,6 3/4in. (17.1cm),Cypriot,,,,,,,,,,,Greek and Roman Art,Bronzes,,False,True,https://www.metmuseum.org/art/collection/search/244170,https://images.metmuseum.org/CRDImages/gr/original/DP9028.jpg,0,,,
243180,Gold earring with disc and pendant,Earring with pendant,2nd century CE,Mid Imperial,,,Gold,Other: 5/16 x 5/16 x 7/8 in. (0.8 x 0.8 x 2.2 cm),Roman,,,,,,,,,,,Greek and Roman Art,Gold and Silver,,False,True,https://www.metmuseum.org/art/collection/search/243180,https://images.metmuseum.org/CRDImages/gr/original/sf74513763.jpg,0,,,
713985,Terracotta fragment of a kylix (drinking cup),Kylix fragment,500–480 BCE,Archaic,,,Terracotta,,"Greek, Attic",,,,,Makron,Artist,,,,,Greek and Roman Art,Vases,,False,True,https://www.metmuseum.org/art/collection/search/713985,https://images.metmuseum.org/CRDImages/gr/original/DVB07726_1_ff.jpg,1,,https://www.wikidata.org/wiki/Q427706,http://vocab.getty.edu/page/ulan/500008500
240131,Terracotta jug with a pitcher-spout,Jug,310–150 BCE,Hellenistic,,,Terracotta,h. 9 1/2 in. (24.1 cm),Cypriot,,,,,,,,,,,Greek and Roman Art,Vases,,False,True,https://www.metmuseum.org/art/collection/search/240131,https://images.metmuseum.org/CRDImages/gr/original/DP121930.jpg,0,https://www.wikidata.org/wiki/Q116297125,,
689429,Terracotta fragment of a kylix (drinking cup),Kylix fragment,500–480 BCE,Archaic,,,Terracotta,,"Greek, Attic",,,,,,,,,,,Greek and Roman Art,Vases,,False,True,https://www.metmuseum.org/art/collection/search/689429,https://images.metmuseum.org/CRDImages/gr/original/DVB02856_1_ff.jpg,1,,,
253300,Vase fragment,Vase fragment,ca. 3000–2000 BCE,Early Helladic,,,Terracotta,Other: 3 1/2in. (8.9cm),Aegean,,,,,,,,,,,Greek and Roman Art,Vases,,False,True,https://www.metmuseum.org/art/collection/search/253300,https://images.metmuseum.org/CRDImages/gr/original/DP21561.jpg,0,,,
691622,Terracotta fragment of a kylix (drinking cup),Kylix fragment,second quarter of the 5th century BCE,Classical,,,Terracotta,,"Greek, Attic",,,,,,,,,,,Greek and Roman Art,Vases,,False,True,https://www.metmuseum.org/art/collection/search/691622,https://images.metmuseum.org/CRDImages/gr/original/DVB03038_1_ff.jpg,1,,,
729050,Terracotta fragments of a column-krater (bowl for mixing wine and water),Column-krater fragments,second quarter of the 5th century BCE,Classical,,,Terracotta,,"Greek, Attic",,,,,,,,,,,Greek and Roman Art,Vases,,False,True,https://www.metmuseum.org/art/collection/search/729050,https://images.metmuseum.org/CRDImages/gr/original/DVB09775_1_ff.jpg,1,,,
721337,Terracotta fragment of a kylix (drinking cup),Kylix fragment,late 6th century BCE/early 5th century BCE,Archaic,,,Terracotta,,"Greek, Attic",,,,,,,,,,,Greek and Roman Art,Vases,,False,True,https://www.metmuseum.org/art/collection/search/721337,https://images.metmuseum.org/CRDImages/gr/original/DVB08207_1_ff.jpg,1,,,
252515,Terracotta head and torso of a woman,"Limbless ""doll""",late 5th–early 4th century BCE,Classical,,,Terracotta,H. 4 13/16 in. (12.2 cm),"Greek, Attic",,,,Women|Dolls,,,,,,,Greek and Roman Art,Terracottas,,False,True,https://www.metmuseum.org/art/collection/search/252515,https://images.metmuseum.org/CRDImages/gr/original/DP117213.jpg,0,https://www.wikidata.org/wiki/Q116242299,,
242125,Limestone statuette of a male votary with Cypriot shorts and an Egyptian crown,"Statue of a votary, male",first half of the 6th century B.C,Archaic,,,Limestone,Overall: 17 1/2 x 8 3/8 x 3 3/8 in. (44.5 x 21.3 x 8.6 cm),Cypriot,,,,Men,,,,,,,Greek and Roman Art,Stone Sculpture,,False,True,https://www.metmuseum.org/art/collection/search/242125,https://images.metmuseum.org/CRDImages/gr/original/DP159435.jpg,0,,,
252644,Fragment of a terracotta architectural tile,Tile fragment,6th century BCE,Archaic,,,Terracotta,Overall: 3 5/8 x 6 in. (9.2 x 15.2 cm),Lydian,,,,,,,,,,,Greek and Roman Art,Terracottas,,False,True,https://www.metmuseum.org/art/collection/search/252644,https://images.metmuseum.org/CRDImages/gr/original/DP130735.jpg,0,https://www.wikidata.org/wiki/Q116242227,,
250984,Gold and pearl earring,Earring with pearl pendants,1st century CE,Early Imperial,,,"Gold, pearl",H.: 1 5/16 in. (3.3 cm),Roman,,,,,,,,,,,Greek and Roman Art,Gold and Silver,,False,True,https://www.metmuseum.org/art/collection/search/250984,https://images.metmuseum.org/CRDImages/gr/original/SF20234235.jpg,0,https://www.wikidata.org/wiki/Q116291580,,
719008,Terracotta fragment of a kylix (drinking cup),Kylix fragment,460–450 BCE,Classical,,,Terracotta,,"Greek, Attic",,,,,Veii Painter,Artist,,,,,Greek and Roman Art,Vases,,False,True,https://www.metmuseum.org/art/collection/search/719008,https://images.metmuseum.org/CRDImages/gr/original/DVB08163_1_ff.jpg,1,,,http://vocab.getty.edu/page/ulan/500064409
709602,Terracotta fragment of a kylix (drinking cup),Kylix fragment,490–480 BCE,Late Archaic,,,Terracotta,,"Greek, Attic",,,,,,,,,,,Greek and Roman Art,Vases,,False,True,https://www.metmuseum.org/art/collection/search/709602,https://images.metmuseum.org/CRDImages/gr/original/DVB04583_1_ff.jpg,1,,,
245408,Glass jar,Jar,3rd–4th century CE,Late Imperial,,,Glass,H.: 3 3/8 in. (8.6 cm),Roman,,,,,,,,,,,Greek and Roman Art,Glass,,False,True,https://www.metmuseum.org/art/collection/search/245408,https://images.metmuseum.org/CRDImages/gr/original/DP222591.jpg,0,,,
740133,Terracotta fragment of a pot; glazed on the inside,Pot fragment,460–450 BCE,Classical,,,Terracotta,,"Greek, Attic",,,,,,,,,,,Greek and Roman Art,Vases,,False,True,https://www.metmuseum.org/art/collection/search/740133,https://images.metmuseum.org/CRDImages/gr/original/DVB10799_1_ff.jpg,1,,,
250314,Vase fragment,Vase fragment,1st century BCE–1st century CE,,,,Terracotta,1 1/4 × 1 3/16 × 3/16 in. (3.2 × 2.9 × 0.5 cm),Roman,,,,,,,,,,,Greek and Roman Art,Vases,,False,True,https://www.metmuseum.org/art/collection/search/250314,https://images.metmuseum.org/CRDImages/gr/original/sf171941969.jpg,0,,,
721591,Terracotta fragment of a kylix (drinking cup),Kylix fragment,third quarter of the 4th century,Late Classical,,,Terracotta,,"Greek, Attic",,,,,,,,,,,Greek and Roman Art,Vases,,False,True,https://www.metmuseum.org/art/collection/search/721591,https://images.metmuseum.org/CRDImages/gr/original/DVB08387_1_ff.jpg,1,,,
678438,Terracotta fragments of kylikes (drinking cups),Kylix fragments,5th century BCE,Archaic/Classical,,,Terracotta,,"Greek, Attic",,,,,,,,,,,Greek and Roman Art,Vases,,False,True,https://www.metmuseum.org/art/collection/search/678438,https://images.metmuseum.org/CRDImages/gr/original/DVB01544_1_ff.jpg,1,,,
257216,Glass short-strip mosaic fragment,"Fragment, short-strip mosaic",late 1st century BCE–early 1st century CE,Early Imperial,,,Glass,Other: 9/16 x 7/8 in. (1.5 x 2.2 cm),Roman,,,,,,,,,,,Greek and Roman Art,Glass,,False,True,https://www.metmuseum.org/art/collection/search/257216,https://images.metmuseum.org/CRDImages/gr/original/DP21998_91.1.2016.jpg,0,,,
248740,Marble trapezophoros (table support),"Table support, trapezophoros",1st century BCE,Late Republican,,,Marble,width  50 3/4in. (128.9cm),Roman,,,,Grapes|Griffins,,,,,,,Greek and Roman Art,Stone Sculpture,,False,True,https://www.metmuseum.org/art/collection/search/248740,https://images.metmuseum.org/CRDImages/gr/original/DP-14287-117.jpg,1,https://www.wikidata.org/wiki/Q116402470,,
686772,Terracotta fragment of a kylix (drinking cup),Kylix fragment,490–480 BCE,Late Archaic,,,Terracotta,,"Greek, Attic",,,,,,,,,,,Greek and Roman Art,Vases,,False,True,https://www.metmuseum.org/art/collection/search/686772,https://images.metmuseum.org/CRDImages/gr/original/DVB02472_1_ff.jpg,1,,,
245229,Glass flask,Flask,ca. 2nd–3rd century CE,Mid Imperial,,,Glass,3 5/8in. (9.2cm),Roman,,,,,,,,,,,Greek and Roman Art,Glass,,False,True,https://www.metmuseum.org/art/collection/search/245229,https://images.metmuseum.org/CRDImages/gr/original/DP218253.jpg,0,,,
691926,Terracotta fragments of kylikes (drinking cups),Kylix fragments,500–475 BCE,Archaic/Early Classical,,,Terracotta,,"Greek, Attic",,,,,,,,,,,Greek and Roman Art,Vases,,False,True,https://www.metmuseum.org/art/collection/search/691926,https://images.metmuseum.org/CRDImages/gr/original/DVB03597_1_ff.jpg,1,,,
721301,Terracotta fragment of a kylix (drinking cup),Kylix fragment,510–500 BCE,Archaic,,,Terracotta,,"Greek, Attic",,,,,,,,,,,Greek and Roman Art,Vases,,False,True,https://www.metmuseum.org/art/collection/search/721301,https://images.metmuseum.org/CRDImages/gr/original/DVB08069_1_ff.jpg,1,,,
750652,Terracotta fragment of a mastoid (drinking cup with narrow base) or a kyathos (cup-shaped ladle),Mastoid or kyathos fragment,late 6th/early 5th century BCE,Archaic,,,Terracotta,,"Greek, Attic",,,,,,,,,,,Greek and Roman Art,Vases,,False,True,https://www.metmuseum.org/art/collection/search/750652,https://images.metmuseum.org/CRDImages/gr/original/DVB12035_1_ff.jpg,1,,,
695955,Terracotta fragment of a kylix (drinking cup),Kylix fragment,second quarter of the 5th century BCE,Classical,,,Terracotta,,"Greek, Attic",,,,,,,,,,,Greek and Roman Art,Vases,,False,True,https://www.metmuseum.org/art/collection/search/695955,https://images.metmuseum.org/CRDImages/gr/original/DVB04469_1_ff.jpg,1,,,
729110,Terracotta fragments of column-kraters (bowls for mixing wine and water),Column-krater fragments,470–440 BCE,Classical,,,Terracotta,,"Greek, Attic",,,,,,,,,,,Greek and Roman Art,Vases,,False,True,https://www.metmuseum.org/art/collection/search/729110,https://images.metmuseum.org/CRDImages/gr/original/DVB09790_1_ff.jpg,1,,,
247551,"Kylix fragments, 6","Kylix fragments, 6",ca. 490 BCE,Late Archaic,,,Terracotta,7 5/8 × 7 1/4 in. (19.4 × 18.4 cm),"Greek, Attic",,,,Male Nudes,Antiphon Painter,Artist,,,,,Greek and Roman Art,Vases,,False,True,https://www.metmuseum.org/art/collection/search/247551,https://images.metmuseum.org/CRDImages/gr/original/DP21777.jpg,1,,https://www.wikidata.org/wiki/Q116616,http://vocab.getty.edu/page/ulan/500000073
764251,Terracotta fragments of open shapes,Undetermined open shapes,6th/5th centuries BCE,Archaic/Classical,,,Terracotta,,"Greek, Attic",,,,,,,,,,,Greek and Roman Art,Vases,,False,True,https://www.metmuseum.org/art/collection/search/764251,https://images.metmuseum.org/CRDImages/gr/original/DVB14786_1_ff.jpg,1,,,
249820,Glass amphoriskos (perfume bottle),Amphoriskos,3rd century BCE,Hellenistic,,,Glass,H.: 4 5/16 x 1 15/16 in. (11 x 5 cm),"Greek, Eastern Mediterranean or Italian",,,,,,,,,,,Greek and Roman Art,Glass,,False,True,https://www.metmuseum.org/art/collection/search/249820,https://images.metmuseum.org/CRDImages/gr/original/DP151236.jpg,0,,,
745002,Terracotta fragment of an undetermined shape,Undetermined shape,490–480 BCE,Late Archaic,,,Terracotta,,"Greek, Attic",,,,,,,,,,,Greek and Roman Art,Vases,,False,True,https://www.metmuseum.org/art/collection/search/745002,https://images.metmuseum.org/CRDImages/gr/original/DVB11114_1_ff.jpg,1,,,
683709,Terracotta rim fragment of a kylix (drinking cup),Kylix fragment,early 5th century BCE,Archaic,,,Terracotta,,"Greek, Attic",,,,,,,,,,,Greek and Roman Art,Vases,,False,True,https://www.metmuseum.org/art/collection/search/683709,https://images.metmuseum.org/CRDImages/gr/original/DVB01809_1_ff.jpg,1,,,
245605,Oinochoe,Oinochoe,7th–6th century BCE,,,,Terracotta,10 5/8 × 6 1/8 × 8 × 8 1/2 in. (27 × 15.6 × 20.3 × 21.6 cm),Etruscan,,,,,,,,,,,Greek and Roman Art,Vases,,False,True,https://www.metmuseum.org/art/collection/search/245605,https://images.metmuseum.org/CRDImages/gr/original/DP-26879-007.jpg,6,,,
733452,Terracotta fragment of a bell-krater (bowl for mixing wine and water),Bell-krater fragment,mid-5th century BCE,Classical,,,Terracotta,,"Greek, Attic",,,,,,,,,,,Greek and Roman Art,Vases,,False,True,https://www.metmuseum.org/art/collection/search/733452,https://images.metmuseum.org/CRDImages/gr/original/DVB09947_1_ff.jpg,1,,,
686836,Terracotta fragment of a kylix (drinking cup),Kylix fragment,490–480 BCE,Late Archaic,,,Terracotta,,"Greek, Attic",,,,,,,,,,,Greek and Roman Art,Vases,,False,True,https://www.metmuseum.org/art/collection/search/686836,https://images.metmuseum.org/CRDImages/gr/original/DVB02381_1_ff.jpg,1,,,
772320,Terracotta fragment of a kylix (drinking cup),Kylix fragment; lipped inside and out,6th/5th centuries BCE,Archaic/Classical,,,Terracotta,,"Greek, Attic",,,,,,,,,,,Greek and Roman Art,Vases,,False,True,https://www.metmuseum.org/art/collection/search/772320,https://images.metmuseum.org/CRDImages/gr/original/DVB15459_1_ff.jpg,1,,,
244446,Bronze lion paw,Lion's paw,7th century BCE,Archaic,,,Bronze,"H. 1 7/8 in. (4.7 cm)
length  3 in. (7.6 cm)",Possibly Cypriot,,,,Lions,,,,,,,Greek and Roman Art,Bronzes,,False,True,https://www.metmuseum.org/art/collection/search/244446,https://images.metmuseum.org/CRDImages/gr/original/GR294.jpg,0,https://www.wikidata.org/wiki/Q116293160,,
766175,Terracotta fragment from a closed shape,Undetermined closed shape,late 6th/early 5th centuries BCE,Archaic,,,Terracotta,,Etruscan,,,,,,,,,,,Greek and Roman Art,Vases,,False,True,https://www.metmuseum.org/art/collection/search/766175,https://images.metmuseum.org/CRDImages/gr/original/DVB14562_1_ff.jpg,1,,,
709849,Terracotta fragment of a kylix (drinking cup),Kylix fragment,490–470 BCE,Late Archaic/Early Classical,,,Terracotta,,"Greek, Attic",,,,,,,,,,,Greek and Roman Art,Vases,,False,True,https://www.metmuseum.org/art/collection/search/709849,https://images.metmuseum.org/CRDImages/gr/original/DVB07149_1_ff.jpg,1,,,
772628,Terracotta fragment of an open shape,Undetermined open shape,6th–4th centuries BCE,Archaic/Classical,,,Terracotta,,"Greek, Attic",,,,,,,,,,,Greek and Roman Art,Vases,,False,True,https://www.metmuseum.org/art/collection/search/772628,https://images.metmuseum.org/CRDImages/gr/original/DVB16064_1_ff.jpg,1,,,
669542,Terracotta fragment of a kylix (drinking cup),Kylix fragment,late 6th century BCE,Archaic,,,Terracotta,,"Greek, Attic",,,,,,,,,,,Greek and Roman Art,Vases,,False,True,https://www.metmuseum.org/art/collection/search/669542,https://images.metmuseum.org/CRDImages/gr/original/DVB00343_1_ff.jpg,1,,,
671253,Terracotta fragment of a kylix (drinking cup),Kylix fragment,490–480 BCE,Late Archaic,,,Terracotta,,"Greek, Attic",,,,,,,,,,,Greek and Roman Art,Vases,,False,True,https://www.metmuseum.org/art/collection/search/671253,https://images.metmuseum.org/CRDImages/gr/original/DVB01166_1_ff.jpg,1,,,
703949,Terracotta fragment of a kylix: eye-cup  (drinking cup),"Kylix fragment, eye-cup",late 6th century/early 5th century,Archaic,,,Terracotta,,"Greek, Attic",,,,,,,,,,,Greek and Roman Art,Vases,,False,True,https://www.metmuseum.org/art/collection/search/703949,https://images.metmuseum.org/CRDImages/gr/original/DVB06113_1_ff.jpg,1,,,
750315,Terracotta fragment of a mastoid (drinking cup with narrow base),Mastoid fragment,late 6th/early 5th century BCE,Archaic,,,Terracotta,,"Greek, Attic",,,,,,,,,,,Greek and Roman Art,Vases,,False,True,https://www.metmuseum.org/art/collection/search/750315,https://images.metmuseum.org/CRDImages/gr/original/DVB12015_1_ff.jpg,1,,,
745250,Terracotta fragment of a neck-amphora (jar),Neck-amphora fragment,late 6th century BCE,Archaic,,,Terracotta,,"Greek, Attic",,,,,,,,,,,Greek and Roman Art,Vases,,False,True,https://www.metmuseum.org/art/collection/search/745250,https://images.metmuseum.org/CRDImages/gr/original/DVB11304_1_ff.jpg,1,,,
240498,Terracotta spindle whorls,Spindle whorl,ca. 2000–1725 BCE,Early Cypriot III–Middle Cypriot II,,,Terracotta,H. 1 11/16 in. (4.3 cm),Cypriot,,,,,,,,,,,Greek and Roman Art,Vases,,False,True,https://www.metmuseum.org/art/collection/search/240498,https://images.metmuseum.org/CRDImages/gr/original/DP105445.jpg,0,https://www.wikidata.org/wiki/Q116296381,,
703546,Terracotta fragment of a kylix (drinking cup),Kylix fragment,510–490 BCE,Archaic,,,Terracotta,,"Greek, Attic",,,,,,,,,,,Greek and Roman Art,Vases,,False,True,https://www.metmuseum.org/art/collection/search/703546,https://images.metmuseum.org/CRDImages/gr/original/DVB05775_1_ff.jpg,1,,,
737419,Terracotta fragment of a skyphos (deep drinking cup),Skyphos fragment,second half of the 5th century BCE,Classical,,,Terracotta,,"Greek, Attic",,,,,,,,,,,Greek and Roman Art,Vases,,False,True,https://www.metmuseum.org/art/collection/search/737419,https://images.metmuseum.org/CRDImages/gr/original/DVB10597_1_ff.jpg,1,,,
683564,Terracotta rim fragment of a kylix (drinking cup),Kylix fragment,490–470 BCE,Late Archaic/Early Classical,,,Terracotta,,"Greek, Attic",,,,,,,,,,,Greek and Roman Art,Vases,,False,True,https://www.metmuseum.org/art/collection/search/683564,https://images.metmuseum.org/CRDImages/gr/original/DVB02062_1_ff.jpg,1,,,
750378,Terracotta fragment of a mastoid (drinking cup with narrow base) or a kyathos (cup-shaped ladle),Mastoid or kyathos fragment,late 6th/early 5th century BCE,Archaic,,,Terracotta,,"Greek, Attic",,,,,,,,,,,Greek and Roman Art,Vases,,False,True,https://www.metmuseum.org/art/collection/search/750378,https://images.metmuseum.org/CRDImages/gr/original/DVB12023_1_ff.jpg,1,,,
248739,Marble relief with Herakles carrying the Erymanthian Boar,Relief of Herakles and the boar,27 BCE–68 CE,Augustan or Julio-Claudian,,,Marble,Overall: 27 3/8 x 19 1/8 x 3 1/4in. (69.5 x 48.6 x 8.3cm),Roman,,,,Boars|Herakles,,,,,,,Greek and Roman Art,Stone Sculpture,,False,True,https://www.metmuseum.org/art/collection/search/248739,https://images.metmuseum.org/CRDImages/gr/original/DP118125.jpg,0,https://www.wikidata.org/wiki/Q116296742,,
241648,Terracotta oil lamp,Lamp,2nd half of 1st century CE,Early Imperial,,,Terracotta,Overall: 1 1/8 x 3 1/2 in. (2.9 x 8.9 cm),Roman,,,,,,,,,,,Greek and Roman Art,Terracottas,,False,True,https://www.metmuseum.org/art/collection/search/241648,https://images.metmuseum.org/CRDImages/gr/original/DP-22527-125.jpg,1,,,
678603,Terracotta fragment of a kylix (drinking cup),Kylix fragment,late 6th century BCE,Archaic,,,Terracotta,,"Greek, Attic",,,,,Pithos Painter,Artist,,,,,Greek and Roman Art,Vases,,False,True,https://www.metmuseum.org/art/collection/search/678603,https://images.metmuseum.org/CRDImages/gr/original/DVB01682_1_ff.jpg,1,,https://www.wikidata.org/wiki/Q1311104,http://vocab.getty.edu/page/ulan/500026897
253614,Glass perfume bottle,Perfume bottle,late 1st–3rd century CE,Imperial,,,Free-blown,H.: 6 3/4 in. (17.2 cm),Roman,,,,,,,,,,,Greek and Roman Art,Glass,,False,True,https://www.metmuseum.org/art/collection/search/253614,https://images.metmuseum.org/CRDImages/gr/original/sf40611.jpg,0,,,
733601,Terracotta fragment of a lekanis lid (covered dish),Lekanis fragment,460–450 BCE,Classical,,,Terracotta,,"Greek, Attic",,,,,,,,,,,Greek and Roman Art,Vases,,False,True,https://www.metmuseum.org/art/collection/search/733601,https://images.metmuseum.org/CRDImages/gr/original/DVB09018_1_ff.jpg,1,,,
773757,Terracotta fragments of undetermined shapes,Undetermined shapes,6th/5th centuries BCE,Archaic,,,Terracotta,,"Greek, Attic",,,,,,,,,,,Greek and Roman Art,Vases,,False,True,https://www.metmuseum.org/art/collection/search/773757,https://images.metmuseum.org/CRDImages/gr/original/DVB16205_1_ff.jpg,1,,,
721590,Terracotta fragment of a kylix (drinking cup),Kylix fragment,late 5th century BCE,Classical,,,Terracotta,,"Greek, Attic",,,,,,,,,,,Greek and Roman Art,Vases,,False,True,https://www.metmuseum.org/art/collection/search/721590,https://images.metmuseum.org/CRDImages/gr/original/DVB08415_1_ff.jpg,1,,,
255487,Glass mosaic bowl,"Bowl, mosaic, patella",late 1st century BCE–early 1st century CE,Early Imperial,,,Glass,Diameter: 3 3/4 x 1 1/2 x 1 5/8 in. (9.6 x 3.8 x 4.2 cm),Roman,,,,,,,,,,,Greek and Roman Art,Glass,,False,True,https://www.metmuseum.org/art/collection/search/255487,https://images.metmuseum.org/CRDImages/gr/original/DP107066.jpg,0,https://www.wikidata.org/wiki/Q116287171,,
764522,Terracotta fragment of a kylix (drinking cup),Kylix fragment,6th/5th centuries BCE,Archaic /Classical,,,Terracotta,,"Greek, Attic",,,,,,,,,,,Greek and Roman Art,Vases,,False,True,https://www.metmuseum.org/art/collection/search/764522,https://images.metmuseum.org/CRDImages/gr/original/DVB14979_1_ff.jpg,1,,,
242168,Limestone cornice with a lion’s head,Capital cornice with lion-head,ca. 1st century CE,Early Roman,,,Limestone,"WebPub GR 2012 Cesnola: 16 × 9 × 6 in., 27.5 lb. (40.6 × 22.9 × 15.2 cm, 12.5 kg)",Cypriot,,,,Lions,,,,,,,Greek and Roman Art,Stone Sculpture,,False,True,https://www.metmuseum.org/art/collection/search/242168,https://images.metmuseum.org/CRDImages/gr/original/DP209386.jpg,1,,,
240246,Terracotta ring-kernos (offering vase),Ring-kernos,ca. 1050–950 BCE,Cypro-Geometric I,,,Terracotta,H. 4 7/16 in. (11.3 cm),Cypriot,,,,Bulls,,,,,,,Greek and Roman Art,Vases,,False,True,https://www.metmuseum.org/art/collection/search/240246,https://images.metmuseum.org/CRDImages/gr/original/DP218734.jpg,0,https://www.wikidata.org/wiki/Q116296924,,
247700,Vase fragment,Vase fragment,-2600–-2000,Early Minoan III,,,Terracotta,1 3/4 × 1 11/16 × 3/16 in. (4.4 × 4.2 × 0.5 cm),Minoan,,,,,,,,,,,Greek and Roman Art,Vases,,False,True,https://www.metmuseum.org/art/collection/search/247700,https://images.metmuseum.org/CRDImages/gr/original/DP21187.jpg,1,,,
759941,Terracotta rim fragment of a kylix (drinking cup),Kylix fragment,575–525 BCE,Archaic,,,Terracotta,,"Greek, Attic",,,,,,,,,,,Greek and Roman Art,Vases,,False,True,https://www.metmuseum.org/art/collection/search/759941,https://images.metmuseum.org/CRDImages/gr/original/DVB13931_1_ff.jpg,1,,,
247344,Terracotta skyphos (deep drinking cup),Skyphos,ca. 350 BCE,Late Classical,,,Terracotta,"H. 6 7/8 in. (17.5 cm)
diameter  7 3/4 in. (19.7 cm)","Greek, Attic",,,,Women|Eros|Satyrs|Baskets,,,,,,,Greek and Roman Art,Vases,,False,True,https://www.metmuseum.org/art/collection/search/247344,https://images.metmuseum.org/CRDImages/gr/original/DP166882.jpg,0,https://www.wikidata.org/wiki/Q116293560,,
689602,Terracotta fragment of a kylix (drinking cup),Kylix fragment,late sixth century BCE/early 5th century BCE,Archaic,,,Terracotta,,"Greek, Attic",,,,,,,,,,,Greek and Roman Art,Vases,,False,True,https://www.metmuseum.org/art/collection/search/689602,https://images.metmuseum.org/CRDImages/gr/original/DVB03153_1_ff.jpg,1,,,
699222,Terracotta fragment of a kylix (drinking cup),Kylix fragment,490–470 BCE,Late Archaic/Early Classical,,,Terracotta,,"Greek, Attic",,,,,,,,,,,Greek and Roman Art,Vases,,False,True,https://www.metmuseum.org/art/collection/search/699222,https://images.metmuseum.org/CRDImages/gr/original/DVB05288_1_ff.jpg,1,,,
244469,"Furniture socket, rectangular","Furniture socket, rectangular",-3900–100,,,,Bronze,"5 7/8 x 5/8in. (14.9 x 1.6cm)
Other (length of inside socket): 2 5/16in. (5.9cm)
Other (width of inside socket): 5/8in. (1.6cm)",Cypriot,,,,,,,,,,,Greek and Roman Art,Bronzes,,False,True,https://www.metmuseum.org/art/collection/search/244469,https://images.metmuseum.org/CRDImages/gr/original/DP20079.jpg,0,,,
249183,Ivory furniture attachment,Relief from couch,early 1st century CE,Early Imperial,,,Ivory,Overall: 2 5/16 x 1 7/8 in. (5.9 x 4.8 cm),Roman,,,,Heads|Eros,,,,,,,Greek and Roman Art,"Miscellaneous-Bone, Ivory",,False,True,https://www.metmuseum.org/art/collection/search/249183,https://images.metmuseum.org/CRDImages/gr/original/sf1719070.jpg,0,https://www.wikidata.org/wiki/Q116290430,,
678508,Terracotta fragment of a kylix (drinking cup),Kylix fragment,5th century BCE,Archaic/Classical,,,Terracotta,,"Greek, Attic",,,,,Brygan,Artist,,,,,Greek and Roman Art,Vases,,False,True,https://www.metmuseum.org/art/collection/search/678508,https://images.metmuseum.org/CRDImages/gr/original/DVB01588_1_ff.jpg,1,,,http://vocab.getty.edu/page/ulan/500099938
709855,Terracotta fragment of a kylix (drinking cup),Kylix fragment,490–470 BCE,Late Archaic/Early Classical,,,Terracotta,,"Greek, Attic",,,,,,,,,,,Greek and Roman Art,Vases,,False,True,https://www.metmuseum.org/art/collection/search/709855,https://images.metmuseum.org/CRDImages/gr/original/DVB07143_2_ff.jpg,1,,,
776361,Terracotta fragment of a vase?,Vase fragment?,7th–4th centuries BCE,,,,Terracotta,,Unknown fabric,,,,,,,,,,,Greek and Roman Art,Vases,,False,True,https://www.metmuseum.org/art/collection/search/776361,https://images.metmuseum.org/CRDImages/gr/original/DVB16253_1_ff.jpg,1,,,
671275,Terracotta rim fragment of a kylix (drinking cup),Kylix fragment,490–480 BCE,Late Archaic,,,Terracotta,,"Greek, Attic",,,,,,,,,,,Greek and Roman Art,Vases,,False,True,https://www.metmuseum.org/art/collection/search/671275,https://images.metmuseum.org/CRDImages/gr/original/DVB01150_1_ff.jpg,1,,,
670337,Terracotta fragment of a kylix (drinking cup),Kylix fragment,second quarter of the 5th century BCE,Classical,,,Terracotta,,"Greek, Attic",,,,,,,,,,,Greek and Roman Art,Vases,,False,True,https://www.metmuseum.org/art/collection/search/670337,https://images.metmuseum.org/CRDImages/gr/original/DVB01035_2_ff.jpg,1,,,
740109,Terracotta fragment of a pot; unglazed on the inside,Pot fragment,6th century BCE,Archaic/Classical,,,Terracotta,,"Greek, Attic",,,,,,,,,,,Greek and Roman Art,Vases,,False,True,https://www.metmuseum.org/art/collection/search/740109,https://images.metmuseum.org/CRDImages/gr/original/DVB10729_1_ff.jpg,1,,,
250143,Glass mosaic bowl,Bowl,1st half of 1st century CE,"Early Imperial, Julio-Claudian",,,Glass,Diam.: 6 13/16 in. (17.3 cm),"Roman, Eastern Mediterranean",,,,,,,,,,,Greek and Roman Art,Glass,,False,True,https://www.metmuseum.org/art/collection/search/250143,https://images.metmuseum.org/CRDImages/gr/original/SF171941481b.jpg,0,https://www.wikidata.org/wiki/Q116288309,,
330038,Glass amphora with two handles,Amphora with two handles,3rd–4th century CE,,,,Glass,H. 16 cm x D. 7 cm (across handles),"Roman, Syrian",,,,,,,,,,,Greek and Roman Art,Glass,,False,True,https://www.metmuseum.org/art/collection/search/330038,https://images.metmuseum.org/CRDImages/gr/original/kn255b.jpg,0,,,
713799,Terracotta fragment of a kylix (drinking cup),Kylix fragment,490–470 BCE,Late Archaic/Early Classical,,,Terracotta,,"Greek, Attic",,,,,,,,,,,Greek and Roman Art,Vases,,False,True,https://www.metmuseum.org/art/collection/search/713799,https://images.metmuseum.org/CRDImages/gr/original/DVB07687_1_ff.jpg,1,,,
709762,Terracotta fragment of a kylix (drinking cup),Kylix fragment,490–480 BCE,Late Archaic,,,Terracotta,,"Greek, Attic",,,,,,,,,,,Greek and Roman Art,Vases,,False,True,https://www.metmuseum.org/art/collection/search/709762,https://images.metmuseum.org/CRDImages/gr/original/DVB13521_1_ff.jpg,1,,,
704020,Terracotta fragment of a kylix (drinking cup),Kylix fragment,520–510 BCE,Archaic,,,Terracotta,,"Greek, Attic",,,,,,,,,,,Greek and Roman Art,Vases,,False,True,https://www.metmuseum.org/art/collection/search/704020,https://images.metmuseum.org/CRDImages/gr/original/DVB06057_1_ff.jpg,1,,,
247330,Terracotta kylix (drinking cup),Kylix,ca. 460–450 BCE,Classical,,,Terracotta,"Overall: 6 in. (15.2 cm)
Other: 14 3/8 in. (36.5 cm)","Greek, Attic",,,,Women,Painter of Bologna 417,Artist,,,,,Greek and Roman Art,Vases,,False,True,https://www.metmuseum.org/art/collection/search/247330,https://images.metmuseum.org/CRDImages/gr/original/DT11671.jpg,0,https://www.wikidata.org/wiki/Q116293997,https://www.wikidata.org/wiki/Q37632501,http://vocab.getty.edu/page/ulan/500001342
246508,Disk,Disk,6th–5th century BCE,Archaic,,,Amber,Diameter: 13/16 x 5/16 in. (2.1 x 0.8 cm),,,,,,,,,,,,Greek and Roman Art,Miscellaneous-Amber,,False,True,https://www.metmuseum.org/art/collection/search/246508,https://images.metmuseum.org/CRDImages/gr/original/sf969514edited.jpg,0,,,
255936,Marble fragment of a votive relief with Athena,Relief fragments with Athena,ca. 405–390 BCE,Classical,,,Marble,Overall: 11 3/16 x 9 1/16in. (28.4 x 23cm),"Greek, Attic",,,,Athena,,,,,,,Greek and Roman Art,Stone Sculpture,,False,True,https://www.metmuseum.org/art/collection/search/255936,https://images.metmuseum.org/CRDImages/gr/original/DP261230.jpg,0,https://www.wikidata.org/wiki/Q116290082,,
240257,Jug,Jug,-1125–-1050,Iron Age,,,Terracotta,Other: 8 13/16 in. (22.4 cm),Cypriot,,,,,,,,,,,Greek and Roman Art,Vases,,False,True,https://www.metmuseum.org/art/collection/search/240257,https://images.metmuseum.org/CRDImages/gr/original/LC-74_51_670.jpg,0,,,
768140,Terracotta fragment of a closed shape,Undetermined closed shape,mid-4th century BCE,Classical,,,Terracotta,,"Greek, South Italian, Apulian",,,,,,,,,,,Greek and Roman Art,Vases,,False,True,https://www.metmuseum.org/art/collection/search/768140,https://images.metmuseum.org/CRDImages/gr/original/DVB14627_1_ff.jpg,1,,,
241726,Terracotta oil lamp,Lamp,ca. 40–100 CE,Early Imperial,,,Terracotta,Overall: 3/4 x 3 1/4 in. (1.9 x 8.3 cm),"Roman, Cypriot",,,,,,,,,,,Greek and Roman Art,Terracottas,,False,True,https://www.metmuseum.org/art/collection/search/241726,https://images.metmuseum.org/CRDImages/gr/original/DP-22527-147.jpg,2,,,
244134,Narrow bone box,toilet box,ca. 13th–12th century BCE,Late Cypriot IIIA,,,Bone,"H. 5 1/16 in. (12.9 cm)
diameter  1 3/4 in. (4.5 cm)",Cypriot,,,,,,,,,,,Greek and Roman Art,"Miscellaneous-Bone, Ivory",,False,True,https://www.metmuseum.org/art/collection/search/244134,https://images.metmuseum.org/CRDImages/gr/original/DP-29488-002.jpg,2,https://www.wikidata.org/wiki/Q116402226,,
252804,Vase fragment,Vase fragment,-1050–-700,Geometric,,,Terracotta,Overall: 4 3/4 x 3 1/8in. (12 x 7.9cm),"East Greek/Sardis, Lydian",,,,,,,,,,,Greek and Roman Art,Vases,,False,True,https://www.metmuseum.org/art/collection/search/252804,https://images.metmuseum.org/CRDImages/gr/original/DP21752.jpg,0,,,
669713,Terracotta rim fragment of a kylix (drinking cup),Kylix fragment,second quarter of the 5th century BCE,Classical,,,Terracotta,,"Greek, Attic",,,,,,,,,,,Greek and Roman Art,Vases,,False,True,https://www.metmuseum.org/art/collection/search/669713,https://images.metmuseum.org/CRDImages/gr/original/DVB00527_1_ff.jpg,1,,,
750514,Terracotta fragment of a column-krater (bowl for mixing wine and water),Column-krater fragment,late 6th/early 5th century BCE,Archaic,,,Terracotta,,"Greek, Attic",,,,,,,,,,,Greek and Roman Art,Vases,,False,True,https://www.metmuseum.org/art/collection/search/750514,https://images.metmuseum.org/CRDImages/gr/original/DVB11651_1_ff.jpg,1,,,
249029,Pin,Pin,-7000–330,,,,Bronze,Other: 5 5/16 in. (13.5 cm),,,,,,,,,,,,Greek and Roman Art,Bronzes,,False,True,https://www.metmuseum.org/art/collection/search/249029,https://images.metmuseum.org/CRDImages/gr/original/DP20506.jpg,0,,,
241433,Terracotta oil lamp,"Lamp, convex top",-7000–330,Hellenistic,,,Terracotta,Overall: 1 1/4 x 3 1/8 in. (3.2 x 7.9 cm),Greek,,,,Satyrs,,,,,,,Greek and Roman Art,Terracottas,,False,True,https://www.metmuseum.org/art/collection/search/241433,https://images.metmuseum.org/CRDImages/gr/original/DP-22527-032.jpg,1,,,
721603,Terracotta fragment of a kylix (drinking cup),Kylix fragment,mid-5th century BCE,Classical,,,Terracotta,,"Greek, Attic",,,,,,,,,,,Greek and Roman Art,Vases,,False,True,https://www.metmuseum.org/art/collection/search/721603,https://images.metmuseum.org/CRDImages/gr/original/DVB08480_1_ff.jpg,1,,,
692011,Terracotta fragment of a kylix (drinking cup),Kylix fragment,second quarter of the 5th century BCE,Classical,,,Terracotta,,"Greek, Attic",,,,,,,,,,,Greek and Roman Art,Vases,,False,True,https://www.metmuseum.org/art/collection/search/692011,https://images.metmuseum.org/CRDImages/gr/original/DVB03052_1_ff.jpg,1,,,
257837,Mosaic glass fragment,Mosaic glass fragment,late 1st century BCE–early 1st century CE,Early Imperial,,,Glass,Overall: 1 3/8 x 7/8 in. (3.5 x 2.2 cm),Roman,,,,,,,,,,,Greek and Roman Art,Glass,,False,True,https://www.metmuseum.org/art/collection/search/257837,https://images.metmuseum.org/CRDImages/gr/original/DP145734.jpg,0,https://www.wikidata.org/wiki/Q116282982,,
251557,Bronze female figure,Statuette of a woman in adoration,ca. 1700–1600 BCE,Middle Minoan III,,,Bronze,H.: 1 7/16 in. (3.7 cm),Minoan,,,,Women,,,,,,,Greek and Roman Art,Bronzes,,False,True,https://www.metmuseum.org/art/collection/search/251557,https://images.metmuseum.org/CRDImages/gr/original/DP260398.jpg,1,https://www.wikidata.org/wiki/Q116287634,,
250125,Glass beads,"Beads, 5",-7000–330,,,,Glass,"Other: 5 1/2 in. (14 cm)
Diameter (smallest bead): 7/16 x 1/2 in. (1.1 x 1.3 cm)
Diameter (largesr bead): 1/2 x 9/16 in. (1.3 x 1.4 cm)
Other (losenge): 9/16 x 3/8 in. (1.5 x 1 cm)",,,,,,,,,,,,Greek and Roman Art,Glass,,False,True,https://www.metmuseum.org/art/collection/search/250125,https://images.metmuseum.org/CRDImages/gr/original/sf171941067color.jpg,1,,,
251014,"Lamp, miniature","Lamp, miniature",-7000–-30,,,,Terracotta,Other: 1 1/4in. (3.1cm),Greek,,,,,,,,,,,Greek and Roman Art,Vases,,False,True,https://www.metmuseum.org/art/collection/search/251014,https://images.metmuseum.org/CRDImages/gr/original/sf202635.jpg,0,,,
728538,Terracotta fragment of a psykter (vase for cooling wine),Psykter fragment,520–500 BCE,Archaic,,,Terracotta,,"Greek, Attic",,,,,,,,,,,Greek and Roman Art,Vases,,False,True,https://www.metmuseum.org/art/collection/search/728538,https://images.metmuseum.org/CRDImages/gr/original/DVB08797_1_ff.jpg,1,,,
696124,Terracotta fragment of a kylix (drinking cup),Kylix fragment,500–480 BCE,Archaic,,,Terracotta,,"Greek, Attic",,,,,,,,,,,Greek and Roman Art,Vases,,False,True,https://www.metmuseum.org/art/collection/search/696124,https://images.metmuseum.org/CRDImages/gr/original/DVB04797_1_ff.jpg,1,,,
693275,Terracotta fragment of a kylix (drinking cup),Kylix fragment,490–480 BCE,Late Archaic,,,Terracotta,,"Greek, Attic",,,,,,,,,,,Greek and Roman Art,Vases,,False,True,https://www.metmuseum.org/art/collection/search/693275,https://images.metmuseum.org/CRDImages/gr/original/DVB03680_1_ff.jpg,1,,,
709597,Terracotta fragment of a kylix (drinking cup),Kylix fragment,490–480 BCE,Late Archaic,,,Terracotta,,"Greek, Attic",,,,,,,,,,,Greek and Roman Art,Vases,,False,True,https://www.metmuseum.org/art/collection/search/709597,https://images.metmuseum.org/CRDImages/gr/original/DVB04634_1_ff.jpg,1,,,
721767,Terracotta fragment of a stemless kylix (drinking cup),Kylix fragment,460–450 BCE,Classical,,,Terracotta,,"Greek, Attic",,,,,,,,,,,Greek and Roman Art,Vases,,False,True,https://www.metmuseum.org/art/collection/search/721767,https://images.metmuseum.org/CRDImages/gr/original/DVB08560_1_ff.jpg,1,,,
248068,Bronze nummus of Constantius I Chlorus,Nummus,300 CE,Late Imperial,,,Bronze,"1 3/16 × 1/16 in., 9.3g (2.9 × 0.2 cm, 9.3g)",Roman,,,,,,,,,,,Greek and Roman Art,Coins,,False,True,https://www.metmuseum.org/art/collection/search/248068,https://images.metmuseum.org/CRDImages/gr/original/LC-08_170_411b-5.jpg,1,https://www.wikidata.org/wiki/Q116295263,,
249200,Glass beads,Necklace with 89 beads,2nd–3rd century CE,Imperial,,,Glass,Diam.: 3/8 in. (1 cm),"Roman, Egypt",,,,,,,,,,,Greek and Roman Art,Glass,,False,True,https://www.metmuseum.org/art/collection/search/249200,https://images.metmuseum.org/CRDImages/gr/original/sf17190111color.jpg,0,,,
709883,Terracotta fragment of a kylix (drinking cup),Kylix fragment,490–470 BCE,Late Archaic/Early Classical,,,Terracotta,,"Greek, Attic",,,,,,,,,,,Greek and Roman Art,Vases,,False,True,https://www.metmuseum.org/art/collection/search/709883,https://images.metmuseum.org/CRDImages/gr/original/DVB07119_1_ff.jpg,1,,,
756271,Terracotta rim fragment of a kylix (drinking cup),Kylix fragment,500–480 BCE,Archaic,,,Terracotta,,"Greek, Attic",,,,,,,,,,,Greek and Roman Art,Vases,,False,True,https://www.metmuseum.org/art/collection/search/756271,https://images.metmuseum.org/CRDImages/gr/original/DVB13044_1_ff.jpg,1,,,
683827,Terracotta rim fragment of a kylix (drinking cup),Kylix fragment,first quarter of the 5th century,Archaic,,,Terracotta,,"Greek, Attic",,,,,,,,,,,Greek and Roman Art,Vases,,False,True,https://www.metmuseum.org/art/collection/search/683827,https://images.metmuseum.org/CRDImages/gr/original/DVB02141_1_ff.jpg,1,,,
728672,Terracotta fragment of a stamnos (jar),Stamnos fragment,450–430 BCE,Classical,,,Terracotta,,"Greek, Attic",,,,,,,,,,,Greek and Roman Art,Vases,,False,True,https://www.metmuseum.org/art/collection/search/728672,https://images.metmuseum.org/CRDImages/gr/original/DVB08882_1_ff.jpg,1,,,
669675,Terracotta fragment of a kylix (drinking cup),Kylix fragment,second quarter of the 5th century BCE,Classical,,,Terracotta,,"Greek, Attic",,,,,,,,,,,Greek and Roman Art,Vases,,False,True,https://www.metmuseum.org/art/collection/search/669675,https://images.metmuseum.org/CRDImages/gr/original/DVB00515_1_ff.jpg,1,,,
669798,Terracotta fragment of a kylix (drinking cup),Kylix fragment,second quarter of the 5th century BCE,Classical,,,Terracotta,,"Greek, Attic",,,,,,,,,,,Greek and Roman Art,Vases,,False,True,https://www.metmuseum.org/art/collection/search/669798,https://images.metmuseum.org/CRDImages/gr/original/DVB00583_1_ff.jpg,1,,,
713406,Terracotta fragment of a kylix (drinking cup),Kylix fragment,490–470 BCE,Late Archaic/Early Classical,,,Terracotta,,"Greek, Attic",,,,,,,,,,,Greek and Roman Art,Vases,,False,True,https://www.metmuseum.org/art/collection/search/713406,https://images.metmuseum.org/CRDImages/gr/original/DVB07226_1_ff.jpg,1,,,
766069,Terracotta fragment of a kylix (drinking cup),Kylix fragment,late 4th century BCE,Classical,,,Terracotta,,Etruscan,,,,,,,,,,,Greek and Roman Art,Vases,,False,True,https://www.metmuseum.org/art/collection/search/766069,https://images.metmuseum.org/CRDImages/gr/original/DVB14451_2_ff.jpg,1,,,
240533,Jug,Jug,600–480 BCE,Cypro-Archaic II,,,Terracotta,4in. (10.2cm),Cypriot,,,,,,,,,,,Greek and Roman Art,Vases,,False,True,https://www.metmuseum.org/art/collection/search/240533,https://images.metmuseum.org/CRDImages/gr/original/LC-74_51_944.jpg,0,,,
241523,Terracotta oil lamp,Lamp,2nd century CE,Mid Imperial,,,Terracotta,"Length: 2 15/16 in. (7.5 cm)
Height: 7/8 in. (2.2 cm)",Roman,,,,,,,,,,,Greek and Roman Art,Terracottas,,False,True,https://www.metmuseum.org/art/collection/search/241523,https://images.metmuseum.org/CRDImages/gr/original/DP-22527-071.jpg,1,,,
683659,Terracotta rim fragment of a kylix (drinking cup),Kylix fragment,second quarter of the 5th century BCE,Classical,,,Terracotta,,"Greek, Attic",,,,,,,,,,,Greek and Roman Art,Vases,,False,True,https://www.metmuseum.org/art/collection/search/683659,https://images.metmuseum.org/CRDImages/gr/original/DVB02207_1_ff.jpg,1,,,
670404,Terracotta fragment of a stemless cup or plate?,Stemless cup or plate?,late 5th century BCE,Classical,,,Terracotta,,"Greek, Attic",,,,,,,,,,,Greek and Roman Art,Vases,,False,True,https://www.metmuseum.org/art/collection/search/670404,https://images.metmuseum.org/CRDImages/gr/original/DVB00873_1_ff.jpg,1,,,
248562,Terracotta vessel fragment with rows of dots and band,Vase fragment,ca. 1450–1400 BCE,Late Minoan II,,,Terracotta,Overall: 1 1/2 x 2 1/4in. (3.8 x 5.7cm),Minoan,,,,,,,,,,,Greek and Roman Art,Vases,,False,True,https://www.metmuseum.org/art/collection/search/248562,https://images.metmuseum.org/CRDImages/gr/original/DP21514.jpg,0,https://www.wikidata.org/wiki/Q116289028,,
242606,Earrings,Earrings,-3900–100,,,,Gold,Other: 1/2 x 5/16 x 13/16 in. (1.3 x 0.8 x 2.1 cm),Cypriot,,,,,,,,,,,Greek and Roman Art,Gold and Silver,,False,True,https://www.metmuseum.org/art/collection/search/242606,https://images.metmuseum.org/CRDImages/gr/original/sf74513173.jpg,0,,,
759951,Terracotta rim fragment of a kylix: eye-cup (drinking cup),Kylix fragment,last quarter of the 6th century BCE,Archaic,,,Terracotta,,"Greek, Attic",,,,,,,,,,,Greek and Roman Art,Vases,,False,True,https://www.metmuseum.org/art/collection/search/759951,https://images.metmuseum.org/CRDImages/gr/original/DVB13668_1_ff.jpg,1,,,
729053,Terracotta fragment of a column-krater (bowl for mixing wine and water),Column-krater fragment,450–430 BCE,Classical,,,Terracotta,,"Greek, Attic",,,,,,,,,,,Greek and Roman Art,Vases,,False,True,https://www.metmuseum.org/art/collection/search/729053,https://images.metmuseum.org/CRDImages/gr/original/DVB09739_1_ff.jpg,1,,,
244726,Terracotta squat alabastron (jar),"Jar, squat",ca. 13th century BCE,Late Helladic IIIB,,,Terracotta,"2 3/4in. (7cm)
Other: 7 3/4in. (19.7cm)",Mycenaean,,,,,,,,,,,Greek and Roman Art,Vases,,False,True,https://www.metmuseum.org/art/collection/search/244726,https://images.metmuseum.org/CRDImages/gr/original/DP121155.jpg,0,https://www.wikidata.org/wiki/Q116289327,,
750082,Terracotta fragment of a neck-amphora (jar),"Neck-amphora, Tyrrhenian fragment",second quarter of the sixth century BCE,Archaic,,,Terracotta,,"Greek, Attic",,,,,,,,,,,Greek and Roman Art,Vases,,False,True,https://www.metmuseum.org/art/collection/search/750082,https://images.metmuseum.org/CRDImages/gr/original/DVB12283_1_ff.jpg,1,,,
252042,Seal,Seal,-2600–-2000,Early Minoan III,,,Steatite,Other: 9/16 x 11/16 in. (1.5 x 1.8 cm),Minoan,,,,,,,,,,,Greek and Roman Art,Gems,,False,True,https://www.metmuseum.org/art/collection/search/252042,https://images.metmuseum.org/CRDImages/gr/original/DP110945.jpg,6,,,
740401,Terracotta fragment of a pot; unglazed on the inside,Pot fragment,6th/5th centuries BCE,Archaic/Classical,,,Terracotta,,"Greek, Attic",,,,,,,,,,,Greek and Roman Art,Vases,,False,True,https://www.metmuseum.org/art/collection/search/740401,https://images.metmuseum.org/CRDImages/gr/original/DVB11007_1_ff.jpg,1,,,
246393,Statue of a man,Statue of a man,6th century BCE or later,Archaic,,,Bronze,Other: 2 1/4 × 1 1/8 × 5/16 in. (5.7 × 2.8 × 0.7 cm),Italic,,,,Men,,,,,,,Greek and Roman Art,Bronzes,,False,True,https://www.metmuseum.org/art/collection/search/246393,https://images.metmuseum.org/CRDImages/gr/original/969381.jpg,0,,,
252145,Seal,Seal,-2000–-1450,,,,Glass,Other: 1/2 x 3/16 in. (1.3 x 0.5 cm),"Minoan, Crete",,,,,,,,,,,Greek and Roman Art,Gems,,False,True,https://www.metmuseum.org/art/collection/search/252145,https://images.metmuseum.org/CRDImages/gr/original/DP113787.jpg,1,,,
240537,Jug,Jug,750–600 BCE,Cypro-Archaic I,,,Terracotta,4 5/8in. (11.8cm),Cypriot,,,,,,,,,,,Greek and Roman Art,Vases,,False,True,https://www.metmuseum.org/art/collection/search/240537,https://images.metmuseum.org/CRDImages/gr/original/LC-74_51_948a.jpg,0,,,
669773,Terracotta fragment of a kylix (drinking cup),Kylix fragment,second quarter of the 5th century BCE,Classical,,,Terracotta,,"Greek, Attic",,,,,,,,,,,Greek and Roman Art,Vases,,False,True,https://www.metmuseum.org/art/collection/search/669773,https://images.metmuseum.org/CRDImages/gr/original/DVB00514_1_ff.jpg,1,,,
695711,Terracotta fragment of a kylix (drinking cup),Kylix fragment,490–470 BCE,Late Archaic/Early Classical,,,Terracotta,,"Greek, Attic",,,,,,,,,,,Greek and Roman Art,Vases,,False,True,https://www.metmuseum.org/art/collection/search/695711,https://images.metmuseum.org/CRDImages/gr/original/DVB04301_1_ff.jpg,1,,,
669588,Terracotta rim fragment of a kylix (drinking cup),Kylix fragment,490–480 BCE,Late Archaic,,,Terracotta,,"Greek, Attic",,,,,,,,,,,Greek and Roman Art,Vases,,False,True,https://www.metmuseum.org/art/collection/search/669588,https://images.metmuseum.org/CRDImages/gr/original/DVB00424_1_ff.jpg,1,,,
246413,Bronze statuette of Venus,Statuette of Aphrodite Anadyomene,ca. 1st–2nd century CE,Imperial,,,Bronze,H. 4 in. (10.2 cm),Roman,,,,Venus,,,,,,,Greek and Roman Art,Bronzes,,False,True,https://www.metmuseum.org/art/collection/search/246413,https://images.metmuseum.org/CRDImages/gr/original/DP20289.jpg,0,https://www.wikidata.org/wiki/Q116293341,,
250198,Vase fragment,Vase fragment,-670–330,,,,Terracotta,1 13/16 × 2 9/16 × 3/8 in. (4.6 × 6.6 × 0.9 cm),Roman,,,,,,,,,,,Greek and Roman Art,Vases,,False,True,https://www.metmuseum.org/art/collection/search/250198,https://images.metmuseum.org/CRDImages/gr/original/sf171941715.jpg,0,,,
252950,Bronze spur,Horse spur,-670–330,Imperial,,,Bronze,Other: 2 3/8 in. (6 cm),Roman or later,,,,,,,,,,,Greek and Roman Art,Bronzes,,False,True,https://www.metmuseum.org/art/collection/search/252950,https://images.metmuseum.org/CRDImages/gr/original/DP20674.jpg,0,https://www.wikidata.org/wiki/Q116242139,,
245987,"Fibula, bow-shaped","Fibula, bow-shaped",-900–-100,,,,Gold,Other: 1/2 × 1/4 × 1 13/16 in. (1.3 × 0.6 × 4.6 cm),Italic,,,,,,,,,,,Greek and Roman Art,Gold and Silver,,False,True,https://www.metmuseum.org/art/collection/search/245987,https://images.metmuseum.org/CRDImages/gr/original/sf9515239.jpg,0,,,
250177,Vase fragment,Vase fragment,-670–330,,,,Terracotta,2 3/8in. (6cm),Roman,,,,,,,,,,,Greek and Roman Art,Vases,,False,True,https://www.metmuseum.org/art/collection/search/250177,https://images.metmuseum.org/CRDImages/gr/original/sf171941690.jpg,0,,,
249818,Glass alabastron (perfume bottle),Alabastron,4th–3rd century BCE,Late Classical or Hellenistic,,,Glass,H.: 1 in. (2.5 cm),Eastern Mediterranean or Italian,,,,,,,,,,,Greek and Roman Art,Glass,,False,True,https://www.metmuseum.org/art/collection/search/249818,https://images.metmuseum.org/CRDImages/gr/original/DP153940.jpg,0,https://www.wikidata.org/wiki/Q116293629,,
246314,Fibula,Fibula,9th–6th century BCE,Iron Age or later,,,Bronze,Other: 1 3/16 in. (3 cm),Italic,,,,,,,,,,,Greek and Roman Art,Bronzes,,False,True,https://www.metmuseum.org/art/collection/search/246314,https://images.metmuseum.org/CRDImages/gr/original/DP20194.jpg,0,,,
772440,Terracotta fragment of a bowl?,Bowl fragment?,6th–4th centuries BCE,,,,Terracotta,,Unknown fabric,,,,,,,,,,,Greek and Roman Art,Vases,,False,True,https://www.metmuseum.org/art/collection/search/772440,https://images.metmuseum.org/CRDImages/gr/original/DVB15335_1_ff.jpg,1,,,
704325,Terracotta fragment of a kylix (drinking cup),Kylix fragment,late 6th century/early 5th century,Archaic,,,Terracotta,,"Greek, Attic",,,,,Skythes,Artist,,,,,Greek and Roman Art,Vases,,False,True,https://www.metmuseum.org/art/collection/search/704325,https://images.metmuseum.org/CRDImages/gr/original/DVB06303_1_ff.jpg,1,,https://www.wikidata.org/wiki/Q1297344,http://vocab.getty.edu/page/ulan/500128015
250201,Vase fragment,Vase fragment,-670–330,,,,Terracotta,1 13/16 × 1 1/2 × 3/4 in. (4.6 × 3.8 × 1.8 cm),Roman,,,,,,,,,,,Greek and Roman Art,Vases,,False,True,https://www.metmuseum.org/art/collection/search/250201,https://images.metmuseum.org/CRDImages/gr/original/sf171941720.jpg,0,,,
745372,Terracotta fragment of an amphora (jar)?,Amphora fragment?,third quarter of the 6th century BCE,Archaic,,,Terracotta,,"Greek, Attic",,,,,,,,,,,Greek and Roman Art,Vases,,False,True,https://www.metmuseum.org/art/collection/search/745372,https://images.metmuseum.org/CRDImages/gr/original/DVB11358_1_ff.jpg,1,,,
733138,Terracotta fragment of a calyx-krater (bowl for mixing wine and water),Calyx-krater fragment,450–440 BCE,Classical,,,Terracotta,,"Greek, Attic",,,,,,,,,,,Greek and Roman Art,Vases,,False,True,https://www.metmuseum.org/art/collection/search/733138,https://images.metmuseum.org/CRDImages/gr/original/DVB09882_1_ff.jpg,1,,,
246907,Bronze batillum (incense shovel),Shovel,late 1st–early 2nd century CE,Mid-Imperial,,,Bronze,L. 10 in. (25.4 cm),Roman,,,,,,,,,,,Greek and Roman Art,Bronzes,,False,True,https://www.metmuseum.org/art/collection/search/246907,https://images.metmuseum.org/CRDImages/gr/original/DP20384.jpg,0,https://www.wikidata.org/wiki/Q116297210,,
248179,Terracotta Nolan neck-amphora (jar),Nolan neck-amphora with triple handles,ca. 480–470 BCE,Classical,,,Terracotta,"H. 13 in. (33 cm)
diameter  7 9/16 in. (19.2 cm)","Greek, Attic",,,,Musical Instruments|Satyrs,Oionokles Painter,Artist,,,,,Greek and Roman Art,Vases,,False,True,https://www.metmuseum.org/art/collection/search/248179,https://images.metmuseum.org/CRDImages/gr/original/DP117029.jpg,1,https://www.wikidata.org/wiki/Q116292995,https://www.wikidata.org/wiki/Q17422953,http://vocab.getty.edu/page/ulan/500005475
696177,Terracotta fragment of a kylix (drinking cup),Kylix fragment,mid-5th century BCE,Classical,,,Terracotta,,"Greek, Attic",,,,,,,,,,,Greek and Roman Art,Vases,,False,True,https://www.metmuseum.org/art/collection/search/696177,https://images.metmuseum.org/CRDImages/gr/original/DVB04732_1_ff.jpg,1,,,
244011,Miniature alabaster amphora (jar),Amphora,late 4th–3rd century BCE,Hellenistic,,,Gypsum (alabaster),H. 2 5/8 (6.7 cm);  Diam. 1 11/16 in. (4.3 cm),Cypriot,,,,,,,,,,,Greek and Roman Art,Miscellaneous-Stone Vases,,False,True,https://www.metmuseum.org/art/collection/search/244011,https://images.metmuseum.org/CRDImages/gr/original/DP149719.jpg,0,,,
243829,Silver bowl,Bowl with birds,6th century BCE,Late Archaic–Classical,,,Silver,"H. 2 1/8 in. (5.4 cm)
diameter  4 1/16 in. (10.3 cm)",Cypriot,,,,Birds,,,,,,,Greek and Roman Art,Gold and Silver,,False,True,https://www.metmuseum.org/art/collection/search/243829,https://images.metmuseum.org/CRDImages/gr/original/GR250_74.51.4562.jpg,0,https://www.wikidata.org/wiki/Q116288998,,
249108,Terracotta chalice,Cup,ca. 575–550 BCE,,,,Terracotta,H. 7 in. (17.8 cm); diameter of mouth  5 1/4 in. (13.4 cm),Etruscan,,,,Rams,,,,,,,Greek and Roman Art,Vases,,False,True,https://www.metmuseum.org/art/collection/search/249108,https://images.metmuseum.org/CRDImages/gr/original/DP245780.jpg,0,https://www.wikidata.org/wiki/Q116291716,,
245586,Glass mosaic fragment,"Fragment, mosaic",late 1st century BCE–early 1st century CE,Early Imperial,,,Glass,Other: 1 1/8 x 1/2 in. (2.9 x 1.2 cm),Roman,,,,,,,,,,,Greek and Roman Art,Glass,,False,True,https://www.metmuseum.org/art/collection/search/245586,https://images.metmuseum.org/CRDImages/gr/original/DP22004.jpg,1,,,
254328,Terracotta aryballos (oil flask),Aryballos,ca. 575–550 BCE,Late Corinthian,,,Terracotta,H. 2 3/16 in. (5.6 cm),"Greek, Corinthian",,,,Soldiers,,,,,,,Greek and Roman Art,Vases,,False,True,https://www.metmuseum.org/art/collection/search/254328,https://images.metmuseum.org/CRDImages/gr/original/DP119931.jpg,0,https://www.wikidata.org/wiki/Q116288169,,
696065,Terracotta fragment of a kylix (drinking cup),Kylix fragment,490–470 BCE,Late Archaic/Early Classical,,,Terracotta,,"Greek, Attic",,,,,,,,,,,Greek and Roman Art,Vases,,False,True,https://www.metmuseum.org/art/collection/search/696065,https://images.metmuseum.org/CRDImages/gr/original/DVB04550_1_ff.jpg,1,,,
728919,Terracotta fragment of a column-krater (bowl for mixing wine and water),Column-krater fragment,460–440 BCE,Classical,,,Terracotta,,"Greek, Attic",,,,,,,,,,,Greek and Roman Art,Vases,,False,True,https://www.metmuseum.org/art/collection/search/728919,https://images.metmuseum.org/CRDImages/gr/original/DVB08931_1_ff.jpg,1,,,
692012,Terracotta fragment of a kylix (drinking cup),Kylix fragment,500–480 BCE,Archaic,,,Terracotta,,"Greek, Attic",,,,,,,,,,,Greek and Roman Art,Vases,,False,True,https://www.metmuseum.org/art/collection/search/692012,https://images.metmuseum.org/CRDImages/gr/original/DVB03057_1_ff.jpg,1,,,
242537,Spirals,Spirals,-3900–100,,,,Gold,Diameter: 7/16 x 1/16 in. (1.1 x 0.1 cm),Cypriot,,,,,,,,,,,Greek and Roman Art,Gold and Silver,,False,True,https://www.metmuseum.org/art/collection/search/242537,https://images.metmuseum.org/CRDImages/gr/original/sf74513104.jpg,0,,,
733428,Terracotta fragment of an oinochoe (jug),Oinochoe fragment,475–425 BCE,Classical,,,Terracotta,,"Greek, Attic",,,,,,,,,,,Greek and Roman Art,Vases,,False,True,https://www.metmuseum.org/art/collection/search/733428,https://images.metmuseum.org/CRDImages/gr/original/DVB10014_1_ff.jpg,1,,,
250849,Volute-krater fragment,Volute-krater fragment,4th century BCE,Late Classical,,,Terracotta,3 3/16 x 3 1/4in. (8.1 x 8.3cm),"Greek, South Italian, Apulian",,,,,,,,,,,Greek and Roman Art,Vases,,False,True,https://www.metmuseum.org/art/collection/search/250849,https://images.metmuseum.org/CRDImages/gr/original/Lc-19_192_81_41 .jpg,0,,,
249225,Terracotta amphora (jar),Amphora,1st half of 1st century CE,"Early Imperial, Julio-Claudian",,,Terracotta,H. 10 3/8 in. (26.4 cm); diameter of body  5 1/2 in. (14 cm),Roman,,,,,,,,,,,Greek and Roman Art,Vases,,False,True,https://www.metmuseum.org/art/collection/search/249225,https://images.metmuseum.org/CRDImages/gr/original/DP107086.jpg,0,https://www.wikidata.org/wiki/Q116290252,,
240788,Juglet,Juglet,2500–1900 BCE,Early Cypriot,,,Terracotta,5 1/8in. (13cm),Cypriot,,,,,,,,,,,Greek and Roman Art,Vases,,False,True,https://www.metmuseum.org/art/collection/search/240788,https://images.metmuseum.org/CRDImages/gr/original/LC-74_51_1201.jpg,0,,,
242522,Silver spiral,Earring or spiral,ca. 1600–1050 BCE,Late Bronze Age,,,Silver,"1 1/2 in., 0.37oz. (3.8 cm, 10.478g)",Cypriot,,,,,,,,,,,Greek and Roman Art,Gold and Silver,,False,True,https://www.metmuseum.org/art/collection/search/242522,https://images.metmuseum.org/CRDImages/gr/original/DP121246.jpg,0,https://www.wikidata.org/wiki/Q116293684,,
776309,Terracotta fragments of a kylix (drinking cup),Kylix fragments,5th century BCE,Archaic/Classical,,,Terracotta,,"Greek, Attic",,,,,,,,,,,Greek and Roman Art,Vases,,False,True,https://www.metmuseum.org/art/collection/search/776309,https://images.metmuseum.org/CRDImages/gr/original/DVB16325_01_ff.jpg,1,,,
772636,Terracotta rim fragment of a kalathos?,Kalathos fragment?,late 6th/early 5th centuries BCE,Archaic/Classical,,,Terracotta,,"Greek, Attic",,,,,,,,,,,Greek and Roman Art,Vases,,False,True,https://www.metmuseum.org/art/collection/search/772636,https://images.metmuseum.org/CRDImages/gr/original/DVB16058_1_ff.jpg,1,,,
241693,Terracotta oil lamp,Lamp,3rd century CE,Late Imperial,,,Terracotta,Overall: 1 3/8 x 3 1/2 in. (3.5 x 8.9 cm),Roman,,,,,,,,,,,Greek and Roman Art,Terracottas,,False,True,https://www.metmuseum.org/art/collection/search/241693,https://images.metmuseum.org/CRDImages/gr/original/DP-22527-271.jpg,1,,,
709958,Terracotta fragment of a kylix (drinking cup),Kylix fragment,490–480 BCE,Late Archaic,,,Terracotta,,"Greek, Attic",,,,,Antiphon Painter,Artist,,,,,Greek and Roman Art,Vases,,False,True,https://www.metmuseum.org/art/collection/search/709958,https://images.metmuseum.org/CRDImages/gr/original/DVB06651_1_ff.jpg,1,,https://www.wikidata.org/wiki/Q116616,http://vocab.getty.edu/page/ulan/500000073
252887,Marble head of a philosopher,Head of a Greek philosopher,1st or 2nd century CE,Imperial,,,"Marble, Pentelic",H. 12 13/16 in. (32.5 cm),Roman,,,,Heads|Men,,,,,,,Greek and Roman Art,Stone Sculpture,,False,True,https://www.metmuseum.org/art/collection/search/252887,https://images.metmuseum.org/CRDImages/gr/original/DP331288.jpg,5,https://www.wikidata.org/wiki/Q116378743,,
240587,Amphora,Amphora,750–600 BCE,Cypro-Archaic I,,,Terracotta,23 7/16in. (59.6cm),Cypriot,,,,,,,,,,,Greek and Roman Art,Vases,,False,True,https://www.metmuseum.org/art/collection/search/240587,https://images.metmuseum.org/CRDImages/gr/original/LC-74_51_1000.jpg,0,,,
248166,Terracotta statuette of a standing woman,Statuette of standing draped woman,late 4th–early 3rd century BCE,Classical,,,Terracotta,H. 6 7/16 in. (16.4 cm),"Greek, probably Boeotian",,,,Women,,,,,,,Greek and Roman Art,Terracottas,,False,True,https://www.metmuseum.org/art/collection/search/248166,https://images.metmuseum.org/CRDImages/gr/original/DT284.jpg,0,https://www.wikidata.org/wiki/Q116293026,,
249909,"Beads, 5","Beads, 5",-7000–330,,,,Glass,Other: 1 3/8 x 3/8 in. (3.6 x 1 cm),,,,,,,,,,,,Greek and Roman Art,Glass,,False,True,https://www.metmuseum.org/art/collection/search/249909,https://images.metmuseum.org/CRDImages/gr/original/sf17194676color.jpg,0,,,
256603,Pelike,Pelike,ca. 400 BCE,Classical,,,Terracotta,"9 1/2 × 6 5/8 in. (24.1 × 16.8 cm)
Diam. of rim: 6 1/8 in. (15.5 cm)
Diam. of foot: 4 5/16 in. (11 cm)","Greek, Attic",,,,Animals|Eros|Maenads|Panthers,Black Thyrsus Painter,Artist,,,,,Greek and Roman Art,Vases,,False,True,https://www.metmuseum.org/art/collection/search/256603,https://images.metmuseum.org/CRDImages/gr/original/sfx2120f.jpg,1,,https://www.wikidata.org/wiki/Q38007257,http://vocab.getty.edu/page/ulan/500064219
668557,Terracotta rim fragment of a kylix (drinking cup),Kylix fragment,mid-5th century BCE,Classical,,,Terracotta,,"Greek, Attic",,,,,,,,,,,Greek and Roman Art,Vases,,False,True,https://www.metmuseum.org/art/collection/search/668557,https://images.metmuseum.org/CRDImages/gr/original/DVB00273_1_ff.jpg,1,,,
244897,Agate ring stone,Intaglio,3rd–2nd century BCE,Hellenistic,,,Agate,Length: 1/2 in. (1.3 cm),Italic,,,,Men|Working,,,,,,,Greek and Roman Art,Gems,,False,True,https://www.metmuseum.org/art/collection/search/244897,https://images.metmuseum.org/CRDImages/gr/original/DP141693.jpg,2,https://www.wikidata.org/wiki/Q116297435,,
251175,Bronze cista (toiletries box),Cista with lid,ca. 350–325 BCE,Late Classical,,,Bronze,H. 23 in. (58.4 cm),Praenestine,,,,Battles|Trojan War|Men|Griffins|Horses|Chariots,,,,,,,Greek and Roman Art,Bronzes,,False,True,https://www.metmuseum.org/art/collection/search/251175,https://images.metmuseum.org/CRDImages/gr/original/DP106559.jpg,2,https://www.wikidata.org/wiki/Q116289767,,
671131,Terracotta fragment of a kylix (drinking cup),Kylix fragment,second quarter of the 5th century BCE,Classical,,,Terracotta,,"Greek, Attic",,,,,,,,,,,Greek and Roman Art,Vases,,False,True,https://www.metmuseum.org/art/collection/search/671131,https://images.metmuseum.org/CRDImages/gr/original/DVB00984_1_ff.jpg,1,,,
646262,Gilt silver kylix,Kylix,late fifth century BCE,Classical period,,,Silver-gilt,"Width: 8 13/16 in. (22.4 cm)
Height: 1 3/4 in. (4.4 cm)
Other: 14.284oz. (404.99g)",Greek,,,,Monsters|Dogs|Fish,,,,,,,Greek and Roman Art,Gold and Silver,,False,True,https://www.metmuseum.org/art/collection/search/646262,https://images.metmuseum.org/CRDImages/gr/original/DP366340.jpg,1,https://www.wikidata.org/wiki/Q116298673,,
241721,Terracotta oil lamp,Lamp,1st half of 1st century CE,Early Imperial,,,Terracotta,Overall: 1 x 3 3/4 in. (2.5 x 9.5 cm),"Roman, Cypriot",,,,Men|Gladiators,,,,,,,Greek and Roman Art,Terracottas,,False,True,https://www.metmuseum.org/art/collection/search/241721,https://images.metmuseum.org/CRDImages/gr/original/DP-23702-012.jpg,2,,,
740448,Terracotta fragments of pots; glazed on the inside,Pot fragments,6th/5th centuries BCE,Archaic/Classical,,,Terracotta,,"Greek, Attic",,,,,,,,,,,Greek and Roman Art,Vases,,False,True,https://www.metmuseum.org/art/collection/search/740448,https://images.metmuseum.org/CRDImages/gr/original/DVB11052_1_ff.jpg,1,,,
239761,Glass perfume bottle,Perfume bottle,1st century CE,Early Imperial,,,Glass,"2in. (5.1cm)
Other: 1 5/16 in. (3.3 cm)
Diam. of rim: 11/16 in. (1.7 cm)",Roman,,,,,,,,,,,Greek and Roman Art,Glass,,False,True,https://www.metmuseum.org/art/collection/search/239761,https://images.metmuseum.org/CRDImages/gr/original/DP108892.jpg,0,,,
245795,Glass jug,Jug,3rd–4th century CE,Late Imperial,,,Glass,H.: 7 11/16 in. (19.5 cm),Roman,,,,,,,,,,,Greek and Roman Art,Glass,,False,True,https://www.metmuseum.org/art/collection/search/245795,https://images.metmuseum.org/CRDImages/gr/original/LC-91_1_1411-36.jpg,0,,,
713959,Terracotta fragment of a kylix (drinking cup),Kylix fragment,500–480 BCE,Archaic,,,Terracotta,,"Greek, Attic",,,,,Makron,Artist,,,,,Greek and Roman Art,Vases,,False,True,https://www.metmuseum.org/art/collection/search/713959,https://images.metmuseum.org/CRDImages/gr/original/DVB07747_1_ff.jpg,1,,https://www.wikidata.org/wiki/Q427706,http://vocab.getty.edu/page/ulan/500008500
753468,Terracotta fragment of a kylix: Band cup (drinking cup),Kylix fragment,third quarter of the 6th century BCE,Archaic,,,Terracotta,,"Greek, Attic",,,,,,,,,,,Greek and Roman Art,Vases,,False,True,https://www.metmuseum.org/art/collection/search/753468,https://images.metmuseum.org/CRDImages/gr/original/DVB12651_1_ff.jpg,1,,,
248680,Fragment of a terracotta bell-krater (bowl for mixing wine and water),Bell-krater fragment,ca. 450–440 BCE,Classical,,,Terracotta,Overall: 11 1/4 x 9 3/8in. (28.6 x 23.8cm),"Greek, Attic",,,,Male Nudes|Athletes,Group of Polygnotos,Artist,,,,,Greek and Roman Art,Vases,,False,True,https://www.metmuseum.org/art/collection/search/248680,https://images.metmuseum.org/CRDImages/gr/original/DP115802.jpg,0,https://www.wikidata.org/wiki/Q116288234,,
257378,Glass mosaic ribbed bowl fragment,"Fragment, mosaic ribbed bowl",late 1st century BCE–early 1st century CE,Early Imperial,,,Glass,Other: 1 5/16 x 1 1/8 in. (3.3 x 2.8 cm),Roman,,,,,,,,,,,Greek and Roman Art,Glass,,False,True,https://www.metmuseum.org/art/collection/search/257378,https://images.metmuseum.org/CRDImages/gr/original/sf9112039b.jpg,0,,,
718943,Terracotta rim fragment of a kylix (drinking cup),Kylix fragment,460–450 BCE,Classical,,,Terracotta,,"Greek, Attic",,,,,,,,,,,Greek and Roman Art,Vases,,False,True,https://www.metmuseum.org/art/collection/search/718943,https://images.metmuseum.org/CRDImages/gr/original/DVB08046_1_ff.jpg,1,,,
733634,Terracotta fragment from an open shape,,5th/4th century BCE,Archaic/Classical,,,Terracotta,,"Greek, Attic",,,,,,,,,,,Greek and Roman Art,Vases,,False,True,https://www.metmuseum.org/art/collection/search/733634,https://images.metmuseum.org/CRDImages/gr/original/DVB10103_1_ff.jpg,1,,,
737537,Terracotta fragment of a kylix (drinking cup)?,Kylix fragment,6th/5th centuries,Archaic/Classical,,,Terracotta,,"Greek, Attic",,,,,,,,,,,Greek and Roman Art,Vases,,False,True,https://www.metmuseum.org/art/collection/search/737537,https://images.metmuseum.org/CRDImages/gr/original/DVB08692_1_ff.jpg,1,,,
693472,Terracotta fragments of kylikes (drinking cups),Kylix fragments,second quarter of the 5th century BCE,Classical,,,Terracotta,,"Greek, Attic",,,,,,,,,,,Greek and Roman Art,Vases,,False,True,https://www.metmuseum.org/art/collection/search/693472,https://images.metmuseum.org/CRDImages/gr/original/DVB03244_1_ff.jpg,1,,,
250098,Terracotta jar with barbotine decoration,Bowl,2nd century CE,,,,Terracotta,H. 5 3/4 in. (14.6 cm); diameter  6 1/16 in. (15.5 cm),Roman,,,,,,,,,,,Greek and Roman Art,Vases,,False,True,https://www.metmuseum.org/art/collection/search/250098,https://images.metmuseum.org/CRDImages/gr/original/DP1282.jpg,0,https://www.wikidata.org/wiki/Q116288958,,
668550,Terracotta fragments of a kylix (drinking cup),Kylix fragments,second quarter 5th century BCE,Classical,,,Terracotta,,"Greek, Attic",,,,,,,,,,,Greek and Roman Art,Vases,,False,True,https://www.metmuseum.org/art/collection/search/668550,https://images.metmuseum.org/CRDImages/gr/original/DVB00636_1_ff.jpg,1,,,
764435,Terracotta fragment of a kylix (drinking cup),Kylix fragment,510–500 BCE,Archaic,,,Terracotta,,"Greek, Attic",,,,,,,,,,,Greek and Roman Art,Vases,,False,True,https://www.metmuseum.org/art/collection/search/764435,https://images.metmuseum.org/CRDImages/gr/original/DVB14896_1_ff.jpg,1,,,
756228,Terracotta rim fragment of a kylix (drinking cup),Kylix fragment,500–480 BCE,Archaic,,,Terracotta,,"Greek, Attic",,,,,,,,,,,Greek and Roman Art,Vases,,False,True,https://www.metmuseum.org/art/collection/search/756228,https://images.metmuseum.org/CRDImages/gr/original/DVB13077_1_ff.jpg,1,,,
753081,Terracotta fragment of a kylix: Band cup (drinking cup),Kylix fragment,mid-6th century BCE,Archaic,,,Terracotta,,"Greek, Attic",,,,,,,,,,,Greek and Roman Art,Vases,,False,True,https://www.metmuseum.org/art/collection/search/753081,https://images.metmuseum.org/CRDImages/gr/original/DVB12737_1_ff.jpg,1,,,
703829,Terracotta rim fragment of a kylix: eye-cup  (drinking cup),"Kylix fragment, eye-cup",525–510 BCE,Archaic,,,Terracotta,,"Greek, Attic",,,,,,,,,,,Greek and Roman Art,Vases,,False,True,https://www.metmuseum.org/art/collection/search/703829,https://images.metmuseum.org/CRDImages/gr/original/DVB05977_2_ff.jpg,1,,,
691940,Terracotta fragment of a kylix (drinking cup),Kylix fragment,second quarter of the 5th century BCE,Classical,,,Terracotta,,"Greek, Attic",,,,,,,,,,,Greek and Roman Art,Vases,,False,True,https://www.metmuseum.org/art/collection/search/691940,https://images.metmuseum.org/CRDImages/gr/original/DVB03538_1_ff.jpg,1,,,
253088,Glass amphoriskos (perfume bottle),Amphoriskos,4th–3rd century BCE,Late Classical or Hellenistic,,,Glass,H.: 4 3/8 in. (11.1 cm),"Greek, Eastern Mediterranean or Italian",,,,,,,,,,,Greek and Roman Art,Glass,,False,True,https://www.metmuseum.org/art/collection/search/253088,https://images.metmuseum.org/CRDImages/gr/original/DP151249.jpg,0,,,
245614,Terracotta skyphos (deep drinking cup),Skyphos,ca. 500 BCE,Late Archaic,,,Terracotta,Other: 4 1/8 x 6 7/8 in. (10.5 x 17.5 cm),"Greek, Attic",,,,Satyrs,Haimon Painter,Artist,,,,,Greek and Roman Art,Vases,,False,True,https://www.metmuseum.org/art/collection/search/245614,https://images.metmuseum.org/CRDImages/gr/original/DP119397.jpg,0,https://www.wikidata.org/wiki/Q116290054,https://www.wikidata.org/wiki/Q1321820,http://vocab.getty.edu/page/ulan/500100358
695832,Terracotta rim fragments of kylikes (drinking cups),Kylix fragments,first quarter of the 5th century BCE,Archaic,,,Terracotta,,"Greek, Attic",,,,,,,,,,,Greek and Roman Art,Vases,,False,True,https://www.metmuseum.org/art/collection/search/695832,https://images.metmuseum.org/CRDImages/gr/original/DVB04843_2_ff.jpg,1,,,
695817,Terracotta fragment of a kylix (drinking cup),Kylix fragment,first half of the 5th century BCE,Archaic/Classical,,,Terracotta,,"Greek, Attic",,,,,,,,,,,Greek and Roman Art,Vases,,False,True,https://www.metmuseum.org/art/collection/search/695817,https://images.metmuseum.org/CRDImages/gr/original/DVB04405_1_ff.jpg,1,,,
695884,Terracotta fragment of a kylix (drinking cup),Kylix fragment,first half of the 5th century BCE,Archaic/Classical,,,Terracotta,,"Greek, Attic",,,,,,,,,,,Greek and Roman Art,Vases,,False,True,https://www.metmuseum.org/art/collection/search/695884,https://images.metmuseum.org/CRDImages/gr/original/DVB04350_1_ff.jpg,1,,,
252276,Steatite Lentoid,"Seal, lentoid",ca. 1400–1200 BCE,Late Minoan III,,,Steatite,Overall: 1 1/16 x 1 in. (2.7 x 2.6 cm),Minoan,,,,,,,,,,,Greek and Roman Art,Gems,,False,True,https://www.metmuseum.org/art/collection/search/252276,https://images.metmuseum.org/CRDImages/gr/original/DP-31753-001.jpg,0,https://www.wikidata.org/wiki/Q116403972,,
251334,Vase fragment,Vase fragment,-7000–-3000,,,,Terracotta,11/16 × 1 × 1/4 in. (1.7 × 2.5 × 0.7 cm),Neolithic,,,,,,,,,,,Greek and Roman Art,Vases,,False,True,https://www.metmuseum.org/art/collection/search/251334,https://images.metmuseum.org/CRDImages/gr/original/DP21398.jpg,0,,,
729092,Terracotta fragment of a column-krater (bowl for mixing wine and water),Column-krater fragment,470–450 BCE,Classical,,,Terracotta,,"Greek, Attic",,,,,,,,,,,Greek and Roman Art,Vases,,False,True,https://www.metmuseum.org/art/collection/search/729092,https://images.metmuseum.org/CRDImages/gr/original/DVB08916_1_ff.jpg,1,,,
243517,Gold ring with inscribed bezel,"Ring, motto",2nd–3rd century CE,Imperial,,,Gold,Other: 1/2 x 1/4 x 9/16 in. (1.2 x 0.6 x 1.5 cm),Roman,,,,,,,,,,,Greek and Roman Art,Gems,,False,True,https://www.metmuseum.org/art/collection/search/243517,https://images.metmuseum.org/CRDImages/gr/original/sf74514105.jpg,0,,,
253770,Agate scarab,Scarab,450–400 BCE,Classical,,,Banded agate,H.: 3/4 x 5/8 in. (1.9 x 1.6 cm),Etruscan,,,,Men|Scarabs,,,,,,,Greek and Roman Art,Gems,,False,True,https://www.metmuseum.org/art/collection/search/253770,https://images.metmuseum.org/CRDImages/gr/original/DP138692.jpg,2,https://www.wikidata.org/wiki/Q116289851,,
745174,Terracotta fragments of an amphora (jar),Amphora fragments,540–520 BCE,Archaic,,,Terracotta,,"Greek, Attic",,,,,,,,,,,Greek and Roman Art,Vases,,False,True,https://www.metmuseum.org/art/collection/search/745174,https://images.metmuseum.org/CRDImages/gr/original/DVB11422_1_ff.jpg,1,,,
243567,Gold ring with carnelian ring stone,Ring with carnelian,5th century BCE,Classical,,,"Gold, sard",Other: 1 1/16 in. (2.7 cm),Greek,,,,,,,,,,,Greek and Roman Art,Gold and Silver,,False,True,https://www.metmuseum.org/art/collection/search/243567,https://images.metmuseum.org/CRDImages/gr/original/DP135918.jpg,0,https://www.wikidata.org/wiki/Q116290677,,
241618,Terracotta oil lamp,Lamp,1st century BCE–1st century CE,Early Imperial,,,Terracotta,Overall: 2 1/4 x 5 5/8 in. (5.7 x 14.3 cm),Roman,,,,,,,,,,,Greek and Roman Art,Terracottas,,False,True,https://www.metmuseum.org/art/collection/search/241618,https://images.metmuseum.org/CRDImages/gr/original/DP-18844-036.jpg,0,,,
764502,Terracotta rim fragment of a kylix (drinking cup)?,Kylix fragment?,6th/5th centuries BCE,Archaic /Classical,,,Terracotta,,"Greek, Attic",,,,,,,,,,,Greek and Roman Art,Vases,,False,True,https://www.metmuseum.org/art/collection/search/764502,https://images.metmuseum.org/CRDImages/gr/original/DVB14962_1_ff.jpg,1,,,
772241,Terracotta rim fragment of a kylix (drinking cup),Kylix fragment; lipped inside,6th/5th centuries BCE,Archaic/Classical,,,Terracotta,,"Greek, Attic",,,,,,,,,,,Greek and Roman Art,Vases,,False,True,https://www.metmuseum.org/art/collection/search/772241,https://images.metmuseum.org/CRDImages/gr/original/DVB15254_1_ff.jpg,1,,,
768217,Terracotta fragment of an amphora (jar)?,Amphora fragment?,late 6th/early 5th centuries BCE,Archaic,,,Terracotta,,"Greek, Attic",,,,,,,,,,,Greek and Roman Art,Vases,,False,True,https://www.metmuseum.org/art/collection/search/768217,https://images.metmuseum.org/CRDImages/gr/original/DVB14571_1_ff.jpg,1,,,
753121,Terracotta fragment of a kylix: Band cup (drinking cup),Kylix fragment,third quarter of the 6th century BCE,Archaic,,,Terracotta,,"Greek, Attic",,,,,,,,,,,Greek and Roman Art,Vases,,False,True,https://www.metmuseum.org/art/collection/search/753121,https://images.metmuseum.org/CRDImages/gr/original/DVB12748_1_ff.jpg,1,,,
693269,Terracotta fragments of kylikes (drinking cups),Kylix fragments,second quarter of the 5th century BCE,Classical,,,Terracotta,,"Greek, Attic",,,,,,,,,,,Greek and Roman Art,Vases,,False,True,https://www.metmuseum.org/art/collection/search/693269,https://images.metmuseum.org/CRDImages/gr/original/DVB03722_1_ff.jpg,1,,,
699321,Terracotta fragment of a kylix (drinking cup),Kylix fragment,second quarter of the 5th century BCE,Classical,,,Terracotta,,"Greek, Attic",,,,,,,,,,,Greek and Roman Art,Vases,,False,True,https://www.metmuseum.org/art/collection/search/699321,https://images.metmuseum.org/CRDImages/gr/original/DVB04958_1_ff.jpg,1,,,
728635,Terracotta fragment of a pelike (jar),Pelike fragment,470–450 BCE,Classical,,,Terracotta,,"Greek, Attic",,,,,,,,,,,Greek and Roman Art,Vases,,False,True,https://www.metmuseum.org/art/collection/search/728635,https://images.metmuseum.org/CRDImages/gr/original/DVB09473_1_ff.jpg,1,,,
689567,Terracotta fragment of a kylix (drinking cup),Kylix fragment,first half of the 5th century BCE,Archaic/Classical,,,Terracotta,,"Greek, Attic",,,,,,,,,,,Greek and Roman Art,Vases,,False,True,https://www.metmuseum.org/art/collection/search/689567,https://images.metmuseum.org/CRDImages/gr/original/DVB02812_1_ff.jpg,1,,,
719010,Terracotta fragment of a kylix (drinking cup),Kylix fragment,460–450 BCE,Classical,,,Terracotta,,"Greek, Attic",,,,,Veii Painter,Artist,,,,,Greek and Roman Art,Vases,,False,True,https://www.metmuseum.org/art/collection/search/719010,https://images.metmuseum.org/CRDImages/gr/original/DVB08176_1_ff.jpg,1,,,http://vocab.getty.edu/page/ulan/500064409
749896,Terracotta fragment of a column-krater (bowl for mixing wine and water),Column-krater fragment,last quarter of the 6th century BCE,Archaic,,,Terracotta,,"Greek, Attic",,,,,,,,,,,Greek and Roman Art,Vases,,False,True,https://www.metmuseum.org/art/collection/search/749896,https://images.metmuseum.org/CRDImages/gr/original/DVB11675_1_ff.jpg,1,,,
242235,Limestone statuette of a boy,Statuette of a votary,3rd quarter of the 5th century BCE,Classical,,,Limestone,"WebPub GR 2012 Cesnola: 11 1/8 × 3 1/2 × 2 1/8 in., 1 lb. (28.3 × 8.9 × 5.4 cm, 0.5 kg)",Cypriot,,,,Boys,,,,,,,Greek and Roman Art,Stone Sculpture,,False,True,https://www.metmuseum.org/art/collection/search/242235,https://images.metmuseum.org/CRDImages/gr/original/DP-40409-001.jpg,2,,,
764447,Terracotta fragment of a stemless kylix (drinking cup)?,Kylix fragment,470–450 BCE,Classical,,,Terracotta,,"Greek, Attic",,,,,,,,,,,Greek and Roman Art,Vases,,False,True,https://www.metmuseum.org/art/collection/search/764447,https://images.metmuseum.org/CRDImages/gr/original/DVB14891_1_ff.jpg,1,,,
241341,Horse and rider,Statuette of a warrior on horse,4th–3rd century BCE,Cypro-Classical II–Early Hellenistic,,,Terracotta,H. 6 3/4 in. (17.1 cm),Cypriot,,,,Human Figures|Horses,,,,,,,Greek and Roman Art,Terracottas,,False,True,https://www.metmuseum.org/art/collection/search/241341,https://images.metmuseum.org/CRDImages/gr/original/DP101888.jpg,0,,,
243590,Ring with band settings,Ring with band settings,1st century BCE–3rd century CE,Imperial,,,"Silver, glass paste","Other: 7/8 × 1/8 × 1 5/16 in. (2.2 × 0.3 × 3.3 cm)
Other (pendant): 5/8 × 3/16 × 1 in. (1.6 × 0.5 × 2.5 cm)",Roman,,,,,,,,,,,Greek and Roman Art,Gold and Silver,,False,True,https://www.metmuseum.org/art/collection/search/243590,https://images.metmuseum.org/CRDImages/gr/original/sf74514177.jpg,0,,,
252152,Seal,Seal,-2000–-1450,,,,Glass,Other: 9/16 x 3/4 x 1/4 in. (1.4 x 1.9 x 0.7 cm),"Minoan, Crete",,,,,,,,,,,Greek and Roman Art,Gems,,False,True,https://www.metmuseum.org/art/collection/search/252152,https://images.metmuseum.org/CRDImages/gr/original/DP113804.jpg,2,,,
252984,Faience aryballos (oil flask) in the form of a hedgehog,Aryballos in the form of a hedgehog,6th century BCE,Archaic,,,Faience,H. as restored  2 1/4 in. (5.7 cm),East Greek,,,,Hedgehogs,,,,,,,Greek and Roman Art,Miscellaneous-Faience,,False,True,https://www.metmuseum.org/art/collection/search/252984,https://images.metmuseum.org/CRDImages/gr/original/DP114696.jpg,0,https://www.wikidata.org/wiki/Q116242110,,
241288,"Relief depicting a seated figure, probably Dionysos","Relief of a deity, male",2nd–1st century BCE,Late Hellenistic,,,Terracotta,2 15/16 x 2 3/8 in.  (7.5 x 6.0 cm),Cypriot,,,,Dionysus,,,,,,,Greek and Roman Art,Terracottas,,False,True,https://www.metmuseum.org/art/collection/search/241288,https://images.metmuseum.org/CRDImages/gr/original/DP101778  74.51.1733.jpg,0,,,
691756,Terracotta fragment of a kylix (drinking cup),Kylix fragment,first half of the 5th century BCE,Archaic/Classical,,,Terracotta,,"Greek, Attic",,,,,,,,,,,Greek and Roman Art,Vases,,False,True,https://www.metmuseum.org/art/collection/search/691756,https://images.metmuseum.org/CRDImages/gr/original/DVB03319_1_ff.jpg,1,,,
759732,Terracotta fragment of a kylix (drinking cup),Kylix fragment,490–480 BCE,Late Archaic,,,Terracotta,,"Greek, Attic",,,,,,,,,,,Greek and Roman Art,Vases,,False,True,https://www.metmuseum.org/art/collection/search/759732,https://images.metmuseum.org/CRDImages/gr/original/DVB13688_2_ff.jpg,1,,,
721477,Terracotta rim fragment of a kylix (drinking cup),Kylix fragment,last quarter of the 5th century BCE,Classical,,,Terracotta,,"Greek, Attic",,,,,,,,,,,Greek and Roman Art,Vases,,False,True,https://www.metmuseum.org/art/collection/search/721477,https://images.metmuseum.org/CRDImages/gr/original/DVB08353_1_ff.jpg,1,,,
246493,"Fibula, fragment","Fibula, fragment",7th–6th century BCE,Archaic,,,Amber,Diameter: 5/8 x 5/16 in. (1.5 x 0.9 cm),Etruscan,,,,,,,,,,,Greek and Roman Art,Miscellaneous-Amber,,False,True,https://www.metmuseum.org/art/collection/search/246493,https://images.metmuseum.org/CRDImages/gr/original/sf969499edited.jpg,0,,,
244583,Glass perfume bottle,Perfume bottle,1st century CE,Early Imperial,,,Glass,"Overall: 5 1/4 in. (13.3 cm)
Diam.: 2 1/4 x 15/16 in. (5.7 x 2.4 cm)",Roman,,,,,,,,,,,Greek and Roman Art,Glass,,False,True,https://www.metmuseum.org/art/collection/search/244583,https://images.metmuseum.org/CRDImages/gr/original/DP165154.jpg,0,,,
250043,Glass spindle whorl,Spindle whorl,ca. 1st–2nd century CE,Early to Mid Imperial,,,Glass,Height: 3/8 x 1 in. (0.9 x 2.6 cm),Roman,,,,,,,,,,,Greek and Roman Art,Glass,,False,True,https://www.metmuseum.org/art/collection/search/250043,https://images.metmuseum.org/CRDImages/gr/original/sf17194817color.jpg,0,,,
768628,Terracotta fragments of a kylix (drinking cup(,Kylix fragment,6th/5th centuries BCE,Archaic/Classical,,,Terracotta,,"Greek, Attic",,,,,,,,,,,Greek and Roman Art,Vases,,False,True,https://www.metmuseum.org/art/collection/search/768628,https://images.metmuseum.org/CRDImages/gr/original/DVB15225_1_ff.jpg,1,,,
254902,Terracotta pelike (jar),Pelike,ca. 470 BCE,Classical,,,Terracotta,H. 16 3/4 in. (42.6 cm); diameter of mouth  7 1/2 in. (19 cm); diameter of foot  8 3/16 in. (20.8 cm),"Greek, Attic",,,,Shields|Men|Women|Warriors,Altamura Painter,Artist,,,,,Greek and Roman Art,Vases,,False,True,https://www.metmuseum.org/art/collection/search/254902,https://images.metmuseum.org/CRDImages/gr/original/DP115276.jpg,1,https://www.wikidata.org/wiki/Q116289954,https://www.wikidata.org/wiki/Q4736137,http://vocab.getty.edu/page/ulan/500008380
248431,"Terracotta head of a man, possibly Dionysos","Head of a man, Dionysos?",4th century BCE,Classical,,,Terracotta,H. 4 in. (10.16 cm),"Greek, South Italian, Tarentine",,,,Heads|Dionysus,,,,,,,Greek and Roman Art,Terracottas,,False,True,https://www.metmuseum.org/art/collection/search/248431,https://images.metmuseum.org/CRDImages/gr/original/DP114324.jpg,0,https://www.wikidata.org/wiki/Q116289619,,
667632,Terracotta fragment of a kylix (drinking cup),Kylix fragment,second quarter of the 5th century BCE,Classical,,,Terracotta,,"Greek, Attic",,,,,,,,,,,Greek and Roman Art,Vases,,False,True,https://www.metmuseum.org/art/collection/search/667632,https://images.metmuseum.org/CRDImages/gr/original/DVB00127_1_ff.jpg,1,,,
241665,Terracotta oil lamp,Lamp,ca. 70–100 CE,"Early Imperial, Flavian",,,Terracotta,Overall: 1 1/4 x 3 7/8 in. (3.2 x 9.8 cm),Roman,,,,Eros,,,,,,,Greek and Roman Art,Terracottas,,False,True,https://www.metmuseum.org/art/collection/search/241665,https://images.metmuseum.org/CRDImages/gr/original/DP-22527-259.jpg,1,,,
718705,Terracotta fragment of a kylix (drinking cup),Kylix fragment,460–450 BCE,Classical,,,Terracotta,,"Greek, Attic",,,,,,,,,,,Greek and Roman Art,Vases,,False,True,https://www.metmuseum.org/art/collection/search/718705,https://images.metmuseum.org/CRDImages/gr/original/DVB07739_1_ff.jpg,1,,,
689354,Terracotta fragment of a kylix (drinking cup),Kylix fragment,520–500 BCE,Archaic,,,Terracotta,,"Greek, Attic",,,,,,,,,,,Greek and Roman Art,Vases,,False,True,https://www.metmuseum.org/art/collection/search/689354,https://images.metmuseum.org/CRDImages/gr/original/DVB02775_1_ff.jpg,1,,,
240148,Terracotta jug,Jug,600–480 BCE,Cypro-Archaic II,,,Terracotta,H. 9 15/16 in. (25.3 cm),Cypriot,,,,Women,,,,,,,Greek and Roman Art,Vases,,False,True,https://www.metmuseum.org/art/collection/search/240148,https://images.metmuseum.org/CRDImages/gr/original/DP121736.jpg,0,https://www.wikidata.org/wiki/Q116297117,,
240471,Juglet,Juglet,750–600 BCE,Cypro-Archaic I,,,Terracotta,3 1/4in. (8.3cm),Cypriot,,,,,,,,,,,Greek and Roman Art,Vases,,False,True,https://www.metmuseum.org/art/collection/search/240471,https://images.metmuseum.org/CRDImages/gr/original/LC-74_51_882.jpg,0,,,
246174,Terracotta chalice,Cup,ca. 550–500 BCE,Archaic,,,Terracotta,H.: 3 9/16 in. (9 cm),Etruscan,,,,,,,,,,,Greek and Roman Art,Vases,,False,True,https://www.metmuseum.org/art/collection/search/246174,https://images.metmuseum.org/CRDImages/gr/original/969103.jpg,0,,,
247272,Terracotta oinochoe (jug),Oinochoe,5th century BCE,Classical,,,Terracotta,H. 5 3/8 in. (13.7 cm),"Greek, Attic",,,,,,,,,,,Greek and Roman Art,Vases,,False,True,https://www.metmuseum.org/art/collection/search/247272,https://images.metmuseum.org/CRDImages/gr/original/DP226796.jpg,0,https://www.wikidata.org/wiki/Q116294758,,
709669,Terracotta fragment of a kylix (drinking cup),Kylix fragment,490–480 BCE,Late Archaic,,,Terracotta,,"Greek, Attic",,,,,,,,,,,Greek and Roman Art,Vases,,False,True,https://www.metmuseum.org/art/collection/search/709669,https://images.metmuseum.org/CRDImages/gr/original/DVB06629_1_ff.jpg,1,,,
247562,Bronze mirror stand,Mirror stand with girl,2nd half of the 5th century BCE,Classical,,,"Bronze, iron, silver",H.: 8 1/8 in. (20.6 cm),Greek,,,,Caryatids,,,,,,,Greek and Roman Art,Bronzes,,False,True,https://www.metmuseum.org/art/collection/search/247562,https://images.metmuseum.org/CRDImages/gr/original/21256.jpg,0,https://www.wikidata.org/wiki/Q116290031,,
256210,Pair of terracotta volute-kraters (vases for mixing wine and water) with stands,Volute-krater with stand,3rd quarter of the 4th century BCE,Late Classical,,,Terracotta,"Base: 10 in. (25.4 cm)
vase: 29 1/4 in. (74.3 cm)
39 × 18 in. (99.1 × 45.7 cm)","Greek, South Italian, Apulian",,,,,,,,,,,Greek and Roman Art,Vases,,False,True,https://www.metmuseum.org/art/collection/search/256210,https://images.metmuseum.org/CRDImages/gr/original/DP357285.jpg,2,https://www.wikidata.org/wiki/Q116288095,,
749873,Terracotta fragment of a column-krater (bowl for mixing wine and water),Column-krater fragment,mid-6th century BCE,Archaic,,,Terracotta,,"Greek, Attic",,,,,,,,,,,Greek and Roman Art,Vases,,False,True,https://www.metmuseum.org/art/collection/search/749873,https://images.metmuseum.org/CRDImages/gr/original/DVB11663_1_ff.jpg,1,,,
693516,Terracotta fragment of a kylix (drinking cup),Kylix fragment,first quarter of the 5th century BCE,Archaic,,,Terracotta,,"Greek, Attic",,,,,,,,,,,Greek and Roman Art,Vases,,False,True,https://www.metmuseum.org/art/collection/search/693516,https://images.metmuseum.org/CRDImages/gr/original/DVB03910_1_ff.jpg,1,,,
683586,Terracotta rim fragment of a kylix (drinking cup),Kylix fragment,490–480 BCE,Late Archaic,,,Terracotta,,"Greek, Attic",,,,,,,,,,,Greek and Roman Art,Vases,,False,True,https://www.metmuseum.org/art/collection/search/683586,https://images.metmuseum.org/CRDImages/gr/original/DVB02082_1_ff.jpg,1,,,
244813,Terracotta pelike (jar),Pelike,ca. 420–410 BCE,Classical,,,Terracotta,H.: 14 1/2 x 11 1/16 in. (36.8 x 28.1 cm),"Greek, Attic",,,,Wine|Men|Male Nudes|Women|Satyrs,Somzée Painter,Artist,,,,,Greek and Roman Art,Vases,,False,True,https://www.metmuseum.org/art/collection/search/244813,https://images.metmuseum.org/CRDImages/gr/original/DP156016.jpg,2,https://www.wikidata.org/wiki/Q46145028,https://www.wikidata.org/wiki/Q46145313,http://vocab.getty.edu/page/ulan/500107438
241064,"Female head, probably of a goddess",Head of a woman or goddess,4th century BCE,Cypro-Classical II,,,Terracotta,H. 3 in. (7.6 cm),Cypriot,,,,Heads|Goddess,,,,,,,Greek and Roman Art,Terracottas,,False,True,https://www.metmuseum.org/art/collection/search/241064,https://images.metmuseum.org/CRDImages/gr/original/DP100613.jpg,1,,,
755798,Terracotta fragment of a kylix (drinking cup),Kylix fragment,third quarter of the 6th century BCE,Archaic,,,Terracotta,,"Greek, Attic",,,,,,,,,,,Greek and Roman Art,Vases,,False,True,https://www.metmuseum.org/art/collection/search/755798,https://images.metmuseum.org/CRDImages/gr/original/DVB13569_1_ff.jpg,1,,,
245162,Glass jar with lid,Jar with lid,mid-1st–late 2nd century CE,Imperial,,,Glass,"H. without cover 6 15/16 in. (17.6 cm)
H. with cover  8 1/16 in. (20.5 cm)",Roman,,,,,,,,,,,Greek and Roman Art,Glass,,False,True,https://www.metmuseum.org/art/collection/search/245162,https://images.metmuseum.org/CRDImages/gr/original/DP109360.jpg,0,https://www.wikidata.org/wiki/Q116295729,,
247632,Terracotta side-spouted jug,"Jar, side-beaked",ca. 2600–2400 BCE,Early Minoan IIB,,,Terracotta,H. 5 in. (12.7 cm),Minoan,,,,,,,,,,,Greek and Roman Art,Vases,,False,True,https://www.metmuseum.org/art/collection/search/247632,https://images.metmuseum.org/CRDImages/gr/original/DP138629.jpg,0,https://www.wikidata.org/wiki/Q116289237,,
668458,Terracotta fragment of a kylix (drinking cup),Kylix fragment,second quarter 5th century BCE,Classical,,,Terracotta,,"Greek, Attic",,,,,,,,,,,Greek and Roman Art,Vases,,False,True,https://www.metmuseum.org/art/collection/search/668458,https://images.metmuseum.org/CRDImages/gr/original/DVB00195_1_ff.jpg,1,,,
714021,Terracotta fragment of a kylix (drinking cup),Kylix fragment,500–480 BCE,Archaic,,,Terracotta,,"Greek, Attic",,,,,Douris,Artist,,,,,Greek and Roman Art,Vases,,False,True,https://www.metmuseum.org/art/collection/search/714021,https://images.metmuseum.org/CRDImages/gr/original/DVB07357_1_ff.jpg,1,,https://www.wikidata.org/wiki/Q965272,http://vocab.getty.edu/page/ulan/500116285
739953,Terracotta rim fragment of a skyphos (deep drinking cup),Skyphos fragment,430–420 BCE,Classical,,,Terracotta,,"Greek, Attic",,,,,,,,,,,Greek and Roman Art,Vases,,False,True,https://www.metmuseum.org/art/collection/search/739953,https://images.metmuseum.org/CRDImages/gr/original/DVB09161_1_ff.jpg,1,,,
704149,Terracotta fragment of a kylix (drinking cup),Kylix fragment,500–490 BCE,Archaic,,,Terracotta,,"Greek, Attic",,,,,,,,,,,Greek and Roman Art,Vases,,False,True,https://www.metmuseum.org/art/collection/search/704149,https://images.metmuseum.org/CRDImages/gr/original/DVB06235_1_ff.jpg,1,,,
699303,Terracotta fragments of kylikes (drinking cups),Kylix fragments,first half of the 5th century BCE,Archaic/Classical,,,Terracotta,,"Greek, Attic",,,,,,,,,,,Greek and Roman Art,Vases,,False,True,https://www.metmuseum.org/art/collection/search/699303,https://images.metmuseum.org/CRDImages/gr/original/DVB05624_1_ff.jpg,1,,,
773744,Terracotta fragment of a plate?,Plate fragment?,5th century BCE,Classical,,,Terracotta,,"Greek, Attic",,,,,,,,,,,Greek and Roman Art,Vases,,False,True,https://www.metmuseum.org/art/collection/search/773744,https://images.metmuseum.org/CRDImages/gr/original/DVB16199_1_ff.jpg,1,,,
250785,Statuette of a girl,Statuette of a girl,ca. 550–500 BCE,Archaic,,,Bronze,H.: 2 11/16 x 15/16 in. (6.8 x 2.4 cm),Etruscan,,,,Girls,,,,,,,Greek and Roman Art,Bronzes,,False,True,https://www.metmuseum.org/art/collection/search/250785,https://images.metmuseum.org/CRDImages/gr/original/DP20574.jpg,0,,,
246334,Fibula,Fibula,late 2nd–early 3rd century CE,Imperial,,,Bronze,Other: 2 13/16 in. (7.1 cm),Roman,,,,,,,,,,,Greek and Roman Art,Bronzes,,False,True,https://www.metmuseum.org/art/collection/search/246334,https://images.metmuseum.org/CRDImages/gr/original/DP20215.jpg,0,,,
254247,Terracotta alabastron (perfume vase),Alabastron,ca. 480 BCE,Classical,,,Terracotta,H. 5 13/16 in. (14.7 cm); diameter  13/16 in. (2 cm),"Greek, Attic",,,,Women|Nike,Painter of Palermo 1162,Artist,,,,,Greek and Roman Art,Vases,,False,True,https://www.metmuseum.org/art/collection/search/254247,https://images.metmuseum.org/CRDImages/gr/original/DP117228.jpg,1,https://www.wikidata.org/wiki/Q116288747,,http://vocab.getty.edu/page/ulan/500046055
692033,Terracotta fragment of a kylix (drinking cup),Kylix fragment,third quarter of the 5th century BCE,Classical,,,Terracotta,,"Greek, Attic",,,,,,,,,,,Greek and Roman Art,Vases,,False,True,https://www.metmuseum.org/art/collection/search/692033,https://images.metmuseum.org/CRDImages/gr/original/DVB03100_2_ff.jpg,1,,,
733250,Terracotta fragment of a bell-krater (bowl for mixing wine and water),Bell-krater fragment,490–470 BCE,Late Archaic/Early Classical,,,Terracotta,,"Greek, Attic",,,,,,,,,,,Greek and Roman Art,Vases,,False,True,https://www.metmuseum.org/art/collection/search/733250,https://images.metmuseum.org/CRDImages/gr/original/DVB09871_1_ff.jpg,1,,,
243605,Agate scarab,Scarab,ca. 7th–6th century BCE,Archaic,,,Agate,Length: 11/16 in. (1.8 cm),Greek,,,,Cows|Scarabs,,,,,,,Greek and Roman Art,Gems,,False,True,https://www.metmuseum.org/art/collection/search/243605,https://images.metmuseum.org/CRDImages/gr/original/DP142782.jpg,3,https://www.wikidata.org/wiki/Q116290631,,
668552,Terracotta fragments of a kylix (drinking cup),Kylix fragments,mid-5th century BCE,Classical,,,Terracotta,,"Greek, Attic",,,,,,,,,,,Greek and Roman Art,Vases,,False,True,https://www.metmuseum.org/art/collection/search/668552,https://images.metmuseum.org/CRDImages/gr/original/DVB01066_2_ff.jpg,1,,,
668468,Terracotta fragment of a kylix (drinking cup),Kylix fragment,second quarter 5th century BCE,Classical,,,Terracotta,,"Greek, Attic",,,,,,,,,,,Greek and Roman Art,Vases,,False,True,https://www.metmuseum.org/art/collection/search/668468,https://images.metmuseum.org/CRDImages/gr/original/DVB00223_1_ff.jpg,1,,,
241348,Model of a cart with a human figure,Model of a cart with person,ca. 600–480 BCE,Cypro-Archaic II,,,Terracotta,H. 4 1/16 in. (10.3 cm),Cypriot,,,,Men|Carts,,,,,,,Greek and Roman Art,Terracottas,,False,True,https://www.metmuseum.org/art/collection/search/241348,https://images.metmuseum.org/CRDImages/gr/original/DP101836.jpg,0,,,
696042,Terracotta fragment of a kylix (drinking cup),Kylix fragment,490–470 BCE,Late Archaic/Early Classical,,,Terracotta,,"Greek, Attic",,,,,,,,,,,Greek and Roman Art,Vases,,False,True,https://www.metmuseum.org/art/collection/search/696042,https://images.metmuseum.org/CRDImages/gr/original/DVB04546_1_ff.jpg,1,,,
695747,Terracotta fragment of a kylix (drinking cup),Kylix fragment,500–480 BCE,Archaic,,,Terracotta,,"Greek, Attic",,,,,,,,,,,Greek and Roman Art,Vases,,False,True,https://www.metmuseum.org/art/collection/search/695747,https://images.metmuseum.org/CRDImages/gr/original/DVB04327_1_ff.jpg,1,,,
695746,Terracotta fragment of a kylix (drinking cup),Kylix fragment,500–480 BCE,Archaic,,,Terracotta,,"Greek, Attic",,,,,,,,,,,Greek and Roman Art,Vases,,False,True,https://www.metmuseum.org/art/collection/search/695746,https://images.metmuseum.org/CRDImages/gr/original/DVB04299_1_ff.jpg,1,,,
713690,Terracotta rim fragment of a kylix (drinking cup),Kylix fragment,500–480 BCE,Archaic,,,Terracotta,,"Greek, Attic",,,,,,,,,,,Greek and Roman Art,Vases,,False,True,https://www.metmuseum.org/art/collection/search/713690,https://images.metmuseum.org/CRDImages/gr/original/DVB07515_1_ff.jpg,1,,,
671255,Terracotta fragment of a kylix (drinking cup),Kylix fragment,490–480 BCE,Late Archaic,,,Terracotta,,"Greek, Attic",,,,,,,,,,,Greek and Roman Art,Vases,,False,True,https://www.metmuseum.org/art/collection/search/671255,https://images.metmuseum.org/CRDImages/gr/original/DVB01164_2_ff.jpg,1,,,
745157,Terracotta fragment of an amphora (jar),Amphora fragment,510 BCE,Archaic,,,Terracotta,,"Greek, Attic",,,,,,,,,,,Greek and Roman Art,Vases,,False,True,https://www.metmuseum.org/art/collection/search/745157,https://images.metmuseum.org/CRDImages/gr/original/DVB11410_1_ff.jpg,1,,,
733656,Terracotta fragments from kantharoi: head vases,"Kantharoi fragments, head vases",second quarter of the 5th century BCE,Classical,,,Terracotta,,"Greek, Attic",,,,,,,,,,,Greek and Roman Art,Vases,,False,True,https://www.metmuseum.org/art/collection/search/733656,https://images.metmuseum.org/CRDImages/gr/original/DVB10230_1_ff.jpg,1,,,
258080,Glass perfume bottle,Perfume bottle,2nd century CE,Mid Imperial,,,Glass,H.: 3 3/4 in. (9.5 cm),Roman,,,,,,,,,,,Greek and Roman Art,Glass,,False,True,https://www.metmuseum.org/art/collection/search/258080,https://images.metmuseum.org/CRDImages/gr/original/LC-34_132_33.jpg,0,,,
753179,Terracotta rim fragment of a kylix: Band cup (drinking cup),Kylix fragment,third quarter of the 6th century BCE,Archaic,,,Terracotta,,"Greek, Attic",,,,,,,,,,,Greek and Roman Art,Vases,,False,True,https://www.metmuseum.org/art/collection/search/753179,https://images.metmuseum.org/CRDImages/gr/original/DVB12806_1_ff.jpg,1,,,
766135,Terracotta fragment of a skyphos (deep drinking cup),Skyphos fragment,late 5th century BCE,Classical,,,Terracotta,,Etruscan,,,,,,,,,,,Greek and Roman Art,Vases,,False,True,https://www.metmuseum.org/art/collection/search/766135,https://images.metmuseum.org/CRDImages/gr/original/DVB14513_1_ff.jpg,1,,,
698913,Terracotta fragment of a kylix (drinking cup),Kylix fragment,490–480 BCE,Late Archaic,,,Terracotta,,"Greek, Attic",,,,,,,,,,,Greek and Roman Art,Vases,,False,True,https://www.metmuseum.org/art/collection/search/698913,https://images.metmuseum.org/CRDImages/gr/original/DVB04979_1_ff.jpg,1,,,
243682,Ring with carbuncle,Ring with carbuncle,-7000–330,,,,"Gold, carbuncle","Other: 13/16 × 13/16 × 5/16 in. (2.1 × 2.1 × 0.8 cm)
Width (bezel): 0.1 cm",,,,,,,,,,,,Greek and Roman Art,Gold and Silver,,False,True,https://www.metmuseum.org/art/collection/search/243682,https://images.metmuseum.org/CRDImages/gr/original/sf74514270.jpg,0,,,
241479,Terracotta oil lamp,Lamp,ca. 40–100 CE,Early Imperial,,,Terracotta,"Length: 3 9/16 in. (9 cm)
Height: 7/8 in. (2.2 cm)",Roman,,,,Lions,,,,,,,Greek and Roman Art,Terracottas,,False,True,https://www.metmuseum.org/art/collection/search/241479,https://images.metmuseum.org/CRDImages/gr/original/DP-22527-054.jpg,1,,,
668420,Terracotta fragments of a kylix (drinking cup),Kylix fragments,second quarter 5th century BCE,Classical,,,Terracotta,,"Greek, Attic",,,,,,,,,,,Greek and Roman Art,Vases,,False,True,https://www.metmuseum.org/art/collection/search/668420,https://images.metmuseum.org/CRDImages/gr/original/DVB00140_1_ff.jpg,2,,,
695705,Terracotta fragment of a kylix (drinking cup),Kylix fragment,first quarter of the 5th century BCE,Archaic/Early Classical,,,Terracotta,,"Greek, Attic",,,,,,,,,,,Greek and Roman Art,Vases,,False,True,https://www.metmuseum.org/art/collection/search/695705,https://images.metmuseum.org/CRDImages/gr/original/DVB04252_1_ff.jpg,1,,,
248694,Relief of a duck,Relief of a duck,1st century CE,Early Imperial,,,Bone,1 13/16 × 5/8 × 4 3/16 in. (4.7 × 1.6 × 10.6 cm),Roman,,,,Ducks,,,,,,,Greek and Roman Art,"Miscellaneous-Bone, Ivory",,False,True,https://www.metmuseum.org/art/collection/search/248694,https://images.metmuseum.org/CRDImages/gr/original/sf1222923b.jpg,0,,,
699261,Terracotta fragments of a kylix (drinking cup),Kylix fragments,500–480 BCE,Archaic,,,Terracotta,,"Greek, Attic",,,,,,,,,,,Greek and Roman Art,Vases,,False,True,https://www.metmuseum.org/art/collection/search/699261,https://images.metmuseum.org/CRDImages/gr/original/DVB03266_1_ff.jpg,1,,,
755885,Terracotta fragment of a kylix (drinking cup),Kylix fragment,last quarter of the 6th century BCE,Archaic,,,Terracotta,,"Greek, Attic",,,,,,,,,,,Greek and Roman Art,Vases,,False,True,https://www.metmuseum.org/art/collection/search/755885,https://images.metmuseum.org/CRDImages/gr/original/DVB13170_1_ff.jpg,1,,,
667679,Terracotta fragments of a kylix (drinking cup),Kylix fragments,470–450 BCE,Classical,,,Terracotta,,"Greek, Attic",,,,,Splanchnopt Painter,Artist,,,,,Greek and Roman Art,Vases,,False,True,https://www.metmuseum.org/art/collection/search/667679,https://images.metmuseum.org/CRDImages/gr/original/DVB01097_1_ff.jpg,1,,https://www.wikidata.org/wiki/Q2311717,http://vocab.getty.edu/page/ulan/500092680
241275,Terracotta statuette of a female votary carrying a hydria,Statuette of a female votary carrying a hydria,late 5th–4th century BCE,Late Cypro-Classical I–Cypro-Classical II,,,Terracotta,h. 6 in. (15.2 cm),Cypriot,,,,Women,,,,,,,Greek and Roman Art,Terracottas,,False,True,https://www.metmuseum.org/art/collection/search/241275,https://images.metmuseum.org/CRDImages/gr/original/DP364730.jpg,0,https://www.wikidata.org/wiki/Q116290036,,
678487,Terracotta fragment of a kylix (drinking cup),Kylix fragment,5th century BCE,Archaic/Classical,,,Terracotta,,"Greek, Attic",,,,,,,,,,,Greek and Roman Art,Vases,,False,True,https://www.metmuseum.org/art/collection/search/678487,https://images.metmuseum.org/CRDImages/gr/original/DVB01557_1_ff.jpg,1,,,
745428,Terracotta fragment of a neck-amphora (jar),Neck-amphora fragment,third quarter of the 6th century BCE,Archaic,,,Terracotta,,"Greek, Attic",,,,,,,,,,,Greek and Roman Art,Vases,,False,True,https://www.metmuseum.org/art/collection/search/745428,https://images.metmuseum.org/CRDImages/gr/original/DVB11261_1_ff.jpg,1,,,
254196,Terracotta lekythos (oil flask),Lekythos,ca. 500 BCE,Archaic,,,Terracotta,H. 6 13/16 in. (17.3 cm); diameter  2 13/16 in. (7.2 cm),"Greek, Attic",,,,Men|Horses|Chariots|Herakles|Eos,Sappho Painter,Artist,,,,,Greek and Roman Art,Vases,,False,True,https://www.metmuseum.org/art/collection/search/254196,https://images.metmuseum.org/CRDImages/gr/original/DP225320.jpg,4,https://www.wikidata.org/wiki/Q116289142,https://www.wikidata.org/wiki/Q1354018,http://vocab.getty.edu/page/ulan/500019329
252808,Vase fragment,Vase fragment,-1050–-700,Geometric,,,Terracotta,Overall: 4 x 2 5/8in. (10.2 x 6.7cm),"East Greek/Sardis, Lydian",,,,,,,,,,,Greek and Roman Art,Vases,,False,True,https://www.metmuseum.org/art/collection/search/252808,https://images.metmuseum.org/CRDImages/gr/original/DP21750.jpg,0,,,
737205,Terracotta fragment of a skyphos (deep drinking cup),Skyphos fragment,third quarter of the 5th century BCE,Classical,,,Terracotta,,"Greek, Attic",,,,,,,,,,,Greek and Roman Art,Vases,,False,True,https://www.metmuseum.org/art/collection/search/737205,https://images.metmuseum.org/CRDImages/gr/original/DVB10392_1_ff.jpg,1,,,
241891,Limestone statuette of a beardless male votary with a wreath of leaves,Statuette to the God of the Wine Press,310–30 BCE,Hellenistic ?,,,Hard limestone,Overall: 16 1/2 x 6 1/4 x 3 3/4 in. (41.9 x 15.9 x 9.5 cm),Cypriot,,,,Men,,,,,,,Greek and Roman Art,Cesnola Inscriptions,,False,True,https://www.metmuseum.org/art/collection/search/241891,https://images.metmuseum.org/CRDImages/gr/original/DP200687.jpg,0,,,
714013,Terracotta fragment of a kylix (drinking cup),Kylix fragment,490–470 BCE,Late Archaic/Early Classical,,,Terracotta,,"Greek, Attic",,,,,Brygan,Artist,,,,,Greek and Roman Art,Vases,,False,True,https://www.metmuseum.org/art/collection/search/714013,https://images.metmuseum.org/CRDImages/gr/original/DVB07303_1_ff.jpg,1,,https://www.wikidata.org/wiki/Q322192,http://vocab.getty.edu/page/ulan/500025426
752885,Terracotta fragment of a skyphos (deep drinking cup),Skyphos fragment,early 5th century BCE,Archaic,,,Terracotta,,"Greek, Attic",,,,,,,,,,,Greek and Roman Art,Vases,,False,True,https://www.metmuseum.org/art/collection/search/752885,https://images.metmuseum.org/CRDImages/gr/original/DVB12352_1_ff.jpg,1,,,
695868,Terracotta rim fragment of a kylix (drinking cup),Kylix fragment,470–440 BCE,Classical,,,Terracotta,,"Greek, Attic",,,,,,,,,,,Greek and Roman Art,Vases,,False,True,https://www.metmuseum.org/art/collection/search/695868,https://images.metmuseum.org/CRDImages/gr/original/DVB04342_2_ff.jpg,1,,,
733351,Terracotta fragment of an oinochoe (jug),Oinochoe fragment,second quarter of the 5th century BCE,Classical,,,Terracotta,,"Greek, Attic",,,,,,,,,,,Greek and Roman Art,Vases,,False,True,https://www.metmuseum.org/art/collection/search/733351,https://images.metmuseum.org/CRDImages/gr/original/DVB09983_1_ff.jpg,1,,,
683336,Terracotta rim fragments of a kylix (drinking cup),Kylix fragments,second quarter of the 5th century BCE,Classical,,,Terracotta,,"Greek, Attic",,,,,,,,,,,Greek and Roman Art,Vases,,False,True,https://www.metmuseum.org/art/collection/search/683336,https://images.metmuseum.org/CRDImages/gr/original/DVB01289_1_ff.jpg,1,,,
750448,Terracotta rim fragment of a kyathos (cup-shaped ladle),Kyathos fragment,late 6th/early 5th century BCE,Archaic,,,Terracotta,,"Greek, Attic",,,,,,,,,,,Greek and Roman Art,Vases,,False,True,https://www.metmuseum.org/art/collection/search/750448,https://images.metmuseum.org/CRDImages/gr/original/DVB12115_1_ff.jpg,1,,,
251755,Terracotta miniature vase with two handles,"Vase, miniature",7th–6th century BCE,Archaic,,,Terracotta,H. 1 1/8 in. (2.8 cm),"Greek, Laconian",,,,,,,,,,,Greek and Roman Art,Vases,,False,True,https://www.metmuseum.org/art/collection/search/251755,https://images.metmuseum.org/CRDImages/gr/original/DP121677.jpg,0,https://www.wikidata.org/wiki/Q116294169,,
246686,Bronze statuette of Jupiter Capitolinus,Statuette of Jupiter Capitolinus,1st–2nd century CE,Imperial,,,Bronze,Other: 4 11/16 x 2 3/8 x 2 in. (11.9 x 6 x 5.1 cm),Roman,,,,Jupiter,,,,,,,Greek and Roman Art,Bronzes,,False,True,https://www.metmuseum.org/art/collection/search/246686,https://images.metmuseum.org/CRDImages/gr/original/DP-14970-002.jpg,5,https://www.wikidata.org/wiki/Q116402285,,
686787,Terracotta rim fragment of a kylix (drinking cup),Kylix fragment; lipped inside,480–470 BCE,Early Classical,,,Terracotta,,"Greek, Attic",,,,,,,,,,,Greek and Roman Art,Vases,,False,True,https://www.metmuseum.org/art/collection/search/686787,https://images.metmuseum.org/CRDImages/gr/original/DVB02277_1_ff.jpg,1,,,
241213,Horseman,Statue of a Warrior,late 4th century BCE,Early Hellenistic,,,Terracotta,H. 3 7/8 in. (9.8 cm),Cypriot,,,,Shields|Men,,,,,,,Greek and Roman Art,Terracottas,,False,True,https://www.metmuseum.org/art/collection/search/241213,https://images.metmuseum.org/CRDImages/gr/original/DP101717.jpg,0,,,
240157,Terracotta juglet,Juglet,750–480 BCE,Cypro-Archaic II,,,Terracotta,H. 5 5/16 in. (13.5 cm),Cypriot,,,,,,,,,,,Greek and Roman Art,Vases,,False,True,https://www.metmuseum.org/art/collection/search/240157,https://images.metmuseum.org/CRDImages/gr/original/DP-36441-002.jpg,3,https://www.wikidata.org/wiki/Q116297111,,
255410,Bronze relief of the head of a woman,Relief of a head of a woman,3rd–1st century BCE or 4th century CE,Hellenistic or Late Imperial,,,Bronze,H. 4 3/8 in. (11.2 cm),Greek or Roman,,,,Heads|Women,,,,,,,Greek and Roman Art,Bronzes,,False,True,https://www.metmuseum.org/art/collection/search/255410,https://images.metmuseum.org/CRDImages/gr/original/DP20835.jpg,0,https://www.wikidata.org/wiki/Q116287431,,
251926,Statuette of a horseman,Statuette of a horseman,-7000–330,,,,Bronze,H.: 4 1/2 x 2 x 1 1/2 in. (11.4 x 5.1 x 3.8 cm),,,,,Men,,,,,,,Greek and Roman Art,Bronzes,,False,True,https://www.metmuseum.org/art/collection/search/251926,https://images.metmuseum.org/CRDImages/gr/original/DP20662.jpg,0,,,
774102,Terracotta fragment of a stemless kylix (drinking cup),Kylix fragment,6th/5th centuries BCE,Archaic/Classical,,,Terracotta,,"Greek, Attic",,,,,,,,,,,Greek and Roman Art,Vases,,False,True,https://www.metmuseum.org/art/collection/search/774102,https://images.metmuseum.org/CRDImages/gr/original/DVB15906_1_ff.jpg,1,,,
721478,Terracotta rim fragment of a kylix (drinking cup),Kylix fragment,last quarter of the 5th century BCE,Classical,,,Terracotta,,"Greek, Attic",,,,,,,,,,,Greek and Roman Art,Vases,,False,True,https://www.metmuseum.org/art/collection/search/721478,https://images.metmuseum.org/CRDImages/gr/original/DVB06915_2_ff.jpg,1,,,
252086,Steatite triangular prism,Seal,ca. 1900–1750 BCE,Middle Minoan II,,,Serpentine (burnt),L. 1.75 cm; W. of each side 1 cm,Minoan,,,,,,,,,,,Greek and Roman Art,Gems,,False,True,https://www.metmuseum.org/art/collection/search/252086,https://images.metmuseum.org/CRDImages/gr/original/DP114361.jpg,9,https://www.wikidata.org/wiki/Q116288615,,
252525,Sardonyx cameo of Aurora driving her chariot,Cameo,1st century BCE–1st century CE,Hellenistic or Early Imperial,,,Sardonyx,H.: 1 3/16 x 1 5/8 in. (3 x 4.2 cm),Greek or Roman,,,,Women|Horses|Goddess|Chariots,,,,,,,Greek and Roman Art,Gems,,False,True,https://www.metmuseum.org/art/collection/search/252525,https://images.metmuseum.org/CRDImages/gr/original/DP155542.jpg,0,https://www.wikidata.org/wiki/Q116242294,,
703593,Terracotta fragment of a kylix (drinking cup),Kylix fragment,490–470 BCE,Late Archaic/Early Classical,,,Terracotta,,"Greek, Attic",,,,,,,,,,,Greek and Roman Art,Vases,,False,True,https://www.metmuseum.org/art/collection/search/703593,https://images.metmuseum.org/CRDImages/gr/original/DVB04126_1_ff.jpg,1,,,
718582,Terracotta rim fragment of a kylix (drinking cup),Kylix fragment,460–450 BCE,Classical,,,Terracotta,,"Greek, Attic",,,,,,,,,,,Greek and Roman Art,Vases,,False,True,https://www.metmuseum.org/art/collection/search/718582,https://images.metmuseum.org/CRDImages/gr/original/DVB07751_1_ff.jpg,1,,,
667692,Terracotta fragment of a kylix (drinking cup),Kylix fragment,second quarter of the 5th century BCE,Classical,,,Terracotta,,"Greek, Attic",,,,,Painter of London D 12,Artist,,,,,Greek and Roman Art,Vases,,False,True,https://www.metmuseum.org/art/collection/search/667692,https://images.metmuseum.org/CRDImages/gr/original/DVB00042_1_ff.jpg,1,,https://www.wikidata.org/wiki/Q26203783,http://vocab.getty.edu/page/ulan/500038144
251129,Terracotta kylix (drinking cup),Kylix,ca. 480–470 BCE,Classical,,,Terracotta,"H. 3 1/4 in. (8.2 cm)
diameter  8 7/16 in. (21.4 cm)","Greek, Attic",,,,,Brygos Painter,Artist,,,,,Greek and Roman Art,Vases,,False,True,https://www.metmuseum.org/art/collection/search/251129,https://images.metmuseum.org/CRDImages/gr/original/DP-37899-001.jpg,1,https://www.wikidata.org/wiki/Q116402871,https://www.wikidata.org/wiki/Q322192,http://vocab.getty.edu/page/ulan/500025426
728729,Terracotta fragment of a stamnos (jar),Stamnos fragment,450–440 BCE,Classical,,,Terracotta,,"Greek, Attic",,,,,,,,,,,Greek and Roman Art,Vases,,False,True,https://www.metmuseum.org/art/collection/search/728729,https://images.metmuseum.org/CRDImages/gr/original/DVB09606_1_ff.jpg,1,,,
755985,Terracotta rim fragment of a kylix: eye-cup (drinking cup),Kylix fragment,540–500 BCE,Archaic,,,Terracotta,,"Greek, Attic",,,,,,,,,,,Greek and Roman Art,Vases,,False,True,https://www.metmuseum.org/art/collection/search/755985,https://images.metmuseum.org/CRDImages/gr/original/DVB13291_1_ff.jpg,1,,,
740410,Terracotta fragment of an oinochoe (jug)?,Oinochoe fragment?,6th/5th centuries BCE,Archaic/Classical,,,Terracotta,,"Greek, Attic",,,,,,,,,,,Greek and Roman Art,Vases,,False,True,https://www.metmuseum.org/art/collection/search/740410,https://images.metmuseum.org/CRDImages/gr/original/DVB09368_1_ff.jpg,1,,,
691935,Terracotta fragment of a kylix (drinking cup),Kylix fragment,mid-5th century BCE,Classical,,,Terracotta,,"Greek, Attic",,,,,,,,,,,Greek and Roman Art,Vases,,False,True,https://www.metmuseum.org/art/collection/search/691935,https://images.metmuseum.org/CRDImages/gr/original/DVB03179_1_ff.jpg,1,,,
257341,Glass mosaic bowl fragment,"Fragment, mosaic bowl",late 1st century BCE–early 1st century CE,Early Imperial,,,Glass,Other: 3/4 x 1 in. (1.9 x 2.6 cm),Roman,,,,,,,,,,,Greek and Roman Art,Glass,,False,True,https://www.metmuseum.org/art/collection/search/257341,https://images.metmuseum.org/CRDImages/gr/original/DP22163.jpg,1,,,
745057,Terracotta fragment of an amphora (jar),Amphora fragment,last quarter of the 6th century BCE,Archaic,,,Terracotta,,"Greek, Attic",,,,,,,,,,,Greek and Roman Art,Vases,,False,True,https://www.metmuseum.org/art/collection/search/745057,https://images.metmuseum.org/CRDImages/gr/original/DVB11407_1_ff.jpg,1,,,
250494,Obsidian revetment slab fragment,Revetment slab fragment,1st century CE,Early Imperial,,,Obsidian,Overall: 4 9/16 x 2 3/16 x 9/16 in. (11.6 x 5.5 x 1.4 cm),Roman,,,,Leaves,,,,,,,Greek and Roman Art,Glass,,False,True,https://www.metmuseum.org/art/collection/search/250494,https://images.metmuseum.org/CRDImages/gr/original/DP105519.jpg,0,https://www.wikidata.org/wiki/Q116287452,,
698862,Terracotta fragment of a kylix (drinking cup),Kylix fragment,460–450 BCE,Classical,,,Terracotta,,"Greek, Attic",,,,,,,,,,,Greek and Roman Art,Vases,,False,True,https://www.metmuseum.org/art/collection/search/698862,https://images.metmuseum.org/CRDImages/gr/original/DVB04918_1_ff.jpg,1,,,
693304,Terracotta fragment of a kylix (drinking cup),Kylix fragment,500–480 BCE,Archaic,,,Terracotta,,"Greek, Attic",,,,,,,,,,,Greek and Roman Art,Vases,,False,True,https://www.metmuseum.org/art/collection/search/693304,https://images.metmuseum.org/CRDImages/gr/original/DVB03698_1_ff.jpg,1,,,
250544,Marble cavetto capital,"Capital, cavetto",mid-6th century BCE,Archaic,,,"Marble, Hymettian",H. 24 15/16 in. (63.3 cm),"Greek, Attic",,,,,,,,,,,Greek and Roman Art,Stone Sculpture,,False,True,https://www.metmuseum.org/art/collection/search/250544,https://images.metmuseum.org/CRDImages/gr/original/DT324256.jpg,0,https://www.wikidata.org/wiki/Q116287293,,
257255,Banded agate inlay fragment,"Fragment, inlay",late 1st century BCE–early 1st century CE,Early Imperial,,,Glass,Other: 1 1/8 x 1 3/16 in. (2.9 x 3.1 cm),Roman,,,,,,,,,,,Greek and Roman Art,Glass,,False,True,https://www.metmuseum.org/art/collection/search/257255,https://images.metmuseum.org/CRDImages/gr/original/DP22042edited.jpg,0,,,
910530,Figurine with articulated limbs,Articulated Figurine of a Woman with Krotala,second half of the 5th Century BCE,Classical,,,Terracotta,"6 7/16 in., 4oz. (16.3 cm, 113.411g)
Other (Width at the shoulders): 2 3/16 in. (5.6 cm)",Greek,,,,,,,,,,,Greek and Roman Art,Terracottas,,False,True,https://www.metmuseum.org/art/collection/search/910530,https://images.metmuseum.org/CRDImages/gr/original/DP-35864-001.jpg,1,,,
669658,Terracotta fragment of a kylix (drinking cup),Kylix fragment,second quarter of the 5th century BCE,Classical,,,Terracotta,,"Greek, Attic",,,,,,,,,,,Greek and Roman Art,Vases,,False,True,https://www.metmuseum.org/art/collection/search/669658,https://images.metmuseum.org/CRDImages/gr/original/DVB00471_1_ff.jpg,1,,,
709789,Terracotta fragment of a kylix (drinking cup),Kylix fragment,490–480 BCE,Late Archaic,,,Terracotta,,"Greek, Attic",,,,,,,,,,,Greek and Roman Art,Vases,,False,True,https://www.metmuseum.org/art/collection/search/709789,https://images.metmuseum.org/CRDImages/gr/original/DVB06830_1_ff.jpg,1,,,
255123,Terracotta lekythos (oil flask),Lekythos,late 6th century BCE,Archaic,,,Terracotta,H. 8 in. (20.3 cm),"Greek, Attic",,,,Trojan War|Athena|Achilles|Games|Ajax,Painter of Vatican G.31,Artist,,,,,Greek and Roman Art,Vases,,False,True,https://www.metmuseum.org/art/collection/search/255123,https://images.metmuseum.org/CRDImages/gr/original/DP1063.jpg,0,https://www.wikidata.org/wiki/Q116288892,https://www.wikidata.org/wiki/Q20753087,http://vocab.getty.edu/page/ulan/500094205
255934,Bronze finial of a kerykeion (herald's staff),Finial of a kerykeion,late 6th–early 5th century BCE,Archaic,,,Bronze,H. 7 3/8 in. (18.7 cm),Greek,,,,Snakes,,,,,,,Greek and Roman Art,Bronzes,,False,True,https://www.metmuseum.org/art/collection/search/255934,https://images.metmuseum.org/CRDImages/gr/original/DP21009.jpg,1,https://www.wikidata.org/wiki/Q116289811,,
678451,Terracotta fragments of kylikes (drinking cups),Kylix fragments,5th century BCE,Archaic/Classical,,,Terracotta,,"Greek, Attic",,,,,,,,,,,Greek and Roman Art,Vases,,False,True,https://www.metmuseum.org/art/collection/search/678451,https://images.metmuseum.org/CRDImages/gr/original/DVB01726_1_ff.jpg,1,,,
245497,Head of a woman,Head of a woman,-7000–330,,,,Limestone,5 × 4 1/4 × 5 in. (12.7 × 10.8 × 12.7 cm),,,,,Heads|Women,,,,,,,Greek and Roman Art,Stone Sculpture,,False,True,https://www.metmuseum.org/art/collection/search/245497,https://images.metmuseum.org/CRDImages/gr/original/DP261238.jpg,2,,,
764426,Terracotta fragments of kylikes (drinking cups),Kylikes fragments,first quarter of the 5th century BCE,Archaic,,,Terracotta,,"Greek, Attic",,,,,,,,,,,Greek and Roman Art,Vases,,False,True,https://www.metmuseum.org/art/collection/search/764426,https://images.metmuseum.org/CRDImages/gr/original/DVB14942_1_ff.jpg,1,,,
689508,Terracotta fragment of a kylix (drinking cup),Kylix fragment,500–490 BCE,Archaic,,,Terracotta,,"Greek, Attic",,,,,,,,,,,Greek and Roman Art,Vases,,False,True,https://www.metmuseum.org/art/collection/search/689508,https://images.metmuseum.org/CRDImages/gr/original/DVB02976_1_ff.jpg,1,,,
745077,Terracotta fragment of an amphora (jar),Amphora fragment,510–500 BCE,Archaic,,,Terracotta,,"Greek, Attic",,,,,,,,,,,Greek and Roman Art,Vases,,False,True,https://www.metmuseum.org/art/collection/search/745077,https://images.metmuseum.org/CRDImages/gr/original/DVB11131_1_ff.jpg,1,,,
756125,Terracotta rim fragment of a kylix (drinking cup),Kylix fragment,6th/5th centuries BCE,Archaic,,,Terracotta,,"Greek, Attic",,,,,,,,,,,Greek and Roman Art,Vases,,False,True,https://www.metmuseum.org/art/collection/search/756125,https://images.metmuseum.org/CRDImages/gr/original/DVB13406_1_ff.jpg,1,,,
740421,Terracotta fragment of an undetermined shape,,6th/5th centuries BCE,Archaic/Classical,,,Terracotta,,"Greek, Attic",,,,,,,,,,,Greek and Roman Art,Vases,,False,True,https://www.metmuseum.org/art/collection/search/740421,https://images.metmuseum.org/CRDImages/gr/original/DVB11062_1_ff.jpg,1,,,
253283,Vase fragment,Vase fragment,ca. 4000–3000 BCE,"Neolithic, first period",,,Terracotta,length  1 1/8in. (2.8cm),"Neolithic, Hagiorgetika",,,,,,,,,,,Greek and Roman Art,Vases,,False,True,https://www.metmuseum.org/art/collection/search/253283,https://images.metmuseum.org/CRDImages/gr/original/DP21302.jpg,1,,,
248412,Fragment of a terracotta head of a satyr,Head of a man,4th century BCE,Classical,,,Terracotta,H. 4 in. (10.16 cm),"Greek, South Italian, Tarentine",,,,Heads|Satyrs,,,,,,,Greek and Roman Art,Terracottas,,False,True,https://www.metmuseum.org/art/collection/search/248412,https://images.metmuseum.org/CRDImages/gr/original/DP114321.jpg,0,https://www.wikidata.org/wiki/Q116378908,,
240993,Head of a comic figurine,"Mask, comic",late 4th–3rd century BCE,Early Hellenistic,,,Terracotta,H. 1 3/16 in. (3 cm),"Greek, Rhodian ?",,,,Heads|Men,,,,,,,Greek and Roman Art,Terracottas,,False,True,https://www.metmuseum.org/art/collection/search/240993,https://images.metmuseum.org/CRDImages/gr/original/DP101872.jpg,0,,,
683390,Terracotta rim fragment of a kylix (drinking cup),Kylix fragment,late 6th/early 5th century BCE,Archaic,,,Terracotta,,"Greek, Attic",,,,,,,,,,,Greek and Roman Art,Vases,,False,True,https://www.metmuseum.org/art/collection/search/683390,https://images.metmuseum.org/CRDImages/gr/original/DVB01826_1_ff.jpg,1,,,
737528,Terracotta fragment of a skyphos (deep drinking cup),Skyphos fragment,5th century BCE,Classical,,,Terracotta,,"Greek, Attic",,,,,,,,,,,Greek and Roman Art,Vases,,False,True,https://www.metmuseum.org/art/collection/search/737528,https://images.metmuseum.org/CRDImages/gr/original/DVB09204_1_ff.jpg,1,,,
240529,Terracotta biconical spindle-whorl with flat top,Spindle whorl,ca. 2500–2075 BCE,Early Cypriot I,,,Terracotta,H. 1 7/8 in. (4.8 cm),Cypriot,,,,,,,,,,,Greek and Roman Art,Vases,,False,True,https://www.metmuseum.org/art/collection/search/240529,https://images.metmuseum.org/CRDImages/gr/original/DP101904.jpg,0,https://www.wikidata.org/wiki/Q116295949,,
668538,Terracotta fragment of a kylix (drinking cup),Kylix fragment,second quarter 5th century BCE,Classical,,,Terracotta,,"Greek, Attic",,,,,,,,,,,Greek and Roman Art,Vases,,False,True,https://www.metmuseum.org/art/collection/search/668538,https://images.metmuseum.org/CRDImages/gr/original/DVB00251_1_ff.jpg,1,,,
251506,Bone hairpin with bust of a woman,Pin,2nd–3rd century CE,Imperial,,,Bone,H.: 4 7/8 in. (12.4 cm),Roman,,,,Women,,,,,,,Greek and Roman Art,"Miscellaneous-Bone, Ivory",,False,True,https://www.metmuseum.org/art/collection/search/251506,https://images.metmuseum.org/CRDImages/gr/original/DP121062.jpg,0,https://www.wikidata.org/wiki/Q116287868,,
755826,Terracotta fragment of a kylix (drinking cup),Kylix fragment,third quarter of the 6th century BCE,Archaic,,,Terracotta,,"Greek, Attic",,,,,,,,,,,Greek and Roman Art,Vases,,False,True,https://www.metmuseum.org/art/collection/search/755826,https://images.metmuseum.org/CRDImages/gr/original/DVB13123_1_ff.jpg,1,,,
240237,Terracotta ring vase,Ring-vase,7th century BCE,,,,Terracotta,H. 7 1/2 in. (19 cm),Phoenician,,,,,,,,,,,Greek and Roman Art,Vases,,False,True,https://www.metmuseum.org/art/collection/search/240237,https://images.metmuseum.org/CRDImages/gr/original/DP-37809-002.jpg,1,https://www.wikidata.org/wiki/Q116401437,,
669739,Terracotta fragment of a kylix (drinking cup),Kylix fragment,second quarter of the 5th century BCE,Classical,,,Terracotta,,"Greek, Attic",,,,,,,,,,,Greek and Roman Art,Vases,,False,True,https://www.metmuseum.org/art/collection/search/669739,https://images.metmuseum.org/CRDImages/gr/original/DVB00648_1_ff.jpg,1,,,
713762,Terracotta fragment of a kylix (drinking cup),Kylix fragment,500–480 BCE,Archaic,,,Terracotta,,"Greek, Attic",,,,,,,,,,,Greek and Roman Art,Vases,,False,True,https://www.metmuseum.org/art/collection/search/713762,https://images.metmuseum.org/CRDImages/gr/original/DVB07595_1_ff.jpg,1,,,
676746,Terracotta fragments of kylikes (drinking cups),Kylix fragments,5th century BCE,Archaic /Classical,,,Terracotta,,"Greek, Attic",,,,,,,,,,,Greek and Roman Art,Vases,,False,True,https://www.metmuseum.org/art/collection/search/676746,https://images.metmuseum.org/CRDImages/gr/original/DVB01429_1_ff.jpg,1,,,
244919,Carnelian ring stone,Intaglio,ca. 1st–3rd century CE,Imperial,,,Carnelian,Length: 1/2 in. (1.2 cm),Roman,,,,Painting|Men|Artists|Palettes,,,,,,,Greek and Roman Art,Gems,,False,True,https://www.metmuseum.org/art/collection/search/244919,https://images.metmuseum.org/CRDImages/gr/original/DP141711.jpg,2,https://www.wikidata.org/wiki/Q116297280,,
713868,Terracotta rim fragment of a kylix (drinking cup),Kylix fragment,500–480 BCE,Archaic,,,Terracotta,,"Greek, Attic",,,,,Makron,Artist,,,,,Greek and Roman Art,Vases,,False,True,https://www.metmuseum.org/art/collection/search/713868,https://images.metmuseum.org/CRDImages/gr/original/DVB07450_1_ff.jpg,1,,https://www.wikidata.org/wiki/Q427706,http://vocab.getty.edu/page/ulan/500008500
733166,Terracotta fragment of a calyx-krater (bowl for mixing wine and water),Calyx-krater fragment,470–450 BCE,Classical,,,Terracotta,,"Greek, Attic",,,,,,,,,,,Greek and Roman Art,Vases,,False,True,https://www.metmuseum.org/art/collection/search/733166,https://images.metmuseum.org/CRDImages/gr/original/DVB09894_1_ff.jpg,1,,,
244276,Axehead,Axehead,ca. 3200–2000 BCE,Early Bronze Age,,,Bronze,Other: 4 13/16in. (12.2cm),Cypriot,,,,,,,,,,,Greek and Roman Art,Bronzes,,False,True,https://www.metmuseum.org/art/collection/search/244276,https://images.metmuseum.org/CRDImages/gr/original/DP2230.jpg,1,,,
667539,Terracotta fragment of a kylix (drinking cup),Kylix fragment,5th century BCE,Archaic/Classical,,,Terracotta,,"Greek, Attic",,,,,,,,,,,Greek and Roman Art,Vases,,False,True,https://www.metmuseum.org/art/collection/search/667539,https://images.metmuseum.org/CRDImages/gr/original/DVB00031_1_ff.jpg,1,,,
703563,Terracotta fragment of a kylix (drinking cup),Kylix fragment,510–500 BCE,Archaic,,,Terracotta,,"Greek, Attic",,,,,,,,,,,Greek and Roman Art,Vases,,False,True,https://www.metmuseum.org/art/collection/search/703563,https://images.metmuseum.org/CRDImages/gr/original/DVB06142_1_ff.jpg,1,,,
737073,Terracotta fragment of a skyphos (deep drinking cup),Skyphos fragment,450–430 BCE,Classical,,,Terracotta,,"Greek, Attic",,,,,,,,,,,Greek and Roman Art,Vases,,False,True,https://www.metmuseum.org/art/collection/search/737073,https://images.metmuseum.org/CRDImages/gr/original/DVB10177_1_ff.jpg,1,,,
256670,Ring,Ring,-7000–330,,,,Bronze,diameter     2.69 cm.,,,,,,,,,,,,Greek and Roman Art,Bronzes,,False,True,https://www.metmuseum.org/art/collection/search/256670,https://images.metmuseum.org/CRDImages/gr/original/DP2053.jpg,0,,,
256789,"Kylix, eye-cup fragment","Kylix, eye-cup fragment",3rd quarter of the 6th century BCE,Archaic,,,Terracotta,2 5/16 × 1 7/8 × 3/16 in. (5.9 × 4.8 × 0.5 cm),"Greek, Attic",,,,,,,,,,,Greek and Roman Art,Vases,,False,True,https://www.metmuseum.org/art/collection/search/256789,https://images.metmuseum.org/CRDImages/gr/original/DP21805.jpg,0,,,
740185,Terracotta fragment of a stamnos (jar)?,Stamnos fragment?,520–500 BCE,Archaic,,,Terracotta,,"Greek, Attic",,,,,,,,,,,Greek and Roman Art,Vases,,False,True,https://www.metmuseum.org/art/collection/search/740185,https://images.metmuseum.org/CRDImages/gr/original/DVB09370_1_ff.jpg,1,,,
246591,Terracotta stemless kylix (drinking cup),"Kylix, stemless",ca. 460 BCE,Classical,,,Terracotta,"H. 3 3/8 in. (8.6 cm)
diameter  8 11/16 in. (22 cm)","Greek, Attic",,,,Men|Lyres|Eos,Penthesilea Painter,Artist,,,,,Greek and Roman Art,Vases,,False,True,https://www.metmuseum.org/art/collection/search/246591,https://images.metmuseum.org/CRDImages/gr/original/DP145989.jpg,1,https://www.wikidata.org/wiki/Q116290212,https://www.wikidata.org/wiki/Q71976,http://vocab.getty.edu/page/ulan/500023365
245364,Glass beaker,Beaker,1st half of 1st century CE,Early Imperial,,,Glass,"H. 2 7/8in. (7.3cm)
Other: 2 3/4in. (7cm)",Roman,,,,,,,,,,,Greek and Roman Art,Glass,,False,True,https://www.metmuseum.org/art/collection/search/245364,https://images.metmuseum.org/CRDImages/gr/original/DP120991.jpg,0,https://www.wikidata.org/wiki/Q116293380,,
257306,Glass mosaic bowl fragment,"Fragment, mosaic bowl",late 1st century BCE–early 1st century CE,Early Imperial,,,Glass,Other: 13/16 x 15/16 in. (2.1 x 2.4 cm),Roman,,,,,,,,,,,Greek and Roman Art,Glass,,False,True,https://www.metmuseum.org/art/collection/search/257306,https://images.metmuseum.org/CRDImages/gr/original/DP22127.jpg,1,,,
249307,Glass cup,Cup,4th century CE,Late Imperial,,,Glass,"H.: 3 7/16 in. (8.7 cm)
Diam.: 3 3/16 in. (8.1 cm)",Roman,,,,,,,,,,,Greek and Roman Art,Glass,,False,True,https://www.metmuseum.org/art/collection/search/249307,https://images.metmuseum.org/CRDImages/gr/original/DP-32960-001.jpg,0,,,
691955,Terracotta fragment of a kylix (drinking cup),Kylix fragment,second quarter of the 5th century BCE,Classical,,,Terracotta,,"Greek, Attic",,,,,,,,,,,Greek and Roman Art,Vases,,False,True,https://www.metmuseum.org/art/collection/search/691955,https://images.metmuseum.org/CRDImages/gr/original/DVB03529_1_ff.jpg,1,,,
762795,Terracotta fragment of a closed shape,Undetermined closed shape,late 6th/early 5th century BCE,Archaic,,,Terracotta,,"Greek, Attic",,,,,,,,,,,Greek and Roman Art,Vases,,False,True,https://www.metmuseum.org/art/collection/search/762795,https://images.metmuseum.org/CRDImages/gr/original/DVB14176_1_ff.jpg,1,,,
773939,Terracotta fragments of kylikes (drinking cups),Kylikes fragments,6th/5th centuries BCE,Archaic/Classical,,,Terracotta,,"Greek, Attic",,,,,,,,,,,Greek and Roman Art,Vases,,False,True,https://www.metmuseum.org/art/collection/search/773939,https://images.metmuseum.org/CRDImages/gr/original/DVB15635_1_ff.jpg,1,,,
