ObjectID,Title,Object Name,Date,Period,Dynasty,Reign,Medium,Dimensions,Culture,Country,Region,City,Subjects,Artist Name,Artist Role(s),Artist Nationality,Artist Date of Birth,Artist Date of Death,Artist Gender,department,classification,artistDisplayBio,isHighlight,isPublicDomain,objectURL,primaryImage,additionalImages_count,objectWikidata_URL,artistWikidata_URL,artistULAN_URL
23604,Arrowhead (<i>Yanone</i>),Arrowhead (<i>Yanone</i>),18th century,,,,Steel,L. 10 in. (25.4 cm); L. of head 3 in. (7.6 cm); W. 1 1/8 in. (2.9 cm); Wt. 1.2 oz. (34 g),Japanese,Japan,,,,,,,,,,Arms and Armor,Archery Equipment-Arrowheads,,False,True,https://www.metmuseum.org/art/collection/search/23604,https://images.metmuseum.org/CRDImages/aa/original/LC-32_75_534-001.jpg,0,,,
33951,Buckle,Buckle,15th–17th century,,,,Steel,H. 13/16 in. (2.1 cm); W. 1 1/16 in. (2.7 cm); thickness 3/16 in. (0.5 cm); Wt. 0.1 oz. (3 g),European,,,,,,,,,,,Arms and Armor,Miscellaneous-Buckles & Ornament,,False,True,https://www.metmuseum.org/art/collection/search/33951,https://images.metmuseum.org/CRDImages/aa/original/LC-29_158_861-001.jpg,0,,,
24771,Knife Handle (Kozuka) with Certificate of Authenticity (Orikami),Knife handle (Kozuka) with certificate of authenticity (Orikami),17th century,,,,"Copper-gold alloy (shakudō), gold, silver",L. of knife handle (kozuka) (a) 3 13/16 in. (9.7 cm); W. of knife handle (kozuka) (a) 9/16 in. (1.4 cm),Japanese,Japan,,,,Gotō Renjō (Mitsutomo),Fittings maker,Japanese,1628,1708,,Arms and Armor,Sword Furniture-Kozuka,"Japanese, 1628–1708, tenth-generation Gotō master",False,True,https://www.metmuseum.org/art/collection/search/24771,https://images.metmuseum.org/CRDImages/aa/original/LC-45_24_30a-001.jpg,1,,,
23262,Gauntlet for the Right Hand,Gauntlet for the right hand,ca. 1430–40,,,,Steel,L. 9 1/4 in. (23.5 cm); W. 5 in. (12.7 cm); D. 5 1/4 in. (13.3 cm); Wt. 1 lb. 0.9 oz. (479.1 g),Italian,Italy,,,,,,,,,,Arms and Armor,Armor Parts-Gauntlets,,False,True,https://www.metmuseum.org/art/collection/search/23262,https://images.metmuseum.org/CRDImages/aa/original/29.158.227_001Sept2014.jpg,4,https://www.wikidata.org/wiki/Q116326541,,
27683,Brigandine Plate,Brigandine plate,1400–1450,,,,Iron alloy,H. 10 in. (25.4 cm); W. 7 7/8 in. (20 cm); Wt. 1 lb. 3.7 oz. (558.5 g),Italian,Italy,,,,,,,,,,Arms and Armor,Armor Parts,,False,True,https://www.metmuseum.org/art/collection/search/27683,https://images.metmuseum.org/CRDImages/aa/original/29.150.90dd_001august2014.jpg,1,,,
23522,Arrowhead (<i>Yanone</i>),Arrowhead (<i>Yanone</i>),18th century,,,,Steel,L. 10 3/4 in. (27.3 cm); L. of head 5 in. (12.7 cm); W. 3 in. (7.6 cm); Wt. 3.1 oz. (87.9 g),Japanese,Japan,,,,,,,,,,Arms and Armor,Archery Equipment-Arrowheads,,False,True,https://www.metmuseum.org/art/collection/search/23522,https://images.metmuseum.org/CRDImages/aa/original/LC-32_75_451-001.jpg,0,,,
33547,Bit Bosses,Bit boss,16th century,,,,"Copper, enamel, silver, gold",14.25.1803b; Diam. 3 3/4 in. (9.5 cm); Wt. 1.1 oz. (31.2 g); 14.25.1803c; Diam. 3 3/4 in. (9.5 cm); Wt. 0.8 oz. (22.7 g),German,Germany,,,Birds,,,,,,,Arms and Armor,Equestrian Equipment-Bits,,False,True,https://www.metmuseum.org/art/collection/search/33547,https://images.metmuseum.org/CRDImages/aa/original/LC-14_25_1803b-001.jpg,1,,,
26514,Comb Morion,Comb morion,ca. 1580–90,,,,"Steel, brass, leather",H. 12 1/2 in. (31.75 cm); W. 9 1/2 in. (24.13  cm); D. 16 1/2 in. (41.9 cm); Wt. 3 lb. 15 oz. (1771 g),"German, possibly Brunswick",Germany,,possibly Brunswick,,,,,,,,Arms and Armor,Helmets,,False,True,https://www.metmuseum.org/art/collection/search/26514,https://images.metmuseum.org/CRDImages/aa/original/DP22321.jpg,5,,,
34267,Morion-Cabasset,Morion-cabasset,ca. 1575,,,,"Steel, brass, leather",H. 11 5/8 in. (29.5 cm); W. 9 1/16 in. (23 cm); D. 13 11/16 in. (34.8 cm); Wt. 2 lb. 10 oz. (1192 g),Italian,Italy,,,,,,,,,,Arms and Armor,Helmets,,False,True,https://www.metmuseum.org/art/collection/search/34267,https://images.metmuseum.org/CRDImages/aa/original/29.158.20_007AA2015.jpg,4,,,
22817,Arrowhead (<i>Yanone</i>),Arrowhead (<i>Yanone</i>),18th century,,,,Steel,L. 5 1/4 in. (13.3 cm); L. of head 1 3/16 in. (3 cm); W. 3/8 in. (1 cm); Wt. 0.3 oz. (8.5 g),Japanese,Japan,,,,,,,,,,Arms and Armor,Archery Equipment-Arrowheads,,False,True,https://www.metmuseum.org/art/collection/search/22817,https://images.metmuseum.org/CRDImages/aa/original/LC-32_75_680-001.jpg,0,,,
32975,Coin (Crown) Showing Charles I,Coin (Crown),1625,,,,"Silver, gold",Diam. 1 11/16 in. (4.2 cm); thickness 1/8 in. (0.3 cm); Wt. 1.1 oz. (31.2 g),British,England,,,Men|Horses,,,,,,,Arms and Armor,Miscellaneous-Coins and Medals,,False,True,https://www.metmuseum.org/art/collection/search/32975,https://images.metmuseum.org/CRDImages/aa/original/22.122.24_001nov2014.jpg,1,,,
894751,Armor (<i>Nimai-Dō Gusoku</i>) with Box,Armor (<i>Nimai-Dō Gusoku</i>) with box,late 16th–early 17th century,,,,"Iron, leather, lacquer, textile, wood",H. approx. 67 1/2 in. (171.5 cm),Japanese,Japan,,,,,,,,,,Arms and Armor,Armor,,False,True,https://www.metmuseum.org/art/collection/search/894751,https://images.metmuseum.org/CRDImages/aa/original/DP-34638-003.jpg,4,,,
30026,Sword Guard (Tsuba),Sword guard (Tsuba),ca. 1860,,,,"Iron, gold, copper",H. 3 1/4 in. (8.3 cm); W. 2 7/8 in. (7.3 cm); thickness 3/16 in. (0.5 cm); Wt. 5.3 oz. (150.3 g),Japanese,Japan,,,Ducks,,,,,,,Arms and Armor,Sword Furniture-Tsuba,,False,True,https://www.metmuseum.org/art/collection/search/30026,https://images.metmuseum.org/CRDImages/aa/original/36.120.14_001mar2014.jpg,1,,,
625352,Plate twelve from Nouveavx Desseins D'Arquebvseries,Ornament print from a firearms pattern book,dated 1736,,,,Engraving,7 1/2 x 9 3/8 in. (19 x 23.8 cm),"French, Paris",France,,Paris,Birds|Ornament|Men,De Lacollombe,Engraver,French,1702,1736,,Arms and Armor,Works on Paper,"French, Paris, active ca. 1702–ca. 1736",False,True,https://www.metmuseum.org/art/collection/search/625352,https://images.metmuseum.org/CRDImages/aa/original/DP320297.jpg,0,,,
22806,Arrowhead (<i>Yanone</i>),Arrowhead (<i>Yanone</i>),18th century,,,,Steel,L. 6 3/8 in. (16.2 cm); L. of head 1 1/2 in. (3.8 cm); W. 3/8 in. (1 cm); Wt. 0.4 oz. (11.3 g),Japanese,Japan,,,,,,,,,,Arms and Armor,Archery Equipment-Arrowheads,,False,True,https://www.metmuseum.org/art/collection/search/22806,https://images.metmuseum.org/CRDImages/aa/original/LC-32_75_669-001.jpg,0,,,
35731,Reinforcing Plates of Armor for the Tilt,Reinforcing plates of armor for the tilt,dated 1551,,,,Steel,grandguard (21.138.2): L. 12 3/4 in. (32.39 cm); W. 14 1/8 in. (35.86 cm); Wt. 4 lb. 4 oz. (1928 g); tilting buffe (21.138.3): L. 15 in. (38.1 cm); W. 9 3/4 in. (24.77 cm); Wt. 4 lb.11 oz. (2126 g); elbow guard (21.138.4): L. 10 3/4 in. (27.31 cm); W. 7 7/8 in. (19.99 cm); Wt. 2 lb. 13 oz. (1276 g),"Austrian, Innsbruck",Austria,,Innsbruck,,,,,,,,Arms and Armor,Armor Parts,,False,True,https://www.metmuseum.org/art/collection/search/35731,https://images.metmuseum.org/CRDImages/aa/original/21.138.2_.4_001june2014.jpg,3,https://www.wikidata.org/wiki/Q116324826,,
22058,Helmet (Kabuto),Helmet (kabuto),17th century,,,,"Iron, lacquer, silk, brass",9 in. (22.8 cm); 15 in. (38.1 cm).,Japanese,Japan,,,,,,,,,,Arms and Armor,Helmets,,False,True,https://www.metmuseum.org/art/collection/search/22058,https://images.metmuseum.org/CRDImages/aa/original/1261.jpg,0,,,
31397,Kris with Sheath,Kris with sheath,16th–19th century,,,,"Steel, wood, ivory, silver, copper",L. with sheath 18 1/2 in. (47 cm); L. without sheath 17 3/8 in. (44.1 cm); L. of blade 14 1/4 in. (36.2 cm); W. 3 1/2 in. (8.9 cm); Wt. 8 oz. (226.8 g); Wt. of sheath 3.9 oz. (110.6 g),Sumatran,Indonesia,,,,,,,,,,Arms and Armor,Krisses,,False,True,https://www.metmuseum.org/art/collection/search/31397,https://images.metmuseum.org/CRDImages/aa/original/LC-36_25_1198a_b-001-2.jpg,1,,,
23530,Arrowhead (<i>Yanone</i>),Arrowhead (<i>Yanone</i>),18th century,,,,Steel,L. 8 5/8 in. (21.9 cm); L. of head 3 3/8 in. (8.6 cm); W. 4 1/2 in. (11.4 cm); Wt. 4.3 oz. (121.9 g),Japanese,Japan,,,,,,,,,,Arms and Armor,Archery Equipment-Arrowheads,,False,True,https://www.metmuseum.org/art/collection/search/23530,https://images.metmuseum.org/CRDImages/aa/original/LC-32_75_459-001.jpg,0,,,
31545,Knife (Phia Kaetta),Knife (Piha kaetta),18th–19th century,,,,"Wood, brass, steel",L. 8 13/16 in. (22.4 cm); W. 1 in. (2.5 cm); Wt. 2.4 oz. (68 g),Sri Lankan,Sri Lanka,,,,,,,,,,Arms and Armor,Knives,,False,True,https://www.metmuseum.org/art/collection/search/31545,https://images.metmuseum.org/CRDImages/aa/original/36.25.954_001Mar2015_2.jpg,0,,,
34294,Staff Weapon,Staff weapon,15th century,,,,"Steel, wood",L. 94 1/8 in. (238.9 cm); L. of head 20 1/2 in. (52 cm); W. 8 in. (20.3 cm); Wt. 7 lb. 2 oz. (3230 g),Italian,Italy,,,,,,,,,,Arms and Armor,Shafted Weapons,,False,True,https://www.metmuseum.org/art/collection/search/34294,https://images.metmuseum.org/CRDImages/aa/original/29.156.10_002jan2015.jpg,1,,,
33454,Sword Guard (Tsuba),Sword guard (Tsuba),ca. 1615–1868,,,,"Iron, copper",H. 3 1/4 in. (8.3 cm); W. 3 1/16 in. (7.8 cm); thickness 3/16 in. (0.5 cm); Wt. 4.2 oz. (119.1 g),Japanese,Japan,,,Birds|Men|Horses,,,,,,,Arms and Armor,Sword Furniture-Tsuba,,False,True,https://www.metmuseum.org/art/collection/search/33454,https://images.metmuseum.org/CRDImages/aa/original/19.154.67_001feb2014.jpg,1,,,
27181,Crinet,Crinet,ca. 1535,,,,Steel,"L. 37 1/2 in. (95.2 cm); W. 11 3/4 in. (29.9 cm); Wt. 6 lb. 14 oz. (3,070 g)","German, Nuremberg",Germany,,Nuremberg,,Valentin Siebenbürger,Armorer,German,1485,1564,,Arms and Armor,Armor for Horse,"German, Nuremberg, ca. 1510–1564, master in 1531",False,True,https://www.metmuseum.org/art/collection/search/27181,https://images.metmuseum.org/CRDImages/aa/original/DP108798.jpg,2,,https://www.wikidata.org/wiki/Q56641200,http://vocab.getty.edu/page/ulan/500061643
24027,Helmet,Helmet,late 16th century,,,,"Copper alloy (tombak), gold, leather, textile",H. including nasal 14 1/4 in. (36.2 cm); H. excluding nasal 9 7/8 in. (25.1 cm); W. 9 in. (22.9 cm); D. 11 in. (27.9 cm); Wt. 2 lb. 13.7 oz. (1295.6 g),Turkish,Turkey,,,,,,,,,,Arms and Armor,Helmets,,False,True,https://www.metmuseum.org/art/collection/search/24027,https://images.metmuseum.org/CRDImages/aa/original/DP151792.jpg,1,https://www.wikidata.org/wiki/Q116394304,,
30659,Spear (Kay-Yan),Spear (Kay-yan),18th–19th century,,,,"Steel, wood, cane (rattan)",L. 63 1/2 in. (161.3 cm); L. of head 10 11/16 in. (27.1 cm); W. 3 3/8 in. (8.6 cm); Wt. 20.7 oz. (586.8 g),"Philippine, Igorot",Philippines,,,,,,,,,,Arms and Armor,Shafted Weapons,,False,True,https://www.metmuseum.org/art/collection/search/30659,https://images.metmuseum.org/CRDImages/aa/original/36.25.2046_002jan2015.jpg,1,,,
25571,Badge or Harness Pendant,Badge or harness pendant,14th century,,,,"Copper, gold, enamel",H. 4 in. (10.2 cm); W. 2 3/4 in. (7 cm); Wt. 1.5 oz. (42.5 g),Spanish,Spain,,,Men|Women,,,,,,,Arms and Armor,Miscellaneous-Badges,,False,True,https://www.metmuseum.org/art/collection/search/25571,https://images.metmuseum.org/CRDImages/aa/original/LC-04.3.454-001.jpg,0,,,
31540,Dagger (Katar),Dagger (Katar),18th century,,,,"Steel, silver",H. 16 5/8 in. (42.2 cm); W. 3 7/16 in. (8.7 cm); Wt. 1 lb. 3.8 oz. (561.3 g),Indian,South India,,,,,,,,,,Arms and Armor,Daggers,,False,True,https://www.metmuseum.org/art/collection/search/31540,https://images.metmuseum.org/CRDImages/aa/original/36.25.948_003july2014.jpg,1,,,
29350,Snaffle Bit,Bit,9th–11th century,,,,Iron alloy,W. 5 1/4 in. (13.3 cm); Wt. 3.3 oz. (93.6 g),German,Poland,,Dolkheim,,,,,,,,Arms and Armor,Equestrian Equipment-Bits,,False,True,https://www.metmuseum.org/art/collection/search/29350,https://images.metmuseum.org/CRDImages/aa/original/LC-42_50_501-001.jpg,0,,,
25116,Pair of Stirrups (Yob Cha),Pair of stirrups (Yob cha),15th–18th century,,,,"Iron, gold, silver",Stirrup (a); H. 5 7/8 in. (14.9 cm); W. 5 in. (12.7 cm); D. 3 1/8 in. (7.9 cm); Wt. 15.4 oz. (436.6 g); stirrup (b); H. 6 in. (15.2 cm); W. 5 in. (12.7 cm); D. 3 in. (7.6 cm); Wt. 14.6 oz. (413.9 g),Tibetan,Tibet,,,,,,,,,,Arms and Armor,Equestrian Equipment-Stirrups,,False,True,https://www.metmuseum.org/art/collection/search/25116,https://images.metmuseum.org/CRDImages/aa/original/DP113392.jpg,0,,,
29564,Powder Horn,Powder horn,1764,,,,"Horn (cow), wood",L. 12 1/2 in. (31.8 cm); Diam. 3 1/4 in. (8.3 cm); Wt. 12.6 oz. (357.2 g),"Colonial American, Hampton Falls, New Hampshire",United States,,Hampton Falls,,Joseph Cram,Maker,,,9999,,Arms and Armor,Firearms Accessories-Powder Horns,,False,True,https://www.metmuseum.org/art/collection/search/29564,https://images.metmuseum.org/CRDImages/aa/original/37.131.9_002Sept2014.jpg,3,,,
28219,Knife Handle (Kozuka),Knife handle (Kozuka),mid-19th century,,,,"Copper-gold alloy (shakudō), gold, silver",L. 3 13/16 in. (9.7 cm); W. 9/16 in. (1.4 cm); thickness 1/4 in. (0.6 cm); Wt. 1.2 oz. (34 g),Japanese,Japan,,,,,,,,,,Arms and Armor,Sword Furniture-Kozuka,,False,True,https://www.metmuseum.org/art/collection/search/28219,https://images.metmuseum.org/CRDImages/aa/original/LC-43_120_329-001.jpg,1,,,
26782,Partisan,Partisan,ca. 1620,,,,"Steel, wood, iron, textile, metallic thread",L. 90 in. (228.5 cm); L. of head 19 1/2 in. (49.5 cm); W. 5 1/2 in. (14 cm); Wt. 6 lbs. 5 oz. (2863.3 g),Italian,Italy,,,Coat of Arms,,,,,,,Arms and Armor,Shafted Weapons,,False,True,https://www.metmuseum.org/art/collection/search/26782,https://images.metmuseum.org/CRDImages/aa/original/14.25.372_002jan2015.jpg,1,,,
696693,Fragment,Fragment,ca. 1150–ca. 1250,,,,"Glass, ceramic",greatest H. 3 1/4 in. (8.3 cm); smallest H. 3/4 in. (1.9 cm),European or Middle Eastern,,,,,,,,,,,Arms and Armor,Glass-Vessels,,False,True,https://www.metmuseum.org/art/collection/search/696693,https://images.metmuseum.org/CRDImages/aa/original/DP276488.jpg,3,,,
33060,Rosette,Rosette,dated 1575,,,,Brass,Diam. 5/8 in. (1.6 cm); thickness 1/16 in. (0.2 cm); Wt. 0.03 oz. (1 g),German,Germany,,,,,,,,,,Arms and Armor,Miscellaneous-Buckles & Ornament,,False,True,https://www.metmuseum.org/art/collection/search/33060,https://images.metmuseum.org/CRDImages/aa/original/LC-20_152_205-001.jpg,0,,,
31504,Dagger (Katar),Dagger (Katar),1852,,,,"Steel, gold",L. 17 1/2 in. (44.5 cm); W. 3 9/16 in. (9 cm); Wt. 1 lb. 4.4 oz. (578.3 g),"Indian, Rajasthan",India,,Bundi,,,,,,,,Arms and Armor,Daggers,,False,True,https://www.metmuseum.org/art/collection/search/31504,https://images.metmuseum.org/CRDImages/aa/original/36.25.912_002july2014.jpg,1,,,
31547,Knife (Piha Kaetta),Knife (Piha kaetta),18th–19th century,,,,"Steel, wood, brass, silver",L. 11 3/8 in. (28.9 cm); W. 2 in. (5.1 cm); Wt. 9.7 oz. (275 g),Sri Lankan,Sri Lanka,,,,,,,,,,Arms and Armor,Knives,,False,True,https://www.metmuseum.org/art/collection/search/31547,https://images.metmuseum.org/CRDImages/aa/original/36.25.956_001Mar2015.jpg,0,,,
22009,Pendant for Horse Trappings,Pendant for horse trappings,15th century,,,,"Copper alloy, enamel, gold",H. 2 in. (5.1 cm); W. 1 1/2 in. (3.8 cm); Wt. 0.5 oz. (14.2 g),Spanish,Spain,,,Dogs|Coat of Arms,,,,,,,Arms and Armor,Miscellaneous-Badges,,False,True,https://www.metmuseum.org/art/collection/search/22009,https://images.metmuseum.org/CRDImages/aa/original/LC-04.3.429-001.jpg,0,https://www.wikidata.org/wiki/Q116234859,,
22276,Armor,Armor,"ca. 1575; breastplate, later; lancerest and gilt decoration, probably 18th–19th century",,,,"Steel, gold, leather, copper alloy, textile","Overall Wt. approx. 47 lb. 5 oz. (21.5 kg); helmet (a): H. 14 3/4 in. (37.5 cm); W. 9 1/16 in. (23 cm); D. 12 13/16 in. (32.5 cm); Wt. 8 lb. 2.15 oz. (3689 g); additional helmet (b): H. 14 1/4 in. (36.2 cm); W. 7 7/8 in. (20 cm); D. 11 1/4 in. (28.6 cm); Wt. 4 lb. 8.3 oz. (2049.7 g); gorget (c): H. 5 15/16 (15.1 cm); W. 12 1/16 in. (30.6 cm); D. 9 7/8 in. (25.1 cm); Wt. 2 lb. 2.45 oz. (977 g); breastplate with lance rest and tace lame (d, e): H. 19 3/16 in. (48.7 cm); W. 14 3/4 in. (37.5 cm); D. 7 13/16 in. (19.8 cm); Wt. 6 lb. 4.8 oz. (2857 g); right tasset (f): H. 11 13/16 in. (30 cm); W. 11 5/8 in. (29.5 cm); D. 4 1/8 in. (10.5 cm); Wt. 1 lb. 13.15 oz. (826 g); left tasset (g): H. 11 5/8 in. (29.5 cm); W. 12 3/8 in. (31.4 cm); D. 3 11/16 in. (9.4 cm); Wt. 2 lb. 4.65 oz. (1040 g); backplate (h): H. 14 15/16 in. (37.9 cm); W. 14 7/8 in. (37.8 cm); D. 6 7/16 in. (16.4 cm); Wt. 5 lb. 15.95 oz. (2720 g); right pauldron (i): H. 8 3/4 in. (22.2 cm); W. 11 3/8 in. (28.9 cm); D. 11 3/8 in. (28.9 cm); Wt. 2 lb. 7 oz. (1106 g); left pauldron (j): H. 8 1/4 in. (21 cm); W. 12 5/16 in. (31.3 cm); D. 11 5/8 in. (29.5 cm); Wt. 2 lb. 12.4 oz. (1259 g); right arm defense (k): H. 17 9/16 in. (44.6 cm); W. 7 1/16 in. (17.9 cm); D. 5 1/16 in. (12.9 cm); Wt. 2 lb. 6.6 oz. (1094 g); left arm defense (l): H. 17 7/16 in. (44.3 cm); W. 7 1/4 in. (18.4 cm); D. 5 1/16 in. (12.9 cm); Wt. 2 lb. 6 oz. (1077 g); right gauntlet (m): H. 12 3/8 in. (31.4 cm); W. 5 3/8 in. (13.7 cm); D. 5 1/8 in. (13 cm); Wt. 1 lb. 2.45 oz. (522 g); left gauntlet (n): H. 12 5/8 in. (32.1 cm); W. 5 1/2 in. (14 cm); D. 5 9/16 in. (14.1 cm); Wt. 1 lb. 4.15 oz. (571 g); right cuisse (thigh defense) and knee cop (o): H. 16 7/16 (41.8 cm); W. 7 11/16 in. (19.5 cm); D. 5 1/2 in. (14 cm); Wt. 2 lb. 3.7 oz. (1012 g); left cuisse (thigh defense) and knee cop (p): H. 16 3/16 in. (41.1 cm); W. 8 7/16 in. (21.4 cm); D. 5 7/8 in. (14.9 cm); Wt. 2 lb. 7.7 oz. (1126 g); right greave (lower leg defense) (q): H. 15 1/16 in. (38.3 cm); W. 4 5/8 in. (11.7 cm); D. 5 5/8 in. (14.3 cm); Wt. 1 lb. 14.1 oz. (854 g); left greave (lower leg defense) (r): H. 14 9/16 in. (37 cm); W. 4 3/4 in. (12.1 cm); D. 5 1/8 in. (13 cm); Wt. 2 lb. 3.7 oz. (1012 g)","Italian, probably Milan",Italy,,probably Milan,,,,,,,,Arms and Armor,Armor for Man,,False,True,https://www.metmuseum.org/art/collection/search/22276,https://images.metmuseum.org/CRDImages/aa/original/25233.jpg,7,https://www.wikidata.org/wiki/Q116240981,,
23592,Arrowhead (<i>Yanone</i>),Arrowhead (<i>Yanone</i>),18th century,,,,Steel,L. 11 3/4 in. (29.9 cm); L. of head 3 in. (7.6 cm); W. 1 3/4 in. (4.5 cm); Wt. 1.9 oz. (53.9 g),Japanese,Japan,,,,,,,,,,Arms and Armor,Archery Equipment-Arrowheads,,False,True,https://www.metmuseum.org/art/collection/search/23592,https://images.metmuseum.org/CRDImages/aa/original/LC-32_75_522-001.jpg,0,,,
34594,Knife Handle (Kozuka),Knife handle (Kozuka),ca. 1615–1868,,,,"Copper-silver alloy (shibuichi), copper-gold alloy (shakudō), gold, silver, copper",L. 3 13/16 in. (9.7 cm); W. 9/16 in. (1.4 cm); thickness 1/4 in. (0.6 cm); Wt. 1.2 oz. (34 g),Japanese,Japan,,,Men|Ox,,,,,,,Arms and Armor,Sword Furniture-Kozuka,,False,True,https://www.metmuseum.org/art/collection/search/34594,https://images.metmuseum.org/CRDImages/aa/original/29.100.1184_001AA2015.jpg,0,,,
27326,Pair of Stirrups,Pair of stirrrups,possibly 16th–19th century,,,,"Wood, iron, copper alloy",Stirrup (a); H. 6 in. (15.2 cm); W. 5 7/8 in. (14.9 cm); D. 2 1/4 in. (5.7 cm); Wt. 6.9 oz. (195.6 g); stirrup (b); H. 6 3/8 in. (16.2 cm); W. 5 7/8 in. (14.9 cm); D. 1 7/8 in. (4.8 cm); Wt. 7.2 oz. (204.1 g),Tibetan or Mongolian,Mongolia,,,,,,,,,,Arms and Armor,Equestrian Equipment-Stirrups,,False,True,https://www.metmuseum.org/art/collection/search/27326,https://images.metmuseum.org/CRDImages/aa/original/DP113427.jpg,0,,,
29939,Sword Guard (Tsuba),Sword guard (Tsuba),late 17th century,,,,"Iron, gold, silver, copper",H. 3 1/4 in. (8.3 cm); W. 3 in. (7.6 cm); thickness 3/16 in. (0.5 cm); Wt. 6.4 oz. (181.4 g),Japanese,Japan,,,Plants,,,,,,,Arms and Armor,Sword Furniture-Tsuba,,False,True,https://www.metmuseum.org/art/collection/search/29939,https://images.metmuseum.org/CRDImages/aa/original/36.120.118_001mar2014.jpg,1,,,
35643,Eight-Plate Helmet,Helmet,16th–17th century,,,,"Iron, leather",H. 8 1/4 in. (21 cm); Diam. 9 in. (22.9 cm); Wt. 2 lbs. 4.8 oz. (1043.3 g),Tibetan,Tibet,,,,,,,,,,Arms and Armor,Helmets,,False,True,https://www.metmuseum.org/art/collection/search/35643,https://images.metmuseum.org/CRDImages/aa/original/DP286147.jpg,5,,,
24813,Helmet with Aventail,Helmet with associated aventail,late 15th–16th century,,,,"Steel, iron, silver, copper alloy",H. including mail 22 in. (55.9 cm); H. excluding mail 13 5/8 in. (34.6 cm); Diam. 10 in. (25.4 cm); Wt. including mail 7 lb. 6.2 oz. (3350.9 g); Wt. excluding mail 3 lb. 9 oz. (1616 g),"Turkish, in the style of Turkman armor",Turkey,,,Arabic,,,,,,,Arms and Armor,Helmets,,True,True,https://www.metmuseum.org/art/collection/search/24813,https://images.metmuseum.org/CRDImages/aa/original/DP152928.jpg,18,https://www.wikidata.org/wiki/Q29383165,,
27670,Right Half of Brigandine Breastplate,Right half of brigandine breastplate,1400–1450,,,,Iron alloy,H. 9 3/4 in. (24.8 cm); W. 8 3/4 in. (22.2 cm); Wt. 2 lbs. 7 oz. (1105.6 g),Italian,Italy,,,,,,,,,,Arms and Armor,Armor Parts,,False,True,https://www.metmuseum.org/art/collection/search/27670,https://images.metmuseum.org/CRDImages/aa/original/29.150.93_002august2014.jpg,1,,,
33605,Rowel Spur,Spur,mid-17th century,,,,"Iron alloy, gold",L. 5 1/2 in. (14 cm); W. 3 1/4 in. (8.3 cm); Diam. of rowel 2 in. (5 cm); Wt. 4.5 oz. (127.6 g),French,France,,,,,,,,,,Arms and Armor,Equestrian Equipment-Spurs,,False,True,https://www.metmuseum.org/art/collection/search/33605,https://images.metmuseum.org/CRDImages/aa/original/LC-14_25_1735-001.jpg,1,,,
35010,Pair of Sword-Grip Ornaments (Menuki),Pair of sword-grip ornaments (Menuki),18th century,,,,"Copper, copper-gold alloy (shakudō)",Menuki (a); L. 2 1/8 in. (5.4 cm); Wt. 0.2 oz. (5.7 g); menuki (b); L. 2 1/8 in. (5.4 cm); Wt. 0.3 oz. (8.5 g),Japanese,Japan,,,Lobsters,,,,,,,Arms and Armor,Sword Furniture-Menuki,,False,True,https://www.metmuseum.org/art/collection/search/35010,https://images.metmuseum.org/CRDImages/aa/original/LC-17_208_15a_b-001.jpg,0,,,
26535,Sword,Sword,18th–19th century,,,,"Iron, wood, silver, copper alloy, ray skin, leather",L. 38 1/2 in. (97.5 cm); L. of blade 32 3/8 in. (82.2 cm); W. 3 in. (7.6 cm); D. 3 1/4 in. (8.3 cm); Wt. 2 lb. 6 oz. (1077.3 g),Eastern Tibetan,Tibet,Eastern Tibet,,,,,,,,,Arms and Armor,Swords,,False,True,https://www.metmuseum.org/art/collection/search/26535,https://images.metmuseum.org/CRDImages/aa/original/DP113233.jpg,1,,,
34876,Vamplate of a Jousting Lance,Vamplate,16th century,,,,Steel,H. 4 3/16 in. (10.6 cm); Diam. 12 13/16 in. (32.5 cm); Diam. of lance opening 2 5/16 in. (5.8 cm); Wt. 1 lb. 12 oz. (793.8 g),German,Germany,,,,,,,,,,Arms and Armor,Shafted Weapons,,False,True,https://www.metmuseum.org/art/collection/search/34876,https://images.metmuseum.org/CRDImages/aa/original/sfma27.183.95_71083.jpg,0,,,
23689,Arrowhead (<i>Yanone</i>),Arrowhead (<i>Yanone</i>),18th century,,,,Steel,L. 8 1/8 in. (20.6 cm); L. of head 2 1/2 in. (6.4 cm); W. 3/4 in. (1.9 cm); Wt. 0.9 oz. (25.5 g),Japanese,Japan,,,,,,,,,,Arms and Armor,Archery Equipment-Arrowheads,,False,True,https://www.metmuseum.org/art/collection/search/23689,https://images.metmuseum.org/CRDImages/aa/original/LC-32_75_623-001.jpg,0,,,
775331,Armor (<i>Gusoku</i>),Armor (<i>Gusoku</i>),"armor, 18th century; helmet, 16th century; restorations, 2015",,,,"Iron, copper, copper-gold alloy (<i>shakudō</i>), gold, lacquer, silk, linen, felt, leather, horsehair, doeskin","as mounted, H. 40 in. (101.6 cm); W. 20 1/2 in. (52.1 cm); D. 17 1/2 in. (44.5 cm). Wt. 9 lb. 13.2 oz. (4456.5 g)",Japanese,Japan,,,,Hiromichi Miura,Restorer/Conservator,Japanese,1938-05-20,,,Arms and Armor,Armor for Man,"Japanese, b. 1938",False,True,https://www.metmuseum.org/art/collection/search/775331,https://images.metmuseum.org/CRDImages/aa/original/LC-L_2015_44_4a_d-016.jpg,4,,,
24298,Dagger with Sheath,Dagger with sheath,late 17th century,,,,"Steel, nephrite, gold, rubies, emeralds, silver-gilt, leather",L. 17 in.  ( 43.18 cm),"Hilt, Indian, Mughal; blade, Turkish or Indian",Turkey,,,,,,,,,,Arms and Armor,Daggers,,False,True,https://www.metmuseum.org/art/collection/search/24298,https://images.metmuseum.org/CRDImages/aa/original/DP157696.jpg,1,https://www.wikidata.org/wiki/Q116321675,,
29456,Pair of Sword-Grip Ornaments (Menuki),Pair of sword-grip ornaments (Menuki),late 16th–early 17th century,,,,Gold,Menuki (a); L. 7/8 in. (2.2 cm); Wt. 0.2 oz. (5.7 g); menuki (b); L. 1 in. (2.5 cm); Wt. 0.2 oz. (5.7 g),Japanese,Japan,,,Fans|Men,,,,,,,Arms and Armor,Sword Furniture-Menuki,,False,True,https://www.metmuseum.org/art/collection/search/29456,https://images.metmuseum.org/CRDImages/aa/original/LC-38_55_35a_b-001.jpg,0,,,
31886,Pair of Stirrups,Stirrups,19th-early 20th century,,,,"Iron, silver, copper",Stirrup (a); H. 8 1/8 in. (20.6 cm); W. 5 1/4 in. (13.3 cm); D. 7 1/2 in. (19.1 cm); Wt. 1 lb. 13.5 oz. (836.3 g); stirrup (b); H. 8 1/4 in. (21 cm); W. 5 1/2 in. (14 cm); D. 7 1/2 in. (19.1 cm); Wt. 1 lb. 12.8 oz. (816.5 g),Moroccan,Morocco,,,,,,,,,,Arms and Armor,Equestrian Equipment-Stirrups,,False,True,https://www.metmuseum.org/art/collection/search/31886,https://images.metmuseum.org/CRDImages/aa/original/LC-36.25.530a_b-004.jpg,0,,,
29803,Knife Handle (Kozuka),Knife handle (Kozuka),1789–1876,,,,"Copper-silver alloy (shibuichi), gold, silver, copper",L. 3 13/16 in. (9.7 cm); W. 9/16 in. (1.4 cm); thickness 1/4 in. (0.6 cm); Wt. 1.2 oz. (34 g),Japanese,Japan,,,Flowers,,,,,,,Arms and Armor,Sword Furniture-Kozuka,,False,True,https://www.metmuseum.org/art/collection/search/29803,https://images.metmuseum.org/CRDImages/aa/original/36.120.255_001AA2015.jpg,1,,,
34967,Sword Guard (<i>Tsuba</i>),Sword guard (Tsuba),early 18th century,,,,"Iron, gold, copper",Diam. 3 5/16 in. (8.4 cm); thickness 3/16 in. (0.5 cm); Wt. 4.4 oz. (124.7 g),Japanese,Japan,,,Dragons,,,,,,,Arms and Armor,Sword Furniture-Tsuba,,False,True,https://www.metmuseum.org/art/collection/search/34967,https://images.metmuseum.org/CRDImages/aa/original/14.60.69_007feb2014.jpg,1,,,
35692,Helmet (<i>Spangenhelm</i>),Helmet (<i>Spangenhelm</i>),6th century,,,,"Iron, copper alloy, gold",H. 7 5/8 in. (19.4 cm); W. 8 in. (20.3 cm); Wt. 4 lb. 10 oz. (2102 g),Byzantine,Europe,,,,,,,,,,Arms and Armor,Helmets,,True,True,https://www.metmuseum.org/art/collection/search/35692,https://images.metmuseum.org/CRDImages/aa/original/DP-18980-001.jpg,4,,,
35718,Armor with Equestrian Equipment,Armor with equestrian equipment,late 18th–19th century,,,,"Steel, copper, gold, silk, leather, hair",Helmet (a); H. 10 3/4 in. (27.3 cm); W. 8 in. (20.3 cm); D. 10 1/4 in. (26 cm); Wt. 2 lbs. 7.2 oz. (1117 g),Chinese,China,,,Dragons,,,,,,,Arms and Armor,Armor for Horse and Man,,False,True,https://www.metmuseum.org/art/collection/search/35718,https://images.metmuseum.org/CRDImages/aa/original/DP275015.jpg,9,,,
24677,Rapier,Rapier,ca. 1570–80,,,,"Steel, gold, silver",L. 48 1/2 in. (123.2 cm); L. of blade 42 1/2 in. (108 cm); Wt. 2 lb. 13 oz. (1276 g),European,,,,,,,,,,,Arms and Armor,Swords,,False,True,https://www.metmuseum.org/art/collection/search/24677,https://images.metmuseum.org/CRDImages/aa/original/LC-40_135_1-003.jpg,3,https://www.wikidata.org/wiki/Q116394346,,
23463,Arrowhead (<i>Yanone</i>),Arrowhead (<i>Yanone</i>),18th century,,,,Steel,L. 10 7/8 in. (27.7 cm); L. of head 3 3/4 in. (9.5 cm); W. 2 1/8 in. (5.4 cm); Wt. 1.7 oz. (48.2 g),Japanese,Japan,,,,,,,,,,Arms and Armor,Archery Equipment-Arrowheads,,False,True,https://www.metmuseum.org/art/collection/search/23463,https://images.metmuseum.org/CRDImages/aa/original/LC-32_75_392-001.jpg,0,,,
27039,Halberd,Halberd,late 16th century,,,,"Steel, wood",L. 91 1/2 in. (232.4 cm); L. of head 17 1/4 in. (43.8 cm); W. 7 3/4 in. (19.7 cm); Wt. 3 lbs. 4.6 oz. (1491.2 g),German,Germany,,,,,,,,,,Arms and Armor,Shafted Weapons,,False,True,https://www.metmuseum.org/art/collection/search/27039,https://images.metmuseum.org/CRDImages/aa/original/14.25.424_001jan2015.jpg,2,,,
26065,Sword Pommel (Kashira),Sword pommel (Kashira),late 18th–early 19th century,,,,"Iron, gold",H. 1 5/16 in. (3.3 cm); Wt. 0.4 oz. (11.3 g),Japanese,Japan,,,,,,,,,,Arms and Armor,Sword Furniture-Fuchi-Kashira,,False,True,https://www.metmuseum.org/art/collection/search/26065,https://images.metmuseum.org/CRDImages/aa/original/LC-19_153_26_27-001.jpg,0,,,
25428,Badge or Harness Pendant,Badge or harness pendant,ca. 1400,,,,"Copper, gold, enamel",H. 3 in. (7.6 cm); W. 2 in. (5.1 cm); Wt. 0.5 oz. (14.2 g),Spanish,Spain,,,,,,,,,,Arms and Armor,Miscellaneous-Badges,,False,True,https://www.metmuseum.org/art/collection/search/25428,https://images.metmuseum.org/CRDImages/aa/original/LC-04_3_304-001.jpg,0,,,
31370,Kris with Sheath,Kris with sheath,18th–19th century,,,,"Steel, wood, textile, copper alloy",L. with sheath 17 3/4 in. (45.1 cm); L. without sheath 16 1/2 in. (41.9 cm); L. of blade 14 in. (35.6 cm); W. 3 1/4 in. (8.3 cm); D. 3 3/8 in. (8.6); Wt. 9.4 oz. (266.5 g); Wt. of sheath 6.9 oz. (195.6 g),"Indonesian, Sulawesi",Indonesian,,,,,,,,,,Arms and Armor,Krisses,,False,True,https://www.metmuseum.org/art/collection/search/31370,https://images.metmuseum.org/CRDImages/aa/original/LC-36_25_1171a_b-001-2.jpg,1,,,
23219,Rapier,Rapier,ca. 1600–10,,,,"Steel, silver, wood",L. 39 7/8 in. (101.3 cm); L. of blade 32 in. (81.3 cm); W. 7 in. (17.8 cm); Wt. 3 lb. 1 oz. (1389.1 g),"German, Saxony",Germany,,,,Peter Wirsberg,Bladesmith,German,1609,1628,,Arms and Armor,Swords,"German, Solingen, recorded 1609–28",False,True,https://www.metmuseum.org/art/collection/search/23219,https://images.metmuseum.org/CRDImages/aa/original/LC-29_157_7-001.jpg,3,https://www.wikidata.org/wiki/Q116394253,,
22736,Powder Flask,Powder flask,ca. 1740–50,,,,"Tortoiseshell, steel, gold",L. 9 1/2 in. (24.1 cm),"Spanish, Madrid",Spain,,Madrid,,Joseph Cano,Maker,Spanish,1733,1751,,Arms and Armor,Firearms Accessories-Flasks & Primers,"Spanish, Madrid, documented 1733–died 1751",False,True,https://www.metmuseum.org/art/collection/search/22736,https://images.metmuseum.org/CRDImages/aa/original/sfrl19.53.87_43705ENL.jpg,0,https://www.wikidata.org/wiki/Q116324867,,
22064,War Hat (Jingasa),War hat (jingasa),17th–18th century,,,,"Iron, lacquer",2 in. (5.1 cm) X 15 in. (38.1 cm),Japanese,Japan,,,Dragons,,,,,,,Arms and Armor,Helmets,,False,True,https://www.metmuseum.org/art/collection/search/22064,https://images.metmuseum.org/CRDImages/aa/original/1268.jpg,0,,,
29115,Sword Pommel,Sword pommel,16th century,,,,"Bronze, gold",H. 2 15/16 in. (7.5 cm); Wt. 10 oz. (295 g),Italian,Italy,,,Male Nudes|Female Nudes,,,,,,,Arms and Armor,Swords-Accessories,,False,True,https://www.metmuseum.org/art/collection/search/29115,https://images.metmuseum.org/CRDImages/aa/original/sfsb42.50.157.jpg,0,,,
694208,Fragment,Fragment,ca. 1150–ca. 1250,,,,"Glass, ceramic",greatest H. 3 1/4 in. (8.3 cm); smallest H. 3/4 in. (1.9 cm),European or Middle Eastern,,,,,,,,,,,Arms and Armor,Glass-Vessels,,False,True,https://www.metmuseum.org/art/collection/search/694208,https://images.metmuseum.org/CRDImages/aa/original/DP276488.jpg,3,,,
33602,Rowel Spur (Right),Spur,early 17th century,,,,"Iron alloy, gold, silver",L. 6 3/8 in. (16.2 cm); W. 3 in. (7.6 cm); Diam. of rowel 2 3/8 in. (6 cm); Wt. 3.6 oz. (102.1 g),British or German,Germany,,,,,,,,,,Arms and Armor,Equestrian Equipment-Spurs,,False,True,https://www.metmuseum.org/art/collection/search/33602,https://images.metmuseum.org/CRDImages/aa/original/LC-14_25_1732-001.jpg,1,,,
696684,Fragment,Fragment,ca. 1150–ca. 1250,,,,"Glass, ceramic",greatest H. 3 1/4 in. (8.3 cm); smallest H. 3/4 in. (1.9 cm),European or Middle Eastern,,,,,,,,,,,Arms and Armor,Glass-Vessels,,False,True,https://www.metmuseum.org/art/collection/search/696684,https://images.metmuseum.org/CRDImages/aa/original/DP276488.jpg,3,,,
26748,Smallsword,Smallsword,ca. 1750,,,,"Steel, silver, gold, wood, textile",L. 37 3/4 in. (95.8 cm); L. of blade 30 7/8 in. (78.4 cm); W. 4 in. (10.2 cm); D. 3 in. (7.6 cm); Wt. 13 oz. (368.5 g),French,France,,,,,,,,,,Arms and Armor,Swords,,False,True,https://www.metmuseum.org/art/collection/search/26748,https://images.metmuseum.org/CRDImages/aa/original/DP-671-002.jpg,4,,,
34389,Sword Guard (Tsuba),Sword guard (Tsuba),ca. 1615–1868,,,,"Iron, copper-silver alloy (shibuichi), gold, copper",H. 2 5/8 in. (6.7 cm); W. 2 1/2 in. (6.4 cm); thickness 1/4 in. (0.6 cm); Wt. 4 oz. (113.4 g),Japanese,Japan,,,Roosters,,,,,,,Arms and Armor,Sword Furniture-Tsuba,,False,True,https://www.metmuseum.org/art/collection/search/34389,https://images.metmuseum.org/CRDImages/aa/original/29.100.978_001feb2014.jpg,1,,,
22004,Pendant for Horse Trappings,Pendant for horse trappings,15th century,,,,"Copper alloy, enamel, gold",H. 2 5/16 in. (5.9 cm); W. 2 in. (5.1 cm); Wt. 1 oz. (28.3 g),Spanish,Spain,,,Coat of Arms,,,,,,,Arms and Armor,Miscellaneous-Badges,,False,True,https://www.metmuseum.org/art/collection/search/22004,https://images.metmuseum.org/CRDImages/aa/original/LC-04.3.305-001.jpg,0,https://www.wikidata.org/wiki/Q116322432,,
722500,Plate Six from Plusieurs Models des plus nouuelles manieres qui sont en usage en l'Art de Arquebuzerie,Engraving,ca. 1660,,,,Engraving,sheet: 7 1/16 x 5 3/8 in. (17.9 x 13.7 cm),"French, Paris",France,,Paris,Ornament,C. Jacquinet,Engraver,French,1625,1675,,Arms and Armor,Works on Paper-Engravings,"French, Paris, active mid-17th century",False,True,https://www.metmuseum.org/art/collection/search/722500,https://images.metmuseum.org/CRDImages/aa/original/LC-2016_403_13-001.jpg,0,,,
775457,Helmet (<i>Kawari-Kabuto</i>) in the Shape of a Wave,Helmet (<i>Kawari-kabuto</i>),"17th century; restorations, 2015",,,,"Iron, textile, lacquer, copper, gold, leather, silk, wood",Helmet (a): H. 17 1/2 in. (44.5 cm); W. 17 1/2 in. (44.5 cm); D. 13 1/4 in. (33.7 cm); Wt. 4 lb. 8 oz. (2044 g); crest (b): H. 5 1/4 in. (13.3 cm); W. 5 1/2 in. (14 cm); Wt. 0.7 oz. (19.8 g),Japanese,Japan,,,,Hiromichi Miura,Restorer/Conservator,Japanese,1938-05-20,,,Arms and Armor,Helmets,"Japanese, b. 1938",False,True,https://www.metmuseum.org/art/collection/search/775457,https://images.metmuseum.org/CRDImages/aa/original/DP-14467-001.jpg,2,,,
34262,Armet,Armet,16th century,,,,"Steel, leather, copper alloy",H. 12 1/8 in. (30.8 cm); W. 8 3/4 in. (22.2 cm); D. 14 13/16 in. (37.6 cm); Wt. 10 lb. 1.1 oz. (4567.1 g),German,Germany,,,,,,,,,,Arms and Armor,Helmets,,False,True,https://www.metmuseum.org/art/collection/search/34262,https://images.metmuseum.org/CRDImages/aa/original/29.158.12_006AA2015.jpg,4,,,
33909,Mordant,Mordant,15th–17th century,,,,Bronze,H. 7/8 in. (2.2 cm); W. 1 11/16 in. (4.3 cm); thickness 3/8 in. (1 cm); Wt. 0.3 oz. (9 g),European,,,,,,,,,,,Arms and Armor,Miscellaneous-Buckles & Ornament,,False,True,https://www.metmuseum.org/art/collection/search/33909,https://images.metmuseum.org/CRDImages/aa/original/LC-29_158_819-001.jpg,0,,,
30989,Gauntlet Sword (Pata),Gauntlet sword (Pata),18th century,,,,"Steel, brass",L. 46 1/2 in. (118.1 cm); W. 4 1/2 in. (11.4 cm); D. 4 in. (10.2 cm); Wt. 2 lb. 6.7 oz. (1097.1 g),"Indian, South Indian",India,,,,,,,,,,Arms and Armor,Swords,,False,True,https://www.metmuseum.org/art/collection/search/30989,https://images.metmuseum.org/CRDImages/aa/original/36.25.1535_004AA2016.jpg,0,,,
26694,Glaive of the Bodyguard of the Tiepolo Family,Glaive,ca. 1600,,,,"Steel, wood, textile (velvet), gold",L. 8 ft. 11 in. (271.8 cm); L. of head 34 5/8 in. (88 cm); W. 7 7/8 in. (20 cm); Wt. 8 lbs. 2.8 oz. (3708.1 g),Italian,Italy,,,,,,,,,,Arms and Armor,Shafted Weapons,,False,True,https://www.metmuseum.org/art/collection/search/26694,https://images.metmuseum.org/CRDImages/aa/original/14.25.264_002feb2015.jpg,1,,,
27082,Siege Helmet,Siege helmet,17th century,,,,"Steel, leather",H. including nasal 12 1/4 in. (31.1 cm); H. excluding nasal 11 1/4 in. (28.6 cm); W. 10 in. (25.4 cm); D. 13 9/16 in. (34.4 cm); Wt. 23 lb. (10.43 kg),French,France,,,,,,,,,,Arms and Armor,Helmets,,False,True,https://www.metmuseum.org/art/collection/search/27082,https://images.metmuseum.org/CRDImages/aa/original/14.25.494_008AA2015.jpg,4,,,
25628,Sword,Sword,15th century,,,,"Steel, wood, brass",L. 40 1/2 in. (102.9 cm); L. of blade 33 1/8 in. (84.1 cm); W. 8 1/8 in. (20.6 cm); Wt. 2 lb. 13.5 oz. (1289.9 g),German,Germany,,,,,,,,,,Arms and Armor,Swords,,False,True,https://www.metmuseum.org/art/collection/search/25628,https://images.metmuseum.org/CRDImages/aa/original/LC-08_261_9-001.jpg,2,,,
27329,Hunting Knife,Hunting knife,ca. 1500,,,,"Steel, brass, bone, wood",L. 19 in. (48.3 cm); L. of blade 13 3/8 in. (33.9 cm); W. 1 11/16 in. (4.3 cm); W. of blade 1/8 in. (0.3 cm); Wt. 1 lb. 7 oz. (651 g),"Austrian, Innsbruck",Austria,,,,,,,,,,Arms and Armor,Knives,,False,True,https://www.metmuseum.org/art/collection/search/27329,https://images.metmuseum.org/CRDImages/aa/original/ES7158.jpg,0,,,
31903,Saddle Cushion,Saddle cushion,18th–19th century,,,,,L. 26 3/8 in. (67 cm); W. 27 3/4 in. (70.5 cm); Wt. 5 lb. 8.5 oz. (2508.9 g),Chinese,China,,,,,,,,,,Arms and Armor,Equestrian Equipment-Saddles,,False,True,https://www.metmuseum.org/art/collection/search/31903,https://images.metmuseum.org/CRDImages/aa/original/36.25.568_001Mar2015_2.jpg,0,,,
22158,Helmet (Suji-kabuto Akoda-nari),Helmet (Suji-kabuto akoda-nari),late 15th–16th century,,,,"Iron, lacquer, copper, gold, silk",H. 10 in. (25.4 cm); W. 17 1/4 in. (43.8 cm); D. 15 in. (38.1 cm); Wt. 8 lb. 4.3 oz. (3750.6 g),Japanese,Japan,,,,,,,,,,Arms and Armor,Helmets,,False,True,https://www.metmuseum.org/art/collection/search/22158,https://images.metmuseum.org/CRDImages/aa/original/DT304722.jpg,4,,,
29732,Knife Handle (Kozuka),Knife handle (Kozuka),19th century,,,,"Copper, copper-silver alloy (shibuichi), copper-gold alloy (shakudō), gold",L. 3 13/16 in. (9.7 cm); W. 9/16 in. (1.4 cm); thickness 3/16 in. (0.5 cm); Wt. 1 oz. (28.3 g),Japanese,Japan,,,,,,,,,,Arms and Armor,Sword Furniture-Kozuka,,False,True,https://www.metmuseum.org/art/collection/search/29732,https://images.metmuseum.org/CRDImages/aa/original/36.120.350_003AA2015.jpg,1,,,
24821,Parrying Dagger,Parrying dagger,ca. 1650–75,,,,"Steel, iron",L. 23 1/4 in. (59.1 cm);L. of quillon 11 1/4 in. (28.6 cm); W. of ricasso 1 3/4 in. (4.4 cm); L. of blade 18 11/16 in. (47.4 cm); W. of blade 13/16 in. (2.1 cm); D. of blade 1/4 in. (0.6 cm);  Wt. 1 lb. 6 oz. (624 g),"Italian, possibly Naples",Italy,,possibly Naples,,,,,,,,Arms and Armor,Daggers,,False,True,https://www.metmuseum.org/art/collection/search/24821,https://images.metmuseum.org/CRDImages/aa/original/LC-51_170_2-003.jpg,3,https://www.wikidata.org/wiki/Q116394401,,
26780,Linstock,Linstock,17th century,,,,"Steel, wood, gold",L. 88 3/4 in. (225.4 cm); L. of head 13 1/2 in. (34.3 cm); W. 9 1/2 in. (24.1 cm); Wt. 4 lbs. (1810 g),Italian,Italy,,,,,,,,,,Arms and Armor,Shafted Weapons,,False,True,https://www.metmuseum.org/art/collection/search/26780,https://images.metmuseum.org/CRDImages/aa/original/14.25.368_002jan2015.jpg,1,,,
25713,Sword Guard (Tsuba),Sword guard (Tsuba),19th century,,,,"Copper-gold alloy (shakudō), copper, gold",H. 3 3/8 in. (8.6 cm); W. 3 1/2 in. (8.9 cm); thickness 3/8 in. (1 cm); Wt. 10 oz. (283.5 g),Japanese,Japan,,,Men|Smoking|Pipes,,,,,,,Arms and Armor,Sword Furniture-Tsuba,,False,True,https://www.metmuseum.org/art/collection/search/25713,https://images.metmuseum.org/CRDImages/aa/original/91.1.794_003jan2014.jpg,1,,,
652996,Design for the Decoration of Firearms,Drawings,ca. 1797–1805,,,,"Pencil, ink, gray wash on paper",2 3/4 x 3 7/8 in. (7 x 9.8 cm),"French, Versailles",France,,Versailles,Ornament,Nicolas Noël Boutet,Designer,French,1761,1833,,Arms and Armor,Works on Paper-Drawings,"French, Versailles and Paris, 1761–1833",False,True,https://www.metmuseum.org/art/collection/search/652996,https://images.metmuseum.org/CRDImages/aa/original/LC-2004.101.37-001.jpg,0,,https://www.wikidata.org/wiki/Q3339989,http://vocab.getty.edu/page/ulan/500063092
22214,Helmet,Helmet,ca. 1580,,,,"Steel, copper alloy",H. 13 in. (33.02 cm); Diam. 8 1/4 in. (20.96 cm); Wt. 2 lb. 8 oz. (1257 g),Turkish,Turkey,,,,,,,,,,Arms and Armor,Helmets,,False,True,https://www.metmuseum.org/art/collection/search/22214,https://images.metmuseum.org/CRDImages/aa/original/DP151773.jpg,3,https://www.wikidata.org/wiki/Q116394118,,
23507,Arrowhead (<i>Yanone</i>),Arrowhead (<i>Yanone</i>),18th century,,,,Steel,L. 11 1/4 in. (28.6 cm); L. of head 3 1/4 in. (8.3 cm); W. 1 1/4 in. (3.2 cm); Wt. 1.6 oz. (45.4 g),Japanese,Japan,,,,,,,,,,Arms and Armor,Archery Equipment-Arrowheads,,False,True,https://www.metmuseum.org/art/collection/search/23507,https://images.metmuseum.org/CRDImages/aa/original/LC-32_75_436-001.jpg,0,,,
25111,Album of Tournaments and Parades in Nuremberg,Manuscript,late 16th–mid-17th century,,,,"Pen and ink, watercolor, gold and silver washes; paper bound in gold-tooled leather",cover: 14 x 10 3/8 in. (35.56 x 26.35 cm); page: 13 5/8 x 9 7/8 in. (34.61 x 25.08 cm),"German, Nuremberg",Germany,,Nuremberg,Birds|Men|Women|Playing Cards|Dragons|Owls|Horses|Sleighs,,,,,,,Arms and Armor,Books & Manuscripts,,True,True,https://www.metmuseum.org/art/collection/search/25111,https://images.metmuseum.org/CRDImages/aa/original/DT770.jpg,151,https://www.wikidata.org/wiki/Q29383210,,
21940,Crossbow of Count Ulrich V of Württemberg (1413–1480),Crossbow,dated 1460,,,,"Wood (European hornbeam), horn, animal sinew, staghorn, birch bark, iron alloy, copper alloy, pigment",L. 28 1/16 in. (71.2 cm); W. 25 5/8 in. (65 cm); Wt. 6 lb. 9 oz. (2972 g),"German, probably Stuttgart",Germany,,probably Stuttgart,,Heinrich Heid von Winterthur,Maker,probably Swiss,1453,1460,,Arms and Armor,Archery Equipment-Crossbows,"probably Swiss, active Stuttgart, recorded 1453–1460",True,True,https://www.metmuseum.org/art/collection/search/21940,https://images.metmuseum.org/CRDImages/aa/original/DP282465.jpg,47,https://www.wikidata.org/wiki/Q29383099,,
696678,Fragment,Fragment,ca. 1150–ca. 1250,,,,"Glass, ceramic",greatest H. 3 1/4 in. (8.3 cm); smallest H. 3/4 in. (1.9 cm),European or Middle Eastern,,,,,,,,,,,Arms and Armor,Glass-Vessels,,False,True,https://www.metmuseum.org/art/collection/search/696678,https://images.metmuseum.org/CRDImages/aa/original/DP276488.jpg,3,,,
31245,Kris with Sheath,Kris with sheath,18th–19th century,,,,"Ivory, brass, silver",L. with sheath 16 7/8 in. (42.9 cm); L. without sheath 13 1/8 in. (33.3 cm); L. of blade 11 in. (27.9 cm); W. 5 1/8 in. (13 cm); Wt. 11.9 oz. (337.4 g); Wt. of sheath 5.1 oz. (144.6 g),"Indonesian, Sumbawa Island",Indonesian,,Sumbawa,,,,,,,,Arms and Armor,Krisses,,False,True,https://www.metmuseum.org/art/collection/search/31245,https://images.metmuseum.org/CRDImages/aa/original/36.25.1224ab_001Mar2015.jpg,0,,,
31412,Guarded Dagger (Katar),Guarded dagger (Katar),17th century,,,,"Steel, copper",L. 17 9/16 in. (44.6 cm); W. 3 3/4 in. (9.5 cm); Wt. 1 lb. 2.4 oz. (521.6 g),"Indian, Thanjavur",India,,Thanjavur,,,,,,,,Arms and Armor,Daggers,,False,True,https://www.metmuseum.org/art/collection/search/31412,https://images.metmuseum.org/CRDImages/aa/original/36.25.1015_002july2014.jpg,2,,,
34601,Knife Handle (Kozuka),Knife handle (Kozuka),ca. 1615–1868,,,,"Copper-silver alloy (shibuichi), gold, silver, copper-gold alloy (shakudō)",L. 3 13/16 in. (9.7 cm); W. 9/16 in. (1.4 cm); thickness 1/4 in. (0.6 cm); Wt. 1.2 oz. (34 g),Japanese,Japan,,,Men|Horses,,,,,,,Arms and Armor,Sword Furniture-Kozuka,,False,True,https://www.metmuseum.org/art/collection/search/34601,https://images.metmuseum.org/CRDImages/aa/original/29.100.1191_001AA2015.jpg,1,,,
25483,Badge or Harness Pendant,Badge or harness pendant,ca. 1400,,,,"Copper, gold, enamel",Diam. 1 3/8 in. (2.9 cm); Wt. 0.5 oz. (14.2 g),Spanish,Spain,,,Coat of Arms,,,,,,,Arms and Armor,Miscellaneous-Badges,,False,True,https://www.metmuseum.org/art/collection/search/25483,https://images.metmuseum.org/CRDImages/aa/original/LC-04_3_361-001.jpg,0,,,
24756,Knife Handle (Kozuka),Knife handle (Kozuka),early 19th century,,,,"Copper-gold alloy (shakudō), gold",L. 3 13/16 in. (9.7 cm); W. 9/16 in. (1.4 cm),Japanese,Japan,,,,Gotō Mitsuyoshi (Shinjō),Fittings maker,Japanese,1780,1843,,Arms and Armor,Sword Furniture-Kozuka,"Japanese, 1780–1843, fifteenth-generation Gotō master",False,True,https://www.metmuseum.org/art/collection/search/24756,https://images.metmuseum.org/CRDImages/aa/original/LC-45_24_15-002.jpg,1,,,
684270,Swords with Scabbard Mounts,Swords with scabbard mounts,ca. 600,,,,"Iron, bronze, gold, silver, wood",30.65.1: L. 39 1/4 in. (99.7 cm); 30.65.2: L. 40 1/4 in. (102.2 cm),Chinese,China,,,,,,,,,,Arms and Armor,Swords,,False,True,https://www.metmuseum.org/art/collection/search/684270,https://images.metmuseum.org/CRDImages/aa/original/DT304541.jpg,6,https://www.wikidata.org/wiki/Q116325766,,
34419,Sword Guard (Tsuba),Sword guard (Tsuba),ca. 1615–1868,,,,"Copper alloy (sentoku), enamel, silver, copper",H. 3 1/2 in. (8.9 cm); W. 3 3/8 in. (8.6 cm); thickness 5/16 in. (0.8 cm); Wt. 8.8 oz. (249.5 g),Japanese,Japan,,,Birds|Lotuses,,,,,,,Arms and Armor,Sword Furniture-Tsuba,,False,True,https://www.metmuseum.org/art/collection/search/34419,https://images.metmuseum.org/CRDImages/aa/original/29.100.1008_031feb2014.jpg,1,,,
25046,Rapier,Rapier,"hilt, ca. 1630–40; blade, 17th century",,,,"Steel, wood",L. 43 7/8 in. (111.4 cm); L. of blade 37 3/4 in. (95.9 cm); W. 7 in. (17.8 cm); D. 4 in. (10.2 cm); Wt. 1 lb. 4 oz. (567 g),"hilt, probably British; blade, German, Solingen",England,,,,Johannes Moum,Bladesmith,German,1575,1675,,Arms and Armor,Swords,"German, Solingen, active ca. 1600–ca. 1650",False,True,https://www.metmuseum.org/art/collection/search/25046,https://images.metmuseum.org/CRDImages/aa/original/LC-04_3_1-003.jpg,3,https://www.wikidata.org/wiki/Q116394430,,
34758,Sword Pommel (Kashira),Sword pommel (Kashira),ca. 1615–1868,,,,"Copper-silver alloy (shibuichi), copper-gold alloy (shakudō), gold",H. 1 1/4 in. (3.2 cm); Wt. 0.5 oz. (14.2 g),Japanese,Japan,,,Men,,,,,,,Arms and Armor,Sword Furniture-Fuchi-Kashira,,False,True,https://www.metmuseum.org/art/collection/search/34758,https://images.metmuseum.org/CRDImages/aa/original/LC-29_100_1350-002.jpg,0,,,
25658,"Halberd of Wilhelm V, Duke of Bavaria (reigned 1579–97)",Halberd,dated 1582,,,,"Steel, wood, gold, textile",L. 93 1/2 in. (237.5 cm); L. of head 21 in. (53.3 cm); W. 8 11/16 in. (22.1 cm); Wt. 6 lbs. 4.5 oz. (2849.1 g),German,Germany,,,Coat of Arms,,,,,,,Arms and Armor,Shafted Weapons,,False,True,https://www.metmuseum.org/art/collection/search/25658,https://images.metmuseum.org/CRDImages/aa/original/12.141.9_002nov2014.jpg,1,,,
22674,Helmet (<i>Hoshi Kabuto</i>) and Mask with Gorget,Helmet (<i>Hoshi Kabuto</i>) and mask with gorget,late 17th or early 18th century,,,,"Iron, lacquer, gilt copper, leather, silk",H. 15 in. (38.1 cm); Diam. with earguards extended 20 in. (50.8 cm); mask H. 10 1/2 in. (26.7 cm),Japanese,Japan,,,,,,,,,,Arms and Armor,Helmets,,False,True,https://www.metmuseum.org/art/collection/search/22674,https://images.metmuseum.org/CRDImages/aa/original/LC-17_221_18-006-2.jpg,7,https://www.wikidata.org/wiki/Q116394180,,
27920,Rapier,Rapier,late 16th century,,,,Steel,L. 46 in. (116.8 cm); L. of blade 40 in. (101.6 cm); W. 8 in. (20.3 cm); D. 5 1/4 in. (13.3 cm); Wt. 2 lb. 14 oz. (1304.1 g),Italian,Italy,,,,,,,,,,Arms and Armor,Swords-Accessories,,False,True,https://www.metmuseum.org/art/collection/search/27920,https://images.metmuseum.org/CRDImages/aa/original/LC-14_25_1136-001-2.jpg,3,,,
31536,Knife (Bank),Knife (Bank),19th century,,,,"Steel, ivory",H. 8 5/8 in. (21.9 cm); W. 1 3/16 in. (3 cm); Wt. 5.8 oz. (164.4 g),Indian,India,,,,,,,,,,Arms and Armor,Knives,,False,True,https://www.metmuseum.org/art/collection/search/31536,https://images.metmuseum.org/CRDImages/aa/original/36.25.944_002july2014.jpg,1,,,
25082,Halberd,Halberd,ca. 1590,,,,"Steel, wood",L. 99 7/8 in. (253.5 cm); L. of head 20 9/16 in. (52.2 cm); W. 9 5/16 in. (23.7 cm); Wt. 5 lbs. 6 oz. (2440 g),French,France,,,,,,,,,,Arms and Armor,Shafted Weapons,,False,True,https://www.metmuseum.org/art/collection/search/25082,https://images.metmuseum.org/CRDImages/aa/original/04.3.73_001oct2014.jpg,1,,,
26216,Sword Guard (Tsuba),Sword guard (Tsuba),18th century,,,,"Iron, copper",H. 3 5/8 in. (9.2 cm); W. 3 11/16 in. (9.4 cm); thickness 9/16 in. (1.4 cm); Wt. 5.2 oz. (147.4 g),Japanese,Japan,,,,,,,,,,Arms and Armor,Sword Furniture-Tsuba,,False,True,https://www.metmuseum.org/art/collection/search/26216,https://images.metmuseum.org/CRDImages/aa/original/33.40.22_001mar2014.jpg,2,,,
29775,Knife Handle (Kozuka),Knife handle (Kozuka),1844,,,,"Copper-gold alloy (shakudō), gold, copper-silver alloy (shibuichi)",L. 3 3/4 in. (9.5 cm); W. 9/16 in. (1.4 cm); thickness 1/4 in. (0.6 cm); Wt. 1.2 oz. (34 g),Japanese,Japan,,,Spiders,,,,,,,Arms and Armor,Sword Furniture-Kozuka,,False,True,https://www.metmuseum.org/art/collection/search/29775,https://images.metmuseum.org/CRDImages/aa/original/36.120.232_001AA2015.jpg,1,,,
652990,Two Designs for the Decoration of Barrel Tang Surrounds of a Firearm,Drawings,ca. 1797–1805,,,,"Pencil, ink, gray wash on paper",4 1/8 x 7 7/8 in. (10.5 x 20 cm),"French, Versailles",France,,Versailles,Ornament,Nicolas Noël Boutet,Designer,French,1761,1833,,Arms and Armor,Works on Paper-Drawings,"French, Versailles and Paris, 1761–1833",False,True,https://www.metmuseum.org/art/collection/search/652990,https://images.metmuseum.org/CRDImages/aa/original/LC-2004.101.31-001.jpg,0,,https://www.wikidata.org/wiki/Q3339989,http://vocab.getty.edu/page/ulan/500063092
23622,Arrowhead (<i>Yanone</i>),Arrowhead (<i>Yanone</i>),18th century,,,,Steel,L. 9 7/8 in. (25.1 cm); L. of head 3 1/8 in. (7.9 cm); W. 1 1/8 in. (2.9 cm); Wt. 1.6 oz. (45.4 g),Japanese,Japan,,,,,,,,,,Arms and Armor,Archery Equipment-Arrowheads,,False,True,https://www.metmuseum.org/art/collection/search/23622,https://images.metmuseum.org/CRDImages/aa/original/LC-32_75_552-001.jpg,0,,,
695334,Fragment,Fragment,ca. 1150–ca. 1250,,,,"Glass, ceramic",greatest H. 3 1/4 in. (8.3 cm); smallest H. 3/4 in. (1.9 cm),European or Middle Eastern,,,,,,,,,,,Arms and Armor,Glass-Vessels,,False,True,https://www.metmuseum.org/art/collection/search/695334,https://images.metmuseum.org/CRDImages/aa/original/DP276488.jpg,3,,,
33236,Buckle Shank,Buckle shank,14th century,,,,Bronze,H. 7/8 in. (2.2 cm); W. 1 1/2 in. (3.8 cm); thickness 3/16 in. (0.5 cm); Wt. 0.3 oz. (8.5 g),"French, Haute-Savoie",France,,,,,,,,,,Arms and Armor,Miscellaneous-Buckles & Ornament,,False,True,https://www.metmuseum.org/art/collection/search/33236,https://images.metmuseum.org/CRDImages/aa/original/LC-20_152_61-001.jpg,0,,,
26451,Sallet in the Franco-Burgundian Style,Sallet,late 15th century,,,,Steel,H. 9 in. (22.9 cm); W. 8 in. (20.3 cm); D. 12 1/4 in. (31.1 cm); Wt. 3 lb. 13 oz. (1737 g),possibly Italian,France,,said to have been found in Givet,,,,,,,,Arms and Armor,Helmets,,False,True,https://www.metmuseum.org/art/collection/search/26451,https://images.metmuseum.org/CRDImages/aa/original/DP22352.jpg,6,,,
31407,Dagger (Katar),Dagger (Katar),17th century,,,,Steel,L. 18 9/16 in. (47.1 cm); W. 4 1/2 in. (11.4 cm); Wt. 1 lb. 9.4 oz. (720.1 g),"Indian, Thanjavur; blade, European",,,,,,,,,,,Arms and Armor,Daggers,,False,True,https://www.metmuseum.org/art/collection/search/31407,https://images.metmuseum.org/CRDImages/aa/original/36.25.1010_001july2014.jpg,2,,,
663121,Forearm Defense (Vambrace) with Elbow Defense (Couter),Forearm defense (Vambrace) with elbow defense (Couter),15th century,,,,Steel,H. 10 3/4 in. (27.3 cm); W. 8 1/2 in. (21.6 cm); D. 5 in. (12.7 cm); Wt. 1 lb. 7.7 oz. (671.9 g),Italian,Italy,,,,,,,,,,Arms and Armor,Armor Parts,,False,True,https://www.metmuseum.org/art/collection/search/663121,https://images.metmuseum.org/CRDImages/aa/original/29.150.18_115_001august2014.jpg,3,,,
23412,Ceremonial Arrowhead (<i>Yanone</i>),Ceremonial arrowhead (<i>Yanone</i>),dated  August 1645,,,,Steel,L. 11 3/4 in. (29.9 cm); L. of head 5 1/8 in. (13 cm); W. 2 3/8 in. (6 cm); Wt. 5.3 oz. (150.3 g),Japanese,Japan,,,Birds|Bamboo,Umetada Motoshige,Steel-chiseler,Japanese,1575,1675,,Arms and Armor,Archery Equipment-Arrowheads,"Japanese, Edo period, died 1675",False,True,https://www.metmuseum.org/art/collection/search/23412,https://images.metmuseum.org/CRDImages/aa/original/LC-32_75_340-002.jpg,2,https://www.wikidata.org/wiki/Q116324986,https://www.wikidata.org/wiki/Q62781015,
34434,Sword Guard (Tsuba),Sword guard (Tsuba),18th century,,,,"Copper-silver alloy (shibuichi), gold, copper",Diam. 2 7/8 in. (7.3 cm); thickness 3/16 in. (0.5 cm); Wt. 6.8 oz. (192.8 g),Japanese,Japan,,,Boys|Men,,,,,,,Arms and Armor,Sword Furniture-Tsuba,,False,True,https://www.metmuseum.org/art/collection/search/34434,https://images.metmuseum.org/CRDImages/aa/original/29.100.1023_001feb2014.jpg,1,,,
29521,Sword Guard (Tsuba),Sword guard (Tsuba),18th century,,,,"Iron, copper",H. 2 7/8 in. (7.3 cm); W. 2 3/4 in. (7 cm); thickness 3/16 in. (0.5 cm); Wt. 3.9 oz. (110.6 g),Japanese,Japan,,,Flowers,,,,,,,Arms and Armor,Sword Furniture-Tsuba,,False,True,https://www.metmuseum.org/art/collection/search/29521,https://images.metmuseum.org/CRDImages/aa/original/38.25.19_001apr2014.jpg,1,,,
31445,Knife (Kard) with Sheath,Knife (Kard) with sheath,19th century,,,,"Steel, silver, irovy, velvet",L. with sheath 13 1/2 in. (34.3 cm); L. without sheath 12 3/4 in. (32.4 cm); W. 1 in. (2.5 cm); Wt. 7.7 oz. (218.3 g); Wt. of sheath 2.6 oz. (73.7 g),Persian,,,,,,,,,,,Arms and Armor,Knives,,False,True,https://www.metmuseum.org/art/collection/search/31445,https://images.metmuseum.org/CRDImages/aa/original/36.25.1049a_b_001_Mar2017.jpg,0,,,
22067,Pair of Sleeves (Kotē),Pair of sleeves (Kotē),18th century,,,,Chainmail,L. 26 1/2 in. (67.3 cm),Japanese,Japan,,,,,,,,,,Arms and Armor,Armor Parts-Arms & Shoulders,,False,True,https://www.metmuseum.org/art/collection/search/22067,https://images.metmuseum.org/CRDImages/aa/original/1271.jpg,0,,,
812566,"Cannon (Bastard Culverin) Made for Henry II, King of France",Cannon,ca. 1550,,,,Bronze,"L. 123.5 in. (313.7 cm); W. (at trunnions) 19 1/2 in. (49.53 cm); Diam. (at cascabel) 13 1/2 in. (34.3 cm); Wt. 2,666 lb. (1209 kg)",French,France,,,,,,,,,,Arms and Armor,Firearms-Cannon,,False,True,https://www.metmuseum.org/art/collection/search/812566,https://images.metmuseum.org/CRDImages/aa/original/DP-16776-001.jpg,37,https://www.wikidata.org/wiki/Q61781455,,
27542,Knife,Knife,17th century,,,,"Steel, ivory, silver",L. 10 1/8 in. (25.7 cm); L. of blade 5 13/16 in. (14.8 cm); W. 1 1/16 in. (2.7 cm); W. of blade 3/4 in. (1.9 cm); thickness of blade 1/8 in. (0.3 cm); Wt. 3 oz. (85 g),Italian,Italy,,,Human Figures,,,,,,,Arms and Armor,Knives,,False,True,https://www.metmuseum.org/art/collection/search/27542,https://images.metmuseum.org/CRDImages/aa/original/sfsb54.46.39(6-6-07)s1.JPG,0,,,
26779,Halberd,Halberd,ca. 1575,,,,"Steel, brass, wood, textile (velvet)",L. 97 3/8 in. (247.3 cm); L. of head 24 5/8 in. (62.5 cm); W. 11 1/2 in. (29.2 cm); Wt. 6 lbs. (2720 g),Italian,Italy,,,,,,,,,,Arms and Armor,Shafted Weapons,,False,True,https://www.metmuseum.org/art/collection/search/26779,https://images.metmuseum.org/CRDImages/aa/original/14.25.367_001jan2015.jpg,1,,,
31507,Dagger (Katar),Dagger (Katar),"Rapier blades, 16th century; sidebars, grip, 17th century",,,,Steel,L. 20 1/4 in. (51.4 cm); W. 3 5/16 in. (8.4 cm); Wt. 1 lb. 3.8 oz. (561.3 g),"Indian, Thanjavur; blades, European",,,,,,,,,,,Arms and Armor,Cylinder seals,,False,True,https://www.metmuseum.org/art/collection/search/31507,https://images.metmuseum.org/CRDImages/aa/original/36.25.915_001july2014.jpg,2,,,
26776,Partisan,Partisan,ca. 1575,,,,"Steel, wood (ash), gold",L. 93 1/4 in. (236.9 cm); L. of head 15 7/8 in. (40.3 cm); W. 5 1/2 in. (14 cm); Wt. 3 lbs. 8 oz. (1587.6 g),British,England,,,,,,,,,,Arms and Armor,Shafted Weapons,,False,True,https://www.metmuseum.org/art/collection/search/26776,https://images.metmuseum.org/CRDImages/aa/original/14.25.364_002jan2015.jpg,1,,,
29750,Knife Handle (Kozuka),Knife handle (Kozuka),1667–1736,,,,"Iron, gold, silver",L. 3 13/16 in. (9.7 cm); W. 9/16 in. (1.4 cm); thickness 1/4 in. (0.6 cm); Wt. 1 oz. (28.3 g),Japanese,Japan,,,Human Figures,,,,,,,Arms and Armor,Sword Furniture-Kozuka,,False,True,https://www.metmuseum.org/art/collection/search/29750,https://images.metmuseum.org/CRDImages/aa/original/36.120.378_001AA2015.jpg,1,,,
33912,Mordant,Mordant,15th–17th century,,,,Bronze,H. 1 in. (2.5 cm); W. 1 3/8 in. (3.5 cm); thickness 5/16 in. (0.8 cm); Wt. 0.5 oz. (15 g),European,,,,,,,,,,,Arms and Armor,Miscellaneous-Buckles & Ornament,,False,True,https://www.metmuseum.org/art/collection/search/33912,https://images.metmuseum.org/CRDImages/aa/original/LC-29_158_822-001.jpg,0,,,
29225,Rowel Spur,Spur,16th century,,,,Iron alloy,L. 9 in. (22.9 cm); W. 4 3/8 in. (11.1 cm); Diam. of rowel 5 3/4 in. (14.6 cm); Wt. 8.6 oz. (243.8 g),Hungarian,Hungary,,,,,,,,,,Arms and Armor,Equestrian Equipment-Spurs,,False,True,https://www.metmuseum.org/art/collection/search/29225,https://images.metmuseum.org/CRDImages/aa/original/LC-42_50_298-001.jpg,1,,,
32128,Helmet,Helmet,16th–19th century,,,,"Leather, iron, silver, textile, brass",H. including nape defense 21 3/4 in. (55.2 cm); H. excluding nape defense 11 7/8 in. (30.2 cm); W. 9 9/16 in. (24.3 cm); D. 10 1/2 in. (26.7 cm); Wt. 5 lb. 2.9 oz. (2350.2 g),Korean,Korea,,,,,,,,,,Arms and Armor,Helmets,,False,True,https://www.metmuseum.org/art/collection/search/32128,https://images.metmuseum.org/CRDImages/aa/original/36.25.78_009mar2015.jpg,4,,,
32890,Rowel Spur,Spur,second half 14th century,,,,"Copper alloy, iron",L. 6 3/4 in. (17.1 cm); W. 3 in. (7.6 cm); Diam. of rowel 3 in. (7.6 cm); Wt. 5.7 oz. (160.6 g),European,,,,,,,,,,,Arms and Armor,Equestrian Equipment-Spurs,,False,True,https://www.metmuseum.org/art/collection/search/32890,https://images.metmuseum.org/CRDImages/aa/original/LC-23_192_16-001.jpg,1,,,
32102,Curb Bit,Bit,ca. 1550,,,,"Iron, tin, gold, silver, copper alloy",12 x 8 1/2 in. (30.5 x 21.6 cm),"Italian, Mantua or Milan",Italy,,possibly Milan,,,,,,,,Arms and Armor,Equestrian Equipment-Bits,,False,True,https://www.metmuseum.org/art/collection/search/32102,https://images.metmuseum.org/CRDImages/aa/original/DP333546.jpg,3,https://www.wikidata.org/wiki/Q116317443,,
29986,Sword Guard (Tsuba),Sword guard (Tsuba),possibly late 16th century,,,,"Iron, brass, silver, copper",H. 2 7/8 in. (7.3 cm); W. 2 3/4 in. (7 cm); thickness 3/16 in. (0.5 cm); Wt. 3.9 oz. (110.6 g),Japanese,Japan,,,Men|Dragons|Horses,,,,,,,Arms and Armor,Sword Furniture-Tsuba,,False,True,https://www.metmuseum.org/art/collection/search/29986,https://images.metmuseum.org/CRDImages/aa/original/36.120.177_001mar2014.jpg,1,,,
34654,Knife Handle (Kozuka),Knife handle (Kozuka),ca. 1615–1868,,,,"Iron, gold, silver",L. 3 13/16 in. (9.7 cm); W. 9/16 in. (1.4 cm); thickness 1/4 in. (0.6 cm); Wt. 1 oz. (28.3 g),Japanese,Japan,,,,,,,,,,Arms and Armor,Sword Furniture-Kozuka,,False,True,https://www.metmuseum.org/art/collection/search/34654,https://images.metmuseum.org/CRDImages/aa/original/29.100.1245_001AA2015.jpg,1,,,
34477,Sword Guard (Tsuba),Sword guard (Tsuba),ca. 1615–1868,,,,"Iron, gold, silver, copper",H. 3 1/4 in. (8.3 cm); W. 3 in. (7.6 cm); thickness 1/4 in. (0.6 cm); Wt. 5.6 oz. (158.8 g),Japanese,Japan,,,Flowers,,,,,,,Arms and Armor,Sword Furniture-Tsuba,,False,True,https://www.metmuseum.org/art/collection/search/34477,https://images.metmuseum.org/CRDImages/aa/original/29.100.1067_002mar2014.jpg,1,,,
31408,Guarded Dagger (Katar),Guarded Dagger (Katar),16th century,,,,Steel,L. 21 1/4 in. (54 cm); W. 4 1/2 in. (11.4 cm); Wt. 1 lb. 7 oz. (652 g),"Indian, Thanjavur; blade, European",,,,,,,,,,,Arms and Armor,Daggers,,False,True,https://www.metmuseum.org/art/collection/search/31408,https://images.metmuseum.org/CRDImages/aa/original/36.25.1011_004july2014.jpg,2,,,
22213,Cabasset,Cabasset,ca. 1600,,,,"Steel, brass",H. 9 1/2 in. (24.13 cm); W. 9 1/4 in. (23.5 cm); D. 11 1/2 in. (29.21 cm); Wt. 2 lb. 5 oz. (1049 g),Italian,Italy,,,,,,,,,,Arms and Armor,Helmets,,False,True,https://www.metmuseum.org/art/collection/search/22213,https://images.metmuseum.org/CRDImages/aa/original/14.25.504_005june2015.jpg,4,,,
31541,Dagger (Katar) with Sheath,Dagger (Katar) with sheath,second half 16th century,,,,"Steel, silver, gold, leather, shark's teeth",L. with sheath 30 1/2 in. (77.5 cm); W. 3 5/8 in. (9.2 cm); D. 3 3/4 in. (9.5 cm); Wt. with sheath 3 lb. 5.8 oz. (1525.2 g),"Indian, Vijayanagara",South India,,,,,,,,,,Arms and Armor,Daggers,,False,True,https://www.metmuseum.org/art/collection/search/31541,https://images.metmuseum.org/CRDImages/aa/original/36.25.950ab_022AA2015.jpg,1,,,
696687,Fragment,Fragment,ca. 1150–ca. 1250,,,,"Glass, ceramic",greatest H. 3 1/4 in. (8.3 cm); smallest H. 3/4 in. (1.9 cm),European or Middle Eastern,,,,,,,,,,,Arms and Armor,Glass-Vessels,,False,True,https://www.metmuseum.org/art/collection/search/696687,https://images.metmuseum.org/CRDImages/aa/original/DP276488.jpg,3,,,
29635,Sword-Hilt Collar and Pommel (Fuchigashira),Sword-hilt collar and pommel (Fuchigashira),early 19th century,,,,"Iron, gold, silver",Fuchi (a); H. 1 1/2 in. (3.8 cm); Wt. 0.8 oz. (22.7 g); kashira (b); H. 1 3/8 in. (3.5 cm); Wt. 0.3 oz. (8.5 g),Japanese,Japan,,,Dragonflies,,,,,,,Arms and Armor,Sword Furniture-Fuchi-Kashira,,False,True,https://www.metmuseum.org/art/collection/search/29635,https://images.metmuseum.org/CRDImages/aa/original/LC-36_120_442a_b-001.jpg,0,,,
35109,Sword-Hilt Collar and Pommel (Fuchigashira),Sword-hilt collar and pommel (Fuchigashira),18th century,,,,"Iron, copper-gold alloy (shakudō), gold, copper",Kashira (a); H. 1 5/16 in. (3.3 cm); Wt. 0.4 oz. (11.3 g); fuchi (b); H. 1 1/2 in. (3.8 cm); Wt. 0.8 oz. (22.7 g),Japanese,Japan,,,,,,,,,,Arms and Armor,Sword Furniture-Fuchi-Kashira,,False,True,https://www.metmuseum.org/art/collection/search/35109,https://images.metmuseum.org/CRDImages/aa/original/LC-17_208_119a_b-001.jpg,0,,,
33442,Sword Guard (Tsuba),Sword guard (Tsuba),ca. 1615–1868,,,,"Iron, copper",H. 2 13/16 in. (7.1 cm); W. 2 11/16 in. (6.8 cm); thickness 3/16 in. (0.5 cm); Wt. 3.1 oz. (87.9 g),Japanese,Japan,,,Men,,,,,,,Arms and Armor,Sword Furniture-Tsuba,,False,True,https://www.metmuseum.org/art/collection/search/33442,https://images.metmuseum.org/CRDImages/aa/original/19.154.55_001feb2014.jpg,1,,,
26249,Sword Guard (Tsuba),Sword guard (Tsuba),ca. 1650,,,,"Iron, gold, silver, copper",H. 2 3/16 in. (5.6 cm); W. 2 3/16 in. (5.6 cm); thickness 3/16 in. (0.5 cm); Wt. 2.7 oz. (76.5 g),Japanese,Japan,,,Flowers,,,,,,,Arms and Armor,Sword Furniture-Tsuba,,False,True,https://www.metmuseum.org/art/collection/search/26249,https://images.metmuseum.org/CRDImages/aa/original/36.120.119_001mar2014.jpg,1,,,
29443,Pair of Sword-Grip Ornaments (Menuki),Pair of sword-grip ornaments (Menuki),18th century,,,,"Copper-gold alloy (shakudō), copper-silver alloy (shibuichi), silver, gold",Menuki (a); L. 1 5/16 in. (3.3 cm); Wt. 0.5 oz. (14.2 g); menuki (b); L. 1 1/4 in. (3.2 cm); Wt. 0.4 oz. (11.3 g),Japanese,Japan,,,Men,,,,,,,Arms and Armor,Sword Furniture-Menuki,,False,True,https://www.metmuseum.org/art/collection/search/29443,https://images.metmuseum.org/CRDImages/aa/original/LC-38_55_22a_b-001.jpg,0,,,
21919,Close-Helmet for the Tournament on Foot,Close-helmet,ca. 1640–50,,,,"Steel, leather, textile",H. 11 in. (27.9 cm); W. 8 in. (20.3 cm.); D. 13 in. (33 cm); Wt. 9 lb. 1 oz. (4105 g),"Possibly German, Dresden; or Swedish, Stockholm",Sweden,,,,,,,,,,Arms and Armor,Helmets,,False,True,https://www.metmuseum.org/art/collection/search/21919,https://images.metmuseum.org/CRDImages/aa/original/DP22413.jpg,7,,,
31074,Sword (Dha) with Scabbard and Baldric,Sword (Dha) with scabbard and baldric,19th century,,,,"Ivory, silver, wood",H. with sheath 23 7/8 in. (60.6 cm); H. without sheath 23 3/4 in. (60.3 cm); W. 1 9/16 in. (4 cm); Wt. 1 lb. 11.1 oz. (768.3 g); Wt. of sheath 7.9 oz. (224 g),Burmese,Burma,,,,,,,,,,Arms and Armor,Swords,,False,True,https://www.metmuseum.org/art/collection/search/31074,https://images.metmuseum.org/CRDImages/aa/original/36.25.1428ab_005july2014.jpg,2,,,
22948,Smallsword with Scabbard,Smallsword with scabbard,hallmarked for 1785–86,,,,"Gold, steel, wood, fish skin, textile",L. with scabbard 38 13/16 in. (98.6 cm); L. without scabbard 38 3/8 in. (97.5 cm); L. of blade 31 7/8 in. (81 cm); W. 4 in. (10.2 cm); D. 3 1/4 in. (8.3 cm); Wt. 13 oz. (368.5 g); Wt. of scabbard 3 oz. (85 g),"French, Paris",France,,Paris,,,,,,,,Arms and Armor,Swords,,False,True,https://www.metmuseum.org/art/collection/search/22948,https://images.metmuseum.org/CRDImages/aa/original/LC-26_145_357a-003.jpg,6,https://www.wikidata.org/wiki/Q116394230,,
21998,Composed Armor,Composed armor,ca. 1550–80,,,,"Steel, gold, leather, textile, copper alloy",Wt. 51 lb. 4 oz. (23.25 kg),"German, Landshut and Augsburg; gorget, Italian",Italy,,,,Wolfgang Grosschedel,Armorer,German,1517,1562,,Arms and Armor,Armor for Man,"German, Landshut, active ca. 1517–62",False,True,https://www.metmuseum.org/art/collection/search/21998,https://images.metmuseum.org/CRDImages/aa/original/4885.jpg,5,,https://www.wikidata.org/wiki/Q65554952,
33226,Buckle,Buckle,13th century,,,,"Bronze, gilt",H. 3/4 in. (1.9 cm); W. 1 3/4 in. (4.4 cm); thickness 1/4 in. (0.6 cm); Wt. 0.3 oz. (8.5 g),"French, Haute-Savoie",France,,,,,,,,,,Arms and Armor,Miscellaneous-Buckles & Ornament,,False,True,https://www.metmuseum.org/art/collection/search/33226,https://images.metmuseum.org/CRDImages/aa/original/LC-20_152_51-001.jpg,0,,,
22083,Arrowpoint,Arrowpoint,before 700,,,,Iron,06.310.13a; L. 6 3/4 in. (17.1 cm); W. 1/4 in. (0.6 cm); Wt. 0.7 oz. (19.8 g); 06.310.13b; L. 3 15/16 in. (10 cm); W. 3/8 in. (1 cm); Wt. 0.3 oz. (8.5 g),Japanese,Japan,,,,,,,,,,Arms and Armor,Archery Equipment-Bows,,False,True,https://www.metmuseum.org/art/collection/search/22083,https://images.metmuseum.org/CRDImages/aa/original/1828.jpg,0,,,
722405,Plate Two from Nouveavx Desseins D'Arquebvseries,Engraving,dated 1730,,,,Engraving,sheet: 11 7/8 x 9 in. (30.2 x 22.9 cm); plate: 9 3/8 x 6 5/8 (23.8 x 16.8 cm),"French, Paris",France,,Paris,Ornament,De Lacollombe,Engraver,French,1702,1736,,Arms and Armor,Works on Paper-Engravings,"French, Paris, active ca. 1702–ca. 1736",False,True,https://www.metmuseum.org/art/collection/search/722405,https://images.metmuseum.org/CRDImages/aa/original/LC-2016_403_2-001.jpg,0,,,
23583,Arrowhead (<i>Yanone</i>),Arrowhead (<i>Yanone</i>),18th century,,,,Steel,L. 8 1/2 in. (21.6 cm); L. of head 3 7/8 in. (9.8 cm); W. 1 3/8 in. (3.5 cm); Wt. 2 oz. (56.7 g),Japanese,Japan,,,,,,,,,,Arms and Armor,Archery Equipment-Arrowheads,,False,True,https://www.metmuseum.org/art/collection/search/23583,https://images.metmuseum.org/CRDImages/aa/original/LC-32_75_513-001.jpg,1,,,
23059,Sword Guard (Tsuba),Sword guard (Tsuba),17th century,,,,"Copper-gold alloy (shakudō), gold, silver, copper",H. 3 1/8 in. (7.9 cm); W. 3 in. (7.6 cm); thickness 1/4 in. (0.6 cm); Wt. 5.6 oz. (158.8 g),Japanese,Japan,,,Flowers,,,,,,,Arms and Armor,Sword Furniture-Tsuba,,False,True,https://www.metmuseum.org/art/collection/search/23059,https://images.metmuseum.org/CRDImages/aa/original/29.100.967_001feb2014.jpg,1,,,
33092,Buckle,Buckle,late 15th century,,,,Steel,H. 1 in. (2.5 cm); W. 1 5/16 in. (3.3 cm); thickness 1/8 in. (0.3 cm); Wt. 0.2 oz. (6 g),German,Germany,,,,,,,,,,Arms and Armor,Miscellaneous-Buckles & Ornament,,False,True,https://www.metmuseum.org/art/collection/search/33092,https://images.metmuseum.org/CRDImages/aa/original/LC-20_152_115-001.jpg,0,,,
24140,Helmet Crest (Maidate),Helmet crest (maidate),18th–19th century,,,,"Wood, horn, gesso, lacquer, gold",H. 9 1/4 in. (23.5 cm); W. 5 in. (12.7 cm); D. 1 1/8 in. (2.9 cm); Wt. 2.4 oz. (67 g),Japanese,Japan,,,,,,,,,,Arms and Armor,Helmet Crests,,False,True,https://www.metmuseum.org/art/collection/search/24140,https://images.metmuseum.org/CRDImages/aa/original/DT11937.jpg,0,,,
34709,Knife Handle (Kozuka),Knife handle (Kozuka),ca. 1615–1868,,,,"Copper-gold alloy (shakudō), gold",L. 3 13/16 in. (9.7 cm); W. 9/16 in. (1.4 cm); thickness 1/4 in. (0.6 cm); Wt. 1 oz. (28.3 g),Japanese,Japan,,,,,,,,,,Arms and Armor,Sword Furniture-Kozuka,,False,True,https://www.metmuseum.org/art/collection/search/34709,https://images.metmuseum.org/CRDImages/aa/original/29.100.1301_001AA2015.jpg,1,,,
29303,Stirrup,Stirrup,early 15th century,,,,copper alloy,H. 6 1/2 in. (16.5 cm); W. 4 3/4 in. (12.1 cm); Wt. 14 oz. (396.89 g),Central European,,,,,,,,,,,Arms and Armor,Equestrian Equipment-Stirrups,,False,True,https://www.metmuseum.org/art/collection/search/29303,https://images.metmuseum.org/CRDImages/aa/original/LC-42_50_418-001.jpg,1,https://www.wikidata.org/wiki/Q116240943,,
31404,Hunting Knife with Sheath,Hunting knife with sheath,16th–19th century,,,,"Steel, bone, wood",L. with sheath 21 1/4 in. (54 cm); L. without sheath 18 in. (45.7 cm); L. of blade 13 in. (33 cm); W. 2 1/2 in. (6.4 cm); Wt. 12.4 oz. (351.5 g); Wt. of sheath 2.6 oz. (73.7 g),Javanese,Indonesia,,,,,,,,,,Arms and Armor,Knives,,False,True,https://www.metmuseum.org/art/collection/search/31404,https://images.metmuseum.org/CRDImages/aa/original/36.25.1005a_b_001_Apr2017.jpg,0,,,
33451,Sword Guard (Tsuba),Sword guard (Tsuba),ca. 1615–1868,,,,"Iron, copper",H. 3 9/16 in. (9 cm); W. 3 5/16 in. (8.4 cm); thickness 1/4 in. (0.6 cm); Wt. 6 oz. (170.1 g),Japanese,Japan,,,Monkeys,,,,,,,Arms and Armor,Sword Furniture-Tsuba,,False,True,https://www.metmuseum.org/art/collection/search/33451,https://images.metmuseum.org/CRDImages/aa/original/19.154.64_001feb2014.jpg,1,,,
29403,Knife Handle (Kozuka),Knife handle (Kozuka),18th century,,,,"Copper-silver alloy (shibuichi), silver, gold, copper",L. 3 13/16 in. (9.7 cm); W. 9/16 in. (1.4 cm); thickness 1/4 in. (0.6 cm); Wt. 0.9 oz. (25.5 g),Japanese,Japan,,,Birds,,,,,,,Arms and Armor,Sword Furniture-Kozuka,,False,True,https://www.metmuseum.org/art/collection/search/29403,https://images.metmuseum.org/CRDImages/aa/original/38.25.68_001AA2015.jpg,1,,,
24856,Gorget for an Officer of the South Carolina Infantry Regiment,Gorget,late 18th century,,,,"Brass, gold",H. 4 3/4 in. (12.07 cm); W. 4 1/4 in. (10.8 cm),American,United States,,,Men|Female Nudes|Coat of Arms,,,,,,,Arms and Armor,Armor Parts-Gorgets,,False,True,https://www.metmuseum.org/art/collection/search/24856,https://images.metmuseum.org/CRDImages/aa/original/DP-12881-028.jpg,0,https://www.wikidata.org/wiki/Q116240957,,
34064,Arrowhead for an Incendiary Arrow,Arrowhead for an Incendiary Arrow,2nd century,,,,Metal,L. 7 1/2 in. (19.1 cm).,Roman,Austria,,near Vienna,,,,,,,,Arms and Armor,Archery Equipment,,False,True,https://www.metmuseum.org/art/collection/search/34064,https://images.metmuseum.org/CRDImages/aa/original/sfsb29.158.637s1.jpg,4,,,
31750,Knife,Knife,19th century,,,,"Steel, copper alloy, bone, tooth (elephant), brass, wax, ivory, ruby",L. 9 9/16 in. (24.3 cm); W. 11/16 in. (1.7 cm); Wt. 3.5 oz. (99.2 g),North African (Berber),North Africa,,,,,,,,,,Arms and Armor,Knives,,False,True,https://www.metmuseum.org/art/collection/search/31750,https://images.metmuseum.org/CRDImages/aa/original/36.25.770_002june2014.jpg,1,,,
25610,Axe Head,Axe head,ca. 2000–90 BCE,,,,Bronze,L. 3 3/8 in. (8.6 cm); W. 1 1/2 in. (3.8 cm); thickness 7/16 in. (1.1 cm); Wt. 5.1 oz. (144.6 g),"European, Italian peninsula, possibly Etruscan",Italy,,,,,,,,,,Arms and Armor,Shafted Weapons,,False,True,https://www.metmuseum.org/art/collection/search/25610,https://images.metmuseum.org/CRDImages/aa/original/LC-08_99_14-002-Edit.jpg,4,,,
27420,Rapier,Rapier,late 16th century,,,,"Steel, copper wire",L. 54 1/4 in. (137.8 cm); L. of blade 48 in. (121.9 cm); W. 9 1/2 in. (24.1 cm); D. 6 in. (15.2 cm); Wt. 3 lb. 11 oz. (1672.6 g),German,Germany,,,,,,,,,,Arms and Armor,Swords,,False,True,https://www.metmuseum.org/art/collection/search/27420,https://images.metmuseum.org/CRDImages/aa/original/LC-14_25_1033-001-2.jpg,3,,,
21891,Blade and Mounting for a Sword (Katana),Blade and mounting for a sword (Katana),"blade, 17th century; mounting, 19th century",,,,"Steel, wood, silver, iron, copper-silver alloy (shibuichi), copper-gold alloy (shakudō), copper, gold",L. 37 3/16 in. (94.5 cm); L. of blade 32  11/16 in. (83 cm); L. of cutting edge 24 7/16 in. (62.1 cm); D. of curvature 9/16 in. (1.5 cm),Japanese,Japan,,Tokyo,,,,,,,,Arms and Armor,Swords,,False,True,https://www.metmuseum.org/art/collection/search/21891,https://images.metmuseum.org/CRDImages/aa/original/DP-22660-002.jpg,5,,,
788263,Repeating Flintlock Pistol,Repeating flintlock pistol,ca. 1690–1700,,,,"Steel, wood, silver",L. 19 15/16 in. (50.64 cm); L. of barrel 11 3/16 in. (28.42 cm); Cal. .48 in. (12.2 mm); Wt. 2 lb. 14.3 oz. (1311 g),"Italian, Florence",Italy,,Florence,,Michele Lorenzoni,Gunsmith,Italian,1633,1733,,Arms and Armor,Firearms-Pistols-Flintlock,"Italian, active in Florence, died 1733",False,True,https://www.metmuseum.org/art/collection/search/788263,https://images.metmuseum.org/CRDImages/aa/original/DP-17852-009.jpg,2,,,
29233,Rowel Spur (Left),Spur,18th century,,,,Iron,L. 5 1/4 in. (13.3 cm); W. 4 1/8 in. (10.5 cm); Diam. of rowel 3/4 in. (1.9 cm); Wt. 2.6 oz. (73.7 g),German,Germany,,,,,,,,,,Arms and Armor,Equestrian Equipment-Spurs,,False,True,https://www.metmuseum.org/art/collection/search/29233,https://images.metmuseum.org/CRDImages/aa/original/LC-42_50_311-001.jpg,1,,,
35955,Ceramic,Fragment,ca. 1150–ca. 1250,,,,Ceramic,L. 1 1/4 in. (31.75 mm); D. 3/16 in. (5 mm),European or Middle Eastern,,,,,,,,,,,Arms and Armor,Miscellaneous,,False,True,https://www.metmuseum.org/art/collection/search/35955,https://images.metmuseum.org/CRDImages/aa/original/DP278678.jpg,0,,,
32125,Helmet,Helmet,18th–19th century,,,,"Steel, silver, copper alloy",H. including mail 17 1/4 in. (43.8 cm); H. excluding mail 3 1/4 in. (8.3 cm); Diam. 6 3/16 in. (15.7 cm); Wt. 2 lb. 0.4 oz. (918.5 g),Caucasian,,Caucasus,,,,,,,,,Arms and Armor,Helmets,,False,True,https://www.metmuseum.org/art/collection/search/32125,https://images.metmuseum.org/CRDImages/aa/original/36.25.75_001mar2015.jpg,4,,,
34354,Brigandine Plate,Brigandine plate,1400–1450,,,,"Iron alloy, textile",H. 12 in. (30.5 cm); W. 9 1/2 in. (24.1 cm); Wt. 1 lb. 15.9 oz. (904.3 g),Italian,Italy,,,,,,,,,,Arms and Armor,Armor Parts,,False,True,https://www.metmuseum.org/art/collection/search/34354,https://images.metmuseum.org/CRDImages/aa/original/29.150.90oo_001july2014.jpg,2,,,
32048,Helmet,Helmet,ca. 1734,,,,"Steel, gold",H. 6 7/8 in. (17.5 cm); Diam. 8 1/4 in. (21 cm); Wt. 15.6 oz. (442.3 g),"Egyptian, Ottoman",probably Egypt,,,,,,,,,,Arms and Armor,Helmets,,False,True,https://www.metmuseum.org/art/collection/search/32048,https://images.metmuseum.org/CRDImages/aa/original/36.25.102_006mar2015.jpg,4,,,
29695,Knife Handle (Kozuka),Knife handle (Kozuka),early 19th century,,,,"Iron, gold",L. 3 13/16 in. (9.7 cm); W. 9/16 in. (1.4 cm); thickness 1/4 in. (0.6 cm); Wt. 1 oz. (28.3 g),Japanese,Japan,,,Birds|Trees,,,,,,,Arms and Armor,Sword Furniture-Kozuka,,False,True,https://www.metmuseum.org/art/collection/search/29695,https://images.metmuseum.org/CRDImages/aa/original/36.120.300_001AA2015.jpg,1,,,
32275,Spear,Spear,18th century,,,,"Steel, gold",L. 50 1/2 in. (128.3 cm); L. of head 19 in. (48.3 cm); W. 1 1/2 in. (3.8 cm); Wt. 1 lbs. 6.1 oz. (626.5 g),North Indian,North India,,,,,,,,,,Arms and Armor,Shafted Weapons,,False,True,https://www.metmuseum.org/art/collection/search/32275,https://images.metmuseum.org/CRDImages/aa/original/DP347124.jpg,2,,,
29321,Pair of Stirrups,Stirrups,19th–early 20th century,,,,"Iron, gold",42.50.462; H. 8 3/8 in. (21.3 cm); W. 5 1/2 in. (14 cm); D. 7 1/2 in. (19.1 cm); Wt. 2 lb. 8.1 oz. (g); 42.50.463; H. 8 1/2 in. (21.6 cm); W. 5 1/2 in. (14 cm); D. 7 3/8 in. (18.7 cm); Wt. 2 lb. 8 oz. (1134 g),Moroccan,Morocco,,,,,,,,,,Arms and Armor,Equestrian Equipment-Stirrups,,False,True,https://www.metmuseum.org/art/collection/search/29321,https://images.metmuseum.org/CRDImages/aa/original/LC-42_50_462_463-003.jpg,0,,,
25775,Sword Guard (Tsuba),Sword guard (Tsuba),ca. 1615–1868,,,,"Iron, copper",H. 2 7/8 in. (7.3 cm); W. 2 9/16 in. (6.5 cm); thickness 3/16 in. (0.5 cm); Wt. 3.9 oz. (110.6 g),Japanese,Japan,,,,,,,,,,Arms and Armor,Sword Furniture-Tsuba,,False,True,https://www.metmuseum.org/art/collection/search/25775,https://images.metmuseum.org/CRDImages/aa/original/91.1.837_001feb2014.jpg,1,,,
23631,Arrowhead (<i>Yanone</i>),Arrowhead (<i>Yanone</i>),18th century,,,,Steel,L. 7 in. (17.8 cm); L. of head 3 1/4 in. (8.3 cm); W. 2 1/8 in. (5.4 cm); Wt. 1 oz. (28.3 g),Japanese,Japan,,,,,,,,,,Arms and Armor,Archery Equipment-Arrowheads,,False,True,https://www.metmuseum.org/art/collection/search/23631,https://images.metmuseum.org/CRDImages/aa/original/LC-32_75_561-001.jpg,0,,,
23266,Mitten Gauntlet for Left Hand with Rondel (Manifer),Mitten gauntlet for left hand with rondel (Manifer),ca. 1480–1500,,,,Steel,H. 13 1/2 in.  (34.3 cm),Italian,Italy,,,,,,,,,,Arms and Armor,Armor Parts-Gauntlets,,False,True,https://www.metmuseum.org/art/collection/search/23266,https://images.metmuseum.org/CRDImages/aa/original/DP-12882-033.jpg,0,,,
22062,Pair of Shoulder Guards (Sodē),Pair of shoulder guards (Sodē),18th century,,,,Iron,L. 10 1/2 in.  (26.7 cm); H. 10 3/4 in. (27.3 cm),Japanese,Japan,,,Dragons,,,,,,,Arms and Armor,Armor Parts-Arms & Shoulders,,False,True,https://www.metmuseum.org/art/collection/search/22062,https://images.metmuseum.org/CRDImages/aa/original/1266.jpg,0,,,
33021,Manuscript Memorandum of George Washington Describing Work to be Done on His Swords,Memorandum,1779,,,,Pen and ink on paper,8 1/2 x 7 3/8 in. (21.5 x 18.7 cm),American,United States,,,Manuscripts|George Washington,George Washington,Author,American,1732,1799,,Arms and Armor,Works on Paper-Miscellaneous,"American, 1732–1799",False,True,https://www.metmuseum.org/art/collection/search/33021,https://images.metmuseum.org/CRDImages/aa/original/LC-21_81-001.jpg,0,,https://www.wikidata.org/wiki/Q23,http://vocab.getty.edu/page/ulan/500126198
30971,Sword (Klewang) with Scabbard,Sword (Klewang) with scabbard,18th–19th century,,,,"SIlver, bone",L. with scabbard 28 in. (71.1 cm); L. without scabbard 25 1/2 in. (64.8 cm); L. of blade 18 in. (45.7 cm); W. 2 1/2 in. (6.4 cm); Wt. 1 lb. 8.3 oz. (688.9 g); Wt. of scabbard 9.2 oz. (260.8 g),Malayan,Malay,,,,,,,,,,Arms and Armor,Swords,,False,True,https://www.metmuseum.org/art/collection/search/30971,https://images.metmuseum.org/CRDImages/aa/original/LC-36_25_1516a_b-004-2.jpg,5,,,
33255,Buckle,Buckle,14th century,,,,Bronze gilt,H. 3/4 in. (1.9 cm); W. 2 1/8 in. (5.4 cm); thickness 1/4 in. (0.6 cm); Wt. 0.3 oz. (8 g),French,France,,,,,,,,,,Arms and Armor,Miscellaneous-Buckles & Ornament,,False,True,https://www.metmuseum.org/art/collection/search/33255,https://images.metmuseum.org/CRDImages/aa/original/LC-20_152_80-001.jpg,0,,,
852874,Evans Repeating Rifle Co. Transition Model Lever Action Musket,Musket,ca. 1876,,,,"Wood, steel, nickel",L. 46 5/8 in. (118.4 cm); L. of barrel 28 1/16 in. (71.3 cm); Cal. .44 in. (11.2 mm); Wt. 9 lb. (4086 g),"American, Mechanic Falls, Maine and New York",United States,,New York,,Evans Repeating Rifle Company,Manufacturer,,1873,1881,,Arms and Armor,Firearms-Guns,"American, Mechanic Falls, Maine 1873–1881",False,True,https://www.metmuseum.org/art/collection/search/852874,https://images.metmuseum.org/CRDImages/aa/original/LC-2021_162-018-Edit.jpg,14,,,
695229,Fragment,Fragment,ca. 1150–ca. 1250,,,,"Glass, ceramic",greatest H. 3 1/4 in. (8.3 cm); smallest H. 3/4 in. (1.9 cm),European or Middle Eastern,,,,,,,,,,,Arms and Armor,Glass-Vessels,,False,True,https://www.metmuseum.org/art/collection/search/695229,https://images.metmuseum.org/CRDImages/aa/original/DP276488.jpg,3,,,
25555,Badge or Harness Pendant,Badge or harness pendant,14th century,,,,"Copper, gold, enamel",H. 2 1/8 in. (5.4 cm); W. 1 3/4 in. (4.5 cm); Wt. 0.5 oz. (14.2 g),possibly Spanish,Spain,,,Birds|Dogs,,,,,,,Arms and Armor,Miscellaneous-Badges,,False,True,https://www.metmuseum.org/art/collection/search/25555,https://images.metmuseum.org/CRDImages/aa/original/LC-04.3.438-001.jpg,0,,,
33240,Buckle,Buckle,14th century,,,,Bronze,H. 5/8 in. (1.6 cm); W. 2 1/8 in. (5.4 cm); thickness 5/16 in. (0.8 cm); Wt. 0.2 oz. (5.7 g),"French, Haute-Savoie",France,,Département de la Haute-Savoie,,,,,,,,Arms and Armor,Miscellaneous-Buckles & Ornament,,False,True,https://www.metmuseum.org/art/collection/search/33240,https://images.metmuseum.org/CRDImages/aa/original/LC-20_152_65-001.jpg,0,,,
29014,Toe Cap for a Foot Defense (Sabaton),Toe cap for a foot defense (Sabaton),1520s,,,,"Steel, gold",L. 2 3/8 in. (6 cm); W. 4 3/4 in. (12.1 cm),Augsburg,Germany,,,,,,,,,,Arms and Armor,Armor Parts,,False,True,https://www.metmuseum.org/art/collection/search/29014,https://images.metmuseum.org/CRDImages/aa/original/LC-42_50_22-001.jpg,7,,,
788215,Winchester Model 1894 Takedown Rifle (serial no. 311946) with Box of Sights,Rifle with box of sights,1906,,,,"Steel, gold, platinum, silver, wood (walnut), leather, textile",Rifle (a): L. 40 in. (101.6 cm); L. of barrel 21 in. (53.3 cm); Cal. .30 in. (7.62 mm); Wt. 6 lb. 13.9 oz. (3114 g); box of sights (b): 5 13/16 x 3 x 1 1/8 in. (14.76 x 7.62 x 2.86 cm); Wt. 2.9 oz. (82 g); rear sight (c): 1 15/16 x 11/16 in. (4.92 x 1.75 cm); Wt. 0.35 oz. (10 g); front sight (d): 3/8 x 7/16 in. (0.95 x 1.11 cm); Wt. less than 0.01 oz. (less than 1 g); front sight (e): 3/8 x 7/16 in. (0.95 x 1.11 cm); Wt. less than 0.01 oz. (less than 1 g); front sight bracket (f): 13/16 x 7/8 in. (2.06 x 2.22 cm); Wt. 0.05 oz. (2 g); front sight (g): 3/8 x 5/8 in. (0.95 x 1.59 cm); Wt. 0.15 oz. (4 g); front sight (h): 11/16 x 5/8 in. (1.75 x 1.59 cm); Wt. 0.10 oz. (3 g); spare breach strap screw (i): L. 2 in. (5.08 cm); head Diam. 5/16 in. (0.79 cm); Wt. 0.35 oz. (10 g); spare set screw (j): L. 3/16 in. (0.48 cm); Diam. 3/16 in. (0.48 cm); Wt. less than 0.01 oz. (less than 1 g),"American, New Haven, Connecticut",United States,,New Haven,,Winchester Repeating Arms Company,Manufacturer,American,1866,9999,,Arms and Armor,Firearms-Guns,"American, New Haven, Connecticut, founded 1866",False,True,https://www.metmuseum.org/art/collection/search/788215,https://images.metmuseum.org/CRDImages/aa/original/DP-17853-001.jpg,4,,https://www.wikidata.org/wiki/Q1469447,(not assigned)
22872,Dagger with Sheath,Dagger with sheath,"Hilt, 17th–18th century; blade and sheath, 19th century",,,,"Steel, nephrite, gold, emerald, ruby, diamond, sapphire, jade",H. with sheath 19 3/16 in. (48.7 cm); H. without sheath 18 3/16 in. (46.2 cm); W. 3 1/2 in. (8.9 cm); Wt. 13.1 oz. (371.4 g); Wt. of sheath 6 oz. (170.1 g),"Hilt, Indian, Mughal; blade and sheath, Turkish, Ottoman",Turkey,,,Horses,,,,,,,Arms and Armor,Daggers,,False,True,https://www.metmuseum.org/art/collection/search/22872,https://images.metmuseum.org/CRDImages/aa/original/DP158185.jpg,7,,,
35823,Armor for Heavy Cavalry with Matching Shaffron (Horse's Head Defense),Armor for heavy cavalry with matching shaffron (horse's head defense),ca. 1600,,,,"Steel, gold, leather, textile",armor: H. 57 in. (144.78 cm); Wt. 77 lb. 2 oz. (34.98 kg); shaffron: H. 22 in. (55.88 cm); Wt. 2 lb. 14 oz. (1.3 kg),French,France,,,,,,,,,,Arms and Armor,Armor for Man-3/4 Armor,,False,True,https://www.metmuseum.org/art/collection/search/35823,https://images.metmuseum.org/CRDImages/aa/original/DT11755.jpg,8,https://www.wikidata.org/wiki/Q116234854,,
29474,Pair of Sword-Grip Ornaments (Menuki),Pair of sword-grip ornaments (Menuki),18th century,,,,"Copper-gold alloy (shakudō), silver, gold",L. of each 1 1/8 in. (2.9 cm); Wt. of each 0.2 oz. (5.7 g),Japanese,Japan,,,Insects,,,,,,,Arms and Armor,Sword Furniture-Menuki,,False,True,https://www.metmuseum.org/art/collection/search/29474,https://images.metmuseum.org/CRDImages/aa/original/LC-38_55_53a_b-001.jpg,0,,,
21968,Wheellock Rifle,Wheellock rifle,ca. 1640–50,,,,"Steel, gold, fruitwood, staghorn, bone",L. 41 7/8 in. (106.4 cm); L. of barrel 30 9/16 in. (77.6 cm); Cal. .46 in. (11.7 mm); Wt. 7 lb. 6 oz. (3350 g),"German, Munich and Augsburg",Germany,,Munich and Augsburg,Men|Hunting|Deer|Dogs,Caspar Spät,Steel-chiseler,German,1586,1716,,Arms and Armor,Firearms-Guns-Wheellock,"German, Munich, ca. 1611–1691",False,True,https://www.metmuseum.org/art/collection/search/21968,https://images.metmuseum.org/CRDImages/aa/original/DP273708.jpg,6,https://www.wikidata.org/wiki/Q116323569,https://www.wikidata.org/wiki/Q55915495,(not assigned)
30517,Pair of Flintlock Pistols,Pair of flintlock pistols,late 18th–early 19th century,,,,"Steel, wood, coral, silver, gold",36.25.2246a; L. 19 in. (48.3 cm); L. of barrel 12 7/8 in. (32.7 cm); Cal. .65 in (16.5 mm); Wt. 3 lb. 0.9 oz. (1386.3 g); 36.25.2246b; L. 19 in. (48.3 cm); L. of barrel 12 13/16 in. (32.5 cm); Cal. .64 in (16.3 mm); Wt. 3 lb. 0.5 oz. (1375 g),Algerian,Algeria,,,,,,,,,,Arms and Armor,Firearms-Pistols-Flintlock,,False,True,https://www.metmuseum.org/art/collection/search/30517,https://images.metmuseum.org/CRDImages/aa/original/DP215282.jpg,2,,,
23158,"Gauntlet for the Right Hand, from Tannenberg Castle",Gauntlet for the right hand,ca. 1380,,,,Steel,H. 6 3/4 in. (17.1 cm); W. 5 in. (12.7 cm); D. 4 in. (10.2 cm); Wt. 7.1 oz. (201.3 g),German,Germany,,,,,,,,,,Arms and Armor,Armor Parts-Gauntlets,,False,True,https://www.metmuseum.org/art/collection/search/23158,https://images.metmuseum.org/CRDImages/aa/original/DP-12881-037.jpg,0,https://www.wikidata.org/wiki/Q116240967,,
26407,Sword Guard (Tsuba),Sword guard (Tsuba),18th century,,,,"Iron, copper",H. 3 1/4 in. (8.3 cm); W. 3 1/8 in. (7.9 cm); thickness 3/16 in. (0.5 cm); Wt. 3.7 oz. (104.9 g),Japanese,Japan,,,Mountains,,,,,,,Arms and Armor,Sword Furniture-Tsuba,,False,True,https://www.metmuseum.org/art/collection/search/26407,https://images.metmuseum.org/CRDImages/aa/original/46.122.213_001may2014.jpg,1,,,
23678,Arrowhead (<i>Yanone</i>),Arrowhead (<i>Yanone</i>),18th century,,,,Steel,L. 6 3/4 in. (17.2 cm); L. of head 2 5/16 in. (5.9 cm); W. 1 1/2 in. (3.8 cm); Wt. 1.2 oz. (34 g),Japanese,Japan,,,,,,,,,,Arms and Armor,Archery Equipment-Arrowheads,,False,True,https://www.metmuseum.org/art/collection/search/23678,https://images.metmuseum.org/CRDImages/aa/original/LC-32_75_611-001.jpg,0,,,
25711,Sword guard (<i>Tsuba</i>) Depicting Hotei (布袋図鐔),Sword guard (Tsuba),ca. 1810–50,,,,"Copper-silver alloy shibuichi), gold, copper-gold alloy (shakudō), copper",H. 2 1/2 in. (6.4 cm); W. 2 3/16 in. (5.6 cm); thickness 5/16 in. (0.8 cm); Wt. 3.7 oz. (104.9 g),Japanese,Japan,,,Human Figures,,,,,,,Arms and Armor,Sword Furniture-Tsuba,,False,True,https://www.metmuseum.org/art/collection/search/25711,https://images.metmuseum.org/CRDImages/aa/original/91.1.792_001jan2014.jpg,1,,,
22238,Morion for the Bodyguard of the Prince-Elector of Saxony,Morion,ca. 1570,,,,"Steel, gold, brass, leather",H. 11 3/8 in. (28.9 cm); W. 9 1/4 in. (23.5 cm); D. 13 3/4 in. (34.9 cm); Wt. 4 lb. 5 oz. (1956 g),"German, Nuremberg",Germany,,Nuremberg,Horses|Coat of Arms,,,,,,,Arms and Armor,Helmets,,False,True,https://www.metmuseum.org/art/collection/search/22238,https://images.metmuseum.org/CRDImages/aa/original/14.25.652_005AA2015.jpg,4,https://www.wikidata.org/wiki/Q116326755,,
33055,Buckle,Buckle,dated 1575,,,,Steel,H. 1 in. (2.5 cm); W. 1 1/2 in. (3.8 cm); thickness 3/16 in. (0.5 cm); Wt. 0.2 oz. (7 g),Italian,Italy,,,,,,,,,,Arms and Armor,Miscellaneous-Buckles & Ornament,,False,True,https://www.metmuseum.org/art/collection/search/33055,https://images.metmuseum.org/CRDImages/aa/original/LC-20_152_200-001.jpg,0,,,
26920,Engraving of Firearms Parts,Engraving,ca. 1750,,,,Ink on paper,18 3/4 x 25 1/4 in. (47.5  x 64 cm),"French, Strasbourg",France,,Strasbourg,Firearms,Perrier,Designer,French,1725,1775,,Arms and Armor,Works on Paper-Prints,"French, Strasbourg, active mid-18th century",False,True,https://www.metmuseum.org/art/collection/search/26920,https://images.metmuseum.org/CRDImages/aa/original/DP320283.jpg,0,,,
25519,Harness Ornament,Harness ornament,14th century,,,,"Copper, gold, enamel",H. 3 3/16 in. (8.1 cm); W. 1 7/16 in. (3.7 cm); D. 3/8 in. (1 cm),possibly British,possibly England,,,,,,,,,,Arms and Armor,Miscellaneous-Badges,,False,True,https://www.metmuseum.org/art/collection/search/25519,https://images.metmuseum.org/CRDImages/aa/original/sf04-3-400s1.jpg,1,https://www.wikidata.org/wiki/Q116326075,,
22800,Arrowhead (<i>Yanone</i>),Arrowhead (<i>Yanone</i>),18th century,,,,Steel,L. 6 3/8 in. (16.2 cm); L. of head 1 5/8 in. (4.1 cm); W. 3/8 in. (1 cm); Wt. 0.5 oz. (14.2 g),Japanese,Japan,,,,,,,,,,Arms and Armor,Archery Equipment-Arrowheads,,False,True,https://www.metmuseum.org/art/collection/search/22800,https://images.metmuseum.org/CRDImages/aa/original/LC-32_75_663-001.jpg,0,,,
33770,Wheellock Pistol,Wheellock pistol,dated 1597,,,,"Steel, wood, ivory",L. 9 in. (22.9 cm); L. of barrel 5 1/4 in. (13.3 cm); Cal. .42 in. (10.5 mm); Wt. 3 lb. 8.4 oz. (1598.9 g),Swiss,Switzerland,,,,,,,,,,Arms and Armor,Firearms-Pistols-Wheellock,,False,True,https://www.metmuseum.org/art/collection/search/33770,https://images.metmuseum.org/CRDImages/aa/original/LC-14_25_1410-004.jpg,3,,,
34430,Sword Guard (Tsuba),Sword guard (Tsuba),ca. 1615–1868,,,,"Iron, silver, copper",H. 3 1/4 in. (8.3 cm); W. 3 in. (7.6 cm); thickness 1/4 in. (0.6 cm); Wt. 7.1 oz. (201.3 g),Japanese,Japan,,,Flowers,,,,,,,Arms and Armor,Sword Furniture-Tsuba,,False,True,https://www.metmuseum.org/art/collection/search/34430,https://images.metmuseum.org/CRDImages/aa/original/29.100.1019_001feb2014.jpg,1,,,
33499,Scale Armor,Scale armor,ca. 1870,,,,"Steel, canvas",H. 17 in. (43.2 cm); W. 13 1/2 in. (34.3 cm),French,France,,,,,,,,,,Arms and Armor,Armor for Man-Scale Armor,,False,True,https://www.metmuseum.org/art/collection/search/33499,https://images.metmuseum.org/CRDImages/aa/original/sfsb19.49.16 (5-22-07)s1r.jpg,0,,,
24652,Powder Horn,Powder horn,ca. 1779–80,,,,"Horn (cow), wood (pine)",L. 13 in. (33 cm); Diam. 2 3/4 in. (7 cm); Wt. 6.1 oz. (172.9 g),"Native American, possibly Penobscot",United States,,,,,,,,,,Arms and Armor,Firearms Accessories-Powder Horns,,False,True,https://www.metmuseum.org/art/collection/search/24652,https://images.metmuseum.org/CRDImages/aa/original/LC-37_131_16ab-004.jpg,3,https://www.wikidata.org/wiki/Q116394339,,
26553,Smallsword,Smallsword,ca. 1700–1725,,,,"Steel, brass, wood","L. 37 1/2 in. (95.3 cm), L. of blade 31 3/8 in. (79.8 cm); W. 3 1/2 in. (8.9 cm); Wt. 1 lb. 4 oz. (567 g)","Sri Lankan (Ceylon, for the European market)",Sri Lanka,,,,,,,,,,Arms and Armor,Swords,,False,True,https://www.metmuseum.org/art/collection/search/26553,https://images.metmuseum.org/CRDImages/aa/original/269664.jpg,1,,,
33266,Mordant,Mordant,15th century,,,,Brass,H. 1 3/8 in. (3.4 cm); W. 1 in. (2.5 cm); thickness 1/4 in. (0.6 cm); Wt. 0.8 oz. (24 g),Spanish,Spain,,,,,,,,,,Arms and Armor,Miscellaneous-Buckles & Ornament,,False,True,https://www.metmuseum.org/art/collection/search/33266,https://images.metmuseum.org/CRDImages/aa/original/LC-20_152_91-001.jpg,0,,,
22775,Armet,Armet,ca. 1505,,,,"Steel, copper alloy",H. 12 in. (30.5 cm); W. 8 7/16 in. (21.4 cm); D. 13 in. (33 cm); Wt. 9 lb. 4 oz. (4192 g),"South Netherlandish, Brussels",Belgium,,Brussels,,Guillem Margot,Armorer,Flemish,1505,1533,,Arms and Armor,Helmets,"Flemish, active Brussels, recorded 1505–20",False,True,https://www.metmuseum.org/art/collection/search/22775,https://images.metmuseum.org/CRDImages/aa/original/29.158.52_014AA2015.jpg,6,https://www.wikidata.org/wiki/Q116324664,,
34749,Sword-Hilt Collar and Pommel (Fuchigashira),Sword-hilt collar and pommel (Fuchigashira),ca. 1615–1868,,,,"Copper-gold alloy (shakudō), copper, silver",Fuchi (a); H. 1 1/2 in. (3.8 cm); Wt. 0.8 oz. (22.7 g); kashira (b); H. 1 5/16 in. (3.3 cm); Wt. 0.4 oz. (11.3 g),Japanese,Japan,,,Flowers,,,,,,,Arms and Armor,Sword Furniture-Fuchi-Kashira,,False,True,https://www.metmuseum.org/art/collection/search/34749,https://images.metmuseum.org/CRDImages/aa/original/LC-29_100_1341a_b-001.jpg,0,,,
35085,Sword-Hilt Collar and Pommel (Fuchigashira),Sword-hilt collar and pommel (Fuchigashira),18th century,,,,"Copper-gold alloy (shakudō), copper, gold, copper-silver alloy (shibuichi)",Kashira (a); H. 1 5/16 in. (3.3 cm); Wt. 0.6 oz. (17 g); fuchi (b); H. 1 1/2 in. (3.8 cm); Wt. 1.1 oz. (31.2 g),Japanese,Japan,,,Animals|Deer|Leaves,,,,,,,Arms and Armor,Sword Furniture-Fuchi-Kashira,,False,True,https://www.metmuseum.org/art/collection/search/35085,https://images.metmuseum.org/CRDImages/aa/original/LC-17_208_91a_b-002.jpg,0,,,
32853,Buckle,Buckle,1459–1519,,,,Brass,L. 1 5/8 in. (4.1 cm); W. 7/8 in. (2.2 cm); thickness 3/16 in. (0.5 cm); Wt. 0.4 oz. (12 g),German,Germany,,,,,,,,,,Arms and Armor,Miscellaneous-Buckles & Ornament,,False,True,https://www.metmuseum.org/art/collection/search/32853,https://images.metmuseum.org/CRDImages/aa/original/LC-23_190_1-001.jpg,0,,,
29209,Rowel Spur (Left),Spur,15th century,,,,Iron alloy,L. 7 1/4 in. (18.4 cm); W. 3 5/8 in. (9.2 cm); Diam. of rowel 1 1/4 in. (3.2 cm); Wt. 4.4 oz. (124.7 g),Bohemian,Czech Republic,,,,,,,,,,Arms and Armor,Equestrian Equipment-Spurs,,False,True,https://www.metmuseum.org/art/collection/search/29209,https://images.metmuseum.org/CRDImages/aa/original/LC-42_50_278-001.jpg,1,,,
918664,Arrowpoint,Arrowpoint,before 700,,,,Iron,06.310.15a; L. 3 in. (7.6 cm); L. of head 1 1/4 in. (3.2 cm); W. 7/8 in. (2.2 cm); Wt. 0.4 oz. (11.3 g); 06.310.15b; L. 1 3/8 in. (3.5 cm); W. 1 1/4 in. (3.2 cm); Wt. 0.3 oz. (8.5 g);,Japanese,Japan,,,,,,,,,,Arms and Armor,Archery Equipment-Bows,,False,True,https://www.metmuseum.org/art/collection/search/918664,https://images.metmuseum.org/CRDImages/aa/original/1828.jpg,0,,,
31252,Kris with Sheath,Kris with sheath,16th–19th century,,,,Wood,L. with sheath 19 11/16 in. (50 cm); L. without sheath 15 3/4 in. (40 cm); L. of blade 11 5/8 in. (29.5 cm); W. 3 1/4 in. (8.3 cm); Wt. 4.6 oz. (130.4 g); Wt. of sheath 10.7 oz. (303.3 g),Javanese,Indonesia,,,,,,,,,,Arms and Armor,Krisses,,False,True,https://www.metmuseum.org/art/collection/search/31252,https://images.metmuseum.org/CRDImages/aa/original/36.25.1231ab_001Mar2015.jpg,0,,,
27679,Brigandine Plate,Brigandine plate,1400–1450,,,,"Iron alloy, copper alloy, textile (hemp)",H. 10 9/16 in. (26.8 cm); W. 7 in. (17.8 cm); Wt. 1 lb. 8.5 oz. (694.6 g),Italian,Italy,,,,,,,,,,Arms and Armor,Armor Parts,,False,True,https://www.metmuseum.org/art/collection/search/27679,https://images.metmuseum.org/CRDImages/aa/original/29.150.90x_002august2014.jpg,2,,,
26883,Visored Bascinet in the 14th century style,Visored bascinet,19th century,,,,Steel,H. 11 5/8 in. (29.5 cm); W. 7 1/2 in. (19.1 cm); Wt. 6 lb. 6 oz. (2891.7 g),French,France,,,,,,,,,,Arms and Armor,Forgeries,,False,True,https://www.metmuseum.org/art/collection/search/26883,https://images.metmuseum.org/CRDImages/aa/original/sfeah14-25-568ATS1.JPG,1,,,
31743,Dagger with Sheath,Dagger with sheath,18th–19th century,,,,"Steel, ivory, silver, wood, possibly coral",L. of blade 14 1/2 in. (36.8 cm); L. with sheath 20 11/16 in. (52.5 cm); L. without sheath 19 1/2 in. (49.5 cm); W. 2 3/16 in. (5.6 cm); Wt. 14.1 oz. (399.7 g); Wt. of sheath 6.9 oz. (195.6 g),"Turkish, Ottoman",Turkey,,,,,,,,,,Arms and Armor,Daggers,,False,True,https://www.metmuseum.org/art/collection/search/31743,https://images.metmuseum.org/CRDImages/aa/original/36.25.763ab_003june2014.jpg,2,,,
22726,Fragment of a Scroll Depicting Banners,Scroll fragment,possibly 18th century,,,,Ink on paper,L. 62 ft. (18.9 m); W. 13 1/2 in. (34.3 cm),Japanese,Japan,,,,,,,,,,Arms and Armor,Miscellaneous,,False,True,https://www.metmuseum.org/art/collection/search/22726,https://images.metmuseum.org/CRDImages/aa/original/LC-speah-17_235_8-001.jpg,0,,,
30012,Sword Guard (Tsuba),Sword guard (Tsuba),late 16th–early 17th century,,,,"Iron, copper",H. 2 5/8 in. (6.7 cm); W. 2 7/16 in. (6.2 cm); thickness 3/16 in. (0.5 cm); Wt. 3.3 oz. (93.6 g),Japanese,Japan,,,,,,,,,,Arms and Armor,Sword Furniture-Tsuba,,False,True,https://www.metmuseum.org/art/collection/search/30012,https://images.metmuseum.org/CRDImages/aa/original/36.120.219_001apr2014.jpg,1,,,
33772,Wheellock Pistol,Wheellock pistol,ca. 1650,,,,"Wood (stained beechwood), steel, brass",L. 21 5/8 in. (54.9 cm); L. of barrel 13 5/8 in. (34.6 cm); Cal. .45 in. (11.4 mm); Wt. 2 lb. 12 oz. (1247.4 g),Swiss,Switzerland,,,,,,,,,,Arms and Armor,Firearms-Pistols-Wheellock,,False,True,https://www.metmuseum.org/art/collection/search/33772,https://images.metmuseum.org/CRDImages/aa/original/LC-14_25_1421-005.jpg,3,,,
29595,Powder Flask,Powder flask,possibly 17th century,,,,Horn (cow),L. 8 in. (20.3 cm); Diam. 2 1/4 in. (5.7 cm); Wt. 5.5 oz. (155.9 g),possibly Scandinavian,,,,,,,,,,,Arms and Armor,Firearms Accessories-Powder Horns,,False,True,https://www.metmuseum.org/art/collection/search/29595,https://images.metmuseum.org/CRDImages/aa/original/38.45.1ab_s1.jpg,1,,,
22987,Shaffron (Horse's Head Defense),Shaffron (horse's head defense),ca. 1600,,,,"Steel, gold, textile",H. 22 in. (55.9 cm); Wt. 2 lb. 14 oz. (1304.1),French,France,,,,,,,,,,Arms and Armor,Equestrian Equipment-Shaffrons,,False,True,https://www.metmuseum.org/art/collection/search/22987,https://images.metmuseum.org/CRDImages/aa/original/DP-12882-006.jpg,1,https://www.wikidata.org/wiki/Q116234848,,
652961,Design for the Decoration of the Side Plate of a Firearm,Drawings,ca. 1797–1805,,,,"Pencil, ink, gray wash on paper",2 3/4 x 6 1/4 in. (7 x 15.9 cm),"French, Versailles",France,,Versailles,Ornament,Nicolas Noël Boutet,Designer,French,1761,1833,,Arms and Armor,Works on Paper-Drawings,"French, Versailles and Paris, 1761–1833",False,True,https://www.metmuseum.org/art/collection/search/652961,https://images.metmuseum.org/CRDImages/aa/original/DP322493.jpg,0,,https://www.wikidata.org/wiki/Q3339989,http://vocab.getty.edu/page/ulan/500063092
31877,Pair of Stirrups,Pair of stirrups,18th–19th century,,,,Iron,Stirrup (a); H. 5 1/8 in. (13 cm); W. 5 1/4 in. (13.3 cm); D. 3/4 in. (1.9 cm); Wt. 4.9 oz. (138.9 g); stirrup (b); H. 5 1/4 in. (13.3 cm); W. 5 in. (12.7 cm); D. 5/8 in. (1.6 cm); Wt. 3.9 oz. (110.6 g),Indian,India,,,,,,,,,,Arms and Armor,Equestrian Equipment-Stirrups,,False,True,https://www.metmuseum.org/art/collection/search/31877,https://images.metmuseum.org/CRDImages/aa/original/LC-36.25.514a_b-001.jpg,1,,,
24776,Knife Handle (Kozuka),Knife handle (Kozuka),early 19th century,,,,"Copper-gold alloy (shakudō), gold, silver",L. 3 13/16 in. (9.7 cm); W. 9/16 in. (1.4 cm),Japanese,Japan,,,,Gotō Mitsuyoshi (Shinjō),Fittings maker,Japanese,1780,1843,,Arms and Armor,Sword Furniture-Kozuka,"Japanese, 1780–1843, fifteenth-generation Gotō master",False,True,https://www.metmuseum.org/art/collection/search/24776,https://images.metmuseum.org/CRDImages/aa/original/LC-45_24_35-001.jpg,1,,,
33513,Early Sword,Early sword,6th century,,,,Iron,L. 32 1/4 in. (81.9 cm); L. of blade 26 1/4 in. (66.7 cm); W. 2 5/16 in. (5.9 cm); Wt. 1 lb. 2 oz. (510 g),Merovingian,,,,,,,,,,,Arms and Armor,Swords,,False,True,https://www.metmuseum.org/art/collection/search/33513,https://images.metmuseum.org/CRDImages/aa/original/LC-17_191_363-001.jpg,2,,,
27327,Pair of Stirrups,Stirrups,19th century,,,,"Copper alloy, gold",1972.94.1; H. 7 7/8 in. (20 cm); W. 6 1/2 in. (16.5 cm); D. 4 3/4 in. (12.1 cm); Wt. 2 lb. 12.2 oz. (1253 g); 1972.94.2; H. 8 in. (20.3  cm); W. 6 1/2 in. (16.5 cm); D. 4 5/8 in. (11.7 cm); Wt. 2 lb. 12.2 oz. (1253 g),Portuguese,Portugal,,,,,,,,,,Arms and Armor,Equestrian Equipment-Stirrups,,False,True,https://www.metmuseum.org/art/collection/search/27327,https://images.metmuseum.org/CRDImages/aa/original/LC-1972_94_1_2-004.jpg,0,,,
696650,Fragment,Fragment,ca. 1150–ca. 1250,,,,"Glass, ceramic",greatest H. 3 1/4 in. (8.3 cm); smallest H. 3/4 in. (1.9 cm),European or Middle Eastern,,,,,,,,,,,Arms and Armor,Glass-Vessels,,False,True,https://www.metmuseum.org/art/collection/search/696650,https://images.metmuseum.org/CRDImages/aa/original/DP276488.jpg,3,,,
23205,Armor,Armor,ca. 1400–1450 and later,,,,"Steel, copper alloy, textile, leather","H. 66 1/2 in. (168.9 cm), Wt. 41 lb. (18.6 kg)",Italian,Italy,,,,,,,,,,Arms and Armor,Armor for Man,,True,True,https://www.metmuseum.org/art/collection/search/23205,https://images.metmuseum.org/CRDImages/aa/original/LC-29_154_3-001.jpg,10,https://www.wikidata.org/wiki/Q78810519,,
27695,Pair of Thigh Defenses (Cuisses),Pair of thigh defenses (Cuisses),"left, ca. 1450; right, ca. 1920s",,,,Steel,Cuisse (a); H. 15 in. (38.1 cm); W. 7 in. (17.8 cm); D. 5 in. (12.7 cm); Wt. 2 lbs. 3.3 oz. (1000.7 g); cuisse (b); H. 15 in. (38.1 cm); W. 6 in. (15.2 cm); D. 6 3/4 in. (17.1 cm); Wt. 2 lbs. 0.1 oz. (910 g),Italian,Italian,,,,,,,,,,Arms and Armor,Armor Parts-Knee Defenses,,False,True,https://www.metmuseum.org/art/collection/search/27695,https://images.metmuseum.org/CRDImages/aa/original/29.158.270a_001Sept2014.jpg,9,,,
29171,Boss from a Horse Breast Collar,Harness ornament,late 17th–18th century,,,,Copper alloy,Diam. 2 in. (5.1 cm); Wt. 1.6 oz. (46 g),Ottoman or Tatar,Ottoman empire,,,,,,,,,,Arms and Armor,Equestrian Equipment-Bits,,False,True,https://www.metmuseum.org/art/collection/search/29171,https://images.metmuseum.org/CRDImages/aa/original/LC-42_50_225-001.jpg,0,,,
26531,Helmet,Helmet,14th–17th century,,,,"Iron, gold, silver, turquoise",H. 7 1/2 inches (19.1 cm); W. 8 3/4 in. (22.2 cm); D. 9 3/4 in. (24.8 cm); Wt. 1 lb. 11.7 oz. (785.3 g),probably Mongolian,probably Mongolia,,,,,,,,,,Arms and Armor,Helmets,,False,True,https://www.metmuseum.org/art/collection/search/26531,https://images.metmuseum.org/CRDImages/aa/original/DP124351.jpg,6,,,
30047,Sword Guard (Tsuba),Sword guard (Tsuba),first half 18th century,,,,"Iron, copper",Diam. 3 1/16 in. (9.4 cm); thickness 1/8 in. (0.3 cm); Wt. 3.5 oz. (99.2 g),Japanese,Japan,,,,,,,,,,Arms and Armor,Sword Furniture-Tsuba,,False,True,https://www.metmuseum.org/art/collection/search/30047,https://images.metmuseum.org/CRDImages/aa/original/36.120.36_002mar2014.jpg,1,,,
24777,Sword-Grip Ornaments (Menuki),Sword-grip ornaments (Menuki),mid–late 18th century,,,,"Copper-gold alloy (shakudō), gold, silver",L. of each 1 7/8 in. (4.8 cm),Japanese,Japan,,,,Gotō Mitsumori (Keijō),Fittings maker,Japanese,1741,1804,,Arms and Armor,Sword Furniture-Menuki,"Japanese, 1741–1804, fourteenth-generation Gotō master",False,True,https://www.metmuseum.org/art/collection/search/24777,https://images.metmuseum.org/CRDImages/aa/original/LC-45_24_49ab-001.jpg,0,,,
35158,Clasp Knife,Clasp Knife,18th century,,,,"Steel, horn, brass",L. 15 in (38.1 cm); W. 2 in. (5.1 cm); Wt. 4.9 oz. (138.9 g),Spanish,Spain,,,,,,,,,,Arms and Armor,Knives,,False,True,https://www.metmuseum.org/art/collection/search/35158,https://images.metmuseum.org/CRDImages/aa/original/SF91_16_80.JPG,0,,,
30028,Sword Guard (Tsuba),Sword guard (Tsuba),ca. 1830,,,,"Copper-silver alloy (shibuichi), copper-gold alloy (shakudō), gold, silver, copper",H. 2 7/8 in. (7.3 cm); W. 2 3/4 in. (7 cm); thickness 3/8 in. (1 cm); Wt. 6 oz. (170.1 g),Japanese,Japan,,,Men|Trees,,,,,,,Arms and Armor,Sword Furniture-Tsuba,,False,True,https://www.metmuseum.org/art/collection/search/30028,https://images.metmuseum.org/CRDImages/aa/original/36.120.17_001mar2014.jpg,1,,,
652981,Designs for the Decoration of Firearms,Drawings,ca. 1797–1805,,,,"Pencil, ink, gray wash on paper",4 1/8 x 3 3/4 in. (10.5 x 9.5 cm),"French, Versailles",France,,Versailles,Ornament,Nicolas Noël Boutet,Designer,French,1761,1833,,Arms and Armor,Works on Paper-Drawings,"French, Versailles and Paris, 1761–1833",False,True,https://www.metmuseum.org/art/collection/search/652981,https://images.metmuseum.org/CRDImages/aa/original/LC-2004.101.22-001.jpg,0,,https://www.wikidata.org/wiki/Q3339989,http://vocab.getty.edu/page/ulan/500063092
22302,Left Shoulder Defense (Pauldron),Left pauldron (shoulder defense),ca. 1525,,,,"Steel, copper alloy, leather",H. 10 1/4 in. (26 cm); W. 9 1/4 in. (23.5 cm); D. 12 in. (30.5 cm); Wt. 2 lb. 10.4 oz. (1202 g),"German, Augsburg",Germany,,Augsburg,,Kolman Helmschmid,Armorer,German,1471,1532,,Arms and Armor,Armor Parts-Arms & Shoulders,"German, Augsburg 1471–1532",False,True,https://www.metmuseum.org/art/collection/search/22302,https://images.metmuseum.org/CRDImages/aa/original/DP-12882-013.jpg,1,https://www.wikidata.org/wiki/Q116326557,https://www.wikidata.org/wiki/Q55910577,http://vocab.getty.edu/page/ulan/500012353
31856,Dagger (Bade-bade) with Sheath,Dagger (Bade-bade) with sheath,16th–19th century,,,,"Bone, silver",H. with sheath 19 in. (48.3 cm); H. without sheath 16 1/2 in. (41.9 cm); H. of blade 11 in. (27.9 cm); W. 1 7/8 in. (4.8 cm); Wt. 10.9 oz. (309 g); Wt. of sheath 2.1 oz. (59.5 g),"Sumatran, possibly Acheen",Indonesia,,,,,,,,,,Arms and Armor,Knives,,False,True,https://www.metmuseum.org/art/collection/search/31856,https://images.metmuseum.org/CRDImages/aa/original/36.25.686ab_003june2014.jpg,2,,,
21925,Pair of Gauntlets,Pair of gauntlets,ca. 1600,,,,"Steel, gold",L. of each 12 in. (30.5 cm); W. of each 8 in. (20.3 cm),French,France,,,,,,,,,,Arms and Armor,Armor Parts-Gauntlets,,False,True,https://www.metmuseum.org/art/collection/search/21925,https://images.metmuseum.org/CRDImages/aa/original/DP210385.jpg,2,https://www.wikidata.org/wiki/Q116324494,,
34298,Spontoon,Spontoon,18th century,,,,"Steel, wood, textile, gold, metallic thread",L. 76 3/8 in. (194 cm); L. of head 12 3/8 in. (31.4 cm); W. 3 1/2 in. (8.9 cm); Wt. 4 lb. 0.1 oz. (1817.2 g),German,Germany,,,,,,,,,,Arms and Armor,Shafted Weapons,,False,True,https://www.metmuseum.org/art/collection/search/34298,https://images.metmuseum.org/CRDImages/aa/original/29.156.14_001jan2015.jpg,1,,,
27389,Chess Piece in the Form of a Knight,Chess piece,ca. 1350–60,,,,Ivory (elephant),H. 2 13/32 in. (6.1 cm); L. 2 3/4 in. (6.4 cm); W. 5/8 in. (1.6 cm),"Western European, possibly England",possibly Britain,,,Armor|Men|Chess|Horses|Knights,,,,,,,Arms and Armor,Sculpture,,False,True,https://www.metmuseum.org/art/collection/search/27389,https://images.metmuseum.org/CRDImages/aa/original/DP108851.jpg,1,https://www.wikidata.org/wiki/Q116377852,,
34461,Sword Guard (Tsuba),Sword guard (Tsuba),ca. 1615–1868,,,,"Iron, copper-silver alloy (shibuichi), gold, copper",H. 3 1/4 in. (8.3 cm); W. 3 in. (7.6 cm); thickness 1/4 in. (0.6 cm); Wt. 5.9 oz. (167.3 g),Japanese,Japan,,,Men|Horses,,,,,,,Arms and Armor,Sword Furniture-Tsuba,,False,True,https://www.metmuseum.org/art/collection/search/34461,https://images.metmuseum.org/CRDImages/aa/original/29.100.1050_001mar2014.jpg,1,,,
22226,Close Helmet of Claude Gouffier (1501–1570),Close helmet,ca. 1555–60,,,,"Steel, gold, brass",H. 15 3/4 in. (40 cm); W. 8 1/4 in. (21 cm); D. 14 1/2 in. (36.8 cm); Wt. 6 lb. 5 oz. (2863 g),French,France,,,,,,,,,,Arms and Armor,Helmets,,False,True,https://www.metmuseum.org/art/collection/search/22226,https://images.metmuseum.org/CRDImages/aa/original/DP-12880-017.jpg,6,https://www.wikidata.org/wiki/Q116327051,,
31914,Shield (Dhàl),Shield (Dhàl),18th–19th century,,,,"Leather, textile (velvet), textile, copper alloy, polychromy",H. 21 1/4 in. (54 cm); W. 15 3/4 in. (40 cm); D. 3 1/2 in. (8.9 cm); Wt. 3 lb. 13.3 oz. (1737.8 g),Indian,India,,,,,,,,,,Arms and Armor,Shields,,False,True,https://www.metmuseum.org/art/collection/search/31914,https://images.metmuseum.org/CRDImages/aa/original/36.25.588_001Jun2015.jpg,1,,,
34423,Sword Guard (Tsuba),Sword guard (Tsuba),ca. 1615–1868,,,,"Copper, copper-gold alloy (shakudō), copper-silver alloy (shibuichi), gold, silver",H. 2 3/4 in. (7 cm); W. 2 1/2 in. (6.4 cm); thickness 5/16 in. (0.8 cm); Wt. 4.9 oz. (138.9 g),Japanese,Japan,,,Flowers,,,,,,,Arms and Armor,Sword Furniture-Tsuba,,False,True,https://www.metmuseum.org/art/collection/search/34423,https://images.metmuseum.org/CRDImages/aa/original/29.100.1012_001feb2014.jpg,1,,,
26873,Knife Handle (Kozuka),Knife handle (Kozuka),18th century,,,,"Copper-gold alloy (shakudō), gold, silver",L. 3 13/16 in. (9.7 cm); W. 9/16 in. (1.4 cm); thickness 1/4 in. (0.6 cm); Wt. 1.2 oz. (34 g),Japanese,Japan,,,Birds|Plants,,,,,,,Arms and Armor,Sword Furniture-Kozuka,,False,True,https://www.metmuseum.org/art/collection/search/26873,https://images.metmuseum.org/CRDImages/aa/original/LC-14_40_899-001.jpg,1,,,
642493,Sword Guard (Tsuba),Sword guard (Tsuba),18th or 19th century,,,,"Brass, enameled cloisonné (shippō), copper",H. 2 1/8 in. (5.4 cm); W. 1 11/16 in. (4.3 cm); thickness 3/16 in. (0.5 cm); Wt. 1.6 oz. (45.4 g),Japanese,Japan,,,,,,,,,,Arms and Armor,Sword Furniture-Tsuba,,False,True,https://www.metmuseum.org/art/collection/search/642493,https://images.metmuseum.org/CRDImages/aa/original/33.40.31_002mar2014.jpg,1,,,
26871,Knife Handle (Kozuka),Knife handle (Kozuka),18th century,,,,"Copper-gold alloy (shakudō), gold, silver, copper",L. 3 13/16 in. (9.7 cm); W. 9/16 in. (1.4 cm); thickness 3/16 in. (0.5 cm); Wt. 1.1 oz. (31.2 g),Japanese,Japan,,,Birds,,,,,,,Arms and Armor,Sword Furniture-Kozuka,,False,True,https://www.metmuseum.org/art/collection/search/26871,https://images.metmuseum.org/CRDImages/aa/original/LC-14_40_897-001.jpg,1,,,
30819,Axe (Bullova),Axe (Bullova),19th century,,,,"Wood (bamboo), steel",L. 62 1/2 in. (158.8 cm); L. of head 18 7/8 in. (47.9 cm); W. 6 1/2 in. (16.5 cm); Wt. 3 lbs. 12.8 oz. (1718 g),"Indian, Chota Nagpur",India,,,,,,,,,,Arms and Armor,Shafted Weapons,,False,True,https://www.metmuseum.org/art/collection/search/30819,https://images.metmuseum.org/CRDImages/aa/original/36.25.1841_002jan2015.jpg,1,,,
34280,Rapier,Rapier,1610–20,,,,"Steel, silver",L. 47 1/2 in. (120.2 cm); L. of blade 40 3/4 in. (103.5 cm); W. 8 5/16 in. (21.1 cm); D. 5 1/2 in. (14 cm); Wt. 2 lb. 12 oz. (1247.4 g),"hilt, British; blade, Spanish",Spain,,,,,,,,,,Arms and Armor,Swords,,False,True,https://www.metmuseum.org/art/collection/search/34280,https://images.metmuseum.org/CRDImages/aa/original/LC-29_157_2-001-2.jpg,3,,,
34137,Medal Showing Giovanni Bentivoglio II,Medal,ca. 1425–95,,,,Bronze,Diam. 3 11/16 in. (9.4 cm); D. 7/16 in. (1.1 cm); Wt. 9.1 oz. (258 g),Italian,Italy,,,Men|Profiles|Horses,,,,,,,Arms and Armor,Miscellaneous-Coins and Medals,,False,True,https://www.metmuseum.org/art/collection/search/34137,https://images.metmuseum.org/CRDImages/aa/original/29.158.405_001nov2014.jpg,1,,,
25829,Banner,Banner,late 18th century,,,,"Silk, polychromy",62 x 70 in. (157.4 x 177.8 cm),French,France,,,,,,,,,,Arms and Armor,Banners,,False,True,https://www.metmuseum.org/art/collection/search/25829,https://images.metmuseum.org/CRDImages/aa/original/17711.jpg,0,,,
32928,"Reproduction of the Seal of St. Martin (capital of Mainz), L. 12th–14th century",Seal reproduction,late 12th–14th century,,,,Plaster,Diam. 2 7/16 in. (6.2 cm); thickness 7/16 in. (1.1 cm); Wt. 0.9 oz. (25.5 g),German,Germany,,,Horses,,,,,,,Arms and Armor,Miscellaneous,,False,True,https://www.metmuseum.org/art/collection/search/32928,https://images.metmuseum.org/CRDImages/aa/original/23.218.32_001nov2014.jpg,1,,,
31738,Dagger (Pesh-kabz) with Sheath,Dagger (Pesh-kabz) with sheath,18th–19th century,,,,"Steel, ivory, wood, copper, velvet, gold",L. with sheath 19 13/16 in. (50.3 cm); L. without sheath 17 in. (43.2 cm); W. 2 3/4 in. (7 cm); Wt. 14.6 oz. (413.9 g); Wt. of sheath 4.4 oz. (124.7 g),Indian,India,,,,,,,,,,Arms and Armor,Daggers,,False,True,https://www.metmuseum.org/art/collection/search/31738,https://images.metmuseum.org/CRDImages/aa/original/36.25.758a_b_001_Mar2017.jpg,0,,,
26297,Sword Guard (Tsuba),Sword guard (Tsuba),early 17th century,,,,"Iron, copper",Diam. 3 in. (7.6 cm); thickness 1/8 in. (0.3 cm); Wt. 3.1 oz. (87.9 g),Japanese,Japan,,,Flowers,,,,,,,Arms and Armor,Sword Furniture-Tsuba,,False,True,https://www.metmuseum.org/art/collection/search/26297,https://images.metmuseum.org/CRDImages/aa/original/46.122.20_001apr2014.jpg,1,,,
25386,Morion,Morion,ca. 1600,,,,"Steel, gold, pigment, brass, textile",H. 14 in. (35.6 cm); W. 9 7/16 in. (24 cm); D. 15 in. (38.1 cm); Wt. 4 lb. 1 oz. (1865 g),"German, Nuremberg",Germany,,Nuremberg,,,,,,,,Arms and Armor,Helmets,,False,True,https://www.metmuseum.org/art/collection/search/25386,https://images.metmuseum.org/CRDImages/aa/original/04.3.224_005june2015.jpg,4,,,
26447,Great Sallet,Helmet,late 14th–mid-15th century,,,,Steel,H. 11 3/4 in. (29.9 cm); W. 7 7/8 in. (20 cm); D. 9 3/4 in. (24.8 cm); Wt. 4 lb. 13 oz. (2184 g),Italian,Italy,,,,,,,,,,Arms and Armor,Helmets,,False,True,https://www.metmuseum.org/art/collection/search/26447,https://images.metmuseum.org/CRDImages/aa/original/DP22329.jpg,5,,,
29603,Pair of Stirrups,Stirrups,18th century,,,,Iron,37.187.1: H. 18 3/4 in. (47.6 cm); W. 12 1/4 in. (31.1 cm); D. 4 1/2 in. (11.4 cm); Wt. 8 lb. 1.1 oz. (3659.9 g); 37.187.2: H. 18 1/4 in. (46.4 cm); W. 12 1/4 in. (31.1 cm); D. 4 1/4 in. (10.8 cm); Wt. 7 lb. 11.4 oz. (3498.3 g),Mexican,Mexico,,,,,,,,,,Arms and Armor,Equestrian Equipment-Stirrups,,False,True,https://www.metmuseum.org/art/collection/search/29603,https://images.metmuseum.org/CRDImages/aa/original/LC-37_187_1_2-007.jpg,0,,,
35631,Sword-Hilt Collar and Pommel (Fuchigashira),Sword-hilt collar and pommel (Fuchigashira),18th–19th century,,,,"Copper-gold alloy (shakudō), gold",Fuchi (a); H. 1 1/2 in. (3.8 cm); Wt. 0.7 oz. (19.8 g); kashira (b); H. 1 3/8 in. (3.5 cm); Wt. 0.6 oz. (17 g),Japanese,Japan,,,Insects,,,,,,,Arms and Armor,Sword Furniture-Fuchi-Kashira,,False,True,https://www.metmuseum.org/art/collection/search/35631,https://images.metmuseum.org/CRDImages/aa/original/LC-2008_165_1a_b-001.jpg,0,,,
24780,Sword Guard (Tsuba),Sword guard (Tsuba),16th century,,,,"Iron, copper",H. 3 3/16 in. (8.1 cm); W. 3 1/8 in. (7.9 cm); thickness 1/8 in. (0.3 cm); Wt. 2.9 oz. (82.2 g),Japanese,Japan,,,Leaves,,,,,,,Arms and Armor,Sword Furniture-Tsuba,,False,True,https://www.metmuseum.org/art/collection/search/24780,https://images.metmuseum.org/CRDImages/aa/original/46.122.14_001may2014.jpg,1,https://www.wikidata.org/wiki/Q116326506,,
25095,Spontoon,Spontoon,17th century,,,,"Steel, wood (ash), gold",L. 75 3/4 in. (192.5 cm); L. of head 11 3/4 in. (29.8 cm); W. 3 3/4 in. (9.5 cm); Wt. 2 lbs. 8 oz. (1134 g),French,France,,,,,,,,,,Arms and Armor,Shafted Weapons,,False,True,https://www.metmuseum.org/art/collection/search/25095,https://images.metmuseum.org/CRDImages/aa/original/04.3.98_004nov2014.jpg,1,,,
22375,Mace,Mace,mid-16th century,,,,Steel,"L. 28 in. (71.12 cm); L. of head, 4 1/2 in. (11.43 cm); Diam. of head 3 in. (7.6 cm); Wt. 2 lb. 12 oz. (1256 g)",probably Turkish,probably Turkey,,,,,,,,,,Arms and Armor,Shafted Weapons,,False,True,https://www.metmuseum.org/art/collection/search/22375,https://images.metmuseum.org/CRDImages/aa/original/DP163743.jpg,2,https://www.wikidata.org/wiki/Q116326461,,
27830,Dagger with Sheath,Dagger with sheath,19th century,,,,"Steel, wood, silver, copper",H. with sheath 10 1/2 in. (26.7 cm); H. without sheath 10 5/16 in. (26.2 cm); H. of blade 6 3/4 in. (17.1 cm); W. 2 1/8 in. (5.4 cm); Wt. 4.5 oz. (127.6 g); Wt. of sheath 3.1 oz. (87.9 g),"Philippine, Moro",Philippines,Southern Philippines,,,,,,,,,Arms and Armor,Daggers,,False,True,https://www.metmuseum.org/art/collection/search/27830,https://images.metmuseum.org/CRDImages/aa/original/36.25.866ab_002july2014.jpg,2,,,
22198,Halberd of the Swiss Guard of Johann Georg II of Saxony (reigned 1656–80),Halberd,dated 1680,,,,"Steel, gold, wood",L. 87 in. (220.98 cm),German,Germany,,,Coat of Arms,,,,,,,Arms and Armor,Shafted Weapons,,False,True,https://www.metmuseum.org/art/collection/search/22198,https://images.metmuseum.org/CRDImages/aa/original/14.25.332_001june2014.jpg,1,https://www.wikidata.org/wiki/Q116327420,,
23880,Standard Banner (Sashimono),Standard banner (Sashimono),probably 18th century,,,,"Silk, pigment",29 3/4 x 19 13/16 in. (75.5 x 50.3 cm),Japanese,Japan,,,,,,,,,,Arms and Armor,Miscellaneous,,False,True,https://www.metmuseum.org/art/collection/search/23880,https://images.metmuseum.org/CRDImages/aa/original/36.25.2851_001_March2015.jpg,0,,,
31843,Dagger (Khanjar) with Sheath,Dagger (Khanjar) with sheath,late 18th century,,,,"Steel, nephrite, gold, emerald, ruby, wood, velvet",H. with sheath 14 1/2 in. (36.8 cm); H. without sheath 13 5/8 in. (34.6 cm); W. 3 5/8 in. (9.2 cm); Wt. 12.3 oz. (348.7 g); Wt. of sheath 0.9 oz. (25.5 g),"Indian, possibly Lucknow",India,,possibly Lucknow,,,,,,,,Arms and Armor,Daggers,,False,True,https://www.metmuseum.org/art/collection/search/31843,https://images.metmuseum.org/CRDImages/aa/original/DP231812.jpg,3,,,
23405,Arrowhead (<i>Yanone</i>),Arrowhead (<i>Yanone</i>),dated 1645,,,,Steel,L. 10 3/4 in. (27.3 cm); L. of head 4 in. (10.2 cm); W. 2 3/4 in. (7 cm); Wt. 5.4 oz. (153.1 g),Japanese,Japan,,,Animals|Trees,,,,,,,Arms and Armor,Archery Equipment-Arrowheads,,False,True,https://www.metmuseum.org/art/collection/search/23405,https://images.metmuseum.org/CRDImages/aa/original/LC-32.75.333-001.jpg,1,,,
29231,Rowel Spur,Spur,18th century,,,,Iron alloy,L. 1 3/4 in. (4.5 cm); W. 1 1/4 in. (3.2 cm); Diam. of rowel 5/8 in. (1.6 cm); Wt. 1 oz. (28.3 g),German,Germany,,,,,,,,,,Arms and Armor,Equestrian Equipment-Spurs,,False,True,https://www.metmuseum.org/art/collection/search/29231,https://images.metmuseum.org/CRDImages/aa/original/LC-42_50_305-001.jpg,2,,,
23391,Arrowhead (<i>Yanone</i>),Arrowhead (<i>Yanone</i>),18th century,,,,Steel,L. 17 5/8 in. (44.8 cm); L. of head 5 1/2 in. (14 cm); W. 2 3/4 in. (7 cm); Wt. 4.4 oz. (124.7 g),Japanese,Japan,,,,,,,,,,Arms and Armor,Archery Equipment-Arrowheads,,False,True,https://www.metmuseum.org/art/collection/search/23391,https://images.metmuseum.org/CRDImages/aa/original/LC-32.75.319-001.jpg,0,,,
22400,Rondel for a Shaffron (Horse's Head Defense),Rondel,ca. 1485–95,,,,Steel,Diam. 7 1/2 in. (19 cm); Wt. 8 oz. (226 g),"Austrian, Innsbruck or Mühlau",Austria,,Innsbruck or Mühlau,,Kaspar Riederer,Armorer,Austrian,1452,1499,,Arms and Armor,Equestrian Equipment-Shaffrons,"Austrian, Innsbruck and Mühlau, active 1452–99",False,True,https://www.metmuseum.org/art/collection/search/22400,https://images.metmuseum.org/CRDImages/aa/original/DP108845.jpg,0,https://www.wikidata.org/wiki/Q116326009,,
27687,Brigandine Plate,Brigandine plate,1400–1450,,,,Iron alloy,H. 11 1/4 in. (28.6 cm); W. 9 in. (22.9 cm); Wt. 1 lb. 4 oz. (567 g),Italian,Italy,,,,,,,,,,Arms and Armor,Armor Parts,,False,True,https://www.metmuseum.org/art/collection/search/27687,https://images.metmuseum.org/CRDImages/aa/original/29.150.90ii_003july2014.jpg,2,,,
31083,Sword (Dha) with Scabbard,Sword (Dha) with scabbard,19th century,,,,"Silver, shark skin, copper, wood",L. with scabbard 34 1/4 in. (87 cm); L. without scabbard 33 1/2 in. (85.1 cm); W. 2 1/2 in. (6.4 cm); Wt. 1 lb. 4.9 oz. (592.5 g); Wt. of scabbard 7.8 oz. (221.1 g),Burmese,Burma,,,,,,,,,,Arms and Armor,Swords,,False,True,https://www.metmuseum.org/art/collection/search/31083,https://images.metmuseum.org/CRDImages/aa/original/36.25.1437ab_001Jun2015.jpg,1,,,
23681,Arrowhead (<i>Yanone</i>),Arrowhead (<i>Yanone</i>),16th–19th century,,,,Steel,L. 8 3/8 in. (21.3 cm); L. of head 3 1/8 in. (7.9 cm); W. 9/16 in. (1.4 cm); Wt. 0.95 oz. (27 g),Japanese,Japan,,,,,,,,,,Arms and Armor,Archery Equipment-Arrowheads,,False,True,https://www.metmuseum.org/art/collection/search/23681,https://images.metmuseum.org/CRDImages/aa/original/LC-32_75_614-002.jpg,1,,,
33155,Mordant,Mordant,dated 1528,,,,Brass,H. 9/16 in. (1.4 cm); W. 7/8 in. (2.2 cm); thickness 1/8 in. (0.3 cm); Wt. 0.07 oz. (2 g),German,Germany,,,,,,,,,,Arms and Armor,Miscellaneous-Buckles & Ornament,,False,True,https://www.metmuseum.org/art/collection/search/33155,https://images.metmuseum.org/CRDImages/aa/original/LC-20_152_178-001.jpg,0,,,
33383,Sword Guard (Tsuba),Sword guard (Tsuba),16th century,,,,"Iron, copper",H. 3 3/8 in. (8.6 cm); W. 3 1/4 in. (8.3 cm); thickness 1/4 in. (0.6 cm); Wt. 8 oz. (226.8 g),Japanese,Japan,,,,,,,,,,Arms and Armor,Sword Furniture-Tsuba,,False,True,https://www.metmuseum.org/art/collection/search/33383,https://images.metmuseum.org/CRDImages/aa/original/19.153.11_005feb2014.jpg,1,,,
30781,Spear,Spear,16th–19th century,,,,"Wood, tin, brass",L. 66 in. (167.6 cm); L. of head 7 1/4 in. (18.1 cm); W. 1 3/4 in. (4.5 cm); Wt. 15.1 oz. (428.1 g),Javanese,Indonesia,,,,,,,,,,Arms and Armor,Shafted Weapons,,False,True,https://www.metmuseum.org/art/collection/search/30781,https://images.metmuseum.org/CRDImages/aa/original/36.25.1984_002jan2015.jpg,1,,,
29609,Flintlock Box-Lock Turn-Off Pistol,Flintlock pistol,ca. 1770–80,,,,"Steel, wood (walnut), silver",L. 8 3/8 in. (21.3 cm); L. of barrel 4 in. (10.2 cm); Cal. .44 in. (11.3 mm); Wt. 10. 6 oz (300.5 g),"British, probably Birmingham",England,,London,,Ketland,Gunsmith,,1750,1850,,Arms and Armor,Firearms-Pistols-Flintlock,"British, London and Birmingham, active mid- 18th century–1831",False,True,https://www.metmuseum.org/art/collection/search/29609,https://images.metmuseum.org/CRDImages/aa/original/LC-37_189_4-005.jpg,3,,,
29344,Snaffle Bit,Bit,8th century BCE,,,,Copper alloy (bronze),H. 3 1/2 in. (8.9 cm); W. 6 1/2 in. (16.5 cm); Wt. 8.4 oz. (238.1 g),"Villanovan, possibly Bologna",Italy,,possibly Bologna,,,,,,,,Arms and Armor,Equestrian Equipment-Bits,,False,True,https://www.metmuseum.org/art/collection/search/29344,https://images.metmuseum.org/CRDImages/aa/original/LC-42_50_495-001.jpg,0,https://www.wikidata.org/wiki/Q116240936,,
34283,Rapier,Rapier,ca. 1620–40,,,,"Steel, copper alloy",L. 44 in. (111.8 cm); W. 9 3/4 in. (24.8 cm); D. 5 1/2 in. (14 cm); Wt. 2 lb. 15.5 oz. (1346.6 g),Italian,Italy,,,,,,,,,,Arms and Armor,Swords,,False,True,https://www.metmuseum.org/art/collection/search/34283,https://images.metmuseum.org/CRDImages/aa/original/LC-29_157_9-003.jpg,3,https://www.wikidata.org/wiki/Q116394782,,
32205,Arrowhead (<i>Yanone</i>),Arrowhead (<i>Yanone</i>),18th century,,,,Steel,L. 8 1/4 in. (21 cm); L. of head 2 3/4 in. (7 cm); W. 3/4 in. (1.9 cm); Wt. 0.8 oz. (22.7 g),Japanese,Japan,,,,,,,,,,Arms and Armor,Archery Equipment-Arrowheads,,False,True,https://www.metmuseum.org/art/collection/search/32205,https://images.metmuseum.org/CRDImages/aa/original/LC-32_75_616-001.jpg,0,,,
33278,Knife (Piha Kaetta) with Sheath,Knife (Piha kaetta) with sheath,18th century,,,,"Steel, brass, silver, horn (buffalo or rhioceros), wood",H. with sheath 11 5/8 in. (29.5 cm); H. without sheath 10 3/4 in. (27.3 cm); H. of blade 6 1/2 in. (16.5 cm); W. 1 9/16 in. (4 cm); D. 1 in. (2.5 cm); Wt. 8.6 oz. (235.3 g); Wt. of sheath 1.7 oz (48.2 g),Sri Lankan,Sri Lanka,,,,,,,,,,Arms and Armor,Knives,,False,True,https://www.metmuseum.org/art/collection/search/33278,https://images.metmuseum.org/CRDImages/aa/original/20.138.2ab_003may2014.jpg,2,,,
23169,Elbow Defense (Couter),Elbow defense (Couter),ca. 1430–40,,,,Steel,H. 6 in. (15.2 cm); W. 5 1/4 in. (13.3 cm); D. 6 1/2 in. (16.5 cm); Wt. 10.9 oz. (309 g),Italian,Italy,,,,,,,,,,Arms and Armor,Armor Parts-Elbow Plates,,False,True,https://www.metmuseum.org/art/collection/search/23169,https://images.metmuseum.org/CRDImages/aa/original/29.150.120_001Sept2014.jpg,2,,,
31533,Knife (Pichangatti) with Sheath,Knife (Pichangatti) with sheath,18th–19th century,,,,"Steel, silver, gold, wood (possibly ash)",H. with sheath 12 13/16 in. (32.5 cm); H. without sheath 11 1/2 in. (29.2 cm); H. of blade 7 in. (17.8 cm); W. 1 7/8 in. (4.8 cm); Wt. 10.5 oz. (297.7 g); Wt. of sheath 5.6 oz. (158.8 g),"Indian, Kodagu (Coorg)",India,,,,,,,,,,Arms and Armor,Knives,,False,True,https://www.metmuseum.org/art/collection/search/31533,https://images.metmuseum.org/CRDImages/aa/original/36.25.941ab_002july2014.jpg,2,,,
24967,"Smith and Wesson .44 Double-Action Revolver for George Jay Gould (1864–1923), serial no. 23402, with Case and Cleaning Brush",Double-action revolver with case and cleaning brush,1888–89,,,,"Steel, silver, ivory, wood, paper, textile, leather, gold, copper alloy, iron, silver substitute, fiber",Revolver (a); L. 10 7/16 in. (26.5 cm); L. of barrel 5 in. (12.7 cm); Cal. .44 in. (11.2 mm); Wt. 2 lb. 8 oz. (1134 g); case (b); H. 2 9/16 in. (6.5 cm); W. 12 5/16 in. (31.3 cm); D. 9 13/16 (24.9 cm); Wt. 4 lb. 2 oz. (1867 g); cleaning brush (c); L. 9 3/4 in. (24.8 cm); Diam. 7/8 in. (2.2 cm); Wt. 0.8 oz. (22 g),"American, Springfield, Massachusetts and New York",United States,,New York,,Smith & Wesson,Manufacturer,American,1852,9999,,Arms and Armor,Firearms-Pistols-Revolvers,"American, established 1852",False,True,https://www.metmuseum.org/art/collection/search/24967,https://images.metmuseum.org/CRDImages/aa/original/DP315156.jpg,8,https://www.wikidata.org/wiki/Q116394421,https://www.wikidata.org/wiki/Q463090,(not assigned)
26455,Armet,Armet,ca. 1520,,,,Steel,H. 13 1/2 in. (34.3 cm); W. 8 in. (20.3 cm); D. 10 in. (25.4 cm); Wt. 6 lb. (2721 g),Anglo-Flemish,Belgium,,,,,,,,,,Arms and Armor,Helmets,,False,True,https://www.metmuseum.org/art/collection/search/26455,https://images.metmuseum.org/CRDImages/aa/original/DP22323.jpg,6,,,
33896,Buckle,Buckle,15th–16th century,,,,Bronze,H. 1/2 in. (1.3 cm); W. 1 1/16 in. (2.7 cm); thickness 1/8 in. (0.3 cm); Wt. 0.1 oz. (3 g),European,,,,,,,,,,,Arms and Armor,Miscellaneous-Buckles & Ornament,,False,True,https://www.metmuseum.org/art/collection/search/33896,https://images.metmuseum.org/CRDImages/aa/original/LC-29_158_804-001.jpg,0,,,
31579,"Knife with Sheath, Chopsticks, Picks, and Earspoon","Knife with sheath, chopsticks, picks, and earspoon",18th–19th century,,,,"Steel, jade, wood, silver, tortoiseshell, shark skin, ivory","Knife (a); H. with sheath 14 11/16 in. (37.3 cm); H. without sheath 13 1/4 in. (33.7 cm); W. 1 in. (2.5 cm); Wt. 5.9 oz. (167.3 g); sheath (b); Wt. 2.9 oz. (82.2 g); chopsticks (c, d); L. 13 9/16 in. (34.4 cm); W. 5/16 in. (0.8 cm); Wt. 0.5 oz. (14.2 g); pick (e); L. 6 1/2 in. (16.5 cm); small pick (f); L. 4 7/16 in. (11.3 cm); earspoon (g); L. 4 9/16 in. (11.6 cm)",Chinese,China,,,,,,,,,,Arms and Armor,Knives,,False,True,https://www.metmuseum.org/art/collection/search/31579,https://images.metmuseum.org/CRDImages/aa/original/36.25.989a-g_002july2014.jpg,4,,,
31348,Kris with Sheath,Kris with sheath,16th–19th century,,,,"Steel, pelet wood (possibly kajoe), ivory, copper alloy",L. with sheath 18 13/16 in. (47.8 cm); L. without sheath 18 3/8 in. (46.7 cm); L. of blade 14 in. (35.5 cm); W. 3 5/16 in. (8.4 cm); Wt. 10.8 oz. (306.2 g); Wt. of sheath 4.5 oz. (127.6 g),Javanese,Indonesia,,Surakarta,,,,,,,,Arms and Armor,Krisses,,False,True,https://www.metmuseum.org/art/collection/search/31348,https://images.metmuseum.org/CRDImages/aa/original/LC-36_25_1143a_b-004-2.jpg,1,,,
26340,Sword Guard (Tsuba),Sword guard (Tsuba),18th century,,,,"Iron, gold, silver, copper",Diam. 3 1/8 in. (7.9 cm); thickness 1/4 in. (0.6 cm); Wt. 4.2 oz. (119.1 g),Japanese,Japan,,,Men,,,,,,,Arms and Armor,Sword Furniture-Tsuba,,False,True,https://www.metmuseum.org/art/collection/search/26340,https://images.metmuseum.org/CRDImages/aa/original/46.122.97_001apr2014.jpg,1,,,
32378,Partisan,Partisan,17th century,,,,"Iron, wood, textile, brass",L. 82 in. (202.3 cm); L. of head 15 3/4 in. (40 cm); W. 6 1/4 in. (15.9 cm); Wt. 3 lbs. 6.2 oz. (1536.5 g),French,France,,,Coat of Arms,,,,,,,Arms and Armor,Shafted Weapons,,False,True,https://www.metmuseum.org/art/collection/search/32378,https://images.metmuseum.org/CRDImages/aa/original/31.108_002jan2015.jpg,2,,,
27612,Ceremonial Spearhead (<i>Hoko</i>),Ceremonial spearhead (<i>Hoko</i>),probably 1st–2nd century CE,,,,"Bronze, silk",L. 27 3/4 in. (70.5 cm); W. 3 5/8 in. (9.2 cm); Wt. 3 lb. 6.7 oz. (1550.7 g),Japanese,Japan,,,,,,,,,,Arms and Armor,Shafted Weapons,,False,True,https://www.metmuseum.org/art/collection/search/27612,https://images.metmuseum.org/CRDImages/aa/original/Morris\LC-L_2004_41_31-002.JPG,0,https://www.wikidata.org/wiki/Q116394465,,
29066,Sword Pommel,Sword pommel,ca. 1630,,,,Steel,H. 2 1/4 in. (5.7 cm); Wt. 6 oz. (162 g),British,United Kingdom,,,Faces,,,,,,,Arms and Armor,Swords-Accessories,,False,True,https://www.metmuseum.org/art/collection/search/29066,https://images.metmuseum.org/CRDImages/aa/original/sfsb42.50.102_005.jpg,4,,,
29430,Pair of Sword-Grip Ornaments (Menuki),Pair of sword-grip ornaments (Menuki),18th century,,,,"Copper-gold alloy (shakudō), gold",Menuki (a); L. 1 5/8 in. (4.1 cm); Wt. 0.3 oz. (8.5 g); menuki (b); L. 1 1/2 in. (3.8 cm); Wt. 0.3 oz. (8.5 g),Japanese,Japan,,,Birds,,,,,,,Arms and Armor,Sword Furniture-Menuki,,False,True,https://www.metmuseum.org/art/collection/search/29430,https://images.metmuseum.org/CRDImages/aa/original/LC-38_55_9a_b-001.jpg,0,,,
25271,Knife Handle (Kozuka),Knife handle (Kozuka),19th century,,,,"Copper-silver alloy (shibuichi), gold, copper-gold alloy (shakudō)",L. 3 13/16 in. (9.7 cm); W. 9/16 in. (1.4 cm); thickness 1/4 in. (0.6 cm); Wt. 1.3 oz. (36.9 g),Japanese,Japan,,,Men,Tanaka Kiyotoshi (Kiyonaga),Maker,Japanese,1804,1876,,Arms and Armor,Sword Furniture-Kozuka,"Japanese, 1804–1876",False,True,https://www.metmuseum.org/art/collection/search/25271,https://images.metmuseum.org/CRDImages/aa/original/43.120.318_001jan2014.jpg,1,,,
27454,Broadsword,Broadsword,ca. 1650,,,,"Steel, leather",L. 37 5/8 in. (95.6 cm); L. of blade 31 1/2 in. (80 cm); W. 5 1/4 in. (13.3 cm); D. 4 5/8 in. (11.7 cm); Wt. 3 lb. 1 oz. (1389.1 g),Italian,Italy,,,,,,,,,,Arms and Armor,Swords,,False,True,https://www.metmuseum.org/art/collection/search/27454,https://images.metmuseum.org/CRDImages/aa/original/LC-14_25_1090-003-2.jpg,4,,,
31706,Knife (Kard),Knife (Kard),18th–19th century,,,,"Steel, gold, enamel, agate",L. 11 11/16 in. (29.7 cm); L. of blade 8 in. (20.3 cm); W. 1 in. (2.5 cm); Wt. 8.3 oz. (235.3 g),"Persian, Qajar",Iran,,,,,,,,,,Arms and Armor,Knives,,False,True,https://www.metmuseum.org/art/collection/search/31706,https://images.metmuseum.org/CRDImages/aa/original/36.25.726_001june2014.jpg,2,,,
25317,Knife Handle (Kozuka),Knife handle (Kozuka),late 18th–early 19th century,,,,"Copper-silver alloy (shibuichi), gold, silver, copper, copper-gold alloy (shakudō)",L. 3 13/16 in. (9.7 cm); W. 9/16 in. (1.4 cm); thickness 3/16 in. (0.5 cm); Wt. 1.2 oz. (34 g),Japanese,Japan,,,Men,Hamano Haruyuki,Maker,Japanese,1830,1830,,Arms and Armor,Sword Furniture-Kozuka,"Japanese, died ca.1830",False,True,https://www.metmuseum.org/art/collection/search/25317,https://images.metmuseum.org/CRDImages/aa/original/LC-43_120_430-001.jpg,1,,,
31251,Kris with Sheath,Kris with sheath,16th–19th century,,,,"Steel, wood, silver, brass, semiprecious stones",L. with sheath 19 3/4 in. (50.2 cm); L. without sheath 16 1/2 in. (41.9 cm); L. of blade 12 1/2 in. (31.4 cm); W. 3 1/2 in. (8.9 cm); Wt. 10.8 oz. (306.2 g); Wt. of sheath 7.7 oz. (218.3 g),Javanese,Indonesia,,,,,,,,,,Arms and Armor,Krisses,,False,True,https://www.metmuseum.org/art/collection/search/31251,https://images.metmuseum.org/CRDImages/aa/original/LC-36_25_1230a_b-001-2.jpg,1,,,
34575,Knife Handle (Kozuka),Knife handle (Kozuka),ca. 1615–1868,,,,"Copper-silver alloy (shibuichi), copper-gold alloy (shakudō), gold, silver, copper",L. 3 13/16 in. (9.7 cm); W. 9/16 in. (1.4 cm); thickness 3/16 in. (0.5 cm); Wt. 1.2 oz. (34 g),Japanese,Japan,,,Human Figures,,,,,,,Arms and Armor,Sword Furniture-Kozuka,,False,True,https://www.metmuseum.org/art/collection/search/34575,https://images.metmuseum.org/CRDImages/aa/original/29.100.1165_001AA2015.jpg,1,,,
26480,Spoons (2),Spoons (2),dated 1270,,,,Wood,a) L. 7 in. (17.8 cm); b) L. 5 1/2 in. (14 cm),"possibly French, possibly German","possibly France, possibly Germany",,,,,,,,,,Arms and Armor,Miscellaneous,,False,True,https://www.metmuseum.org/art/collection/search/26480,https://images.metmuseum.org/CRDImages/aa/original/bsfsb28.99.46abs1.jpg,0,,,
30672,Spear with Sheath,Spear with sheath,16th–19th century,,,,"Wood, silver",L. with sheath 62 3/4 in. (159.4 cm); L. without sheath 59 3/4 in. (151.8 cm); L. of blade 13 7/8 in. (35.2 cm); L. of ferrule 6 1/2 in. (16.5 cm); W. 1 1/4 in. (3.2 cm); Wt. 2 lbs. 5.3 oz. (1057.4 g); Wt. of sheath 4.1 oz. (116.2 g),"Sumatran, Acheen",Indonesia,,Aceh,,,,,,,,Arms and Armor,Shafted Weapons,,False,True,https://www.metmuseum.org/art/collection/search/30672,https://images.metmuseum.org/CRDImages/aa/original/36.25.2059ab_002jan2015.jpg,1,,,
35846,Left Arm Defense (Vambrace),Left arm defense (Vambrace),ca. 1380–1400,,,,"Steel, copper alloy",H. 12 1/4 in. (31.1 cm); W. 4 3/4 in. (12.1 cm); D. 4 1/4 in. (10.8 cm); Wt. 1 lb. 9.5 oz. (722.9 g),Italian,Italy,,,,,,,,,,Arms and Armor,Armor Parts-Arms & Shoulders,,False,True,https://www.metmuseum.org/art/collection/search/35846,https://images.metmuseum.org/CRDImages/aa/original/DP-12882-028.jpg,5,https://www.wikidata.org/wiki/Q116317386,,
23126,Upper Arm Defense (Rerebrace),Upper arm defense (Rerebrace),ca. 1430–40,,,,Steel,H. 9 1/2 in. (24.1 cm); W. 3 3/4 in. (9.5 cm); D. 4 7/8 in. (12.4 cm); Wt. 15.4 oz. (436.6 g),Italian,Italy,,,,,,,,,,Arms and Armor,Armor Parts,,False,True,https://www.metmuseum.org/art/collection/search/23126,https://images.metmuseum.org/CRDImages/aa/original/29.150.54_001august2014.jpg,1,,,
32888,Rowel Spur (Right),Spur,ca. 1500,,,,Iron alloy,L. 11 1/4 in. (28.6 cm); W. 3 3/4 in. (9.5 cm); Diam. of rowel 4 3/4 in. (12.1 cm); Wt. 14.3 oz. (405.8 g),Hungarian,Hungary,,,,,,,,,,Arms and Armor,Equestrian Equipment-Spurs,,False,True,https://www.metmuseum.org/art/collection/search/32888,https://images.metmuseum.org/CRDImages/aa/original/LC-23_192_11-001.jpg,1,,,
27629,Powder Horn,Powder horn,18th century,,,,Horn,L. 11 in. (27.9 cm); Diam. 2 3/4 in. (7 cm); Wt. 9.2 oz. (260.8 g),American,United States,,,,,,,,,,Arms and Armor,Firearms Accessories-Powder Horns,,False,True,https://www.metmuseum.org/art/collection/search/27629,https://images.metmuseum.org/CRDImages/aa/original/49.72.18_001Sept2014.jpg,3,,,
21822,Blade and Mounting for a Dagger (Tantō),Blade and mounting for a dagger (Tantō),"blade, 16th century; mounting, 19th century",,,,"Steel, wood, lacquer, copper-silver alloy (shibuichi), leather, string, gold, iron",L. 18 3/8 in. (46.7 cm); L. of blade 12 3/4 in. (32.4 cm); L. of cutting edge 9 3/16 in. (23.4 cm),Japanese,Japan,,,,,,,,,,Arms and Armor,Daggers,,False,True,https://www.metmuseum.org/art/collection/search/21822,https://images.metmuseum.org/CRDImages/aa/original/DP-31986-001.jpg,1,,,
25924,Halberd,Halberd,ca. 1450,,,,"Steel, wood, brass",L. 82 1/4 in. (208.8 cm); L. of head 18 in. (45.7 cm); W. 9 3/8 in. (23.8 cm); Wt. 5 lbs. 10 oz. (2550 g),Swiss,Switzerland,,,,,,,,,,Arms and Armor,Shafted Weapons,,False,True,https://www.metmuseum.org/art/collection/search/25924,https://images.metmuseum.org/CRDImages/aa/original/14.25.86_003dec2014.jpg,1,,,
31241,Kris with Sheath for a Woman,Kris with sheath,16th–19th century,,,,"Steel, ivory, wood, tortoise shell, silver",L. with sheath 10 3/8 in. (26.4 cm); L. without sheath 9 in. (22.9 cm); W. 2 in. (5.1 cm); Wt. 2.6 oz. (73.7 g); Wt. of sheath 1.4 oz. (39.7 g),Javanese,Indonesia,,,,,,,,,,Arms and Armor,Krisses,,False,True,https://www.metmuseum.org/art/collection/search/31241,https://images.metmuseum.org/CRDImages/aa/original/LC-36_25_1220a_b-001-2.jpg,1,,,
27758,Ritual Dagger (Phur Pa),Ritual dagger (Phur pa),19th century,,,,Brass,L. 7 in. (17.8 cm); W. 1 in. (2.5 cm); Wt. 5 oz. (141.7 g),Tibetan,Tibet,,,,,,,,,,Arms and Armor,Daggers,,False,True,https://www.metmuseum.org/art/collection/search/27758,https://images.metmuseum.org/CRDImages/aa/original/36.25.835_001_Mar2017.jpg,0,,,
26824,"Shield (peurise tuju bintang ""seven star shield"")",Shield,19th century,,,,"Cane, brass, iron",Diam. 10 1/4 in. (26 cm); D. 2 1/4 in. (5.7 cm); Wt. 1 lb. 9.2 oz. (713 g),"Sumatran, Sultanate of Aceh",Indonesia,,,,,,,,,,Arms and Armor,Shields,,False,True,https://www.metmuseum.org/art/collection/search/26824,https://images.metmuseum.org/CRDImages/aa/original/LC-36_25_620-001.jpg,1,,,
31765,Knife (Flyssa) with sheath,Knife (Flyssa) with sheath,19th century,,,,"Steel, wood, iron, brass",H. with sheath 18 1/16 in. (45.9 cm); H. without sheath 17 in. (43.2 cm); H. of blade 13 1/4 in. (33.7 cm); W. 1 in. (2.5 cm); Wt. 6.5 oz. (184.3 g); Wt. of sheath 2.1 oz. (59.5 g),"Algerian, Kabyle",Morocco,,,,,,,,,,Arms and Armor,Knives,,False,True,https://www.metmuseum.org/art/collection/search/31765,https://images.metmuseum.org/CRDImages/aa/original/36.25.785ab_002june2014.jpg,2,,,
22920,"Hunting Sword with Scabbard, Knife, and Fork",Hunting sword,blade dated 1656,,,,"Steel, silver, ivory, leather",L. 25 3/4 in. (65.4 cm); L. of blade 20 3/8 in. (51.7 cm); Wt. 1 lb. 9 oz. (708.7 g); Wt. of scabbard 4 oz. (113.4 g); knife (c); L. 5 3/4 in. (14.6 cm); Wt. 0.5 oz. (14.2 g); fork (d); L. 5 in. (12.7 cm); Wt. 0.5 oz. (14.2 g),German,Germany,,,,,,,,,,Arms and Armor,Swords,,False,True,https://www.metmuseum.org/art/collection/search/22920,https://images.metmuseum.org/CRDImages/aa/original/sfrl26.145.256a–d_64530.jpg,0,https://www.wikidata.org/wiki/Q116394202,,
25609,Implements (Celt),Implements (Celt),"ca. 5,000–2,000 BCE",,,,Stone (black basalt?),L. 2 3/4 in. (7 cm); W. 1 3/8 in. (3.5 cm); thickness 3/4 in. (1.9 cm); Wt. 3 oz. (85 g),"European, Italian peninsula",Italy,,,,,,,,,,Arms and Armor,Miscellaneous,,False,True,https://www.metmuseum.org/art/collection/search/25609,https://images.metmuseum.org/CRDImages/aa/original/LC-08_99_13-003.jpg,3,,,
34755,Sword-Hilt Collar and Pommel (Fuchigashira),Sword-hilt collar and pommel (Fuchigashira),ca. 1615–1868,,,,"Copper-silver alloy (shibuichi), gold",Fuchi (a); H. 1 1/2 in. (3.8 cm); Wt. 1 oz. (28.3 g); kashira (b); H. 1 3/8 in. (3.5 cm); Wt. 0.4 oz. (11.3 g),Japanese,Japan,,,Dragons,,,,,,,Arms and Armor,Sword Furniture-Fuchi-Kashira,,False,True,https://www.metmuseum.org/art/collection/search/34755,https://images.metmuseum.org/CRDImages/aa/original/LC-29_100_1347a_b-008.jpg,1,,,
22857,Standing Shield,Standing shield,1385–87,,,,"Wood, leather, gesso, silver foil, gold lacquer, polychromy, iron",H. 69 1/2 in. (176.53 cm); W. 32 1/2 in. (82.55 cm); Wt. 50 lb. (22.68 kg),"German, Erfurt",Germany,,Erfurt,Coat of Arms,,,,,,,Arms and Armor,Shields,,False,True,https://www.metmuseum.org/art/collection/search/22857,https://images.metmuseum.org/CRDImages/aa/original/LC-22_148-001.jpg,1,https://www.wikidata.org/wiki/Q116394186,,
34660,Knife Handle (Kozuka),Knife handle (Kozuka),ca. 1615–1868,,,,"Copper-gold alloy (shakudō), gold",L. 3 3/4 in. (9.5 cm); W. 9/16 in. (1.4 cm); thickness 1/4 in. (0.6 cm); Wt. 1.1 oz. (31.2 g),Japanese,Japan,,,,,,,,,,Arms and Armor,Sword Furniture-Kozuka,,False,True,https://www.metmuseum.org/art/collection/search/34660,https://images.metmuseum.org/CRDImages/aa/original/29.100.1251_001AA2015.jpg,1,,,
696682,Fragment,Fragment,ca. 1150–ca. 1250,,,,"Glass, ceramic",greatest H. 3 1/4 in. (8.3 cm); smallest H. 3/4 in. (1.9 cm),European or Middle Eastern,,,,,,,,,,,Arms and Armor,Glass-Vessels,,False,True,https://www.metmuseum.org/art/collection/search/696682,https://images.metmuseum.org/CRDImages/aa/original/DP276488.jpg,3,,,
763132,Saber and Scabbard,Saber and Scabbard,17th–18th century,,,,"Steel, gold, silver, turquoise, leather, wood",L. 36 1/2 in. (92.7 cm); L. of saber 35 in. (88.9 cm); L. of blade 29.5 in. (74.9 cm),Sino-Tibetan,China,,,,,,,,,,Arms and Armor,Swords,,False,True,https://www.metmuseum.org/art/collection/search/763132,https://images.metmuseum.org/CRDImages/aa/original/LC-2017_331a_c-016.jpg,7,,,
26239,Sword Guard (Tsuba),Sword guard (Tsuba),18th century,,,,"Iron, gold, brass",H. 3 3/8 in. (8.6 cm); W. 3 1/8 in. (7.9 cm),Japanese,Japan,,,Human Figures|Horses,,,,,,,Arms and Armor,Sword Furniture-Tsuba,,False,True,https://www.metmuseum.org/art/collection/search/26239,https://images.metmuseum.org/CRDImages/aa/original/36.120.41_001jan2014.jpg,1,,,
32132,Helmet,Helmet,18th–19th century,,,,"Iron, pigment",H. 16 in. (40.6 cm); Diam. 8 1/8 in. (20.6 cm); Wt. 2 lbs. 9.4 oz. (1173.7 g),Persian,Iran,,,,,,,,,,Arms and Armor,Helmets,,False,True,https://www.metmuseum.org/art/collection/search/32132,https://images.metmuseum.org/CRDImages/aa/original/36.25.84_001July2014.jpg,0,,,
23723,Arrowhead (<i>Yanone</i>),Arrowhead (<i>Yanone</i>),16th–19th century,,,,Steel,L. 6 3/8 in. (16.2 cm); L. of head 1 3/4 in. (4.4 cm); W. 3/8 in. (0.95 cm); Wt. 0.4 oz. (12 g),Japanese,Japan,,,,Kanenobu,Maker,Japanese,1701,1800,,Arms and Armor,Archery Equipment-Arrowheads,"Japanese, 18th century",False,True,https://www.metmuseum.org/art/collection/search/23723,https://images.metmuseum.org/CRDImages/aa/original/LC-32_75_659-002.jpg,1,,,
23238,Bascinet,Bascinet,"ca. 1350–1400, with later restorations",,,,"Steel, plaster",H. 10 3/4 in. (27.3 cm); W. 7 5/8 in. (19.4 cm); D. 9 1/8 in. (23.2 cm); Wt. including restorations 4 lb. (1815 g),Italian,Italy,,,,,,,,,,Arms and Armor,Helmets,,False,True,https://www.metmuseum.org/art/collection/search/23238,https://images.metmuseum.org/CRDImages/aa/original/29.158.43_007AA2015.jpg,4,https://www.wikidata.org/wiki/Q116326563,,
29549,Sword Guard (Tsuba),Sword guard (Tsuba),17th century,,,,"Iron, gold, copper-gold alloy (shakudō), copper",H. 3 1/4 in. (8.3 cm); W. 3 1/8 in. (7.9 cm); thickness 3/16 in. (0.5 cm); Wt. 5.2 oz. (147.4 g),Japanese,Japan,,,Birds,,,,,,,Arms and Armor,Sword Furniture-Tsuba,,False,True,https://www.metmuseum.org/art/collection/search/29549,https://images.metmuseum.org/CRDImages/aa/original/38.25.51_001apr2014.jpg,1,,,
35075,Sword Pommel (Kashira),Sword pommel (Kashira),17th century,,,,Gold,H. 1 5/16 in. (3.3 cm); Wt. 0.3 oz. (8.5 g),Japanese,Japan,,,,,,,,,,Arms and Armor,Sword Furniture-Fuchi-Kashira,,False,True,https://www.metmuseum.org/art/collection/search/35075,https://images.metmuseum.org/CRDImages/aa/original/LC-17_208_80-002.jpg,0,,,
31535,Knife (Bank),Knife (Bank),19th century,,,,"Steel, silver",H. 7 3/8 in. (18.7 cm); W. 1 1/8 in. (2.9 cm); Wt. 5.6 oz. (158.8 g),"Indian, Mahrata",India,,,,,,,,,,Arms and Armor,Knives,,False,True,https://www.metmuseum.org/art/collection/search/31535,https://images.metmuseum.org/CRDImages/aa/original/36.25.943_003july2014.jpg,1,,,
33623,Pair of Stirrups,Stirrups,ca. 1600,,,,"Iron alloy, gold",Stirrup (a); H. 6 1/8 in. (15.6 cm); W. 5 in. (12.7 cm); D. 4 3/8 in. (11.1 cm); Wt. 1 lb. 5.1 oz. (598.2 g); stirrup (b); H. 6 1/4 in. (15.9 cm); W. 4 3/4 in. (12.1 cm); D. 4 3/8 in. (11.1 cm); Wt. 1 lb. 8.1 oz. (683.2 g),Italian,Italy,,,,,,,,,,Arms and Armor,Equestrian Equipment-Stirrups,,False,True,https://www.metmuseum.org/art/collection/search/33623,https://images.metmuseum.org/CRDImages/aa/original/LC-14_25_1766a_b-003.jpg,2,,,
26772,Halberd,Halberd,ca. 1590,,,,"Steel, wood",L. 9 ft. 3/4 in. (276.2 cm); L. of head 26 1/8 in. (66.4 cm); W. 9 5/8 in. (24.5 cm); Wt. 6 lbs. 9.2 oz. (2982.4 g),Italian,Italy,,,,,,,,,,Arms and Armor,Shafted Weapons,,False,True,https://www.metmuseum.org/art/collection/search/26772,https://images.metmuseum.org/CRDImages/aa/original/14.25.358_002jan2015.jpg,1,,,
33578,Guisarme,Guisarme,16th century,,,,"Steel, wood, textile, metallic thread",L. 96 1/4 in. (244.5 cm); L. of head 34 1/4 in. (87 cm); W. 10 in. (25.4 cm); Wt. 5 lbs. 7.3 oz. (2474.9 g),Italian,Italy,,,,,,,,,,Arms and Armor,Shafted Weapons,,False,True,https://www.metmuseum.org/art/collection/search/33578,https://images.metmuseum.org/CRDImages/aa/original/14.145_001feb2015.jpg,1,,,
35183,Sword Guard (Tsuba),Sword guard (Tsuba),ca. 1615–1868,,,,"Iron, gold, copper",H. 3 1/2 in. (8.9 cm); W. 3 3/8 in. (8.6 cm); thickness 3/16 in. (0.5 cm); Wt. 5 oz. (141.7 g),Japanese,Japan,,,Insects,,,,,,,Arms and Armor,Sword Furniture-Tsuba,,False,True,https://www.metmuseum.org/art/collection/search/35183,https://images.metmuseum.org/CRDImages/aa/original/91.1.859_001feb2014.jpg,1,,,
21970,Wheellock Spanner with Priming Flask and Screwdriver,Wheellock spanner with priming flask and screwdriver,ca. 1610–30,,,,"Steel, gold",L. 9 in. (22.9 cm); W. 2 3/4 in. (7 cm),"German, Munich",Germany,,Munich,,Daniel Sadeler,Steel-chiseler,German,1602,1632,,Arms and Armor,Firearms Accessories-Flasks & Primers,"German, Munich, recorded 1602–32",False,True,https://www.metmuseum.org/art/collection/search/21970,https://images.metmuseum.org/CRDImages/aa/original/sfsb04.3.183_001.jpg,3,https://www.wikidata.org/wiki/Q116323503,,
23416,Arrowhead (<i>Yanone</i>),Arrowhead (<i>Yanone</i>),18th century,,,,Steel,L. 18 in. (45.7 cm); L. of head 6 1/2 in. (16.5 cm); W. 1 in. (2.5 cm); Wt. 2.9 oz. (82.2 g),Japanese,Japan,,,,,,,,,,Arms and Armor,Archery Equipment-Arrowheads,,False,True,https://www.metmuseum.org/art/collection/search/23416,https://images.metmuseum.org/CRDImages/aa/original/LC-32_75_344-002.jpg,0,,,
27201,Cantle Plate,Cantle plate,ca. 1565–75,,,,"Steel, gold","H. 6 in. (15.2 cm); W. 18 1/4 in. (46.4 cm); Wt. 3 lb. 2 oz. (1,425 g)  including support material","German, Augsburg or Nuremberg",Germany,,Augsburg or Nuremberg,,,,,,,,Arms and Armor,Equestrian Equipment-Saddles,,False,True,https://www.metmuseum.org/art/collection/search/27201,https://images.metmuseum.org/CRDImages/aa/original/DP108838.jpg,1,,,
25172,Model of Wheellock Pistol,Model of wheellock pistol,1590,,,,"Iron, steel, gold, copper",L. 5 in. (12.7 cm); L. of barrel 3 1/16 in. (7.8 cm); Cal. .16 in. (4.1 mm); Wt. 3.9 oz.. (110.6 g),German,Germany,,,,,,,,,,Arms and Armor,Firearms-Miniatures,,False,True,https://www.metmuseum.org/art/collection/search/25172,https://images.metmuseum.org/CRDImages/aa/original/LC-04_3_197-001-2-Edit.jpg,3,,,
34323,Visored Bascinet,Visored bascinet,ca. 1400,,,,"Steel, brass, iron, copper alloy (latten), leather (modern)",H. 13 in. (33 cm); W. 9 in. (22.9 cm); D. 13 3/4 in. (34.9 cm); Wt. 6 lb. 10 oz. (3005 g),German,Germany,,,,,,,,,,Arms and Armor,Helmets,,False,True,https://www.metmuseum.org/art/collection/search/34323,https://images.metmuseum.org/CRDImages/aa/original/29.156.65_006june2015.jpg,4,,,
22376,Wheellock Carbine,Wheellock carbine,ca. 1610–15,,,,"Steel, wood (beech), brass, gold, pigment, staghorn",L. 38 3/8 in. (97.5 cm); Cal. .50 in. (12.7 mm); L. of barrel 24 7/16 in. (62.1 cm); L. of lockplate 5 7/8 in. (14.9 cm); L. of plug 2 1/2 in. (63.5 mm); Diam. near muzzle 13/16 in. (20.6 mm); Diam. near breech 1 in. (25.4 mm); Wt. 4 lb. 15 oz. (2240 g),French,France,,,,,,,,,,Arms and Armor,Firearms-Guns,,False,True,https://www.metmuseum.org/art/collection/search/22376,https://images.metmuseum.org/CRDImages/aa/original/LC-14_25_1380-010.jpg,6,https://www.wikidata.org/wiki/Q116394133,,
27959,Parrying Dagger,Dagger,ca. 1580,,,,"Steel, gold, copper wire, wood",L. 16 in. (40.6 cm); L. of blade 11 3/8 in. (28.9 cm); W. 4 1/8 in. (10.5 cm); Wt. 11 oz. (301 g),"German, Saxon",Germany,,,,,,,,,,Arms and Armor,Daggers,,False,True,https://www.metmuseum.org/art/collection/search/27959,https://images.metmuseum.org/CRDImages/aa/original/sfeah29-157-14CRs1.JPG,3,,,
27597,Sword Guard (<i>Tsuba</i>),Sword guard (<i>Tsuba</i>),late 17th–early 18th century,,,,"Copper-gold alloy (probably <i>shakudō</i>), gold",H. 2 9/16 in. (6.5 cm); W. 2 5/16 in. (5.9 cm); thickness 3/16 in. (0.5 cm); Wt. 3.7 oz. (104.9 g),Japanese,Japan,,,,Mino school,Fittings maker,Japanese,1600,1900,,Arms and Armor,Sword Furniture-Tsuba,"Japanese, active 17th–19th century",False,True,https://www.metmuseum.org/art/collection/search/27597,https://images.metmuseum.org/CRDImages/aa/original/LC-L_2004_41_37-001.jpg,1,,,
702016,Shield (<i>Dhál</i>),Shield (<i>Dhál</i>),ca. 1875,,,,"Leather, brass, textile, pigment, iron",Diam. 16 15/16 in. (43 cm); Wt. 2 lb. 15 oz. (1344  g),"Indian, Gujarat",India,,,,Khooshal Dhunjee & Sons,Maker,,1801,1900,,Arms and Armor,Shields,"Indian, Ahmedabad, 19th century",False,True,https://www.metmuseum.org/art/collection/search/702016,https://images.metmuseum.org/CRDImages/aa/original/DP701277.jpg,1,,,
34416,Sword Guard (Tsuba),Sword guard (Tsuba),ca. 1615–1868,,,,"Copper-silver alloy (shibuichi), gold, silver, copper",H. 3 in. (7.6 cm); W. 2 3/8 in. (6 cm); thickness 1/8 in. (0.3 cm); Wt. 3.8 oz. (107.7 g),Japanese,Japan,,,Flowers,,,,,,,Arms and Armor,Sword Furniture-Tsuba,,False,True,https://www.metmuseum.org/art/collection/search/34416,https://images.metmuseum.org/CRDImages/aa/original/29.100.1005_002feb2014.jpg,1,,,
35949,Cuirass (<i>Char-aina</i>) with Mail Shirt,Cuirass (<i>Char-aina</i>) with mail shirt,"cuirass, 17th–early 18th century; mail shirt, 18th–19th century",,,,"Steel, iron, gold, leather, textile",Breast- and backplates: 11 x 11 in. (28 x 28 cm); side plates: 11 5/8 x 6 1/8 in. (29.5 x 15.5 cm); Wt. of cuirass 6 lb. 8 oz. (2948 g),"cuirass, Iranian; mail shirt, Iranian or Indian",India,,,,,,,,,,Arms and Armor,Armor Parts,,False,True,https://www.metmuseum.org/art/collection/search/35949,https://images.metmuseum.org/CRDImages/aa/original/DP147307.jpg,13,https://www.wikidata.org/wiki/Q116321965,,
31316,Kris with Sheath,Kris with sheath,16th–19th century,,,,"Steel, wood, gold, brass",L. with sheath 19 in. (48.3 cm); L. without sheath 17 1/4 in. (43.8 cm); L. of blade 13 3/4 in. (34.9 cm); W. 3 in. (7.6 cm); Wt. 8.5 oz. (241 g); Wt. of sheath 5.4 oz. (153.1 g),Sumatran,Indonesia,,,,,,,,,,Arms and Armor,Krisses,,False,True,https://www.metmuseum.org/art/collection/search/31316,https://images.metmuseum.org/CRDImages/aa/original/LC-36_25_1111ab-001.jpg,1,,,
34455,Sword Guard (Tsuba),Sword guard (Tsuba),ca. 1615–1868,,,,"Iron, gold, copper-gold alloy (shakudō), copper",H. 3 3/8 in. (8.6 cm); W. 3 1/4 in. (8.3 cm); thickness 5/16 in. (0.8 cm); Wt. 5.2 oz. (147.4 g),Japanese,Japan,,,Animals,,,,,,,Arms and Armor,Sword Furniture-Tsuba,,False,True,https://www.metmuseum.org/art/collection/search/34455,https://images.metmuseum.org/CRDImages/aa/original/29.100.1044_001mar2014.jpg,1,,,
35715,Sword,Sword,ca. 1540–60,,,,"Steel, wood, copper wire",L. 41 1/8 in. (104.5 cm); L. of blade 35 5/8 in. (90.5 cm); W. 7 in. (17.8 cm); D. 4 in. (10.2 cm); Wt. 2 lb. 6 oz. (1077.3 g),North Italian or French,possibly France,,,,,,,,,,Arms and Armor,Swords,,False,True,https://www.metmuseum.org/art/collection/search/35715,https://images.metmuseum.org/CRDImages/aa/original/LC-14_25_1155-001-2.jpg,3,,,
32421,Model of a Miquelet Pistol,Model of a miquelet pistol,beginning 17th century,,,,"Steel, copper alloy (brass), gold",L. 3 1/16 in. (7.8 cm); L. of barrel 1 15/16 in. (4.9 cm); Cal. .15 in (3.8 mm); Wt. 2.2 oz. (62.4 g),German,Germany,,,,,,,,,,Arms and Armor,Firearms-Pistols-Miquelet,,False,True,https://www.metmuseum.org/art/collection/search/32421,https://images.metmuseum.org/CRDImages/aa/original/LC-26_145_363-001-2-Edit.jpg,3,,,
33185,Pendant,Pendant,ca. 50 BCE–500 CE,,,,Bronze,H. 1 5/8 in. (4.1 cm); W. 11/16 in. (1.8 cm); thickness 1/4 in. (0.6 cm); Wt. 0.3 oz. (7 g),Roman,,,,,,,,,,,Arms and Armor,Miscellaneous-Buckles & Ornament,,False,True,https://www.metmuseum.org/art/collection/search/33185,https://images.metmuseum.org/CRDImages/aa/original/LC-20_152_9-002.jpg,0,,,
29232,Rowel Spur,Spur,18th century,,,,Iron alloy,L. 2 1/4 in. (5.7 cm); W. 1 3/4 in. (4.4 cm); Diam. of rowel 7/8 in. (2.2 cm); Wt. 1.1 oz. (31.2 g),German,Germany,,,,,,,,,,Arms and Armor,Equestrian Equipment-Spurs,,False,True,https://www.metmuseum.org/art/collection/search/29232,https://images.metmuseum.org/CRDImages/aa/original/LC-42_50_306-001.jpg,1,,,
811922,Pair of Rowel Spurs,Pair of spurs,ca. 1650–75,,,,"Brass, enamel",2018.558a: 6 1/8 x 3 ¼  x 2 in. (15.5 x 8.3 x 5 cm); Wt. 5.3 oz. (150 g); 2018.558b: 6 3/8 x 3 x 2 in. (15 x 7.6 x 5 cm); Wt. 4.7 oz. (134 g),"British, London",England,,London,,Stephen Pilcherd,Artist,British,1570,1670,,Arms and Armor,Equestrian Equipment-Spurs,"British, London, active 1625–d. 1670",False,True,https://www.metmuseum.org/art/collection/search/811922,https://images.metmuseum.org/CRDImages/aa/original/LC-2018_558ab-001.jpg,1,,,
29731,Knife Handle (Kozuka),Knife handle (Kozuka),mid-17th century,,,,"Copper-gold alloy (shakudō), gold, copper-silver alloy (shibuichi)",L. 3 13/16 in. (9.7 cm); W. 9/16 in. (1.4 cm); thickness 3/16 in. (0.5 cm); Wt. 1 oz. (28.3 g),Japanese,Japan,,,Insects|Butterflies|Dragonflies,,,,,,,Arms and Armor,Sword Furniture-Kozuka,,False,True,https://www.metmuseum.org/art/collection/search/29731,https://images.metmuseum.org/CRDImages/aa/original/36.120.349_001AA2015.jpg,1,,,
21837,Kris with Sheath,Kris with sheath,18th–19th century,,,,"Iron, gold, wood",L. with sheath 20 1/8 in. (51.1 cm); L. without sheath 18 13/16 in. (47.8 cm); W. 4 in. (10.2 cm); Wt. 10.8 oz. (306.2 g); Wt. of sheath 6.6 oz. (187.1 g),Malaysian,Malay,,,Elephants,,,,,,,Arms and Armor,Krisses,,False,True,https://www.metmuseum.org/art/collection/search/21837,https://images.metmuseum.org/CRDImages/aa/original/LC-91_1_899a_b-003-2.jpg,2,,,
27037,Guisarme for a Child,Guisarme for a child,17th century,,,,"Steel, wood (ash)",L. 59 1/2 in. (151.1 cm); L. of head 10 3/4 in. (24.8 cm); W. 4 5/8 in. (11.7 cm);  Wt. 1 lb. 8 oz. (680 g),Italian,Italy,,,,,,,,,,Arms and Armor,Shafted Weapons,,False,True,https://www.metmuseum.org/art/collection/search/27037,https://images.metmuseum.org/CRDImages/aa/original/14.25.422_001jan2015.jpg,1,,,
29626,Sword,Sword,1500,,,,Steel,L. 31 1/4 in. (79.4 cm); L. of blade 26 in. (66 cm); W. 4 3/16 in. (10.6 cm); Wt. 1 lb. 14 oz. (850.5 g),Italian,Italy,,,,,,,,,,Arms and Armor,Swords,,False,True,https://www.metmuseum.org/art/collection/search/29626,https://images.metmuseum.org/CRDImages/aa/original/LC-36_149_14-001.jpg,1,,,
25529,Badge or Harness Pendant,Badge or harness pendant,14th century,,,,"Copper, gold, enamel",H. 2 1/2 in. (6.3 cm); W. 1 3/4 in. (4.4 cm); Wt. 1 oz. (28.3 g),possibly Spanish,Spain,,,Lions,,,,,,,Arms and Armor,Miscellaneous-Badges,,False,True,https://www.metmuseum.org/art/collection/search/25529,https://images.metmuseum.org/CRDImages/aa/original/LC-04.3.410-001.jpg,0,,,
23946,Smallsword,Smallsword,ca. 1780–85,,,,"Steel, gold, wood, textile",L. 40 1/4 in. (102.2 cm); W. 4 in. (10.2 cm); D. 3 1/4 in. (8.3 cm); Wt. 13.9 oz. (394.1 g),French,France,,,,,,,,,,Arms and Armor,Swords,,False,True,https://www.metmuseum.org/art/collection/search/23946,https://images.metmuseum.org/CRDImages/aa/original/LC-34_57_15-001.jpg,5,https://www.wikidata.org/wiki/Q116394289,,
642490,Sword Guard (Tsuba),Sword guard (Tsuba),17th–18th century,,,,"Iron, gold, silver, copper",H. 3 3/8 in. (8.6 cm); W. 3 1/2 in. (8.9 cm); thickness 3/16 in. (0.5 cm); Wt. 6.6 oz. (187.1 g),Japanese,Japan,,,Landscapes,,,,,,,Arms and Armor,Sword Furniture-Tsuba,,False,True,https://www.metmuseum.org/art/collection/search/642490,https://images.metmuseum.org/CRDImages/aa/original/33.40.28_001mar2014.jpg,1,,,
696582,Fragment,Fragment,ca. 1150–ca. 1250,,,,"Glass, ceramic",greatest H. 3 1/4 in. (8.3 cm); smallest H. 3/4 in. (1.9 cm),European or Middle Eastern,,,,,,,,,,,Arms and Armor,Glass-Vessels,,False,True,https://www.metmuseum.org/art/collection/search/696582,https://images.metmuseum.org/CRDImages/aa/original/DP276488.jpg,3,,,
34763,Sword Pommel (Kashira),Sword pommel (Kashira),ca. 1615–1868,,,,"Copper, copper-silver alloy (shibuichi), copper-gold alloy (shakudō), gold",H. 1 3/8 in. (3.5 cm); Wt. 0.4 oz. (11.3 g),Japanese,Japan,,,Animals,,,,,,,Arms and Armor,Sword Furniture-Fuchi-Kashira,,False,True,https://www.metmuseum.org/art/collection/search/34763,https://images.metmuseum.org/CRDImages/aa/original/LC-29_100_1355-001.jpg,0,,,
26164,Knife Handle (Kozuka),Knife handle (Kozuka),18th century,,,,"Iron, copper-gold alloy (shakudō), copper-silver alloy (shibuichi), gold",L. 3 13/16 in. (9.7 cm); W. 9/16 in. (1.4 cm); thickness 5/16 in. (0.8 cm); Wt. 1.1 oz. (31.2 g),Japanese,Japan,,,,,,,,,,Arms and Armor,Sword Furniture-Kozuka,,False,True,https://www.metmuseum.org/art/collection/search/26164,https://images.metmuseum.org/CRDImages/aa/original/46.122.259_001AA2016.jpg,1,,,
28087,Knife Handle (Kozuka),Knife handle (Kozuka),mid-19th century,,,,"Copper-gold alloy (shakudō), gold",L. 3 13/16 in. (9.7 cm); W. 9/16 in. (1.4 cm); thickness 1/4 in. (0.6 cm); Wt. 1.3 oz. (36.9 g),Japanese,Japan,,,Flowers,,,,,,,Arms and Armor,Sword Furniture-Kozuka,,False,True,https://www.metmuseum.org/art/collection/search/28087,https://images.metmuseum.org/CRDImages/aa/original/LC-43_120_118-001.jpg,1,,,
34761,Sword-Hilt Collar (Fuchi),Sword-hilt collar (Fuchi),ca. 1615–1868,,,,"Copper-silver alloy (shibuichi), gold, silver, copper",H. 1 1/2 in. (3.8 cm); Wt. 0.9 oz. (25.5 g),Japanese,Japan,,,Fish,,,,,,,Arms and Armor,Sword Furniture-Fuchi-Kashira,,False,True,https://www.metmuseum.org/art/collection/search/34761,https://images.metmuseum.org/CRDImages/aa/original/LC-29_100_1353-001.jpg,0,,,
25395,Visored Bascinet,Visored bascinet,mid-19th century in a 15th century style,,,,Steel,H. 17 in. (43.2 cm); W. 13 1/4 in. (33.7 cm); D. 13 7/8 in. (35.2 cm); Wt. 10 lb. 12 oz. (4876 g),probably German or French,France,,,,,,,,,,Arms and Armor,Helmets,,False,True,https://www.metmuseum.org/art/collection/search/25395,https://images.metmuseum.org/CRDImages/aa/original/04.3.240_008june2015.jpg,4,,,
25476,Badge or Harness Pendant,Badge or harness pendant,14th century,,,,"Copper, gold",H. 2 3/8 in. (6 cm); W. 1 7/8 in. (4.2 cm); Wt. 0.5 oz. (g),Spanish,Spain,,,Harps,,,,,,,Arms and Armor,Miscellaneous-Badges,,False,True,https://www.metmuseum.org/art/collection/search/25476,https://images.metmuseum.org/CRDImages/aa/original/LC-04_3_354-004.jpg,0,,,
31058,Shot-Proof Cuirass (Breastplate and Backplate),Cuirass (breastplate and backplate),early 18th century,,,,"Steel, gold, brass, textile, leather",Breastplate (a): H. 18 3/4 in. (47.5 cm); W. 12 3/4 in. (32.3 cm); D. 5 7/8 in. (14.9 cm); Wt. 15 lb. (6804 g); backplate (b): H. 16 1/2 in. (42 cm); W. 12 3/8 in. (31.4 cm); D. 5 1/2 in. (14 cm); Wt. 16 lb. 8 oz. (7484.4 g),"French, Besançon",France,,Besançon,,,,,,,,Arms and Armor,Armor Parts-Cuirasses,,False,True,https://www.metmuseum.org/art/collection/search/31058,https://images.metmuseum.org/CRDImages/aa/original/sfeah2005-455abCRs1.jpg,1,,,
29150,Bit Boss,Bit boss,late 16th–early 17th century,,,,Copper alloy,Diam. 3 in. (7.6 cm); Wt. 6.4 oz. (75 g),North Italian,Italy,,,Medusa,,,,,,,Arms and Armor,Equestrian Equipment-Bits,,False,True,https://www.metmuseum.org/art/collection/search/29150,https://images.metmuseum.org/CRDImages/aa/original/LC-42_50_201-001.jpg,0,,,
788262,Combination Flintlock Pistol and Concealed Dagger,Combination flintlock pistol and concealed dagger,ca. 1690,,,,"Steel, silver, wood (walnut)",Pistol (a): L. 10 3/8 in. (26.35 cm); L. of barrel 6 1/2 in. (16.51 cm); Cal. .48 in. (12.2 mm); Wt. 1 lb. 4.9 oz. (592 g); dagger (b): L. 10 in. (25.4 cm); L. of blade 6 1/4 in. (15.88 cm); W. 3 9/16 in. (9.05 cm); Wt. 8.7 oz. (246 g),"Italian, Bargi",Italy,,Bargi,,"Matteo Cecchi, called Acquafresca",Gunsmith,Italian,1651,1738,,Arms and Armor,Combination Weapons,"Italian, Bargi, 1651–1738",False,True,https://www.metmuseum.org/art/collection/search/788262,https://images.metmuseum.org/CRDImages/aa/original/DP-18819-001.jpg,5,,,
31801,Shield (Dhàl),Shield (Dhàl),19th century,,,,"Leather, iron, lacquer, textile (velvet)",Diam. 16 in. (40.6 cm); D. 3 3/4 in. (9.5 cm); Wt. 3 lbs. 3.4 oz. (1457.2 g),Indian,India,,,,,,,,,,Arms and Armor,Shields,,False,True,https://www.metmuseum.org/art/collection/search/31801,https://images.metmuseum.org/CRDImages/aa/original/36.25.628_001dec2014.jpg,1,,,
32229,Pair of Rowel Spurs,Spurs,ca. 1630–60,,,,"Iron alloy, silver, copper alloy, leather",32.75.210; L. 6 1/4 in. (15.9 cm); W. 3 1/2 in. (8.9 cm); Diam. of rowel 2 5/8 in. (6.7 cm); Wt. 6.6 oz. (187.1 g); 32.75.211; L. 6 1/4 in. (15.9 cm); W. 3 3/4 in. (9.5 cm); Diam. of rowel 2 5/8 in. (6.7 cm); Wt. 6.6 oz. (187.1 g),German,Germany,,,,,,,,,,Arms and Armor,Equestrian Equipment-Spurs,,False,True,https://www.metmuseum.org/art/collection/search/32229,https://images.metmuseum.org/CRDImages/aa/original/LC-32_75_210_211-001.jpg,1,,,
32778,Ballock Knife with Sheath,Ballock knife with sheath,late 16th century,,,,"Steel, wood, gold",L. 15 3/4 in. (40 cm); L. without sheath 15 3/8 in. (39.1 cm); W. 2 in. (5.1 cm); Wt. 6.9 oz. (195.6 g); Wt. of sheath 1.5 oz. (42.5 g),British,England,,,,,,,,,,Arms and Armor,Daggers,,False,True,https://www.metmuseum.org/art/collection/search/32778,https://images.metmuseum.org/CRDImages/aa/original/DP-15647-013.jpg,1,,,
32801,Cup-Hilted Rapier,Cup-hilted rapier,ca. 1650,,,,Steel,L. 49 1/4 in. (125.1 cm); L. of blade 41 3/8 in. (105.1 cm); W. 11 3/4 in. (29.8 cm); D. 4 3/4 in. (12.1 cm); Wt. 2 lb. 8 oz. (11334 g),Spanish,Spain,,,,,,,,,,Arms and Armor,Swords,,False,True,https://www.metmuseum.org/art/collection/search/32801,https://images.metmuseum.org/CRDImages/aa/original/LC-25_135_30-001-2.jpg,3,,,
24888,Smallsword,Smallsword,ca. 1780–85,,,,"Gold, enamel, steel, textile, leather, wood, cotton, velvet",Sword (a); L. 39 in. (99.1 cm); box (c); L. 41 in. (104.1 cm); W. 6 3/16 in. (15.7 cm); D. 5 1/4 in. (13.3 cm),"British, London",England,,London,Men|Hercules|Lions,James Morisset,Goldsmith,British,1768,1815,,Arms and Armor,Swords,"British, London 1738–1815",False,True,https://www.metmuseum.org/art/collection/search/24888,"https://images.metmuseum.org/CRDImages/aa/original/sfrl1981.363.1, .2_mm67089.jpg",0,https://www.wikidata.org/wiki/Q116240958,,http://vocab.getty.edu/page/ulan/500034095
22768,Smallsword Hilt with Storage Case,Smallsword hilt with storage case,ca. 1785–1800,,,,"Steel, wood, leather, silk",Hilt (a); L. including tang 8 1/4 in. (21 cm); L. excluding tang 6 15/16 in. (17.7 cm); W. 4 1/2 in. (11.4 cm); D. 3 1/2 in. (8.9 cm); Wt. 10 oz. (284.1 g); case (b); 5.2 oz. (147.4 g); trade card (c); 2 1/2 x 3 9/16 in. (6.4 x 9 cm),"British, Birmingham or London",England,,London or Birmingham,,"Rundell, Bridge and Rundell",Decorator,British,1797,1843,,Arms and Armor,Swords,"British, London, active 1797–1843",False,True,https://www.metmuseum.org/art/collection/search/22768,https://images.metmuseum.org/CRDImages/aa/original/21.180ac_68813_July2015.jpg,1,https://www.wikidata.org/wiki/Q116324754,https://www.wikidata.org/wiki/Q7379767,http://vocab.getty.edu/page/ulan/500325253
754980,Pair of Stirrups,Pair of stirrups,late 10th–early 11th century,,,,"Iron, bronze, gold, silver",Stirrup (a); H. 8 in. (20.3 cm); W. 5 1/8 in. (13 cm); D. 2 3/4 in. (7 cm); Wt. 1 lb. 2.2 oz. (516 g); stirrup (b); H. 8 1/4 in. (21 cm); W. 5 1/8 in. (13 cm); D. 2 3/4 in. (7 cm); Wt. 1 lb. 3.1 oz. (541.5 g),"Scandinavian, possibly Danish",possibly Denmark,Scandinavia,,,,,,,,,Arms and Armor,Equestrian Equipment-Stirrups,,False,True,https://www.metmuseum.org/art/collection/search/754980,https://images.metmuseum.org/CRDImages/aa/original/LC-2017_241ab-001.jpg,6,https://www.wikidata.org/wiki/Q116444964,,
27585,Helmet (<i>Suji-Kabuto</i>),Helmet (<i>Suji-kabuto</i>),late 17th–early 18th century,,,,"Iron, lacquer, copper, gold, silk, copper-gold alloy (<i>shakudō</i>)",H. 10 1/4 in. (26 cm); W. 14 1/2 in. (36.8 cm); D. 14 1/2 in. (36.8 cm); Wt. 7 lb. 2 oz. (3231.9 g),Japanese,Japan,,,,,,,,,,Arms and Armor,Helmets,,False,True,https://www.metmuseum.org/art/collection/search/27585,https://images.metmuseum.org/CRDImages/aa/original/LC-L_2004_41_5-011.jpg,5,,,
716772,Plate Six from Nouveavx Desseins D’Arquebvseries,Engraving,dated 1749,,,,Engraving,sheet: 11 7/8 x 9 in. (30.16 x 22.86 cm); plate: 9 1/8 x 6 3/8 in. (23.17 x 16.19 cm),French,France,,,Ornament,Gilles Demarteau,Engraver,French,1722,1776,,Arms and Armor,Works on Paper-Engravings,"French, Liège 1722–1776 Paris",False,True,https://www.metmuseum.org/art/collection/search/716772,https://images.metmuseum.org/CRDImages/aa/original/LC-2016_311-001.jpg,0,,https://www.wikidata.org/wiki/Q1289866,http://vocab.getty.edu/page/ulan/500043168
26692,Halberd,Halberd,ca. 1560,,,,"Steel, wood, gold",L. 8 ft. 9 in. (266.9 cm); L. of head 31 1/2 in. (80 cm); W. 15 1/2 in. (39.3 cm); Wt. 6 lbs. 4 oz. (2830 g),Italian,Italy,,,,,,,,,,Arms and Armor,Shafted Weapons,,False,True,https://www.metmuseum.org/art/collection/search/26692,https://images.metmuseum.org/CRDImages/aa/original/14.25.262_002jan2015.jpg,3,,,
27781,Short Sword and Scabbard,Short sword and scabbard,18th–19th century,,,,"Iron, silver, turquoise, coral, wood, textile, leather",L. with scabbard 24 in. (61 cm); L. without scabbard 20 5/8 in. (52.4 cm); L. of blade 16 1/2 in. (41.9 cm); W. 1 3/4 in. (4.5 cm); Wt. 12.1 oz. (343 g); Wt. of scabbard 13 oz. (368.5 g),Tibetan,Tibet,,,,,,,,,,Arms and Armor,Swords,,False,True,https://www.metmuseum.org/art/collection/search/27781,https://images.metmuseum.org/CRDImages/aa/original/DP113239.jpg,1,,,
33976,Shoe,Shoe,ca. 1500–1550,,,,Leather,H. 10 1/4 in. (26 cm),British,England,,,,,,,,,,Arms and Armor,Miscellaneous-Leatherwork,,False,True,https://www.metmuseum.org/art/collection/search/33976,https://images.metmuseum.org/CRDImages/aa/original/DP165968.jpg,0,,,
29660,Sword-Hilt Collar and Pommel (Fuchigashira),Sword-hilt collar and pommel (Fuchigashira),early 19th century,,,,"Iron, gold, copper",Fuchi (a); H. 1 1/2 in. (3.8 cm); Wt. 1.2 oz. (34 g); kashira (b); H. 1 5/16 in. (3.3 cm); Wt. 0.5 oz. (14.2 g),Japanese,Japan,,,Dragons,,,,,,,Arms and Armor,Sword Furniture-Fuchi-Kashira,,False,True,https://www.metmuseum.org/art/collection/search/29660,https://images.metmuseum.org/CRDImages/aa/original/LC-36_120_469a_b-002.jpg,0,,,
34935,Sword Guard (<i>Tsuba</i>),Sword guard (Tsuba),18th century,,,,"Iron, copper",Diam. 2 7/8 in. (7.3 cm); thickness 3/16 in. (0.5 cm); Wt. 3.7 oz. (104.9 g),Japanese,Japan,,,,,,,,,,Arms and Armor,Sword Furniture-Tsuba,,False,True,https://www.metmuseum.org/art/collection/search/34935,https://images.metmuseum.org/CRDImages/aa/original/14.60.33_001feb2014.jpg,1,,,
22605,"Harquebusier's Armor of Pedro II, King of Portugal (reigned 1683–1706)",Harquebusier's armor,ca. 1683 and later,,,,"Steel, gold, leather, textile",Wt. 43 lb. 5 oz. (19.6 kg); helmet: 14 x 11 x 15 1/4 in. (35.6 x 27.9 x 38.7 cm); Wt. 9 lb. 10 oz. (4354 g); breastplate: 18 1/2 x 16 5/16 x 7 13/16 in. (47 x 41.4 x 19.8 cm); Wt. 10 lb. 14 oz. (4944 g); backplate: 17 1/2 x 16 1/4 x 8 1/2 in. (44.5 x 41.3 x 21.6 cm); Wt. 11 lb. 5 oz. (5126 g); reinforcing breastplate: 17 3/8 x 16 3/16 x 6 13/16 in. (44.1 x 41.1 x 17.3 cm); Wt. 9 lb. 6 oz. (4264 g); bridle gauntlet: 5 1/2 x 19 7/16 x 6 3/4 in. (14 x 49.4 x 17.1 cm); Wt. 2 lb. 2 oz. (953 g),"British, London",England,,London,,Richard Holden,Armorer,British,1658,1708,,Arms and Armor,Armor for Man,"British, London, recorded 1658–1708",False,True,https://www.metmuseum.org/art/collection/search/22605,https://images.metmuseum.org/CRDImages/aa/original/DP-38578-002.jpg,3,https://www.wikidata.org/wiki/Q116378651,,http://vocab.getty.edu/page/ulan/500331794
30135,Archer's Ring,Archer's ring,probably late 16th–early 17th century,,,,"Jade, gold",L. 1 3/4 in. (4.4 cm); W. 1 1/4 in. (3.2 cm); Wt. 0.6 oz. (17 g),Ottoman,Turkey,,,,,,,,,,Arms and Armor,Archery Equipment-Archer's Ring,,False,True,https://www.metmuseum.org/art/collection/search/30135,https://images.metmuseum.org/CRDImages/aa/original/LC-36_25_2807-002.jpg,2,,,
29349,Snaffle Bit,Bit,8th–7th century BCE,,,,Copper alloy (bronze),H. 5 3/4 in. (14.6 cm); W. 5 7/8 in. (14.9 cm); Wt. 12.8 oz. (362.9 g),Villanovan,Italy,,,,,,,,,,Arms and Armor,Equestrian Equipment-Bits,,False,True,https://www.metmuseum.org/art/collection/search/29349,https://images.metmuseum.org/CRDImages/aa/original/LC-42_50_500-005.jpg,1,https://www.wikidata.org/wiki/Q116240931,,
32930,Tray of Jeweled Daggers,Tray of jeweled daggers,probably late 19th century,,,,"Steel, copper alloy, gold, silver, jade, rock crystal, gemstones, glass",L. 31 3/8 in. (79.7 cm); W. 18 1/2 in. (47 cm),Turkish,Turkey,,,,,,,,,,Arms and Armor,Miscellaneous,,False,True,https://www.metmuseum.org/art/collection/search/32930,https://images.metmuseum.org/CRDImages/aa/original/DP360153.jpg,0,,,
30141,Archer's Ring,Archer's ring,18th century,,,,"Ivory, brass",L. 1 7/8 in. (4.8 cm); W. 1 5/8 in. (4.1 cm); Wt. 1.1 oz. (31.2 g),Turkish,Ottoman Empire,,,,,,,,,,Arms and Armor,Archery Equipment-Archer's Ring,,False,True,https://www.metmuseum.org/art/collection/search/30141,https://images.metmuseum.org/CRDImages/aa/original/LC-36_25_2813-001.jpg,2,,,
26832,Mace or Club (<i>Mazzacorto</i>),Mace or Club (<i>Mazzacorto</i>),ca. 1807,,,,"Wood, gesso, pigment",H. 28 1/4 in. (71.8 cm); W. 4 1/2 in. (11.4 cm); D. 1 1/8 in. (2.9 cm); Wt. 1 lb. 8.9 oz. (705 g),"Italian, Pisa",Italy,,Pisa,,,,,,,,Arms and Armor,Shafted Weapons,,False,True,https://www.metmuseum.org/art/collection/search/26832,https://images.metmuseum.org/CRDImages/aa/original/LC-29_30_2-001.jpg,0,,,
29454,Pair of Sword-Grip Ornaments (Menuki),Pair of sword-grip ornaments (Menuki),18th century,,,,Gold,L. of each 1 in. (2.5 cm); Wt. of each 0.2 oz. (5.7 g),Japanese,Japan,,,Human Figures|Animals,,,,,,,Arms and Armor,Sword Furniture-Menuki,,False,True,https://www.metmuseum.org/art/collection/search/29454,https://images.metmuseum.org/CRDImages/aa/original/LC-38_55_33a_b-001.jpg,0,,,
27724,Powder Flask,Powder flask,ca. 1730–40,,,,"Tortoiseshell, brass, gold, steel",L. 9 1/8 in. (23.2 cm); D. 1 in. (2.5 cm); Wt. 8.2 oz. (232.5 g),Probably Austrian,probably Austria,,,,,,,,,,Arms and Armor,Firearms Accessories-Flasks & Primers,,False,True,https://www.metmuseum.org/art/collection/search/27724,https://images.metmuseum.org/CRDImages/aa/original/DP143753.jpg,4,,,
33942,Clamp,Clamp,15th–17th century,,,,Brass,H. 5/8 in. (1.6 cm); L. 1 1/16 in. (2.7 cm); thickness 3/16 in. (0.5 cm); Wt. 0.1 oz. (3 g),European,,,,,,,,,,,Arms and Armor,Miscellaneous-Buckles & Ornament,,False,True,https://www.metmuseum.org/art/collection/search/33942,https://images.metmuseum.org/CRDImages/aa/original/LC-29_158_852-001.jpg,0,,,
26931,Banner with Shaft,Banner with shaft,ca. 1760,,,,"Wood, steel, silk, gold",Banner (a); 19 x 22 in. (48.3 x 55.9 cm); shaft (b); L. 84 3/4 in. (215.3 cm); L. of head 18 3/8 in. (46.7 cm); W. 3 in. (7.6 cm); Wt. 2 lbs. 2.2 oz. (969.6 g),French,France,,,,,,,,,,Arms and Armor,Banners,,False,True,https://www.metmuseum.org/art/collection/search/26931,https://images.metmuseum.org/CRDImages/aa/original/14.25.1816b_001jan2015.jpg,2,,,
31188,Sword (Flyssa) with Scabbard,Sword (Flyssa) with scabbard,19th century,,,,"Steel, brass, wood, rawhide",L. with scabbard 40 in. (101.6 cm); L. without scabbard 39 1/8 in. (99.4 cm); L. of blade 34 in. (86.4 cm); W. 1 7/16 in. (3.7 cm); D. 1 3/16 in. (3 cm); Wt. 1 lb. 11.3 oz. (773.9 g); Wt. of scabbard 10.5 oz. (297.7 g),"Algerian, Kabyle",Morocco,,,,,,,,,,Arms and Armor,Swords,,False,True,https://www.metmuseum.org/art/collection/search/31188,https://images.metmuseum.org/CRDImages/aa/original/36.25.1363ab_001July2014.jpg,1,,,
26091,Runka,Runka,ca. 1530,,,,"Steel, wood",L. 96 3/4 in. (245.7 cm); L. of head 25 1/8 in. (63.8 cm); W. 7 1/4 in. (18.4 cm); Wt. 4 lbs. 0.3 oz. (1822.9 g),Italian,Italy,,,,,,,,,,Arms and Armor,Shafted Weapons,,False,True,https://www.metmuseum.org/art/collection/search/26091,https://images.metmuseum.org/CRDImages/aa/original/14.25.123_001dec2014.jpg,1,,,
34694,Knife Handle (Kozuka),Knife handle (Kozuka),ca. 1615–1868,,,,"Copper-silver alloy (shibuichi), gold, silver",L. 3 13/16 in. (9.7 cm); W. 9/16 in. (1.4 cm); thickness 1/4 in. (0.6 cm); Wt. 1.2 oz. (34 g),Japanese,Japan,,,Flowers,,,,,,,Arms and Armor,Sword Furniture-Kozuka,,False,True,https://www.metmuseum.org/art/collection/search/34694,https://images.metmuseum.org/CRDImages/aa/original/29.100.1285_001AA2015.jpg,1,,,
25108,Sword with Scabbard,Sword with scabbard,17th century,,,,"Steel, brass, enamel, wood",L. with scabbard 36 1/4 in. (92.1 cm); L. without scabbard 34 3/4 in. (88.3 cm); L. of blade 28 5/8 in. (72.7 cm); W. 3 1/2 in. (8.9 cm); Wt. 1 lb. 10.5 oz. (751.3 g); Wt. of scabbard 1 lb. 9 oz. (708.7 g),Chinese,China,,,Lizards,,,,,,,Arms and Armor,Swords,,False,True,https://www.metmuseum.org/art/collection/search/25108,https://images.metmuseum.org/CRDImages/aa/original/DP119010.jpg,3,,,
31576,Knife (Bade-bade) with Sheath,Knife (Bade-bade) with sheath,16th–19th century,,,,"Ivory, wood, silver, steel",H. with sheath 10 9/16 in. (26.8 cm); H. without sheath 9 13/16 in. (24.9 cm); W. 1 11/16 in. (4.3 cm); Wt. 3.7 oz. (104.9 g); Wt. of sheath 2.9 oz. (82.2 g),Sumatran,Indonesia,,,,,,,,,,Arms and Armor,Knives,,False,True,https://www.metmuseum.org/art/collection/search/31576,https://images.metmuseum.org/CRDImages/aa/original/36.25.986ab_003july2014.jpg,2,,,
26656,Saddle (<i>gser sga</i>),Saddle (<i>gser sga</i>),17th–18th century,,,,"Iron, gold, silver, wood, leather, textile",H. 10 3/4 in. (27.3 cm); L. 22 1/2 in. (57.2 cm); W. 11 3/4 in. (29.8 cm),Eastern Tibetan or Chinese for the Tibetan market,China,,,,,,,,,,Arms and Armor,Equestrian Equipment-Saddles,,False,True,https://www.metmuseum.org/art/collection/search/26656,https://images.metmuseum.org/CRDImages/aa/original/DP113274.jpg,4,,,
25567,Badge or Harness Pendant,Badge or harness pendant,ca. 1400,,,,"Copper, gold, enamel",H. 2 3/8 in. (6 cm); W. 2 in. (5.1 cm); Wt. 0.5 oz. (14.2 g),Spanish,Spain,,,,,,,,,,Arms and Armor,Miscellaneous-Badges,,False,True,https://www.metmuseum.org/art/collection/search/25567,https://images.metmuseum.org/CRDImages/aa/original/LC-04.3.450-001.jpg,0,,,
23641,Arrowhead (<i>Yanone</i>),Arrowhead (<i>Yanone</i>),18th century,,,,Steel,L. 7 1/4 in. (18.4 cm); L. of head 2 1/4 in. (5.7 cm); W. 1 1/4 in. (3.2 cm); Wt. 0.6 oz. (17 g),Japanese,Japan,,,,,,,,,,Arms and Armor,Archery Equipment-Arrowheads,,False,True,https://www.metmuseum.org/art/collection/search/23641,https://images.metmuseum.org/CRDImages/aa/original/LC-32_75_571-001.jpg,0,,,
29793,Knife Handle (Kozuka),Knife handle (Kozuka),1789–1876,,,,"Copper-silver alloy (shibuichi), gold, silver, copper-gold alloy (shakudō)",L. 3 13/16 in. (9.7 cm); W. 9/16 in. (1.4 cm); thickness 3/16 in. (0.5 cm); Wt. 1 oz. (28.3 g),Japanese,Japan,,,Dragonflies,,,,,,,Arms and Armor,Sword Furniture-Kozuka,,False,True,https://www.metmuseum.org/art/collection/search/29793,https://images.metmuseum.org/CRDImages/aa/original/36.120.250_001AA2015.jpg,1,,,
33953,Buckle,Buckle,15th–17th century,,,,"Brass, steel",H. 1 in. (2.5 cm); W. 1 3/16 in. (3 cm); thickness 1/2 in. (1.3 cm); Wt. 0.2 oz. (7 g),European,,,,,,,,,,,Arms and Armor,Miscellaneous-Buckles & Ornament,,False,True,https://www.metmuseum.org/art/collection/search/33953,https://images.metmuseum.org/CRDImages/aa/original/LC-29_158_863-001.jpg,0,,,
702011,Dagger (Khanjar),Dagger (Khanjar),17th–18th century,,,,"Stone (probably marble), steel",L. 13 3/8 in. (34 cm); L. of blade 8 1/16 in. (22 cm),Indian,India,,,Sheep,,,,,,,Arms and Armor,Daggers,,False,True,https://www.metmuseum.org/art/collection/search/702011,https://images.metmuseum.org/CRDImages/aa/original/DP701251.jpg,1,,,
29126,Bit Boss,Bit boss,16th century,,,,"Copper alloy, gold",Diam. 3 15/16 in. (10 cm); Wt. 2.3 oz. (65 g),possibly French or Netherlandish,possibly Netherlandish,,,,,,,,,,Arms and Armor,Equestrian Equipment-Bits,,False,True,https://www.metmuseum.org/art/collection/search/29126,https://images.metmuseum.org/CRDImages/aa/original/LC-42_50_170-001.jpg,0,,,
34673,Knife Handle (Kozuka),Knife handle (Kozuka),ca. 1615–1868,,,,"Copper-silver alloy (shibuichi), gold, silver, iron",L. 3 13/16 in. (9.7 cm); W. 9/16 in. (1.4 cm); thickness 3/16 in. (0.5 cm); Wt. 1.1 oz. (31.2 g),Japanese,Japan,,,Men,,,,,,,Arms and Armor,Sword Furniture-Kozuka,,False,True,https://www.metmuseum.org/art/collection/search/34673,https://images.metmuseum.org/CRDImages/aa/original/29.100.1264_001AA2015.jpg,1,,,
30839,Head of an Ancus,Head of an ancus,18th–19th century,,,,Silver,H. 6 7/8 in. (17.5 cm); W. 2 3/4 in. (7 cm); Wt. 4.8 oz. (136.1 g),Sri Lankan,Sri Lanka,,,,,,,,,,Arms and Armor,Shafted Weapons,,False,True,https://www.metmuseum.org/art/collection/search/30839,https://images.metmuseum.org/CRDImages/aa/original/36.25.1863_001Aug2015.jpg,0,,,
23696,Arrowhead (<i>Yanone</i>),Arrowhead (<i>Yanone</i>),18th century,,,,Steel,L. 8 1/4 in. (21 cm); L. of head 1 3/4 in. (4.5 cm); W. 2 1/2 in. (6.4 cm); Wt. 0.9 oz. (25.5 g),Japanese,Japan,,,,,,,,,,Arms and Armor,Archery Equipment-Arrowheads,,False,True,https://www.metmuseum.org/art/collection/search/23696,https://images.metmuseum.org/CRDImages/aa/original/LC-32_75_630-001.jpg,0,,,
23064,Blade and Mounting for a Double-Edged Dagger (Ken),Blade and mounting for a double-edged dagger (Ken),"blade, late 12th–early 13th century; mounting, 14th century",,,,"Steel, wood, copper, gold",L. of blade 12 1/16 in. (30.6 cm); L. of cutting edge 8 3/16 in. (20.8 cm); L. of hilt 3 13/16 in. (9.7 cm),Japanese,Japan,,,,,,,,,,Arms and Armor,Daggers,,False,True,https://www.metmuseum.org/art/collection/search/23064,https://images.metmuseum.org/CRDImages/aa/original/DT11931.jpg,4,,,
34383,Sword Guard (Tsuba),Sword guard (Tsuba),ca. 1615–1868,,,,"Copper-gold alloy (shakudō), gold, copper",H. 3 in. (7.6 cm); W. 2 7/8 in. (7.3 cm); thickness 3/16 in. (0.5 cm); Wt. 4.9 oz. (138.9 g),Japanese,Japan,,,,,,,,,,Arms and Armor,Sword Furniture-Tsuba,,False,True,https://www.metmuseum.org/art/collection/search/34383,https://images.metmuseum.org/CRDImages/aa/original/29.100.972_001feb2014.jpg,1,,,
33749,Pellet Crossbow,Pellet crossbow,late 16th or early 17th century,,,,"Steel, wood (fruitwood, probably cherry), ivory, mother-of-pearl, gold, hemp, iron alloy","L. 36 3/16 in. (92 cm); W. 22 3/4 in. (57.7 cm); Wt. 3 lb. 3 oz. (1,432 g)",probably French,probably France,,,,,,,,,,Arms and Armor,Archery Equipment-Crossbows,,False,True,https://www.metmuseum.org/art/collection/search/33749,https://images.metmuseum.org/CRDImages/aa/original/DP282531.jpg,1,,,
33057,Buckle,Buckle,dated 1585,,,,Brass,H. 1 in. (2.5 cm); W. 1 1/2 in. (3.8 cm); thickness 5/16 in. (0.8 cm); Wt. 0.3 oz. (9 g),Italian,Italy,,,,,,,,,,Arms and Armor,Miscellaneous-Buckles & Ornament,,False,True,https://www.metmuseum.org/art/collection/search/33057,https://images.metmuseum.org/CRDImages/aa/original/LC-20_152_202-001.jpg,0,,,
25601,Sword,Sword,possibly 12th–early 13th century,,,,Iron,L. 37 3/4 in. (95.9 cm); L. of blade 32 1/8 in. (81.6 cm); W. 6 3/4 in. (17.1 cm); Wt. 2 lb. 9 oz. (1158 g),Western European,Western Europe,,,,,,,,,,Arms and Armor,Swords,,False,True,https://www.metmuseum.org/art/collection/search/25601,https://images.metmuseum.org/CRDImages/aa/original/LC-07_53_2-001.jpg,2,,,
29188,Prick Spur,Spur,12th century,,,,Iron alloy,L. 5 in. (12.7 cm); W. 3 3/4 in. (9.5 cm); Wt. 2.2 oz. (62.4 g),German,Germany,,,,,,,,,,Arms and Armor,Equestrian Equipment-Spurs,,False,True,https://www.metmuseum.org/art/collection/search/29188,https://images.metmuseum.org/CRDImages/aa/original/LC-42_50_253-001.jpg,1,,,
34611,Knife Handle (Kozuka),Knife handle (Kozuka),19th century,,,,"Copper, copper-silver alloy (shibuichi), copper-gold alloy (shakudō), gold, silver, cloisonné enamel",L. 3 13/16 in. (9.7 cm); W. 9/16 in. (1.4 cm); thickness 1/4 in. (0.6 cm); Wt. 1.2 oz. (34 g),Japanese,Japan,,,,,,,,,,Arms and Armor,Sword Furniture-Kozuka,,False,True,https://www.metmuseum.org/art/collection/search/34611,https://images.metmuseum.org/CRDImages/aa/original/29.100.1202_001AA2015.jpg,1,,,
25854,Halberd,Halberd,ca. 1375–1400,,,,"Steel, wood (oak)",L. 84 1/4 in. (213.9 cm); L. of head 17 3/4 in. (45 cm); W. 8 1/8 in. (20.6 cm); Wt. 5 lb. 5 oz. (2409.7 g),"Swiss, Fribourg",Switzerland,,,,,,,,,,Arms and Armor,Shafted Weapons,,False,True,https://www.metmuseum.org/art/collection/search/25854,https://images.metmuseum.org/CRDImages/aa/original/14.25.35_002dec2014.jpg,1,,,
35130,Sword Guard (Tsuba),Sword guard (Tsuba),ca. 3rd century–710,,,,Iron,H. 3 1/8 in. (7.9 cm); W. 2 3/8 in. (6 cm),Japanese,Japan,,,,,,,,,,Arms and Armor,Sword Furniture-Tsuba,,False,True,https://www.metmuseum.org/art/collection/search/35130,https://images.metmuseum.org/CRDImages/aa/original/17.229.18_001may2014.jpg,1,,,
25344,Knife Handle (Kozuka),Knife handle (Kozuka),18th century,,,,"Copper-gold alloy (shakudō), gold, silver",L. 3 13/16 in. (9.7 cm); W. 9/16 in. (1.4 cm); thickness 1/4 in. (0.6 cm); Wt. 1.2 oz. (34 g),Japanese,Japan,,,,,,,,,,Arms and Armor,Sword Furniture-Kozuka,,False,True,https://www.metmuseum.org/art/collection/search/25344,https://images.metmuseum.org/CRDImages/aa/original/LC-43_120_485-001.jpg,1,,,
23420,Arrowhead (<i>Yanone</i>),Arrowhead (<i>Yanone</i>),18th century,,,,Steel,L. 10 3/4 in. (27.3 cm); L. of head 4 in. (10.2 cm); W. 2 1/4 in. (5.7 cm); Wt. 2 oz. (56.7 g),Japanese,Japan,,,,,,,,,,Arms and Armor,Archery Equipment-Arrowheads,,False,True,https://www.metmuseum.org/art/collection/search/23420,https://images.metmuseum.org/CRDImages/aa/original/LC-32_75_348-001.jpg,0,,,
33095,Pendant,Pendant,1500–1525,,,,"Bronze, patina",H. 7/8 in. (2.2 cm); W. 1 in. (2.5 cm); thickness 1/8 in. (0.3 cm); Wt. 0.1 oz. (4 g),Italian,Italy,,,,,,,,,,Arms and Armor,Miscellaneous-Buckles & Ornament,,False,True,https://www.metmuseum.org/art/collection/search/33095,https://images.metmuseum.org/CRDImages/aa/original/LC-20_152_118-001.jpg,0,,,
35066,Knife Handle (Kozuka) with Blade,Knife handle (Kozuka) with blade,19th century,,,,"Copper, steel",L. including blade 8 3/4 in. (22.2 cm); L. excluding blade 3 7/8 in. (9.8 cm); W. 9/16 in. (1.4 cm); thickness 3/16 in. (0.5 cm); Wt. 1.8 oz. (51 g),Japanese,Japan,,,Human Figures,,,,,,,Arms and Armor,Sword Furniture-Kozuka,,False,True,https://www.metmuseum.org/art/collection/search/35066,https://images.metmuseum.org/CRDImages/aa/original/17.208.71_001AA2015.jpg,3,,,
34587,Knife Handle (Kozuka),Knife handle (Kozuka),ca. 1615–1868,,,,"Copper-silver alloy (shibuichi), gold, copper-gold alloy (shakudō), silver, copper",L. 3 3/4 in. (9.5 cm),Japanese,Japan,,,Men,,,,,,,Arms and Armor,Sword Furniture-Kozuka,,False,True,https://www.metmuseum.org/art/collection/search/34587,https://images.metmuseum.org/CRDImages/aa/original/LC-29_100_1177-007.jpg,0,,,
33115,Mordant,Mordant,early 16th century,,,,Bronze,H. 1 in. (2.5 cm); W. 1 1/8 in. (2.8 cm); thickness 1/4 in. (0.6 cm); Wt. 0.3 oz. (9 g),French,France,,,,,,,,,,Arms and Armor,Miscellaneous-Buckles & Ornament,,False,True,https://www.metmuseum.org/art/collection/search/33115,https://images.metmuseum.org/CRDImages/aa/original/LC-20_152_138-001.jpg,1,,,
31477,Dagger (Katar),Dagger (Katar),18th–19th century,,,,Cast iron,L. 14 3/8 in. (36.5 cm); L. of blade 8 in. (20.3 cm); W. 3 1/2 in. (8.9 cm); D. 1/2 in. (1.3 cm); Wt. 16.6 oz. (470.6 g),Indian,India,,,,,,,,,,Arms and Armor,Daggers,,False,True,https://www.metmuseum.org/art/collection/search/31477,https://images.metmuseum.org/CRDImages/aa/original/36.25.1084_001Jan2015.jpg,0,,,
786065,Priming Flask Bearing the Monograms and Arms of the Prince-Elector August I of Saxony (reigned 1553–86) and  Anna of Denmark (reigned 1553–85),Priming flask,ca. 1575,,,,"Iron, gold, silver, silk",H. 5 1/2 in. (14 cm); D. 2 1/2 in. (6.4 cm); Diam. 3 3/4 in. (9.5 cm); Wt. 10.7 oz. (303 g),"German, probably Saxony",Germany,,,,Master Thomas der Schwertfeger (possibly Thomas Rucker),Iron-chiseler,German,1535,1606,,Arms and Armor,Firearms Accessories-Flasks & Primers,"German, active Augsburg, Vienna, and Dreseden, 1535–1606",False,True,https://www.metmuseum.org/art/collection/search/786065,https://images.metmuseum.org/CRDImages/aa/original/LC-L_2018_48_18-001.jpg,1,,,
34010,Knights and Horses Pilgrims' Tokens (5 Fragments),Pilgrims' tokens,12th–15th century,,,,Lead,Token (a); H. 15/16 in. (2.4 cm); W. 13/16 in. (2.1 cm); thickness 3/16 in. (0.5 cm); token (b); H. 1 9/16 in. (4 cm); W. 1 in. (2.5 cm); thickness 1/8 in. (0.3 cm); Wt. 0.2 oz. (5.7 g); toy falconer (c); H. 1 11/16 in. (4.3 cm); W. 1 1/2 in. (3.8 cm); thickness 3/8 in. (1 cm); Wt. 0.6 oz. (17 g); token (d); H. 13/16 in. (2.1 cm); W. 1 1/16 in. (2.7 cm); token (e); H. 13/16 in. (2.1 cm); W. 1 in. (2.5 cm); thickness 3/16 in. (0.5 cm),French,France,,,,,,,,,,Arms and Armor,Miscellaneous,,False,True,https://www.metmuseum.org/art/collection/search/34010,https://images.metmuseum.org/CRDImages/aa/original/29.158.736b_001nov2014.jpg,9,,,
24890,Ceremonial Partisan of the Swiss Guard of the Prince Electors of Saxony,Partisan,1725–1814,,,,"Steel, wood, textile (silk)",L. 84 3/8 in. (214.3 cm); L. of head 14 in. (35.6 cm); W. 7 1/2 in. (19.1 cm); Wt. 5 lbs. 15.9 oz. (2718.7 g),"German, Saxony",Germany,,,Eagles,,,,,,,Arms and Armor,Shafted Weapons,,False,True,https://www.metmuseum.org/art/collection/search/24890,https://images.metmuseum.org/CRDImages/aa/original/1982.131_002jan2015.jpg,1,,,
32842,Sword,Sword,late 16th century,,,,"Steel, gold",L. 42 3/4 in. (108.6 cm); L. of blade 36 1/2 in. (92.7 cm); W. 9 1/8 in. (23.2 cm); D. 6 in. (15.2 cm); Wt. 2 lb. 11 oz. (1219 g),"blade, German; hilt, possibly Flemish",possibly Flanders,,,,,,,,,,Arms and Armor,Swords,,False,True,https://www.metmuseum.org/art/collection/search/32842,https://images.metmuseum.org/CRDImages/aa/original/LC-23_42_1-001-2.jpg,3,,,
30130,Archer's Ring,Archer's ring,17th–18th century,,,,Jade,L. 1 3/4 in. (4.4 cm); W. 1 1/4 in. (3.2 cm); Wt. 0.8 oz. (22.7 g),Indian,India,,,,,,,,,,Arms and Armor,Archery Equipment-Archer's Ring,,False,True,https://www.metmuseum.org/art/collection/search/30130,https://images.metmuseum.org/CRDImages/aa/original/DP347131.jpg,3,,,
23014,Elements of a Half Armor,Elements of a half armor,16th century and later,,,,Steel,Wt. 31 lb. 14 oz. (14.46 kg); Wt. of helmet 5 lb. 5 oz. (2409.7 g),"German, Nuremberg",Germany,,Nuremberg,,,,,,,,Arms and Armor,Armor for Man-1/2 Armor,,False,True,https://www.metmuseum.org/art/collection/search/23014,https://images.metmuseum.org/CRDImages/aa/original/sfma27.183.93_71791.jpg,0,,,
22277,Armor,Armor,"ca. 1500–1510 and later; helmet, ca. 1480",,,,"Steel, leather",Wt. 59 lb. 4 oz. (26.88 kg); Wt. of helmet 8 lb. 3 oz. (3718.6 g),Italian,Italy,,,,,,,,,,Arms and Armor,Armor for Man,,False,True,https://www.metmuseum.org/art/collection/search/22277,https://images.metmuseum.org/CRDImages/aa/original/14.25.718_170758_May2015.jpg,19,,,
33903,Buckle,Buckle,15th–16th century,,,,Bronze,H. 1 1/4 in. (3.2 cm); W. 1 3/16 in. (3 cm); thickness 1/4 in. (0.6 cm); Wt. 0.4 oz. (10 g),European,,,,,,,,,,,Arms and Armor,Miscellaneous-Buckles & Ornament,,False,True,https://www.metmuseum.org/art/collection/search/33903,https://images.metmuseum.org/CRDImages/aa/original/LC-29_158_811-001.jpg,0,,,
33647,"Spanning Lever (Gaffle or ""Goat's-Foot"" Lever)",Spanning lever,probably third quarter of the 16th century,,,,"Steel, gold, silver","L., extended 20 1/4 in. (51.4 cm); W. 2 3/8 (6 cm); Wt. 1 lb. 6 oz. (618 g)","Spanish, Madrid",Spain,,Madrid,,,,,,,,Arms and Armor,Archery Equipment,,False,True,https://www.metmuseum.org/art/collection/search/33647,https://images.metmuseum.org/CRDImages/aa/original/DP294174.jpg,1,,,
31521,Dagger (Katar),Dagger (Katar),17th century,,,,Steel,L. 39 1/8 in. (99.4 cm); W. 4 1/16 in. (10.3 cm); D. 4 1/2 in. (11.4 cm); Wt. 2 lbs. 4.2 oz. (1026.3 g),"Indian, Vijayanagara",South India,,,,,,,,,,Arms and Armor,Daggers,,False,True,https://www.metmuseum.org/art/collection/search/31521,https://images.metmuseum.org/CRDImages/aa/original/36.25.929_002June2014.jpg,1,,,
27870,Crossbow (Halbe Rüstung) with Cranequin (Winder),Crossbow with cranequin (winder),"crossbow, ca. 1560–80; cranequin, first half of the 16th century",,,,"Steel, wood (core: probably fruitwood, possibly pear; repair at cheek includes walnut), staghorn, copper alloy, hemp, leather, polychromy","crossbow, L. 27 3/4 in. (70.5 cm); W. 24 in. (60.9 cm); Wt. 8 lb. 14 oz. (4,016 g); cranequin, L. 14 1/8 in. (35.9 cm); W. 3 1/2 in. (8.8 cm); Wt. 5 lb. 3 oz. (2,343 g)","crossbow, possibly Bavarian; cranequin, probably southern German",probably southern Germany,,,,,,,,,,Arms and Armor,Archery Equipment-Crossbows,,False,True,https://www.metmuseum.org/art/collection/search/27870,https://images.metmuseum.org/CRDImages/aa/original/DP282475.jpg,2,,,
34687,Knife Handle (Kozuka),Knife handle (Kozuka),ca. 1615–1868,,,,"Iron, gold",L. 3 13/16 in. (9.7 cm); W. 9/16 in. (1.4 cm); thickness 3/16 in. (0.5 cm); Wt. 1.1 oz. (31.2 g),Japanese,Japan,,,Men,,,,,,,Arms and Armor,Sword Furniture-Kozuka,,False,True,https://www.metmuseum.org/art/collection/search/34687,https://images.metmuseum.org/CRDImages/aa/original/29.100.1278_001AA2015.jpg,1,,,
23691,Arrowhead (<i>Yanone</i>),Arrowhead (<i>Yanone</i>),18th century,,,,Steel,L. 8 7/8 in. (22.5 cm); L. of head 3 in. (7.6 cm); W. 1 1/2 in. (3.8 cm); Wt. 1.2 oz. (34 g),Japanese,Japan,,,,,,,,,,Arms and Armor,Archery Equipment-Arrowheads,,False,True,https://www.metmuseum.org/art/collection/search/23691,https://images.metmuseum.org/CRDImages/aa/original/LC-32_75_625-001.jpg,0,,,
26649,Shoulder Defense (Sode),Shoulder defense (Sode),late 14th–early 16th century,,,,"Iron, leather, lacquer, silk, copper, gold",L. 16 1/4 in. (41.3 cm); W. 14 in. (35.6 cm); Wt. 2 lb. 14.4 oz. (1315 g),Japanese,Japan,,,,,,,,,,Arms and Armor,Armor Parts-Arms & Shoulders,,False,True,https://www.metmuseum.org/art/collection/search/26649,https://images.metmuseum.org/CRDImages/aa/original/sfsb2002.380.2(5-3-07)s1.JPG,3,,,
24706,Lance Head for the Joust of War,Lance head for the joust of war,ca. 1475–1540,,,,Steel,H. 12 in. (30.5 cm); W. 2 5/8 in. (6.7 cm); Wt. 2 lb. 9.8 oz. (1185 ),German,Germany,,,,,,,,,,Arms and Armor,Shafted Weapons,,False,True,https://www.metmuseum.org/art/collection/search/24706,https://images.metmuseum.org/CRDImages/aa/original/DP-16115-003.jpg,1,https://www.wikidata.org/wiki/Q116394355,,
33272,Buckle,Buckle,1510–20,,,,Steel,H. 1 in. (2.5 cm); W. 1 3/8 in. (3.5 cm); thickness 3/16 in. (0.5 cm); Wt. 0.2 oz. (6 g),German,Germany,,,,,,,,,,Arms and Armor,Miscellaneous-Buckles & Ornament,,False,True,https://www.metmuseum.org/art/collection/search/33272,https://images.metmuseum.org/CRDImages/aa/original/LC-20_152_97-001.jpg,0,,,
30359,Primer,Primer,18th century,,,,"Horn, ivory",L. 9 5/8 in. (24.5 cm); D. 1 in. (2.5 cm); Wt. 2.8 oz. (79.4 g),"Indian, Rajasthan",India,,,,,,,,,,Arms and Armor,Firearms Accessories-Flasks & Primers,,False,True,https://www.metmuseum.org/art/collection/search/30359,https://images.metmuseum.org/CRDImages/aa/original/DP347128.jpg,1,,,
27179,Half-Shaffron (Horse's Head Defense),Half-Shaffron (Horse's head defense),ca. 1570–80,,,,"Steel, gold, brass, leather, linen (woven textile and fiber)",H. 15 1/4 in. (38.7 cm); W. 10 3/4 in. (27.3 cm); D. 7 in. (17.8 cm); Wt. 2 lb. 11 oz. (1208 g),"Italian, probably Milan",Italy,,probably Milan,,,,,,,,Arms and Armor,Equestrian Equipment-Shaffrons,,False,True,https://www.metmuseum.org/art/collection/search/27179,https://images.metmuseum.org/CRDImages/aa/original/DP108819.jpg,1,,,
34928,Sword Guard (<i>Tsuba</i>),Sword guard (Tsuba),18th century,,,,"Iron, gold, copper",Diam. 3 1/8 in. (7.9 cm); thickness 1/4 in. (0.6 cm); Wt. 5.3 oz. (150.3 g),Japanese,Japan,,,,,,,,,,Arms and Armor,Sword Furniture-Tsuba,,False,True,https://www.metmuseum.org/art/collection/search/34928,https://images.metmuseum.org/CRDImages/aa/original/14.60.24_001feb2014.jpg,1,,,
31517,Dagger (Kindjal) with Sheath,Dagger (Kindjal) with sheath,18th–19th century,,,,"Steel, wood, horn, leather, gold",L. with sheath 24 1/2 in. (62.2 cm); L. without sheath 24 1/4 in. (61.6 cm); L. of blade 18 1/4 in. (46.4 cm); W. 2 1/2 in. (6.4 cm); Wt. 1 lb. 2.3 oz. (519 g); Wt. of sheath 5 oz. (141.7 g),Caucasian,Caucasus,,,,,,,,,,Arms and Armor,Daggers,,False,True,https://www.metmuseum.org/art/collection/search/31517,https://images.metmuseum.org/CRDImages/aa/original/36.25.925a_b_001_Mar2017.jpg,0,,,
34012,Fireback with New Testament Scenes and Two Knights Jousting,Fireback,1520,,,,Iron,H. 36 1/8 in. (91.8 cm); W. 30 3/8 in. (77.2 cm); D. 1 in. (2.5 cm),German,Germany,,,Horses|Knights,,,,,,,Arms and Armor,Miscellaneous-Ironwork,,False,True,https://www.metmuseum.org/art/collection/search/34012,https://images.metmuseum.org/CRDImages/aa/original/sf82601.jpg,0,https://www.wikidata.org/wiki/Q116320581,,
22938,Smallsword with Scabbard,Smallsword with scabbard,ca. 1775,,,,"Steel, gold, wood, leather, textile",L. with scabbard 41 1/2 in. (105.4 cm); L. without scabbard 40 3/8 in. (102.5 cm); L. of blade 33 1/2 in. (85.1 cm); W. 4 1/4 in. (10.8 cm); D. 3 1/2 in. (8.9 cm); Wt. 1 lb. 6 oz. (624 g); Wt. of scabbard 4 oz. (113.4 g),"Northern Indian, for the Western market",Northern India,,,,,,,,,,Arms and Armor,Swords,,False,True,https://www.metmuseum.org/art/collection/search/22938,https://images.metmuseum.org/CRDImages/aa/original/LC-26_145_338a_b-002.jpg,5,https://www.wikidata.org/wiki/Q116394216,,
34803,John Stoneacre Ellis,Ambrotype portrait with case,dated 1859,,,,"Ambrotype, velvet, leather",ambrotype: 2 5/8 x 2 1/8 in. (6.7 x 5.4 cm); case: 3 3/4 x 3 1/4 in. (9.5 x 8.3 cm),American,United States,,,Men|Portraits,,,,,,,Arms and Armor,Photographs,,False,True,https://www.metmuseum.org/art/collection/search/34803,https://images.metmuseum.org/CRDImages/aa/original/spks28.65_photodept4.jpg,2,,,
23398,Arrowhead (<i>Yanone</i>),Arrowhead (<i>Yanone</i>),dated 1645,,,,Steel,L. 11 1/4 in. (28.6 cm); L. of head 4 5/8 in. (11.7 cm); W. 3 1/2 in. (8.9 cm); Wt. 6.9 oz. (195.6 g),Japanese,Japan,,,Men,,,,,,,Arms and Armor,Archery Equipment-Arrowheads,,False,True,https://www.metmuseum.org/art/collection/search/23398,https://images.metmuseum.org/CRDImages/aa/original/LC-32.75.326-002.jpg,0,,,
642611,Sword Guard (Tsuba),Sword guard (Tsuba),18th century,,,,"Copper-gold alloy (shakudō), gold, copper",H. 2 7/8 in. (7.3 cm); W. 2 3/4 in. (7 cm); thickness 5/16 in. (0.8 cm); Wt. 4.9 oz. (138.9 g),Japanese,Japan,,,Men,,,,,,,Arms and Armor,Sword Furniture-Tsuba,,False,True,https://www.metmuseum.org/art/collection/search/642611,https://images.metmuseum.org/CRDImages/aa/original/33.40.35_002mar2014.jpg,1,,,
23569,Arrowhead (<i>Yanone</i>),Arrowhead (<i>Yanone</i>),18th century,,,,Steel,L. 8 7/8 in. (22.6 cm); L. of head 3 7/8 in. (9.8 cm); W. 1 1/2 in. (3.8 cm); Wt. 2 oz. (56.7 g),Japanese,Japan,,,,,,,,,,Arms and Armor,Archery Equipment-Arrowheads,,False,True,https://www.metmuseum.org/art/collection/search/23569,https://images.metmuseum.org/CRDImages/aa/original/LC-32_75_499-001.jpg,0,,,
27412,Rapier,Rapier,18th century,,,,"Steel, silver, wood",L. 40 3/8 in. (102.6 cm); W. 7 1/2 in. (19.1 cm); D. 4 1/2 in. (11.4 cm); Wt. 1 lb. 14.5 oz. (864.7 g),"Spanish; blade, German, Solingen",Germany,,Solingen,,Arnolt Windhvfel,Bladesmith,German,,,,Arms and Armor,Swords,"German, Solingen, active late 17th–early 18th century",False,True,https://www.metmuseum.org/art/collection/search/27412,https://images.metmuseum.org/CRDImages/aa/original/LC-14_25_1015-001.jpg,3,,,
28242,Knife Handle (Kozuka),Knife handle (Kozuka),1809,,,,"Copper-silver alloy (shibuichi), copper-gold alloy (shakudō), gold, silver",L. 3 13/16 in. (9.7 cm); W. 9/16 in. (1.4 cm); thickness 1/4 in. (0.6 cm); Wt. 1.2 oz. (34 g),Japanese,Japan,,,Birds,,,,,,,Arms and Armor,Sword Furniture-Kozuka,,False,True,https://www.metmuseum.org/art/collection/search/28242,https://images.metmuseum.org/CRDImages/aa/original/LC-43_120_362-003.jpg,1,,,
22165,Half Mask (Menpō) and Gorget,Half mask (Menpō) and gorget,early 19th century,,,,"Chiselled steel, leather, lacquer",H. 9 5/8 in. (24.4 cm); W. 8 in. (20.3 cm); D. 6 5/8 in. (16.8 cm); Wt. 1 lb. 13.3 oz. (831 g),Japanese,Japan,,,,,,,,,,Arms and Armor,Armor Parts-Masks,,False,True,https://www.metmuseum.org/art/collection/search/22165,https://images.metmuseum.org/CRDImages/aa/original/LC-13_112_17-001-2.jpg,1,,,
28998,Miquelet Rifle of Ali Pasha,Miquelet rifle,"lock and stock, dated A.H. 1224/1809–10 CE; barrel, 18th century",,,,"Steel, wood, silver, copper alloy, textile",L. 67 in. (170.3 cm); L. barrel 50 7/8 in. (129.2 cm); Cal. .70 in. (18.0 mm); Wt. 10 lb. 9 oz. (4800 g),"lock and stock, Algerian; barrel, European",,,,,,,,,,,Arms and Armor,Firearms-Guns,,False,True,https://www.metmuseum.org/art/collection/search/28998,https://images.metmuseum.org/CRDImages/aa/original/DP217111.jpg,20,,,
25706,Sword Guard (<i>Tsuba</i>) Depicting Peony and Butterflies (菊に蝶図鐔),Sword guard (<i>Tsuba</i>),19th century,,,,"Copper, copper-gold alloy (<i>shakudō</i>), silver, gold, bronze",H. 2 7/16 in. (6.2 cm); W. 2 1/8 in. (5.4 cm); thickness 1/4 in. (0.6 cm); Wt. 4 oz. (113.4 g),Japanese,Japan,,,Flowers,,,,,,,Arms and Armor,Sword Furniture-Tsuba,,False,True,https://www.metmuseum.org/art/collection/search/25706,https://images.metmuseum.org/CRDImages/aa/original/DP-15451-005.jpg,1,,,
24705,Lance Head for the Joust of War,Lance head for the joust of war,ca. 1475–1540,,,,Steel,L. 9 5/16 in. (23.7 cm); Diam. 2 3/4 in. (6.99 cm); Wt. 3 lb. 3 oz. (1446 g),German,Germany,,,,,,,,,,Arms and Armor,Shafted Weapons,,False,True,https://www.metmuseum.org/art/collection/search/24705,https://images.metmuseum.org/CRDImages/aa/original/DP-16115-003.jpg,0,https://www.wikidata.org/wiki/Q116394353,,
26921,Shaffron (Horse's Head Defense),Shaffron (Horse's head defense),"ca. 1480–95; ear guards, eye guards, and plume holder, 19th century restorations",,,,"Steel, textile",H. 24 7/8 (63.2 cm); W. 13 in. (33 cm); D. 9 1/2 in. (24.1 cm); Wt. 4 lb. 4 oz. (1918 g),Franco-Italian,France or Italy,,,,Romain des Ursins,Armorer,Italian,1493,1495,,Arms and Armor,Equestrian Equipment-Shaffrons,"Italian, Milan, recorded in Lyon 1493–95",False,True,https://www.metmuseum.org/art/collection/search/26921,https://images.metmuseum.org/CRDImages/aa/original/DP108844.jpg,3,,,
23471,Arrowhead (<i>Yanone</i>),Arrowhead (<i>Yanone</i>),dated 1645,,,,Steel,L. 11 3/8 in. (28.9 cm); L. of head 3 3/4 in. (9.5 cm); W. 1 5/8 in. (4.1 cm); Wt. 4.4 oz. (124.7 g),Japanese,Japan,,,Human Figures,,,,,,,Arms and Armor,Archery Equipment-Arrowheads,,False,True,https://www.metmuseum.org/art/collection/search/23471,https://images.metmuseum.org/CRDImages/aa/original/LC-32_75_400-001.jpg,1,,,
659126,Burgonet (<i>Zischägge</i>),Burgonet (<i>Zischägge</i>),ca. 1560–70,,,,"Steel, gold, copper alloy, leather",H. 11 in. (27.9 cm); W. 8 1/4 in. (21 cm); D. 12 1/4 in. (31.1 cm); Wt. 3 lb. 5.2 oz. (1508.2 g),German,Germany,,,,,,,,,,Arms and Armor,Helmets,,False,True,https://www.metmuseum.org/art/collection/search/659126,https://images.metmuseum.org/CRDImages/aa/original/LC-2014_758-011.jpg,5,https://www.wikidata.org/wiki/Q116444444,,
27800,Sword and Scabbard,Sword and scabbard,16th–18th century,,,,"Iron, gold, silver, wood, ray skin, leather",L. with scabbard 33 3/4 in. (85.7 cm); L. without scabbard 32 in. (81.3 cm); L. of blade 26 1/4 in. (66.7 cm); W. 2 1/2 in. (6.4 cm); Wt. 1 lb. 13 oz. (822 g); Wt. of scabbard 1 lb. 8.7 oz. (700 g),Southern or eastern Tibetan,Tibet,Eastern Tibet,,,,,,,,,Arms and Armor,Swords,,False,True,https://www.metmuseum.org/art/collection/search/27800,https://images.metmuseum.org/CRDImages/aa/original/DP113265.jpg,2,,,
34417,Sword Guard (Tsuba),Sword guard (Tsuba),ca. 1615–1868,,,,"Iron, gold, copper",H. 2 1/2 in. (6.4 cm); W. 2 3/8 in. (6 cm); thickness 3/16 in. (0.5 cm); Wt. 3.3 oz. (93.6 g),Japanese,Japan,,,Men,,,,,,,Arms and Armor,Sword Furniture-Tsuba,,False,True,https://www.metmuseum.org/art/collection/search/34417,https://images.metmuseum.org/CRDImages/aa/original/29.100.1006_001feb2014.jpg,1,,,
35079,Cord Knob (Kurigata),Cord knob (Kurigata),19th century,,,,"Copper-gold alloy (shakudō), gold, silver, copper-silver alloy (shibuichi)",H. 1 1/4 in. (3.2 cm); Wt. 0.7 oz. (19.8 g),Japanese,Japan,,,Leaves,,,,,,,Arms and Armor,Sword Furniture-Fuchi-Kashira,,False,True,https://www.metmuseum.org/art/collection/search/35079,https://images.metmuseum.org/CRDImages/aa/original/LC-17_208_84-001.jpg,0,,,
696648,Fragment,Fragment,ca. 1150–ca. 1250,,,,"Glass, ceramic",greatest H. 3 1/4 in. (8.3 cm); smallest H. 3/4 in. (1.9 cm),European or Middle Eastern,,,,,,,,,,,Arms and Armor,Glass-Vessels,,False,True,https://www.metmuseum.org/art/collection/search/696648,https://images.metmuseum.org/CRDImages/aa/original/DP276488.jpg,3,,,
34348,Brigandine Plate,Brigandine plate,1350–1450,,,,"Iron alloy, copper alloy",H. 9 in. (22.9 cm); W. 7 in. (17.8 cm); Wt. 14.5 oz. (411.1 g),Italian,Italy,,,,,,,,,,Arms and Armor,Armor Parts,,False,True,https://www.metmuseum.org/art/collection/search/34348,https://images.metmuseum.org/CRDImages/aa/original/29.150.90g_002july2014.jpg,2,,,
34258,Sallet and Bevor,Sallet and bevor,1480,,,,"Steel, copper alloy, leather","Sallet (a); H. 10 1/4 in. (26 cm); W. 11 1/4 in. (28.6 cm); D. 15 in. (38.1 cm); Wt. 7 lb. 8.5 oz. (3416.1 g); bevor (b); H. 6 1/4 in. (15.9 cm); W. 8 3/4 in. (22.2 cm); D. 8 5/16 in. (21.1 cm); Wt. 1 lb. 3.2 oz. (544.3 g)

Bevor, 6 x 8 3/4 in. (15.2 x 22.2 cm)",German,Germany,,,,,,,,,,Arms and Armor,Helmets,,False,True,https://www.metmuseum.org/art/collection/search/34258,https://images.metmuseum.org/CRDImages/aa/original/29.158.6a_005june2015.jpg,4,,,
25097,War Hat,War hat,possibly 15th century,,,,Steel,H. 9 3/16 in. (23.3 cm); W. 13 in. (33 cm); D. 13 1/4 in. (33.7 cm); Wt. 2 lb. 13 oz. (1264 g),European,Switzerland,,,,,,,,,,Arms and Armor,Helmets,,False,True,https://www.metmuseum.org/art/collection/search/25097,https://images.metmuseum.org/CRDImages/aa/original/DP22310.jpg,5,,,
25493,Harness Pendant,Harness pendant,13th–early 15th century,,,,"Copper, gold, enamel",H. 3 1/16 in. (7.8 cm); W. 2 5/8 in. (6.7 cm); D. 3/8 in. (1 cm),possibly Spanish,possibly Spain,,,Human Figures,,,,,,,Arms and Armor,Miscellaneous-Badges,,False,True,https://www.metmuseum.org/art/collection/search/25493,https://images.metmuseum.org/CRDImages/aa/original/sf04-3-373s1.jpg,1,,,
30963,Hunting Sword (Shamshir Shikargar) with Modern Scabbard,Hunting sword (Shamshir shikargar) with modern scabbard,18th–mid-19th century,,,,"Steel, gold, textile (velvet), wood",H. without scabbard 36 1/2 in. (92.7 cm); W. 4 3/4 in. (12.1 cm); Wt. 2 lb. 3.5 oz. (1006.4 g); Wt. of scabbard 3.1 oz. (87.9 g),"Indian, Rajasthan",India,,,Animals|Birds|Deer|Elephants|Horses,,,,,,,Arms and Armor,Swords,,False,True,https://www.metmuseum.org/art/collection/search/30963,https://images.metmuseum.org/CRDImages/aa/original/DP347135.jpg,6,,,
32276,Spear,Spear,17th century,,,,"Steel, gold",L. 63 1/4 in. (160.7 cm); L. of head 14 15/16 in. (37.9 cm); W. 1 in. (2.5 cm); Wt. 2 lbs. 1.3 oz. (944 g),North Indian,North India,,,,,,,,,,Arms and Armor,Shafted Weapons,,False,True,https://www.metmuseum.org/art/collection/search/32276,https://images.metmuseum.org/CRDImages/aa/original/DP347125.jpg,2,,,
23001,Bridle Gauntlet,Bridle gauntlet,16th century,,,,Steel,H.11 1/2 in. (29.2 cm),German,Germany,,,,,,,,,,Arms and Armor,Armor Parts-Gauntlets,,False,True,https://www.metmuseum.org/art/collection/search/23001,https://images.metmuseum.org/CRDImages/aa/original/sfma27.183.56_71076.jpg,0,,,
25036,Pair of Flintlock Pistols,Pair of flintlock pistols,18th century,,,,"Steel, silver",96.5.151; L. 19 3/4 in. (50.2 cm); L. of barrel 14 3/16 in. (36 cm); Cal. .67 in (17 mm); Wt. 2 lb. 13.8 oz. (1298.4 g); 96.5.152; L. 19 3/4 in. (50.2 cm); L. of barrel 14 3/16 in. (36 cm); Cal. .68 in (17.3 mm); Wt. 2 lb. 12.6 oz. (1264.4 g),"Balkan; barrel, Russian; lock, Italian",Italy,,,,,,,,,,Arms and Armor,Firearms-Pistols-Flintlock,,False,True,https://www.metmuseum.org/art/collection/search/25036,https://images.metmuseum.org/CRDImages/aa/original/LC-96_5_151_152-002.jpg,3,,,
31271,Kris with Sheath,Kris with sheath,18th–19th century,,,,"Steel, wood, silver",L. with scabbard 29 in. (73.7 cm); L. without scabbard 27 1/2 in. (69.9 cm); L. of blade 23 3/8 in. (59.4 cm); W. 4 3/4 in. (12.1 cm); Wt. 1 lb. 12 oz. (793.8 g); Wt. of scabbard 7.6 oz. (215.5 g),"Philippine, Moro",Philippines,Southern Philippines,,,,,,,,,Arms and Armor,Krisses,,False,True,https://www.metmuseum.org/art/collection/search/31271,https://images.metmuseum.org/CRDImages/aa/original/36.25.1252ab_001Jun2015.jpg,1,,,
33974,Pendant,Pendant,15th–17th century,,,,Brass,H. 1 1/8 in. (2.9 cm); L. 2 3/8 in. (6 cm); thickness 1/8 in. (0.3 cm); Wt. 0.4 oz. (12 g),European,,,,,,,,,,,Arms and Armor,Miscellaneous-Buckles & Ornament,,False,True,https://www.metmuseum.org/art/collection/search/33974,https://images.metmuseum.org/CRDImages/aa/original/LC-29_158_884-001.jpg,0,,,
26643,"Study of a Bearded Man Wearing the Negroli Helmet of Guidobaldo II della Rovere, Duke of Urbino",Drawing,1536–40,,,,"Charcoal or black chalk, highlighted with white chalk, on blue paper (faded to blue-gray)",10 3/16 x 8 7/16 in.  (25.8 x 21.5 cm),"Italian, Venice",Italy,,Venice,Helmets|Men,,,,,,,Arms and Armor,Works on Paper-Drawings,,False,True,https://www.metmuseum.org/art/collection/search/26643,https://images.metmuseum.org/CRDImages/aa/original/DP802135.jpg,0,,,
34630,Knife Handle (Kozuka),Knife handle (Kozuka),ca. 1615–1868,,,,"Coper-silver alloy (shibuichi), gold, silver, copper",L. 3 13/16 in. (9.7 cm); W. 9/16 in. (1.4 cm); thickness 3/16 in. (0.5 cm); Wt. 1.2 oz. (34 g),Japanese,Japan,,,Mountains,,,,,,,Arms and Armor,Sword Furniture-Kozuka,,False,True,https://www.metmuseum.org/art/collection/search/34630,https://images.metmuseum.org/CRDImages/aa/original/29.100.1221_001AA2015.jpg,1,,,
34842,Brayette,Brayette,16th century,,,,Steel,H. 10 5/8 in. (27 cm); W. 20 7/8 in. (53 cm); Diam. (outside) of links 13/32 in. (10.1 mm); Diam. (inside) of links 9/32 in. (7.1 mm) Wt. 2 lbs. 1.5 oz. (.95 kg).,German,Germany,,,,,,,,,,Arms and Armor,Mail,,False,True,https://www.metmuseum.org/art/collection/search/34842,https://images.metmuseum.org/CRDImages/aa/original/sfma27.183.19_69961.jpg,0,,,
27563,Collier Second Model Five-Shot Flintlock Revolver,Flintlock revolver,ca. 1820,,,,"Steel, wood (walnut, rosewood), silver, brass",L. 14 in. (35.6 cm); L. of barrel 6 1/4 in. (15.9 cm); Cal. .47 in. (11.9 mm); Wt. 2 lb. 2 oz. (963.9 g),"British, London",England,,London,,Elisha Haydon Collier,Patentee,American,1788,1856,,Arms and Armor,Firearms-Guns-Flintlock,"American, Boston 1788–1856 Boston",False,True,https://www.metmuseum.org/art/collection/search/27563,https://images.metmuseum.org/CRDImages/aa/original/LC-56_165-004.jpg,6,,,
26082,Staff Weapon,Staff weapon,ca. 1380,,,,"Steel, wood",L. 87 3/4 in. (222.8 cm); L. of head 18 in. (45.7 cm); W. 4 5/8 in. (11.7 cm); Wt. 5 lbs. 8 oz. (2494.8 g),Swiss,Switzerland,,,,,,,,,,Arms and Armor,Shafted Weapons,,False,True,https://www.metmuseum.org/art/collection/search/26082,https://images.metmuseum.org/CRDImages/aa/original/14.25.103_001dec2014.jpg,1,,,
34365,Sword Guard (Tsuba),Sword guard (Tsuba),ca. 1615–1868,,,,"Copper-silver alloy (shibuichi), copper-gold alloy (shakudō), silver, copper",H. 3 1/16 in. (7.8 cm); W. 2 3/4 in. (7 cm); thickness 3/16 in. (0.5 cm); Wt. 4.8 oz. (136.1 g),Japanese,Japan,,,Fish,,,,,,,Arms and Armor,Sword Furniture-Tsuba,,False,True,https://www.metmuseum.org/art/collection/search/34365,https://images.metmuseum.org/CRDImages/aa/original/29.100.952_001feb2014.jpg,1,,,
34145,Ornament of Horse Trapping,Ornament of horse trapping,14th century,,,,Bronze,H. 1 5/8 in. (4.1 cm); W. 1 5/8 in. (4.1 cm); thickness 3/8 in. (1 cm); Wt. 0.8 oz. (23 g),possibly French,possibly France,,,,,,,,,,Arms and Armor,Miscellaneous-Buckles & Ornament,,False,True,https://www.metmuseum.org/art/collection/search/34145,https://images.metmuseum.org/CRDImages/aa/original/LC-29_158_415-001.jpg,0,,,
22820,Arrowhead (<i>Yanone</i>),Arrowhead (<i>Yanone</i>),18th century,,,,Steel,L. 7 3/4 in. (19.7 cm); L. of head 2 1/4 in. (5.7 cm); W. 3/8 in. (1 cm); Wt. 0.8 oz. (22.7 g),Japanese,Japan,,,,,,,,,,Arms and Armor,Archery Equipment-Arrowheads,,False,True,https://www.metmuseum.org/art/collection/search/22820,https://images.metmuseum.org/CRDImages/aa/original/LC-32_75_683-001.jpg,0,,,
23542,Arrowhead (<i>Yanone</i>),Arrowhead (<i>Yanone</i>),18th century,,,,Steel,L. 12 3/4 in. (32.4 cm); L. of head 4 in. (10.2 cm); W. 3 in. (7.6 cm); Wt. 3.4 oz. (96.4 g),Japanese,Japan,,,,,,,,,,Arms and Armor,Archery Equipment-Arrowheads,,False,True,https://www.metmuseum.org/art/collection/search/23542,https://images.metmuseum.org/CRDImages/aa/original/LC-32_75_471-001.jpg,0,,,
35007,Pair of Sword-Grip Ornaments (Menuki),Pair of sword-grip ornaments (Menuki),19th century,,,,"Copper, gold, silver, copper-gold alloy (shakudō)",Menuki (a); L. 2 in. (5.1 cm); Wt. 0.3 oz. (8.5 g); menuki (b); L. 2 1/8 in. (5.4 cm); Wt. 0.3 oz. (8.5 g),Japanese,Japan,,,Animals,,,,,,,Arms and Armor,Sword Furniture-Menuki,,False,True,https://www.metmuseum.org/art/collection/search/35007,https://images.metmuseum.org/CRDImages/aa/original/LC-17_208_12a_b-001.jpg,0,,,
696688,Fragment,Fragment,ca. 1150–ca. 1250,,,,"Glass, ceramic",greatest H. 3 1/4 in. (8.3 cm); smallest H. 3/4 in. (1.9 cm),European or Middle Eastern,,,,,,,,,,,Arms and Armor,Glass-Vessels,,False,True,https://www.metmuseum.org/art/collection/search/696688,https://images.metmuseum.org/CRDImages/aa/original/DP276488.jpg,3,,,
24978,Blade for a Sword (Katana),Blade for a sword (Katana),dated 1526,,,,Steel,L. 36 1/8 in. (91.8 cm); L. of blade edge 29 9/16 in. (75.1 cm); D. of curvature 3/32 in. (2.4 cm),Japanese,Japan,,,,Masazane,Swordsmith,Japanese,1515,1526,,Arms and Armor,Swords,"Japanese, Ise, documented 1515–26",False,True,https://www.metmuseum.org/art/collection/search/24978,https://images.metmuseum.org/CRDImages/aa/original/DP368606.jpg,3,,,
32003,Arm Guard,Arm guard,17th century,,,,"Steel, silver",L. 14 5/16 in. (36.4 cm); W. 4 3/4 in. (12.1 cm); Wt. 1 lb. 6.8 oz. (646.4 g),"Indian, Thanjavur",India,,Thanjavur,,,,,,,,Arms and Armor,Armor Parts,,False,True,https://www.metmuseum.org/art/collection/search/32003,https://images.metmuseum.org/CRDImages/aa/original/36.25.388_001July2014.jpg,0,,,
33072,Mordant,Mordant,15th century,,,,Brass,H. 1 1/8 in. (2.9 cm); W. 1 3/16 in. (3 cm); thickness 1/4 in. (0.6 cm); Wt. 0.4 oz. (11 g),Spanish,Spain,,,,,,,,,,Arms and Armor,Miscellaneous-Buckles & Ornament,,False,True,https://www.metmuseum.org/art/collection/search/33072,https://images.metmuseum.org/CRDImages/aa/original/LC-20_152_217-001.jpg,0,,,
23706,Arrowhead (<i>Yanone</i>),Arrowhead (<i>Yanone</i>),18th century,,,,Steel,L. 6 3/8 in. (16.2 cm); L. of head 1 1/8 in. (2.9 cm); W. 9/16 in. (1.4 cm); Wt. 0.5 oz. (14.2 g),Japanese,Japan,,,,,,,,,,Arms and Armor,Archery Equipment-Arrowheads,,False,True,https://www.metmuseum.org/art/collection/search/23706,https://images.metmuseum.org/CRDImages/aa/original/LC-32_75_642-001.jpg,0,,,
35092,Sword-Hilt Collar and Pommel (Fuchigashira),Sword-hilt collar and pommel (Fuchigashira),19th century,,,,"Copper-gold alloy (shakudō), gold, silver",Kashira (a); H. 1 3/8 in. (3.5 cm); Wt. 0.6 oz. (17 g); fuchi (b); H. 1 1/2 in. (3.8 cm); Wt. 1.1 oz. (31.2 g),Japanese,Japan,,,Birds|Flowers,,,,,,,Arms and Armor,Sword Furniture-Fuchi-Kashira,,False,True,https://www.metmuseum.org/art/collection/search/35092,https://images.metmuseum.org/CRDImages/aa/original/LC-17_208_98a_b-003.jpg,0,,,
23529,Arrowhead (<i>Yanone</i>),Arrowhead (<i>Yanone</i>),18th century,,,,Steel,L. 14 1/4 in. (36.2 cm); L. of head 5 1/2 in. (14 cm); W. 1 3/4 in. (4.5 cm); Wt. 2.8 oz. (79.4 g),Japanese,Japan,,,,,,,,,,Arms and Armor,Archery Equipment-Arrowheads,,False,True,https://www.metmuseum.org/art/collection/search/23529,https://images.metmuseum.org/CRDImages/aa/original/LC-32_75_458-001.jpg,0,,,
35047,Knife Handle (Kozuka),Knife handle (Kozuka),19th century,,,,"Copper-silver alloy (shibuichi), gold, copper-gold alloy (shakudō), copper",L. 3 13/16 in. (9.7 cm); W. 9/16 in. (1.4 cm); thickness 1/4 in. (0.6 cm); Wt. 1.3 oz. (36.9 g),Japanese,Japan,,,Insects,,,,,,,Arms and Armor,Sword Furniture-Kozuka,,False,True,https://www.metmuseum.org/art/collection/search/35047,https://images.metmuseum.org/CRDImages/aa/original/17.208.51_001AA2015.jpg,1,,,
25653,Sword,Sword,5th–4th century BCE,,,,Bronze,L. 18 3/8 in. (46.7 cm); W. 2 1/4 in. (5.7 cm); Wt. 1 lb. 9.9 oz. (734.3 g),Chinese,China,,,,,,,,,,Arms and Armor,Swords,,False,True,https://www.metmuseum.org/art/collection/search/25653,https://images.metmuseum.org/CRDImages/aa/original/LC-12_37_145-004.jpg,1,https://www.wikidata.org/wiki/Q116394434,,
27165,Cased Pair of Percussion Pistols with Accessories,Cased pair of percussion pistols with accessories,dated 1856,,,,"Steel, brass, gold, wood (ebony), textile (baizé, wool), copper, leather","Pistols (a, b); L. of each 16 in. (40.7 cm); L. of each barrel 10 5/8 in. (27 cm); Cal. of each .46 in. (12 mm); Wt. of each 2 lb. 3 oz. (992.2 g); ramrod (c); L. 11 1/4 in. (28.6 cm); Wt. 1.5 oz. (42.5 g); cleaning rod (d); L. 12 3/8 in. (31.4 cm); Wt. 1.8 oz. (51 g); mallet (e); L. 7 7/8 in. (20 cm); W. 2 1/2 in. (6.4 cm); Wt. 5.3 oz. (150.3 g); screwdriver (f); L. 6 1/4 in. (15.9 cm); Wt. 2.6 oz. (73.7 g); bullet mould (g); L. 7 7/8 in. (20 cm); Wt. 8.8 oz. (249.5 g); powder flask (h); H. 4 in. (10.2 cm); Wt. 4.2 oz. (119.1 g); patch box (i); H. 1 in. (2.5 cm); Diam. 1 1/4 in. (3.2 cm); Wt. 0.4 oz. (11.3 g); nipple box (j); H. 1 11/16 in. (4.3 cm); Diam. 1 7/8 in. (4.8 cm); Wt. 1.5 oz. (42.5 g); spoon (k); L. 4 in. (10.2 cm); Wt. 0.4 oz. (11.3 g); case (l); H. 2 7/8 in. (7.3 cm); W. 18 7/8 in. (47.9 cm); D. 8 1/4 in. (21 cm); Wt. 7 lb. 4.7 oz. (3308.4 g); leather case (m); H. 3 3/8 in. (8.6 cm); W. 19 3/8 in. (49.2 cm); D. 8 3/4 in. (22.2 cm); Wt. 3 lb. 7.5 oz. (1573.4 g)","French, Paris",France,,Paris,,Louis-Julien Gastinne-Renette,Gunsmith,French,1812,1885,,Arms and Armor,Firearms-Pistols-Percussion,"French, Paris 1812–1885 Paris",False,True,https://www.metmuseum.org/art/collection/search/27165,https://images.metmuseum.org/CRDImages/aa/original/DP332487.jpg,3,https://www.wikidata.org/wiki/Q116317867,,
33048,Buckle Shank,Buckle shank,5th–7th century,,,,Bronze,L. 3 in. (7.6 cm); H. 1 5/8 in. (4.1 cm); thickness 3/8 in. (1 cm); Wt. 1.5 oz. (43 g),Visigothic,,,,,,,,,,,Arms and Armor,Miscellaneous-Buckles & Ornament,,False,True,https://www.metmuseum.org/art/collection/search/33048,https://images.metmuseum.org/CRDImages/aa/original/LC-20_153_14-001.jpg,0,,,
24884,Basket-Hilted Sword,Basket-hilted sword,ca. 1750–60,,,,"Steel, silver",L. 39 in. (99.06 cm); L. of blade 32 1/2 in. (82.55 cm);,British,England,,,,,,,,,,Arms and Armor,Swords,,False,True,https://www.metmuseum.org/art/collection/search/24884,https://images.metmuseum.org/CRDImages/aa/original/LC-1981_153-003.jpg,5,https://www.wikidata.org/wiki/Q116394414,,
23444,Arrowhead (<i>Yanone</i>),Arrowhead (<i>Yanone</i>),18th century,,,,Steel,L. 10 1/8 in. (25.7 cm); L. of head 3 1/4 in. (8.3 cm); W. 1 1/4 in. (3.2 cm); Wt. 1.3 oz. (36.9 g),Japanese,Japan,,,,,,,,,,Arms and Armor,Archery Equipment-Arrowheads,,False,True,https://www.metmuseum.org/art/collection/search/23444,https://images.metmuseum.org/CRDImages/aa/original/LC-32_75_372-001.jpg,1,,,
33965,Pendant,Pendant,15th–17th century,,,,Bronze,H. 1 1/2 in. (3.8 cm); W. 1 1/2 in. (3.8 cm); thickness 3/16 in. (0.5 cm); Wt. 0.6 oz. (16 g),European,,,,,,,,,,,Arms and Armor,Miscellaneous-Buckles & Ornament,,False,True,https://www.metmuseum.org/art/collection/search/33965,https://images.metmuseum.org/CRDImages/aa/original/LC-29_158_875-001.jpg,0,,,
30940,Sword Scabbard,Sword scabbard,19th century,,,,,H. 30 1/8 in. (76.5 cm); W. 2 in. (5.1 cm); Wt. 8.9 oz. (252.3 g),Persian,Iran,,,,,,,,,,Arms and Armor,Swords-Accessories,,False,True,https://www.metmuseum.org/art/collection/search/30940,https://images.metmuseum.org/CRDImages/aa/original/36.25.1640_001Jun2015.jpg,0,,,
642488,Sword Guard (Tsuba),Sword guard (Tsuba),first third 18th century,,,,"Copper-gold alloy (shakudō), gold, copper, silver",H. 2 7/8 in. (7.3 cm); W. 2 5/8 in. (6.7 cm); thickness 5/16 in. (0.8 cm); Wt. 4.1 oz. (116.2 g),Japanese,Japan,,,Men,,,,,,,Arms and Armor,Sword Furniture-Tsuba,,False,True,https://www.metmuseum.org/art/collection/search/642488,https://images.metmuseum.org/CRDImages/aa/original/33.40.25_002mar2014.jpg,1,,,
26471,Chape and Ferrule,Chape and ferrule,dated 1270,,,,Iron,34) L. 2 3/8 in. (6 cm); 35) Diam. 1 1/2 in. (3.8 cm),"possibly French, possibly German","possibly France, possibly Germany",,,,,,,,,,Arms and Armor,Swords-Accessories,,False,True,https://www.metmuseum.org/art/collection/search/26471,https://images.metmuseum.org/CRDImages/aa/original/DP304384.jpg,0,,,
29714,Knife Handle (Kozuka),Knife handle (Kozuka),18th century,,,,"Copper-silver alloy (shibuichi), gold, silver, copper-gold alloy (shakudō), copper",L. 3 13/16 in. (9.7 cm); W. 9/16 in. (1.4 cm); thickness 3/16 in. (0.5 cm); Wt. 1.1 oz. (31.2 g),Japanese,Japan,,,Men|Fish,,,,,,,Arms and Armor,Sword Furniture-Kozuka,,False,True,https://www.metmuseum.org/art/collection/search/29714,https://images.metmuseum.org/CRDImages/aa/original/36.120.325_001AA2015.jpg,1,,,
31823,Dagger (Pesh-kabz) with Sheath,Dagger (Pesh-kabz) with sheath,18th–19th century,,,,"Steel, rock crystal, silver, enamel, velvet, wood",L. with sheath 18 13/16 in. (47.8 cm); L. of blade 11 5/8 in. (29.5 cm); W. 2 1/16 in. (5.2 cm); D. 1/8 in. (0.3 cm); Wt. 12.9 oz. (365.7 g); Wt. of sheath 3.8 oz. (107.7 g),"Indian, Mughal",India,,Delhi or Lucknow,,,,,,,,Arms and Armor,Daggers,,False,True,https://www.metmuseum.org/art/collection/search/31823,https://images.metmuseum.org/CRDImages/aa/original/36.25.650ab_006june2014.jpg,2,,,
35093,Sword-Hilt Collar and Pommel (Fuchigashira),Sword-hilt collar and pommel (Fuchigashira),18th century,,,,"Copper-gold alloy (shakudō), gold",Kashira (a); H. 1 1/4 in. (3.2 cm); Wt. 0.5 oz. (14.2 g); fuchi (b); H. 1 1/2 in. (3.8 cm); Wt. 1.1 oz. (31.2 g),Japanese,Japan,,,Dragons,,,,,,,Arms and Armor,Sword Furniture-Fuchi-Kashira,,False,True,https://www.metmuseum.org/art/collection/search/35093,https://images.metmuseum.org/CRDImages/aa/original/LC-17_208_100a_b-002.jpg,0,,,
31775,Knife with Sheath,Knife with sheath,18th–19th century,,,,"Steel, wood, cane (rattan)",L. with sheath 21 in. (53.5 cm); L. without sheath 18 in. (45.7 cm); L. of blade 13 in. (33 cm); W. 2 3/4 in. (7 cm); Wt. 15.9 oz. (450.8 g); Wt. of sheath 6.2 oz. (175.8 g),"Philippine, Bagobo",Philippines,Southern Mindanao,,,,,,,,,Arms and Armor,Knives,,False,True,https://www.metmuseum.org/art/collection/search/31775,https://images.metmuseum.org/CRDImages/aa/original/36.25.795ab_001_Sep2015.jpg,1,,,
33116,Buckle,Buckle,15th century,,,,"Bronze, patina",H. 1 1/4 in. (3.2 cm); W. 1 5/8 in. (4.1 cm); thickness 1/8 in. (0.3 cm); Wt. .03 oz. (9 g),French,France,,,,,,,,,,Arms and Armor,Miscellaneous-Buckles & Ornament,,False,True,https://www.metmuseum.org/art/collection/search/33116,https://images.metmuseum.org/CRDImages/aa/original/LC-20_152_139-001.jpg,0,,,
35832,Helmet and Breastplate for the Gioco del Ponte,Helmet and breastplate,"17th century, with later alterations",,,,"Steel, polychromy, lead",helmet (a): H. 12 3/16 in. (31 cm); L. 12 5/8 in. (32 cm); Wt. 7 lb. 8 oz. (3400 g); breastplate (b): H. 14 15/16 (38 cm); W. 13 15/16 in. (35.3 cm); Wt. 5 lb. 3 oz. (2365 g),Italian,Italy,,,,,,,,,,Arms and Armor,Armor Parts,,False,True,https://www.metmuseum.org/art/collection/search/35832,https://images.metmuseum.org/CRDImages/aa/original/DP320265.jpg,2,,,
27833,Dagger with Sheath,Dagger with sheath,19th century,,,,"Steel, wood, cane (rattan), textile, brass, leather, twine",L. with sheath 13 9/16 in. (34.4 cm); L. without sheath 12 in. (30.5 cm); W. 2 7/16 in. (6.2 cm); Wt. 4 oz. (113.4 g); Wt. of sheath 2.9 oz. (82.2 g),"Philippine, Mindanao",Philippines,Eastern Mindanao,,,,,,,,,Arms and Armor,Daggers,,False,True,https://www.metmuseum.org/art/collection/search/27833,https://images.metmuseum.org/CRDImages/aa/original/LC-36_25_880a_b-004-2.jpg,6,,,
34454,Sword Guard (<i>Tsuba</i>),Sword guard (<i>Tsuba</i>),late 17th–early 18th century,,,,"Iron, copper",Diam. 3 5/16 in. (8.4 cm); thickness 1/4 in. (0.6 cm); Wt. 4.7 oz. (133.2 g),Japanese,Japan,,,,Shōami Denbei,Fittings maker,Japanese,1650,1750,,Arms and Armor,Sword Furniture-Tsuba,"Japanese, active late 17th–early 18th century",False,True,https://www.metmuseum.org/art/collection/search/34454,https://images.metmuseum.org/CRDImages/aa/original/29.100.1043_001mar2014.jpg,3,,,
23367,Sword,Sword,ca. 1400,,,,"Steel, silver, copper alloy, leather",L. 40 1/4 in. (102.2 cm); L. of blade 32 in. (81.3 cm); Wt. 3 lb. 11 oz. (1673 g),Western European,,Western Europe,,,,,,,,,Arms and Armor,Swords,,True,True,https://www.metmuseum.org/art/collection/search/23367,https://images.metmuseum.org/CRDImages/aa/original/DT759.jpg,1,https://www.wikidata.org/wiki/Q29383136,,
24658,Smallsword,Smallsword,hallmarked for 1694–95,,,,"Silver, gold, wood, steel",L. 36 1/2 in. (92.7 cm); L. of blade 29 15/16 in. (76 cm); W. 4 in. (10.2 cm); D. 2 3/4 in. (7 cm); Wt. 1 lb. 2 oz. (510 g),"French, Paris; blade, German",France,,Paris,,,,,,,,Arms and Armor,Swords,,False,True,https://www.metmuseum.org/art/collection/search/24658,https://images.metmuseum.org/CRDImages/aa/original/LC-37_186_2-005.jpg,6,https://www.wikidata.org/wiki/Q116394342,,
34862,Pair of Thigh Defenses (Cuisses) with knee defenses (Poleyns),Pair of thigh defenses (Cuisses) with knee defenses (Poleyns),16th century,,,,Steel,H. of each 18 1/2 in. (47 cm),"German, Nuremberg",Germany,,Nuremberg,,,,,,,,Arms and Armor,Armor Parts-Thigh and Leg Defense,,False,True,https://www.metmuseum.org/art/collection/search/34862,https://images.metmuseum.org/CRDImages/aa/original/sfma27.183.62ab_71077.jpg,0,,,
684253,Peytral and Crupper Plates,Peytral and crupper plates,early 16th century,,,,"Leather, gesso, pigment",crupper plate: L. 22 7/8 in. (58.1 cm); W. 25 5/8 in. (65.1 cm); Wt. 5 lb. 14 oz. (2666 g); left peytral plate: H. 24 1/2 in. (62.2 cm); W. 18 3/8 in. (46.7 cm); Wt. 2 lb. (907 g); right peytral plate: H. 25 3/8 in. (64.4 cm); W. 15 3/4 in. (42.6 cm); Wt. 1 lb. 15 oz. (876 g),Possibly Flemish or German,Belgium or Germany,,,,,,,,,,Arms and Armor,Armor for Horse,,False,True,https://www.metmuseum.org/art/collection/search/684253,https://images.metmuseum.org/CRDImages/aa/original/DP108778.jpg,2,,,
23402,Ceremonial Arrowhead (<i>Yanone</i>),Ceremonial arrowhead (<i>Yanone</i>),dated 1645,,,,Steel,L. 12 1/8 in. (30.8 cm); L. of head 5 7/16 in. (13.8 cm); W. 2 1/2 in. (6.4 cm); Wt. 6.5 oz. (184.3 g),Japanese,Japan,,,Dragons,Umetada Motoshige,Steel-chiseler,Japanese,1575,1675,,Arms and Armor,Archery Equipment-Arrowheads,"Japanese, Edo period, died 1675",False,True,https://www.metmuseum.org/art/collection/search/23402,https://images.metmuseum.org/CRDImages/aa/original/LC-32_75_330-004.jpg,1,,https://www.wikidata.org/wiki/Q62781015,
25613,Spear Head,Spear head,ca. 750–90 BCE,,,,Bronze,L. 5 in. (12.7 cm); W. 1 3/8 in. (3.5 cm); thickness 1/2 in. (1.3 cm); Wt. 2 oz. (56.7 g),Etruscan,Italy,,,,,,,,,,Arms and Armor,Shafted Weapons,,False,True,https://www.metmuseum.org/art/collection/search/25613,https://images.metmuseum.org/CRDImages/aa/original/LC-08_99_21-001.jpg,2,,,
696700,Fragment,Fragment,ca. 1150–ca. 1250,,,,"Glass, ceramic",greatest H. 3 1/4 in. (8.3 cm); smallest H. 3/4 in. (1.9 cm),European or Middle Eastern,,,,,,,,,,,Arms and Armor,Glass-Vessels,,False,True,https://www.metmuseum.org/art/collection/search/696700,https://images.metmuseum.org/CRDImages/aa/original/DP276488.jpg,3,,,
29691,Knife Handle (Kozuka),Knife handle (Kozuka),second half 18th century,,,,"Copper-silver alloy (shibuichi), gold, copper-gold alloy (shakudō)",L. 3 13/16 in. (9.7 cm); W. 9/16 in. (1.4 cm); thickness 1/4 in. (0.6 cm); Wt. 1.3 oz. (36.9 g),Japanese,Japan,,,Insects,,,,,,,Arms and Armor,Sword Furniture-Kozuka,,False,True,https://www.metmuseum.org/art/collection/search/29691,https://images.metmuseum.org/CRDImages/aa/original/36.120.293_001AA2015.jpg,1,,,
26765,Halberd,Halberd,ca. 1600,,,,"Steel, wood",L. 93 3/4 in. (238 cm); L. of head 25 in. (63.5 cm); W. 10 1/2 in. (26.6 cm); Wt. 6 lbs. 3 oz. (2810 g),German,German,,,,,,,,,,Arms and Armor,Shafted Weapons,,False,True,https://www.metmuseum.org/art/collection/search/26765,https://images.metmuseum.org/CRDImages/aa/original/14.25.349_001jan2015.jpg,1,,,
31249,Kris with Sheath,Kris with sheath,16th–19th century,,,,"Iron, wood",L. with sheath 13 1/4 in. (33.7 cm); L. without sheath 12 1/4 in. (31.1 cm); L. of blade 10 in. (25.4 cm); W. 2 in. (5.1 cm); Wt. 3.1 oz. (87.9 g); Wt. of sheath 2 oz. (56.7 g),Javanese,Indonesia,,,,,,,,,,Arms and Armor,Krisses,,False,True,https://www.metmuseum.org/art/collection/search/31249,https://images.metmuseum.org/CRDImages/aa/original/LC-36_25_1228a_b-001-2.jpg,1,,,
22378,Wheellock Rifle,Wheellock rifle,ca. 1610–30,,,,"Steel, gold, wood (fruitwood), ivory, horn",L. 43 5/8 in. (110.8 cm); L. of barrel 31 15/16 in. (81.1 cm); Cal..56 in. (14.2 mm); Wt. 7 lb. 10 oz. (3450 g),"German, Munich",Germany,,Munich,Men|Hunting|Deer|Dogs,Daniel Sadeler,Steel-chiseler,German,1602,1632,,Arms and Armor,Firearms-Guns-Wheellock,"German, Munich, recorded 1602–32",False,True,https://www.metmuseum.org/art/collection/search/22378,https://images.metmuseum.org/CRDImages/aa/original/LC-14_25_1396-005.jpg,20,https://www.wikidata.org/wiki/Q116394134,,
26680,Guisarme,Guisarme,ca. 1500,,,,"Steel, wood",L. 96 3/4 in. (245.7 cm); L. of head 35 1/4 in. (89.5 cm); W. 10 in. (25.4 cm); Wt. 4 lbs. 12.8 oz. (2177.2 g),Italian,Italy,,,,,,,,,,Arms and Armor,Shafted Weapons,,False,True,https://www.metmuseum.org/art/collection/search/26680,https://images.metmuseum.org/CRDImages/aa/original/14.25.238_001feb2015.jpg,1,,,
33084,Buckle,Buckle,early 16th century,,,,Ivory,H. 1 1/2 in. (3.8 cm); W. 2 1/2 in. (6.3 cm); thickness 1/4 in. (0.6 cm); Wt. 0.6 oz. (17 g),French,France,,,,,,,,,,Arms and Armor,Miscellaneous-Buckles & Ornament,,False,True,https://www.metmuseum.org/art/collection/search/33084,https://images.metmuseum.org/CRDImages/aa/original/LC-20_152_107-001.jpg,0,,,
31297,Chopper,Chopper,19th century,,,,"Wood, metal",L. 28 1/4 in. (71.8 cm); W. 1 1/2 in. (3.8 cm); Wt. 2 lb. 3.3 oz. (1000.7 g),"Indian, Assam, Naga Hills",India,,Naga Hills,,,,,,,,Arms and Armor,Shafted Weapons,,False,True,https://www.metmuseum.org/art/collection/search/31297,https://images.metmuseum.org/CRDImages/aa/original/36.25.1289_001_Apr2017.jpg,0,,,
27045,Partisan,Partisan,ca. 1750,,,,"Steel, wood, gold",L. 84 3/4 in. (215.3 cm); L. of head 11 3/4 in. (29.8 cm); W. 4 5/8 in. (11.7 cm); Wt. 2 lbs. 4.4 oz. (1031.9 g),Austrian,Austria,,,Coat of Arms,,,,,,,Arms and Armor,Shafted Weapons,,False,True,https://www.metmuseum.org/art/collection/search/27045,https://images.metmuseum.org/CRDImages/aa/original/14.25.431_001jan2015.jpg,1,,,
25355,Knife Handle (Kozuka),Knife handle (Kozuka),late 18th–mid-19th century,,,,"Copper-silver alloy (shibuichi), gold, copper, silver, copper-gold alloy (shakudō)",L. 3 13/16 in. (9.7 cm); W. 9/16 in. (1.4 cm); thickness 3/16 in. (0.5 cm); Wt. 1.2 oz. (34 g),Japanese,Japan,,,Fans|Men,Hamano Toshihiro,Maker,Japanese,,1861,,Arms and Armor,Sword Furniture-Kozuka,"Japanese, died 1861",False,True,https://www.metmuseum.org/art/collection/search/25355,https://images.metmuseum.org/CRDImages/aa/original/LC-43_120_537-001.jpg,1,,,
35806,Arrowhead,Arrowhead,ca. 18th–19th century,,,,"Iron, reed, sinew",L. overall 7 in. (17.8 cm); L. of head 3 ¼ in. (8.3 cm),probably Tibetan or Chinese,possibly China,,,,,,,,,,Arms and Armor,Archery Equipment-Arrowheads,,False,True,https://www.metmuseum.org/art/collection/search/35806,https://images.metmuseum.org/CRDImages/aa/original/LC-2011_502_10-001.jpg,2,,,
24960,"Colt Third Model Dragoon Percussion Revolver, serial no. 12406",Percussion revolver,ca. 1853,,,,"Steel, brass, gold, wood (walnut)",L. 14 in. (35.6 cm); L. of barrel 7 1/2 in. (19.1 cm); Cal. .44 in. (11.2 mm); case; H. 3 in. (7.6 cm); W. 16 3/16 in. (41.1 cm); D. 8 1/8 in. (20.6 cm); Wt. 3 lb. 9.8 oz. (224 g),"American, Hartford, Connecticut",United States,,Hartford,Animals|George Washington|Coat of Arms,Samuel Colt,Manufacturer,American,1814,1862,,Arms and Armor,Firearms-Pistols-Revolvers,"American, Hartford, Connecticut 1814–1862",True,True,https://www.metmuseum.org/art/collection/search/24960,https://images.metmuseum.org/CRDImages/aa/original/DT752.jpg,4,https://www.wikidata.org/wiki/Q29383201,https://www.wikidata.org/wiki/Q183246,http://vocab.getty.edu/page/ulan/500101743
23042,Rapier,Rapier,ca. 1600–20,,,,Steel,L. 48 in. (121.9 cm); L. of blade 41 3/4 in. (106.1 cm); W. 7 1/2 in. (19.1 cm); D. 5 1/4 in. (13.3 cm); Wt. 3 lb. 3 oz. (1446.8 g),German,Germany,,,,,,,,,,Arms and Armor,Swords,,False,True,https://www.metmuseum.org/art/collection/search/23042,https://images.metmuseum.org/CRDImages/aa/original/LC-28_100_3-001.jpg,3,,,
31458,Dagger (Khanjarli) with Sheath,Dagger (Khanjarli) with sheath,17th–18th century,,,,"Steel, silver, gold, ivory, velvet, wood",H. with sheath 13 1/2 in. (34.3 cm); H. without sheath 12 3/4 in. (32.4 cm); H. of blade 8 3/4 in. (22.2 cm); W. 4 5/16 in. (11 cm); Wt. 11.3 oz. (320.3 g); Wt. of sheath 1.2 oz. (34 g),Indian,India,,,,,,,,,,Arms and Armor,Daggers,,False,True,https://www.metmuseum.org/art/collection/search/31458,https://images.metmuseum.org/CRDImages/aa/original/36.25.1062ab_001july2014.jpg,2,,,
34646,Knife Handle (Kozuka),Knife handle (Kozuka),ca. 1615–1868,,,,"Copper-silver alloy (shibuichi), copper-gold alloy (shakudō), gold",L. 3 13/16 in. (9.7 cm); W. 9/16 in. (1.4 cm); thickness 1/4 in. (0.6 cm); Wt. 1.2 oz. (34 g),Japanese,Japan,,,Women,,,,,,,Arms and Armor,Sword Furniture-Kozuka,,False,True,https://www.metmuseum.org/art/collection/search/34646,https://images.metmuseum.org/CRDImages/aa/original/29.100.1237_001AA2015.jpg,1,,,
30648,Spear with Sheath,Spear with sheath,18th–19th century,,,,"Wood, silver plate, horn, cord",L. with sheath 83 1/8 in. (211.1 cm); L. without sheath 81 in. (205.7 cm); L. of head 11 1/8  in. (26.7 cm); L. of ferrule 7 in. (17.8 cm); W. 1 1/4 in. (3.2 cm); Wt. 1 lb. 14.7 oz. (870.3 g); Wt. of sheath 2.6 oz. (73.7 g),Malayan,Malay,,,,,,,,,,Arms and Armor,Shafted Weapons,,False,True,https://www.metmuseum.org/art/collection/search/30648,https://images.metmuseum.org/CRDImages/aa/original/36.25.2015_002jan2015.jpg,1,,,
665677,Sword Pommel,Sword pommel,12th–13th century,,,,"Copper alloy, enamel",Diam. 2 in. (5.1 cm); D. 3/4 in. (1.9 cm),probably French,probably France,,,Lions,,,,,,,Arms and Armor,Swords-Accessories,,False,True,https://www.metmuseum.org/art/collection/search/665677,https://images.metmuseum.org/CRDImages/aa/original/DP701247.jpg,2,https://www.wikidata.org/wiki/Q116298479,,
25672,Sword Guard (<i>Tsuba</i>) Depicting (Chinese Windmill) Palm Branches (棕櫚透鐔),Sword guard (Tsuba),ca. 1615–1868,,,,"Iron, gold, silver, copper-gold alloy (shakudō)",Diam. 3 5/16 in. (8.4 cm); thickness 3/16 in. (0.5 cm); Wt. 4.6 oz. (130.4 g),Japanese,Japan,,,Flowers,,,,,,,Arms and Armor,Sword Furniture-Tsuba,,False,True,https://www.metmuseum.org/art/collection/search/25672,https://images.metmuseum.org/CRDImages/aa/original/91.1.752_001jan2014.jpg,1,,,
27214,Pair of Stirrups,Stirrups,17th century,,,,"Iron, copper alloy, leather",Stirrup (cc); H. 9 1/4 in. (23.5 cm); W. 6 3/8 in. (16.2 cm); D. 4 3/4 in. (12.1 cm); Wt. 3 lb. 0.5 oz. (1375 g); stirrup (dd); H. 9 1/2 in. (24.1 cm); W. 6 3/8 in. (16.2 cm); D. 4 1/2 in. (11.4 cm); Wt. 2 lb. 13.3 oz. (1284.2 g),German,Germany,,,,,,,,,,Arms and Armor,Equestrian Equipment-Stirrups,,False,True,https://www.metmuseum.org/art/collection/search/27214,https://images.metmuseum.org/CRDImages/aa/original/LC-14_25_708cc_dd-003.jpg,0,,,
31744,Dagger with Sheath,Dagger with sheath,18th–19th century,,,,"Steel, silver, wood",H. with sheath 10 1/8 in. (25.7 cm); H. without sheath 8 5/8 in. (21.9 cm);  H. of blade 5 1/4 in. (13.3 cm); W. 1 5/16 in. (3.3 cm); Wt. 6.3 oz. (178.6 g); Wt. of sheath 3.4 oz. (96.4 g),South Indian,South India,,,,,,,,,,Arms and Armor,Daggers,,False,True,https://www.metmuseum.org/art/collection/search/31744,https://images.metmuseum.org/CRDImages/aa/original/36.25.764ab_003june2014.jpg,2,,,
26242,Sword Guard (Tsuba),Sword guard (Tsuba),18th century,,,,"Iron, gold, silver, copper",H. 2 3/4 in. (7 cm); W. 2 1/2 in. (6.4 cm); thickness 1/8 in. (0.3 cm); Wt. 2.4 oz. (68 g),Japanese,Japan,,,Men,,,,,,,Arms and Armor,Sword Furniture-Tsuba,,False,True,https://www.metmuseum.org/art/collection/search/26242,https://images.metmuseum.org/CRDImages/aa/original/36.120.44_001mar2014.jpg,1,,,
29157,Bit Boss,Bit boss,first half 17th century,,,,"Copper alloy, gold",Diam. 3 9/16 in. (9 cm); Wt. 4.5 oz. (128 g),possibly Netherlandish,possibly Netherlands,,,,,,,,,,Arms and Armor,Equestrian Equipment-Bits,,False,True,https://www.metmuseum.org/art/collection/search/29157,https://images.metmuseum.org/CRDImages/aa/original/LC-42_50_211-001.jpg,0,,,
25044,Helmet (Kulah Khud),Helmet (Kulah khud),18th century,,,,"Steel, gold, velvet, brass, pigment, varnish",H. including mail 21 1/2 in. (54.6 cm); H. including nasal 10 in. (25.4 cm); H. excluding mail and nasal 6 in. (15.2 cm); Diam. 7 1/2 in. (19.1 cm); Wt. 3 lbs. 4.4 oz. (1485.5 g),Persian,Iran,,,,,,,,,,Arms and Armor,Helmets,,False,True,https://www.metmuseum.org/art/collection/search/25044,https://images.metmuseum.org/CRDImages/aa/original/02.5.6_007mar2015.jpg,4,,,
31307,Kris with Sheath,Kris with sheath,18th century,,,,"Steel, gold, wood, semiprecious stones",L. with sheath 19 3/4 in. (50.1 cm); L. without sheath 18 1/2 in. (47 cm); W. 3 1/2 in. (8.9 cm); Wt. 13.1 oz. (371.4 g); Wt. of sheath 5.8 oz. (164.4 g),probably Javanese,Indonesia,,,,,,,,,,Arms and Armor,Krisses,,False,True,https://www.metmuseum.org/art/collection/search/31307,https://images.metmuseum.org/CRDImages/aa/original/LC-36_25_1102a_b-003-2.jpg,1,,,
29197,Prick Spur,Spur,11th century,,,,Iron alloy,L. 5 1/2 in. (14 cm); W. 3 3/4 in. (9.5 cm); Wt. 2.8 oz. (79.4 g),German,Germany,,,,,,,,,,Arms and Armor,Equestrian Equipment-Spurs,,False,True,https://www.metmuseum.org/art/collection/search/29197,https://images.metmuseum.org/CRDImages/aa/original/LC-42_50_263-001.jpg,1,,,
24579,War Hat,War hat,18th century,,,,"Cane, pigment",H. 6 1/2 in. (16.5 cm); Diam. 15 in. (38.1 cm); Wt. 12.4 oz. (351.5 g),Cambodian,Cambodia,,,,,,,,,,Arms and Armor,Miscellaneous,,False,True,https://www.metmuseum.org/art/collection/search/24579,https://images.metmuseum.org/CRDImages/aa/original/36.25.2977_001mar2015.jpg,1,,,
34931,Sword guard (<i>Tsuba</i>) With Grapevines on Trellis Motif (葡萄棚図鐔),Sword guard (Tsuba),possibly 17th century,,,,"Brass, copper-gold alloy (shakudō)",H. 3 1/4 in. (8.3 cm); W. 3 1/8 in. (7.9 cm); thickness 3/16 in. (0.5 cm); Wt. 4.4 oz. (124.7 g),Japanese,Japan,,,Grapes,Hisanori,Fittings maker,Japanese,1575,1725,,Arms and Armor,Sword Furniture-Tsuba,"Japanese, active ca. 17th century",False,True,https://www.metmuseum.org/art/collection/search/34931,https://images.metmuseum.org/CRDImages/aa/original/14.60.27_001feb2014.jpg,1,,,
34827,Face Defense of Mail,Face defense of mail,15th century,,,,"Copper alloy (latten), iron","H. 15 3/8 (39.0 cm); W. open 28 5/16 in. (72.0 cm); W. folded 20 1/8 in. (53.0 cm); Diam. (outside) of collar links 11/32 in. (8.6 mm); Diam. (inside) of collar links 7/32 in. (5.8 mm); Diam. (outside) of shawl links 11/32 in. (8.5 mm); Diam. (inside) of shawl links,1/4 in. (6.0 mm); Wt. 4 lbs. 5 oz. (1502.5 g).",German,Germany,,,,,,,,,,Arms and Armor,Mail,,False,True,https://www.metmuseum.org/art/collection/search/34827,https://images.metmuseum.org/CRDImages/aa/original/sfma27.183.1_69950.jpg,0,,,
29988,Sword Guard (Tsuba),Sword guard (Tsuba),17th century,,,,"Iron, copper",Diam. 3 1/4 in. (8.3 cm); thickness 3/16 in. (0.5 cm); Wt. 3.7 oz. (104.9 g),Japanese,Japan,,,,,,,,,,Arms and Armor,Sword Furniture-Tsuba,,False,True,https://www.metmuseum.org/art/collection/search/29988,https://images.metmuseum.org/CRDImages/aa/original/36.120.179_001mar2014.jpg,1,,,
25639,Armor (Gusoku) of Daimyo Matsudaira (Inaba),Armor (Gusoku),17th century,,,,"Iron, lacquer, silk, straw, bronze, gold",,Japanese,Japan,,,,,,,,,,Arms and Armor,Armor for Man,,False,True,https://www.metmuseum.org/art/collection/search/25639,https://images.metmuseum.org/CRDImages/aa/original/9438.jpg,0,,,
633538,Mail Shirt,Mail shirt,ca. 1500–1600,,,,"Iron alloy, copper alloy (latten), copper, brass",L. 34 in. (86.4 cm); W. 57 in. (144.8 cm); Diam. (outside) of links 11/16 (17.0 mm); Diam. (inside) of links 7/16 in. (11.0 mm); Wt. 16 lb. 9 oz. (7520.6 g),Persian,Iran,,,,,,,,,,Arms and Armor,Mail,,False,True,https://www.metmuseum.org/art/collection/search/633538,https://images.metmuseum.org/CRDImages/aa/original/DP701225.jpg,2,,,
26781,"Glaive of Maximilian III Joseph, Prince-Elector of Bavaria (reigned 1745–77)",Glaive,dated 1771,,,,"Steel, wood, gold, copper alloy, textile",L. 8 ft. 5 3/4 in. (258.4 cm); L. of head 27 1/2 in. (69.9 cm); W. 3 3/4 in. (9.5 cm); Wt. 7 lb. 0.9 oz. (3200.7 g),German,Germany,,,Coat of Arms,Jungwierth,Decorator,German,1745,1795,,Arms and Armor,Shafted Weapons,"German, ca. 1770",False,True,https://www.metmuseum.org/art/collection/search/26781,https://images.metmuseum.org/CRDImages/aa/original/14.25.370_007jan2015.jpg,1,,,
31116,Sword,Sword,18th–19th century,,,,"Steel, cord",H. 31 9/16 in. (80.2 cm); W. 2 1/8 in. (5.4 cm); D. 13/16 in. (2.1 cm); Wt. 2 lb. 1 oz. (935.5 g),Chinese,China,,,,,,,,,,Arms and Armor,Swords,,False,True,https://www.metmuseum.org/art/collection/search/31116,https://images.metmuseum.org/CRDImages/aa/original/36.25.1488_001July2014.jpg,0,,,
32259,Dagger,Dagger,17th–18th century,,,,"Steel, jade, ruby, gold",H. 11 3/8 in. (28.9 cm); H. of blade 8 in. (20.3 cm); W. 2 1/8 in. (5.4 cm); D. 3/4 in. (1.9 cm); Wt. 7.4 oz. (209.8 g),"Indian, Mughal",India,,,Sheep,,,,,,,Arms and Armor,Daggers,,False,True,https://www.metmuseum.org/art/collection/search/32259,https://images.metmuseum.org/CRDImages/aa/original/32.75.264_001june2014.jpg,1,,,
27388,Chess Piece in the Form of a Knight,Chess piece,ca. 1510–30,,,,Ivory (elephant),L. 2 1/16 in. (5.2 cm);  H. 1 13/16 in. (4.6 cm),"Western European, possibly Germany or England",possibly Germany or England,,,Horses|Knights,,,,,,,Arms and Armor,Sculpture,,False,True,https://www.metmuseum.org/art/collection/search/27388,https://images.metmuseum.org/CRDImages/aa/original/DP108852.jpg,10,https://www.wikidata.org/wiki/Q116377860,,
23160,Elbow Defense (Couter),Elbow defense (Couter),ca. 1430–40,,,,Steel,H. 6 3/4 in. (17.1 cm); W. 5 3/8 in. (13.7 cm); D. 6 7/8 in. (17.5 cm); Wt. 8.3 oz. (235.3 g),Italian,Italy,,,,,,,,,,Arms and Armor,Armor Parts-Elbow Plates,,False,True,https://www.metmuseum.org/art/collection/search/23160,https://images.metmuseum.org/CRDImages/aa/original/29.150.111_003Sept2014.jpg,2,,,
26785,Halberd,Halberd,dated 1596,,,,"Steel, wood, textile",L. 94 3/4 in (240.6 cm); L. of head 23 5/8 in. (60 cm); W. 12 in. (30.5 cm); Wt. 5 lbs. 3 oz. (2350 g),Austrian,Austria,,,,,,,,,,Arms and Armor,Shafted Weapons,,False,True,https://www.metmuseum.org/art/collection/search/26785,https://images.metmuseum.org/CRDImages/aa/original/14.25.376_001jan2015.jpg,1,,,
22131,Surcoat (<i>Jinbaori</i>),Surcoat (<i>Jinbaori</i>),probably 18th century,,,,"Wool, silk, metallic yarns, glass",L. 42 in. (106.7 cm),Japanese,Japan,,,,,,,,,,Arms and Armor,Surcoat,,False,True,https://www.metmuseum.org/art/collection/search/22131,https://images.metmuseum.org/CRDImages/aa/original/sfeah10-187-72s1.JPG,1,https://www.wikidata.org/wiki/Q116327980,,
24849,Barbute,Barbute,ca. 1460,,,,Steel,H. 11 3/8 in. (28.9 cm); W. 7 7/8 in. (20 cm); D. 10 5/8 in. (27 cm); Wt. 5 lb. 4 oz. (2381 g),"Italian, Brescia",Italy,,,,"Jacopo da Cannobio, called Bichignola",Armorer,"Italian, Brescia",1435,1485,,Arms and Armor,Helmets,"Italian, Brescia, active ca. 1460",False,True,https://www.metmuseum.org/art/collection/search/24849,https://images.metmuseum.org/CRDImages/aa/original/60.151_009AA2015.jpg,4,https://www.wikidata.org/wiki/Q116324911,,
23611,Arrowhead (<i>Yanone</i>),Arrowhead (<i>Yanone</i>),18th century,,,,Steel,L. 12 1/4 in. (31.1 cm); L. of head 5 1/4 in. (13.3 cm); W. 1/2 in. (1.3 cm); Wt. 1.5 oz. (42.5 g),Japanese,Japan,,,,,,,,,,Arms and Armor,Archery Equipment-Arrowheads,,False,True,https://www.metmuseum.org/art/collection/search/23611,https://images.metmuseum.org/CRDImages/aa/original/LC-32_75_541-001.jpg,0,,,
33925,Buckle,Buckle,15th–17th century,,,,Brass,H. 15/16 in. (2.4 cm); L. 2 in. (5.1 cm); thickness 1/4 in. (0.6 cm); Wt. 0.3 oz. (9 g),European,,,,,,,,,,,Arms and Armor,Miscellaneous-Buckles & Ornament,,False,True,https://www.metmuseum.org/art/collection/search/33925,https://images.metmuseum.org/CRDImages/aa/original/LC-29_158_835-001.jpg,0,,,
25331,Knife Handle (Kozuka),Knife handle (Kozuka),early 18th century,,,,Copper-silver alloy (shibuichi),L. 3 3/4 in. (9.5 cm); W. 9/16 in. (1.4 cm); thickness 3/16 in. (0.5 cm); Wt. 1.1 oz. (31.2 g),Japanese,Japan,,,Men,Furukawa Jochin,Maker,Japanese,1750,1750,,Arms and Armor,Sword Furniture-Kozuka,"Japanese, died ca.1750",False,True,https://www.metmuseum.org/art/collection/search/25331,https://images.metmuseum.org/CRDImages/aa/original/LC-43_120_459-001.jpg,1,,,
24973,"Smith and Wesson .44 New Model No. 3 Single-Action Revolver, serial no. 25120",Single-action revolver,ca. 1888,,,,"Steel, silver, nickel",L. 11 in. (27.9 cm); L. of barrel 5 in. (12.7 cm); Cal. .44 in. (11.2 mm); Wt. 2 lb. 8 oz. (1123 g),"American, Springfield, Massachusetts and New York",United States,,New York,Buffalos|Horses,Smith & Wesson,Manufacturer,American,1852,9999,,Arms and Armor,Firearms-Pistols-Revolvers,"American, established 1852",False,True,https://www.metmuseum.org/art/collection/search/24973,https://images.metmuseum.org/CRDImages/aa/original/DP162028.jpg,4,https://www.wikidata.org/wiki/Q116394428,https://www.wikidata.org/wiki/Q463090,(not assigned)
29272,Prick Spur,Spur,9th century,,,,Iron alloy,L. 4 3/8 in. (11.1 cm); W. 3 3/4 in. (9.5 cm); Wt. 1.7 oz. (48.2 g),Eastern European,Germany,,,,,,,,,,Arms and Armor,Equestrian Equipment-Spurs,,False,True,https://www.metmuseum.org/art/collection/search/29272,https://images.metmuseum.org/CRDImages/aa/original/LC-42_50_381-001.jpg,1,,,
23629,Arrowhead (<i>Yanone</i>),Arrowhead (<i>Yanone</i>),18th century,,,,Steel,L. 5 7/8 in. (15 cm); L. of head 2 in. (5.1 cm); W. 1 5/8 in. (4.1 cm); Wt. 0.9 oz. (25.5 g),Japanese,Japan,,,,,,,,,,Arms and Armor,Archery Equipment-Arrowheads,,False,True,https://www.metmuseum.org/art/collection/search/23629,https://images.metmuseum.org/CRDImages/aa/original/LC-32_75_559-001.jpg,0,,,
25489,Badge or Harness Pendant,Badge or harness pendant,15th century,,,,Copper,H. 3 1/2 in. (8.9 cm); W. 2 3/4 in. (7 cm); Wt. 1 oz. (28.3 g),Spanish,Spain,,,Coat of Arms,,,,,,,Arms and Armor,Miscellaneous-Badges,,False,True,https://www.metmuseum.org/art/collection/search/25489,https://images.metmuseum.org/CRDImages/aa/original/LC-04_3_368-002.jpg,0,,,
23130,Upper Arm Defense (Rerebrace),Upper arm defense (Rerebrace),ca. 1430–40,,,,Steel,H. 8 1/2 in. (21.6 cm); W. 3 in. (7.6 cm); D. 4 3/4 in. (12.1 cm); Wt. 12.6 oz. (357.2 g),Italian,Italy,,,,,,,,,,Arms and Armor,Armor Parts,,False,True,https://www.metmuseum.org/art/collection/search/23130,https://images.metmuseum.org/CRDImages/aa/original/29.150.59_001august2014.jpg,1,,,
25210,Knife Handle (Kozuka),Knife handle (Kozuka),late 18th–early 19th century,,,,"Copper-gold alloy (shakudō), gold, silver",L. 3 13/16 in. (9.7 cm); W. 9/16 in. (1.4 cm); thickness 1/4 in. (0.6 cm); Wt. 1.2 oz. (34 g),Japanese,Japan,,,Flowers|Leaves,,,,,,,Arms and Armor,Sword Furniture-Kozuka,,False,True,https://www.metmuseum.org/art/collection/search/25210,https://images.metmuseum.org/CRDImages/aa/original/43.120.156_001jan2014.jpg,1,,,
22015,Turban Helmet,Turban helmet,late 15th century,,,,"Steel, gold, silver",H. 11 11/16 in. (29.7 cm); Diam. 9 1/4 in. (23.5 cm); Wt. 3 lb. 0.7 oz. (1380.6 g),Iranian,Iran,,,Arabic,,,,,,,Arms and Armor,Helmets,,False,True,https://www.metmuseum.org/art/collection/search/22015,https://images.metmuseum.org/CRDImages/aa/original/DP147303.jpg,2,https://www.wikidata.org/wiki/Q116322142,,
24011,Armor (Haramaki),Armor (Haramaki),late 18th–19th century,,,,"Iron, lacquer, leather, gilt copper, silk, hair",as mounted: H. 57 in. (144.8 cm); W. 31 1/2 in. (80 cm); D. 20 in. (50.8 cm),Japanese,Japan,,,,,,,,,,Arms and Armor,Armor for Man,,False,True,https://www.metmuseum.org/art/collection/search/24011,https://images.metmuseum.org/CRDImages/aa/original/DP336918.jpg,5,,,
27619,"Sword Pommel with the Arms of Pierre de Dreux (ca. 1187–1250), Duke of Brittany and Earl of Richmond",Sword pommel,ca. 1240–50,,,,"Copper, gold, enamel, iron",H. 2 5/16 in. (6 cm); W. 2 7/16 in. (6.1 cm); D. at center 7/16 in. (1.1 cm); D. at base 1/2 in. (1.2 cm); Wt. 8 oz. (226.8 g),French,France,,,Coat of Arms,,,,,,,Arms and Armor,Swords-Accessories,,False,True,https://www.metmuseum.org/art/collection/search/27619,https://images.metmuseum.org/CRDImages/aa/original/DP255030.jpg,1,https://www.wikidata.org/wiki/Q116316943,,
31527,Moplah Knife,Moplah knife,18th–19th century,,,,"Steel, brass, rosewood",H. 22 1/2 in. (57.2 cm); W. 2 3/4 in. (7 cm); Wt. 1 lb. 5.8 oz. (618 g),"Indian, Coorg",India,,,,,,,,,,Arms and Armor,Knives,,False,True,https://www.metmuseum.org/art/collection/search/31527,https://images.metmuseum.org/CRDImages/aa/original/36.25.935_001_Apr2017.jpg,0,,,
26342,Sword Guard (Tsuba),Sword guard (Tsuba),18th century,,,,"Brass, gold, copper",H. 2 7/8 in. (7.3 cm); W. 2 3/4 in. (7 cm); thickness 5/16 in. (0.8 cm); Wt. 4.1 oz. (116.2 g),Japanese,Japan,,,Men,,,,,,,Arms and Armor,Sword Furniture-Tsuba,,False,True,https://www.metmuseum.org/art/collection/search/26342,https://images.metmuseum.org/CRDImages/aa/original/46.122.99_001apr2014.jpg,1,,,
33433,Sword Guard (Tsuba),Sword guard (Tsuba),ca. 1615–1868,,,,"Iron, copper, gold",H. 2 1/2 in. (6.4 cm); W. 2 1/4 in. (5.7 cm); thickness 3/16 in. (0.5 cm); Wt. 2.9 oz. (82.2 g),Japanese,Japan,,,,,,,,,,Arms and Armor,Sword Furniture-Tsuba,,False,True,https://www.metmuseum.org/art/collection/search/33433,https://images.metmuseum.org/CRDImages/aa/original/19.154.46_001feb2014.jpg,1,,,
34929,Sword Guard (<i>Tsuba</i>),Sword guard (Tsuba),17th century,,,,"Copper, gold, silver, copper-gold alloy (shakudō)",H. 2 7/8 in. (7.3 cm); W. 2 9/16 in. (6.5 cm); thickness 3/16 in. (0.5 cm); Wt. 3.8 oz. (107.7 g),Japanese,Japan,,,,,,,,,,Arms and Armor,Sword Furniture-Tsuba,,False,True,https://www.metmuseum.org/art/collection/search/34929,https://images.metmuseum.org/CRDImages/aa/original/14.60.25_002feb2014.jpg,1,,,
26678,Pike,Pike,16th century,,,,"Steel, wood (ash)",L. 85 1/4 in. (216.5 cm); L. of head 12 1/2 in. (31.8 cm); W. 1 in. (2.5 cm); Wt. 3 lbs. 9.1 oz. (1618.8 g),"German, Saxony",Germany,,,,,,,,,,Arms and Armor,Shafted Weapons,,False,True,https://www.metmuseum.org/art/collection/search/26678,https://images.metmuseum.org/CRDImages/aa/original/14.25.234_001dec2014.jpg,1,,,
22626,Miquelet Gun Made for Charles IV of Spain (reigned 1788–1808),Miquelet gun,dated 1796,,,,"Steel, gold, silver, wood (walnut)",L. 48 1/2 in. (123.2 cm); L. of barrel 34 in. (86.4 cm); Cal. .68 in. (17.3 mm); Wt. 5 lb. 6 oz. (2438 g),"Spanish, Eibar",Spain,,Eibar,,Antonio Guisasola,Barrelsmith,Spanish,1796,1833,,Arms and Armor,Firearms-Guns-Miquelet,"Spanish, Eibar, recorded 1796–1833",False,True,https://www.metmuseum.org/art/collection/search/22626,https://images.metmuseum.org/CRDImages/aa/original/sfrl16.135_142714.jpg,0,https://www.wikidata.org/wiki/Q116325319,,
23922,Arrowhead (<i>Yanone</i>),Arrowhead (<i>Yanone</i>),18th century,,,,Steel,L. 7 in. (17.8 cm); L. of head 1 3/4 in. (4.5 cm); W. 1 in. (2.5 cm); Wt. 0.7 oz. (19.8 g),Japanese,Japan,,,,,,,,,,Arms and Armor,Archery Equipment-Arrowheads,,False,True,https://www.metmuseum.org/art/collection/search/23922,https://images.metmuseum.org/CRDImages/aa/original/LC-32_75_686-001.jpg,0,,,
34737,Sword-Hilt Collar (Fuchi),Sword-hilt collar (Fuchi),ca. 1615–1868,,,,"Copper-silver alloy (shibuichi), gold",H. 1 1/2 in. (3.8 cm); Wt. 0.8 oz. (22.7 g),Japanese,Japan,,,Horses,,,,,,,Arms and Armor,Sword Furniture-Fuchi-Kashira,,False,True,https://www.metmuseum.org/art/collection/search/34737,https://images.metmuseum.org/CRDImages/aa/original/LC-29_100_1329-001.jpg,0,,,
31317,Kris with Sheath,Kris with sheath,18th–19th century,,,,"Steel, wood, ivory, silver",L. with sheath 18 1/2 in. (47 cm); L. without sheath 17 5/8 in. (44.8 cm); L. of blade 14 3/4 in. (37.4 cm); W. 4 1/4 in. (10.8 cm); Wt. 14.2 oz. (402.6 g); Wt. of sheath 11.3 oz. (320.3 g),"Indonesian, Sumbawa",Indonesia,,Sumbawa,,,,,,,,Arms and Armor,Krisses,,False,True,https://www.metmuseum.org/art/collection/search/31317,https://images.metmuseum.org/CRDImages/aa/original/LC-36_25_1112ab-001.jpg,1,,,
23273,Left Gauntlet,Left gauntlet,ca. 1485–95,,,,Steel,L. 14 1/2 in. (36.83 cm),"probably Austrian, Innsbruck",Austria,,Innsbruck,,,,,,,,Arms and Armor,Armor Parts-Gauntlets,,False,True,https://www.metmuseum.org/art/collection/search/23273,https://images.metmuseum.org/CRDImages/aa/original/225419.jpg,0,,,
31897,Ring Bit,Bit,19th century,,,,"Iron, silver, copper alloy",,Tuareg,possibly Niger,,,,,,,,,,Arms and Armor,Equestrian Equipment-Bits,,False,True,https://www.metmuseum.org/art/collection/search/31897,https://images.metmuseum.org/CRDImages/aa/original/LC-36_25_557-006.jpg,2,,,
23702,Arrowhead (<i>Yanone</i>),Arrowhead (<i>Yanone</i>),18th century,,,,Steel,L. 7 3/4 in. (19.7 cm); L. of head 1 1/4 in. (3.2 cm); W. 1/2 in. (1.3 cm); Wt. 0.8 oz. (22.7 g),Japanese,Japan,,,,,,,,,,Arms and Armor,Archery Equipment-Arrowheads,,False,True,https://www.metmuseum.org/art/collection/search/23702,https://images.metmuseum.org/CRDImages/aa/original/LC-32_75_638-001.jpg,0,,,
33936,Mordant,Mordant,15th–17th century,,,,Bronze,H. 15/16 in. (2.4 cm); L. 1 11/16 in. (4.3 cm); thickness 1/4 in. (0.6 cm); Wt. 0.2 oz. (7 g),European,,,,,,,,,,,Arms and Armor,Miscellaneous-Buckles & Ornament,,False,True,https://www.metmuseum.org/art/collection/search/33936,https://images.metmuseum.org/CRDImages/aa/original/LC-29_158_846-001.jpg,0,,,
27846,Sword Guard,Sword guard,14th–15th century,,,,"Iron, gold, silver, copper",H. 3 1/4 in. (8.3 cm); W. 4 3/4 in. (12.1 cm); Wt. 7.55 oz. (214 g),Tibetan or Chinese,Tibet or China,,,Faces,,,,,,,Arms and Armor,Swords,,False,True,https://www.metmuseum.org/art/collection/search/27846,https://images.metmuseum.org/CRDImages/aa/original/DP124378.jpg,1,https://www.wikidata.org/wiki/Q116315731,,
696657,Fragment,Fragment,ca. 1150–ca. 1250,,,,"Glass, ceramic",greatest H. 3 1/4 in. (8.3 cm); smallest H. 3/4 in. (1.9 cm),European or Middle Eastern,,,,,,,,,,,Arms and Armor,Glass-Vessels,,False,True,https://www.metmuseum.org/art/collection/search/696657,https://images.metmuseum.org/CRDImages/aa/original/DP276488.jpg,3,,,
29277,Stirrup,Stirrup,10th–11th century,,,,Iron,H. 5 1/2 in. (13.9 cm); W. 4 1/4 in. (10.8 cm); D. 9/16 in. (1.4 cm); Wt. 1.9 oz. (53.9 g),probably West Slavic,Poland,,,,,,,,,,Arms and Armor,Equestrian Equipment-Stirrups,,False,True,https://www.metmuseum.org/art/collection/search/29277,https://images.metmuseum.org/CRDImages/aa/original/LC-42_50_387-002.jpg,1,,,
30760,Spear,Spear,18th–19th century,,,,"Steel, wood, copper, gold, silver",L. 97 1/4 in. (247.0 cm); L. of head 18 15/16 in. (48.1 cm); W. 2 in. (5.1 cm); Wt. 3 lbs. 10.1 oz. (1647.1 g),"Indian, Cutch",India,,,,,,,,,,Arms and Armor,Shafted Weapons,,False,True,https://www.metmuseum.org/art/collection/search/30760,https://images.metmuseum.org/CRDImages/aa/original/36.25.1948_002jan2015.jpg,1,,,
24067,Helmet (Hachi),Helmet (hachi),dated 1472,,,,"Iron, copper, lacquer",H 5 5/8 in. (14.3 cm),Japanese,Japan,,,,,,,,,,Arms and Armor,Helmets,,False,True,https://www.metmuseum.org/art/collection/search/24067,https://images.metmuseum.org/CRDImages/aa/original/DT306017.jpg,0,,,
22364,Smallsword,Smallsword,ca. 1650–60,,,,"Steel, gold, wood",L. 38 1/2 in. (97.8 cm); L. of blade 31 3/4 in. (80.7 cm); W. 3 3/4 in. (9.5 cm); D. 3 1/4 in. (8.3 cm); Wt. 1 lb. 5 oz. (595 g),"Probably French, Paris",France,,probably Paris,,,,,,,,Arms and Armor,Swords,,False,True,https://www.metmuseum.org/art/collection/search/22364,https://images.metmuseum.org/CRDImages/aa/original/LC-14_25_1148-005.jpg,6,https://www.wikidata.org/wiki/Q116394128,,
23171,Elbow Defense (Couter),Elbow defense (Couter),ca. 1430–40,,,,Steel,H. 6 in. (15.2 cm); W. 5 3/4 in. (14.6 cm); D. 7 in. (17.8 cm); Wt. 12.7 oz. (360 g),Italian,Italy,,,,,,,,,,Arms and Armor,Armor Parts-Elbow Plates,,False,True,https://www.metmuseum.org/art/collection/search/23171,https://images.metmuseum.org/CRDImages/aa/original/29.150.122_002Sept2014.jpg,2,,,
23007,Greave (Lower Leg Defense),Greave (lower leg defense),16th century,,,,Steel,H. 17 1/4 in. (43.8 cm),German,Germany,,,,,,,,,,Arms and Armor,Armor Parts-Greaves,,False,True,https://www.metmuseum.org/art/collection/search/23007,https://images.metmuseum.org/CRDImages/aa/original/sfma27.183.73_71006.jpg,0,,,
31756,Dagger (Jambiya) with Sheath,Dagger (Jambiya) with sheath,18th century,,,,"Steel, wood, silver, brass",H. with sheath 16 7/8 in. (42.9 cm); H. without sheath 15 in. (38.1 cm); W. 2 3/4 in. (7 cm); Wt. 6.8 oz. (192.8 g); Wt. of sheath 11.3 oz. (320.3 g),Moroccan,Morocco,,,,,,,,,,Arms and Armor,Daggers,,False,True,https://www.metmuseum.org/art/collection/search/31756,https://images.metmuseum.org/CRDImages/aa/original/36.25.776ab_001Mar2015.jpg,0,,,
34736,Sword-Hilt Collar and Pommel (Fuchigashira),Sword-hilt collar and pommel (Fuchigashira),ca. 1615–1868,,,,"Copper-gold alloy (shakudō), gold, copper",Fuchi (a); H. 1 1/2 in. (3.8 cm); Wt. 1 oz. (28.3 g); kashira (b); H. 1 3/8 in. (3.5 cm); Wt. 0.6 oz. (17 g),Japanese,Japan,,,Snails|Leaves,,,,,,,Arms and Armor,Sword Furniture-Fuchi-Kashira,,False,True,https://www.metmuseum.org/art/collection/search/34736,https://images.metmuseum.org/CRDImages/aa/original/LC-29_100_1328a_b-001.jpg,0,,,
695208,Fragment,Fragment,ca. 1150–ca. 1250,,,,"Glass, ceramic",greatest H. 3 1/4 in. (8.3 cm); smallest H. 3/4 in. (1.9 cm),European or Middle Eastern,,,,,,,,,,,Arms and Armor,Glass-Vessels,,False,True,https://www.metmuseum.org/art/collection/search/695208,https://images.metmuseum.org/CRDImages/aa/original/DP276488.jpg,3,,,
26614,Lamellar Armor (<i>byang bu'i khrab</i>),Lamellar armor (<i>byang bu'i khrab</i>),16th–17th century,,,,"Iron, leather",H. 38 in. (96.5 cm); W. 29 in. (73.7 cm),Tibetan,Tibet,,,,,,,,,,Arms and Armor,Armor for Man,,False,True,https://www.metmuseum.org/art/collection/search/26614,https://images.metmuseum.org/CRDImages/aa/original/DP113384.jpg,5,,,
35166,Dirk,Dirk,late 17th century,,,,"Steel, horn",L. 12 7/8 in. (32.7 cm); W. 1 1/2 in. (3.8 cm); Wt. 5.7 oz. (161.6 g),possibly Portuguese,possibly Portugal,,,,,,,,,,Arms and Armor,Knives,,False,True,https://www.metmuseum.org/art/collection/search/35166,https://images.metmuseum.org/CRDImages/aa/original/SF93_13_74.JPG,0,,,
34999,Pair of Sword-Grip Ornaments (Menuki),Pair of sword-grip ornaments (Meunki),18th century,,,,"Copper-silver alloy (shibuichi), copper-gold alloy (shakudō), silver",L. of each 2 1/8 in. (5.4 cm); Wt. of each 0.2 oz. (5.7 g),Japanese,Japan,,,Fish,,,,,,,Arms and Armor,Sword Furniture-Menuki,,False,True,https://www.metmuseum.org/art/collection/search/34999,https://images.metmuseum.org/CRDImages/aa/original/LC-17_208_4a_b-001.jpg,0,,,
22492,Matchlock Gun of Horio Yoshiharu,Matchlock gun,late 16th–early 17th century,,,,Steel,L. 40 7/8 in. (103.8 cm); L. of barrel 28 3/4 in. (73 cm); Cal. .63 in. (16 mm); Wt. 6 lb. 10.2 oz. (3009 g),Japanese,Japan,,,,,,,,,,Arms and Armor,Firearms-Guns-Matchlock,,False,True,https://www.metmuseum.org/art/collection/search/22492,https://images.metmuseum.org/CRDImages/aa/original/LC-14_100_101-013.jpg,7,,,
26798,Friauler Spiess,Friauler Spiess,16th century,,,,"Steel, wood (ash), textile, brass",L. 9 ft. 7 1/8 in. (292.4 cm); L. of head 37 1/2 in. (95.2 cm); W. 19 1/4 in. (48.9 cm); Wt. 5 lbs. 8 oz. (2494.8 g),Italian,Italy,,,,,,,,,,Arms and Armor,Shafted Weapons,,False,True,https://www.metmuseum.org/art/collection/search/26798,https://images.metmuseum.org/CRDImages/aa/original/14.25.399_001feb2015.jpg,1,,,
26435,"Close-Helmet of Vicenzo I Gonzaga (1562–1612), Duke of Mantua",Close-helmet,ca. 1587,,,,"Steel, gold, silver",Helmet (a); H. 13 in. (33 cm); W. 8 3/4 in. (22.2 cm); D. 9 1/2 in. (24.1 cm); Wt.  5 lb. 2.4 oz. (2336 g); brim (b); H. 3 in. (7.6 cm); W. 8 3/4 in. (22.2 cm); D. 8 1/2 in. (21.6 cm); Wt. 12.7 oz. (360 g),"Italian, Milan",Italy,,Milan,,,,,,,,Arms and Armor,Helmets,,False,True,https://www.metmuseum.org/art/collection/search/26435,https://images.metmuseum.org/CRDImages/aa/original/DP22458.jpg,4,,,
25297,Knife Handle (Kozuka),Knife handle (Kozuka),19th century,,,,"Copper-gold alloy (shakudō), iron, gold, silver, copper, brass",L. 3 13/16 in. (9.7 cm); W. 9/16 in. (1.4 cm); thickness 3/16 in. (0.5 cm); Wt. 1.1 oz. (31.2 g),Japanese,Japan,,,Men|Boats,Hamano Haruchika,Maker,Japanese,1850,1850,,Arms and Armor,Sword Furniture-Kozuka,"Japanese, died ca.1850",False,True,https://www.metmuseum.org/art/collection/search/25297,https://images.metmuseum.org/CRDImages/aa/original/LC-43_120_385-001.jpg,1,,,
22946,Smallsword,Smallsword,hallmarked for 1736,,,,"Silver, steel, gold, textile",L. 34 7/8 in. (88.6 cm); L. of blade 29 1/2 in. (74.9 cm); W. 3 1/2 in. (8.9 cm); D. 2 1/2 in. (6.4 cm); Wt. 14 oz. (396.9 g),"French, Paris",France,,Paris,,,,,,,,Arms and Armor,Swords,,False,True,https://www.metmuseum.org/art/collection/search/22946,https://images.metmuseum.org/CRDImages/aa/original/LC-26_145_353-001.jpg,4,https://www.wikidata.org/wiki/Q116394226,,
25703,Sword Guard (<i>Tsuba</i>) Depicting Shōki the Demon Queller (鬼鍾馗図鐔),Sword guard (Tsuba),late 18th to early 19th century,,,,"Possibly bronze, gold, copper",H. 2 7/8 in. (7.3 cm); W. 2 5/8 in. (6.7 cm); thickness 3/16 in. (0.5 cm); Wt. 4.9 oz. (138.9 g),Japanese,Japan,,,Men,,,,,,,Arms and Armor,Sword Furniture-Tsuba,,False,True,https://www.metmuseum.org/art/collection/search/25703,https://images.metmuseum.org/CRDImages/aa/original/91.1.784_001jan2014.jpg,1,,,
25806,Sword Guard (<i>Tsuba</i>),Sword guard (<i>Tsuba</i>),ca. 1615–1868,,,,"Steel, copper",H. 3 1/16 in. (7.8 cm); W. 3 1/8 in. (7.9 cm); thickness 1/16 in. (0.2 cm); Wt. 2.2 oz. (62.4 g),Japanese,Japan,,,,,,,,,,Arms and Armor,Sword Furniture-Tsuba,,False,True,https://www.metmuseum.org/art/collection/search/25806,https://images.metmuseum.org/CRDImages/aa/original/04.4.113_002feb2014.jpg,1,,,
29382,Over-and-Under Percussion Pistol bearing the Crest of the Polhill Family,Percussion pistol,ca. 1815–20; converted ca. 1825,,,,"Steel, wood (walnut), brass, gold, platinum",L. 10 1/4 in. (26 cm); L. of barrels 5 1/2 in. (14 cm); Cal. of barrels .52 in (13.2 mm); Wt. 1 lb. 13.4 oz. (833.5 g),"British, London",England,,London,,Joseph Egg,Gunsmith,"British, born France",1775,1837,,Arms and Armor,Firearms-Pistols-Percussion,"British (born France), Huningue 1775–1837 London",False,True,https://www.metmuseum.org/art/collection/search/29382,https://images.metmuseum.org/CRDImages/aa/original/LC-40_72-002.jpg,3,,,
31842,Dagger with Sheath,Dagger with sheath,18th–19th century,,,,"Steel, nephrite, gold, ruby, emerald, silver, wood, velvet",L. with sheath 15 5/16 in. (38.9 cm); L. without sheath 14 1/8 in. (35.9 cm); L. of blade 9 1/2 in. (24.1 cm); W. 1 11/16 in. (4.3 cm); Wt. 8.7 oz. (246.6 g); Wt. of sheath 1.4 oz. (39.7 g),"Indian, probably Deccan",India,Deccan,,,,,,,,,Arms and Armor,Daggers,,False,True,https://www.metmuseum.org/art/collection/search/31842,https://images.metmuseum.org/CRDImages/aa/original/36.25.672ab_003june2014.jpg,2,,,
26363,Sword Guard (Tsuba),Sword guard (Tsuba),late 18th–early 19th century,,,,"Iron, copper",H. 3 1/4 in. (8.3 cm); W. 3 1/8 in. (7.9 cm); thickness 3/16 in. (0.5 cm); Wt. 3.8 oz. (107.7 g),Japanese,Japan,,,,,,,,,,Arms and Armor,Sword Furniture-Tsuba,,False,True,https://www.metmuseum.org/art/collection/search/26363,https://images.metmuseum.org/CRDImages/aa/original/46.122.132_001apr2014.jpg,1,,,
22154,Armor (<i>Gusoku</i>),Armor (<i>Gusoku</i>),early 18th century,,,,"Iron, lacquer, silk, copper, gold",H. 65 1/2 in. (166.4 cm); W. 20 1/2 in. (52.1 cm); plastron; H. 26 3/4 in. (67.9 cm); W. 15 in. (38.1 cm),Japanese,Japan,,,,Myōchin Munesuke,Armorer,Japanese,1688,1735,,Arms and Armor,Armor for Man,"Japanese, Edo period, 1688–1735",False,True,https://www.metmuseum.org/art/collection/search/22154,https://images.metmuseum.org/CRDImages/aa/original/19093.jpg,0,https://www.wikidata.org/wiki/Q116327588,,
34385,Sword Guard (Tsuba),Sword guard (Tsuba),ca. 1615–1868,,,,"Iron, mother-of-pearl, gold, copper",H. 3 in. (7.6 cm); W. 2 3/4 in. (7 cm); thickness 3/16 in. (0.5 cm); Wt. 4.8 oz. (136.1 g),Japanese,Japan,,,Flowers,,,,,,,Arms and Armor,Sword Furniture-Tsuba,,False,True,https://www.metmuseum.org/art/collection/search/34385,https://images.metmuseum.org/CRDImages/aa/original/29.100.974_001feb2014.jpg,1,,,
25035,Flintlock Duelling Pistol,Flintlock duelling pistol,ca. 1815–20,,,,"Steel, gold, silver, wood (walnut, hickory), horn",L. 15 3/4 in. (40 cm); L. of barrel 10 in. (25.4 cm); Cal. .56 in. (14.2 mm); Wt. 2 lb. (907 g),"American, Middletown, Connecticut",United States,,Middletown,,Simeon North,Gunsmith,American,1765,1852,,Arms and Armor,Firearms-Pistols-Flintlock,"American, Middletown, Connecticut, 1765–1852",False,True,https://www.metmuseum.org/art/collection/search/25035,https://images.metmuseum.org/CRDImages/aa/original/LC-96_5_36_149-004-2.jpg,1,https://www.wikidata.org/wiki/Q116394429,https://www.wikidata.org/wiki/Q15512020,(not assigned)
31757,Dagger (Jambiya) with Sheath,Dagger (Jambiya) with sheath,19th century,,,,"Steel, wood, silver, brass",H. with sheath 16 1/4 in. (41.3 cm); H. without sheath 15 1/2 in. (39.4 cm); H. of blade 9 3/8 in. (23.8 cm); W. 2 5/8 in. (6.7 cm); Wt.  8.3 oz. (235.3 g); Wt. of sheath 9.1 oz. (258 g),Moroccan,Morocco,,,,,,,,,,Arms and Armor,Daggers,,False,True,https://www.metmuseum.org/art/collection/search/31757,https://images.metmuseum.org/CRDImages/aa/original/36.25.777ab_001Mar2015.jpg,0,,,
35014,Pair of Sword-Grip Ornaments (Menuki),Pair of sword-grip ornaments (Menuki),19th century,,,,"Copper-gold alloy (shakudō), gold, copper-silver alloy (shibuichi)",L. of each 7/8 in. (2.2 cm); Wt. of each 0.2 oz. (5.7 g),Japanese,Japan,,,Insects,,,,,,,Arms and Armor,Sword Furniture-Menuki,,False,True,https://www.metmuseum.org/art/collection/search/35014,https://images.metmuseum.org/CRDImages/aa/original/LC-17_208_19a_b-001.jpg,0,,,
24948,Blade for a Dagger (Tantō),Blade for a dagger (Tantō),ca. 1315–16,,,,Steel,L. 13 5/8 in. (34.6 cm); L. of cutting edge 9 3/8 in. (23.8 cm); W. of blade at hilt 15/16 in. (2.4 cm); Wt. 7 oz. (185 g),Japanese,Japan,,,,Rai Kunitoshi,Swordsmith,Japanese,1265,1345,,Arms and Armor,Daggers,"Japanese, active ca. 1290–ca. 1320",True,True,https://www.metmuseum.org/art/collection/search/24948,https://images.metmuseum.org/CRDImages/aa/original/DP-26096-001.jpg,1,https://www.wikidata.org/wiki/Q29383195,,
31534,Knife (Chopper),Knife (Chopper),17th–19th century,,,,"Steel, horn (stag), iron",H. 16 1/2 in. (41.9 cm); H. of blade 10 1/4 in. (26 cm); W. 1 3/16 in. (3 cm); Wt. 1 lb. (453.6 g),South Indian,South India,,,,,,,,,,Arms and Armor,Knives,,False,True,https://www.metmuseum.org/art/collection/search/31534,https://images.metmuseum.org/CRDImages/aa/original/36.25.942_003july2014.jpg,2,,,
25013,Partisan,Partisan,1720–40,,,,"Steel, wood (chestnut), textile",L. 77 1/2 in. (196.9 cm); L. of head 12 3/4 in. (32.4 cm); W. 4 1/4 in. (10.8 cm); Wt. 3 lbs. 2 oz. (1417.5 g),Austrian,Austria,,,Eagles|Men,,,,,,,Arms and Armor,Shafted Weapons,,False,True,https://www.metmuseum.org/art/collection/search/25013,https://images.metmuseum.org/CRDImages/aa/original/96.5.2_001oct2014-2.jpg,1,,,
23096,Forearm Defense (Vambrace),Forearm defense (Vambrace),ca. 1450–70,,,,Steel,H. 7 3/4 in. (19.7 cm); W. 4 3/4 in. (12.1 cm); D. 4 in. (10.2 cm); Wt. 1 lb. 0.9 oz. (479.1 g),Italian,Italy,,,,,,,,,,Arms and Armor,Armor Parts,,False,True,https://www.metmuseum.org/art/collection/search/23096,https://images.metmuseum.org/CRDImages/aa/original/29.150.17_008august2014.jpg,3,,,
23424,Arrowhead (<i>Yanone</i>),Arrowhead (<i>Yanone</i>),dated 1645,,,,Steel,L. 10 in. (25.4 cm); L. of head 3 1/4 in. (8.3 cm); W. 1 3/4 in. (4.5 cm); Wt. 3.4 oz. (96.4 g),Japanese,Japan,,,Human Figures,,,,,,,Arms and Armor,Archery Equipment-Arrowheads,,False,True,https://www.metmuseum.org/art/collection/search/23424,https://images.metmuseum.org/CRDImages/aa/original/LC-32_75_352-001.jpg,1,,,
23662,Arrowhead (<i>Yanone</i>),Arrowhead (<i>Yanone</i>),18th century,,,,Steel,L. 8 1/2 in. (21.6 cm); L. of head 2 13/16 in. (7.1 cm); W. 1 1/2 in. (3.8 cm); Wt. 1.3 oz. (36.9 g),Japanese,Japan,,,,,,,,,,Arms and Armor,Archery Equipment-Arrowheads,,False,True,https://www.metmuseum.org/art/collection/search/23662,https://images.metmuseum.org/CRDImages/aa/original/LC-32_75_594-001.jpg,0,,,
642487,Sword Guard (Tsuba),Sword guard (Tsuba),18th century,,,,"Iron, gold, copper",H. 2 5/8 in. (6.7 cm); W. 2 7/8 in. (7.3 cm); thickness 1/4 in. (0.6 cm); Wt. 3.9 oz. (110.6 g),Japanese,Japan,,,,,,,,,,Arms and Armor,Sword Furniture-Tsuba,,False,True,https://www.metmuseum.org/art/collection/search/642487,https://images.metmuseum.org/CRDImages/aa/original/33.40.23_001mar2014.jpg,1,,,
31342,Kris with Sheath,Kris with sheath,16th–19th century,,,,"Steel, wood, silver, brass",L. with sheath 17 in. (43.2 cm); L. without sheath 15 in. (38.1 cm); L. of blade 10 5/8 in. (26.9 cm); W. 2 3/4 in. (7 cm); Wt. 7.7 oz. (218.3 g); Wt. of sheath 5.4 oz. (153.1 g),Minangkabau,Indonesia,,,,,,,,,,Arms and Armor,Krisses,,False,True,https://www.metmuseum.org/art/collection/search/31342,https://images.metmuseum.org/CRDImages/aa/original/LC-36_25_1137a_b-003-2.jpg,1,,,
30042,Sword Guard (Tsuba),Sword guard (Tsuba),18th century,,,,"Iron, lacquer, copper",H. 3 1/4 in. (8.3 cm); W. 3 1/8 in. (7.9 cm); thickness 3/16 in. (0.5 cm); Wt. 5.4 oz. (153.1 g),Japanese,Japan,,,Birds,,,,,,,Arms and Armor,Sword Furniture-Tsuba,,False,True,https://www.metmuseum.org/art/collection/search/30042,https://images.metmuseum.org/CRDImages/aa/original/36.120.31_001mar2014.jpg,1,,,
653023,Design for the Decoration of Firearms,Drawings,ca. 1797–1805,,,,"Pencil, ink, gray wash on paper",3 1/8 x 1 7/8 in. (7.9 x 4.8 cm),"French, Versailles",France,,Versailles,Ornament,Nicolas Noël Boutet,Designer,French,1761,1833,,Arms and Armor,Works on Paper-Drawings,"French, Versailles and Paris, 1761–1833",False,True,https://www.metmuseum.org/art/collection/search/653023,https://images.metmuseum.org/CRDImages/aa/original/LC-2004_101_64-001.jpg,0,,https://www.wikidata.org/wiki/Q3339989,http://vocab.getty.edu/page/ulan/500063092
788904,Three Arrowheads,Three arrowheads,ca. 332–30 BCE,,,,Bronze,08.99.18: L. 1 9/16 in. (4 cm); W. 3/8 in. (1 cm); thickness 3/8 in. (1 cm); Wt. 0.1 oz. (2.8 g); 08.99.19: L. 2 1/8 in. (5.4 cm); W. 5/8 in. (1.6 cm); thickness 5/16 in. (0.8 cm); Wt. 0.2 oz. (5.7 g); 08.99.20: L. 1 1/2 in. (3.8 cm); W. 3/8 in. (1 cm); thickness 3/8 in. (1 cm); Wt. 0.2 oz. (5.7 g),"Greco-Egyptian, Lower Egypt",Egypt,,,,,,,,,,Arms and Armor,Archery Equipment-Arrowheads,,False,True,https://www.metmuseum.org/art/collection/search/788904,https://images.metmuseum.org/CRDImages/aa/original/LC-08_99_18-001.jpg,6,,,
32962,Coin (Thaler) Showing Archduke Sigismund,Coin (Thaler),1486,,,,Silver,Diam. 1 5/8 in. (4.1 cm); thickness 1/8 in. (0.3 cm); Wt. 1.1 oz. (31.2 g),Austrian,Austria,,,Men,,,,,,,Arms and Armor,Miscellaneous-Coins and Medals,,False,True,https://www.metmuseum.org/art/collection/search/32962,https://images.metmuseum.org/CRDImages/aa/original/22.122.9_001nov2014.jpg,1,,,
652983,Design for the Decoration of Firearms,Drawings,ca. 1797–1805,,,,"Pencil, ink, gray wash on paper",4 1/2 x 1 3/4 in. (11.4 x 4.5 cm),"French, Versailles",France,,Versailles,Leaves,Nicolas Noël Boutet,Designer,French,1761,1833,,Arms and Armor,Works on Paper-Drawings,"French, Versailles and Paris, 1761–1833",False,True,https://www.metmuseum.org/art/collection/search/652983,https://images.metmuseum.org/CRDImages/aa/original/LC-2004.101.24-001.jpg,0,,https://www.wikidata.org/wiki/Q3339989,http://vocab.getty.edu/page/ulan/500063092
23642,Arrowhead (<i>Yanone</i>),Arrowhead (<i>Yanone</i>),18th century,,,,Steel,L. 6 3/4 in. (17.2 cm); L. of head 1 7/8 in. (4.8 cm); W. 3/8 in. (1 cm); Wt. 0.6 oz. (17 g),Japanese,Japan,,,,,,,,,,Arms and Armor,Archery Equipment-Arrowheads,,False,True,https://www.metmuseum.org/art/collection/search/23642,https://images.metmuseum.org/CRDImages/aa/original/LC-32_75_572-001.jpg,0,,,
32053,Helmet,Helmet,second half 16th century,,,,"Steel, gold, copper alloy",H. 11 1/4 in. (28.6 cm); Diam. 8 1/4 in. (21 cm); Wt. 3 lb. 4.3 oz. (1482.7 g),Turkish,Ottoman Empire,,Istanbul,,,,,,,,Arms and Armor,Helmets,,False,True,https://www.metmuseum.org/art/collection/search/32053,https://images.metmuseum.org/CRDImages/aa/original/DP147162.jpg,6,https://www.wikidata.org/wiki/Q116317855,,
27614,Blade for a Sword (<i>Katana</i>),Blade for a sword (<i>Katana</i>),late 15th–early 16th century,,,,Steel,L. 35 3/4 in. (90.8 cm); W. 1 1/2 in. (3.8 cm); Wt. 1 lb. 11 oz. (765.4 g),Japanese,Japan,,,,Gassan Mitsu[...],Swordsmith,Japanese,1450,1550,,Arms and Armor,Swords,"probably Gassan Mitsunaga, Japanese, active late 15th–early 16th century",False,True,https://www.metmuseum.org/art/collection/search/27614,https://images.metmuseum.org/CRDImages/aa/original/LC-L_2004_41_33a_c-012.jpg,3,,,
29387,Priming Flask,Priming flask,late 16th century,,,,"Amber, gold, enamel, pearls, diamond",L. 5 1/8 in. (13 cm); D. 1 in. (2.5 cm); Wt. 1.5 oz. (42.5 g),"East Indian; mountings, Italian",Italy,,,,,,,,,,Arms and Armor,Firearms Accessories-Flasks & Primers,,False,True,https://www.metmuseum.org/art/collection/search/29387,https://images.metmuseum.org/CRDImages/aa/original/sfsb41.100.39_001.jpg,2,,,
32256,Sword (Falcata),Sword,5th–1st century BCE,,,,Iron alloy,H. 20 15/16 in. (53.2 cm); H. of blade 17 in. (43.2 cm); W. 2 5/8 in. (6.7 cm); D. 13/16 in. (2.1 cm); Wt. 1 lb. 0.7 oz. (473.4 g),Iberian,,Iberian Peninsula,,,,,,,,,Arms and Armor,Swords,,False,True,https://www.metmuseum.org/art/collection/search/32256,https://images.metmuseum.org/CRDImages/aa/original/32.75.260_002june2014.jpg,1,https://www.wikidata.org/wiki/Q116316920,,
29424,Pair of Sword-Grip Ornaments (Menuki),Pair of sword-grip ornaments (Menuki),18th century,,,,"Copper-gold alloy (shakudō), gold",L. of each 1 1/2 in. (3.8 cm); Wt. of each 0.3 oz. (8.5 g),Japanese,Japan,,,Flowers,,,,,,,Arms and Armor,Sword Furniture-Menuki,,False,True,https://www.metmuseum.org/art/collection/search/29424,https://images.metmuseum.org/CRDImages/aa/original/LC-38_55_3a_b-001.jpg,0,,,
26587,Pair of Double-Barreled Flintlock Pistols,Pair of double-barreled flintlock pistols,1752–53,,,,"Steel, silver, gold, wood (walnut), whalebone",L. of each 14 3/8 in. (36.5 cm); Wt. of each 36 oz. (1030 g),"French, Paris",French,,Paris,,François-Alexander Chasteau,Gunsmith,French,1741,1784,,Arms and Armor,Firearms-Pistols-Flintlock,"French, Paris, recorded 1741–84",False,True,https://www.metmuseum.org/art/collection/search/26587,https://images.metmuseum.org/CRDImages/aa/original/DP153592.jpg,2,https://www.wikidata.org/wiki/Q116318095,,
27127,Armet,Armet,ca. 1510,,,,"Steel, leather, brass",H. 12 1/4 in. (31.1 cm); W. 8 1/2 in. (21.6 cm); D. 12 in. (30.5 cm); Wt. 4 lb. 6 oz. (2900 g),Italian,Italy,,,,,,,,,,Arms and Armor,Helmets,,False,True,https://www.metmuseum.org/art/collection/search/27127,https://images.metmuseum.org/CRDImages/aa/original/14.25.587_007mar2015.jpg,4,,,
34853,Armpit Defense,Armpit defense,16th century,,,,Steel,H. 9 7/16 in. (24.0 cm); W. 11  13/16 in. (30.0 cm); Diam. (outside) of riveted links 13/32 in. (11.1 mm); Diam. (inside) of riveted links 5/16 in. (8.0 mm); Diam. of solid links 9/32 in. (10.0 mm); Wt. 1 lb. 3 oz. (538.6 g).,German,Germany,,,,,,,,,,Arms and Armor,Mail,,False,True,https://www.metmuseum.org/art/collection/search/34853,https://images.metmuseum.org/CRDImages/aa/original/sfma27.183.32_69972.jpg,0,,,
26298,Sword Guard (Tsuba),Sword guard (Tsuba),17th century,,,,"Iron, brass, copper",Daim. 3 3/16 in. (8.1 cm); thickness 1/8 in. (0.3 cm); Wt. 2.8 oz. (79.4 g),Japanese,Japan,,,,,,,,,,Arms and Armor,Sword Furniture-Tsuba,,False,True,https://www.metmuseum.org/art/collection/search/26298,https://images.metmuseum.org/CRDImages/aa/original/46.122.22_001apr2014.jpg,1,,,
23109,Forearm Defense (Vambrace),Forearm defense (Vambrace),ca. 1400,,,,Steel,H. 7 1/2 in. (19.1 cm); W. 4 1/2 in. (11.4 cm); D. 4 in. (10.2 cm); Wt. 12.7 oz. (360 g),Italian,Italy,,,,,,,,,,Arms and Armor,Armor Parts,,False,True,https://www.metmuseum.org/art/collection/search/23109,https://images.metmuseum.org/CRDImages/aa/original/29.150.33_002august2014.jpg,3,,,
25518,Badge or Harness Pendant,Badge or harness pendant,ca. 1400,,,,"Copper, gold, enamel",L. 4 7/8 in. (12.4 cm); W. 3 7/16 in. (8.7 cm); Wt. 2 oz. (56.7 g),Spanish,,,,Coat of Arms,,,,,,,Arms and Armor,Miscellaneous-Badges,,False,True,https://www.metmuseum.org/art/collection/search/25518,https://images.metmuseum.org/CRDImages/aa/original/LC-04.3.399-001.jpg,0,,,
22798,Arrowhead (<i>Yanone</i>),Arrowhead (<i>Yanone</i>),18th century,,,,Steel,L. 9 1/4 in. (23.5 cm); L. of head 2 5/8 in. (6.7 cm); W. 1 3/4 in. (4.5 cm); Wt. 1.1 oz. (31.2 g),Japanese,Japan,,,,,,,,,,Arms and Armor,Archery Equipment-Arrowheads,,False,True,https://www.metmuseum.org/art/collection/search/22798,https://images.metmuseum.org/CRDImages/aa/original/LC-32_75_661-001.jpg,0,,,
23627,Arrowhead (<i>Yanone</i>),Arrowhead (<i>Yanone</i>),18th century,,,,Steel,L. 7 5/8 in. (19.4 cm); L. of head 1 3/4 in. (4.5 cm); W. 7/8 in. (2.2 cm); Wt. 0.8 oz. (22.7 g),Japanese,Japan,,,,,,,,,,Arms and Armor,Archery Equipment-Arrowheads,,False,True,https://www.metmuseum.org/art/collection/search/23627,https://images.metmuseum.org/CRDImages/aa/original/LC-32_75_557-001.jpg,0,,,
22930,Smallsword,Smallsword,ca. 1780–85,,,,"Gold, steel",L. 39 in. (99.1 cm); L. of blade 32 3/16 in. (81.7 cm); Wt. 1 lb. (454 g),"British, probably London",England,,London,,John Bland,Sword cutler,British,1755,1810,,Arms and Armor,Swords,"British, London, active ca. 1780–85",False,True,https://www.metmuseum.org/art/collection/search/22930,https://images.metmuseum.org/CRDImages/aa/original/sfrl26.145.311_37256.jpg,0,https://www.wikidata.org/wiki/Q116323384,,
26071,Sword-Hilt Collar (Fuchi),Sword-hilt collar (Fuchi),18th century,,,,"Iron, gold, silver",H. 1 7/16 in. (3.7 cm); Wt. 0.6 oz. (17 g),Japanese,Japan,,,,,,,,,,Arms and Armor,Sword Furniture-Fuchi-Kashira,,False,True,https://www.metmuseum.org/art/collection/search/26071,https://images.metmuseum.org/CRDImages/aa/original/LC-19_154_108_111-001.jpg,0,,,
31384,Kris with Sheath,Kris with sheath,16th–19th century,,,,"Steel, wood, silver, brass, paste jewels",L. with sheath 14 in. (35.6 cm); L. without sheath 11 3/4 in. (29.8 cm); L. of blade 9 in. (22.9 cm); W. 1 3/4 in. (4.5 cm); Wt. 2.5 oz. (70.9 g); Wt. of sheath 3.5 oz. (99.2 g),Madurese,Indonesia,,Madura,,,,,,,,Arms and Armor,Krisses,,False,True,https://www.metmuseum.org/art/collection/search/31384,https://images.metmuseum.org/CRDImages/aa/original/LC-36_25_1185a_b-002-2.jpg,1,,,
696683,Fragment,Fragment,ca. 1150–ca. 1250,,,,"Glass, ceramic",greatest H. 3 1/4 in. (8.3 cm); smallest H. 3/4 in. (1.9 cm),European or Middle Eastern,,,,,,,,,,,Arms and Armor,Glass-Vessels,,False,True,https://www.metmuseum.org/art/collection/search/696683,https://images.metmuseum.org/CRDImages/aa/original/DP276488.jpg,3,,,
32846,Coin Showing Ludwig III (Louis III (the Pious)),Coin,12th century,,,,Gold,Diam. 1 11/16 in. (4.3 cm),"German, possibly Thuringia",Germany,,,Coins,,,,,,,Arms and Armor,Miscellaneous-Coins and Medals,,False,True,https://www.metmuseum.org/art/collection/search/32846,https://images.metmuseum.org/CRDImages/aa/original/23.135.1_001nov2014.jpg,1,,,
26289,Sword Guard (Tsuba),Sword guard (Tsuba),18th century,,,,"Iron, gold, copper-gold alloy (shakudō), copper",H. 3 3/8 in. (8.6 cm); W. 3 1/4 in. (8.3 cm); thickness 3/16 in. (0.5 cm); Wt. 3.6 oz. (102.1 g),Japanese,Japan,,,,,,,,,,Arms and Armor,Sword Furniture-Tsuba,,False,True,https://www.metmuseum.org/art/collection/search/26289,https://images.metmuseum.org/CRDImages/aa/original/38.25.41_001apr2014.jpg,1,,,
27079,Siege Helmet,Siege helmet,17th century,,,,Steel,H. 7 1/8 in. (18.1 cm); W. 9 13/16 in. (24.9 cm); D. 12 in. (30.5 cm); Wt. 10 lb. 7 oz. (4734 g),possibly French,possibly France,,,,,,,,,,Arms and Armor,Helmets,,False,True,https://www.metmuseum.org/art/collection/search/27079,https://images.metmuseum.org/CRDImages/aa/original/14.25.490_008AA2015.jpg,4,,,
29590,Page's Sword,Page's sword,1700–42,,,,Steel,L. 27 3/4 in. (70.4 cm); L. of blade 22 in. (55.8 cm); W. 3 1/8 in. (7.9 cm); D. 2 3/8 in. (6 cm); Wt. 11 oz. (311.8 g),"hilt, Italian; blade, German, Solingen",Italy,,,,Johann Tetsche,Artist,German,1700,1742,,Arms and Armor,Swords,"German, active Solingen, 1700–1742",False,True,https://www.metmuseum.org/art/collection/search/29590,https://images.metmuseum.org/CRDImages/aa/original/LC-37_154_1-005.jpg,3,,,
30172,Quoit,Quoit,17th century,,,,,Diam. 5 7/8 in. (14.9 cm); Wt. 2.5 oz. (70.9 g),Indian,India,,,Games,,,,,,,Arms and Armor,Miscellaneous,,False,True,https://www.metmuseum.org/art/collection/search/30172,https://images.metmuseum.org/CRDImages/aa/original/36.25.2881_001July2014.jpg,0,,,
25923,Halberd of the Personal Guard of Joseph Napoleon as King of Spain (1808-1813),Halberd,ca. 1805,,,,"Steel, wood, bronze, gold",L. 87 1/2 in. (222.2 cm); L. of head 17 in. (43.2 cm); W. 8 in. (20.3 cm); Wt. 6 lbs. 11 oz. (3030 g),French,France,,,Eagles,,,,,,,Arms and Armor,Shafted Weapons,,False,True,https://www.metmuseum.org/art/collection/search/25923,https://images.metmuseum.org/CRDImages/aa/original/14.25.85_002dec2014.jpg,1,,,
25404,Portions of a Crinet (Horse's Neck Defense),Portions of a crinet,ca. 1580–90,,,,"Steel, leather","L. 18 5/8 in. (47.2 cm); W. 14 3/8 in. (36.5 cm); Wt. 3 lb. 14 oz. (1,765 g)","Italian, probably Brescia",Italy,,probably Brescia,,,,,,,,Arms and Armor,Armor for Horse,,False,True,https://www.metmuseum.org/art/collection/search/25404,https://images.metmuseum.org/CRDImages/aa/original/DP108797.jpg,1,,,
24426,Standard Head,Standard head,ca. 1500–1511,,,,"Steel, iron",L. 20 1/8 in. (51.2 cm); W. 4 5/8 in. (11.7 cm); Wt. 1 lb. 12 oz. (802 g),Egyptian or Syrian,Egypt,,,,,,,,,,Arms and Armor,Shafted Weapons,,False,True,https://www.metmuseum.org/art/collection/search/24426,https://images.metmuseum.org/CRDImages/aa/original/DP158310.jpg,1,https://www.wikidata.org/wiki/Q116327359,,
30015,Sword Guard (Tsuba),Sword guard (Tsuba),1858,,,,"Iron, copper-gold alloy (shakudō), gold, copper",H. 3 1/8 in. (7.9 cm); W. 2 7/8 in. (7.3 cm); thickness 1/4 in. (0.6 cm); Wt. 5.1 oz. (144.6 g),Japanese,Japan,,,Plants,,,,,,,Arms and Armor,Sword Furniture-Tsuba,,False,True,https://www.metmuseum.org/art/collection/search/30015,https://images.metmuseum.org/CRDImages/aa/original/36.120.2_001mar2014.jpg,1,,,
26540,Cabasset in Late 16th Century French Style,Cabasset in late 16th century style,ca. 1870,,,,"Steel, gold, leather",H. 8 3/4 in. (22.2 cm); W. 8 1/2 in. (21.6 cm); D. 10 in. (25.4 cm); Wt. 3 lb. 8 oz. (1600 g),French,France,,,Men|Horses,,,,,,,Arms and Armor,Forgeries,,False,True,https://www.metmuseum.org/art/collection/search/26540,https://images.metmuseum.org/CRDImages/aa/original/14.25.622_004june2015.jpg,4,,,
688282,Shield (Dhál),Shield (Dhál),18th–early 19th century,,,,"Iron, polychromy, textile, leather",Diam. 13 in. (33 cm),"Indian, Rajasthan, Bundi",India,,Bundi,Men|Women,,,,,,,Arms and Armor,Shields,,False,True,https://www.metmuseum.org/art/collection/search/688282,https://images.metmuseum.org/CRDImages/aa/original/DP701275.jpg,1,,,
29352,Snaffle Bit,Bit,9th–10th century,,,,Iron alloy,H. 5 in. (12.7 cm); W. 7 1/2 in. (19.1 cm); Wt. 13.9 oz. (394.1 g),Germanic,Germany,,Aachen,,,,,,,,Arms and Armor,Equestrian Equipment-Bits,,False,True,https://www.metmuseum.org/art/collection/search/29352,https://images.metmuseum.org/CRDImages/aa/original/LC-42_50_504-003.jpg,1,,,
31548,Dagger (Piha Kaetta),Dagger (Piha kaetta),18th–19th century,,,,"Steel, ivory, brass",H. 11 5/16 in. (28.7 cm); W. 1 1/2 in. (3.8 cm); Wt. 11.6 oz. (328.9 g),Sri Lankan,Sri Lanka,,,,,,,,,,Arms and Armor,Knives,,False,True,https://www.metmuseum.org/art/collection/search/31548,https://images.metmuseum.org/CRDImages/aa/original/36.25.957_001july2014.jpg,1,,,
26722,Awl Pike (Ahlspiess),Awl Pike (Ahlspiess),ca. 1480,,,,,L. 43 1/3 in. (110.0 cm),German,Germany,,,,,,,,,,Arms and Armor,Shafted Weapons,,False,True,https://www.metmuseum.org/art/collection/search/26722,https://images.metmuseum.org/CRDImages/aa/original/14.25.304_001feb2015.jpg,1,,,
26913,Sword Guard (Tsuba),Sword guard (Tsuba),1840–60,,,,"Iron, gold, copper, silver, copper-silver alloy (shibuichi), copper-gold alloy (shakudō)",H. 2 7/8 in. (7.3 cm); W. 2 3/4 in. (7 cm); thickness 5/16 in. (0.8 cm); Wt. 4.5 oz. (127.6 g),Japanese,Japan,,,Birds|Flowers,Ishiguro Koreyoshi,Maker,Japanese,1801,1900,,Arms and Armor,Sword Furniture-Tsuba,"Japanese, active 19th century",False,True,https://www.metmuseum.org/art/collection/search/26913,https://images.metmuseum.org/CRDImages/aa/original/14.40.915_001may2014.jpg,1,,https://www.wikidata.org/wiki/Q58010956,(not assigned)
29298,Stirrup,Stirrup,second half 15th century,,,,"Iron, tin",H. 5 3/4 in. (14.6 cm); W. 4 in. (10.2 cm); D. 1 1/4 in. (3.2 cm); Wt. 5.1 oz. (144.6 g),German,Germany,,,,,,,,,,Arms and Armor,Equestrian Equipment-Stirrups,,False,True,https://www.metmuseum.org/art/collection/search/29298,https://images.metmuseum.org/CRDImages/aa/original/LC-42_50_411-002.jpg,1,,,
23686,Arrowhead (<i>Yanone</i>),Arrowhead (<i>Yanone</i>),18th century,,,,Steel,L. 6 1/4 in. (15.9 cm); L. of head 2 3/4 in. (7 cm); W. 1 3/8 in. (3.5 cm); Wt. 1.1 oz. (31.2 g),Japanese,Japan,,,,,,,,,,Arms and Armor,Archery Equipment-Arrowheads,,False,True,https://www.metmuseum.org/art/collection/search/23686,https://images.metmuseum.org/CRDImages/aa/original/LC-32_75_620-001.jpg,0,,,
33544,Curb Bit,Bit,mid-16th century,,,,Iron alloy,H. 12 1/2 in. (31.8 cm); W. 10 1/4 in. (26 cm); Wt. 3 lb. 6.2 oz. (1536.5 g),probably Italian,possibly Italy,,,,,,,,,,Arms and Armor,Equestrian Equipment-Bits,,False,True,https://www.metmuseum.org/art/collection/search/33544,https://images.metmuseum.org/CRDImages/aa/original/DP165119.jpg,3,,,
27191,Upper Part of a Crupper,Upper part of a crupper,late 16th or early 17th century,,,,"Steel, gold","L. 23 7/8 in. (60 cm); W. 28 3/4 in. (73 cm); Wt. 8 lb. 5 oz. (3,780 g)","Italian, probably Brescia",Italy,,,,,,,,,,Arms and Armor,Armor for Horse,,False,True,https://www.metmuseum.org/art/collection/search/27191,https://images.metmuseum.org/CRDImages/aa/original/DP108800.jpg,0,,,
31863,Dagger (Katar),Dagger (Katar),18th–19th century,,,,"Steel, gold",L. 13 11/16 in. (34.8 cm); W. 3 1/4 in. (8.3 cm); Wt. 13.2 oz. (374.2 g),"Indian, Mughal",India,,,,,,,,,,Arms and Armor,Daggers,,False,True,https://www.metmuseum.org/art/collection/search/31863,https://images.metmuseum.org/CRDImages/aa/original/36.25.693_002june2014.jpg,1,,,
30180,Flail,Flail,18th century,,,,"Iron, brass",H. 40 1/2 in. (102.9 cm); H. of handle 16 in. (40.6 cm); W. 1 in. (2.5); Wt. 1 lb. 15.7 oz. (898.7 g),Indian,India,,,,,,,,,,Arms and Armor,Miscellaneous,,False,True,https://www.metmuseum.org/art/collection/search/30180,https://images.metmuseum.org/CRDImages/aa/original/36.25.2890_001Jun2015.jpg,0,,,
21946,Halberd,Halberd,ca. 1590–1600,,,,"Steel, wood, textile, brass",L. 108 1/4 in. (274.96 cm); L. of head (excluding straps) 37 in. (93.98 cm); greatest W. 15 3/8 in. (39.04 cm); Wt. 8 lb. 15 oz. (4054 g),Italian,Italy,,,,,,,,,,Arms and Armor,Shafted Weapons,,False,True,https://www.metmuseum.org/art/collection/search/21946,https://images.metmuseum.org/CRDImages/aa/original/04.3.62_001june2014.jpg,0,https://www.wikidata.org/wiki/Q116324185,,
25448,Badge or Harness Pendant,Badge or harness pendant,ca. 1400,,,,"Copper, gold, enamel",H. 2 3/4 in. (7 cm); W. 2 1/16 in. (5.2 cm); Wt. 0.5 oz. (14.2 g),Spanish,Spain,,,,,,,,,,Arms and Armor,Miscellaneous-Badges,,False,True,https://www.metmuseum.org/art/collection/search/25448,https://images.metmuseum.org/CRDImages/aa/original/LC-04_3_325-001.jpg,0,,,
25282,Knife Handle (Kozuka),Knife handle (Kozuka),early 19th century,,,,"Copper-silver alloy (shibuichi), copper, gold",L. 3 13/16 in. (9.7 cm); W. 9/16 in. (1.4 cm); thickness 3/16 in. (0.5 cm); Wt. 1.2 oz. (34 g),Japanese,Japan,,,Men,Ichijosai Hironaga (Hirotoshi),Maker,Japanese,1800,1825,,Arms and Armor,Sword Furniture-Kozuka,"Japanese, died ca. 1800–25",False,True,https://www.metmuseum.org/art/collection/search/25282,https://images.metmuseum.org/CRDImages/aa/original/LC-43_120_356-001.jpg,1,,,
35008,Pair of Sword-Grip Ornaments (Menuki),Pair of sword-grip ornaments (Menuki),19th century,,,,"Copper-gold alloy (shakudō), gold, silver",L. of each 2 1/2 in. (6.4 cm); Wt. of each 0.2 oz. (5.7 g),Japanese,Japan,,,,,,,,,,Arms and Armor,Sword Furniture-Menuki,,False,True,https://www.metmuseum.org/art/collection/search/35008,https://images.metmuseum.org/CRDImages/aa/original/LC-17_208_13a_b-001.jpg,0,,,
33144,Rosette,Rosette,ca. 1540,,,,Brass,Diam. 3/4 in. (1.9 cm); thickness 1/16 in. (0.2 cm); Wt. less than 1 oz. (less than 1 g),French,France,,,,,,,,,,Arms and Armor,Miscellaneous-Buckles & Ornament,,False,True,https://www.metmuseum.org/art/collection/search/33144,https://images.metmuseum.org/CRDImages/aa/original/LC-20_152_167-001.jpg,0,,,
34912,Sword Guard (<i>Tsuba</i>),Sword guard (Tsuba),16th–19th century,,,,"Iron, gold",W. 3 1/16 in. (7.8 cm),Japanese,Japan,,,Birds,,,,,,,Arms and Armor,Sword Furniture-Tsuba,,False,True,https://www.metmuseum.org/art/collection/search/34912,https://images.metmuseum.org/CRDImages/aa/original/14.60.7_001may2014.jpg,1,,,
29918,Knife Handle (Kozuka),Knife handle (Kozuka),1743–1801,,,,"Copper-gold alloy (shakudō), gold, silver, copper-silver alloy (shibuichi)",L. 3 13/16 in. (9.7 cm); W. 9/16 in. (1.4 cm); thickness 1/4 in. (0.6 cm); Wt. 1.1 oz. (31.2 g),Japanese,Japan,,,Men|Fishing,,,,,,,Arms and Armor,Sword Furniture-Kozuka,,False,True,https://www.metmuseum.org/art/collection/search/29918,https://images.metmuseum.org/CRDImages/aa/original/36.120.282_001AA2015.jpg,1,,,
31256,Kris,Kris,18th–19th century,,,,"Ebony, silver",L. 17 1/16 in. (43.3 cm); L. of blade 14 in. (35.6 cm); W. 4 in. (10.2 cm); Wt. 14.9 oz. (422.4 g),possibly Bornean,possibly Borneo,,,,,,,,,,Arms and Armor,Krisses,,False,True,https://www.metmuseum.org/art/collection/search/31256,https://images.metmuseum.org/CRDImages/aa/original/36.25.1235_001Mar2015_2.jpg,0,,,
696672,Fragment,Fragment,ca. 1150–ca. 1250,,,,"Glass, ceramic",greatest H. 3 1/4 in. (8.3 cm); smallest H. 3/4 in. (1.9 cm),European or Middle Eastern,,,,,,,,,,,Arms and Armor,Glass-Vessels,,False,True,https://www.metmuseum.org/art/collection/search/696672,https://images.metmuseum.org/CRDImages/aa/original/DP276488.jpg,3,,,
32004,Arm Guard,Arm guard,17th–18th century,,,,Steel,L. 12 7/8 in. (32.7 cm); W. 3 3/4 in. (9.5); Wt. 1 lb. 7.8 oz. (618 g),Indian,India,,,,,,,,,,Arms and Armor,Armor Parts,,False,True,https://www.metmuseum.org/art/collection/search/32004,https://images.metmuseum.org/CRDImages/aa/original/36.25.389_001July2014.jpg,0,,,
31763,Knife (Flyssa) with Sheath,Knife (Flyssa) with sheath,possibly 19th century,,,,"Steel, wood, brass, iron",H. with sheath 16 1/4 in. (41.3 cm); H. without sheath 15 1/8 in. (38.4 cm); H. of blade 10 3/4 in. (27.3 cm); W. 1 in. (2.5 cm); Wt. 5.5 oz. (155.9 g); Wt. of sheath 1.4 oz. (39.7 g),"Algerian, Kabyle",Morocco,,,,,,,,,,Arms and Armor,Knives,,False,True,https://www.metmuseum.org/art/collection/search/31763,https://images.metmuseum.org/CRDImages/aa/original/36.25.783a_b_001_Mar2017.jpg,0,,,
24931,Costume Armor in the Classical Style,Costume armor,ca. 1788–90,,,,"Helmet: linen, papier-mâché, bole, gold leaf, graphite; tunic: silk, cotton, metal coils and spangles, metallic yarn",armor: H. 26 3/4 in. (68 cm); W. 22 7/16 in. (57 cm); D. 11 in. (28 cm); helmet: H. 15 3/4 in. (40 cm); W. 7 11/16 in. (19.5 cm); D. 13 3/4 in. (35 cm),"French, Paris",France,,Paris,,Hallé,Maker,French,1755,1825,,Arms and Armor,Costumes,"French, Paris, active ca. 1780–1800",True,True,https://www.metmuseum.org/art/collection/search/24931,https://images.metmuseum.org/CRDImages/aa/original/DT5896.jpg,1,https://www.wikidata.org/wiki/Q29383190,,
29491,Pair of Sword-Grip Ornaments (Menuki),Pair of sword-grip ornaments (Menuki),18th century,,,,Gold,L. of each 1 1/4 in. (3.2 cm); Wt. of each 0.3 oz. (8.5 g),Japanese,Japan,,,Men,,,,,,,Arms and Armor,Sword Furniture-Menuki,,False,True,https://www.metmuseum.org/art/collection/search/29491,https://images.metmuseum.org/CRDImages/aa/original/LC-38_55_70a_b-001.jpg,0,,,
33901,Buckle,Buckle,15th–16th century,,,,Bronze,H. 3/4 in. (1.9 cm); W. 15/16 in. (2.4 cm); thickness 3/16 in. (0.5 cm); Wt. 0.1 oz. (3 g),European,,,,,,,,,,,Arms and Armor,Miscellaneous-Buckles & Ornament,,False,True,https://www.metmuseum.org/art/collection/search/33901,https://images.metmuseum.org/CRDImages/aa/original/LC-29_158_809-001.jpg,0,,,
33955,Buckle,Buckle,15th–17th century,,,,Brass,H. 7/8 in. (2.2 cm); L. 1 5/16 in. (3.3 cm); thickness 1/4 in. (0.6 cm); Wt. 0.2 oz. (6 g),European,,,,,,,,,,,Arms and Armor,Miscellaneous-Buckles & Ornament,,False,True,https://www.metmuseum.org/art/collection/search/33955,https://images.metmuseum.org/CRDImages/aa/original/LC-29_158_865-001.jpg,0,,,
29180,Prick Spur,Spur,possibly 2nd–1st century BCE,,,,Copper alloy (bronze),L. 2 in. (5.1 cm); W. 2 3/4 in. (7 cm); Wt. 0.7 oz. (19.8 g),possibly Roman or Celtic,,,,,,,,,,,Arms and Armor,Equestrian Equipment-Spurs,,False,True,https://www.metmuseum.org/art/collection/search/29180,https://images.metmuseum.org/CRDImages/aa/original/LC-42_50_242-002.jpg,0,https://www.wikidata.org/wiki/Q116394532,,
34480,Sword Guard (Tsuba),Sword guard (Tsuba),ca. 1615–1868,,,,"Iron, gold, copper",H. 3 3/8 in. (8.6 cm); W. 3 1/16 in. (7.8 cm); thickness 3/16 in. (0.5 cm); Wt. 5.2 oz. (147.4 g),Japanese,Japan,,,,,,,,,,Arms and Armor,Sword Furniture-Tsuba,,False,True,https://www.metmuseum.org/art/collection/search/34480,https://images.metmuseum.org/CRDImages/aa/original/29.100.1070_001mar2014.jpg,1,,,
22512,Mask (Sōmen),Mask (Sōmen),14th century (?),,,,Iron,H. 9 1/8 in.  (23.2 cm); W. 6 1/2 in. (16.5 cm),Japanese,Japan,,,,,,,,,,Arms and Armor,Armor Parts-Masks,,False,True,https://www.metmuseum.org/art/collection/search/22512,https://images.metmuseum.org/CRDImages/aa/original/LC-14_100_159-001-2.jpg,1,,,
26864,Knife Handle (Kozuka),Knife handle (Kozuka),18th century,,,,"Copper-gold alloy (shakudō), gold, silver, copper, copper-silver alloy (shibuichi)",L. 3 13/16 in. (9.7 cm); W. 9/16 in. (1.4 cm); thickness 1/4 in. (0.6 cm); Wt. 1.5 oz. (42.5 g),Japanese,Japan,,,Flowers,,,,,,,Arms and Armor,Sword Furniture-Kozuka,,False,True,https://www.metmuseum.org/art/collection/search/26864,https://images.metmuseum.org/CRDImages/aa/original/LC-14_40_891-001.jpg,1,,,
32216,Waist Lame,Waist lame,ca. 1555–60,,,,Steel,H. 2 1/2 in. (6.35 cm); W. 13 in. (33.0 cm); Wt. 5 oz. (141.7 g),"German, Landshut",Germany,,Landshut,,Wolfgang Grosschedel,Armorer,German,1517,1562,,Arms and Armor,Armor Parts,"German, Landshut, active ca. 1517–62",False,True,https://www.metmuseum.org/art/collection/search/32216,https://images.metmuseum.org/CRDImages/aa/original/32.109.5_89921_May2015.jpg,0,,https://www.wikidata.org/wiki/Q65554952,
24941,"Cased Six-Barreled Revolving Percussion Pistol (""Pepperbox"")",Percussion revolver with case,1842–47,,,,"Steel, gold, silver, ivory, wood (rosewood), velvet",L. of pistol 7 in. (17.78 cm); case 12 15/16 x 8 3/16 x 2 5/8 in. (32.84 x 20.78 x 6.65 cm),"American, Norwich, Connecticut",United States,,Norwich,,Ethan Allen,Manufacturer,American,1808,1871,,Arms and Armor,Firearms-Pistols-Percussion,"American, 1808–1871",False,True,https://www.metmuseum.org/art/collection/search/24941,https://images.metmuseum.org/CRDImages/aa/original/LC-1990_137a_j-011.jpg,8,,,
23073,Arrowhead (<i>Yanone</i>),Arrowhead (<i>Yanone</i>),ca. 1615–1868,,,,Steel,L. 10 in. (25.4 cm); L. of head 2 3/4 in. (7 cm); W. 1 1/4 in. (3.2 cm); Wt. 1.2 oz. (34 g),Japanese,Japan,,,,,,,,,,Arms and Armor,Archery Equipment-Arrowheads,,False,True,https://www.metmuseum.org/art/collection/search/23073,https://images.metmuseum.org/CRDImages/aa/original/LC-29.100.1389-001.jpg,0,,,
22206,Partisan of Johann Georg I of Saxony (reigned 1611–56),Partisan,ca. 1625,,,,"Steel, wood",L. 108 11/32 in. (275.2 cm); L. of head (excluding straps) 30 1/2 in. (77.5 cm); W. 4 1/2 in. (11.4 cm); Wt. 6 lb. 5 oz. (2863 g),German,Germany,,,Coat of Arms,,,,,,,Arms and Armor,Shafted Weapons,,False,True,https://www.metmuseum.org/art/collection/search/22206,https://images.metmuseum.org/CRDImages/aa/original/14.25.393_001june2014.jpg,0,https://www.wikidata.org/wiki/Q116327223,,
34471,Sword Guard (Tsuba),Sword guard (Tsuba),ca. 1615–1868,,,,"Copper alloy (sentoku), silver, copper",H. 2 1/8 in. (5.4 cm); W. 1 9/16 in. (4 cm); thickness 3/16 in. (0.5 cm); Wt. 2.1 oz. (59.5 g),Japanese,Japan,,,Flowers,,,,,,,Arms and Armor,Sword Furniture-Tsuba,,False,True,https://www.metmuseum.org/art/collection/search/34471,https://images.metmuseum.org/CRDImages/aa/original/29.100.1061_001mar2014.jpg,1,,,
30774,Spear with Sheath,Spear with sheath,18th–19th century,,,,"Steel, wood (bamboo), brass wire",L. with sheath 93 5/8 in. (237.8 cm); L. without sheath 92 in. (233.7 cm); L. of head 12 1/4 in. (31.1 cm); W. 2 1/4 in. (5.7 cm); Wt. 2 lbs. 13.2 oz. (1281.4 g); Wt. of sheath 4.7 oz. (133.2 g),"Philippine, Sulu",Philippines,,,,,,,,,,Arms and Armor,Shafted Weapons,,False,True,https://www.metmuseum.org/art/collection/search/30774,https://images.metmuseum.org/CRDImages/aa/original/36.25.1977ab_001jan2015.jpg,1,,,
27136,Design for the Hilt of a Small-Sword,Drawing,ca. 1780–90,,,,"Pen, ink, wash, graphite, vellum",9 5/8 x 6 5/8 in. (24.4 x 16.8 cm),"Italian, Rome",Italy,,Rome,Hilts,Luigi Valadier,Artist,Italian,1726,1785,,Arms and Armor,Works on Paper-Drawings,"Italian, Rome 1726–1785 Rome",False,True,https://www.metmuseum.org/art/collection/search/27136,https://images.metmuseum.org/CRDImages/aa/original/LC-1991_251-002.jpg,0,,https://www.wikidata.org/wiki/Q3840231,http://vocab.getty.edu/page/ulan/500028184
27807,Multi-Plate Helmet of Thirty-Two Lames,Helmet,possibly 14th–16th century,,,,"Iron, silver, gold, brass or copper alloy",H. 6 3/4 in. (17.1 cm); W. 9 1/4 in. (23.5 cm); D. 10 5/8 in. (27 cm); Wt. 3 lb. 9.7 oz. (1635.8 g),Mongolian or Tibetan,Tibet,,,,,,,,,,Arms and Armor,Helmets,,False,True,https://www.metmuseum.org/art/collection/search/27807,https://images.metmuseum.org/CRDImages/aa/original/DP124365.jpg,2,,,
25781,Knife Handle (Kozuka),Knife handle (Kozuka),ca. 1615–1868,,,,"Copper, copper-gold alloy (shakudō), copper-silver alloy (shibuichi), gold",L. 3 7/8 in. (9.8 cm); W. 11/16 in. (1.7 cm); thickness 5/16 in. (0.8 cm); Wt. 1.5 oz. (42.5 g),Japanese,Japan,,,Fish,,,,,,,Arms and Armor,Sword Furniture-Kozuka,,False,True,https://www.metmuseum.org/art/collection/search/25781,https://images.metmuseum.org/CRDImages/aa/original/91.1.843_001jan2014.jpg,1,,,
35773,Armor for Man and Horse,Armor for man and horse,"man's armor, ca. 1575 and later; horse armor, ca. 1560 and later",,,,"Steel, gold, leather, copper alloy, textile",man's armor: Wt. approx. 47 lb. 5 oz. (21.5 kg); horse armor with saddle: Wt. 87 lb. 14 oz. (39.85 kg),"Italian, probably Milan",Italy,,probably Milan,,,,,,,,Arms and Armor,Armor for Man,,False,True,https://www.metmuseum.org/art/collection/search/35773,https://images.metmuseum.org/CRDImages/aa/original/sfma21.139.2_87900.jpg,7,https://www.wikidata.org/wiki/Q116240983,,
717729,Arrowhead,Arrowhead,"ca. 10,000 BCE–5000 BCE",,,,Stone,L. 1 3/8 in. (3.5 cm); W. 13/16 in. (2.1 cm); thickness 3/16 in. (0.5 cm); Wt. 0.1 oz (2.8 g),"European, Italian peninsula",Italy,,,,,,,,,,Arms and Armor,Archery Equipment-Arrowheads,,False,True,https://www.metmuseum.org/art/collection/search/717729,https://images.metmuseum.org/CRDImages/aa/original/LC-08_99_9-004.jpg,2,,,
34798,Sword Guard (Tsuba),Sword guard (Tsuba),late 14th–early 15th century,,,,"Iron, copper",H. 3 3/4 in. (9.5 cm); W. 3 11/16 in. (9.4 cm); thickness 1/4 in. (0.6 cm); Wt. 4.6 oz. (130.4 g),Japanese,Japan,,,,,,,,,,Arms and Armor,Sword Furniture-Tsuba,,False,True,https://www.metmuseum.org/art/collection/search/34798,https://images.metmuseum.org/CRDImages/aa/original/2006.351_001may2014.jpg,1,https://www.wikidata.org/wiki/Q116316814,,
24794,"Colt Dragoon Percussion Revolver, Third Model, serial no. 13096",Percussion revolver,1853,,,,"Steel, brass, silver, wood (walnut)",L. 14 3/4 in. (37.47 cm); L. of barrel 7 1/2 in. (19.05 cm); Cal. .45 in. (11.4 mm),"American, Hartford, Connecticut",United States,,Hartford,,Samuel Colt,Manufacturer,American,1814,1862,,Arms and Armor,Firearms-Pistols-Percussion,"American, Hartford, Connecticut 1814–1862",False,True,https://www.metmuseum.org/art/collection/search/24794,https://images.metmuseum.org/CRDImages/aa/original/LC-48_125-001.jpg,1,https://www.wikidata.org/wiki/Q116326244,https://www.wikidata.org/wiki/Q183246,http://vocab.getty.edu/page/ulan/500101743
30060,Sword Guard (Tsuba),Sword guard (Tsuba),17th–18th century,,,,"Iron, copper",Diam. 3 3/16 in. (8.1 cm); thickness 3/16 in. (0.5 cm); Wt. 3.5 oz. (99.2 g),Japanese,Japan,,,Flowers,,,,,,,Arms and Armor,Sword Furniture-Tsuba,,False,True,https://www.metmuseum.org/art/collection/search/30060,https://images.metmuseum.org/CRDImages/aa/original/36.120.57_001mar2014.jpg,1,,,
696649,Fragment,Fragment,ca. 1150–ca. 1250,,,,"Glass, ceramic",greatest H. 3 1/4 in. (8.3 cm); smallest H. 3/4 in. (1.9 cm),European or Middle Eastern,,,,,,,,,,,Arms and Armor,Glass-Vessels,,False,True,https://www.metmuseum.org/art/collection/search/696649,https://images.metmuseum.org/CRDImages/aa/original/DP276488.jpg,3,,,
26505,Close Helmet for a Boy,Helmet,ca. 1530–40,,,,"Steel, leather, copper alloy",H. 11 in. (27.9 cm); W. 7 3/4 in. (19.7 cm); D. 11 in. (27.9 cm); Wt. 4 lb. 4 oz. (1921 g),"German, Augsburg",Germany,,Augsburg,,Kolman Helmschmid,Armorer,German,1471,1532,,Arms and Armor,Helmets,"German, Augsburg 1471–1532",False,True,https://www.metmuseum.org/art/collection/search/26505,https://images.metmuseum.org/CRDImages/aa/original/DP22401.jpg,1,,https://www.wikidata.org/wiki/Q55910577,http://vocab.getty.edu/page/ulan/500012353
30076,Sword Guard (Tsuba),Sword guard (Tsuba),18th century,,,,"Copper-silver alloy (shibuichi), gold, silver, copper",H. 2 7/8 in. (7.3 cm); W. 2 5/8 in. (6.7 cm); thickness 3/16 in. (0.5 cm); Wt. 5.4 oz. (153.1 g),Japanese,Japan,,,Human Figures|Working,,,,,,,Arms and Armor,Sword Furniture-Tsuba,,False,True,https://www.metmuseum.org/art/collection/search/30076,https://images.metmuseum.org/CRDImages/aa/original/36.120.75_001mar2014.jpg,1,,,
31466,Dagger (Katar) with Sheath,Dagger (Katar) with sheath,dated 1243 A.H./1827 CE,,,,"Steel, gold, skin, silver",L. with sheath 11 7/16 in. (29.1 cm); L. without sheath 10 11/16 in. (27.1 cm); W. 3 in. (7.6 cm); Wt. 12.9 oz. (365.7 g); Wt. of sheath 1.4 oz. (39.7 g),"Indian, Mughal",North India,,,,,,,,,,Arms and Armor,Daggers,,False,True,https://www.metmuseum.org/art/collection/search/31466,https://images.metmuseum.org/CRDImages/aa/original/36.25.1070ab_002july2014.jpg,2,,,
32410,Smallsword,Smallsword,hallmarked 1689–90; blade dated 1674,,,,"Steel, silver, wood",L. 38 in. (96.5 cm); L. of blade 30 7/8 in. (78.4 cm); Wt. 1 lb. 5 oz. (595.3 g),"British, London",England,,London,,,,,,,,Arms and Armor,Swords,,False,True,https://www.metmuseum.org/art/collection/search/32410,https://images.metmuseum.org/CRDImages/aa/original/SC-LC-263726.jpg,0,https://www.wikidata.org/wiki/Q116394659,,
31726,Dagger (Katar),Dagger (Katar),18th century,,,,Steel,H. 16 1/4 in. (41.3 cm); W. 3 1/2 in. (8.9 cm); Wt. 1 lb. 3.1 oz. (541.5 g),"Indian, Mughal",India,,,,,,,,,,Arms and Armor,Daggers,,False,True,https://www.metmuseum.org/art/collection/search/31726,https://images.metmuseum.org/CRDImages/aa/original/36.25.746_003june2014.jpg,1,,,
23778,Arrowhead (<i>Yanone</i>),Arrowhead (<i>Yanone</i>),16th century,,,,Steel,L. 18 in. (45.7 cm); L. of head 3 5/8 in. (9.2 cm); W. 1 7/8 in. (4.8 cm); Wt. 2.1 oz. (59.5 g),Japanese,Japan,,,Birds|Turtles|Trees,,,,,,,Arms and Armor,Archery Equipment-Arrowheads,,False,True,https://www.metmuseum.org/art/collection/search/23778,https://images.metmuseum.org/CRDImages/aa/original/LC-36_25_2618-001.jpg,1,,,
26980,Pair of Percussion Target Pistols Made for Display at the 1844 Exposition des Produits de l'Industrie in Paris,Pair of percussion target pistols,dated 1844,,,,"Steel, wood (ebony)",L. of each pistol 16 5/8 in. (42.3 cm); L. of each barrel 11 in. (27.8 cm); Cal. of each barrel .50 in. (13 mm),"French, Paris",France,,Paris,,Alfred Gauvain,Gunsmith,French,1801,1889,,Arms and Armor,Firearms-Pistols-Percussion,"French, Paris 1801–1889 Paris",False,True,https://www.metmuseum.org/art/collection/search/26980,https://images.metmuseum.org/CRDImages/aa/original/DP329615.jpg,20,https://www.wikidata.org/wiki/Q116321505,https://www.wikidata.org/wiki/Q111978368,(not assigned)
29935,Sword Guard (Tsuba),Sword guard (Tsuba),18th century,,,,"Iron, gold, copper",Diam. 3 3/8 in. (8.6 cm); thickness 3/16 in. (0.5 cm); Wt. 3.8 oz. (107.7 g),Japanese,Japan,,,,,,,,,,Arms and Armor,Sword Furniture-Tsuba,,False,True,https://www.metmuseum.org/art/collection/search/29935,https://images.metmuseum.org/CRDImages/aa/original/36.120.113_002mar2014.jpg,1,,,
29589,Powder Horn,Powder horn,1760,,,,"Horn (cow), wood",L. 12 7/8 in. (32.7 cm); Diam. 3 in. (7.6 cm); Wt. 8.6 oz. (243.8 g),Colonial American,United States,,,,,,,,,,Arms and Armor,Firearms Accessories-Powder Horns,,False,True,https://www.metmuseum.org/art/collection/search/29589,https://images.metmuseum.org/CRDImages/aa/original/37.131.38_001Sept2014-2.jpg,3,,,
23505,Arrowhead (<i>Yanone</i>),Arrowhead (<i>Yanone</i>),18th century,,,,Steel,L. 9 5/8 in. (24.4 cm); L. of head 3 in. (7.6 cm); W. 2 in. (5.1 cm); Wt. 1.8 oz. (51 g),Japanese,Japan,,,,,,,,,,Arms and Armor,Archery Equipment-Arrowheads,,False,True,https://www.metmuseum.org/art/collection/search/23505,https://images.metmuseum.org/CRDImages/aa/original/LC-32_75_434-001.jpg,0,,,
30858,Mace,Mace,19th century,,,,"Steel, gold",L. 32 1/2 in. (82.6 cm); Wt. 1 lb. 15 oz. (879 g); head: 4 3/4 x 5 3/4 in. (12 x 14.5 cm),Iranian,Iran,,,Ox,,,,,,,Arms and Armor,Shafted Weapons,,False,True,https://www.metmuseum.org/art/collection/search/30858,https://images.metmuseum.org/CRDImages/aa/original/DP166309.jpg,3,,,
26702,Fauchard,Fauchard,ca. 1550,,,,"Steel, wood, gold, polychromy, textile",L. 8 ft. 10 in. (269.2 cm); L. of head 33 3/4 in. (85.7 cm); W. 8 in. (20.3 cm); Wt. 7 lb. 13.7 oz. (3563.5 g),"Italian, Venice",Italy,,Venice,Coat of Arms,,,,,,,Arms and Armor,Shafted Weapons,,False,True,https://www.metmuseum.org/art/collection/search/26702,https://images.metmuseum.org/CRDImages/aa/original/14.25.273_001feb2015.jpg,1,,,
31344,Kris with Sheath,Kris with sheath,16th–19th century,,,,"Steel, silver, wood",L. with sheath 12 7/8 in. (32.7 cm); L. without sheath 11 in. (27.9 cm); L. of blade 8 5/8 in. (21.9 cm); W. 4 3/8 in. (11.1 cm); Wt. 4.9 oz. (138.9 g); Wt. of sheath 2.3 oz. (65.2 g),Sumatran,Indonesia,,,,,,,,,,Arms and Armor,Krisses,,False,True,https://www.metmuseum.org/art/collection/search/31344,https://images.metmuseum.org/CRDImages/aa/original/LC-36_25_1139a_b-002-2.jpg,1,,,
29785,Knife Handle (Kozuka),Knife handle (Kozuka),late 18th century,,,,"Iron, silver, gold, copper-gold alloy (shakudō)",L. 3 13/16 in. (9.7 cm); W. 9/16 in. (1.4 cm); thickness 5/16 in. (0.8 cm); Wt. 1.3 oz. (36.9 g),Japanese,Japan,,,Flowers,,,,,,,Arms and Armor,Sword Furniture-Kozuka,,False,True,https://www.metmuseum.org/art/collection/search/29785,https://images.metmuseum.org/CRDImages/aa/original/36.120.242_001AA2015.jpg,1,,,
22949,Pair of Vambraces (Arm Defenses) from a Costume Armor,Pair of Vambraces (arm defenses) from a costume armor,ca. 1525,,,,"Steel, copper alloy, gold","As mounted with top lames (29.158.363a, b), right: H. 24 3/4 in. (62.9 cm); W. 14 1/8 in. (35.8 cm); D. 11 3/8 in. (29 cm); Wt. 7 lb. 4.95 oz. (3315 g); left: H. 25 1/8 in. (64 cm); W. 12 1/4 in. (31 cm); D. 13 in. (33.2 cm); Wt. 7 lb. 2.45 oz. (3244 g)","German, Augsburg",Germany,,Augsburg,,Kolman Helmschmid,Armorer,German,1471,1532,,Arms and Armor,Armor Parts,"German, Augsburg 1471–1532",False,True,https://www.metmuseum.org/art/collection/search/22949,https://images.metmuseum.org/CRDImages/aa/original/DP298837.jpg,0,https://www.wikidata.org/wiki/Q116378661,https://www.wikidata.org/wiki/Q55910577,http://vocab.getty.edu/page/ulan/500012353
23414,Arrowhead (<i>Yanone</i>),Arrowhead (<i>Yanone</i>),18th century,,,,Steel,L. 13 1/8 in. (33.3 cm); L. of head 3 7/8 in. (9.8 cm); W. 2 1/4 in. (5.7 cm); Wt. 2.1 oz. (59.5 g),Japanese,Japan,,,Butterflies,,,,,,,Arms and Armor,Archery Equipment-Arrowheads,,False,True,https://www.metmuseum.org/art/collection/search/23414,https://images.metmuseum.org/CRDImages/aa/original/LC-32_75_342-001.jpg,0,,,
33261,Mordant,Mordant,early 15th century,,,,Bronze,H. 5/8 in. (1.6 cm); L. 2 15/16 in. (7.5 cm); thickness 1/8 in. (0.3 cm); Wt. 0.6 oz. (16 g),French,France,,,,,,,,,,Arms and Armor,Miscellaneous-Buckles & Ornament,,False,True,https://www.metmuseum.org/art/collection/search/33261,https://images.metmuseum.org/CRDImages/aa/original/LC-20_152_86-001.jpg,0,,,
22899,Glaive of Emperor Rudolf II (reigned 1576–1612),Glaive,dated 1577,,,,"Steel, wood, textile, gold",L. 100 1/2 in. (255.27 cm); blade L. 23 in. (58.42 cm),"German, Augsburg",Germany,,Augsburg,Coat of Arms,Hans Stromair,Etcher,German,1524,1600,,Arms and Armor,Shafted Weapons,"German, Augsburg, 1524 or 1525–ca. 1583",False,True,https://www.metmuseum.org/art/collection/search/22899,https://images.metmuseum.org/CRDImages/aa/original/25.188.18_001june2014.jpg,0,https://www.wikidata.org/wiki/Q116323945,,
29242,Rowel Spur (Left),Spur,late 18th–early 19th century,,,,"Iron alloy, silver",L. 5 in. (12.7 cm); W. 3 1/2 in. (8.9 cm); Diam. of rowel 5/8 in. (1.6 cm); Wt. 1.7 oz. (48.2 g),German,Germany,,,,,,,,,,Arms and Armor,Equestrian Equipment-Spurs,,False,True,https://www.metmuseum.org/art/collection/search/29242,https://images.metmuseum.org/CRDImages/aa/original/LC-42_50_325-001.jpg,2,,,
788275,Smallsword with Scabbard and Case,Smallsword with scabbard and case,hallmarked for 1798–99,,,,"Steel, gold, silver, wood, vellum, leather, copper alloy, silk, felt",L. 42 3/8 in. (107.5 cm); L. of blade 35 in. (89 cm); Wt. 18.15 oz. (514 g); scabbard L. 35 3/4 in. (90.8 cm); Wt. 2.85 oz (81 g); storage case L. 46 1/8 in. (117 cm); Wt. 22.35 oz. (634 g),"British, London",England,,London,,Michael Barnett,Silversmith,British,1758,1850,,Arms and Armor,Swords,"British, Workington, Cumberland 1758–1823 London",False,True,https://www.metmuseum.org/art/collection/search/788275,https://images.metmuseum.org/CRDImages/aa/original/DP-17852-005.jpg,4,,,
21813,Fencing Shoulder and Arm Guard,Fencing shoulder and arm guard,ca. 1615–1868,,,,Cloth,H. 23 1/4 in. (59.1 cm); W. 24 1/4 in. (62.2 cm),Japanese,Japan,,,,,,,,,,Arms and Armor,Fencing Equipment,,False,True,https://www.metmuseum.org/art/collection/search/21813,https://images.metmuseum.org/CRDImages/aa/original/14.100.448.jpg,0,,,
27766,Powder Flask,Powder flask,possibly 16th–17th century,,,,"Leather, horn, shellac, gold, pigment",H. 10 1/2 in. (26.7 cm); W. 4 in. (10.2 cm); Wt. 3.1 oz. (87.9 g),Tibetan or Mongolian,Mongolia,,,,,,,,,,Arms and Armor,Firearms Accessories-Flasks & Primers,,False,True,https://www.metmuseum.org/art/collection/search/27766,https://images.metmuseum.org/CRDImages/aa/original/DP113253.jpg,0,,,
25723,Sword Guard (Tsuba),Sword guard (Tsuba),ca. 1830–1860,,,,"Iron, copper-gold alloy (shakudō)",H. 2 3/4 in. (7 cm); W. 2 9/16 in. (6.5 cm); thickness 3/16 in. (0.5 cm); Wt. 3.9 oz. (110.6 g),Japanese,Japan,,,Butterflies,,,,,,,Arms and Armor,Sword Furniture-Tsuba,,False,True,https://www.metmuseum.org/art/collection/search/25723,https://images.metmuseum.org/CRDImages/aa/original/91.1.804_001jan2014.jpg,1,,,
34637,Knife Handle (Kozuka),Knife handle (Kozuka),ca. 1615–1868,,,,"Copper-silver alloy (shibuichi), copper-gold alloy (shakudō), silver, gold",L. 3 13/16 in. (9.7 cm); W. 9/16 in. (1.4 cm); thickness 1/4 in. (0.6 cm); Wt. 1.3 oz. (36.9 g),Japanese,Japan,,,Masks,,,,,,,Arms and Armor,Sword Furniture-Kozuka,,False,True,https://www.metmuseum.org/art/collection/search/34637,https://images.metmuseum.org/CRDImages/aa/original/29.100.1228_001AA2015.jpg,1,,,
894750,Armor (<i>Nimai-Dō Gusoku</i>) with Box,Armor (<i>Nimai-Dō Gusoku</i>) with box,late 16th–early 17th century,,,,"Iron, leather, lacquer, textile, wood, yak hair, boar bristle, hemp",H. approx. 67 1/2 in. (171.5 cm),Japanese,Japan,,,,,,,,,,Arms and Armor,Armor,,False,True,https://www.metmuseum.org/art/collection/search/894750,https://images.metmuseum.org/CRDImages/aa/original/LC-TR_360_2a_l_2022-019-2-Edit.jpg,3,,,
35850,Left Arm Defense (Vambrace) with Elbow Reinforce,Left arm defense (Vambrace) with elbow reinforce,ca. 1450–60,,,,Steel,H. 18 in. (45.7 cm); W. 6 in. (15.2 cm); D. 10 3/4 in. (27.3 cm); Wt. 4 lb. 7.5 oz. (2027 g),"Italian, Milan",Italy,,Milan,,,,,,,,Arms and Armor,Armor for Man,,False,True,https://www.metmuseum.org/art/collection/search/35850,https://images.metmuseum.org/CRDImages/aa/original/29.150.7h_001Sept2014.jpg,4,https://www.wikidata.org/wiki/Q116317321,,
23197,"Wheellock Gun of Philippe de Croy, Prince of Chimay (1526–1595)",Wheellock gun,1551–56,,,,"Steel, gold, silver, wood, ivory",L. 42 1/8 in. (107.0 cm); L. of barrel 27 5/8 in. (70.2 cm); Cal. .56 in. (14.2 mm); Wt. 8 lb. 10 oz. (3917 g),"Flemish, possibly Antwerp",Belgium,,possibly Antwerp,Human Figures|Perseus|Coat of Arms|Chariots,,,,,,,Arms and Armor,Firearms-Guns-Wheellock,,False,True,https://www.metmuseum.org/art/collection/search/23197,https://images.metmuseum.org/CRDImages/aa/original/DP271146.jpg,5,https://www.wikidata.org/wiki/Q116327117,,
25558,Badge or Harness Pendant,Badge or harness pendant,ca. 1400,,,,"Copper, gold, enamel",H. 1 5/8 in. (4.1 cm); W. 1 3/8 in. (3.5 cm); Wt. 0.5 oz. (14.2 g),Spanish,Spain,,,Dogs,,,,,,,Arms and Armor,Miscellaneous-Badges,,False,True,https://www.metmuseum.org/art/collection/search/25558,https://images.metmuseum.org/CRDImages/aa/original/LC-04.3.441-001.jpg,0,,,
29439,Pair of Sword-Grip Ornaments (Menuki),Pair of sword-grip ornaments (Menuki),18th century,,,,"Copper-gold alloy (shakudō), copper, gold, silver",L. of each 1 1/8 in. (2.9 cm); Wt. of each 0.3 oz. (8.5 g),Japanese,Japan,,,Men,,,,,,,Arms and Armor,Sword Furniture-Menuki,,False,True,https://www.metmuseum.org/art/collection/search/29439,https://images.metmuseum.org/CRDImages/aa/original/LC-38_55_18a_b-001.jpg,0,,,
34745,Sword-Hilt Collar and Pommel (Fuchigashira),Sword-hilt collar and pommel (Fuchigashira),ca. 1615–1868,,,,Iron,Fuchi (a); H. 1 9/16 in. (4 cm); Wt. 0.7 oz. (19.8 g); kashira (b); H. 1 3/8 in. (3.5 cm); Wt. 0.5 oz. (14.2 g),Japanese,Japan,,,Crabs,,,,,,,Arms and Armor,Sword Furniture-Fuchi-Kashira,,False,True,https://www.metmuseum.org/art/collection/search/34745,https://images.metmuseum.org/CRDImages/aa/original/LC-29_100_1337a_b-001.jpg,0,,,
29113,Sword Pommel,Sword pommel,16th century,,,,Bronze,H. 3 in. (7.6 cm); Wt. 12 oz. (331 g),Italian,Italy,,,Men,,,,,,,Arms and Armor,Swords-Accessories,,False,True,https://www.metmuseum.org/art/collection/search/29113,https://images.metmuseum.org/CRDImages/aa/original/sfsb42.50.155_001.jpg,1,,,
31267,Kris,Kris,18th–19th century,,,,"Steel, horn, cane (rattan)",L. 28 3/4 in. (73 cm); L. of blade 25 5/8 in. (65.1 cm); W. 6 3/4 in. (17.1 cm); W. of blade 2 1/16 in. (5.2 cm); Wt. 3 lb. (1360.8 g),"Philippine, Mindanao",Philippines,Mindanao,,,,,,,,,Arms and Armor,Krisses,,False,True,https://www.metmuseum.org/art/collection/search/31267,https://images.metmuseum.org/CRDImages/aa/original/36.25.1246_001Jun2015.jpg,0,,,
652958,Design for the Decoration of the Grip of a Pocket Pistol,Drawings,ca. 1797–1805,,,,"Pencil, ink, gray wash on paper",3 5/8 x 2 13/16 in. (9.2 x 7.1 cm),"French, Versailles",France,,Versailles,Ornament,Nicolas Noël Boutet,Designer,French,1761,1833,,Arms and Armor,Works on Paper-Drawings,"French, Versailles and Paris, 1761–1833",False,True,https://www.metmuseum.org/art/collection/search/652958,https://images.metmuseum.org/CRDImages/aa/original/DP322490.jpg,0,,https://www.wikidata.org/wiki/Q3339989,http://vocab.getty.edu/page/ulan/500063092
634496,Stirrup,Stirrup,ca. 14th–16th century,,,,"Iron, copper alloy (brass)",H. 4 1/2 in. (11.4 cm); W. 5 1/4 in. (13.3 cm); D. 1 3/4 in. (4.5 cm); Wt. 11.8 oz. (334.5 g),Tibetan or Mongolian,Tibet or Mongolia,,,Dragons,,,,,,,Arms and Armor,Equestrian Equipment-Stirrups,,False,True,https://www.metmuseum.org/art/collection/search/634496,https://images.metmuseum.org/CRDImages/aa/original/DP320621.jpg,3,,,
27684,Brigandine Plate,Brigandine plate,1400–1450,,,,"Iron alloy, copper alloy",H. 9 9/16 in. (24.3 cm); W. 7 1/2 in. (19.1 cm); Wt. 1 lb. 9.2 oz. (714.4 g),Italian,Italy,,,,,,,,,,Arms and Armor,Armor Parts,,False,True,https://www.metmuseum.org/art/collection/search/27684,https://images.metmuseum.org/CRDImages/aa/original/29.150.90ff_001august2014.jpg,3,,,
26905,Knife Handle (Kozuka),Knife handle (Kozuka),18th century,,,,"Copper-silver alloy (shibuichi), copper-gold alloy (shakudō), gold, silver",L. 3 13/16 in. (9.7 cm); W. 9/16 in. (1.4 cm); thickness 1/4 in. (0.6 cm); Wt. 1.1 oz. (31.2 g),Japanese,Japan,,,Flowers,,,,,,,Arms and Armor,Sword Furniture-Kozuka,,False,True,https://www.metmuseum.org/art/collection/search/26905,https://images.metmuseum.org/CRDImages/aa/original/LC-14_40_906-001.jpg,1,,,
24968,"Smith and Wesson .32 Caliber Single-Action Revolver, serial no. 17156",Single-action revolver,1881–1902,,,,"Steel, silver, copper-platinum-iron alloy, nickel",L. 7 in. (17.8 cm); L. of barrel 3 in. (7.6 cm); Cal. .32 in. (8.1 mm); Wt. 15 oz. (438 g),"American, Springfield, Massachusetts and New York",United States,,New York,,Smith & Wesson,Manufacturer,American,1852,9999,,Arms and Armor,Firearms-Pistols-Revolvers,"American, established 1852",False,True,https://www.metmuseum.org/art/collection/search/24968,https://images.metmuseum.org/CRDImages/aa/original/DP315136.jpg,3,https://www.wikidata.org/wiki/Q116394422,https://www.wikidata.org/wiki/Q463090,(not assigned)
23517,Arrowhead (<i>Yanone</i>),Arrowhead (<i>Yanone</i>),18th–19th century,,,,Steel,L. 7 7/8 in. (20 cm); L. of head 3 in. (7.6 cm); W. 1/2 in. (1.3 cm); Wt. 0.7 oz. (19.8 g),Japanese,Japan,,,,,,,,,,Arms and Armor,Archery Equipment-Arrowheads,,False,True,https://www.metmuseum.org/art/collection/search/23517,https://images.metmuseum.org/CRDImages/aa/original/LC-32_75_446-001.jpg,0,,,
35917,Breastplate with Tassets,Breastplate with tassets,ca. 1530,,,,"Steel, copper alloy, leather",H. 34 1/2 in. (87.6 cm); W. 14 in. (35.6 cm); Wt. 11 lb. 6 oz. (5160 g),"German, Augsburg",Germany,,Augsburg,,,,,,,,Arms and Armor,Armor Parts-Breastplates,,False,True,https://www.metmuseum.org/art/collection/search/35917,https://images.metmuseum.org/CRDImages/aa/original/DP320277.jpg,5,https://www.wikidata.org/wiki/Q116317034,,
652965,Designs for the Decoration of the Jaw and Profile of the Cock of a Firearm,Drawings,ca. 1797–1805,,,,"Pencil, ink, gray wash on paper",2 1/4 x 3 in. (5.7 x 7.6 cm),"French, Versailles",France,,Versailles,Dragons,Nicolas Noël Boutet,Designer,French,1761,1833,,Arms and Armor,Works on Paper-Drawings,"French, Versailles and Paris, 1761–1833",False,True,https://www.metmuseum.org/art/collection/search/652965,https://images.metmuseum.org/CRDImages/aa/original/DP322497.jpg,0,,https://www.wikidata.org/wiki/Q3339989,http://vocab.getty.edu/page/ulan/500063092
29721,Knife Handle (Kozuka),Knife handle (Kozuka),mid-19th century,,,,"Copper-silver alloy (shibuichi), silver, copper-gold alloy (shakudō)",L. 3 13/16 in. (9.7 cm); W. 9/16 in. (1.4 cm); thickness 3/16 in. (0.5 cm); Wt. 1.2 oz. (34 g),Japanese,Japan,,,Mice,Kanō Natsuo,Fittings maker,Japanese,1828,1898,,Arms and Armor,Sword Furniture-Kozuka,"Japanese, 1828–1898",False,True,https://www.metmuseum.org/art/collection/search/29721,https://images.metmuseum.org/CRDImages/aa/original/36.120.335_001AA2015.jpg,1,,https://www.wikidata.org/wiki/Q23940700,(not assigned)
27022,Spontoon,Spontoon,18th century,,,,"Steel, wood (ash)",L. 71 3/4 in. (182.3 cm); L. of head 8 7/8 in. (22.5 cm); W. 2 1/4 in. (5.7 cm); Wt. 1 lb. 12 oz. (793.8 g),French,France,,,,,,,,,,Arms and Armor,Shafted Weapons,,False,True,https://www.metmuseum.org/art/collection/search/27022,https://images.metmuseum.org/CRDImages/aa/original/14.25.402_004jan2015.jpg,1,,,
34507,Knife Handle (Kozuka),Knife handle (Kozuka),ca. 1615–1868,,,,"Copper-silver alloy (shibuichi), gold, silver",L. 3 13/16 in. (9.7 cm); W. 9/16 in. (1.4 cm); thickness 3/16 in. (0.5 cm); Wt. 1.2 oz. (34 g),Japanese,Japan,,,Mountains,,,,,,,Arms and Armor,Sword Furniture-Kozuka,,False,True,https://www.metmuseum.org/art/collection/search/34507,https://images.metmuseum.org/CRDImages/aa/original/29.100.1097_001AA2015.jpg,1,,,
34830,Collar of Mail,Collar of mail,16th century,,,,"Steel, iron",H. 18 1/8 in. (46.0 cm); W. 20 5/8 in. (52.0 cm); Diam. (outside) of collar links 7/16 in. (10.7 mm); Diam. (inside) of collar links 9/32 in. (6.9 mm); Diam. (outside) of shawl links 13/32 in. (10.4 mm); Diam. (inside) of shawl links 9/32 in. (7.1 mm).,German,Germany,,,,,,,,,,Arms and Armor,Mail,,False,True,https://www.metmuseum.org/art/collection/search/34830,https://images.metmuseum.org/CRDImages/aa/original/sfma27.183.4_69119.jpg,0,,,
31321,Kris with Sheath,Kris with sheath,16th–19th century,,,,"Steel, wood, ivory, brass",L. with sheath 19 1/2 in. (49.5 cm); L. without sheath 17 3/8 in. (44.1 cm); L. of blade 13 1/2 in. (34.2 cm); W. 3 in. (7.6 cm); Wt. 12.5 oz. (354.4 g); Wt. of sheath 7.8 oz. (221.1 g),Madurese,Indonesia,,Madura,,,,,,,,Arms and Armor,Krisses,,False,True,https://www.metmuseum.org/art/collection/search/31321,https://images.metmuseum.org/CRDImages/aa/original/LC-36_25_1116a_b-007.jpg,0,,,
696667,Fragment,Fragment,ca. 1150–ca. 1250,,,,"Glass, ceramic",greatest H. 3 1/4 in. (8.3 cm); smallest H. 3/4 in. (1.9 cm),European or Middle Eastern,,,,,,,,,,,Arms and Armor,Glass-Vessels,,False,True,https://www.metmuseum.org/art/collection/search/696667,https://images.metmuseum.org/CRDImages/aa/original/DP276488.jpg,3,,,
696701,Fragment,Fragment,ca. 1150–ca. 1250,,,,"Glass, ceramic",greatest H. 3 1/4 in. (8.3 cm); smallest H. 3/4 in. (1.9 cm),European or Middle Eastern,,,,,,,,,,,Arms and Armor,Glass-Vessels,,False,True,https://www.metmuseum.org/art/collection/search/696701,https://images.metmuseum.org/CRDImages/aa/original/DP276488.jpg,3,,,
639928,Armor (<i>Gusoku</i>),Armor (<i>Gusoku</i>),18th century,,,,"Iron, lacquer, silk, gilt copper",as mounted: H. 57 3/4 in. (146.7 cm); W. 31 in. (78.7 cm); D. 21 1/2 in. (54.6 cm),Japanese,Japan,,,,,,,,,,Arms and Armor,Armor for Man,,False,True,https://www.metmuseum.org/art/collection/search/639928,https://images.metmuseum.org/CRDImages/aa/original/DP336899.jpg,6,https://www.wikidata.org/wiki/Q116321989,,
26515,Comb Morion,Comb morion,ca. 1600,,,,"Steel, lead, textile",H. 12 3/8 in. (31.4 cm); W. 8 1/2 in. (21.6 cm); D. 14 7/16 in. (36.7 cm); Wt. 4 lb. (1819 g),German,Germany,,Cologne,Goats,,,,,,,Arms and Armor,Helmets,,False,True,https://www.metmuseum.org/art/collection/search/26515,https://images.metmuseum.org/CRDImages/aa/original/DP22464.jpg,8,,,
33935,Pendant,Pendant,15th–17th century,,,,Bronze,H. 7/8 in. (2.2 cm); L. 1 5/8 in. (4.1 cm); thickness 5/16 in. (0.8 cm); Wt. 0.4 oz. (10 g),European,,,,,,,,,,,Arms and Armor,Miscellaneous-Buckles & Ornament,,False,True,https://www.metmuseum.org/art/collection/search/33935,https://images.metmuseum.org/CRDImages/aa/original/LC-29_158_845-001.jpg,0,,,
25823,Sword Guard (Tsuba),Sword guard (Tsuba),1575–1600,,,,"Iron, silver",H. 3 7/16 in. (8.7 cm); W. 3 1/8 in. (7.9 cm); thickness 1/4 in. (0.6 cm); Wt. 4.1 oz. (116.2 g),Japanese,Japan,,,Human Figures|Demons,,,,,,,Arms and Armor,Sword Furniture-Tsuba,,False,True,https://www.metmuseum.org/art/collection/search/25823,https://images.metmuseum.org/CRDImages/aa/original/13.112.6_001dec2013.jpg,1,,,
34174,Shoe for a Child,Shoe for a child,16th century,,,,Leather,L. 6 3/4 in. (17.1 cm),British,England,,,,,,,,,,Arms and Armor,Miscellaneous,,False,True,https://www.metmuseum.org/art/collection/search/34174,https://images.metmuseum.org/CRDImages/aa/original/DP165966.jpg,0,,,
34269,Morion-Cabasset,Morion-cabasset,16th century,,,,"Steel, brass, leather",H. 11 1/4 in. (28.6 cm); W. 9 1/4 in. (23.5 cm); D. 14 3/16 in. (36 cm); Wt. 2 lb. 14 oz. (1297 g),Italian,Italy,,,,,,,,,,Arms and Armor,Helmets,,False,True,https://www.metmuseum.org/art/collection/search/34269,https://images.metmuseum.org/CRDImages/aa/original/29.158.24_006AA2015.jpg,4,,,
24754,Knife Handle (Kozuka),Knife handle (Kozuka),mid-18th century,,,,"Copper-gold alloy (shakudō), gold",L. 3 13/16 in. (9.7 cm); W. 9/16 in. (1.4 cm),Japanese,Japan,,,,Gotō Mitsutaka (Enjō),Fittings maker,Japanese,1722,1784,,Arms and Armor,Sword Furniture-Kozuka,"Japanese, 1722–1784, thirteenth-generation Gotō master",False,True,https://www.metmuseum.org/art/collection/search/24754,https://images.metmuseum.org/CRDImages/aa/original/LC-45_24_13-001.jpg,1,,,
31490,Kris with Sheath,Kris with sheath,16th–19th century,,,,"Steel, wood, gold",L. with sheath 18 1/2 in. (47 cm); L. without sheath 18 5/16 in. (46.5 cm); L. of blade 14 in. (35.5 cm); W. 4 in. (10.2 cm); Wt. 8 oz. (226.8 g); Wt. of sheath 6.4 oz. (181.4 g),"Javanese, Surakarta",Indonesia,,Surakarta,,,,,,,,Arms and Armor,Krisses,,False,True,https://www.metmuseum.org/art/collection/search/31490,https://images.metmuseum.org/CRDImages/aa/original/LC-36_25_1097a_b-001-2.jpg,1,,,
32074,Armor,Armor,18th century,,,,"Steel, gold, lacquer, textile, semi-precious stones",Helmet (a): H. 12 1/4 in. (31.1 cm); W. 7 1/2 in. (19.1 cm); D. 9 1/2 in. (24.1 cm); Wt. 3 lb. 4.2 oz. (1479.8 g),Chinese,China,,,Dragons,,,,,,,Arms and Armor,Armor for Man,,False,True,https://www.metmuseum.org/art/collection/search/32074,https://images.metmuseum.org/CRDImages/aa/original/36.25.1_007mar2015.jpg,4,,,
26697,Halberd,Halberd,ca. 1550,,,,"Steel, wood (ash), iron",L. 9 ft. 6 in. (290.2 cm); L. of head 44 3/4 in. (113.6 cm); W. 7 5/8 in. (19.4 cm); Wt. 7 lbs. 14 oz. (3570 g),possibly Italian,possibly Italy,,,,,,,,,,Arms and Armor,Shafted Weapons,,False,True,https://www.metmuseum.org/art/collection/search/26697,https://images.metmuseum.org/CRDImages/aa/original/14.25.267_002feb2015.jpg,1,,,
33467,Sword Guard (Tsuba),Sword guard (Tsuba),ca. 1615–1868,,,,"Iron, copper",H. 3 3/8 in. (8.6 cm); W. 3 3/16 in. (8.1 cm); thickness 3/16 in. (0.5 cm); Wt. 5.4 oz. (153.1 g),Japanese,Japan,,,,,,,,,,Arms and Armor,Sword Furniture-Tsuba,,False,True,https://www.metmuseum.org/art/collection/search/33467,https://images.metmuseum.org/CRDImages/aa/original/19.154.81_001feb2014.jpg,1,,,
22731,Pair of Miquelet Pistols,Pair of miquelet pistols,dated 1687,,,,"Steel, wood, brass",L. of each 12 5/8 in. (32.1 cm); L. of each barrel 8 7/8 in. (22.5 cm); Cal. of each .55 in. (14.0 mm); Wt. of each 1 lb. 11 oz. (765 g),"Spanish, Catalonia",Spain,,,,,,,,,,Arms and Armor,Firearms-Pistols,,False,True,https://www.metmuseum.org/art/collection/search/22731,"https://images.metmuseum.org/CRDImages/aa/original/sfrl19.53.24, .25_239252.jpg",0,https://www.wikidata.org/wiki/Q116240976,,
24793,Cuirass (Char-aina),Cuirass (Char-aina),late 18th–early 19th century,,,,"Steel, gold, textile",of breastplate H. 13 in. (33 cm); of backplate H. 15 1/2 in. (39.37 cm); of sides H. 9 5/8 in. (24.5 cm); of whole cuirass W. 11 1/4 in. (28.5 cm); of whole cuirass D. 9 1/2 in. (24 cm); of whole cuirass Wt. 7 lb. (3163 g),Indian or Iranian,Iran,,,Arabic|Flowers,,,,,,,Arms and Armor,Armor Parts-Cuirasses,,False,True,https://www.metmuseum.org/art/collection/search/24793,https://images.metmuseum.org/CRDImages/aa/original/DP151798.jpg,6,https://www.wikidata.org/wiki/Q116326401,,
32848,Coin (Thaler) Showing August I (The Pious) of Saxony,Coin (Thaler),dated 1580,,,,Silver,Diam. 1 9/16 in. (4 cm); thickness 1/8 in. (0.3 cm); Wt. 1 oz. (28.3 g),German,Germany,,,Men|Coat of Arms,,,,,,,Arms and Armor,Miscellaneous-Coins and Medals,,False,True,https://www.metmuseum.org/art/collection/search/32848,https://images.metmuseum.org/CRDImages/aa/original/23.135.3_001nov2014.jpg,1,,,
25820,Sword Guard (Tsuba),Sword guard (Tsuba),17th century,,,,"Iron, gold, silver, lacquer, copper",H. 2 13/16 in. (7.1 cm); W. 2 11/16 in. (6.8 cm); thickness 3/16 in. (0.5 cm); Wt. 3.5 oz. (99.2 g),Japanese,Japan,,,Birds,,,,,,,Arms and Armor,Sword Furniture-Tsuba,,False,True,https://www.metmuseum.org/art/collection/search/25820,https://images.metmuseum.org/CRDImages/aa/original/06.1267_001feb2014.jpg,1,,,
27066,War Hammer,War hammer,15th century,,,,"Steel, wood (oak)",L. 79 7/8 in. (202.9 cm); L. of head 8 1/2 in. (21.6 cm); W. 9 5/8 in. (24.5 cm); Wt. 7 lbs. 8 oz. (2608.2 g),Italian,Italy,,,,,,,,,,Arms and Armor,Shafted Weapons,,False,True,https://www.metmuseum.org/art/collection/search/27066,https://images.metmuseum.org/CRDImages/aa/original/DP-15647-022.jpg,1,,,
22208,Fauchard of the Bodyguard of Cardinal Scipione Borghese-Caffarelli (1576–1633),Fauchard,ca. 1600–1610,,,,"Steel, copper, gold, silver, wood, textile",L. 108 in. (274.32 cm); blade L. 35 in. (24.13 cm); W. 9.5 in. (88.9 cm),Italian,Italy,,,Coat of Arms,,,,,,,Arms and Armor,Shafted Weapons,,False,True,https://www.metmuseum.org/art/collection/search/22208,https://images.metmuseum.org/CRDImages/aa/original/DP277180.jpg,1,https://www.wikidata.org/wiki/Q116327294,,
22901,Armet,Armet,ca. 1500–1510,,,,"Steel, pigment",H. 11 3/4 in. (29.9 cm); W. 9 3/8 in. (23.8 cm); D. 12 1/2 in. (31.8 cm); Wt. 8 lb. 1 oz. (3655 g),British or Flemish,England or Flanders,,,,,,,,,,Arms and Armor,Helmets,,False,True,https://www.metmuseum.org/art/collection/search/22901,https://images.metmuseum.org/CRDImages/aa/original/25.188.21_007AA2015.jpg,4,https://www.wikidata.org/wiki/Q116323916,,
33900,Buckle,Buckle,15th–16th century,,,,Bronze,L. 3/4 in. (1.9 cm); H. 5/8 in. (1.6 cm); thickness 1/8 in. (0.3 cm); Wt. 0.1 oz. (2 g),European,,,,,,,,,,,Arms and Armor,Miscellaneous-Buckles & Ornament,,False,True,https://www.metmuseum.org/art/collection/search/33900,https://images.metmuseum.org/CRDImages/aa/original/LC-29_158_808-001.jpg,0,,,
31491,Kris with Sheath and Kingfisher Hilt,Kris with sheath,16th–19th century,,,,"Steel, wood, gold",L. with sheath 18 3/4 in. (47.6 cm); L. without sheath 17 in. (43.2 cm); L. of blade 14 in. (35.5 cm); W. 4 3/4 in. (12.1 cm); Wt. 7.4 oz. (209.8 g); Wt. of sheath 6.4 oz. (181.4 g),"Javanese, grip possibly Thailand or Sumatera Utara",Possibly Thailand or Indonesia,,,,,,,,,,Arms and Armor,Krisses,,False,True,https://www.metmuseum.org/art/collection/search/31491,https://images.metmuseum.org/CRDImages/aa/original/LC-36_25_1098a_b-001-2.jpg,1,,,
27934,Sword with Scabbard,Sword with scabbard,16th–19th century,,,,"Steel, wood, bronze, gold, silver, iron, pigment, textile",L. with scabbard 31 1/4 in. (79.4 cm); L. without scabbard 29 5/8 in. (75.2 cm); L. of blade 24 in. (61 cm); W. 3 3/4 in. (9.5 cm); Wt. 1 lb. 12.5 oz. (808 g); Wt. of scabbard 12.8 oz. (362.9 g),Korean,Korea,,,,,,,,,,Arms and Armor,Swords,,False,True,https://www.metmuseum.org/art/collection/search/27934,https://images.metmuseum.org/CRDImages/aa/original/DP119015.jpg,3,,,
32886,Prick Spur,Spur,10th–11th century,,,,Iron alloy,L. 6 in. (15.2 cm); W. 4 1/4 in. (10.8 cm); Wt. 3 oz. (85 g),"European, possibly Germany",possibly Germany,,,,,,,,,,Arms and Armor,Equestrian Equipment-Spurs,,False,True,https://www.metmuseum.org/art/collection/search/32886,https://images.metmuseum.org/CRDImages/aa/original/LC-23_192_6-001.jpg,1,,,
35953,Close-Helmet,Close-helmet,ca. 1560,,,,"Steel, polychromy",H. 17 1/4 in. (43.8 cm); W. 9 7/8 in. (25.1 cm); D. 15 1/4 in. (38.7 cm); Wt. 4 lb. 15 oz. (2239 g),British or Flemish,England or Flanders,,,,,,,,,,Arms and Armor,Helmets,,False,True,https://www.metmuseum.org/art/collection/search/35953,https://images.metmuseum.org/CRDImages/aa/original/2013.624_010AA2015.jpg,4,,,
29325,"Curb Bit of Johannes Philip of Lamberg, Bishop of Passau (1651-1712)",Bit,dated 1702,,,,"Iron alloy, tin",H. 12 1/2 in. (31.8 cm); W. 6 1/4 in. (15.9 cm); Wt. 1 lb. 15.1 oz. (881.7 g),German,Germany,,,,,,,,,,Arms and Armor,Equestrian Equipment-Bits,,False,True,https://www.metmuseum.org/art/collection/search/29325,https://images.metmuseum.org/CRDImages/aa/original/LC-42_50_474-003.jpg,1,,,
31329,Kris with Sheath,Kris with sheath,16th–19th century,,,,"Steel, wood, nickel silver",L. with sheath 18 7/8 in. (47.9 cm); L. without sheath 17 1/4 in. (43.8 cm); L. of blade 13 5/8 in. (34.6 cm); W. 3 1/8 in. (7.9 cm); Wt. 10.4 oz. (294.8 g); Wt. of sheath 5.4 oz. (153.1 g),Madurese,Indonesia,,Madura,,,,,,,,Arms and Armor,Krisses,,False,True,https://www.metmuseum.org/art/collection/search/31329,https://images.metmuseum.org/CRDImages/aa/original/LC-36_25_1124a_b-003-2.jpg,1,,,
33904,Buckle,Buckle,15th–16th century,,,,"Bronze, patina",H. 5/8 in. (1.6 cm); W. 1 1/4 in. (3.2 cm); thickness 3/16 in. (0.5 cm); Wt. 0.1 oz. (4 g),European,,,,,,,,,,,Arms and Armor,Miscellaneous-Buckles & Ornament,,False,True,https://www.metmuseum.org/art/collection/search/33904,https://images.metmuseum.org/CRDImages/aa/original/LC-29_158_812-001.jpg,0,,,
23558,Arrowhead (<i>Yanone</i>),Arrowhead (<i>Yanone</i>),18th century,,,,Steel,L. 16 3/4 in. (42.6 cm); L. of head 6 in. (15.2 cm); W. 2 1/4 in. (5.7 cm); Wt. 4 oz. (10.2 g),Japanese,Japan,,,,,,,,,,Arms and Armor,Archery Equipment-Arrowheads,,False,True,https://www.metmuseum.org/art/collection/search/23558,https://images.metmuseum.org/CRDImages/aa/original/LC-32_75_487-001.jpg,0,,,
27361,Cup-Hilted Rapier,Cup-hilted rapier,early 17th century,,,,Steel,L. 51 1/4 in. (130.2 cm); L. of blade 45 1/4 in. (114.9 cm); W. 7 1/2 in. (19.1 cm); D. 4 5/8 in. (11.7 cm); Wt. 2 lb. 12 oz. (1247.4 g),possibly Spainish,possibly Spain,,,,,,,,,,Arms and Armor,Swords,,False,True,https://www.metmuseum.org/art/collection/search/27361,https://images.metmuseum.org/CRDImages/aa/original/LC-14_25_994-001.jpg,5,,,
26952,Spontoon with Fanion,Spontoon with fanion,"fanion dated 1748, spontoon earlier",,,,"Steel, wood, textile",Spontoon; L.10 ft. 10 1/2 in. (331.47 cm); L. of head 15 in. (38.1 cm); W. 5 in. (12.7 cm); Wt. 4 lbs. 3.6 oz. (1916.4); fanion; H. 22 in. (55.8 cm); W. 27 in. (68.5 cm),German,Germany,,,,,,,,,,Arms and Armor,Shafted Weapons,,False,True,https://www.metmuseum.org/art/collection/search/26952,https://images.metmuseum.org/CRDImages/aa/original/32.75.209_001jan2015.jpg,3,,,
26606,Helmet of Eight Plates in the Korean Style,Helmet,possibly 14th–16th century,,,,"Iron, leather",H. 5 1/8 in. (13 cm); W. 8 1/4 in. (21 cm); D. 9 9/16 in. (24.3 cm); Wt. 2 lb. 5.6 oz. (1065.9 g),Korean or Mongolian,Korea,,,,,,,,,,Arms and Armor,Helmets,,False,True,https://www.metmuseum.org/art/collection/search/26606,https://images.metmuseum.org/CRDImages/aa/original/DP113368.jpg,0,https://www.wikidata.org/wiki/Q43742238,,
34725,Sword-Hilt Collar and Pommel (Fuchigashira),Sword-hilt collar and pommel (Fuchigashira),ca. 1615–1868,,,,"Copper-gold alloy (shakudō), gold",Fuchi (a); H. 1 1/2 in. (3.8 cm); Wt. 0.9 oz. (25.5 g); kashira (b); H. 1 5/16 in. (3.3 cm); Wt. 0.5 oz. (14.2 g),Japanese,Japan,,,,,,,,,,Arms and Armor,Sword Furniture-Fuchi-Kashira,,False,True,https://www.metmuseum.org/art/collection/search/34725,https://images.metmuseum.org/CRDImages/aa/original/LC-29.100.1317a_b-006.jpg,0,,,
25747,Sword guard (<i>Tsuba</i>) With Peony Motif (牡丹図鐔),Sword guard (Tsuba),late 18th–early 19th century,,,,"Iron, copper",H. 2 7/8 in. (7.3 cm); W. 2 13/16 in. (7.1 cm); thickness 1/4  in. (0.6 cm); Wt. 5.9 oz. (167.3 g),Japanese,Japan,,,Peonies,Takehara Tomomasa,Artist,Japanese,1775,1825,,Arms and Armor,Sword Furniture-Tsuba,"Japanese, active late 18th–early 19th century",False,True,https://www.metmuseum.org/art/collection/search/25747,https://images.metmuseum.org/CRDImages/aa/original/91.1.820_003jan2014.jpg,1,,,
31484,"Crutch Dagger (Zafar Takieh, ""Cushion of Victory"") with Sheath",Crutch dagger with sheath,19th century,,,,Steel,L. with sheath 24 1/16 in. (61.1 cm); L. without sheath 23 1/16 in. (58.6 cm); W. 6 13/16 in. (17.3 cm); D. 1/2 in. (1.3 cm); Wt. 9.6 oz. (272.2 g); Wt. of sheath 4.3 oz. (121.9 g),Indian,India,,,,,,,,,,Arms and Armor,Daggers,,False,True,https://www.metmuseum.org/art/collection/search/31484,https://images.metmuseum.org/CRDImages/aa/original/36.25.1091ab_002June2014.jpg,1,,,
27398,Flintlock Smooth Bore Gun,Flintlock gun,dated 1794,,,,"Steel, wood (walnut), silver, gold",L. 77 in. (195.6 cm); L. of barrel 61 in. (154.9 cm); Cal. .70 in. (17.8 mm); Wt. 7 lb. (3175.2 g),"Spanish, Madrid",Spain,,Madrid,,,,,,,,Arms and Armor,Firearms-Guns-Flintlock,,False,True,https://www.metmuseum.org/art/collection/search/27398,https://images.metmuseum.org/CRDImages/aa/original/LC-61_195-001.jpg,4,,,
29944,Sword Guard (Tsuba),Sword guard (Tsuba),ca. 1650,,,,"Iron, silver, gold, copper",Diam. 3 1/4 in. (8.3 cm); thickness 3/16 in. (0.5 cm); Wt. 6.6 oz. (187.1 g),Japanese,Japan,,,,,,,,,,Arms and Armor,Sword Furniture-Tsuba,,False,True,https://www.metmuseum.org/art/collection/search/29944,https://images.metmuseum.org/CRDImages/aa/original/LC-36_120_124-008.jpg,5,,,
25642,Rapier,Rapier,ca. 1550,,,,"Steel, iron, gold, wood",L. 49 in. (124.5 cm); L. of blade 43 3/8 in. (110.2 cm); W. 6 1/2 in. (26.5 cm); D. 3 in. (7.6 cm); Wt. 2 lb. 6 oz. (1077.3 g),French,France,,,,,,,,,,Arms and Armor,Swords,,False,True,https://www.metmuseum.org/art/collection/search/25642,https://images.metmuseum.org/CRDImages/aa/original/LC-11_89_3-001-2.jpg,3,,,
33439,Sword Guard (Tsuba),Sword guard (Tsuba),ca. 1615–1868,,,,"Iron, copper",Diam. 2 15/16 in. (7.5 cm); thickness 3/16 in. (0.5 cm); Wt. 4.2 oz. (119.1 g),Japanese,Japan,,,,,,,,,,Arms and Armor,Sword Furniture-Tsuba,,False,True,https://www.metmuseum.org/art/collection/search/33439,https://images.metmuseum.org/CRDImages/aa/original/19.154.52_001feb2014.jpg,1,,,
25585,Pikeman's Helmet,Pikeman's Helmet,"ca. 1610–20, later modified in Japan",,,,"Steel, lacquer, gold, brass",H. 8 1/2 in. (21.6 cm); W. 11 1/4 in. (28.6 cm); D. 14 3/4 in. (37.5 cm); Wt. 3 lb. 14 oz. (1769 g),"Dutch or Flemish, later modified in Japan",Japan,,,,,,,,,,Arms and Armor,Helmets,,False,True,https://www.metmuseum.org/art/collection/search/25585,https://images.metmuseum.org/CRDImages/aa/original/04.4.12_006June2015.jpg,7,,,
35045,Knife Handle (Kozuka),Knife handle (Kozuka),18th century,,,,"Copper-silver alloy (shibuichi), copper-gold alloy (shakudō), gold, copper",L. 3 13/16 in. (9.7 cm); W. 9/16 in. (1.4 cm); thickness 3/16 in. (0.5 cm); Wt. 1.1 oz. (31.2 g),Japanese,Japan,,,Men,,,,,,,Arms and Armor,Sword Furniture-Kozuka,,False,True,https://www.metmuseum.org/art/collection/search/35045,https://images.metmuseum.org/CRDImages/aa/original/17.208.49_001AA2015.jpg,1,,,
23437,Arrowhead (<i>Yanone</i>),Arrowhead (<i>Yanone</i>),18th century,,,,Steel,L. 10 1/2 in. (26.7 cm); L. of head 3 1/2 in. (8.9 cm); W. 2 in. (5.1 cm); Wt. 2.2 oz. (62.4 g),Japanese,Japan,,,,,,,,,,Arms and Armor,Archery Equipment-Arrowheads,,False,True,https://www.metmuseum.org/art/collection/search/23437,https://images.metmuseum.org/CRDImages/aa/original/LC-32_75_365-001.jpg,1,,,
25063,Rapier,Rapier,ca. 1580,,,,"Steel, silver",L. 51 1/2 in. (130.8 cm); L. of blade 45 1/2 in. (115.5 cm); W. 7 1/8 in. (18.2 cm); D. 5 1/4 in. (13.3 cm); Wt. 2 lb. 13 oz. (1275.7 g),Italian,Italy,,,,,,,,,,Arms and Armor,Swords,,False,True,https://www.metmuseum.org/art/collection/search/25063,https://images.metmuseum.org/CRDImages/aa/original/LC-04_3_32-001-2.jpg,5,,,
27090,Lobster-Tail Burgonet,Lobster-tail burgonet,17th century,,,,"Steel, leather",H. 14 1/4 in. (36.2 cm); W. 9 1/8 in. (23.2 cm); D. 16 1/4 in. (41.3 cm); Wt. 4 lb. 6 oz. (1984 g),Polish,Poland,,,,,,,,,,Arms and Armor,Helmets,,False,True,https://www.metmuseum.org/art/collection/search/27090,https://images.metmuseum.org/CRDImages/aa/original/14.25.500_007AA2015.jpg,4,,,
33394,Sword Guard (Tsuba),Sword guard (Tsuba),ca. 1615–1868,,,,"Iron, copper, gold, copper-silver alloy (shibuichi)",H. 2 5/16 in. (5.9 cm); W. 2 3/16 in. (5.6 cm); thickness 3/16 in. (0.5 cm); Wt. 2.1 oz. (59.5 g),Japanese,Japan,,,,,,,,,,Arms and Armor,Sword Furniture-Tsuba,,False,True,https://www.metmuseum.org/art/collection/search/33394,https://images.metmuseum.org/CRDImages/aa/original/19.154.7_001feb2014.jpg,1,,,
26690,Couse,Couse,last quarter 15th century,,,,"Steel, wood, leather",L. 8 ft. 8 in. (264.2 cm); L. of head 29 1/2 in. (75 cm); W. 3 1/2 in. (9 cm); Wt. 6 lbs. 4.7 oz. (2854.8 g),French,France,,,,,,,,,,Arms and Armor,Shafted Weapons,,False,True,https://www.metmuseum.org/art/collection/search/26690,https://images.metmuseum.org/CRDImages/aa/original/14.25.260_001jan2015.jpg,1,,,
30690,Spear,Spear,16th–19th century,,,,"Wood, silver, steel",L. 75 in. (188 cm); L. of head 16 1/2 in. (41.9 cm); W. 2 1/4 in. (5.7 cm); Wt. 1 lb. 14.8 oz. (873.2 g),Javanese,Indonesia,,,,,,,,,,Arms and Armor,Shafted Weapons,,False,True,https://www.metmuseum.org/art/collection/search/30690,https://images.metmuseum.org/CRDImages/aa/original/36.25.2079_001jan2015.jpg,1,,,
26581,"Left Pauldron (Shoulder Defense) Belonging to an Armor for Field and Tournament Made for Duke Nikolaus ""The Black"" Radziwill (1515–1565), Duke of Nesvizh and Olyka, Prince of the Empire, Grand Chancellor and Marshal of Lithuania",Left pauldron (shoulder defense),ca. 1555; probably repainted later,,,,"Steel, gold, paint",H. 8 1/2 in. (12.6 cm); W. 12 1/2 in. (31.7 cm); Wt. 1 lb. 10 oz. (730 g),"German, Nuremberg",Germany,,Nuremberg,,Kunz Lochner,Armorer,German,1510,1567,,Arms and Armor,Armor Parts,"German, Nuremberg, 1510–1567",False,True,https://www.metmuseum.org/art/collection/search/26581,https://images.metmuseum.org/CRDImages/aa/original/DT2921.jpg,0,,https://www.wikidata.org/wiki/Q6445171,http://vocab.getty.edu/page/ulan/500076947
27159,Close-Helmet,Close-helmet,ca. 1560,,,,"Steel, gold, leather, copper alloy",H. 14 3/4 in. (37.5 cm); W. 9 13/16 in. (24.9 cm); D. 13 1/4 in. (33.7 cm); Wt. 7 lb. 4 oz. (3300 g),Italian,Italy,,,,,,,,,,Arms and Armor,Helmets,,False,True,https://www.metmuseum.org/art/collection/search/27159,https://images.metmuseum.org/CRDImages/aa/original/14.25.654_004may2015.jpg,5,,,
34726,Sword-Hilt Collar and Pommel (Fuchigashira),Sword-hilt collar and pommel (Fuchigashira),ca. 1615–1868,,,,"Copper-silver alloy (shibuichi), gold",Fuchi (a); H. 1 1/2 in. (3.8 cm); Wt. 0.8 oz. (22.7 g); kashira (b); H. 1 1/4 in. (3.2 cm); Wt. 0.4 oz. (11.3 g),Japanese,Japan,,,,,,,,,,Arms and Armor,Sword Furniture-Fuchi-Kashira,,False,True,https://www.metmuseum.org/art/collection/search/34726,https://images.metmuseum.org/CRDImages/aa/original/LC-29.100.1318a_b-001.jpg,0,,,
22895,Parade Shield Depicting the Conversion of Saint Paul,Parade shield,ca. 1570,,,,"Steel, gold, silver",Diam. 22 1/8 in. (56.2 cm); D. at center 2 1/4 in. (5.7 cm); Wt. 8 lb. 4 oz. (3742.1 g),"Italian, Milan",Italy,,Milan,Battles|Men|Horses|Saint Paul,,,,,,,Arms and Armor,Shields,,False,True,https://www.metmuseum.org/art/collection/search/22895,https://images.metmuseum.org/CRDImages/aa/original/DT293353.jpg,1,https://www.wikidata.org/wiki/Q116323986,,
25388,Sallet,Sallet,ca. 1490,,,,"Steel, leather",H. 10 1/2 in. (26.7 cm); W. 9 1/4 in. (23.5 cm); D. 15 1/2 in (39.37 cm); Wt. 6 lb. 2 oz. (2769 g),"German, Nuremberg",Germany,,Nuremberg,,,,,,,,Arms and Armor,Helmets,,False,True,https://www.metmuseum.org/art/collection/search/25388,https://images.metmuseum.org/CRDImages/aa/original/DP22336.jpg,9,,,
696673,Fragment,Fragment,ca. 1150–ca. 1250,,,,"Glass, ceramic",greatest H. 3 1/4 in. (8.3 cm); smallest H. 3/4 in. (1.9 cm),European or Middle Eastern,,,,,,,,,,,Arms and Armor,Glass-Vessels,,False,True,https://www.metmuseum.org/art/collection/search/696673,https://images.metmuseum.org/CRDImages/aa/original/DP276488.jpg,3,,,
642395,Sword Guard (Tsuba),Sword guard (Tsuba),mid-19th century,,,,"Iron, gold, copper, silver",H. 2 7/8 in. (7.3 cm); W. 2 3/4 in. (7 cm); thickness 5/16 in. (0.8 cm); Wt. 5.2 oz. (147.4 g),Japanese,Japan,,,Men,,,,,,,Arms and Armor,Sword Furniture-Tsuba,,False,True,https://www.metmuseum.org/art/collection/search/642395,https://images.metmuseum.org/CRDImages/aa/original/33.40.12_001mar2014.jpg,1,,,
31457,Three Knives with Sheath,Three Knives with sheath,18th–19th century,,,,"Steel, bone, gold, velvet, wood, silver",Large knife (a); L. with sheath 14 13/16 in. (37.6 cm); L. without sheath 14 1/8 in. (35.9 cm); W. 1 1/4 in. (3.2 cm); Wt. 8 oz. (226.8 g); sheath (b); Wt. 2.3 oz. (65.2 g); medium knife (c); L. 10 3/16 in. (25.9 cm); W. 3/4 in. (1.9 cm); Wt. 2.5 oz. (70.9 g); small knife (d); L. 6 9/16 in. (16.7 cm); W. 7/16 in. (1.1 cm); Wt. 1 oz. (28.3 g),Indian,India,,,,,,,,,,Arms and Armor,Knives,,False,True,https://www.metmuseum.org/art/collection/search/31457,https://images.metmuseum.org/CRDImages/aa/original/36.25.1061a-d_001july2014.jpg,2,,,
34124,Shield (Adarga),Shield (Adarga),ca. 1500,,,,"Iron, textile",L. 20 1/2 in. (50.07 cm); W. 16 in. (40.64 cm); Wt. 6 lb. 1 oz. (2749.9 g),Spanish,Spain,,,,,,,,,,Arms and Armor,Shields,,False,True,https://www.metmuseum.org/art/collection/search/34124,https://images.metmuseum.org/CRDImages/aa/original/DP359106.jpg,3,,,
21985,Jousting Helm,Jousting helm,ca. 1475–1500,,,,Steel,H. 20 in. (50.8 cm); W. 14 3/4 in. (37.5 cm); D. 16 in. (40.6 cm); Wt. 19 lb. 5 oz. (8769 g),Italian,Italy,,,,,,,,,,Arms and Armor,Helmets,,False,True,https://www.metmuseum.org/art/collection/search/21985,https://images.metmuseum.org/CRDImages/aa/original/DP-18707-001.jpg,7,https://www.wikidata.org/wiki/Q116394101,,
23365,Matchlock Petronel,Matchlock petronel,ca. 1570–80,,,,"Steel, wood, bone",L. 45 1/4 in. (114.9 cm); Cal. .51 in. (12.9 mm); Wt. 7 lb. 11 oz. (3487 g),French,France,,,,,,,,,,Arms and Armor,Firearms-Guns-Matchlock,,False,True,https://www.metmuseum.org/art/collection/search/23365,https://images.metmuseum.org/CRDImages/aa/original/sfrl32.75.111_89269.jpg,0,https://www.wikidata.org/wiki/Q116325492,,
21913,Blade and Mounting for a Short Sword (Wakizashi),Blade and mounting for a short sword (Wakizashi),"blade, dated 1839; mounting, early–mid 19th century",,,,"Steel, wood, lacquer, rayskin (samé), thread, iron, copper-silver alloy (shibuichi), gold,  silver",L. 26 3/4 in. (67.9 cm); L. of blade 23 3/8 in. (59.4 cm); L. of cutting edge 17 27/32 in. (45.3 cm); D. of curvature 9/64 in. (0.36 cm),Japanese,Japan,,Hagi,,Naotane Taikei,Swordsmith,Japanese,1778,1857,,Arms and Armor,Swords,"Japanese, Yamagata 1778–1857 Edo",False,True,https://www.metmuseum.org/art/collection/search/21913,https://images.metmuseum.org/CRDImages/aa/original/sfeahBT91-2-84(8-23-07)s1.jpg,4,,https://www.wikidata.org/wiki/Q55536387,(not assigned)
25557,Badge or Harness Pendant,Badge or harness pendant,15th century,,,,"Copper, gold",H. 3 in. (7.6 cm); W. 2 5/8 in. (6.7 cm); Wt. 1.5 oz. (42.5 g),Spanish,Spain,,,,,,,,,,Arms and Armor,Miscellaneous-Badges,,False,True,https://www.metmuseum.org/art/collection/search/25557,https://images.metmuseum.org/CRDImages/aa/original/LC-04.3.440-001.jpg,0,,,
33779,"Wheellock Pistol, French Royal Arms Collection, inv. no. 217",Wheellock pistol,ca. 1625–30,,,,"Steel, silver, wood",L. 29 1/8 in. (73.9 cm); L. of barrel 21 15/16 in. (55.7 cm); Cal. .47 in. (12 mm); Wt. 3 lb. 1 oz. (1400 g),"Italian, probably Brescia",Italy,,probably Brescia,,,,,,,,Arms and Armor,Firearms-Pistols-Wheellock,,False,True,https://www.metmuseum.org/art/collection/search/33779,https://images.metmuseum.org/CRDImages/aa/original/sfma14.25.1426_230500.jpg,0,https://www.wikidata.org/wiki/Q116320944,,
35106,Sword-Hilt Collar and Pommel (Fuchigashira),Sword-hilt collar and pommel (Fuchigashira),18th century,,,,"Copper-gold alloy (shakudō), gold, silver",Kashira (a); H. 1 3/8 in. (3.5 cm); Wt. 0.5 oz. (14.2 g); fuchi (b); H. 1 1/2 in. (3.8 cm); Wt. 0.9 oz. (25.5 g),Japanese,Japan,,,Men,,,,,,,Arms and Armor,Sword Furniture-Fuchi-Kashira,,False,True,https://www.metmuseum.org/art/collection/search/35106,https://images.metmuseum.org/CRDImages/aa/original/LC-17_208_116a_b-002.jpg,1,,,
30797,Axe (Bullova),Axe (Bullova),18th–19th century,,,,"Steel, wood",H. 32 7/8 in. (83.5 cm); W. 5 in. (12.7 cm); Wt. 1 lb. 0.2 oz. (459.3 g),Indian,India,,,,,,,,,,Arms and Armor,Shafted Weapons,,False,True,https://www.metmuseum.org/art/collection/search/30797,https://images.metmuseum.org/CRDImages/aa/original/36.25.1813_001_Mar2017.jpg,0,,,
22365,Basket-Hilted Sword,Basket-hilted sword,ca. 1720–40,,,,"Steel, gold, leather, textile, wood, sharkskin, silver",L. 38 3/4 in. (98.4 cm); L. of blade 32 5/8 in. (82.9 cm); W. 5 1/2 in. (14 cm); Wt. 3 lb. (1361 g),British,England,,,Coat of Arms,,,,,,,Arms and Armor,Swords,,False,True,https://www.metmuseum.org/art/collection/search/22365,https://images.metmuseum.org/CRDImages/aa/original/LC-14_25_1150-006.jpg,6,https://www.wikidata.org/wiki/Q116394129,,
31479,Knife with Sheath,Knife with sheath,18th–19th century,,,,"Steel, jade, gold, ruby, gemstone, leather, silver",H. with sheath 15 9/16 in. (39.5 cm); H. without sheath 13 15/16 in. (35.4 cm); W. 2 in. (5.1 cm); Wt. 8.8 oz. (249.5 g); Wt. of sheath 6.7 oz. (189.9 g),"Indian, Mughal",India,,,,,,,,,,Arms and Armor,Knives,,False,True,https://www.metmuseum.org/art/collection/search/31479,https://images.metmuseum.org/CRDImages/aa/original/36.25.1086ab_002july2014.jpg,2,,,
31642,Dagger with Sheath,Dagger with sheath,18th–19th century,,,,"Wood, steel, silver",L. with sheath 9 1/4 in. (23.5 cm); L. without sheath 8 3/4 in. (22.2 cm); L. of blade 5 3/4 in. (14.6 cm); W. 2 1/2 in. (6.4 cm); Wt. 1.8 oz. (51 g); Wt. of sheath 0.9 oz. (25.5 g),Malayan,Malay,,,,,,,,,,Arms and Armor,Daggers,,False,True,https://www.metmuseum.org/art/collection/search/31642,https://images.metmuseum.org/CRDImages/aa/original/36.25.849ab_002june2014.jpg,2,,,
35826,Armet for the Tourney,Armet for the tourney,ca. 1515–20,,,,"Steel, copper alloy",H. 12 1/2 in. (31.8 cm); W. 9 3/4 in. (24.8 cm); D. 11 7/16 in. (29.1 cm); Wt. 8 lb. 8 oz. (3866 g),"German, Augsburg",Germany,,Augsburg,,Kolman Helmschmid,Armorer,German,1471,1532,,Arms and Armor,Helmets,"German, Augsburg 1471–1532",False,True,https://www.metmuseum.org/art/collection/search/35826,https://images.metmuseum.org/CRDImages/aa/original/29.150.6ab_003AA2015.jpg,5,https://www.wikidata.org/wiki/Q116317454,https://www.wikidata.org/wiki/Q55910577,http://vocab.getty.edu/page/ulan/500012353
23692,Arrowhead (<i>Yanone</i>),Arrowhead (<i>Yanone</i>),18th century,,,,Steel,L. 8 in. (20.3 cm); L. of head 1 3/8 in. (3.5 cm); W. 1 5/8 in. (4.1 cm); Wt. 0.6 oz. (17 g),Japanese,Japan,,,,,,,,,,Arms and Armor,Archery Equipment-Arrowheads,,False,True,https://www.metmuseum.org/art/collection/search/23692,https://images.metmuseum.org/CRDImages/aa/original/LC-32_75_626-001.jpg,0,,,
23256,Gauntlet for the Left Hand,Gauntlet for the left hand,ca. 1450–60,,,,Steel,L. 8 1/4 in. (21 cm); W. 5 in. (12.7 cm); D. 4 7/8 in. (12.4 cm); Wt. 10.6 oz. (300.5 g),Italian,Italy,,,,,,,,,,Arms and Armor,Armor Parts-Gauntlets,,False,True,https://www.metmuseum.org/art/collection/search/23256,https://images.metmuseum.org/CRDImages/aa/original/DP-15647-027.jpg,8,https://www.wikidata.org/wiki/Q116394264,,
22686,Harness Ornament,Harness ornament,ca. 3rd century,,,,"Iron, bronze, gold",Diam. 4 1/4 in. (10.8 cm); D. 1 7/8 in. (4.8 cm); Wt. 8.3 oz. (235.3 g),Japanese,Japan,,,,,,,,,,Arms and Armor,Miscellaneous-Buckles & Ornament,,False,True,https://www.metmuseum.org/art/collection/search/22686,https://images.metmuseum.org/CRDImages/aa/original/LC-17_222_7_17_229_36-001.jpg,0,,,
21930,Rapier,Rapier,ca. 1620–30,,,,"Steel, gold, iron, wood",L. 47 1/8 in. (119.7 cm); L. of blade 40 3/4 in. (103.5 cm); W. 9 1/8 in. (23.2 cm); Wt. 2 lb. 6 oz. (1077 g),"hilt, Italian; blade, German, Solingen",Italy,,Solingen,,"Andreas Munsten, German, Solingen, active ca. 1600, or Peter Munsten",Bladesmith,,,,,Arms and Armor,Swords,,False,True,https://www.metmuseum.org/art/collection/search/21930,https://images.metmuseum.org/CRDImages/aa/original/LC-04_3_7-006.jpg,4,https://www.wikidata.org/wiki/Q116394092,,
34683,Knife Handle (Kozuka),Knife handle (Kozuka),ca. 1615–1868,,,,"Iron, copper-silver alloy (shibuichi), gold, copper",L. 3 13/16 in. (9.7 cm); W. 9/16 in. (1.4 cm); thickness 1/4 in. (0.6 cm); Wt. 1.3 oz. (36.9 g),Japanese,Japan,,,Birds,,,,,,,Arms and Armor,Sword Furniture-Kozuka,,False,True,https://www.metmuseum.org/art/collection/search/34683,https://images.metmuseum.org/CRDImages/aa/original/29.100.1274_001AA2015.jpg,1,,,
29119,Bit Boss with Hercules and Diomedes,Bit boss,late 16th century,,,,"Copper alloy, gold",Diam. 2 3/4 in. (7 cm); Wt. 2.5 oz. (70 g),"German, probably Augsburg",Germany,,Probably Augsburg,Hercules|Horses,,,,,,,Arms and Armor,Equestrian Equipment-Bits,,False,True,https://www.metmuseum.org/art/collection/search/29119,https://images.metmuseum.org/CRDImages/aa/original/LC-42_50_161-001.jpg,0,,,
695434,Fragment,Fragment,ca. 1150–ca. 1250,,,,"Glass, ceramic",greatest H. 3 1/4 in. (8.3 cm); smallest H. 3/4 in. (1.9 cm),European or Middle Eastern,,,,,,,,,,,Arms and Armor,Glass-Vessels,,False,True,https://www.metmuseum.org/art/collection/search/695434,https://images.metmuseum.org/CRDImages/aa/original/DP276488.jpg,3,,,
32184,Sword (Kilij) with Scabbard,Sword (Kilij) with scabbard,19th century,,,,"Steel, wood, turquoise, coral, emerald, gold",L. 35 1/2 in. (90.2 cm),Turkish,Ottoman Empire,,,,,,,,,,Arms and Armor,Swords,,False,True,https://www.metmuseum.org/art/collection/search/32184,https://images.metmuseum.org/CRDImages/aa/original/DP163325.jpg,14,,,
35095,Sword-Hilt Collar and Pommel (Fuchigashira),Sword-hilt collar and pommel (Fuchigashira),18th century,,,,"Copper-gold alloy (shakudō), gold, silver, copper, copper-silver alloy (shibuichi)",Kashira (a); H. 1 5/16 in. (3.3 cm); Wt. 0.4 oz. (11.3 g); fuchi (b); H. 1 1/2 in. (3.8 cm); Wt. 0.8 oz. (22.7 g),Japanese,Japan,,,Human Figures|Leaves,,,,,,,Arms and Armor,Sword Furniture-Fuchi-Kashira,,False,True,https://www.metmuseum.org/art/collection/search/35095,https://images.metmuseum.org/CRDImages/aa/original/LC-17_208_103a_b-001.jpg,0,,,
35107,Sword-Hilt Collar and Pommel (Fuchigashira),Sword-hilt collar and pommel (Fuchigashira),19th century,,,,"Copper-gold alloy (shakudō), gold, silver, copper",Kashira (a); H. 1 1/2 in. (3.8 cm); Wt. 1 oz. (28.3 g); fuchi (b); H. 1 5/8 in. (4.1 cm); Wt. 1.7 oz. (48.2 g),Japanese,Japan,,,,,,,,,,Arms and Armor,Sword Furniture-Fuchi-Kashira,,False,True,https://www.metmuseum.org/art/collection/search/35107,https://images.metmuseum.org/CRDImages/aa/original/LC-17_208_117a_b-001.jpg,0,,,
24832,Viking Sword,Sword,10th century,,,,"Steel, copper, silver, niello",L. 37 3/4 in. (95.9 cm); L. of blade 31 7/8 in. (81 cm); W. 4 5/16 in. (11 cm); Wt. 2 lb. 4 oz. (1021 g),"European, probably Scandinavia",,probably Scandinavia,,,,,,,,,Arms and Armor,Swords,,True,True,https://www.metmuseum.org/art/collection/search/24832,https://images.metmuseum.org/CRDImages/aa/original/DT758.jpg,0,https://www.wikidata.org/wiki/Q29383168,,
26554,Snaphaunce Hunting Rifle,Snaphaunce hunting rifle,dated 1722,,,,"Steel, wood (walnut), brass, horn",L. 43 3/8 in. (117.8 cm),"Swedish, Stockholm",Sweden,,Stockholm,,Jonas Schertiger the Younger,Stock maker,Swedish,1715,1748,,Arms and Armor,Firearms,"Swedish, active 1715–died 1748",False,True,https://www.metmuseum.org/art/collection/search/26554,https://images.metmuseum.org/CRDImages/aa/original/DT4207.jpg,3,https://www.wikidata.org/wiki/Q116320779,,
25626,Partisan,Partisan,16th century,,,,"Steel, wood (ash), brass",L. 81 in. (205.9 cm); L. of head 26 1/4 in. (66.7 cm); W. 4 1/2 in. (11.5 cm); Wt. 4 lbs. 4 oz. (1927.8 g),Italian,Italy,,,,,,,,,,Arms and Armor,Shafted Weapons,,False,True,https://www.metmuseum.org/art/collection/search/25626,https://images.metmuseum.org/CRDImages/aa/original/08.261.4_001feb2015.jpg,1,,,
27153,Morion,Morion,ca. 1575,,,,"Steel, gold, brass, leather",H. 12 1/16 in. (30.6 cm); W. 9 in. (22.9 cm); D. 14 1/2 in. (36.8 cm); Wt. 3 lb. 8 oz. (1587 g),French,France,,,,,,,,,,Arms and Armor,Helmets,,False,True,https://www.metmuseum.org/art/collection/search/27153,https://images.metmuseum.org/CRDImages/aa/original/14.25.643_006mar2015.jpg,4,,,
647195,Ludi equestres. Das Thurnieren (The Tournament),Hand-colored engraving,ca. 1730,,,,"Paper, ink, polychromy",9 1/2 x 15 3/16 in. (241 x 385 mm),German,Germany,,,Men|Horses,Martin Engelbrecht,Artist,German,1684,1756,,Arms and Armor,Works on Paper-Engravings,"German, Augsburg 1684–1756 Augsburg",False,True,https://www.metmuseum.org/art/collection/search/647195,https://images.metmuseum.org/CRDImages/aa/original/DP701305.jpg,0,,https://www.wikidata.org/wiki/Q1903690,http://vocab.getty.edu/page/ulan/500008821
29977,Sword Guard (Tsuba),Sword guard (Tsuba),17th century,,,,"Iron, gold, copper",Diam. 3 3/16 in. (8.1 cm); thickness 3/16 in. (0.5 cm); Wt. 4.8 oz. (136.1 g),Japanese,Japan,,,Leaves,,,,,,,Arms and Armor,Sword Furniture-Tsuba,,False,True,https://www.metmuseum.org/art/collection/search/29977,https://images.metmuseum.org/CRDImages/aa/original/36.120.168_001mar2014.jpg,1,,,
22096,War Hat (Jingasa),War hat (jingasa),probably 18th century,,,,Iron,Diam. 17 in. (43.2 cm),Japanese,Japan,,,,,,,,,,Arms and Armor,Helmets,,False,True,https://www.metmuseum.org/art/collection/search/22096,https://images.metmuseum.org/CRDImages/aa/original/866.jpg,0,,,
696706,Fragment,Fragment,ca. 1150–ca. 1250,,,,"Glass, ceramic",greatest H. 3 1/4 in. (8.3 cm); smallest H. 3/4 in. (1.9 cm),European or Middle Eastern,,,,,,,,,,,Arms and Armor,Glass-Vessels,,False,True,https://www.metmuseum.org/art/collection/search/696706,https://images.metmuseum.org/CRDImages/aa/original/DP276488.jpg,3,,,
34985,Hair Dressing Tool (Kogai),Hair dressing tool (Kogai),15th century,,,,Iron,L. 7 7/8 in. (20 cm); W. 1/2 in. (1.3 cm); thickness 1/4 in. (0.6 cm); Wt. 1.7 oz. (48.2 g),Japanese,Japan,,,,,,,,,,Arms and Armor,Sword Furniture-Kogai,,False,True,https://www.metmuseum.org/art/collection/search/34985,https://images.metmuseum.org/CRDImages/aa/original/14.100.523_001AA2015.jpg,2,,,
30871,Mace,Mace,18th century,,,,"Steel, leather",H. 35 1/2 in. (90.2 cm); W. 4 3/4 in. (12.1 cm); Wt. 4 lb. 7.5 oz. (2027 g),"Indian, Tamil, Chennai",India,,Chennai,,,,,,,,Arms and Armor,Shafted Weapons,,False,True,https://www.metmuseum.org/art/collection/search/30871,https://images.metmuseum.org/CRDImages/aa/original/36.25.1898_001_Mar2017.jpg,0,,,
24118,Helmet Crest (Maidate),Helmet crest (maidate),18th–19th century,,,,"Wood, gold, lacquer, and textile",Diam. 8 in. (20.3 cm); Wt. 1.2 oz. (35 g),Japanese,Japan,,,,,,,,,,Arms and Armor,Helmet Crests,,False,True,https://www.metmuseum.org/art/collection/search/24118,https://images.metmuseum.org/CRDImages/aa/original/DT11938.jpg,0,,,
34662,Knife Handle (Kozuka),Knife handle (Kozuka),ca. 1615–1868,,,,"Copper-gold alloy (shakudō), gold",L. 3 13/16 in. (9.7 cm); W. 9/16 in. (1.4 cm); thickness 1/4 in. (0.6 cm); Wt. 1.1 oz. (31.2 g),Japanese,Japan,,,Boats,,,,,,,Arms and Armor,Sword Furniture-Kozuka,,False,True,https://www.metmuseum.org/art/collection/search/34662,https://images.metmuseum.org/CRDImages/aa/original/29.100.1253_001AA2015.jpg,1,,,
24729,Sword-Grip Ornaments (Menuki),Sword-grip ornaments (Menuki),mid-18th century,,,,"Copper-gold alloy (shakudō), silver, gold",L. of grip ornament (a) 1 1/2 in. (3.8 cm); L. of grip ornament (b) 1 1/2 in. (3.8 cm),Japanese,Japan,,,,Gotō Mitsutaka (Enjō),Fittings maker,Japanese,1722,1784,,Arms and Armor,Sword Furniture-Menuki,"Japanese, 1722–1784, thirteenth-generation Gotō master",False,True,https://www.metmuseum.org/art/collection/search/24729,https://images.metmuseum.org/CRDImages/aa/original/LC-45_24_48ab-001.jpg,0,,,
34578,Knife Handle (Kozuka),Knife handle (Kozuka),ca. 1615–1868,,,,"Copper-silver alloy (shibuichi), gold, silver, copper",L. 3 13/16 in. (9.7 cm); W. 9/16 in. (1.4 cm); thickness 1/4 in. (0.6 cm); Wt. 1.2 oz. (34 g),Japanese,Japan,,,Monkeys|Leaves,,,,,,,Arms and Armor,Sword Furniture-Kozuka,,False,True,https://www.metmuseum.org/art/collection/search/34578,https://images.metmuseum.org/CRDImages/aa/original/29.100.1168_001AA2015.jpg,1,,,
27171,Drawing of a Sword Hilt,Drawing,16th–17th century,,,,Pen and ink on paper,10 x 4 1/2 in. (25.4 x 11.4 cm),Western European,,,,Hilts|Medusa|Snakes,,,,,,,Arms and Armor,Works on Paper-Drawings,,False,True,https://www.metmuseum.org/art/collection/search/27171,https://images.metmuseum.org/CRDImages/aa/original/DP810581.jpg,0,,,
23948,Shield of Henry II of France (reigned 1547–59),Shield,ca. 1555,,,,"Steel, gold, silver",H. 25 in. (63.5 cm); W. 18 in. (45.7 cm); Wt. 7 lb. (3175 g),French,France,,,Battles|Soldiers|Men|Horses,,,,,,,Arms and Armor,Shields,,True,True,https://www.metmuseum.org/art/collection/search/23948,https://images.metmuseum.org/CRDImages/aa/original/DP273556.jpg,2,https://www.wikidata.org/wiki/Q29383141,,
35006,Pair of Sword-Grip Ornaments (Menuki),Pair of sword-grip ornaments (Menuki),19th century,,,,"Gold, copper-gold alloy (shakudō)",Menuki (a); L. 1 1/2 in. (3.8 cm); Wt. 0.4 oz. (11.3 g); menuki (b); L. 1 1/8 in. (2.9 cm); Wt. 0.3 oz. (8.5 g),Japanese,Japan,,,Birds,Osozuka Hisanori,Fittings maker,Japanese,1801,1900,,Arms and Armor,Sword Furniture-Menuki,"Japanese, Edo period, active 19th century",False,True,https://www.metmuseum.org/art/collection/search/35006,https://images.metmuseum.org/CRDImages/aa/original/LC-17_208_11a_b-001.jpg,0,,,
23111,Forearm Defense (Vambrace),Forearm defense (Vambrace),ca. 1450–70,,,,Steel,H. 7 3/4 in. (19.7 cm); W. 4 in. (10.2 cm); D. 4 in. (10.2 cm); Wt. 14.1 oz. (399.7 g),Italian,Italy,,,,,,,,,,Arms and Armor,Armor Parts,,False,True,https://www.metmuseum.org/art/collection/search/23111,https://images.metmuseum.org/CRDImages/aa/original/29.150.35_003august2014.jpg,2,,,
33204,Buckle,Buckle,ca. 409–711,,,,"Bronze, patina",H. 1 9/16 in. (4 cm); W. 1 1/4 (3.1 cm); thickness 11/16 in. (4.3 cm); Wt. 1.2 oz. (33 g),Ibero-Roman or Visigothic,possibly Spain or Portugal,,,,,,,,,,Arms and Armor,Miscellaneous-Buckles & Ornament,,False,True,https://www.metmuseum.org/art/collection/search/33204,https://images.metmuseum.org/CRDImages/aa/original/LC-20_152_29-001.jpg,0,,,
27924,Broadsword,Broadsword,dated 1612,,,,"Steel, brass wire, gold",L. 36 5/8 in. (93 cm); L. of blade 30 7/8 in. (78.4 cm); W. 4 3/4 in. (12.1 cm); D. 3 3/4 in. (9.5 cm); Wt. 1 lb. 13 oz. (822.1 g),"German, Solingen",Germany,,Solingen,,,,,,,,Arms and Armor,Swords,,False,True,https://www.metmuseum.org/art/collection/search/27924,https://images.metmuseum.org/CRDImages/aa/original/DP243856.jpg,4,,,
695211,Fragment,Fragment,ca. 1150–ca. 1250,,,,"Glass, ceramic",greatest H. 3 1/4 in. (8.3 cm); smallest H. 3/4 in. (1.9 cm),European or Middle Eastern,,,,,,,,,,,Arms and Armor,Glass-Vessels,,False,True,https://www.metmuseum.org/art/collection/search/695211,https://images.metmuseum.org/CRDImages/aa/original/DP276488.jpg,3,,,
25785,Knife Handle (Kozuka),Knife handle (Kozuka),ca. 1615–1868,,,,"Copper-silver alloy (shibuichi), copper-gold alloy (shakudō), gold",L. 3 13/16 in. (9.7 cm); W. 9/16 in. (1.4 cm); thickness 3/16 in. (0.5 cm); Wt. 1.1 oz. (31.2 g),Japanese,Japan,,,Men|Dragons,,,,,,,Arms and Armor,Sword Furniture-Kozuka,,False,True,https://www.metmuseum.org/art/collection/search/25785,https://images.metmuseum.org/CRDImages/aa/original/91.1.847_001AA2015.jpg,1,,,
22033,Chin Mask (Ho-Ate),Chin mask (Ho-ate),18th century,,,,Iron,H. 4 1/2 in. (11.4 cm); W. 6 in. (15.2 cm),Japanese,Japan,,,,,,,,,,Arms and Armor,Armor Parts-Masks,,False,True,https://www.metmuseum.org/art/collection/search/22033,https://images.metmuseum.org/CRDImages/aa/original/LC-04_4_45-002-2.jpg,1,,,
35896,"Field Armor Probably of Sir John 
Scudamore (1541 or 1542–1623)",Field armor,"ca. 1587, restored and completed 1915",,,,"Steel, gold, leather",Wt. 68 lb. 8 oz. (31.07 kg),"British, Greenwich",United States,,New York,,Jacob Halder,Armorer,British,1558,1608,,Arms and Armor,Armor for Man,"British, master armorer at the royal workshops at Greenwich, documented in England 1558–1608",False,True,https://www.metmuseum.org/art/collection/search/35896,https://images.metmuseum.org/CRDImages/aa/original/scaneah11-128-1s1bw259331.jpg,2,https://www.wikidata.org/wiki/Q116327861,https://www.wikidata.org/wiki/Q28604366,(not assigned)
31878,Pair of Stirrups,Pair of stirrups,18th–19th century,,,,Brass,Stirrup (a); H. 4 1/2 in. (11.4 cm); W. 5 5/8 in. (14.3 cm); D. 1 1/2 in. (3.8 cm); Wt. 9.7 oz. (275 g); stirrup (b); H. 4 1/4 in. (10.8 cm); W. 5 5/8 in. (14.3 cm); D. 1 1/2 in. (3.8 cm); Wt. 9.7 oz. (275 g),"Indian, Central or South India",India,,,,,,,,,,Arms and Armor,Equestrian Equipment-Stirrups,,False,True,https://www.metmuseum.org/art/collection/search/31878,https://images.metmuseum.org/CRDImages/aa/original/LC-36_25_515a_b-004.jpg,0,,,
23442,Arrowhead (<i>Yanone</i>),Arrowhead (<i>Yanone</i>),18th century,,,,Steel,L. 10 3/4 in. (27.3 cm); L. of head 3 1/4 in. (8.3 cm); W. 2 in. (5.1 cm); Wt. 1.4 oz. (39.7 g),Japanese,Japan,,,,,,,,,,Arms and Armor,Archery Equipment-Arrowheads,,False,True,https://www.metmuseum.org/art/collection/search/23442,https://images.metmuseum.org/CRDImages/aa/original/LC-32_75_370-001.jpg,0,,,
29537,Sword Guard (Tsuba),Sword guard (Tsuba),first half 18th century,,,,"Copper-gold alloy (shakudō), gold, copper-silver alloy (shibuichi), copper",H. 3 in. (7.6 cm); W. 2 3/4 in. (7 cm); thickness 5/16 in. (0.8 cm); Wt. 5.9 oz. (167.3 g),Japanese,Japan,,,Insects,,,,,,,Arms and Armor,Sword Furniture-Tsuba,,False,True,https://www.metmuseum.org/art/collection/search/29537,https://images.metmuseum.org/CRDImages/aa/original/38.25.39_001apr2014.jpg,1,,,
35078,Sword-Hilt Collar and Pommel (Fuchigashira),Sword-hilt collar and pommel (Fuchigashira),19th century,,,,"Copper-gold alloy (shakudō), gold",Kashira (a); H. 1 5/16 in. (3.3 cm); Wt. 0.4 oz. (11.3 g); fuchi (b); H. 1 1/2 in. (3.8 cm); Wt. 0.6 oz. (17 g),Japanese,Japan,,,Dragons,,,,,,,Arms and Armor,Sword Furniture-Fuchi-Kashira,,False,True,https://www.metmuseum.org/art/collection/search/35078,https://images.metmuseum.org/CRDImages/aa/original/LC-17_208_83a_b-002.jpg,0,,,
33392,Sword Guard (Tsuba),Sword guard (Tsuba),ca. 1615–1868,,,,"Iron, gold, silver",H. 3 in. (7.6 cm); W. 2 3/4 in. (7 cm); thickness 3/16 in. (0.5 cm); Wt. 3.9 oz. (110.6 g),Japanese,Japan,,,Geese,,,,,,,Arms and Armor,Sword Furniture-Tsuba,,False,True,https://www.metmuseum.org/art/collection/search/33392,https://images.metmuseum.org/CRDImages/aa/original/19.154.5_001feb2014.jpg,1,,,
34584,Knife Handle (Kozuka),Knife handle (Kozuka),ca. 1615–1868,,,,"Copper, gold",L. 3 13/16 in. (9.7 cm); W. 9/16 in. (1.4 cm); thickness 3/16 in. (0.5 cm); Wt. 1.1 oz. (31.2 g),Japanese,Japan,,,Men,,,,,,,Arms and Armor,Sword Furniture-Kozuka,,False,True,https://www.metmuseum.org/art/collection/search/34584,https://images.metmuseum.org/CRDImages/aa/original/29.100.1174_001AA2015.jpg,1,,,
22253,Armor,Armor,"ca. 1560 and later; greaves and sabatons, ca. 1570–80",,,,"Steel, leather",Wt. 47 lb. 15 oz. (21.74 g); Wt. of helmet 6 lb. 4 oz. (2835 g),"German, Landshut; greaves and sabatons, German, Augsburg (?)",Germany,,Landshut and Augsburg (?),,,,,,,,Arms and Armor,Armor for Man,,False,True,https://www.metmuseum.org/art/collection/search/22253,https://images.metmuseum.org/CRDImages/aa/original/14.25.690_101167_May2015.jpg,13,,,
34287,Falconet with Laffette,Falconet with laffette,dated 1650,,,,"Bronze, wood (ash), iron, paint",L. 102 1/2 in. (259.1 cm); L. of falconet 52 in. (132.1 cm); Cal. 1.5 in. (39 mm); Diam. of muzzle 2 3/4 in. (6.9 cm); Diam. of breech 4 1/2 in. (11.4 cm); Wt. of barrel 146 lb. (66.22 kg); L. of carriage 79 in. (200.7 cm); W. of carriage 43 in. (109.2 cm); Wt. of carriage 140 lb. (63.5 kg),Austrian,Austria,,,,,,,,,,Arms and Armor,Firearms,,False,True,https://www.metmuseum.org/art/collection/search/34287,https://images.metmuseum.org/CRDImages/aa/original/IMG_0903.jpg,9,,,
642391,Sword Guard (Tsuba),Sword guard (Tsuba),18th century,,,,"Iron, gold (nunome-zōgan), copper",H. 2 3/4 in. (7 cm); W. 2 11/16 in. (6.8 cm); thickness 3/16 in. (0.5 cm); Wt. 4.1 oz. (116.2 g),Japanese,Japan,,,Men,,,,,,,Arms and Armor,Sword Furniture-Tsuba,,False,True,https://www.metmuseum.org/art/collection/search/642391,https://images.metmuseum.org/CRDImages/aa/original/33.40.9_002mar2014.jpg,1,,,
23597,Arrowhead (<i>Yanone</i>),Arrowhead (<i>Yanone</i>),18th century,,,,Steel,L. 10 3/8 in. (26.4 cm); L. of head 3 1/8 in. (7.9 cm); W. 1 1/4 in. (3.2 cm); Wt. 1.5 oz. (42.5 g),Japanese,Japan,,,,,,,,,,Arms and Armor,Archery Equipment-Arrowheads,,False,True,https://www.metmuseum.org/art/collection/search/23597,https://images.metmuseum.org/CRDImages/aa/original/LC-32_75_527-001.jpg,0,,,
31690,Dagger (Jambiya),Dagger (Jambiya),18th–19th century,,,,"Steel, ivory",H. 13 1/4 in. (33.7 cm); H. of blade 9 in. (22.9 cm); W. 2 5/16 in. (5.9 cm); Wt. 10.5 oz. (297.7 g),Indian,India,,,,,,,,,,Arms and Armor,Daggers,,False,True,https://www.metmuseum.org/art/collection/search/31690,https://images.metmuseum.org/CRDImages/aa/original/36.25.710_001june2014.jpg,1,,,
26568,Pair of Neck Defenses (Crinet) and Breast Defense (Peytral) from a Horse Armor,Pair of neck defenses (Crinet) and breast defense (Peytral) from a horse armor,15th–17th century,,,,"Leather, iron, brass or copper alloy, gold, shellac, pigments, textile, hair",Left neck panel (a): H. 19 1/2 (49.5 cm); W. 22 in. (55.9 cm); right neck panel (b); H. 19 3/4 in. (50.2 cm); W. 22 in. (55.9 cm); peytral (c): H. 19 in. (48.3 cm); W. 24 1/2 in. (62.2 cm),Tibetan or Mongolian,Mongolia,,,,,,,,,,Arms and Armor,Equestrian Equipment,,False,True,https://www.metmuseum.org/art/collection/search/26568,https://images.metmuseum.org/CRDImages/aa/original/DT4198.jpg,2,,,
25015,Partisan,Partisan,ca. 1550,,,,"Steel, wood, textile, brass, gold",L. 9 ft. 4 3/4 in. (286.4 cm); L. of head 36 1/2 in. (92.7 cm); W. 7 1/16 in. (17.9 cm); Wt. 6 lbs. 1 oz. (2749.9 g),Italian,Italy,,,,,,,,,,Arms and Armor,Shafted Weapons,,False,True,https://www.metmuseum.org/art/collection/search/25015,https://images.metmuseum.org/CRDImages/aa/original/96.5.7_004jan2015.jpg,1,,,
27950,"Socket from a Ceremonial Spearhead or Staff, Decorated with the Name of the Fourth Dalai Lama",Socket from a spearhead or a ceremonial staff,ca. 1607–17,,,,"Iron, gold, silver",L. 11 3/4 in. (29.8 cm),Tibetan or Mongolian,Mongolia,,,,,,,,,,Arms and Armor,Shafted Weapons,,False,True,https://www.metmuseum.org/art/collection/search/27950,https://images.metmuseum.org/CRDImages/aa/original/DP124371.jpg,3,,,
34926,Sword Guard (<i>Tsuba</i>),Sword guard (Tsuba),18th century,,,,"Iron, gold, silver, copper",H. 3 3/16 in. (8.1 cm); W. 3 in. (7.6 cm); thickness 3/16 in. (0.5 cm); Wt. 4.2 oz. (119.1 g),Japanese,Japan,,,Buildings,,,,,,,Arms and Armor,Sword Furniture-Tsuba,,False,True,https://www.metmuseum.org/art/collection/search/34926,https://images.metmuseum.org/CRDImages/aa/original/14.60.22_002feb2014.jpg,1,,,
31851,Dagger (Khanjar) with Sheath,Dagger (Khanjar) with sheath,19th century,,,,"Steel, jade, gold, velvet, pearl, turquoise, wood",H. with sheath 14 7/16 in. (36.7 cm); H. without sheath 14 1/4 in. (36.2 cm); H. of blade 9 7/8 in. (25.1 cm); W. 2 7/8 in. (7.3 cm); Wt. 8.2 oz. (232.5 g); Wt. of sheath 1.7 oz. (48.2 g),"Indian, Mughal",India,,,,,,,,,,Arms and Armor,Daggers,,False,True,https://www.metmuseum.org/art/collection/search/31851,https://images.metmuseum.org/CRDImages/aa/original/36.25.681ab_002june2014.jpg,2,,,
29703,Knife Handle (Kozuka),Knife handle (Kozuka),ca. 1800,,,,"Copper-silver alloy (shibuichi), copper-gold alloy (shakudō), gold",L. 3 13/16 in. (9.7 cm); W. 9/16 in. (1.4 cm),Japanese,Japan,,,Human Figures,,,,,,,Arms and Armor,Sword Furniture-Kozuka,,False,True,https://www.metmuseum.org/art/collection/search/29703,https://images.metmuseum.org/CRDImages/aa/original/36.120.311_001AA2015.jpg,1,,,
29788,Knife Handle (Kozuka),Knife handle (Kozuka),19th century,,,,"Copper-silver alloy (shibuichi), gold, copper",L. 3 13/16 in. (9.7 cm); W. 9/16 in. (1.4 cm); thickness 5/16 in. (0.8 cm); Wt. 1.2 oz. (34 g),Japanese,Japan,,,Men,,,,,,,Arms and Armor,Sword Furniture-Kozuka,,False,True,https://www.metmuseum.org/art/collection/search/29788,https://images.metmuseum.org/CRDImages/aa/original/36.120.245_001AA2015.jpg,1,,,
29340,Fragment of a Curb Bit,Bit,3rd–4th century,,,,Copper alloy,L. 13 1/2 in. (34.3 cm); Wt. 1 lb. 6.5 oz. (637.9 cm),"Germanic, Saxony",Germany,,,,,,,,,,Arms and Armor,Equestrian Equipment-Bits,,False,True,https://www.metmuseum.org/art/collection/search/29340,https://images.metmuseum.org/CRDImages/aa/original/LC-42_50_491-001.jpg,0,,,
31909,"Saddle, Pair of Stirrups, Bridle and Trappings","Saddle, pair of stirrups, bridle and trappings",ca. 1860,,,,"Wood, pigskin, rawhide, iron, felt, calfskin, cowhide, velvet, gold, silver, wool",L. of saddletree 21 1/8 in. (53.7 cm); W. of saddletree 15 1/2 in. (39.4 cm); L. of saddle cover 26 in. (66.0 cm); W. of saddle cover 22 in. (55.9 cm); L. of saddlecloth 39 in. (99.1 cm); W. of saddlecloth 29 in. (73.7 cm); L. of saddle pad 38 in. (96.5 cm); W. of saddle pad 32 in. (81.3 cm); L. of bit 8 1/2 in. (21.6 cm); W. of bit 5 1/2 in. (14.0 cm); L. of headstall 19 in. (48.3 cm); W. of headstall 8 in. (20.3 cm); L. of breast strap 45 1/2 in. (115.6 cm); W. of breast strap 3 in. (7.6 cm); L. of each pistol holster 16 in. (40.6 cm); W. of each pistol holster 6 in. (15.2 cm); L. of girth strap 21 1/2 in. (54.6 cm); L. of neck amulet 21 in. (53.3 cm); L. of each stirrup 8 1/4 in. (21.0 cm); W. of each stirrup 7 3/4 in. (19.7 cm); overall Wt. 26 lb. 6 oz. (11.96 kg),Tunisian,Tunisia,,,,,,,,,,Arms and Armor,Equestrian Equipment-Saddles,,False,True,https://www.metmuseum.org/art/collection/search/31909,https://images.metmuseum.org/CRDImages/aa/original/156909.jpg,6,,,
25796,Knife Handle (Kozuka),Knife handle (Kozuka),ca. 1615–1868,,,,"Iron, gold",L. 3 13/16 in. (9.7 cm); W. 9/16 in. (1.4 cm); thickness 1/4 in. (0.6 cm); Wt. 0.9 oz. (25.5 g),Japanese,Japan,,,Animals|Men,,,,,,,Arms and Armor,Sword Furniture-Kozuka,,False,True,https://www.metmuseum.org/art/collection/search/25796,https://images.metmuseum.org/CRDImages/aa/original/91.1.863_001AA2015.jpg,1,,,
32938,"Seal of Frederick William, Duke of Saxony",Seal,1586,,,,Lead,Diam. 3 7/16 in. (8.7 cm); thickness 3/16 in. (0.5 cm); Wt. 3.9 oz. (110.6 g),German,Germany,,,Men|Horses,,,,,,,Arms and Armor,Miscellaneous,,False,True,https://www.metmuseum.org/art/collection/search/32938,https://images.metmuseum.org/CRDImages/aa/original/23.240.3_001nov2014.jpg,1,,,
32061,Helmet,Helmet,18th century,,,,"Textile (velvet, silk)",H. including nape defense 13 in. (33 cm); H. excluding nape defense 8 in. (20.3 cm); W. 8 in. (20.3 cm); D. 8 1/2 in. (21.6 cm); Wt. 1 lb. 5.1 oz. (598.2 g),Central Indian,Central India,,,,,,,,,,Arms and Armor,Helmets,,False,True,https://www.metmuseum.org/art/collection/search/32061,https://images.metmuseum.org/CRDImages/aa/original/36.25.121_007mar2015.jpg,4,,,
30067,Sword Guard (Tsuba),Sword guard (Tsuba),17th century,,,,"Iron, gold, copper, silver",H. 3 5/16 in. (8.4 cm); W. 3 1/4 in. (8.3 cm); thickness 3/16 in. (0.5 cm); Wt. 4.8 oz. (136.1 g),Japanese,Japan,,,Men|Fishing,,,,,,,Arms and Armor,Sword Furniture-Tsuba,,False,True,https://www.metmuseum.org/art/collection/search/30067,https://images.metmuseum.org/CRDImages/aa/original/36.120.65_001mar2014.jpg,1,,,
32179,"Pair of Flintlock Pistols of the Prince of Wales, later George IV (1762–1830)",Pair of flintlock pistols,hallmarked for 1793–94,,,,"Steel, wood (walnut, rosewood), silver, gold, horn, lead",35.81.1: L. 14 in. (35.6 cm); L. of barrel 8 7/8 in. (22.5 cm); Cal. .62 in. (15.7 mm); Wt. 2 lb. 1.5 oz. (949.7 g); 35.81.2: L. 14 in. (35.6 cm); L. of barrel 8 7/8 in. (22.5 cm); Cal. .64 in. (16.2 mm); Wt. 2 lb. 1.5 oz (949.7 g),"British, London",England,,London,,Durs Egg,Gunsmith,Swiss,1748,1831,,Arms and Armor,Firearms-Pistols-Flintlock,"British, born Switzerland, baptized Oberbuchsiten, Switzerland 1748–1831 London",False,True,https://www.metmuseum.org/art/collection/search/32179,https://images.metmuseum.org/CRDImages/aa/original/LC-35_81_1_2-005.jpg,5,,https://www.wikidata.org/wiki/Q3041625,http://vocab.getty.edu/page/ulan/500112177
26719,Halberd,Halberd,ca. 1550,,,,"Steel, wood",L. 8 ft. 10 7/8 in. (249.6 cm); L. of head 26 3/8 in. (67 cm); W. 10 5/8 in. (27 cm); Wt. 4 lbs. 13.3 oz. (2191.4 g),Italian,Italy,,,,,,,,,,Arms and Armor,Shafted Weapons,,False,True,https://www.metmuseum.org/art/collection/search/26719,https://images.metmuseum.org/CRDImages/aa/original/14.25.301_002jan2015.jpg,1,,,
27746,Pommel Plate from a Saddle,Pommel plate from a saddle,17th–19th century,,,,"Iron, gold",H. 12 1/2 in. (31.8 cm); W. 14 3/8 in. (36.5 cm),Tibetan,Tibet,,,Masks|Dragons,,,,,,,Arms and Armor,Equestrian Equipment-Saddles,,False,True,https://www.metmuseum.org/art/collection/search/27746,https://images.metmuseum.org/CRDImages/aa/original/DP114804.jpg,0,,,
31288,Kris with Sheath,Kris with sheath,16th–19th century,,,,Kajou pelet,L. with sheath 25 7/8 in. (65.7 cm); L. without sheath 21 1/4 in. (54 cm); L. of blade 16 in. (40.6 cm); W. 4 in. (10.2 cm); Wt. 15.2 oz. (430.9 g); Wt. of sheath 8.2 oz. (232.5 g),Balinese,Indonesia,,,,,,,,,,Arms and Armor,Krisses,,False,True,https://www.metmuseum.org/art/collection/search/31288,https://images.metmuseum.org/CRDImages/aa/original/36.25.1275ab_001Mar2015_2.jpg,0,,,
25764,Sword Guard (Tsuba),Sword guard (Tsuba),ca. 1615–1868,,,,"Iron, gold, copper",H. 3 in. (7.6 cm); W. 2 7/8 in. (7.3 cm); thickness 1/8 in. (0.3 cm); Wt. 3 oz. (85 g),Japanese,Japan,,,Dragonflies,,,,,,,Arms and Armor,Sword Furniture-Tsuba,,False,True,https://www.metmuseum.org/art/collection/search/25764,https://images.metmuseum.org/CRDImages/aa/original/91.1.829_001jan2014.jpg,1,,,
22278,Composed Armor for a Youth or Small Boy,Composed amor for a youth or small boy,ca. 1590 and later,,,,"Steel, brass, leather",Wt. approx. 22 lb. 1 oz. (10 kg),French or Italian,Italy,,,,,,,,,,Arms and Armor,Armor for Child,,False,True,https://www.metmuseum.org/art/collection/search/22278,https://images.metmuseum.org/CRDImages/aa/original/101230.jpg,0,,,
669042,Surcoat (<i>Jinbaori</i>),Surcoat (<i>Jinbaori</i>),early–mid-19th century,,,,"Wool (rasha), silk, crepe",38 1/4 x 23 1/4 in. (97 x 59 cm),Japanese,Japan,,,,,,,,,,Arms and Armor,Surcoat,,False,True,https://www.metmuseum.org/art/collection/search/669042,https://images.metmuseum.org/CRDImages/aa/original/DP701231.jpg,1,,,
34485,Sword Guard (Tsuba),Sword guard (Tsuba),ca. 1615–1868,,,,"Iron, gold, silver, copper",H. 2 3/4 in. (7 cm); W. 2 5/8 in. (6.7 cm); thickness 1/4 in. (0.6 cm); Wt. 3.8 oz. (107.7 g),Japanese,Japan,,,Bow and Arrow|Horses|Boats,,,,,,,Arms and Armor,Sword Furniture-Tsuba,,False,True,https://www.metmuseum.org/art/collection/search/34485,https://images.metmuseum.org/CRDImages/aa/original/29.100.1075_001mar2014.jpg,1,,,
34392,Sword Guard (Tsuba),Sword guard (Tsuba),ca. 1615–1868,,,,"Copper alloy (sentoku), copper-silver alloy (shibuichi), copper-gold alloy (shakudō), silver, gold, copper",H. 3 1/2 in. (8.9 cm); W. 2 7/8 in. (7.3 cm); thickness 1/2 in. (1.3 cm); Wt. 7 oz. (198.4 g),Japanese,Japan,,,Octopus|Shells,,,,,,,Arms and Armor,Sword Furniture-Tsuba,,False,True,https://www.metmuseum.org/art/collection/search/34392,https://images.metmuseum.org/CRDImages/aa/original/29.100.981_001feb2014.jpg,1,,,
23102,Forearm Defense (Vambrace),Forearm defense (Vambrace),"ca. 1425–50, with later restorations",,,,"Steel, leather",H. 8 1/4 in. (21 cm); W. 3 1/2 in. (8.9 cm); D. 3 in. (7.6 cm),Italian,Italy,,,,,,,,,,Arms and Armor,Armor Parts,,False,True,https://www.metmuseum.org/art/collection/search/23102,https://images.metmuseum.org/CRDImages/aa/original/29.150.24_.64_.116_002Sept2014.jpg,7,,,
22237,Morion,Morion,late 16th century,,,,"Steel, silver, pigment,
 brass, gold, glass",H. 12 9/16 in. (31.9 cm); W. 8 15/16 in. (22.7 cm); D. 13 1/2 in. (34.3  cm); Wt. 4 lb. 11 oz. (2126 g),"German, Nuremberg",Germany,,Nuremberg,,,,,,,,Arms and Armor,Helmets,,False,True,https://www.metmuseum.org/art/collection/search/22237,https://images.metmuseum.org/CRDImages/aa/original/DP276702.jpg,6,https://www.wikidata.org/wiki/Q116326756,,
28988,Set of Sword-Hilt Washers and Pommels (Fuchigashira) and Sword Guards (Tsuba) for a Pair of Swords (Daishō),Set of Sword-hilt washers and pommels (Fuchigashira) and sword guards (Tsuba),19th century,,,,"Iron, gold, copper-silver alloy (shibuichi), copper-gold alloy (shakudō)",Sword-hilt washers (Fuchi) (a and d); L. 1 1/2 in. (3.8 cm); W. 15/16 in. (2.4 cm); pommels (Kashira) (b and e); L. 1 3/8 in. (3.5 cm); W. 11/16 in. (1.8 cm); sword guards (Tsuba) (c and f); H. 2 1/4 in. (5.7 cm),Japanese,Japan,,,Plants,,,,,,,Arms and Armor,"Sword Furniture-Fittings, Sets of",,False,True,https://www.metmuseum.org/art/collection/search/28988,https://images.metmuseum.org/CRDImages/aa/original/LC-43_120_637a_f-005.jpg,1,,,
652978,Designs for the Decoration of Firearms,Drawings,ca. 1797–1805,,,,"Pencil, ink, gray wash on paper",6 1/8 x 8 5/8 in. (15.6 x 21.9 cm),"French, Versailles",France,,Versailles,Ornament|Deer|Dogs|Rabbits|Snakes,Nicolas Noël Boutet,Designer,French,1761,1833,,Arms and Armor,Works on Paper-Drawings,"French, Versailles and Paris, 1761–1833",False,True,https://www.metmuseum.org/art/collection/search/652978,https://images.metmuseum.org/CRDImages/aa/original/LC-2004.101.20-002.jpg,0,,https://www.wikidata.org/wiki/Q3339989,http://vocab.getty.edu/page/ulan/500063092
34313,"Halberd of Ferdinand IX, Count Palatine of the Rhine and Duke of Bavaria",Halberd,dated 1584,,,,"Steel, wood, textile",L. 8 ft. 5 1/8 in. (256.9 cm); L. of head 27 1/2 in. (69.9 cm); W. 12 3/4 in. (32.4 cm); Wt. 7 lbs. 6.3 oz. (3353.7 g),"German, Bavaria",Germany,,,Coat of Arms,,,,,,,Arms and Armor,Shafted Weapons,,False,True,https://www.metmuseum.org/art/collection/search/34313,https://images.metmuseum.org/CRDImages/aa/original/29.156.33_001feb2015.jpg,1,,,
34141,Ornament of Horse Trapping,Ornament of horse trapping,14th century,,,,Copper alloy,H. 2 3/8 in. (6 cm); W. 1 9/16 in. (4 cm); thickness 1/4 in. (0.6 cm); Wt. 0.4 oz. (12 g),Spanish,Spain,,,,,,,,,,Arms and Armor,Miscellaneous-Buckles & Ornament,,False,True,https://www.metmuseum.org/art/collection/search/34141,https://images.metmuseum.org/CRDImages/aa/original/LC-29_158_411-001.jpg,0,,,
35033,Knife Handle (Kozuka),Knife handle (Kozuka),18th century,,,,"Iron, gold, silver, copper-silver alloy (shibuichi)",L. 3 13/16 in. (9.7 cm); W. 9/16 in. (1.4 cm); thickness 1/4 in. (0.6 cm); Wt. 1.2 oz. (34 g),Japanese,Japan,,,Birds,,,,,,,Arms and Armor,Sword Furniture-Kozuka,,False,True,https://www.metmuseum.org/art/collection/search/35033,https://images.metmuseum.org/CRDImages/aa/original/17.208.37_001AA2015.jpg,1,,,
26428,Close Helmet for the Field,Close helmet for the field,ca. 1525–30,,,,Steel,H. 14 in. (35.6 cm); W. 9 3/8 in. (23.8 cm); D. 13 1/4 in. (33.7 cm); Wt. 8 lb. 11 oz. (3940 g),"Italian, Milan",Italy,,Milan,,,,,,,,Arms and Armor,Helmets,,False,True,https://www.metmuseum.org/art/collection/search/26428,https://images.metmuseum.org/CRDImages/aa/original/DP22343.jpg,6,,,
22606,Armor (Gusoku),Armor (Gusoku),19th century,,,,"Iron, lacquer, silk, gilt copper",,Japanese,Japan,,,,Jo Michitaka,Armorer,Japanese,1801,1900,,Arms and Armor,Armor for Man,"Japanese, Edo period, active 19th century",False,True,https://www.metmuseum.org/art/collection/search/22606,https://images.metmuseum.org/CRDImages/aa/original/DP336978.jpg,5,,,
21830,紅葉蒔絵鞘脇指拵 Mounting for a Short Sword (<i>Wakizashi</i>),Blade and mounting for a short sword (<i>Wakizashi</i>),"blade, 18th century; mounting, 19th century",,,,"Steel, wood, lacquer, rayskin (<i>same</i>), thread, copper-gold alloy (<i>shakudō</i>), gold, copper-silver alloy (<i>shibuichi</i>)",L. 22 13/16 in. (57.9 cm); L. of blade 15 1/16 in. (38.2 cm); L. of cutting edge 11 1/8 in. (28.2 cm); D. of curvature 1/8 in. (0.3 cm),Japanese,Japan,,,Insects|Snails,重武 Shigetake,Swordsmith,Japanese,1701,1800,,Arms and Armor,Daggers,"Japanese, Edo, active 18th century",False,True,https://www.metmuseum.org/art/collection/search/21830,https://images.metmuseum.org/CRDImages/aa/original/DP-23360-001.jpg,3,https://www.wikidata.org/wiki/Q116394077,,
23351,Sword with Scabbard Mounts,Sword with scabbard mounts,ca. 600,,,,"Iron, bronze, gold, silver, wood",L. 39 1/4 in. (99.7 cm),Chinese,China,,,,,,,,,,Arms and Armor,Swords,,False,True,https://www.metmuseum.org/art/collection/search/23351,https://images.metmuseum.org/CRDImages/aa/original/DP101367.jpg,1,https://www.wikidata.org/wiki/Q116394270,,
25709,Sword Guard (<i>Tsuba</i>) Depicting Guardian of the Buddha (仁王図鐔),Sword guard (Tsuba),19th century,,,,"Copper (suaka), gold, copper-gold alloy (shakudō)",H. 3 1/2 in. (8.9 cm); W. 3 1/4 in. (8.3 cm); thickness 11/16 in. (1.8 cm); Wt. 6.2 oz. (175.8 g),Japanese,Japan,,,Demons,,,,,,,Arms and Armor,Sword Furniture-Tsuba,,False,True,https://www.metmuseum.org/art/collection/search/25709,https://images.metmuseum.org/CRDImages/aa/original/91.1.790_001jan2014.jpg,1,,,
27091,Lobster-Tail Burgonet,Lobster-tail burgonet,17th century,,,,Steel,H. including nasal 11 1/4 in. (28.6 cm); H. excluding nasal 9 1/2 in. (24.1 cm); W. 14 1/2 in. (36.8 cm); D. 15 3/8 in. (39.1 cm); Wt. 3 lb. 2 oz. (1415 g),possibly British,United Kingdom,,,,,,,,,,Arms and Armor,Helmets,,False,True,https://www.metmuseum.org/art/collection/search/27091,https://images.metmuseum.org/CRDImages/aa/original/14.25.501_010AA2015.jpg,4,,,
26867,Knife Handle (Kozuka),Knife handle (Kozuka),18th century,,,,"Copper-silver alloy (shibuichi), gold, silver, copper-gold alloy (shakudō), copper",L. 3 13/16 in. (9.7 cm); W. 9/16 in. (1.4 cm); thickness 1/4 in. (0.6 cm); Wt. 1.2 oz. (34 g),Japanese,Japan,,,Men|Trees,,,,,,,Arms and Armor,Sword Furniture-Kozuka,,False,True,https://www.metmuseum.org/art/collection/search/26867,https://images.metmuseum.org/CRDImages/aa/original/LC-14_40_893-001.jpg,1,,,
31733,Dagger (Katar),Dagger (Katar),18th–19th century,,,,Steel,H. 21 1/16 in. (53.5 cm); W. 3 3/4 in. (9.5 cm); Wt. 1 lb. 7.2 oz. (657.7 g),Indian,India,,Thanjavur,,,,,,,,Arms and Armor,Daggers,,False,True,https://www.metmuseum.org/art/collection/search/31733,https://images.metmuseum.org/CRDImages/aa/original/36.25.753_001june2014.jpg,1,,,
27688,Brigandine Plate,Brigandine plate,1400–1450,,,,"Iron alloy, copper alloy",H. 10 1/4 in. (26 cm); W. 8 9/16 in. (21.7 cm); Wt. 1 lb. 15.2 oz. (884.5 g),Italian,Italy,,,,,,,,,,Arms and Armor,Armor Parts,,False,True,https://www.metmuseum.org/art/collection/search/27688,https://images.metmuseum.org/CRDImages/aa/original/29.150.90jj_002july2014.jpg,2,,,
29236,Rowel Spur,Spur,late 16th–early 17th century,,,,Iron alloy,L. 3 1/2 in. (8.9 cm); W. 3 3/8 in. (8.6 cm); Diam. of rowel 1 1/4 in. (3.2 cm); Wt. 3 oz. (85 g),German,Germany,,,,,,,,,,Arms and Armor,Equestrian Equipment-Spurs,,False,True,https://www.metmuseum.org/art/collection/search/29236,https://images.metmuseum.org/CRDImages/aa/original/LC-42_50_313-001.jpg,1,,,
34705,Knife Handle (Kozuka),Knife handle (Kozuka),ca. 1615–1868,,,,"Copper-silver alloy (shibuichi), copper-gold alloy (shakudō), gold",L. 3 13/16 in. (9.7 cm); W. 9/16 in. (1.4 cm); thickness 1/4 in. (0.6 cm); Wt. 1 oz. (28.3 g),Japanese,Japan,,,Birds,,,,,,,Arms and Armor,Sword Furniture-Kozuka,,False,True,https://www.metmuseum.org/art/collection/search/34705,https://images.metmuseum.org/CRDImages/aa/original/29.100.1296_001AA2015.jpg,1,,,
22102,Blade and Mounting for a Short Sword (Wakizashi),Blade and mounting for a short sword (Wakizashi),"blade, late 13th–early 14th century; mounting, 18th–early 19th century",,,,"Steel, wood, lacquer, rayskin (samé), thread, gold, silver",L. 32 7/8 in. (83. 5 cm); L. of blade 25 15/16 in. (65.8 cm); L. of cutting edge 19 5/8 in. (49.8 cm); D. of curvature 5/16 in. (0.75 cm),Japanese,Japan,,,,Naganori,Sword maker,Japanese,1201,1300,,Arms and Armor,Swords,"Japanese, active 13th century",False,True,https://www.metmuseum.org/art/collection/search/22102,https://images.metmuseum.org/CRDImages/aa/original/1820.jpg,0,,,
27157,Morion-Cabasset,Morion-cabasset,ca. 1585,,,,"Steel, gold, brass",H. 12 in. (30.5 cm); W. 8 7/8 in. (22.5 cm); D. 13 7/8 in. (35.2 cm); Wt. 3 lb. 7.2 oz. (1564.9 g),Italian,Italy,,,,,,,,,,Arms and Armor,Helmets,,False,True,https://www.metmuseum.org/art/collection/search/27157,https://images.metmuseum.org/CRDImages/aa/original/14.25.648_007june2015.jpg,4,,,
26618,Arm Defense,Arm defense,15th–17th century,,,,"Iron, leather, copper alloy, textile",L. 12 1/2 in. (31.8 cm),possibly Tibetan,possibly Tibet,,,,,,,,,,Arms and Armor,Armor Parts-Arms & Shoulders,,False,True,https://www.metmuseum.org/art/collection/search/26618,https://images.metmuseum.org/CRDImages/aa/original/DP113326.jpg,1,,,
34723,Sword-Hilt Collar and Pommel (Fuchigashira),Sword-hilt collar and pommel (Fuchigashira),ca. 1615–1868,,,,"Copper-silver alloy (shibuichi), gold",Fuchi (a); H. 1 1/2 in. (3.8 cm); Wt. 1 oz. (28.3 g); kashira (b); H. 1 5/16 in. (3.3 cm); Wt. 0.5 oz. (14.2 g),Japanese,Japan,,,Human Figures,,,,,,,Arms and Armor,Sword Furniture-Fuchi-Kashira,,False,True,https://www.metmuseum.org/art/collection/search/34723,https://images.metmuseum.org/CRDImages/aa/original/LC-29.100.1315a_b-001.jpg,0,,,
33194,Buckle,Buckle,5th–6th century,,,,Brass,H. 1 11/16 in. (4.3 cm); W. 1 3/4 in. (4.5 cm); thickness 9/16 in. (1.4 cm); Wt. 1.1 oz. (32 g),possibly Gallo-Roman or Merovingian,possibly France or Italy,,,,,,,,,,Arms and Armor,Miscellaneous-Buckles & Ornament,,False,True,https://www.metmuseum.org/art/collection/search/33194,https://images.metmuseum.org/CRDImages/aa/original/LC-20_152_19-001.jpg,0,,,
33970,Slide for Strap,Slide for strap,15th–17th century,,,,Bronze gilt,H. 7/8 in. (2.2 cm); L. 1 3/4 in. (4.4 cm); thickness 1/2 in. (1.3 cm); Wt. 0.6 oz. (16 g),European,,,,,,,,,,,Arms and Armor,Miscellaneous-Buckles & Ornament,,False,True,https://www.metmuseum.org/art/collection/search/33970,https://images.metmuseum.org/CRDImages/aa/original/LC-29_158_880-001.jpg,0,,,
34831,Collar of Mail,Collar of mail,16th century,,,,"Steel, copper alloy (latten), iron",H. 21 5/16 in. (54.0 cm); W. 22 13/16 in (58.0 cm); Diam. (outside) of collar links 13/32 in. (10.7 mm); Diam. (inside) of collar links 9/32 in. (6.9 mm); Diam. (outside) of shawl links 13/32 in. (10.4 mm); Diam. (inside) of shawl links 9/32 in. (7.1 mm) Wt. 3 lbs. 11 oz. (1672.6 g).,German,Germany,,,,,,,,,,Arms and Armor,Mail,,False,True,https://www.metmuseum.org/art/collection/search/34831,https://images.metmuseum.org/CRDImages/aa/original/sfma27.183.5_69952.jpg,0,,,
33610,Pair of Stirrups,Stirrups,17th century,,,,Iron alloy,Stirrup (a); H. 7 1/8 in. (18.1 cm); W. 5 1/4 in. (13.3 cm); D. 3 1/2 in. (8.9 cm); Wt. 1 lb. 0.9 oz. (479.1 g); stirrup (b); H. 7 in. (17.8 cm); W. 5 1/4 in. (13.3 cm); D. 3 1/4 in. (8.3 cm); Wt. 1 lb. 0.4 oz. (464.9 g),Italian,Italy,,,,,,,,,,Arms and Armor,Equestrian Equipment-Stirrups,,False,True,https://www.metmuseum.org/art/collection/search/33610,https://images.metmuseum.org/CRDImages/aa/original/LC-14_25_1746ab-001.jpg,0,,,
24315,Kris Stand,Kris stand,18th–19th century,,,,Wood,H. 17.25 in. (43.8 cm),Balinese,Indonesia,,,,,,,,,,Arms and Armor,Kris Stand,,False,True,https://www.metmuseum.org/art/collection/search/24315,https://images.metmuseum.org/CRDImages/aa/original/sfsb36.25.1277_001.jpg,2,,,
898967,Smallsword Hilt,Smallsword hilt,ca. 1730,,,,"Steel, gold, wood",L. 6 3/16 in. (15.7 cm); W. 3 1/2 in. (8.9 cm); D. 2 7/16 in. (6.2 cm); Wt. 10.7 oz. (303 g),French,France,,,,Lebrun the Younger,Hilt Maker,French,1705,1755,,Arms and Armor,Swords-Parts,"French, active ca. 1730",False,True,https://www.metmuseum.org/art/collection/search/898967,https://images.metmuseum.org/CRDImages/aa/original/LC-2023_436a_f-001.jpg,1,,,
24839,"Colt Dragoon Percussion Revolver, Third Model, serial no. 12403",Percussion revolver,1852,,,,"Steel, brass, silver, wood (walnut)",L. 14 in. (35.56 cm); L. of barrel 7 1/2 in. (19.05 cm); Cal. .44 in. (11 mm),"American, Hartford, Connecticut",United States,,Hartford,,Samuel Colt,Manufacturer,American,1814,1862,,Arms and Armor,Firearms-Pistols-Revolvers,"American, Hartford, Connecticut 1814–1862",False,True,https://www.metmuseum.org/art/collection/search/24839,https://images.metmuseum.org/CRDImages/aa/original/LC-56_167_2-002.jpg,1,https://www.wikidata.org/wiki/Q116325153,https://www.wikidata.org/wiki/Q183246,http://vocab.getty.edu/page/ulan/500101743
25166,Wheellock Rifle,Wheellock gun,ca. 1550–75,,,,"Steel, wood (walnut), silver, gold, staghorn",L. 52 1/8 in. (132.4 cm); L. of barrel 41 3/4 in. (106 cm); Cal. .66 in. (16.8 mm); Wt. 10 lb. 2 oz. (4593 g),German,Germany,,,,,,,,,,Arms and Armor,Firearms-Guns-Wheellock,,False,True,https://www.metmuseum.org/art/collection/search/25166,https://images.metmuseum.org/CRDImages/aa/original/173267.jpg,0,,,
29966,Sword Guard (Tsuba),Sword guard (Tsuba),17th century,,,,"Copper-gold alloy (shakudō), gold, silver, copper",H. 2 5/8 in. (6.7 cm); W. 2 1/2 in. (6.4 cm); thickness 3/16 in. (0.5 cm); Wt. 3.9 oz. (110.6 g),Japanese,Japan,,,,,,,,,,Arms and Armor,Sword Furniture-Tsuba,,False,True,https://www.metmuseum.org/art/collection/search/29966,https://images.metmuseum.org/CRDImages/aa/original/36.120.150_001mar2014.jpg,1,https://www.wikidata.org/wiki/Q92454142,,
625354,Plate seven from Nouveavx Desseins D'Arquebvseries,Ornament print from a firearms pattern book,ca. 1705–30,,,,Engraving,11 x 8 1/4 in. (27.9 x 20.9 cm),"French, Paris",France,,Paris,Firearms|Ornament,De Lacollombe,Engraver,French,1702,1736,,Arms and Armor,Works on Paper,"French, Paris, active ca. 1702–ca. 1736",False,True,https://www.metmuseum.org/art/collection/search/625354,https://images.metmuseum.org/CRDImages/aa/original/DP320299.jpg,0,,,
26570,Set of Saddle Plates,Set of saddle plates,ca. 1400,,,,"Iron, gold, lapis lazuli, turquoise",H. 10 7/8 in. (27.6 cm); L. 23 1/2 in. (59.7 cm); W. 13 3/4 in. (34.9 cm); Wt. with mount 14 lb. 15.2 oz. (6780g),Tibetan or Chinese,China,,,Dragons|Flowers,,,,,,,Arms and Armor,Equestrian Equipment-Saddles,,False,True,https://www.metmuseum.org/art/collection/search/26570,https://images.metmuseum.org/CRDImages/aa/original/DP330541.jpg,9,,,
31379,Kris with Sheath,Kris with sheath,16th–19th century,,,,Wood,L. with sheath 24 3/4 in. (62.9 cm); L. without sheath 22 3/4 in. (57.8 cm); L. of blade 19 1/4 in. (48.9 cm); W. 3 in. (7.6 cm); Wt. 7.7 oz. (218.3 g); Wt. of sheath 4 oz. (113.4 g),Sumatran,Indonesia,,,,,,,,,,Arms and Armor,Krisses,,False,True,https://www.metmuseum.org/art/collection/search/31379,https://images.metmuseum.org/CRDImages/aa/original/36.25.1180ab_001Jan2015.jpg,0,,,
35679,Rapier,Rapier,ca. 1540,,,,"Steel, silver, wood",L. 43 3/8 in. (110.2 cm); L. of blade 38 1/4 in. (97.2 cm),Italian,Italy,,,,,,,,,,Arms and Armor,Swords,,False,True,https://www.metmuseum.org/art/collection/search/35679,https://images.metmuseum.org/CRDImages/aa/original/LC-2010_200-002.jpg,9,https://www.wikidata.org/wiki/Q116394851,,
26752,Miquelet Gun,Miquelet gun,18th century,,,,"Wood, steel, brass, niello, silver, mother-of-pearl, coral, turquoise, sapphire, ruby",L. 62 3/4 in. (159.4 cm),Balkan,Balkan region,,,,,,,,,,Arms and Armor,Firearms-Guns-Miquelet,,False,True,https://www.metmuseum.org/art/collection/search/26752,https://images.metmuseum.org/CRDImages/aa/original/DP166284.jpg,7,,,
33246,Buckle,Buckle,14th century,,,,"Bronze, patina",H. 1 in. (2.5 cm); W. 7/8 in. (2.2 cm); thickness 3/8 in. (1 cm); Wt. 0.2 oz. (7 g),French,France,,,,,,,,,,Arms and Armor,Miscellaneous-Buckles & Ornament,,False,True,https://www.metmuseum.org/art/collection/search/33246,https://images.metmuseum.org/CRDImages/aa/original/LC-20_152_71-001.jpg,0,,,
26430,Spider Helmet,Spider helmet,ca. 1650–1700,,,,"Steel, pigment, textile",H. including legs 14 3/4 in. (37.5 cm); H. excluding legs 7 in. (17.8 cm); W. 9 1/4 in. (23.5 cm); D. 12 in. (30.5 cm); Wt. 4 lb. 11 oz. (2152 g),British or French,France,,,,,,,,,,Arms and Armor,Helmets,,False,True,https://www.metmuseum.org/art/collection/search/26430,https://images.metmuseum.org/CRDImages/aa/original/DP22330.jpg,8,,,
34973,Sword Guard (<i>Tsuba</i>),Sword guard (Tsuba),1776,,,,"Copper-gold alloy (shakudō), bronze, gold, copper",H. 3 in. (7.6 cm); W. 2 3/4 in. (7 cm); thickness 1/4 in. (0.6 cm); Wt. 6.1 oz. (172.9 g),Japanese,Japan,,,Trees,,,,,,,Arms and Armor,Sword Furniture-Tsuba,,False,True,https://www.metmuseum.org/art/collection/search/34973,https://images.metmuseum.org/CRDImages/aa/original/14.60.75_003feb2014.jpg,1,,,
21965,Wheellock Rifle,Wheellock rifle,ca. 1650–60,,,,"Steel, silver, wood (red beech), staghorn, mother of pearl",L. 42 3/4 in. (108.6 cm); Cal. 17/32 in. (13.5 mm); L. of barrel 30 7/8 in. (78.4 cm);  L. of trigger 8 1 4/ in. (21 cm); Wt. 7 lb. 11 oz. (3500 g),"Silesian, Cieszyn",Poland,,Cieszyn,,Johannes Hartel,Gunsmith,"Polish, Cieszyn (Silesian)",1625,1675,,Arms and Armor,Firearms-Guns-Wheellock,"Polish, Cieszyn (Silesian), active ca. 1650",False,True,https://www.metmuseum.org/art/collection/search/21965,https://images.metmuseum.org/CRDImages/aa/original/DP-31444-002.jpg,3,https://www.wikidata.org/wiki/Q116323610,,
31835,Dagger (Jambiya),Dagger (Jambiya),19th century,,,,"Steel, quartz (possibly jasper)",H. 15 1/4 in. (38.7 cm); H. of blade 10 9/16 in. (26.8 cm); W. 2 1/8 in. (5.4 cm); D. 1 1/16 in. (2.7 cm); Wt. 10.9 oz. (309 g),Indian,India,,,,,,,,,,Arms and Armor,Daggers,,False,True,https://www.metmuseum.org/art/collection/search/31835,https://images.metmuseum.org/CRDImages/aa/original/36.25.663_001june2014.jpg,1,,,
35922,Armor,Armor,ca. 1520 and later,,,,"Steel, leather","Wt. 57 lb. 10 oz. (26.15 kg), H. as mounted 5 ft. 9 in. (175.26 cm)","German, Nuremberg",Germany,,,,,,,,,,Arms and Armor,Armor for Man,,False,True,https://www.metmuseum.org/art/collection/search/35922,https://images.metmuseum.org/CRDImages/aa/original/DP271145.jpg,4,https://www.wikidata.org/wiki/Q116326115,,
695206,Fragment,Fragment,ca. 1150–ca. 1250,,,,"Glass, ceramic",greatest H. 3 1/4 in. (8.3 cm); smallest H. 3/4 in. (1.9 cm),European or Middle Eastern,,,,,,,,,,,Arms and Armor,Glass-Vessels,,False,True,https://www.metmuseum.org/art/collection/search/695206,https://images.metmuseum.org/CRDImages/aa/original/DP276488.jpg,3,,,
33042,Buckle Shank,Buckle shank,7th century,,,,"Copper alloy, tin (?)",L. 3 7/16 in. (8.7 cm); H. 1 9/16 in. (4 cm); thickness 7/16 in. (1.1 cm); Wt. 2.3 oz. (66 g),Visigothic,Spain or Portugal,,,,,,,,,,Arms and Armor,Miscellaneous-Buckles & Ornament,,False,True,https://www.metmuseum.org/art/collection/search/33042,https://images.metmuseum.org/CRDImages/aa/original/LC-20_153_8-001.jpg,0,,,
29594,Miquelet Pistol,Miquelet pistol,ca. 1790–1807,,,,"Steel, gold, wood (walnut)","Caliber, .665 in, (16.89 mm)
Weight, 1 lb. 12 oz. (800 g)
Length, 14 11/16 in. (37.31 cm)
Length of barrel, 8 13/16 in. (22.38 cm)","Spanish, Barcelona",Spain,,Barcelona,,Llorens Torrens,Gunsmith,Spanish,1793,1824,,Arms and Armor,Firearms-Pistols,"Spanish, Catalonia, active 1793–1824",False,True,https://www.metmuseum.org/art/collection/search/29594,https://images.metmuseum.org/CRDImages/aa/original/DT258493.jpg,0,https://www.wikidata.org/wiki/Q116317816,,
34956,Sword Guard (<i>Tsuba</i>),Sword guard (Tsuba),18th century,,,,"Bronze, gold, copper",H. 3 in. (7.6 cm); W. 2 3/4 in. (7 cm); thickness 1/4 in. (0.6 cm); Wt. 5.9 oz. (167.3 g),Japanese,Japan,,,Leaves,,,,,,,Arms and Armor,Sword Furniture-Tsuba,,False,True,https://www.metmuseum.org/art/collection/search/34956,https://images.metmuseum.org/CRDImages/aa/original/14.60.57_003feb2014.jpg,1,,,
33514,Buckle,Buckle,450–500,,,,"Iron, copper alloy",H. 1 1/2 in. (3.9 cm); W. 1 7/8 in. (4.7 cm); thickness 13/16 in. (2 cm); Wt. 1.2 oz. (34 g),Frankish,Germany,,,,,,,,,,Arms and Armor,Miscellaneous-Buckles & Ornament,,False,True,https://www.metmuseum.org/art/collection/search/33514,https://images.metmuseum.org/CRDImages/aa/original/LC-17_193_49-003.jpg,1,,,
695201,Fragment,Fragment,ca. 1150–ca. 1250,,,,"Glass, ceramic",greatest H. 3 1/4 in. (8.3 cm); smallest H. 3/4 in. (1.9 cm),European or Middle Eastern,,,,,,,,,,,Arms and Armor,Glass-Vessels,,False,True,https://www.metmuseum.org/art/collection/search/695201,https://images.metmuseum.org/CRDImages/aa/original/DP276488.jpg,3,,,
32747,Berdiche,Berdiche,17th century,,,,"Steel, wood",L. 71 1/2 in. (181.6 cm); L. of head 26 1/4 in. (66.7 cm.); W. 6 1/4 in. (15.9 cm); Wt. 3 lbs. 6.6 oz. (1547.9 g),Russian,Russia,,,,,,,,,,Arms and Armor,Shafted Weapons,,False,True,https://www.metmuseum.org/art/collection/search/32747,https://images.metmuseum.org/CRDImages/aa/original/26.43.2_001feb2015.jpg,1,,,
24678,Tournament Helm (<i>Kolbenturnierhelm</i>),Tournament helm (Kolbenturnierhelm),1450–1500,,,,"Steel, textile, leather, gesso, polychromy",H. 19 5/8 in. (49.8 cm); W. 10 1/2 in. (26.7 cm); D. 14 1/8 in. (35.9 cm); Wt. 12 lb. 10 oz. (5727 g),German,Germany,,,,,,,,,,Arms and Armor,Helmets,,False,True,https://www.metmuseum.org/art/collection/search/24678,https://images.metmuseum.org/CRDImages/aa/original/DP-12880-045.jpg,9,https://www.wikidata.org/wiki/Q116326571,,
27301,Brigandine,Brigandine,ca. 1540–50,,,,"Steel, textile",,Italian,Italy,,,,,,,,,,Arms and Armor,Brigandines,,False,True,https://www.metmuseum.org/art/collection/search/27301,https://images.metmuseum.org/CRDImages/aa/original/25097.jpg,0,,,
660026,Kris Sheath Parts and Mounts,Kris sheath parts and mounts,16th–19th century,,,,,H. of blade 3 1/4 in. (8.3 cm); W. 6 5/8 in. (16.8 cm); D. 1 1/2 in. (3.8 cm); Wt. 2.3 oz. (65.2 g),Javanese,Indonesia,,Yogyakarta,,,,,,,,Arms and Armor,Krisses,,False,True,https://www.metmuseum.org/art/collection/search/660026,https://images.metmuseum.org/CRDImages/aa/original/36.25.1147_001Jan2015.jpg,0,,,
32258,Dagger with Sheath,Dagger with sheath,18th century,,,,"Steel, enamel, stone, leather, silver, textile",H. with sheath 14 11/16 in. (37.3 cm); H. without sheath 13 3/4 in. (34.9 cm); W. 1 11/16 in. (4.3 cm); Wt. 9.6 oz. (272.2 g); Wt. of sheath 1.2 oz. (34 g),Iranian,Iran,,,,,,,,,,Arms and Armor,Daggers,,False,True,https://www.metmuseum.org/art/collection/search/32258,https://images.metmuseum.org/CRDImages/aa/original/32.75.263ab_005june2014.jpg,2,,,
23436,Arrowhead (<i>Yanone</i>),Arrowhead (<i>Yanone</i>),18th century,,,,Steel,L. 9 1/2 in. (24.1 cm); L. of head 3 1/2 in. (8.9 cm); W. 2 1/4 in. (5.7 cm); Wt. 1.7 oz. (48.2 g),Japanese,Japan,,,,,,,,,,Arms and Armor,Archery Equipment-Arrowheads,,False,True,https://www.metmuseum.org/art/collection/search/23436,https://images.metmuseum.org/CRDImages/aa/original/LC-32_75_364-001.jpg,1,,,
21954,Glaive of the Bodyguard of Giovanni Battista Bourbon del Monte (1541–1614),Glaive,ca. 1590–1600,,,,"Steel, wood, brass, gold, textile",L. 108 3/4 in. (276.23 cm); L. of head (excluding straps) 35 in. (88.9 cm); L. of blade 30 1/2 in. (77.47 cm); greatest W. 6 1/4 in. (15.88 cm); Wt. 6 lb. (2722 g),"Italian, Brescia",Italy,,Brescia,,,,,,,,Arms and Armor,Shafted Weapons,,False,True,https://www.metmuseum.org/art/collection/search/21954,https://images.metmuseum.org/CRDImages/aa/original/04.3.88_001june2014.jpg,0,https://www.wikidata.org/wiki/Q116323849,,
25998,Sword-Hilt Collar and Pommel (Fuchigashira),Sword-hilt collar and pommel (Fuchigashira),late 18th–early 19th century,,,,"Copper-gold alloy (shakudō), gold",Fuchi (a); H. 1 1/2 in. (3.8 cm); Wt. 0.8 oz. (22.7 g); kashira (b); H. 1 5/16 in. (3.3 cm); Wt. 0.4 oz. (11.3 g),Japanese,Japan,,,,,,,,,,Arms and Armor,Sword Furniture-Fuchi-Kashira,,False,True,https://www.metmuseum.org/art/collection/search/25998,https://images.metmuseum.org/CRDImages/aa/original/LC-43_120_1210a_b-001.jpg,0,,,
25419,Pommel Plate,Pommel plate,ca. 1550,,,,"Steel, gold","9 x 6 in. (22.9 x 15.2 cm), wt. 7 oz. (185 g)","German, Augsburg",Germany,,Augsburg,Lions,Jörg Sorg the Younger,Etcher,German,1500,1625,,Arms and Armor,Equestrian Equipment-Saddles,"German, Augsburg, ca. 1522–1603",False,True,https://www.metmuseum.org/art/collection/search/25419,https://images.metmuseum.org/CRDImages/aa/original/DP108784.jpg,0,,https://www.wikidata.org/wiki/Q99659076,http://vocab.getty.edu/page/ulan/500062195
25675,Sword Guard (<i>Tsuba</i>) Depicting Six Connected Butterflies (六つ蝶繋透鐔),Sword guard (Tsuba),ca. 1615–1868,,,,"Iron, gold, copper, copper-gold alloy (shakudō)",H. 3 3/16  in. (8.1 cm); W. 3 1/8 in. (7.9 cm); thickness 3/16 in. (0.5 cm); Wt. 4.4 oz. (124.7 g),Japanese,Japan,,,Butterflies,,,,,,,Arms and Armor,Sword Furniture-Tsuba,,False,True,https://www.metmuseum.org/art/collection/search/25675,https://images.metmuseum.org/CRDImages/aa/original/91.1.755_001jan2014.jpg,1,,,
34697,Knife Handle (Kozuka),Knife handle (Kozuka),ca. 1615–1868,,,,"Copper-silver alloy (shibuichi), gold, copper, copper-gold alloy (shakudō)",L. 3 13/16 in. (9.7 cm); W. 9/16 in. (1.4 cm); thickness 1/4 in. (0.6 cm); Wt. 1.2 oz. (34 g),Japanese,Japan,,,Men,,,,,,,Arms and Armor,Sword Furniture-Kozuka,,False,True,https://www.metmuseum.org/art/collection/search/34697,https://images.metmuseum.org/CRDImages/aa/original/29.100.1288_001AA2015.jpg,0,,,
26869,Knife Handle (Kozuka),Knife handle (Kozuka),18th century,,,,"Copper-gold alloy (shakudō), silver, gold, copper-silver alloy (shibuichi)",L. 3 13/16 in. (9.7 cm); W. 9/16 in. (1.4 cm); thickness 5/16 in. (0.8 cm); Wt. 1.2 oz. (34 g),Japanese,Japan,,,Fish|Flowers,Kyokuryuken Tadayuki,Maker,Japanese,,,,Arms and Armor,Sword Furniture-Kozuka,Japanese,False,True,https://www.metmuseum.org/art/collection/search/26869,https://images.metmuseum.org/CRDImages/aa/original/LC-14_40_895-001.jpg,1,,,
24860,Rapier of Prince-Elector Christian II of Saxony (1583–1611),Rapier,dated 1606,,,,"Steel, bronze, gold, enamel, paste jewels, cameos, pearls, wood",L. 48 in. (121.9 cm); L. of blade 41 1/4 in. (104.8 cm); W. 6 3/4 in. (17.2 cm); Wt. 3 lb. 4 oz. (1474 g),"hilt, German, Dresden; blade, Spanish, Toledo",Spain,,Toledo,,Israel Schuech,Sword cutler,German,1565,1635,,Arms and Armor,Swords,"German, Dresden, active ca. 1590–1610",True,True,https://www.metmuseum.org/art/collection/search/24860,https://images.metmuseum.org/CRDImages/aa/original/LC-1970_77-001.jpg,8,https://www.wikidata.org/wiki/Q29383170,,http://vocab.getty.edu/page/ulan/500334764
27785,Spear (Mdung),Spear (Mdung),18th–19th century,,,,"Iron, wood, leather",L. 73 1/2 in. (186.7 cm); L. of head 26 1/2 in. (67.3 cm),Tibetan,Tibet,,,,,,,,,,Arms and Armor,Shafted Weapons,,False,True,https://www.metmuseum.org/art/collection/search/27785,https://images.metmuseum.org/CRDImages/aa/original/DP113251.jpg,0,https://www.wikidata.org/wiki/Q116394474,,
32251,Kris with Sheath,Kris with sheath,19th century,,,,"Steel, wood, silver, gold",L. with sheath 23 1/2 in. (59.7 cm); L. without sheath 22 3/4 in. (57.8 cm); W. 4 1/4 in. (10.8 cm); Wt. 1 lb. 0.6 oz. (470.6 g); Wt. of sheath 11.1 oz. (314.7 g),Balinese,Indonesia,,,,,,,,,,Arms and Armor,Krisses,,False,True,https://www.metmuseum.org/art/collection/search/32251,https://images.metmuseum.org/CRDImages/aa/original/LC-32_75_254a_b-002-2.jpg,1,,,
23396,Arrowhead (<i>Yanone</i>),Arrowhead (<i>Yanone</i>),18th century,,,,Steel,L. 16 1/2 in. (41.9 cm); L. of head 6 in. (15.2 cm); W. 2 1/2 in. (6.4 cm); Wt. 4.7 oz. (133.2 g),Japanese,Japan,,,,,,,,,,Arms and Armor,Archery Equipment-Arrowheads,,False,True,https://www.metmuseum.org/art/collection/search/23396,https://images.metmuseum.org/CRDImages/aa/original/LC-32.75.324-001.jpg,0,,,
22184,Armor of the Dukes of Alba,Armor,ca. 1575–85,,,,"Steel, gold, silver","Wt. 25 lbs. 12 oz. (11.68 kg); Helmet (a) H. 12 in. (30.5 cm); W. 8 1/2 in. (21.6 cm); D. 11 1/2 in. (29.2 cm); Wt. 5 lbs. 1 oz. (2,296.31 g); Colletin (b) H. 7 in. (17.8 cm); W. 11 7/16 in. (29.1 cm); Wt. 2 lbs. 2 oz. (963.88 g); Breastplate (c) H. 18 1/8 in. (46.0 cm); W. 15 in. (38.1 cm); D. 7 7/8 in. (19.9 cm); Wt. 5 lbs. 4 oz (2,381.36 g); Backplate (d) H. 14 5/8 in. (37.2 cm); W. 14 5/8 in. (37.2 cm); Wt. 3 lbs. 3 oz. (1,445.83 g); Pauldron right (e) H. 10 1/2 in. (26.7 cm); W. 11 5/8 in. (29.5 cm); Wt. 2 lbs. 9 oz. (1,162.33 g); Pauldron left (f) H. 10 3/8 in. (26.4 cm); W. 11 in.  (27.9 cm); Wt. 2 lbs. 12 oz. (1,247.38 g); Arm Defense right (g) L. 18 1/2 in. (46.9 cm); Wt. 2 lbs. 7 oz. (1,105.63 g); Arm Defense left (h) L. 18 1/4 in. (46.4 cm); Wt. 2 lbs. 6 oz. (1,077.28 g)","Italian, Milan",Italy,,Milan,,Lucio Piccinino,Armorer,Italian,1550,1615,,Arms and Armor,Armor for Man-1/2 Armor,"Italian, Milan, active ca. 1575–90",False,True,https://www.metmuseum.org/art/collection/search/22184,https://images.metmuseum.org/CRDImages/aa/original/AA97.jpg,6,https://www.wikidata.org/wiki/Q116327516,,
24983,Sword Guard (<i>Tsuba</i>) Depicting Legendary Chinese Horse Doctor Mâshi Húang (馬師皇図鐔),Sword guard (<i>Tsuba</i>),early 19th century,,,,"Copper-silver alloy (shibuichi), copper-gold alloy (shakudō), gold, silver, copper",H. 2 11/16 in. (6.8 cm); W. 2 1/2 in. (3.8 cm); thickness 3/16 in. (.5 cm); Wt. 3.8 oz. (107.7 g),Japanese,Japan,,,Human Figures|Dragons|Horses,,,,,,,Arms and Armor,Sword Furniture-Tsuba,,False,True,https://www.metmuseum.org/art/collection/search/24983,https://images.metmuseum.org/CRDImages/aa/original/81.1.410_002jan2014.jpg,1,,,
21994,Armor,Armor,"ca. 1560 and later, etching possibly 19th century",,,,"Steel, leather",Wt. 45 lb. 9 oz. (20.2 kg); Wt. of helmet 7 lb. 9 oz. (3433.7 g),German,Germany,,,,,,,,,,Arms and Armor,Armor for Man,,False,True,https://www.metmuseum.org/art/collection/search/21994,https://images.metmuseum.org/CRDImages/aa/original/4873.jpg,4,,,
30079,Sword Guard (Tsuba),Sword guard (Tsuba),18th century,,,,"Copper-gold alloy (shakudō), gold, copper",H. 2 7/8 in. (7.3 cm); W. 2 5/8 in. (6.7 cm); thickness 3/16 in. (0.5 cm); Wt. 3.5 oz. (99.2 g),Japanese,Japan,,,,,,,,,,Arms and Armor,Sword Furniture-Tsuba,,False,True,https://www.metmuseum.org/art/collection/search/30079,https://images.metmuseum.org/CRDImages/aa/original/36.120.78_001mar2014.jpg,1,,,
748484,"Helmet of the Italo-Chalcidian Type, Anatomical Cuirass, and Left Greave","Helmet, cuirass, and greave",late 5th–4th century BCE,,,,"Bronze, silver","Helmet (a); H 13 in. (33 cm); W. 7 1/8 in. (18.1 cm); D. 9 7/8 in. (25.1 cm); Wt. 3 lb. 2.7 oz. (1437.3 g); cuirass (b, c); H. 20 1/2 in. (52.1 cm); W. 14 7/8 in. (37.8 cm); D. 11 in. (27.9 cm); Wt. 6 lb. 13.7 oz. (3109.9 g); greave (d); H. 18 in. (45.7 cm); W. 6 1/4 in. (15.9 cm); D. 5 1/4 in. (13.3 cm); Wt. 1 lb. 3.2 oz. (544.3 g)","Etruscan, probably Vulci",Italy,,,,,,,,,,Arms and Armor,Armor Parts,,False,True,https://www.metmuseum.org/art/collection/search/748484,https://images.metmuseum.org/CRDImages/aa/original/LC-2017_228a_d-048_1.jpg,29,https://www.wikidata.org/wiki/Q116444895,,
32776,Stirrup,Stirrup,ca. 1600,,,,"Iron alloy, tin",H. 8 in. (20.3 cm); W. 5 1/2 in. (14 cm); D. 3 1/2 in. (8.9 cm); Wt. 1 lb. 3 oz. (538.6 g),East German or Bohemian,Czech Republic,,,,,,,,,,Arms and Armor,Equestrian Equipment-Stirrups,,False,True,https://www.metmuseum.org/art/collection/search/32776,https://images.metmuseum.org/CRDImages/aa/original/LC-25_188_3-002.jpg,2,,,
35887,Combination Dagger and Wheellock Pistol,Combination weapon,ca. 1575–1600,,,,"Steel, wood",L. 18 15/16 in. (48.1 cm); L. of blade 13 13/16 in. (35.1 cm); L. of blade (without tip) 11 11/16 in. (29.7 cm); L. of quillons 4 1/4 in. (10.8 cm); Cal. .29 in. (7.4 mm); Wt. 1 lb. 11 oz. (765.4 g),"German, possibly Saxony",Germany,,,,,,,,,,Arms and Armor,Combination Weapons,,False,True,https://www.metmuseum.org/art/collection/search/35887,https://images.metmuseum.org/CRDImages/aa/original/LC-14_25_1280-003-Edit.jpg,3,,,
22980,Vamplate,Vamplate,ca. 1550 to 1575,,,,Steel,H. 6 3/4 in. (17.1 cm); Diam. 9 3/8 in. (23.8 cm); Wt. 2 lb. 4.1 oz. (1023.4 g),Italian,Italy,,,,,,,,,,Arms and Armor,Shafted Weapons,,False,True,https://www.metmuseum.org/art/collection/search/22980,https://images.metmuseum.org/CRDImages/aa/original/DP-13125-044.jpg,1,https://www.wikidata.org/wiki/Q116322862,,
27411,Cup-Hilted Rapier,Cup-hilted rapier,ca. 1650,,,,"Steel, copper wire",L. 45 7/8 in. (116.5 cm); L. of blade 41 1/2 in. (105.4 cm); W. 11 3/4 in. (29.8 cm); D. 5 1/4 in. (13.3 cm); Wt. 1 lb. 12 oz. (793.8 g),"hilt, Spanish; blade, German",Germany,,,,,,,,,,Arms and Armor,Swords,,False,True,https://www.metmuseum.org/art/collection/search/27411,https://images.metmuseum.org/CRDImages/aa/original/LC-14_25_1012-004.jpg,3,,,
649101,Sword and Scabbard (dpa’ rtags),Sword and scabbard (Dpa’ rtags),18th–19th century,,,,"Steel, silver, gold, copper alloy, wood",L. with scabbard 34 in. (86.4 cm); L. without scabbard 32 1/2 in. (82.6 cm); L. of blade 26 1/8 in. (66.4 cm); W. 2 1/4 in. (5.7 cm); Wt. 2 lb. 3.5 oz. (1006.4 g); Wt. of scabbard 1 lb. 8.8 oz. (703.1 g),Bhutanese,Bhutan,,,,,,,,,,Arms and Armor,Swords,,False,True,https://www.metmuseum.org/art/collection/search/649101,https://images.metmuseum.org/CRDImages/aa/original/DP330554.jpg,4,,,
33858,Head of a Ceremonial War Hammer,Head of a Ceremonial War Hammer,ca. 1550 or later,,,,Bronze,L. 6 7/16 in. (16.3 cm); L. of head 4 in. (10.1 cm); W. 5 13/16 in. (14.7 cm); Wt. 1 lb. 12 oz. (793.8 g),probably Italian,Italy,,,,,,,,,,Arms and Armor,Shafted Weapons,,False,True,https://www.metmuseum.org/art/collection/search/33858,https://images.metmuseum.org/CRDImages/aa/original/LC-14_25_1351-002.jpg,1,,,
23712,Arrowhead (<i>Yanone</i>),Arrowhead (<i>Yanone</i>),18th century,,,,Steel,L. 6 5/8 in. (16.8 cm); L. of head 2 3/8 in. (6 cm); W. 1 3/8 in. (3.5 cm); Wt. 0.9 oz. (25.5 g),Japanese,Japan,,,,,,,,,,Arms and Armor,Archery Equipment-Arrowheads,,False,True,https://www.metmuseum.org/art/collection/search/23712,https://images.metmuseum.org/CRDImages/aa/original/LC-32_75_648-001.jpg,0,,,
696691,Fragment,Fragment,ca. 1150–ca. 1250,,,,"Glass, ceramic",greatest H. 3 1/4 in. (8.3 cm); smallest H. 3/4 in. (1.9 cm),European or Middle Eastern,,,,,,,,,,,Arms and Armor,Glass-Vessels,,False,True,https://www.metmuseum.org/art/collection/search/696691,https://images.metmuseum.org/CRDImages/aa/original/DP276488.jpg,3,,,
29440,Pair of Sword-Grip Ornaments (Menuki),Pair of sword-grip ornaments (Menuki),18th century,,,,Gold,L. of each 1 1/8 in. (2.9 cm); Wt. of each 0.3 oz. (8.5 g),Japanese,Japan,,,,,,,,,,Arms and Armor,Sword Furniture-Menuki,,False,True,https://www.metmuseum.org/art/collection/search/29440,https://images.metmuseum.org/CRDImages/aa/original/LC-38_55_19a_b-001.jpg,0,,,
24307,Dagger (Katar),Dagger (Katar),17th century,,,,Steel,L. 21 3/4 in. (55.2 cm); W. 5 in. (12.7 cm); Wt. 2 lbs. 3 oz. (992.2 g),"Indian, Thanjavur; blade, European",,,,Peacocks,,,,,,,Arms and Armor,Daggers,,False,True,https://www.metmuseum.org/art/collection/search/24307,https://images.metmuseum.org/CRDImages/aa/original/DT209947.jpg,3,,,
35135,Sword Guard (Tsuba),Sword guard (Tsuba),ca. 300–710,,,,Iron,H. 2 7/8 in. (7.3 cm); W. 2 1/4 in. (5.7 cm); thickness 3/4 in. (1.9 cm); Wt. 2.1 oz. (59.5 g),Japanese,Japan,,,,,,,,,,Arms and Armor,Sword Furniture-Tsuba,,False,True,https://www.metmuseum.org/art/collection/search/35135,https://images.metmuseum.org/CRDImages/aa/original/17.229.37_001may2014.jpg,2,,,
35177,Sword Guard (<i>Tsuba</i>) Depicting Group of Monkeys in a Peach Tree (猿猴摘桃透鐔),Sword guard (Tsuba),ca. 1615–1868,,,,"Iron, copper, gold",H. 3 3/16 in. (8.1 cm); W. 3 1/8 in. (7.9 cm); thickness 1/4 in. (0.6 cm); Wt. 5.2 oz. (147.4 g),Japanese,Japan,,,Monkeys,,,,,,,Arms and Armor,Sword Furniture-Tsuba,,False,True,https://www.metmuseum.org/art/collection/search/35177,https://images.metmuseum.org/CRDImages/aa/original/91.1.753_004may2014.jpg,1,,,
25744,Sword guard (<i>Tsuba</i>) Depicting Comical Character Hyottoko (火男図鐔),Sword guard (Tsuba),17th century,,,,"Iron, copper, gold",H. 2 7/8 in. (7.3 cm); W. 2 1/2 in. (6.4 cm); thickness 1/4 in. (0.6 cm); Wt. 3.1 oz. (87.9 g),Japanese,Japan,,,Masks|Fans,,,,,,,Arms and Armor,Sword Furniture-Tsuba,,False,True,https://www.metmuseum.org/art/collection/search/25744,https://images.metmuseum.org/CRDImages/aa/original/91.1.818_001jan2014.jpg,1,,,
653020,Design for the Decoration of Firearms,Drawings,ca. 1797–1805,,,,"Pencil, ink, gray wash on paper",5 3/4 x 2 1/4 in. (14.6 x 5.7 cm),"French, Versailles",France,,Versailles,Flowers|Leaves,Nicolas Noël Boutet,Designer,French,1761,1833,,Arms and Armor,Works on Paper-Drawings,"French, Versailles and Paris, 1761–1833",False,True,https://www.metmuseum.org/art/collection/search/653020,https://images.metmuseum.org/CRDImages/aa/original/LC-2004_101_61-001.jpg,0,,https://www.wikidata.org/wiki/Q3339989,http://vocab.getty.edu/page/ulan/500063092
34526,Knife Handle (Kozuka),Knife handle (Kozuka),ca. 1615–1868,,,,"Copper-gold alloy (shakudō), gold, silver",L. 3 13/16 in. (9.7 cm); W. 9/16 in. (1.4 cm); thickness 1/4 in. (0.6 cm); Wt. 1.1 oz. (31.2 g),Japanese,Japan,,,,,,,,,,Arms and Armor,Sword Furniture-Kozuka,,False,True,https://www.metmuseum.org/art/collection/search/34526,https://images.metmuseum.org/CRDImages/aa/original/29.100.1116_001AA2015.jpg,1,,,
34721,Sword-Hilt Collar and Pommel (Fuchigashira),Sword-hilt collar and pommel (Fuchigashira),ca. 1615–1868,,,,"Copper-silver alloy (shibuichi), copper, gold",Fuchi (a); H. 1 1/2 in. (3.8 cm); Wt. 0.8 oz. (22.7 g); kashira (b); H. 1 3/8 in. (3.5 cm); Wt. 0.5 oz. (14.2 g),Japanese,Japan,,,Men|Deer,,,,,,,Arms and Armor,Sword Furniture-Fuchi-Kashira,,False,True,https://www.metmuseum.org/art/collection/search/34721,https://images.metmuseum.org/CRDImages/aa/original/LC-29.100.1313a_b-001.jpg,0,,,
35675,Section of a Composite Bow from a Crossbow,Section of a composite bow from a crossbow,15th century,,,,"Baleen, horn, tendon, bark (birch)",L. 2 3/8 in. (6 cm); W. 1 1/2 in. (3.8 cm); thickness 1/4 in. (0.6 cm); Wt. 0.4 oz. (12 g),European,,,,,,,,,,,Arms and Armor,Archery Equipment,,False,True,https://www.metmuseum.org/art/collection/search/35675,https://images.metmuseum.org/CRDImages/aa/original/DP214785.jpg,1,,,
31734,Dagger (Chilanum),Dagger (Chilanum),17th–18th century,,,,Steel,H. 13 1/4 in. (33.7 cm); W. 2 15/16 in. (7.5 cm); Wt. 5.5 oz. (155.9 g),South Indian,South India,,,,,,,,,,Arms and Armor,Daggers,,False,True,https://www.metmuseum.org/art/collection/search/31734,https://images.metmuseum.org/CRDImages/aa/original/36.25.754_001July2014.jpg,0,,,
32781,Hauberk of Mail,Hauberk of mail,15th century,,,,"Iron, copper alloy (latten), bronze",H. 30 5/16 in. (77.0 cm); W. 35 13/16 in. (91.0 cm); W. of chest 22 in. (56.0 cm); Diam. (outside) of heavy links 13/32 in. (10.3 mm); Diam. (inside) of heavy links 1/4 in. (6.1 mm); Diam. (outside) of lighter links 3/8 in. (9.2 mm); Diam. (inside) of lighter links 9/32 (6.9 mm); Wt. 12 lbs. 9 oz. (5698.3 g).,"German, Nuremberg",Germany,,Nuremberg,,,,,,,,Arms and Armor,Mail,,False,True,https://www.metmuseum.org/art/collection/search/32781,https://images.metmuseum.org/CRDImages/aa/original/62436.jpg,0,,,
27149,Cabasset,Cabasset,ca. 1570,,,,"Steel, brass, gold, leather",H. 9 1/8 in. (23.2 cm); W. 9 7/16 in. (24 cm); D. 11 15/16 in. (30.3 cm); Wt. 4 lb. 11 oz. (2126 g),Italian,Italy,,,,,,,,,,Arms and Armor,Helmets,,False,True,https://www.metmuseum.org/art/collection/search/27149,https://images.metmuseum.org/CRDImages/aa/original/14.25.630_005mar2015.jpg,4,,,
31600,Knife (Wedong) with Sheath,Knife (Wedong) with sheath,16th–19th century,,,,Wood,L. with sheath 16 1/4 in. (41.3 cm); L. without sheath 14 9/16 in. (37 cm); W. 2 1/8 in. (5.4 cm); Wt. 13.2 oz. (374.2 g); Wt. of sheath 7 oz. (198.4 g),Javanese,Indonesia,,,,,,,,,,Arms and Armor,Knives,,False,True,https://www.metmuseum.org/art/collection/search/31600,https://images.metmuseum.org/CRDImages/aa/original/36.25.800ab_003june2014.jpg,2,,,
31852,Dagger with Sheath,Dagger with sheath,late 19th century,,,,"Steel, enamel, velvet",H. with sheath 20 1/2 in. (52.1 cm); H. without sheath 18 5/8 in. (47.3 cm); H. of blade 13 in. (33 cm); W. 2 5/8 in. (6.7 cm); Wt. 15.7 oz. (445.1 g); Wt. of sheath 9.9 oz. (280.7 g),"Persian, Qajar",Iran,,,,,,,,,,Arms and Armor,Daggers,,False,True,https://www.metmuseum.org/art/collection/search/31852,https://images.metmuseum.org/CRDImages/aa/original/36.25.682ab_002june2014.jpg,2,,,
31391,Kris with Sheath,Kris with sheath,18th–19th century,,,,"Wood, horn",L. with sheath 17 15/16 in. (45.6 cm); L. without sheath 16 1/2 in. (41.9 cm); L. of blade 13 1/2 in. (34.3 cm); W. 4 1/2 in. (11.4 cm); Wt. 8.5 oz. (241 g); Wt. of sheath 9.1 oz. (258 g),"Indonesian, Sumbawa",Indonesia,,Sumbawa,,,,,,,,Arms and Armor,Krisses,,False,True,https://www.metmuseum.org/art/collection/search/31391,https://images.metmuseum.org/CRDImages/aa/original/36.25.1192ab_001Jan2015.jpg,0,,,
31549,Knife (Phia Kaetta) with Sheath,Knife (Piha kaetta) with sheath,18th–19th century,,,,"Ivory, steel, wood",H. with sheath 9 7/8 in. (25.1 cm); H. without sheath 9 in. (22.9 cm); W. 1 7/16 in. (3.7 cm); Wt. 3.6 oz. (102.1 g); Wt. of sheath 6.7 oz. (189.9 g),Sri Lankan,Sri Lanka,,,,,,,,,,Arms and Armor,Knives,,False,True,https://www.metmuseum.org/art/collection/search/31549,https://images.metmuseum.org/CRDImages/aa/original/36.25.958ab_001Mar2015.jpg,0,,,
22848,Cuirass,Cuirass,dated  A.H. 1192/ 1778–79 CE,,,,"Steel, iron, textile (velvet)",Breastplate (a); H. 16 in. (40.6 cm); Wt. 3 lb. 13 oz. (1733 g); backplate (b); H. 18 1/4 in. (46.4 cm); Wt. 3 lb. 9 oz. (1620 g),"Indian, Hyderabad",India,,,,,,,,,,Arms and Armor,Armor Parts-Cuirasses,,False,True,https://www.metmuseum.org/art/collection/search/22848,https://images.metmuseum.org/CRDImages/aa/original/DP219403.jpg,3,https://www.wikidata.org/wiki/Q116324355,,
30650,Spear with Sheath,Spear with sheath,18th–19th century,,,,"Wood, cane (rattan)",L. with sheath 74 5/8 in. (189.5 cm); L. without sheath 69 5/8 in. (176.8 cm); L. of head 6 15/16 in. (17.6 cm); W. 7/8 in. (2.2 cm); Wt. 1 lb. 14.2 oz. (856.2 g); Wt. of sheath 5.6 oz. (158.8 oz),Malayan,Malay Archipelago,,,,,,,,,,Arms and Armor,Shafted Weapons,,False,True,https://www.metmuseum.org/art/collection/search/30650,https://images.metmuseum.org/CRDImages/aa/original/36.25.2017ab_003jan2015.jpg,2,,,
22405,Rowel Spur,Rowel spur,ca. 1400,,,,"Copper alloy, enamel, gold","L. 7 1/4 in. (18.42 cm); L. of neck, 3 in. (7.62 cm); Diam. of rowel, 2 7/8 in. (7.03 cm); Wt. 7 oz. (198.45 g)","French or Spanish, Catalonia",Spain,,,,,,,,,,Arms and Armor,Equestrian Equipment-Spurs,,True,True,https://www.metmuseum.org/art/collection/search/22405,https://images.metmuseum.org/CRDImages/aa/original/DT760.jpg,0,https://www.wikidata.org/wiki/Q29383107,,
23669,Arrowhead (<i>Yanone</i>),Arrowhead (<i>Yanone</i>),18th century,,,,Steel,L. 7 1/2 in. (19.1 cm); L. of head 2 3/4 in. (7 cm); W. 1 3/8 in. (3.5 cm); Wt. 1.1 oz. (31.2 g),Japanese,Japan,,,,,,,,,,Arms and Armor,Archery Equipment-Arrowheads,,False,True,https://www.metmuseum.org/art/collection/search/23669,https://images.metmuseum.org/CRDImages/aa/original/LC-32_75_602-001.jpg,0,,,
662413,Rapier,Rapier,late 16th century,,,,"Steel, silver, iron wire, gold",L. 55 1/4 in. (140.3 cm); L. of blade 49 in. (124.5 cm); W. 9 1/4 in. (23.5 cm); D. 6 in. (15.2 cm); Wt. 2 lb. 15 oz. (1332.4 g),Italian,Italy,,,,,,,,,,Arms and Armor,Swords,,False,True,https://www.metmuseum.org/art/collection/search/662413,https://images.metmuseum.org/CRDImages/aa/original/LC-14_25_1187-001-2.jpg,3,,,
647366,Sword Guard (Tsuba),Sword guard (Tsuba),ca. 1800,,,,"Iron, gold, copper",H. 3 in. (7.6 cm); W. 2 7/8 in. (7.3 cm); thickness 1/8 in. (0.3 cm); Wt. 3.6 oz. (102.1 g),Japanese,Japan,,,,,,,,,,Arms and Armor,Sword Furniture-Tsuba,,False,True,https://www.metmuseum.org/art/collection/search/647366,https://images.metmuseum.org/CRDImages/aa/original/36.120.143_001mar2014.jpg,1,,,
31702,Dagger with Sheath,Dagger with sheath,19th century,,,,"Steel, silver, ivory (walrus)",H. with sheath 21 7/8 in. (55.6 cm); H. without sheath 20 in. (50.8 cm); W. 2 13/16 in. (7.1 cm); Wt. 1 lb. 2.8 oz. (533 g); Wt. of sheath 11.3 oz. (320.3 g),Turkish,Turkey,,,,,,,,,,Arms and Armor,Daggers,,False,True,https://www.metmuseum.org/art/collection/search/31702,https://images.metmuseum.org/CRDImages/aa/original/36.25.722ab_002june2014.jpg,2,,,
695196,Fragment,Fragment,ca. 1150–ca. 1250,,,,"Glass, ceramic",greatest H. 3 1/4 in. (8.3 cm); smallest H. 3/4 in. (1.9 cm),European or Middle Eastern,,,,,,,,,,,Arms and Armor,Glass-Vessels,,False,True,https://www.metmuseum.org/art/collection/search/695196,https://images.metmuseum.org/CRDImages/aa/original/DP276488.jpg,3,,,
31061,Sword (Niabor) with Scabbard,Sword (Niabor) with scabbard,18th–19th century,,,,"Wood, bone, steel",H. with scabbard 31 in. (78.7 cm); H. without scabbard 28 3/8 in. (72.1 cm); W. 2 1/2 in. (6.4 cm); Wt. 1 lb. 5.6 oz. (612.3 g); Wt. of scabbard 7.6 oz. (215.5 g),Bornean,Borneo,,,,,,,,,,Arms and Armor,Swords,,False,True,https://www.metmuseum.org/art/collection/search/31061,https://images.metmuseum.org/CRDImages/aa/original/LC-36_25_1412a_b-004-2.jpg,3,,,
26731,Staff Weapon,Staff weapon,ca. 1580,,,,"Steel, wood, paint",L. 51 1/2 in. (130.8 cm); L. of head 10 3/4 in. (27.3 cm); W. 9 1/2 in. (24.1 cm); Wt. 2 lbs. 12 oz. (1247.4 g),Italian,Italy,,,,,,,,,,Arms and Armor,Shafted Weapons,,False,True,https://www.metmuseum.org/art/collection/search/26731,https://images.metmuseum.org/CRDImages/aa/original/14.25.318_002jan2015.jpg,2,,,
33915,Pendant,Pendant,15th–17th century,,,,Bronze,H. 1 5/8 in. (4.1 cm); W. 1 in. (2.5 cm); thickness 3/16 in. (0.5 cm); Wt. 0.3 oz. (8 g),European,,,,,,,,,,,Arms and Armor,Miscellaneous-Buckles & Ornament,,False,True,https://www.metmuseum.org/art/collection/search/33915,https://images.metmuseum.org/CRDImages/aa/original/LC-29_158_825-001.jpg,0,,,
35116,Sword Guard (Tsuba),Sword guard (Tsuba),ca. 3rd century–538,,,,Iron,H. 3 3/8 in. (8.6 cm); W. 2 3/4 in. (9.5 cm); Wt. 2.2 oz. (62.4 g),Japanese,Japan,,,,,,,,,,Arms and Armor,Sword Furniture-Tsuba,,False,True,https://www.metmuseum.org/art/collection/search/35116,https://images.metmuseum.org/CRDImages/aa/original/17.222.4_001may2014.jpg,3,,,
31455,Dagger (Jambiya),Dagger (Jambiya),19th century,,,,"Steel, silver",H. 11 1/4 in. (28.6 cm); H. of blade 7 1/2 in. (19.1 cm); W. 2 5/16 in. (5.9 cm); Wt. 7.3 oz. (207 g),Indian,India,,,,,,,,,,Arms and Armor,Daggers,,False,True,https://www.metmuseum.org/art/collection/search/31455,https://images.metmuseum.org/CRDImages/aa/original/36.25.1059_001july2014.jpg,1,,,
31211,Executioner's Sword,Executioner's sword,18th–19th century,,,,Brass,L. 23 1/2 in. (59.7 cm); L. of blade 18 in. (45.7 cm); W. 6 in. (15.2 cm); Wt. 1 lb. 10 oz. (737.1 g),"Indonesian, Sulawesi",Indonesia,,,,,,,,,,Arms and Armor,Swords,,False,True,https://www.metmuseum.org/art/collection/search/31211,https://images.metmuseum.org/CRDImages/aa/original/36.25.1388_001_Apr2017.jpg,0,,,
30761,Spear,Spear,18th–19th century,,,,"Steel, brass",L. 58 1/2 in. (148.6 cm); L. of top head 22 1/8 in. (56.2 cm); L. of bottom head 18 1/4 in. (46.4 cm); W. 1 in. (2.5 cm); Wt. 1 lb. 8.5 oz. (694.6 g),probably Saudi Arabian,Probably Saudi Arabia,,,,,,,,,,Arms and Armor,Shafted Weapons,,False,True,https://www.metmuseum.org/art/collection/search/30761,https://images.metmuseum.org/CRDImages/aa/original/36.25.1949_001jan2015.jpg,1,,,
30931,Sword (Dao) with Scabbard and Baldric,Sword (Dao) with scabbard and baldric,19th century,,,,"Steel, wood, cane",L. with scabbard 30 3/4 in. (78.1 cm); L. without scabbard 25 in. (63.5 cm); W. 2 in. (5.1 cm); Wt. 1 lb. 11.8 oz. (788.1 g); Wt. of scabbard 9.4 oz. (266.5 g),"Indian, Assam, Naga Hills",India,,,,,,,,,,Arms and Armor,Swords,,False,True,https://www.metmuseum.org/art/collection/search/30931,https://images.metmuseum.org/CRDImages/aa/original/36.25.1630a_b_001_Mar2017.jpg,0,,,
29331,Snaffle Bit,Bit,late 16th–17th century,,,,Iron alloy,H. 3 3/4 in. (9.5 cm); W. 9 3/4 in. (24.8 cm); Wt. 4.6 oz. (130.4 g),German,Germany,,,,,,,,,,Arms and Armor,Equestrian Equipment-Bits,,False,True,https://www.metmuseum.org/art/collection/search/29331,https://images.metmuseum.org/CRDImages/aa/original/LC-42_50_480-001.jpg,0,,,
27419,Rapier with Scabbard,Rapier with scabbard,early 18th century,,,,"Steel, leather, brass",L. with scabbard 39 1/8 in. (99.4 cm); L. without scabbard 38 1/4 in. (97.1 cm); L. of blade 32 1/4 in. (81.9 cm); W. 7 in. (17.8 cm); D. 3 3/4 in. (9.5 cm); Wt. 1 lb. 4 oz. (567 g); Wt. of scabbard 3 oz. (85 g),Italian,Italy,,,,,,,,,,Arms and Armor,Swords,,False,True,https://www.metmuseum.org/art/collection/search/27419,https://images.metmuseum.org/CRDImages/aa/original/LC-14_25_1030a-001.jpg,3,,,
653002,Design for the Decoration of the Barrel Tang Surround of a Firearm,Drawings,ca. 1797–1805,,,,"Pencil, ink, gray wash on paper",2 7/8 x 3 1/4 in (7.3 x 8.3 cm),"French, Versailles",France,,Versailles,Flowers,Nicolas Noël Boutet,Designer,French,1761,1833,,Arms and Armor,Works on Paper-Drawings,"French, Versailles and Paris, 1761–1833",False,True,https://www.metmuseum.org/art/collection/search/653002,https://images.metmuseum.org/CRDImages/aa/original/LC-2004.101.43-001.jpg,0,,https://www.wikidata.org/wiki/Q3339989,http://vocab.getty.edu/page/ulan/500063092
24961,Highland Targe,Highland Targe,1700–1750,,,,"Wood, leather, brass, horn, textile",Diam. 19 3/4 in. (50.2 cm); Wt. 6 lb. 5 oz. (2870 g),Scottish,Scotland,,,,,,,,,,Arms and Armor,Shields,,False,True,https://www.metmuseum.org/art/collection/search/24961,https://images.metmuseum.org/CRDImages/aa/original/DT3996.jpg,1,https://www.wikidata.org/wiki/Q116323544,,
34375,Sword Guard (Tsuba),Sword guard (Tsuba),ca. 1615–1868,,,,"Iron, silver, gold, copper",H. 3 in. (7.6 cm); W. 2 7/8 in. (7.3 cm); thickness 5/16 in. (0.8 cm); Wt. 4.5 oz. (127.6 g),Japanese,Japan,,,Birds,,,,,,,Arms and Armor,Sword Furniture-Tsuba,,False,True,https://www.metmuseum.org/art/collection/search/34375,https://images.metmuseum.org/CRDImages/aa/original/29.100.963_001feb2014.jpg,1,,,
22006,Pendant for Horse Trappings,Pendant for horse trappings,15th century,,,,"Copper alloy, enamel, gold",H. 2 in. (5.1 cm); W. 1 5/8 in. (4.1 cm); Wt. 0.5 oz. (14.2 g),Spanish,Spain,,,Crowns,,,,,,,Arms and Armor,Miscellaneous-Badges,,False,True,https://www.metmuseum.org/art/collection/search/22006,https://images.metmuseum.org/CRDImages/aa/original/LC-04_3_365-001.jpg,0,https://www.wikidata.org/wiki/Q116234857,,
32239,Sword,Sword,"ca. 14th–15th century; grip, later",,,,"Steel, silver",L. 41 1/8 in. (104.4 cm); L. of blade 34 1/4  in. (88.3 cm); W. 6 7/8 in. (17.5 cm); Wt. 2 lb. 11 oz. (1219 g),Italian,Italy,,,,,,,,,,Arms and Armor,Swords,,False,True,https://www.metmuseum.org/art/collection/search/32239,https://images.metmuseum.org/CRDImages/aa/original/LC-32_75_227-004.jpg,1,,,
23146,Breastplate,Breastplate,ca. 1485–95,,,,"Steel, leather",H. 19 5/8 in. (49.8 cm); W. 14 in. (35.6 cm); Wt. 6 lb. 8 oz. (2.9 kg),"Austrian, Innsbruck",Austria,,Innsbruck,,Hans Prunner,Armorer,Austrian,1482,1499,,Arms and Armor,Armor Parts-Breastplates,"Austrian, Innsbruck, died before 1503",False,True,https://www.metmuseum.org/art/collection/search/23146,https://images.metmuseum.org/CRDImages/aa/original/DP-16115-009.jpg,0,https://www.wikidata.org/wiki/Q116394247,,
32177,Letter from George Washington to New York Governor George Clinton,Letter,1780,,,,Ink on paper,13 1/2 x 8 3/8 in. (34.2 x 21.2 cm),American,United States,,New Windsor,George Washington,George Washington,Author,American,1732,1799,,Arms and Armor,Works on Paper-Miscellaneous,"American, 1732–1799",False,True,https://www.metmuseum.org/art/collection/search/32177,https://images.metmuseum.org/CRDImages/aa/original/LC-35_52-002.jpg,1,,https://www.wikidata.org/wiki/Q23,http://vocab.getty.edu/page/ulan/500126198
31663,Knife with Sheath,Knife with sheath,18th–19th century,,,,"Steel, horn",L. with sheath 6 1/4 in. (15.9 cm); L. without sheath 5 1/2 in. (14 cm); W. 1 3/4 in. (4.5 cm); Wt. 0.8 oz. (22.7 g); Wt. of sheath 0.5 oz. (14.2 g),"Indonesian, Sulawesi (possibly the Philippines)","Sulawesi, Indonesia",,,,,,,,,,Arms and Armor,Knives,,False,True,https://www.metmuseum.org/art/collection/search/31663,https://images.metmuseum.org/CRDImages/aa/original/36.25.874ab_002july2014.jpg,2,,,
32118,"Helmet, Cuirass, and Pair of Arm Defenses","Helmet, cuirass, and pair of arm defenses",17th–18th century,,,,"Steel, gold",H. including mail 19 in. (48.3 cm); H. including nasal 9 in. (22.9 cm); H. excluding mail and nasal 5 in. (12.7 cm); W. 7 3/4 in. (19.7 cm); D. 8 1/4 in. (21 cm); Wt. 2 lb. 1.9 oz. (961 g),Persian,Iran,,,,,,,,,,Arms and Armor,Helmets,,False,True,https://www.metmuseum.org/art/collection/search/32118,https://images.metmuseum.org/CRDImages/aa/original/36.25.66a_013AA2015.jpg,4,,,
23237,Great Sallet,Great sallet,possibly 1420–50,,,,Steel,H. 13 5/8 in. (34.6 cm); W. 8 1/2 in. (21.6 cm); D. 9 1/2 in. (24.1 cm); Wt. 8 lb. 12 oz. (3971 g),Italian,Italy,,,,,,,,,,Arms and Armor,Helmets,,False,True,https://www.metmuseum.org/art/collection/search/23237,https://images.metmuseum.org/CRDImages/aa/original/29.158.42_009AA2015.jpg,5,https://www.wikidata.org/wiki/Q116326577,,
27896,Kris with Sheath,Kris with sheath,18th–19th century,,,,"Steel, wood, gold, silver, copper alloy, cord",L. with sheath 28 3/4 in. (73 cm); L. without sheath 28 1/8 in. (71.4 cm); W. 4 1/2 in. (11.4 cm); Wt. 1 lb. 13.3 oz. (830.6 g); Wt. of sheath 10.1 oz. (286.3 g),"Philippine, Tukuran",Philippines,,Tukuran,,,,,,,,Arms and Armor,Krisses,,False,True,https://www.metmuseum.org/art/collection/search/27896,https://images.metmuseum.org/CRDImages/aa/original/LC-36_25_1255a_b-002-2-Edit.jpg,1,,,
32376,Dagger (Pichangatti) with Sheath,Dagger with sheath,18th century,,,,"Steel, silver, wood, coral, ruby",H. with sheath 12 3/4 in. (32.4 cm); H. without sheath 11 15/16 in. (30.3 cm); H. of blade 7 1/8 in. (18.1 cm); W. 1 11/16 in. (4.3 cm); D. 1 3/16 in. (3 cm); Wt. 10 oz. (289.2 g); Wt. of sheath 10.8 oz. (306.2 g),"Indian, Kodagu (Coorg)",India,,,,,,,,,,Arms and Armor,Daggers,,False,True,https://www.metmuseum.org/art/collection/search/32376,https://images.metmuseum.org/CRDImages/aa/original/31.58ab_002june2014.jpg,2,,,
25776,Sword Guard (<i>Tsuba</i>) Depicting Heron on Boat (一路平安図鐔),Sword guard (<i>Tsuba</i>),18th century,,,,"Iron, gold, copper-silver alloy (<i>shibuichi</i>)",H. 2 7/8 in. (7.3 cm); W. 2 11/16 in. (6.8 cm); thickness 1/4 in. (0.6 cm); Wt. 4.9 oz. (138.9 g),Japanese,Japan,,,Birds,Shōzui,Fittings maker,Japanese,1696,1769,,Arms and Armor,Sword Furniture-Tsuba,"Japanese, Edo, 1696–1769",False,True,https://www.metmuseum.org/art/collection/search/25776,https://images.metmuseum.org/CRDImages/aa/original/91.1.838_001feb2014.jpg,3,,,
23663,Arrowhead (<i>Yanone</i>),Arrowhead (<i>Yanone</i>),18th century,,,,Steel,L. 9 1/2 in. (24.1 cm); L. of head 2 7/8 in. (7.3 cm); W. 1 3/4 in. (4.5 cm); Wt. 1.6 oz. (45.4 g),Japanese,Japan,,,,,,,,,,Arms and Armor,Archery Equipment-Arrowheads,,False,True,https://www.metmuseum.org/art/collection/search/23663,https://images.metmuseum.org/CRDImages/aa/original/LC-32_75_595-001.jpg,0,,,
22097,Helmet (Kabuto),Helmet (kabuto),early 17th century,,,,"Iron, leather, textile, lacquer",10 in. (2 5.4 cm) x 12 1/2 in. (31.8 cm).,Japanese,Japan,,,,,,,,,,Arms and Armor,Helmets,,False,True,https://www.metmuseum.org/art/collection/search/22097,https://images.metmuseum.org/CRDImages/aa/original/LC-07_47-001-2.jpg,4,,,
35894,Armorer's Shaping Stake,Armorer's Shaping Stake,18th–19th century,,,,Iron,H. 29 1/2 in. (74.9 cm); W. of head 21 1/2 in. (54.6 cm); Wt. 39 lb. (17.7 kg),German or French,Germany or France,,,,,,,,,,Arms and Armor,Miscellaneous,,False,True,https://www.metmuseum.org/art/collection/search/35894,https://images.metmuseum.org/CRDImages/aa/original/DP-12883-001.jpg,0,,,
26755,Partisan,Partisan,ca. 1715,,,,"Steel, wood",L. 8 ft. 8 1/4 in. (264.7 cm); L. of head 21 1/4 in. (53.9 cm); W. 6 3/8 in. (16.2 cm); Wt. lbs. oz. (g),Spanish,Spain,,,Coat of Arms,,,,,,,Arms and Armor,Shafted Weapons,,False,True,https://www.metmuseum.org/art/collection/search/26755,https://images.metmuseum.org/CRDImages/aa/original/14.25.333_008jan2015.jpg,1,,,
25094,"Glaive of the Bodyguard of Archduke Ferdinand of Austria, later Emperor Ferdinand II (1578–1637)",Glaive,1590–1617,,,,"Steel, wood",L. 99 1/2 in. (252.1 cm); L. of head 29 1/4 in. (74.3 cm); W. 3 1/2 in. (8.9 cm); Wt. 6 lbs. 4 oz. (2835 g),Austrian,Austria,,,Coat of Arms,,,,,,,Arms and Armor,Shafted Weapons,,False,True,https://www.metmuseum.org/art/collection/search/25094,https://images.metmuseum.org/CRDImages/aa/original/04.3.97_001nov2014.jpg,1,,,
