ObjectID,Title,Object Name,Date,Period,Dynasty,Reign,Medium,Dimensions,Culture,Country,Region,City,Subjects,Artist Name,Artist Role(s),Artist Nationality,Artist Date of Birth,Artist Date of Death,Artist Gender,department,classification,artistDisplayBio,isHighlight,isPublicDomain,objectURL,primaryImage,additionalImages_count,objectWikidata_URL,artistWikidata_URL,artistULAN_URL
212185,Souvenir spoon with view of the bull ring at Málaga and arms of Spain,Souvenir spoon,late 19th century,,,,Silver-gilt and enamel,Length: 5 1/8 in. (13 cm),,,,,Buildings|Coat of Arms,,,,,,,European Sculpture and Decorative Arts,Metalwork-Silver,,False,True,https://www.metmuseum.org/art/collection/search/212185,https://images.metmuseum.org/CRDImages/es/original/72798.jpg,0,,,
190840,Tile,Tile,1620–40,,,,Tin-glazed earthenware,"Overall (tile): 5 × 5 in. (12.7 × 12.7 cm);
Overall (whole panel): 21 × 16 in. (53.3 × 40.6 cm)",,,,,Men|Women|Horses|Flowers,,,,,,,European Sculpture and Decorative Arts,Ceramics-Pottery,,False,True,https://www.metmuseum.org/art/collection/search/190840,https://images.metmuseum.org/CRDImages/es/original/4765.jpg,0,,,
855208,"Dido, Queen of Carthage",Medal,1538–1564,,,,Bronze,Diameter: 1 3/4 in. (45 mm),,,,,,Alessandro Cesati,Artist,Italian,1538,1564,,European Sculpture and Decorative Arts,Medals and Plaquettes,"Italian, born Cyprus, active 1538–64",False,True,https://www.metmuseum.org/art/collection/search/855208,https://images.metmuseum.org/CRDImages/es/original/DP-34057-006.jpg,1,,https://www.wikidata.org/wiki/Q3609923,http://vocab.getty.edu/page/ulan/500068265
220677,Piece,Piece,late 16th century,,,,Metal thread on silk,L. 63 1/2 x W. 36 1/2 inches,,,,,Flowers,,,,,,,European Sculpture and Decorative Arts,Textiles-Embroidered,,False,True,https://www.metmuseum.org/art/collection/search/220677,https://images.metmuseum.org/CRDImages/es/original/46325.jpg,0,,,
193869,Snuffbox,Snuffbox,1770–80,,,,"Gold, silver, semi-precious stones",1-1/8 x 3-3/4 x 2-7/8 in.  (2.9 x 9.5 x 7.3 cm),,,,,Flowers,Johann Neuber of Schwartzenberg,Goldsmith,German,1736,1808,,European Sculpture and Decorative Arts,Metalwork-Gold and Platinum,1736–1808,False,True,https://www.metmuseum.org/art/collection/search/193869,https://images.metmuseum.org/CRDImages/es/original/39677.jpg,0,https://www.wikidata.org/wiki/Q116310756,,
197493,Parrot,Figure,ca. 1745,,,,Salt-glazed stoneware,Height: 5 3/8 in. (13.7 cm),,,,,Parrots,,,,,,,European Sculpture and Decorative Arts,Ceramics-Pottery,,False,True,https://www.metmuseum.org/art/collection/search/197493,https://images.metmuseum.org/CRDImages/es/original/DP-1174-011.jpg,0,,,
217241,Sampler,Sampler,1822,,,,Silk on linen,H. 16 x W. 10 inches (40.6 x 25.4 cm),,,,,Human Figures,,,,,,,European Sculpture and Decorative Arts,Textiles-Embroidered,,False,True,https://www.metmuseum.org/art/collection/search/217241,https://images.metmuseum.org/CRDImages/es/original/DP739_09.50.2580.jpg,0,,,
189637,Part of a console,Console,late 17th century,,,,Carved and painted wood,"Overall (confirmed): 12 x 11 x 8 3/8 in., 5.5lb. (30.5 x 27.9 x 21.3 cm, 2.4948kg)",,,,,,,,,,,,European Sculpture and Decorative Arts,Woodwork,,False,True,https://www.metmuseum.org/art/collection/search/189637,https://images.metmuseum.org/CRDImages/es/original/DP268330.jpg,0,,,
198771,The Holy Family,Diptych,16th century,,,,"Painted enamel on copper, partly gilt; gilt bronze",Diameter (of enamels): 2 3/8 in. (6 cm),,,,,Christ|Holy Family|Saint John the Baptist|Saint Joseph|Virgin Mary,,,,,,,European Sculpture and Decorative Arts,Enamels,,False,True,https://www.metmuseum.org/art/collection/search/198771,https://images.metmuseum.org/CRDImages/es/original/124721.jpg,0,,,
199319,Turkish woman (one of a pair),Figure,ca. 1760,,,,Salt-glazed stoneware painted in enamel colors,Height: 7 3/4 in. (19.7 cm),,,,,Portraits|Women,Meissen Manufactory,Manufactory,German,1710,9999,,European Sculpture and Decorative Arts,Ceramics-Pottery,"German, 1710–present",False,True,https://www.metmuseum.org/art/collection/search/199319,https://images.metmuseum.org/CRDImages/es/original/134252.jpg,0,,https://www.wikidata.org/wiki/Q822407,http://vocab.getty.edu/page/ulan/500054662
191293,Grill,Grill,16th century,,,,Iron,Overall: 20 3/8 × 54 in. (51.8 × 137.2 cm),,,,,,,,,,,,European Sculpture and Decorative Arts,Metalwork-Iron,,False,True,https://www.metmuseum.org/art/collection/search/191293,https://images.metmuseum.org/CRDImages/es/original/7424.jpg,0,,,
196504,Draught Horse,Statuette,"modeled probably before 1881, cast 1920",,,,Bronze,3-7/8 x 7-3/8 x 2-5/16 in.  (9.8 x 18.7 x 5.9 cm.),,,,,Horses,Edgar Degas,Artist,French,1834,1917,,European Sculpture and Decorative Arts,Sculpture-Bronze,"French, Paris 1834–1917 Paris",False,True,https://www.metmuseum.org/art/collection/search/196504,https://images.metmuseum.org/CRDImages/es/original/76499.jpg,0,https://www.wikidata.org/wiki/Q116398620,https://www.wikidata.org/wiki/Q46373,http://vocab.getty.edu/page/ulan/500115194
196831,Miniature birdcage (part of a set),Birdcage,1675–1700,,,,Silver,3 1/2 × 2 in. (8.9 × 5.1 cm),,,,,Birds,,,,,,,European Sculpture and Decorative Arts,Metalwork-Silver,,False,True,https://www.metmuseum.org/art/collection/search/196831,https://images.metmuseum.org/CRDImages/es/original/SF31_37_16_img1.jpg,4,,,
203968,Seated Hercules,Statuette,probably first quarter 16th century,,,,Bronze,Height: 9 in. (22.9 cm),,,,,Male Nudes|Hercules,,,,,,,European Sculpture and Decorative Arts,Sculpture-Bronze,,False,True,https://www.metmuseum.org/art/collection/search/203968,https://images.metmuseum.org/CRDImages/es/original/DP-29441-001.jpg,2,,,
214625,Insertion,Insertion,1805,,,,Bobbin lace,L. 10 x W. 2 inches (25.4 x 5.1 cm),,,,,,,,,,,,European Sculpture and Decorative Arts,Textiles-Laces,,False,True,https://www.metmuseum.org/art/collection/search/214625,https://images.metmuseum.org/CRDImages/es/original/DP8102.jpg,0,,,
191300,Casts from antique gems (9),Casts,late 18th century,,,,Glass paste; wood frame,Framed: 6 × 5 3/8 in. (15.2 × 13.7 cm),,,,,Heads|Men|Profiles|Women,James Tassie,Artist,"British, Scottish",1735,1799,,European Sculpture and Decorative Arts,Glass,"British, Glasgow, Scotland 1735–1799 London",False,True,https://www.metmuseum.org/art/collection/search/191300,https://images.metmuseum.org/CRDImages/es/original/DP-15822-019.jpg,0,,https://www.wikidata.org/wiki/Q6144027,http://vocab.getty.edu/page/ulan/500020360
224558,Piece,Piece,19th century,,,,Silk,L. 10 3/4 x w. 6 inches (27.3 x 15.2 cm),,,,,Leaves,,,,,,,European Sculpture and Decorative Arts,Textiles-Woven,,False,True,https://www.metmuseum.org/art/collection/search/224558,https://images.metmuseum.org/CRDImages/es/original/120953.jpg,0,,,
206649,Statuette belonging to a monkey orchestra,Statuette,ca. 1745,,,,Alabaster,,,,,,Monkeys,,,,,,,European Sculpture and Decorative Arts,Sculpture-Miniature,,False,True,https://www.metmuseum.org/art/collection/search/206649,https://images.metmuseum.org/CRDImages/es/original/LC-1977_216_31-001.jpg,3,,,
208342,Saucer,Saucer,1700–1750,,,,Hard-paste porcelain,Diameter: 4 1/2 in. (11.4 cm),,,,,Birds|Flowers,,,,,,,European Sculpture and Decorative Arts,Ceramics-Porcelain-Export,,False,True,https://www.metmuseum.org/art/collection/search/208342,https://images.metmuseum.org/CRDImages/es/original/260539.jpg,0,,,
202450,Judith with the Head of Holofernes,Plaquette,late aftercast of 16th century model,,,,Bronze,4 1/8 × 3 3/16 in. (10.5 × 8.1 cm),,,,,Holofernes|Judith,"Andrea Briosco, called Riccio",Artist,Italian,1470,1532,,European Sculpture and Decorative Arts,Medals and Plaquettes,"Italian, Trent 1470–1532 Padua",False,True,https://www.metmuseum.org/art/collection/search/202450,https://images.metmuseum.org/CRDImages/es/original/171270.jpg,0,,https://www.wikidata.org/wiki/Q283580,http://vocab.getty.edu/page/ulan/500025246
219143,Piece,Piece,19th century,,,,Cotton,"L. 10 x W. 8 inches
25.4 x 20.3 cm",,,,,Leaves,,,,,,,European Sculpture and Decorative Arts,Textiles-Printed,,False,True,https://www.metmuseum.org/art/collection/search/219143,https://images.metmuseum.org/CRDImages/es/original/DP-16758-145.jpg,3,,,
855783,Marriage Prince Frederick (later Frederick V) to Princess Louise of England,Medal,1743,,,,Silver,Diameter (Confirmed): 2 9/16 × 1/8 in. (64.8 × 3.6 mm),,,,,,Georg Wilhelm Wahl,Artist,Danish,1706,1778,,European Sculpture and Decorative Arts,Medals and Plaquettes,"Danish, 1706–1778",False,True,https://www.metmuseum.org/art/collection/search/855783,https://images.metmuseum.org/CRDImages/es/original/DP-34230-028.jpg,1,,https://www.wikidata.org/wiki/Q50349532,(not assigned)
187877,Plate,Plate,16th century,,,,Tin-glazed and luster-painted earthenware,Overall: 2 1/2 × 15 3/4 in. (6.4 × 40 cm),,,,,,,,,,,,European Sculpture and Decorative Arts,Ceramics-Pottery,,False,True,https://www.metmuseum.org/art/collection/search/187877,https://images.metmuseum.org/CRDImages/es/original/523.jpg,0,,,
205980,Teabowl (part of a service),Teabowl,1723–26,,,,Hard-paste porcelain,H. 1-11/16 in. (4.3 cm.); Diam. 2-7/8 in. (7.3 cm.),,,,,Human Figures|Plants,Meissen Manufactory,Manufactory,German,1710,9999,,European Sculpture and Decorative Arts,Ceramics-Porcelain,"German, 1710–present",False,True,https://www.metmuseum.org/art/collection/search/205980,https://images.metmuseum.org/CRDImages/es/original/205146.jpg,0,,https://www.wikidata.org/wiki/Q822407,http://vocab.getty.edu/page/ulan/500054662
197622,Teapot,Teapot,ca. 1755,,,,Salt-glazed stoneware with enamel decoration,Overall: 3 1/4 × 5 7/8 in. (8.3 × 14.9 cm),,,,,Flowers|Leaves,,,,,,,European Sculpture and Decorative Arts,Ceramics-Pottery,,False,True,https://www.metmuseum.org/art/collection/search/197622,https://images.metmuseum.org/CRDImages/es/original/DP-15209-011.jpg,1,https://www.wikidata.org/wiki/Q116399059,,
196442,Study in the Nude for The Little Fourteen-Year-Old Dancer,Statue,"modeled ca. 1878–80, cast 1920",,,,Bronze,28-1/2 x 13-11/16 x 12-1/4 in.  (72.4 x 34.8 x 31.1 cm.),,,,,Dancers,Edgar Degas,Artist,French,1834,1917,,European Sculpture and Decorative Arts,Sculpture-Bronze,"French, Paris 1834–1917 Paris",False,True,https://www.metmuseum.org/art/collection/search/196442,https://images.metmuseum.org/CRDImages/es/original/ES7551.jpg,6,https://www.wikidata.org/wiki/Q116310737,https://www.wikidata.org/wiki/Q46373,http://vocab.getty.edu/page/ulan/500115194
193876,Snuffbox,Snuffbox,19th century,,,,"Gold, ivory",3 1/2 × 2 1/2 in. (8.9 × 6.4 cm),,,,,Birds|Chickens|Girls|Rabbits,,,,,,,European Sculpture and Decorative Arts,Metalwork-Gold and Platinum,,False,True,https://www.metmuseum.org/art/collection/search/193876,https://images.metmuseum.org/CRDImages/es/original/39769.jpg,0,,,
215123,Fragment,Fragment,17th century,,,,Needle lace,"L. 9 x W. 2 1/2 inches
22.9 x 6.4 cm",,,,,,,,,,,,European Sculpture and Decorative Arts,Textiles-Laces,,False,True,https://www.metmuseum.org/art/collection/search/215123,https://images.metmuseum.org/CRDImages/es/original/DP4481.jpg,1,,,
199755,Mug,Mug,ca. 1750,,,,Milk glass,Height: 6 1/4 in. (15.9 cm),,,,,Men,,,,,,,European Sculpture and Decorative Arts,Glass,,False,True,https://www.metmuseum.org/art/collection/search/199755,https://images.metmuseum.org/CRDImages/es/original/136637.jpg,0,,,
213902,Galloon,Galloon,18th–19th century,,,,Metal thread,"12 x 1 1/4 inches
30.5 x 3.2 cm",,,,,,,,,,,,European Sculpture and Decorative Arts,Textiles-Trimmings,,False,True,https://www.metmuseum.org/art/collection/search/213902,https://images.metmuseum.org/CRDImages/es/original/DP5769_08.103.405.jpg,0,,,
189913,Frame,Frame,early 18th century,,,,Gilt bronze,4 5/8 × 2 1/4 in. (11.7 × 5.7 cm),,,,,,,,,,,,European Sculpture and Decorative Arts,Metalwork-Gilt Bronze,,False,True,https://www.metmuseum.org/art/collection/search/189913,https://images.metmuseum.org/CRDImages/es/original/4030.jpg,0,,,
237873,Fragment of printed cotton,Fragment,late 18th century,,,,"Cotton, block printed",Overall: 11 x 6 1/2 in. (27.9 x 16.5 cm),,,,,,,,,,,,European Sculpture and Decorative Arts,Textiles-Printed,,False,True,https://www.metmuseum.org/art/collection/search/237873,https://images.metmuseum.org/CRDImages/es/original/DP-22941-077.jpg,1,,,
223622,Piece,Piece,early 19th century,,,,Silk and metal thread,L. 7 3/4 x W. 3,,,,,Flowers|Leaves,,,,,,,European Sculpture and Decorative Arts,Textiles-Woven,,False,True,https://www.metmuseum.org/art/collection/search/223622,https://images.metmuseum.org/CRDImages/es/original/111126.jpg,0,,,
85868,Ensemble,Ensemble,19th–early 20th century,,,,"wool, leather, metal, cotton, silk",(a) Length at CF x Width across shoulders: 44 x 20 in. (111.8 x 50.8 cm); (b) Length at CF x Width across shoulders: 25 x 9 3/4 in. (63.5 x 24.8 cm); (c) Length x Width: 32 x 21 in. (81.3 x 53.3 cm); (d) Length x Width: 88 x 24 in. (223.5 x 61 cm); (e) and (f) Length: 9 1/2 in. (24.1 cm) and Length: 11 1/2 in. (29.2 cm); (g) and (h) Heel to Toe x Width: 9 1/2 x 3 1/4 in. (24.1 x 8.3 cm),,,,,,,,,,,,European Sculpture and Decorative Arts,Main dress-Womenswear,,False,True,https://www.metmuseum.org/art/collection/search/85868,https://images.metmuseum.org/CRDImages/es/original/CI47.45a.jpg,9,,,
232217,Sauceboat and stand,Sauceboat and stand,early 19th century,,,,Hard-paste porcelain,"Sauceboat: 3 3/8 x 4 1/2 x 2 1/2 in. (8.6 x 11.4 x 6.4 cm);
Stand: 5 x 6 1/8 in. (12.7 x 15.6 cm)",,,,,Swans,Zurich Pottery and Porcelain Factory,Factory,Swiss,1763,9999,,European Sculpture and Decorative Arts,Ceramics-Porcelain,"Swiss, founded 1763",False,True,https://www.metmuseum.org/art/collection/search/232217,"https://images.metmuseum.org/CRDImages/es/original/SF2006_583a, b.jpg",3,,,
218007,Border,Border,ca. 1600,,,,"Needle lace, punto in aria",96 x 1 1/4 in. (243.8 x 3.2cm),,,,,,,,,,,,European Sculpture and Decorative Arts,Textiles-Laces,,False,True,https://www.metmuseum.org/art/collection/search/218007,https://images.metmuseum.org/CRDImages/es/original/DP4432.jpg,1,,,
196709,Pair of brush backs,Brush backs,18th century,,,,Faience (tin-glazed earthenware),Overall (each): 5 1/8 × 2 7/8 in. (13 × 7.3 cm),,,,,Birds|Flowers,,,,,,,European Sculpture and Decorative Arts,Ceramics-Pottery,,False,True,https://www.metmuseum.org/art/collection/search/196709,https://images.metmuseum.org/CRDImages/es/original/81408.jpg,1,,,
188937,Cabinet (Fassadenschrank),Cabinet,early 17th century,,,,"Pine, oak, walnut; Hungarian ash, birch, various fruitwoods, walnut, palisander, other woods, partly stained (marquetry veneer); wrought iron,","Overall: H. 104 x W. 84 x D. 30 1/4 in. (264.2 x 213.4 x 76.8 cm); 
Field measurement: H. 102 5/8 x W. 89 1/4 x D. 28 1/2 in. at mid-height (cornice wider)",,,,,,,,,,,,European Sculpture and Decorative Arts,Woodwork-Furniture,,False,True,https://www.metmuseum.org/art/collection/search/188937,https://images.metmuseum.org/CRDImages/es/original/DP-29950-001.jpg,8,,,
203009,Cupboard (Beeldenkast),Cupboard,1622,,,,Oak,"Overall: 96 x 83 x 35in. (243.8 x 210.8 x 88.9cm);
Field measurement: 95 3/4 x 73 (at mid section - cornice wider)  x 32 1/2 (at base - cornice wider)",,,,,,,,,,,,European Sculpture and Decorative Arts,Woodwork-Furniture,,False,True,https://www.metmuseum.org/art/collection/search/203009,https://images.metmuseum.org/CRDImages/es/original/DP-29951-001.jpg,10,,,
228045,Sampler,Sampler,18th century,,,,Silk on linen,15 1/2 × 8 3/4 in. (39.4 × 22.2 cm),,,,,Flowers,,,,,,,European Sculpture and Decorative Arts,Textiles-Embroidered,,False,True,https://www.metmuseum.org/art/collection/search/228045,https://images.metmuseum.org/CRDImages/es/original/165021.jpg,0,,,
198002,Card table (from a large set),Card table,ca. 1735–40,,,,Lacquered and gilded beech; lined with felt,Overall: 29 × 35 3/8 × 36 in. (73.7 × 89.9 × 91.4 cm),,,,,,Giles Grendey,Artist,,1693,1780,,European Sculpture and Decorative Arts,Woodwork-Furniture,1693–1780,False,True,https://www.metmuseum.org/art/collection/search/198002,https://images.metmuseum.org/CRDImages/es/original/DP-14204-172.jpg,4,,https://www.wikidata.org/wiki/Q52154175,http://vocab.getty.edu/page/ulan/500318786
229639,Two joined lappets and papillon edging,Lappets and papillon edging,mid-18th century,,,,"Bobbin lace, Brussels lace, point d'Angleterre, linen",L. 79 x W. 4 (2 1/2 ) inches (200.7 x 10.2 (6.4) cm),,,,,Flowers,,,,,,,European Sculpture and Decorative Arts,Textiles-Laces,,False,True,https://www.metmuseum.org/art/collection/search/229639,https://images.metmuseum.org/CRDImages/es/original/GT49f.jpg,3,,,
204515,Pharmacy bottle,Pharmacy bottle,ca. 1470–1500,,,,Maiolica (tin-glazed earthenware),Overall (confirmed): 12 1/8 × 7 9/16 × 7 9/16 in. (30.8 × 19.2 × 19.2 cm),,,,,Feathers,,,,,,,European Sculpture and Decorative Arts,Ceramics-Pottery,,False,True,https://www.metmuseum.org/art/collection/search/204515,https://images.metmuseum.org/CRDImages/es/original/DP320548.jpg,1,,,
202191,Vase (vase hollandais),Vase,1761,,,,Soft-paste porcelain,Height: 8 1/2 in. (21.6 cm),,,,,Houses|Women|Trees,Sèvres Manufactory,Manufactory,French,1740,9999,,European Sculpture and Decorative Arts,Ceramics-Porcelain,"French, 1740–present",False,True,https://www.metmuseum.org/art/collection/search/202191,https://images.metmuseum.org/CRDImages/es/original/ES6200.jpg,0,https://www.wikidata.org/wiki/Q116310112,https://www.wikidata.org/wiki/Q653307,http://vocab.getty.edu/page/ulan/500054661
192111,Mug,Mug,1753–55,,,,Silver,Height: 4 7/8 in. (12.4 cm),,,,,,W. Parry,Maker,,1700,1800,,European Sculpture and Decorative Arts,Metalwork-Silver,,False,True,https://www.metmuseum.org/art/collection/search/192111,https://images.metmuseum.org/CRDImages/es/original/DP-13265-003.jpg,1,,,
226100,Collar,Collar,early 18th century,,,,Needle lace,"L. 45 1/2 x W. 6 1/4 inches
115.6 x 15.9 cm",,,,,,,,,,,,European Sculpture and Decorative Arts,Textiles-Laces,,False,True,https://www.metmuseum.org/art/collection/search/226100,https://images.metmuseum.org/CRDImages/es/original/DP16631.jpg,1,,,
210898,Liqueur glasses (part of a set),Liqueur glasses,late 19th century,,,,"Glass; enamel, gilt","Height (.3): 4 3/4 in. (12.1 cm);
Height (.4): 4 5/8 in. (11.7 cm)",,,,,Girls,,,,,,,European Sculpture and Decorative Arts,Glass,,False,True,https://www.metmuseum.org/art/collection/search/210898,https://images.metmuseum.org/CRDImages/es/original/DP160575.jpg,0,,,
238568,Sauceboat (one of a pair),Sauceboat,1717/18,,,,Silver,Overall: 4 1/2 × 7 5/8 × 9 5/8 in. (11.4 × 19.4 × 24.4 cm),,,,,,Paul de Lamerie,Maker,British,1688,1751,,European Sculpture and Decorative Arts,Metalwork-Silver,"British, 1688–1751, active 1712–51",False,True,https://www.metmuseum.org/art/collection/search/238568,https://images.metmuseum.org/CRDImages/es/original/166396.jpg,1,,https://www.wikidata.org/wiki/Q1751768,http://vocab.getty.edu/page/ulan/500025790
223859,Piece,Piece,late 19th century,,,,Cotton,"L. 13 x W. 10 1/2 inches
33.0 x 26.7 cm",,,,,Flowers|Leaves,,,,,,,European Sculpture and Decorative Arts,Textiles-Printed,,False,True,https://www.metmuseum.org/art/collection/search/223859,https://images.metmuseum.org/CRDImages/es/original/DP2665.jpg,1,,,
222916,Piece,Piece,ca. 1760,,,,Silk,Overall: 111 1/2 x 21 1/2 in. (283.2 x 54.6 cm),,,,,Flowers|Leaves,,,,,,,European Sculpture and Decorative Arts,Textiles-Woven,,False,True,https://www.metmuseum.org/art/collection/search/222916,https://images.metmuseum.org/CRDImages/es/original/93820.jpg,0,,,
231652,Saucer (1 of 6) (part of a service),Saucer,ca. 1720,,,,Hard-paste porcelain,Diameter: 5 in. (12.7 cm),,,,,Birds,Meissen Manufactory,Manufactory,German,1710,9999,,European Sculpture and Decorative Arts,Ceramics-Porcelain,"German, 1710–present",False,True,https://www.metmuseum.org/art/collection/search/231652,https://images.metmuseum.org/CRDImages/es/original/SF64_101_214-5.jpg,1,,https://www.wikidata.org/wiki/Q822407,http://vocab.getty.edu/page/ulan/500054662
187281,White beaker decorated with red lines,Beaker,18th century,,,,Glass,Height: 3 7/8 in. (9.8 cm),,,,,,"Glasshouse of Bernard Perrot, Verrerie Royale d'Orléans",Maker,,1640,1709,,European Sculpture and Decorative Arts,Glass,1640–1709,False,True,https://www.metmuseum.org/art/collection/search/187281,https://images.metmuseum.org/CRDImages/es/original/DP-28374-001.jpg,0,,https://www.wikidata.org/wiki/Q104512735,http://vocab.getty.edu/page/ulan/500052054
194631,Coffeepot,Coffeepot,ca. 1810–40,,,,Earthenware,Height: 10 1/2 in. (26.7 cm),,,,,,,,,,,,European Sculpture and Decorative Arts,Ceramics-Pottery,,False,True,https://www.metmuseum.org/art/collection/search/194631,https://images.metmuseum.org/CRDImages/es/original/47328.jpg,0,,,
208144,Promenade in a Barge,Wallpaper,ca. 1820,,,,Woodblock-printed paper,Overall: 74 × 80 3/4 in. (188 × 205.1 cm),,,,,Buildings|Women|Trees|Boats,House of Dufour,Maker,,,,,European Sculpture and Decorative Arts,Wallpaper,,False,True,https://www.metmuseum.org/art/collection/search/208144,https://images.metmuseum.org/CRDImages/es/original/SF1993_296.jpg,0,,,
220887,Insertion,Insertion,16th century,,,,Bobbin lace,L. 6 x W. 1 3/4 inches (15.2 x 4.4 cm),,,,,,,,,,,,European Sculpture and Decorative Arts,Textiles-Laces,,False,True,https://www.metmuseum.org/art/collection/search/220887,https://images.metmuseum.org/CRDImages/es/original/DP8376.jpg,0,,,
229883,Textile swatch to accompany letter,Sample and letter,late 18th century,,,,,,,,,,,,,,,,,European Sculpture and Decorative Arts,Textiles-Woven,,False,True,https://www.metmuseum.org/art/collection/search/229883,https://images.metmuseum.org/CRDImages/es/original/DP7447.jpg,1,,,
201019,Cup with cover,Cup with cover,1785–1800,,,,Hard-paste porcelain,Height: 13 7/8 in. (35.2 cm),,,,,Birds|Insignia,,,,,,,European Sculpture and Decorative Arts,Ceramics-Porcelain-Export,,False,True,https://www.metmuseum.org/art/collection/search/201019,https://images.metmuseum.org/CRDImages/es/original/150759.jpg,0,,,
762256,Humidor with cover and tamper,Humidor with cover and tamper,ca. 1820,,,,Pottery,Overall (confirmed): 6 7/8 × 4 5/8 × 4 5/8 in. (17.5 × 11.7 × 11.7 cm),,,,,,,,,,,,European Sculpture and Decorative Arts,Ceramics-Pottery,,False,True,https://www.metmuseum.org/art/collection/search/762256,https://images.metmuseum.org/CRDImages/es/original/DP-15704-008.jpg,1,https://www.wikidata.org/wiki/Q116444987,,
225049,Fringe,Fringe,18th century (?),,,,Silk and metal thread,L. 55 x W. 6 inches (139.7 x 15.2 cm),,,,,,,,,,,,European Sculpture and Decorative Arts,Textiles-Trimmings,,False,True,https://www.metmuseum.org/art/collection/search/225049,https://images.metmuseum.org/CRDImages/es/original/DP16812_36.90.1968.jpg,0,,,
202918,Five miniature cups,Cups,ca. 1720–30,,,,Silver,Each: 1/2 × 15/16 in. (1.3 × 2.4 cm),,,,,,David Clayton,Artist,British,1659,1719,,European Sculpture and Decorative Arts,Metalwork-Silver-Miniature,"British, active 1689",False,True,https://www.metmuseum.org/art/collection/search/202918,https://images.metmuseum.org/CRDImages/es/original/DP-1717-085.jpg,0,,https://www.wikidata.org/wiki/Q5232407,http://vocab.getty.edu/page/ulan/500332796
207063,Tartar Woman,Figure,ca. 1780–1800,,,,Hard-paste porcelain,Height: 8 3/16 in. (20.8 cm),,,,,Women,"Imperial Porcelain Manufactory, St. Petersburg",Manufactory,Russian,1744,9999,,European Sculpture and Decorative Arts,Ceramics-Porcelain,"Russian, 1744–present",False,True,https://www.metmuseum.org/art/collection/search/207063,https://images.metmuseum.org/CRDImages/es/original/ES6554.jpg,0,https://www.wikidata.org/wiki/Q116307418,https://www.wikidata.org/wiki/Q1303887,http://vocab.getty.edu/page/ulan/500331504
203849,Bachelor chest-cum-writing table,Writing table,ca. 1700,,,,Walnut and walnut veneer,29 3/4 × 33 3/4 × 12 in. (75.6 × 85.7 × 30.5 cm),,,,,,,,,,,,European Sculpture and Decorative Arts,Woodwork-Furniture,,False,True,https://www.metmuseum.org/art/collection/search/203849,https://images.metmuseum.org/CRDImages/es/original/194760.jpg,0,,,
213689,Fringe,Fringe,18th–19th century,,,,Silk,"Length: 11 3/4 in. (29.8 cm)
Width: 2 1/4 in. (5.7 cm)",,,,,,,,,,,,European Sculpture and Decorative Arts,Textiles-Trimmings,,False,True,https://www.metmuseum.org/art/collection/search/213689,https://images.metmuseum.org/CRDImages/es/original/DP5677_08.103.193.jpg,0,,,
187264,Box,Box,18th century,,,,"Straw, cardboard, silk, paper lining",Overall (confirmed): 4 1/8 × 7 7/8 × 6 1/4 in. (10.5 × 20 × 15.9 cm),,,,,Flowers,,,,,,,European Sculpture and Decorative Arts,Natural Substances,,False,True,https://www.metmuseum.org/art/collection/search/187264,https://images.metmuseum.org/CRDImages/es/original/DP-17887-002.jpg,8,,,
203450,Apple,Toy,ca. 1755,,,,Soft-paste porcelain,Overall: 2 1/2 × 1 5/8 in. (6.4 × 4.1 cm),,,,,Birds|Apples,Saint James's Factory,Maker,British,1749,1759,,European Sculpture and Decorative Arts,Ceramics-Porcelain,"British, ca. 1748/49–1760",False,True,https://www.metmuseum.org/art/collection/search/203450,https://images.metmuseum.org/CRDImages/es/original/DP-470-053.jpg,1,,,
205312,Dish with a scene of tea cultivation (one of a pair),Dish,ca. 1740–45,,,,Hard-paste porcelain painted with cobalt blue under transparent glaze (Jingdezhen ware),Overall: 1 5/16 × 13 3/4 in. (3.3 × 34.9 cm),,,,,Men|Genre Scene|Working,,,,,,,European Sculpture and Decorative Arts,Ceramics-Porcelain-Export,,False,True,https://www.metmuseum.org/art/collection/search/205312,https://images.metmuseum.org/CRDImages/es/original/DP-15122-036.jpg,1,https://www.wikidata.org/wiki/Q116400322,,
188657,Sugar bowl,Sugar bowl,18th century,,,,Hard-paste porcelain,Height: 4 1/2 in. (11.4 cm),,,,,Human Figures|Dogs,Meissen Manufactory,Manufactory,German,1710,9999,,European Sculpture and Decorative Arts,Ceramics-Porcelain,"German, 1710–present",False,True,https://www.metmuseum.org/art/collection/search/188657,https://images.metmuseum.org/CRDImages/es/original/92682.jpg,0,,https://www.wikidata.org/wiki/Q822407,http://vocab.getty.edu/page/ulan/500054662
224360,Piece,Piece,1750–60,,,,Silk,"L. 37 x W. 19 1/2 inches
94.0 x 49.5 cm",,,,,Flowers|Leaves,,,,,,,European Sculpture and Decorative Arts,Textiles-Woven,,False,True,https://www.metmuseum.org/art/collection/search/224360,https://images.metmuseum.org/CRDImages/es/original/120312.jpg,0,,,
771006,Moon flask,Moon flask,1878,,,,Bone china,"confirmed: 8 3/16 × 6 7/8 × 3 1/4 in., 17.635oz. (20.8 × 17.5 × 8.3 cm, 500g)",,,,,,Worcester factory,Maker,British,1751,2008,,European Sculpture and Decorative Arts,Ceramics-Porcelain,"British, 1751–2008",False,True,https://www.metmuseum.org/art/collection/search/771006,https://images.metmuseum.org/CRDImages/es/original/DP-16489-143.jpg,2,https://www.wikidata.org/wiki/Q116234823,https://www.wikidata.org/wiki/Q668894,http://vocab.getty.edu/page/ulan/500332804
202360,Teapot,Teapot,ca. 1735–40,,,,Hard-paste porcelain,Height (with cover): 4 7/16 in. (11.3 cm),,,,,Men,Meissen Manufactory,Manufactory,German,1710,9999,,European Sculpture and Decorative Arts,Ceramics-Porcelain,"German, 1710–present",False,True,https://www.metmuseum.org/art/collection/search/202360,https://images.metmuseum.org/CRDImages/es/original/DP-34365-002.jpg,5,,https://www.wikidata.org/wiki/Q822407,http://vocab.getty.edu/page/ulan/500054662
209847,Fan,Fan,18th century,,,,Ivory,8 1/4 x 14 3/4 in.  (21.0 x 37.5 cm),,,,,Men|Women|Ships,,,,,,,European Sculpture and Decorative Arts,Fans,,False,True,https://www.metmuseum.org/art/collection/search/209847,https://images.metmuseum.org/CRDImages/es/original/178998.jpg,1,,,
201903,Pair of vases,Vases,late 18th century,,,,Porcelain; gilt-bronze mounts,"Overall (.1a, b): 25 5/8 × 9 1/2 × 9 1/2 in. (65.1 × 24.1 × 24.1 cm);
Overall (.2a, b): 25 3/4 × 9 1/2 × 9 1/2 in. (65.4 × 24.1 × 24.1 cm)",,,,,,,,,,,,European Sculpture and Decorative Arts,Metalwork-Gilt Bronze,,False,True,https://www.metmuseum.org/art/collection/search/201903,https://images.metmuseum.org/CRDImages/es/original/161657.jpg,0,,,
224738,Sample,Sample,early 19th century,,,,Silk on felt,"L. 3 5/8 x W. 2 5/8 inches
9.2 x 6.7 cm",,,,,Flowers,,,,,,,European Sculpture and Decorative Arts,Textiles-Embroidered,,False,True,https://www.metmuseum.org/art/collection/search/224738,https://images.metmuseum.org/CRDImages/es/original/DP2122.jpg,1,,,
201556,Chessmen (10),Chessmen,19th century,,,,Bone,"Height (each king): 5 in. (12.7 cm);
Height (each pawn): 2 1/4 in. (5.7 cm)",,,,,Chess,,,,,,,European Sculpture and Decorative Arts,Chess Sets,,False,True,https://www.metmuseum.org/art/collection/search/201556,https://images.metmuseum.org/CRDImages/es/original/157115.jpg,0,,,
219317,Sample,Sample,early 19th century,,,,Silk,,,,,,,,,,,,,European Sculpture and Decorative Arts,Textiles-Woven,,False,True,https://www.metmuseum.org/art/collection/search/219317,https://images.metmuseum.org/CRDImages/es/original/DP7050.jpg,0,,,
189524,The youthful Bacchus carried by two companions,Overdoor,1770–90,,,,Oil on canvas,Overall: 30 3/4 × 30 3/4 in. (78.1 × 78.1 cm),,,,,Grapes|Bacchus|Leaves,Piat Joseph Sauvage,Artist,Flemish,1744,1818,,European Sculpture and Decorative Arts,Paintings-Decorative,"Flemish, Tournai 1744–1818 Tournai",False,True,https://www.metmuseum.org/art/collection/search/189524,https://images.metmuseum.org/CRDImages/es/original/ep07.225.252.bw.R.jpg,1,,https://www.wikidata.org/wiki/Q3382227,http://vocab.getty.edu/page/ulan/500031952
212367,Strip,Strip,17th century,,,,"Needle lace, punto in aria",L. 19 x W. 1 1/2 inches (48.3 x 3.8 cm),,,,,,,,,,,,European Sculpture and Decorative Arts,Textiles-Laces,,False,True,https://www.metmuseum.org/art/collection/search/212367,https://images.metmuseum.org/CRDImages/es/original/DP4425.jpg,2,,,
196728,Mirror,Mirror,17th century,,,,Silver,Overall: 4 3/8 × 2 7/8 in. (11.1 × 7.3 cm),,,,,Hearts|Cupid|Hammers,,,,,,,European Sculpture and Decorative Arts,Metalwork-Silver,,False,True,https://www.metmuseum.org/art/collection/search/196728,https://images.metmuseum.org/CRDImages/es/original/81520.jpg,0,,,
191568,Seal-top spoon,Spoon,late 16th–early 17th century,,,,"Latten, tinned","Length: 7 in. (17.8 cm);
Bowl: 2 1/2 × 2 in. (6.4 × 5.1 cm)",,,,,,,,,,,,European Sculpture and Decorative Arts,Metalwork-Base Metal,,False,True,https://www.metmuseum.org/art/collection/search/191568,https://images.metmuseum.org/CRDImages/es/original/12854.jpg,0,,,
203981,Bracket,Bracket,ca. 1600,,,,Bronze,Height: 6 in. (15.2 cm),,,,,Faces,Hubert Gerhard,Artist,Netherlandish,1540,1621,,European Sculpture and Decorative Arts,Sculpture-Bronze,"Netherlandish, 1540/50–1621, active Germany",False,True,https://www.metmuseum.org/art/collection/search/203981,https://images.metmuseum.org/CRDImages/es/original/201595.jpg,0,,https://www.wikidata.org/wiki/Q316824,http://vocab.getty.edu/page/ulan/500016667
208767,"Quattrino coin, Gianfrancesco II di Gonzaga (d. 1519) (?)",Quattrino coin,16th century (?),,,,Bronze,Diameter: 5/8 in. (16 mm.),,,,,,,,,,,,European Sculpture and Decorative Arts,Coins,,False,True,https://www.metmuseum.org/art/collection/search/208767,https://images.metmuseum.org/CRDImages/es/original/139232.jpg,2,,,
158371,Towel border,Border,first quarter 19th century,,,,"Silk, linen",18 x 34 in. (45.7 x 86.4 cm),,,,,,,,,,,,European Sculpture and Decorative Arts,Textiles-Laces,,False,True,https://www.metmuseum.org/art/collection/search/158371,https://images.metmuseum.org/CRDImages/es/original/31.293_CP4.jpg,1,,,
213920,Galloon,Galloon,17th century,,,,,"7 x 2 1/2 inches
17.8 x 6.4 cm",,,,,,,,,,,,European Sculpture and Decorative Arts,Textiles-Trimmings,,False,True,https://www.metmuseum.org/art/collection/search/213920,https://images.metmuseum.org/CRDImages/es/original/DP6236_08.103.423.jpg,0,,,
212876,Piece,Piece,early 19th century,,,,Bobbin lace,L. 19 x W. 2 inches (48.3 x 5.1 cm),,,,,,,,,,,,European Sculpture and Decorative Arts,Textiles-Laces,,False,True,https://www.metmuseum.org/art/collection/search/212876,https://images.metmuseum.org/CRDImages/es/original/DP3602_06.659.jpg,0,,,
228963,Purse,Purse,first quarter 17th century,,,,Silk and metal thread on canvas,H. 4 1/2 to 5 1/4 x W. 4 1/2 to 5 3/4 inches (11.4 to 13.3 x 11.4 to 14.6 cm),,,,,Birds|Flowers,,,,,,,European Sculpture and Decorative Arts,Textiles-Embroidered,,False,True,https://www.metmuseum.org/art/collection/search/228963,https://images.metmuseum.org/CRDImages/es/original/DP2813_64.101.1260.jpg,0,,,
227374,Piece,Piece,ca. 1715,,,,Silk and metal thread,L. 70 x W. 58 inches (177.8 x 147.3 cm),,,,,Flowers|Leaves,,,,,,,European Sculpture and Decorative Arts,Textiles-Woven,,False,True,https://www.metmuseum.org/art/collection/search/227374,https://images.metmuseum.org/CRDImages/es/original/SC13248.jpg,1,,,
205361,Plate (one of a set of five),Plate,19th century,,,,Lead-glazed earthenware,"Height: 11/16 in. (1.7 cm);
Diameter: 8 3/16 in. (20.8 cm)",,,,,Soldiers,,,,,,,European Sculpture and Decorative Arts,Ceramics-Pottery,,False,True,https://www.metmuseum.org/art/collection/search/205361,https://images.metmuseum.org/CRDImages/es/original/197298.jpg,0,,,
216821,Piece,Piece,18th–19th century,,,,Linen,6 1/4 x 8 1/2 inches (15.9 x 21.6 cm),,,,,,,,,,,,European Sculpture and Decorative Arts,Textiles-Woven,,False,True,https://www.metmuseum.org/art/collection/search/216821,https://images.metmuseum.org/CRDImages/es/original/72713.jpg,0,,,
191477,Padlock with key,Padlock with key,probably 16th–17th century,,,,Iron,"Height (padlock .199a): 4 3/8 in. (11.1 cm);
Length (.199b): 3 3/4 in. (9.5 cm)",,,,,,,,,,,,European Sculpture and Decorative Arts,Metalwork-Iron,,False,True,https://www.metmuseum.org/art/collection/search/191477,https://images.metmuseum.org/CRDImages/es/original/SF10_100_199ab.jpg,0,,,
187430,Table knife,Table knife,18th century,,,,"Steel, agate, bronze",Length (knife .44): 10 1/4 in. (26 cm),,,,,,,,,,,,European Sculpture and Decorative Arts,Metalwork-Steel,,False,True,https://www.metmuseum.org/art/collection/search/187430,https://images.metmuseum.org/CRDImages/es/original/DP-21040-015.jpg,0,,,
698521,Panel from the Palace of Westminster,Panel,ca. 1847,,,,Oak,Overall (confirmed): 22 7/8 × 11 5/8 × 9/16 in. (58.1 × 29.5 × 1.4 cm),,,,,,Augustus Welby Northmore Pugin,Designer,British,1812,1852,,European Sculpture and Decorative Arts,Woodwork-Architectural,"British, London 1812–1852 Ramsgate",False,True,https://www.metmuseum.org/art/collection/search/698521,https://images.metmuseum.org/CRDImages/es/original/DP-14385-091.jpg,0,,https://www.wikidata.org/wiki/Q313288,http://vocab.getty.edu/page/ulan/500008414
225690,Ribbon,Ribbon,19th century,,,,,,,,,,,,,,,,,European Sculpture and Decorative Arts,Textiles-Trimmings,,False,True,https://www.metmuseum.org/art/collection/search/225690,https://images.metmuseum.org/CRDImages/es/original/DP7272.jpg,0,,,
208030,Pair of mirrored double doors,Double doors,ca. 1743–44,,,,"Lindenwood, carved and gilded; mirrored glass panels, walnut, pine",Overall (each): 8 ft. 11 1/16 × 25 × 2 1/2 in. (272 × 63.5 × 6.4 cm),,,,,Birds|Cupid|Dragons|Sphinx|Cornucopia,Lorenzo de Ferrari,Designer,,1680,1744,,European Sculpture and Decorative Arts,Woodwork,1680–1744,False,True,https://www.metmuseum.org/art/collection/search/208030,https://images.metmuseum.org/CRDImages/es/original/DT6726.jpg,0,https://www.wikidata.org/wiki/Q116308314,https://www.wikidata.org/wiki/Q593825,http://vocab.getty.edu/page/ulan/500027120
217239,Sampler,Sampler,1728,,,,Silk on linen,H. 31 x W. 10 inches (78.7 x 25.4 cm),,,,,Animals|Birds,,,,,,,European Sculpture and Decorative Arts,Textiles-Embroidered,,False,True,https://www.metmuseum.org/art/collection/search/217239,https://images.metmuseum.org/CRDImages/es/original/42731.jpg,0,,,
224322,Piece,Piece,ca. 1770,,,,Silk,"L. 18 x W. 15 3/4 inches
45.7 x 40.0 cm",,,,,Flowers|Leaves,,,,,,,European Sculpture and Decorative Arts,Textiles-Woven,,False,True,https://www.metmuseum.org/art/collection/search/224322,https://images.metmuseum.org/CRDImages/es/original/119378.jpg,0,,,
234100,Candelabra with Meissen bird (one of a pair),Candelabra,ca. 1750,,,,Gilt bronze and porcelain,"Height (overall): 9 1/2 in. (24.1 cm)
Height (bird): 6 in. (15.2 cm)",,,,,Birds,Meissen Manufactory,Manufactory,German,1710,9999,,European Sculpture and Decorative Arts,Ceramics-Porcelain,"German, 1710–present",False,True,https://www.metmuseum.org/art/collection/search/234100,https://images.metmuseum.org/CRDImages/es/original/SF2007_90_5.jpg,1,,https://www.wikidata.org/wiki/Q822407,http://vocab.getty.edu/page/ulan/500054662
238021,The Penitent Magdalene,Figure,ca. 1783–90,,,,Hard-paste biscuit porcelain,8 3/4 × 11 13/16 × 6 7/16 in. (22.2 × 30 × 16.4 cm),,,,,Mary Magdalene,Meissen Manufactory,Manufactory,German,1710,9999,,European Sculpture and Decorative Arts,Ceramics-Porcelain,"German, 1710–present",False,True,https://www.metmuseum.org/art/collection/search/238021,https://images.metmuseum.org/CRDImages/es/original/DP277297.jpg,3,,https://www.wikidata.org/wiki/Q822407,http://vocab.getty.edu/page/ulan/500054662
196944,Cup (part of a service),Cup,ca. 1770,,,,Hard-paste porcelain,2 × 2 7/8 in. (5.1 × 7.3 cm),,,,,Birds|Trees,Frankenthal Porcelain Manufactory,Manufactory,German,,,,European Sculpture and Decorative Arts,Ceramics-Porcelain,German,False,True,https://www.metmuseum.org/art/collection/search/196944,https://images.metmuseum.org/CRDImages/es/original/88615.jpg,0,,https://www.wikidata.org/wiki/Q878182,http://vocab.getty.edu/page/ulan/500334821
223539,Piece,Piece,16th–17th century,,,,Silk,L. 13 1/3 x W. 5 inches (33.9 x 12.7 cm),,,,,,,,,,,,European Sculpture and Decorative Arts,Textiles-Velvets,,False,True,https://www.metmuseum.org/art/collection/search/223539,https://images.metmuseum.org/CRDImages/es/original/110423.jpg,0,,,
228777,Piece,Piece,ca. 1770,,,,Cotton and linen,"L. 76 1/4 x W. 39 1/2 inches
193.7 x 100.3 cm",,,,,Animals|Men|Women|Trees,Bromley Hall Printworks,Manufactory,,1694,1823,,European Sculpture and Decorative Arts,Textiles-Printed,"Middlesex, England, 1694–1823",False,True,https://www.metmuseum.org/art/collection/search/228777,https://images.metmuseum.org/CRDImages/es/original/DP-16723-031.jpg,1,,,http://vocab.getty.edu/page/ulan/500334006
201657,Wide-rimmed bowl with Hercules and Cacus and arms of Cardinal Antonio Pucci,Bowl,ca. 1535–40,,,,Maiolica (tin-glazed earthenware),Overall: 1 3/4 × 9 7/8 in. (4.4 × 25.1 cm),,,,,Male Nudes|Hercules|Cows|Coat of Arms,workshop of Guido Durantino,Artist,Italian,1516,1581,,European Sculpture and Decorative Arts,Ceramics-Pottery,"Italian, Urbino, active 1516–ca. 1576",False,True,https://www.metmuseum.org/art/collection/search/201657,https://images.metmuseum.org/CRDImages/es/original/DP326377.jpg,3,,,
204732,Key,Key,19th century,,,,"Iron, silver",Length: 11/16 in. (1.7 cm),,,,,,,,,,,,European Sculpture and Decorative Arts,Metalwork-Iron,,False,True,https://www.metmuseum.org/art/collection/search/204732,https://images.metmuseum.org/CRDImages/es/original/187569.jpg,0,,,
227778,Panel,Panel,early 18th century,,,,Silk and metal thread,L. 39 x W. 21 1/2 inches (99.1 x 54.6 cm) (loom width),,,,,Cupid|Peacocks|Carts,,,,,,,European Sculpture and Decorative Arts,Textiles-Woven,,False,True,https://www.metmuseum.org/art/collection/search/227778,https://images.metmuseum.org/CRDImages/es/original/SC58176.jpg,2,,,
186413,Flask,Flask,17th–18th century,,,,Glass,4 5/8 × 4 1/4 in. (11.7 × 10.8 cm),,,,,,,,,,,,European Sculpture and Decorative Arts,Glass,,False,True,https://www.metmuseum.org/art/collection/search/186413,https://images.metmuseum.org/CRDImages/es/original/175980.jpg,0,,,
198366,Young woman with a torch and vase,Cameo,ca. 1770–90,,,,Sardonyx and gold,Overall: 1 1/16 x 5/8 x 7/8 in. (2.7 x 1.6 x 2.2 cm); visible cameo (confirmed): 23.7 x 12.5 mm,,,,,Women|Vases,Giovanni Pichler,Artist,Italian,1734,1791,,European Sculpture and Decorative Arts,Lapidary Work-Gems,"Italian, Naples 1734–1791 Rome",False,True,https://www.metmuseum.org/art/collection/search/198366,https://images.metmuseum.org/CRDImages/es/original/DP155316.jpg,0,,https://www.wikidata.org/wiki/Q329155,http://vocab.getty.edu/page/ulan/500003842
191250,Coconut cup,Cup,17th–18th century,,,,"Coconut, silver",Overall: 7 × 3 1/2 in. (17.8 × 8.9 cm),,,,,,,,,,,,European Sculpture and Decorative Arts,Metalwork-Silver In Combination,,False,True,https://www.metmuseum.org/art/collection/search/191250,https://images.metmuseum.org/CRDImages/es/original/7233.jpg,0,,,
127309,Vest,Vest,1880,,,,"leather, wool",[no dimensions available],,,,,,,,,,,,European Sculpture and Decorative Arts,Main dress,,False,True,https://www.metmuseum.org/art/collection/search/127309,https://images.metmuseum.org/CRDImages/es/original/CI39.13.9_F.jpg,2,,,
217533,Piece,Piece,19th century,,,,Cotton,,,,,,Leaves,,,,,,,European Sculpture and Decorative Arts,Textiles-Printed,,False,True,https://www.metmuseum.org/art/collection/search/217533,https://images.metmuseum.org/CRDImages/es/original/DP16882.jpg,2,,,
205174,Angel,Crèche figure,late 18th–early 19th century,,,,Polychromed wood and terracotta; silk robes,H. 17 3/8 in. (44.1 cm.),,,,,Angels,,,,,,,European Sculpture and Decorative Arts,Crèche,,False,True,https://www.metmuseum.org/art/collection/search/205174,https://images.metmuseum.org/CRDImages/es/original/LC-69_294_14.jpg,0,https://www.wikidata.org/wiki/Q116727352,,
232073,Ewer,Ewer,ca. 1790,,,,Glazed white earthenware,Height: 7 3/4 in. (19.7 cm),,,,,,Josiah Wedgwood,Factory,British,1730,1795,,European Sculpture and Decorative Arts,Ceramics-Pottery,"British, Burslem, Stoke-on-Trent 1730–1795 Burslem, Stoke-on-Trent",False,True,https://www.metmuseum.org/art/collection/search/232073,https://images.metmuseum.org/CRDImages/es/original/DP-15679-172.jpg,1,,https://www.wikidata.org/wiki/Q319331,http://vocab.getty.edu/page/ulan/500062605
194517,Bacchanal of Children,Plaquette,early 16th century,,,,Bronze,Overall: 1 5/8 × 4 in. (4.1 × 10.2 cm),,,,,Children|Putti|Trees,,,,,,,European Sculpture and Decorative Arts,Medals and Plaquettes,,False,True,https://www.metmuseum.org/art/collection/search/194517,https://images.metmuseum.org/CRDImages/es/original/40436.jpg,0,,,
225896,Piece,Piece,19th century,,,,,,,,,,Flowers,,,,,,,European Sculpture and Decorative Arts,Textiles-Woven,,False,True,https://www.metmuseum.org/art/collection/search/225896,https://images.metmuseum.org/CRDImages/es/original/DP7377.jpg,0,,,
204120,Angel,Crèche figure,second half 18th century,,,,Polychromed terracotta head; wooden limbs and wings; body of wire wrapped in tow; various fabrics,H. 13-1/8 in. (33.3 cm.),,,,,Angels|Censers,,,,,,,European Sculpture and Decorative Arts,Crèche,,False,True,https://www.metmuseum.org/art/collection/search/204120,https://images.metmuseum.org/CRDImages/es/original/LC-64_164_19.jpg,0,https://www.wikidata.org/wiki/Q116727032,,
219788,Autumn from a set of the Four Seasons,Tapestry,1690–1720,,,,"Wool, silk (19-21 warps per inch, 7-9 per cm.)",H. 127 x W. 169 inches (322.6 x 429.3 cm),,,,,Buildings|Fruit|Men|Women|Autumn,Lodewijk van Schoor,Designer,Flemish,1666,1702,,European Sculpture and Decorative Arts,Textiles-Tapestries,"Flemish, 1666–1702",False,True,https://www.metmuseum.org/art/collection/search/219788,https://images.metmuseum.org/CRDImages/es/original/32252.jpg,0,,https://www.wikidata.org/wiki/Q21454482,http://vocab.getty.edu/page/ulan/500118882
221002,Insertion,Insertion,17th century,,,,Bobbin lace,L. 5 1/2 x W. 1 1/2 inches (14.0 x 3.8 cm),,,,,,,,,,,,European Sculpture and Decorative Arts,Textiles-Laces,,False,True,https://www.metmuseum.org/art/collection/search/221002,https://images.metmuseum.org/CRDImages/es/original/DP8361.jpg,1,,,
839004,Fire tool,Fire tool,third quarter 16th century,,,,"Bronze, iron","Height: 44 1/2 in. (113 cm);
Height: 43 1/2 in. (110.5 cm)",,,,,,,,,,,,European Sculpture and Decorative Arts,Metalwork-Bronze,,False,True,https://www.metmuseum.org/art/collection/search/839004,https://images.metmuseum.org/CRDImages/es/original/201516.jpg,0,,,
225347,Piece,Piece,19th century,,,,Silk,,,,,,,,,,,,,European Sculpture and Decorative Arts,Textiles-Velvets,,False,True,https://www.metmuseum.org/art/collection/search/225347,https://images.metmuseum.org/CRDImages/es/original/DP7170.jpg,0,,,
199863,Pair of candlesticks,Candlesticks,ca. 1745–49,,,,"Brass, silver-plated",Height (each): 9 in. (22.9 cm),,,,,,,,,,,,European Sculpture and Decorative Arts,Metalwork-Brass,,False,True,https://www.metmuseum.org/art/collection/search/199863,https://images.metmuseum.org/CRDImages/es/original/142494.jpg,0,,,
191731,Ewer (Schnabelkanne),Ewer,ca. 1595,,,,Glazed stoneware; pewter,Height: 9 1/2 in. (24.1 cm),,,,,Faces|Female Nudes,Theodor de Bry,Decorator,Netherlandish,1528,1598,,European Sculpture and Decorative Arts,Ceramics-Pottery,"Netherlandish, Liège 1528–1598 Frankfurt",False,True,https://www.metmuseum.org/art/collection/search/191731,https://images.metmuseum.org/CRDImages/es/original/SF11_93_3_img1.jpg,4,,https://www.wikidata.org/wiki/Q708961,http://vocab.getty.edu/page/ulan/500003497
213924,Galloon,Galloon,18th–19th century,,,,,"9 1/2 x 2 3/4 inches
24.1 x 7.0 cm",,,,,,,,,,,,European Sculpture and Decorative Arts,Textiles-Trimmings,,False,True,https://www.metmuseum.org/art/collection/search/213924,https://images.metmuseum.org/CRDImages/es/original/DP6225_08.103.427.jpg,0,,,
194082,Watch with wandering hour dial,Watch,"19th or 20th century, in the style of 16th–early 17th century",,,,"Silver, gilt metal",Diameter: 2 1/2 in. (6.4 cm),,,,,Men|Portraits,Thomas Tompion,Maker,British,1639,1713,,European Sculpture and Decorative Arts,Horology,"British, 1639–1713",False,True,https://www.metmuseum.org/art/collection/search/194082,https://images.metmuseum.org/CRDImages/es/original/DP-12739-096.jpg,5,,https://www.wikidata.org/wiki/Q2427688,http://vocab.getty.edu/page/ulan/500052353
217859,Sample,Sample,19th century,,,,Crochet,"L. 2 3/4 to 12 1/4 x W. 1 1/4 to 9 1/2 in. 
(7 to 31.1 x 3.2 to 24.1 cm)",,,,,,,,,,,,European Sculpture and Decorative Arts,Textiles-Laces,,False,True,https://www.metmuseum.org/art/collection/search/217859,https://images.metmuseum.org/CRDImages/es/original/DP3267.jpg,1,,,
215172,Fragment,Fragment,19th century,,,,Bobbin lace,"L. 11 x W. 7 inches
27.9 x 17.8 cm",,,,,,,,,,,,European Sculpture and Decorative Arts,Textiles-Laces,,False,True,https://www.metmuseum.org/art/collection/search/215172,https://images.metmuseum.org/CRDImages/es/original/DP3642.jpg,2,,,
209021,The Thinker (Le Penseur),Statue,1904,,,,Plaster,Overall (with base): 70 1/2 × 55 3/4 in. (179.1 × 141.6 cm),,,,,Contemplation|Male Nudes,Auguste Rodin,Artist,French,1840,1917,,European Sculpture and Decorative Arts,Sculpture-Reproductions-Casts,"French, Paris 1840–1917 Meudon",False,True,https://www.metmuseum.org/art/collection/search/209021,https://images.metmuseum.org/CRDImages/es/original/4522.jpg,2,,https://www.wikidata.org/wiki/Q30755,http://vocab.getty.edu/page/ulan/500016619
671533,Dish with Temptation of Adam and Eve,Dish,ca. 1680,,,,Tin-glazed earthenware,Overall (confirmed): 2 1/2 × 13 × 13 in. (6.4 × 33 × 33 cm),,,,,Adam|Eve,,,,,,,European Sculpture and Decorative Arts,Ceramics-Pottery,,False,True,https://www.metmuseum.org/art/collection/search/671533,https://images.metmuseum.org/CRDImages/es/original/DP-1687-012.jpg,0,,,
197823,Two-handled cup,Cup,late 17th–early 18th century,,,,Slip-decorated earthenware,Overall: 3 3/4 × 3 3/4 in. (9.5 × 9.5 cm),,,,,,,,,,,,European Sculpture and Decorative Arts,Ceramics-Pottery,,False,True,https://www.metmuseum.org/art/collection/search/197823,https://images.metmuseum.org/CRDImages/es/original/110299.jpg,0,https://www.wikidata.org/wiki/Q116310673,,
201131,Deep dish (part of a service),Dish,1770–85,,,,Hard-paste porcelain,Diameter: 9 5/16 in. (23.7 cm),,,,,Coat of Arms,,,,,,,European Sculpture and Decorative Arts,Ceramics-Porcelain-Export,,False,True,https://www.metmuseum.org/art/collection/search/201131,https://images.metmuseum.org/CRDImages/es/original/151017.jpg,0,,,
236580,Armchair,Armchair,ca. 1830,,,,Walnut veneer; coniferous and walnut secondary woods,Overall (confirmed): 36 1/8 × 30 1/4 × 21 in. (91.8 × 76.8 × 53.3 cm),,,,,,,,,,,,European Sculpture and Decorative Arts,Woodwork-Furniture,,False,True,https://www.metmuseum.org/art/collection/search/236580,https://images.metmuseum.org/CRDImages/es/original/DP-22126-006.jpg,2,,,
226011,Piece,Piece,19th century,,,,Silk,,,,,,Flowers|Leaves,,,,,,,European Sculpture and Decorative Arts,Textiles-Woven,,False,True,https://www.metmuseum.org/art/collection/search/226011,https://images.metmuseum.org/CRDImages/es/original/DP7419.jpg,0,,,
175509,Liturgical shoe,Shoe,1800–1850,,,,"Silk, metallic",,,,,,Shoes|Leaves,,,,,,,European Sculpture and Decorative Arts,Textiles-Embroidered,,False,True,https://www.metmuseum.org/art/collection/search/175509,https://images.metmuseum.org/CRDImages/es/original/CP470_CP2.jpg,0,,,
223156,Dress border,Border,early 19th century,,,,Silk and metal on silk,"L. 18 1/4 x W. 11 3/4 inches
46.4 x 29.8 cm",,,,,,,,,,,,European Sculpture and Decorative Arts,Textiles-Embroidered,,False,True,https://www.metmuseum.org/art/collection/search/223156,https://images.metmuseum.org/CRDImages/es/original/103915.jpg,0,,,
827570,Sphinx (one of a pair),Pedestals,style of 18th century,,,,"Pine, carved, painted and gilded","Overall; 21 × 14 1/2 × 38 in. (53.3 × 36.8 × 96.5 cm);
Base: 32 × 21 × 44 in. (81.3 × 53.3 × 111.8 cm)",,,,,Sphinx,,,,,,,European Sculpture and Decorative Arts,Woodwork-Furniture,,False,True,https://www.metmuseum.org/art/collection/search/827570,https://images.metmuseum.org/CRDImages/es/original/167547.jpg,1,,,
222484,Lace tassel,Tassel,17th century,,,,Bobbin lace,"Length (including cord): 48 in. (121.9 cm);
Diameter: 3 1/2 in. (8.9 cm);
Length (lace clapper): 3 in. (7.6 cm)",,,,,,,,,,,,European Sculpture and Decorative Arts,Textiles-Laces,,False,True,https://www.metmuseum.org/art/collection/search/222484,https://images.metmuseum.org/CRDImages/es/original/SF30_135_159b_img1.jpg,1,,,
232384,Vase (Vase hollandois),Vase,1761,,,,Soft-paste porcelain,Height: 7 in. (17.8 cm),,,,,Fruit|Flowers,Sèvres Manufactory,Manufactory,French,1740,9999,,European Sculpture and Decorative Arts,Ceramics-Porcelain,"French, 1740–present",False,True,https://www.metmuseum.org/art/collection/search/232384,"https://images.metmuseum.org/CRDImages/es/original/SF2007_90_8a, b_img1.jpg",2,,https://www.wikidata.org/wiki/Q653307,http://vocab.getty.edu/page/ulan/500054661
203958,Hercules Delivering the Erymanthean Boar to Eurystheus,Statuette group,last quarter 17th century,,,,Bronze,"Overall, maximum dims (confirmed): 16 3/8 × 14 [edge of base to cuff of sleeve] × 11 1/4 in. [boar crest to boar hoof], 32.8 lb. (41.6 × 35.6 × 28.6 cm, 14.9 kg)
Base: 12 3/4 × 6 1/4 in. (32.4 × 15.9 cm)",,,,,Kings|Hercules|Boars,François Lespingola,Artist,,1644,1705,,European Sculpture and Decorative Arts,Sculpture-Bronze,"French, 1644–1705",False,True,https://www.metmuseum.org/art/collection/search/203958,https://images.metmuseum.org/CRDImages/es/original/DP228788.jpg,5,https://www.wikidata.org/wiki/Q116308651,https://www.wikidata.org/wiki/Q3085181,http://vocab.getty.edu/page/ulan/500025125
218403,Collar,Collar,19th century,,,,Bobbin lace,L. 16 x W. 2 1/2 inches (40.6 x 6.4 cm),,,,,,,,,,,,European Sculpture and Decorative Arts,Textiles-Laces,,False,True,https://www.metmuseum.org/art/collection/search/218403,https://images.metmuseum.org/CRDImages/es/original/DP8417.jpg,0,,,
198669,Vase,Vase,1889,,,,Lustered earthenware,Height: 10 in. (25.4 cm),,,,,,Clément Massier,Maker,French,1844,1917,,European Sculpture and Decorative Arts,Ceramics-Pottery,"French, Vallauris 1844–1917 Golfe-Juan",False,True,https://www.metmuseum.org/art/collection/search/198669,https://images.metmuseum.org/CRDImages/es/original/122116.jpg,0,,https://www.wikidata.org/wiki/Q29082167,http://vocab.getty.edu/page/ulan/500071864
217545,Piece,Piece,19th century,,,,Cotton,,,,,,Leaves,,,,,,,European Sculpture and Decorative Arts,Textiles-Printed,,False,True,https://www.metmuseum.org/art/collection/search/217545,https://images.metmuseum.org/CRDImages/es/original/DP1731.jpg,1,,,
230472,Fragment,Fragment,19th century,,,,Silk,Overall: 18 3/4 x 8 5/8 in. (47.6 x 21.9 cm),,,,,,,,,,,,European Sculpture and Decorative Arts,Textiles-Woven,,False,True,https://www.metmuseum.org/art/collection/search/230472,https://images.metmuseum.org/CRDImages/es/original/DP103718.jpg,1,,,
229932,Chalice Veil,Chalice cover,18th century,,,,"SIlk, metal thread and linen",Without tassels: L. 6 1/4 x W. 6 1/4 inches (15.9 x 15.9 cm),,,,,,,,,,,,European Sculpture and Decorative Arts,Textiles-Embroidered,,False,True,https://www.metmuseum.org/art/collection/search/229932,https://images.metmuseum.org/CRDImages/es/original/DP16340.jpg,1,,,
221572,Towel,Towel,19th century,,,,Linen,57 x 19 1/2 inches (144.8 x 49.5 cm),,,,,Animals,,,,,,,European Sculpture and Decorative Arts,Textiles-Woven,,False,True,https://www.metmuseum.org/art/collection/search/221572,https://images.metmuseum.org/CRDImages/es/original/59671.jpg,0,,,
192071,Saltcellar (one of a pair),Saltcellar,18th century,,,,"Silver, gilt lining",Overall: 1 1/2 × 3 3/8 in. (3.8 × 8.6 cm),,,,,,,,,,,,European Sculpture and Decorative Arts,Metalwork-Silver,,False,True,https://www.metmuseum.org/art/collection/search/192071,https://images.metmuseum.org/CRDImages/es/original/15517.jpg,0,,,
187888,Tiles (2),Tiles,16th–17th century,,,,Tin-glazed earthenware,,,,,,,,,,,,,European Sculpture and Decorative Arts,Ceramics-Pottery,,False,True,https://www.metmuseum.org/art/collection/search/187888,https://images.metmuseum.org/CRDImages/es/original/SF94_4_398ab.jpg,0,,,
208476,Cup,Cup,ca. 1730–40,,,,Hard-paste porcelain,Height: 3 in. (7.6 cm),,,,,Men|Flowers,Meissen Manufactory,Manufactory,German,1710,9999,,European Sculpture and Decorative Arts,Ceramics-Porcelain,"German, 1710–present",False,True,https://www.metmuseum.org/art/collection/search/208476,https://images.metmuseum.org/CRDImages/es/original/ES4043.jpg,0,,https://www.wikidata.org/wiki/Q822407,http://vocab.getty.edu/page/ulan/500054662
746792,Frieze ornament (one of a pair),Frieze ornament,18th century,,,,Gilt bronze,Length (each): 1 1/8 in. (2.9 cm),,,,,,,,,,,,European Sculpture and Decorative Arts,Metalwork-Gilt Bronze,,False,True,https://www.metmuseum.org/art/collection/search/746792,https://images.metmuseum.org/CRDImages/es/original/3145.jpg,0,,,
206109,Inkstand,Inkstand,18th–19th century,,,,"Hard-paste porcelain, gilt bronze, glass",Width: 12 1/2 in. (31.8 cm),,,,,Boys|Flowers,,,,,,,European Sculpture and Decorative Arts,Ceramics-Porcelain,,False,True,https://www.metmuseum.org/art/collection/search/206109,https://images.metmuseum.org/CRDImages/es/original/205270.jpg,0,,,
214395,Piece,Piece,early 19th century,,,,Bobbin lace,"L. 10 1/2 x 2 inches
26.7 x 5.1 cm",,,,,,,,,,,,European Sculpture and Decorative Arts,Textiles-Laces,,False,True,https://www.metmuseum.org/art/collection/search/214395,https://images.metmuseum.org/CRDImages/es/original/DP3314.jpg,2,,,
219699,Pair of tassels,Tassels,18th–19th century,,,,Silk and metal thread,20 1/2 x 6 3/4in. (52.1 x 17.1cm),,,,,,,,,,,,European Sculpture and Decorative Arts,Textiles-Trimmings,,False,True,https://www.metmuseum.org/art/collection/search/219699,https://images.metmuseum.org/CRDImages/es/original/DP6698_14.62.18.jpg,0,,,
219170,Sample,Sample,first half 19th century,,,,Silk,,,,,,,,,,,,,European Sculpture and Decorative Arts,Textiles-Woven,,False,True,https://www.metmuseum.org/art/collection/search/219170,https://images.metmuseum.org/CRDImages/es/original/DP6992.jpg,0,,,
209481,Fan,Fan,first half 19th century,,,,"Ivory, paint, opals (?)",13 x 7 1/8 in. (33 x 18.1 cm),,,,,Landscapes,M. Serand,Designer,,1750,1850,,European Sculpture and Decorative Arts,Fans,,False,True,https://www.metmuseum.org/art/collection/search/209481,https://images.metmuseum.org/CRDImages/es/original/225403.jpg,1,,,
210127,Plate (Assiette à palmes) (1 of 102) (part of a service),Plate,1772,,,,Soft-paste porcelain,Diam. 9 3/4 in. (24.8 cm.),,,,,Flowers,Sèvres Manufactory,Manufactory,French,1740,9999,,European Sculpture and Decorative Arts,Ceramics-Porcelain,"French, 1740–present",False,True,https://www.metmuseum.org/art/collection/search/210127,https://images.metmuseum.org/CRDImages/es/original/110548.jpg,0,,https://www.wikidata.org/wiki/Q653307,http://vocab.getty.edu/page/ulan/500054661
205769,Wall bracket,Wall bracket,ca. 1750,,,,Carved and gilded wood,Height: 14 1/2 in. (36.8 cm),,,,,,,,,,,,European Sculpture and Decorative Arts,Woodwork-Furniture,,False,True,https://www.metmuseum.org/art/collection/search/205769,https://images.metmuseum.org/CRDImages/es/original/204572.jpg,0,,,
229784,Panel,Panel,18th century,,,,Silk and metallic thread,a: Greatest L. 56 x W. 102 1/2 inches (142.2 x 260.4 cm); b: L. 21 x W. 14 3/4 inches (53.3 x 37.5 cm); c: L. 13 1/4 x W. 7 1/4 inches (33.7 x 18.4 cm),,,,,Flowers|Leaves,,,,,,,European Sculpture and Decorative Arts,Textiles-Embroidered,,False,True,https://www.metmuseum.org/art/collection/search/229784,https://images.metmuseum.org/CRDImages/es/original/ES8639.jpg,2,,,
210100,"Brisé Fan, with representations of beasts in landscapes flanking HH monogram and the name ""Henrietta""",Fan,early 19th century,,,,Ivory,H. 7 3/8 in. (18.7 cm.); Gr. W. 13 in. (33 cm.),,,,,,,,,,,,European Sculpture and Decorative Arts,Fans,,False,True,https://www.metmuseum.org/art/collection/search/210100,https://images.metmuseum.org/CRDImages/es/original/DP-12912-164.jpg,1,,,
222015,Piece,Piece,ca. 1785,,,,Linen,"L. 30 x W. 39 inches
76.2 x 99.1 cm",,,,,Flowers|Leaves,,,,,,,European Sculpture and Decorative Arts,Textiles-Printed,,False,True,https://www.metmuseum.org/art/collection/search/222015,https://images.metmuseum.org/CRDImages/es/original/66219.jpg,1,,,
203255,Peddler of eels,Figure,ca. 1750,,,,Soft-paste porcelain,Height: 7 in. (17.8 cm),,,,,Women,Capodimonte Porcelain Manufactory,Manufactory,Italian,1740,1759,,European Sculpture and Decorative Arts,Ceramics-Porcelain,"Italian, 1740/43–1759",False,True,https://www.metmuseum.org/art/collection/search/203255,https://images.metmuseum.org/CRDImages/es/original/SF64_101_347.jpg,0,,https://www.wikidata.org/wiki/Q945058,(not assigned)
197561,Teapot,Teapot,ca. 1760,,,,Salt-glazed stoneware with enamel decoration,Overall: 4 7/8 × 8 1/4 in. (12.4 × 21 cm),,,,,Human Figures,,,,,,,European Sculpture and Decorative Arts,Ceramics-Pottery,,False,True,https://www.metmuseum.org/art/collection/search/197561,https://images.metmuseum.org/CRDImages/es/original/DP-12307-004.jpg,3,https://www.wikidata.org/wiki/Q116309725,,
186948,Key,Key,1720–60,,,,Iron,Length: 5 7/8 in. (14.9 cm),,,,,,,,,,,,European Sculpture and Decorative Arts,Metalwork-Iron,,False,True,https://www.metmuseum.org/art/collection/search/186948,https://images.metmuseum.org/CRDImages/es/original/36261.jpg,0,,,
623498,Square bottle with stopper (one of a pair),Bottle,ca. 1690–1720,,,,Hard-paste porcelain with underglaze blue and overglaze enamel and gilding,"Overall: 17 × 5 1/2 × 5 1/2 in., 10 lb. (43.2 × 14 × 14 cm, 4.5 kg)",,,,,,,,,,,,European Sculpture and Decorative Arts,Ceramics-Porcelain-Export,,False,True,https://www.metmuseum.org/art/collection/search/623498,https://images.metmuseum.org/CRDImages/es/original/DP-18258-042.jpg,3,https://www.wikidata.org/wiki/Q116443932,,
224355,Piece,Piece,1750–60,,,,Silk,"L. 28 1/2 x W. 17 3/4 inches
72.4 x 45.1 cm",,,,,Flowers,,,,,,,European Sculpture and Decorative Arts,Textiles-Woven,,False,True,https://www.metmuseum.org/art/collection/search/224355,https://images.metmuseum.org/CRDImages/es/original/120307.jpg,0,,,
200220,Dish,Dish,1765–66,,,,Silver,Overall: 1 × 9 3/4 × 9 3/4 in. (2.5 × 24.8 × 24.8 cm),,,,,,Jean Antoine Bourguet,Maker,French,1758,1785,,European Sculpture and Decorative Arts,Metalwork-Silver,"French, master 1758, recorded 1785",False,True,https://www.metmuseum.org/art/collection/search/200220,https://images.metmuseum.org/CRDImages/es/original/164055.jpg,2,,,http://vocab.getty.edu/page/ulan/500524263
207929,Beaker,Beaker,ca. 1770,,,,Glass,H. 4 in. (10.2 cm.),,,,,,,,,,,,European Sculpture and Decorative Arts,Glass,,False,True,https://www.metmuseum.org/art/collection/search/207929,https://images.metmuseum.org/CRDImages/es/original/SF1990_328_45_v2.jpg,0,,,
192141,Two saltcellars,Saltcellars,mid-18th century,,,,"Silver, gilt on upper surface",each: 3 1/2 × 4 in. (8.9 × 10.2 cm),,,,,,,,,,,,European Sculpture and Decorative Arts,Metalwork-Silver,,False,True,https://www.metmuseum.org/art/collection/search/192141,https://images.metmuseum.org/CRDImages/es/original/15375.jpg,0,,,
239164,Armchair (part of a set of nine),Armchair,mid-18th century,,,,Carved and painted walnut; Aubusson tapestry upholstery,Overall: 37 7/8 × 29 1/4 × 22 in. (96.2 × 74.3 × 55.9 cm),,,,,Cranes|Flowers,Aubusson,Factory,,1665,9999,,European Sculpture and Decorative Arts,Woodwork-Furniture,"Manufacture Royale, est. 1665: Manufacture, ca. 1812–present day",False,True,https://www.metmuseum.org/art/collection/search/239164,https://images.metmuseum.org/CRDImages/es/original/147953.jpg,1,,,
220697,Piece,Piece,ca. 1735,,,,Silk,13 x 22 inches (33.0 x 55.9 cm),,,,,Flowers|Leaves,Jean Revel,Designer,,1684,1751,,European Sculpture and Decorative Arts,Textiles-Woven,1684–1751,False,True,https://www.metmuseum.org/art/collection/search/220697,https://images.metmuseum.org/CRDImages/es/original/46116.jpg,0,,,
209291,Pair of earrings (part of a set),Earrings,18th century,,,,"Silver, jewels",Length (each): 1 1/2 in. (3.8 cm),,,,,,,,,,,,European Sculpture and Decorative Arts,Jewelry,,False,True,https://www.metmuseum.org/art/collection/search/209291,https://images.metmuseum.org/CRDImages/es/original/DP-35009-001.jpg,2,,,
237869,"Upholstered armchair, originally from a set of eight, from Burley-on-the-Hill, Rutland (one of a pair)",Armchair,ca. 1689,,,,"Ebonized beechwood, Genoese velvet covers original to the chair",Overall: 48 × 28 × 32 in. (121.9 × 71.1 × 81.3 cm),,,,,Flowers,Thomas Roberts,Maker,,1685,1714,,European Sculpture and Decorative Arts,Woodwork-Furniture,active 1685–1714,False,True,https://www.metmuseum.org/art/collection/search/237869,https://images.metmuseum.org/CRDImages/es/original/DP110357.jpg,5,https://www.wikidata.org/wiki/Q116307720,,
197959,Plate (Assiette à palmes) (1 of 102) (part of a service),Plate,1772,,,,Soft-paste porcelain,Diam. 9 3/4 in. (24.8 cm.),,,,,Flowers,Sèvres Manufactory,Manufactory,French,1740,9999,,European Sculpture and Decorative Arts,Ceramics-Porcelain,"French, 1740–present",False,True,https://www.metmuseum.org/art/collection/search/197959,https://images.metmuseum.org/CRDImages/es/original/110821.jpg,0,,https://www.wikidata.org/wiki/Q653307,http://vocab.getty.edu/page/ulan/500054661
227045,Piece,Piece,16th century,,,,Silk and metal thread,L. 37 1/2 x W. 20 inches (95.3 x 50.8 cm),,,,,,,,,,,,European Sculpture and Decorative Arts,Textiles-Woven,,False,True,https://www.metmuseum.org/art/collection/search/227045,https://images.metmuseum.org/CRDImages/es/original/133261.jpg,0,,,
196852,Baluster (one of pair),Baluster,18th century,,,,"Wrought iron, brass",".3, wt. confirmed: 35 × 7 1/4 in., 5.6 lb. (88.9 × 18.4 cm, 2.5 kg)",,,,,,,,,,,,European Sculpture and Decorative Arts,Metalwork-Iron,,False,True,https://www.metmuseum.org/art/collection/search/196852,https://images.metmuseum.org/CRDImages/es/original/86626.jpg,1,,,
229031,Portrait of Charles II in raised work embroidery,Portrait,ca. 1675,,,,"Silk, lace, metal foil on silk",H. 12 x W. 12 x D. 2 inches (30.5 x 30.5 x 5.1 cm),,,,,Kings|Portraits,John Baptist Gaspars,Artist,Flemish,1615,1691,,European Sculpture and Decorative Arts,Textiles-Embroidered,"Flemish, Antwerp ca. 1620–1691 London",False,True,https://www.metmuseum.org/art/collection/search/229031,https://images.metmuseum.org/CRDImages/es/original/DP7859.jpg,0,,,
893674,Tea caddy,Tea caddy,1750s,,,,Enamel on copper,confirmed: 3 3/4 × 3 15/16 × 2 3/4 in. (9.5 × 10 × 7 cm),,,,,,,,,,,,European Sculpture and Decorative Arts,Enamels-Painted,,False,True,https://www.metmuseum.org/art/collection/search/893674,https://images.metmuseum.org/CRDImages/es/original/DP-32189-001.jpg,0,,,
196112,Jar with cover,Jar with cover,17th century,,,,Glass,Overall (with cover): 3 × 1 3/8 in. (7.6 × 3.5 cm),,,,,,,,,,,,European Sculpture and Decorative Arts,Glass,,False,True,https://www.metmuseum.org/art/collection/search/196112,https://images.metmuseum.org/CRDImages/es/original/69746.jpg,0,,,
229930,Quilt,Quilt,central panel and outer border: 17th century; inner border: second half of 17th century,,,,"Central panel and outer border: silk, embroidered with silk and gilt-paper-wrapped thread; inner border: silk damask","L. 50 x W. 56 inches
127 x 142.2 cm",,,,,Birds|Men|Women|Flowers,,,,,,,European Sculpture and Decorative Arts,Textiles-Embroidered,,False,True,https://www.metmuseum.org/art/collection/search/229930,https://images.metmuseum.org/CRDImages/es/original/DP266246.jpg,2,,,
227373,Piece,Piece,ca. 1720,,,,Silk and metal thread,79 × 80 in. (200.7 × 203.2 cm),,,,,Flowers,,,,,,,European Sculpture and Decorative Arts,Textiles-Woven,,False,True,https://www.metmuseum.org/art/collection/search/227373,https://images.metmuseum.org/CRDImages/es/original/SC13247.jpg,0,,,
198606,Laureate Head of Alexander I of Russia,Cameo,ca. 1810–20,,,,Onyx,Overall (confirmed): 1 5/8 x 1 1/4 in. (4.2 x 3.2 cm); 41.7 x 32.6 x 8.4 mm,,,,,Heads|Men|Profiles,,,,,,,European Sculpture and Decorative Arts,Lapidary Work-Gems,,False,True,https://www.metmuseum.org/art/collection/search/198606,https://images.metmuseum.org/CRDImages/es/original/DP155324.jpg,0,https://www.wikidata.org/wiki/Q116311351,,
893715,Bonbonnière cane handle,Bonbonnière cane handle,ca. 1770–80,,,,Enamel on copper,"including screw, confirmed: 3 3/8 × 1 9/16 in. (8.5 × 4 cm)",,,,,,,,,,,,European Sculpture and Decorative Arts,Enamels-Painted,,False,True,https://www.metmuseum.org/art/collection/search/893715,https://images.metmuseum.org/CRDImages/es/original/DP-32201-001.jpg,0,,,
197152,Pendant with relief of St. Anthony of Padua with Christ Child,Pendant,late 17th century,,,,"Gold, diamonds, wax",Overall: 2 7/8 × 1 3/4 in. (7.3 × 4.4 cm),,,,,Men|Jesus,,,,,,,European Sculpture and Decorative Arts,Jewelry,,False,True,https://www.metmuseum.org/art/collection/search/197152,https://images.metmuseum.org/CRDImages/es/original/DP-35153-001.jpg,0,,,
224332,Christogram with a decorative border,Corporal,16th century,,,,Silk and metal-wrapped thread on linen,L. 19 x W. 17 inches (48.3 x 43.2 cm),,,,,Flowers|Insignia,,,,,,,European Sculpture and Decorative Arts,Textiles-Embroidered,,False,True,https://www.metmuseum.org/art/collection/search/224332,https://images.metmuseum.org/CRDImages/es/original/119985.jpg,0,,,
212907,Cape,Cape,early 18th century,,,,"Needle lace, Point plat","L. 20 x W. 16 1/2 inches
50.8 x 41.9 cm",,,,,,,,,,,,European Sculpture and Decorative Arts,Textiles-Laces,,False,True,https://www.metmuseum.org/art/collection/search/212907,https://images.metmuseum.org/CRDImages/es/original/DP16634.jpg,3,,,
189347,Pair of chairs,Chairs,early 18th century,,,,Carved beechwood,Overall (each): 35 3/4 × 19 3/4 × 16 1/8 in. (90.8 × 50.2 × 41 cm),,,,,,,,,,,,European Sculpture and Decorative Arts,Woodwork-Furniture,,False,True,https://www.metmuseum.org/art/collection/search/189347,https://images.metmuseum.org/CRDImages/es/original/5015.jpg,0,,,
198215,Pendant,Pendant,19th century,,,,Glass,Framed: 3 × 2 5/8 in. (7.6 × 6.7 cm),,,,,Profiles|Women,,,,,,,European Sculpture and Decorative Arts,Glass-Painted,,False,True,https://www.metmuseum.org/art/collection/search/198215,https://images.metmuseum.org/CRDImages/es/original/LC-38_145_188.jpg,1,,,
217577,Piece,Piece,19th century,,,,Cotton,,,,,,,,,,,,,European Sculpture and Decorative Arts,Textiles-Printed,,False,True,https://www.metmuseum.org/art/collection/search/217577,https://images.metmuseum.org/CRDImages/es/original/DP1757.jpg,1,,,
825967,"Orpheus, returning from Hades without Eurydice",Medal,"1893–99, struck in the 20th century",,,,Partially patinated iron,Confirmed: 5/16 × 2 11/16 in. (0.8 × 6.8 cm),,,,,Musical Instruments|Men|Orpheus|Lyres,Marie Alexandre Lucien Coudray,Maker,,1864,1964,,European Sculpture and Decorative Arts,Medals and Plaquettes,born 1864,False,True,https://www.metmuseum.org/art/collection/search/825967,https://images.metmuseum.org/CRDImages/es/original/DP-19402-089.jpg,1,https://www.wikidata.org/wiki/Q50812815,https://www.wikidata.org/wiki/Q3292339,http://vocab.getty.edu/page/ulan/500123468
205936,Vase,Vase,"1730–35, decoration ca. 1825",,,,Hard-paste porcelain,12 1/4 × 5 in. (31.1 × 12.7 cm),,,,,Birds|Chinoiserie|Flowers,Meissen Manufactory,Manufactory,German,1710,9999,,European Sculpture and Decorative Arts,Ceramics-Porcelain,"German, 1710–present",False,True,https://www.metmuseum.org/art/collection/search/205936,https://images.metmuseum.org/CRDImages/es/original/205108.jpg,0,,https://www.wikidata.org/wiki/Q822407,http://vocab.getty.edu/page/ulan/500054662
186212,Goblet,Goblet,19th century,,,,Glass,Height: 4 7/8 in. (12.4 cm),,,,,,Dr. Antonio Salviati Company,Maker,Italian,1859,1987,,European Sculpture and Decorative Arts,Glass,"Italian, 1859–1987",False,True,https://www.metmuseum.org/art/collection/search/186212,https://images.metmuseum.org/CRDImages/es/original/SF81_8_264.jpg,0,,,
202011,Sundial,Sundial,probably ca. 1860–90,,,,Steel,Overall: 8 3/4 × 8 3/4 in. (22.2 × 22.2 cm),,,,,,,,,,,,European Sculpture and Decorative Arts,Horology,,False,True,https://www.metmuseum.org/art/collection/search/202011,https://images.metmuseum.org/CRDImages/es/original/164177.jpg,0,,,
200377,Tureen with cover,Tureen with cover,1757–59,,,,Silver,Overall: 10 1/4 × 9 1/8 × 15 3/8 in. (26 × 23.2 × 39.1 cm),,,,,Deer|Dogs|Coat of Arms,Edme-Pierre Balzac,Maker,,1705,1786,,European Sculpture and Decorative Arts,Metalwork-Silver,"1705–ca. 1786, master 1739, recorded 1781",False,True,https://www.metmuseum.org/art/collection/search/200377,https://images.metmuseum.org/CRDImages/es/original/DP-17372-015.jpg,10,,https://www.wikidata.org/wiki/Q63869626,http://vocab.getty.edu/page/ulan/500064428
188523,Bottle,Bottle,18th century,,,,Glass,Height: 5 1/2 in. (14 cm),,,,,,,,,,,,European Sculpture and Decorative Arts,Glass,,False,True,https://www.metmuseum.org/art/collection/search/188523,https://images.metmuseum.org/CRDImages/es/original/49701.jpg,0,,,
701451,Coffee service,Coffee Service,1773,,,,"Silver, parcel gilt, enamel, wood",See individual records,,,,,,Johan Henrik Blom,Maker,Finish,1705,1805,,European Sculpture and Decorative Arts,Metalwork-Silver In Combination,"Finnish, master 1766, died 1805",False,True,https://www.metmuseum.org/art/collection/search/701451,https://images.metmuseum.org/CRDImages/es/original/ES7356.jpg,2,,https://www.wikidata.org/wiki/Q4088391,(not assigned)
204958,Pair of spice boxes,Spice boxes,1709–10,,,,"Silver, parcel gilt",Length: 4 1/4 in. (10.8 cm),,,,,Coat of Arms,David Willaume I,Maker,British,1658,1741,,European Sculpture and Decorative Arts,Metalwork-Silver,"British, 1658–1741",False,True,https://www.metmuseum.org/art/collection/search/204958,https://images.metmuseum.org/CRDImages/es/original/193608.jpg,2,,https://www.wikidata.org/wiki/Q18730156,http://vocab.getty.edu/page/ulan/500087695
192756,Fragments of a Lower Border,Tapestry Fragments on Sofa,"1687–91, with modern frame",,,,"Silk, wool and metal thread; modern frame carved and gilded wood.","a) 48-1/2 x 77 x 26-1/4 in.  (123.2 x 195.6 x 66.7 cm); b) 1 ft. 9 3/4 in. x 5 ft. 11 1/2 in. (55.2 x 181.6 cm); c) 2 ft. x  6 ft. 5 in. (61 x 195.6 cm); d, e) Each 3 x 15 in. (7.6 x 38.1 cm)",,,,,Putti|Parrots|Monkeys,Jean Lemoine de Lorrain,Designer,,1638,1713,,European Sculpture and Decorative Arts,Textiles-Tapestries,1638–1713,False,True,https://www.metmuseum.org/art/collection/search/192756,https://images.metmuseum.org/CRDImages/es/original/LC-14_40_783a-e_img1.jpg,3,,,
631288,Covered container,Covered container,18th–19th century,,,,"Green Turban shell, copper","irregular, confirmed: 7 × 6 × 4 3/4 in. (17.8 × 15.2 × 12.1 cm)",,,,,,,,,,,,European Sculpture and Decorative Arts,Natural Substances,,False,True,https://www.metmuseum.org/art/collection/search/631288,https://images.metmuseum.org/CRDImages/es/original/DP-36673-001.jpg,1,,,
196203,Tile,Tile,18th–19th century,,,,Delftware (tin-glazed earthenware),5 1/8 × 5 1/8 in. (13 × 13 cm),,,,,,,,,,,,European Sculpture and Decorative Arts,Ceramics-Pottery,,False,True,https://www.metmuseum.org/art/collection/search/196203,https://images.metmuseum.org/CRDImages/es/original/69496.jpg,0,https://www.wikidata.org/wiki/Q116398137,,
219265,Sample,Sample,early 19th century,,,,,,,,,,,,,,,,,European Sculpture and Decorative Arts,Textiles-Woven,,False,True,https://www.metmuseum.org/art/collection/search/219265,https://images.metmuseum.org/CRDImages/es/original/DP16959.jpg,0,,,
229088,Panel,Panel,ca. 1600,,,,"Wool, silk and metal thread on flannel",H. 23 x W. 20 1/2 inches (58.4 x 52.1 cm),,,,,Men|Women|Dogs,,,,,,,European Sculpture and Decorative Arts,Textiles-Embroidered,,False,True,https://www.metmuseum.org/art/collection/search/229088,https://images.metmuseum.org/CRDImages/es/original/DP17317.jpg,1,,,
825367,Spherical body urn with cover (one of a pair),Urn with cover,ca. 1770–1820,,,,"Imperial red porphyry, gilt bronze","field dims: 14 × 30 in. (35.6 × 76.2 cm)
Base (gilt bronze base, confirmed): 1 1/2 × 6 7/8 in. (3.8 × 17.5 cm)",,,,,,,,,,,,European Sculpture and Decorative Arts,Natural Substances,,False,True,https://www.metmuseum.org/art/collection/search/825367,https://images.metmuseum.org/CRDImages/es/original/DP-19429-025.jpg,2,,,
239371,Fragment,Fragment,19th century,,,,"Silks, satins, etc.",,,,,,Flowers|Leaves,,,,,,,European Sculpture and Decorative Arts,Textiles-Woven,,False,True,https://www.metmuseum.org/art/collection/search/239371,https://images.metmuseum.org/CRDImages/es/original/DP10448.jpg,0,,,
217408,Piece,Piece,19th century,,,,Cotton,"L. 3 3/8 x W. 6 3/8 inches (approx.)
8.6 x 16.2 cm",,,,,,,,,,,,European Sculpture and Decorative Arts,Textiles-Printed,,False,True,https://www.metmuseum.org/art/collection/search/217408,https://images.metmuseum.org/CRDImages/es/original/DP1399.jpg,1,,,
228021,Embroidered darning sampler,Sampler,1845,,,,Silk on linen,21 3/4 × 22 1/4 in. (55.2 × 56.5 cm),,,,,Houses,"Werk- en Leerschool, Amsterdam",Manufactory,,,,,European Sculpture and Decorative Arts,Textiles-Embroidered,,False,True,https://www.metmuseum.org/art/collection/search/228021,https://images.metmuseum.org/CRDImages/es/original/DP2465_57.122.93.jpg,0,,,
214829,Band,Band,17th century,,,,"Needle lace, punto avorio","L. 9 1/2 x W. 1 3/4 inches
24.1 x 4.4 cm",,,,,,,,,,,,European Sculpture and Decorative Arts,Textiles-Laces,,False,True,https://www.metmuseum.org/art/collection/search/214829,https://images.metmuseum.org/CRDImages/es/original/DP4403.jpg,1,,,
202099,Courtier's key,Courtier's key,ca. 1580–89,,,,Iron,Length: 5 9/16 in. (14.1 cm),,,,,,,,,,,,European Sculpture and Decorative Arts,Metalwork-Iron,,False,True,https://www.metmuseum.org/art/collection/search/202099,https://images.metmuseum.org/CRDImages/es/original/178228.jpg,1,https://www.wikidata.org/wiki/Q116310626,,
195220,Cheval glass (psyché),Cheval glass,ca. 1810–14,,,,Amboyna veneered on oak; gilt-bronze mounts; glass,Overall: 86 x 48 5/8 x 31 5/8 in. (218.4 x 123.5 x 80.3 cm),,,,,,François-Honoré-Georges Jacob-Desmalter,Maker,French,1770,1841,,European Sculpture and Decorative Arts,Woodwork-Furniture,"French, 1770–1841",False,True,https://www.metmuseum.org/art/collection/search/195220,https://images.metmuseum.org/CRDImages/es/original/DT217970.jpg,0,https://www.wikidata.org/wiki/Q116310516,https://www.wikidata.org/wiki/Q449885,(not assigned)
226272,Flounce,Flounce,first half 18th century,,,,Needle lace,L. 117 1/2 x W. 23 inches (298.5 x 58.4 cm),,,,,,,,,,,,European Sculpture and Decorative Arts,Textiles-Laces,,False,True,https://www.metmuseum.org/art/collection/search/226272,https://images.metmuseum.org/CRDImages/es/original/DP339731.jpg,7,,,
202788,Miniature fender (part of a set),Fender,1690–91,,,,Silver,9/16 × 3 in. (1.4 × 7.6 cm),,,,,,George Manjoy,Maker,British,1685,1685,,European Sculpture and Decorative Arts,Metalwork-Silver-Miniature,"British, active 1685–ca. 1720",False,True,https://www.metmuseum.org/art/collection/search/202788,https://images.metmuseum.org/CRDImages/es/original/DP-12210-007.jpg,1,,,
203980,Bracket,Bracket,ca. 1600,,,,Bronze,Height: 6 in. (15.2 cm),,,,,Faces,Hubert Gerhard,Artist,Netherlandish,1540,1621,,European Sculpture and Decorative Arts,Sculpture-Bronze,"Netherlandish, 1540/50–1621, active Germany",False,True,https://www.metmuseum.org/art/collection/search/203980,https://images.metmuseum.org/CRDImages/es/original/201595.jpg,0,,https://www.wikidata.org/wiki/Q316824,http://vocab.getty.edu/page/ulan/500016667
186223,Marriage of the Virgin,Panel,17th–18th century,,,,Verre églomisé,4 3/4 × 5 1/4 in. (12.1 × 13.3 cm),,,,,Men|Virgin Mary,,,,,,,European Sculpture and Decorative Arts,Glass-Painted,,False,True,https://www.metmuseum.org/art/collection/search/186223,https://images.metmuseum.org/CRDImages/es/original/9988.jpg,0,,,
232248,Armrest,Upholstery panel,1754–56,,,,Wool and silk,H. 12 x W. 8 in. (approx.) (30.5 x 20.3 cm),,,,,Birds|Flowers,Beauvais,Manufactory,,,,,European Sculpture and Decorative Arts,Textiles-Tapestries,,False,True,https://www.metmuseum.org/art/collection/search/232248,https://images.metmuseum.org/CRDImages/es/original/152177.jpg,0,https://www.wikidata.org/wiki/Q116311337,https://www.wikidata.org/wiki/Q2566130,http://vocab.getty.edu/page/ulan/500110803
820044,Plaque,Plaque,ca. 1725,,,,Hard-paste porcelain,3 11/16 × 2 9/16 in. (9.4 × 6.5 cm),,,,,Flowers|Leaves,Vienna,Manufactory,,,,,European Sculpture and Decorative Arts,Ceramics-Porcelain,,False,True,https://www.metmuseum.org/art/collection/search/820044,https://images.metmuseum.org/CRDImages/es/original/LC-54_147_88.jpg,1,,,
194226,Casket,Casket,late 15th or early 16th century,,,,Gold,Overall: 1 3/4 × 4 × 1 3/4 in. (4.4 × 10.2 × 4.4 cm),,,,,Faces|Coat of Arms,,,,,,,European Sculpture and Decorative Arts,Metalwork-Gold and Platinum,,False,True,https://www.metmuseum.org/art/collection/search/194226,https://images.metmuseum.org/CRDImages/es/original/DP-13165_003.jpg,3,https://www.wikidata.org/wiki/Q116311346,,
228770,Flounce,Flounce,19th century,,,,"Drawnwork, bobbin lace, linen","L. 35 3/4 x W. 19 5/8 inches
90.8 x 49.8 cm",,,,,Carriages,,,,,,,European Sculpture and Decorative Arts,Textiles-Laces,,False,True,https://www.metmuseum.org/art/collection/search/228770,https://images.metmuseum.org/CRDImages/es/original/DP5419.jpg,1,,,
194787,Sweetmeat glass (one of a pair),Sweetmeat glass,ca. 1710,,,,Glass,Overall: 5 5/8 × 3 7/8 in. (14.3 × 9.8 cm),,,,,,,,,,,,European Sculpture and Decorative Arts,Glass,,False,True,https://www.metmuseum.org/art/collection/search/194787,https://images.metmuseum.org/CRDImages/es/original/DP-717-016.jpg,0,,,
215630,Piece,Piece,16th century,,,,,,,,,,,,,,,,,European Sculpture and Decorative Arts,Textiles-Woven,,False,True,https://www.metmuseum.org/art/collection/search/215630,https://images.metmuseum.org/CRDImages/es/original/14242.jpg,0,,,
228380,Sampler,Sampler,1858,,,,Cotton and metal thread on linen,H. 15 x W. 19 1/4 inches (38.1 x 48.9 cm),,,,,,,,,,,,European Sculpture and Decorative Arts,Textiles-Embroidered,,False,True,https://www.metmuseum.org/art/collection/search/228380,https://images.metmuseum.org/CRDImages/es/original/164624.jpg,0,,,
186055,Vase,Vase,19th century,,,,Glass,Height: 7 in. (17.8 cm),,,,,,,,,,,,European Sculpture and Decorative Arts,Glass,,False,True,https://www.metmuseum.org/art/collection/search/186055,https://images.metmuseum.org/CRDImages/es/original/SF81_8_106.jpg,0,,,
225099,Passementerie,Passementerie,17th century,,,,Silk,"L. 9 x W. 3 inches
22.9 x 7.6 cm",,,,,,,,,,,,European Sculpture and Decorative Arts,Textiles-Trimmings,,False,True,https://www.metmuseum.org/art/collection/search/225099,https://images.metmuseum.org/CRDImages/es/original/DP16775_36.90.2018.jpg,0,,,
208180,Plate,Plate,ca. 1790,,,,Hard-paste porcelain,Diameter: 7 1/2 in. (19.1 cm),,,,,Flowers,,,,,,,European Sculpture and Decorative Arts,Ceramics-Porcelain-Export,,False,True,https://www.metmuseum.org/art/collection/search/208180,https://images.metmuseum.org/CRDImages/es/original/258220.jpg,0,,,
194447,Portrait of a seated lady,Portrait,18th century,,,,"Wax, colored",Framed: 6 1/4 × 5 1/2 in. (15.9 × 14 cm),,,,,Portraits|Women,,,,,,,European Sculpture and Decorative Arts,Sculpture-Miniature,,False,True,https://www.metmuseum.org/art/collection/search/194447,https://images.metmuseum.org/CRDImages/es/original/40347.jpg,0,,,
221871,Pictorial print,Furnishing textile,early 19th century,,,,Cotton,"L. 65 1/2 x W. 96 inches
166.4 x 243.8 cm",,,,,,,,,,,,European Sculpture and Decorative Arts,Textiles-Printed,,False,True,https://www.metmuseum.org/art/collection/search/221871,https://images.metmuseum.org/CRDImages/es/original/65640.jpg,0,,,
214417,Fragment,Fragment,19th century,,,,Bobbin lace,"L. 9 1/2 x W. 2 1/2 inches
24.13 x 6.4 cm",,,,,,,,,,,,European Sculpture and Decorative Arts,Textiles-Laces,,False,True,https://www.metmuseum.org/art/collection/search/214417,https://images.metmuseum.org/CRDImages/es/original/DP5096.jpg,2,,,
214782,Border,Border,16th century,,,,"Embroidered net, punto à rammendo, punto à tela","L. 6 1/4 x W. 1 3/4 inches
15.9 x 4.4 cm",,,,,,,,,,,,European Sculpture and Decorative Arts,Textiles-Laces,,False,True,https://www.metmuseum.org/art/collection/search/214782,https://images.metmuseum.org/CRDImages/es/original/DP4086.jpg,1,,,
221127,Insertion,Insertion,16th century,,,,Bobbin lace,L. 4 x W. 1 3/4 inches (10.2 x 4.4 cm),,,,,,,,,,,,European Sculpture and Decorative Arts,Textiles-Laces,,False,True,https://www.metmuseum.org/art/collection/search/221127,https://images.metmuseum.org/CRDImages/es/original/DP16676.jpg,2,,,
200446,Souvenir,"Souvenir, painting",1773–75,,,,"Gold, glass, foil; ivory","a)  3-3/8 x 2 in.  (8.6 x 5.1 cm)
b)  2-15/16 x 15/16 in.  (7.5 x 2.4 cm)
c)  L.  2-1/2 in. (6.4 cm)",,,,,Women|Cupid,,,,,,,European Sculpture and Decorative Arts,Metalwork-Gold and Platinum,,False,True,https://www.metmuseum.org/art/collection/search/200446,https://images.metmuseum.org/CRDImages/es/original/144693.jpg,0,,,
188338,"The Chicago International Exhibition, 1893",Plaquette,1893,,,,"Bronze, struck, silvered",2 × 2 1/16 in. (51 × 52 mm),,,,,Women,Louis-Oscar Roty,Artist,French,1846,1911,,European Sculpture and Decorative Arts,Medals and Plaquettes,"French, Paris 1846–1911 Paris",False,True,https://www.metmuseum.org/art/collection/search/188338,https://images.metmuseum.org/CRDImages/es/original/1865(det19).jpg,1,,https://www.wikidata.org/wiki/Q2621732,http://vocab.getty.edu/page/ulan/500123469
232120,Ewer,Ewer,1775,,,,Silver,"H. 18 7/8 in., Weight. 9.2lb. (48 cm, 4.159kg)",,,,,,Ignatz Krautauer,Maker,,1687,1787,,European Sculpture and Decorative Arts,Metalwork-Silver,"master in 1771, died 1787",False,True,https://www.metmuseum.org/art/collection/search/232120,https://images.metmuseum.org/CRDImages/es/original/DP224029.jpg,4,https://www.wikidata.org/wiki/Q116305689,,
213990,Galloon,Galloon,18th century,,,,Silk and cotton,"9 1/4 x 1/2 inches
23.5 x 1.3 cm",,,,,,,,,,,,European Sculpture and Decorative Arts,Textiles-Trimmings,,False,True,https://www.metmuseum.org/art/collection/search/213990,https://images.metmuseum.org/CRDImages/es/original/DP6058.jpg,0,,,
222777,Flounce,Flounce,early 18th century,,,,"Bobbin lace, point d'Angleterre",L. 112 1/2 x W. 12 1/2 inches (285.8 x 31.8 cm),,,,,Flowers,,,,,,,European Sculpture and Decorative Arts,Textiles-Laces,,False,True,https://www.metmuseum.org/art/collection/search/222777,https://images.metmuseum.org/CRDImages/es/original/94082.jpg,0,,,
201718,Street vendor,Figure,ca. 1750–60,,,,Soft-paste porcelain,Overall (confirmed): 9 3/8 × 4 5/8 × 5 3/16 in. (23.8 × 11.7 × 13.2 cm),,,,,Men,Mennecy,Manufactory,,,,,European Sculpture and Decorative Arts,Ceramics-Porcelain,,False,True,https://www.metmuseum.org/art/collection/search/201718,https://images.metmuseum.org/CRDImages/es/original/DP241968.jpg,8,,,
189068,Dish,Dish,early 17th century,,,,Pewter,1 1/8 × 12 in. (2.9 × 30.5 cm),,,,,Fish,,,,,,,European Sculpture and Decorative Arts,Metalwork-Pewter,,False,True,https://www.metmuseum.org/art/collection/search/189068,https://images.metmuseum.org/CRDImages/es/original/18455.jpg,0,,,
187791,Pharmacy jar,Pharmacy jar,dated 1679,,,,Blue glazed earthenware,Height: 4 1/2 in. (11.4 cm),,,,,,Factory of Joseph Dupont-Saint-Pierre,Maker,,,,,European Sculpture and Decorative Arts,Ceramics-Pottery,,False,True,https://www.metmuseum.org/art/collection/search/187791,https://images.metmuseum.org/CRDImages/es/original/SF94_4_227_img1.jpg,1,,,
198803,Standing cup with cover,Standing cup with cover,second half 19th century,,,,"Rock crystal, gold, enamel",Height: 14 1/2 in. (36.8 cm),,,,,,Reinhold Vasters,Designer,German,1827,1909,,European Sculpture and Decorative Arts,Natural Substances-Rock Crystal,"German, Erkelenz 1827–1909 Aachen",False,True,https://www.metmuseum.org/art/collection/search/198803,https://images.metmuseum.org/CRDImages/es/original/ES1224.jpg,0,,https://www.wikidata.org/wiki/Q2141574,http://vocab.getty.edu/page/ulan/500109723
199757,Teapot (part of a service),Teapot,ca. 1750–55,,,,Hard-paste porcelain,Height: 7 in. (17.8 cm),,,,,Boys,Doccia Porcelain Manufactory,Manufactory,Italian,1737,1896,,European Sculpture and Decorative Arts,Ceramics-Porcelain,"Italian, 1737–1896",False,True,https://www.metmuseum.org/art/collection/search/199757,https://images.metmuseum.org/CRDImages/es/original/DP119603.jpg,1,,https://www.wikidata.org/wiki/Q1061931,http://vocab.getty.edu/page/ulan/500055347
225648,Ribbon,Ribbon,19th century,,,,,,,,,,,,,,,,,European Sculpture and Decorative Arts,Textiles-Trimmings,,False,True,https://www.metmuseum.org/art/collection/search/225648,https://images.metmuseum.org/CRDImages/es/original/DP7265.jpg,0,,,
204534,Plate,Plate,ca. 1750–60,,,,Hard-paste porcelain,Diameter: 8 3/4 in. (22.2 cm),,,,,Human Figures|Animals|Nativity,Jan Luyken,Artist,Dutch,1649,1712,,European Sculpture and Decorative Arts,Ceramics-Porcelain-Export,"Dutch, Amsterdam 1649–1712 Amsterdam",False,True,https://www.metmuseum.org/art/collection/search/204534,https://images.metmuseum.org/CRDImages/es/original/ES6604.jpg,1,,https://www.wikidata.org/wiki/Q87466,http://vocab.getty.edu/page/ulan/500000444
230263,Fragment,Fragment,16th century,,,,Silk,Overall: 9 x 12 3/4 in. (22.9 x 32.4 cm),,,,,,,,,,,,European Sculpture and Decorative Arts,Textiles-Woven,,False,True,https://www.metmuseum.org/art/collection/search/230263,https://images.metmuseum.org/CRDImages/es/original/DP103446.jpg,1,,,
227229,Piece,Piece,first half 15th century,,,,Silk and metal thread,L. 42 x W. 22 inches (106.7 x 55.9 cm),,,,,,,,,,,,European Sculpture and Decorative Arts,Textiles-Velvets,,False,True,https://www.metmuseum.org/art/collection/search/227229,https://images.metmuseum.org/CRDImages/es/original/137281.jpg,0,,,
209331,Dish,Dish,1881–90,,,,Hard-paste porcelain,6 7/8 × 6 7/8 in. (17.5 × 17.5 cm),,,,,Peaches|Boys,"Société Gérard, Dufraisseix and Morel",Factory,,,,,European Sculpture and Decorative Arts,Ceramics-Porcelain,,False,True,https://www.metmuseum.org/art/collection/search/209331,https://images.metmuseum.org/CRDImages/es/original/SF1999_133.jpg,0,,,
216117,Piece,Piece,19th century,,,,Cotton,"L. 4 3/4 x W. 6 3/4 inches (approx.)
12.1 x 17.1 cm",,,,,Leaves,,,,,,,European Sculpture and Decorative Arts,Textiles-Printed,,False,True,https://www.metmuseum.org/art/collection/search/216117,https://images.metmuseum.org/CRDImages/es/original/DP1321.jpg,1,,,
217386,Piece,Piece,ca. 1710,,,,Wool,23 x 21 inches (58.4 x 53.3 cm),,,,,,,,,,,,European Sculpture and Decorative Arts,Textiles-Velvets,,False,True,https://www.metmuseum.org/art/collection/search/217386,https://images.metmuseum.org/CRDImages/es/original/84930.jpg,0,,,
206230,Plate,Plate,1753–55,,,,Silver gilt,Diameter: 10 in. (25.4 cm),,,,,,Gottlieb Satzger,Maker,,1709,1783,,European Sculpture and Decorative Arts,Metalwork-Silver,"ca. 1709–1783, master 1746",False,True,https://www.metmuseum.org/art/collection/search/206230,https://images.metmuseum.org/CRDImages/es/original/205364.jpg,0,,https://www.wikidata.org/wiki/Q94923389,(not assigned)
218248,Strip,Strip,19th century,,,,Bobbin lace,L. 90 x W. 1 1/2 inches (228.6 x 3.8 cm),,,,,,,,,,,,European Sculpture and Decorative Arts,Textiles-Laces,,False,True,https://www.metmuseum.org/art/collection/search/218248,https://images.metmuseum.org/CRDImages/es/original/GT18.jpg,1,,,
196415,Madonna and Child crowned by angels,High relief,15th–16th century,,,,Carrara marble; frame: polychromed and gilded (modern),33 × 24 3/4 in. (83.8 × 62.9 cm),,,,,Angels|Madonna and Child,Master of the Marble Madonnas,Artist,,1450,1555,,European Sculpture and Decorative Arts,Sculpture,active ca. 1480–1525,False,True,https://www.metmuseum.org/art/collection/search/196415,https://images.metmuseum.org/CRDImages/es/original/74226.jpg,0,,,http://vocab.getty.edu/page/ulan/500091912
207736,Dinner fork (one of twelve),Dinner fork,1750–65,,,,Silver,,,,,,,Bayne and Napier,Maker,,,,,European Sculpture and Decorative Arts,Metalwork-Silver,,False,True,https://www.metmuseum.org/art/collection/search/207736,https://images.metmuseum.org/CRDImages/es/original/DP-23240-065.jpg,1,,,
225179,Piece,Piece,19th century,,,,Bobbin lace,L. 18 x W. 1 1/4 inches (45.7 x 3.2 cm),,,,,,,,,,,,European Sculpture and Decorative Arts,Textiles-Laces,,False,True,https://www.metmuseum.org/art/collection/search/225179,https://images.metmuseum.org/CRDImages/es/original/DP4854.jpg,1,,,
213903,Galloon,Galloon,18th–19th century,,,,Silk and metal thread,Overall: 12 1/2 x 1 1/4 in. (31.8 x 3.2 cm),,,,,,,,,,,,European Sculpture and Decorative Arts,Textiles-Trimmings,,False,True,https://www.metmuseum.org/art/collection/search/213903,https://images.metmuseum.org/CRDImages/es/original/DP5770_08.103.406.jpg,0,,,
207382,Work and writing table (table en chiffonière),Work and writing table,ca. 1755–65,,,,"Oak veneered with tulipwood, engraved satinwood, harewood and green-stained wood, gilt bronze, brass, silvered metal, gold-tooled leather",27 1/8 × 11 3/4 × 9 1/4 in. (68.9 × 29.8 × 23.5 cm),,,,,,,,,,,,European Sculpture and Decorative Arts,Woodwork-Furniture,,False,True,https://www.metmuseum.org/art/collection/search/207382,https://images.metmuseum.org/CRDImages/es/original/230496.jpg,1,,,
196048,Standing cup (Flügelglas),Standing cup,ca. 1760,,,,Glass,Overall: 10 1/2 × 3 1/2 in. (26.7 × 8.9 cm),,,,,Faces,,,,,,,European Sculpture and Decorative Arts,Glass,,False,True,https://www.metmuseum.org/art/collection/search/196048,https://images.metmuseum.org/CRDImages/es/original/ES931.jpg,1,,,
209210,Basin,Basin,1771,,,,Silver,"Overall (confirmed): 2 5/8 × 10 1/2 × 15 7/8 in., 35.175oz. (6.7 × 26.7 × 40.3 cm, 997.3g)",,,,,Flowers|Leaves,Barthélemy Samson,Maker,,1682,1782,,European Sculpture and Decorative Arts,Metalwork-Silver,"master ca. 1760, died 1782",False,True,https://www.metmuseum.org/art/collection/search/209210,https://images.metmuseum.org/CRDImages/es/original/50011.jpg,2,,https://www.wikidata.org/wiki/Q67949533,(not assigned)
196089,Sweetmeat glass with cover,Sweetmeat glass with cover,ca. 1730,,,,Glass,Overall: 6 13/16 × 3 5/16 in. (17.3 × 8.4 cm),,,,,Deer|Flowers,,,,,,,European Sculpture and Decorative Arts,Glass,,False,True,https://www.metmuseum.org/art/collection/search/196089,https://images.metmuseum.org/CRDImages/es/original/69731.jpg,0,,,
202911,Miniature tray,Tray,ca. 1720,,,,Silver,Diameter: 1 5/8 in. (4.1 cm),,,,,,I. M.,Maker,,1720,1769,,European Sculpture and Decorative Arts,Metalwork-Silver-Miniature,"active London, early-mid 18th century",False,True,https://www.metmuseum.org/art/collection/search/202911,https://images.metmuseum.org/CRDImages/es/original/DP-1717-078.jpg,0,,,
202180,Vase with cover (Vase à gland) (one of a pair),Vase with cover,ca. 1775,,,,Soft-paste porcelain,Height: 13 7/8 in. (35.2 cm),,,,,Men|Women,Sèvres Manufactory,Manufactory,French,1740,9999,,European Sculpture and Decorative Arts,Ceramics-Porcelain,"French, 1740–present",False,True,https://www.metmuseum.org/art/collection/search/202180,https://images.metmuseum.org/CRDImages/es/original/167058.jpg,1,,https://www.wikidata.org/wiki/Q653307,http://vocab.getty.edu/page/ulan/500054661
186299,Cruet,Cruet,18th century,,,,Glass; pewter,Height: 5 5/8 in. (14.3 cm),,,,,,,,,,,,European Sculpture and Decorative Arts,Glass,,False,True,https://www.metmuseum.org/art/collection/search/186299,https://images.metmuseum.org/CRDImages/es/original/119018.jpg,0,,,
201180,Saucer (part of a service),Saucer,1770–85,,,,Hard-paste porcelain,Diameter: 5 1/16 in. (12.9 cm),,,,,Birds|Coat of Arms,,,,,,,European Sculpture and Decorative Arts,Ceramics-Porcelain-Export,,False,True,https://www.metmuseum.org/art/collection/search/201180,https://images.metmuseum.org/CRDImages/es/original/151087.jpg,0,,,
222509,Scarf,Scarf,18th century,,,,Silk on cotton,"L. 72 x W. 16 1/2 inches
182.9 x 41.9 cm",,,,,,,,,,,,European Sculpture and Decorative Arts,Textiles-Embroidered,,False,True,https://www.metmuseum.org/art/collection/search/222509,https://images.metmuseum.org/CRDImages/es/original/81759.jpg,2,,,
817128,Girl,Statuette,"ca. 1635, base possibly late 1830s",,,,Pearwood (Pyrus communis); pedestal: blackened wood,"Height without pedestal, confirmed: 7 1/2 in. (19 cm)
Height with pedestal, confirmed: 10 15/16 × 3 1/2 × 4 in. (27.8 × 8.9 × 10.2 cm)",,,,,Girls,Leonhard Kern,Artist,German,1588,1662,,European Sculpture and Decorative Arts,Sculpture,"German, Forchtenberg, Hohenlohe 1588–1662 Schwäbisch Hall",False,True,https://www.metmuseum.org/art/collection/search/817128,https://images.metmuseum.org/CRDImages/es/original/DP-29442-001.jpg,5,,https://www.wikidata.org/wiki/Q896084,http://vocab.getty.edu/page/ulan/500010178
189673,Monkey,Statuette,first half 18th century,,,,"Terracotta, polychrome",Overall: 17 1/4 × 19 1/2 × 12 1/2 in. (43.8 × 49.5 × 31.8 cm),,,,,Monkeys,,,,,,,European Sculpture and Decorative Arts,Sculpture,,False,True,https://www.metmuseum.org/art/collection/search/189673,https://images.metmuseum.org/CRDImages/es/original/DP274040.jpg,0,,,
223860,Piece,Piece,late 19th century,,,,Cotton,"L. 13 x W. 11 1/2 inches
33.0 x 29.2 cm",,,,,Flowers|Leaves,,,,,,,European Sculpture and Decorative Arts,Textiles-Printed,,False,True,https://www.metmuseum.org/art/collection/search/223860,https://images.metmuseum.org/CRDImages/es/original/DP2684.jpg,1,,,
232287,Chamber candlestick,Chamber candlestick,1802–3,,,,Silver,Overall: 3 1/4 × 4 1/8 in. (8.3 × 10.5 cm),,,,,,John Emes,Maker,,1796,1808,,European Sculpture and Decorative Arts,Metalwork-Silver,active 1796–1808,False,True,https://www.metmuseum.org/art/collection/search/232287,https://images.metmuseum.org/CRDImages/es/original/SF2006_470_14ab.jpg,0,,https://www.wikidata.org/wiki/Q6231747,http://vocab.getty.edu/page/ulan/500028098
202904,Miniature chamber candlestick,Chamber candlestick,18th century,,,,Silver,Overall: 1 3/4 × 2 9/16 in. (4.4 × 6.5 cm),,,,,,John Robins,Maker,,1700,1800,,European Sculpture and Decorative Arts,Metalwork-Silver-Miniature,,False,True,https://www.metmuseum.org/art/collection/search/202904,https://images.metmuseum.org/CRDImages/es/original/DP-1717-070.jpg,1,,,
193274,Plate,Plate,early 19th century,,,,Pewter,Diameter: 10 3/4 in. (27.3 cm),,,,,,,,,,,,European Sculpture and Decorative Arts,Metalwork-Pewter,,False,True,https://www.metmuseum.org/art/collection/search/193274,https://images.metmuseum.org/CRDImages/es/original/DP-17090-018.jpg,2,,,
226386,Piece,Piece,16th century,,,,Drawnwork,"L. 9 1/4 x W. 2 1/4 inches
23.5 x 5.7 cm",,,,,,,,,,,,European Sculpture and Decorative Arts,Textiles-Laces,,False,True,https://www.metmuseum.org/art/collection/search/226386,https://images.metmuseum.org/CRDImages/es/original/DP365645.jpg,0,,,
229009,Eliezer and Rebecca,Embroidered picture,mid-17th century,,,,Silk on canvas,"H. 17 1/2 x W. 19 3/4 inches (44.5 x 50.2 cm);
Framed: H. 22 1/2 x W. 24 1/2 x D. 1 1/4 inches (57.2 x 62.2 x 3.2 cm)",,,,,Birds|Men|Women|Camels|Butterflies,,,,,,,European Sculpture and Decorative Arts,Textiles-Embroidered,,False,True,https://www.metmuseum.org/art/collection/search/229009,https://images.metmuseum.org/CRDImages/es/original/DP7779.jpg,0,,,
191006,Tile,Tile,1640–60,,,,Tin-glazed earthenware,"Overall (tile): 5 × 5 × 1/2 in. (12.7 × 12.7 × 1.3 cm);
Overall (whole panel): 31 × 21 1/4 in. (78.7 × 54 cm)",,,,,Birds|Dogs|Rabbits|Flowers,,,,,,,European Sculpture and Decorative Arts,Ceramics-Pottery,,False,True,https://www.metmuseum.org/art/collection/search/191006,https://images.metmuseum.org/CRDImages/es/original/ES5267.jpg,4,,,
225275,Piece,Piece,19th century,,,,,,,,,,Leaves,,,,,,,European Sculpture and Decorative Arts,Textiles-Trimmings,,False,True,https://www.metmuseum.org/art/collection/search/225275,https://images.metmuseum.org/CRDImages/es/original/DP7129.jpg,0,,,
229359,Piece,Piece,mid-19th century,,,,Cotton,"L. 32 x W. 19 1/2 inches
81.3 x 49.5 cm",,,,,Flowers|Leaves,,,,,,,European Sculpture and Decorative Arts,Textiles-Printed,,False,True,https://www.metmuseum.org/art/collection/search/229359,https://images.metmuseum.org/CRDImages/es/original/ES5312.jpg,0,,,
222712,Edging,Edging,17th century,,,,"Cutwork, reticello, punto in aria, linen","L. 160 x W. 6 3/4 inches
406.4 x 17.1 cm",,,,,Flowers,,,,,,,European Sculpture and Decorative Arts,Textiles-Laces,,False,True,https://www.metmuseum.org/art/collection/search/222712,https://images.metmuseum.org/CRDImages/es/original/DP324386.jpg,1,,,
236996,Hexagonal dish (part of a set),Dish,second half 17th century,,,,Gilded silver,Overall: 10 1/2 x 9 5/16 in. (26.6 x 23.6 cm),,,,,Flowers,Paulus Roth,Maker,,1589,1689,,European Sculpture and Decorative Arts,Metalwork-Silver,active 1646–89,False,True,https://www.metmuseum.org/art/collection/search/236996,https://images.metmuseum.org/CRDImages/es/original/DP347632.jpg,0,,,
214257,Ribbon,Ribbon,18th–19th century,,,,,"2 x 1 inches (approx.)
5.1 x 2.5 cm",,,,,,,,,,,,European Sculpture and Decorative Arts,Textiles-Trimmings,,False,True,https://www.metmuseum.org/art/collection/search/214257,https://images.metmuseum.org/CRDImages/es/original/DP6427.jpg,0,,,
189227,Dr. J. Parrat,Bust,1875,,,,Plaster,No dimensions recorded,,,,,Men,Paul Dubois,Artist,French,1829,1905,,European Sculpture and Decorative Arts,Sculpture-Reproductions-Casts,"French, Nogent-sur-Seine 1829–1905 Paris",False,True,https://www.metmuseum.org/art/collection/search/189227,https://images.metmuseum.org/CRDImages/es/original/1997.jpg,0,,https://www.wikidata.org/wiki/Q2524533,http://vocab.getty.edu/page/ulan/500019444
208195,Side chair,Side chair,ca. 1870,,,,"Gilt, ebonized and carved wood, modern green plush",Overall: 25 × 25 in. (63.5 × 63.5 cm),,,,,,Christopher Dresser,Designer,"British, Scottish",1834,1904,,European Sculpture and Decorative Arts,Woodwork-Furniture,"British, Glasgow, Scotland 1834–1904 Mulhouse",False,True,https://www.metmuseum.org/art/collection/search/208195,https://images.metmuseum.org/CRDImages/es/original/DP-14204-147.jpg,1,,https://www.wikidata.org/wiki/Q1086650,http://vocab.getty.edu/page/ulan/500042183
893684,Toilet box,Box,ca. 1765–70,,,,Enamel on copper,confirmed: 1 7/8 × 6 3/16 × 3 3/8 in. (4.8 × 15.7 × 8.5 cm),,,,,,,,,,,,European Sculpture and Decorative Arts,Enamels-Painted,,False,True,https://www.metmuseum.org/art/collection/search/893684,https://images.metmuseum.org/CRDImages/es/original/DP-32191-001.jpg,0,,,
199266,Coffeepot,Coffeepot,18th century,,,,Hard-paste porcelain,Height: 6 3/4 in. (17.1 cm),,,,,Flowers,Gotha,Factory,German,1757,1900,,European Sculpture and Decorative Arts,Ceramics-Porcelain,"German, 1757–1900",False,True,https://www.metmuseum.org/art/collection/search/199266,https://images.metmuseum.org/CRDImages/es/original/133945.jpg,0,,,
225882,Piece,Piece,19th century,,,,,,,,,,,,,,,,,European Sculpture and Decorative Arts,Textiles-Woven,,False,True,https://www.metmuseum.org/art/collection/search/225882,https://images.metmuseum.org/CRDImages/es/original/DP7369.jpg,0,,,
223496,Piece,Piece,16th–17th century,,,,Silk,L. 18 3/4 x W. 15 1/4 inches (47.6 x 38.7 cm),,,,,,,,,,,,European Sculpture and Decorative Arts,Textiles-Woven,,False,True,https://www.metmuseum.org/art/collection/search/223496,https://images.metmuseum.org/CRDImages/es/original/SC10901.jpg,1,,,
207078,Pair of sphinxes,Figures,1770–73,,,,Hard-paste porcelain,Length (.183): 7 7/8 in. (20 cm); Length (.184): 7 5/8 in. (19.4 cm),,,,,Sphinx,Bristol,Factory,British,,,,European Sculpture and Decorative Arts,Ceramics-Porcelain,British,False,True,https://www.metmuseum.org/art/collection/search/207078,https://images.metmuseum.org/CRDImages/es/original/ES6283.jpg,0,https://www.wikidata.org/wiki/Q116307482,,
190631,Memorial of the old Temple Bar,Medal,1878,,,,"Lead, struck",Diameter: 4 in. (10.2 cm),,,,,Temples,C. H. Mabey,Artist,,1825,1925,,European Sculpture and Decorative Arts,Medals and Plaquettes,,False,True,https://www.metmuseum.org/art/collection/search/190631,https://images.metmuseum.org/CRDImages/es/original/DP-180-060.jpg,1,,,
218974,Bobbin,Bobbin,19th century,,,,Wood,,,,,,,,,,,,,European Sculpture and Decorative Arts,Textiles-Methods and Materials,,False,True,https://www.metmuseum.org/art/collection/search/218974,https://images.metmuseum.org/CRDImages/es/original/DP7640.jpg,0,,,
195497,Pair of perfume bottles,Perfume bottles,19th century,,,,Hard-paste porcelain,Overall (each): 5 1/8 × 2 7/8 × 2 7/8 in. (13 × 7.3 × 7.3 cm),,,,,Flowers,,,,,,,European Sculpture and Decorative Arts,Ceramics-Porcelain,,False,True,https://www.metmuseum.org/art/collection/search/195497,https://images.metmuseum.org/CRDImages/es/original/65401.jpg,0,,,
771067,Moon flask,Moon flask,possibly January 1868 or 1869,,,,Bone china with enamel decoration and gilding,confirmed: 10 3/8 × 8 1/8 × 4 1/8 in. (26.4 × 20.6 × 10.5 cm),,,,,,Minton(s),Maker,British,1793,2001,,European Sculpture and Decorative Arts,Ceramics-Porcelain,"British, Stoke-on-Trent, 1793–present",False,True,https://www.metmuseum.org/art/collection/search/771067,https://images.metmuseum.org/CRDImages/es/original/DP-16489-004.jpg,1,,https://www.wikidata.org/wiki/Q6869688,http://vocab.getty.edu/page/ulan/500276237
215044,Border,Border,18th century,,,,Bobbin lace,L. 22 x W. 2 3/4 inches (55.9 x 7.0 cm),,,,,,,,,,,,European Sculpture and Decorative Arts,Textiles-Laces,,False,True,https://www.metmuseum.org/art/collection/search/215044,https://images.metmuseum.org/CRDImages/es/original/DP3987.jpg,1,,,
208958,Plate,Plate,18th century,,,,Faience (tin-glazed earthenware),Diameter: 9 3/4 in. (24.8 cm),,,,,Flowers,,,,,,,European Sculpture and Decorative Arts,Ceramics-Pottery,,False,True,https://www.metmuseum.org/art/collection/search/208958,https://images.metmuseum.org/CRDImages/es/original/40623.jpg,0,,,
193321,Pot,Pot,18th century,,,,Pewter,3 1/2 × 10 in. (8.9 × 25.4 cm),,,,,,,,,,,,European Sculpture and Decorative Arts,Metalwork-Pewter,,False,True,https://www.metmuseum.org/art/collection/search/193321,https://images.metmuseum.org/CRDImages/es/original/34589.jpg,0,,,
223697,Piece,Piece,mid-18th century,,,,Silk,L. 20 3/4 x W. 10 1/2 inches (52.7 x 26.7 cm),,,,,Flowers|Leaves,,,,,,,European Sculpture and Decorative Arts,Textiles-Woven,,False,True,https://www.metmuseum.org/art/collection/search/223697,https://images.metmuseum.org/CRDImages/es/original/110997.jpg,0,,,
216755,Fragment,Fragment,19th century,,,,Silk on silk,L. 6 x W. 8 1/2 inches (289.6 x 49.5 cm),,,,,,,,,,,,European Sculpture and Decorative Arts,Textiles-Embroidered,,False,True,https://www.metmuseum.org/art/collection/search/216755,https://images.metmuseum.org/CRDImages/es/original/72691.jpg,0,,,
186832,Theseus Fighting the Centaur Bianor,Statuette group,"modeled 1849, cast ca. 1867",,,,Bronze,"confirmed: 49 3/4 × 45 1/4 × 20 3/4 in., 316 lb. (126.4 × 114.9 × 52.7 cm, 143.3 kg)",,,,,Battles|Theseus|Centaurs,Antoine-Louis Barye,Artist,French,1795,1875,,European Sculpture and Decorative Arts,Sculpture-Bronze,"French, Paris 1795–1875 Paris",False,True,https://www.metmuseum.org/art/collection/search/186832,https://images.metmuseum.org/CRDImages/es/original/DP246633.jpg,2,https://www.wikidata.org/wiki/Q116311609,https://www.wikidata.org/wiki/Q451489,http://vocab.getty.edu/page/ulan/500007044
817184,Gioachino Rossini (1792–1868),Bust,1865,,,,Terracotta,"Confirmed: 26 × 13 15/16 × 10 5/8 in., 51.9 lb. (66 × 35.4 × 27 cm, 23541.686g)",,,,,Men|Portraits,Albert-Ernest Carrier-Belleuse,Artist,French,1824,1887,,European Sculpture and Decorative Arts,Sculpture,"French, Anizy-le-Château 1824–1887 Sèvres",False,True,https://www.metmuseum.org/art/collection/search/817184,https://images.metmuseum.org/CRDImages/es/original/DP-19686-001.jpg,5,https://www.wikidata.org/wiki/Q116445281,https://www.wikidata.org/wiki/Q2143726,http://vocab.getty.edu/page/ulan/500017043
202903,Miniature tankard,Tankard,18th and 19th century,,,,"Silver, gilt",1 3/8 × 1 1/8 in. (3.5 × 2.9 cm),,,,,,,,,,,,European Sculpture and Decorative Arts,Metalwork-Silver-Miniature,,False,True,https://www.metmuseum.org/art/collection/search/202903,https://images.metmuseum.org/CRDImages/es/original/DP-1717-069.jpg,0,,,
219114,Fragment,Fragment,19th century,,,,Silk,,,,,,Leaves,,,,,,,European Sculpture and Decorative Arts,Textiles-Woven,,False,True,https://www.metmuseum.org/art/collection/search/219114,https://images.metmuseum.org/CRDImages/es/original/DP2321.jpg,1,,,
198982,Table,Table,17th century,,,,"Walnut or fruitwood, iron",32-1/2 x 31-1/2 x 57 in.  (82.5 x 80.0 x 144.8 cm),,,,,,,,,,,,European Sculpture and Decorative Arts,Woodwork-Furniture,,False,True,https://www.metmuseum.org/art/collection/search/198982,https://images.metmuseum.org/CRDImages/es/original/128347.jpg,0,https://www.wikidata.org/wiki/Q116310208,,
194927,Caster,Caster,ca. 1760–80,,,,Salt-glazed stoneware,Height: 5 5/8 in. (14.3 cm),,,,,,,,,,,,European Sculpture and Decorative Arts,Ceramics-Pottery,,False,True,https://www.metmuseum.org/art/collection/search/194927,https://images.metmuseum.org/CRDImages/es/original/DP-1135-001.jpg,0,,,
229047,Embroidered picture of pastoral scene,Embroidered picture,ca. 1725,,,,Wool and silk on canvas,H. 20 1/2 x W. 17 3/4 inches (52.1 x 45.1 cm),,,,,Men|Women|Deer|Rabbits|Sheep,,,,,,,European Sculpture and Decorative Arts,Textiles-Embroidered,,False,True,https://www.metmuseum.org/art/collection/search/229047,https://images.metmuseum.org/CRDImages/es/original/DP-20299-001.jpg,0,,,
228871,Band,Band,16th century,,,,"Drawnwork, punto à rammendo, punto scritto, linen and silk","H. 6 1/4 x W. 8 3/4 inches
15.9 x 22.2 cm",,,,,Human Figures,,,,,,,European Sculpture and Decorative Arts,Textiles-Laces,,False,True,https://www.metmuseum.org/art/collection/search/228871,https://images.metmuseum.org/CRDImages/es/original/DP2553.jpg,1,,,
228485,Sampler,Sampler,second half 18th century,,,,Silk on wool canvas,16 7/8 × 12 3/4 in. (42.9 × 32.4 cm),,,,,Birds|Houses|Flowers,,,,,,,European Sculpture and Decorative Arts,Textiles-Embroidered,,False,True,https://www.metmuseum.org/art/collection/search/228485,https://images.metmuseum.org/CRDImages/es/original/DP-14638-051.jpg,1,,,
236160,Vase,Vase,ca. 1884,,,,Earthenware,Overall: 9 x 8 3/8 x 5 in. (22.9 x 21.3 x 12.7 cm),,,,,Insects,Emile Gallé,Maker,French,1846,1904,,European Sculpture and Decorative Arts,Ceramics-Pottery,"French, Nancy 1846–1904 Nancy",False,True,https://www.metmuseum.org/art/collection/search/236160,https://images.metmuseum.org/CRDImages/es/original/SF2008_113_img1.jpg,4,,https://www.wikidata.org/wiki/Q275085,http://vocab.getty.edu/page/ulan/500094535
203663,Plaque with classical landscape,Plaque,ca. 1755,,,,Enamel on copper,Overall: 4 1/2 × 5 3/4 in. (11.4 × 14.6 cm),,,,,Ruins|Landscapes,,,,,,,European Sculpture and Decorative Arts,Enamels-Painted,,False,True,https://www.metmuseum.org/art/collection/search/203663,https://images.metmuseum.org/CRDImages/es/original/DP-16194-267.jpg,0,,,
173344,Bed curtain border,Border,1800–1850,,,,"Linen, silk, metallic","Length: 52 in. (132.1 cm);
Width: 18 in. (45.7 cm)",,,,,Eagles|Peacocks,,,,,,,European Sculpture and Decorative Arts,Textiles-Laces,,False,True,https://www.metmuseum.org/art/collection/search/173344,https://images.metmuseum.org/CRDImages/es/original/31.292_CP2.jpg,0,,,
186714,Marriage of Napoleon and Marie Louise,Medal,1810,,,,"Gilt bronze, struck",Diameter: 9/16 in. (1.4 cm),,,,,,Bertrand Andrieu,Artist,French,1761,1822,,European Sculpture and Decorative Arts,Medals and Plaquettes,"French, Bordeaux 1761–1822 Paris",False,True,https://www.metmuseum.org/art/collection/search/186714,https://images.metmuseum.org/CRDImages/es/original/30727.jpg,1,,https://www.wikidata.org/wiki/Q2073102,http://vocab.getty.edu/page/ulan/500069164
229464,Valance,Valance,18th century,,,,Linen and cotton,L. 20 1/2 x W. 110 in. (52.07 x 279.4 cm),,,,,,,,,,,,European Sculpture and Decorative Arts,Textiles-Embroidered,,False,True,https://www.metmuseum.org/art/collection/search/229464,https://images.metmuseum.org/CRDImages/es/original/204649.jpg,1,,,
186134,Tazza,Tazza,19th century,,,,Glass,Overall: 10 3/4 × 16 3/4 in. (27.3 × 42.5 cm),,,,,,,,,,,,European Sculpture and Decorative Arts,Glass,,False,True,https://www.metmuseum.org/art/collection/search/186134,https://images.metmuseum.org/CRDImages/es/original/7305.jpg,0,,,
223045,Dress panels,Panel,possibly 1775–78,,,,Silk,"a) L. 75 x W. 20 inches (loom width) (190.5 x 50.8 cm);
b) L. 19 1/2 x W. 10 1/8 inches (49.5 x 25.7 cm)",,,,,Flowers,,,,,,,European Sculpture and Decorative Arts,Textiles-Woven,,False,True,https://www.metmuseum.org/art/collection/search/223045,https://images.metmuseum.org/CRDImages/es/original/SF35_47_2ab.jpg,1,,,
189632,Wall ornament,Wall ornament,early 18th century,,,,"Wood, gilt",19 × 13 in. (48.3 × 33 cm),,,,,Faces|Women|Flowers,,,,,,,European Sculpture and Decorative Arts,Woodwork,,False,True,https://www.metmuseum.org/art/collection/search/189632,https://images.metmuseum.org/CRDImages/es/original/4414.jpg,0,,,
218218,Border,Border,18th century,,,,Bobbin lace,"L. 49 x W. 2 inches
124.5 x 5.1 cm",,,,,,,,,,,,European Sculpture and Decorative Arts,Textiles-Laces,,False,True,https://www.metmuseum.org/art/collection/search/218218,https://images.metmuseum.org/CRDImages/es/original/85153.jpg,2,,,
213103,Piece,Piece,early 18th century,,,,Silk,24 × 14 in. (61 × 35.6 cm),,,,,Fountains|Flowers|Leaves,,,,,,,European Sculpture and Decorative Arts,Textiles-Woven,,False,True,https://www.metmuseum.org/art/collection/search/213103,https://images.metmuseum.org/CRDImages/es/original/975.jpg,0,,,
211996,Souvenir spoon,Souvenir spoon,late 19th century,,,,Silver-gilt and enamel,Length: 5 in. (12.7 cm),,,,,Coat of Arms,,,,,,,European Sculpture and Decorative Arts,Metalwork-Silver,,False,True,https://www.metmuseum.org/art/collection/search/211996,https://images.metmuseum.org/CRDImages/es/original/35368.jpg,0,,,
206588,Commode (commode à vantaux) (part of a set),Commode,ca. 1790,,,,"Oak veneered with ebony, amaranth, holly, ebonized holly, satinwood, Japanese and French lacquer panels; gilt-bronze mounts, brocatelle marble top (not original); steel springs; morocco leather (not original)",H. 38-3/8 in. (97.5 cm); W. 58-5/8 in. (148.9 cm); D. 22-1/4 in.(56.5 cm),,,,,Buildings|Roosters,Adam Weisweiler,Maker,French,1744,1820,,European Sculpture and Decorative Arts,Woodwork-Furniture,"French, 1744–1820",False,True,https://www.metmuseum.org/art/collection/search/206588,https://images.metmuseum.org/CRDImages/es/original/DP105715.jpg,3,https://www.wikidata.org/wiki/Q116310331,https://www.wikidata.org/wiki/Q91517,http://vocab.getty.edu/page/ulan/500010501
188295,Figure-top spoon,Spoon,probably second half 19th century,,,,Silver gilt,Overall: 7 1/8 × 2 1/8 in. (18.1 × 5.4 cm),,,,,Mothers,,,,,,,European Sculpture and Decorative Arts,Metalwork-Silver,,False,True,https://www.metmuseum.org/art/collection/search/188295,https://images.metmuseum.org/CRDImages/es/original/17803.jpg,0,,,
209613,Fan,Fan,mid-18th century,,,,"Skin, tortoiseshell, mother-of-pearl, silver and gold leaf",11 1/2 x 20 1/4 in.  (29.2 x 51.4 cm),,,,,Men|Women,,,,,,,European Sculpture and Decorative Arts,Fans,,False,True,https://www.metmuseum.org/art/collection/search/209613,https://images.metmuseum.org/CRDImages/es/original/100667.jpg,0,,,
196951,Cup (part of a service),Cup,ca. 1770,,,,Hard-paste porcelain,2 × 2 7/8 in. (5.1 × 7.3 cm),,,,,Birds|Plants,Frankenthal Porcelain Manufactory,Manufactory,German,,,,European Sculpture and Decorative Arts,Ceramics-Porcelain,German,False,True,https://www.metmuseum.org/art/collection/search/196951,https://images.metmuseum.org/CRDImages/es/original/88622.jpg,0,,https://www.wikidata.org/wiki/Q878182,http://vocab.getty.edu/page/ulan/500334821
213209,Piece,Piece,16th century,,,,"Silk, linen and metal thread",21 x 7 1/2 inches (53.3 x 19.1 cm),,,,,Flowers|Leaves,,,,,,,European Sculpture and Decorative Arts,Textiles-Woven,,False,True,https://www.metmuseum.org/art/collection/search/213209,https://images.metmuseum.org/CRDImages/es/original/997.jpg,0,,,
222696,Border,Border,17th century,,,,"Embroidered net, punto à rammendo","L. 108 x W. 11 inches
274.3 x 27.9 cm",,,,,Birds|Flowers,,,,,,,European Sculpture and Decorative Arts,Textiles-Laces,,False,True,https://www.metmuseum.org/art/collection/search/222696,https://images.metmuseum.org/CRDImages/es/original/DP5406.jpg,1,,,
214561,Piece,Piece,18th century,,,,Bobbin lace,L. 22 1/2 x W. 2 inches (57.2 x 5.1 cm),,,,,,,,,,,,European Sculpture and Decorative Arts,Textiles-Laces,,False,True,https://www.metmuseum.org/art/collection/search/214561,https://images.metmuseum.org/CRDImages/es/original/DP15992.jpg,0,,,
194189,Watch in the form of a tulip,Watch,19th century,,,,"Metal, enamel",1 3/4 × 1 in. (4.4 × 2.5 cm),,,,,,Monée,Maker,,1740,1800,,European Sculpture and Decorative Arts,Horology,w. ca. 1770,False,True,https://www.metmuseum.org/art/collection/search/194189,https://images.metmuseum.org/CRDImages/es/original/40531.jpg,0,,,
195152,Taperstick,Taperstick,ca. 1770,,,,Glass,Height: 6 1/4 in. (15.9 cm),,,,,,,,,,,,European Sculpture and Decorative Arts,Glass,,False,True,https://www.metmuseum.org/art/collection/search/195152,https://images.metmuseum.org/CRDImages/es/original/DP-1505-016.jpg,0,,,
199030,Bowl,Bowl,ca. 1750,,,,Lead-glazed earthenware,3 5/8 × 7 1/2 in. (9.2 × 19.1 cm),,,,,Houses,,,,,,,European Sculpture and Decorative Arts,Ceramics-Pottery,,False,True,https://www.metmuseum.org/art/collection/search/199030,https://images.metmuseum.org/CRDImages/es/original/126031.jpg,0,https://www.wikidata.org/wiki/Q116310088,,
204623,Tumbler,Tumbler,second quarter 18th century,,,,Glass,Overall: 3 3/4 × 2 11/16 in. (9.5 × 6.8 cm),,,,,Men,,,,,,,European Sculpture and Decorative Arts,Glass,,False,True,https://www.metmuseum.org/art/collection/search/204623,https://images.metmuseum.org/CRDImages/es/original/186115.jpg,0,,,
196140,Miniature beaker,Beaker,early 19th century,,,,Glass,Overall: 13/16 × 3/4 in. (2.1 × 1.9 cm),,,,,,,,,,,,European Sculpture and Decorative Arts,Glass,,False,True,https://www.metmuseum.org/art/collection/search/196140,https://images.metmuseum.org/CRDImages/es/original/69462.jpg,0,,,
187290,Vase,Vase,17th–18th century,,,,Glass,Height: 6 3/8 in. (16.2 cm),,,,,,,,,,,,European Sculpture and Decorative Arts,Glass,,False,True,https://www.metmuseum.org/art/collection/search/187290,https://images.metmuseum.org/CRDImages/es/original/DP-29550-001.jpg,3,https://www.wikidata.org/wiki/Q116311550,,
229397,Altar frontal,Altar frontal,18th century,,,,Silk and metal thread,L. 95 1/2 x W. 43 inches (242.6 x 109.2 cm); 9 inch linen heading (22.9 cm),,,,,Flowers,,,,,,,European Sculpture and Decorative Arts,Textiles-Woven,,False,True,https://www.metmuseum.org/art/collection/search/229397,https://images.metmuseum.org/CRDImages/es/original/198731.jpg,0,,,
223136,Sample,Sample,early 19th century,,,,Silk on wool,"L. 4 3/4 x W. 3 7/8 inches
12.1 x 9.8 cm",,,,,Flowers,,,,,,,European Sculpture and Decorative Arts,Textiles-Embroidered,,False,True,https://www.metmuseum.org/art/collection/search/223136,https://images.metmuseum.org/CRDImages/es/original/103897.jpg,1,,,
205885,Bowl with cover,Bowl with cover,1725–30,,,,Hard-paste porcelain,5 7/8 × 7 3/16 in. (14.9 × 18.3 cm),,,,,,Meissen Manufactory,Manufactory,German,1710,9999,,European Sculpture and Decorative Arts,Ceramics-Porcelain,"German, 1710–present",False,True,https://www.metmuseum.org/art/collection/search/205885,https://images.metmuseum.org/CRDImages/es/original/205067.jpg,0,,https://www.wikidata.org/wiki/Q822407,http://vocab.getty.edu/page/ulan/500054662
658629,"Dining room chair from the Speaker’s House, Palace of Westminster",Chair,1859,,,,"Carved oak, upholstered in modern stamped and gilded red leather",Overall (confirmed): 39 1/2 × 17 3/4 × 22 in. (100.3 × 45.1 × 55.9 cm),,,,,,Augustus Welby Northmore Pugin,Designer,British,1812,1852,,European Sculpture and Decorative Arts,Woodwork-Furniture,"British, London 1812–1852 Ramsgate",False,True,https://www.metmuseum.org/art/collection/search/658629,https://images.metmuseum.org/CRDImages/es/original/DP-14204-200.jpg,4,https://www.wikidata.org/wiki/Q116234977,https://www.wikidata.org/wiki/Q313288,http://vocab.getty.edu/page/ulan/500008414
186605,Censer,Censer,"19th century, after 1616 original",,,,Gold,Overall (with chain): 10 × 43 in. (25.4 × 109.2 cm),,,,,Women|Angels|Cross|Censers,,,,,,,European Sculpture and Decorative Arts,Metalwork-Electrotype,,False,True,https://www.metmuseum.org/art/collection/search/186605,https://images.metmuseum.org/CRDImages/es/original/ES5254.jpg,2,,,
220841,Fragment,Fragment,16th century,,,,Embroidered net,"L. 4 3/4 x W. 5 1/2 inches
12.1 x 14.0 cm",,,,,,,,,,,,European Sculpture and Decorative Arts,Textiles-Laces,,False,True,https://www.metmuseum.org/art/collection/search/220841,https://images.metmuseum.org/CRDImages/es/original/DP16553.jpg,2,,,
230968,Sir Andrew Fountaine (1676–1753),Medal,1745,,,,Bronze,Diameter: 57 mm,,,,,Profiles,Jacques-Antoine Dassier,Artist,Swiss,1715,1759,,European Sculpture and Decorative Arts,Medals and Plaquettes,"Swiss, Geneva 1715–1759 Copenhagen",False,True,https://www.metmuseum.org/art/collection/search/230968,https://images.metmuseum.org/CRDImages/es/original/DP-1424-053.jpg,1,https://www.wikidata.org/wiki/Q116306684,https://www.wikidata.org/wiki/Q3157867,http://vocab.getty.edu/page/ulan/500123502
220669,Ribbon,Ribbon,early 19th century,,,,Silk and metal thread,"26 x 1 inch
66.0 x 2.5 cm",,,,,,,,,,,,European Sculpture and Decorative Arts,Textiles-Trimmings,,False,True,https://www.metmuseum.org/art/collection/search/220669,https://images.metmuseum.org/CRDImages/es/original/DP6436_20.82.12.jpg,0,,,
204849,Spinario (boy pulling a thorn from his foot),Statuette,first half of the 16th century?,,,,Bronze,Height: 7 1/2 in. (19.1 cm),,,,,Men,,,,,,,European Sculpture and Decorative Arts,Sculpture-Bronze,,False,True,https://www.metmuseum.org/art/collection/search/204849,https://images.metmuseum.org/CRDImages/es/original/DP-465-001.jpg,2,,,
216052,Piece,Piece,19th century,,,,Cotton,"L. 3 1/2 x W. 6 3/8 inches (approx.)
8.9 x 16.2 cm",,,,,,,,,,,,European Sculpture and Decorative Arts,Textiles-Printed,,False,True,https://www.metmuseum.org/art/collection/search/216052,https://images.metmuseum.org/CRDImages/es/original/DP1156.jpg,1,,,
202627,Ice cream plate (Patelle à glace cannelé),Ice cream plate,1840,,,,Hard-paste porcelain,Diameter: 5 11/16 in. (14.4 cm),,,,,Flowers,Sèvres Manufactory,Manufactory,French,1740,9999,,European Sculpture and Decorative Arts,Ceramics-Porcelain,"French, 1740–present",False,True,https://www.metmuseum.org/art/collection/search/202627,https://images.metmuseum.org/CRDImages/es/original/174874.jpg,0,,https://www.wikidata.org/wiki/Q653307,http://vocab.getty.edu/page/ulan/500054661
220003,Sample,Sample,ca. 1840,,,,Cotton,,,,,,,,,,,,,European Sculpture and Decorative Arts,Textiles-Printed,,False,True,https://www.metmuseum.org/art/collection/search/220003,https://images.metmuseum.org/CRDImages/es/original/43070.jpg,0,,,
222021,Floral print,Floral print,ca. 1785,,,,Linen,"L. 9 x W. 18 inches
22.9 x 45.7 cm",,,,,Flowers,,,,,,,European Sculpture and Decorative Arts,Textiles-Printed,,False,True,https://www.metmuseum.org/art/collection/search/222021,https://images.metmuseum.org/CRDImages/es/original/66224.jpg,0,,,
193899,Snuffbox,Snuffbox,1749–50,,,,"Gold, enamel",2 11/16 × 2 1/8 in. (6.8 × 5.4 cm),,,,,Flowers,,,,,,,European Sculpture and Decorative Arts,Metalwork-Gold and Platinum,,False,True,https://www.metmuseum.org/art/collection/search/193899,https://images.metmuseum.org/CRDImages/es/original/39774.jpg,0,,,
188511,Hanging lamp,Hanging lamp,late 16th–early 17th century,,,,Iron,Height: 11 1/4 in. (28.6 cm),,,,,Birds,,,,,,,European Sculpture and Decorative Arts,Metalwork-Iron,,False,True,https://www.metmuseum.org/art/collection/search/188511,https://images.metmuseum.org/CRDImages/es/original/49824.jpg,0,,,
226705,Piece,Piece,early 17th century,,,,Silk,L. 12 1/4 x W. 9 1/4 inches (31.1 x 23.5 cm),,,,,,,,,,,,European Sculpture and Decorative Arts,Textiles-Velvets,,False,True,https://www.metmuseum.org/art/collection/search/226705,https://images.metmuseum.org/CRDImages/es/original/126725.jpg,0,,,
198032,Teakettle with stand and spirit lamp,Teakettle with stand and spirit lamp,1749–50,,,,Silver,"Overall (teakettle .9a): 7 × 7 × 9 1/4 in. (17.8 × 17.8 × 23.5 cm);
Height (stand .9b): 5 in. (12.7 cm)",,,,,,Thomas Heming,Maker,,1745,1773,,European Sculpture and Decorative Arts,Metalwork-Silver,active 1745–73,False,True,https://www.metmuseum.org/art/collection/search/198032,https://images.metmuseum.org/CRDImages/es/original/114082.jpg,0,,,
187322,Beaker,Beaker,first quarter 17th century,,,,"Glass; blown, a fili, dip-molded, and applied milled decoration","Height (Confirmed): 6 1/16 in. (15.4 cm)
Diam. of foot (Confirmed): 2 7/8 in. (7.3 cm)
Diam. of rim (Confirmed): 4 5/16 in. (11 cm)",,,,,,,,,,,,European Sculpture and Decorative Arts,Glass,,False,True,https://www.metmuseum.org/art/collection/search/187322,https://images.metmuseum.org/CRDImages/es/original/DP-15453-017.jpg,1,,,
194528,Coffer (goffano),Coffer,early 15th century,,,,Wood covered with parchment,Overall: 16 × 57 × 17 in. (40.6 × 144.8 × 43.2 cm),,,,,,,,,,,,European Sculpture and Decorative Arts,Woodwork-Furniture,,False,True,https://www.metmuseum.org/art/collection/search/194528,https://images.metmuseum.org/CRDImages/es/original/40453.jpg,0,,,
214389,Fragment,Fragment,19th century,,,,Bobbin lace,"L. 8 1/2 x 3/4 inches
21.6 x 1.9 cm",,,,,,,,,,,,European Sculpture and Decorative Arts,Textiles-Laces,,False,True,https://www.metmuseum.org/art/collection/search/214389,https://images.metmuseum.org/CRDImages/es/original/DP3318.jpg,2,,,
191913,Candlestick (one of a set of six),Candlestick,18th century,,,,Silver,Height: 12 in. (30.5 cm),,,,,,,,,,,,European Sculpture and Decorative Arts,Metalwork-Silver,,False,True,https://www.metmuseum.org/art/collection/search/191913,https://images.metmuseum.org/CRDImages/es/original/13437.jpg,0,,,
218275,Fragment,Fragment,19th century,,,,"Needle lace, Point de Gaze","L. 5 x W. 3 1/4 inches
12.7 x 8.3 cm",,,,,,,,,,,,European Sculpture and Decorative Arts,Textiles-Laces,,False,True,https://www.metmuseum.org/art/collection/search/218275,https://images.metmuseum.org/CRDImages/es/original/DP4633.jpg,1,,,
195574,Watch,Watch,ca. 1815–40,,,,"Gold, enamel, silver",Diameter: 1 7/8 in. (4.8 cm),,,,,Flowers,,,,,,,European Sculpture and Decorative Arts,Horology,,False,True,https://www.metmuseum.org/art/collection/search/195574,https://images.metmuseum.org/CRDImages/es/original/66526.jpg,0,,,
229701,Piece,Piece,18th century,,,,,18 x 23 inches (45.7 x 58.4 cm),,,,,,,,,,,,European Sculpture and Decorative Arts,Textiles-Woven,,False,True,https://www.metmuseum.org/art/collection/search/229701,https://images.metmuseum.org/CRDImages/es/original/DP2472_1981.353.2.jpg,0,,,
219298,Ribbons (2),Ribbons,19th century,,,,,,,,,,,,,,,,,European Sculpture and Decorative Arts,Textiles-Trimmings,,False,True,https://www.metmuseum.org/art/collection/search/219298,https://images.metmuseum.org/CRDImages/es/original/DP7035.jpg,0,,,
223709,Piece,Piece,1770–80,,,,Silk,"L. 22 3/4 x W. 21 inches
57.8 x 53.3 cm",,,,,Flowers,,,,,,,European Sculpture and Decorative Arts,Textiles-Woven,,False,True,https://www.metmuseum.org/art/collection/search/223709,https://images.metmuseum.org/CRDImages/es/original/111018.jpg,0,,,
187707,Plaque (one of a pair),Plaque,second half 18th century,,,,Tin-glazed earthenware,19 7/8 × 16 1/4 in. (50.5 × 41.3 cm),,,,,Anger|Men|Women,,,,,,,European Sculpture and Decorative Arts,Ceramics-Pottery,,False,True,https://www.metmuseum.org/art/collection/search/187707,https://images.metmuseum.org/CRDImages/es/original/8005.jpg,0,,,
236969,Handkerchief,Handkerchief,1840–80,,,,silk on linen,Overall: 14 x 14 in. (35.6 x 35.6 cm),,,,,Flowers,,,,,,,European Sculpture and Decorative Arts,Textiles,,False,True,https://www.metmuseum.org/art/collection/search/236969,https://images.metmuseum.org/CRDImages/es/original/DP237075.jpg,0,,,
189797,Panel ornaments (part of a set),Panel ornaments,17th–18th century,,,,Gilt bronze,"Overall (.a confirmed): 13 x 6 1/2 x 1 3/8 in. (33 x 16.5 x 3.5 cm);
Overall (.b confirmed): 13 x 6 3/8 x 1 3/8 in. (33 x 16.2 x 3.5 cm)",,,,,Grapes|Men,,,,,,,European Sculpture and Decorative Arts,Metalwork-Gilt Bronze,,False,True,https://www.metmuseum.org/art/collection/search/189797,https://images.metmuseum.org/CRDImages/es/original/SF07_225_510_42ab.jpg,1,,,
203945,Inkwell (one of a pair) surmounted by finial figure representing History,Inkstand,17th century or later,,,,Bronze,Overall (confirmed): 10 1/8 × 9 1/2 × 9 1/2 in. (25.7 × 24.1 × 24.1 cm),,,,,Eagles|Female Nudes|Allegory,,,,,,,European Sculpture and Decorative Arts,Sculpture-Bronze,,False,True,https://www.metmuseum.org/art/collection/search/203945,https://images.metmuseum.org/CRDImages/es/original/DP-221-001.jpg,1,,,
194850,Cup (one of two) (part of a traveling tea service),Cup,ca. 1788,,,,Hard-paste porcelain,Height: 2 7/16 in. (6.2 cm),,,,,Garlands,Dihl et Guérhard,Factory,French,1781,1824,,European Sculpture and Decorative Arts,Ceramics-Porcelain,"French, 1781–ca. 1824",False,True,https://www.metmuseum.org/art/collection/search/194850,https://images.metmuseum.org/CRDImages/es/original/48959.jpg,3,,https://www.wikidata.org/wiki/Q29982145,http://vocab.getty.edu/page/ulan/500490251
205449,Teapot with cover and stand (part of a service),Teapot with cover and stand,ca. 1770,,,,Soft-paste porcelain,Height (with cover and stand): 5 1/4 in. (13.3 cm),,,,,,Worcester factory,Factory,British,1751,2008,,European Sculpture and Decorative Arts,Ceramics-Porcelain,"British, 1751–2008",False,True,https://www.metmuseum.org/art/collection/search/205449,https://images.metmuseum.org/CRDImages/es/original/DP-40785-003.jpg,3,,https://www.wikidata.org/wiki/Q668894,http://vocab.getty.edu/page/ulan/500332804
227237,Panel,Panel,second half 15th century,,,,Silk,L. 52 1/4 x W. 21 inches (132.7 x 53.3 cm),,,,,,,,,,,,European Sculpture and Decorative Arts,Textiles-Velvets,,False,True,https://www.metmuseum.org/art/collection/search/227237,https://images.metmuseum.org/CRDImages/es/original/137285.jpg,0,,,
225130,Fringe,Fringe,18th century (?),,,,Silk,L. 9 x W. 2 1/2 inches (22.9 x 6.4 cm),,,,,,,,,,,,European Sculpture and Decorative Arts,Textiles-Trimmings,,False,True,https://www.metmuseum.org/art/collection/search/225130,https://images.metmuseum.org/CRDImages/es/original/DP5695_36.90.2050.jpg,0,,,
215565,Peasant costume fragment,Costume fragment,18th–19th century,,,,Wool on canvas,L. 5 3/4 x W. 5 inches (14.6 x 12.7 cm),,,,,,,,,,,,European Sculpture and Decorative Arts,Textiles-Embroidered,,False,True,https://www.metmuseum.org/art/collection/search/215565,https://images.metmuseum.org/CRDImages/es/original/85662.jpg,0,,,
188437,"Charles, Baron de Meneval (1778–1856), Secretary and librarian to Napoleon I",Medallion,1840,,,,"Bronze, cast - single",Diameter: 6 1/2 in. (16.5 cm),,,,,Men|Profiles,Pierre Jean David d'Angers,Artist,French,1788,1856,,European Sculpture and Decorative Arts,Medals and Plaquettes,"French, Angers 1788–1856 Paris",False,True,https://www.metmuseum.org/art/collection/search/188437,https://images.metmuseum.org/CRDImages/es/original/31579.jpg,0,,https://www.wikidata.org/wiki/Q364498,http://vocab.getty.edu/page/ulan/500115506
212448,Fragment,Fragment,18th century,,,,Bobbin lace,L. 16 x W. 2 3/4 in. (40.6 x 7.0 cm.),,,,,,,,,,,,European Sculpture and Decorative Arts,Textiles-Laces,,False,True,https://www.metmuseum.org/art/collection/search/212448,https://images.metmuseum.org/CRDImages/es/original/GT28e.jpg,2,,,
199930,Thirty Years War chessmen (32) and board,Chessmen and board,ca. 1860,,,,"Silver, silver-gilt, sycamore and ebonized wood, brass","Height (silver king, confirmed): 2 7/8 in. (7.4 cm);
Height (gold king, confirmed:) 3 5/16 in. (8.4 cm);
Height (gold knight, confirmed): 2 7/16 in. (6.2 cm);
Height (silver knight, confirmed): 2 1/8 in. (5.3 cm); Overall (board, confirmed): 1 7/8 × 14 × 14 in. (4.8 × 35.6 × 35.6 cm).",,,,,Chess,,,,,,,European Sculpture and Decorative Arts,Chess Sets,,False,True,https://www.metmuseum.org/art/collection/search/199930,https://images.metmuseum.org/CRDImages/es/original/DP-38425-001.jpg,4,,,
212532,Piece,Piece,19th century,,,,Bobbin lace,L. 22 x W. 1 3/4 inches (55.9 x 4.4 cm),,,,,,,,,,,,European Sculpture and Decorative Arts,Textiles-Laces,,False,True,https://www.metmuseum.org/art/collection/search/212532,https://images.metmuseum.org/CRDImages/es/original/DP3609.jpg,2,,,
237006,Tankard,Tankard,ca. 1650,,,,Gilded silver,Overall: 8 1/8 x 4 1/2 in. (20.6 x 11.5 cm),,,,,Deer,Valentinius (Felten) Urbiger,Maker,,1557,1657,,European Sculpture and Decorative Arts,Metalwork-Silver,"master in 1641, died 1657",False,True,https://www.metmuseum.org/art/collection/search/237006,https://images.metmuseum.org/CRDImages/es/original/DP339964.jpg,1,,,
199518,Bagpiper,Figure,ca. 1750,,,,Lead-glazed earthenware,Height: 5 1/8 in. (13 cm),,,,,Men|Bagpipes,Astbury-Whieldon,Maker,,,,,European Sculpture and Decorative Arts,Ceramics-Pottery,,False,True,https://www.metmuseum.org/art/collection/search/199518,https://images.metmuseum.org/CRDImages/es/original/DP-1372-063.jpg,0,,,
212270,Border,Border,18th century,,,,Silk on linen,H. 4 1/2 x W. 48 1/2 inches (11.4 x 123.2 cm),,,,,,,,,,,,European Sculpture and Decorative Arts,Textiles-Embroidered,,False,True,https://www.metmuseum.org/art/collection/search/212270,https://images.metmuseum.org/CRDImages/es/original/3889b.jpg,1,,,
230253,Fragment,Fragment,early 18th century,,,,Silk,15 1/2 × 5 1/2 in. (39.4 × 14 cm),,,,,Flowers|Leaves,,,,,,,European Sculpture and Decorative Arts,Textiles-Woven,,False,True,https://www.metmuseum.org/art/collection/search/230253,https://images.metmuseum.org/CRDImages/es/original/DP103430.jpg,1,,,
219059,Fragment,Fragment,19th century,,,,Silk,,,,,,Leaves,,,,,,,European Sculpture and Decorative Arts,Textiles-Woven,,False,True,https://www.metmuseum.org/art/collection/search/219059,https://images.metmuseum.org/CRDImages/es/original/DP2319.jpg,1,,,
228520,Sampler,Sampler,19th century,,,,Wool on cotton canvas,H. 20 7/8 x W. 22 1/4 inches (53 x 56.5 cm),,,,,Birds|Horses,,,,,,,European Sculpture and Decorative Arts,Textiles-Embroidered,,False,True,https://www.metmuseum.org/art/collection/search/228520,https://images.metmuseum.org/CRDImages/es/original/164692.jpg,0,,,
226300,Border,Border,18th century,,,,Needle lace,L. 37 x W. 3 inches (94.0 x 7.6 cm),,,,,,,,,,,,European Sculpture and Decorative Arts,Textiles-Laces,,False,True,https://www.metmuseum.org/art/collection/search/226300,https://images.metmuseum.org/CRDImages/es/original/DP101313.jpg,0,,,
201867,Dish,Dish,18th–19th century,,,,Silver gilt,Diameter: 18 3/4 in. (47.6 cm),,,,,Swords|Men|Horses,,,,,,,European Sculpture and Decorative Arts,Metalwork-Silver,,False,True,https://www.metmuseum.org/art/collection/search/201867,https://images.metmuseum.org/CRDImages/es/original/159756.jpg,0,,,
212522,Insertion,Insertion,late 17th–early 18th century,,,,Bobbin lace,L. 25 x W. 3 1/4 inches (63.5 x 8.3 cm),,,,,,,,,,,,European Sculpture and Decorative Arts,Textiles-Laces,,False,True,https://www.metmuseum.org/art/collection/search/212522,https://images.metmuseum.org/CRDImages/es/original/DP16095.jpg,1,,,
189839,Corner ornament,Corner ornament,18th century,,,,Gilt bronze,Overall (confirmed): 6 x 5 3/4 x 3 in. (15.2 x 14.6 x 7.6 cm),,,,,,,,,,,,European Sculpture and Decorative Arts,Metalwork-Gilt Bronze,,False,True,https://www.metmuseum.org/art/collection/search/189839,https://images.metmuseum.org/CRDImages/es/original/DP278482.jpg,0,,,
231962,Bed valances and side curtains,Bed hangings,ca. 1700,,,,Canvas; silk and wool embroidery in gros and petit point,"Overall (.1): 19 1/4 × 80 1/4 in. (48.9 × 203.8 cm);
Overall (.2): 19 1/4 × 81 1/2 in. (48.9 × 207 cm);
Overall (.3): 19 1/2 × 66 1/2 in. (49.5 × 168.9 cm);
Overall (.4): 17 1/2 × 80 in. (44.5 × 203.2 cm);
Overall (.5): 17 1/2 × 79 in. (44.5 × 200.7 cm);
Overall (.6): 17 1/2 × 66 in. (44.5 × 167.6 cm);
Overall (.7): 10 ft. 4 in. × 31 1/2 in. (315 × 80 cm);
Overall (.8): 10 ft. 2 in. × 31 1/2 in. (309.9 × 80 cm)",,,,,,,,,,,,European Sculpture and Decorative Arts,Textiles-Embroidered,,False,True,https://www.metmuseum.org/art/collection/search/231962,https://images.metmuseum.org/CRDImages/es/original/DP154559.jpg,13,https://www.wikidata.org/wiki/Q116310890,,
207770,Skull,Skull,17th century,,,,Ivory,Height: 3 1/16 in. (7.8 cm),,,,,Skulls,,,,,,,European Sculpture and Decorative Arts,Sculpture-Miniature,,False,True,https://www.metmuseum.org/art/collection/search/207770,https://images.metmuseum.org/CRDImages/es/original/245920.jpg,1,,,
224288,Piece,Piece,16th–17th century,,,,Silk and metal thread on cotton,L. 16 1/4 x W. 9 3/4 inches (41.3 x 24.8 cm),,,,,,,,,,,,European Sculpture and Decorative Arts,Textiles-Embroidered,,False,True,https://www.metmuseum.org/art/collection/search/224288,https://images.metmuseum.org/CRDImages/es/original/125409.jpg,0,,,
231595,Perfume funnel,Perfume funnel,ca. 1743–45,,,,Silver gilt,Overall: H. 2 1/4 x Diam. 2 in. (5.7 x 5.1 cm),,,,,,Johann Christoph Stenglin,Maker,German,1737,1775,,European Sculpture and Decorative Arts,Metalwork-Silver,"German, active 1737–75",False,True,https://www.metmuseum.org/art/collection/search/231595,https://images.metmuseum.org/CRDImages/es/original/SF2005_364_31.jpg,1,https://www.wikidata.org/wiki/Q116306401,,
207687,Admiral de Tourville (1642–1701),Model,1816,,,,Terracotta,16 1/4 × 8 × 6 1/2 in. (41.3 × 20.3 × 16.5 cm),,,,,Men|Admirals,Joseph-Charles Marin,Artist,French,1759,1834,,European Sculpture and Decorative Arts,Sculpture,"French, Paris 1759–1834 Paris",False,True,https://www.metmuseum.org/art/collection/search/207687,https://images.metmuseum.org/CRDImages/es/original/DT5691.jpg,2,https://www.wikidata.org/wiki/Q116373944,https://www.wikidata.org/wiki/Q3184747,http://vocab.getty.edu/page/ulan/500013262
201650,Dish,Dish,16th century or later,,,,Maiolica (tin-glazed earthenware),Overall: 1 11/16 × 8 15/16 in. (4.3 × 22.7 cm),,,,,Profiles,,,,,,,European Sculpture and Decorative Arts,Ceramics-Pottery,,False,True,https://www.metmuseum.org/art/collection/search/201650,https://images.metmuseum.org/CRDImages/es/original/LC-53_225_70.jpg,0,,,
230609,Fragment,Fragment,16th–17th century,,,,"Silk, metal thread",Overall: 5 1/2 x 9 3/4 in. (14 x 24.8 cm),,,,,Flowers|Leaves,,,,,,,European Sculpture and Decorative Arts,Textiles-Velvets,,False,True,https://www.metmuseum.org/art/collection/search/230609,https://images.metmuseum.org/CRDImages/es/original/DP103870.jpg,1,,,
216588,Fragment of printed cotton,Fragment,1830–40,,,,Cotton,"L. 17 1/2 x W. 5 1/2 inches
44.5 x 14.0 cm",,,,,,,,,,,,European Sculpture and Decorative Arts,Textiles-Printed,,False,True,https://www.metmuseum.org/art/collection/search/216588,https://images.metmuseum.org/CRDImages/es/original/DP2591_09.50.1562.jpg,1,,,
200984,Beaker (part of a garniture),Beaker,ca. 1765–70,,,,Soft-paste porcelain,"Height (wt. confirmed): 8 1/4 in., 2 lb. (21 cm, 0.9 kg)",,,,,Birds,Bow Porcelain Factory,Factory,British,1747,1776,,European Sculpture and Decorative Arts,Ceramics-Porcelain,"British, 1747–1776",False,True,https://www.metmuseum.org/art/collection/search/200984,https://images.metmuseum.org/CRDImages/es/original/DP-15518-043.jpg,4,https://www.wikidata.org/wiki/Q116399449,https://www.wikidata.org/wiki/Q3816631,http://vocab.getty.edu/page/ulan/500332807
203731,Settee,Settee,ca. 1720,,,,Walnut and burr walnut veneer,Overall: 42 1/4 × 54 3/4 × 21 1/2 in. (107.3 × 139.1 × 54.6 cm),,,,,,,,,,,,European Sculpture and Decorative Arts,Woodwork-Furniture,,False,True,https://www.metmuseum.org/art/collection/search/203731,https://images.metmuseum.org/CRDImages/es/original/DP-14061-207.jpg,0,,,
202247,Dish (one of a pair),Dish,ca. 1800–1810,,,,Hard-paste porcelain,8 15/16 × 10 1/16 in. (22.7 × 25.6 cm),,,,,Lions|Coat of Arms,,,,,,,European Sculpture and Decorative Arts,Ceramics-Porcelain-Export,,False,True,https://www.metmuseum.org/art/collection/search/202247,https://images.metmuseum.org/CRDImages/es/original/171597.jpg,1,,,
192896,Punch bowl,Punch bowl,late 18th century,,,,Glass,Overall: 7 7/8 × 7 1/4 in. (20 × 18.4 cm),,,,,,,,,,,,European Sculpture and Decorative Arts,Glass,,False,True,https://www.metmuseum.org/art/collection/search/192896,https://images.metmuseum.org/CRDImages/es/original/DP-1588-016.jpg,1,,,
200925,Plate,Plate,ca. 1740,,,,Hard-paste porcelain,Diameter: 9 1/4 in. (23.5 cm),,,,,Human Figures|Animals,Meissen Manufactory,Manufactory,German,1710,9999,,European Sculpture and Decorative Arts,Ceramics-Porcelain,"German, 1710–present",False,True,https://www.metmuseum.org/art/collection/search/200925,https://images.metmuseum.org/CRDImages/es/original/SF50_211_237_img1.jpg,1,,https://www.wikidata.org/wiki/Q822407,http://vocab.getty.edu/page/ulan/500054662
232369,Chamber candlestick,Chamber candlestick,1836–37,,,,Silver,Overall: 2 3/8 × 4 7/8 in. (6 × 12.4 cm),,,,,,Charles Reilly,Maker,,1829,1840,,European Sculpture and Decorative Arts,Metalwork-Silver,active 1829–after 1840,False,True,https://www.metmuseum.org/art/collection/search/232369,https://images.metmuseum.org/CRDImages/es/original/SF2006_470_40.jpg,0,,,
208473,Beaker,Beaker,ca. 1725–28,,,,"Hard-paste porcelain decorated in polychrome enamels, gold",Height: 3 in. (7.6 cm),,,,,Coat of Arms,Vienna,Manufactory,,,,,European Sculpture and Decorative Arts,Ceramics-Porcelain,,False,True,https://www.metmuseum.org/art/collection/search/208473,https://images.metmuseum.org/CRDImages/es/original/DP166669.jpg,1,https://www.wikidata.org/wiki/Q116306797,,
197677,Plate (one of a pair),Plate,ca. 1762–75,,,,Soft-paste porcelain,Diameter: 9 1/4 in. (23.5 cm),,,,,Birds,Tournai,Factory,Belgian,,,,European Sculpture and Decorative Arts,Ceramics-Porcelain,"Belgian, established ca. 1750",False,True,https://www.metmuseum.org/art/collection/search/197677,https://images.metmuseum.org/CRDImages/es/original/100774.jpg,0,,,
203107,Beggar,Figure,ca. 1733,,,,Hard-paste porcelain; cold painted; silver-gilt,"Overall (confirmed): 6 3/16 × 2 11/16 × 2 1/2 in. (15.7 × 6.8 × 6.4 cm);
Height (with pedestal): 10 in. (25.4 cm)",,,,,Men,Meissen Manufactory,Manufactory,German,1710,9999,,European Sculpture and Decorative Arts,Ceramics-Porcelain,"German, 1710–present",False,True,https://www.metmuseum.org/art/collection/search/203107,https://images.metmuseum.org/CRDImages/es/original/SF64_101_104a_img1.jpg,8,,https://www.wikidata.org/wiki/Q822407,http://vocab.getty.edu/page/ulan/500054662
223597,Piece,Piece,16th–17th century,,,,Silk,L. 7 1/4 x W. 3 1/2 inches (18.4 x 8.9 cm),,,,,,,,,,,,European Sculpture and Decorative Arts,Textiles-Woven,,False,True,https://www.metmuseum.org/art/collection/search/223597,https://images.metmuseum.org/CRDImages/es/original/110077.jpg,0,,,
197713,Cake server,Cake server,1780–81,,,,Silver,Length: 11 1/4 in. (28.6 cm),,,,,,William Plummer,Maker,,1755,1755,,European Sculpture and Decorative Arts,Metalwork-Silver,entered 1755,False,True,https://www.metmuseum.org/art/collection/search/197713,https://images.metmuseum.org/CRDImages/es/original/100819.jpg,0,,,
236972,Handkerchief,Handkerchief,1840–80,,,,silk on linen,Overall: 16 x 16 1/2 in. (40.6 x 41.9 cm),,,,,Trees,,,,,,,European Sculpture and Decorative Arts,Textiles,,False,True,https://www.metmuseum.org/art/collection/search/236972,https://images.metmuseum.org/CRDImages/es/original/DP237064.jpg,0,,,
220458,Piece,Piece,1760–70,,,,Silk,8 1/4 x 15 1/2 inches (21.0 x 39.4 cm),,,,,Flowers|Leaves,,,,,,,European Sculpture and Decorative Arts,Textiles-Woven,,False,True,https://www.metmuseum.org/art/collection/search/220458,https://images.metmuseum.org/CRDImages/es/original/45943.jpg,0,,,
206583,Table,Table,ca. 1790,,,,"Oak, Japanese lacquer and ebony veneer, gilt bronze, verde antico marble",H. 37-3/8 x W. 52-7/8 x D. 24-1/4 in.  (94.9 x 134.3 x 61.6 cm),,,,,,Adam Weisweiler,Maker,French,1744,1820,,European Sculpture and Decorative Arts,Woodwork-Furniture,"French, 1744–1820",False,True,https://www.metmuseum.org/art/collection/search/206583,https://images.metmuseum.org/CRDImages/es/original/210081.jpg,1,https://www.wikidata.org/wiki/Q116310351,https://www.wikidata.org/wiki/Q91517,http://vocab.getty.edu/page/ulan/500010501
200139,Altar cruet (one of a pair),Altar cruet,first half 18th century,,,,Silver,Height: 4 in. (10.2 cm),,,,,,,,,,,,European Sculpture and Decorative Arts,Metalwork-Silver,,False,True,https://www.metmuseum.org/art/collection/search/200139,https://images.metmuseum.org/CRDImages/es/original/143137.jpg,2,,,
195892,Beaker (Passglas),Beaker,17th century,,,,Glass,Overall: 12 1/8 × 3 7/8 in. (30.8 × 9.8 cm),,,,,,,,,,,,European Sculpture and Decorative Arts,Glass,,False,True,https://www.metmuseum.org/art/collection/search/195892,https://images.metmuseum.org/CRDImages/es/original/69360.jpg,0,,,
189426,Chimneypiece,Chimneypiece,ca. 1740,,,,Marble,H. 53-1/2 x W. 88-5/8 x D. 19-3/4 in.  (135.9 x 225.1 x 50.2 cm.),,,,,,,,,,,,European Sculpture and Decorative Arts,Sculpture-Architectural,,False,True,https://www.metmuseum.org/art/collection/search/189426,https://images.metmuseum.org/CRDImages/es/original/82711.jpg,0,https://www.wikidata.org/wiki/Q116242604,,
204671,Vase,Vase,ca. 1700,,,,Tin-glazed earthenware,Overall: 16 7/8 × 18 3/4 in. (42.9 × 47.6 cm),,,,,Flowers|Coat of Arms,,,,,,,European Sculpture and Decorative Arts,Ceramics-Pottery,,False,True,https://www.metmuseum.org/art/collection/search/204671,https://images.metmuseum.org/CRDImages/es/original/185001.jpg,1,,,
217701,Strip,Strip,19th century,,,,Machine made lace,"L. 11 x 2 inches
27.9 x 5.1 cm",,,,,,,,,,,,European Sculpture and Decorative Arts,Textiles-Laces,,False,True,https://www.metmuseum.org/art/collection/search/217701,https://images.metmuseum.org/CRDImages/es/original/DP4795.jpg,1,,,
191294,Box,Box,17th century,,,,Wood,Overall: 10 × 13 3/4 × 10 3/4 in. (25.4 × 34.9 × 27.3 cm),,,,,Men|Lions,,,,,,,European Sculpture and Decorative Arts,Woodwork-Furniture,,False,True,https://www.metmuseum.org/art/collection/search/191294,https://images.metmuseum.org/CRDImages/es/original/7426.jpg,4,,,
218156,Strip,Strip,18th century,,,,"Bobbin lace, point d'Angleterre",L. 29 x W. 3 inches (73.7 x 7.6 cm),,,,,Human Figures|Birds|Bow and Arrow|Deer,,,,,,,European Sculpture and Decorative Arts,Textiles-Laces,,False,True,https://www.metmuseum.org/art/collection/search/218156,https://images.metmuseum.org/CRDImages/es/original/DP16114.jpg,3,,,
215414,Fragment,Fragment,16th–17th century,,,,Drawnwork,"L. 7 x W. 2 1/2 inches
17.8 x 6.4 cm",,,,,,,,,,,,European Sculpture and Decorative Arts,Textiles-Laces,,False,True,https://www.metmuseum.org/art/collection/search/215414,https://images.metmuseum.org/CRDImages/es/original/59886.jpg,0,,,
193376,Repeating watch,Repeating watch,early 19th century,,,,Gold,Diameter: 2 1/4 in. (5.7 cm),,,,,Interiors|Women,,,,,,,European Sculpture and Decorative Arts,Horology,,False,True,https://www.metmuseum.org/art/collection/search/193376,https://images.metmuseum.org/CRDImages/es/original/73540.jpg,0,,,
207534,Teapot,Teapot,"rock crystal ca. 1700, mounts ca. 1720",,,,"Rock crystal, gold mounts",Overall: 3 5/8 × 6 1/16 in. (9.2 × 15.4 cm),,,,,Dragons,,,,,,,European Sculpture and Decorative Arts,Metalwork-Silver In Combination,,False,True,https://www.metmuseum.org/art/collection/search/207534,https://images.metmuseum.org/CRDImages/es/original/DT8123.jpg,0,https://www.wikidata.org/wiki/Q116307626,,
226153,Border (one of two joined),Border,early 18th century (?),,,,Needle lace,"L. 28 x W. 6 1/8 inches
71.1 x 15.6 cm",,,,,,,,,,,,European Sculpture and Decorative Arts,Textiles-Laces,,False,True,https://www.metmuseum.org/art/collection/search/226153,https://images.metmuseum.org/CRDImages/es/original/DP5514.jpg,1,,,
893693,Snuffbox,Snuffbox,ca. 1770,,,,Enamel on copper,confirmed: 1 15/16 × 2 3/8 × 2 1/16 in. (4.9 × 6.1 × 5.2 cm),,,,,,,,,,,,European Sculpture and Decorative Arts,Enamels-Painted,,False,True,https://www.metmuseum.org/art/collection/search/893693,https://images.metmuseum.org/CRDImages/es/original/DP-33247-001.jpg,0,,,
197475,"Félicité Sophie de Lannion, Duchesse de La Rochefoucauld, at the Age of 29 Years (1745–1830)",Bust,1774,,,,White marble,Height: 28 3/4 in. (73 cm),,,,,Portraits|Women,Jean-Baptiste Lemoyne the Younger,Artist,French,1704,1778,,European Sculpture and Decorative Arts,Sculpture,"French, Paris 1704–1778 Paris",False,True,https://www.metmuseum.org/art/collection/search/197475,https://images.metmuseum.org/CRDImages/es/original/ES5995.jpg,5,https://www.wikidata.org/wiki/Q80208931,https://www.wikidata.org/wiki/Q507800,http://vocab.getty.edu/page/ulan/500015004
201950,Gate,Gate,17th century,,,,"Iron, marble","Overall (.32a, b each): 32 × 22 1/2 in. (81.3 × 57.2 cm);
Overall (.32c): 35 1/2 × 8 7/8 in. (90.2 × 22.5 cm);
Overall (.32d): 35 1/4 × 8 7/8 in. (89.5 × 22.5 cm)",,,,,,,,,,,,European Sculpture and Decorative Arts,Metalwork-Iron,,False,True,https://www.metmuseum.org/art/collection/search/201950,https://images.metmuseum.org/CRDImages/es/original/MM28534.jpg,0,,,
193256,Salver,Salver,18th century,,,,Pewter,Diam. 11 3/4 in. (29.8 cm),,,,,Coat of Arms,Jean Charton the Elder,Maker,,1695,1778,,European Sculpture and Decorative Arts,Metalwork-Pewter,"1695–1778, master 1722",False,True,https://www.metmuseum.org/art/collection/search/193256,https://images.metmuseum.org/CRDImages/es/original/34346.jpg,0,,,
210091,Fan,Fan,early 19th century,,,,"Whalebone, turquoise",L. 12 5/8 in. (32.1 cm),,,,,,,,,,,,European Sculpture and Decorative Arts,Fans,,False,True,https://www.metmuseum.org/art/collection/search/210091,https://images.metmuseum.org/CRDImages/es/original/8091.jpg,0,,,
218024,Insertion and edging,Insertion and edging,17th century,,,,Bobbin lace,60 x 5 in. (152.4 x 12.7cm),,,,,,,,,,,,European Sculpture and Decorative Arts,Textiles-Laces,,False,True,https://www.metmuseum.org/art/collection/search/218024,https://images.metmuseum.org/CRDImages/es/original/DP3805.jpg,1,,,
192354,Hercules and Antaeus,Statuette group,16th century,,,,Terracotta,Height: 35 1/2 in. (90.2 cm),,,,,Hercules,Giambologna,Artist,Netherlandish,1529,1608,,European Sculpture and Decorative Arts,Sculpture,"Netherlandish, Douai 1529–1608 Florence",False,True,https://www.metmuseum.org/art/collection/search/192354,https://images.metmuseum.org/CRDImages/es/original/138985.jpg,3,,https://www.wikidata.org/wiki/Q220136,http://vocab.getty.edu/page/ulan/500016387
229920,Textile swatch to accompany letter,Sample and letter,early 19th century,,,,,,,,,,,,,,,,,European Sculpture and Decorative Arts,Textiles-Archives,,False,True,https://www.metmuseum.org/art/collection/search/229920,https://images.metmuseum.org/CRDImages/es/original/DP7461.jpg,2,,,
223931,Piece,Piece,19th century,,,,Cotton,"L. 12 3/4 x W. 10 1/4
32.4 x 26.0 cm",,,,,Flowers,,,,,,,European Sculpture and Decorative Arts,Textiles-Printed,,False,True,https://www.metmuseum.org/art/collection/search/223931,https://images.metmuseum.org/CRDImages/es/original/DP-22879-077.jpg,2,,,
206396,Tureen (one of a pair),Tureen,ca. 1770–90,,,,Hard-paste porcelain,"Overall (each, with cover): 9 3/4 × 11 11/16 in. (24.8 × 29.7 cm)",,,,,Faces,,,,,,,European Sculpture and Decorative Arts,Ceramics-Porcelain-Export,,False,True,https://www.metmuseum.org/art/collection/search/206396,https://images.metmuseum.org/CRDImages/es/original/ES7744.jpg,5,,,
225290,Piece,Piece,19th century,,,,Silk,,,,,,,,,,,,,European Sculpture and Decorative Arts,Textiles-Velvets,,False,True,https://www.metmuseum.org/art/collection/search/225290,https://images.metmuseum.org/CRDImages/es/original/DP7133.jpg,0,,,
192764,Folding armchair,Armchair,second half 16th century,,,,Walnut,36 x 29 x 18-1/4 in.  (91.4 x 73.7 x 46.4 cm),,,,,,,,,,,,European Sculpture and Decorative Arts,Woodwork-Furniture,,False,True,https://www.metmuseum.org/art/collection/search/192764,https://images.metmuseum.org/CRDImages/es/original/24212.jpg,0,,,
207377,Corner cabinet (encoignure) (one of a pair),Corner cabinet,ca. 1745–49,,,,"Oak veneered with ebony and Coromandel lacquer, cherry wood, and purplewood; gilt-bronze mounts; brocatelle marble top",H. 35-7/8 x W. 33-7/8 x D. 26-1/8 in.  (91.1 x 86.0 x 66.4 cm),,,,,Musical Instruments|Children|Women,Bernard II van Risenburgh,Maker,,1696,1767,,European Sculpture and Decorative Arts,Woodwork-Furniture,ca. 1696–ca. 1767,False,True,https://www.metmuseum.org/art/collection/search/207377,https://images.metmuseum.org/CRDImages/es/original/LC-1983_185_2ab-001.jpg,2,https://www.wikidata.org/wiki/Q116309246,https://www.wikidata.org/wiki/Q9169348,http://vocab.getty.edu/page/ulan/500003055
203428,Cupid at the Altar of Love,Toy,ca. 1765,,,,Soft-paste porcelain,3 1/4 × 1 1/4 in. (8.3 × 3.2 cm),,,,,Cupid,Chelsea Porcelain Manufactory,Factory,British,1744,1784,,European Sculpture and Decorative Arts,Ceramics-Porcelain,"British, 1745–1784, Gold Anchor Period, 1759–69",False,True,https://www.metmuseum.org/art/collection/search/203428,https://images.metmuseum.org/CRDImages/es/original/DP-247-057.jpg,1,,https://www.wikidata.org/wiki/Q2072152,http://vocab.getty.edu/page/ulan/500371694
220890,Insertion,Insertion,16th century,,,,Bobbin lace,L. 14 x W. 2 1/4 inches (35.6 x 5.7 cm),,,,,,,,,,,,European Sculpture and Decorative Arts,Textiles-Laces,,False,True,https://www.metmuseum.org/art/collection/search/220890,https://images.metmuseum.org/CRDImages/es/original/DP17371.jpg,1,,,
884912,Bowl (from set of four),Bowl,18th century,,,,Pewter,1 15/16 × 8 5/8 in. (4.9 × 21.9 cm),,,,,,,,,,,,European Sculpture and Decorative Arts,Metalwork-Pewter,,False,True,https://www.metmuseum.org/art/collection/search/884912,https://images.metmuseum.org/CRDImages/es/original/158558.jpg,0,,,
214591,Fragment,Fragment,18th century,,,,"Needle lace, point d'Argentan","L. 10 x W. 1 1/2 inches
25.4 x 3.8 cm",,,,,,,,,,,,European Sculpture and Decorative Arts,Textiles-Laces,,False,True,https://www.metmuseum.org/art/collection/search/214591,https://images.metmuseum.org/CRDImages/es/original/DP4622.jpg,1,,,
197094,Pendant,Pendant,17th century,,,,"Crystal, silver",Height: 5 1/4 in. (13.3 cm),,,,,Birds|Men,,,,,,,European Sculpture and Decorative Arts,Natural Substances-Rock Crystal,,False,True,https://www.metmuseum.org/art/collection/search/197094,https://images.metmuseum.org/CRDImages/es/original/88284.jpg,0,,,
209266,Triumph of Alexander,Ceiling panel,ca. 1509,,,,"Fresco, transferred to canvas and attached to wood panels",Overall: 30 1/4 × 28 1/2 in. (76.8 × 72.4 cm),,,,,Armor|Men|Women|Elephants,Pinturicchio,Artist,Italian,1454,1513,,European Sculpture and Decorative Arts,Paintings-Decorative,"Italian, Perugia 1454–1513 Siena",False,True,https://www.metmuseum.org/art/collection/search/209266,https://images.metmuseum.org/CRDImages/es/original/LC-14_114_10-001.jpg,1,,https://www.wikidata.org/wiki/Q5591,http://vocab.getty.edu/page/ulan/500023716
225203,Piece,Piece,19th century,,,,Silk,,,,,,,,,,,,,European Sculpture and Decorative Arts,Textiles-Woven,,False,True,https://www.metmuseum.org/art/collection/search/225203,https://images.metmuseum.org/CRDImages/es/original/DP7108.jpg,0,,,
205196,Nicolas Poussin,Statuette,early 19th century,,,,Bronze,Height: 15 1/4 in. (38.7 cm),,,,,Men,Pierre Julien,Artist,French,1731,1804,,European Sculpture and Decorative Arts,Sculpture-Bronze,"French, St-Paulien, near Le Puy-en-Velay 1731–1804 Paris",False,True,https://www.metmuseum.org/art/collection/search/205196,https://images.metmuseum.org/CRDImages/es/original/193072.jpg,0,,https://www.wikidata.org/wiki/Q3385653,http://vocab.getty.edu/page/ulan/500019744
206584,Twelve-light chandelier,Chandelier,first quarter 18th century,,,,Gilt steel (gilding not original) and rock crystal,Overall: 58 × 54 in. (147.3 × 137.2 cm),,,,,,Giovanni Battista Metellino,Maker,Italian,1624,1724,,European Sculpture and Decorative Arts,Metalwork-Steel,"Italian, died 1724",False,True,https://www.metmuseum.org/art/collection/search/206584,https://images.metmuseum.org/CRDImages/es/original/DP171152.jpg,1,https://www.wikidata.org/wiki/Q116310347,,
227696,Cap crown,Cap crown,18th century,,,,"Bobbin lace, point d'Angleterre",H. 7 1/2 x  W. 9 inches (19.1 x 22.9 cm),,,,,Flowers,,,,,,,European Sculpture and Decorative Arts,Textiles-Laces,,False,True,https://www.metmuseum.org/art/collection/search/227696,https://images.metmuseum.org/CRDImages/es/original/DP16027.jpg,0,,,
195724,Strainer spoon (part of a set),Strainer spoon,ca. 1730–35,,,,Gold,Length: 6 in. (15.2 cm),,,,,,Francis Williamson,Maker,,1675,1775,,European Sculpture and Decorative Arts,Metalwork-Gold and Platinum,,False,True,https://www.metmuseum.org/art/collection/search/195724,https://images.metmuseum.org/CRDImages/es/original/DP268875.jpg,3,https://www.wikidata.org/wiki/Q116311332,,
220054,Handkerchief,Handkerchief,19th century,,,,"Bobbin lace, Brussels bobbin lace",17 inches square (43.2 cm),,,,,Flowers,,,,,,,European Sculpture and Decorative Arts,Textiles-Laces,,False,True,https://www.metmuseum.org/art/collection/search/220054,https://images.metmuseum.org/CRDImages/es/original/43596.jpg,0,,,
230423,Fragment,Fragment,early 17th century,,,,"Silk, metal thread",Overall: 8 1/4 x 4 1/4 in. (21 x 10.8 cm),,,,,,,,,,,,European Sculpture and Decorative Arts,Textiles-Embroidered,,False,True,https://www.metmuseum.org/art/collection/search/230423,https://images.metmuseum.org/CRDImages/es/original/DP103654.jpg,1,,,
187958,Cup (part of a service),Cup,1800–1830,,,,Soft-paste porcelain,Height: 2 1/4 in. (5.7 cm),,,,,,J. Spode,Factory,,,,,European Sculpture and Decorative Arts,Ceramics-Porcelain,,False,True,https://www.metmuseum.org/art/collection/search/187958,https://images.metmuseum.org/CRDImages/es/original/DP-40747-001.jpg,0,,,
157077,Stole,Vestment,early 18th century,,,,"Silk, metal",42 in. (106.7 cm),,,,,Flowers,,,,,,,European Sculpture and Decorative Arts,Textiles-Embroidered,,False,True,https://www.metmuseum.org/art/collection/search/157077,https://images.metmuseum.org/CRDImages/es/original/11.633_11.634_CP4.jpg,1,,,
198784,Double-spouted pitcher with arms of the Antinori family,Pitcher,ca. 1505–15,,,,Maiolica (tin-glazed earthenware),Overall (confirmed): 12 7/8 × 9 × 9 in. (32.7 × 22.9 × 22.9 cm),,,,,Coat of Arms,,,,,,,European Sculpture and Decorative Arts,Ceramics-Pottery,,False,True,https://www.metmuseum.org/art/collection/search/198784,https://images.metmuseum.org/CRDImages/es/original/DP320556.jpg,2,,,
206298,Circular dish with cover (part of a dining service),Dish with cover,ca. 1805,,,,Silver gilt,5 1/2 × 7 1/4 in. (14 × 18.4 cm),,,,,Coat of Arms,Martin-Guillaume Biennais,Maker,French,1764,1843,,European Sculpture and Decorative Arts,Metalwork-Silver,"French, 1764–1843, active ca. 1796–1819",False,True,https://www.metmuseum.org/art/collection/search/206298,https://images.metmuseum.org/CRDImages/es/original/204375.jpg,0,,https://www.wikidata.org/wiki/Q1694164,http://vocab.getty.edu/page/ulan/500061154
206447,Beaker (part of a set),Beaker,1728–30,,,,"Rock crystal, gold",Height: 2 7/8 in. (7.3 cm),,,,,,,,,,,,European Sculpture and Decorative Arts,Metalwork-Gold and Platinum,,False,True,https://www.metmuseum.org/art/collection/search/206447,https://images.metmuseum.org/CRDImages/es/original/ES7215.jpg,1,,,
224279,Piece,Piece,19th century,,,,Silk and metal thread,L. 19 1/2 x W. 13 1/2 inches (49.5 x 34.3 cm),,,,,Flowers|Leaves,,,,,,,European Sculpture and Decorative Arts,Textiles-Woven,,False,True,https://www.metmuseum.org/art/collection/search/224279,https://images.metmuseum.org/CRDImages/es/original/114468.jpg,0,,,
849462,Modern copy of a panel for a decorative frieze with portrait of Carracci (from an original set of six),Panel,ca. 1771,,,,"Carved, painted, and gilded oak","Outside: H. 29-7/8 x W. 57-3/4 in.  (75.9 x 146.7 cm);
Inside: H. 25-1/8 x L. 52-3/8 in. (63.8 x 133 cm)",,,,,Garlands|Men|Profiles,,,,,,,European Sculpture and Decorative Arts,Woodwork,,False,True,https://www.metmuseum.org/art/collection/search/849462,https://images.metmuseum.org/CRDImages/es/original/5103.jpg,0,https://www.wikidata.org/wiki/Q116242592,,
196249,Tile,Tile,ca. 1600,,,,Tin-glazed earthenware,Overall: 5 1/4 × 5 1/4 × 5/8 in. (13.3 × 13.3 × 1.6 cm),,,,,Flowers,,,,,,,European Sculpture and Decorative Arts,Ceramics-Pottery,,False,True,https://www.metmuseum.org/art/collection/search/196249,https://images.metmuseum.org/CRDImages/es/original/69539.jpg,0,,,
188635,Saucer,Saucer,ca. 1785–1800,,,,Hard-paste porcelain,Diameter: 5 5/16 in. (13.5 cm),,,,,,Nyon,Factory,,,,,European Sculpture and Decorative Arts,Ceramics-Porcelain,,False,True,https://www.metmuseum.org/art/collection/search/188635,https://images.metmuseum.org/CRDImages/es/original/58452.jpg,0,,,
199070,The Blasphemy of Niobe from Scenes from the Story of Diana,Tapestry,1547–1559,,,,"Wool, silk (16-18 warps per inch, 7-8 per cm.)",H. 183 x W. 115 inches (464.8 x 292.1 cm),,,,,Mythology|Men|Women|Diana|Bulls,Jean Cousin the Elder,Designer,French,1485,1565,,European Sculpture and Decorative Arts,Textiles-Tapestries,"French, Souci (?) ca. 1490–ca. 1560 Paris (?)",False,True,https://www.metmuseum.org/art/collection/search/199070,https://images.metmuseum.org/CRDImages/es/original/DP365242.jpg,3,,https://www.wikidata.org/wiki/Q2610648,http://vocab.getty.edu/page/ulan/500115218
223469,Piece,Piece,16th–17th century,,,,Silk and metal thread,L. 7 1/2 x W. 3 1/4 inches (19.1 x 8.3 cm),,,,,,,,,,,,European Sculpture and Decorative Arts,Textiles-Velvets,,False,True,https://www.metmuseum.org/art/collection/search/223469,https://images.metmuseum.org/CRDImages/es/original/DP7933.jpg,0,,,
198180,Medallion,Medallion,19th century,,,,"Wax; glass, painted",Diameter (framed): 4 1/4 in. (10.8 cm),,,,,Profiles|Women,,,,,,,European Sculpture and Decorative Arts,Glass-Painted,,False,True,https://www.metmuseum.org/art/collection/search/198180,https://images.metmuseum.org/CRDImages/es/original/DP-23964-081.jpg,0,,,
230525,Fragment,Fragment,late 16th century,,,,Silk,Overall: 15 1/2 x 8 1/2 in. (39.4 x 21.6 cm),,,,,Flowers|Leaves,,,,,,,European Sculpture and Decorative Arts,Textiles-Velvets,,False,True,https://www.metmuseum.org/art/collection/search/230525,https://images.metmuseum.org/CRDImages/es/original/DP103776.jpg,1,,,
215441,Fragment,Fragment,16th century,,,,Cutwork,"L. 6 x W. 3 3/4 inches
15.2 x 9.5 cm",,,,,,,,,,,,European Sculpture and Decorative Arts,Textiles-Laces,,False,True,https://www.metmuseum.org/art/collection/search/215441,https://images.metmuseum.org/CRDImages/es/original/58649.jpg,0,,,
770965,Candlestick  (one of a pair),Vase,1872,,,,Bone china with enamel decoration and gilding,confirmed: 8 3/16 × 5 × 5 1/8 in. (20.8 × 12.7 × 13 cm),,,,,,Minton(s),Maker,British,1793,2001,,European Sculpture and Decorative Arts,Ceramics-Porcelain,"British, Stoke-on-Trent, 1793–present",False,True,https://www.metmuseum.org/art/collection/search/770965,https://images.metmuseum.org/CRDImages/es/original/DP-16489-051.jpg,3,,https://www.wikidata.org/wiki/Q6869688,http://vocab.getty.edu/page/ulan/500276237
196735,Box,Box,17th century,,,,"Leather, gilt, and suede",4 1/4 × 3 5/16 in. (10.8 × 8.4 cm),,,,,,,,,,,,European Sculpture and Decorative Arts,Natural Substances-Leatherwork,,False,True,https://www.metmuseum.org/art/collection/search/196735,https://images.metmuseum.org/CRDImages/es/original/81463.jpg,0,,,
199449,Horse,Figure,ca. 1750,,,,Lead-glazed earthenware,Height: 6 in. (15.2 cm),,,,,Horses,,,,,,,European Sculpture and Decorative Arts,Ceramics-Pottery,,False,True,https://www.metmuseum.org/art/collection/search/199449,https://images.metmuseum.org/CRDImages/es/original/DP-15624-125.jpg,0,,,
197158,Brooch (part of a set),Brooch,ca. 1830,,,,"Gold, amethysts",2 x 2 5/8 in. (5.1 x 6.7 cm),,,,,,,,,,,,European Sculpture and Decorative Arts,Metalwork-Gold and Platinum,,False,True,https://www.metmuseum.org/art/collection/search/197158,https://images.metmuseum.org/CRDImages/es/original/DP-14793-009.jpg,1,https://www.wikidata.org/wiki/Q116398850,,
205785,Oblong table,Table,ca. 1765,,,,Tulipwood and satiné wood with oak and walnut substrate; brass mounts; leather,28 1/2 × 15 3/4 in. (72.4 × 40 cm),,,,,,"Roger Vandercruse, called Lacroix",Maker,French,1727,1799,,European Sculpture and Decorative Arts,Woodwork-Furniture,"French, 1727–1799",False,True,https://www.metmuseum.org/art/collection/search/205785,https://images.metmuseum.org/CRDImages/es/original/204260.jpg,0,,https://www.wikidata.org/wiki/Q3439532,http://vocab.getty.edu/page/ulan/500007075
213308,Fragment,Fragment,19th century,,,,Bobbin lace,"L. 2 1/4 x W. 1 1/2 inches
5.7 x 3.8 cm",,,,,,,,,,,,European Sculpture and Decorative Arts,Textiles-Laces,,False,True,https://www.metmuseum.org/art/collection/search/213308,https://images.metmuseum.org/CRDImages/es/original/DP16674.jpg,2,,,
227236,Piece,Piece,early 16th century,,,,Silk,L. 28 x W. 22 1/2 inches (71.1 x 57.2 cm),,,,,Birds|Flowers,,,,,,,European Sculpture and Decorative Arts,Textiles-Velvets,,False,True,https://www.metmuseum.org/art/collection/search/227236,https://images.metmuseum.org/CRDImages/es/original/137399.jpg,0,,,
201750,Potpourri vase with cover (one of a pair),Potpourri vase,ca. 1772–74,,,,Tin-glazed earthenware,"Height (.46): 17 3/16 in. (43.7 cm);
Height (.47): 17 3/8 in. (44.1 cm)",,,,,Couples|Men|Women,Abraham Leihamer,Artist,,1745,1774,,European Sculpture and Decorative Arts,Ceramics-Pottery,1745–1774,False,True,https://www.metmuseum.org/art/collection/search/201750,https://images.metmuseum.org/CRDImages/es/original/SF54_147_46ab.jpg,2,,,
204916,Three salvers,Salvers,1719–20,,,,Silver,"Width (.106): 9 1/4 in. (23.5 cm);
Width (.107): 10 1/4 in. (26 cm);
Width (.108): 12 1/4 in. (31.1 cm)",,,,,,Thomas Folkingham,Maker,,1703,1729,,European Sculpture and Decorative Arts,Metalwork-Silver,active 1703–29,False,True,https://www.metmuseum.org/art/collection/search/204916,https://images.metmuseum.org/CRDImages/es/original/193516.jpg,1,,,http://vocab.getty.edu/page/ulan/500333692
211472,Proof crown of George IV,Proof crown coin,1821,,,,Silver,Diameter: 38 mm,,,,,Swords|Kings|Profiles|Horses,Benedetto Pistrucci,Artist,Italian,1783,1855,,European Sculpture and Decorative Arts,Coins,"Italian, 1783–1855, active England",False,True,https://www.metmuseum.org/art/collection/search/211472,https://images.metmuseum.org/CRDImages/es/original/SF2002_399_4_img1.jpg,1,,https://www.wikidata.org/wiki/Q327504,http://vocab.getty.edu/page/ulan/500064192
192333,Virgin and Child Enthroned with Saints Anthony Abbot and Jerome,Plaquette,ca. 1490,,,,Partially gilt silver,4 1/2 × 2 1/2 in. (11.4 × 6.4 cm),,,,,Madonna and Child|Saint Jerome,Moderno (Galeazzo Mondella),Artist,Italian,1467,1528,,European Sculpture and Decorative Arts,Medals and Plaquettes,"Italian, Verona 1467–1528 Verona",False,True,https://www.metmuseum.org/art/collection/search/192333,https://images.metmuseum.org/CRDImages/es/original/17373.jpg,0,,https://www.wikidata.org/wiki/Q430155,http://vocab.getty.edu/page/ulan/500164563
213147,Piece,Piece,ca. 1725 (?),,,,Silk,Overall: 15 x 8 in. (38.1 x 20.3 cm),,,,,Flowers|Leaves,,,,,,,European Sculpture and Decorative Arts,Textiles-Woven,,False,True,https://www.metmuseum.org/art/collection/search/213147,https://images.metmuseum.org/CRDImages/es/original/74277.jpg,0,,,
212585,The Throne of Grace,Panel,mid-15th century,,,,Or nué embroidery of silk and metal thread,"confirmed: 10 × 6 1/2 in. (25.4 × 16.5 cm)
Mount (As mounted, confirmed): 15 1/8 × 11 5/8 in. (38.4 × 29.5 cm)",,,,,Christ|Crucifixion,,,,,,,European Sculpture and Decorative Arts,Textiles-Embroidered,,False,True,https://www.metmuseum.org/art/collection/search/212585,https://images.metmuseum.org/CRDImages/es/original/SF88_3_9.jpg,0,https://www.wikidata.org/wiki/Q116242044,,
223083,Border (one of three),Border,18th century,,,,"Bobbin lace, point d'Angleterre",L. 49 x W. 3 1/2 inches (124.5 x 8.9 cm),,,,,Flowers,,,,,,,European Sculpture and Decorative Arts,Textiles-Laces,,False,True,https://www.metmuseum.org/art/collection/search/223083,https://images.metmuseum.org/CRDImages/es/original/GT21c.jpg,1,,,
189619,Trophy (part of a set),Trophy,18th century,,,,"Wood, gilt",Overall: 36 × 8 in. (91.4 × 20.3 cm),,,,,Garlands|Flowers|Trophies,,,,,,,European Sculpture and Decorative Arts,Woodwork,,False,True,https://www.metmuseum.org/art/collection/search/189619,https://images.metmuseum.org/CRDImages/es/original/4425.jpg,0,,,
194264,Plate,Plate,ca. 1720–30,,,,Faience (tin-glazed earthenware),Diameter: 9 1/2 in. (24.1 cm),,,,,Flowers,,,,,,,European Sculpture and Decorative Arts,Ceramics-Pottery,,False,True,https://www.metmuseum.org/art/collection/search/194264,https://images.metmuseum.org/CRDImages/es/original/ES4248.jpg,0,,,
224128,Border,Border,19th century,,,,Silk,L. 13 1/2 x W. 6 inches (34.3 x 15.2 cm),,,,,Fruit,,,,,,,European Sculpture and Decorative Arts,Textiles-Velvets,,False,True,https://www.metmuseum.org/art/collection/search/224128,https://images.metmuseum.org/CRDImages/es/original/117026.jpg,0,,,
204981,Tumbler cup,Tumbler cup,1708–9,,,,"Silver, gilded interior","Overall (confirmed): 3 15/16 x 4 5/8 in., 13 oz. 8 dwt.  (10 x 11.7 cm, 0.4165kg)",,,,,Coat of Arms,Joseph Ward,Maker,,1689,1734,,European Sculpture and Decorative Arts,Metalwork-Silver,active 1689–1734,False,True,https://www.metmuseum.org/art/collection/search/204981,https://images.metmuseum.org/CRDImages/es/original/DP268738.jpg,1,,,
228080,Embroidered darning sampler,Sampler,1823,,,,Silk on cotton,17 3/8 × 19 1/8 in. (44.1 × 48.6 cm),,,,,,,,,,,,European Sculpture and Decorative Arts,Textiles-Embroidered,,False,True,https://www.metmuseum.org/art/collection/search/228080,https://images.metmuseum.org/CRDImages/es/original/165296.jpg,0,,,
198299,Entombment,Plaquette,17th century,,,,"Bronze, dark brown patina.",6 1/2 x 5 5/8 in.  (16.5 x 14.3 cm.),,,,,Putti|Entombment,Monogrammist CB,Artist,,1550,1700,,European Sculpture and Decorative Arts,Medals and Plaquettes,,False,True,https://www.metmuseum.org/art/collection/search/198299,https://images.metmuseum.org/CRDImages/es/original/116671.jpg,0,,,
199189,Cup and saucer,Cup and saucer,ca. 1730,,,,Hard-paste porcelain,"Cup (.105): 2 × 3 in. (5.1 × 7.6 cm);
Saucer (.106): 1 1/8 × 5 1/2 in. (2.9 × 14 cm)",,,,,Birds|Flowers,Meissen Manufactory,Manufactory,German,1710,9999,,European Sculpture and Decorative Arts,Ceramics-Porcelain,"German, 1710–present",False,True,https://www.metmuseum.org/art/collection/search/199189,https://images.metmuseum.org/CRDImages/es/original/DP301600.jpg,0,,https://www.wikidata.org/wiki/Q822407,http://vocab.getty.edu/page/ulan/500054662
200221,Pair of candlesticks,Candlesticks,1700–1701,,,,Silver,Height (each): 8 3/8 in. (21.3 cm),,,,,,Charles Petit,Maker,,1629,1725,,European Sculpture and Decorative Arts,Metalwork-Silver,"master 1659, registered new mark 1680, recorded 1695",False,True,https://www.metmuseum.org/art/collection/search/200221,https://images.metmuseum.org/CRDImages/es/original/146407.jpg,6,https://www.wikidata.org/wiki/Q116309472,,
202683,Ice cream cooler,Ice cream cooler,1804–13,,,,Hard-paste porcelain,Height: 9 3/16 in. (23.3 cm),,,,,,Sèvres Manufactory,Manufactory,French,1740,9999,,European Sculpture and Decorative Arts,Ceramics-Porcelain,"French, 1740–present",False,True,https://www.metmuseum.org/art/collection/search/202683,https://images.metmuseum.org/CRDImages/es/original/DP109828.jpg,0,,https://www.wikidata.org/wiki/Q653307,http://vocab.getty.edu/page/ulan/500054661
204060,Teapot with ruins,Teapot,ca. 1765–70,,,,Soft-paste porcelain with enamel decoration,confirmed: 5 1/4 × 7 5/8 × 4 7/16 in. (13.3 × 19.4 × 11.3 cm),,,,,Houses|Trees,Worcester factory,Factory,British,1751,2008,,European Sculpture and Decorative Arts,Ceramics-Porcelain,"British, 1751–2008",False,True,https://www.metmuseum.org/art/collection/search/204060,https://images.metmuseum.org/CRDImages/es/original/DP-12792-010.jpg,1,https://www.wikidata.org/wiki/Q116307556,https://www.wikidata.org/wiki/Q668894,http://vocab.getty.edu/page/ulan/500332804
222873,Piece,Piece,17th century,,,,Silk and metal thread,L. 19 1/2 x W. 12 1/2 inches (49.5 x 31.8 cm),,,,,,,,,,,,European Sculpture and Decorative Arts,Textiles-Velvets,,False,True,https://www.metmuseum.org/art/collection/search/222873,https://images.metmuseum.org/CRDImages/es/original/93797.jpg,0,,,
225649,Ribbon,Ribbon,19th century,,,,,,,,,,,,,,,,,European Sculpture and Decorative Arts,Textiles-Trimmings,,False,True,https://www.metmuseum.org/art/collection/search/225649,https://images.metmuseum.org/CRDImages/es/original/DP7265.jpg,0,,,
209154,Trencher with quotation from The Governance of Virtue (1566) (one of a set),Trencher,early 17th century,,,,"Sycamore wood, painted and gilt",4 9/16 × 5 11/16 in. (11.6 × 14.4 cm),,,,,Strawberries|Flowers,,,,,,,European Sculpture and Decorative Arts,Natural Substances,,False,True,https://www.metmuseum.org/art/collection/search/209154,https://images.metmuseum.org/CRDImages/es/original/DP-13853-065.jpg,2,https://www.wikidata.org/wiki/Q116240640,,
204985,Flagon (one of a pair),Flagon,1646–47,,,,Gilded silver,"Overall (confirmed): 14 × 9 1/4 × 7 1/4 in., 58 oz. 5 dwt. (35.6 × 23.5 × 18.4 cm, 1.8 kg)",,,,,Faces|Boys,Richard Blackwell II,Maker,British,1646,1670,,European Sculpture and Decorative Arts,Metalwork-Silver,"British, active ca. 1646–1670",False,True,https://www.metmuseum.org/art/collection/search/204985,https://images.metmuseum.org/CRDImages/es/original/DP268415.jpg,6,https://www.wikidata.org/wiki/Q116307480,,
188412,"Louis Boulanger (1806–1867), French historical painter",Medallion,1828,,,,"Bronze, cast - single",Diameter: 5 in. (12.7 cm),,,,,Men|Profiles,Pierre Jean David d'Angers,Artist,French,1788,1856,,European Sculpture and Decorative Arts,Medals and Plaquettes,"French, Angers 1788–1856 Paris",False,True,https://www.metmuseum.org/art/collection/search/188412,https://images.metmuseum.org/CRDImages/es/original/31532.jpg,0,,https://www.wikidata.org/wiki/Q364498,http://vocab.getty.edu/page/ulan/500115506
186407,Flask,Flask,17th century,,,,Glass,Oerall: 3 1/8 × 3 3/4 in. (7.9 × 9.5 cm),,,,,,,,,,,,European Sculpture and Decorative Arts,Glass,,False,True,https://www.metmuseum.org/art/collection/search/186407,https://images.metmuseum.org/CRDImages/es/original/LC-83_7_137-001.jpg,1,,,
226148,Fragment,Fragment,17th century (?),,,,Bobbin lace,L. 9 x W. 5 inches (22.9 x 12.7 cm),,,,,,,,,,,,European Sculpture and Decorative Arts,Textiles-Laces,,False,True,https://www.metmuseum.org/art/collection/search/226148,https://images.metmuseum.org/CRDImages/es/original/DP16081.jpg,0,,,
826330,Three-leaf screen with gouache drawings,Screen,early 19th century,,,,"Mahogany, gilt bronze, gouache",Each panel: 49 1/2 × 19 in. (125.7 × 48.3 cm),,,,,,Johannes Klinkerfuss,Maker,German,1770,1831,,European Sculpture and Decorative Arts,Woodwork-Furniture,"German, 1770–1831",False,True,https://www.metmuseum.org/art/collection/search/826330,https://images.metmuseum.org/CRDImages/es/original/DP-20703-017.jpg,1,,,http://vocab.getty.edu/page/ulan/500096963
185918,Teabowl and saucer,Teabowl and saucer,ca. 1740,,,,Hard-paste porcelain,"Overall (teabowl .690): 1 1/2 × 2 7/8 in. (3.8 × 7.3 cm);
Diameter (saucer .691): 4 5/8 in. (11.7 cm)",,,,,Men|Portraits,,,,,,,European Sculpture and Decorative Arts,Ceramics-Porcelain-Export,,False,True,https://www.metmuseum.org/art/collection/search/185918,https://images.metmuseum.org/CRDImages/es/original/28614.jpg,1,,,
197759,"Galeazzo Marescotti, Noble of Bologna, (1407–1503)",Medal,1478–82,,,,"Bronze, coated with antimony",Diameter: 102 mm,,,,,Men|Profiles,Savelli Sperandio,Artist,Italian,1425,1504,,European Sculpture and Decorative Arts,Medals and Plaquettes,"Italian, Mantua 1425?–?1504 Venice",False,True,https://www.metmuseum.org/art/collection/search/197759,https://images.metmuseum.org/CRDImages/es/original/SF36_110_6_img1.jpg,1,,https://www.wikidata.org/wiki/Q19569809,http://vocab.getty.edu/page/ulan/500009228
228985,Orpheus Charming the Animals,Embroidered picture,second quarter 17th century,,,,"Canvas worked with silk thread; tent, stem, split, knot, long-and-short, and couching stitches",Overall: 22 1/2 x 44 7/8 in. (57.2 x 114 cm),,,,,Orpheus|Swans|Deer|Elephants|Lions,,,,,,,European Sculpture and Decorative Arts,Textiles-Embroidered,,False,True,https://www.metmuseum.org/art/collection/search/228985,https://images.metmuseum.org/CRDImages/es/original/DP158587.jpg,4,,,
231081,Two tigers,Figures,late 17th century,,,,Porcelain,"Height (.6): 9 5/8 in. (24.4 cm);
Height (.7): 9 3/4 in. (24.8 cm)",,,,,Tigers,,,,,,,European Sculpture and Decorative Arts,Ceramics-Porcelain-Export,,False,True,https://www.metmuseum.org/art/collection/search/231081,"https://images.metmuseum.org/CRDImages/es/original/SF2004_361_6, 7.jpg",4,,,
228558,Sampler,Sampler,19th century,,,,Silk on canvas,"H. 30 x W. 13 inches
76.2 x 33 cm",,,,,Houses|Flowers|Wreaths,,,,,,,European Sculpture and Decorative Arts,Textiles-Embroidered,,False,True,https://www.metmuseum.org/art/collection/search/228558,https://images.metmuseum.org/CRDImages/es/original/164686.jpg,0,,,
187569,St. John the Baptist,Bust,"original model 1880, cast 1883",,,,Bronze,"Overall (wt. confirmed): 21 3/8 × 15 3/4 × 11 in., 42.5 lb. (54.3 × 40 × 27.9 cm, 19.3 kg)",,,,,Men|Saint John the Baptist,Auguste Rodin,Artist,French,1840,1917,,European Sculpture and Decorative Arts,Sculpture-Bronze,"French, Paris 1840–1917 Meudon",False,True,https://www.metmuseum.org/art/collection/search/187569,https://images.metmuseum.org/CRDImages/es/original/DP-13617-086.jpg,3,https://www.wikidata.org/wiki/Q97418883,https://www.wikidata.org/wiki/Q30755,http://vocab.getty.edu/page/ulan/500016619
203269,Teapot (théière calabre) (part of a service),Teapot,1767,,,,"Soft-paste porcelain 
decorated in polychrome enamels, gold",Overall (confirmed): 4 1/8 × 5 5/16 × 3 1/8 in. (10.5 × 13.5 × 7.9 cm),,,,,Birds|Trees,Sèvres Manufactory,Manufactory,French,1740,9999,,European Sculpture and Decorative Arts,Ceramics-Porcelain,"French, 1740–present",False,True,https://www.metmuseum.org/art/collection/search/203269,https://images.metmuseum.org/CRDImages/es/original/219559.jpg,2,,https://www.wikidata.org/wiki/Q653307,http://vocab.getty.edu/page/ulan/500054661
221723,Portion of a dress border,Border fragment,18th century,,,,Silk on linen,L. 32 1/2 x W. 16 inches (82.6 x 40.6 cm),,,,,Birds|Flowers,,,,,,,European Sculpture and Decorative Arts,Textiles-Embroidered,,False,True,https://www.metmuseum.org/art/collection/search/221723,https://images.metmuseum.org/CRDImages/es/original/63111.jpg,0,,,
198774,Pair of candelabra,Candelabra,16th century,,,,Iron,Height (each): 59 in. (149.9 cm),,,,,,,,,,,,European Sculpture and Decorative Arts,Metalwork-Iron,,False,True,https://www.metmuseum.org/art/collection/search/198774,https://images.metmuseum.org/CRDImages/es/original/124857.jpg,0,,,
207012,Samson and the Lion,Statuette group,17th century,,,,"Bronze, with red-brown natural patina, remains of dark brown lacquer",Overall (confirmed): 7 7/16 x 7 15/16 x 6 3/8 in. (18.9 x 20.2 x 16.2 cm),,,,,Lions|Samson,,,,,,,European Sculpture and Decorative Arts,Sculpture-Bronze,,False,True,https://www.metmuseum.org/art/collection/search/207012,https://images.metmuseum.org/CRDImages/es/original/DP-15401-083.jpg,2,https://www.wikidata.org/wiki/Q116400573,,
225443,Ribbon,Ribbon,19th century,,,,,,,,,,,,,,,,,European Sculpture and Decorative Arts,Textiles-Trimmings,,False,True,https://www.metmuseum.org/art/collection/search/225443,https://images.metmuseum.org/CRDImages/es/original/DP16950.jpg,2,,,
825961,Ormolu-mounted urn on square base,Urn,ca. 1790,,,,"Derbyshire spar ""Blue John"", gilt bronze; Sienna marble",confirmed: 23 1/4 × 7 in. (59.1 × 17.8 cm),,,,,,,,,,,,European Sculpture and Decorative Arts,Natural Substances,,False,True,https://www.metmuseum.org/art/collection/search/825961,https://images.metmuseum.org/CRDImages/es/original/DP-19429-028.jpg,2,,,
192845,Vase,Vase,ca. 1760,,,,Soft-paste porcelain,Height: 13 1/2 in. (34.3 cm),,,,,Birds|Children|Flowers,Chelsea Porcelain Manufactory,Factory,British,1744,1784,,European Sculpture and Decorative Arts,Ceramics-Porcelain,"British, 1745–1784, Gold Anchor Period, 1759–69",False,True,https://www.metmuseum.org/art/collection/search/192845,https://images.metmuseum.org/CRDImages/es/original/DP-12374-008.jpg,0,,https://www.wikidata.org/wiki/Q2072152,http://vocab.getty.edu/page/ulan/500371694
187158,Gate,Gate,mid-18th century,,,,Wrought iron,72 x 94 1/2 in. (182.9 x 240cm); supports: 61 3/4 in. (156.8 cm),,,,,,,,,,,,European Sculpture and Decorative Arts,Metalwork-Iron,,False,True,https://www.metmuseum.org/art/collection/search/187158,https://images.metmuseum.org/CRDImages/es/original/ES79.jpg,0,https://www.wikidata.org/wiki/Q116311577,,
192165,Basket,Basket,1798–99,,,,Silver,8 × 7 1/8 in. (20.3 × 18.1 cm),,,,,Flowers,Randall Cashell,Maker,,1750,1850,,European Sculpture and Decorative Arts,Metalwork-Silver,,False,True,https://www.metmuseum.org/art/collection/search/192165,https://images.metmuseum.org/CRDImages/es/original/15337.jpg,0,,,
201829,Dish with cover (écuelle),Dish with cover,18th century,,,,Pewter,3 7/8 × 11 7/16 in. (9.8 × 29.1 cm),,,,,,,,,,,,European Sculpture and Decorative Arts,Metalwork-Pewter,,False,True,https://www.metmuseum.org/art/collection/search/201829,https://images.metmuseum.org/CRDImages/es/original/158559.jpg,0,,,
195335,Cabinet,Cabinet,early 17th century,,,,"Pine carcass, gilded metal",H. 25-1/2 x W. 36-3/4 x D. 15-1/8 in.  (64.8 x 93.3 x 38.4 cm),,,,,,,,,,,,European Sculpture and Decorative Arts,Woodwork-Furniture,,False,True,https://www.metmuseum.org/art/collection/search/195335,https://images.metmuseum.org/CRDImages/es/original/ES5109.jpg,7,,,
203953,Renaissance-style table bell,Table bell,19th century,,,,"Bronze, parcel gilt",Height: 7 3/4 in. (19.7 cm),,,,,Human Figures|Musical Instruments,,,,,,,European Sculpture and Decorative Arts,Sculpture-Bronze,,False,True,https://www.metmuseum.org/art/collection/search/203953,https://images.metmuseum.org/CRDImages/es/original/201514.jpg,0,,,
189935,Vase handle,Vase handle,18th century,,,,Gilt bronze,Height: 11 in. (27.9 cm),,,,,,,,,,,,European Sculpture and Decorative Arts,Metalwork-Gilt Bronze,,False,True,https://www.metmuseum.org/art/collection/search/189935,https://images.metmuseum.org/CRDImages/es/original/4402.jpg,0,,,
198846,Teapot with cover (part of a set),Teapot with cover,1808,,,,"Silver gilt, wood",Overall: 6 × 11 1/4 in. (15.2 × 28.6 cm),,,,,,,,,,,,European Sculpture and Decorative Arts,Metalwork-Silver,,False,True,https://www.metmuseum.org/art/collection/search/198846,https://images.metmuseum.org/CRDImages/es/original/125785.jpg,0,,,
217912,Piece,Piece,17th century,,,,Silk and metal thread,L. 9 x W. 4 3/4  (22.9 x 12.1 cm),,,,,Leaves,,,,,,,European Sculpture and Decorative Arts,Textiles-Velvets,,False,True,https://www.metmuseum.org/art/collection/search/217912,https://images.metmuseum.org/CRDImages/es/original/DP7807.jpg,0,,,
193674,Reliquary,Reliquary,16th century,,,,"Gold, rock crystal, enamel",Overall: 2 1/16 × 1 in. (5.2 × 2.5 cm),,,,,Jesus|Reliquaries|Crucifixion,,,,,,,European Sculpture and Decorative Arts,Jewelry,,False,True,https://www.metmuseum.org/art/collection/search/193674,https://images.metmuseum.org/CRDImages/es/original/DP-35884-001.jpg,1,https://www.wikidata.org/wiki/Q116311471,,
230466,Fragment,Fragment,16th century,,,,Silk,Overall: 4 1/8 x 6 in. (10.5 x 15.2 cm),,,,,,,,,,,,European Sculpture and Decorative Arts,Textiles-Velvets,,False,True,https://www.metmuseum.org/art/collection/search/230466,https://images.metmuseum.org/CRDImages/es/original/DP103707.jpg,0,,,
210780,The Crucifixion (one of seven),Plaque,mid-16th century,,,,"Painted enamel on copper, partly gilt",2 3/4 x 2 1/4 in. (7 x 5.7 cm),,,,,Christ|Virgin Mary|Cross|Crucifixion,Jean II Pénicaud,Enameler,French,1524,1554,,European Sculpture and Decorative Arts,Enamels,"French, working ca. 1531/32–1549",False,True,https://www.metmuseum.org/art/collection/search/210780,https://images.metmuseum.org/CRDImages/es/original/ES1204.jpg,0,https://www.wikidata.org/wiki/Q116306899,https://www.wikidata.org/wiki/Q18508363,http://vocab.getty.edu/page/ulan/500003312
855771,"Birth of Friedrich Ludwig, Prince of Orange, hereditary regent of Prussia",Medal,1707–08,,,,Silver,Diameter (Confirmed): 1 3/4 in. × 1/8 in. (44.3 × 3.3 mm),,,,,,Unknown,Artist,,,,,European Sculpture and Decorative Arts,Medals and Plaquettes,,False,True,https://www.metmuseum.org/art/collection/search/855771,https://images.metmuseum.org/CRDImages/es/original/DP-34230-051.jpg,1,,https://www.wikidata.org/wiki/Q24238356,http://vocab.getty.edu/page/ulan/500125274
205056,Bowl,Bowl,1656–57,,,,Silver gilt,Diameter: 8 1/2 in. (21.6 cm),,,,,Coat of Arms,,,,,,,European Sculpture and Decorative Arts,Metalwork-Silver,,False,True,https://www.metmuseum.org/art/collection/search/205056,https://images.metmuseum.org/CRDImages/es/original/193818.jpg,1,,,
221992,Floral print,Floral print,1770–75,,,,Linen,"L. 31 x W. 17 inches
78.7 x 43.2 cm",,,,,Flowers,Oberkampf Manufactory,Manufactory,French,1760,1843,,European Sculpture and Decorative Arts,Textiles-Printed,"French, active 1760–1843",False,True,https://www.metmuseum.org/art/collection/search/221992,https://images.metmuseum.org/CRDImages/es/original/DP16332.jpg,1,,,http://vocab.getty.edu/page/ulan/500336160
218853,Barbe,Barbe,early 18th century,,,,"Bobbin lace, point d'Angleterre",L. 42 1/2 x W. 3 1/2 inches (108.0 x 8.9 cm),,,,,,,,,,,,European Sculpture and Decorative Arts,Textiles-Laces,,False,True,https://www.metmuseum.org/art/collection/search/218853,https://images.metmuseum.org/CRDImages/es/original/DP16187.jpg,1,,,
698326,Decorative paneling from the Palace of Westminster,Panel,ca. 1845–59,,,,Oak,Overall (confirmed): 28 × 12 × 1 in. (71.1 × 30.5 × 2.5 cm),,,,,,Augustus Welby Northmore Pugin,Designer,British,1812,1852,,European Sculpture and Decorative Arts,Woodwork-Architectural,"British, London 1812–1852 Ramsgate",False,True,https://www.metmuseum.org/art/collection/search/698326,https://images.metmuseum.org/CRDImages/es/original/DP-14385-099.jpg,1,,https://www.wikidata.org/wiki/Q313288,http://vocab.getty.edu/page/ulan/500008414
219853,Strip,Strip,19th century,,,,Wool,L. 9 x W. 2 1/2 inches (22.9 x 6.4 cm),,,,,,,,,,,,European Sculpture and Decorative Arts,Textiles-Embroidered,,False,True,https://www.metmuseum.org/art/collection/search/219853,https://images.metmuseum.org/CRDImages/es/original/34358.jpg,0,,,
213602,Tassel,Tassel,18th–19th century,,,,Silk,"L. 3 1/2 inches
8.9 cm",,,,,,,,,,,,European Sculpture and Decorative Arts,Textiles-Trimmings,,False,True,https://www.metmuseum.org/art/collection/search/213602,https://images.metmuseum.org/CRDImages/es/original/DP6517_08.103.106.jpg,0,,,
197434,Beaker,Beaker,1689,,,,Gilded silver,Overall: 3 5/8 × 3 in. (9.2 × 7.6 cm),,,,,,Paul Solanier,Maker,German,1635,1724,,European Sculpture and Decorative Arts,Metalwork-Silver,"German, 1635–1724",False,True,https://www.metmuseum.org/art/collection/search/197434,https://images.metmuseum.org/CRDImages/es/original/DP343115.jpg,1,,,
202377,Panel,Panel,1777,,,,Verre églomisé,sight: 18 × 12 5/8 in. (45.7 × 32.1 cm),,,,,Men|Camels,Georg Henner,Artist,,1727,1827,,European Sculpture and Decorative Arts,Glass-Painted,active 1777–1788,False,True,https://www.metmuseum.org/art/collection/search/202377,https://images.metmuseum.org/CRDImages/es/original/170546.jpg,0,,,
222496,Tassels (3),Tassels,17th century,,,,Linen,(a) L. 3 x W. 2 inches (7.6 x 5.1 cm); (b) L. 2 1/2 x W. 2 inches (6.4 x 5.1 cm); (c) L. 2 1/2 x W. 2 1/2 inches (6.4 x 6.4 cm),,,,,,,,,,,,European Sculpture and Decorative Arts,Textiles-Trimmings,,False,True,https://www.metmuseum.org/art/collection/search/222496,https://images.metmuseum.org/CRDImages/es/original/DP6588.jpg,2,,,
220659,Ribbon,Ribbon,early 19th century,,,,Silk,22 x 4 1/2 inches (55.9 x 11.4 cm),,,,,,,,,,,,European Sculpture and Decorative Arts,Textiles-Trimmings,,False,True,https://www.metmuseum.org/art/collection/search/220659,https://images.metmuseum.org/CRDImages/es/original/DP6439_20.82.2.jpg,0,,,
231889,Ribbon,Ribbon,18th–19th century,,,,,"2 x 1 inches (approx.)
5.1 x 2.5 cm",,,,,,,,,,,,European Sculpture and Decorative Arts,Textiles-Trimmings,,False,True,https://www.metmuseum.org/art/collection/search/231889,https://images.metmuseum.org/CRDImages/es/original/DP6427.jpg,0,,,
223832,Piece,Piece,late 19th century,,,,Cotton,"L. 24 1/2 x W. 11 inches
62.2 x 27.9 cm",,,,,Flowers|Leaves,,,,,,,European Sculpture and Decorative Arts,Textiles-Printed,,False,True,https://www.metmuseum.org/art/collection/search/223832,https://images.metmuseum.org/CRDImages/es/original/DP2740.jpg,1,,,
228753,Cushion covers (2),Cushion covers,16th century,,,,Silk and metal thread on silk,1) L. 25 x W. 22 inches (63.5 x 55.9 cm); 2) L. 25 x W. 21 inches (63.5 x 53.3 cm),,,,,Flowers|Coat of Arms,,,,,,,European Sculpture and Decorative Arts,Textiles-Embroidered,,False,True,https://www.metmuseum.org/art/collection/search/228753,https://images.metmuseum.org/CRDImages/es/original/168743.jpg,1,,,
203534,The Laotian Goddess Ki Mao Sao and Worshippers,Group,ca. 1750–52,,,,Soft-paste porcelain,6 3/4 × 11 in. (17.1 × 27.9 cm),,,,,Men|Goddess,Bow Porcelain Factory,Factory,British,1747,1776,,European Sculpture and Decorative Arts,Ceramics-Porcelain,"British, 1747–1776",False,True,https://www.metmuseum.org/art/collection/search/203534,https://images.metmuseum.org/CRDImages/es/original/DP-36485-001.jpg,1,,https://www.wikidata.org/wiki/Q3816631,http://vocab.getty.edu/page/ulan/500332807
218764,Edging,Edging,17th century,,,,Needle lace,L. 20 x W. 3 inches (50.8 x 7.6 cm),,,,,,,,,,,,European Sculpture and Decorative Arts,Textiles-Laces,,False,True,https://www.metmuseum.org/art/collection/search/218764,https://images.metmuseum.org/CRDImages/es/original/109265.jpg,1,,,
227788,Chalice veil (part of a set),Chalice cover,mid-18th century,,,,Metal thread on silk,Overall: 26 1/2 x 26 1/2 in. (67.3 x 67.3 cm),,,,,,,,,,,,European Sculpture and Decorative Arts,Textiles-Embroidered,,False,True,https://www.metmuseum.org/art/collection/search/227788,https://images.metmuseum.org/CRDImages/es/original/160506.jpg,0,,,
189409,Set of five panels,Panels,ca. 1760–80,,,,"Oak, painted","a) 123 x 33-3/4 in. (312.4 x 85.7 cm);
b) 125 x 25-1/4 in. (317.5 x 64.1 cm);
c) 125 x 10-3/4 in. (317.5 x 27.3 cm);
d) 124-1/2 x 11-1/4 in. (315 x 28.6 cm);
e) 125 x 30-1/2 in. (317.5 x 77.5 cm)",,,,,,,,,,,,European Sculpture and Decorative Arts,Woodwork,,False,True,https://www.metmuseum.org/art/collection/search/189409,https://images.metmuseum.org/CRDImages/es/original/5636.jpg,0,,,
218348,Silk bobbin,Bobbin,early 19th century,,,,Bobbin lace,"L. 36 x W. 6 1/2 inches
91.4 x 16.5 cm",,,,,,,,,,,,European Sculpture and Decorative Arts,Textiles-Laces,,False,True,https://www.metmuseum.org/art/collection/search/218348,https://images.metmuseum.org/CRDImages/es/original/DP16572.jpg,1,,,
206344,Fernando VI of Spain,Bust,18th century,,,,"Ivory, on curved ebony base","figure only, confirmed: 7 × 4 5/8 × 1 3/8 in. (17.8 × 11.7 × 3.5 cm)
on base, confirmed: 8 13/16 × 4 7/8 × 2 5/8 in. (22.4 × 12.4 × 6.7 cm)",,,,,Men,,,,,,,European Sculpture and Decorative Arts,Sculpture-Miniature,,False,True,https://www.metmuseum.org/art/collection/search/206344,https://images.metmuseum.org/CRDImages/es/original/DP-18801-001.jpg,1,,,
197676,Dish,Dish,ca. 1725–35,,,,Hard-paste porcelain,Diameter: 6 in. (15.2 cm),,,,,Men,Meissen Manufactory,Manufactory,German,1710,9999,,European Sculpture and Decorative Arts,Ceramics-Porcelain,"German, 1710–present",False,True,https://www.metmuseum.org/art/collection/search/197676,https://images.metmuseum.org/CRDImages/es/original/100773.jpg,0,,https://www.wikidata.org/wiki/Q822407,http://vocab.getty.edu/page/ulan/500054662
223406,Piece,Piece,16th–17th century,,,,Silk and metal thread,L. 8 3/4 x W. 7 1/2 inches (22.2 x 19.1 cm),,,,,,,,,,,,European Sculpture and Decorative Arts,Textiles-Velvets,,False,True,https://www.metmuseum.org/art/collection/search/223406,https://images.metmuseum.org/CRDImages/es/original/DP7815.jpg,0,,,
193604,Ewer,Ewer,16th century,,,,Gilt bronze,Overall: 14 3/8 x 6 1/2 x 5 3/4 in. (36.5 x 16.5 x 14.6 cm),,,,,,,,,,,,European Sculpture and Decorative Arts,Metalwork-Gilt Bronze,,False,True,https://www.metmuseum.org/art/collection/search/193604,https://images.metmuseum.org/CRDImages/es/original/DP265590.jpg,0,,,
186712,Marriage of Napoleon and Marie Louise. 1810.,Medal,19th century,,,,"Gilt bronze, struck",Diameter: 1 5/8 in. (4.1 cm),,,,,,Johann Baptist Harnisch,Artist,Austrian,1785,1833,,European Sculpture and Decorative Arts,Medals and Plaquettes,"Austrian, 1785–1833",False,True,https://www.metmuseum.org/art/collection/search/186712,https://images.metmuseum.org/CRDImages/es/original/30691.jpg,1,,,
203142,Vase (one of a pair),Vase,manufactured ca. 1713–20; decorated ca. 1720–25,,,,"Hard-paste porcelain decorated in black enamel, gold",Overall (confirmed): 8 11/16 × 4 7/16 × 3 13/16 in. (22.1 × 11.3 × 9.7 cm),,,,,Battles|Firearms|Men|Ships,Meissen Manufactory,Manufactory,German,1710,9999,,European Sculpture and Decorative Arts,Ceramics-Porcelain,"German, 1710–present",False,True,https://www.metmuseum.org/art/collection/search/203142,https://images.metmuseum.org/CRDImages/es/original/DP155995.jpg,1,,https://www.wikidata.org/wiki/Q822407,http://vocab.getty.edu/page/ulan/500054662
201757,Tankard,Tankard,dated 1675,,,,Stoneware; pewter,Overall: 10 1/4 × 8 1/2 in. (26 × 21.6 cm),,,,,Women,Johannes Vogel,Artist,,1625,1725,,European Sculpture and Decorative Arts,Ceramics-Pottery,,False,True,https://www.metmuseum.org/art/collection/search/201757,https://images.metmuseum.org/CRDImages/es/original/159686.jpg,1,,,
213881,Galloon,Galloon,17th–18th century,,,,Metal thread,"8 3/4 x 3/4 inches
22.2 x 1.9 cm",,,,,,,,,,,,European Sculpture and Decorative Arts,Textiles-Trimmings,,False,True,https://www.metmuseum.org/art/collection/search/213881,https://images.metmuseum.org/CRDImages/es/original/DP6008.jpg,0,,,
213747,Gimp,Gimp,ca. 1750,,,,Silk,"L. 8 x W. 1 inch
20.3 x 2.5 cm",,,,,,,,,,,,European Sculpture and Decorative Arts,Textiles-Trimmings,,False,True,https://www.metmuseum.org/art/collection/search/213747,https://images.metmuseum.org/CRDImages/es/original/DP6143.jpg,0,,,
843878,The Orpheus Cup,Cup,"1641–42, the jeweled elements on the lid in the form of animals, amorini holding bow and quiver, and the statuettes of Orpheus and Diana, Prague, ca.1600",,,,"Gold: cast, embossed, and engraved; enamel: ronde-bosse and painted; rubies",confirmed: 7 1/8 × 5 1/8 × 3 1/2 in. (18.1 × 13 × 8.9 cm),,,,,,Jan Vermeyen,Maker,German,1559,1608,,European Sculpture and Decorative Arts,Metalwork-Gold and Platinum,Brussels (Hapsburg Lowlands) before 1559–1608 Prague,False,True,https://www.metmuseum.org/art/collection/search/843878,https://images.metmuseum.org/CRDImages/es/original/DP-24414-001.jpg,26,,,
194704,Wineglass,Wineglass,ca. 1740–1800,,,,Glass,Overall (confirmed): 7 3/4 × 3 × 3 in. (19.7 × 7.6 × 7.6 cm),,,,,,,,,,,,European Sculpture and Decorative Arts,Glass,,False,True,https://www.metmuseum.org/art/collection/search/194704,https://images.metmuseum.org/CRDImages/es/original/DP-511-003.jpg,0,https://www.wikidata.org/wiki/Q116311513,,
236808,Poker (part of a set),Poker,ca. 1675,,,,"Silver, iron",Length: 34 1/4 in. (87 cm),,,,,,,,,,,,European Sculpture and Decorative Arts,Metalwork-Silver In Combination,,False,True,https://www.metmuseum.org/art/collection/search/236808,https://images.metmuseum.org/CRDImages/es/original/DP-13265-095.jpg,1,,,
208120,Water jar with spout (vase à bec),Water jar with spout,second half 16th century,,,,Lead-glazed earthenware,"Height: 15 3/4 in. (40 cm);
Diameter: 11 1/4 in. (28.6 cm)",,,,,,,,,,,,European Sculpture and Decorative Arts,Ceramics-Pottery,,False,True,https://www.metmuseum.org/art/collection/search/208120,https://images.metmuseum.org/CRDImages/es/original/ES10073.jpg,2,https://www.wikidata.org/wiki/Q96160812,,
215710,Piece (one of 116),Piece,19th century,,,,Cotton,"3 1/2 x 6 1/2 inches
8.9 x 16.5 cm",,,,,,,,,,,,European Sculpture and Decorative Arts,Textiles-Printed,,False,True,https://www.metmuseum.org/art/collection/search/215710,https://images.metmuseum.org/CRDImages/es/original/DP906.jpg,1,,,
224025,Piece,Piece,18th century,,,,Silk on silk,L. 7 1/4 x W. 4 3/4 inches (18.4 x 12.1 cm),,,,,Flowers|Leaves,,,,,,,European Sculpture and Decorative Arts,Textiles-Embroidered,,False,True,https://www.metmuseum.org/art/collection/search/224025,https://images.metmuseum.org/CRDImages/es/original/116940.jpg,0,,,
187998,Snuffbox,Snuffbox,18th century (?),,,,"Gold, diamonds",Overall: 1 3/8 × 2 3/4 × 2 in. (3.5 × 7 × 5.1 cm),,,,,,,,,,,,European Sculpture and Decorative Arts,Metalwork-Gold and Platinum,,False,True,https://www.metmuseum.org/art/collection/search/187998,https://images.metmuseum.org/CRDImages/es/original/43166.jpg,5,,,
190107,Pair of wreaths,Wreaths,18th century,,,,Gilt bronze,each: 7 3/4 × 4 1/2 in. (19.7 × 11.4 cm),,,,,,,,,,,,European Sculpture and Decorative Arts,Metalwork-Gilt Bronze,,False,True,https://www.metmuseum.org/art/collection/search/190107,https://images.metmuseum.org/CRDImages/es/original/3328.jpg,0,,,
214921,Fragment,Fragment,17th century,,,,"Bobbin lace, drawnwork",L. 6 1/4 x W. 1 3/4 inches (15.9 x 4.4 cm),,,,,,,,,,,,European Sculpture and Decorative Arts,Textiles-Laces,,False,True,https://www.metmuseum.org/art/collection/search/214921,https://images.metmuseum.org/CRDImages/es/original/DP4201.jpg,1,,,
218047,Piece,Piece,17th century,,,,"Needle lace, gros point lace",L. 9 1/4 x W. 3 1/2 inches (23.5 x 8.9 cm),,,,,,,,,,,,European Sculpture and Decorative Arts,Textiles-Laces,,False,True,https://www.metmuseum.org/art/collection/search/218047,https://images.metmuseum.org/CRDImages/es/original/DP4470.jpg,1,,,
197910,Plate (assiette à palmes) (1 of 102) (part of a service),Plate,1787,,,,Soft-paste porcelain,Diameter: 9 3/8 in. (23.8 cm),,,,,Roses,Sèvres Manufactory,Manufactory,French,1740,9999,,European Sculpture and Decorative Arts,Ceramics-Porcelain,"French, 1740–present",False,True,https://www.metmuseum.org/art/collection/search/197910,https://images.metmuseum.org/CRDImages/es/original/110876.jpg,0,https://www.wikidata.org/wiki/Q116310600,https://www.wikidata.org/wiki/Q653307,http://vocab.getty.edu/page/ulan/500054661
218844,Strip,Strip,18th century,,,,Bobbin lace,L. 15 x W. 2 3/4 inches (38.1 x 7.0 cm),,,,,,,,,,,,European Sculpture and Decorative Arts,Textiles-Laces,,False,True,https://www.metmuseum.org/art/collection/search/218844,https://images.metmuseum.org/CRDImages/es/original/DP17479.jpg,3,,,
203023,Golden oriole (one of a pair),Figure,1740–41,,,,Hard-paste porcelain,Height: 12 in. (30.5 cm),,,,,Birds|Leaves,Meissen Manufactory,Manufactory,German,1710,9999,,European Sculpture and Decorative Arts,Ceramics-Porcelain,"German, 1710–present",False,True,https://www.metmuseum.org/art/collection/search/203023,https://images.metmuseum.org/CRDImages/es/original/ES1927.jpg,0,,https://www.wikidata.org/wiki/Q822407,http://vocab.getty.edu/page/ulan/500054662
225147,Piece,Piece,18th century,,,,Bobbin lace,L. 10 x W. 1 inches (25.4 x 2.5 cm),,,,,,,,,,,,European Sculpture and Decorative Arts,Textiles-Laces,,False,True,https://www.metmuseum.org/art/collection/search/225147,https://images.metmuseum.org/CRDImages/es/original/DP4860.jpg,1,,,
197130,Madonna and Child,Plaque,second quarter 16th century,,,,"Painted enamel on copper, partly gilt",Height: 3 15/16 in. (10 cm),,,,,Madonna and Child,Master of the Aeneid,Maker,,1525,1545,,European Sculpture and Decorative Arts,Enamels,active ca. 1530–40,False,True,https://www.metmuseum.org/art/collection/search/197130,https://images.metmuseum.org/CRDImages/es/original/88493.jpg,0,,https://www.wikidata.org/wiki/Q18587838,http://vocab.getty.edu/page/ulan/500104550
188703,Teapot,Teapot,ca. 1787,,,,Hard-paste porcelain,4 × 7 3/8 in. (10.2 × 18.7 cm),,,,,Birds,Tournai,Factory,Belgian,,,,European Sculpture and Decorative Arts,Ceramics-Porcelain,"Belgian, established ca. 1750",False,True,https://www.metmuseum.org/art/collection/search/188703,https://images.metmuseum.org/CRDImages/es/original/111094.jpg,0,,,
196670,Lamp,Lamp,18th century,,,,Glass,Height: 10 in. (25.4 cm),,,,,,,,,,,,European Sculpture and Decorative Arts,Glass,,False,True,https://www.metmuseum.org/art/collection/search/196670,https://images.metmuseum.org/CRDImages/es/original/80748.jpg,0,,,
194600,Tankard,Tankard,18th century,,,,Salt-glazed stoneware; pewter,Height: 11 in. (27.9 cm),,,,,,,,,,,,European Sculpture and Decorative Arts,Ceramics-Pottery,,False,True,https://www.metmuseum.org/art/collection/search/194600,https://images.metmuseum.org/CRDImages/es/original/45683.jpg,0,,,
212883,Fragment of bobbin lace,Fragment,ca. 1700,,,,Bobbin lace,1 3/4 x 2 3/4 in. (4.4 x 7cm),,,,,,,,,,,,European Sculpture and Decorative Arts,Textiles-Laces,,False,True,https://www.metmuseum.org/art/collection/search/212883,https://images.metmuseum.org/CRDImages/es/original/DP3707.jpg,2,,,
198647,Saucer,Saucer,ca. 1730–35,,,,Hard-paste porcelain,H. 1-1/8 in. (2.9 cm.); Diam. 5-7/16 in. (13.8 cm.),,,,,Flowers,Vienna,Manufactory,,,,,European Sculpture and Decorative Arts,Ceramics-Porcelain,,False,True,https://www.metmuseum.org/art/collection/search/198647,https://images.metmuseum.org/CRDImages/es/original/121267.jpg,2,https://www.wikidata.org/wiki/Q116310763,,
229422,Altar cloth,Altar cloth,16th century,,,,"Linen and silk, drawnwork","L. 64 1/2 x W. 20 1/2 inches
163.8 x 52.1 cm",,,,,Birds,,,,,,,European Sculpture and Decorative Arts,Textiles-Laces,,False,True,https://www.metmuseum.org/art/collection/search/229422,https://images.metmuseum.org/CRDImages/es/original/201883.jpg,0,,,
185949,Dish with Saint Roche,Dish,ca. 1535–50,,,,"Maiolica (tin-glazed earthenware), lustered",Overall (confirmed): 2 x 10 7/8 in. (5.1 x 27.6 cm),,,,,Saints,,,,,,,European Sculpture and Decorative Arts,Ceramics-Pottery,,False,True,https://www.metmuseum.org/art/collection/search/185949,https://images.metmuseum.org/CRDImages/es/original/LC-81_3_1-001.jpg,1,,,
224519,Piece,Piece,17th century,,,,Silk,L. 8 3/4 x W. 8 1/2 inches (22.2 x 21.6 cm),,,,,,,,,,,,European Sculpture and Decorative Arts,Textiles-Woven,,False,True,https://www.metmuseum.org/art/collection/search/224519,https://images.metmuseum.org/CRDImages/es/original/120914a.jpg,1,,,
226818,Altar frontal,Altar frontal,ca. 1600,,,,Metal thread and spangles on silk,H. 48 x W. 113 1/2 inches (121.9 x 288.3 cm),,,,,,,,,,,,European Sculpture and Decorative Arts,Textiles-Embroidered,,False,True,https://www.metmuseum.org/art/collection/search/226818,https://images.metmuseum.org/CRDImages/es/original/128975.jpg,0,,,
225500,Ribbon,Ribbon,19th century,,,,,,,,,,,,,,,,,European Sculpture and Decorative Arts,Textiles-Trimmings,,False,True,https://www.metmuseum.org/art/collection/search/225500,https://images.metmuseum.org/CRDImages/es/original/DP7235.jpg,0,,,
197295,Baluster,Baluster,late 17th–early 18th century,,,,Deal,Height: 23 1/2 in. (59.7 cm),,,,,,,,,,,,European Sculpture and Decorative Arts,Woodwork,,False,True,https://www.metmuseum.org/art/collection/search/197295,https://images.metmuseum.org/CRDImages/es/original/DP-14762-120.jpg,1,,,
208014,Alexandre Falguière,Medal,1899,,,,Bronze,Diameter: 2 11/16 in. (6.8 cm),,,,,Human Figures|Men|Profiles|Pegasus,Victor Peter,Artist,French,1840,1918,,European Sculpture and Decorative Arts,Medals and Plaquettes,"French, Paris 1840–1918 Paris",False,True,https://www.metmuseum.org/art/collection/search/208014,https://images.metmuseum.org/CRDImages/es/original/253825.jpg,1,https://www.wikidata.org/wiki/Q116308356,https://www.wikidata.org/wiki/Q3557500,http://vocab.getty.edu/page/ulan/500075966
236199,Forehead cloth,Forehead cloth,1600–1630,,,,"Linen worked with silk and metal thread, spangles; satin, long -and-short, braid, buttonhole, and couching stitches",Forehead cloth: H. 7 x W. 17 1/2 inches (17.8 x 44.5 cm),,,,,,,,,,,,European Sculpture and Decorative Arts,Textiles-Embroidered,,False,True,https://www.metmuseum.org/art/collection/search/236199,https://images.metmuseum.org/CRDImages/es/original/DP159836.jpg,0,,,
187523,Portrait of Mme. Herbette,Medal,1887,,,,"Bronze, cast",Diameter: 2 11/16 in. (68 mm),,,,,Profiles|Women,Louis-Oscar Roty,Artist,French,1846,1911,,European Sculpture and Decorative Arts,Medals and Plaquettes,"French, Paris 1846–1911 Paris",False,True,https://www.metmuseum.org/art/collection/search/187523,https://images.metmuseum.org/CRDImages/es/original/1813(det11).jpg,0,,https://www.wikidata.org/wiki/Q2621732,http://vocab.getty.edu/page/ulan/500123469
197722,Pair of candlesticks,Candlesticks,1710/11,,,,Silver,"Overall (.142, confirmed): 6 1/8 x 3 7/8 x 3 7/8 in., 11 oz. 18 dwt. (15.6 x 9.8 x 9.8 cm, 0.3705kg);
Overall (.143, confirmed): 6 x 3 7/8 x 3 7/8 in., 11 oz. 11 dwt. (15.2 x 9.8 x 9.8 cm, 0.359kg)",,,,,,David Willaume I,Maker,British,1658,1741,,European Sculpture and Decorative Arts,Metalwork-Silver,"British, 1658–1741",False,True,https://www.metmuseum.org/art/collection/search/197722,https://images.metmuseum.org/CRDImages/es/original/DP267093.jpg,0,,https://www.wikidata.org/wiki/Q18730156,http://vocab.getty.edu/page/ulan/500087695
199951,Chessboard,Chessboard,19th century,,,,Mahogany and fruitwood,Overall: 5 5/8 × 11 in. (14.3 × 27.9 cm),,,,,Chess|Games,,,,,,,European Sculpture and Decorative Arts,Chess Sets,,False,True,https://www.metmuseum.org/art/collection/search/199951,https://images.metmuseum.org/CRDImages/es/original/LC-48_174_68-001.jpg,1,,,
207640,The Triumph of the Church,Plaquette,last quarter 16th century,,,,Lead,H. 2 11/16 x W. 5 in.  (6.8 x 12.7 cm.),,,,,Men|Women|Horses|Chariots,,,,,,,European Sculpture and Decorative Arts,Medals and Plaquettes,,False,True,https://www.metmuseum.org/art/collection/search/207640,https://images.metmuseum.org/CRDImages/es/original/241016.jpg,0,,,
236606,Bowl,Bowl,ca. 1600,,,,Lead-glazed earthenware,Overall (confirmed): 1 7/8 × 6 3/4 in. (4.8 × 17.1 cm),,,,,Coat of Arms,,,,,,,European Sculpture and Decorative Arts,Ceramics-Pottery,,False,True,https://www.metmuseum.org/art/collection/search/236606,https://images.metmuseum.org/CRDImages/es/original/SF2009_61_img1.jpg,1,,,
221528,Apotheosis of Franklin,Piece,ca. 1790,,,,Cotton and linen,"L. 85 1/2 x w. 31 inches (as now mounted) (217.2 x 78.7 cm)
Framed: H. 75 1/2 x W. 31 inches (191.8 x 78.7 cm)",,,,,Animals|American Revolution|Men|Women|Carriages,,,,,,,European Sculpture and Decorative Arts,Textiles-Printed,,False,True,https://www.metmuseum.org/art/collection/search/221528,https://images.metmuseum.org/CRDImages/es/original/DP270084.jpg,3,,,
191119,Tankard,Tankard,19th century,,,,Pewter,Height: 7 1/4 in. (18.4 cm),,,,,,,,,,,,European Sculpture and Decorative Arts,Metalwork-Pewter,,False,True,https://www.metmuseum.org/art/collection/search/191119,https://images.metmuseum.org/CRDImages/es/original/116789.jpg,0,,,
215127,Fragment,Fragment,18th century,,,,Bobbin lace,L. 8 1/2 x W. 2 1/2 inches (21.6 x 6.4 cm),,,,,,,,,,,,European Sculpture and Decorative Arts,Textiles-Laces,,False,True,https://www.metmuseum.org/art/collection/search/215127,https://images.metmuseum.org/CRDImages/es/original/DP3810.jpg,1,,,
230863,Fragment,Fragment,first half 19th century,,,,Cotton,H. 13 x W. 25 1/2 inches (33.0 x 64.8 cm),,,,,Columns|Garlands,,,,,,,European Sculpture and Decorative Arts,Textiles-Printed,,False,True,https://www.metmuseum.org/art/collection/search/230863,https://images.metmuseum.org/CRDImages/es/original/DP-37703-001.jpg,1,,,
228500,Sampler,Sampler,1832,,,,Silk on wool canvas,H. 16 7/8 x W. 13 1/4 inches (42.9 x 33.7 cm),,,,,Birds|Deer,,,,,,,European Sculpture and Decorative Arts,Textiles-Embroidered,,False,True,https://www.metmuseum.org/art/collection/search/228500,https://images.metmuseum.org/CRDImages/es/original/DP-14638-067.jpg,0,,,
209527,Fan,Fan,first half 18th century,,,,"Skin, pearl matrix",11 x 20 1/2 in.  (27.9 x 52.1 cm),,,,,Birds,,,,,,,European Sculpture and Decorative Arts,Fans,,False,True,https://www.metmuseum.org/art/collection/search/209527,https://images.metmuseum.org/CRDImages/es/original/57191.jpg,1,,,
186956,Key,Key,1600–1620,,,,Iron,Length: 2 1/8 in. (5.4 cm),,,,,,,,,,,,European Sculpture and Decorative Arts,Metalwork-Iron,,False,True,https://www.metmuseum.org/art/collection/search/186956,https://images.metmuseum.org/CRDImages/es/original/36261.jpg,0,,,
707883,Botanical plate with thistle,Plate,ca. 1755,,,,Soft-paste porcelain with enamel decoration,"Overall (confirmed): 1 7/16 × 9 × 9 in., 1 lb. (3.7 × 22.9 × 22.9 cm, 0.5 kg)",,,,,Insects|Butterflies|Flowers,Chelsea Porcelain Manufactory,Maker,British,1744,1784,,European Sculpture and Decorative Arts,Ceramics-Porcelain,"British, 1745–1784, Red Anchor Period, ca. 1753–58",False,True,https://www.metmuseum.org/art/collection/search/707883,https://images.metmuseum.org/CRDImages/es/original/DP-17012-025.jpg,2,https://www.wikidata.org/wiki/Q116444594,https://www.wikidata.org/wiki/Q2072152,http://vocab.getty.edu/page/ulan/500371694
198672,"Condiment jar (one of a pair), with figure symbolizing Winter",Jar,ca. 1750–55,,,,Hard-paste porcelain,H. 6-1/4 in. (15.9 cm.),,,,,Men,Höchst Manufactory,Manufacturer,German,1746,1796,,European Sculpture and Decorative Arts,Ceramics-Porcelain,"German, 1746–1796",False,True,https://www.metmuseum.org/art/collection/search/198672,https://images.metmuseum.org/CRDImages/es/original/122598.jpg,0,,https://www.wikidata.org/wiki/Q97105166,http://vocab.getty.edu/page/ulan/500331057
202095,Spoon,Spoon,1719–20,,,,Silver,Length: 8 15/16 in. (22.7 cm),,,,,,,,,,,,European Sculpture and Decorative Arts,Metalwork-Silver,,False,True,https://www.metmuseum.org/art/collection/search/202095,https://images.metmuseum.org/CRDImages/es/original/166759.jpg,0,,,
191971,Cradle,Cradle,18th century,,,,Earthenware,3 1/2 × 5 1/2 in. (8.9 × 14 cm),,,,,,,,,,,,European Sculpture and Decorative Arts,Ceramics-Pottery,,False,True,https://www.metmuseum.org/art/collection/search/191971,https://images.metmuseum.org/CRDImages/es/original/DP-17550-012.jpg,1,,,
214126,Piece,Piece,18th century,,,,Bobbin lace,L. 7 x W. 1 1/2 inches (17.8 x 3.8 cm),,,,,,,,,,,,European Sculpture and Decorative Arts,Textiles-Laces,,False,True,https://www.metmuseum.org/art/collection/search/214126,https://images.metmuseum.org/CRDImages/es/original/DP4893.jpg,1,,,
218963,Collar,Collar,19th century,,,,Machine net,"L. 19 x W. 7 1/2 inches
48.3 x 19.1 cm",,,,,,,,,,,,European Sculpture and Decorative Arts,Textiles-Laces,,False,True,https://www.metmuseum.org/art/collection/search/218963,https://images.metmuseum.org/CRDImages/es/original/DP5175.jpg,0,,,
196370,Teapot in the form of a house,Teapot,ca. 1740–50,,,,Salt-glazed stoneware,Overall: 5 1/4 × 6 1/4 × 2 5/8 in. (13.3 × 15.9 × 6.7 cm),,,,,Animals|Houses,,,,,,,European Sculpture and Decorative Arts,Ceramics-Pottery,,False,True,https://www.metmuseum.org/art/collection/search/196370,https://images.metmuseum.org/CRDImages/es/original/DP-13913-002.jpg,1,https://www.wikidata.org/wiki/Q116240796,,
208317,Dish,Dish,19th century,,,,Hard-paste porcelain,Diameter: 7 1/2 in. (19.1 cm),,,,,Birds|Flowers,,,,,,,European Sculpture and Decorative Arts,Ceramics-Porcelain,,False,True,https://www.metmuseum.org/art/collection/search/208317,https://images.metmuseum.org/CRDImages/es/original/SF1995_268_111.jpg,0,,,
223844,Piece,Piece,late 19th century,,,,Cotton,"L. 23 1/2 x W. 9 inches
59.7 x 22.9 cm",,,,,,,,,,,,European Sculpture and Decorative Arts,Textiles-Printed,,False,True,https://www.metmuseum.org/art/collection/search/223844,https://images.metmuseum.org/CRDImages/es/original/DP2743.jpg,1,,,
220196,Fragment,Fragment,19th century,,,,Silk,"L. 6 3/4 x W. 8 inches
17.1 x 20.3 cm",,,,,Flowers|Leaves,,,,,,,European Sculpture and Decorative Arts,Textiles-Printed,,False,True,https://www.metmuseum.org/art/collection/search/220196,https://images.metmuseum.org/CRDImages/es/original/46266.jpg,0,,,
225647,Ribbon,Ribbon,19th century,,,,,,,,,,,,,,,,,European Sculpture and Decorative Arts,Textiles-Trimmings,,False,True,https://www.metmuseum.org/art/collection/search/225647,https://images.metmuseum.org/CRDImages/es/original/DP7264.jpg,0,,,
196110,Wineglass,Wineglass,ca. 1740,,,,Glass,Overall: 5 11/16 × 2 5/8 in. (14.4 × 6.7 cm),,,,,Coat of Arms,,,,,,,European Sculpture and Decorative Arts,Glass,,False,True,https://www.metmuseum.org/art/collection/search/196110,https://images.metmuseum.org/CRDImages/es/original/69733.jpg,0,,,
224798,Embroidery sample for a man’s suit or waistcoat,Sample,ca. 1785–1815,,,,Silk and metal thread on silk,"L. 3 1/8 x W. 2 1/4 inches
7.9 x 5.7 cm",,,,,,,,,,,,European Sculpture and Decorative Arts,Textiles-Embroidered,,False,True,https://www.metmuseum.org/art/collection/search/224798,https://images.metmuseum.org/CRDImages/es/original/DP1921.jpg,1,,,
190641,"The Marriage and Visit to the City of the Duke and Duchess of York, July 6, 1893",Medal,1893,,,,"Bronze, struck",Diameter: 3 in. (7.6 cm),,,,,Men|Profiles|Women,George Gammon Adams,Artist,British,1821,1898,,European Sculpture and Decorative Arts,Medals and Plaquettes,"British, Staines 1821–1898 Chiswick",False,True,https://www.metmuseum.org/art/collection/search/190641,https://images.metmuseum.org/CRDImages/es/original/DP-180-076.jpg,1,,https://www.wikidata.org/wiki/Q5539604,http://vocab.getty.edu/page/ulan/500014406
217457,Piece,Piece,19th century,,,,Cotton,"L. 3 3/8 x W. 6 3/8 inches (approx.)
8.6 x 16.2 cm",,,,,Leaves,,,,,,,European Sculpture and Decorative Arts,Textiles-Printed,,False,True,https://www.metmuseum.org/art/collection/search/217457,https://images.metmuseum.org/CRDImages/es/original/DP1546.jpg,1,,,
214617,Fragment,Fragment,19th century,,,,"Bobbin lace, Point de Paris",16 x 4in. (40.6 x 10.2cm),,,,,,,,,,,,European Sculpture and Decorative Arts,Textiles-Laces,,False,True,https://www.metmuseum.org/art/collection/search/214617,https://images.metmuseum.org/CRDImages/es/original/DP16684.jpg,1,,,
201938,Gate (Reja),Gate,ca. 1510–30,,,,Iron,"Overall (.14a): 88 × 32 1/2 in. (223.5 × 82.6 cm);
Overall (.14b): 87 × 35 1/2 in. (221 × 90.2 cm)",,,,,,,,,,,,European Sculpture and Decorative Arts,Metalwork-Iron,,False,True,https://www.metmuseum.org/art/collection/search/201938,https://images.metmuseum.org/CRDImages/es/original/MM28544.jpg,0,,,
231586,Tray for écritoire,Tray for écritoire,ca. 1743–45,,,,Silver gilt,Overall: H. 1 x W. 9 3/4 x D. 7 3/16 in. (2.5 x 24.8 x 18.3 cm),,,,,,Abraham Drentwett IV,Maker,,1711,1785,,European Sculpture and Decorative Arts,Metalwork-Silver,"1711–1785, master 1741",False,True,https://www.metmuseum.org/art/collection/search/231586,https://images.metmuseum.org/CRDImages/es/original/SF2005_364_22.jpg,1,https://www.wikidata.org/wiki/Q116306494,https://www.wikidata.org/wiki/Q112655229,(not assigned)
191969,Cock,Figure,ca. 1790,,,,"Pottery, brown glaze",Height: 9 1/2 in. (24.1 cm),,,,,Roosters,,,,,,,European Sculpture and Decorative Arts,Ceramics-Pottery,,False,True,https://www.metmuseum.org/art/collection/search/191969,https://images.metmuseum.org/CRDImages/es/original/DP-17550-010.jpg,1,,,
224274,Piece,Piece,late 18th century (?),,,,Silk,"L. 15 1/2 x W. 10 inches
39.4 x 25.4 cm",,,,,,,,,,,,European Sculpture and Decorative Arts,Textiles-Woven,,False,True,https://www.metmuseum.org/art/collection/search/224274,https://images.metmuseum.org/CRDImages/es/original/119289.jpg,0,,,
191031,Tile,Tile,ca. 1620–40,,,,Tin-glazed earthenware,"Overall (tile): 5 × 5 in. (12.7 × 12.7 cm);
Overall (whole panel): 31 3/4 × 21 1/2 in. (80.6 × 54.6 cm)",,,,,Cats|Deer|Dogs|Goats|Flowers,,,,,,,European Sculpture and Decorative Arts,Ceramics-Pottery,,False,True,https://www.metmuseum.org/art/collection/search/191031,https://images.metmuseum.org/CRDImages/es/original/4777.jpg,1,,,
200215,Cruet frame,Cruet frame,ca. 1730–35,,,,Silver; glass,"Overall (cruet frame .185a): 3 3/4 × 6 1/8 × 9 3/4 in. (9.5 × 15.6 × 24.8 cm);
Height (cruet with stopper .185b, c): 8 in. (20.3 cm);
Height (cruet with stopper .185d, e): 8 in. (20.3 cm)",,,,,Coat of Arms,Pierre-Noel David,Maker,,1699,1759,,European Sculpture and Decorative Arts,Metalwork-Silver,master 1729,False,True,https://www.metmuseum.org/art/collection/search/200215,https://images.metmuseum.org/CRDImages/es/original/146221.jpg,3,,,
196474,Dancer Fastening the String of Her Tights,Statuette,"modeled possibly before 1890, cast 1920",,,,Bronze,16-3/4 x 8-7/16 x 6-5/16 in.  (42.5 x 21.4 x 16.0 cm.),,,,,Female Nudes|Dancers,Edgar Degas,Artist,French,1834,1917,,European Sculpture and Decorative Arts,Sculpture-Bronze,"French, Paris 1834–1917 Paris",False,True,https://www.metmuseum.org/art/collection/search/196474,https://images.metmuseum.org/CRDImages/es/original/ES7519.jpg,1,https://www.wikidata.org/wiki/Q116398442,https://www.wikidata.org/wiki/Q46373,http://vocab.getty.edu/page/ulan/500115194
237739,Saint Ignatius Loyola with an angel holding a book,Statue,ca. 1722,,,,Bronze,"Overall (confirmed): H. 24 5/8 x W. 13 7/8 x D. 4 5/8 in., 32lb. (62.5 x 35.2 x 11.7 cm, 14.5151kg)",,,,,Books|Angels|Saints,Francesco Bertos,Maker,Italian,1678,1741,,European Sculpture and Decorative Arts,Sculpture-Bronze,"Italian, 1678–1741",False,True,https://www.metmuseum.org/art/collection/search/237739,https://images.metmuseum.org/CRDImages/es/original/DP250598.jpg,5,,https://www.wikidata.org/wiki/Q1440918,http://vocab.getty.edu/page/ulan/500000132
197781,"Henry IV, King of France (b. 1553, r. 1589–1610)",Medal,17th century,,,,"Bronze, brown patina",3 5/8 × 2 3/4 in. (9.2 × 7 cm),,,,,Kings|Portraits,Guillaume Dupré,Artist,French,1579,1640,,European Sculpture and Decorative Arts,Medals and Plaquettes,"French, 1579–1640",False,True,https://www.metmuseum.org/art/collection/search/197781,https://images.metmuseum.org/CRDImages/es/original/109175.jpg,0,,https://www.wikidata.org/wiki/Q3119825,http://vocab.getty.edu/page/ulan/500009692
202349,America,Figure,ca. 1765,,,,Hard-paste porcelain,Height: 8 in. (20.3 cm),,,,,Men,Frankenthal Porcelain Manufactory,Manufactory,German,,,,European Sculpture and Decorative Arts,Ceramics-Porcelain,German,False,True,https://www.metmuseum.org/art/collection/search/202349,https://images.metmuseum.org/CRDImages/es/original/DP340647.jpg,0,,https://www.wikidata.org/wiki/Q878182,http://vocab.getty.edu/page/ulan/500334821
218538,Specimen,Specimen,19th century,,,,Crochet,"L. 5 1/2 x W. 4 1/2 inches
14.0 x 11.4 cm",,,,,,,,,,,,European Sculpture and Decorative Arts,Textiles-Laces,,False,True,https://www.metmuseum.org/art/collection/search/218538,https://images.metmuseum.org/CRDImages/es/original/DP4354.jpg,1,,,
207485,"Dance Movement ""G""",Statuette,"modeled ca. 1910–11, cast probably before ca. 1950",,,,"Bronze, black marble base",Overall with base): 15 1/2 × 4 1/8 × 3 5/8 in. (39.4 × 10.5 × 9.2 cm); Height (without base): 13 in. (33 cm),,,,,Human Figures|Dance,Auguste Rodin,Artist,French,1840,1917,,European Sculpture and Decorative Arts,Sculpture-Bronze,"French, Paris 1840–1917 Meudon",False,True,https://www.metmuseum.org/art/collection/search/207485,https://images.metmuseum.org/CRDImages/es/original/DT7848.jpg,1,https://www.wikidata.org/wiki/Q116308117,https://www.wikidata.org/wiki/Q30755,http://vocab.getty.edu/page/ulan/500016619
189446,Lower end of a pilaster,Panel,18th century,,,,Oak,24 3/4 × 15 3/4 in. (62.9 × 40 cm),,,,,,,,,,,,European Sculpture and Decorative Arts,Woodwork,,False,True,https://www.metmuseum.org/art/collection/search/189446,https://images.metmuseum.org/CRDImages/es/original/DP267082.jpg,1,,,
228622,Sampler,Sampler,19th century,,,,"Cotton, crochet","L. 49 x W. 4 1/2 inches
124.5 x 11.4 cm",,,,,,,,,,,,European Sculpture and Decorative Arts,Textiles-Laces,,False,True,https://www.metmuseum.org/art/collection/search/228622,https://images.metmuseum.org/CRDImages/es/original/DP17496.jpg,1,,,
207350,Summer,Canephore,ca. 1775–85,,,,Terracotta,Height: 69 in. (175.3 cm),,,,,Women|Female Nudes,,,,,,,European Sculpture and Decorative Arts,Sculpture,,False,True,https://www.metmuseum.org/art/collection/search/207350,https://images.metmuseum.org/CRDImages/es/original/ES3176.jpg,1,,,
207520,Dressing-table mirror,Dressing table mirror,ca. 1700,,,,"Tortoiseshell, engraved brass, kingwood, amaranth, bois satiné, ebony, mirror glass",27 1/2 in. × 26 1/2 in. × 3 in. (69.9 × 67.3 × 7.6 cm),,,,,,,,,,,,European Sculpture and Decorative Arts,Woodwork-Furniture,,False,True,https://www.metmuseum.org/art/collection/search/207520,https://images.metmuseum.org/CRDImages/es/original/DP109211.jpg,4,,,
194052,Watch movement,Watch movement,ca. 1740–60,,,,"Silver enamel, gilt-metal",Diameter: 1 3/8 in. (3.5 cm),,,,,,Charles Cabrier II,Maker,British,1719,1776,,European Sculpture and Decorative Arts,Horology,"British, act. 1719–d. 1776",False,True,https://www.metmuseum.org/art/collection/search/194052,https://images.metmuseum.org/CRDImages/es/original/DP-12675-065.jpg,1,,https://www.wikidata.org/wiki/Q24707741,(not assigned)
218680,Bobbin,Bobbin,19th century,,,,"Bone, metal and beads",,,,,,,,,,,,,European Sculpture and Decorative Arts,Textiles-Methods and Materials,,False,True,https://www.metmuseum.org/art/collection/search/218680,https://images.metmuseum.org/CRDImages/es/original/DP7521.jpg,0,,,
204500,Plate,Plate,ca. 1760–65,,,,Hard-paste porcelain,Diameter: 8 7/8 in. (22.5 cm),,,,,Buildings|Boats,,,,,,,European Sculpture and Decorative Arts,Ceramics-Porcelain-Export,,False,True,https://www.metmuseum.org/art/collection/search/204500,https://images.metmuseum.org/CRDImages/es/original/ES6625.jpg,1,,,
190823,Box,Box,18th century,,,,"Wood, painted",6 x 8 in.  (15.2 x 20.3 cm),,,,,Birds|Flowers|Coat of Arms,,,,,,,European Sculpture and Decorative Arts,Woodwork-Furniture,,False,True,https://www.metmuseum.org/art/collection/search/190823,https://images.metmuseum.org/CRDImages/es/original/4546.jpg,0,,,
222431,Lappet,Lappet,early 18th century,,,,Bobbin lace,"L. 48 x W. 4 inches
121.9 x 10.2 cm",,,,,,,,,,,,European Sculpture and Decorative Arts,Textiles-Laces,,False,True,https://www.metmuseum.org/art/collection/search/222431,https://images.metmuseum.org/CRDImages/es/original/81347.jpg,0,,,
189566,Pair of vases,Vases,18th century,,,,Gilt wood,Height (each): 6 in. (15.2 cm),,,,,,,,,,,,European Sculpture and Decorative Arts,Woodwork,,False,True,https://www.metmuseum.org/art/collection/search/189566,https://images.metmuseum.org/CRDImages/es/original/5115.jpg,0,,,
228144,Sampler,Sampler,1798,,,,Linen and silk on linen,18 3/4 × 19 1/4 in. (47.6 × 48.9 cm),,,,,Human Figures|Birds|Buildings,,,,,,,European Sculpture and Decorative Arts,Textiles-Embroidered,,False,True,https://www.metmuseum.org/art/collection/search/228144,https://images.metmuseum.org/CRDImages/es/original/166584.jpg,0,,,
213935,Galloon,Galloon,early 19th century,,,,,"12 x 1 3/4 inches
30.5 x 4.4 cm",,,,,,,,,,,,European Sculpture and Decorative Arts,Textiles-Trimmings,,False,True,https://www.metmuseum.org/art/collection/search/213935,https://images.metmuseum.org/CRDImages/es/original/DP6230_08.103.438.jpg,0,,,
210064,Two-handled cup,Cup,"ca. 1720–25, decorated ca. 1725–30",,,,Hard-paste porcelain,Overall: 3 1/8 × 3 in. (7.9 × 7.6 cm),,,,,Human Figures|Plants,Meissen Manufactory,Manufactory,German,1710,9999,,European Sculpture and Decorative Arts,Ceramics-Porcelain,"German, 1710–present",False,True,https://www.metmuseum.org/art/collection/search/210064,https://images.metmuseum.org/CRDImages/es/original/133562.jpg,0,,https://www.wikidata.org/wiki/Q822407,http://vocab.getty.edu/page/ulan/500054662
196600,Madonna and Child,Statuette group,late 16th century,,,,Ivory,Height: 2 3/4 in. (7 cm),,,,,Madonna and Child,,,,,,,European Sculpture and Decorative Arts,Sculpture-Miniature,,False,True,https://www.metmuseum.org/art/collection/search/196600,https://images.metmuseum.org/CRDImages/es/original/81110.jpg,0,,,
237244,Hot milk pot,Hot milk pot,1823–24,,,,"Silver, ebony, ivory, macassar ivory",Height (with cover): 8 5/16 in. (21.1 cm),,,,,Faces|Flowers,Alois Simpert Eschenlohr,Maker,,1785,1837,,European Sculpture and Decorative Arts,Metalwork-Silver,"1785–1837, master 1824?",False,True,https://www.metmuseum.org/art/collection/search/237244,https://images.metmuseum.org/CRDImages/es/original/ES4098.jpg,7,https://www.wikidata.org/wiki/Q116306825,https://www.wikidata.org/wiki/Q112921643,(not assigned)
173412,Textile,Textile,1700–1899,,,,Linen,18 x 10 in.  (45.7 x 25.4 cm),,,,,Flowers,,,,,,,European Sculpture and Decorative Arts,Textiles,,False,True,https://www.metmuseum.org/art/collection/search/173412,https://images.metmuseum.org/CRDImages/es/original/31.433_CP2.jpg,0,,,
194321,Plate,Plate,mid-18th century,,,,Faience (tin-glazed earthenware),Diameter: 10 1/4 in. (26 cm),,,,,Human Figures|Insects|Butterflies|Flowers,,,,,,,European Sculpture and Decorative Arts,Ceramics-Pottery,,False,True,https://www.metmuseum.org/art/collection/search/194321,https://images.metmuseum.org/CRDImages/es/original/ES647.jpg,1,,,
209791,Fan,Fan,mid-19th century,,,,"Paper, paint, gilt, ivory, glass",20 1/8 x 10 3/4 in. (51.1 x 27.3 cm),,,,,Men|Women|Dogs,,,,,,,European Sculpture and Decorative Arts,Fans,,False,True,https://www.metmuseum.org/art/collection/search/209791,https://images.metmuseum.org/CRDImages/es/original/179177.jpg,1,,,
222813,Pair of joined lappets,Lappets,1700–1750,,,,Bobbin lace,"L. 45 1/2 x W. 23 3/8 inches
115.6 x 59.4 cm",,,,,Flowers,,,,,,,European Sculpture and Decorative Arts,Textiles-Laces,,False,True,https://www.metmuseum.org/art/collection/search/222813,https://images.metmuseum.org/CRDImages/es/original/DP16144.jpg,1,,,
228757,Towel,Towel,17th century,,,,"Drawnwork, bobbin lace, linen","L. 93 3/4 x W. 18 1/4 inches
238.1 x 46.4 cm",,,,,Animals,,,,,,,European Sculpture and Decorative Arts,Textiles-Laces,,False,True,https://www.metmuseum.org/art/collection/search/228757,https://images.metmuseum.org/CRDImages/es/original/DP5417.jpg,1,,,
191582,Plate,Plate,19th century,,,,Soft-paste porcelain,Diameter: 9 7/8 in. (25.1 cm),,,,,Birds|Flowers,,,,,,,European Sculpture and Decorative Arts,Ceramics-Porcelain,,False,True,https://www.metmuseum.org/art/collection/search/191582,https://images.metmuseum.org/CRDImages/es/original/8382.jpg,0,,,
216399,Galloon,Galloon,18th century,,,,Silk and metal thread,"15 1/4 x 1 3/4 inches
38.7 x 4.4 cm",,,,,,,,,,,,European Sculpture and Decorative Arts,Textiles-Trimmings,,False,True,https://www.metmuseum.org/art/collection/search/216399,https://images.metmuseum.org/CRDImages/es/original/DP6402_09.50.1249.jpg,0,,,
188551,Stand,Stand,ca. 1740,,,,Hard-paste porcelain,Diameter: 6 7/8 in. (17.5 cm),,,,,Men|Trees|Ships,Meissen Manufactory,Manufactory,German,1710,9999,,European Sculpture and Decorative Arts,Ceramics-Porcelain,"German, 1710–present",False,True,https://www.metmuseum.org/art/collection/search/188551,https://images.metmuseum.org/CRDImages/es/original/94572.jpg,0,,https://www.wikidata.org/wiki/Q822407,http://vocab.getty.edu/page/ulan/500054662
212275,Square,Square,ca. 1550,,,,"Embroidered net, buratto, silk",L. 21 x W. 16 1/2 inches (53.3 x 41.9 cm),,,,,,,,,,,,European Sculpture and Decorative Arts,Textiles-Laces,,False,True,https://www.metmuseum.org/art/collection/search/212275,https://images.metmuseum.org/CRDImages/es/original/DP7969.jpg,2,,,
230638,Fragment,Fragment,late 18th century,,,,Silk,Overall: 11 1/8 x 10 1/8 in. (28.3 x 25.7 cm),,,,,,,,,,,,European Sculpture and Decorative Arts,Textiles-Velvets,,False,True,https://www.metmuseum.org/art/collection/search/230638,https://images.metmuseum.org/CRDImages/es/original/DP103903.jpg,1,,,
191089,"Double Louis-d'or of Louis XV of France, 1750",Coin,1759,,,,Gold,Diameter: 1 3/16 in. (30 mm.),,,,,Men|Profiles|Coins|Coat of Arms,Joseph-Charles Roettiers,Maker,French,1691,1779,,European Sculpture and Decorative Arts,Coins,"French, Paris 1691–1779 Paris",False,True,https://www.metmuseum.org/art/collection/search/191089,https://images.metmuseum.org/CRDImages/es/original/139186.jpg,1,,https://www.wikidata.org/wiki/Q3184749,http://vocab.getty.edu/page/ulan/500073014
206531,Sofa (canapé à confidents),Sofa,ca. 1765,,,,"Carved and gilded beech, modern silk lampas",H. 41 x W. 76 x D. 31 in.  (104.1 x 193.0 x 78.7 cm),,,,,,Jean-Jacques Pothier,Maker,,1750,1780,,European Sculpture and Decorative Arts,Woodwork-Furniture,"master 1750, working until ca. 1780",False,True,https://www.metmuseum.org/art/collection/search/206531,https://images.metmuseum.org/CRDImages/es/original/SF1976_155_167.jpg,1,https://www.wikidata.org/wiki/Q116310408,https://www.wikidata.org/wiki/Q54887759,http://vocab.getty.edu/page/ulan/500106396
229923,Letter with textile samples,Letter with textile samples,late 18th–early 19th century,,,,,,,,,,,,,,,,,European Sculpture and Decorative Arts,Textiles-Archives,,False,True,https://www.metmuseum.org/art/collection/search/229923,https://images.metmuseum.org/CRDImages/es/original/DP7463.jpg,1,,,
210049,Comb (part of a set),Comb,1848–49,,,,Tortoiseshell,7 3/16 × 1 7/16 in. (18.3 × 3.7 cm),,,,,,,,,,,,European Sculpture and Decorative Arts,Metalwork-Silver In Combination,,False,True,https://www.metmuseum.org/art/collection/search/210049,https://images.metmuseum.org/CRDImages/es/original/189797.jpg,0,,,
221280,Tassel,Tassel,17th century,,,,Linen,"L. 1 1/2 inches
3.8 cm",,,,,,,,,,,,European Sculpture and Decorative Arts,Textiles-Trimmings,,False,True,https://www.metmuseum.org/art/collection/search/221280,https://images.metmuseum.org/CRDImages/es/original/DP6673_21.83.91.jpg,0,,,
215786,Piece (one of 116),Piece,19th century,,,,Cotton,"3 1/2 x 5 inches
8.9 x 12.7 cm",,,,,Flowers|Leaves,,,,,,,European Sculpture and Decorative Arts,Textiles-Printed,,False,True,https://www.metmuseum.org/art/collection/search/215786,https://images.metmuseum.org/CRDImages/es/original/DP552.jpg,1,,,
191183,"Portrait of Cardinal Pietro Bembo, Venetian Humanist (b. 1470, Cardinal 1538, d. 1547)",Medal,ca. 1547,,,,"Bronze, cast",Diameter: 2 1/4 in. (5.7 cm),,,,,Men|Profiles,Danese Cattaneo,Maker,Italian,1512,1572,,European Sculpture and Decorative Arts,Medals and Plaquettes,"Italian, ca. 1512–1572",False,True,https://www.metmuseum.org/art/collection/search/191183,https://images.metmuseum.org/CRDImages/es/original/DP147770.jpg,1,,https://www.wikidata.org/wiki/Q1080223,http://vocab.getty.edu/page/ulan/500029294
222841,Edging,Edging,mid-18th century,,,,"Needle lace, point d’Alençon, point d'Argentan","L. 38 1/4 x W. 2 7/8 inches
97.2 x 7.3 cm",,,,,,,,,,,,European Sculpture and Decorative Arts,Textiles-Laces,,False,True,https://www.metmuseum.org/art/collection/search/222841,https://images.metmuseum.org/CRDImages/es/original/DP101302.jpg,0,,,
202341,"Africa, from Allegories of the Four Continents",Figure,1781–88,,,,Hard-paste porcelain,Overall (confirmed): 9 13/16 x 4 7/8 x 4 9/16 in. (24.9 x 12.4 x 11.6 cm),,,,,Men|Lions,Fulda Pottery and Porcelain Manufactory,Manufactory,German,1764,1789,,European Sculpture and Decorative Arts,Ceramics-Porcelain,"German, 1764–1789",False,True,https://www.metmuseum.org/art/collection/search/202341,https://images.metmuseum.org/CRDImages/es/original/DP-12282-001.jpg,5,https://www.wikidata.org/wiki/Q111091349,,
228744,President George Washington,Portrait,1893,,,,Silk,H. 22 3/4 x W. 18 inches (57.8 x 45.7 cm),,,,,George Washington|Portraits,Mathevon et Bouvard,Manufactory,,,,,European Sculpture and Decorative Arts,Textiles-Woven,,False,True,https://www.metmuseum.org/art/collection/search/228744,https://images.metmuseum.org/CRDImages/es/original/168669.jpg,0,,,
224828,Sample,Sample,early 19th century,,,,Silk on felt,"L. 2 5/8 x W. 2 5/8 inches
6.7 x 6.7 cm",,,,,Plants,,,,,,,European Sculpture and Decorative Arts,Textiles-Embroidered,,False,True,https://www.metmuseum.org/art/collection/search/224828,https://images.metmuseum.org/CRDImages/es/original/DP2144.jpg,1,,,
213072,Ribbon,Ribbon,18th century,,,,Silk,2 1/4 x 19 inches (5.7 x 48.3 cm),,,,,,,,,,,,European Sculpture and Decorative Arts,Textiles-Trimmings,,False,True,https://www.metmuseum.org/art/collection/search/213072,https://images.metmuseum.org/CRDImages/es/original/79120.jpg,0,,,
189536,Allegory of Agriculture (one of a pair),Overdoor,1770–90,,,,"Oil on canvas, grisaille",Overall: 14 5/8 × 28 1/4 in. (37.1 × 71.8 cm),,,,,Agriculture|Trees,French Painter,Artist,,,,,European Sculpture and Decorative Arts,Paintings-Decorative,,False,True,https://www.metmuseum.org/art/collection/search/189536,https://images.metmuseum.org/CRDImages/es/original/ep07.225.268a.bw.R.jpg,1,,,
223754,Piece,Piece,18th century,,,,Silk,"L. 22 x W. 14 3/4 inches
55.9 x 37.5 cm",,,,,Flowers,,,,,,,European Sculpture and Decorative Arts,Textiles-Woven,,False,True,https://www.metmuseum.org/art/collection/search/223754,https://images.metmuseum.org/CRDImages/es/original/112496.jpg,0,,,
204744,Key,Key,19th century,,,,Cast iron,Length: 3 1/4 in. (8.3 cm),,,,,,,,,,,,European Sculpture and Decorative Arts,Metalwork-Iron,,False,True,https://www.metmuseum.org/art/collection/search/204744,https://images.metmuseum.org/CRDImages/es/original/187575.jpg,0,,,
214707,Piece,Piece,19th century,,,,Bobbin lace,L. 17 x W. 12 inches (43.2 x 30.5 cm),,,,,,,,,,,,European Sculpture and Decorative Arts,Textiles-Laces,,False,True,https://www.metmuseum.org/art/collection/search/214707,https://images.metmuseum.org/CRDImages/es/original/DP17408.jpg,1,,,
221910,Floral print,Floral print,1830–70,,,,Cotton,"L. 43 x W. 26 inches
109.2 x 66.0 cm",,,,,Flowers,,,,,,,European Sculpture and Decorative Arts,Textiles-Printed,,False,True,https://www.metmuseum.org/art/collection/search/221910,https://images.metmuseum.org/CRDImages/es/original/66410.jpg,0,,,
209341,Sealing wax case (étui),Étui,1777–78,,,,Gold,Length: 4 3/4 in. (12.1 cm),,,,,,,,,,,,European Sculpture and Decorative Arts,Metalwork-Gold and Platinum,,False,True,https://www.metmuseum.org/art/collection/search/209341,https://images.metmuseum.org/CRDImages/es/original/116427.jpg,0,,,
223560,Piece,Piece,16th–17th century,,,,Silk,L. 6 x W. 4 1/4 inches (15.2 x 10.8 cm),,,,,,,,,,,,European Sculpture and Decorative Arts,Textiles-Velvets,,False,True,https://www.metmuseum.org/art/collection/search/223560,https://images.metmuseum.org/CRDImages/es/original/110114.jpg,0,,,
209574,Fan,Fan,ca.1815–25,,,,"Ivory, chicken skin, paper",10 × 18 3/4 in. (25.4 × 47.6 cm),,,,,Couples|Men|Women,,,,,,,European Sculpture and Decorative Arts,Fans,,False,True,https://www.metmuseum.org/art/collection/search/209574,https://images.metmuseum.org/CRDImages/es/original/98572.jpg,0,,,
215997,Piece,Piece,19th century,,,,Cotton,"L. 3 1/2 x W. 6 3/8 inches (approx.)
8.9 x 16.2 cm",,,,,Flowers|Leaves,,,,,,,European Sculpture and Decorative Arts,Textiles-Printed,,False,True,https://www.metmuseum.org/art/collection/search/215997,https://images.metmuseum.org/CRDImages/es/original/DP1103.jpg,1,,,
208339,Saucer,Saucer,ca. 1770,,,,Hard-paste porcelain,Diameter: 5 1/2 in. (14 cm),,,,,Flowers,"Royal Porcelain Manufactory, Berlin",Factory,German,1763,9999,,European Sculpture and Decorative Arts,Ceramics-Porcelain,"German, founded 1763",False,True,https://www.metmuseum.org/art/collection/search/208339,https://images.metmuseum.org/CRDImages/es/original/SF1995_268_135.jpg,0,,https://www.wikidata.org/wiki/Q516134,http://vocab.getty.edu/page/ulan/500524769
213811,Galloon,Galloon,17th–18th century,,,,Metal thread,"12 1/2 x 3/4 inches
31.8 x 1.9 cm",,,,,,,,,,,,European Sculpture and Decorative Arts,Textiles-Trimmings,,False,True,https://www.metmuseum.org/art/collection/search/213811,https://images.metmuseum.org/CRDImages/es/original/DP5842.jpg,0,,,
173365,Bed curtain border,Border,1800–1850,,,,"Linen, silk, metal","60 x 17 1/2in. (152.4 x 44.5cm)
17 1/2 x 60 in. (44.5 x 152.4 cm)",,,,,Animals|Birds,,,,,,,European Sculpture and Decorative Arts,Textiles-Laces,,False,True,https://www.metmuseum.org/art/collection/search/173365,https://images.metmuseum.org/CRDImages/es/original/31.348_CP2.jpg,0,,,
231010,Belisarius and His Guide,Statuette group,1794,,,,"Bronze, mounted in a bronze circlet with floral ornament painted to resemble gilt bronze, into which is fitted the original rotating mechanism","H. 18 in., D. 14 3/8 in. (47.5 x 36.6 cm)",,,,,Men|Generals,Antoine Denis Chaudet,Artist,French,1763,1810,,European Sculpture and Decorative Arts,Sculpture-Bronze,"French, Paris 1763–1810 Paris",False,True,https://www.metmuseum.org/art/collection/search/231010,https://images.metmuseum.org/CRDImages/es/original/DP250361.jpg,6,https://www.wikidata.org/wiki/Q116306676,https://www.wikidata.org/wiki/Q601065,http://vocab.getty.edu/page/ulan/500003453
188372,Jug,Jug,19th century,,,,Ironstone china,Height: 7 1/2 in. (19.1 cm),,,,,,"Davenport, Longport",Factory,,1830,1876,,European Sculpture and Decorative Arts,Ceramics-Pottery,1830–1876,False,True,https://www.metmuseum.org/art/collection/search/188372,https://images.metmuseum.org/CRDImages/es/original/6284.jpg,0,,,
197147,Reliquary crucifix pendant,Pendant,probably 17th–18th century,,,,"Gold, enamel, pearls",Overall: 3 1/8 × 1 3/4 in. (7.9 × 4.4 cm),,,,,Christ|Crucifixion,,,,,,,European Sculpture and Decorative Arts,Jewelry,,False,True,https://www.metmuseum.org/art/collection/search/197147,https://images.metmuseum.org/CRDImages/es/original/DP-35221-001.jpg,0,,,
855778,"Gustavus Adolphus, King of Sweden (r. 1611–1632)",Medal,ca. 1611–1632,,,,Gilded silver?,Diameter (Confirmed): 15/16 in. × 1/16 in. (23.3 × 1 mm),,,,,,Unknown,Artist,,,,,European Sculpture and Decorative Arts,Medals and Plaquettes,,False,True,https://www.metmuseum.org/art/collection/search/855778,https://images.metmuseum.org/CRDImages/es/original/DP-34230-047.jpg,1,,https://www.wikidata.org/wiki/Q24238356,http://vocab.getty.edu/page/ulan/500125274
222183,Piece,Piece,late 18th century,,,,Silk and metal thread,19 × 22 in. (48.3 × 55.9 cm),,,,,Flowers|Leaves,,,,,,,European Sculpture and Decorative Arts,Textiles-Woven,,False,True,https://www.metmuseum.org/art/collection/search/222183,https://images.metmuseum.org/CRDImages/es/original/71369.jpg,0,,,
191794,Pair of candlesticks,Candlesticks,1723–24,,,,Silver,Height: 6 3/8 in. (16.2 cm),,,,,,John Clifton Sr.,Maker,,1723,1726,,European Sculpture and Decorative Arts,Metalwork-Silver,"warden in 1723, master in 1725",False,True,https://www.metmuseum.org/art/collection/search/191794,https://images.metmuseum.org/CRDImages/es/original/11161.jpg,0,,,
203055,Chinese musician (Malabar) (one of a pair),Figure,1760–65,,,,Hard-paste porcelain,Height: 12 1/4 in. (31.1 cm),,,,,Musical Instruments|Men|Women|Musicians,Meissen Manufactory,Manufactory,German,1710,9999,,European Sculpture and Decorative Arts,Ceramics-Porcelain,"German, 1710–present",False,True,https://www.metmuseum.org/art/collection/search/203055,https://images.metmuseum.org/CRDImages/es/original/183905.jpg,0,,https://www.wikidata.org/wiki/Q822407,http://vocab.getty.edu/page/ulan/500054662
237048,Table decoration in the form of a peacock,Figure,1787,,,,"Silver, partly gilded",Overall: 8 9/16 x 2 13/16 in. (21.8 x 7.2 cm),,,,,Peacocks,,,,,,,European Sculpture and Decorative Arts,Metalwork-Silver,,False,True,https://www.metmuseum.org/art/collection/search/237048,https://images.metmuseum.org/CRDImages/es/original/DP343082.jpg,3,,,
220001,Sample,Sample,ca. 1840,,,,Cotton,,,,,,Flowers,,,,,,,European Sculpture and Decorative Arts,Textiles-Printed,,False,True,https://www.metmuseum.org/art/collection/search/220001,https://images.metmuseum.org/CRDImages/es/original/43068.jpg,0,,,
189980,Pair of ornaments,Ornaments,18th century,,,,Gilt bronze,Diameter (each): 5 1/4 in. (13.3 cm),,,,,Faces,,,,,,,European Sculpture and Decorative Arts,Metalwork-Gilt Bronze,,False,True,https://www.metmuseum.org/art/collection/search/189980,https://images.metmuseum.org/CRDImages/es/original/5190.jpg,0,,,
213701,Fringe,Fringe,19th century,,,,Silk,"3 1/2 x 12 inches
8.9 x 30.5 cm",,,,,,,,,,,,European Sculpture and Decorative Arts,Textiles-Trimmings,,False,True,https://www.metmuseum.org/art/collection/search/213701,https://images.metmuseum.org/CRDImages/es/original/DP5567_08.103.205.jpg,0,,,
226703,Piece,Piece,second half 16th century,,,,Silk,"L. 43 x W. 21 1/2 inches (109.2 x 54.6 cm);
Former dimensions: l. 86 x W. 21 1/2 inches (218.4 x 54.6 cm)",,,,,,,,,,,,European Sculpture and Decorative Arts,Textiles-Woven,,False,True,https://www.metmuseum.org/art/collection/search/226703,https://images.metmuseum.org/CRDImages/es/original/126851.jpg,0,,,
202447,Medal,Medal,16th century,,,,Silver,Diameter: 1 3/8 in. (35 mm),,,,,Faces,,,,,,,European Sculpture and Decorative Arts,Medals and Plaquettes,,False,True,https://www.metmuseum.org/art/collection/search/202447,https://images.metmuseum.org/CRDImages/es/original/DP-39932-001.jpg,1,,,
215152,Fragment,Fragment,18th century,,,,Bobbin lace,L. 12 1/2 x W. 1 3/4 inches (32.4 x 4.4 cm),,,,,,,,,,,,European Sculpture and Decorative Arts,Textiles-Laces,,False,True,https://www.metmuseum.org/art/collection/search/215152,https://images.metmuseum.org/CRDImages/es/original/DP8071.jpg,1,,,
195502,Woman,Figure,1850–70,,,,Hard-paste biscuit porcelain,Height: 8 5/8 in. (21.9 cm),,,,,Women,,,,,,,European Sculpture and Decorative Arts,Ceramics-Porcelain,,False,True,https://www.metmuseum.org/art/collection/search/195502,https://images.metmuseum.org/CRDImages/es/original/65406.jpg,0,,,
203786,Candlestand,Candlestand,late 17th–early 18th century,,,,Walnut,"Height: 36 in. (91.4 cm);
Diameter of tray: 11 in. (27.9 cm)",,,,,,,,,,,,European Sculpture and Decorative Arts,Woodwork-Furniture,,False,True,https://www.metmuseum.org/art/collection/search/203786,https://images.metmuseum.org/CRDImages/es/original/DP-14061-063.jpg,0,,,
217460,Piece,Piece,19th century,,,,Cotton,"L. 3 3/8 x W. 6 3/8 inches (approx.)
8.6 x 16.2 cm",,,,,Stars,,,,,,,European Sculpture and Decorative Arts,Textiles-Printed,,False,True,https://www.metmuseum.org/art/collection/search/217460,https://images.metmuseum.org/CRDImages/es/original/DP1549.jpg,1,,,
201547,Chessmen (32),Chessmen,19th century,,,,Ivory,"Height (each king): 4 1/2 in. (11.4 cm);
Height (each pawn): 2 in. (5.1 cm)",,,,,Chess,,,,,,,European Sculpture and Decorative Arts,Chess Sets,,False,True,https://www.metmuseum.org/art/collection/search/201547,https://images.metmuseum.org/CRDImages/es/original/155489.jpg,0,,,
206238,Cup with cover,Cup with cover,1736–37,,,,Silver gilt,Height: 6 1/4 in. (15.9 cm),,,,,,Gottlieb Menzel,Maker,,1676,1757,,European Sculpture and Decorative Arts,Metalwork-Silver,"1676–1757, master 1709",False,True,https://www.metmuseum.org/art/collection/search/206238,https://images.metmuseum.org/CRDImages/es/original/ES4719.jpg,0,,https://www.wikidata.org/wiki/Q97140617,(not assigned)
201834,Jug with insetting and outside cover,Jug with cover,19th century,,,,Pewter,Height: 6 3/8 in. (16.2 cm),,,,,,,,,,,,European Sculpture and Decorative Arts,Metalwork-Pewter,,False,True,https://www.metmuseum.org/art/collection/search/201834,https://images.metmuseum.org/CRDImages/es/original/LC-54_188_41a-c-001.jpg,2,,,
194295,Sacrifice of Noah,Plate,ca. 1580–1610,,,,Faience (tin-glazed earthenware),3/8 × 9 in. (1 × 22.9 cm),,,,,Animals|Men|Fire|Noah,Bernard Salomon,Artist,French,1508,1561,,European Sculpture and Decorative Arts,Ceramics-Pottery,"French, ca. 1508–ca. 1561",False,True,https://www.metmuseum.org/art/collection/search/194295,https://images.metmuseum.org/CRDImages/es/original/DP214750.jpg,1,https://www.wikidata.org/wiki/Q116310690,https://www.wikidata.org/wiki/Q2898582,http://vocab.getty.edu/page/ulan/500015400
219053,Fragment,Fragment,19th century,,,,Silk,,,,,,Flowers|Leaves,,,,,,,European Sculpture and Decorative Arts,Textiles-Woven,,False,True,https://www.metmuseum.org/art/collection/search/219053,https://images.metmuseum.org/CRDImages/es/original/DP2353.jpg,1,,,
210118,Ice cream cup (Tasse à glace) (part of a service),Ice cream cup,ca. 1780,,,,Soft-paste porcelain,H. 2 1/2 in. (6.4 cm.); L. 2 7/8 in. (7.3 cm.),,,,,Flowers,Sèvres Manufactory,Manufactory,French,1740,9999,,European Sculpture and Decorative Arts,Ceramics-Porcelain,"French, 1740–present",False,True,https://www.metmuseum.org/art/collection/search/210118,https://images.metmuseum.org/CRDImages/es/original/110664.jpg,0,,https://www.wikidata.org/wiki/Q653307,http://vocab.getty.edu/page/ulan/500054661
189040,Button,Button,ca. 1873,,,,Silver filigree,,,,,,,Jacob Ulrich Holfeldt Tostrup,Maker,Norwegian,1806,1890,,European Sculpture and Decorative Arts,Metalwork-Silver,"Norwegian, Sande, near Stavanger 1806–1890 Christiana (now Oslo)",False,True,https://www.metmuseum.org/art/collection/search/189040,https://images.metmuseum.org/CRDImages/es/original/DP-36253-001.jpg,2,,,
214406,Fragment,Fragment,19th century,,,,Bobbin lace,"L. 5 x W. 2 inches
12.7 x 5.1 cm",,,,,,,,,,,,European Sculpture and Decorative Arts,Textiles-Laces,,False,True,https://www.metmuseum.org/art/collection/search/214406,https://images.metmuseum.org/CRDImages/es/original/DP8309.jpg,0,,,
229114,Textile sample book of ribbons,Sample book,ca. 1888–1890,,,,Silk,,,,,,,,,,,,,European Sculpture and Decorative Arts,Textiles-Sample Books,,False,True,https://www.metmuseum.org/art/collection/search/229114,https://images.metmuseum.org/CRDImages/es/original/DP6823_65.40.1.jpg,0,,,
194215,Watch,Watch,ca. 1645–50,,,,"Case and dial: painted enamel on gold; Movement: gilded brass and steel, partly blued",Overall: 2 5/8 × 2 5/16 in. (6.7 × 5.9 cm),,,,,Infants|Sheep|Madonna and Child|Saint John the Baptist,Jacques Goullons,Maker,French,1626,1671,,European Sculpture and Decorative Arts,Horology,"French, recorded 1626, active Paris ca. 1640–60, died 1671",False,True,https://www.metmuseum.org/art/collection/search/194215,https://images.metmuseum.org/CRDImages/es/original/DP340173.jpg,4,,https://www.wikidata.org/wiki/Q56841628,http://vocab.getty.edu/page/ulan/500524464
215421,Strip,Strip,16th century,,,,Cutwork,"L. 11 x W. 3 3/4 inches
27.9 x 9.5 cm",,,,,,,,,,,,European Sculpture and Decorative Arts,Textiles-Laces,,False,True,https://www.metmuseum.org/art/collection/search/215421,https://images.metmuseum.org/CRDImages/es/original/DP4272.jpg,2,,,
221345,Kerchief,Kerchief,19th century,,,,Pineapple fiber,L. 30 3/4 x W. 30 1/8 inches (78.1 x 76.5 cm),,,,,Flowers,,,,,,,European Sculpture and Decorative Arts,Textiles-Embroidered,,False,True,https://www.metmuseum.org/art/collection/search/221345,https://images.metmuseum.org/CRDImages/es/original/48632.jpg,0,,,
223751,Piece,Piece,1745–50,,,,Silk,L. 38 1/2 x W. 19 1/4 inches (97.8 x 48.9 cm),,,,,Flowers,,,,,,,European Sculpture and Decorative Arts,Textiles-Woven,,False,True,https://www.metmuseum.org/art/collection/search/223751,https://images.metmuseum.org/CRDImages/es/original/SC30300.jpg,0,,,
196885,Pair of balusters from a staircase,Baluster,first quarter 19th century,,,,Cast iron,each: 33 1/2 × 5 1/8 in. (85.1 × 13 cm),,,,,,,,,,,,European Sculpture and Decorative Arts,Metalwork-Iron,,False,True,https://www.metmuseum.org/art/collection/search/196885,https://images.metmuseum.org/CRDImages/es/original/86630.jpg,0,,,
236741,Side chair (one of a pair),Side chair,ca. 1735–40,,,,Mahogany,Overall: 36 × 26 × 25 1/2 in. (91.4 × 66 × 64.8 cm),,,,,Faces,,,,,,,European Sculpture and Decorative Arts,Woodwork-Furniture,,False,True,https://www.metmuseum.org/art/collection/search/236741,https://images.metmuseum.org/CRDImages/es/original/DP-14204-073.jpg,3,,,
229367,Piece,Piece,mid-19th century,,,,Mohair,"L. 21 3/4 x W. 31 3/4 inches
55.2 x 80.6 cm",,,,,Roses|Leaves,,,,,,,European Sculpture and Decorative Arts,Textiles-Printed,,False,True,https://www.metmuseum.org/art/collection/search/229367,https://images.metmuseum.org/CRDImages/es/original/DP16405.jpg,1,,,
199519,Fiddler,Figure,ca. 1745–50,,,,Lead-glazed earthenware,Height: 5 1/4 in. (13.3 cm),,,,,Men|Violins,Astbury-Whieldon,Maker,,,,,European Sculpture and Decorative Arts,Ceramics-Pottery,,False,True,https://www.metmuseum.org/art/collection/search/199519,https://images.metmuseum.org/CRDImages/es/original/DP-1372-059.jpg,0,,,
229383,Piece,Piece,16th century,,,,Silk,L. 5 3/4 x W. 22 1/2 inches (14.6 x 57.2 cm),,,,,Lions,,,,,,,European Sculpture and Decorative Arts,Textiles-Woven,,False,True,https://www.metmuseum.org/art/collection/search/229383,https://images.metmuseum.org/CRDImages/es/original/244601a.jpg,0,,,
194066,Watch,Watch,ca. 1620–25,,,,"Brass, gilded; silver; and blued steel",2 1/4 × 1 1/8 in. (5.7 × 2.9 cm),,,,,Houses|Churches|Sailing|Boats,Isaac Symms,Maker,British,1615,1628,,European Sculpture and Decorative Arts,Horology,"British, active 1615–28",False,True,https://www.metmuseum.org/art/collection/search/194066,https://images.metmuseum.org/CRDImages/es/original/DP-12603-026.jpg,3,,,
191270,Inkstand,Inkstand,ca. 1780–85,,,,"Sheffield plate, glass",3 × 6 3/4 in. (7.6 × 17.1 cm),,,,,,Richard Morton and Co.,Maker,,,,,European Sculpture and Decorative Arts,Metalwork-Silverplate,,False,True,https://www.metmuseum.org/art/collection/search/191270,https://images.metmuseum.org/CRDImages/es/original/SF10_16_11a-f.jpg,0,,,
769187,Galatea,Statuette,1906,,,,Cast silver; marble,"Confirmed field dimensions: 43 3/4 × 12 1/2 × 18 3/4 in. (111.1 × 31.8 × 47.6 cm)
figure: 31 1/2 × 12 3/16 × 13 3/8 in. (80 × 31 × 34 cm)
base: 21 15/16 × 10 5/8 × 13 3/8 in. (55.7 × 27 × 34 cm)",,,,,Children|Female Nudes|Galatea,Max Klinger,Artist,German,1857,1920,,European Sculpture and Decorative Arts,Sculpture,"German, Leipzig 1857–1920 Großjena",False,True,https://www.metmuseum.org/art/collection/search/769187,https://images.metmuseum.org/CRDImages/es/original/DP-15554-015.jpg,7,https://www.wikidata.org/wiki/Q116445039,https://www.wikidata.org/wiki/Q44252,http://vocab.getty.edu/page/ulan/500023867
893740,Snuffbox,Snuffbox,1750s,,,,Enamel on copper,confirmed: 1 1/8 × 2 7/16 × 2 1/16 in. (2.9 × 6.2 × 5.3 cm),,,,,,,,,,,,European Sculpture and Decorative Arts,Enamels-Painted,,False,True,https://www.metmuseum.org/art/collection/search/893740,https://images.metmuseum.org/CRDImages/es/original/DP-34076-001.jpg,0,,,
195930,Allegory of Trade,Standing cup with cover,ca. 1730,,,,Zwischengold glass,Overall (with cover): 10 1/2 × 3 1/8 in. (26.7 × 7.9 cm),,,,,Ships,,,,,,,European Sculpture and Decorative Arts,Glass,,False,True,https://www.metmuseum.org/art/collection/search/195930,https://images.metmuseum.org/CRDImages/es/original/69879.jpg,0,https://www.wikidata.org/wiki/Q116310520,,
195147,Taperstick,Taperstick,ca. 1740,,,,Glass,Height: 7 in. (17.8 cm),,,,,,,,,,,,European Sculpture and Decorative Arts,Glass,,False,True,https://www.metmuseum.org/art/collection/search/195147,https://images.metmuseum.org/CRDImages/es/original/DP-1505-011.jpg,0,,,
208332,Plate,Plate,ca. 1730–40,,,,Hard-paste porcelain,Diameter: 8 5/16 in. (21.1 cm),,,,,Birds|Flowers,,,,,,,European Sculpture and Decorative Arts,Ceramics-Porcelain-Export,,False,True,https://www.metmuseum.org/art/collection/search/208332,https://images.metmuseum.org/CRDImages/es/original/DP23003.jpg,0,,,
186097,Wineglass,Wineglass,17th century,,,,Glass,Overall: 5 3/4 × 4 in. (14.6 × 10.2 cm),,,,,,,,,,,,European Sculpture and Decorative Arts,Glass,,False,True,https://www.metmuseum.org/art/collection/search/186097,https://images.metmuseum.org/CRDImages/es/original/SF81_8_148.jpg,1,,,
229971,Edging,Edging,18th century,,,,"Needle lace, gros point lace, bobbin lace, silk lining","L. 3 3/4 x W. 25 inches
9.5 x 63.5 cm",,,,,Flowers,,,,,,,European Sculpture and Decorative Arts,Textiles-Laces,,False,True,https://www.metmuseum.org/art/collection/search/229971,https://images.metmuseum.org/CRDImages/es/original/DP16641.jpg,1,,,
199877,Female Callot dwarf,Figure,"modeled ca. 1715–20, decorated ca. 1730–35",,,,Hard-paste porcelain,Height: 3 1/4 in. (8.3 cm),,,,,Women,Meissen Manufactory,Manufactory,German,1710,9999,,European Sculpture and Decorative Arts,Ceramics-Porcelain,"German, 1710–present",False,True,https://www.metmuseum.org/art/collection/search/199877,https://images.metmuseum.org/CRDImages/es/original/142736.jpg,0,,https://www.wikidata.org/wiki/Q822407,http://vocab.getty.edu/page/ulan/500054662
229869,Cupid and Psyche,Piece,ca. 1810,,,,Cotton,"L. 36 3/8 x W. 38 3/4 inches (selvage to selvage)
92.4 x 98.4 cm",,,,,Birds|Cupid|Psyche,Jean-Baptiste Huet I,Designer,French,1745,1811,,European Sculpture and Decorative Arts,Textiles-Printed,"French, Paris 1745–1811 Paris",False,True,https://www.metmuseum.org/art/collection/search/229869,https://images.metmuseum.org/CRDImages/es/original/ERT410.jpg,1,,https://www.wikidata.org/wiki/Q2221472,http://vocab.getty.edu/page/ulan/500019878
229873,Length,Length,1770–90,,,,Silk,L. 52 x W. 19 1/4 inches (132.1 x 48.9 cm) (selvage to selvage),,,,,Flowers,,,,,,,European Sculpture and Decorative Arts,Textiles-Woven,,False,True,https://www.metmuseum.org/art/collection/search/229873,https://images.metmuseum.org/CRDImages/es/original/245891.jpg,0,,,
205209,Snuffbox,Snuffbox,ca. 1700,,,,Silver and oak,Width: 3 1/4 in. (8.3 cm),,,,,Men|Horses|Trees,,,,,,,European Sculpture and Decorative Arts,Metalwork-Silver In Combination,,False,True,https://www.metmuseum.org/art/collection/search/205209,https://images.metmuseum.org/CRDImages/es/original/DP-16097-103.jpg,3,,,
228719,Piece,Piece,18th century,,,,Cotton,"H. 32 x W. 34 3/4 inches (loom width)
81.3 x 88.3 cm",,,,,Flowers|Leaves,Neuchâtel,Manufactory,,,,,European Sculpture and Decorative Arts,Textiles-Printed,,False,True,https://www.metmuseum.org/art/collection/search/228719,https://images.metmuseum.org/CRDImages/es/original/DP-15653-001 main.jpg,2,,,
231243,"Length of cotton ""chintz""",Length,first quarter 18th century,,,,"Cotton, painted resist and mordant, dyed",Overall: 153 x 46 in. (388.6 x 116.8 cm),,,,,,,,,,,,European Sculpture and Decorative Arts,Textiles-Painted and Dyed,,False,True,https://www.metmuseum.org/art/collection/search/231243,https://images.metmuseum.org/CRDImages/es/original/DP208355.jpg,12,,,
202729,Miniature kettle with stand,Kettle with stand,18th century,,,,Silver,4 1/2 × 3 in. (11.4 × 7.6 cm),,,,,,,,,,,,European Sculpture and Decorative Arts,Metalwork-Silver-Miniature,,False,True,https://www.metmuseum.org/art/collection/search/202729,https://images.metmuseum.org/CRDImages/es/original/DP-13159-039.jpg,0,,,
225282,Piece,Piece,19th century,,,,,,,,,,,,,,,,,European Sculpture and Decorative Arts,Textiles-Trimmings,,False,True,https://www.metmuseum.org/art/collection/search/225282,https://images.metmuseum.org/CRDImages/es/original/DP7130.jpg,0,,,
216746,Fragment,Fragment,19th century,,,,Silk,L. 4 1/2 x W. 3 3/8 inches (11.4 x 8.6 cm),,,,,Flowers,,,,,,,European Sculpture and Decorative Arts,Textiles-Embroidered,,False,True,https://www.metmuseum.org/art/collection/search/216746,https://images.metmuseum.org/CRDImages/es/original/72207.jpg,0,,,
207067,Man from Kamchatka,Figure,ca. 1780–1800,,,,Hard-paste porcelain,Height: 8 9/16 in. (21.7 cm),,,,,Animals|Men,"Imperial Porcelain Manufactory, St. Petersburg",Manufactory,Russian,1744,9999,,European Sculpture and Decorative Arts,Ceramics-Porcelain,"Russian, 1744–present",False,True,https://www.metmuseum.org/art/collection/search/207067,https://images.metmuseum.org/CRDImages/es/original/ES6545.jpg,0,https://www.wikidata.org/wiki/Q44740109,https://www.wikidata.org/wiki/Q1303887,http://vocab.getty.edu/page/ulan/500331504
229074,Appliqué from an orphrey,Orphrey fragment,16th century,,,,"Silk, metal thread on canvas",H. 11 1/2 x W. 10 1/2 inches (29.2 x 26.7 cm),,,,,Madonna and Child,,,,,,,European Sculpture and Decorative Arts,Textiles-Embroidered,,False,True,https://www.metmuseum.org/art/collection/search/229074,https://images.metmuseum.org/CRDImages/es/original/202860.jpg,1,,,
220968,Edging and insertion,Edging and insertion,16th–17th century,,,,Bobbin lace,L. 11 x W. 4 inches (27.9 x 10.2 cm),,,,,,,,,,,,European Sculpture and Decorative Arts,Textiles-Laces,,False,True,https://www.metmuseum.org/art/collection/search/220968,https://images.metmuseum.org/CRDImages/es/original/DP3962.jpg,2,,,
192241,Spoon,Spoon,ca. 1690–early 18th century,,,,Silver,7 1/8 x 2 3/4 in.  (18.1 x 7 cm),,,,,,,,,,,,European Sculpture and Decorative Arts,Metalwork-Silver,,False,True,https://www.metmuseum.org/art/collection/search/192241,https://images.metmuseum.org/CRDImages/es/original/15475.jpg,0,,,
189438,Panel,Panel,18th century,,,,"Wood, gilt ornament on green ground",Overall: 40 1/2 × 29 in. (102.9 × 73.7 cm),,,,,Birds|Flowers,,,,,,,European Sculpture and Decorative Arts,Woodwork,,False,True,https://www.metmuseum.org/art/collection/search/189438,https://images.metmuseum.org/CRDImages/es/original/4184.jpg,0,,,
193853,Snuffbox with miniatures representing the Diversions of Love and dancing figure,"Snuffbox, painting","miniatures ca. 1775, box ca. 1838–47",,,,Gold; grisaille on enamel,"Box:  1-3/8 x 2-3/4 x 2-1/8 in.  (3.5 x 7.0 x 5.4 cm); Miniatures: Top, octagonal, 1 3/4 x 2 3/8 in. (44 x 61 mm); bottom, octagonal, 1 3/4 x 2 3/8 in. (44 x 61 mm); front 1 3/4 x 3/4 in. (43 x 18 mm); back 1 3/4 x 3/4 in. (43 x 18 mm); left side 3/4 x 1 in. (18 x 26 mm); right side 3/4 x 1 in. (18 x 26 mm); four chamfered corners, each 3/4 x 1/4 in. (18 x 7 mm)",,,,,Women|Dancing|Cupid|Trees,Jacques Joseph de Gault,Artist,French,1738,1812,,European Sculpture and Decorative Arts,Metalwork-Gold and Platinum,"French, 1738–after 1812",False,True,https://www.metmuseum.org/art/collection/search/193853,https://images.metmuseum.org/CRDImages/es/original/DP328642.jpg,6,,https://www.wikidata.org/wiki/Q21997158,http://vocab.getty.edu/page/ulan/500405372
221928,Floral print,Floral print,ca. 1790,,,,Linen,"L. 48 x W. 52 inches
121.9 x 132.1 cm",,,,,Flowers|Leaves,J. P. Meillier & Cie,Manufactory,,,,,European Sculpture and Decorative Arts,Textiles-Printed,,False,True,https://www.metmuseum.org/art/collection/search/221928,https://images.metmuseum.org/CRDImages/es/original/66412.jpg,0,,,
191900,Fruit dish,Fruit dish,ca. 1790,,,,Sheffield plate,7 1/2 × 9 in. (19.1 × 22.9 cm),,,,,,,,,,,,European Sculpture and Decorative Arts,Metalwork-Silverplate,,False,True,https://www.metmuseum.org/art/collection/search/191900,https://images.metmuseum.org/CRDImages/es/original/SF12_106_4.jpg,0,,,
230964,"William Pulteney, 1st Earl of Bath (1684–1764)",Medal,1744,,,,Bronze,Diameter: 54 mm,,,,,Men|Profiles,Jacques-Antoine Dassier,Artist,Swiss,1715,1759,,European Sculpture and Decorative Arts,Medals and Plaquettes,"Swiss, Geneva 1715–1759 Copenhagen",False,True,https://www.metmuseum.org/art/collection/search/230964,https://images.metmuseum.org/CRDImages/es/original/DP-1424-045.jpg,1,https://www.wikidata.org/wiki/Q116306699,https://www.wikidata.org/wiki/Q3157867,http://vocab.getty.edu/page/ulan/500123502
197808,Lithophane,Lithophane,mid-19th century,,,,Porcelain,5 7/8 × 4 7/8 in. (14.9 × 12.4 cm),,,,,Men|Portraits,"Royal Porcelain Manufactory, Berlin",Manufactory,German,1763,9999,,European Sculpture and Decorative Arts,Ceramics-Porcelain,"German, founded 1763",False,True,https://www.metmuseum.org/art/collection/search/197808,https://images.metmuseum.org/CRDImages/es/original/108630.jpg,0,,https://www.wikidata.org/wiki/Q516134,http://vocab.getty.edu/page/ulan/500524769
202549,Miniature bowl (part of a service),Bowl,ca. 1760–62,,,,Soft-paste porcelain with underglaze blue,Overall: 2 1/16 × 2 3/8 in. (5.2 × 6 cm),,,,,Flowers,Worcester factory,Factory,British,1751,2008,,European Sculpture and Decorative Arts,Ceramics-Porcelain,"British, 1751–2008",False,True,https://www.metmuseum.org/art/collection/search/202549,https://images.metmuseum.org/CRDImages/es/original/DP-15518-047.jpg,3,https://www.wikidata.org/wiki/Q116399803,https://www.wikidata.org/wiki/Q668894,http://vocab.getty.edu/page/ulan/500332804
221579,"The Swing (""L'Escarpolette"")",Furnishing textile,1789,,,,"Cotton, copperplate printed","a) L. 108 x W. 36 inches (274.3 x 91.4 cm)
b) L. 106 1/2 x W. 36 inches (270.5 x 91.4 cm)
c) L. 106 x W. 35 1/2 inches (269.2 x 90.2 cm)
d) L. 107 x W. 36 inches (271.8 x 91.4 cm)",,,,,,Oberkampf Manufactory,Manufactory,French,1760,1843,,European Sculpture and Decorative Arts,Textiles-Printed,"French, active 1760–1843",False,True,https://www.metmuseum.org/art/collection/search/221579,https://images.metmuseum.org/CRDImages/es/original/DP-40379-028.jpg,3,,,http://vocab.getty.edu/page/ulan/500336160
212337,Piece,Piece,late 17th–early 18th century,,,,"Bobbin lace, Milanese lace",L. 30 x W. 12 inches (76.2 x 30.5 cm),,,,,,,,,,,,European Sculpture and Decorative Arts,Textiles-Laces,,False,True,https://www.metmuseum.org/art/collection/search/212337,https://images.metmuseum.org/CRDImages/es/original/DP5192.jpg,2,,,
203829,Side table,Side table,ca. 1788,,,,Satinwood and mahogany veneer,Overall: 33 × 51 × 22 1/2 in. (83.8 × 129.5 × 57.2 cm),,,,,,,,,,,,European Sculpture and Decorative Arts,Woodwork-Furniture,,False,True,https://www.metmuseum.org/art/collection/search/203829,https://images.metmuseum.org/CRDImages/es/original/DP-14129-183.jpg,0,,,
212698,Cover,Cover,16th century,,,,"Drawnwork, punto avorio, linen","L. 72 x W. 38 inches
182.9 x 96.5 cm",,,,,Animals,,,,,,,European Sculpture and Decorative Arts,Textiles-Laces,,False,True,https://www.metmuseum.org/art/collection/search/212698,https://images.metmuseum.org/CRDImages/es/original/158991.jpg,1,,,
223534,Piece,Piece,16th–17th century,,,,Silk,L. 20 3/4 x W. 3 1/2 inches (52.7 x 8.9 cm),,,,,,,,,,,,European Sculpture and Decorative Arts,Textiles-Velvets,,False,True,https://www.metmuseum.org/art/collection/search/223534,https://images.metmuseum.org/CRDImages/es/original/110421.jpg,0,,,
187867,Plateau,Plateau,16th century,,,,Tin-glazed and luster-painted earthenware,Diameter: 12 3/4 in. (32.4 cm),,,,,Cross,,,,,,,European Sculpture and Decorative Arts,Ceramics-Pottery,,False,True,https://www.metmuseum.org/art/collection/search/187867,https://images.metmuseum.org/CRDImages/es/original/sf94_4_363.jpg,0,https://www.wikidata.org/wiki/Q116311606,,
220830,Strip,Strip,16th century,,,,Cutwork,"L. 14 1/2 x W. 7 inches
36.8 x 17.8 cm",,,,,,,,,,,,European Sculpture and Decorative Arts,Textiles-Laces,,False,True,https://www.metmuseum.org/art/collection/search/220830,https://images.metmuseum.org/CRDImages/es/original/47655.jpg,0,,,
222289,Galloon,Galloon,18th–19th century,,,,Silk,"L. 17 x W. 2 5/8 inches
43.2 x 6.7 cm",,,,,Coat of Arms,,,,,,,European Sculpture and Decorative Arts,Textiles-Trimmings,,False,True,https://www.metmuseum.org/art/collection/search/222289,https://images.metmuseum.org/CRDImages/es/original/DP6242_29.64.29.jpg,0,,,
222511,Fragment,Fragment,18th century,,,,Linen,"H. 16 1/2 x W. 14 1/2 inches
41.9 x 36.8 cm",,,,,Men|Horses,,,,,,,European Sculpture and Decorative Arts,Textiles-Printed,,False,True,https://www.metmuseum.org/art/collection/search/222511,https://images.metmuseum.org/CRDImages/es/original/DP2502.jpg,1,,,
225948,Piece,Piece,19th century,,,,Silk,,,,,,Flowers,,,,,,,European Sculpture and Decorative Arts,Textiles-Woven,,False,True,https://www.metmuseum.org/art/collection/search/225948,https://images.metmuseum.org/CRDImages/es/original/DP7394.jpg,0,,,
229547,Coverlet,Coverlet,1830s,,,,Silk,,,,,,,,,,,,,European Sculpture and Decorative Arts,Textiles-Woven,,False,True,https://www.metmuseum.org/art/collection/search/229547,https://images.metmuseum.org/CRDImages/es/original/210902.jpg,0,,,
193877,Snuffbox with mythological scenes,"Snuffbox, painting",18th century,,,,"Gold, enamel, diamonds",3 5/8 × 2 3/4 in. (9.2 × 7 cm),,,,,Men|Women|Cupid,,,,,,,European Sculpture and Decorative Arts,Metalwork-Gold and Platinum,,False,True,https://www.metmuseum.org/art/collection/search/193877,https://images.metmuseum.org/CRDImages/es/original/38949.jpg,0,,,
225280,Piece,Piece,19th century,,,,,,,,,,,,,,,,,European Sculpture and Decorative Arts,Textiles-Trimmings,,False,True,https://www.metmuseum.org/art/collection/search/225280,https://images.metmuseum.org/CRDImages/es/original/DP7130.jpg,0,,,
205310,The Mourning Virgin,Statue,early 18th century,,,,"Lindenwood, polychromed and gilded",Height: 38 1/8 in. (96.8 cm),,,,,Sadness|Virgin Mary,,,,,,,European Sculpture and Decorative Arts,Sculpture,,False,True,https://www.metmuseum.org/art/collection/search/205310,https://images.metmuseum.org/CRDImages/es/original/DT7238.jpg,0,https://www.wikidata.org/wiki/Q116373984,,
229084,Needlepoint valance (one of three),Valance,1604,,,,Silk and metal thread on canvas,H. 9 3/4 x L. 89 1/2 inches (24.8 x 227.3 cm),,,,,Male Nudes|Female Nudes|Flowers,,,,,,,European Sculpture and Decorative Arts,Textiles-Embroidered,,False,True,https://www.metmuseum.org/art/collection/search/229084,https://images.metmuseum.org/CRDImages/es/original/200536.jpg,2,,,
197551,Bowl,Bowl,ca. 1750–70,,,,Salt-glazed stoneware,"Height: 3 1/4 in. (8.3 cm);
Diameter: 6 5/8 in. (16.8 cm)",,,,,,,,,,,,European Sculpture and Decorative Arts,Ceramics-Pottery,,False,True,https://www.metmuseum.org/art/collection/search/197551,https://images.metmuseum.org/CRDImages/es/original/99628.jpg,0,,,
218771,Fragment,Fragment,early 18th century,,,,Needle lace,L. 6 x W. 6 3/4 inches (15.2 x 17.1 cm),,,,,,,,,,,,European Sculpture and Decorative Arts,Textiles-Laces,,False,True,https://www.metmuseum.org/art/collection/search/218771,https://images.metmuseum.org/CRDImages/es/original/DP4574.jpg,1,,,
237042,Wine decanter,Wine decanter,1779,,,,"Silver, partly gilded",Overall: 12 13/16 x 4 7/16 in. (32.5 x 11.2 cm),,,,,Coat of Arms,Johannes Szakáll,Maker,,1748,1772,,European Sculpture and Decorative Arts,Metalwork-Silver,active 1748–72,False,True,https://www.metmuseum.org/art/collection/search/237042,https://images.metmuseum.org/CRDImages/es/original/DP338170.jpg,1,,,
219635,Piece,Piece,1725–50,,,,Silk and metal thread,20 x 20 3/4 inches (50.8 x 52.7 cm),,,,,Flowers|Leaves,,,,,,,European Sculpture and Decorative Arts,Textiles-Woven,,False,True,https://www.metmuseum.org/art/collection/search/219635,https://images.metmuseum.org/CRDImages/es/original/20021.jpg,0,,,
221023,Edging,Edging,17th century,,,,Bobbin lace,L. 10 1/4 x W. 2 3/4 inches (26.0 x 7.0 cm),,,,,,,,,,,,European Sculpture and Decorative Arts,Textiles-Laces,,False,True,https://www.metmuseum.org/art/collection/search/221023,https://images.metmuseum.org/CRDImages/es/original/DP4003.jpg,2,,,
206695,Tankard,Tankard,first quarter 18th century,,,,Pewter,7 × 5 1/8 in. (17.8 × 13 cm),,,,,,W. B. (?),Maker,British,1700,1725,,European Sculpture and Decorative Arts,Metalwork-Pewter,first quarter of 18th century,False,True,https://www.metmuseum.org/art/collection/search/206695,https://images.metmuseum.org/CRDImages/es/original/DP-13947-010.jpg,1,,,
216355,Piece,Piece,16th–17th century,,,,Silk,Overall: 18 3/4 x 10 1/4 in. (47.6 x 26 cm),,,,,,,,,,,,European Sculpture and Decorative Arts,Textiles-Woven,,False,True,https://www.metmuseum.org/art/collection/search/216355,https://images.metmuseum.org/CRDImages/es/original/6759.jpg,1,,,
199512,Dog,Figure,early 17th century,,,,Tin-glazed earthenware,4 × 5 1/4 in. (10.2 × 13.3 cm),,,,,Dogs,,,,,,,European Sculpture and Decorative Arts,Ceramics-Pottery,,False,True,https://www.metmuseum.org/art/collection/search/199512,https://images.metmuseum.org/CRDImages/es/original/DP-23634-077.jpg,0,,,
230018,Armrests,Upholstery panels,ca. 1766–71,,,,"Silk, wool","(a): 11 7/8 × 6 1/2 in. (30.2 × 16.5 cm)
(b): 12 3/4 × 7 1/4 in. (32.4 × 18.4 cm)",,,,,Flowers,Manufacture Nationale des Gobelins,Manufactory,French,1662,1799,,European Sculpture and Decorative Arts,Textiles-Tapestries,"French, established 1662",False,True,https://www.metmuseum.org/art/collection/search/230018,https://images.metmuseum.org/CRDImages/es/original/ES8633.jpg,1,,https://www.wikidata.org/wiki/Q732312,http://vocab.getty.edu/page/ulan/500310583
213626,Fringe,Fringe,19th century,,,,Cotton and metal thread,"11 3/4 x 7 1/2 inches
29.8 x 19.1 cm",,,,,,,,,,,,European Sculpture and Decorative Arts,Textiles-Trimmings,,False,True,https://www.metmuseum.org/art/collection/search/213626,https://images.metmuseum.org/CRDImages/es/original/DP5714_08.103.130.jpg,0,,,
202819,Miniature monteith,Monteith,1690/91,,,,Silver,Overall: 1 1/16 × 2 1/4 in. (2.7 × 5.7 cm),,,,,,George Manjoy,Maker,British,1685,1685,,European Sculpture and Decorative Arts,Metalwork-Silver-Miniature,"British, active 1685–ca. 1720",False,True,https://www.metmuseum.org/art/collection/search/202819,https://images.metmuseum.org/CRDImages/es/original/DP-12210-035.jpg,0,,,
207144,Peasant Woman with Child,Figure,ca. 1750–60,,,,Soft-paste porcelain,Height: 7 3/16 in. (18.3 cm),,,,,Women,Mennecy,Factory,,,,,European Sculpture and Decorative Arts,Ceramics-Porcelain,,False,True,https://www.metmuseum.org/art/collection/search/207144,https://images.metmuseum.org/CRDImages/es/original/DP344969.jpg,1,https://www.wikidata.org/wiki/Q116307109,,
223090,Flowers in a silver vase,Panel,late 17th or early 18th century,,,,"Wool (143-169 knots per sq. inch, 25 per sq. cm.)","H. 27 1/2 x W. 24 inches
69.9 x 61 cm",,,,,Flowers,Savonnerie Manufactory,Manufactory,,1626,2050,,European Sculpture and Decorative Arts,Textiles-Woven,"Manufactory, established 1626; Manufacture Royale, established 1663",False,True,https://www.metmuseum.org/art/collection/search/223090,https://images.metmuseum.org/CRDImages/es/original/102017.jpg,0,,https://www.wikidata.org/wiki/Q3287048,http://vocab.getty.edu/page/ulan/500034087
213838,Galloon,Galloon,17th–18th century,,,,Silk and metal thread,"14 x 1 inch
35.6 x 2.5 cm",,,,,,,,,,,,European Sculpture and Decorative Arts,Textiles-Trimmings,,False,True,https://www.metmuseum.org/art/collection/search/213838,https://images.metmuseum.org/CRDImages/es/original/DP5773_08.103.341.jpg,0,,,
224956,Galloon,Galloon,late 18th–early 19th century,,,,Metal thread,"L. 12 1/2 x W. 1 1/4 inches
31.8 x 3.2 cm",,,,,Flowers,,,,,,,European Sculpture and Decorative Arts,Textiles-Trimmings,,False,True,https://www.metmuseum.org/art/collection/search/224956,https://images.metmuseum.org/CRDImages/es/original/DP5983.jpg,0,,,
223036,Sample,Sample,late 18th–early 19th century,,,,Silk on wool,L. 8 1/4 x W. 7 1/4 inches (21 x 18.4 cm),,,,,Flowers,Jean François Bony,Designer,French,1760,1825,,European Sculpture and Decorative Arts,Textiles-Embroidered,"French, Givors 1760–1825 Paris",False,True,https://www.metmuseum.org/art/collection/search/223036,https://images.metmuseum.org/CRDImages/es/original/AR976.jpg,1,,https://www.wikidata.org/wiki/Q3165480,http://vocab.getty.edu/page/ulan/500108030
216409,Piece,Piece,16th–17th century,,,,Silk and metal thread,Overall: 7 1/4 x 5 in. (18.4 x 12.7 cm),,,,,,,,,,,,European Sculpture and Decorative Arts,Textiles-Woven,,False,True,https://www.metmuseum.org/art/collection/search/216409,https://images.metmuseum.org/CRDImages/es/original/72657.jpg,0,,,
194153,Watch,Watch,ca. 1805,,,,"Metal, enamel",Diameter: 1 3/4 in. (4.4 cm),,,,,Houses|Boats,,,,,,,European Sculpture and Decorative Arts,Horology,,False,True,https://www.metmuseum.org/art/collection/search/194153,https://images.metmuseum.org/CRDImages/es/original/SF17_190_1562_img1.jpg,5,,,
213549,Tassel,Tassel,19th century,,,,Silk and metal thread,"L. 6 1/2 inches
16.5 cm",,,,,,,,,,,,European Sculpture and Decorative Arts,Textiles-Trimmings,,False,True,https://www.metmuseum.org/art/collection/search/213549,https://images.metmuseum.org/CRDImages/es/original/DP655408.53.jpg,0,,,
201399,Pair of candlestands,Candlestands,ca. 1735,,,,Linden wood; cut and gilded gesso; Tegernsee limestone top,Height (.1): 34 5/8 in. (87.9 cm); Height (.2): 34 3/4 in. (88.3 cm); Diameter (each): 10 1/4 in. (26 cm),,,,,,,,,,,,European Sculpture and Decorative Arts,Woodwork-Furniture,,False,True,https://www.metmuseum.org/art/collection/search/201399,https://images.metmuseum.org/CRDImages/es/original/DP106631.jpg,7,https://www.wikidata.org/wiki/Q116310636,,
193730,Watch,Watch,ca. 1640,,,,"Case: rock crystal and gold, partly enameled; Movement: gilded brass and steel, partly blued",Overall: 1 1/2 × 1 1/8 in. (3.8 × 2.9 cm),,,,,,Jacob Wybrants,Maker,,1635,1678,,European Sculpture and Decorative Arts,Horology,recorded 1635–78,False,True,https://www.metmuseum.org/art/collection/search/193730,https://images.metmuseum.org/CRDImages/es/original/DP305408.jpg,1,,,
201733,Mustard pot and stand (moutardier ordinaire),Mustard pot and stand,ca. 1752–53,,,,Soft-paste porcelain,"Height (mustard pot .25a, b): 3 3/8 in. (8.6 cm);
Overall (stand .26): 1 1/2 × 6 7/8 × 5 5/16 in. (3.8 × 17.5 × 13.5 cm)",,,,,Flowers,Vincennes Manufactory,Manufactory,French,1740,1756,,European Sculpture and Decorative Arts,Ceramics-Porcelain,"French, ca. 1740–1756",False,True,https://www.metmuseum.org/art/collection/search/201733,https://images.metmuseum.org/CRDImages/es/original/ES4313.jpg,0,,https://www.wikidata.org/wiki/Q3287039,http://vocab.getty.edu/page/ulan/500055302
202452,The Entombment,Plaquette,16th century,,,,Bronze,4 9/16 × 3 13/16 in. (11.6 × 9.7 cm),,,,,Sadness|Christ|Entombment,,,,,,,European Sculpture and Decorative Arts,Medals and Plaquettes,,False,True,https://www.metmuseum.org/art/collection/search/202452,https://images.metmuseum.org/CRDImages/es/original/171239.jpg,0,,,
220643,Border,Border,late 18th century,,,,Bobbin lace,L. 5 1/2 x W. 2 1/2 inches (14.0 x 6.4 cm),,,,,,,,,,,,European Sculpture and Decorative Arts,Textiles-Laces,,False,True,https://www.metmuseum.org/art/collection/search/220643,https://images.metmuseum.org/CRDImages/es/original/DP3611.jpg,1,,,
187336,Jug,Jug,18th century,,,,Glass,Height: 4 1/2 in. (11.4 cm),,,,,,,,,,,,European Sculpture and Decorative Arts,Glass,,False,True,https://www.metmuseum.org/art/collection/search/187336,https://images.metmuseum.org/CRDImages/es/original/DP-28177-003.jpg,2,,,
189163,Amintas Freeing Sylvia,Group,ca. 1770,,,,Hard-paste porcelain,"Overall, without base (confirmed): 10 5/16 x 14 1/4 x 7 in. (26.2 x 36.2 x 17.8 cm)",,,,,Women|Female Nudes,Höchst Manufactory,Manufactory,German,1746,1796,,European Sculpture and Decorative Arts,Ceramics-Porcelain,"German, 1746–1796",False,True,https://www.metmuseum.org/art/collection/search/189163,https://images.metmuseum.org/CRDImages/es/original/DP155969.jpg,2,,https://www.wikidata.org/wiki/Q97105166,http://vocab.getty.edu/page/ulan/500331057
202088,Spoon,Spoon,1717–18,,,,Silver,Length: 8 1/16 in. (20.5 cm),,,,,,,,,,,,European Sculpture and Decorative Arts,Metalwork-Silver,,False,True,https://www.metmuseum.org/art/collection/search/202088,https://images.metmuseum.org/CRDImages/es/original/166752.jpg,0,,,
190622,Queen's visit to the city in 1837,Medal,19th century,,,,Bronze,,,,,,Profiles|Women,William Wyon,Artist,British,1795,1851,,European Sculpture and Decorative Arts,Medals and Plaquettes,"British, Birmingham 1795–1851 Brighton",False,True,https://www.metmuseum.org/art/collection/search/190622,https://images.metmuseum.org/CRDImages/es/original/DP-180-044.jpg,1,,https://www.wikidata.org/wiki/Q4102532,http://vocab.getty.edu/page/ulan/500117324
201414,"Albertine, Baronne de Nivenheim",Medallion,1768,,,,Medallion: cast terracotta (terre de Chaumont); frame: gilt wood,Diameter (without frame): 6 1/2 in. (16.5 cm),,,,,Profiles|Women,Jean-Baptiste Nini,Artist,Italian,1717,1786,,European Sculpture and Decorative Arts,Sculpture-Miniature,"Italian, Urbino 1717–1786 Chaumont-sur-Loire",False,True,https://www.metmuseum.org/art/collection/search/201414,https://images.metmuseum.org/CRDImages/es/original/153766.jpg,0,https://www.wikidata.org/wiki/Q116310610,https://www.wikidata.org/wiki/Q3164318,http://vocab.getty.edu/page/ulan/500109368
217401,Stocking leg,Stocking,19th century,,,,Knitted lace,L. 12 x W. 6 1/2 inches (30.5 x 16.5 cm),,,,,,,,,,,,European Sculpture and Decorative Arts,Textiles-Laces,,False,True,https://www.metmuseum.org/art/collection/search/217401,https://images.metmuseum.org/CRDImages/es/original/DP16392.jpg,1,,,
200834,Pair of pomade jars with covers,Pomade jar with covers,ca. 1750–60,,,,Soft-paste porcelain,"Height (each, with cover): 3 in. (7.6 cm)",,,,,Flowers,Mennecy,Factory,,,,,European Sculpture and Decorative Arts,Ceramics-Porcelain,,False,True,https://www.metmuseum.org/art/collection/search/200834,https://images.metmuseum.org/CRDImages/es/original/149465.jpg,0,,,
227163,Belt or girdle with a woven love poem,Belt,16th century,,,,Tapestry weave band with silk and metal thread,L. 66 x W. 2 1/2 inches (167.6 x 6.4 cm),,,,,,,,,,,,European Sculpture and Decorative Arts,Textiles-Woven,,False,True,https://www.metmuseum.org/art/collection/search/227163,https://images.metmuseum.org/CRDImages/es/original/DP159340.jpg,1,,,
202551,Miniature pitcher (part of a service),Pitcher,ca. 1760–62,,,,Soft-paste porcelain with underglaze blue,Height: 2 5/16 in. (5.9 cm),,,,,Flowers,Worcester factory,Factory,British,1751,2008,,European Sculpture and Decorative Arts,Ceramics-Porcelain,"British, 1751–2008",False,True,https://www.metmuseum.org/art/collection/search/202551,https://images.metmuseum.org/CRDImages/es/original/DP-15209-023.jpg,2,https://www.wikidata.org/wiki/Q116399812,https://www.wikidata.org/wiki/Q668894,http://vocab.getty.edu/page/ulan/500332804
224377,Piece,Piece,ca. 1760 (?),,,,Silk,"L. 9 3/4 x W. 8 1/2 inches
24.8 x 21.6 cm",,,,,Flowers|Leaves,,,,,,,European Sculpture and Decorative Arts,Textiles-Woven,,False,True,https://www.metmuseum.org/art/collection/search/224377,https://images.metmuseum.org/CRDImages/es/original/120329.jpg,0,,,
207241,Snuffbox in the Form of a Stag,Snuffbox,ca. 1760,,,,"Hard-paste porcelain, gold",Length: 3 7/8 in. (9.8 cm),,,,,Deer,Ludwigsburg Porcelain Manufactory,Manufactory,German,1758,1824,,European Sculpture and Decorative Arts,Ceramics-Porcelain,"German, 1758–1824",False,True,https://www.metmuseum.org/art/collection/search/207241,https://images.metmuseum.org/CRDImages/es/original/DT7161.jpg,0,https://www.wikidata.org/wiki/Q116310249,https://www.wikidata.org/wiki/Q2105490,http://vocab.getty.edu/page/ulan/500332682
227856,Piece,Piece,17th century,,,,Silk and metal thread,H. 27 x W. 42 inches (68.6 x 106.7 cm),,,,,Flowers|Leaves,,,,,,,European Sculpture and Decorative Arts,Textiles-Velvets,,False,True,https://www.metmuseum.org/art/collection/search/227856,https://images.metmuseum.org/CRDImages/es/original/160564.jpg,0,,,
206591,Tea caddy,Tea caddy,1747,,,,Tin-glazed earthenware,Height: 4 1/2 in. (11.4 cm),,,,,Men|Women,,,,,,,European Sculpture and Decorative Arts,Ceramics-Pottery,,False,True,https://www.metmuseum.org/art/collection/search/206591,https://images.metmuseum.org/CRDImages/es/original/216375.jpg,0,,,
230926,Chair seat covers (set of four),Upholstery panels,18th century,,,,"Linen, wool",a: L. 20 x W. 24 inches (50.8 x 61 cm); b: L. 19 x 23-1/2 inches (48.3 x 59.7 cm); c: L. 21 x 23-3/4 inches (53.3 x 59.7 cm); d: L. 18 x 22-3/4 inches (45.7 x 57.2 cm),,,,,Flowers,,,,,,,European Sculpture and Decorative Arts,Textiles-Embroidered,,False,True,https://www.metmuseum.org/art/collection/search/230926,https://images.metmuseum.org/CRDImages/es/original/DP2953.jpg,3,,,
200161,Mustard pot,Mustard pot,possibly 1739,,,,Silver,Height: 4 5/8 in. (11.7 cm),,,,,Faces|Coat of Arms,Christophe Troy,Maker,,1712,1767,,European Sculpture and Decorative Arts,Metalwork-Silver,master 1737,False,True,https://www.metmuseum.org/art/collection/search/200161,https://images.metmuseum.org/CRDImages/es/original/145551.jpg,6,,,
204036,Cup and saucer,Cup and saucer,18th century,,,,Soft-paste porcelain,,,,,,Men|Trees,Worcester factory,Factory,British,1751,2008,,European Sculpture and Decorative Arts,Ceramics-Porcelain,"British, 1751–2008",False,True,https://www.metmuseum.org/art/collection/search/204036,https://images.metmuseum.org/CRDImages/es/original/DP-1006-006.jpg,1,,https://www.wikidata.org/wiki/Q668894,http://vocab.getty.edu/page/ulan/500332804
215197,Piece,Piece,19th century,,,,Bobbin lace,L. 9 1/2 x W. 3 3/4 inches (24.1 x 9.5 cm),,,,,,,,,,,,European Sculpture and Decorative Arts,Textiles-Laces,,False,True,https://www.metmuseum.org/art/collection/search/215197,https://images.metmuseum.org/CRDImages/es/original/DP5126.jpg,1,,,
206424,Candlestick (one of a pair),Candlestick,ca. 1730,,,,Silver gilt,Height: 6 1/2 in. (16.5 cm),,,,,,,,,,,,European Sculpture and Decorative Arts,Metalwork-Silver,,False,True,https://www.metmuseum.org/art/collection/search/206424,https://images.metmuseum.org/CRDImages/es/original/208176.jpg,0,,,
208423,Square dish,Dish,ca. 1780,,,,Hard-paste porcelain,9 3/4 × 9 3/4 in. (24.8 × 24.8 cm),,,,,Birds|Flowers,Ansbach Pottery and Porcelain Manufactory,Manufactory,German,1758,1860,,European Sculpture and Decorative Arts,Ceramics-Porcelain,"German, 1758–1860",False,True,https://www.metmuseum.org/art/collection/search/208423,https://images.metmuseum.org/CRDImages/es/original/SF1995_268_238.jpg,0,,https://www.wikidata.org/wiki/Q2105534,(not assigned)
229546,Piece,Piece,last quarter 18th century,,,,Silk and metal thread,"L. 60 1/2 (irregular) x W. 21 inches
153.7 x 52.3 cm",,,,,Flowers|Leaves,,,,,,,European Sculpture and Decorative Arts,Textiles-Woven,,False,True,https://www.metmuseum.org/art/collection/search/229546,https://images.metmuseum.org/CRDImages/es/original/210384.jpg,0,,,
213572,Tassel,Tassel,19th century,,,,Silk,"L. 8 1/4 inches
21.0 cm",,,,,,,,,,,,European Sculpture and Decorative Arts,Textiles-Trimmings,,False,True,https://www.metmuseum.org/art/collection/search/213572,https://images.metmuseum.org/CRDImages/es/original/DP658208.76.jpg,0,,,
212592,"Ostrich Hunt (""Africa"")",Embroidered picture,late 17th century,,,,Silk on cardboard,L. 18 1/4 x W. 28 1/2 inches (46.4 x 72.4 cm),,,,,Birds|Hunting|Dogs|Horses|Trees,Leonardus Quesi,Maker,,1650,1750,,European Sculpture and Decorative Arts,Textiles-Embroidered,,False,True,https://www.metmuseum.org/art/collection/search/212592,https://images.metmuseum.org/CRDImages/es/original/28921.jpg,0,,,
855372,"Hugo Donellus (Doneau) 1527-91, famed law scholar",Medal,1590,,,,Lead,Confirmed: 2 1/16 × 1 9/16 in. (52 × 40 mm),,,,,,Georg Holdermann,Artist,,1585,1629,,European Sculpture and Decorative Arts,Medals and Plaquettes,ca. 1585–1629,False,True,https://www.metmuseum.org/art/collection/search/855372,https://images.metmuseum.org/CRDImages/es/original/DP-34092-008.jpg,0,,https://www.wikidata.org/wiki/Q97340250,http://vocab.getty.edu/page/ulan/500074496
221265,Pair of tassels,Tassels,17th century,,,,Linen,"L. (each) 1 1/2 inches
3.8 cm",,,,,,,,,,,,European Sculpture and Decorative Arts,Textiles-Trimmings,,False,True,https://www.metmuseum.org/art/collection/search/221265,https://images.metmuseum.org/CRDImages/es/original/DP6655_21.83.74-75.jpg,0,,,
215614,Fragment,Fragment,early 17th century,,,,"Velvet, silk and metal thread",L. 9 1/4 x W. 4 7/8 inches (23.5 x 12.4 cm),,,,,,,,,,,,European Sculpture and Decorative Arts,Textiles-Embroidered,,False,True,https://www.metmuseum.org/art/collection/search/215614,https://images.metmuseum.org/CRDImages/es/original/63660.jpg,0,,,
197483,Pew group,Figure group,ca. 1745,,,,Salt-glazed stoneware,7 1/2 × 8 3/8 in. (19.1 × 21.3 cm),,,,,Children|Women,,,,,,,European Sculpture and Decorative Arts,Ceramics-Pottery,,False,True,https://www.metmuseum.org/art/collection/search/197483,https://images.metmuseum.org/CRDImages/es/original/DP-1135-002.jpg,3,,,
223022,Lappet (one of a pair),Lappet,18th century,,,,"Drawnwork, muslin","L. 20 x W. 3 1/4 inches
50.8 x 8.3 cm",,,,,,,,,,,,European Sculpture and Decorative Arts,Textiles-Laces,,False,True,https://www.metmuseum.org/art/collection/search/223022,https://images.metmuseum.org/CRDImages/es/original/GT148h.jpg,2,,,
228557,Sampler,Sampler,1789,,,,Silk on wool canvas,H. 11 1/4 x W. 9 1/2 inches (28.6 x 24.1 cm),,,,,,,,,,,,European Sculpture and Decorative Arts,Textiles-Embroidered,,False,True,https://www.metmuseum.org/art/collection/search/228557,https://images.metmuseum.org/CRDImages/es/original/164730.jpg,0,,,
98307,Dress,Dress,18th–19th century,,,,cotton,Length: 56 in. (142.2 cm),,,,,,,,,,,,European Sculpture and Decorative Arts,Main dress,,False,True,https://www.metmuseum.org/art/collection/search/98307,https://images.metmuseum.org/CRDImages/es/original/26.233.9_F.jpg,3,,,
771072,Orb bottom vase with white and gold crane motif,Vase,1879,,,,Porcelain,confirmed: 6 3/16 × 5 × 5 in. (15.7 × 12.7 × 12.7 cm),,,,,,Worcester factory,Maker,British,1751,2008,,European Sculpture and Decorative Arts,Ceramics-Porcelain,"British, 1751–2008",False,True,https://www.metmuseum.org/art/collection/search/771072,https://images.metmuseum.org/CRDImages/es/original/DP-16489-205.jpg,4,,https://www.wikidata.org/wiki/Q668894,http://vocab.getty.edu/page/ulan/500332804
190147,Frieze ornament depicting the theme of reading and writing,Frieze ornament,before 1783,,,,Gilt bronze,3 3/4 × 3 1/8 in. (9.5 × 7.9 cm),,,,,Boys|Reading|Writing,,,,,,,European Sculpture and Decorative Arts,Metalwork-Gilt Bronze,,False,True,https://www.metmuseum.org/art/collection/search/190147,https://images.metmuseum.org/CRDImages/es/original/DP270754.jpg,1,,,
196056,Standing cup with cover,Standing cup with cover,early 17th century,,,,Glass,Overall (with cover): 22 × 4 in. (55.9 × 10.2 cm),,,,,Human Figures,,,,,,,European Sculpture and Decorative Arts,Glass,,False,True,https://www.metmuseum.org/art/collection/search/196056,https://images.metmuseum.org/CRDImages/es/original/69220.jpg,0,,,
215023,Cover,Cover,16th century,,,,Aloe fiber: drawnwork; bobbin lace edgeing,23 × 23 in. (58.4 × 58.4 cm),,,,,,,,,,,,European Sculpture and Decorative Arts,Textiles-Laces,,False,True,https://www.metmuseum.org/art/collection/search/215023,https://images.metmuseum.org/CRDImages/es/original/DP16544.jpg,1,,,
220047,Piece (one of three),Piece,18th century,,,,Bobbin lace,"L. 13 x W. 2 3/4 inches
33.0 x 7.0 cm",,,,,,,,,,,,European Sculpture and Decorative Arts,Textiles-Laces,,False,True,https://www.metmuseum.org/art/collection/search/220047,https://images.metmuseum.org/CRDImages/es/original/DP16058.jpg,0,,,
210146,Fan,Fan,late 18th century,,,,Ivory and gilt,"L. 10 1/2 x W. 17 inches
26.7 x 43.2 cm.",,,,,Women,,,,,,,European Sculpture and Decorative Arts,Fans,,False,True,https://www.metmuseum.org/art/collection/search/210146,https://images.metmuseum.org/CRDImages/es/original/DP-12912-001.jpg,1,,,
855470,Anointing of Saul | Biblical Scene,Medal,1600–1699,,,,Silver,Diameter (Confirmed): 2 1/16 × 3/16 in. (53 × 5.4 mm),,,,,,Unknown,Artist,,,,,European Sculpture and Decorative Arts,Medals and Plaquettes,,False,True,https://www.metmuseum.org/art/collection/search/855470,https://images.metmuseum.org/CRDImages/es/original/DP-34128-034.jpg,1,,https://www.wikidata.org/wiki/Q24238356,http://vocab.getty.edu/page/ulan/500125274
186104,Ewer,Ewer,1860–80,,,,Glass,Height: 7 3/4 in. (19.7 cm),,,,,,,,,,,,European Sculpture and Decorative Arts,Glass,,False,True,https://www.metmuseum.org/art/collection/search/186104,https://images.metmuseum.org/CRDImages/es/original/DP-28624-010.jpg,0,,,
230632,Fragment,Fragment,early 16th century,,,,"Silk, metal thread",Overall: 13 7/8 x 11 3/4 in. (35.2 x 29.8 cm),,,,,,,,,,,,European Sculpture and Decorative Arts,Textiles-Velvets,,False,True,https://www.metmuseum.org/art/collection/search/230632,https://images.metmuseum.org/CRDImages/es/original/DP103897.jpg,1,,,
199896,Chessman,Chessman,18th–19th century,,,,Soapstone,Height: 2 5/8 in. (6.7 cm),,,,,Chess|Horses|Games,,,,,,,European Sculpture and Decorative Arts,Chess Sets,,False,True,https://www.metmuseum.org/art/collection/search/199896,https://images.metmuseum.org/CRDImages/es/original/LC-48_174_9-001.jpg,0,,,
205708,A Youth at a Stream,Statuette,1844,,,,Lead with golden brown lacquer patination,Height: 21 1/2 in. (54.6 cm),,,,,Male Nudes,John Henry Foley,Artist,Irish,1818,1874,,European Sculpture and Decorative Arts,Sculpture,"Irish, Dublin 1818–1874 London",False,True,https://www.metmuseum.org/art/collection/search/205708,https://images.metmuseum.org/CRDImages/es/original/DP-13656-034.jpg,2,https://www.wikidata.org/wiki/Q116240694,https://www.wikidata.org/wiki/Q1925736,http://vocab.getty.edu/page/ulan/500248701
190868,Tile,Tile,1640–60,,,,Tin-glazed earthenware,Overall: 5 × 5 in. (12.7 × 12.7 cm),,,,,,,,,,,,European Sculpture and Decorative Arts,Ceramics-Pottery,,False,True,https://www.metmuseum.org/art/collection/search/190868,https://images.metmuseum.org/CRDImages/es/original/4762.jpg,0,https://www.wikidata.org/wiki/Q116397571,,
207893,Beaker,Beaker,ca. 1820–30,,,,Glass,H. 4 1/4 in. (10.8 cm.),,,,,,,,,,,,European Sculpture and Decorative Arts,Glass,,False,True,https://www.metmuseum.org/art/collection/search/207893,https://images.metmuseum.org/CRDImages/es/original/SFES1510D.jpg,0,,,
198280,Lovers (Venus and Adonis ?) in a landscape,Cameo,late 16th century,,,,Sardonyx,Overall: 15/16 x 1 1/4 in. (2.4 x 3.2 cm); visible cameo: 24.3 x 32.6 x 12.7 mm,,,,,Cupid|Adonis|Venus|Landscapes,,,,,,,European Sculpture and Decorative Arts,Lapidary Work-Gems,,False,True,https://www.metmuseum.org/art/collection/search/198280,https://images.metmuseum.org/CRDImages/es/original/DP157950.jpg,0,,,
209615,Fan,Fan,third quarter 18th century,,,,"Paper, ivory",10 1/2 x 19 1/2 in.  (26.7 x 49.5 cm),,,,,Musical Instruments|Barns|Farms|Men|Women|Dogs|Flowers|Trees|Baskets,,,,,,,European Sculpture and Decorative Arts,Fans,,False,True,https://www.metmuseum.org/art/collection/search/209615,https://images.metmuseum.org/CRDImages/es/original/100704.jpg,0,,,
197061,Venus and Cupid,Statuette group,late 16th–early 17th century,,,,"Bronze, remains of reddish-gold lacquer",5 × 2 3/4 in. (12.7 × 7 cm),,,,,Cupid|Venus,Giambologna,Artist,Netherlandish,1529,1608,,European Sculpture and Decorative Arts,Sculpture-Bronze,"Netherlandish, Douai 1529–1608 Florence",False,True,https://www.metmuseum.org/art/collection/search/197061,https://images.metmuseum.org/CRDImages/es/original/88053.jpg,1,,https://www.wikidata.org/wiki/Q220136,http://vocab.getty.edu/page/ulan/500016387
220359,Piece,Piece,1750–60,,,,Silk,9 1/4 x 16 3/4 inches (23.5 x 42.5 cm),,,,,Flowers|Leaves,,,,,,,European Sculpture and Decorative Arts,Textiles-Woven,,False,True,https://www.metmuseum.org/art/collection/search/220359,https://images.metmuseum.org/CRDImages/es/original/45983.jpg,0,,,
226284,Pair of lappets (part of a garniture),Lappets,1774–93,,,,"Needle lace, point d’Alençon","L. 23 1/2 x W. 3 1/2 inches
59.7 x 8.9 cm",,,,,,,,,,,,European Sculpture and Decorative Arts,Textiles-Laces,,False,True,https://www.metmuseum.org/art/collection/search/226284,https://images.metmuseum.org/CRDImages/es/original/DP18771.jpg,1,,,
186450,Horn,Horn,17th–18th century,,,,Glass,Overall: 6 1/2 × 3 3/4 in. (16.5 × 9.5 cm),,,,,,,,,,,,European Sculpture and Decorative Arts,Glass,,False,True,https://www.metmuseum.org/art/collection/search/186450,https://images.metmuseum.org/CRDImages/es/original/119010.jpg,0,,,
234903,Teacup and saucer,Teacup and saucer,ca. 1775,,,,Hard-paste porcelain,"Diameter, saucer: 5 1/2 in. (14 cm)
Overall, cup: 1 5/8 x 3 5/8 in. (4.1 x 9.2 cm)",,,,,Chickens|Roosters|Butterflies,Höchst Manufactory,Manufactory,German,1746,1796,,European Sculpture and Decorative Arts,Ceramics-Porcelain,"German, 1746–1796",False,True,https://www.metmuseum.org/art/collection/search/234903,https://images.metmuseum.org/CRDImages/es/original/SF2007_243_13ab.jpg,0,,https://www.wikidata.org/wiki/Q97105166,http://vocab.getty.edu/page/ulan/500331057
226553,Death of Prince Joseph Poniatowski (1763–1813),Embroidered picture,early 19th century,,,,Silk and metal thread on silk,H. 18 1/2 x W. 27 1/4 inches (47 x 69.2 cm),,,,,Birds|Bow and Arrow|Horses|Trees,Horace Vernet,Artist,French,1789,1863,,European Sculpture and Decorative Arts,Textiles-Embroidered,"French, Paris 1789–1863 Paris",False,True,https://www.metmuseum.org/art/collection/search/226553,https://images.metmuseum.org/CRDImages/es/original/DP7422.jpg,1,,https://www.wikidata.org/wiki/Q161145,http://vocab.getty.edu/page/ulan/500024243
210748,Sofa (Canapé) (part of a set),Sofa,ca. 1770,,,,"Carved and gilded mahogany, modern silk damask",Overall: 44 × 76 1/2 × 27 in. (111.8 × 194.3 × 68.6 cm),,,,,Camels,Sulpice Brizard,Maker,,1735,1798,,European Sculpture and Decorative Arts,Woodwork-Furniture,"ca. 1735–after 1798, master 1762",False,True,https://www.metmuseum.org/art/collection/search/210748,https://images.metmuseum.org/CRDImages/es/original/SF57_65_1.jpg,1,https://www.wikidata.org/wiki/Q116306848,,http://vocab.getty.edu/page/ulan/500065987
193889,Snuffbox,Snuffbox,1753–54,,,,"Gold, enamel",1 1/2 x 2 3/4 in. (3.8 x 7cm),,,,,Men|Women|Cats|Dogs|Trees,Guillaume Loir,Maker,,1686,1797,,European Sculpture and Decorative Arts,Metalwork-Gold and Platinum,"master 1716, retired 1767",False,True,https://www.metmuseum.org/art/collection/search/193889,https://images.metmuseum.org/CRDImages/es/original/SF17_190_1218.jpg,1,,,http://vocab.getty.edu/page/ulan/500032069
195464,Wineglass,Wineglass,ca. 1720,,,,Glass,Height: 7 1/4 in. (18.4 cm),,,,,Coat of Arms,,,,,,,European Sculpture and Decorative Arts,Glass,,False,True,https://www.metmuseum.org/art/collection/search/195464,https://images.metmuseum.org/CRDImages/es/original/63795.jpg,0,,,
212438,Band,Band,early 17th century,,,,"Needle lace, punto in aria",L. 19 x W. 3 inches (48.3 x 7.6 cm),,,,,Flowers,,,,,,,European Sculpture and Decorative Arts,Textiles-Laces,,False,True,https://www.metmuseum.org/art/collection/search/212438,https://images.metmuseum.org/CRDImages/es/original/GT250c.jpg,5,,,
195006,Plate,Plate,third quarter 18th century,,,,Pewter,Diameter: 9 3/4 in. (24.8 cm),,,,,,Thomas Giffin,Maker,,1760,1777,,European Sculpture and Decorative Arts,Metalwork-Pewter,working 1760–77,False,True,https://www.metmuseum.org/art/collection/search/195006,https://images.metmuseum.org/CRDImages/es/original/DP-13947-137.jpg,1,,,
222087,Panel,Panel,ca. 1784–85,,,,Cotton,"L. 96 x W. 87 inches
243.8 x 221.0 cm",,,,,Flowers,,,,,,,European Sculpture and Decorative Arts,Textiles-Printed,,False,True,https://www.metmuseum.org/art/collection/search/222087,https://images.metmuseum.org/CRDImages/es/original/67834.jpg,0,,,
203912,Satyr with vase (one of a pair),Statuette,ca. 1540–50,,,,Bronze,Height: 9 7/8 in. (25.1 cm),,,,,Satyrs|Urns,"Andrea Briosco, called Riccio",Artist,Italian,1470,1532,,European Sculpture and Decorative Arts,Sculpture-Bronze,"Italian, Trent 1470–1532 Padua",False,True,https://www.metmuseum.org/art/collection/search/203912,https://images.metmuseum.org/CRDImages/es/original/DP-458-001.jpg,1,,https://www.wikidata.org/wiki/Q283580,http://vocab.getty.edu/page/ulan/500025246
217115,Piece,Piece,19th century,,,,Silk on linen,L. 11 1/2 x W. (at bottom) 9 x (at top) 4 inches (29.2 x 22.9 x 10.2 cm),,,,,,,,,,,,European Sculpture and Decorative Arts,Textiles-Embroidered,,False,True,https://www.metmuseum.org/art/collection/search/217115,https://images.metmuseum.org/CRDImages/es/original/19754a.jpg,0,,,
221239,Pair of tassels,Tassels,17th century,,,,Linen,"L. (each) 2 1/4 inches
5.7 cm",,,,,,,,,,,,European Sculpture and Decorative Arts,Textiles-Trimmings,,False,True,https://www.metmuseum.org/art/collection/search/221239,https://images.metmuseum.org/CRDImages/es/original/DP6666_21.83.33-34.jpg,0,,,
213966,Galloon,Galloon,17th–18th century,,,,,"H. 12 1/4 x W. 2 1/4 inches
31.1 x 5.7 cm",,,,,,,,,,,,European Sculpture and Decorative Arts,Textiles-Trimmings,,False,True,https://www.metmuseum.org/art/collection/search/213966,https://images.metmuseum.org/CRDImages/es/original/DP6360.jpg,1,,,
230670,Fragment,Fragment,late 16th century,,,,,Overall: 8 1/4 x 8 7/8 in. (21 x 22.5 cm),,,,,Leaves,,,,,,,European Sculpture and Decorative Arts,Textiles-Velvets,,False,True,https://www.metmuseum.org/art/collection/search/230670,https://images.metmuseum.org/CRDImages/es/original/DP104042.jpg,1,,,
201231,Creamer (part of a service),Creamer,1750–70,,,,Hard-paste porcelain,Height: 4 3/4 in. (12.1 cm),,,,,Cupid|Venus,,,,,,,European Sculpture and Decorative Arts,Ceramics-Porcelain-Export,,False,True,https://www.metmuseum.org/art/collection/search/201231,https://images.metmuseum.org/CRDImages/es/original/ES1589.jpg,2,,,
206261,Candlestick (one of a pair),Candlestick,1753–55,,,,Silver gilt,Height: 8 1/4 in. (21 cm),,,,,,Johann Martin Satzger I,Maker,,1707,1785,,European Sculpture and Decorative Arts,Metalwork-Silver,"ca. 1707–1785, master 1737",False,True,https://www.metmuseum.org/art/collection/search/206261,https://images.metmuseum.org/CRDImages/es/original/205391.jpg,0,https://www.wikidata.org/wiki/Q116307887,,
191320,Plate,Plate,19th century,,,,Staffordshire printed ware,Diameter: 10 1/2 in. (26.7 cm),,,,,Houses|Landscapes|Trees|Boats,J. & G. Meakin,Factory,,1851,9999,,European Sculpture and Decorative Arts,Ceramics-Pottery,1851–present,False,True,https://www.metmuseum.org/art/collection/search/191320,https://images.metmuseum.org/CRDImages/es/original/7623.jpg,0,,https://www.wikidata.org/wiki/Q16958444,(not assigned)
205088,"State bed from Hampton Court, Herefordshire",State bed,ca. 1698,,,,Wood covered in blue silk damask,Overall: 12 ft. × 6 ft. 6 in. × 6 ft. (365.8 × 198.1 × 152.4 cm),,,,,,,,,,,,European Sculpture and Decorative Arts,Woodwork-Furniture,,False,True,https://www.metmuseum.org/art/collection/search/205088,https://images.metmuseum.org/CRDImages/es/original/DP-19162-006-JPG_TMS_4000px_300dpi.jpg,3,https://www.wikidata.org/wiki/Q116400292,,
206158,Snuffbox,Snuffbox,ca. 1750,,,,"Gold, enamel, hardstones, mother-of-pearl",Overall: 3 1/8 × 1 7/16 in. (7.9 × 3.7 cm),,,,,Human Figures|Houses|Flowers|Trees,,,,,,,European Sculpture and Decorative Arts,Metalwork-Gold and Platinum,,False,True,https://www.metmuseum.org/art/collection/search/206158,https://images.metmuseum.org/CRDImages/es/original/ES4669.jpg,1,,,
208754,"Fourth Form of the Afghanistan Medal, 1842",Medal,1842,,,,Bronze,Diameter: 1 7/16 in. (37 mm),,,,,Queens|Profiles,William Wyon,Artist,British,1795,1851,,European Sculpture and Decorative Arts,Medals and Plaquettes,"British, Birmingham 1795–1851 Brighton",False,True,https://www.metmuseum.org/art/collection/search/208754,https://images.metmuseum.org/CRDImages/es/original/DP-180-206.jpg,1,,https://www.wikidata.org/wiki/Q4102532,http://vocab.getty.edu/page/ulan/500117324
227728,Dr. Lazarus Markijzus,Tapestry,late 18th century,,,,"Wool, metal thread (20-25 warps per inch, 8-10 per cm.)",H. 48 x W. 43 inches (121.9 x 109.2 cm),,,,,Men,"Imperial Russian Tapestry Manufactory, Saint Petersburg",Manufactory,,,,,European Sculpture and Decorative Arts,Textiles-Tapestries,,False,True,https://www.metmuseum.org/art/collection/search/227728,https://images.metmuseum.org/CRDImages/es/original/173287.jpg,0,,,
230648,Fragment,Fragment,15th–16th century,,,,Silk,Overall: 7 7/8 x 21 3/8 in. (20 x 54.3 cm),,,,,,,,,,,,European Sculpture and Decorative Arts,Textiles-Velvets,,False,True,https://www.metmuseum.org/art/collection/search/230648,https://images.metmuseum.org/CRDImages/es/original/DP104020.jpg,1,,,
195806,Beaker with cover,Beaker with cover,1700–1730,,,,Glass,Overall (with cover): 6 13/16 × 2 3/8 in. (17.3 × 6 cm),,,,,,,,,,,,European Sculpture and Decorative Arts,Glass,,False,True,https://www.metmuseum.org/art/collection/search/195806,https://images.metmuseum.org/CRDImages/es/original/ES5265.jpg,1,,,
186201,Kneeling African figure,Statuette,late 18th or early 19th century,,,,"Glass, furnace-worked and blown",Height: 7 5/8 in. (19.4 cm),,,,,,,,,,,,European Sculpture and Decorative Arts,Glass,,False,True,https://www.metmuseum.org/art/collection/search/186201,https://images.metmuseum.org/CRDImages/es/original/DP-22472-007.jpg,1,,,
843313,Charles II Wall Light with the Arms of the Earls of Lonsdale,Wall Light,ca. 1670,,,,Gilded silver,"wt. confirmed: 20 11/16 × 17 5/16 in., 5.8 lb. (52.5 × 44 cm, 2642g)",,,,,,Robert Smythier,Maker,British,1600,1689,,European Sculpture and Decorative Arts,Metalwork-Silver,"British, active 1660–died 1689",False,True,https://www.metmuseum.org/art/collection/search/843313,https://images.metmuseum.org/CRDImages/es/original/DP-20253-014.jpg,1,https://www.wikidata.org/wiki/Q116445507,,
203316,Miniature tureen in the form of a duck (one of a pair),Tureen,ca. 1752,,,,Soft-paste porcelain,each: 3 1/4 × 4 3/4 in. (8.3 × 12.1 cm),,,,,Ducks,Bow Porcelain Factory,Factory,British,1747,1776,,European Sculpture and Decorative Arts,Ceramics-Porcelain,"British, 1747–1776",False,True,https://www.metmuseum.org/art/collection/search/203316,https://images.metmuseum.org/CRDImages/es/original/DP-38875-001.jpg,3,,https://www.wikidata.org/wiki/Q3816631,http://vocab.getty.edu/page/ulan/500332807
237033,Tankard,Tankard,late 17th century,,,,Gilded silver,Overall: 11 3/4 x 5 1/4 in. (29.8 x 13.3 cm),,,,,Roosters,Georgius Olescher Sr.,Maker,,1607,1707,,European Sculpture and Decorative Arts,Metalwork-Silver,"active 1693, died 1707",False,True,https://www.metmuseum.org/art/collection/search/237033,https://images.metmuseum.org/CRDImages/es/original/DP338167.jpg,2,,,
822305,Saucer (part of a set),Saucer,ca. 1810,,,,Lustreware,4 7/8 in. (12.4 cm),,,,,,,,,,,,European Sculpture and Decorative Arts,Ceramics-Pottery,,False,True,https://www.metmuseum.org/art/collection/search/822305,https://images.metmuseum.org/CRDImages/es/original/DP22528.jpg,5,,,
200978,Scenes from the Battle of Zama,Relief,17th century,,,,Iron,7 × 9 3/4 in. (17.8 × 24.8 cm),,,,,Battles|Soldiers|Men|Horses,,,,,,,European Sculpture and Decorative Arts,Medals and Plaquettes,,False,True,https://www.metmuseum.org/art/collection/search/200978,https://images.metmuseum.org/CRDImages/es/original/149866.jpg,0,,,
202219,Vase (vase cannelés à bandeau) (one of a pair),Vase,ca. 1770,,,,Soft-paste porcelain,Height: 14 in. (35.6 cm),,,,,Men|Women|Dogs,Sèvres Manufactory,Manufactory,French,1740,9999,,European Sculpture and Decorative Arts,Ceramics-Porcelain,"French, 1740–present",False,True,https://www.metmuseum.org/art/collection/search/202219,https://images.metmuseum.org/CRDImages/es/original/ES4342.jpg,3,https://www.wikidata.org/wiki/Q116309899,https://www.wikidata.org/wiki/Q653307,http://vocab.getty.edu/page/ulan/500054661
202425,Counter box with set of thrity-three counters,Counter box with counters,17th century,,,,Silver,"Box (a, b): 1 × 1 3/16 in. (2.5 × 3 cm);
Diameter (Counters (c–ii)): 1 in. (2.5 cm)",,,,,,,,,,,,European Sculpture and Decorative Arts,Metalwork-Silver,,False,True,https://www.metmuseum.org/art/collection/search/202425,https://images.metmuseum.org/CRDImages/es/original/DP-13159-011.jpg,22,,,
196828,Miniature chair (one of three) (part of a set),Chair,1675–1700,,,,Silver,2 × 1 × 7/8 in. (5.1 × 2.5 × 2.2 cm),,,,,,,,,,,,European Sculpture and Decorative Arts,Metalwork-Silver,,False,True,https://www.metmuseum.org/art/collection/search/196828,https://images.metmuseum.org/CRDImages/es/original/82670.jpg,3,,,
224169,Piece,Piece,18th–19th century,,,,Silk and metal thread,L. 19 1/4 x W. 5 1/4 inches (48.9 x 13.3 cm),,,,,Flowers|Leaves,,,,,,,European Sculpture and Decorative Arts,Textiles-Woven,,False,True,https://www.metmuseum.org/art/collection/search/224169,https://images.metmuseum.org/CRDImages/es/original/117274.jpg,0,,,
229477,Panel,Panel,1740s,,,,Silk and metal thread,"H. 38 1/2 x W. 30 inches (97.8 x 76.2 cm)
Framed dimensions: H. 41 x W. 33 inches (104.1 x 83.8 cm)",,,,,Birds|Fountains|Fish|Flowers,,,,,,,European Sculpture and Decorative Arts,Textiles-Woven,,False,True,https://www.metmuseum.org/art/collection/search/229477,https://images.metmuseum.org/CRDImages/es/original/205672.JPG.jpg,0,,,
192145,Two-handled loving cup with cover,Loving cup with cover,1760–61,,,,Silver,Height: 14 in. (35.6 cm),,,,,Flowers,Samuel Courtland,Maker,,1746,1746,,European Sculpture and Decorative Arts,Metalwork-Silver,entered 1746,False,True,https://www.metmuseum.org/art/collection/search/192145,https://images.metmuseum.org/CRDImages/es/original/15380.jpg,0,,,
192251,Spoon,Spoon,1671–72,,,,Silver,8 1/8 x 2 1/4 in.  (20.6 x 5.7 cm),,,,,,Robert King,Maker,,1671,1685,,European Sculpture and Decorative Arts,Metalwork-Silver,ca. 1671–1685,False,True,https://www.metmuseum.org/art/collection/search/192251,https://images.metmuseum.org/CRDImages/es/original/15468.jpg,0,,,
221577,Printed cotton,Picture,1761,,,,Cotton and linen,"L. 110 1/2 x W. 82 inches
280.7 x 208.3 cm",,,,,Peacocks|Roosters|Deer,Robert Jones,Designer,,1700,1800,,European Sculpture and Decorative Arts,Textiles-Printed,,False,True,https://www.metmuseum.org/art/collection/search/221577,https://images.metmuseum.org/CRDImages/es/original/DP-23378-001.jpg,5,,,
202750,Miniature tureen with cover,Tureen with cover,ca. 1790,,,,Silver,2 1/2 × 2 3/8 in. (6.4 × 6 cm),,,,,,Thomas Howell,Maker,,1791,1791,,European Sculpture and Decorative Arts,Metalwork-Silver-Miniature,entered 1791,False,True,https://www.metmuseum.org/art/collection/search/202750,https://images.metmuseum.org/CRDImages/es/original/DP-13159-066.jpg,0,,,
227934,Sampler,Sampler,1849,,,,Silk and wool on canvas,H. 13 1/8 x W. 11 7/8 inches (33.3 x 30.2 cm),,,,,,,,,,,,European Sculpture and Decorative Arts,Textiles-Embroidered,,False,True,https://www.metmuseum.org/art/collection/search/227934,https://images.metmuseum.org/CRDImages/es/original/164948.jpg,0,,,
826276,Urn with ram's horn handles and gadrooned lid and socle (one of a pair),Urn,first half of the 17th century,,,,Imperial porphyry,confirmed: 15 5/8 × 30 1/2 in. (39.7 × 77.5 cm),,,,,,,,,,,,European Sculpture and Decorative Arts,Natural Substances,,False,True,https://www.metmuseum.org/art/collection/search/826276,https://images.metmuseum.org/CRDImages/es/original/DP-19429-015.jpg,1,https://www.wikidata.org/wiki/Q116445404,,
219020,Sash,Sash,1790 (?),,,,Silk and metal thread,L. 160 x W. 17 1/4 inches (406.4 x 43.8 cm),,,,,Flowers,Jacob Paschalis,Manufactory,,,,,European Sculpture and Decorative Arts,Textiles-Woven,,False,True,https://www.metmuseum.org/art/collection/search/219020,https://images.metmuseum.org/CRDImages/es/original/10729A.jpg,0,,,
224950,Galloon,Galloon,late 18th–early 19th century,,,,Silk,"L. 10 x W. 1 1/4 inches
25.4 x 3.2 cm",,,,,,,,,,,,European Sculpture and Decorative Arts,Textiles-Trimmings,,False,True,https://www.metmuseum.org/art/collection/search/224950,https://images.metmuseum.org/CRDImages/es/original/DP5964.jpg,0,,,
224130,Border,Border,19th century,,,,Silk,L. 8 x W. 3 1/2 inches (20.3 x 8.9 cm),,,,,,,,,,,,European Sculpture and Decorative Arts,Textiles-Velvets,,False,True,https://www.metmuseum.org/art/collection/search/224130,https://images.metmuseum.org/CRDImages/es/original/117028.jpg,0,,,
203937,Nude female,Statuette,17th century,,,,Bronze,H. 14-1/4 in. (36.2 cm.),,,,,Female Nudes,Giambologna,Artist,Netherlandish,1529,1608,,European Sculpture and Decorative Arts,Sculpture-Bronze,"Netherlandish, Douai 1529–1608 Florence",False,True,https://www.metmuseum.org/art/collection/search/203937,https://images.metmuseum.org/CRDImages/es/original/DP-22318-001.jpg,1,,https://www.wikidata.org/wiki/Q220136,http://vocab.getty.edu/page/ulan/500016387
208244,Pouring vessel (kendi) with landscape,Pouring vessel,1660–80,,,,Hard-paste porcelain painted with cobalt blue under transparent glaze (Hizen ware),Height: 8 in. (20.3 cm),,,,,Flowers|Landscapes,,,,,,,European Sculpture and Decorative Arts,Ceramics-Porcelain-Export,,False,True,https://www.metmuseum.org/art/collection/search/208244,https://images.metmuseum.org/CRDImages/es/original/DP-15122-062.jpg,2,https://www.wikidata.org/wiki/Q116400835,,
187842,Plate with The Continence of Scipio,Plate,ca. 1545,,,,Maiolica (tin-glazed earthenware),Overall (confirmed): 1 3/8 × 10 1/2 in. (3.5 × 26.7 cm),,,,,Tents|Men|Women|Trees,Francesco Durantino,Artist,Italian,1500,1599,,European Sculpture and Decorative Arts,Ceramics-Pottery,"Italian, active 16th century",False,True,https://www.metmuseum.org/art/collection/search/187842,https://images.metmuseum.org/CRDImages/es/original/DP326384.jpg,2,,https://www.wikidata.org/wiki/Q98941291,http://vocab.getty.edu/page/ulan/500317116
215629,Fragment,Fragment,19th century,,,,Linen and wool,3 1/4 x 10 1/4 inches (8.3 x 26.0 cm),,,,,,,,,,,,European Sculpture and Decorative Arts,Textiles-Woven,,False,True,https://www.metmuseum.org/art/collection/search/215629,https://images.metmuseum.org/CRDImages/es/original/73139.jpg,0,,,
191316,"Commemorating the Hudson-Fulton Celebration, 1909",Token,1909,,,,Gold,Diameter: 5/8 in. (16 mm),,,,,Men|Portraits|Ships,Jules Edouard Roiné,Artist,French,1857,1916,,European Sculpture and Decorative Arts,Medals and Plaquettes,"French, Nantes 1857–1916",False,True,https://www.metmuseum.org/art/collection/search/191316,https://images.metmuseum.org/CRDImages/es/original/7479.jpg,0,,https://www.wikidata.org/wiki/Q17015745,(not assigned)
194050,Watch,Watch,ca. 1740–60,,,,"Enamel, silver",Diameter: 1 1/2 in. (3.8 cm),,,,,,Charles Cabrier II,Maker,British,1719,1776,,European Sculpture and Decorative Arts,Horology,"British, act. 1719–d. 1776",False,True,https://www.metmuseum.org/art/collection/search/194050,https://images.metmuseum.org/CRDImages/es/original/DP-12675-057.jpg,3,,https://www.wikidata.org/wiki/Q24707741,(not assigned)
223479,Piece,Piece,16th–17th century,,,,Silk,L. 5 3/4 x W. 2 3/8 inches (14.6 x 6.0 cm),,,,,,,,,,,,European Sculpture and Decorative Arts,Textiles-Velvets,,False,True,https://www.metmuseum.org/art/collection/search/223479,https://images.metmuseum.org/CRDImages/es/original/110508.jpg,0,,,
239355,Vase,Vase,ca. 1891,,,,"Porcelain, brass","Overall (confirmed): 20 11/16 × 9 3/4 × 9 3/4 in., 18 lb. (52.5 × 24.8 × 24.8 cm, 8.2 kg)",,,,,,Ernest Chaplet,Maker,French,1835,1909,,European Sculpture and Decorative Arts,Ceramics-Porcelain,"French, Sèvres 1835–1909 Choisy-le-Roi",False,True,https://www.metmuseum.org/art/collection/search/239355,https://images.metmuseum.org/CRDImages/es/original/DP704030.jpg,1,,https://www.wikidata.org/wiki/Q3056883,http://vocab.getty.edu/page/ulan/500059181
224797,Sample,Sample,early 19th century,,,,Silk on felt,"L. 2 7/8 x W. 2 1/2 inches
7.3 x 6.4 cm",,,,,Flowers,,,,,,,European Sculpture and Decorative Arts,Textiles-Embroidered,,False,True,https://www.metmuseum.org/art/collection/search/224797,https://images.metmuseum.org/CRDImages/es/original/DP1920.jpg,1,,,
216576,Fragment,Fragment,18th century,,,,Silk and cotton,L. 16 1/2 x W. 7 1/2 inches (41.9 x 19.1 cm),,,,,,,,,,,,European Sculpture and Decorative Arts,Textiles-Woven,,False,True,https://www.metmuseum.org/art/collection/search/216576,https://images.metmuseum.org/CRDImages/es/original/14329A.jpg,0,,,
226096,Panel,Panel,late 15th–early 16th century,,,,Silk and metal thread,L. 34 x W. 21 inches (154.9 x 63.5 cm),,,,,,,,,,,,European Sculpture and Decorative Arts,Textiles-Velvets,,False,True,https://www.metmuseum.org/art/collection/search/226096,https://images.metmuseum.org/CRDImages/es/original/DP-37562-001.jpg,1,,,
187887,Tiles (4),Tiles,16th–17th century,,,,Tin-glazed earthenware,,,,,,,,,,,,,European Sculpture and Decorative Arts,Ceramics-Pottery,,False,True,https://www.metmuseum.org/art/collection/search/187887,https://images.metmuseum.org/CRDImages/es/original/SF94_4_397ab.jpg,0,,,
213370,Fragment,Fragment,ca. 1550,,,,"Silk and metal thread, bobbin lace",L. 103 x W. 2 inches (261.6 x 5.1 cm),,,,,,,,,,,,European Sculpture and Decorative Arts,Textiles-Laces,,False,True,https://www.metmuseum.org/art/collection/search/213370,https://images.metmuseum.org/CRDImages/es/original/DP4839.jpg,2,,,
195647,Watch,Watch,ca. 1815–35,,,,"Gold, enamel, steel",Diameter: 1 5/8 in. (4.1 cm),,,,,Men|Women,J.D. Bourrit,Maker,,1785,1835,,European Sculpture and Decorative Arts,Horology,ca. 1785–ca. 1835,False,True,https://www.metmuseum.org/art/collection/search/195647,https://images.metmuseum.org/CRDImages/es/original/66593.jpg,0,,,
186258,Standing cup,Standing cup,probably first half 18th century,,,,Glass,Overall: 8 1/2 × 3 3/16 in. (21.6 × 8.1 cm),,,,,,,,,,,,European Sculpture and Decorative Arts,Glass,,False,True,https://www.metmuseum.org/art/collection/search/186258,https://images.metmuseum.org/CRDImages/es/original/SF83_1_43a.jpg,0,,,
822352,Writing table (bureau plat),Writing table,ca. 1745–50,,,,Veneered on oak with ebony;  mounts of chased and gilded bronze; top inlaid with later panels of black morocco and gilt-tooled leather,confirmed: 31 1/2 × 71 7/8 × 36 in. (80 × 182.6 × 91.4 cm),,,,,,Bernard II van Risenburgh,Maker,,1696,1767,,European Sculpture and Decorative Arts,Woodwork-Furniture,ca. 1696–ca. 1767,False,True,https://www.metmuseum.org/art/collection/search/822352,https://images.metmuseum.org/CRDImages/es/original/DP-20703-009.jpg,0,,https://www.wikidata.org/wiki/Q9169348,http://vocab.getty.edu/page/ulan/500003055
217674,Gimp,Gimp,18th–19th century,,,,,L. 4 x 7/8 inches (10.2 x 2.2 cm),,,,,,,,,,,,European Sculpture and Decorative Arts,Textiles-Trimmings,,False,True,https://www.metmuseum.org/art/collection/search/217674,https://images.metmuseum.org/CRDImages/es/original/DP6114.jpg,0,,,
222124,Sample,Sample,19th century,,,,Cotton,"L. 14 1/4 x W. 10 1/8 inches
36.2 x 25.7 cm",,,,,,,,,,,,European Sculpture and Decorative Arts,Textiles-Printed,,False,True,https://www.metmuseum.org/art/collection/search/222124,https://images.metmuseum.org/CRDImages/es/original/69583.jpg,0,,,
209995,Teabowl and saucer,Teabowl and saucer,ca. 1765–75,,,,Hard-paste porcelain,Height (teabowl): 1 3/4 in. (4.4 cm); Diameter (saucer): 4 3/8 in. (11.1 cm),,,,,Gates|Flowers|Trees,Cozzi Manufactory,Factory,Italian,1764,1812,,European Sculpture and Decorative Arts,Ceramics-Porcelain,"Italian, 1764–1812",False,True,https://www.metmuseum.org/art/collection/search/209995,https://images.metmuseum.org/CRDImages/es/original/58443.jpg,0,,,http://vocab.getty.edu/page/ulan/500124182
189075,Redemption of the First-Born Ceremony plate,Plate,dated 1767,,,,Pewter,Overall: 2 × 16 in. (5.1 × 40.6 cm),,,,,Horses|Lions|Trees|Coat of Arms,,,,,,,European Sculpture and Decorative Arts,Metalwork-Pewter,,False,True,https://www.metmuseum.org/art/collection/search/189075,https://images.metmuseum.org/CRDImages/es/original/LC-06_745-001.jpg,3,,,
209101,Cabinet,Cabinet,16th century,,,,Walnut on pine carcass,Overall: 89 3/4 × 84 7/8 × 32 1/2 in. (228 × 215.6 × 82.6 cm),,,,,,,,,,,,European Sculpture and Decorative Arts,Woodwork-Furniture,,False,True,https://www.metmuseum.org/art/collection/search/209101,https://images.metmuseum.org/CRDImages/es/original/32637.jpg,0,,,
195944,Wineglass,Wineglass,18th century,,,,Zwischengold glass,Overall: 6 7/8 × 3 1/8 in. (17.5 × 7.9 cm),,,,,Men,,,,,,,European Sculpture and Decorative Arts,Glass,,False,True,https://www.metmuseum.org/art/collection/search/195944,https://images.metmuseum.org/CRDImages/es/original/69885.jpg,0,,,
185989,Jug,Jug,18th century,,,,Glass,Overall: 10 × 5 1/16 in. (25.4 × 12.9 cm),,,,,,,,,,,,European Sculpture and Decorative Arts,Glass,,False,True,https://www.metmuseum.org/art/collection/search/185989,https://images.metmuseum.org/CRDImages/es/original/111813.jpg,0,,,
188046,Dessert spoon,Dessert spoon,1747–48,,,,Silver,Length: 7 7/8 in. (20 cm),,,,,,Robert Pertt,Maker,,1738,1755,,European Sculpture and Decorative Arts,Metalwork-Silver,active 1738–55,False,True,https://www.metmuseum.org/art/collection/search/188046,https://images.metmuseum.org/CRDImages/es/original/SF97_2_10_img1.jpg,3,,,
206461,Stand for ice-cream cup (plateau Bouret) (one of four) (part of a service),Stand,1771,,,,Soft-paste porcelain,W. 8 1/4 in. (21.0 cm.),,,,,Birds|Trees,Sèvres Manufactory,Manufactory,French,1740,9999,,European Sculpture and Decorative Arts,Ceramics-Porcelain,"French, 1740–present",False,True,https://www.metmuseum.org/art/collection/search/206461,https://images.metmuseum.org/CRDImages/es/original/SF1976_155_68.jpg,0,,https://www.wikidata.org/wiki/Q653307,http://vocab.getty.edu/page/ulan/500054661
230110,Fragment,Fragment,16th century,,,,Silk,Overall: 11 1/2 x 4 in. (29.2 x 10.2 cm),,,,,,,,,,,,European Sculpture and Decorative Arts,Textiles-Velvets,,False,True,https://www.metmuseum.org/art/collection/search/230110,https://images.metmuseum.org/CRDImages/es/original/DP103228.jpg,1,,,
213947,Galloon,Galloon,19th century,,,,,"12 x 1 1/4 inches
30.5 x 3.2 cm",,,,,,,,,,,,European Sculpture and Decorative Arts,Textiles-Trimmings,,False,True,https://www.metmuseum.org/art/collection/search/213947,https://images.metmuseum.org/CRDImages/es/original/DP6357_08.103.450.jpg,0,,,
215304,Fragment,Fragment,19th century,,,,Bobbin lace,L. 12 x W. 1 1/4 inches (30.5 x 3.2 cm),,,,,,,,,,,,European Sculpture and Decorative Arts,Textiles-Laces,,False,True,https://www.metmuseum.org/art/collection/search/215304,https://images.metmuseum.org/CRDImages/es/original/5529A.jpg,0,,,
191011,Tile,Tile,1640–60,,,,Tin-glazed earthenware,"Overall (tile): 5 × 5 in. (12.7 × 12.7 cm);
Overall (whole panel): 21 1/2 × 16 in. (54.6 × 40.6 cm)",,,,,Birds|Flowers,,,,,,,European Sculpture and Decorative Arts,Ceramics-Pottery,,False,True,https://www.metmuseum.org/art/collection/search/191011,https://images.metmuseum.org/CRDImages/es/original/4763.jpg,1,,,
219681,Vertumnus and Pomona from a set of Scenes from Operas,Tapestry,1758–76,,,,"Wool, silk (21-22 warps per inch, 8 per cm.)",H. 124 1/2 x W. 81 1/2 in. (316.2 x 207 cm),,,,,Opera|Fruit|Women|Putti|Flowers,François Boucher,Designer,French,1703,1770,,European Sculpture and Decorative Arts,Textiles-Tapestries,"French, Paris 1703–1770 Paris",False,True,https://www.metmuseum.org/art/collection/search/219681,https://images.metmuseum.org/CRDImages/es/original/DP-32059-001.jpg,4,,https://www.wikidata.org/wiki/Q180932,http://vocab.getty.edu/page/ulan/500032143
222154,Fragment,Fragment,late 18th century,,,,Silk and metal thread,6 3/4 x 3 1/4 inches (17.1 x 8.3 cm),,,,,,,,,,,,European Sculpture and Decorative Arts,Textiles-Velvets,,False,True,https://www.metmuseum.org/art/collection/search/222154,https://images.metmuseum.org/CRDImages/es/original/70516.jpg,0,,,
201202,Plate (part of a service),Plate,1770–85,,,,Hard-paste porcelain,Diameter: 11 3/16 in. (28.4 cm),,,,,Coat of Arms,,,,,,,European Sculpture and Decorative Arts,Ceramics-Porcelain-Export,,False,True,https://www.metmuseum.org/art/collection/search/201202,https://images.metmuseum.org/CRDImages/es/original/151156.jpg,1,,,
220987,Edging,Edging,16th century,,,,Bobbin lace,L. 10 x W. 1 inches (25.4 x 2.5 cm),,,,,,,,,,,,European Sculpture and Decorative Arts,Textiles-Laces,,False,True,https://www.metmuseum.org/art/collection/search/220987,https://images.metmuseum.org/CRDImages/es/original/DP17406.jpg,1,,,
236797,Turkish Orientalist scenes,Length,second quarter 19th century,,,,Cotton,Overall: 99 x 67 3/4 in. (251.5 x 172.1 cm),,,,,Men|Women|Flowers,,,,,,,European Sculpture and Decorative Arts,Textiles-Printed,,False,True,https://www.metmuseum.org/art/collection/search/236797,https://images.metmuseum.org/CRDImages/es/original/SF2009_323_31_img1.jpg,1,,,
208232,Plate,Plate,ca. 1760,,,,Tin-glazed earthenware,Diameter: 8 15/16 in. (22.7 cm),,,,,Houses|Flowers,,,,,,,European Sculpture and Decorative Arts,Ceramics-Pottery,,False,True,https://www.metmuseum.org/art/collection/search/208232,https://images.metmuseum.org/CRDImages/es/original/DP23047_1995.268.15.jpg,0,,,
196473,Dancer with Tambourine,Statuette,"modeled probably ca. 1885, cast 1920",,,,Bronze,10-7/8 x 7 x 7-1/8 in.  (27.6 x 17.8 x 18.1 cm.),,,,,Women|Dancing|Dancers,Edgar Degas,Artist,French,1834,1917,,European Sculpture and Decorative Arts,Sculpture-Bronze,"French, Paris 1834–1917 Paris",False,True,https://www.metmuseum.org/art/collection/search/196473,https://images.metmuseum.org/CRDImages/es/original/76489.jpg,0,https://www.wikidata.org/wiki/Q116398437,https://www.wikidata.org/wiki/Q46373,http://vocab.getty.edu/page/ulan/500115194
214973,Piece,Piece,19th century,,,,Bobbin lace,"L. 10 x W. 2 inches
25.4 x 5.1 cm",,,,,,,,,,,,European Sculpture and Decorative Arts,Textiles-Laces,,False,True,https://www.metmuseum.org/art/collection/search/214973,https://images.metmuseum.org/CRDImages/es/original/DP3714.jpg,1,,,
928514,Twenty-three (23) piece tea and coffee service,Tea and Coffee Service,1800–1830,,,,Soft-paste porcelain,,,,,,Birds,J. Spode,Factory,,,,,European Sculpture and Decorative Arts,Ceramics-Porcelain,,False,True,https://www.metmuseum.org/art/collection/search/928514,https://images.metmuseum.org/CRDImages/es/original/119102.jpg,0,,,
193969,Souvenir,Souvenir,1765–66,,,,"Gold, enamel, diamond",3 3/8 x 2 1/8 in. (8.6 x 5.4cm),,,,,Musical Instruments|Men|Women|Peacocks|Trees,Jean-Baptiste Bertin,Maker,,1671,1771,,European Sculpture and Decorative Arts,Metalwork-Gold and Platinum,"master 1740, died 1771",False,True,https://www.metmuseum.org/art/collection/search/193969,https://images.metmuseum.org/CRDImages/es/original/39150.jpg,0,,,
202454,"Perseus with the head of Medusa, and Phineus",Plaquette,16th century,,,,"Bronze, light and dark brown patina",5 1/4 × 9 3/8 in. (13.3 × 23.8 cm),,,,,Kings|Medusa|Perseus,Guglielmo della Porta,Artist,Italian,1500,1577,,European Sculpture and Decorative Arts,Medals and Plaquettes,"Italian, Porlezza, near Lake Lugano ca. 1500–1577 Rome",False,True,https://www.metmuseum.org/art/collection/search/202454,https://images.metmuseum.org/CRDImages/es/original/DP-17076-001.jpg,0,https://www.wikidata.org/wiki/Q116399791,https://www.wikidata.org/wiki/Q1623328,http://vocab.getty.edu/page/ulan/500001864
194102,Clock-watch (part of a set),Clock-watch,late 16th century,,,,Copper-gilt,Overall: 1 1/2 × 1 7/8 in. (3.8 × 4.8 cm),,,,,Profiles|Women,Charles Cabrier I,Maker,British,1690,1736,,European Sculpture and Decorative Arts,Horology,"British, act. 1690–d. 1736",False,True,https://www.metmuseum.org/art/collection/search/194102,https://images.metmuseum.org/CRDImages/es/original/40546.jpg,0,,,
221151,Strip,Strip,18th century,,,,Bobbin lace,L. 12 x W. 1 1/4 inches (30.5 x 3.2 cm),,,,,,,,,,,,European Sculpture and Decorative Arts,Textiles-Laces,,False,True,https://www.metmuseum.org/art/collection/search/221151,https://images.metmuseum.org/CRDImages/es/original/DP5132.jpg,2,,,
198896,Armorial panel,Medallion,first half 19th century,,,,Stained glass,Diameter: 12 1/2 in. (31.8 cm),,,,,Lions|Coat of Arms,,,,,,,European Sculpture and Decorative Arts,Glass-Stained,,False,True,https://www.metmuseum.org/art/collection/search/198896,https://images.metmuseum.org/CRDImages/es/original/DP-23964-115.jpg,0,,,
855205,"Charles Emanuel I 1562-1630, Duke of Savoy 1580-1630",Medal,1606,,,,Gold,Confirmed: 2 5/16 × 1 13/16 × 1/4 in. (58.1 × 45.3 × 5.6 mm),,,,,,Gasparo Mola,Artist,Italian,1575,1640,,European Sculpture and Decorative Arts,Medals and Plaquettes,"Italian, Coldre ca. 1580–1640 Rome",False,True,https://www.metmuseum.org/art/collection/search/855205,https://images.metmuseum.org/CRDImages/es/original/DP-34057-001.jpg,1,,https://www.wikidata.org/wiki/Q3758685,http://vocab.getty.edu/page/ulan/500027204
237237,Spoon,Spoon,1879–82,,,,"Glazed brown earthenware, silver",Length: 10 1/2 in. (26.7 cm),,,,,,Christopher Dresser,Designer,"British, Scottish",1834,1904,,European Sculpture and Decorative Arts,Ceramics-Pottery,"British, Glasgow, Scotland 1834–1904 Mulhouse",False,True,https://www.metmuseum.org/art/collection/search/237237,https://images.metmuseum.org/CRDImages/es/original/ES3651.jpg,0,,https://www.wikidata.org/wiki/Q1086650,http://vocab.getty.edu/page/ulan/500042183
225709,Ribbon,Ribbon,19th century,,,,,,,,,,Flowers,,,,,,,European Sculpture and Decorative Arts,Textiles-Trimmings,,False,True,https://www.metmuseum.org/art/collection/search/225709,https://images.metmuseum.org/CRDImages/es/original/DP7278.jpg,0,,,
206349,Key,Key,16th–17th century,,,,Wrought iron,Overall: 10 5/8 × 4 3/4 × 1 5/8 in. (27 × 12.1 × 4.1 cm),,,,,,,,,,,,European Sculpture and Decorative Arts,Metalwork-Iron,,False,True,https://www.metmuseum.org/art/collection/search/206349,https://images.metmuseum.org/CRDImages/es/original/208725.jpg,0,,,
195399,Magdalena Gonzaga,Medal,15th century,,,,Bronze,Diameter: 57 mm,,,,,Profiles|Women,Bartolommeo Melioli,Artist,Italian,1448,1514,,European Sculpture and Decorative Arts,Medals and Plaquettes,"Italian, Mantua, 1448–1514",False,True,https://www.metmuseum.org/art/collection/search/195399,https://images.metmuseum.org/CRDImages/es/original/61788.jpg,0,,https://www.wikidata.org/wiki/Q16531266,http://vocab.getty.edu/page/ulan/500054866
198445,Stand (part of a service),Stand,ca. 1765–70,,,,Soft-paste porcelain,5 × 5 5/8 in. (12.7 × 14.3 cm),,,,,Flowers,Worcester factory,Factory,British,1751,2008,,European Sculpture and Decorative Arts,Ceramics-Porcelain,"British, 1751–2008",False,True,https://www.metmuseum.org/art/collection/search/198445,https://images.metmuseum.org/CRDImages/es/original/DP-40244-001.jpg,1,,https://www.wikidata.org/wiki/Q668894,http://vocab.getty.edu/page/ulan/500332804
216258,Piece,Piece,early 18th century,,,,Silk,Overall: 20 3/4 x 8 1/8 in. (52.7 x 20.6 cm),,,,,,,,,,,,European Sculpture and Decorative Arts,Textiles-Woven,,False,True,https://www.metmuseum.org/art/collection/search/216258,https://images.metmuseum.org/CRDImages/es/original/13824.jpg,0,,,
199773,Miniature secretary incorporating a watch,Miniature secretary incorporating a watch,ca. 1766–72,,,,"Case: agate, with gold mounts, gilded brass, pearls, and paste jewels set in silver; Dial: white enamel; Movement: wheel balance and cock set with paste jewels",Overall (confirmed): 12 1/8 × 5 3/4 × 4 1/8 in. (30.8 × 14.6 × 10.5 cm),,,,,Bulls|Butterflies,James Cox,Entrepreneur,British,1723,1800,,European Sculpture and Decorative Arts,Metalwork-Gold and Platinum,"British, ca. 1723–1800",False,True,https://www.metmuseum.org/art/collection/search/199773,https://images.metmuseum.org/CRDImages/es/original/DP-13913-016.jpg,4,https://www.wikidata.org/wiki/Q116240783,https://www.wikidata.org/wiki/Q525447,http://vocab.getty.edu/page/ulan/500046254
213816,Galloon,Galloon,17th–18th century,,,,Silk,"14 1/2 x 1 1/8 inches
36.8 x 2.9 cm",,,,,,,,,,,,European Sculpture and Decorative Arts,Textiles-Trimmings,,False,True,https://www.metmuseum.org/art/collection/search/213816,https://images.metmuseum.org/CRDImages/es/original/DP5848.jpg,0,,,
698328,Decorative paneling from the Palace of Westminster,Panel,ca. 1845–59,,,,Oak,Overall (confirmed): 26 1/4 × 13 13/16 × 7/8 in. (66.7 × 35.1 × 2.2 cm),,,,,,Augustus Welby Northmore Pugin,Designer,British,1812,1852,,European Sculpture and Decorative Arts,Woodwork-Architectural,"British, London 1812–1852 Ramsgate",False,True,https://www.metmuseum.org/art/collection/search/698328,https://images.metmuseum.org/CRDImages/es/original/DP-14385-094.jpg,1,https://www.wikidata.org/wiki/Q116234958,https://www.wikidata.org/wiki/Q313288,http://vocab.getty.edu/page/ulan/500008414
195637,Watch,Watch,ca. 1820–35,,,,"Case of gold and enamel, with floral design",Diameter: 1 13/16 in. (4.6 cm),,,,,Flowers,Pierre Morel,Maker,,1775,1840,,European Sculpture and Decorative Arts,Horology,recorded ca. 1780–ca. 1835,False,True,https://www.metmuseum.org/art/collection/search/195637,https://images.metmuseum.org/CRDImages/es/original/DP249579.jpg,1,https://www.wikidata.org/wiki/Q116311413,,
198194,Medallion,Medallion,19th century,,,,Glass,Framed: 2 7/8 × 2 1/2 in. (7.3 × 6.4 cm),,,,,Human Figures|Profiles,,,,,,,European Sculpture and Decorative Arts,Glass-Painted,,False,True,https://www.metmuseum.org/art/collection/search/198194,https://images.metmuseum.org/CRDImages/es/original/LC-38_145_164.jpg,1,,,
191004,Tile,Tile,1630–70,,,,Tin-glazed earthenware,"Overall (tile): 5 × 5 × 1/2 in. (12.7 × 12.7 × 1.3 cm);
Overall (whole panel): 26 1/4 × 21 in. (66.7 × 53.3 cm)",,,,,Flowers,,,,,,,European Sculpture and Decorative Arts,Ceramics-Pottery,,False,True,https://www.metmuseum.org/art/collection/search/191004,https://images.metmuseum.org/CRDImages/es/original/4767.jpg,1,,,
219161,Man's handkerchief,Handkerchief,19th century,,,,Silk,"L. 37 x W. 31 1/2 inches
94.0 x 80.0 cm",,,,,Flowers,,,,,,,European Sculpture and Decorative Arts,Textiles-Printed,,False,True,https://www.metmuseum.org/art/collection/search/219161,https://images.metmuseum.org/CRDImages/es/original/DP272243.jpg,1,,,
212422,Strip,Strip,early 17th century,,,,Bobbin lace,L. 29 x W. 3 inches (73.7 x 7.6 cm),,,,,,,,,,,,European Sculpture and Decorative Arts,Textiles-Laces,,False,True,https://www.metmuseum.org/art/collection/search/212422,https://images.metmuseum.org/CRDImages/es/original/GT96c.jpg,2,,,
222931,Apparel,Apparel,19th century (?),,,,Silk and metal thread on velvet,L. 19 1/4 x W. 19 inches (48.9 x 48.3 cm),,,,,,,,,,,,European Sculpture and Decorative Arts,Textiles-Embroidered,,False,True,https://www.metmuseum.org/art/collection/search/222931,https://images.metmuseum.org/CRDImages/es/original/AR953.jpg,1,,,
190903,Tile,Tile,1620–40,,,,Tin-glazed earthenware,"Overall (tile): 5 3/16 × 5 3/16 in. (13.2 × 13.2 cm);
Overall (whole panel): 31 3/4 × 21 1/2 in. (80.6 × 54.6 cm)",,,,,Men|Flowers,,,,,,,European Sculpture and Decorative Arts,Ceramics-Pottery,,False,True,https://www.metmuseum.org/art/collection/search/190903,https://images.metmuseum.org/CRDImages/es/original/4761.jpg,0,,,
225739,Ribbon,Ribbon,19th century,,,,,,,,,,,,,,,,,European Sculpture and Decorative Arts,Textiles-Trimmings,,False,True,https://www.metmuseum.org/art/collection/search/225739,https://images.metmuseum.org/CRDImages/es/original/DP7287.jpg,0,,,
228457,Sampler,Sampler,18th century,,,,Silk on linen canvas,11 3/8 × 19 1/2 in. (28.9 × 49.5 cm),,,,,,,,,,,,European Sculpture and Decorative Arts,Textiles-Embroidered,,False,True,https://www.metmuseum.org/art/collection/search/228457,https://images.metmuseum.org/CRDImages/es/original/DP-14638-027.jpg,1,,,
192073,Book cover,Book cover,"silver 18th century, book 1731",,,,"Silver filigree, silver gilt",Overall: 5 × 3 1/4 in. (12.7 × 8.3 cm),,,,,,,,,,,,European Sculpture and Decorative Arts,Metalwork-Silver,,False,True,https://www.metmuseum.org/art/collection/search/192073,https://images.metmuseum.org/CRDImages/es/original/15641.jpg,0,,,
205273,Sconce (one of a pair),Sconce,ca. 1742,,,,Hard-paste porcelain,Height: 20 5/16 in. (51.6 cm),,,,,Women|Cupid|Swans,Meissen Manufactory,Manufactory,German,1710,9999,,European Sculpture and Decorative Arts,Ceramics-Porcelain,"German, 1710–present",False,True,https://www.metmuseum.org/art/collection/search/205273,https://images.metmuseum.org/CRDImages/es/original/ES6408.jpg,0,,https://www.wikidata.org/wiki/Q822407,http://vocab.getty.edu/page/ulan/500054662
98452,Skirt,Skirt,19th century,,,,wool,"Length: 36 in. (91.4 cm)
Width: 96 in. (243.8 cm)",,,,,,,,,,,,European Sculpture and Decorative Arts,Main dress-Womenswear,,False,True,https://www.metmuseum.org/art/collection/search/98452,https://images.metmuseum.org/CRDImages/es/original/11.113.5.jpg,0,,,
196101,Saucer,Saucer,1821,,,,Glass,Overall: 7/8 × 5 3/4 in. (2.2 × 14.6 cm),,,,,,,,,,,,European Sculpture and Decorative Arts,Glass,,False,True,https://www.metmuseum.org/art/collection/search/196101,https://images.metmuseum.org/CRDImages/es/original/69448.jpg,0,,,
199168,Sugar bowl (part of a set),Sugar bowl,ca. 1735–40,,,,Hard-paste porcelain,4 1/2 × 4 1/4 in. (11.4 × 10.8 cm),,,,,Chinoiserie|Men,Meissen Manufactory,Manufactory,German,1710,9999,,European Sculpture and Decorative Arts,Ceramics-Porcelain,"German, 1710–present",False,True,https://www.metmuseum.org/art/collection/search/199168,https://images.metmuseum.org/CRDImages/es/original/133590.jpg,0,,https://www.wikidata.org/wiki/Q822407,http://vocab.getty.edu/page/ulan/500054662
213912,Galloon,Galloon,18th century,,,,Metal thread,"12 1/2 x 1 inch
31.8 x 2.5 cm",,,,,,,,,,,,European Sculpture and Decorative Arts,Textiles-Trimmings,,False,True,https://www.metmuseum.org/art/collection/search/213912,https://images.metmuseum.org/CRDImages/es/original/DP5822.jpg,0,,,
217429,Piece,Piece,19th century,,,,Cotton,"L. 3 3/8 x W. 6 3/8 inches
8.6 x 16.2 cm",,,,,,,,,,,,European Sculpture and Decorative Arts,Textiles-Printed,,False,True,https://www.metmuseum.org/art/collection/search/217429,https://images.metmuseum.org/CRDImages/es/original/DP1518.jpg,1,,,
227155,Piece,Piece,16th century,,,,Silk,L. 24 X W. 7 1/2 inches (61.0 x 19.1 cm),,,,,,,,,,,,European Sculpture and Decorative Arts,Textiles-Velvets,,False,True,https://www.metmuseum.org/art/collection/search/227155,https://images.metmuseum.org/CRDImages/es/original/SC146329.jpg,1,,,
223230,Piece,Piece,18th century,,,,Silk,21 x 19 3/4 inches (53.3 x 50.2 cm),,,,,Chinoiserie|Men|Women|Trees,,,,,,,European Sculpture and Decorative Arts,Textiles-Woven,,False,True,https://www.metmuseum.org/art/collection/search/223230,https://images.metmuseum.org/CRDImages/es/original/109129.jpg,0,,,
199733,Two-handled pharmacy or storage jar with arms of the Orsini family and profile head of a man,Pharmacy or storage jar,ca. 1460–80,,,,Maiolica (tin-glazed earthenware),Overall (confirmed): 14 × 11 1/2 × 10 5/8 in. (35.6 × 29.2 × 27 cm),,,,,Profiles|Women|Coat of Arms,,,,,,,European Sculpture and Decorative Arts,Ceramics-Pottery,,False,True,https://www.metmuseum.org/art/collection/search/199733,https://images.metmuseum.org/CRDImages/es/original/DP320557.jpg,2,,,
237012,Dish (one of a pair),Dish,mid-17th century,,,,"Silver, partly gilded",Overall: 9 15/16 x 9 15/16 in. (25.2 x 25.2 cm),,,,,Flowers|Wreaths|Coat of Arms,,,,,,,European Sculpture and Decorative Arts,Metalwork-Silver,,False,True,https://www.metmuseum.org/art/collection/search/237012,https://images.metmuseum.org/CRDImages/es/original/DP347628.jpg,0,,,
216127,Piece,Piece,19th century,,,,Cotton,"L. 4 3/4 x W. 6 3/4 inches (approx.)
12.1 x 17.1 cm",,,,,Butterflies,,,,,,,European Sculpture and Decorative Arts,Textiles-Printed,,False,True,https://www.metmuseum.org/art/collection/search/216127,https://images.metmuseum.org/CRDImages/es/original/DP1332.jpg,1,,,
195630,Watch,Watch,ca. 1800–1820,,,,"Gold, jewels (turquoises and garnets?), enamel, steel",Diameter: 1 11/16 in. (4.3 cm),,,,,Leaves,Firm of Esquivillon Frères,Maker,,1795,1805,,European Sculpture and Decorative Arts,Horology,recorded ca. 1800,False,True,https://www.metmuseum.org/art/collection/search/195630,https://images.metmuseum.org/CRDImages/es/original/SF26_267_60.jpg,1,https://www.wikidata.org/wiki/Q116311422,,
217478,Piece,Piece,19th century,,,,Cotton,"L. 3 3/8 x W. 6 3/8 inches (approx.)
8.6 x 16.2 cm",,,,,,,,,,,,European Sculpture and Decorative Arts,Textiles-Printed,,False,True,https://www.metmuseum.org/art/collection/search/217478,https://images.metmuseum.org/CRDImages/es/original/DP1567.jpg,1,,,
211430,Souvenir spoon with finial in form of an academic or peer,Souvenir spoon,1895–96,,,,"Silver, parcel-gilt",Length: 4 3/4 in. (12.1 cm),,,,,Men,,,,,,,European Sculpture and Decorative Arts,Metalwork-Silver,,False,True,https://www.metmuseum.org/art/collection/search/211430,https://images.metmuseum.org/CRDImages/es/original/SFES2839D.jpg,0,,,
189373,Overdoor (Dessus de porte),Overdoor,18th century,,,,"Wood, gilt",Overall: 15 × 71 in. (38.1 × 180.3 cm),,,,,,,,,,,,European Sculpture and Decorative Arts,Woodwork,,False,True,https://www.metmuseum.org/art/collection/search/189373,https://images.metmuseum.org/CRDImages/es/original/4244.jpg,0,,,
747034,Vase,Vase,ca. 1755–56,,,,Soft-paste porcelain,Overall (confirmed): 5 1/4 × 2 7/8 × 2 7/8 in. (13.3 × 7.3 × 7.3 cm),,,,,,Vauxhall,Manufactory,British,1748,1768,,European Sculpture and Decorative Arts,Ceramics-Porcelain,"British, ca. 1753–ca. 1763",False,True,https://www.metmuseum.org/art/collection/search/747034,https://images.metmuseum.org/CRDImages/es/original/DP-39198-001.jpg,3,,,http://vocab.getty.edu/page/ulan/500330100
208506,Saucer (part of a service),Saucer,1743–59,,,,Soft-paste porcelain,Diameter: 5 3/16 in. (13.2 cm),,,,,Men|Horses|Plants,Capodimonte Porcelain Manufactory,Manufactory,Italian,1740,1759,,European Sculpture and Decorative Arts,Ceramics-Porcelain,"Italian, 1740/43–1759",False,True,https://www.metmuseum.org/art/collection/search/208506,https://images.metmuseum.org/CRDImages/es/original/SF1995_268_336.jpg,1,,https://www.wikidata.org/wiki/Q945058,(not assigned)
190993,Tile,Tile,1640–60,,,,Tin-glazed earthenware,"Overall (tile): 5 × 5 in. (12.7 × 12.7 cm);
Overall (whole panel): 31 1/4 × 21 1/4 in. (79.4 × 54 cm)",,,,,Birds|Men|Women|Bees,,,,,,,European Sculpture and Decorative Arts,Ceramics-Pottery,,False,True,https://www.metmuseum.org/art/collection/search/190993,https://images.metmuseum.org/CRDImages/es/original/4749.jpg,1,,,
195154,Candlestick (one of a pair),Candlestick,ca. 1780,,,,Glass,Height: 7 3/4 in. (19.7 cm),,,,,,,,,,,,European Sculpture and Decorative Arts,Glass,,False,True,https://www.metmuseum.org/art/collection/search/195154,https://images.metmuseum.org/CRDImages/es/original/DP-1505-018.jpg,1,,,
216786,Cap crown,Cap crown,19th century,,,,Metal thread on silk,L. 8 x W. 7 1/2 inches (20.3 x 19.1 cm),,,,,Flowers,,,,,,,European Sculpture and Decorative Arts,Textiles-Embroidered,,False,True,https://www.metmuseum.org/art/collection/search/216786,https://images.metmuseum.org/CRDImages/es/original/DP7708.jpg,1,,,
191926,Sugar bowl with cover,Sugar bowl with cover,last quarter 18th century,,,,Silver,Overall: 8 1/2 × 5 in. (21.6 × 12.7 cm),,,,,,M. H. P.,Maker,,,,,European Sculpture and Decorative Arts,Metalwork-Silver,,False,True,https://www.metmuseum.org/art/collection/search/191926,https://images.metmuseum.org/CRDImages/es/original/96415.jpg,1,,,
230175,Fragment,Fragment,18th–19th century,,,,Silk,Overall: 6 1/2 x 8 5/8 in. (16.5 x 21.9 cm),,,,,,,,,,,,European Sculpture and Decorative Arts,Textiles-Velvets,,False,True,https://www.metmuseum.org/art/collection/search/230175,https://images.metmuseum.org/CRDImages/es/original/DP103327.jpg,1,,,
631385,Powder flask,Powder flask,18th–19th century,,,,"Green Turban shell, copper, metal",confirmed: 9 × 6 × 1 3/8 in. (22.9 × 15.2 × 3.5 cm),,,,,,,,,,,,European Sculpture and Decorative Arts,Natural Substances,,False,True,https://www.metmuseum.org/art/collection/search/631385,https://images.metmuseum.org/CRDImages/es/original/DP-36677-001.jpg,0,,,
213351,Edging,Edging,19th century,,,,Bobbin lace,L. 22 x W. 2 3/4 inches (55.9 x 7.0 cm),,,,,,,,,,,,European Sculpture and Decorative Arts,Textiles-Laces,,False,True,https://www.metmuseum.org/art/collection/search/213351,https://images.metmuseum.org/CRDImages/es/original/DP8296.jpg,1,,,
227822,Piece,Piece,ca. 1735 (?),,,,Silk and metal thread,L. 28 x W. 21 3/4 inches (71.1 x 55.2 cm) (loom width),,,,,Flowers|Leaves,,,,,,,European Sculpture and Decorative Arts,Textiles-Woven,,False,True,https://www.metmuseum.org/art/collection/search/227822,https://images.metmuseum.org/CRDImages/es/original/160772.jpg,0,,,
186449,Horn,Horn,probably 19th century,,,,Glass,Overall: 6 1/2 × 3 5/8 in. (16.5 × 9.2 cm),,,,,,,,,,,,European Sculpture and Decorative Arts,Glass,,False,True,https://www.metmuseum.org/art/collection/search/186449,https://images.metmuseum.org/CRDImages/es/original/SF83_7_186.jpg,0,,,
189625,Basket of flowers,Carving,18th century,,,,Wood,Overall: 8 1/4 × 10 1/4 in. (21 × 26 cm),,,,,Flowers,,,,,,,European Sculpture and Decorative Arts,Woodwork,,False,True,https://www.metmuseum.org/art/collection/search/189625,https://images.metmuseum.org/CRDImages/es/original/DP268332.jpg,0,,,
222469,Ornament (one of a pair),Ornament,1600–1650 (?),,,,Bobbin lace,"H. 7 x W. 5 1/2 inches
17.8 x 14.0 cm",,,,,,,,,,,,European Sculpture and Decorative Arts,Textiles-Laces,,False,True,https://www.metmuseum.org/art/collection/search/222469,https://images.metmuseum.org/CRDImages/es/original/82235.jpg,2,,,
89749,Ensemble,Ensemble,1875,,,,[no medium available],[no dimensions available],,,,,,,,,,,,European Sculpture and Decorative Arts,Main dress-Womenswear,,False,True,https://www.metmuseum.org/art/collection/search/89749,https://images.metmuseum.org/CRDImages/es/original/CI39.13.28ab_F.jpg,4,,,
191950,Allegory of Rout and Pillage,Roundel,ca. 1520,,,,"Colorless glass, vitreous paint and silver stain",Diameter: 9 3/4 in. (24.8 cm),,,,,Villages|Infants|Men|Women|Cows,Dirck Vellert,Maker,Netherlandish,1475,1552,,European Sculpture and Decorative Arts,Glass-Stained,"Netherlandish, Amsterdam (?) ca. 1480/85–ca. 1547",False,True,https://www.metmuseum.org/art/collection/search/191950,https://images.metmuseum.org/CRDImages/es/original/cdi12-137-7.jpg,0,https://www.wikidata.org/wiki/Q116311079,https://www.wikidata.org/wiki/Q501963,http://vocab.getty.edu/page/ulan/500027390
236790,Military scenes,Lengths,1820s,,,,Cotton,"Overall (a): 110 x 32 in. (279.4 x 81.3 cm)
Overall (b): 25 x 20 1/2 in. (63.5 x 52.1 cm)
Overall (c): 46 x 20 1/2 in. (116.8 x 52.1 cm)",,,,,Battles|Soldiers|Firearms|Women|Horses,,,,,,,European Sculpture and Decorative Arts,Textiles-Printed,,False,True,https://www.metmuseum.org/art/collection/search/236790,https://images.metmuseum.org/CRDImages/es/original/SF2009_323_24a.jpg,2,,,
218018,Insertion,Insertion,17th century,,,,Bobbin lace,H. 3 1/4 x W. 37 1/2 inches (8.3 x 95.3 cm),,,,,,,,,,,,European Sculpture and Decorative Arts,Textiles-Laces,,False,True,https://www.metmuseum.org/art/collection/search/218018,https://images.metmuseum.org/CRDImages/es/original/GT87a.jpg,0,,,
770974,Vase with rope and wheat decoration,Vase,1864,,,,Bone china,confirmed: 12 3/8 × 6 15/16 × 6 15/16 in. (31.4 × 17.6 × 17.6 cm),,,,,,Minton(s),Maker,British,1793,2001,,European Sculpture and Decorative Arts,Ceramics-Porcelain,"British, Stoke-on-Trent, 1793–present",False,True,https://www.metmuseum.org/art/collection/search/770974,https://images.metmuseum.org/CRDImages/es/original/DP-16078-055.jpg,7,,https://www.wikidata.org/wiki/Q6869688,http://vocab.getty.edu/page/ulan/500276237
207673,Armchair,Armchair,ca. 1877,,,,"Walnut, cane",Overall: 33 5/16 × 19 3/4 × 20 1/2 in. (84.6 × 50.2 × 52.1 cm),,,,,,Edward William Godwin,Designer,British,1833,1886,,European Sculpture and Decorative Arts,Woodwork-Furniture,"British, Bristol 1833–1886 London",False,True,https://www.metmuseum.org/art/collection/search/207673,https://images.metmuseum.org/CRDImages/es/original/DP-14129-240.jpg,1,,https://www.wikidata.org/wiki/Q1294110,http://vocab.getty.edu/page/ulan/500012257
214783,Panel,Panel,16th century,,,,Embroidered net,"L. 6 x W. 3 1/8 inches
15.2 x 7.9 cm",,,,,Human Figures,,,,,,,European Sculpture and Decorative Arts,Textiles-Laces,,False,True,https://www.metmuseum.org/art/collection/search/214783,https://images.metmuseum.org/CRDImages/es/original/DP4098.jpg,1,,,
195233,Tankard,Tankard,1720–21,,,,Silver,6 7/8 × 7 3/8 in. (17.5 × 18.7 cm),,,,,Animals,Thomas Mason,Maker,British,1716,1745,,European Sculpture and Decorative Arts,Metalwork-Silver,"British, active 1716–after 1745",False,True,https://www.metmuseum.org/art/collection/search/195233,https://images.metmuseum.org/CRDImages/es/original/DP210136.jpg,2,https://www.wikidata.org/wiki/Q116310504,,http://vocab.getty.edu/page/ulan/500524544
188441,"John Colettis (Kolettis), one of the ""Liberators"" of Greece, and under King Otho, Greek Ambassador in Paris (1784–1846)",Medallion,1836,,,,"Bronze, cast - single",Diameter: 6 5/8 in. (16.8 cm),,,,,Men|Profiles,Pierre Jean David d'Angers,Artist,French,1788,1856,,European Sculpture and Decorative Arts,Medals and Plaquettes,"French, Angers 1788–1856 Paris",False,True,https://www.metmuseum.org/art/collection/search/188441,https://images.metmuseum.org/CRDImages/es/original/31578.jpg,0,,https://www.wikidata.org/wiki/Q364498,http://vocab.getty.edu/page/ulan/500115506
207386,Dish,Dish,ca. 1725–40 (?),,,,Hard-paste porcelain,Diameter: 12 in. (30.5 cm),,,,,,,,,,,,European Sculpture and Decorative Arts,Ceramics-Porcelain-Export,,False,True,https://www.metmuseum.org/art/collection/search/207386,https://images.metmuseum.org/CRDImages/es/original/DP-22331-001.jpg,2,,,
211999,Souvenir spoon,Souvenir spoon,late 19th century,,,,Gilt and enamel,Length: 5 in. (12.7 cm),,,,,Coat of Arms,,,,,,,European Sculpture and Decorative Arts,Metalwork-Silver,,False,True,https://www.metmuseum.org/art/collection/search/211999,https://images.metmuseum.org/CRDImages/es/original/35368.jpg,0,,,
226599,The Expulsion of Hagar from the Story of Abraham,Cushion cover,ca. 1600,,,,"Wool, silk, silver-gilt thread (21 warps per inch, 9 per cm.)",H. 19 3/4 x W. 20 inches (50.2 x 50.8 cm),,,,,Men|Women|Flowers,,,,,,,European Sculpture and Decorative Arts,Textiles-Tapestries,,False,True,https://www.metmuseum.org/art/collection/search/226599,https://images.metmuseum.org/CRDImages/es/original/DP318152.jpg,1,,,
230072,Fragment,Fragment,18th century,,,,Silk,"a: 3 1/2 x 5 3/8 in. (8.9 x 13.7 cm)
b: 21 1/2 x 4 in. (54.6 x 10.2 cm)",,,,,Flowers|Leaves,,,,,,,European Sculpture and Decorative Arts,Textiles-Velvets,,False,True,https://www.metmuseum.org/art/collection/search/230072,https://images.metmuseum.org/CRDImages/es/original/DP103642.jpg,1,,,
221067,Insertion,Insertion,16th century,,,,Bobbin lace,"L. 15 1/2 x W. 2 inches
39.4 x 5.1 cm",,,,,,,,,,,,European Sculpture and Decorative Arts,Textiles-Laces,,False,True,https://www.metmuseum.org/art/collection/search/221067,https://images.metmuseum.org/CRDImages/es/original/DP3774.jpg,2,,,
223350,Piece,Piece,1750–60,,,,Silk and metal thread,33 x 10 1/2 inches (83.8 x 26.7 cm),,,,,Roses,,,,,,,European Sculpture and Decorative Arts,Textiles-Woven,,False,True,https://www.metmuseum.org/art/collection/search/223350,https://images.metmuseum.org/CRDImages/es/original/109535.jpg,0,,,
216606,Fragment,Fragment,ca. 1640 (?),,,,,Overall: 11 1/2 x 9 1/4 in. (29.2 x 23.5 cm),,,,,Leaves,,,,,,,European Sculpture and Decorative Arts,Textiles-Woven,,False,True,https://www.metmuseum.org/art/collection/search/216606,https://images.metmuseum.org/CRDImages/es/original/DP17267.jpg,2,,,
226195,Hanging,Hanging,1550–1600,,,,Silk and metal thread,L. 68 x W. 20 1/2 inches (172.7 x 52.1 cm),,,,,Helmets|Swords,,,,,,,European Sculpture and Decorative Arts,Textiles-Embroidered,,False,True,https://www.metmuseum.org/art/collection/search/226195,https://images.metmuseum.org/CRDImages/es/original/110718.jpg,0,,,
191549,Measure,Measure,late 18th–early 19th century,,,,Pewter,Height: 4 1/2 in. (11.4 cm),,,,,,Thomas Abbott,Maker,British,1769,1852,,European Sculpture and Decorative Arts,Metalwork-Pewter,"British, 1769–1852, master 1811",False,True,https://www.metmuseum.org/art/collection/search/191549,https://images.metmuseum.org/CRDImages/es/original/DP-13947-065.jpg,0,,,
204520,Plate with The Lover Tormented,Plate,dated 1522,,,,"Maiolica (tin-glazed earthenware), lustered",Overall: 1 3/16 × 10 5/8 in. (3 × 27 cm),,,,,Men|Lovers|Women|Trees,Maestro Giorgio Andreoli,Artist,Italian,1500,1550,,European Sculpture and Decorative Arts,Ceramics-Pottery,"Italian (Gubbio), active first half of 16th century",False,True,https://www.metmuseum.org/art/collection/search/204520,https://images.metmuseum.org/CRDImages/es/original/DP326381.jpg,2,,https://www.wikidata.org/wiki/Q1346997,http://vocab.getty.edu/page/ulan/500011429
193970,Souvenir,Souvenir,19th century,,,,"Steel, gold, enamel",3 3/4 × 2 1/8 in. (9.5 × 5.4 cm),,,,,Firearms|Men|Women|Dogs|Flowers|Trees,,,,,,,European Sculpture and Decorative Arts,Metalwork-Gold and Platinum,,False,True,https://www.metmuseum.org/art/collection/search/193970,https://images.metmuseum.org/CRDImages/es/original/39137.jpg,0,,,
893691,Toilet box,Box,ca. 1765–70,,,,Enamel on copper,confirmed: 3 × 7 3/8 × 5 in. (7.6 × 18.7 × 12.7 cm),,,,,Birds|Peacocks,,,,,,,European Sculpture and Decorative Arts,Enamels-Painted,,False,True,https://www.metmuseum.org/art/collection/search/893691,https://images.metmuseum.org/CRDImages/es/original/DP-32193-001.jpg,0,,,
215868,Piece,Piece,19th century,,,,Cotton,,,,,,Flowers|Leaves,,,,,,,European Sculpture and Decorative Arts,Textiles-Printed,,False,True,https://www.metmuseum.org/art/collection/search/215868,https://images.metmuseum.org/CRDImages/es/original/DP301.jpg,1,,,
226236,Kerchief (Pañuelo),Kerchief,first half 19th century,,,,Pineapple fiber,L. 30 x W. 30 inches (76.2 x 76.2 cm),,,,,,,,,,,,European Sculpture and Decorative Arts,Textiles-Embroidered,,False,True,https://www.metmuseum.org/art/collection/search/226236,https://images.metmuseum.org/CRDImages/es/original/DP-37704-001.jpg,1,,,
228604,Sampler,Sampler,19th century,,,,"Cotton, crochet","H. 25 3/8 x Gr. D. 4 inches
64.5 x Gr. D. 10.2 cm
H. with bows 27 inches
68.6 cm",,,,,Flowers,,,,,,,European Sculpture and Decorative Arts,Textiles-Laces,,False,True,https://www.metmuseum.org/art/collection/search/228604,https://images.metmuseum.org/CRDImages/es/original/DP17494.jpg,1,,,
199355,Wall clock (cartel),Wall clock,ca. 1765,,,,Hard-paste porcelain,Overall: 11 1/2 × 6 in. (29.2 × 15.2 cm),,,,,Putti,Höchst Manufactory,Manufactory,German,1746,1796,,European Sculpture and Decorative Arts,Ceramics-Porcelain,"German, 1746–1796",False,True,https://www.metmuseum.org/art/collection/search/199355,https://images.metmuseum.org/CRDImages/es/original/130811.jpg,0,,https://www.wikidata.org/wiki/Q97105166,http://vocab.getty.edu/page/ulan/500331057
225537,Ribbon,Ribbon,19th century,,,,,,,,,,,,,,,,,European Sculpture and Decorative Arts,Textiles-Trimmings,,False,True,https://www.metmuseum.org/art/collection/search/225537,https://images.metmuseum.org/CRDImages/es/original/DP7246.jpg,0,,,
197079,Christ Crowned with Thorns,Statuette,17th century,,,,Boxwood,Height: 11 3/16 in. (28.4 cm),,,,,Christ,,,,,,,European Sculpture and Decorative Arts,Sculpture-Miniature,,False,True,https://www.metmuseum.org/art/collection/search/197079,https://images.metmuseum.org/CRDImages/es/original/88159.jpg,0,,,
223189,Piece,Piece,16th–17th century,,,,Silk,L. 13 1/4 x W. 10 inches (33.7 x 25.4 cm),,,,,,,,,,,,European Sculpture and Decorative Arts,Textiles-Velvets,,False,True,https://www.metmuseum.org/art/collection/search/223189,https://images.metmuseum.org/CRDImages/es/original/103989.jpg,0,,,
200995,Plate (part of a service),Plate,ca. 1810,,,,Hard-paste porcelain,Diameter: 7 3/4 in. (19.7 cm),,,,,Feathers|Insignia,,,,,,,European Sculpture and Decorative Arts,Ceramics-Porcelain-Export,,False,True,https://www.metmuseum.org/art/collection/search/200995,https://images.metmuseum.org/CRDImages/es/original/150727.jpg,0,,,
218374,Handkerchief,Handkerchief,second half 19th century,,,,"Linen and cotton, bobbin lace (Honiton)",Overall (confirmed): 15 1/16 × 15 1/8 in. (38.3 × 38.4 cm),,,,,,Emma Radford,Designer,British,1837,1901,Female,European Sculpture and Decorative Arts,Textiles-Laces,"British, 1837–1901",False,True,https://www.metmuseum.org/art/collection/search/218374,https://images.metmuseum.org/CRDImages/es/original/DP266826.jpg,2,,,
216009,Piece,Piece,19th century,,,,Cotton,"L. 3 1/2 x W. 6 3/8 inches (approx.)
8.9 x 16.2 cm",,,,,,,,,,,,European Sculpture and Decorative Arts,Textiles-Printed,,False,True,https://www.metmuseum.org/art/collection/search/216009,https://images.metmuseum.org/CRDImages/es/original/DP1116.jpg,1,,,
225251,Piece,Piece,19th century,,,,,,,,,,,,,,,,,European Sculpture and Decorative Arts,Textiles-Trimmings,,False,True,https://www.metmuseum.org/art/collection/search/225251,https://images.metmuseum.org/CRDImages/es/original/DP7121.jpg,0,,,
189096,Noah Teller,Plate,early 17th century,,,,Pewter,,,,,,Human Figures|Flowers,Paulus Öham the younger,Maker,,1571,1671,,European Sculpture and Decorative Arts,Metalwork-Pewter,"master 1634, died 1671",False,True,https://www.metmuseum.org/art/collection/search/189096,https://images.metmuseum.org/CRDImages/es/original/18410.jpg,0,,,
205990,Coffee cup (part of a service),Coffee cup,ca. 1780–85,,,,Hard-paste porcelain,Height: 2 3/4 in. (7 cm),,,,,Birds,Meissen Manufactory,Manufactory,German,1710,9999,,European Sculpture and Decorative Arts,Ceramics-Porcelain,"German, 1710–present",False,True,https://www.metmuseum.org/art/collection/search/205990,https://images.metmuseum.org/CRDImages/es/original/205156.jpg,0,,https://www.wikidata.org/wiki/Q822407,http://vocab.getty.edu/page/ulan/500054662
207743,Dinner fork (one of twelve),Dinner fork,1750–65,,,,Silver,,,,,,,Bayne and Napier,Maker,,,,,European Sculpture and Decorative Arts,Metalwork-Silver,,False,True,https://www.metmuseum.org/art/collection/search/207743,https://images.metmuseum.org/CRDImages/es/original/DP-23240-065.jpg,1,,,
225335,Piece,Piece,19th century,,,,Silk,,,,,,,,,,,,,European Sculpture and Decorative Arts,Textiles-Velvets,,False,True,https://www.metmuseum.org/art/collection/search/225335,https://images.metmuseum.org/CRDImages/es/original/DP7156.jpg,0,,,
186215,Bouquetier,Bouquetier,19th century,,,,Glass,Height: 19 3/8 in. (49.2 cm),,,,,,,,,,,,European Sculpture and Decorative Arts,Glass,,False,True,https://www.metmuseum.org/art/collection/search/186215,https://images.metmuseum.org/CRDImages/es/original/SF81_8_267.jpg,0,,,
200153,Double salt or pepper box,Double salt or pepper box,1766–68,,,,Silver,Overall: 2 1/4 × 3 3/4 × 6 3/8 in. (5.7 × 9.5 × 16.2 cm),,,,,,Edme-Pierre Balzac,Maker,,1705,1786,,European Sculpture and Decorative Arts,Metalwork-Silver,"1705–ca. 1786, master 1739, recorded 1781",False,True,https://www.metmuseum.org/art/collection/search/200153,https://images.metmuseum.org/CRDImages/es/original/145484.jpg,5,,https://www.wikidata.org/wiki/Q63869626,http://vocab.getty.edu/page/ulan/500064428
199086,"Mary Elizabeth Nugent, Marchioness of Buckingham",Medallion,late 18th century,,,,Black basalt ware,Overall: 3 7/8 × 3 in. (9.8 × 7.6 cm),,,,,Profiles|Women,Josiah Wedgwood,Artist,British,1730,1795,,European Sculpture and Decorative Arts,Ceramics-Pottery,"British, Burslem, Stoke-on-Trent 1730–1795 Burslem, Stoke-on-Trent",False,True,https://www.metmuseum.org/art/collection/search/199086,https://images.metmuseum.org/CRDImages/es/original/DP-15822-124.jpg,1,,https://www.wikidata.org/wiki/Q319331,http://vocab.getty.edu/page/ulan/500062605
197726,Milo of Crotona,Plaquette,1819,,,,"Bronze, brown patina, cast",Diameter: 2 7/8 in. (7.3 cm),,,,,Male Nudes|Lions,Antoine-Louis Barye,Artist,French,1795,1875,,European Sculpture and Decorative Arts,Medals and Plaquettes,"French, Paris 1795–1875 Paris",False,True,https://www.metmuseum.org/art/collection/search/197726,https://images.metmuseum.org/CRDImages/es/original/100850.jpg,0,,https://www.wikidata.org/wiki/Q451489,http://vocab.getty.edu/page/ulan/500007044
199589,Brown squirrel with collar and chain,Figure,ca. 1770–80,,,,Lead-glazed earthenware,Height: 7 in. (17.8 cm),,,,,Squirrels,Ralph Wood the Younger,Maker,British,1748,1795,,European Sculpture and Decorative Arts,Ceramics-Pottery,"British, Burslem 1748–1795 Burslem",False,True,https://www.metmuseum.org/art/collection/search/199589,https://images.metmuseum.org/CRDImages/es/original/DP-15624-145.jpg,1,,https://www.wikidata.org/wiki/Q21498211,http://vocab.getty.edu/page/ulan/500355508
216564,Piece,Piece,19th century,,,,Cotton and metal thread,Overall: 6 1/8 x 6 in. (15.6 x 15.2 cm),,,,,,,,,,,,European Sculpture and Decorative Arts,Textiles-Woven,,False,True,https://www.metmuseum.org/art/collection/search/216564,https://images.metmuseum.org/CRDImages/es/original/14261B.jpg,0,,,
196820,Miniature daybed (part of a set),Daybed,17th century,,,,Silver,1 1/8 × 2 1/2 × 1 1/8 in. (2.9 × 6.4 × 2.9 cm),,,,,Beds,,,,,,,European Sculpture and Decorative Arts,Metalwork-Silver,,False,True,https://www.metmuseum.org/art/collection/search/196820,https://images.metmuseum.org/CRDImages/es/original/SF31_37_5_img1.jpg,4,,,
228875,Panels (2),Panels,18th century,,,,Silk and metal thread,L. 53 x W. 26 inches (134.6 x 66 cm),,,,,Flowers,,,,,,,European Sculpture and Decorative Arts,Textiles-Embroidered,,False,True,https://www.metmuseum.org/art/collection/search/228875,https://images.metmuseum.org/CRDImages/es/original/177122.jpg,1,,,
195047,Portrait of Argentina Rangona (d. 1550),Medal,1500–1550,,,,Bronze,Diameter: 2 1/2 in. (64 mm),,,,,Profiles|Women,Niccolo Cavallerino,Artist,,1450,1600,,European Sculpture and Decorative Arts,Medals and Plaquettes,active Modena,False,True,https://www.metmuseum.org/art/collection/search/195047,https://images.metmuseum.org/CRDImages/es/original/55392.jpg,1,,,
195762,Wide-rimmed bowl with winged putto,Bowl,1526,,,,"Maiolica (tin-glazed earthenware), lustered",Overall: 2 × 10 1/2 in. (5.1 × 26.7 cm),,,,,Putti,Maestro Giorgio Andreoli,Decorator,Italian,1500,1550,,European Sculpture and Decorative Arts,Ceramics-Pottery,"Italian (Gubbio), active first half of 16th century",False,True,https://www.metmuseum.org/art/collection/search/195762,https://images.metmuseum.org/CRDImages/es/original/DP326385.jpg,2,,https://www.wikidata.org/wiki/Q1346997,http://vocab.getty.edu/page/ulan/500011429
194822,Jug,Jug,late 18th–early 19th century,,,,Glass,Height: 4 3/4 in. (12.1 cm),,,,,,,,,,,,European Sculpture and Decorative Arts,Glass,,False,True,https://www.metmuseum.org/art/collection/search/194822,https://images.metmuseum.org/CRDImages/es/original/DP-796-011.jpg,0,,,
211396,Souvenir spoon with view of Turin,Souvenir spoon,late 19th century,,,,"Silver parcel-gilt, enamel",Length: 4 7/8 in. (12.4 cm),,,,,Buildings|Roads|Coat of Arms,,,,,,,European Sculpture and Decorative Arts,Metalwork-Silver,,False,True,https://www.metmuseum.org/art/collection/search/211396,https://images.metmuseum.org/CRDImages/es/original/SFES2741D.jpg,1,,,
195175,William Robertson (1708–1792),Medallion,1785,,,,White wax against dark glass; frame: black wood,3 1/2 × 2 1/2 in. (8.9 × 6.4 cm),,,,,Men|Profiles,Thomas Engleheart,Artist,British,1745,1786,,European Sculpture and Decorative Arts,Sculpture-Miniature,"British, 1745–1786",False,True,https://www.metmuseum.org/art/collection/search/195175,https://images.metmuseum.org/CRDImages/es/original/DP-13721-001.jpg,1,,https://www.wikidata.org/wiki/Q7789361,(not assigned)
193927,Souvenir,Souvenir,ca. 1774–92,,,,"Gold, enamel, diamonds",3 1/4 × 1 7/8 in. (8.3 × 4.8 cm),,,,,Birds|Cupid|Dogs|Trees|Vines,,,,,,,European Sculpture and Decorative Arts,Metalwork-Gold and Platinum,,False,True,https://www.metmuseum.org/art/collection/search/193927,https://images.metmuseum.org/CRDImages/es/original/DP169551.jpg,1,,,
203195,Coffeepot,Coffeepot,ca. 1720,,,,Hard-paste porcelain,7 × 6 1/4 in. (17.8 × 15.9 cm),,,,,Houses|Faces|Flowers,Vienna,Manufactory,,,,,European Sculpture and Decorative Arts,Ceramics-Porcelain,,False,True,https://www.metmuseum.org/art/collection/search/203195,https://images.metmuseum.org/CRDImages/es/original/DP166663.jpg,1,,,
201552,Chessmen (32) and box-board,Chessmen and box-board,19th century,,,,"Mother-of-pearl, wood, tortoiseshell","Height (each king): 2 1/2 in. (6.4 cm);
Height (each pawn): 1 1/4 in. (3.2 cm);
Overall (board): 12 × 12 in. (30.5 × 30.5 cm)",,,,,Chess,,,,,,,European Sculpture and Decorative Arts,Chess Sets,,False,True,https://www.metmuseum.org/art/collection/search/201552,https://images.metmuseum.org/CRDImages/es/original/DP-37068-002.jpg,1,,,
186341,Cup,Cup,17th century,,,,Glass,Height: 2 5/8 in. (6.7 cm),,,,,,,,,,,,European Sculpture and Decorative Arts,Glass,,False,True,https://www.metmuseum.org/art/collection/search/186341,https://images.metmuseum.org/CRDImages/es/original/SF83_7_52.jpg,0,,,
222517,Edging,Edging,18th century,,,,"Needle lace, point d'Argentan","L. 52 x W. 2 1/4 inches
132.1 x 5.7 cm",,,,,Flowers,,,,,,,European Sculpture and Decorative Arts,Textiles-Laces,,False,True,https://www.metmuseum.org/art/collection/search/222517,https://images.metmuseum.org/CRDImages/es/original/82199.jpg,0,,,
188815,Martydom of Saint Sebastian,Plaquette,before 1897,,,,"Bronze, cast, single",4 × 2 3/4 in. (10.2 × 7 cm),,,,,Arrows|Suffering|Men|Saints,Alexandre-Louis-Marie Charpentier,Artist,French,1856,1909,,European Sculpture and Decorative Arts,Medals and Plaquettes,"French, Paris 1856–1909 Neuilly",False,True,https://www.metmuseum.org/art/collection/search/188815,https://images.metmuseum.org/CRDImages/es/original/19032.jpg,0,https://www.wikidata.org/wiki/Q116311586,https://www.wikidata.org/wiki/Q980735,http://vocab.getty.edu/page/ulan/500020471
208556,Pitcher,Pitcher,1879–82,,,,Earthenware,Height: 7 11/16 in. (19.5 cm),,,,,,Christopher Dresser,Designer,"British, Scottish",1834,1904,,European Sculpture and Decorative Arts,Ceramics-Pottery,"British, Glasgow, Scotland 1834–1904 Mulhouse",False,True,https://www.metmuseum.org/art/collection/search/208556,https://images.metmuseum.org/CRDImages/es/original/DP-13486-045.jpg,0,,https://www.wikidata.org/wiki/Q1086650,http://vocab.getty.edu/page/ulan/500042183
205141,Octagonal table,Table,16th century,,,,Walnut,32 × 39 7/8 in. (81.3 × 101.3 cm),,,,,,,,,,,,European Sculpture and Decorative Arts,Woodwork-Furniture,,False,True,https://www.metmuseum.org/art/collection/search/205141,https://images.metmuseum.org/CRDImages/es/original/191974.jpg,0,,,
223212,Piece,Piece,1750–60,,,,Silk and metal thread,L. 34 1/4 x W. 18 1/2 inches (87.0 x 47.0 cm),,,,,Fruit|Trees,,,,,,,European Sculpture and Decorative Arts,Textiles-Woven,,False,True,https://www.metmuseum.org/art/collection/search/223212,https://images.metmuseum.org/CRDImages/es/original/103995.jpg,0,,,
225363,Piece,Piece,19th century,,,,Silk,,,,,,,,,,,,,European Sculpture and Decorative Arts,Textiles-Velvets,,False,True,https://www.metmuseum.org/art/collection/search/225363,https://images.metmuseum.org/CRDImages/es/original/DP7169.jpg,0,,,
216514,Pieces (3),Pieces,18th century,,,,Linen,60 1/4 x 28 inches (153.0 x 71.1 cm),,,,,Flowers|Leaves,,,,,,,European Sculpture and Decorative Arts,Textiles-Woven,,False,True,https://www.metmuseum.org/art/collection/search/216514,https://images.metmuseum.org/CRDImages/es/original/58149.jpg,0,,,
194025,Watch,Watch,ca. 1790,,,,"Silver, glass, enamel",Diameter: 1 7/8 in. (4.8 cm),,,,,,W. Moore,Maker,,1750,1850,,European Sculpture and Decorative Arts,Horology,,False,True,https://www.metmuseum.org/art/collection/search/194025,https://images.metmuseum.org/CRDImages/es/original/DP-12675-037.jpg,4,,,
205829,Tortoise box,Figure,ca. 1750,,,,Tin-glazed earthenware,Length: 10 1/2 in. (26.7 cm),,,,,Turtles,,,,,,,European Sculpture and Decorative Arts,Ceramics-Pottery,,False,True,https://www.metmuseum.org/art/collection/search/205829,https://images.metmuseum.org/CRDImages/es/original/205013.jpg,0,,,
196097,Beaker,Beaker,late 17th century,,,,Glass,Overall: 3 5/16 × 3 1/8 in. (8.4 × 7.9 cm),,,,,Houses,,,,,,,European Sculpture and Decorative Arts,Glass,,False,True,https://www.metmuseum.org/art/collection/search/196097,https://images.metmuseum.org/CRDImages/es/original/69801.jpg,0,,,
214913,Insertion,Insertion,17th century,,,,Bobbin lace,L. 9 1/2 x W. 2 3/8 inches (24.1 x 6.0 cm),,,,,,,,,,,,European Sculpture and Decorative Arts,Textiles-Laces,,False,True,https://www.metmuseum.org/art/collection/search/214913,https://images.metmuseum.org/CRDImages/es/original/DP3920.jpg,1,,,
201211,Cup (part of a service),Cup,1770–85,,,,Hard-paste porcelain,Height: 2 3/8 in. (6 cm),,,,,Flowers,,,,,,,European Sculpture and Decorative Arts,Ceramics-Porcelain-Export,,False,True,https://www.metmuseum.org/art/collection/search/201211,https://images.metmuseum.org/CRDImages/es/original/151111.jpg,0,,,
222078,Le jeu de bague,Piece,ca. 1815,,,,Linen,"L. 66 1/2 x W. 51 3/4 inches
168.9 x 131.4 cm",,,,,Men|Women,"Favre, Petitpierre et Cie",Manufactory,,,,,European Sculpture and Decorative Arts,Textiles-Printed,,False,True,https://www.metmuseum.org/art/collection/search/222078,https://images.metmuseum.org/CRDImages/es/original/67185.jpg,0,,,
226569,Fragment,Fragment,16th century,,,,Silk and metal thread,L. 68 x W. 24 1/2 inches (172.7 x 62.2 cm),,,,,Leaves,,,,,,,European Sculpture and Decorative Arts,Textiles-Velvets,,False,True,https://www.metmuseum.org/art/collection/search/226569,https://images.metmuseum.org/CRDImages/es/original/124958.jpg,0,,,
196533,Clock,Clock,ca. 1775–80,,,,"Marble, bronze and gilt-bronze; chapter rings of white enamel; movement of brass and steel",H. 28-3/8 x W. 10 x D. 10 in.  (72.1 x 25.4 x 25.4 cm),,,,,Cupid|Serpents,Jean-Baptiste Lepaute,Maker,French,1727,1802,,European Sculpture and Decorative Arts,Horology,"French, 1727–1802",False,True,https://www.metmuseum.org/art/collection/search/196533,https://images.metmuseum.org/CRDImages/es/original/ES7073.jpg,0,https://www.wikidata.org/wiki/Q116310692,https://www.wikidata.org/wiki/Q1685342,(not assigned)
215288,Fragment,Fragment,19th century,,,,Bobbin lace,"L. 7 x W. 4 1/4 inches
17.8 x 10.8 cm",,,,,,,,,,,,European Sculpture and Decorative Arts,Textiles-Laces,,False,True,https://www.metmuseum.org/art/collection/search/215288,https://images.metmuseum.org/CRDImages/es/original/DP3738.jpg,1,,,
193894,Box,Box,1762–63,,,,"Mother-of-pearl, gold",1 1/2 × 2 15/16 in. (3.8 × 7.5 cm),,,,,Birds|Men|Flowers,Jacques Michel Lemaire,Maker,,1676,1776,,European Sculpture and Decorative Arts,Metalwork-Gold and Platinum,"master 1721, died 1776",False,True,https://www.metmuseum.org/art/collection/search/193894,https://images.metmuseum.org/CRDImages/es/original/39768.jpg,0,,,
193623,Diana and the Stag,Automaton,ca. 1620,,,,"Partially gilded silver, enamel, jewels (case); iron, wood (movement)","wt. (without mechanism) confirmed: 14 3/4 × 9 1/2 in., 5 lb. (37.5 × 24.1 cm, 2250g)",,,,,Cupid|Diana|Deer|Dogs|Frogs|Insects|Lizards,Joachim Friess,Maker,,1579,1620,,European Sculpture and Decorative Arts,Metalwork-Silver,"ca. 1579–1620, master 1610",False,True,https://www.metmuseum.org/art/collection/search/193623,https://images.metmuseum.org/CRDImages/es/original/DT2525.jpg,3,,,
204795,Torso (The Morhardt Torso),Torso,modeled probably ca. 1890,,,,Bronze,"Height: 15 1/8 in. (38.4 cm);
Height (with base): 17 in. (43.2 cm)",,,,,Female Nudes,Auguste Rodin,Artist,French,1840,1917,,European Sculpture and Decorative Arts,Sculpture-Bronze,"French, Paris 1840–1917 Meudon",False,True,https://www.metmuseum.org/art/collection/search/204795,https://images.metmuseum.org/CRDImages/es/original/ES7416.jpg,0,,https://www.wikidata.org/wiki/Q30755,http://vocab.getty.edu/page/ulan/500016619
187567,"In honor of the sculptor, Eugene Guillaume",Medallion,1886,,,,"Bronze, cast - double",Diameter: 3 7/8 in. (9.8 cm),,,,,Men|Profiles|Women,Jules-Clément Chaplain,Artist,French,1839,1909,,European Sculpture and Decorative Arts,Medals and Plaquettes,"French, Mortagne, Orne 1839–1909 Paris",False,True,https://www.metmuseum.org/art/collection/search/187567,https://images.metmuseum.org/CRDImages/es/original/30860.jpg,0,,https://www.wikidata.org/wiki/Q1748575,http://vocab.getty.edu/page/ulan/500029135
225078,Fringe,Fringe,early 17th century,,,,Silk,"L. 7 x W. 1 3/4 inches
17.8 x 4.4 cm",,,,,,,,,,,,European Sculpture and Decorative Arts,Textiles-Trimmings,,False,True,https://www.metmuseum.org/art/collection/search/225078,https://images.metmuseum.org/CRDImages/es/original/DP5271_36.90.1997.jpg,0,,,
204148,Angel,Crèche figure,18th century,,,,Polychromed terracotta head; wooden limbs and wings; body of wire wrapped in tow; various fabrics,H. 15 1/4 in. (38.7 cm.),,,,,Angels|Censers,Giuseppe Sanmartino,Maker,Italian,1720,1793,,European Sculpture and Decorative Arts,Crèche,"Italian, 1720–1793",False,True,https://www.metmuseum.org/art/collection/search/204148,https://images.metmuseum.org/CRDImages/es/original/LC-64_164_47.jpg,0,https://www.wikidata.org/wiki/Q116727224,https://www.wikidata.org/wiki/Q154358,http://vocab.getty.edu/page/ulan/500029851
206028,Vase (one of a pair),Vase,ca. 1735,,,,Hard-paste porcelain,Height: 5 1/2 in. (14 cm),,,,,Horses|Flowers,Meissen Manufactory,Manufactory,German,1710,9999,,European Sculpture and Decorative Arts,Ceramics-Porcelain,"German, 1710–present",False,True,https://www.metmuseum.org/art/collection/search/206028,https://images.metmuseum.org/CRDImages/es/original/205195.jpg,0,,https://www.wikidata.org/wiki/Q822407,http://vocab.getty.edu/page/ulan/500054662
