ObjectID,Title,Object Name,Date,Period,Dynasty,Reign,Medium,Dimensions,Culture,Country,Region,City,Subjects,Artist Name,Artist Role(s),Artist Nationality,Artist Date of Birth,Artist Date of Death,Artist Gender,department,classification,artistDisplayBio,isHighlight,isPublicDomain,objectURL,primaryImage,additionalImages_count,objectWikidata_URL,artistWikidata_URL,artistULAN_URL
448917,Band Fragment,Band fragment,4th–5th century,,,,Wool; tapestry woven,"H. 11 1/2 in. (29.2 cm)
W. 6 in. (15.2 cm)",,Egypt,,,,,,,,,,Islamic Art,Textiles-Woven,,False,True,https://www.metmuseum.org/art/collection/search/448917,https://images.metmuseum.org/CRDImages/is/original/91223.jpg,0,,,
445801,Fragment of Roundel,Textile fragment,6th–8th century,,,,"Linen, wool; tapestry weave","H. 6 1/2 in. (16.5 cm)
W. 2 3/4 in. (7 cm)",,Egypt,,,,,,,,,,Islamic Art,Textiles,,False,True,https://www.metmuseum.org/art/collection/search/445801,https://images.metmuseum.org/CRDImages/is/original/86589.jpg,0,,,
457704,Coin,Coin,late 12th–early 13th century,,,,Copper,,,Iran,,Nishapur,,,,,,,,Islamic Art,Coins,,False,True,https://www.metmuseum.org/art/collection/search/457704,https://images.metmuseum.org/CRDImages/is/original/39.40.127.634a.JPG,1,,,
445257,Cover,Cover,17th century,,,,Silk and metal wrapped thread,"Textile: L. 54 in. (137.2 cm)
            W. 25 in. (63.5 cm)
Mount: L. 59 1/4 in. (150.5 cm)
            W. 30 1/2 in. (77.5 cm)",,Turkey,,,,,,,,,,Islamic Art,Textiles-Woven,,False,True,https://www.metmuseum.org/art/collection/search/445257,https://images.metmuseum.org/CRDImages/is/original/wb-08.109.11.JPG,9,,,
453376,Folio from a Qur'an Manuscript,Folio from a non-illustrated manuscript,dated 531 AH/1137 CE,,,,"Ink, gold, and opaque watercolor on paper","H. 7 13/16 in. (19.8 cm)
W. 5 1/16 in. (12.8 cm)",,Iran,,,,Muhammad al-Zanjani,Calligrapher,Iranian,,,,Islamic Art,Codices,Iranian,False,True,https://www.metmuseum.org/art/collection/search/453376,https://images.metmuseum.org/CRDImages/is/original/sf1996-294-5a.jpg,1,,,
454854,Kohl Flask,Kohl flask,probably 10th–12th century,,,,"Serpentine; carved, incised","H. 2 5/16 in. (5.8 cm)
W. 1 in. (2.6 m)",,,Iran or Central Asia,,,,,,,,,Islamic Art,Stone,,False,True,https://www.metmuseum.org/art/collection/search/454854,https://images.metmuseum.org/CRDImages/is/original/DP243799.jpg,6,https://www.wikidata.org/wiki/Q116273026,,
444166,Round Insert from a Coptic Tunic or Shawl,Roundel,7th century,,,,"Linen, wool; plain weave, tapestry weave","Mount: H. 12 1/8 in. (30.8 cm)
            W. 13 7/8 in. (35.2 cm)
             D. 1 5/8 in. (4.1 cm)",,Egypt,,,,,,,,,,Islamic Art,Textiles,,False,True,https://www.metmuseum.org/art/collection/search/444166,https://images.metmuseum.org/CRDImages/is/original/wb-90.5.687.JPG,5,,,
444326,Textile Fragment,Textile fragment,4th–5th century,,,,"Linen, wool","Max. H. 24 5/8 in. (62.6 cm)
Max. W. 17 11/16 in. (45 cm)",,Egypt,,,,,,,,,,Islamic Art,Textiles,,False,True,https://www.metmuseum.org/art/collection/search/444326,https://images.metmuseum.org/CRDImages/is/original/sf90-5-847a.jpg,1,,,
447576,Carpet,Carpet,18th century,,,,"Wool (warp, weft, pile); symmetrically knotted pile","Textile: L. 180 in. (457.2 cm)
             W. 80 in. (203.2 cm)",,,Caucasus,,,,,,,,,Islamic Art,Textiles-Rugs,,False,True,https://www.metmuseum.org/art/collection/search/447576,https://images.metmuseum.org/CRDImages/is/original/DP331051.jpg,21,,,
740957,Stucco Fragment,Fragment,probably 8th–12th century,,,,Stucco; carved and painted,"H. 5 1/8 in. (13 cm)
W. 1 9/16 in. (4 cm)
D. 13/16 in. (2 cm)",,Iran,,Nishapur,,,,,,,,Islamic Art,Stucco,,False,True,https://www.metmuseum.org/art/collection/search/740957,https://images.metmuseum.org/CRDImages/is/original/LC-N117-front.jpg,1,,,
450290,Fragment of a Jar,Fragment of a jar,16th century,,,,"Earthenware; gritty white body, decoration in blue, glazed",,,Iran,,Nishapur,,,,,,,,Islamic Art,Ceramics,,False,True,https://www.metmuseum.org/art/collection/search/450290,https://images.metmuseum.org/CRDImages/is/original/40.170.629.JPG,0,,,
740810,Stucco Fragment,Fragment,probably 8th–12th century,,,,"Stucco; carved, painted","H. 2 3/16 in. (5.5 cm)
W. 1 3/4 in. (4.5 cm)
D. 13/16 in. (2 cm)",,Iran,,Nishapur,,,,,,,,Islamic Art,Stucco,,False,True,https://www.metmuseum.org/art/collection/search/740810,https://images.metmuseum.org/CRDImages/is/original/LC-N1036-front.jpg,1,,,
450053,Button or Bead or Spindle Whorl,Button or bead or spindle whorl,8th–10th century,,,,Stone; incised,"Ht. 3/8 in. (1 cm)
W. 3/8 in. (1 cm)
D. 7/16 in. (1.1 cm)",,Iran,,Nishapur,,,,,,,,Islamic Art,Stone,,False,True,https://www.metmuseum.org/art/collection/search/450053,https://images.metmuseum.org/CRDImages/is/original/sf40-170-376a.jpg,1,,,
455046,Page of Calligraphy from a Shahnama (Book of Kings),Folio from an illustrated manuscript,1562–83,,,,"Ink, opaque watercolor, and gold on paper","Ht. 17 5/16 in. (44 cm)
W. 10 1/16 in. (25.5 cm)",,Iran,,Shiraz,Calligraphy,Muhammad ibn Taj al-Din Haidar Muzahhib Shirazi,Calligrapher,Iranian,1535,1605,,Islamic Art,Codices,"Iranian, active 1560s–80s",False,True,https://www.metmuseum.org/art/collection/search/455046,https://images.metmuseum.org/CRDImages/is/original/DP215757.jpg,5,,,
444357,Roundel,Roundel,3rd–4th century,,,,"Linen, wool",,,Egypt,,,,,,,,,,Islamic Art,Textiles,,False,True,https://www.metmuseum.org/art/collection/search/444357,https://images.metmuseum.org/CRDImages/is/original/74746.jpg,0,,,
456926,Ring,Ring,17th century,,,,Gold,"Max. Diam. 1 1/8 in. (2.9 cm)
Diam. of bezel. 3/4 in. (1.9 cm)",,India,Deccan,,,,,,,,,Islamic Art,Jewelry,,False,True,https://www.metmuseum.org/art/collection/search/456926,https://images.metmuseum.org/CRDImages/is/original/DP335173.jpg,4,,,
445480,Ceramic Fragment,Fragment,14th–15th century,,,,Earthenware; slip-painted under transparent glaze,,,Egypt,,,,,,,,,,Islamic Art,Ceramics,,False,True,https://www.metmuseum.org/art/collection/search/445480,https://images.metmuseum.org/CRDImages/is/original/sf08-256-190a.jpg,0,,,
445213,Fragment of a Bowl,Fragment,14th–15th century,,,,Earthenware; incised decoration through a white slip and coloring under transparent glaze,"H. 1 11/16 in. (4.3 cm)
W. 6 1/4 in. (15.8 cm)
D. 5 15/16 in. (15.1 cm)",,Egypt,,,,,,,,,,Islamic Art,Ceramics,,False,True,https://www.metmuseum.org/art/collection/search/445213,https://images.metmuseum.org/CRDImages/is/original/sf07-238-60a.jpg,0,,,
446173,Page of Calligraphy from an Anthology of Poetry by Sa`di and Hafiz,Folio from a non-illustrated manuscript,late 15th century,,,,"Ink, opaque watercolor, silver, and gold on paper","H. 11 7/8 in. (30.2 cm)
W. 7 1/2 in. (19 cm)",,present-day Afghanistan,,Herat,Animals|Poetry|Calligraphy,Sa'di,Author,Iranian,1213,1291,,Islamic Art,Codices,"Iranian, Shiraz ca. 1213–1291 Shiraz",False,True,https://www.metmuseum.org/art/collection/search/446173,https://images.metmuseum.org/CRDImages/is/original/sf11-84-6r.jpg,2,,https://www.wikidata.org/wiki/Q170302,(not assigned)
448606,Textile Fragment,Textile fragment,11th century,,,,"Linen, silk; plaint weave, tapestry weave","L. 8 1/8 in. (20.6 cm)
W. 19 3/4 in. (50.2 cm)",,Egypt,,,,,,,,,,Islamic Art,Textiles-Woven,,False,True,https://www.metmuseum.org/art/collection/search/448606,https://images.metmuseum.org/CRDImages/is/original/AR136.jpg,1,,,
447264,Fragment of a Bowl,Ceramic fragment,10th–12th century,,,,Earthenware; luster-painted on opaque white glaze,,,Egypt,,Fustat,,,,,,,,Islamic Art,Ceramics,,False,True,https://www.metmuseum.org/art/collection/search/447264,https://images.metmuseum.org/CRDImages/is/original/sf20-120-199a.jpg,0,,,
452728,Bowl,Bowl,mid-12th century,,,,Stonepaste; luster-painted,"H. 6 11/16 in. (17 cm) 
Diam. 11 7/8 in. (30.2 cm)",,Syria,,,,,,,,,,Islamic Art,Ceramics,,False,True,https://www.metmuseum.org/art/collection/search/452728,https://images.metmuseum.org/CRDImages/is/original/sf1975-40a.jpg,1,,,
86571,Uçetek Entari,Robe,18th–19th century,,,,"Silk, metal wrapped thread, cotton; embroidered","Overall: L. 68 in. (172.7 cm)
               W. 70 in. (177.8 cm)",,Turkey,,,,,,,,,,Islamic Art,Main dress-Womenswear,,False,True,https://www.metmuseum.org/art/collection/search/86571,https://images.metmuseum.org/CRDImages/is/original/CI66.41_F.jpg,2,,,
451433,Bowl,Bowl,13th century,,,,Stonepaste; glazed,,,Iran,,Kashan,,,,,,,,Islamic Art,Ceramics,,False,True,https://www.metmuseum.org/art/collection/search/451433,https://images.metmuseum.org/CRDImages/is/original/sf57-61-5b.jpg,3,,,
741994,Stucco Fragment,Fragment,probably 8th–12th century,,,,Stucco; carved,"H. 1 9/16 in. (4 cm)
W. 13/16 in. (2 cm)
D. 13/16 in. (2 cm)",,Iran,,Nishapur,,,,,,,,Islamic Art,Stucco,,False,True,https://www.metmuseum.org/art/collection/search/741994,https://images.metmuseum.org/CRDImages/is/original/LC-N627-front.jpg,1,,,
452636,"""The Combat of Tus and Human,"" Folio from a Shahnama (Book of Kings)",Folio from an illustrated manuscript,ca. 1330–40,,,,"Ink, opaque watercolor, gold, and silver on paper","Page: 
        H. 7 15/16 in. (20.2 cm)
        W. 5 3/16 in. (13.2 cm)
Painting: 
        H. 1 9/16 in. (3.9 cm)
        W. 4 1/4 in. (10.8 cm)",,Iran,,probably Isfahan,Battles|Soldiers|Horses,Abu'l Qasim Firdausi,Author,Iranian,0935,1020,,Islamic Art,Codices,"Iranian, Paj ca. 940/41–1020 Tus",False,True,https://www.metmuseum.org/art/collection/search/452636,https://images.metmuseum.org/CRDImages/is/original/DP108560.jpg,1,,https://www.wikidata.org/wiki/Q43459,
450304,Waster,Waster,16th–17th century,,,,Earthenware; glazed,"H. 2 3/16 in.(5.5 cm)
W. 4 3/8 in. (11.1 cm)
Diam. 5 11/16 in. (14.5 cm)
Thickness. 3/16 in. (0.4 cm)",,Iran,,Nishapur,,,,,,,,Islamic Art,Ceramics,,False,True,https://www.metmuseum.org/art/collection/search/450304,https://images.metmuseum.org/CRDImages/is/original/LC-40_170_643.jpg,0,,,
741927,Stucco Fragment,Fragment,probably 8th–12th century,,,,Stucco; carved,"H. 1 15/16 in. (5 cm)
W. 1 3/4 in. (4.5 cm)
D. 1 in. (2.5 cm)",,Iran,,Nishapur,,,,,,,,Islamic Art,Stucco,,False,True,https://www.metmuseum.org/art/collection/search/741927,https://images.metmuseum.org/CRDImages/is/original/LC-N560-front.jpg,1,,,
452163,"""Rustam and Isfandiyar Begin Their Combat"", Folio 461v from the Shahnama (Book of Kings) of Shah Tahmasp",Folio from an illustrated manuscript,ca. 1530–35,,,,"Opaque watercolor, ink, silver, and gold on paper","Painting: 
            H. 5 7/8 in. (14.9 cm)
            W. 7 1/4 in. (18.4 cm)
Entire Page: 
            H. 18 11/16 in. (47.5 cm)
            W. 12 5/8 in. (32.1 cm)",,Iran,,Tabriz,Battles|Weapons|Men|Horses,Abu'l Qasim Firdausi,Author,Iranian,0935,1020,,Islamic Art,Codices,"Iranian, Paj ca. 940/41–1020 Tus",False,True,https://www.metmuseum.org/art/collection/search/452163,https://images.metmuseum.org/CRDImages/is/original/DP107169.jpg,2,,https://www.wikidata.org/wiki/Q43459,
451599,Ceramic Fragment,Fragment,probably 11th century,,,,Earthenware; glazed,,,Saudi Arabia,,Dhahran,,,,,,,,Islamic Art,Ceramics,,False,True,https://www.metmuseum.org/art/collection/search/451599,https://images.metmuseum.org/CRDImages/is/original/sf60-23-106a.jpg,0,,,
457294,Coin,Coin,5th–14th century,,,,Copper,"Largest piece of coin (lotsof disentegration): Ht. 9/16 in. (1.5 cm)
                                                                                 W. 3/8 in. (1 cm)
                                                                                 Th. 1/16 in. (0.1 cm)",,Iran,,Nishapur,,,,,,,,Islamic Art,Coins,,False,True,https://www.metmuseum.org/art/collection/search/457294,https://images.metmuseum.org/CRDImages/is/original/39.40.127.222a.JPG,1,,,
741893,Stucco Fragment,Fragment,probably 8th–12th century,,,,Stucco; carved,"H. 1 3/8 in. (3.5 cm)
W. 1 in. (2.5 cm)
D. 13/16 in. (2 cm)",,Iran,,Nishapur,,,,,,,,Islamic Art,Stucco,,False,True,https://www.metmuseum.org/art/collection/search/741893,https://images.metmuseum.org/CRDImages/is/original/LC-N526-front.jpg,1,,,
443812,Fragment of a Sleeve,Textile fragment,5th–6th century,,,,"Wool, linen; plain weave, tapestry weave","Max. H. 7 7/8 in. (20 cm)
Max. W. 8 7/16 in. (21.5 cm)",,Egypt,,,,,,,,,,Islamic Art,Textiles,,False,True,https://www.metmuseum.org/art/collection/search/443812,https://images.metmuseum.org/CRDImages/is/original/sf90-5-326.jpg,1,,,
452852,Mirror,Mirror,12th–13th century,,,,"Bronze; cast, chased","W. 3/8 in. (1 cm)
Diam. 8 11/16 in. (22 cm)",,Northwestern Iran or Turkey,,,Demons,,,,,,,Islamic Art,Metal,,False,True,https://www.metmuseum.org/art/collection/search/452852,https://images.metmuseum.org/CRDImages/is/original/DP119722.JPG,13,https://www.wikidata.org/wiki/Q116409818,,
449937,Horse Harness,Horse trappings,9th–10th century,,,,"Bronze; cast, gilded","H. 1 7/16 in. (3.6 cm)
W. 1 1/16 in. (2.7 cm)",,Iran,,Nishapur,,,,,,,,Islamic Art,Metal,,False,True,https://www.metmuseum.org/art/collection/search/449937,https://images.metmuseum.org/CRDImages/is/original/LC-40_170_253.jpg,0,https://www.wikidata.org/wiki/Q116409673,,
453199,Bowl,Bowl,12th century,,,,Composite body; glazed,"H. 1 3/8 in. (3.5 cm)
Diam. 4 1/2 in. (11.4 cm)",,Iran,,,,,,,,,,Islamic Art,Ceramics,,False,True,https://www.metmuseum.org/art/collection/search/453199,https://images.metmuseum.org/CRDImages/is/original/sf1982-478-4a.JPG,4,,,
446747,Necklet (Musi),Necklet,18th–19th century,,,,Gold,"Ht. 3/8  in. (1 cm)
Diam. 4 1/2 in. (11.5 cm)",,India,,,,,,,,,,Islamic Art,Jewelry,,False,True,https://www.metmuseum.org/art/collection/search/446747,https://images.metmuseum.org/CRDImages/is/original/15.95.49.jpg,0,,,
681587,Face from Half of Double Saddle Bag (Khorjin),Saddle bag,19th century,,,,Wool; sumak brocaded,"H. 23 in. (58.4 cm)
W. 22 1/2 in. (57.2 cm)",,Northwestern Iran,,,,,,,,,,Islamic Art,Textiles-Woven-Brocade,,False,True,https://www.metmuseum.org/art/collection/search/681587,https://images.metmuseum.org/CRDImages/is/original/DP700947.jpg,1,,,
443383,Textile Fragment,Textile fragment,5th–6th century,,,,"Wool, linen; plain weave, tapestry weave","Max. H. 18 in. (45.7 cm)
Max. W. 13 1/2 in. (34.3 cm)",,Egypt,,,,,,,,,,Islamic Art,Textiles,,False,True,https://www.metmuseum.org/art/collection/search/443383,https://images.metmuseum.org/CRDImages/is/original/DP17663.jpg,2,,,
742089,Stucco Fragment,Fragment,probably 8th–12th century,,,,"Stucco; carved, painted","H. 1 in. (2.5 cm)
W. 3/8 in. (1 cm)
D. 13/16 in. (2 cm)",,Iran,,Nishapur,,,,,,,,Islamic Art,Stucco,,False,True,https://www.metmuseum.org/art/collection/search/742089,https://images.metmuseum.org/CRDImages/is/original/LC-N722-front.jpg,1,,,
698662,Three Textile Fragments,Textile fragments,18th century,,,,Silk and metallic thread,"Largest fragment: 
                              L. 16 in. (40.6 cm)
                              W. 12 in. (30.5 cm)",,India,,,Flowers,,,,,,,Islamic Art,Textiles,,False,True,https://www.metmuseum.org/art/collection/search/698662,https://images.metmuseum.org/CRDImages/is/original/DP-13343-085.jpg,1,,,
448316,Textile Fragment,Textile fragment,ca. 908–32,,,,"Linen, silk; plain weave, embroidered","Textile: L. 8 1/2 in. (21.6 cm)
             W. 14 in. (35.6 cm)
Mount: L. 13 in. (33 cm)
             W. 1 9/16 in. (4 cm)",,Egypt,,,Arabic,,,,,,,Islamic Art,Textiles-Embroidered,,False,True,https://www.metmuseum.org/art/collection/search/448316,https://images.metmuseum.org/CRDImages/is/original/wb-29.179.31.JPG,2,,,
446635,"""Millefleur"" Carpet",Carpet,probably 18th century,,,,"Cotton (warp and weft), wool (pile); asymmetrically knotted pile","Textile: L. 145 in. (368.3 cm)
             W. 102 in. (259.1 cm)",,India,,,Flowers,,,,,,,Islamic Art,Textiles-Rugs,,False,True,https://www.metmuseum.org/art/collection/search/446635,https://images.metmuseum.org/CRDImages/is/original/DP330658.jpg,34,,,
449533,Tughra (Insignia) of Sultan Süleiman the Magnificent (r. 1520–66),Tughra,ca. 1555–60,,,,"Ink, opaque watercolor, and gold on paper","Tughra:
             H. 20 1/2 in. (52.1 cm)
             W. 25 3/8 in. (64.5 cm)
Mat:
        H. 25 in. (63.5 cm)
        W. 30 in. (76.2 cm)",,Turkey,,Istanbul,Insignia,,,,,,,Islamic Art,Codices,,True,True,https://www.metmuseum.org/art/collection/search/449533,https://images.metmuseum.org/CRDImages/is/original/DP251197.jpg,148,https://www.wikidata.org/wiki/Q29385095,,
447989,Lamp,Lamp,5th–6th century,,,,Earthenware; molded,,,Egypt,,,,,,,,,,Islamic Art,Ceramics,,False,True,https://www.metmuseum.org/art/collection/search/447989,https://images.metmuseum.org/CRDImages/is/original/sf27-94-21.jpg,0,,,
451702,Bowl,Bowl,second half 10th century,,,,Earthenware; luster-painted on opaque white glaze under transparent colorless glaze,"H. 2 1/8 in. (5.4 cm)
Diam. 7 1/8 in. (18.1 cm)
Wt. 10.7 oz. (303.4 g)",,Egypt,,Fustat,,,,,,,,Islamic Art,Ceramics,,False,True,https://www.metmuseum.org/art/collection/search/451702,https://images.metmuseum.org/CRDImages/is/original/DP-41518-001.jpg,7,,,
740771,Stucco Fragment,Fragment,probably 8th–12th century,,,,"Stucco; carved, painted","H. 6 5/16 in. (16 cm)
W. 2 3/8 in. (6 cm)
D. 1 in. (2.5 cm)",,Iran,,Nishapur,,,,,,,,Islamic Art,Stucco,,False,True,https://www.metmuseum.org/art/collection/search/740771,https://images.metmuseum.org/CRDImages/is/original/LC-N1000-front .jpg,1,,,
447337,Band Fragment,Band fragment,4th–5th century,,,,Wool; tapestry woven,"H. 9 1/4 in. (23.5 cm)
W. 5 11/16 in. (14.5 cm)",,Egypt,,,,,,,,,,Islamic Art,Textiles,,False,True,https://www.metmuseum.org/art/collection/search/447337,https://images.metmuseum.org/CRDImages/is/original/sf21-6-18a.jpg,1,,,
457158,Coin,Coin,dated 366 AH/976 CE,,,,Silver,"Ht. 1 3/16 in. (3 cm)
W. 1 3/16 in. (3 cm)
Th. 1/16 in. (0.1 cm)",,Iran,,Nishapur,,,,,,,,Islamic Art,Coins,,False,True,https://www.metmuseum.org/art/collection/search/457158,https://images.metmuseum.org/CRDImages/is/original/39.40.127.86a.JPG,1,,,
447685,Band,Band,early 19th century,,,,"Cotton, silk; embroidered","H. 4 1/2 in. (11.4 cm)
W. 16 1/2 in. (41.9 cm)",,Morocco,,Rabat,,,,,,,,Islamic Art,Textiles-Embroidered,,False,True,https://www.metmuseum.org/art/collection/search/447685,https://images.metmuseum.org/CRDImages/is/original/54261B.jpg,0,,,
742127,Stucco Fragment,Fragment,probably 8th–12th century,,,,Stucco; carved,"H. 2 9/16 in. (6.5 cm)
W. 1 15/16 in. (5 cm)
D. 13/16 in. (2 cm)",,Iran,,Nishapur,,,,,,,,Islamic Art,Stucco,,False,True,https://www.metmuseum.org/art/collection/search/742127,https://images.metmuseum.org/CRDImages/is/original/LC-N760-front.jpg,1,,,
454547,Textile Fragment,Textile fragment,late 17th century,,,,Silk,"H. 16 3/8 in. (41.6 cm)
W. 10 in. (25.4 cm)",,Iran,,,Flowers,,,,,,,Islamic Art,Textiles,,False,True,https://www.metmuseum.org/art/collection/search/454547,https://images.metmuseum.org/CRDImages/is/original/Tr.20.725.2002.JPG,1,,,
741222,Stucco Fragment,Fragment,probably 8th–12th century,,,,"Stucco (mortar); carved, painted",L5  x W 3.5 x H 2,,Iran,,Nishapur,,,,,,,,Islamic Art,Stucco,,False,True,https://www.metmuseum.org/art/collection/search/741222,https://images.metmuseum.org/CRDImages/is/original/LC-N1413-front.jpg,1,,,
452093,Textile Fragment,Textile fragment,17th century,,,,"Silk, metal wrapped thread; brocaded and voided velvet","L. 60 13/16 in. (154.5 cm)
W. 24 5/8 in. (62.6 cm)",,Turkey,,,,,,,,,,Islamic Art,Textiles-Woven,,False,True,https://www.metmuseum.org/art/collection/search/452093,https://images.metmuseum.org/CRDImages/is/original/DT223981.jpg,3,,,
444035,Textile Fragment,Textile fragment,5th–6th century,,,,"Wool, linen; plain weave, tapestry weave","Max. H. 3 1/8 in. (8 cm)
Max. W. 3 3/4 in. (9.5 cm)",,Egypt,,,,,,,,,,Islamic Art,Textiles,,False,True,https://www.metmuseum.org/art/collection/search/444035,https://images.metmuseum.org/CRDImages/is/original/83039.jpg,0,,,
740799,Stucco Fragment,Fragment,probably 8th–12th century,,,,Stucco; carved,"H. 13/16 in. (2 cm)
W. 3/8 in. (1 cm)
D. 13/16 in. (2 cm)",,Iran,,Nishapur,,,,,,,,Islamic Art,Stucco,,False,True,https://www.metmuseum.org/art/collection/search/740799,https://images.metmuseum.org/CRDImages/is/original/LC-N1026-front.jpg,1,,,
452647,"""Caesar Gives his Daughter Katayun to Gushtasp"", Folio from a Shahnama (Book of Kings) of Firdausi",Folio from an illustrated manuscript,ca. 1330–40,,,,"Ink, opaque watercolor, gold, and silver on paper","Painting: H. 1 15/16 in. (4.9 cm)
                W. 4 3/16 in. (10.6 cm)
Page: H. 8 1/16 in. (20.5 cm)
          W. 5 5/16 in. (13.5 cm)
Mat: H. 19 1/4 in. (48.9 cm)
        W. 14 1/4 in. (36.2 cm)",,Iran,,probably Isfahan,Princes|Princesses|Men,Abu'l Qasim Firdausi,Author,Iranian,0935,1020,,Islamic Art,Codices,"Iranian, Paj ca. 940/41–1020 Tus",False,True,https://www.metmuseum.org/art/collection/search/452647,https://images.metmuseum.org/CRDImages/is/original/DP108571.jpg,0,https://www.wikidata.org/wiki/Q116277162,https://www.wikidata.org/wiki/Q43459,
453201,Pen Case and Inkwell,Pen case and inkwell,first half 19th century,,,,"Gold, silver; partial gilded, probably cast","Inkwell: 
          H. 1 3/4 in. (4.5 cm)
          W. 1 5/8 in. (4.2 cm)
Case: 
          Gr. L. 9 3/4 in. (24.8 cm)
          W. 1 1/8 in. (2.9 cm)",,Turkey,,,,,,,,,,Islamic Art,Metal,,False,True,https://www.metmuseum.org/art/collection/search/453201,https://images.metmuseum.org/CRDImages/is/original/sf1982-478-6a.jpg,3,,,
741039,Stucco Fragment,Fragment,probably 8th–12th century,,,,"Stucco; carved, painted","H. 1 3/16 in. (3 cm)
W. 1 in. (2.5 cm)
D. 9/16 in. (1.5 cm)",,Iran,,Nishapur,,,,,,,,Islamic Art,Stucco,,False,True,https://www.metmuseum.org/art/collection/search/741039,https://images.metmuseum.org/CRDImages/is/original/LC-N1245-front.jpg,1,,,
454874,"""Rustam Fights the Dragon (Rustam's Third Course)"", Folio from a Shahnama (Book of Kings)",Folio from an illustrated manuscript,ca. 1330–40,,,,"Ink, opaque watercolor, and gold on paper","Painting (max.): 
                          H. 1 15/16 in. (4.9 cm)
                          W. 4 5/16 in. (10.9 cm)",,Iran,,probably Isfahan,Men|Dragons,Abu'l Qasim Firdausi,Author,Iranian,0935,1020,,Islamic Art,Codices,"Iranian, Paj ca. 940/41–1020 Tus",False,True,https://www.metmuseum.org/art/collection/search/454874,https://images.metmuseum.org/CRDImages/is/original/DP215910.jpg,11,,https://www.wikidata.org/wiki/Q43459,
448261,Jar,Jar,12th century,,,,Earthenware; glazed,H. 2 7/8 in. (7.3 cm),,Iran,,,,,,,,,,Islamic Art,Ceramics,,False,True,https://www.metmuseum.org/art/collection/search/448261,https://images.metmuseum.org/CRDImages/is/original/sf29-160-3a.jpg,0,,,
787737,Shahsevan Double Saddle Bag (Pair),Saddle bag,ca. 1870,,,,Wool and cotton; sumak brocaded,"H. 38 in. (96.5 cm)
W. 21 in (53.3 cm)",,Northwest Iran,Shahsevan tribal region,,,,,,,,,Islamic Art,Textiles,,False,True,https://www.metmuseum.org/art/collection/search/787737,https://images.metmuseum.org/CRDImages/is/original/K-5.jpg,0,,,
443214,Textile Fragment,Textile fragment,3rd–4th century,,,,"Wool, linen; plain weave, tapestry weave","H. 38 3/16 in. (97 cm)
W. 16 9/16 in. (42.1 cm)",,Egypt,,,,,,,,,,Islamic Art,Textiles,,False,True,https://www.metmuseum.org/art/collection/search/443214,https://images.metmuseum.org/CRDImages/is/original/74742.jpg,0,,,
444440,Cover,Cover,18th century,,,,Cotton,"H. 19 in. (48.3 cm)
W. 14 in. (35.6 cm)",,Iran,,,,,,,,,,Islamic Art,Textiles-Painted and/or Printed,,False,True,https://www.metmuseum.org/art/collection/search/444440,https://images.metmuseum.org/CRDImages/is/original/DP-34051-001.jpg,3,,,
445586,Ceramic Fragment,Fragment,11th century,,,,"Earthenware; glazed, luster-painted",,,Egypt,,,,,,,,,,Islamic Art,Ceramics,,False,True,https://www.metmuseum.org/art/collection/search/445586,https://images.metmuseum.org/CRDImages/is/original/sf08-256-309a.jpg,0,,,
742145,Stucco Fragment,Fragment,probably 8th–12th century,,,,Gypsum; carved,"H. 19 5/16 in. (49 cm)
W. 7 1/2 in. (19 cm)
D. 1 15/16 in. (5 cm)",,Iran,,Nishapur,,,,,,,,Islamic Art,Stucco,,False,True,https://www.metmuseum.org/art/collection/search/742145,https://images.metmuseum.org/CRDImages/is/original/N777 a-b back.jpg,0,,,
443223,Textile Fragment,Textile fragment,3rd–4th century,,,,"Wool, linen; plain weave, tapestry weave","H. 13 9/16 in. (34.5 cm)
W. 11 1/4 in. (28.5 cm)",,Egypt,,,,,,,,,,Islamic Art,Textiles,,False,True,https://www.metmuseum.org/art/collection/search/443223,https://images.metmuseum.org/CRDImages/is/original/64632.jpg,0,,,
443220,Textile Fragment,Textile fragment,3rd–4th century,,,,"Wool, linen; plain weave, tapestry weave, weft loop weave","H. 13 3/4 in. (35 cm)
W. 6 9/16 in. (16.7 cm)",,Egypt,,,,,,,,,,Islamic Art,Textiles,,False,True,https://www.metmuseum.org/art/collection/search/443220,https://images.metmuseum.org/CRDImages/is/original/64630.jpg,0,,,
453099,Folio from a Kalila wa Dimna,Folio from an illustrated manuscript,second quarter 16th century,,,,Ink and opaque watercolor on paper,"Overall:
            H. 12 1/2 in. (31.8 cm)
            W. 8 7/8 in. (22.6 cm)
Average text size:
            H. 8 5/8 in. (21.9 cm)
            W. 4 7/8 in. (12.4 cm)",,India,,,Tigers,,,,,,,Islamic Art,Codices,,False,True,https://www.metmuseum.org/art/collection/search/453099,https://images.metmuseum.org/CRDImages/is/original/DP300748.jpg,2,,,
445485,Fragment of a Bowl,Fragment,14th–15th century,,,,Stonepaste; polychrome painted under transparent glaze,,,Egypt,,,,,,,,,,Islamic Art,Ceramics,,False,True,https://www.metmuseum.org/art/collection/search/445485,https://images.metmuseum.org/CRDImages/is/original/sf08-256-195.jpg,0,,,
452839,Bookbinding,Bookbinding,dated 1860,,,,Pasteboard and leather; painted and lacquered,"H. 11 in. (27.9 cm)
W. 17 1/8 in. (43.5 cm)",,Iran,,,Animals|Men|Hunting|Dogs|Horses,,,,,,,Islamic Art,Codices,,False,True,https://www.metmuseum.org/art/collection/search/452839,https://images.metmuseum.org/CRDImages/is/original/sf1977-392-4a.jpg,1,,,
452929,Hair Ornament,Hair ornament,12th century,,,,Gold; set with stones including garnets and turquoise,"H. 2 11/16 in. (6.8 cm)
W. 5/16 in. (.8 cm)",,Iran,,,,,,,,,,Islamic Art,Jewelry,,False,True,https://www.metmuseum.org/art/collection/search/452929,https://images.metmuseum.org/CRDImages/is/original/1979.95.jpg,2,,,
741551,Stucco Fragment,Fragment,probably 8th–12th century,,,,"Stucco; carved, painted","H. 2 3/4 in. (7 cm)
W. 1 15/16 in. (5 cm)
D. 9/16 in. (1.5 cm)",,Iran,,Nishapur,,,,,,,,Islamic Art,Stucco,,False,True,https://www.metmuseum.org/art/collection/search/741551,https://images.metmuseum.org/CRDImages/is/original/LC-N184-front.jpg,1,,,
458646,Palanquin Finial,Finial,ca. 1650–1680,,,,Copper; cast and gilded,"H. 16 3/8 in. (41.6 cm)
Diam. 5 3/16 in. (13.2 cm)
Wt. 2.6 lbs. (1.2 kg)",,India,,Golconda,,,,,,,,Islamic Art,Metal,,False,True,https://www.metmuseum.org/art/collection/search/458646,https://images.metmuseum.org/CRDImages/is/original/DP-35640-001.jpg,2,,,
445225,Bookbinding (Jild-i kitab),Bookbinding,19th century,,,,Pasteboard; painted and lacquered,"H. 8 7/16 in. (21.4 cm)
W. 5 1/8 in. (13 cm)
Including spine: H. 8 7/16 in. (21.4 cm)
                          W. 6 1/4 in. (15.9 cm)",,Iran,,,Flowers,,,,,,,Islamic Art,Codices,,False,True,https://www.metmuseum.org/art/collection/search/445225,https://images.metmuseum.org/CRDImages/is/original/sf07-310-4a.jpg,2,,,
443439,Textile Fragment,Textile fragment,5th–6th century,,,,"Wool, linen; plain weave, tapestry weave (?)","Max. H. 6 3/4 in. (17.1 cm)
Max. W. 4 1/2 in. (11.4 cm)",,Egypt,,,,,,,,,,Islamic Art,Textiles,,False,True,https://www.metmuseum.org/art/collection/search/443439,https://images.metmuseum.org/CRDImages/is/original/78520.jpg,0,,,
455079,Bowl,Bowl,3rd–7th century,,,,Bronze,"H. 4 1/2 in.(11.4 cm)
Diam. 4 5/16 in. (11 cm)
Wt. 18.6 oz. (527.4 g)",,Egypt,,,,,,,,,,Islamic Art,Metal,,False,True,https://www.metmuseum.org/art/collection/search/455079,https://images.metmuseum.org/CRDImages/is/original/sf07-228-51a.jpg,2,,,
740742,Stucco Fragment,Fragment,probably 8th–12th century,,,,Stucco; carved,"H. 2 3/16 in. (5.5 cm)
W. 2 3/16 in. (5.5 cm)
D. 13/16 in. (2 cm)",,Iran,,Nishapur,,,,,,,,Islamic Art,Stucco,,False,True,https://www.metmuseum.org/art/collection/search/740742,https://images.metmuseum.org/CRDImages/is/original/LC-N072-front.jpg,1,,,
447248,Tile,Tile,18th century,,,,Stonepaste; glazed,"H. 8 in. (20.3 cm)
W. 8 in. (20.3 cm)",,Iran,,,Animals|Birds|Flowers,,,,,,,Islamic Art,Ceramics-Tiles,,False,True,https://www.metmuseum.org/art/collection/search/447248,https://images.metmuseum.org/CRDImages/is/original/sf20-120-176.jpg,0,,,
448619,Textile Fragment,Textile fragment,10th century,,,,Linen; embroidered in silk,"L. 1 in. (2.5 cm)
W. 7 7/8 in. (20 cm)",,Iraq,,,Arabic,,,,,,,Islamic Art,Textiles-Embroidered,,False,True,https://www.metmuseum.org/art/collection/search/448619,https://images.metmuseum.org/CRDImages/is/original/86323.jpg,0,,,
444556,Bowl,Bowl,13th century,,,,Bronze; engraved and inlaid with silver,"H. 3 5/16 in. (8.4 cm)
Max Diam. 7 1/8 in. (18.1 cm)",,Iran,,,,,,,,,,Islamic Art,Metal,,False,True,https://www.metmuseum.org/art/collection/search/444556,https://images.metmuseum.org/CRDImages/is/original/DP-30556-001.jpg,6,,,
443102,Tile,Tile,19th century,,,,"Stonepaste; molded, painted under transparent glaze","H. 7 3/8 in. (18.7 cm)
W. 5 in. (12.7 cm)",,Iran,,,Men|Horses|Flowers,,,,,,,Islamic Art,Ceramics-Tiles,,False,True,https://www.metmuseum.org/art/collection/search/443102,https://images.metmuseum.org/CRDImages/is/original/sf83-1-68.jpg,0,,,
451900,Hexagonal Tile,Tile,15th century,,,,Stonepaste; underglaze painted,,,Egypt,,,Birds,,,,,,,Islamic Art,Ceramics-Tiles,,False,True,https://www.metmuseum.org/art/collection/search/451900,https://images.metmuseum.org/CRDImages/is/original/67-69-1.jpg,0,,,
445360,Mirror with a Pair of Addorsed Sphinxes with Scorpion Tails,Mirror,12th–13th century,,,,Bronze; cast,"H. 9/16 in. (1.4 cm)
Diam. 3 1/2 in. (8.9 cm)
Wt. 6.2 oz. (175.8 g)",,Iran or Turkey,,,Sphinx,,,,,,,Islamic Art,Metal,,False,True,https://www.metmuseum.org/art/collection/search/445360,https://images.metmuseum.org/CRDImages/is/original/sf08-208-1a.jpg,2,,,
448367,Ornament,Ornament,13th century,,,,Brass inlaid with silver; painted,"Ht. 3 3/8 in. (8.6 cm)
W. 14 5/8 in. (37.1 cm)
D. 1/4 in. (0.6 cm)
Wt. 27 oz. (765.5 g)",,Egypt,,,,,,,,,,Islamic Art,Metal,,False,True,https://www.metmuseum.org/art/collection/search/448367,https://images.metmuseum.org/CRDImages/is/original/sf30-41-1b.jpg,1,,,
444044,Textile Fragment,Textile fragment,5th century,,,,"Wool, linen; plain weave, tapestry weave","Max. H. 10 5/8 in. (27 cm)
Max. W. 5 5/8 in. (14.3 cm)",,Egypt,,,,,,,,,,Islamic Art,Textiles,,False,True,https://www.metmuseum.org/art/collection/search/444044,https://images.metmuseum.org/CRDImages/is/original/83046.jpg,0,,,
449044,Mold for Making Ceramics,Mold,10th–11th century,,,,"Earthenware; incised decoration, unglazed","H. 5 1/2 in. (14 cm)
W. 2 1/2 in. (6.4 cm)",,Iran,,Nishapur,,,,,,,,Islamic Art,Ceramics,,False,True,https://www.metmuseum.org/art/collection/search/449044,https://images.metmuseum.org/CRDImages/is/original/36.20.10.jpg,0,,,
742121,Stucco Fragment,Fragment,probably 8th–12th century,,,,Stucco; carved,"H. 2 3/16 in. (5.5 cm)
W. 1 3/8 in. (3.5 cm)
D. 13/16 in. (2 cm)",,Iran,,Nishapur,,,,,,,,Islamic Art,Stucco,,False,True,https://www.metmuseum.org/art/collection/search/742121,https://images.metmuseum.org/CRDImages/is/original/LC-N754-front.jpg,1,,,
447017,Tile Panel,Tile panel,early 17th century,,,,Stonepaste; polychrome painted under transparent glaze,"H. 29 in. (73.7 cm)
W. 39 1/4 in. (99.7 cm)
D. 1 9/16 in. (4 cm)
Wt. 98 lbs (44.5 kg) (Wt. includes 17.190.2088)",,Turkey,,Iznik,Flowers,,,,,,,Islamic Art,Ceramics-Tiles,,False,True,https://www.metmuseum.org/art/collection/search/447017,https://images.metmuseum.org/CRDImages/is/original/LC-17_190_2087.jpg,1,https://www.wikidata.org/wiki/Q116385700,,
446799,"Bracelet (Kada), One of a Pair",Bracelet,19th century,,,,"Gold, rubies, emerald","Ht. 3 1/8 in. (8 cm)
W.  3 1/8 in. (8 cm)
D. 9/16 in. (1.5 cm)",,India,Punjab or Rajasthan,,,,,,,,,Islamic Art,Jewelry,,False,True,https://www.metmuseum.org/art/collection/search/446799,https://images.metmuseum.org/CRDImages/is/original/LC-15_95_136.jpg,2,,,
454620,"recto: ""Portrait of Raja Suraj Singh Rathor"", verso: Page of Calligraphy. Folio from the Shah Jahan Album",Album leaf,recto: late 16th century; verso: ca. 1640,,,,"Ink, opaque watercolor, and gold on paper","H. 15 1/4 in. (38. 7 cm)
W. 10 1/16 in. (25.6 cm)",,India,,,Men|Portraits,Bishan Das,Artist,,,,,Islamic Art,Codices,,False,True,https://www.metmuseum.org/art/collection/search/454620,https://images.metmuseum.org/CRDImages/is/original/DT200625.jpg,5,,,http://vocab.getty.edu/page/ulan/500332121
454520,Textile Fragment,Textile fragment,late 15th–16th century,,,,Silk,"Textile: H. 10 1/4 in. (26 cm)
             W. 12 3/4 in. (32.4 cm)",,Spain,,,,,,,,,,Islamic Art,Textiles,,False,True,https://www.metmuseum.org/art/collection/search/454520,https://images.metmuseum.org/CRDImages/is/original/ad-2002.494.742.JPG,2,,,
446478,Fragment of Dish,Ceramic fragment,14th–15th century,,,,Stonepaste; underglaze painted under turquoise glaze,,,Syria,,,,,,,,,,Islamic Art,Ceramics,,False,True,https://www.metmuseum.org/art/collection/search/446478,https://images.metmuseum.org/CRDImages/is/original/sf13-190-204a.jpg,0,,,
451666,Goblet,Goblet,4th century,,,,Glass,".1)  H.  3 1/4 in. (8.3 cm)
       Diam. at mouth  4 5/16 in. (11 cm)
.2)  a)  H. 4 5/16 in. (11 cm)
            W. 4 in. (10.2 cm) 
      b)  H. 3 3/4 in. (9.5 cm)
      c)  H. 1 13/16 in. (4.6 cm)",,,,,,,,,,,,Islamic Art,Glass,,False,True,https://www.metmuseum.org/art/collection/search/451666,https://images.metmuseum.org/CRDImages/is/original/61.208.2.JPG,6,,,
446739,"Armband (Bazuband), One of a Pair",Armband,19th century,,,,"Gold, gemstones, and enamel","Ornament: H. 2-1/4""  (5.7 cm)
                     W. 3-5/8"" (9.3 cm)",,India,Punjab or Rajasthan,,,,,,,,,Islamic Art,Jewelry,,False,True,https://www.metmuseum.org/art/collection/search/446739,https://images.metmuseum.org/CRDImages/is/original/15.95.40 and 41.JPG,2,,,
444501,Fragmentary Ewer,Ewer,14th century,,,,Earthenware; glazed,"H. 8 1/2 in. (21.6 cm)
Max Diam. 6 1/2 in. (16.5 cm)",,Iran,,,,,,,,,,Islamic Art,Ceramics,,False,True,https://www.metmuseum.org/art/collection/search/444501,https://images.metmuseum.org/CRDImages/is/original/DP-33966-003.jpg,4,,,
444124,Textile Fragment,Textile fragment,5th century,,,,"Wool, linen; tapestry weave","Max. H. 18 7/8 in. (48 cm)
Max. W. 1 in. (2.5 cm)",,Egypt,,,,,,,,,,Islamic Art,Textiles,,False,True,https://www.metmuseum.org/art/collection/search/444124,https://images.metmuseum.org/CRDImages/is/original/sf90-5-645a.jpg,1,,,
457130,Coin,Coin,967–78,,,,Silver,"Ht. 1 1/8 in. (2.8 cm)
W. 1 1/8 in. (2.8 cm)
Th. 1/16 in. (0.1 cm)",,,,Amul,,,,,,,,Islamic Art,Coins,,False,True,https://www.metmuseum.org/art/collection/search/457130,https://images.metmuseum.org/CRDImages/is/original/39.40.127.58a.JPG,1,,,
451139,Ceramic Fragment,Fragment,9th century,,,,Glass residue,"H. 1 3/8 in. (3.5 cm)
W.  2 11/16 (6.8 cm)
D. 2 15/16 in. (7.5 cm)",,Iraq,,Basra,,,,,,,,Islamic Art,Glass,,False,True,https://www.metmuseum.org/art/collection/search/451139,https://images.metmuseum.org/CRDImages/is/original/sf52-130-20a.jpg,1,,,
452527,Ceramic Gaming Piece,Gaming piece,11th–14th century,,,,Stonepaste; glazed,,,Iran,,,Games,,,,,,,Islamic Art,Gaming pieces,,False,True,https://www.metmuseum.org/art/collection/search/452527,https://images.metmuseum.org/CRDImages/is/original/sf1974-98-5b.jpg,1,,,
443798,Fragment of a Tunic,Textile fragment,3rd–4th century,,,,"Wool, linen; plain weave, tapestry weave","Max. H. 15 3/8 in. (39 cm)
Max. W. 1 15/16 in. (5 cm)",,Egypt,,,,,,,,,,Islamic Art,Textiles,,False,True,https://www.metmuseum.org/art/collection/search/443798,https://images.metmuseum.org/CRDImages/is/original/84005.jpg,0,,,
446624,Lamp,Lamp,3rd–8th century,,,,Earthenware; molded,3 5/8 in. (9.2 cm),,Egypt,,Thebes,,,,,,,,Islamic Art,Ceramics,,False,True,https://www.metmuseum.org/art/collection/search/446624,https://images.metmuseum.org/CRDImages/is/original/sf14-6-71.jpg,0,,,
450482,Hanging,Hanging,18th century,,,,"Silk, gold, and silver; brocaded","Rug: 
         L. 97 in. (246.4 cm)
         W. 92 in. (233.7 cm)",,Armenia,,,,,,,,,,Islamic Art,Textiles-Woven,,False,True,https://www.metmuseum.org/art/collection/search/450482,https://images.metmuseum.org/CRDImages/is/original/DP168446.jpg,26,,,
449141,Base,Base,late 12th–13th century,,,,Bronze; cast,"H. 1 in. (2.5 cm)
Diam. 3 3/16 in. (8.1 cm)",,Iran,,Nishapur,,,,,,,,Islamic Art,Metal,,False,True,https://www.metmuseum.org/art/collection/search/449141,https://images.metmuseum.org/CRDImages/is/original/wb-37.40.31c.JPG,2,,,
741865,Stucco Fragment,Fragment,probably 8th–12th century,,,,"Stucco; carved, painted","H. 2 3/8 in. (6 cm)
W. 1 9/16 in. (4 cm)
D. 1 3/8 in. (3.5 cm)",,Iran,,Nishapur,,,,,,,,Islamic Art,Stucco,,False,True,https://www.metmuseum.org/art/collection/search/741865,https://images.metmuseum.org/CRDImages/is/original/LC-N498-front.jpg,1,,,
447236,Dish,Dish,18th–19th century,,,,Stonepaste; underglaze painted,"Ht. 3 1/8 in. (8 cm)
Diam. 15 3/4 in. (40 cm)",,present-day Uzbekistan,,Bukhara,,,,,,,,Islamic Art,Ceramics,,False,True,https://www.metmuseum.org/art/collection/search/447236,https://images.metmuseum.org/CRDImages/is/original/wb-20.120.162d.JPG,2,,,
457492,Coin,Coin,Dated 614 AH/1217 CE,,,,Copper,,,Iran,,Nishapur,,,,,,,,Islamic Art,Coins,,False,True,https://www.metmuseum.org/art/collection/search/457492,https://images.metmuseum.org/CRDImages/is/original/39.40.127.421a.JPG,1,,,
447841,Square,Square,4th century,,,,"Linen, wool","Textile: L. 17 11/16 in. (45 cm)
            W. 15 3/4 in. (40 cm)
Storage mount: L. 25 in. (63.5 cm)
                         W. 24 1/2 in. (62.2 cm)",,Egypt,,Akhmim (former Panopolis),Human Figures,,,,,,,Islamic Art,Textiles,,False,True,https://www.metmuseum.org/art/collection/search/447841,https://images.metmuseum.org/CRDImages/is/original/67294.jpg,0,,,
453367,Portrait of the Elephant  'Alam Guman,Illustrated album leaf,ca. 1640,,,,Opaque watercolor and gold on paper,"Whole page a:
                      H. 18 1/8 in. (46 cm)
                      W. 12 5/8 in. (32 cm)
Whole page b:
                      H. 18.1/8 in. (46 cm)
                      W. 12 5/8 in. (32 cm)
Calligraphy page:
                      H. 73/4 in. (19.6 cm)
                      W. 3 1/16 in. (7.6 cm)",,India,,,Men|Elephants,Bichitr,Artist,Indian,1585,1685,,Islamic Art,Codices,"Indian, active ca. 1610–60",False,True,https://www.metmuseum.org/art/collection/search/453367,https://images.metmuseum.org/CRDImages/is/original/DP234016.jpg,3,,https://www.wikidata.org/wiki/Q856754,http://vocab.getty.edu/page/ulan/500336838
740819,Stucco Fragment,Fragment,probably 8th–12th century,,,,"Stucco; carved, painted","H. 2 3/8 in. (6 cm)
W. 1 15/16 in. (5 cm)
D. 1 in. (2.5 cm)",,Iran,,Nishapur,,,,,,,,Islamic Art,Stucco,,False,True,https://www.metmuseum.org/art/collection/search/740819,https://images.metmuseum.org/CRDImages/is/original/LC-N1044-front.jpg,1,,,
443973,Textile Fragment,Textile fragment,5th century,,,,"Wool, linen; plain weave, weft loop weave (?)","Max. H. 10 3/8 in. (26.3 cm)
Max. W. 5 5/16 in. (13.5 cm)",,Egypt,,,,,,,,,,Islamic Art,Textiles,,False,True,https://www.metmuseum.org/art/collection/search/443973,https://images.metmuseum.org/CRDImages/is/original/59730.jpg,0,,,
446432,Fragment of a Dish,Ceramic fragment,13th–14th century,,,,Earthenware; incised decoration under turquoise glaze,,,Egypt,,,,,,,,,,Islamic Art,Ceramics,,False,True,https://www.metmuseum.org/art/collection/search/446432,https://images.metmuseum.org/CRDImages/is/original/sf13-190-151a.jpg,0,,,
681122,Instrument Case,Box,dated 1204 AH/1789 CE,,,,Papier-maché and pasteboard; painted and lacquered,"H. 13 13/16 in. (35.1 cm)
W. 9 3/8 in. (23.9 cm)
D.1 3/8 in. (3.6 cm)",,Iran,,,Birds|Flowers|Leaves,Muhammad Baqir,Artist,Iranian,1725,1790,,Islamic Art,Lacquer,Iranian,False,True,https://www.metmuseum.org/art/collection/search/681122,https://images.metmuseum.org/CRDImages/is/original/DP358260.jpg,4,https://www.wikidata.org/wiki/Q116298066,https://www.wikidata.org/wiki/Q28663075,http://vocab.getty.edu/page/ulan/500116740
452497,Ceramic Fragment,Fragment,14th century,,,,Earthenware; incised and painted under transparent glaze,,,Egypt,,,,,,,,,,Islamic Art,Ceramics,,False,True,https://www.metmuseum.org/art/collection/search/452497,https://images.metmuseum.org/CRDImages/is/original/sf1973-79-80a.jpg,0,,,
448054,Textile Fragment,Textile fragment,10th century,,,,Linen; embroidered in silk,"L. 3 in. (7.6 cm)
W. 9 3/8 in. (23.8 cm)",,Egypt,,Fustat,,,,,,,,Islamic Art,Textiles-Embroidered,,False,True,https://www.metmuseum.org/art/collection/search/448054,https://images.metmuseum.org/CRDImages/is/original/wb-27.170.10.JPG,3,,,
448700,Jar,Jar,8th–10th century,,,,Earthenware; glazed,"H. 2 1/8 in. (5.4 cm)
Diam. 1 15/16 in. (4.9 cm)
Wt. 1.9 oz. (53.9 g)",,Iraq,,Ctesiphon,,,,,,,,Islamic Art,Ceramics,,False,True,https://www.metmuseum.org/art/collection/search/448700,https://images.metmuseum.org/CRDImages/is/original/sf32-150-109a.jpg,1,,,
454687,Weight,Weight,900–1000,,,,Steatite,,,Iran,,,,,,,,,,Islamic Art,Stone,,False,True,https://www.metmuseum.org/art/collection/search/454687,https://images.metmuseum.org/CRDImages/is/original/sf1974-99a.jpg,1,,,
447423,Water Filter,Water filter,10th–12th century,,,,Earthenware,"H. 2 11/16 in. (6.8 cm)
W. 3 7/8 in. (9.8 cm)
D. 3 3/16 in. (8.1 cm)
Wt. 4 oz. (113.4 g)",,Egypt,,,,,,,,,,Islamic Art,Ceramics,,False,True,https://www.metmuseum.org/art/collection/search/447423,https://images.metmuseum.org/CRDImages/is/original/sf21-173-2a.jpg,0,,,
448309,Textile Fragment,Textile fragment,ca. 908–32,,,,"Linen, silk; plain weave, embroidered","L. 6 3/4 in. (17.1 cm)
W. 10 in. (25.4 cm)",,Egypt,,Cairo,,,,,,,,Islamic Art,Textiles-Embroidered,,False,True,https://www.metmuseum.org/art/collection/search/448309,https://images.metmuseum.org/CRDImages/is/original/wb-29.179.24.JPG,3,,,
448889,Ceramic Fragment,Fragment,8th–9th century,,,,Earthenware; incised and stamped,"H. 2 1/2 in. (6.4 cm)
W. 2 1/4 in. (5.7 cm)
D. 3/8 in. (1 cm)
Wt. 0.5 oz. (14.2 g)",,Iraq,,Ctesiphon,,,,,,,,Islamic Art,Ceramics,,False,True,https://www.metmuseum.org/art/collection/search/448889,https://images.metmuseum.org/CRDImages/is/original/sf32-150-448a.jpg,1,,,
452476,Ceramic Fragment,Fragment,13th–16th century,,,,Stonepaste; painted under transparent glaze,"H. 3/4 in. (1.9 cm)
W. 2 3/16 in. (5.6 cm)
D. 2 in. (5.1 cm)
Wt. 1.1 oz. (31.188 g)",,Egypt,,,,,,,,,,Islamic Art,Ceramics,,False,True,https://www.metmuseum.org/art/collection/search/452476,https://images.metmuseum.org/CRDImages/is/original/sf1973-79-56b.jpg,1,,,
455218,Button or Bead,Button or bead,8th–10th century,,,,Stone; incised,,,Iran,,Nishapur,,,,,,,,Islamic Art,Stone,,False,True,https://www.metmuseum.org/art/collection/search/455218,https://images.metmuseum.org/CRDImages/is/original/sf48-101-212z-c.jpg,0,,,
448387,Cup,Cup,17th century,,,,Stonepaste; luster-painted on opaque white and blue glaze,"H. 1 5/8 in. (4.1 cm)
Diam. 2 3/4 in. (7 cm)",,Iran,,,,,,,,,,Islamic Art,Ceramics,,False,True,https://www.metmuseum.org/art/collection/search/448387,https://images.metmuseum.org/CRDImages/is/original/sf30-95-19b.jpg,2,,,
452722,Fragment of a Bowl,Fragment of a bowl,10th–12th century,,,,Stonepaste; painted under transparent glaze,,,Egypt,,,Animals,,,,,,,Islamic Art,Ceramics,,False,True,https://www.metmuseum.org/art/collection/search/452722,https://images.metmuseum.org/CRDImages/is/original/sf1971-31-17a.jpg,0,,,
456936,Chest Front,Chest front,18th century,,,,Wood; carved,"H. 54 in. (137.2 cm)
W. 21 1/2 in. (54.6 cm)
D. 1 1/2 in. (3.8 cm)",,Syria,,,Chests,,,,,,,Islamic Art,Wood,,False,True,https://www.metmuseum.org/art/collection/search/456936,https://images.metmuseum.org/CRDImages/is/original/18.45.5.jpg,0,,,
450009,Button or Bead,Button or bead,9th–10th century,,,,Bone; incised and inlaid with paint,"H. 3/16 in. (0.5 cm) 
Diam. 11/16 in. (1.8 cm)",,Iran,,Nishapur,,,,,,,,Islamic Art,Ivories and Bone,,False,True,https://www.metmuseum.org/art/collection/search/450009,https://images.metmuseum.org/CRDImages/is/original/sf40-170-330z.jpg,0,,,
445848,Textile Fragment,Textile fragment,6th–7th century,,,,"Linen, wool; tapestry weave","H. 2 3/8 in. (6 cm)
W. 13 1/8 in. (33.3 cm)",,Egypt,,,,,,,,,,Islamic Art,Textiles,,False,True,https://www.metmuseum.org/art/collection/search/445848,https://images.metmuseum.org/CRDImages/is/original/DP17647.jpg,2,,,
444568,Stand,Stand,first half 14th century,,,,Brass; originally inlaid with silver,"H. 7 in. (17.8 cm)
Diam. 6 1/2 in. (16.5 cm)
Wt. 31.4 oz. (890.3 g)",,Egypt or Syria,,,,,,,,,,Islamic Art,Metal,,False,True,https://www.metmuseum.org/art/collection/search/444568,https://images.metmuseum.org/CRDImages/is/original/DP-31467-001.jpg,7,,,
452387,"Chess Piece, probably a Pawn",Chess piece,8th–11th century,,,,Bronze,H.1 3/8 in. (3.5 cm),,,Western Islamic Lands,,Chess,,,,,,,Islamic Art,Gaming pieces,,False,True,https://www.metmuseum.org/art/collection/search/452387,https://images.metmuseum.org/CRDImages/is/original/sf1972-119-2a.jpg,1,,,
444282,Textile Fragment,Textile fragment,5th–6th century,,,,"Wool, linen; plain weave, tapestry weave","Max. H. 10 3/8 in. (26.4 cm)
Max. W. 8 1/16 in. (20.5 cm)",,Egypt,,,,,,,,,,Islamic Art,Textiles,,False,True,https://www.metmuseum.org/art/collection/search/444282,https://images.metmuseum.org/CRDImages/is/original/wb-90.5.803.JPG,5,,,
443786,Fragment of a Tunic,Textile fragment,5th–6th century,,,,"Wool, linen; plain weave, tapestry weave","Max. H. 6 1/2 in. (16.5 cm)
Max. W. 6 11/16 in. (17 cm)",,Egypt,,,,,,,,,,Islamic Art,Textiles,,False,True,https://www.metmuseum.org/art/collection/search/443786,https://images.metmuseum.org/CRDImages/is/original/sf90-5-300a.jpg,1,,,
443023,Cover,Cover,17th–18th century,,,,"Linen, silk; plain weave, embroidered","H. 84 in. (213.4 cm)
W. 72 in. (182.9 cm)",,Turkey,,,Flowers,,,,,,,Islamic Art,Textiles-Embroidered,,False,True,https://www.metmuseum.org/art/collection/search/443023,https://images.metmuseum.org/CRDImages/is/original/wb-79.1.23b.JPG,10,,,
452569,Carpet,Carpet,18th century,,,,"Wool (warp, weft and pile); symmetrically knotted pile","H. 70 1/2 in. (179.1 cm)
W. 47 3/4 in. (121.3 cm)",,Turkey,,,,,,,,,,Islamic Art,Textiles-Rugs,,False,True,https://www.metmuseum.org/art/collection/search/452569,https://images.metmuseum.org/CRDImages/is/original/wb-1974.149.17.JPG,8,,,
444242,Textile Fragment,Textile fragment,5th century,,,,"Wool, linen; plain weave, tapestry weave","Max. H. 12 3/8 in. (31.5 cm)
Max. W.. 9 11/16 in. (24.6 cm)",,Egypt,,,,,,,,,,Islamic Art,Textiles,,False,True,https://www.metmuseum.org/art/collection/search/444242,https://images.metmuseum.org/CRDImages/is/original/sf90-5-763a.jpg,1,,,
456336,Earrings and Pendant,Pendant,11th–12th century,,,,Gold; filigree and granulation,Max. diam. 2 5/16 in. (5.9 cm),,Iran,,,Birds,,,,,,,Islamic Art,Jewelry,,False,True,https://www.metmuseum.org/art/collection/search/456336,https://images.metmuseum.org/CRDImages/is/original/DP158092.jpg,2,https://www.wikidata.org/wiki/Q116256490,,
454593,Textile Fragment,Textile fragment,17th–18th century,,,,"Silk, metal thread","H. 23 in. (58.4 cm)
W. 6 1/4 in. (15.9 cm)",,Iran,,,,,,,,,,Islamic Art,Textiles,,False,True,https://www.metmuseum.org/art/collection/search/454593,https://images.metmuseum.org/CRDImages/is/original/Tr.20.869.2002.JPG,0,,,
451860,Lid,Lid,609 AH/1212 CE,,,,Stonepaste; luster-painted,"H. 1 9/16 in. (4 cm)
Diam. 4 1/4 in. (10.8 cm)
Wt.3.4 oz. (96.4g)",,Iran,,Kashan,Birds,,,,,,,Islamic Art,Ceramics,,False,True,https://www.metmuseum.org/art/collection/search/451860,https://images.metmuseum.org/CRDImages/is/original/sf66-95-7a.jpg,1,,,
450936,Bowl,Bowl,12th century,,,,Stonepaste; painted in luster and blue on opaque white glaze under transparent colorless glaze,"H. 3 in. (7.6 cm)
Diam. 5 7/8 in. (14.9 cm)",,Syria,,Raqqa,,,,,,,,Islamic Art,Ceramics,,False,True,https://www.metmuseum.org/art/collection/search/450936,https://images.metmuseum.org/CRDImages/is/original/sf48-113-8b.jpg,2,,,
444402,Fragment of a Letter in Pahlavi Script,Non-illustrated single work,618–29,,,,Ink on papyrus,"H. 4 1/4 in. (10.8 cm)
W. 6 1/4 in. (15.9 cm)",,Egypt,,,,,,,,,,Islamic Art,Codices,,False,True,https://www.metmuseum.org/art/collection/search/444402,https://images.metmuseum.org/CRDImages/is/original/sf90-5-962.jpg,0,,,
448812,Ceramic Fragment,Fragment,3rd–8th century,,,,Earthenware; glazed,,,Iraq,,Ctesiphon,,,,,,,,Islamic Art,Ceramics,,False,True,https://www.metmuseum.org/art/collection/search/448812,https://images.metmuseum.org/CRDImages/is/original/sf32-150-341a.jpg,0,,,
741651,Stucco Fragment,Fragment,probably 8th–12th century,,,,Stucco; carved,"H. 1 3/8 in. (3.5 cm)
W. 13/16 in. (2 cm)
D. 13/16 in. (2 cm)",,Iran,,Nishapur,,,,,,,,Islamic Art,Stucco,,False,True,https://www.metmuseum.org/art/collection/search/741651,https://images.metmuseum.org/CRDImages/is/original/LC-N284-front.jpg,1,,,
741757,Stucco Fragment,Fragment,probably 8th–12th century,,,,Stucco; carved,"H. 1 3/16 in. (3 cm)
W. 1 in. (2.5 cm)
D. 9/16 in. (1.5 cm)",,Iran,,Nishapur,,,,,,,,Islamic Art,Stucco,,False,True,https://www.metmuseum.org/art/collection/search/741757,https://images.metmuseum.org/CRDImages/is/original/LC-N390-front.jpg,1,,,
448800,Ceramic Fragment,Fragment,8th–9th century,,,,Earthenware; incised and glazed,,,Iraq,,Ctesiphon,,,,,,,,Islamic Art,Ceramics,,False,True,https://www.metmuseum.org/art/collection/search/448800,https://images.metmuseum.org/CRDImages/is/original/sf32-150-329b.jpg,1,,,
452137,"""The Wedding of Siyavush and Farangis"", Folio 185v from the Shahnama (Book of Kings) of Shah Tahmasp",Folio from an illustrated manuscript,ca. 1525–30,,,,"Opaque watercolor, ink, silver, and gold on paper","Painting: 
                H. 11 3/8 in. (28.9 cm)
                W. 7 1/4 in. (18.4 cm)
Page: 
                H. 18 5/8 in. (47.3 cm)
                W. 12 5/8 in. (32.1 cm)
Mat: 
                H. 22 in. (55.9 cm)
                W. 16 in. (40.6 cm)",,Iran,,Tabriz,Musical Instruments|Couples|Men|Women|Musicians,Abu'l Qasim Firdausi,Author,Iranian,0935,1020,,Islamic Art,Codices,"Iranian, Paj ca. 940/41–1020 Tus",False,True,https://www.metmuseum.org/art/collection/search/452137,https://images.metmuseum.org/CRDImages/is/original/DP107144.jpg,2,https://www.wikidata.org/wiki/Q116281572,https://www.wikidata.org/wiki/Q43459,
448993,Lamp,Lamp,9th–11th century,,,,Earthenware; unglazed,"H. 1 in. (2.5 cm)
Diam. 3 1/8 in. (7.9 cm)",,Iran,,Qasr-i Abu Nasr,,,,,,,,Islamic Art,Ceramics,,False,True,https://www.metmuseum.org/art/collection/search/448993,https://images.metmuseum.org/CRDImages/is/original/sf33-175-107a.jpg,0,,,
444628,Gun Barrel,Gun barrel,18th–19th century,,,,"Steel, silver, copper, coral, turquoise","W. 35 5/8 in. (90.5 cm)
Diam. 1 3/8 in. (3.5 cm)",,India,,,Weapons,,,,,,,Islamic Art,Arms and Armor,,False,True,https://www.metmuseum.org/art/collection/search/444628,https://images.metmuseum.org/CRDImages/is/original/wb-91.1.909.JPG,7,,,
446093,Bead,Bead,3rd–12th century,,,,Glass,"H. 13/16 in. (2.1 cm)
Diam. 7/16 in. (1.1 cm)
Wt. 0.11 oz. (3.1 g)",,Egypt,,,,,,,,,,Islamic Art,Jewelry,,False,True,https://www.metmuseum.org/art/collection/search/446093,https://images.metmuseum.org/CRDImages/is/original/sf10-130-3385v.jpg,0,,,
126647,Robe,Robe,19th century,,,,Silk; embroidered,[no dimensions available],,Palestine,,,,,,,,,,Islamic Art,Main dress-Womenswear,,False,True,https://www.metmuseum.org/art/collection/search/126647,https://images.metmuseum.org/CRDImages/is/original/CI42.106.1_F.jpg,2,,,
741983,Stucco Fragment,Fragment,probably 8th–12th century,,,,"Stucco; carved, painted","H. 1 15/16 in. (5 cm)
W. 1 in. (2.5 cm)
D. 13/16 in. (2 cm)",,Iran,,Nishapur,,,,,,,,Islamic Art,Stucco,,False,True,https://www.metmuseum.org/art/collection/search/741983,https://images.metmuseum.org/CRDImages/is/original/LC-N616-front.jpg,1,,,
445111,Panel,Panel,14th–15th century,,,,Wood; inlaid with ivory,"Ht. 2 1/4 in. (5.7 cm)
W. 2 1/4 in. (5.7 cm)
D. 1/2 in. (1.3 cm)",,Egypt,,Cairo,,,,,,,,Islamic Art,Wood,,False,True,https://www.metmuseum.org/art/collection/search/445111,https://images.metmuseum.org/CRDImages/is/original/sf07-236-95a.jpg,1,,,
452209,Bowl,Bowl,early 11th century,,,,Earthenware; luster-painted,"H. 2 5/8 in. (6.7 cm)
Diam. 9 13/16 in. (24.9 cm)",,Egypt,,,,,,,,,,Islamic Art,Ceramics,,False,True,https://www.metmuseum.org/art/collection/search/452209,https://images.metmuseum.org/CRDImages/is/original/Cbowl1971.27.jpg,1,,,
452719,Ceramic Fragment,Ceramic fragment,10th–12th century,,,,Stonepaste; painted under transparent glaze,,,Egypt,,,Women,,,,,,,Islamic Art,Ceramics,,False,True,https://www.metmuseum.org/art/collection/search/452719,https://images.metmuseum.org/CRDImages/is/original/sf1975-31-14a.jpg,0,,,
443967,Textile Fragment,Textile fragment,3rd–4th century,,,,"Wool, linen; plain weave, tapestry weave","Max. H. 13 5/16 in. (33.8 cm)
Max. W. 3 15/16 in. (10 cm)",,Egypt,,,,,,,,,,Islamic Art,Textiles,,False,True,https://www.metmuseum.org/art/collection/search/443967,https://images.metmuseum.org/CRDImages/is/original/83275.jpg,0,,,
444650,Anklet,Anklet,19th century,,,,Silver or electroplated iron; cast,"H. 1 1/8 in. (2.9 cm)
Diam. 3 5/8 in. (9.2 cm)
Wt. 20.1 oz. (569.9 g)",,India,,,,,,,,,,Islamic Art,Jewelry,,False,True,https://www.metmuseum.org/art/collection/search/444650,https://images.metmuseum.org/CRDImages/is/original/DP-34257-001.jpg,3,,,
449530,Plaque,Plaque,6th century,,,,Bone; carved,"H. 3 7/16 in. (8.8 cm)
W. 1 15/16 in. (4.9 cm) 
D. 7/8 in. (2.3 cm)",,Egypt,,,Flowers|Leaves,,,,,,,Islamic Art,Ivories and Bone,,False,True,https://www.metmuseum.org/art/collection/search/449530,https://images.metmuseum.org/CRDImages/is/original/sf38-118-16a.jpg,1,,,
447409,Brocade,Brocade,18th century,,,,Silk and gold wrapped thread; brocaded,"H. 12 1/4 in. (31.1 cm)
W. 7 3/4 in. (19.7 cm)",,India,,,,,,,,,,Islamic Art,Textiles-Brocades,,False,True,https://www.metmuseum.org/art/collection/search/447409,https://images.metmuseum.org/CRDImages/is/original/DP17640.jpg,1,,,
443919,Textile Fragment,Textile fragment,2nd–3rd century,,,,"Wool, linen; plain weave","Max. H. 5 3/4 in. (14.6 cm)
Max. W. 4 9/16 in. (11.6 cm)",,Egypt,,,,,,,,,,Islamic Art,Textiles,,False,True,https://www.metmuseum.org/art/collection/search/443919,https://images.metmuseum.org/CRDImages/is/original/83446.jpg,0,,,
446150,Figure,Figure,13th–14th century,,,,Bronze,"H. 1 9/16 in. (4 cm)
W. 1 1/2 in. (3.8 cm)
D. 5/8 in. (1.6 cm)
Wt. 0.9 oz. (25.5 g)",,Iran,,,,,,,,,,Islamic Art,Metal,,False,True,https://www.metmuseum.org/art/collection/search/446150,https://images.metmuseum.org/CRDImages/is/original/sf10-216a.jpg,0,,,
445093,Panel,Panel,13th–14th century,,,,Wood; inlaid with ivory,"Ht. 5 1/2 in. (14 cm)
W.  2 3/4 in. (7 cm)
D. 9/16 in. (1.4 cm)",,Egypt,,Cairo,,,,,,,,Islamic Art,Wood,,False,True,https://www.metmuseum.org/art/collection/search/445093,https://images.metmuseum.org/CRDImages/is/original/sf07-236-76a.jpg,1,,,
856370,Beads,Beads,8th–13th century,,,,Stone; cut and drilled,"W. 5/16 in. (0.8 cm)
Diam. 7/8 in. (2.2 cm)",,Iran,,Nishapur,,,,,,,,Islamic Art,Stone,,False,True,https://www.metmuseum.org/art/collection/search/856370,https://images.metmuseum.org/CRDImages/is/original/sf48-101-186a.jpg,5,https://www.wikidata.org/wiki/Q116445610,,
457681,Coin,Coin,758–68,,,,Copper,,,Iran,,Nishapur,,,,,,,,Islamic Art,Coins,,False,True,https://www.metmuseum.org/art/collection/search/457681,https://images.metmuseum.org/CRDImages/is/original/39.40.127.611a.JPG,1,,,
451542,Ceramic Fragment,Fragment,9th century,,,,Earthenware; splash glazed,,,Saudi Arabia,,Dhahran,,,,,,,,Islamic Art,Ceramics,,False,True,https://www.metmuseum.org/art/collection/search/451542,https://images.metmuseum.org/CRDImages/is/original/sf60-23-47a.jpg,0,,,
445755,Textile Fragment,Textile fragment,4th–5th century,,,,"Linen, wool; tapestry weave","H. 4 in. (10.2 cm)
W. 2 7/8 in.  (7.3 cm)",,Egypt,,,Animals,,,,,,,Islamic Art,Textiles,,False,True,https://www.metmuseum.org/art/collection/search/445755,https://images.metmuseum.org/CRDImages/is/original/DP17685.jpg,0,,,
442899,Coin Weight,Coin weight,10th–11th century,,,,Glass,"H. 1/8 in. (0.3 cm)
Diam. 9/16 in. (1.4 cm)
Wt. 0.03 oz. (0.9 g)",,Egypt,,,,,,,,,,Islamic Art,Glass,,False,True,https://www.metmuseum.org/art/collection/search/442899,https://images.metmuseum.org/CRDImages/is/original/sf-x-165-27.jpg,0,,,
457508,Coin,Coin,probably 786–808,,,,Copper,,,Iran,,Nishapur,,,,,,,,Islamic Art,Coins,,False,True,https://www.metmuseum.org/art/collection/search/457508,https://images.metmuseum.org/CRDImages/is/original/39.40.127.438a.JPG,1,,,
447162,Bowl,Bowl,13th century,,,,Fritware; underglaze slip painted,"H. 3 1/2 in. (8.9 cm)
Diam. 8 1/4 in. (21 cm)",,Iran,,Kashan,,,,,,,,Islamic Art,Ceramics,,False,True,https://www.metmuseum.org/art/collection/search/447162,https://images.metmuseum.org/CRDImages/is/original/sf20-120-64b.jpg,1,,,
85846,Ensemble,Ensemble,late 19th–early 20th century,,,,"wool, silk, cotton, leather, metal","Length at CB (a): 15 1/2 in. (39.4 cm)
Length at CB (b): 15 1/2 in. (39.4 cm)
Length at CB (c): 37 in. (94 cm)
Length at Side Seam (d): 38 in. (96.5 cm)
Length (e): 99 1/4 in. (252.1 cm)
Length (f, g): 12 1/4 in. (31.1 cm)
Length (h): 13 1/2 in. (34.3 cm)
Length (i): 34 1/2 in. (87.6 cm)",,,Northern,,,,,,,,,Islamic Art,Main dress-Menswear,,False,True,https://www.metmuseum.org/art/collection/search/85846,https://images.metmuseum.org/CRDImages/is/original/1988.362.4a_F.jpg,9,,,
444077,Textile Fragment,Textile fragment,4th century,,,,"Wool, linen; plain weave, tapestry weave","Max. H. 10 1/8 in. (25.7 cm)
Max. W. 7 11/16 in. (19.5 cm)",,Egypt,,,,,,,,,,Islamic Art,Textiles,,False,True,https://www.metmuseum.org/art/collection/search/444077,https://images.metmuseum.org/CRDImages/is/original/63718.jpg,0,,,
446321,Ceramic Fragment,Ceramic fragment,14th–15th century,,,,Stonepaste; polychrome underglaze painted under colorless glaze,,,Egypt or Syria,,,,,,,,,,Islamic Art,Ceramics,,False,True,https://www.metmuseum.org/art/collection/search/446321,https://images.metmuseum.org/CRDImages/is/original/sf13-190-25a.jpg,0,,,
453212,"""Rescue of Bizhan by Piran"", Folio from a Shahnama (Book of Kings) of Firdausi",Folio from an illustrated manuscript,ca. 1610,,,,"Ink, opaque watercolor, and gold on paper","Page: 
        H. 7 7/8 in. (20 cm)
        W. 4 3/4 in. (12.1 cm)
Painting: 
        H. 5 3/16 in. (13.2 cm)
        W. 2 3/4 in. (7 cm)",,India,Deccan,Bijapur,Men|Horses,Abu'l Qasim Firdausi,Author,Iranian,0935,1020,,Islamic Art,Codices,"Iranian, Paj ca. 940/41–1020 Tus",False,True,https://www.metmuseum.org/art/collection/search/453212,https://images.metmuseum.org/CRDImages/is/original/DP215858.jpg,2,,https://www.wikidata.org/wiki/Q43459,
448519,Textile with Foliated Scrolls,Textile fragment,13th–14th century,,,,"Cotton, plain weave; block-printed, mordant dyed","L. 8 1/2 in. (21.6 cm)
W. 6 in. (15.2 cm)",,Egypt,,near Fustat,,,,,,,,Islamic Art,Textiles-Painted and/or Printed,,False,True,https://www.metmuseum.org/art/collection/search/448519,https://images.metmuseum.org/CRDImages/is/original/wb-30.112.25.JPG,3,,,
449045,Fragment of a Frame,Fragment,late 8th–9th century,,,,Plaster; molded,"H. 6 1/4 in. (15.9 cm)
W. 7 1/2 in. (19.1 cm)
D. 4 7/8 in. (12.4 cm)",,,,Nishapur,,,,,,,,Islamic Art,Plaster,,False,True,https://www.metmuseum.org/art/collection/search/449045,https://images.metmuseum.org/CRDImages/is/original/sf36-20-11a.jpg,0,,,
452623,Bowl,Bowl,10th century,,,,"Earthenware; slip covered, polychrome slip decoration, glazed","H. 3 in. (7.6 cm)
Diam. 7 in. (17.8 cm)
Wt. 13.5 oz. (382.8 g)",,Iran,,Nishapur,,,,,,,,Islamic Art,Ceramics,,False,True,https://www.metmuseum.org/art/collection/search/452623,https://images.metmuseum.org/CRDImages/is/original/dg-1974.235_1.jpg,2,,,
444309,Shoulder Band Fragment,Shoulder band fragment,7th–8th century,,,,"Linen, wool","Max. H. 19 3/4 in. (50.2 cm)
Max. W. 4 in. (10.2 cm)",,Egypt,,,Human Figures,,,,,,,Islamic Art,Textiles,,False,True,https://www.metmuseum.org/art/collection/search/444309,https://images.metmuseum.org/CRDImages/is/original/DP17684.jpg,0,,,
443377,Textile Fragment,Textile fragment,4th century,,,,"Wool, linen; plain weave, tapestry weave","Max. H. 10 11/16 in. (27.2 cm)
Max. W. 9 5/8 in. (24.5 cm)",,Egypt,,,Animals|Men,,,,,,,Islamic Art,Textiles,,False,True,https://www.metmuseum.org/art/collection/search/443377,https://images.metmuseum.org/CRDImages/is/original/sf89-18-172a.jpg,1,,,
448429,Bottle,Bottle,second half 17th century,,,,Stonepaste; luster-painted on opaque white and blue glaze,"Ht. 11 3/4 in. (29.8 cm)
Diam. 6 in. (15.2 cm)",,Iran,,,Flowers,,,,,,,Islamic Art,Ceramics,,False,True,https://www.metmuseum.org/art/collection/search/448429,https://images.metmuseum.org/CRDImages/is/original/wb-30.95.157.JPG,3,,,
445443,Fragment of a Bowl,Fragment,probably 10th–12th century,,,,Earthenware; incised decoration through white slip and coloring under transparent glaze,,,Egypt,,,,,,,,,,Islamic Art,Ceramics,,False,True,https://www.metmuseum.org/art/collection/search/445443,https://images.metmuseum.org/CRDImages/is/original/sf08-256-145a.jpg,1,,,
835238,Pilgrim Flask,Pilgrim flask,17th century,,,,Bronze; engraved,"H. 8 5/16 in. (21.1 cm)
W. 9 5/16 in. (23.6 cm)",,North India or Deccan,,,,,,,,,,Islamic Art,Metal,,False,True,https://www.metmuseum.org/art/collection/search/835238,https://images.metmuseum.org/CRDImages/is/original/TR.356.2019 11-18-19 view-1.jpg,0,,,
450135,Fragment of a Bowl,Fragment,9th century,,,,"Earthenware; buff slip, opaque yellow glaze, green decoration, glazed","H. 2 7/16 in. (6.2 cm)
W. 4 1/8 in. (10.5 cm)
D. 4 1/16 in. (10.3 cm)
Th. 1/4 in. (0.6 cm)",,Iran,,Nishapur,,,,,,,,Islamic Art,Ceramics,,False,True,https://www.metmuseum.org/art/collection/search/450135,https://images.metmuseum.org/CRDImages/is/original/40-170-465b.JPG,1,,,
456288,Mashrabiyya Screen with Two Gazelles,Screen,18th or 19th century,,,,Wood; turned,"H. 30 in. (77.5 cm)
W. 141 3/4 in. (360 cm)
D. 1 3/16 in. (3 cm)
Wt. 53 lbs. (24 kg)",,Egypt,,,Animals|Screens,,,,,,,Islamic Art,Wood,,False,True,https://www.metmuseum.org/art/collection/search/456288,https://images.metmuseum.org/CRDImages/is/original/DP243838.jpg,23,https://www.wikidata.org/wiki/Q116385832,,
681589,Bag Face,Bag,19th century,,,,"Wool; sumak brocaded, tapestry weave","H. 31 in. (78.7 cm)
W. 25 in. (63.5 cm)",,Northwestern Iran,,,,,,,,,,Islamic Art,Textiles-Woven-Brocade,,False,True,https://www.metmuseum.org/art/collection/search/681589,https://images.metmuseum.org/CRDImages/is/original/DP700923.jpg,1,,,
448673,Bowl Depicting a Princely Couple,Bowl,12th–13th century,,,,Stonepaste; luster-painted on opaque white glaze,"H. 2 1/16 in. (5.2 cm)
Max. Diam. 16 5/8 in. (42.2 cm)",,Iran,,,Musical Instruments|Couples|Men|Women,,,,,,,Islamic Art,Ceramics,,False,True,https://www.metmuseum.org/art/collection/search/448673,https://images.metmuseum.org/CRDImages/is/original/sf32-52-3a.jpg,1,https://www.wikidata.org/wiki/Q116275452,,
444064,Neck Band from a Tunic,Textile fragment,5th–8th century,,,,"Wool, linen; tapestry weave","Max. H. 12 5/16 in. (31.2 cm)
Max. W. 3 3/8 in. (8.5 cm)",,Egypt,,,,,,,,,,Islamic Art,Textiles,,False,True,https://www.metmuseum.org/art/collection/search/444064,https://images.metmuseum.org/CRDImages/is/original/sf90-5-585a.jpg,2,,,
450874,Handle or Ornament,Handle or ornament,9th–10th century,,,,Bone; carved,"H. 3/4 in. (1.9 cm) 
Diam. 7/16 in. (1.1 cm)",,Iran,,Nishapur,,,,,,,,Islamic Art,Ivories and Bone,,False,True,https://www.metmuseum.org/art/collection/search/450874,https://images.metmuseum.org/CRDImages/is/original/sf48-101-228a.jpg,0,,,
854553,Bead,Bead,probably 8th–12th century,,,,Stone (?),"H. 5/16 in. (0.8 cm)
Diam. 3/8 in. (0.9 cm)",,Iran,,Nishapur,,,,,,,,Islamic Art,Jewelry,,False,True,https://www.metmuseum.org/art/collection/search/854553,https://images.metmuseum.org/CRDImages/is/original/AD-48.101.73C(2).JPG,11,,,
446510,Fragment of a Dish,Ceramic fragment,11th–12th century,,,,Earthenware; luster-painted,,,probably Egypt,,,,,,,,,,Islamic Art,Ceramics,,False,True,https://www.metmuseum.org/art/collection/search/446510,https://images.metmuseum.org/CRDImages/is/original/sf13-190-243a.jpg,0,,,
453271,Page of Calligraphy,Non-illustrated single work,17th century,,,,"Ink, opaque watercolor, and gold on paper","H. 11 3/4 in. (29.8 cm)
W. 7 1/2 in. (19.1 cm)",,India,,,Calligraphy,,,,,,,Islamic Art,Codices,,False,True,https://www.metmuseum.org/art/collection/search/453271,https://images.metmuseum.org/CRDImages/is/original/sf1986-109-1r.jpg,1,,,
741428,Stucco Fragment,Fragment,probably 8th–12th century,,,,"Stucco (mortar); carved, painted",L 4 x W 3 x H 1,,Iran,,Nishapur,,,,,,,,Islamic Art,Stucco,,False,True,https://www.metmuseum.org/art/collection/search/741428,https://images.metmuseum.org/CRDImages/is/original/LC-N1601-back.jpg,1,,,
453520,Coin Weight,Coin weight,10th–11th century,,,,Glass,"H. 3/16 in. (0.5 cm)
Diam. 7/8 in. (2.2 cm)
Wt. 0.1 oz. (2.8 g)",,Egypt,,,,,,,,,,Islamic Art,Glass,,False,True,https://www.metmuseum.org/art/collection/search/453520,https://images.metmuseum.org/CRDImages/is/original/sf08-256-49.jpg,0,,,
446877,Bowl,Bowl,13th century,,,,Earthenware; glazed,"H. 2 in. (5.1 cm)
Diam. 4 1/8 in. (10.5 cm)",,Iran,,Kashan,,,,,,,,Islamic Art,Ceramics,,False,True,https://www.metmuseum.org/art/collection/search/446877,https://images.metmuseum.org/CRDImages/is/original/sf17-43-2a.jpg,0,,,
444045,Textile Fragment,Textile fragment,6th–7th century,,,,"Wool, linen; plain weave, tapestry weave","Max. H. 6 7/8 in. (17.5 cm)
Max. W. 5 11/16 in. (14.5 cm)",,Egypt,,,,,,,,,,Islamic Art,Textiles,,False,True,https://www.metmuseum.org/art/collection/search/444045,https://images.metmuseum.org/CRDImages/is/original/sf90-5-566a.jpg,1,,,
742026,Stucco Fragment,Fragment,probably 8th–12th century,,,,"Stucco; carved, painted","H. 2 1/8 in. (5.4 cm)
W. 1 3/8 in. (3.5 cm)
D. 13/16 in. (2 cm)",,Iran,,Nishapur,,,,,,,,Islamic Art,Stucco,,False,True,https://www.metmuseum.org/art/collection/search/742026,https://images.metmuseum.org/CRDImages/is/original/LC-N659-front.jpg,1,,,
445604,Fragment of Jar,Fragment,14th–15th century,,,,Stonepaste; underglaze painted under light blue glaze,,,Egypt or Syria,,,,,,,,,,Islamic Art,Ceramics,,False,True,https://www.metmuseum.org/art/collection/search/445604,https://images.metmuseum.org/CRDImages/is/original/sf08-256-329a.jpg,0,,,
444254,Textile Fragment,Textile fragment,6th–7th century,,,,"Wool, linen; plain weave, tapestry weave","Max. H. 10 1/16 in. (25.6 cm)
Max. W. 8 7/8 in. (22.5 cm)",,Egypt,,,,,,,,,,Islamic Art,Textiles,,False,True,https://www.metmuseum.org/art/collection/search/444254,https://images.metmuseum.org/CRDImages/is/original/sf90-5-775.jpg,1,,,
447222,Fragment of a Bowl,Ceramic fragment,12th–13th century,,,,Stonepaste; overglaze painted (mina'i),,,Iran,,Rayy,Horses,,,,,,,Islamic Art,Ceramics,,False,True,https://www.metmuseum.org/art/collection/search/447222,https://images.metmuseum.org/CRDImages/is/original/20.120.141.JPG,0,,,
451451,Sampler,Sampler,19th century,,,,Cotton; embroidered in silk,"H. 18 1/4 in. (46.4 cm)
W. 9 in. (22.9 cm)",,Turkey,,,,,,,,,,Islamic Art,Textiles-Embroidered,,False,True,https://www.metmuseum.org/art/collection/search/451451,https://images.metmuseum.org/CRDImages/is/original/165092.jpg,0,,,
446742,"Bracelet, One of a Pair",Bracelet,17th–19th century,,,,Gold and silver,"Ht. 5 1/2 in. (14 cm)
W. 13/16 in. (2 cm)
D. 3/8 in. (1 cm)",,India,Kashmir,,,,,,,,,Islamic Art,Jewelry,,False,True,https://www.metmuseum.org/art/collection/search/446742,https://images.metmuseum.org/CRDImages/is/original/LC-15_95_43.jpg,2,,,
447389,Comb,Comb,16th–17th century,,,,"Wood; carved, inlaid with ebony?","H. 2 1/16 in. (5.2 cm)
W. 3 7/8 in. (9.8 cm)
D. 7/16 in. (1.1 cm)
Wt. 0.75 oz. (21.3 g)",,probably India,,,,,,,,,,Islamic Art,Wood,,False,True,https://www.metmuseum.org/art/collection/search/447389,https://images.metmuseum.org/CRDImages/is/original/sf21-114-9b.jpg,1,,,
740763,Stucco Fragment,Fragment,probably 8th–12th century,,,,"Stucco; carved (?), painted","H. 2 9/16 in. (6.5 cm)
W. 1 3/4 in. (4.5 cm)
D. 9/16 in. (1.5 cm)",,Iran,,Nishapur,,,,,,,,Islamic Art,Stucco,,False,True,https://www.metmuseum.org/art/collection/search/740763,https://images.metmuseum.org/CRDImages/is/original/LC-N093-front.jpg,1,,,
919329,Portrait of Thakur Zorawar Singh,Illustrated single work,mid-18th century,,,,"Black ink in varying dilutions, brush applied with select passages, opaque watercolor with shell gold on paper, black chalk verso on hand-made medium weight bast fibered paper, warqa","H. 6 3/4 in. (17.1 cm)
W. 4 1/2 in. (11.4 cm)",,India,,"possibly Ghanerao, Udaipur",Men|Portraits|Smoking,,,,,,,Islamic Art,Codices,,False,True,https://www.metmuseum.org/art/collection/search/919329,https://images.metmuseum.org/CRDImages/is/original/DP-39999-001.jpg,3,,,
446651,Mosque Lamp,Mosque lamp,12th century,,,,Earthenware; glazed,H. 6 3/4 in. (17.1 cm),,Syria,,Raqqa,,,,,,,,Islamic Art,Ceramics,,False,True,https://www.metmuseum.org/art/collection/search/446651,https://images.metmuseum.org/CRDImages/is/original/sf14-40-809b.jpg,2,,,
450023,Button or Bead,Button or bead,9th–10th century,,,,Bone; incised and inlaid with paint,"H. 3/8 in. (0.9 cm)
Diam. 9/16 in. (1.5 cm)",,Iran,,Nishapur,,,,,,,,Islamic Art,Ivories and Bone,,False,True,https://www.metmuseum.org/art/collection/search/450023,https://images.metmuseum.org/CRDImages/is/original/sf40-170-346z.jpg,0,,,
446428,Ceramic Fragment,Ceramic fragment,14th–15th century,,,,Earthenware; incised decoration through white slip and coloring under transparent glaze,,,Egypt,,,,,,,,,,Islamic Art,Ceramics,,False,True,https://www.metmuseum.org/art/collection/search/446428,https://images.metmuseum.org/CRDImages/is/original/sf13-190-147a.jpg,0,,,
741451,Stucco Fragment,Fragment,probably 8th–12th century,,,,Stucco; carved,L 4 x W 1.5 x H 2,,Iran,,Nishapur,,,,,,,,Islamic Art,Stucco,,False,True,https://www.metmuseum.org/art/collection/search/741451,https://images.metmuseum.org/CRDImages/is/original/LC-N1622-front.jpg,1,,,
741373,Stucco Fragment,Fragment,probably 8th–12th century,,,,"Stucco; carved, painted",L 6.5 x W 4 x H 2,,Iran,,Nishapur,,,,,,,,Islamic Art,Stucco,,False,True,https://www.metmuseum.org/art/collection/search/741373,https://images.metmuseum.org/CRDImages/is/original/LC-N1551-back.jpg,1,,,
449213,Folio from a Qur'an Manuscript,Folio from a non-illustrated manuscript,dated 485 AH/1092 CE,,,,"Ink, opaque watercolor, and gold on paper","H. 10 1/2 in. (26.7 cm)
W. 7 7/8 in. (20 cm)",,Iran or Afghanistan,,,Arabic|Qur'an|Calligraphy,,,,,,,Islamic Art,Codices,,False,True,https://www.metmuseum.org/art/collection/search/449213,https://images.metmuseum.org/CRDImages/is/original/sf37-111-2r.jpg,1,,,
445844,Band Fragment,Band fragment,6th–7th century,,,,"Linen, wool; tapestry weave","H; 9 1/2 in. (24.1 cm)
W. 4 1/8 in. (10.5 cm)",,Egypt,,,Men,,,,,,,Islamic Art,Textiles,,False,True,https://www.metmuseum.org/art/collection/search/445844,https://images.metmuseum.org/CRDImages/is/original/DP17650.jpg,1,,,
453483,Pendant,Pendant,11th century,,,,"Gold, fabricated from sheet, decorated with bitumen-highlighted incising, twisted wire, and granulation, set with garnets, turquoise, and other precious stones, probably tourmalines","H. 3 1/8 in. (7.9 cm)
W. 1 7/8 in. (4.8 cm)",,Iran,,,,,,,,,,Islamic Art,Jewelry,,False,True,https://www.metmuseum.org/art/collection/search/453483,https://images.metmuseum.org/CRDImages/is/original/1977.9.jpg,4,,,
446435,Ceramic Fragment,Ceramic fragment,13th–14th century,,,,Earthenware; incised decoration under yellow glaze,,,Egypt,,,,,,,,,,Islamic Art,Ceramics,,False,True,https://www.metmuseum.org/art/collection/search/446435,https://images.metmuseum.org/CRDImages/is/original/sf13-190-155a.jpg,0,,,
447289,Ewer,Ewer,12th century,,,,Earthenware; unglazed,H. 7 1/2 in. (19.1 cm),,Syria,,,,,,,,,,Islamic Art,Ceramics,,False,True,https://www.metmuseum.org/art/collection/search/447289,https://images.metmuseum.org/CRDImages/is/original/sf20-120-227a.jpg,0,,,
444234,Textile Fragment,Textile fragment,4th–5th century,,,,"Wool, linen; tapestry weave","Max. H. 2 13/16 in. (7.2 cm)
Max. W. 2 13/16 in. (7.2 cm)",,Egypt,,,,,,,,,,Islamic Art,Textiles,,False,True,https://www.metmuseum.org/art/collection/search/444234,https://images.metmuseum.org/CRDImages/is/original/63748.jpg,0,,,
741089,Stucco Fragment,Fragment,probably 8th–12th century,,,,"Stucco; carved, painted","H. 4 3/4 in. (12 cm)
W. 3 9/16 in. (9 cm)
D. 1 3/8 in. (3.5 cm)",,Iran,,Nishapur,,,,,,,,Islamic Art,Stucco,,False,True,https://www.metmuseum.org/art/collection/search/741089,https://images.metmuseum.org/CRDImages/is/original/LC-N1290-front.jpg,1,,,
451170,Carpet Fragment,Carpet fragment,13th–14th century,,,,"Wool (warp, weft and pile); asymmetrically knotted pile","H. 9 in. (22.9 cm)
W. 3 1/2 in. (8.9 cm)",,Turkey,,,,,,,,,,Islamic Art,Textiles-Rugs,,False,True,https://www.metmuseum.org/art/collection/search/451170,https://images.metmuseum.org/CRDImages/is/original/155603.jpg,0,,,
86546,Cape,Cape,ca. 1871,,,,"Wool, silk; embroidered","Overall: H. 65 1/4 in. (165.7 cm) 
              W. 83 in. (210.8 cm)",,Iraq,,,,,,,,,,Islamic Art,Outerwear,,False,True,https://www.metmuseum.org/art/collection/search/86546,https://images.metmuseum.org/CRDImages/is/original/CI51.96.1_F.jpg,1,,,
444901,Tile with Floral Cartouche Design on Ebru (Marble Imitation Pattern) Background,Square tile,late 16th century,,,,Stonepaste; polychrome painted under transparent glaze,"H. 12 1/8 in. (30.8 cm)
W. 13 3/8 in. (34 cm)
D. 7/8 in. (2.2 cm)
Wt. 2lbs 10 oz (1190.8 g)",,Turkey,,Iznik,Flowers,,,,,,,Islamic Art,Ceramics-Tiles,,False,True,https://www.metmuseum.org/art/collection/search/444901,https://images.metmuseum.org/CRDImages/is/original/sf02-5-102.jpg,1,,,
86178,Choga,Coat,mid-19th century,,,,"Wool, metal wrapped thread, silk; brocaded",Length at CB: 53 in. (134.6 cm),,India,,,,,,,,,,Islamic Art,Main dress-Menswear,,False,True,https://www.metmuseum.org/art/collection/search/86178,https://images.metmuseum.org/CRDImages/is/original/CI50.16.1_F.JPG,2,,,
444570,Candlestick,Candlestick,late 13th–early 14th century,,,,Brass; inlaid with silver,"H. 9 9/16 in. (24.3 cm)
Max. Diam. 9 in. (22.9 cm)",,Egypt,,,,,,,,,,Islamic Art,Metal,,False,True,https://www.metmuseum.org/art/collection/search/444570,https://images.metmuseum.org/CRDImages/is/original/DP-29429-004.jpg,7,,,
448258,Bowl,Bowl,ca. 1700,,,,Jade,"H. 2 3/8 in. (6 cm)
Diam. 5 7/8 in. (14.9 cm)",,Turkey,,,Flowers,,,,,,,Islamic Art,Stone,,False,True,https://www.metmuseum.org/art/collection/search/448258,https://images.metmuseum.org/CRDImages/is/original/sf29-145-3a.jpg,1,,,
443148,Bracelet,Bracelet,19th century,,,,Plated base metal,"H. 7/8 in. (2.2 cm)
W. 1/8 in. (0.3 cm)
Diam. 4 in. (10.2 cm)",,England,,Birmingham,,Elkington & Co.,Maker,British,1829,1963,,Islamic Art,Reproductions,"British, Birmingham, 1829–1963",False,True,https://www.metmuseum.org/art/collection/search/443148,https://images.metmuseum.org/CRDImages/is/original/wb-83.18.133.JPG,1,,https://www.wikidata.org/wiki/Q1331639,http://vocab.getty.edu/page/ulan/500333989
457360,Coin,Coin,dated 154 AH/771 CE,,,,Copper,,,,,Qumis,,,,,,,,Islamic Art,Coins,,False,True,https://www.metmuseum.org/art/collection/search/457360,https://images.metmuseum.org/CRDImages/is/original/39.40.127.288a.JPG,1,,,
450593,An Emaciated Horse Led by His Master,Illustrated single work,late 16th century,,,,Ink and watercolor on paper,"H. 2 1/8 in. (5.4 cm)
W. 5 3/8 in. (13.7 cm)",,Iran,,,Birds|Men|Horses,,,,,,,Islamic Art,Codices,,False,True,https://www.metmuseum.org/art/collection/search/450593,https://images.metmuseum.org/CRDImages/is/original/DP224386.jpg,2,,,
443581,Textile Fragment,Textile fragment,6th–7th century,,,,Silk; lampas (?),"H. 1 in. (2.5 cm)
W. 3 1/2 in. (8.9 cm)",,Iran,,,,,,,,,,Islamic Art,Textiles-Woven,,False,True,https://www.metmuseum.org/art/collection/search/443581,https://images.metmuseum.org/CRDImages/is/original/3953.jpg,0,,,
453615,"Basket Earring, One of a Pair",Earring,11th–13th century,,,,Gold,"H. 1  in. (2.5 cm)
W. 13/16 in. (2 cm)
D. 13/16 in. (2 cm)",,Iran,,,,,,,,,,Islamic Art,Jewelry,,False,True,https://www.metmuseum.org/art/collection/search/453615,https://images.metmuseum.org/CRDImages/is/original/35.29.5_6.jpg,0,,,
450822,Gaming Piece or Stone Object,Gaming piece or stone object,8th–13th century,,,,Stone (?); carved,"Ht. 9/16 in. (1.5 cm)
W. 3/16 in. (0.4 cm)
D. 5/16 in. (0.8 cm)",,Iran,,Nishapur,Games,,,,,,,Islamic Art,Stone,,False,True,https://www.metmuseum.org/art/collection/search/450822,https://images.metmuseum.org/CRDImages/is/original/AD-48.101.76a(1).JPG,1,,,
741587,Stucco Fragment,Fragment,probably 8th–12th century,,,,Stucco; carved,"H. 1 3/8 in. (3.5 cm)
W. 9/16 in. (1.5 cm)
D. 9/16 in. (1.5 cm)",,Iran,,Nishapur,,,,,,,,Islamic Art,Stucco,,False,True,https://www.metmuseum.org/art/collection/search/741587,https://images.metmuseum.org/CRDImages/is/original/LC-N220-back.jpg,1,,,
447395,Bookbinding (Jild-i kitab),Bookbinding,18th–19th century,,,,Pasteboard; painted and lacquered,"Bookcover a: H. 6 in. (15.2 cm)
                      W. 4 in. (10.2 cm)
Bookcover a (Including spine): H. 6 in. (15.2 cm)
                                                  W. 4 5/8 in. (11.7 cm)
Bookcover b: H. 6 1/16 in. (15.4 cm)
                      W. 4 1/16 in. (10.3 cm)
Bookcover b (Including spine): H. 6 1/16 in. (15.4 cm)
                                                 W. 4 13/16 in. (12.2 cm)",,Iran,,,Flowers,,,,,,,Islamic Art,Codices,,False,True,https://www.metmuseum.org/art/collection/search/447395,https://images.metmuseum.org/CRDImages/is/original/sf21-114-16a.jpg,2,,,
446196,Bowl,Bowl,13th century,,,,Earthenware; underglaze painted,"H. 4 1/8 in. (10.5 cm)
Diam. 7 3/4 in. (19. 7 cm)",,Iran,,Kashan,,,,,,,,Islamic Art,Ceramics,,False,True,https://www.metmuseum.org/art/collection/search/446196,https://images.metmuseum.org/CRDImages/is/original/sf12-33-3b.jpg,2,,,
447288,Ewer,Ewer,11th–12th century,,,,Earthenware; unglazed,H. 7 1/2 in. (19.1 cm),,Iraq or Syria,,,,,,,,,,Islamic Art,Ceramics,,False,True,https://www.metmuseum.org/art/collection/search/447288,https://images.metmuseum.org/CRDImages/is/original/sf20-120-226a.jpg,0,,,
455307,Ceramic Fragment,Fragment,14th–15th century,,,,,"H. 3 1/8 in. (7.9 cm)
W. 1 1/2 in. (3.8 cm)
D. 11/16 in. (1.7 cm)
Wt. 0.9 oz. (25.5 g)",,Egypt,,,,,,,,,,Islamic Art,Ceramics,,False,True,https://www.metmuseum.org/art/collection/search/455307,https://images.metmuseum.org/CRDImages/is/original/LC-08_256_334front.jpg,1,,,
450367,Square Tile,Tile,late 13th century,,,,Stonepaste; molded and luster-painted on opaque white glaze under transparent glaze,"H. 11 1/2 in. (29.2 cm)
W. 11 1/4 in. (28.6 cm)",,Iran,,Kashan,Human Figures|Birds|Horses,,,,,,,Islamic Art,Ceramics-Tiles,,False,True,https://www.metmuseum.org/art/collection/search/450367,https://images.metmuseum.org/CRDImages/is/original/DP247858.jpg,2,https://www.wikidata.org/wiki/Q116252876,,
454757,Stone Oil Lamp,Lamp,9th–10th century,,,,Steatite; carved,"H. 2 in. (5.1 cm)
W. 3 in. (7.6 cm)",,Iran,,Nishapur,,,,,,,,Islamic Art,Stone,,False,True,https://www.metmuseum.org/art/collection/search/454757,https://images.metmuseum.org/CRDImages/is/original/wb-37.40.48.JPG,4,,,
445670,Textile Fragment,Textile fragment,5th–6th century,,,,"Linen, wool; tapestry weave, looped embroidery","H. 11 in. (27.9 cm)
W. 7 in. (17.8 cm)",,Egypt,,,,,,,,,,Islamic Art,Textiles,,False,True,https://www.metmuseum.org/art/collection/search/445670,https://images.metmuseum.org/CRDImages/is/original/DP340514.jpg,3,,,
449181,Chess Piece,Chess piece,9th–11th century,,,,Ivory,H. 13/16 in. (2 cm),,Palestine,,Sbaita,Chess,,,,,,,Islamic Art,Gaming pieces,,False,True,https://www.metmuseum.org/art/collection/search/449181,https://images.metmuseum.org/CRDImages/is/original/sf37-75-20a.jpg,1,,,
742037,Stucco Fragment,Fragment,probably 8th–12th century,,,,"Stucco; carved, painted","H. 2 9/16 in. (6.5 cm)
W. 1 9/16 in. (4 cm)
D. 13/16 in. (2 cm)",,Iran,,Nishapur,,,,,,,,Islamic Art,Stucco,,False,True,https://www.metmuseum.org/art/collection/search/742037,https://images.metmuseum.org/CRDImages/is/original/LC-N670-front.jpg,1,,,
451172,Hanging,Hanging,17th–18th century,,,,Linen; embroidered in silk,"H. 80 1/2 in. (204.5 cm)
W. 55 in. (139.7 cm)",,Turkey,,,,,,,,,,Islamic Art,Textiles-Embroidered,,False,True,https://www.metmuseum.org/art/collection/search/451172,https://images.metmuseum.org/CRDImages/is/original/AD-53.131.22a.JPG,5,,,
741768,Stucco Fragment,Fragment,probably 8th–12th century,,,,Stucco; carved,"H. 1 15/16 in. (5 cm)
W. 1 3/16 in. (3 cm)
D. 1 in. (2.5 cm)",,Iran,,Nishapur,,,,,,,,Islamic Art,Stucco,,False,True,https://www.metmuseum.org/art/collection/search/741768,https://images.metmuseum.org/CRDImages/is/original/LC-N401-front.jpg,1,,,
838357,Shawl,Shawl,19th century,,,,Wool,"L. 120 in. (304.8 cm)
W. 53 1/2 in. (135.9 cm)",,India,,,,,,,,,,Islamic Art,Textiles,,False,True,https://www.metmuseum.org/art/collection/search/838357,https://images.metmuseum.org/CRDImages/is/original/LC-2019_566overall.jpg,2,,,
452849,"Earring, One of a Pair",Earring,11th century,,,,Gold,"Ht. 1 3/8 in. (3.5 cm)
W. 1 3/16 in. (3 cm)
D. 9/16 in. (1.5 cm)",,Egypt,,,,,,,,,,Islamic Art,Jewelry,,False,True,https://www.metmuseum.org/art/collection/search/452849,https://images.metmuseum.org/CRDImages/is/original/1978.142ab.jpg,0,,,
448318,Textile Fragment,Textile fragment,10th century,,,,"Linen, silk; plain weave, tapestry weave","L. 9 1/4 in. (23.5 cm)
W. 14 in. (35.6 cm)",,Egypt,,,,,,,,,,Islamic Art,Textiles-Woven,,False,True,https://www.metmuseum.org/art/collection/search/448318,https://images.metmuseum.org/CRDImages/is/original/77278.jpg,0,,,
449611,Bowl,Bowl,10th–11th century,,,,Earthenware; white slip with incised polychrome slip decoration under transparent glaze,"H. 4 15/16 in. (12.5 cm)
Diam. 13 9/16 in. (34.5 cm)",,Iran,,Nishapur,,,,,,,,Islamic Art,Ceramics,,False,True,https://www.metmuseum.org/art/collection/search/449611,https://images.metmuseum.org/CRDImages/is/original/wb-39.40.79.JPG,3,,,
741115,Stucco Fragment,Fragment,probably 8th–12th century,,,,"Stucco (mortar); carved, painted","H. 1 3/4 in. (4.5 cm)
W. 1 3/16 in. (3 cm)
D. 13/16 in. (2 cm)",,Iran,,Nishapur,,,,,,,,Islamic Art,Stucco,,False,True,https://www.metmuseum.org/art/collection/search/741115,https://images.metmuseum.org/CRDImages/is/original/LC-N1314-front.jpg,1,,,
449545,Dish,Dish,9th–10th century,,,,Earthenware; white slip with polychrome slip decoration under transparent glaze,"Overall:
            H. 1 9/16 in (4 cm)
            Diam.  5 7/8 in. (15 cm)
Base: 
             Diam. 2 15/16 in. (7.5 cm)",,Iran,,Nishapur,,,,,,,,Islamic Art,Ceramics,,False,True,https://www.metmuseum.org/art/collection/search/449545,https://images.metmuseum.org/CRDImages/is/original/jh-39.40.8.JPG,0,,,
448311,Textile Fragment,Textile fragment,ca. 934–40,,,,"Linen, silk; plain weave, embroidered","L. 12 1/4 in. (31.1 cm)
W. 19 3/4 in. (50.2 cm)",,Egypt,,,,,,,,,,Islamic Art,Textiles-Embroidered,,False,True,https://www.metmuseum.org/art/collection/search/448311,https://images.metmuseum.org/CRDImages/is/original/77271.jpg,0,,,
450745,"Chess Piece, Probably a Pawn",Chess piece,11th–12th century,,,,Ivory,H. 2 1/4 in. (5.7 cm),,,Western Islamic Lands,,Arabic|Chess|Games,,,,,,,Islamic Art,Gaming pieces,,False,True,https://www.metmuseum.org/art/collection/search/450745,https://images.metmuseum.org/CRDImages/is/original/DP303331.jpg,4,https://www.wikidata.org/wiki/Q116251817,,
450938,Bowl,Bowl,12th century,,,,Stonepaste; painted in luster and blue on opaque white glaze under transparent colorless glaze,"H. 5 1/8 in. (13 cm)
Diam. 7 5/16 in. (18.6 cm)",,Syria,,Raqqa,,,,,,,,Islamic Art,Ceramics,,False,True,https://www.metmuseum.org/art/collection/search/450938,https://images.metmuseum.org/CRDImages/is/original/sf48-113-10a.jpg,1,,,
451375,Carpet,Carpet,dated 1280 AH/1863 CE,,,,"Silk (warp, weft and pile); symmetrically knotted pile","L. 120 in. (304.8 cm)
W. 93 1/2 in. (237.5 cm)",,Iran,,,Flowers,,,,,,,Islamic Art,Textiles-Rugs,,False,True,https://www.metmuseum.org/art/collection/search/451375,https://images.metmuseum.org/CRDImages/is/original/DP221219.jpg,25,,,
742213,Stucco Fragment,Fragment,probably 8th–12th century,,,,"Stucco; carved, painted","H. 1 15/16 in. (5 cm)
W. 1 9/16 in. (4 cm)
D. 13/16 in. (2 cm)",,Iran,,Nishapur,,,,,,,,Islamic Art,Stucco,,False,True,https://www.metmuseum.org/art/collection/search/742213,https://images.metmuseum.org/CRDImages/is/original/LC-N845-front.jpg,1,,,
741926,Stucco Fragment,Fragment,probably 8th–12th century,,,,Stucco; carved,"H. 2 3/16 in. (5.5 cm)
W. 1 3/8 in. (3.5 cm)
D. 1 in. (2.5 cm)",,Iran,,Nishapur,,,,,,,,Islamic Art,Stucco,,False,True,https://www.metmuseum.org/art/collection/search/741926,https://images.metmuseum.org/CRDImages/is/original/LC-N559-front.jpg,1,,,
446559,Bookbinding (Jild-i kitab),Bookbinding,17th century,,,,Leather; stamped and gilded,"H. 15 (38.1 cm)
W. 10 3/4 in. (27.3 cm)",,Iran or Turkey,,,,,,,,,,Islamic Art,Codices,,False,True,https://www.metmuseum.org/art/collection/search/446559,https://images.metmuseum.org/CRDImages/is/original/sf13-228-25a.jpg,1,https://www.wikidata.org/wiki/Q116242629,,
448891,Ceramic Fragment,Fragment,8th–9th century,,,,Earthenware; glazed,"H. 2 in. (5.1 cm)
W. 2 9/16 in. (6.5 cm)
D. 11/16 in. (1.7 cm)
Wt. 1.3 oz. (36.9 g)",,Iraq,,Ctesiphon,,,,,,,,Islamic Art,Ceramics,,False,True,https://www.metmuseum.org/art/collection/search/448891,https://images.metmuseum.org/CRDImages/is/original/sf32-150-450a.jpg,1,,,
740841,Stucco Fragment,Fragment,probably 8th–12th century,,,,"Stucco; carved, painted.","H. 9 7/16 in. (24 cm)
W. 7 1/2 in. (19 cm)
D. 2 3/16 in. (5.5 cm)",,Iran,,Nishapur,,,,,,,,Islamic Art,Stucco,,False,True,https://www.metmuseum.org/art/collection/search/740841,https://images.metmuseum.org/CRDImages/is/original/DP-31662-001.jpg,3,,,
452056,Folio from a Qur'an Manuscript,Folio from a non-illustrated manuscript,14th century,,,,"Ink, opaque watercolor, and gold on paper","H. 16 3/16 in. (41.1 cm)
W. 12 5/8 in. (32.1 cm)",,Egypt or Syria,,,Qur'an|Calligraphy,,,,,,,Islamic Art,Codices,,False,True,https://www.metmuseum.org/art/collection/search/452056,https://images.metmuseum.org/CRDImages/is/original/DP328569.jpg,2,,,
444540,Brazier of Rasulid Sultan al-Malik al-Muzaffar Shams al-Din Yusuf ibn 'Umar,Brazier,second half 13th century,,,,"Brass; cast, chased, and inlaid with silver and black compound","H. 13 7/8 in. (35.2 cm)
W. 15 1/2 in. (39.4 cm)
Max D. 16 3/8 in. (41.6 cm)",,Egypt,,,,,,,,,,Islamic Art,Metal,,True,True,https://www.metmuseum.org/art/collection/search/444540,https://images.metmuseum.org/CRDImages/is/original/DP170388.jpg,9,https://www.wikidata.org/wiki/Q29384953,,
444318,Textile Fragment,Textile fragment,4th century,,,,"Linen, wool","Max. H. 26 15/16 in. (68.5 cm)
Max. W. 17 11/16 in. (45 cm)",,Egypt,,,,,,,,,,Islamic Art,Textiles,,False,True,https://www.metmuseum.org/art/collection/search/444318,https://images.metmuseum.org/CRDImages/is/original/DP340525.jpg,3,,,
443660,Child's Dress,Textile fragment,"660–880 (radiocarbon date, 95% probability)",,,,Plain weave in red wool (dyed with madder); applied borders with pattern weft in blue and red wool and undyed linen,"Max. H. 20 1/2 in. (52.1 cm)
Max, W. 25 9/16 in. (64.9 cm)",,Egypt,,probably Akhmim (former Panopolis),,,,,,,,Islamic Art,Textiles,,False,True,https://www.metmuseum.org/art/collection/search/443660,https://images.metmuseum.org/CRDImages/is/original/DP242245.jpg,5,,,
451336,Luster Jar with Medallions and Peacock-Eye Pattern,Jar,10th century,,,,Earthenware; luster-painted,"H. 7 9/16 in. (19.2 cm)
Diam. 7 1/2 in. (19.1 cm)
Wt. 39.1 oz. (1108.6 g)",,Iraq,,,,,,,,,,Islamic Art,Ceramics,,False,True,https://www.metmuseum.org/art/collection/search/451336,https://images.metmuseum.org/CRDImages/is/original/sf56-96a.jpg,1,,,
443083,Cover,Cover,early 19th century,,,,"Linen, silk, metal wrapped thread; plain weave, embroidered","H. 38 in. (96.5 cm)
W. 17 in. (43.2 cm)",,Turkey,,,,,,,,,,Islamic Art,Textiles-Embroidered,,False,True,https://www.metmuseum.org/art/collection/search/443083,https://images.metmuseum.org/CRDImages/is/original/54462.jpg,0,,,
457291,Coin,Coin,160–63 AH/776–79 CE,,,,Copper,"Ht. 13/16 in. (2.1 cm)
W. 13/16 in. (2.1 cm)
Th. 1/16 in. (0.1 cm)",,Iran,,Nishapur,,,,,,,,Islamic Art,Coins,,False,True,https://www.metmuseum.org/art/collection/search/457291,https://images.metmuseum.org/CRDImages/is/original/39.40.127.219a.JPG,1,,,
448459,Carpet Fragment,Carpet fragment,17th century,,,,"Wool (warp, weft and pile); asymmetrically knotted pile","H. 98 in. (248.9 cm)
W. 89.1/2 in. (227.3 cm)",,Iran,,,,,,,,,,Islamic Art,Textiles-Rugs,,False,True,https://www.metmuseum.org/art/collection/search/448459,https://images.metmuseum.org/CRDImages/is/original/DP-41701-041.jpg,42,,,
740848,Stucco Fragment,Fragment,probably 8th–12th century,,,,"Stucco; carved, painted","H. 2 3/4 in. (7 cm)
W. 1 15/16 in. (5 cm)
D. 1 in. (2.5 cm)",,Iran,,Nishapur,,,,,,,,Islamic Art,Stucco,,False,True,https://www.metmuseum.org/art/collection/search/740848,https://images.metmuseum.org/CRDImages/is/original/LC-N1070-front.jpg,1,,,
446166,Tile from a Frieze,Tile,first half 13th century,,,,Stonepaste; overglaze painted (so-called mina'i),"H. 14 3/8 in. (36.5 cm)
W. 14 in. (35.6 cm)",,Iran,,,,,,,,,,Islamic Art,Ceramics-Tiles,,False,True,https://www.metmuseum.org/art/collection/search/446166,https://images.metmuseum.org/CRDImages/is/original/wb-11.74.1.JPG,5,,,
82693,Ensemble,Ensemble,19th century,,,,"Linen, cotton, metal; embroidered","Robe (a): 
                   H. 57 in. (144.8 cm)
                   W. 59 in. (149.9 cm)
Scarf (b): 
                   H. 80 1/4 in. (203.8 cm)
                   W. 39 in. (99.1 cm)
                   D. 1/2 in. (1.3 cm)
Headdress (c):
                   H. 16 in. (40.6 cm)
                   W. 16 5/8 in. (42.2 cm)
                   D. 7/8 in. (2.2 cm)",,Palestine,,,,,,,,,,Islamic Art,Main dress-Womenswear,,False,True,https://www.metmuseum.org/art/collection/search/82693,https://images.metmuseum.org/CRDImages/is/original/DP102019.jpg,6,,,
449130,Lamp,Lamp,12th century,,,,Stonepaste; monochrome glazed,H. 4 in. (10.2 cm),,Iran,,Nishapur,,,,,,,,Islamic Art,Ceramics,,False,True,https://www.metmuseum.org/art/collection/search/449130,https://images.metmuseum.org/CRDImages/is/original/wb-37.40.19.JPG,3,,,
450553,Tile Fragment,Tile fragment,1334–1434,,,,Stonepaste; polychrome painted under transparent glaze,,,present-day Uzbekistan,,Samarqand,,,,,,,,Islamic Art,Ceramics-Tiles,,False,True,https://www.metmuseum.org/art/collection/search/450553,https://images.metmuseum.org/CRDImages/is/original/sf45-103-15a.jpg,1,,,
445643,Textile Fragment,Textile fragment,18th–19th century,,,,"Linen, silk; plain weave, embroidered","H. 6 3/4 in. (17.1 cm)
W. 5 1/2 in.  (14 cm)",,Morocco,,Chefchaouen,,,,,,,,Islamic Art,Textiles-Embroidered,,False,True,https://www.metmuseum.org/art/collection/search/445643,https://images.metmuseum.org/CRDImages/is/original/DP18238.jpg,1,,,
449529,Plaque,Plaque,6th–7th century,,,,Bone; carved,"H. 3 13/16 in. (9.7 cm)
W. 1 9/16 in. (4 cm) 
D. 1/2 in. (1.2 cm)",,Egypt,,,Leaves,,,,,,,Islamic Art,Ivories and Bone,,False,True,https://www.metmuseum.org/art/collection/search/449529,https://images.metmuseum.org/CRDImages/is/original/sf38-118-15a.jpg,1,,,
448822,Fragment of a Closed Vessel,Fragment,probably 7th–9th century,,,,"Earthenware; glazed, applied, and impressed",,,Iraq,,Ctesiphon,,,,,,,,Islamic Art,Ceramics,,False,True,https://www.metmuseum.org/art/collection/search/448822,https://images.metmuseum.org/CRDImages/is/original/sf32-150-351a.jpg,0,,,
455179,Ceramic Fragments,Fragments,9th century,,,,Earthenware; glazed,"Ht. 3 7/16 in. (8.7 cm)
W. 1 3/16 in. (3 cm)
Th. 3/16 in. (0.4 cm)",,Iraq,,Samarra,,,,,,,,Islamic Art,Ceramics,,False,True,https://www.metmuseum.org/art/collection/search/455179,https://images.metmuseum.org/CRDImages/is/original/sf23-75-34a-e2.jpg,1,,,
741047,Stucco Fragment,Fragment,probably 8th–12th century,,,,"Stucco; carved, painted","H. 1 15/16 in. (5 cm)
W. 1 9/16 in. (4 cm)
D. 3/8 in. (1 cm)",,Iran,,Nishapur,,,,,,,,Islamic Art,Stucco,,False,True,https://www.metmuseum.org/art/collection/search/741047,https://images.metmuseum.org/CRDImages/is/original/LC-N1252-front.jpg,1,,,
444599,Candlestick Base,Candlestick base,second half 14th century,,,,Brass; engraved and originally inlaid with silver,"H. 6 13/16 in. (17.3 cm)
Base Diam. 10 7/8 in. (27.6 cm)
Wt. 29.3 oz. (830.734 g)",,Egypt or Syria,,,,,,,,,,Islamic Art,Metal,,False,True,https://www.metmuseum.org/art/collection/search/444599,https://images.metmuseum.org/CRDImages/is/original/DP-31469-001.jpg,6,,,
451269,"""Jahangir and His Vizier, I'timad al-Daula"", Folio from the Shah Jahan Album",Album leaf,recto: ca. 1615; verso: ca. 1530–45,,,,"Ink, opaque watercolor, and gold on paper","Overall:
            H. 15 3/8 in. (39 cm)
            W. 10 3/16 in. (25.9 cm)
Mat:
       H. 19 1/4 in. (48.9 cm)
       W. 14 1/4 in. (36.2 cm)
Frame:
            H. 20 1/4 in. (51.4 cm)
            W. 15 1/4 in. (38.7 cm)",,India,,,Men,Manohar,Artist,,1577,1624,,Islamic Art,Codices,active ca. 1582–1624,False,True,https://www.metmuseum.org/art/collection/search/451269,https://images.metmuseum.org/CRDImages/is/original/DP234021.jpg,5,,https://www.wikidata.org/wiki/Q99267778,http://vocab.getty.edu/page/ulan/500322026
457172,Coin,Coin,dated 363 AH/973 CE,,,,Silver,"Ht. 1 1/8 in. (2.9 cm)
W. 1 1/8 in. (2.9 cm)
Th. 1/16 in. (0.1 cm)",,Iran,,Nishapur,,,,,,,,Islamic Art,Coins,,False,True,https://www.metmuseum.org/art/collection/search/457172,https://images.metmuseum.org/CRDImages/is/original/39.40.127.100a.JPG,1,,,
741105,Stucco Fragment,Fragment,probably 8th–12th century,,,,"Stucco; carved, painted","H. 1 9/16 in. (4 cm)
W. 1 9/16 in. (4 cm)
D. 13/16 in. (2 cm)",,Iran,,Nishapur,,,,,,,,Islamic Art,Stucco,,False,True,https://www.metmuseum.org/art/collection/search/741105,https://images.metmuseum.org/CRDImages/is/original/LC-N1305-front.jpg,1,,,
445477,Fragment of a Bowl,Fragment,14th–15th century,,,,Earthenware; incised decoration through white slip and coloring under transparent glaze,,,Egypt,,,,,,,,,,Islamic Art,Ceramics,,False,True,https://www.metmuseum.org/art/collection/search/445477,https://images.metmuseum.org/CRDImages/is/original/sf08-256-187a.jpg,0,,,
444530,Tray Stand,Tray stand,14th century,,,,Brass; inlaid with silver,"H. 9 9/16 in. (24.3 cm)
Diam. (Rim) 9 3/16 in. (23.3 cm)",,Egypt,,,Arabic,,,,,,,Islamic Art,Metal,,False,True,https://www.metmuseum.org/art/collection/search/444530,https://images.metmuseum.org/CRDImages/is/original/DP222490.jpg,6,https://www.wikidata.org/wiki/Q116242766,,
448959,Head from a Figure with a Beaded Headdress,Head of a figure,12th–early 13th century,,,,"Fossiliferous limestone; carved, drilled","H. 10 in. (25.4 cm)
W. 6 1/2 in. (16.5 cm)
D. 6 3/4 in. (17.1 cm)",,Iran,,,Heads,,,,,,,Islamic Art,Stone,,False,True,https://www.metmuseum.org/art/collection/search/448959,https://images.metmuseum.org/CRDImages/is/original/DP170373.jpg,6,https://www.wikidata.org/wiki/Q116274531,,
85847,Ensemble,Ensemble,late 19th–early 20th century,,,,"wool, cotton, silk, ramie, leather","Length at CB (a): 22 in. (55.9 cm)
Length at CB (b): 39 in. (99.1 cm)
Length at Side Seam (c): 41 in. (104.1 cm)
Length (d): 102 1/2 in. (260.4 cm)
Length (e): 17 1/4 in. (43.8 cm)
Heel to Toe (f, g): 11 in. (27.9 cm)
Length (h, i): 10 7/8 in. (27.6 cm)
Length (j, k): 27 1/4 in. (69.2 cm)
Length (l): 23 1/2 in. (59.7 cm)",,,Central,,,,,,,,,Islamic Art,Main dress-Menswear,,False,True,https://www.metmuseum.org/art/collection/search/85847,https://images.metmuseum.org/CRDImages/is/original/1988.362.5a_F.jpg,9,,,
447324,Panel,Panel,6th–7th century,,,,"Wool; tapestry woven, mounted on linen","H. 3 9/16 in. (9 cm)
W. 3 15/16 in. (10 cm)",,Egypt,,,,,,,,,,Islamic Art,Textiles,,False,True,https://www.metmuseum.org/art/collection/search/447324,https://images.metmuseum.org/CRDImages/is/original/sf21-6-5.jpg,1,,,
457337,Coin,Coin,8th–9th century,,,,Copper,"39.40.127.265a: Ht. 7/16 in. (1.1 cm)
                               W. 13/16 in. (2 cm)
                               Th. 1/16 in. (0.1 cm)
39.40.127.265b: Ht. 1/4 in. (0.7 cm)
                               W. 3/16 in. (0.4 cm)
                               Th. 1/16 in. (0.1 cm)",,Iran,,Nishapur,,,,,,,,Islamic Art,Coins,,False,True,https://www.metmuseum.org/art/collection/search/457337,https://images.metmuseum.org/CRDImages/is/original/39.40.127.265a.JPG,1,,,
446191,Panel with Horse Heads,Panel,11th century,,,,Wood (teak); carved,"H. 13 3/4 in. (34.9 cm)
W. 8 15/16 in. (22.7 cm)
D. 11/16 in. (1.7 cm)
Object with mount: L. 14 1/8 in. (35.9 cm)
                                   W. 9 1/8 in. (23.2 cm)
                                   D. 1 5/8 in. (4.1 cm)",,Egypt,,,Horses,,,,,,,Islamic Art,Wood,,True,True,https://www.metmuseum.org/art/collection/search/446191,https://images.metmuseum.org/CRDImages/is/original/DP170363.jpg,5,https://www.wikidata.org/wiki/Q29384965,,
453184,Fragment of a Floorspread,Textile fragment,late 17th century,,,,"Cotton; plain weave, mordant-painted and dyed, resist-dyed","L. 66 3/4 in. (169.5 cm)
W. 142 in. (360.7 cm)",,India,,,Poppies,,,,,,,Islamic Art,Textiles-Rugs,,False,True,https://www.metmuseum.org/art/collection/search/453184,https://images.metmuseum.org/CRDImages/is/original/DP344703.jpg,28,https://www.wikidata.org/wiki/Q116275883,,
449418,Jug,Jug,9th century,,,,"Earthenware; slip covered and incised, unglazed",,,Iran,,Nishapur,,,,,,,,Islamic Art,Ceramics,,False,True,https://www.metmuseum.org/art/collection/search/449418,https://images.metmuseum.org/CRDImages/is/original/sf38-40-208a.jpg,0,,,
452770,Square Tile Showing a Lion with Foliated Tail,Tile,second half 12th–early 13th century,,,,"Earthenware; molded, slipped, and glazed","H. 4 1/16 in. (10.3 cm)
W. 4 1/4 in. (10.8 cm)
D. 1/2 in. (1.3 cm)",,Afghanistan,,Ghazni,,,,,,,,Islamic Art,Ceramics-Tiles,,False,True,https://www.metmuseum.org/art/collection/search/452770,https://images.metmuseum.org/CRDImages/is/original/sf1975-193-3.jpg,0,,,
910523,Miniature Qur'an and Qur'an Case,Non-illustrated manuscript,dated 963 AH/1555 CE,,,,"Qur'an: Ink, opaque watercolor, and gold on paper
Qur'an case: Silver","Qur'an:
H. 1 in. (2.5 cm)
W. 1 11/16 in. (4.3 cm)
L. 1 11/16 in. (4.3 cm)
Case:
H. 1 1/16 in. (2.8 cm)
W. 1 7/8 in. (4.8 cm)
L. 1 7/8 in. (4.8 cm)",,present-day Afghanistan,,Herat,,Muhammad Al-Qari,Calligrapher,,1520,1605,,Islamic Art,Codices,"died 1605, Herat, present-day Afghanistan",False,True,https://www.metmuseum.org/art/collection/search/910523,https://images.metmuseum.org/CRDImages/is/original/DP-36847-007.jpg,8,,,
448626,Textile Fragment,Textile fragment,9th century,,,,Linen; embroidered in silk,"Textile: L. 3 1/2 in. (8.9 cm)
            W. 6 1/2 in. (16.5 cm)
Mount: L. 9 in. (22.9 cm)
            W. 10 1/2 in. (26.7 cm)
            D. 1 1/2 in. (3.8 cm)",,Egypt,,,Arabic,,,,,,,Islamic Art,Textiles-Embroidered,,False,True,https://www.metmuseum.org/art/collection/search/448626,https://images.metmuseum.org/CRDImages/is/original/wb-31.106.47.JPG,1,,,
448059,Textile Fragment,Textile fragment,mid-11th century,,,,"Silk, cotton","L. 2 1/4 in. (5.7 cm)
W. 3 3/4 in. (9.5 cm)",,Egypt,,Fustat,,,,,,,,Islamic Art,Textiles-Woven,,False,True,https://www.metmuseum.org/art/collection/search/448059,https://images.metmuseum.org/CRDImages/is/original/LC-27_170_15.jpg,1,,,
450583,Dervish Leaning on a Staff,Illustrated single work,16th century,,,,"Ink, transparent and opaque watercolor, and gold on paper","H. 3 3/16 in. (8.1 cm)
W. 2 1/8 in. (5.4 cm)",,Iran,,,Men,,,,,,,Islamic Art,Codices,,False,True,https://www.metmuseum.org/art/collection/search/450583,https://images.metmuseum.org/CRDImages/is/original/sf45-174-1r.jpg,1,,,
449607,Bowl,Bowl,9th–10th century,,,,"Earthenware; buff slip, splashed polychrome glazes","H. 2 3/8 in (6 cm)
Diam.  8 in. (20.3 cm)",,Iran,,Nishapur,,,,,,,,Islamic Art,Ceramics,,False,True,https://www.metmuseum.org/art/collection/search/449607,https://images.metmuseum.org/CRDImages/is/original/LC-39_40_75interior.jpg,4,,,
457345,Coin,Coin,late 11th–early 13th century,,,,Copper,"Ht. 5/8 in. (1.6 cm)
W. 11/16 in. (1.7 cm)
Th. 1/16 in. (0.1 cm)",,Iran,,Nishapur,,,,,,,,Islamic Art,Coins,,False,True,https://www.metmuseum.org/art/collection/search/457345,https://images.metmuseum.org/CRDImages/is/original/39.40.127.273a.JPG,1,,,
741049,Stucco Fragment,Fragment,probably 8th–12th century,,,,"Stucco; carved, painted","H. 1 3/16 in. (3 cm)
W. 1 in. (2.5 cm)
D. 3/8 in. (1 cm)",,Iran,,Nishapur,,,,,,,,Islamic Art,Stucco,,False,True,https://www.metmuseum.org/art/collection/search/741049,https://images.metmuseum.org/CRDImages/is/original/LC-N1254-front.jpg,1,,,
456979,Ushak Carpet Fragment,Carpet fragment,late 17th–early 18th century,,,,Wool; symmetrically knotted pile,"L. 29 in. (73.7 cm)
W. 20 in. (50.8 cm)",,Turkey,Western Anatolia,,,,,,,,,Islamic Art,Textiles-Rugs,,False,True,https://www.metmuseum.org/art/collection/search/456979,https://images.metmuseum.org/CRDImages/is/original/Met_008 copy.JPG,1,,,
442915,Fragmentary Cup with Molded Designs in the Beveled Style,Fragment of a cup,9th century,,,,"Glass, colorless; blown, impressed with tongs","H. 2 in. (5.1 cm)
Diam. 2 1/2 in. (6.3 cm)",,Iraq or Syria,,,,,,,,,,Islamic Art,Glass,,False,True,https://www.metmuseum.org/art/collection/search/442915,https://images.metmuseum.org/CRDImages/is/original/sf-x-275-3a.jpg,1,https://www.wikidata.org/wiki/Q116242753,,
449998,Button or Bead,Button or bead,9th–10th century,,,,"Bone; tinted, incised, and inlaid with paint","H. 3/8 in. (0.9 cm) 
Diam. 9/16 in. (1.5 cm)",,Iran,,Nishapur,,,,,,,,Islamic Art,Ivories and Bone,,False,True,https://www.metmuseum.org/art/collection/search/449998,https://images.metmuseum.org/CRDImages/is/original/sf40-170-318z.jpg,0,,,
448391,Star-Shaped Tile,Tile,14th century,,,,"Stonepaste; glazed, carved",Gr. W. 7 1/2 in.(19.1 cm),,Iran,,,,,,,,,,Islamic Art,Ceramics-Tiles,,False,True,https://www.metmuseum.org/art/collection/search/448391,https://images.metmuseum.org/CRDImages/is/original/sf30-95-25.jpg,0,,,
454539,Textile Fragment,Textile fragment,17th–18th century,,,,Silk,"H. 4 in. (10.2 cm)
W. 11 1/4 in. (28.6 cm)",,Iran,,,Flowers,,,,,,,Islamic Art,Textiles,,False,True,https://www.metmuseum.org/art/collection/search/454539,https://images.metmuseum.org/CRDImages/is/original/Tr.20.715.2002.JPG,1,,,
454030,Glass Bowl in Millefiori Technique,Bowl,9th century,,,,"Glass, green, opaque yellow, and opaque red mosaic; fused, slumped, ground, and polished, applied foot","H. 2 in. (5.1 cm)
Diam. of rim: 5 5/8 in. (14.3 cm)",,Probably Iraq,,,,,,,,,,Islamic Art,Glass,,False,True,https://www.metmuseum.org/art/collection/search/454030,https://images.metmuseum.org/CRDImages/is/original/DP212286.jpg,8,https://www.wikidata.org/wiki/Q116273863,,
453316,Young Lovers Embracing,Illustrated single work,16th century,,,,"Watercolor, opaque watercolor, ink, silver, and gold on paper","Overall:
           H. 14 5/16 in. (36.4 cm)
           W. 9 1/2 in. (24.1  cm)
Dimensions of decorated leaf: 
           H. 8 9/16 in. (21.8 cm)
           W/ 5 5/8 in. (14.3 cm)
Dimensions of drawing: 
            H. 3 3/4 in. (9.5 cm)
            W. 2 3/16 in. (5.5 cm)",,Iran,,Qazvin,Men|Lovers|Women,,,,,,,Islamic Art,Codices,,False,True,https://www.metmuseum.org/art/collection/search/453316,https://images.metmuseum.org/CRDImages/is/original/sf1990-51d.jpg,2,,,
443044,Cushion Cover,Cushion cover,early 19th century,,,,"Silk, metal wrapped thread; embroidered","H. 40 1/2 in. (102.9 cm)
W. 18 in. (45.7 cm)",,Turkey,,,Leaves,,,,,,,Islamic Art,Textiles-Embroidered,,False,True,https://www.metmuseum.org/art/collection/search/443044,https://images.metmuseum.org/CRDImages/is/original/5584.jpg,0,,,
450415,Ring,Ring,10th century,,,,Silver; set with colorless cabochon stone,"H. 7/8 in. (2.2 cm)
W. 3/4 in. (1.9 cm)",,Egypt,,,,,,,,,,Islamic Art,Jewelry,,False,True,https://www.metmuseum.org/art/collection/search/450415,https://images.metmuseum.org/CRDImages/is/original/41_160_634_2.jpg,4,,,
447804,Composite Camel with Attendant,Illustrated single work,third quarter 16th century,,,,Opaque watercolor and ink on paper,"Painting: H. 7 7/8 in. (20 cm)
                W. 5 1/2 in. (14 cm)
Page: H. 9 in. (22.9 cm)
          W. 6 11/16 in. (17 cm)
Mat: H. 19 1/4 in. (48.9 cm)
        W. 14 1/4 in. (36.2 cm)",,Iran,Khurasan,,Men|Camels,,,,,,,Islamic Art,Codices,,False,True,https://www.metmuseum.org/art/collection/search/447804,https://images.metmuseum.org/CRDImages/is/original/DP240653.jpg,3,https://www.wikidata.org/wiki/Q116280894,,
443618,Leather Shoe with Gilded Medallions,Shoe,2nd–9th century,,,,Leather; gilded,L. 9 3/4 in. (24.7 cm),,Egypt,,Akhmim (former Panopolis),Shoes|Medallions,,,,,,,Islamic Art,Leather,,False,True,https://www.metmuseum.org/art/collection/search/443618,https://images.metmuseum.org/CRDImages/is/original/DP17582_90.5.35B.jpg,1,,,
454610,Jar,Jar,15th century,,,,"Earthenware; partly glazed, molded",H. 29 1/4 in. (74.3 cm),,Spain,,probably Seville,,,,,,,,Islamic Art,Ceramics,,False,True,https://www.metmuseum.org/art/collection/search/454610,https://images.metmuseum.org/CRDImages/is/original/wb-41.190.341.JPG,4,,,
449458,Wall Painting with Female Figure,Fragment of a wall painting,9th–10th century,,,,Stucco; painted,"H. 9 1/2 in. (24.1 cm)
W. 10 1/4 in. (26 cm)
 mount:
H. 11 in. (27.9 cm)
W. 10 5/16 (26.2 cm)",,Iran,,Nishapur,Women,,,,,,,Islamic Art,Stucco,,False,True,https://www.metmuseum.org/art/collection/search/449458,https://images.metmuseum.org/CRDImages/is/original/DP252023.jpg,1,https://www.wikidata.org/wiki/Q116273518,,
454567,Textile Fragment,Textile fragment,17th–18th century,,,,"Silk, metal thread","H. 11 1/8 in. (28.3 cm)
W. 17 in. (43.2 cm)",,Iran,,,,,,,,,,Islamic Art,Textiles,,False,True,https://www.metmuseum.org/art/collection/search/454567,https://images.metmuseum.org/CRDImages/is/original/AD-2002.494.789,0,,,
443861,Fragment of a Sleeve,Textile fragment,4th–5th century,,,,"Wool, linen; plain weave, tapestry weave","Max. H. 8 7/16 in. (21.5 cm)
Max. W. 8 1/16 in. (20.5 cm)",,Egypt,,,,,,,,,,Islamic Art,Textiles,,False,True,https://www.metmuseum.org/art/collection/search/443861,https://images.metmuseum.org/CRDImages/is/original/sf90-5-375.jpg,1,,,
742205,Stucco Fragment,Fragment,probably 8th–12th century,,,,Stucco; carved,"H. 1 in. (2.5 cm)
W. 13/16 in. (2 cm)
D. 13/16 in. (2 cm)",,Iran,,Nishapur,,,,,,,,Islamic Art,Stucco,,False,True,https://www.metmuseum.org/art/collection/search/742205,https://images.metmuseum.org/CRDImages/is/original/LC-N837-front.jpg,1,,,
444122,Textile Fragment,Textile fragment,5th century,,,,"Wool, linen; plain weave, tapestry weave","Max. H. 12 13/16 in. (32.5 cm)
Max. W. 3 15/16 in. (10 cm)",,Egypt,,,,,,,,,,Islamic Art,Textiles,,False,True,https://www.metmuseum.org/art/collection/search/444122,https://images.metmuseum.org/CRDImages/is/original/sf90-5-643a.jpg,1,,,
457699,Coin,Coin,probably late 13th century,,,,Copper,,,Iran,,Nishapur,,,,,,,,Islamic Art,Coins,,False,True,https://www.metmuseum.org/art/collection/search/457699,https://images.metmuseum.org/CRDImages/is/original/39.40.127.629a.JPG,1,,,
449763,Bowl,Bowl,9th–10th century,,,,Earthenware; white slip with monochrome slip decoration under transparent glaze,"Overall:
             H. 3 7/8 in. (9.9 cm)
             Diam.12 7/8 in. (32.7 cm)
Base: 
             Diam. 5 13/16 in. (14.7 cm)",,Iran,,Nishapur,Birds,,,,,,,Islamic Art,Ceramics,,False,True,https://www.metmuseum.org/art/collection/search/449763,https://images.metmuseum.org/CRDImages/is/original/dg-40.170.69_2.jpg,4,,,
456136,Capital with Palm Leaves,Capital,5th century,,,,Sandstone; carved,"H. 18 1/2 in. (47 cm)
W. (Base) 21 in. (53.3 cm)
D. (Base) 19 1/2 in. (49.5 cm)",,Egypt,,Aswan (Assouan),,,,,,,,Islamic Art,Sculpture,,False,True,https://www.metmuseum.org/art/collection/search/456136,https://images.metmuseum.org/CRDImages/is/original/10.175.4.JPG,1,,,
856757,Bead,Bead,probably 9th–12th century,,,,Bone,length of the strand of beads: 11 13/16 in. (30 cm),,Iran,,Nishapur,,,,,,,,Islamic Art,Ivories and Bone,,False,True,https://www.metmuseum.org/art/collection/search/856757,https://images.metmuseum.org/CRDImages/is/original/LC-48_101_72.jpg,0,,,
447030,Kohl Flask,Kohl flask,7th century,,,,"Glass; blown, pinched, and applied decoration, tooled on the pontil","H. 4 in. (10.2 cm)
W. 2 15/16 in. (7.5 cm)
D. 1 1/4 in. (3.2 cm)
Wt. 2.7 oz. (76.6 g)
>> Plus 1 fragment",,Syria,,,,,,,,,,Islamic Art,Glass,,False,True,https://www.metmuseum.org/art/collection/search/447030,https://images.metmuseum.org/CRDImages/is/original/sf17-194-329a.jpg,0,,,
442894,Coin Weight,Coin weight,13th–16th century,,,,Glass,"H. 1/8 in. (0.3 cm)
Diam. 5/8 in. (1.6 cm)
Wt. 0.05 oz. (1.4 g)",,Egypt,,,,,,,,,,Islamic Art,Glass,,False,True,https://www.metmuseum.org/art/collection/search/442894,https://images.metmuseum.org/CRDImages/is/original/sf-x-165-20.jpg,0,,,
457184,Coin,Coin,dated 364 AH/974–75 CE,,,,Silver,"Ht. 1 in. (2.6 cm)
W. 1 1/16 in. (2.7 cm)
Th. 1/16 in. (0.1 cm)",,Iran,,Nishapur,,,,,,,,Islamic Art,Coins,,False,True,https://www.metmuseum.org/art/collection/search/457184,https://images.metmuseum.org/CRDImages/is/original/39.40.127.112a.JPG,1,,,
446467,Fragment of a Dish,Ceramic fragment,14th–15th century,,,,Stonepaste; polychrome underglaze painted under colorless glaze,,,Egypt,,,,,,,,,,Islamic Art,Ceramics,,False,True,https://www.metmuseum.org/art/collection/search/446467,https://images.metmuseum.org/CRDImages/is/original/sf13-190-193.jpg,0,,,
443573,Textile Fragment,Textile fragment,4th century,,,,"Wool, linen; tapestry weave","H. 5 1/2 in. (14 cm)
W. 5 1/2 in. (14 cm)",,Egypt,,,Birds,,,,,,,Islamic Art,Textiles,,False,True,https://www.metmuseum.org/art/collection/search/443573,https://images.metmuseum.org/CRDImages/is/original/64657.jpg,0,,,
445503,Ceramic Fragment,Fragment,14th–15th century,,,,Earthenware; incised decoration through white slip and coloring under transparent glaze,,,Egypt,,,,,,,,,,Islamic Art,Ceramics,,False,True,https://www.metmuseum.org/art/collection/search/445503,https://images.metmuseum.org/CRDImages/is/original/sf08-256-215a.jpg,0,,,
446374,Ceramic Fragment,Ceramic fragment,14th–15th century,,,,Earthenware; incised decoration through white slip and coloring under transparent glaze,,,Egypt,,,,,,,,,,Islamic Art,Ceramics,,False,True,https://www.metmuseum.org/art/collection/search/446374,https://images.metmuseum.org/CRDImages/is/original/sf13-190-85a.jpg,0,,,
856768,Bead,Bead,probably 9th–12th century,,,,Bone,length of the strand of beads: 11 13/16 in. (30 cm),,Iran,,Nishapur,,,,,,,,Islamic Art,Ivories and Bone,,False,True,https://www.metmuseum.org/art/collection/search/856768,https://images.metmuseum.org/CRDImages/is/original/LC-48_101_72.jpg,0,,,
449380,Bowl,Bowl,late 8th–early 9th century,,,,Earthenware; polychrome decoration under transparent glaze (buff ware),"H. 1 5/8 in. (4.2 cm)
Diam. 3 15/16 in. (10 cm)",,Iran,,Nishapur,,,,,,,,Islamic Art,Ceramics,,False,True,https://www.metmuseum.org/art/collection/search/449380,https://images.metmuseum.org/CRDImages/is/original/wb-38.40.170.JPG,5,,,
825636,Company Officer Receiving a Nobleman,Illustrated single work,ca. 1760–65,,,,Opaque color and gold on paper,"Image: 20 1/2 × 14 7/8 in. (52 × 37.8 cm)
Frame: 25 5/8 × 19 7/8 × 3/4 in. (65.1 × 50.5 × 1.9 cm)",,India,,,Men|Smoking,,,,,,,Islamic Art,Codices,,False,True,https://www.metmuseum.org/art/collection/search/825636,https://images.metmuseum.org/CRDImages/is/original/DP-28158-001.jpg,0,,,
457353,Coin,Coin,dated 1285 AH/1869 CE,,,,Copper,,,Iran,,Nishapur,,,,,,,,Islamic Art,Coins,,False,True,https://www.metmuseum.org/art/collection/search/457353,https://images.metmuseum.org/CRDImages/is/original/39.40.127.281a.JPG,1,,,
452897,Talismanic Scroll,Scroll,11th century,,,,Ink on paper; block printed,"H. 10 7/8 in.  (27.61 cm)
W.  3 1/8 in.  (7.9 cm)",,Egypt,,,,,,,,,,Islamic Art,Codices,,False,True,https://www.metmuseum.org/art/collection/search/452897,https://images.metmuseum.org/CRDImages/is/original/DP-31526-001.jpg,4,,,
446732,"Bracelet (Kada), One of a Pair",Bracelet,19th century,,,,Gold,"Ht. 2 3/4 in. (7 cm)
W. 2 3/4 in. (7 cm)
D. 3/8 in. (1 cm)",,India,,,,,,,,,,Islamic Art,Jewelry,,False,True,https://www.metmuseum.org/art/collection/search/446732,https://images.metmuseum.org/CRDImages/is/original/15_95_33.jpg,5,,,
825607,An Elephant and Keeper,Illustrated single work,ca. 1650–60,,,,Opaque color and gold on paper,"Image: 7 1/16 × 8 11/16 in. (18 × 22 cm)
Frame: 11 1/2 × 13 1/4 × 3/4 in. (29.2 × 33.7 × 1.9 cm)",,India,,,Elephants,,,,,,,Islamic Art,Codices,,False,True,https://www.metmuseum.org/art/collection/search/825607,https://images.metmuseum.org/CRDImages/is/original/DP-28151-001.jpg,0,,,
454472,Textile Fragment,Textile fragment,16th–17th century,,,,"Silk, metal thread","H. 21 in. (53.3 cm)
W. 19 in. (48.3 cm)",,Turkey,,,,,,,,,,Islamic Art,Textiles,,False,True,https://www.metmuseum.org/art/collection/search/454472,https://images.metmuseum.org/CRDImages/is/original/Tr.20.370.2002.jpg,1,,,
451096,Textile Fragment,Textile fragment,16th century,,,,"Silk, metal wrapped thread; lampas (kemha)","Textile: H. 52 in. (132.1 cm)
             W. 21 3/4 in. (55.2 cm)
Mount: H. 58 1/2 in. (148.6 cm)
             W. 26 5/16 in. (66.8 cm)",,Turkey,,Bursa,,,,,,,,Islamic Art,Textiles-Woven,,False,True,https://www.metmuseum.org/art/collection/search/451096,https://images.metmuseum.org/CRDImages/is/original/sf52-20-16b.jpg,3,,,
742049,Stucco Fragment,Fragment,probably 8th–12th century,,,,"Stucco; carved, painted","H. 1 3/16 in. (3 cm)
W. 9/16 in. (1.5 cm)
D. 3/8 in. (1 cm)",,Iran,,Nishapur,,,,,,,,Islamic Art,Stucco,,False,True,https://www.metmuseum.org/art/collection/search/742049,https://images.metmuseum.org/CRDImages/is/original/LC-N682-front.jpg,1,,,
446429,Ceramic Fragment,Ceramic fragment,14th–15th century,,,,Earthenware; slip-painted under transparent glaze,,,Egypt,,,,,,,,,,Islamic Art,Ceramics,,False,True,https://www.metmuseum.org/art/collection/search/446429,https://images.metmuseum.org/CRDImages/is/original/sf13-190-148a.jpg,0,,,
741665,Stucco Fragment,Fragment,probably 8th–12th century,,,,"Stucco; carved, painted","H. 1 3/8 in. (3.5 cm)
W. 1 in. (2.5 cm)
D. 13/16 in. (2 cm)",,Iran,,Nishapur,,,,,,,,Islamic Art,Stucco,,False,True,https://www.metmuseum.org/art/collection/search/741665,https://images.metmuseum.org/CRDImages/is/original/LC-N298-front.jpg,1,,,
445180,Fragment of a Bowl,Fragment,14th century,,,,"Stonepaste, underglaze blue and black; transparent, colorless glaze",,,Syria,,,,,,,,,,Islamic Art,Ceramics,,False,True,https://www.metmuseum.org/art/collection/search/445180,https://images.metmuseum.org/CRDImages/is/original/sf07-238-20a.jpg,2,,,
457695,Coin,Coin,dated 600 AH/1204 CE,,,,Copper,,,,,Sinjar,,,,,,,,Islamic Art,Coins,,False,True,https://www.metmuseum.org/art/collection/search/457695,https://images.metmuseum.org/CRDImages/is/original/39.40.127.625a.JPG,1,,,
449235,Spindle Whorl,Spindle whorl,9th–10th century,,,,"Bone; tinted, inlaid","H. 3/8 in. (0.9 cm) 
Diam. 9/16 in. (1.5 cm)",,Iran,,Nishapur,,,,,,,,Islamic Art,Ivories and Bone,,False,True,https://www.metmuseum.org/art/collection/search/449235,https://images.metmuseum.org/CRDImages/is/original/sf38-40-19b.jpg,1,https://www.wikidata.org/wiki/Q116273966,,
88863,Hammam Shoes,Shoes,19th century,,,,"Wood, silver, leather","Slipper (a):
                   H. 4 1/4 in. (10.8 cm)
                   W. 3 3/8 in. (8.6 cm)
                   D. 9 3/4 in. (24.8 cm)
Slipper (b):
                   H. 4 3/8 in. (11.1 cm)
                   W. 3 1/4 in. (8.3 cm)
                   D. 9 3/4 in. (24.8 cm)",,Turkey,,,Footwear,,,,,,,Islamic Art,Accessory-Foot and Leg wear-Womenswear,,False,True,https://www.metmuseum.org/art/collection/search/88863,https://images.metmuseum.org/CRDImages/is/original/CI39.91.44ab_F.jpg,1,,,
448709,Bottle,Bottle,7th–8th century,,,,"Glass; blown, tooled on the pontil",H. 2 in. (5.1 cm),,Iraq,,Ctesiphon,,,,,,,,Islamic Art,Glass,,False,True,https://www.metmuseum.org/art/collection/search/448709,https://images.metmuseum.org/CRDImages/is/original/sf32-150-130a.jpg,0,,,
446091,Pendant,Pendant,9th–12th century,,,,Bronze,"10.130.30128a: Ht. 9/16 in. (1.5 cm)
                              W. 3/16 in. (0.5 cm)
                              D. 1/8 in. (0.3 cm)
10.130.30128b: Ht. 9/16 in. (1.5 cm)
                              W. 3/16 in. (0.5 cm)
                              D. 1/8 in. (0.3 cm)
10.130.30128c: Ht. 9/16 in. (1.5 cm)
                              W. 3/16 in. (0.5 cm)
                              D. 1/8 in. (0.3 cm)",,Egypt,,,,,,,,,,Islamic Art,Metal,,False,True,https://www.metmuseum.org/art/collection/search/446091,https://images.metmuseum.org/CRDImages/is/original/sf10-130-3128abc.jpg,0,,,
443144,Bottle,Bottle,probably 18th–19th century,,,,"Glass; mold blown, applied decoration","H. 5 3/16 in. (13.2 cm)
Max. W. (including spout) 3 1/8 in. (7.9 cm)
Max. Diam. 2 11/16 in. (6.8 cm)",,probably Iran,,,,,,,,,,Islamic Art,Glass,,False,True,https://www.metmuseum.org/art/collection/search/443144,https://images.metmuseum.org/CRDImages/is/original/sf83-7-262a.jpg,0,,,
446703,Brocade,Brocade,16th century,,,,"Silk, metal wrapped threads; brocaded","H. 26 in. (66 cm)
W. 12 3/4 in. (32.4 cm)",,Turkey,,,Flowers,,,,,,,Islamic Art,Textiles-Brocades,,False,True,https://www.metmuseum.org/art/collection/search/446703,https://images.metmuseum.org/CRDImages/is/original/30238.jpg,0,,,
443406,Band Fragment with Mask and Lotus Flowers,Textile fragment,5th–7th century,,,,"Wool, linen; plain weave, tapestry weave","Max. H. 11 7/8 in. (30.2 cm)
Max. W. 1 in. (2.5 cm)",,Egypt,,,Masks|Lotuses,,,,,,,Islamic Art,Textiles,,False,True,https://www.metmuseum.org/art/collection/search/443406,https://images.metmuseum.org/CRDImages/is/original/sf89-18-201a.jpg,4,,,
457488,Coin,Coin,dated 191 AH/806 CE,,,,Copper,,,Iran,,Nishapur,,,,,,,,Islamic Art,Coins,,False,True,https://www.metmuseum.org/art/collection/search/457488,https://images.metmuseum.org/CRDImages/is/original/39.40.127.417a.JPG,1,,,
447472,Kufesque-Border Lattice Shirvan Rug,Carpet,late 19th century,,,,"Wool (warp, weft and pile); symmetrically knotted pile","H. 57 in. (144.8 cm)
W. 42 in. (106.7 cm)",,Azerbaijan,Shirvan,,,,,,,,,Islamic Art,Textiles-Rugs,,False,True,https://www.metmuseum.org/art/collection/search/447472,https://images.metmuseum.org/CRDImages/is/original/DP331440.jpg,19,,,
450739,Tuhfat al-Ahrar (The Gift to the Noble),Folio from a non-illustrated manuscript,1485–90,,,,"Ink, opaque watercolor, and gold on paper","H. 9 9/16 in. (24.3 cm)
W. 6 1/16 in. (15.4 cm)",,present-day Afghanistan,,probably Herat,Flowers|Calligraphy,Maulana Nur al-Din `Abd al-Rahman Jami,Author,Iranian,1414,1492,,Islamic Art,Codices,"Iranian, Jam 1414–92 Herat",False,True,https://www.metmuseum.org/art/collection/search/450739,https://images.metmuseum.org/CRDImages/is/original/sf46-178-1r.jpg,2,,https://www.wikidata.org/wiki/Q312458,(not assigned)
453263,Composite Elephant,Illustrated single work,early 17th century,,,,"Ink, opaque watercolor, and gold on paper","Page: 
       H. 9 11/16 in. (24.6 cm)
       W. 8 in. (20.3 cm)
Text box (recto): 
       H. 9 5/16 in. (23.7 cm)
       W. 5 11/16 in. (14.4 cm)",,India,Deccan,probably Golconda,Men|Women|Elephants|Dancers|Musicians,,,,,,,Islamic Art,Codices,,False,True,https://www.metmuseum.org/art/collection/search/453263,https://images.metmuseum.org/CRDImages/is/original/sf1985-247r.jpg,2,https://www.wikidata.org/wiki/Q117378149,,
742243,Stucco Fragment,Fragment,probably 8th–12th century,,,,Stucco; carved,"H. 1 in. (2.5 cm)
W. 13/16 in. (2 cm)
D. 13/16 in. (2 cm)",,Iran,,Nishapur,,,,,,,,Islamic Art,Stucco,,False,True,https://www.metmuseum.org/art/collection/search/742243,https://images.metmuseum.org/CRDImages/is/original/LC-N875-front.jpg,1,,,
449129,Ribbed Jar,Jar,11th–12th century,,,,Stonepaste; monochrome glaze,H. 7 7/8 in. (20 cm),,Iran,,Nishapur,,,,,,,,Islamic Art,Ceramics,,False,True,https://www.metmuseum.org/art/collection/search/449129,https://images.metmuseum.org/CRDImages/is/original/wb-37.40.18d.JPG,5,,,
444085,Textile Fragment,Textile fragment,5th–6th century,,,,"Wool, linen; tapestry weave","Max. H. 26 3/8 in. (67 cm)
Max. W. 3 3/4 in. (9.6 cm)",,Egypt,,,,,,,,,,Islamic Art,Textiles,,False,True,https://www.metmuseum.org/art/collection/search/444085,https://images.metmuseum.org/CRDImages/is/original/82847.jpg,0,,,
451519,Ceramic Fragment,Fragment,9th century,,,,"Earthenware; molded decoration, glazed",,,Saudi Arabia,,Dhahran,,,,,,,,Islamic Art,Ceramics,,False,True,https://www.metmuseum.org/art/collection/search/451519,https://images.metmuseum.org/CRDImages/is/original/sf60-23-22a.jpg,0,,,
451271,"""Red-Headed Vulture"", Folio from the Shah Jahan Album",Album leaf,recto and verso: early 19th century,,,,"Ink, opaque watercolor, and gold on paper","H. 15 1/8 in. (38.4 cm)
W. 10 1/4 in. (26 cm)",,India,,,Birds,,,,,,,Islamic Art,Codices,,False,True,https://www.metmuseum.org/art/collection/search/451271,https://images.metmuseum.org/CRDImages/is/original/DP246548.jpg,3,,,
457240,Coin,Coin,dated 37 AH?/98 CE ?,,,,Silver,"Ht. 15/16 in. (2.4 cm)
W. 15/16 in. (2.4 cm)
Th.1/16 in. (0.1 cm)",,Iran,,Nishapur,,,,,,,,Islamic Art,Coins,,False,True,https://www.metmuseum.org/art/collection/search/457240,https://images.metmuseum.org/CRDImages/is/original/39.40.127.168a.JPG,1,,,
456161,Capital,Capital,6th–7th century,,,,Limestone; carved in relief,"H. 7 1/2 in. (19 cm)
W. 12 5/8 in. (32 cm)
D. 9 13/16 in. (25 cm)",,Egypt,,Saqqara,,,,,,,,Islamic Art,Sculpture,,False,True,https://www.metmuseum.org/art/collection/search/456161,https://images.metmuseum.org/CRDImages/is/original/8760a.jpg,2,,,
447230,Lamp,Lamp,13th–14th century,,,,Earthenware; glazed,H. 4 1/8 in. (10.5 cm),,Syria,,,,,,,,,,Islamic Art,Ceramics,,False,True,https://www.metmuseum.org/art/collection/search/447230,https://images.metmuseum.org/CRDImages/is/original/sf20-120-156a.jpg,1,,,
452638,"""Rustam Lassos the Khaqan of Chin, Pulling him from his White Elephant"", Folio from a Shahnama (Book of Kings)",Folio from an illustrated manuscript,ca. 1330–40,,,,"Ink, opaque watercolor, gold, and silver on paper","Page: 
        H. 8 1/16 in. (20.5 cm)
        W. 5 1/4 in. (13.3 cm)
Painting: 
        H. 1 7/16 in. (3.7 cm)
        W. 4 3/16 in. (10.6 cm)",,Iran,,probably Isfahan,Men|Horses,Abu'l Qasim Firdausi,Author,Iranian,0935,1020,,Islamic Art,Codices,"Iranian, Paj ca. 940/41–1020 Tus",False,True,https://www.metmuseum.org/art/collection/search/452638,https://images.metmuseum.org/CRDImages/is/original/DP108562.jpg,1,,https://www.wikidata.org/wiki/Q43459,
741697,Stucco Fragment,Fragment,probably 8th–12th century,,,,Stucco; carved,"H. 1 3/8 in. (3.5 cm)
W. 1 in. (2.5 cm)
D. 13/16 in. (2 cm)",,Iran,,Nishapur,,,,,,,,Islamic Art,Stucco,,False,True,https://www.metmuseum.org/art/collection/search/741697,https://images.metmuseum.org/CRDImages/is/original/LC-N330-front.jpg,1,,,
451499,Ceramic Fragment,Fragment,9th–10th century,,,,Earthenware; unglazed,"H. 1 7/8 in. (4.8 cm)
W. 2 1/4 in. (5.7 cm)
D. 1 1/2 in. (3.8 cm)
Wt. 1.3 oz. (36.9 g)",,Saudi Arabia,,Dhahran,,,,,,,,Islamic Art,Ceramics,,False,True,https://www.metmuseum.org/art/collection/search/451499,https://images.metmuseum.org/CRDImages/is/original/sf60-23-2a.jpg,0,,,
452522,Beaker with Relief-cut Decoration,Beaker,9th–10th century,,,,"Glass, colorless; blown, cut","H. 5 1/2 in. (14 cm)
Diam. 4 9/16 in. (11.6 cm)
Wt. 4.1 oz. (116.2 g)",,Iran,,,,,,,,,,Islamic Art,Glass,,False,True,https://www.metmuseum.org/art/collection/search/452522,https://images.metmuseum.org/CRDImages/is/original/DP170395.jpg,7,https://www.wikidata.org/wiki/Q116280631,,
451495,Bracelet,Bracelet,12th century,,,,"Gold, fabricated from sheet, decorated with bitumen-highlighted incising, granulation, and repoussé, set with glazed quartz, ruby, garnet, and, originally, two other stones",Max. Diam: 3 in. (7.6 cm),,Iran,,,,,,,,,,Islamic Art,Jewelry,,False,True,https://www.metmuseum.org/art/collection/search/451495,https://images.metmuseum.org/CRDImages/is/original/DT241451.jpg,9,,,
443163,Bowl,Bowl,19th century,,,,Plated base metal,"H. 11/16 in. (1.7 cm)
W. 6 3/8 in. (16.2 cm)
Diam.3 13/16 in. (9.7 cm)",,,,,,,,,,,,Islamic Art,Reproductions,,False,True,https://www.metmuseum.org/art/collection/search/443163,https://images.metmuseum.org/CRDImages/is/original/wb-85.12.22b.JPG,1,,,
445400,Ceramic Fragment,Fragment,14th–15th century,,,,Stonepaste; polychrome painted under transparent glaze,,,Egypt,,,,,,,,,,Islamic Art,Ceramics,,False,True,https://www.metmuseum.org/art/collection/search/445400,https://images.metmuseum.org/CRDImages/is/original/sf08-256-97a.jpg,0,,,
448286,Textile Fragment,Textile fragment,10th century,,,,"Linen, silk; plain weave, tapestry woven","L. 15 in. (38.1 cm)
W. 29 3/4 in. (75.6 cm)",,Egypt,,Cairo,,,,,,,,Islamic Art,Textiles-Woven,,False,True,https://www.metmuseum.org/art/collection/search/448286,https://images.metmuseum.org/CRDImages/is/original/77246.jpg,0,,,
443280,Textile Fragment,Textile fragment,3rd–4th century,,,,"Wool, linen; plain weave, tapestry weave","Max. H. 8 3/8 in. (21.2 cm)
Max. W. 5 1/2 in. (14 cm)",,Egypt,,,,,,,,,,Islamic Art,Textiles,,False,True,https://www.metmuseum.org/art/collection/search/443280,https://images.metmuseum.org/CRDImages/is/original/68743.jpg,0,,,
450040,Spindle Whorl,Spindle whorl,9th–10th century,,,,"Bone; tinted, incised, and inlaid with paint","H. 5/16 in. (0.8 cm) 
Diam. 7/8 in. (2.2 cm)",,Iran,,Nishapur,,,,,,,,Islamic Art,Ivories and Bone,,False,True,https://www.metmuseum.org/art/collection/search/450040,https://images.metmuseum.org/CRDImages/is/original/sf40-170-363a.jpg,0,https://www.wikidata.org/wiki/Q116256505,,
457598,Coin,Coin,dated 131 AH/749 CE,,,,Copper,,,Iran,,Nishapur,,,,,,,,Islamic Art,Coins,,False,True,https://www.metmuseum.org/art/collection/search/457598,https://images.metmuseum.org/CRDImages/is/original/39.40.127.528a.JPG,1,,,
443462,Textile Fragment,Textile fragment,5th–6th century,,,,"Wool, linen; plain weave, tapestry weave (?)","Max. H. 18 1/4 in. (46.6 cm)
Max. W. 18 1/4 in. (46.6 cm)",,Egypt,,,,,,,,,,Islamic Art,Textiles,,False,True,https://www.metmuseum.org/art/collection/search/443462,https://images.metmuseum.org/CRDImages/is/original/80258.jpg,0,,,
444815,Rosewater Sprinkler,Bottle,late 18th–19th century,,,,Glass; blown,"H. 7 3/16 in. (18.2 cm)
Max. Diam. in. 2 13/16in. (7.2 cm)",,Turkey,,"Beykoz, Istanbul",,,,,,,,Islamic Art,Glass,,False,True,https://www.metmuseum.org/art/collection/search/444815,https://images.metmuseum.org/CRDImages/is/original/DP252018.jpg,2,,,
453413,Bottle,Bottle,probably 18th–19th century,,,,"Glass; free blown and applied, tooled on the pontil","H. 9 in. (23.0 cm)
W. 6 1/2 in. (16.5 cm)
D. 2 1/2 in. (6.5 cm)",,Iran,,probably Shiraz,,,,,,,,Islamic Art,Glass,,False,True,https://www.metmuseum.org/art/collection/search/453413,https://images.metmuseum.org/CRDImages/is/original/sf1997-358b.jpg,3,,,
447505,Yamut Carpet with Octagonal Guls,Carpet,probably early 19th century,,,,"Wool (warp, weft and pile); asymmetrical knotted pile","H. 97 in. (246.4 cm)
W. 57 in. (144.8 cm)",,Western Turkmenistan,Central Asia,,,,,,,,,Islamic Art,Textiles-Rugs,,False,True,https://www.metmuseum.org/art/collection/search/447505,https://images.metmuseum.org/CRDImages/is/original/TP292.jpg,2,,,
447941,Textile Panel with Birds amid Flowering Vines,Textile panel,first half 17th century,,,,"Silk, metal wrapped thread; taqueté","Textile: L. 38 1/2 in. (97.8 cm)
              W. 28 3/4 in. (73 cm)
Mount: H. 44 in. (111.8 cm)
             W. 33 1/4 in. (84.5 cm)
            Wt. 30 lbs. (13.6 kg)",,Iran,,,Birds|Flowers,,,,,,,Islamic Art,Textiles-Woven,,False,True,https://www.metmuseum.org/art/collection/search/447941,https://images.metmuseum.org/CRDImages/is/original/DP267486.jpg,6,,,
451133,Ceramic Fragment,Fragment,9th century,,,,Earthenware; unglazed,"H.  2 5/8 in. (6.7 cm)
W. 3 5/8 in. (9.2 cm)",,Iraq,,Basra,,,,,,,,Islamic Art,Ceramics,,False,True,https://www.metmuseum.org/art/collection/search/451133,https://images.metmuseum.org/CRDImages/is/original/sf52-130-14a.jpg,1,,,
445787,Roundel,Roundel,4th–5th century,,,,"Linen, wool; tapestry weave","H. 4 1/4 in. (10.8 cm)
W. 3 in. (7.6 cm)",,Egypt,,,,,,,,,,Islamic Art,Textiles,,False,True,https://www.metmuseum.org/art/collection/search/445787,https://images.metmuseum.org/CRDImages/is/original/87647.jpg,0,,,
443136,Ewer,Ewer,probably 18th–19th century,,,,"Glass; blown with applied decoration, tooled on the pontil, cold-painted","H. 7 1/2 in. (19.1 cm)
Max. W. (including spout)  5 5/16 in. (13.5 cm)
Max. Diam. 3 3/4 in. (9.5 cm)",,Iran,,,,,,,,,,Islamic Art,Glass,,False,True,https://www.metmuseum.org/art/collection/search/443136,https://images.metmuseum.org/CRDImages/is/original/sf83-7-248a.jpg,0,,,
442884,Coin Weight,Coin weight,11th century,,,,Glass,"H. 1/8 in. (0.3 cm)
Diam. 1 1/8 in. (2.9 cm)
Wt. 0.15 oz. (4.25 g)",,Egypt,,,,,,,,,,Islamic Art,Glass,,False,True,https://www.metmuseum.org/art/collection/search/442884,https://images.metmuseum.org/CRDImages/is/original/sf-x-165-10.jpg,0,,,
741612,Stucco Fragment,Fragment,probably 8th–12th century,,,,Stucco; carved,"H. 1 3/16 in. (3 cm)
W. 1 in. (2.5 cm)
D. 13/16 in. (2 cm)",,Iran,,Nishapur,,,,,,,,Islamic Art,Stucco,,False,True,https://www.metmuseum.org/art/collection/search/741612,https://images.metmuseum.org/CRDImages/is/original/LC-N245-front.jpg,1,,,
450567,Strip,Strip,18th century,,,,Linen; embroidered with silk,"H. 80 in. (203.2 cm)
W. 31 1/2 in. (80 cm)",,Morocco,,,,,,,,,,Islamic Art,Textiles-Embroidered,,False,True,https://www.metmuseum.org/art/collection/search/450567,https://images.metmuseum.org/CRDImages/is/original/135423.jpg,0,,,
454489,Textile Fragment,Textile fragment,17th century,,,,silk,"H. 14 in. (35.6 cm)
W. 12 5/8 in. (32.1 cm)",,Turkey,,,,,,,,,,Islamic Art,Textiles,,False,True,https://www.metmuseum.org/art/collection/search/454489,https://images.metmuseum.org/CRDImages/is/original/Tr.20.580.2002.JPG,1,,,
453374,Folio from a Qur'an Manuscript,Folio from a non-illustrated manuscript,dated 531 AH/1137 CE,,,,"Ink, gold, and opaque watercolor on paper","H. 7 11/16 in. (19.5 cm)
W. 5 1/8 in. (13 cm)",,Iran,,,Qur'an|Calligraphy,Muhammad al-Zanjani,Calligrapher,Iranian,,,,Islamic Art,Codices,Iranian,False,True,https://www.metmuseum.org/art/collection/search/453374,https://images.metmuseum.org/CRDImages/is/original/sf1996-294-3r.jpg,1,,,
741898,Stucco Fragment,Fragment,probably 8th–12th century,,,,"Stucco; carved, painted","H. 1 9/16 in. (4 cm)
W. 1 3/16 in. (3 cm)
D. 9/16 in. (1.5 cm)",,Iran,,Nishapur,,,,,,,,Islamic Art,Stucco,,False,True,https://www.metmuseum.org/art/collection/search/741898,https://images.metmuseum.org/CRDImages/is/original/LC-N531-front.jpg,1,,,
448572,Shawl with Coptic Inscriptions,Textile fragment,9th–10th century,,,,"Wool, linen; plain weave, tapestry weave","Textile: L. 22 3/4 in. (57.8 cm)
            W. 12 1/2 in. (31.7 cm)
Mount: H. 46 1/8 in. (117.2 cm)
            W. 32 in. (81.3 cm)
            D. 1 3/4 in. (4.4 cm)",,Egypt,Fayum,,,,,,,,,Islamic Art,Textiles-Woven,,False,True,https://www.metmuseum.org/art/collection/search/448572,https://images.metmuseum.org/CRDImages/is/original/DP242058.jpg,9,https://www.wikidata.org/wiki/Q116275911,,
448432,Bottle,Bottle,first half 18th century,,,,Stonepaste; painted under transparent  glaze,"Ht. 11 in. (27.9 cm)
Diam. 9 in. (22.96 cm)",,Iran,,,Flowers,,,,,,,Islamic Art,Ceramics,,False,True,https://www.metmuseum.org/art/collection/search/448432,https://images.metmuseum.org/CRDImages/is/original/wb-30.95.161.JPG,10,,,
741123,Stucco Fragment,Fragment,probably 8th–12th century,,,,"Stucco (mortar); carved, painted","H. 5 11/16 in. (14.5 cm)
W. 3 3/8 in. (8.5 cm)
D. 13/16 in. (2 cm)",,Iran,,Nishapur,,,,,,,,Islamic Art,Stucco,,False,True,https://www.metmuseum.org/art/collection/search/741123,https://images.metmuseum.org/CRDImages/is/original/LC-N1322-front.jpg,1,,,
446143,Fragment from a Frieze with Acanthus-Leaf Wheels,Frieze fragment,6th century,,,,Limestone; carved in relief,,,Egypt,,Bawit,,,,,,,,Islamic Art,Sculpture,,False,True,https://www.metmuseum.org/art/collection/search/446143,https://images.metmuseum.org/CRDImages/is/original/9068.jpg,1,https://www.wikidata.org/wiki/Q116409290,,
445811,Band Fragment,Band fragment,4th–5th century,,,,"Linen, wool; tapestry weave","H. 4 in. (10.2 cm)
W. 3 3/4in. (9.5 cm)",,Egypt,,,,,,,,,,Islamic Art,Textiles,,False,True,https://www.metmuseum.org/art/collection/search/445811,https://images.metmuseum.org/CRDImages/is/original/LC-09_50_1780.jpg,1,,,
449030,Inkwell with Lid,Inkwell with cover,13th century,,,,Bronze; inlaid with silver and copper,"Overall: Inkwell + cover together: 
  H. 3 7/8 in. (9.8 cm)
  Diam. 3 1/2 in. (8.9 cm)
  Wt. 20.7 oz. (586.9 g)
Base: 35.128a:
  H. 2 1/4 in. (5.7 cm)
  Diam. 3 1/4 in. (8.3 cm)
  Wt. 14.5 oz. (411.1 g)
Cover: 35.128b:
  H. 2 in. (5.1 cm)
  Diam. 3 7/16 in. (8.7 cm)
  Wt. 6.2 oz. (175.8 g)",,Iran,Khurasan,,,,,,,,,Islamic Art,Metal,,False,True,https://www.metmuseum.org/art/collection/search/449030,https://images.metmuseum.org/CRDImages/is/original/35.128.3(side2).jpg,2,,,
452913,Textile Fragment,Textile fragment,probably 15th–16th century,,,,"Cotton; plain weave, stamp resist dyed","Textile: 
             H. 8 1/16 in. (20.5 cm)
             W. 5 1/16 in. (13.5 cm)
Mount: 
             H.11 1/8 in (28.3 cm)
             W. 14 1/4 in (36.2 cm)",,India,,probably Ahmadabad,,,,,,,,Islamic Art,Textiles-Painted and/or Printed,,False,True,https://www.metmuseum.org/art/collection/search/452913,https://images.metmuseum.org/CRDImages/is/original/wb-1978.546.51bb.JPG,1,,,
444279,Textile Fragment,Textile fragment,3rd–4th century,,,,"Wool, linen; plain weave, tapestry weave","Max. H. 26 7/16 in. (67.2 cm)
Max. W. 2 3/8 in. (6 cm)",,Egypt,,,,,,,,,,Islamic Art,Textiles,,False,True,https://www.metmuseum.org/art/collection/search/444279,https://images.metmuseum.org/CRDImages/is/original/77820.jpg,0,,,
741735,Stucco Fragment,Fragment,probably 8th–12th century,,,,Stucco; carved,"H. 1 3/16 in. (3 cm)
W. 13/16 in. (2 cm)
D. 9/16 in. (1.5 cm)",,Iran,,Nishapur,,,,,,,,Islamic Art,Stucco,,False,True,https://www.metmuseum.org/art/collection/search/741735,https://images.metmuseum.org/CRDImages/is/original/LC-N368-front.jpg,1,,,
446753,Necklace,Necklace,18th–19th century,,,,"Gold, jewels","Ht. 9 1/16 in. (23 cm)
W. 6 5/16 in. (16 cm)
D. 3/8 in. (1 cm)",,probably Central India,,,,,,,,,,Islamic Art,Jewelry,,False,True,https://www.metmuseum.org/art/collection/search/446753,https://images.metmuseum.org/CRDImages/is/original/15.95.59.jpg,3,,,
449404,Jug,Jug,late 8th–early 9th century,,,,"Earthenware; slip covered and incised, unglazed",,,Iran,,Nishapur,,,,,,,,Islamic Art,Ceramics,,False,True,https://www.metmuseum.org/art/collection/search/449404,https://images.metmuseum.org/CRDImages/is/original/sf38-40-194a.jpg,0,,,
452896,Talismanic Scroll,Scroll,11th century,,,,Ink on paper; block printed,"H. 5 1/4 in. (13.3 cm)
W. 3 1/8 in. (7.9 cm)",,Egypt,,,,,,,,,,Islamic Art,Codices,,False,True,https://www.metmuseum.org/art/collection/search/452896,https://images.metmuseum.org/CRDImages/is/original/ISL30.jpg,3,,,
447778,Brocade,Brocade,17th–18th century,,,,Silk metal wrapped thread; brocaded,"H. 25 in. (63.5 cm)
W. 13 1/8 in. (33.4 cm)",,Iran,,,,,,,,,,Islamic Art,Textiles-Brocades,,False,True,https://www.metmuseum.org/art/collection/search/447778,https://images.metmuseum.org/CRDImages/is/original/DP17834.jpg,1,,,
450820,Bead,Bead,probably 8th–12th century,,,,Ivory (?),"Ht. 1/4 in. (0.7 cm)
W. 1/4 in. (0.7 cm)
D.1/4 in. (0.7 cm)",,Iran,,Nishapur,,,,,,,,Islamic Art,Ivories and Bone,,False,True,https://www.metmuseum.org/art/collection/search/450820,https://images.metmuseum.org/CRDImages/is/original/AD-48.101.74(2).jpg,1,,,
448116,Textile Fragment,Textile fragment,12th century,,,,Linen and silk,"L. 3 1/2 in. (8.9 cm)
W. 4 1/4 in. (10.8 cm)",,Egypt,,Fustat,,,,,,,,Islamic Art,Textiles-Woven,,False,True,https://www.metmuseum.org/art/collection/search/448116,https://images.metmuseum.org/CRDImages/is/original/69169.jpg,0,,,
447652,Fragment of Porcelaneous Ware,Ceramic fragment,9th century,,,,Porcelaneous ware with clear glaze,"H. 3/4 in. (1.9 cm)
W. 4 5/8 in. (11.7 cm)
D. 2 11/16 in. (6.8 cm)
Wt. 2.1 oz. (59.5 g)",,Iraq,,Samarra,,,,,,,,Islamic Art,Ceramics,,False,True,https://www.metmuseum.org/art/collection/search/447652,https://images.metmuseum.org/CRDImages/is/original/sf23-75-20a.jpg,2,,,
449179,Rod or Bobbin,Rod or bobbin,5th–8th century,,,,Bone; carved,"H. 1 15/16 in. (5 cm)
Diam. 1/4 in. (0.6 cm)",,Palestine,,Sbaita,,,,,,,,Islamic Art,Ivories and Bone,,False,True,https://www.metmuseum.org/art/collection/search/449179,https://images.metmuseum.org/CRDImages/is/original/sf37-75-18a.jpg,0,,,
741556,Stucco Fragment,Fragment,probably 8th–12th century,,,,"Stucco; carved, painted","H. 1 15/16 in. (5 cm)
W. 1 3/4 in. (4.5 cm)
D. 13/16 in. (2 cm)",,Iran,,Nishapur,,,,,,,,Islamic Art,Stucco,,False,True,https://www.metmuseum.org/art/collection/search/741556,https://images.metmuseum.org/CRDImages/is/original/LC-N189-front.jpg,1,,,
741261,Stucco Fragment,Fragment,probably 8th–12th century,,,,"Stucco; carved, painted",L 2 x W 1.5 x H 1.5,,Iran,,Nishapur,,,,,,,,Islamic Art,Stucco,,False,True,https://www.metmuseum.org/art/collection/search/741261,https://images.metmuseum.org/CRDImages/is/original/LC-N1449-front.jpg,1,,,
449273,Button or Bead,Button or bead,9th–10th century,,,,"Bone; tinted, incised, and inlaid with paint","H. 3/16 in. (0.5 cm) 
Diam. 3/4 in. (1.9 cm)",,Iran,,Nishapur,,,,,,,,Islamic Art,Ivories and Bone,,False,True,https://www.metmuseum.org/art/collection/search/449273,https://images.metmuseum.org/CRDImages/is/original/sf38-40-59z.jpg,1,,,
446204,Mina'i Bowl with Abstract Pattern,Bowl,second half 12th–early 13th century,,,,Stonepaste; polychrome inglaze and overglaze painted on opaque monochrome glaze (mina'i),"H. 2 5/8 in. (6.7 cm)
Diam. 6 1/4 in. (15.9 cm)",,Iran,,,,,,,,,,Islamic Art,Ceramics,,False,True,https://www.metmuseum.org/art/collection/search/446204,https://images.metmuseum.org/CRDImages/is/original/wb-12.49.1.JPG,6,https://www.wikidata.org/wiki/Q116242761,,
444123,Textile Fragment,Textile fragment,5th–6th century,,,,"Wool, linen; plain weave, tapestry weave","Max. H. 3 15/16 in. (10 cm)
Max. W. 3 7/8 in. (9.8 cm)",,Egypt,,,,,,,,,,Islamic Art,Textiles,,False,True,https://www.metmuseum.org/art/collection/search/444123,https://images.metmuseum.org/CRDImages/is/original/sf90-5-644a.jpg,1,,,
457180,Coin,Coin,dated 37 AH?/98 CE ?,,,,Silver,"Ht. 1 1/8 in. (2.8 cm)
W. 1 in. (2.6 cm)
Th.  1/16 in. (0.1 cm)",,,,al-Muhammadiyyeh,,,,,,,,Islamic Art,Coins,,False,True,https://www.metmuseum.org/art/collection/search/457180,https://images.metmuseum.org/CRDImages/is/original/39.40.127.108a.JPG,1,,,
741590,Stucco Fragment,Fragment,probably 8th–12th century,,,,Stucco; carved,"H. 1 3/16 in. (3 cm)
W. 13/16 in. (2 cm)
D. 13/16 in. (2 cm)",,Iran,,Nishapur,,,,,,,,Islamic Art,Stucco,,False,True,https://www.metmuseum.org/art/collection/search/741590,https://images.metmuseum.org/CRDImages/is/original/LC-N223-front .jpg,1,,,
448498,Panel,Panel,10th century,,,,Wood; carved,"H. 34 1/2 in. (87.6 cm)
W. 6 in. (15.2 cm)",,Egypt,,,,,,,,,,Islamic Art,Wood,,False,True,https://www.metmuseum.org/art/collection/search/448498,https://images.metmuseum.org/CRDImages/is/original/30.112.2-D.jpg,0,,,
457126,Coin,Coin,dated 377 AH/987 CE,,,,Silver,"Ht. 1 1/8 in. (2.9 cm)
W. 1 1/8 in. (2.9 cm)
Th. 1/16 in. (0.1 cm)",,Iran,,Nishapur,,,,,,,,Islamic Art,Coins,,False,True,https://www.metmuseum.org/art/collection/search/457126,https://images.metmuseum.org/CRDImages/is/original/39.40.127.54b.JPG,1,,,
445878,Textile Fragment,Textile fragment,19th century,,,,"Silk and metal wrapped thread; satin weave, brocaded (kincob)","H. 4 5/8 in. (11.8 cm)
W. 2 1/8 in. (5.4 cm)",,India,,Varanasi,Flowers,,,,,,,Islamic Art,Textiles-Woven,,False,True,https://www.metmuseum.org/art/collection/search/445878,https://images.metmuseum.org/CRDImages/is/original/DP17620.jpg,2,,,
453486,Bead,Bead,7th–8th century,,,,Glass; blown,"Ht. 3/4 in. (1.9 cm)
Diam. 11/16 in. (1.7 cm)
Wt. 0.34 oz. (9.6 g)",,Iraq,,Ctesiphon,,,,,,,,Islamic Art,Glass,,False,True,https://www.metmuseum.org/art/collection/search/453486,https://images.metmuseum.org/CRDImages/is/original/sf32-150-221a.jpg,0,,,
455069,Ceramic Fragment,Fragment,13th century,,,,Stonepaste; luster-painted,"H. 1 3/8 in. (3.5 cm)
W. 1 1/8 in. (2.9 cm)
D. 5/16 in. (0.8 cm)
Wt. 0.2 oz. (5.7 g)",,Syria,,,,,,,,,,Islamic Art,Ceramics,,False,True,https://www.metmuseum.org/art/collection/search/455069,https://images.metmuseum.org/CRDImages/is/original/sf08-184-61b.jpg,2,,,
457299,Coin,Coin,dated 153 AH/770 CE,,,,Copper,"Ht. 3/4 in. (1.9 cm)
W. 13/16 in. (2.1 cm)
Th.1/16 in. (0.1 cm)",,Iran,,Nishapur,,,,,,,,Islamic Art,Coins,,False,True,https://www.metmuseum.org/art/collection/search/457299,https://images.metmuseum.org/CRDImages/is/original/39.40.127.227a.JPG,1,,,
742171,Stucco Fragment,Fragment,probably 8th–12th century,,,,"Stucco; carved, painted","H. 2 3/16 in. (5.5 cm)
W. 13/16 in. (2 cm)
D. 9/16 in. (1.5 cm)",,Iran,,Nishapur,,,,,,,,Islamic Art,Stucco,,False,True,https://www.metmuseum.org/art/collection/search/742171,https://images.metmuseum.org/CRDImages/is/original/LC-N803-front.jpg,1,,,
447689,Hanging,Hanging,early 19th century,,,,"Cotton, silk; embroidered","H. 93 in. (236.2 cm)
W. 79 1/2 in. (201.9 cm)",,Morocco,,Rabat,,,,,,,,Islamic Art,Textiles-Embroidered,,False,True,https://www.metmuseum.org/art/collection/search/447689,https://images.metmuseum.org/CRDImages/is/original/54266.jpg,0,,,
443218,Textile Fragment,Textile fragment,4th–5th century,,,,"Wool, linen; plain weave, weft loop weave","H. 5 7/8 in. (15 cm)
W. 49 3/16 in. (125 cm)",,Egypt,,,,,,,,,,Islamic Art,Textiles,,False,True,https://www.metmuseum.org/art/collection/search/443218,https://images.metmuseum.org/CRDImages/is/original/DP17790.jpg,1,,,
450249,Ceramic Fragment,Fragment,9th century,,,,Earthenware; slip covered and unglazed,"Ht. 2 3/8 in. (6 cm)
W. 2 5/8 in. (6.7 cm)
D. 1/2 in. (1.3 cm)",,Iran,,Nishapur,,,,,,,,Islamic Art,Ceramics,,False,True,https://www.metmuseum.org/art/collection/search/450249,https://images.metmuseum.org/CRDImages/is/original/LC-40_170_585.jpg,1,,,
454718,Two Sides of a Bengal River Fish,Illustrated single work,ca. 1804,,,,"Pencil, opaque watercolor, and gold on paper","Painting: H. 15 1/16 (38.3 cm)
                 W. 21 1/8 in. (53.7 cm)
Mat (Standard frame C): H. 22 1/4 (56.5 cm)
                                            W. 28 1/8 in. (71.4 cm)",,India,,Calcutta,Fish,,,,,,,Islamic Art,Codices,,False,True,https://www.metmuseum.org/art/collection/search/454718,https://images.metmuseum.org/CRDImages/is/original/DP273278.jpg,1,https://www.wikidata.org/wiki/Q96319105,,
741794,Stucco Fragment,Fragment,probably 8th–12th century,,,,Stucco; carved; painted,"H. 2 3/8 in. (6 cm)
W. 1 9/16 in. (4 cm)
D. 13/16 in. (2 cm)",,Iran,,Nishapur,,,,,,,,Islamic Art,Stucco,,False,True,https://www.metmuseum.org/art/collection/search/741794,https://images.metmuseum.org/CRDImages/is/original/LC-N427-front.jpg,1,,,
451704,Tray,Tray,18th century,,,,"Brass (or silver-gilt?), niello","H. 15/16 in. (2.4 cm)
W. 3 9/16 in. (9 cm)
D. 2 5/8 in. (6.7 cm)
Wt. 2.1 oz. (59.5 g)",,,Central Asia,,Flowers,,,,,,,Islamic Art,Metal,,False,True,https://www.metmuseum.org/art/collection/search/451704,https://images.metmuseum.org/CRDImages/is/original/sf63-86-1a.jpg,0,,,
446902,Jar,Jar,14th century,,,,Stonepaste; underglaze painted,"Ht. 13 3/4 in. (35 cm)
Diam. 9 1/16 in. (23 cm)",,Iran,,,,,,,,,,Islamic Art,Ceramics,,False,True,https://www.metmuseum.org/art/collection/search/446902,https://images.metmuseum.org/CRDImages/is/original/sf17-120-30a.jpg,1,,,
86195,Trousers,Trousers,19th century,,,,Silk; mirror embroidered,"Overall: L. 35 in. (88.9 cm)
               W. 36 in. (91.4 cm)",,India,,,,,,,,,,Islamic Art,Main dress-Womenswear,,False,True,https://www.metmuseum.org/art/collection/search/86195,https://images.metmuseum.org/CRDImages/is/original/CI50.16.7_S.jpg,0,,,
740947,Stucco Fragment,Fragment,probably 8th–12th century,,,,Stucco; carved,"H. 3 9/16 in. (9 cm)
W. 1 3/16 in. (3 cm)
D. 1 in. (2.5 cm)",,Iran,,Nishapur,,,,,,,,Islamic Art,Stucco,,False,True,https://www.metmuseum.org/art/collection/search/740947,https://images.metmuseum.org/CRDImages/is/original/LC-N1160-front.jpg,1,,,
446005,Padlock,Padlock,18th century,,,,Brass; cast,"H. 4 1/8 in. (10.5 cm)
W. 2 in. (5.1 cm)
D. 1 1/4 in. (3.2 cm)
Wt. 4.4 oz. (124.8 g)",,India or Iran,,,Men,,,,,,,Islamic Art,Metal,,False,True,https://www.metmuseum.org/art/collection/search/446005,https://images.metmuseum.org/CRDImages/is/original/sf10-100-165a.jpg,1,,,
448631,Textile Fragment,Textile fragment,10th century,,,,Linen; embroidered in silk,"L. 7 in. (17.8 cm)
W. 15 3/4 in. (40 cm)",,Egypt,,,Arabic,,,,,,,Islamic Art,Textiles-Embroidered,,False,True,https://www.metmuseum.org/art/collection/search/448631,https://images.metmuseum.org/CRDImages/is/original/85769.jpg,0,,,
453987,Section from a Qur'an Manuscript,Section from a non-illustrated manuscript,late 14th–early 15th century (before 1405),,,,"Ink, opaque watercolor, and gold on paper","H. 28 7/8 in. (73.3 cm)
W. 42 1/4 in. (107.3 cm)",,present-day Uzbekistan,,Samarqand,Arabic|Qur'an|Calligraphy,`Umar Aqta',Calligrapher,,,,,Islamic Art,Codices,,False,True,https://www.metmuseum.org/art/collection/search/453987,https://images.metmuseum.org/CRDImages/is/original/DP238064.jpg,2,https://www.wikidata.org/wiki/Q116273982,https://www.wikidata.org/wiki/Q109119940,http://vocab.getty.edu/page/ulan/500372298
450147,Ceamic Fragment,Fragment,9th century,,,,"Earthenware; white slip, incised and splashed with polychrome glazes under transparent glaze (sgraffito ware)","H. 3 3/8 in. (8.5 cm)
W. 2 3/8 in. (6 cm)
D. 5/8 in. (1.6 cm)
Wt. 1.6 oz. (45.4 g)",,Iran,,Nishapur,,,,,,,,Islamic Art,Ceramics,,False,True,https://www.metmuseum.org/art/collection/search/450147,https://images.metmuseum.org/CRDImages/is/original/LC-40_170_477-TOP_WA.jpg,2,,,
445744,Fragment of a Band,Band fragment,3rd–4th century,,,,"Linen, wool; tapestry weave","H. 6 3/4 in. (17.1 cm)
W. 3 1/2 in. (8.9 cm)",,Egypt,,,,,,,,,,Islamic Art,Textiles,,False,True,https://www.metmuseum.org/art/collection/search/445744,https://images.metmuseum.org/CRDImages/is/original/73665.jpg,0,,,
446637,Polonaise Carpet,Carpet,17th century,,,,"Silk (warp, weft and pile), metal wrapped thread; asymmetrically knotted pile, brocaded","H. 104 in. (264.2 cm)
W. 58 in. (147.3 cm)",,Iran,,,,,,,,,,Islamic Art,Textiles-Rugs,,False,True,https://www.metmuseum.org/art/collection/search/446637,https://images.metmuseum.org/CRDImages/is/original/SC152667.jpg,5,,,
449519,Plaque,Plaque,7th–8th century,,,,Bone; carved with remains of paint,"H. 5 13/16 in. (14.8 cm)
W. 1 7/8 in. (4.8 cm) 
D. 7/8 in. (2.2 cm)",,Egypt,,,,,,,,,,Islamic Art,Ivories and Bone,,False,True,https://www.metmuseum.org/art/collection/search/449519,https://images.metmuseum.org/CRDImages/is/original/DP347871.jpg,2,,,
452001,Dish,Dish,12th–13th century,,,,Stonepaste; luster-painted,,,Iran,,Rayy,Birds,,,,,,,Islamic Art,Ceramics,,False,True,https://www.metmuseum.org/art/collection/search/452001,https://images.metmuseum.org/CRDImages/is/original/sf68-215-8b.jpg,2,,,
454617,Fragment of a Bowl,Fragment,9th–10th century,,,,Porcelain,"H. 3 1/8 in. (8.1 cm)
W. 2 in. (5.1 cm)",,China,,,,,,,,,,Islamic Art,Ceramics,,False,True,https://www.metmuseum.org/art/collection/search/454617,https://images.metmuseum.org/CRDImages/is/original/40.170.456h.JPG,0,,,
451126,Fragment of a Bowl,Bowl fragment,9th century,,,,Earthenware; glazed,"H.  4 15/16 in. (12.5 cm)
W. 5 7/8 in. (15 cm)
D. 15/16 in. (2.4 cm)",,Iraq,,Basra,,,,,,,,Islamic Art,Ceramics,,False,True,https://www.metmuseum.org/art/collection/search/451126,https://images.metmuseum.org/CRDImages/is/original/sf52-130-8c.JPG,0,,,
451869,Bowl,Bowl,17th century,,,,Stonepaste; painted in blue under transparent glaze,"H. 4 in. (10.2 cm)
Diam. 8 1/2 in. ( 21.6 cm)",,Iran,,,Flowers,,,,,,,Islamic Art,Ceramics,,False,True,https://www.metmuseum.org/art/collection/search/451869,https://images.metmuseum.org/CRDImages/is/original/sf66-107-5d.jpg,2,,,
446299,Basin,Basin,18th–19th century,,,,"Zinc alloy; cast, engraved, inlaid with silver (bidri ware)","H. 6 1/2 in. (16.5 cm)
Diam. 13 1/2 in. (34.3 cm)",,India,,,,,,,,,,Islamic Art,Metal,,False,True,https://www.metmuseum.org/art/collection/search/446299,https://images.metmuseum.org/CRDImages/is/original/sf13-173-45b.JPG,1,,,
444462,Tile from a Frieze,Tile,second half 13th century,,,,"Stonepaste; overglaze luster-painted, molded","H. 15 7/8 in. (40.3 cm)
W. 16 in. (40.6 cm)",,Iran,,,,,,,,,,Islamic Art,Ceramics-Tiles,,False,True,https://www.metmuseum.org/art/collection/search/444462,https://images.metmuseum.org/CRDImages/is/original/DP-34216-001.jpg,3,,,
445000,Tiles,Tiles,first half 17th century,,,,Stonepaste; painted and glazed,"Overall panel if mounted: H. 21 in. (53.3 cm)
                                              W. 18 1/2 in. (47 cm)
                                              D. 1 3/16 in. (3 cm)
Tile A: Ht. 9 7/16 in. (24 cm)
            W. 9 5/16 in. (23.7 cm)
            D. 1 3/16 in. ( 3 cm)
Tile B: Ht.  9 7/16 in. (24 cm)
            W. 9 7/16 in. (24 cm)
            D. 1 3/16 in. (3 cm)
Tile C: Ht. 11 9/16 in. (29.4 cm)
           W. 9 1/4 in. (23.5 cm)
           D. 1 3/16 in. (3 cm)
Tile D: Ht. 11 9/16 in. (29.4 cm)
            W. 9 5/16 in. (23.7 cm)
             D. 1 3/16 in. (3 cm)",,Syria,,,Flowers,,,,,,,Islamic Art,Ceramics-Tiles,,False,True,https://www.metmuseum.org/art/collection/search/445000,https://images.metmuseum.org/CRDImages/is/original/sf07-190-19.jpg,2,,,
741194,Stucco Fragment,Fragment,probably 8th–12th century,,,,"Stucco (mortar); carved, painted",L 13 x W 11x H4,,Iran,,Nishapur,,,,,,,,Islamic Art,Stucco,,False,True,https://www.metmuseum.org/art/collection/search/741194,https://images.metmuseum.org/CRDImages/is/original/LC-N1388-front.jpg,1,,,
741889,Stucco Fragment,Fragment,probably 8th–12th century,,,,Stucco; carved,"H. 2 9/16 in. (6.5 cm)
W. 1 3/8 in. (3.5 cm)
D. 1 in. (2.5 cm)",,Iran,,Nishapur,,,,,,,,Islamic Art,Stucco,,False,True,https://www.metmuseum.org/art/collection/search/741889,https://images.metmuseum.org/CRDImages/is/original/LC-N522-front.jpg,1,,,
451285,'Unwan from the Shah Jahan Album,Album leaf,recto: ca. 1630–40; verso: ca. 1540,,,,"Ink, opaque watercolor, and gold on paper","H. 15 1/4 in. (38.7 cm)
W. 10 3/8 in. (26.4 cm)",,India,,,Calligraphy,Mir 'Ali Haravi,Calligrapher,,1525,1575,,Islamic Art,Codices,died ca. 1550,False,True,https://www.metmuseum.org/art/collection/search/451285,https://images.metmuseum.org/CRDImages/is/original/DP247730.jpg,6,,,
451189,Fragments of Polychrome Luster Vessels,Fragments,9th century,,,,Earthenware; polychrome luster-painted,,,Iraq,,Samarra,,,,,,,,Islamic Art,Ceramics,,False,True,https://www.metmuseum.org/art/collection/search/451189,https://images.metmuseum.org/CRDImages/is/original/sf54-71-2a.jpg,0,,,
446871,Textile Fragment,Textile fragment,early 17th century,,,,"Silk, cotton, metal wrapped thread; cut and voided velvet, brocaded","Textile: H. 64 in. (162.6 cm)
            W. 49 1/2 in. (125.7 cm)
Mount:  H. 68 in. (172.7 cm)
             W. 54 in. (137.2 cm)
              D. 4 in. (10.2 cm)",,Turkey,,,Flowers|Vines,,,,,,,Islamic Art,Textiles-Woven,,False,True,https://www.metmuseum.org/art/collection/search/446871,https://images.metmuseum.org/CRDImages/is/original/sf17-22-9a.jpg,13,,,
823310,Tile with Cintamani Design,Tile,ca. 1560–70,,,,Stonepaste; polychrome painted under transparent glaze,"H. 4 11/16 in. (11.9 cm)
W. 9 11/16 in. (24.6 cm)",,Turkey,,Iznik,,,,,,,,Islamic Art,Ceramics-Tiles,,False,True,https://www.metmuseum.org/art/collection/search/823310,https://images.metmuseum.org/CRDImages/is/original/DP-19634-001.jpg,1,https://www.wikidata.org/wiki/Q116385881,,
457977,Processional Standard ('Alam),Standard,late 17th–early 18th century,,,,Brass,"H. 38 in. (96.5 cm)
W. 12 in. (30.5 cm)",,India,,probably Hyderabad,Dragons,,,,,,,Islamic Art,Metal,,False,True,https://www.metmuseum.org/art/collection/search/457977,https://images.metmuseum.org/CRDImages/is/original/DP328288.jpg,1,,,
740913,Stucco Fragment,Fragment,probably 8th–12th century,,,,Stucco; carved,"H. 2 9/16 in. (6.5 cm)
W. 1 3/4 in. (4.5 cm)
D. 9/16 in. (1.5 cm)",,Iran,,Nishapur,,,,,,,,Islamic Art,Stucco,,False,True,https://www.metmuseum.org/art/collection/search/740913,https://images.metmuseum.org/CRDImages/is/original/LC-N113-front.jpg,1,,,
449085,Horary Quadrant,Quadrant,10th century,,,,"Brass; cast, incised","H.  2 7/8 in. (7.3 cm)
W.  2 1/2 in. (7.0 cm)",,Iran,,Nishapur,,Muhammad ibn Mahmud,Maker,,,,,Islamic Art,Metal,,False,True,https://www.metmuseum.org/art/collection/search/449085,https://images.metmuseum.org/CRDImages/is/original/sf36-20-54a.jpg,1,,,
443764,Textile Fragment,Textile fragment,5th–6th century,,,,"Wool, linen; plain weave, tapestry weave (?)","Max. H. 7 11/16 in. (19.5 cm)
Max. W. 1 7/8 in. (4.8 cm)",,Egypt,,,,,,,,,,Islamic Art,Textiles,,False,True,https://www.metmuseum.org/art/collection/search/443764,https://images.metmuseum.org/CRDImages/is/original/83437.jpg,0,,,
447530,Carpet,Carpet,17th century,,,,"Cotton (warp and weft), wool (pile); asymmetrically knotted pile","H. 91 in. (231.1 cm)
W. 40 in. (101.6 cm)",,Iran or India,,,Flowers,,,,,,,Islamic Art,Textiles-Rugs,,False,True,https://www.metmuseum.org/art/collection/search/447530,https://images.metmuseum.org/CRDImages/is/original/wb-22.100.72e.JPG,16,,,
740999,Stucco Fragment,Fragment,probably 8th–12th century,,,,Stucco; carved,L 8 x W 6 x H 2.5,,Iran,,Nishapur,,,,,,,,Islamic Art,Stucco,,False,True,https://www.metmuseum.org/art/collection/search/740999,https://images.metmuseum.org/CRDImages/is/original/LC-N1209-front.jpg,1,,,
446058,Cross,Cross,3rd–12th century,,,,Bronze,"H. 1 in. (2.5 cm)
W. 11/16 in. (1.7 cm)
D. 3/16 in. (0.5 cm)
Wt. 0.2 oz. (5.7 g)",,Egypt,,,Cross,,,,,,,Islamic Art,Metal,,False,True,https://www.metmuseum.org/art/collection/search/446058,https://images.metmuseum.org/CRDImages/is/original/sf10-130-1152a.jpg,0,,,
449149,Dado Panel,Dado panel,10th century,,,,Stucco; carved,"H. 37 1/2 in.  (95.3 cm)
W. 92 5/8 in. (235 cm) 
D. 3 1/2 in. (8.9 cm)
Frame D. 2 1/2 in. (6.4 cm)
Wt. 418 lbs. (189.6 kg)",,Iran,,Nishapur,,,,,,,,Islamic Art,Stucco,,False,True,https://www.metmuseum.org/art/collection/search/449149,https://images.metmuseum.org/CRDImages/is/original/DP250965.jpg,9,https://www.wikidata.org/wiki/Q116274101,,
449887,Ring,Ring,9th–11th century,,,,"Silver, turquoise","H. 1 in. (2.5 cm)
W. 1 in. (2.6 cm)",,Iran,,Nishapur,,,,,,,,Islamic Art,Jewelry,,False,True,https://www.metmuseum.org/art/collection/search/449887,https://images.metmuseum.org/CRDImages/is/original/wb-40.170.202.JPG,0,https://www.wikidata.org/wiki/Q116256808,,
448848,Fragment with Stamped Leaves and Rosettes,Fragment,7th–9th century,,,,Earthenware; molded and stamped,"H. 1 1/2 in. (3.8 cm)
W. 7 3/16 in. (18.3 cm)
D. 3 11/16 in. (9.4 cm)
Wt. 7.5 oz. (212.6 g)",,Iraq,,Ctesiphon,Flowers|Leaves,,,,,,,Islamic Art,Ceramics,,False,True,https://www.metmuseum.org/art/collection/search/448848,https://images.metmuseum.org/CRDImages/is/original/sf32-150-383a.jpg,1,,,
740965,Stucco Fragment,Fragment,probably 8th–12th century,,,,Stucco; carved,"H. 3 1/8 in. (8 cm)
W. 1 9/16 in. (4 cm)
D. 13/16 in. (2 cm)",,Iran,,Nishapur,,,,,,,,Islamic Art,Stucco,,False,True,https://www.metmuseum.org/art/collection/search/740965,https://images.metmuseum.org/CRDImages/is/original/LC-N1177-front.jpg,1,,,
450746,Ewer with Floral Scroll,Ewer,12th century,,,,"Glass, green; mold blown, applied handle",H. 5 3/4 in. (14.6 cm),,Iran,,,,,,,,,,Islamic Art,Glass,,False,True,https://www.metmuseum.org/art/collection/search/450746,https://images.metmuseum.org/CRDImages/is/original/DT261717.jpg,1,https://www.wikidata.org/wiki/Q116274993,,
449325,Bowl,Bowl,9th century,,,,Earthenware; white slip under clear yellow glaze,"H. 2 5/8 in. (6.6 cm)
Diam.  8 1/4 in. (21 cm)",,Iran,,Nishapur,,,,,,,,Islamic Art,Ceramics,,False,True,https://www.metmuseum.org/art/collection/search/449325,https://images.metmuseum.org/CRDImages/is/original/LC-38_40_113.jpg,4,,,
457471,Coin,Coin,first half 12th century,,,,Copper,,,Iran,,Nishapur,,,,,,,,Islamic Art,Coins,,False,True,https://www.metmuseum.org/art/collection/search/457471,https://images.metmuseum.org/CRDImages/is/original/39.40.127.400a.JPG,1,,,
445069,Panel,Panel,dated 1296,,,,Wood; carved and inlaid,"Ht. 3 1/4 in. (8.2 cm)
W. 7 3/4 in. (19.7 cm)
D. 5/8 in. (1.6 cm)",,Egypt,,Cairo,,,,,,,,Islamic Art,Wood,,False,True,https://www.metmuseum.org/art/collection/search/445069,https://images.metmuseum.org/CRDImages/is/original/sf07-236-51a.jpg,1,,,
457095,Coin,Coin,758–68,,,,Copper,"Ht. 3/4 in. (1.9 m)
W. 11/16 in. (1.8 cm)
Th. 1/16 in. (0.1 cm)",,Iran,,Nishapur,,,,,,,,Islamic Art,Coins,,False,True,https://www.metmuseum.org/art/collection/search/457095,https://images.metmuseum.org/CRDImages/is/original/39.40.127.23a.JPG,1,,,
741192,Stucco Fragment,Fragment,probably 8th–12th century,,,,"Stucco (mortar); carved, painted",L 6x W x5 H 2.5,,Iran,,Nishapur,,,,,,,,Islamic Art,Stucco,,False,True,https://www.metmuseum.org/art/collection/search/741192,https://images.metmuseum.org/CRDImages/is/original/LC-N1386-front.jpg,1,,,
742135,Stucco Fragment,Fragment,probably 8th–12th century,,,,Stucco; carved,"H. 2 9/16 in. (6.5 cm)
W. 1 3/4 in. (4.5 cm)
D. 13/16 in. (2 cm)",,Iran,,Nishapur,,,,,,,,Islamic Art,Stucco,,False,True,https://www.metmuseum.org/art/collection/search/742135,https://images.metmuseum.org/CRDImages/is/original/LC-N768-front.jpg,1,,,
452071,Bowl,Bowl,8th–9th century,,,,"Glass, colorless with greenish tinge; mold blown, cut","H. 2 7/16 in. (6.2 cm)
Diam. 5 7/16 in. (13.9 cm)
Th. at rim of lobe 1/8 in. (.3 cm)",,Iran,,,,,,,,,,Islamic Art,Glass,,False,True,https://www.metmuseum.org/art/collection/search/452071,https://images.metmuseum.org/CRDImages/is/original/LC-1970_20.jpg,1,https://www.wikidata.org/wiki/Q116409804,,
741930,Stucco Fragment,Fragment,probably 8th–12th century,,,,Stucco; carved,"H. 2 3/16 in. (5.5 cm)
W. 1 3/8 in. (3.5 cm)
D. 13/16 in. (2 cm)",,Iran,,Nishapur,,,,,,,,Islamic Art,Stucco,,False,True,https://www.metmuseum.org/art/collection/search/741930,https://images.metmuseum.org/CRDImages/is/original/LC-N563-front.jpg,1,,,
443769,Fragment of a Border,Textile fragment,5th–6th century,,,,"Wool, linen; plain weave, tapestry weave (?)",,,Egypt,,,,,,,,,,Islamic Art,Textiles,,False,True,https://www.metmuseum.org/art/collection/search/443769,https://images.metmuseum.org/CRDImages/is/original/83442.jpg,0,,,
446979,Necklace,Necklace,14th–15th century,,,,Gold,"H. 1 3/4 in. (4.4 cm)
W. 8 3/4 in. (22.2 cm)
D. 7/8 in. (2.2 cm)
Wt. 0.6 oz. (17.9 g)",,Spain,,,,,,,,,,Islamic Art,Jewelry,,False,True,https://www.metmuseum.org/art/collection/search/446979,https://images.metmuseum.org/CRDImages/is/original/LC-17_190_152.jpg,1,,,
457237,Coin,Coin,dated 376 AH/986  CE,,,,Silver,"Ht. 1 1/8 in. (2.9 cm)
W. 1 1/8 in. (2.9 cm)
Th. 1/16 in. (0.1 cm)",,Iran,,Nishapur,,,,,,,,Islamic Art,Coins,,False,True,https://www.metmuseum.org/art/collection/search/457237,https://images.metmuseum.org/CRDImages/is/original/39.40.127.165a.JPG,1,,,
443138,Fragments of a Bottle,Bottle fragments,probably 18th–19th century,,,,Glass; mold blown,"83.7.256a: W. 1 11/16 in. (4.3 cm)
                     L. 3 3/8 in. (8.6 cm)
83.7.256b: W. 1 in. (2.5 cm)
                     D. 3/8 in. (1 cm)
                     L. 4 3/4 in. (12 cm)",,Iran,,,,,,,,,,Islamic Art,Glass,,False,True,https://www.metmuseum.org/art/collection/search/443138,https://images.metmuseum.org/CRDImages/is/original/sf83-7-256a.jpg,0,,,
454745,Fragment of a Bowl,Ceramic fragment,10th–12th century,,,,Earthenware; underglaze painted,,,Egypt,,Fustat,Stars,,,,,,,Islamic Art,Ceramics,,False,True,https://www.metmuseum.org/art/collection/search/454745,https://images.metmuseum.org/CRDImages/is/original/sf20-120-196a.jpg,0,,,
450375,Lamp,Lamp,13th–14th century,,,,Earthenware; molded and glazed,H. 4 3/4 in. (12.1 cm),,Egypt,,Fustat,,,,,,,,Islamic Art,Ceramics,,False,True,https://www.metmuseum.org/art/collection/search/450375,https://images.metmuseum.org/CRDImages/is/original/sf41-23-1a.jpg,1,,,
444047,Textile Fragment,Textile fragment,4th–5th century,,,,"Wool, linen; plain weave, tapestry weave","Max. H. 8 3/8 in. (21.2 cm)
Max. W. 2 5/8 in. (6.6 cm)",,Egypt,,,,,,,,,,Islamic Art,Textiles,,False,True,https://www.metmuseum.org/art/collection/search/444047,https://images.metmuseum.org/CRDImages/is/original/sf90-5-568.jpg,1,,,
454465,Textile Fragment,Textile fragment,17th century,,,,"Silk, metal thread","H. 25 in. (63.5 cm)
W. 3 5/8 in. (9.2 cm)",,Iran,,,Flowers,,,,,,,Islamic Art,Textiles,,False,True,https://www.metmuseum.org/art/collection/search/454465,https://images.metmuseum.org/CRDImages/is/original/tr.20.299.2002.jpg,1,,,
742343,Stucco Fragment,Fragment,probably 8th–12th century,,,,"Stucco; carved, painted","H. 2 3/8 in. (6 cm)
W. 1 15/16 in. (5 cm)
D. 13/16 in. (2 cm)",,Iran,,Nishapur,,,,,,,,Islamic Art,Stucco,,False,True,https://www.metmuseum.org/art/collection/search/742343,https://images.metmuseum.org/CRDImages/is/original/LC-N975-front.jpg,1,,,
824236,"Portrait of `Ali Quli Mirza, I`tizad al-Saltana",Illustrated single work,dated 1273 AH/1856–57 CE,,,,"Opaque watercolor, gold, and ink on paper","H. 12 5/8 in. (32 cm) 
W. 8 1/4 in. (21 cm)",,Iran,,,Men|Portraits,"Abu`l Hasan Ghaffari, known as Sani' al-Mulk",Artist,Iranian,1814,1866,,Islamic Art,Codices,"Iranian, 1814–66",False,True,https://www.metmuseum.org/art/collection/search/824236,https://images.metmuseum.org/CRDImages/is/original/LC-2019_150.jpg,0,https://www.wikidata.org/wiki/Q116385657,https://www.wikidata.org/wiki/Q4055189,http://vocab.getty.edu/page/ulan/500116680
457657,Coin,Coin,dated 156 AH/773 CE,,,,Copper,,,Iran,,Nishapur,,,,,,,,Islamic Art,Coins,,False,True,https://www.metmuseum.org/art/collection/search/457657,https://images.metmuseum.org/CRDImages/is/original/39.40.127.587a.JPG,1,,,
457717,Panel with Geometric Pattern and Benedictory Inscriptions,Panel,late 13th–mid-14th century,,,,Limestone; carved,"H. 30 5/16 in. (77 cm)
W. 11 in. (28 cm)
D. 3 15/16 in. (10 cm)",,Spain,,Granada,,,,,,,,Islamic Art,Stone,,False,True,https://www.metmuseum.org/art/collection/search/457717,https://images.metmuseum.org/CRDImages/is/original/DP271450.jpg,2,,,
448568,Textile Fragment,Textile fragment,dated 308 AH/920–21 CE,,,,"Linen; plain weave, embroidered in silk","L. 7 1/2 in. (19.1 cm)
W. 7 7/8 in. (20 cm)",,Iraq,,,Arabic,,,,,,,Islamic Art,Textiles-Embroidered,,False,True,https://www.metmuseum.org/art/collection/search/448568,https://images.metmuseum.org/CRDImages/is/original/wb-31.19.9.JPG,2,,,
741940,Stucco Fragment,Fragment,probably 8th–12th century,,,,"Stucco; carved, painted?","H. 1 3/8 in. (3.5 cm)
W. 1 3/16 in. (3 cm)
D. 13/16 in. (2 cm)",,Iran,,Nishapur,,,,,,,,Islamic Art,Stucco,,False,True,https://www.metmuseum.org/art/collection/search/741940,https://images.metmuseum.org/CRDImages/is/original/LC-N573-front.jpg,1,,,
446217,Pierced Blue Pot with Animals and Vegetal Scroll,Vase,last quarter 11th or 12th century,,,,Stonepaste; carved and pierced under transparent monochrome glaze,"H. 4 1/8 in. (10.5 cm)
Diam. 8 1/2 in. (21.6 cm)",,Iran,,,Animals,,,,,,,Islamic Art,Ceramics,,False,True,https://www.metmuseum.org/art/collection/search/446217,https://images.metmuseum.org/CRDImages/is/original/Cvase12.72.4.jpg,1,https://www.wikidata.org/wiki/Q116242712,,
443047,Textile Fragment,Textile fragment,early 19th century,,,,"Linen, silk; plain weave, embroidered",,,Turkey,,,,,,,,,,Islamic Art,Textiles,,False,True,https://www.metmuseum.org/art/collection/search/443047,https://images.metmuseum.org/CRDImages/is/original/50986.jpg,0,,,
450576,"""The Fire Ordeal of Siyavush"", Folio from a Shahnama (Book of Kings) of Firdausi",Folio from an illustrated manuscript,dated 887 AH/1482 CE,,,,"Ink, watercolor, and gold on paper","H. 12 3/16 in. (31 cm)
W. 7 15/16 in. (20.2 cm)",,Iran,,probably Shiraz,Men|Women|Horses|Fire,Abu'l Qasim Firdausi,Author,Iranian,0935,1020,,Islamic Art,Codices,"Iranian, Paj ca. 940/41–1020 Tus",False,True,https://www.metmuseum.org/art/collection/search/450576,https://images.metmuseum.org/CRDImages/is/original/DP164658.jpg,4,,https://www.wikidata.org/wiki/Q43459,
444538,"Lidded Box of Muhammad al-Hamawi, Timekeeper at the Umayyad Mosque, Damascus",Box with lid,15th century,,,,Brass; engraved and inlaid with silver,"H. 4 in. (10.2 cm)
W. 6 11/16 in. (17 cm)
D. 3 1/4 in. (8.3 cm)",,Syria,,,Arabic,,,,,,,Islamic Art,Metal,,False,True,https://www.metmuseum.org/art/collection/search/444538,https://images.metmuseum.org/CRDImages/is/original/DP247400.jpg,10,https://www.wikidata.org/wiki/Q116242756,,
449506,Jar,Jar,late 8th–9th century,,,,"Earthenware; slip covered, unglazed",,,Iran,,Nishapur,,,,,,,,Islamic Art,Ceramics,,False,True,https://www.metmuseum.org/art/collection/search/449506,https://images.metmuseum.org/CRDImages/is/original/sf38-40-302a.jpg,0,,,
449191,Nail,Nail,5th–8th century,,,,Bronze,"H. 1 in. (2.5 cm)
Diam. 5/16 in. (0.8 cm.)
Wt. 0.1 oz. (2.8 g)",,Palestine,,Sbaita,,,,,,,,Islamic Art,Metal,,False,True,https://www.metmuseum.org/art/collection/search/449191,https://images.metmuseum.org/CRDImages/is/original/sf37-75-30a.jpg,0,,,
443746,Blue Sleeve Fragment,Textile fragment,6th–9th century,,,,"Wool, linen; plain weave, tapestry weave (?)","Max. L. 13 3/8 in. (34 cm)
Max. W. 11 7/8 in. (30.2 cm)",,Egypt,,Akhmim (former Panopolis),,,,,,,,Islamic Art,Textiles,,False,True,https://www.metmuseum.org/art/collection/search/443746,https://images.metmuseum.org/CRDImages/is/original/83385.jpg,1,,,
454664,Section from a Qur'an Manuscript,Section from a non-illustrated manuscript,ca. 1300,,,,"Ink, gold, and opaque watercolor on parchment","H. 7 15/16 in. (20.2 cm)
W. 7 9/16 in. (19.2 cm)",,Morocco or Southern Spain,,,Qur'an,,,,,,,Islamic Art,Codices,,False,True,https://www.metmuseum.org/art/collection/search/454664,https://images.metmuseum.org/CRDImages/is/original/DP236393.jpg,20,https://www.wikidata.org/wiki/Q116273255,,
741857,Stucco Fragment,Fragment,probably 8th–12th century,,,,"Stucco; carved, painted","H. 2 3/8 in. (6 cm)
W. 1 3/16 in. (3 cm)
D. 13/16 in. (2 cm)",,Iran,,Nishapur,,,,,,,,Islamic Art,Stucco,,False,True,https://www.metmuseum.org/art/collection/search/741857,https://images.metmuseum.org/CRDImages/is/original/LC-N490-front.jpg,1,,,
447806,Man in a Long-sleeved Coat,Illustrated single work,ca. 1598,,,,Ink on paper,"H. 5 9/16 in. (14.1 cm)
W. 2 1/2 in. (6.4 cm)",,Iran,,,Men,Riza-yi 'Abbasi,Artist,Iranian,1540,1660,,Islamic Art,Codices,"Iranian, ca. 1565–d. 1635",False,True,https://www.metmuseum.org/art/collection/search/447806,https://images.metmuseum.org/CRDImages/is/original/sf25-83-8r.jpg,1,https://www.wikidata.org/wiki/Q116280888,https://www.wikidata.org/wiki/Q380726,(not assigned)
444621,Mirror Case,Mirror case,18th–19th century,,,,Papier-maché; painted and lacquered,"H. 6 1/2 in. (16.5 cm)
W. 5 1/2 in. (14 cm)",,Iran,,,Flowers,,,,,,,Islamic Art,Lacquer,,False,True,https://www.metmuseum.org/art/collection/search/444621,https://images.metmuseum.org/CRDImages/is/original/DP-34717-001.jpg,4,,,
448460,"""A Night-time Gathering"", Folio from the Davis Album",Illustrated  album leaf,dated 1664–65,,,,"Ink, opaque watercolor, and gold on paper","Page: H. 13 1/8 in. (33.3 cm)
           W.  8 1/4 in. (21 cm)
Mat:  H. 19 1/4 in. (48.9 cm)
         W. 14 1/4 in. (36.2 cm)",,Iran or India,,,Men|Flowers|Leaves|Night,Muhammad Zaman,Artist,Iranian,1624,1725,,Islamic Art,Codices,"Iranian, active 1649–1700",False,True,https://www.metmuseum.org/art/collection/search/448460,https://images.metmuseum.org/CRDImages/is/original/DP107558.jpg,1,https://www.wikidata.org/wiki/Q87121973,https://www.wikidata.org/wiki/Q2743344,http://vocab.getty.edu/page/ulan/500116628
447318,Oyah (Bibilia),Oyah (Bibilia),19th century,,,,Silk,L. 11 in. (27.9 cm),,Turkey,,,,,,,,,,Islamic Art,Textiles-Laces,,False,True,https://www.metmuseum.org/art/collection/search/447318,https://images.metmuseum.org/CRDImages/is/original/DP3023_20.132.2.jpg,1,,,
449142,Finial from Metal Vessel,Finial,9th–10th century,,,,Bronze; cast,H. 2 1/8 in. (5.4 cm),,Iran,,Nishapur,Birds,,,,,,,Islamic Art,Metal,,False,True,https://www.metmuseum.org/art/collection/search/449142,https://images.metmuseum.org/CRDImages/is/original/sf37-40-32a.jpg,0,,,
443533,Textile Fragment,Textile fragment,3rd–4th century,,,,"Wool, linen; plain weave, tapestry weave","Max. H. 2 7/16 in. (6.2 cm)
Max. W. 1/4 in. (0.7 cm)",,Egypt,,,,,,,,,,Islamic Art,Textiles,,False,True,https://www.metmuseum.org/art/collection/search/443533,https://images.metmuseum.org/CRDImages/is/original/80267.jpg,0,,,
445777,Square,Square,4th–5th century,,,,"Linen, wool; tapestry weave","H. 9 3/4 in. (24.8 cm)
W. 8 5/8 in. (21.9 cm)",,Egypt,,,,,,,,,,Islamic Art,Textiles,,False,True,https://www.metmuseum.org/art/collection/search/445777,https://images.metmuseum.org/CRDImages/is/original/85854.jpg,0,,,
446382,Fragment of a Bowl,Ceramic fragment,14th–15th century,,,,Earthenware; incised decoration through white slip and coloring under transparent glaze.,"H. 2 5/8 in .(6.7 cm)
W. 6 1/8 in. (15.5 cm)
D. 3 3/4 in. (9.6 cm)",,Egypt,,,,,,,,,,Islamic Art,Ceramics,,False,True,https://www.metmuseum.org/art/collection/search/446382,https://images.metmuseum.org/CRDImages/is/original/sf13-190-93a.jpg,0,,,
444855,Dinar of Mahmud,Coin,dated 419 AH/1028 CE,,,,Gold,,,Iran (modern Afghanistan),,,,,,,,,,Islamic Art,Coins,,False,True,https://www.metmuseum.org/art/collection/search/444855,https://images.metmuseum.org/CRDImages/is/original/99.35.2380a.JPG,2,,,
448123,Tiraz Fragment with Inscription,Tiraz fragment,9th century,,,,"Wool, linen; tapestry weave","Textile: L. 5 1/8 in. (13 cm)
            W. 19 3/8 in. (49.2 cm)
Mount: H. 8 1/2 in. (21.6 cm)
             W. 22 3/4 in. (57.8 cm)
             D. 1 5/8 in. (4.1 cm)",,Egypt,,,,,,,,,,Islamic Art,Textiles-Woven,,False,True,https://www.metmuseum.org/art/collection/search/448123,https://images.metmuseum.org/CRDImages/is/original/DP-35386-001.jpg,5,,,
444852,Ring,Ring,3rd–12th century,,,,Silver,"Ht. 13/16 in. (2 cm)
W. 13/16 in. (2 cm)
D. 1/8 in. (0.3 cm)",,Egypt,,,,,,,,,,Islamic Art,Jewelry,,False,True,https://www.metmuseum.org/art/collection/search/444852,https://images.metmuseum.org/CRDImages/is/original/99_4_43.jpg,0,,,
445542,Ceramic Fragment,Fragment,14th–15th century,,,,Earthenware; incised decoration through white slip and coloring under transparent glaze,,,Egypt,,,,,,,,,,Islamic Art,Ceramics,,False,True,https://www.metmuseum.org/art/collection/search/445542,https://images.metmuseum.org/CRDImages/is/original/sf08-256-256a.jpg,0,,,
444797,Lamp,Lamp,1st century BCE–1st century CE,,,,Earthenware,,,,,,,,,,,,,Islamic Art,Ceramics,,False,True,https://www.metmuseum.org/art/collection/search/444797,https://images.metmuseum.org/CRDImages/is/original/DP-34879-001.jpg,1,,,
449195,Hinge,Hinge,5th–8th century,,,,Bronze,"Ht. 1 9/16 in. (4 cm)
W. 1/2 in. (1.3 cm)
D. 3/16 in. (0.5 cm)
Wt. 0.1 oz. (2.8 g)",,Palestine,,Sbaita,,,,,,,,Islamic Art,Metal,,False,True,https://www.metmuseum.org/art/collection/search/449195,https://images.metmuseum.org/CRDImages/is/original/sf37-75-34a.jpg,0,,,
446633,Fragments of a Trellis Pattern Carpet,Carpet fragments,ca. 1650,,,,"Silk (warp and weft), pashmina wool (pile); asymmetrically knotted pile","Textile: H. 48 in. (121.9 cm)
             W. 119 in. (302.3 cm)
Mount: H. 59 in. (149.9 cm)
             W. 164 1/8 in. (416.9 cm)
             D. 3 in. (7.6 cm)
Weight: 288 lbs (130.6 kg)",,Northern India or Pakistan,,Kashmir or Lahore,Flowers,,,,,,,Islamic Art,Textiles-Rugs,,False,True,https://www.metmuseum.org/art/collection/search/446633,https://images.metmuseum.org/CRDImages/is/original/DP221134.jpg,23,https://www.wikidata.org/wiki/Q116242764,,
448910,Textile Fragment with Birds,Textile fragment,8th century,,,,"Linen, cotton; plain weave, brocaded","Textile: H. 3 1/8 in. (7.9 cm)
             W. 5 1/2 in. (14 cm)",,Egypt,,,Birds,,,,,,,Islamic Art,Textiles-Woven,,False,True,https://www.metmuseum.org/art/collection/search/448910,https://images.metmuseum.org/CRDImages/is/original/DP242250.jpg,2,,,
451647,Hanging,Hanging,18th–19th century,,,,Linen; embroidered in silk,"H. 89 1/2 in. (227.3 cm)
W. 74 1/2 in. (189.2 cm)",,present-day Uzbekistan,,Bukhara,,,,,,,,Islamic Art,Textiles-Embroidered,,False,True,https://www.metmuseum.org/art/collection/search/451647,https://images.metmuseum.org/CRDImages/is/original/172345.jpg,0,,,
447268,Dish,Dish,14th century,,,,Stonepaste; underglaze painted,"H. 4 in. (10.2 cm)
Diam. 8 1/8 in. (20.6 cm)",,Iran,,,,,,,,,,Islamic Art,Ceramics,,False,True,https://www.metmuseum.org/art/collection/search/447268,https://images.metmuseum.org/CRDImages/is/original/sf20-120-203a.jpg,2,,,
740691,Stucco Fragment,Fragment,probably 8th–12th century,,,,Stucco; carved and painted,"H. 2 9/16 in. (6.5 cm)
W. 1 15/16 in. (5 cm)
D. 13/16 in. (2 cm)",,Iran,,Nishapur,,,,,,,,Islamic Art,Stucco,,False,True,https://www.metmuseum.org/art/collection/search/740691,https://images.metmuseum.org/CRDImages/is/original/LC-N021-back.jpg,0,,,
741170,Stucco Fragment,Fragment,probably 8th–12th century,,,,"Stucco (mortar); carved, painted",L 6x W3.5 x H 1.5,,Iran,,Nishapur,,,,,,,,Islamic Art,Stucco,,False,True,https://www.metmuseum.org/art/collection/search/741170,https://images.metmuseum.org/CRDImages/is/original/LC-48_101_1668.jpg,1,,,
449411,Dish,Dish,late 8th–early 9th century,,,,Earthenware; polychrome pigments under transparent glaze (buff ware),"H. 1 7/8 in. (4.8 cm)
Diam. 4 1/2 in. (11.5 cm)",,Iran,,Nishapur,,,,,,,,Islamic Art,Ceramics,,False,True,https://www.metmuseum.org/art/collection/search/449411,https://images.metmuseum.org/CRDImages/is/original/wb-38.40.201.JPG,5,,,
443648,Textile Fragment,Textile fragment,5th–6th century,,,,Wool; plain weave,"Max. H. 3 15/16 in. (10 cm)
Max. W. 3 15/16 in. (10 cm)",,Egypt,,,,,,,,,,Islamic Art,Textiles,,False,True,https://www.metmuseum.org/art/collection/search/443648,https://images.metmuseum.org/CRDImages/is/original/sf90-5-162a.jpg,1,,,
444840,Cylinder Fragment,Cylinder fragment,30 BCE–364 CE,,,,Bone; incised and inlaid with paint,"H. 9/16 in. (1.4 cm)
Diam. 7/8 in. (2.3 cm)
L. 1 5/16 in. (3.4 cm)",,Egypt,,el-Bahnasa,,,,,,,,Islamic Art,Ivories and Bone,,False,True,https://www.metmuseum.org/art/collection/search/444840,https://images.metmuseum.org/CRDImages/is/original/sf97-4-77a.jpg,1,,,
444020,Textile Fragment,Textile fragment,5th century,,,,"Wool, linen; plain weave, tapestry weave","Max. H. 9 3/4 in. (24.8 cm)
Max. W. 8 3/4 in. (22.2 cm)",,Egypt,,,,,,,,,,Islamic Art,Textiles,,False,True,https://www.metmuseum.org/art/collection/search/444020,https://images.metmuseum.org/CRDImages/is/original/sf90-5-534a.jpg,1,,,
447906,Panel,Panel,4th century,,,,"Linen, wool","L. 9 in. (22.9 cm)
W. 9 1/2 in. (24.1 cm)",,Egypt,,,Men|Horses,,,,,,,Islamic Art,Textiles,,False,True,https://www.metmuseum.org/art/collection/search/447906,https://images.metmuseum.org/CRDImages/is/original/63160.jpg,0,,,
456922,Three Noblemen in Procession on an Elephant,Illustrated single work,ca. 1790,,,,Opaque watercolor and gold on paper,"Page: H. 18 3/4 in. (47.6 cm)
           W. 14 1/8 in. (35.9 cm)
Mat (standard size c): H. 22 in. (55.9 cm)
                                        W. 28 in. (71.1 cm)",,India,,Hyderabad,Soldiers|Men|Elephants,Venkatchellum,Artist,,1755,1815,,Islamic Art,Codices,"Indian, active 1780s–90s",False,True,https://www.metmuseum.org/art/collection/search/456922,https://images.metmuseum.org/CRDImages/is/original/DP231335.jpg,2,,,
740933,Stucco Fragment,Fragment,probably 8th–12th century,,,,"Stucco; carved, painted?","H. 4 1/2 in. (11.5 cm)
W. 1 15/16 in. (5 cm)
D. 1 in. (2.5 cm)",,Iran,,Nishapur,,,,,,,,Islamic Art,Stucco,,False,True,https://www.metmuseum.org/art/collection/search/740933,https://images.metmuseum.org/CRDImages/is/original/LC-N1148-front.jpg,1,,,
741145,Stucco Fragment,Fragment,probably 8th–12th century,,,,"Stucco (mortar); carved, painted",L 3x W 1.5x H 1.5,,Iran,,Nishapur,,,,,,,,Islamic Art,Stucco,,False,True,https://www.metmuseum.org/art/collection/search/741145,https://images.metmuseum.org/CRDImages/is/original/LC-N1343-front.jpg,1,,,
449169,Jar,Jar,5th–8th century,,,,Bone; incised,"H. 3/4 in. (1.9 cm) 
Diam. 1 3/8 in. (3.5 cm)",,Palestine,,Sbaita,,,,,,,,Islamic Art,Ivories and Bone,,False,True,https://www.metmuseum.org/art/collection/search/449169,https://images.metmuseum.org/CRDImages/is/original/sf37-75-8a.jpg,2,,,
445040,Panel,Panel,13th–14th century,,,,"Wood; carved, inlaid with ivory or bone","Ht. 7 in. (17.8 cm)
W. 4 15/16 in. (12.5 cm)
D. 1/2 in. (1.3 cm)",,Egypt,,Cairo,,,,,,,,Islamic Art,Wood,,False,True,https://www.metmuseum.org/art/collection/search/445040,https://images.metmuseum.org/CRDImages/is/original/sf07-236-20a.jpg,1,,,
449294,Button or Bead,Button or bead,8th–10th century,,,,Stone; carved,"H. 1/4 in. (0.7 cm) 
Diam. 11/16 in. (1.8 cm)",,Iran,,Nishapur,,,,,,,,Islamic Art,Stone,,False,True,https://www.metmuseum.org/art/collection/search/449294,https://images.metmuseum.org/CRDImages/is/original/sf38-40-80a.jpg,0,,,
449002,"""Nushirvan Receives Mihras, Envoy of Caesar"", Folio from the First Small Shahnama (Book of Kings)",Folio from an illustrated manuscript,ca. 1300–30,,,,"Ink, opaque watercolor, and gold on paper","Painting with Textblock: H. 6 9/16 in. (16.7 cm)
                                           W. 5 3/8 in. (13.7 cm)
Page: H.  8 1/4 in. (21 cm)
           W. 7 1/8 in. (18.1 cm)
Mat: H. 19 1/4 in. (48.9 cm)
        W. 14 1/4 in. (36.2 cm)",,Iran or Iraq,,,Men,Abu'l Qasim Firdausi,Author,Iranian,0935,1020,,Islamic Art,Codices,"Iranian, Paj ca. 940/41–1020 Tus",False,True,https://www.metmuseum.org/art/collection/search/449002,https://images.metmuseum.org/CRDImages/is/original/DP159354.jpg,3,,https://www.wikidata.org/wiki/Q43459,
126842,Ensemble,Ensemble,19th century,,,,Silk,"Robe (a):
                   H. 57 in. (144.8 cm)
                   W. 82 1/4 in. (208.9 cm)
Girdle (b):
                   H. 70 1/4 in. (178.4 cm)
                   W. 2 1/4 in. (5.7 cm)
                   D. 3/4 in. (1.9 cm)
Cap (c):
                   H. 5 1/2 in. (15 cm)
                   W. 8 in. (20.3 cm)
                   D. 8 in. (20.3 cm)
Cloth (d):
                   H. 48 in. (121.9 cm)
                   W. 35 in. (88.9 cm)",,Uzbekistan,,Bukhara,,,,,,,,Islamic Art,Main dress-Menswear,,False,True,https://www.metmuseum.org/art/collection/search/126842,https://images.metmuseum.org/CRDImages/is/original/CI39.91.35a.jpg,3,,,
451870,Vase with Animals in a Landscape,Vase,17th century,,,,Stonepaste; painted in blue under transparent glaze,"H. 4 3/4 in. (12.1 cm)
Diam. 5 5/16 in. (13.5 cm)",,Iran,,,Animals|Birds,,,,,,,Islamic Art,Ceramics,,False,True,https://www.metmuseum.org/art/collection/search/451870,https://images.metmuseum.org/CRDImages/is/original/sf66-107-6a.jpg,1,https://www.wikidata.org/wiki/Q116243301,,
450132,Ceramic Fragment,Fragment,9th century,,,,"Earthenware; opaque white glaze, green splashed glaze, inscription in blue","a)
  H. 13/16 in. (2.1 cm)
  W. 2 9/16 in. (6.5 cm)
  D. 1 3/4 in. (4.4 cm)
  Wt. 0.63 oz. (17.9 g)
b) 
  H. 5/8 in. (1.6 cm)
  W. 1 11/16 in. (4.3 cm)
  D. 1 5/8 in. (4.1 cm)
  Wt. 0.35 oz. (9.9 g)",,Iraq,,,,,,,,,,Islamic Art,Ceramics,,False,True,https://www.metmuseum.org/art/collection/search/450132,https://images.metmuseum.org/CRDImages/is/original/AD-40.170.461b.JPG,1,,,
855920,Bead,Bead,8th–13th century,,,,Shell,"Diam. 5/16 in. (0.8 cm)
W. 3/16 in. (0.4 cm)",,Iran,,Nishapur,,,,,,,,Islamic Art,Jewelry,,False,True,https://www.metmuseum.org/art/collection/search/855920,https://images.metmuseum.org/CRDImages/is/original/sf48-101-191a.jpg,3,,,
449928,Handle,Handle,9th–11th century,,,,Bronze; cast,"D. 5 11/16 in. (14.5 cm)
Diam. 9.16 in. (1.5 cm)",,Iran,,Nishapur,,,,,,,,Islamic Art,Metal,,False,True,https://www.metmuseum.org/art/collection/search/449928,https://images.metmuseum.org/CRDImages/is/original/AD-40.170.244.JPG,0,,,
741086,Stucco Fragment,Fragment,probably 8th–12th century,,,,Stucco (white mortar); carved,"H. 8 1/4 in. (21 cm)
W. 3 15/16 in. (10 cm)
D. 1 in. (2.5 cm)",,Iran,,Nishapur,,,,,,,,Islamic Art,Stucco,,False,True,https://www.metmuseum.org/art/collection/search/741086,https://images.metmuseum.org/CRDImages/is/original/LC-N1288-front.jpg,1,,,
453562,Coat (Choga),Coat,mid-19th century or earlier,,,,"Ground fabric: hand-spun red plain-weave wool (warp and weft); embroidery: silk; facing: ikat silk (warp), cotton (weft); lining: roller-printed Russian cotton","H. from shoulder to bottom hem: 50 3/4 in. (129 cm)
W. of arms: 72 1/2 in. (184 cm)
W. of body: 34 1/2 in. (87.6 cm)",,Present-day Turkmenistan,,,,,,,,,,Islamic Art,Textiles,,False,True,https://www.metmuseum.org/art/collection/search/453562,https://images.metmuseum.org/CRDImages/is/original/DP214869.jpg,13,,,
455182,Spindle Whorl,Spindle whorl,9th–10th century,,,,"Bone; tinted, incised, and inlaid with paint","H. 3/8 in. (1 cm) 
Diam. 9/16 in. (1.4 cm)",,Iran,,Nishapur,,,,,,,,Islamic Art,Ivories and Bone,,False,True,https://www.metmuseum.org/art/collection/search/455182,https://images.metmuseum.org/CRDImages/is/original/sf40-170-396b.jpg,1,https://www.wikidata.org/wiki/Q116272583,,
446114,Fragment from a Molding with Intertwined Vines and Acanthus Leaves,Fragment,6th–7th century,,,,Limestone; carved in relief,"H. 4 3/4 in. (12.1 cm)
W.  20 7/8 in. (53 cm)
D. 13 3/4 in. (34.9 cm)",,Egypt,,Saqqara,Leaves|Vines,,,,,,,Islamic Art,Sculpture,,False,True,https://www.metmuseum.org/art/collection/search/446114,https://images.metmuseum.org/CRDImages/is/original/sf10-175-37s1.jpg,2,https://www.wikidata.org/wiki/Q116373859,,
453470,Fragment of a Bowl,Fragment,14th–15th century,,,,Earthenware; slip-painted under transparent glaze,"H. 3 13/16 in. (9.7 cm)
W. 6 1/8 in. (15.6 cm)
D. 5 9/16 in. (14.1 cm)
Wt. 15.4 oz. (436.6 g)",,Egypt,Kush,,,,,,,,,Islamic Art,Ceramics,,False,True,https://www.metmuseum.org/art/collection/search/453470,https://images.metmuseum.org/CRDImages/is/original/sf07-238-18a.jpg,3,,,
446967,Woven Hanging,Hanging,ca. 1820,,,,Pashmina wool; double interlocking twill tapestry weave,"Textile: L. 54 1/2 in. (138.4 cm)
              W. 35 3/4 in. (90.8 cm)
Mount: L. 61 3/4 in. (156.8 cm)
             W. 43 1/2 in. (110.5 cm)",,India,Kashmir,,Flowers,,,,,,,Islamic Art,Textiles-Woven,,False,True,https://www.metmuseum.org/art/collection/search/446967,https://images.metmuseum.org/CRDImages/is/original/wb-17.123.3.JPG,13,https://www.wikidata.org/wiki/Q116242648,,
452707,Fragment of a Bowl with a Figure Holding a Sword,Fragment of a bowl,10th–12th century,,,,"Earthenware; slipped, incised, and polychrome glazed (sgraffito)",,,Egypt,,,,,,,,,,Islamic Art,Ceramics,,False,True,https://www.metmuseum.org/art/collection/search/452707,https://images.metmuseum.org/CRDImages/is/original/sf1975-31-2b.jpg,1,,,
444588,Water Pipe Base,Water pipe base,18th–19th century,,,,"Zinc alloy; cast, engraved, inlaid with silver and brass (bidri ware)","Max. L. 10 15/16 in. (27.8 cm)
Max. Diam. 4 1/8 in. (10.45 cm)",,India,Deccan,Bidar,,,,,,,,Islamic Art,Metal,,False,True,https://www.metmuseum.org/art/collection/search/444588,https://images.metmuseum.org/CRDImages/is/original/sf91-1-588a.jpg,0,,,
741010,Stucco Fragment,Fragment,probably 8th–12th century,,,,Stucco; carved,"H. 7 7/8 in. (20 cm)
W. 7 11/16 in. (1.5 cm)
D. 1 3/16 in. (3 cm)",,Iran,,Nishapur,,,,,,,,Islamic Art,Stucco,,False,True,https://www.metmuseum.org/art/collection/search/741010,https://images.metmuseum.org/CRDImages/is/original/LC-N1219-front.jpg,1,,,
741336,Stucco Fragment,Fragment,probably 8th–12th century,,,,"Stucco; carved, painted",L 5 x W 3 x H 2,,Iran,,Nishapur,,,,,,,,Islamic Art,Stucco,,False,True,https://www.metmuseum.org/art/collection/search/741336,https://images.metmuseum.org/CRDImages/is/original/LC-N1517-back.jpg,1,,,
448018,Velvet and Silk Carpet,Carpet,17th century,,,,"Silk, metal wrapped thread; cut and voided velvet, brocaded","Rug: L. 183 1/2 in. (466.1 cm)
         W. 103 3/4 in. (263.5 cm)",,India,,,,,,,,,,Islamic Art,Textiles-Rugs,,False,True,https://www.metmuseum.org/art/collection/search/448018,https://images.metmuseum.org/CRDImages/is/original/DP218045.jpg,33,,,
453493,Fragments of a Bowl with Green Splashes and Blue Inscription,Bowl,9th century,,,,Earthenware; splashed in green and painted in blue on opaque white glaze,"Ht. 3 1/8 in. (8 cm)
Diam. 10 1/4 in. (26 cm)",,Iraq,,Ctesiphon,,,,,,,,Islamic Art,Ceramics,,False,True,https://www.metmuseum.org/art/collection/search/453493,https://images.metmuseum.org/CRDImages/is/original/ad-32-150-92..jpg,1,,,
443040,Textile Fragment,Textile fragment,early 19th century,,,,"Linen, silk, metal wrapped thread; plain weave, embroidered","H. 46 in. (116.8 cm)
W. 19 in. (48.3 cm)",,Turkey,,,,,,,,,,Islamic Art,Textiles-Embroidered,,False,True,https://www.metmuseum.org/art/collection/search/443040,https://images.metmuseum.org/CRDImages/is/original/51035.jpg,0,,,
451119,Bowl,Bowl,second half 10th century,,,,Earthenware; luster-painted on opaque white glaze under transparent colorless glaze,"H. 3 in. (7.6 cm)
Diam. 9 3/8 in. (23.8 cm)
Wt. 19.7 oz. (558.5 g)",,Egypt,,Fustat,Faces,,,,,,,Islamic Art,Ceramics,,False,True,https://www.metmuseum.org/art/collection/search/451119,https://images.metmuseum.org/CRDImages/is/original/Cbowl52.122.jpg,2,,,
449246,Button or Spindle Whorl,Button or spindle whorl,9th–10th century,,,,Bone; incised,"H. 1/4 in. (0.7 cm) 
Diam. 1 1/8 in. (2.9 cm)",,Iran,,Nishapur,,,,,,,,Islamic Art,Ivories and Bone,,False,True,https://www.metmuseum.org/art/collection/search/449246,https://images.metmuseum.org/CRDImages/is/original/DP252006.jpg,2,,,
741978,Stucco Fragment,Fragment,probably 8th–12th century,,,,Stucco; carved,"H. 2 3/8 in. (6 cm)
W. 1 9/16 in. (4 cm)
D. 13/16 in. (2 cm)",,Iran,,Nishapur,,,,,,,,Islamic Art,Stucco,,False,True,https://www.metmuseum.org/art/collection/search/741978,https://images.metmuseum.org/CRDImages/is/original/LC-N611-front.jpg,1,,,
446833,Textile Fragment,Textile fragment,16th century,,,,Velvet,"H. 61 1/2 in. (156.2 cm)
W. 25 3/8 in. (64.4 cm)",,Turkey,,,,,,,,,,Islamic Art,Textiles-Woven,,False,True,https://www.metmuseum.org/art/collection/search/446833,https://images.metmuseum.org/CRDImages/is/original/32505.jpg,0,,,
444764,Bottle,Bottle,probably 18th–19th century,,,,Glass; free blown,"H. 16 5/8 in. (42.2 cm)
Diam. 8 13/16 in. (20.8 cm)
Wt. 1.181 lbs. (0.5 kg)",,Iran,,,,,,,,,,Islamic Art,Glass,,False,True,https://www.metmuseum.org/art/collection/search/444764,https://images.metmuseum.org/CRDImages/is/original/sf91-1-1587a.jpg,0,,,
740876,Stucco Fragment,Fragment,probably 8th–12th century,,,,Stucco; carved,"H. 1 in. (2.5 cm)
W. 13/16 in. (2 cm)
D. 13/16 in. (2 cm)",,Iran,,Nishapur,,,,,,,,Islamic Art,Stucco,,False,True,https://www.metmuseum.org/art/collection/search/740876,https://images.metmuseum.org/CRDImages/is/original/LC-N1096-front.jpg,1,,,
443873,Textile Fragment,Textile fragment,4th–5th century,,,,"Wool, linen; plain weave, tapestry weave","Max. H. 2 3/4 in. (7 cm)
Max. W. 2 3/8 in. (6 cm)",,Egypt,,,,,,,,,,Islamic Art,Textiles,,False,True,https://www.metmuseum.org/art/collection/search/443873,https://images.metmuseum.org/CRDImages/is/original/83244.jpg,0,,,
447622,Bracelet,Bracelet,3rd–12th century,,,,"Amber, opaque and clear","23.6.119a:
  H. 7/16 in. (1.1 cm)
  W. 11/16 in. (1.7 cm)
  D. 3/16 in. (0.5 cm)
  Wt. 0.03 oz. (0.85 g) 
23.6.119b:
  H. 7/16 in. (1.1 cm)
  W. 11/16 in. (1.7 cm)
  D. 3/16 in. ( cm)
  Wt. 0.03 oz. (0.85 g) 
23.6.119c:
  H. 7/16 in. (1.1 cm)
  W. 5/8 in. (1.6 cm)
  D. 1/8 in. (0.3 cm)
  Wt. 0.02 oz. (0.57 g) 
23.6.119d:
  H. 1/2 in. (1.3 cm)
  W. 9/16 in. (1.4 cm)
  D. 1/8 in. (0.3 cm)
  Wt. 0.02 oz. (0.57 g) 
23.6.119e:
  H. 1/2 in. (1.3 cm)
  W. 11/16 in. (1.7 cm)
  D. 3/16 in. (0.5 cm)
  Wt. 0.03 oz. (0.85 g) 
23.6.119f:
  H. 1/2 in. (1.3 cm)
  W. 5/8 in. (1.6 cm)
  D. 3/16 in. (0.5 cm)
  Wt. 0.03 oz. (0.85 g) 
23.6.119g:
  H. 1/2 in. (1.3 cm)
  W. 5/8 in. (1.6 cm)
  D. 3/15 in. (0.5 cm)
  Wt. 0.03 oz. (0.85 g) 
23.6.119h:
  H. 1/2 in. (1.3 cm)
  W. 5/8 in. (1.6 cm)
  D. 1/8 in. (0.3 cm)
  Wt. 0.02 oz. (0.57 g) 
23.6.119i:
  H. 9/16 in. (1.4 cm)
  W. 11/16 in. (1.7 cm)
  D. 3/16 in. (0.85 cm)
  Wt.  oz. ( g) 
23.6.119j:
  H. 13/16 in. (2.1 cm)
  W. 5/8 in. (1.6 cm)
  D. 1/4 in. (0.6 cm)
  Wt. 0.06 oz. (1.7 g) 
23.6.119k:
  H. 13/16 in. (2.1 cm)
  W. 5/8 in. (1.6 cm)
  D. 1/4 in. (0.6 cm)
  Wt. 0.05 oz. (1.4 g) 
23.6.119L:
  H. 3/4 in. (1.9 cm)
  W. 9/16 in. (1.4 cm)
  D. 1/4 in. (0.6 cm)
  Wt. 0.05 oz. (1.4 g) 
23.6.119m:
  H. 5/8 in. (1.6 cm)
  W. 13/16 in. (2.1 cm)
  D. 3/16 in. (0.5 cm)
  Wt. 0.04 oz. (1.1 g) 
23.6.119n:
  H. 1/2 in. (1.3 cm)
  W. 5/8 in. (1.6 cm)
  D. 1/8 in. (0.3 cm)
  Wt. 0.02 oz. (0.57 g) 
23.6.119o:
  H. 1/2 in. (1.3 cm)
  W. 11/16 in. (1.7 cm)
  D. 3/16 in. (0.5 cm)
  Wt. 0.03 oz. (0.85 g) 
23.6.119p:
  H. 1/2 in. (1.3 cm)
  W. 9/16 in. (1.4 cm)
  D. 3/16 in. (0.5 cm)
  Wt. 0.03 oz. (0.85 g) 
23.6.119q:
  H. 1/2 in. (1.3 cm)
  W. 5/8 in. (1.6 cm)
  D. 1/8 in. (0.3 cm)
  Wt. 0.03 oz. (0.85 g) 
23.6.119r:
  H. 1/2 in. (1.3 cm)
  W. 11/16 in. (1.7 cm)
  D. 3/16 in. (0.5 cm)
  Wt. 0.03 oz. (0.85 g)",,Egypt,,,,,,,,,,Islamic Art,Jewelry,,False,True,https://www.metmuseum.org/art/collection/search/447622,https://images.metmuseum.org/CRDImages/is/original/sf23-6-119a.jpg,1,,,
451456,Carpet Fragment,Carpet fragment,15th–16th century,,,,"Wool (warp, weft and pile); single-warp (Spanish) knotted pile","H. 18 in. (45.7 cm)
W. 10 in. (25.4 cm)",,Spain,,,Birds|Medallions,,,,,,,Islamic Art,Textiles-Rugs,,False,True,https://www.metmuseum.org/art/collection/search/451456,https://images.metmuseum.org/CRDImages/is/original/ad-57.150.1a.JPG,3,,,
453220,Textile Fragment,Textile fragment,third quarter 17th century,,,,"Silk, wool","L. 42 in. (106.7 cm) 
W. 6 in. (15.2 cm)
Wt. 51 in. (23.1 kg) Mount houses all components, a-d",,India,,,Flowers,,,,,,,Islamic Art,Textiles-Rugs,,False,True,https://www.metmuseum.org/art/collection/search/453220,https://images.metmuseum.org/CRDImages/is/original/wb-1983.494.4cc.JPG,2,,,
448197,Star-Shaped Tile,Tile,13th century,,,,Stonepaste; luster-painted,,,Iran,,,Animals,,,,,,,Islamic Art,Ceramics-Tiles,,False,True,https://www.metmuseum.org/art/collection/search/448197,https://images.metmuseum.org/CRDImages/is/original/sf28-89-5.jpg,1,,,
453550,Coin Weight,Coin weight,12th century,,,,Glass,"H. 1/8 in. (0.3 cm)
Diam. 7/8 in. (2.2 cm)
Wt. 0.1 oz. (2.8 g)",,Egypt,,,,,,,,,,Islamic Art,Glass,,False,True,https://www.metmuseum.org/art/collection/search/453550,https://images.metmuseum.org/CRDImages/is/original/sf08-256-38.jpg,0,,,
443493,Textile Fragment,Textile fragment,3rd–4th century,,,,"Wool, linen; plain weave, tapestry weave",,,Egypt,,,,,,,,,,Islamic Art,Textiles,,False,True,https://www.metmuseum.org/art/collection/search/443493,https://images.metmuseum.org/CRDImages/is/original/74542.jpg,0,,,
444622,Bookbinding (Jild-i kitab),Bookbinding,19th century,,,,Pasteboard; painted and lacquered,"Cover a: H. 5 3/4 in. (14.6 cm)
               W. 3 3/8 in. (8.6 cm)
Cover a (Including spine): H. 5 3/4 in.(14.6 cm)
                                         W. 4 1/8 in. (10.5 cm)
Cover  b: H. 5 3/4 in. (14.6 cm)
               W. 3 1/2 in. (8.9 cm)
Cover b (Including spine): H. 5 3/4 (14.6 cm)
                                         W. 4 1/4 in. (10.8 cm)",,Iran,,,,,,,,,,Islamic Art,Codices,,False,True,https://www.metmuseum.org/art/collection/search/444622,https://images.metmuseum.org/CRDImages/is/original/DP-34721-001.jpg,8,,,
445936,Band,Band,3rd–4th century,,,,"Linen, wool; tapestry weave","H. 25 in. (63.5 cm)
W. 2 in. (5.1 cm)",,Egypt,,,Rabbits,,,,,,,Islamic Art,Textiles,,False,True,https://www.metmuseum.org/art/collection/search/445936,https://images.metmuseum.org/CRDImages/is/original/87673.jpg,0,,,
741572,Stucco Fragment,Fragment,probably 8th–12th century,,,,Stucco; carved,"H. 1 in. (2.5 cm)
W. 13/16 in. (2 cm)
D. 13/16 in. (2 cm)",,Iran,,Nishapur,,,,,,,,Islamic Art,Stucco,,False,True,https://www.metmuseum.org/art/collection/search/741572,https://images.metmuseum.org/CRDImages/is/original/LC-N205-front.jpg,1,,,
452084,Bottle with Running Quadrupeds,Bottle,17th century,,,,Stonepaste; painted in blue under transparent glaze,"H. 12 5/16 in. (31.3 cm)
Gr. D. 7 15/16 in. (20.2 cm)",,Iran,,,Animals,,,,,,,Islamic Art,Ceramics,,False,True,https://www.metmuseum.org/art/collection/search/452084,https://images.metmuseum.org/CRDImages/is/original/wb-1970.38.JPG,2,https://www.wikidata.org/wiki/Q116409806,,
457532,Coin,Coin,5th–14th century,,,,Copper,,,Iran,,Nishapur,,,,,,,,Islamic Art,Coins,,False,True,https://www.metmuseum.org/art/collection/search/457532,https://images.metmuseum.org/CRDImages/is/original/39.40.127.462a.JPG,0,,,
457247,Coin,Coin,dated 375 AH/985–86 CE,,,,Silver,"Ht. 7/8 in. (2.2 cm)
W. 13/16 in. (2.1 cm)
Th. 1/16 in. (0.1 cm)",,Iran,,Jurjan,,,,,,,,Islamic Art,Coins,,False,True,https://www.metmuseum.org/art/collection/search/457247,https://images.metmuseum.org/CRDImages/is/original/39.40.127.175a.JPG,1,,,
742176,Stucco Fragment,Fragment,probably 8th–12th century,,,,Stucco; carved,"H. 1 3/8 in. (3.5 cm)
W. 1 in. (2.5 cm)
D. 9/16 in. (1.5 cm)",,Iran,,Nishapur,,,,,,,,Islamic Art,Stucco,,False,True,https://www.metmuseum.org/art/collection/search/742176,https://images.metmuseum.org/CRDImages/is/original/LC-N808-front.jpg,1,,,
445035,Panel from a Minbar,Panel,13th–14th century,,,,"Wood; carved, inlaid with ivory and ebony, traces of paint",Max H. 7 in. (17.8 cm),,Egypt,,Cairo,,,,,,,,Islamic Art,Wood,,False,True,https://www.metmuseum.org/art/collection/search/445035,https://images.metmuseum.org/CRDImages/is/original/sf07-236-13a.jpg,1,https://www.wikidata.org/wiki/Q116242780,,
444287,Textile Fragment,Textile fragment,5th century,,,,"Wool, linen; plain weave, weft loop weave","Max. H. 64 15/16 in.  (165 cm)
Max. W. 50 9/16 in. (128.4 cm)",,Egypt,,,Peacocks,,,,,,,Islamic Art,Textiles,,False,True,https://www.metmuseum.org/art/collection/search/444287,https://images.metmuseum.org/CRDImages/is/original/DP320161.jpg,24,,,
446879,Bottle,Bottle,11th century,,,,Earthenware; unglazed,H. 5 1/8 in. (13 cm),,Iran,,,,,,,,,,Islamic Art,Ceramics,,False,True,https://www.metmuseum.org/art/collection/search/446879,https://images.metmuseum.org/CRDImages/is/original/sf17-43-4.jpg,0,,,
453137,Page of Calligraphy from a Kalila wa Dimna,Folio from an illustrated manuscript,second quarter 16th century,,,,Ink and opaque watercolor on paper,"Overall:
            H. 12 1/2 in. (31.8 cm)
            W. 8 7/8 in. (22.6 cm)
Average text size:
            H. 8 5/8 in. (21.9 cm)
            W. 4 7/8 in. (12.4 cm)",,India,,,Arabic|Calligraphy,,,,,,,Islamic Art,Codices,,False,True,https://www.metmuseum.org/art/collection/search/453137,https://images.metmuseum.org/CRDImages/is/original/sf1981-373-85b.jpg,1,,,
455295,Tiraz Textile Fragment,Textile fragment,dated 320 AH/932–33 CE,,,,"Linen; plain weave, embroidered in silk","Textile a: L. 7 in. (17.8 cm)
                W. 11 3/8 in. (28.9 cm)
Textile b: H. 5 1/2 in. (14 cm)
                 D. 3 1/4 in. (8.3 cm)
Mount: H. 11 1/4 in. (28.6 cm)
             W. 17 3/4 in. (45.1 cm)
             D. 1 1/8 in. (2.9 cm)",,Iraq,,,Arabic,,,,,,,Islamic Art,Textiles-Embroidered,,False,True,https://www.metmuseum.org/art/collection/search/455295,https://images.metmuseum.org/CRDImages/is/original/wb-31.106.55a.JPG,2,,,
448867,Fragment of a Handle with Wavy Band,Fragment,9th–11th century,,,,Earthenware; molded and applied,"H. 1 5/8 in. (4.1 cm)
W. 5 1/2 in. (14 cm)
D. 1 9/16 in. (4 cm)
Wt. 3.1 oz. (87.9 g)",,Iraq,,Ctesiphon,,,,,,,,Islamic Art,Ceramics,,False,True,https://www.metmuseum.org/art/collection/search/448867,https://images.metmuseum.org/CRDImages/is/original/sf32-150-416a.jpg,0,,,
443749,Fragment of a Tunic,Textile fragment,6th century,,,,"Wool, linen; plain weave, tapestry weave","Max. H. 8 7/16 in. (21.5 cm)
Max. W. 9 9/16 in. (24.3 cm)",,Egypt,,,,,,,,,,Islamic Art,Textiles,,False,True,https://www.metmuseum.org/art/collection/search/443749,https://images.metmuseum.org/CRDImages/is/original/83388.jpg,0,,,
881762,"Pendant with Fishes and Amulets, Part of a Set",Pendant,late 18th century,,,,Gold,"H. 9/16 in. (1.4 cm)
W. 3 3/16  in. (8.1 cm)
D. 5/16 in. (0.8 cm)",,Turkey or Iraq,,,,,,,,,,Islamic Art,Jewelry,,False,True,https://www.metmuseum.org/art/collection/search/881762,https://images.metmuseum.org/CRDImages/is/original/TR.154.5-8.2022.jpg,0,,,
741277,Stucco Fragment,Fragment,probably 8th–12th century,,,,"Stucco; carved, painted",L 4x W 3.5x H 1.5,,Iran,,Nishapur,,,,,,,,Islamic Art,Stucco,,False,True,https://www.metmuseum.org/art/collection/search/741277,https://images.metmuseum.org/CRDImages/is/original/LC-N1463-front.jpg,1,,,
446179,Page of Calligraphy from an Anthology of Poetry by Sa`di and Hafiz,Folio from a non-illustrated manuscript,late 15th century,,,,"Ink, opaque watercolor, silver, and gold on paper","H. 11 7/8 in. (30.2 cm)
W. 7 1/2 in. (19 cm)",,present-day Afghanistan,,Herat,Poetry|Calligraphy,Sa'di,Author,Iranian,1213,1291,,Islamic Art,Codices,"Iranian, Shiraz ca. 1213–1291 Shiraz",False,True,https://www.metmuseum.org/art/collection/search/446179,https://images.metmuseum.org/CRDImages/is/original/sf11-84-12v.jpg,2,,https://www.wikidata.org/wiki/Q170302,(not assigned)
448072,Ikat Fragment,Textile fragment,mid-11th century,,,,"Linen, silk; resist dyed (ikat), plain weave, tapestry weave","Textile: L. 9 1/2 in. (24.1 cm)
             W. 17 in. (43.2 cm)
Mount: L. 15 3/8 in. (39.1 cm)
            W. 22 in. (55.9 cm)
            Wt. 8 lbs. (3.6 kg)",,Egypt,,Fustat,,,,,,,,Islamic Art,Textiles-Woven,,False,True,https://www.metmuseum.org/art/collection/search/448072,https://images.metmuseum.org/CRDImages/is/original/DP160310.jpg,2,,,
450718,Tapestry,Band,ca. 1036–94,,,,"Linen, silk, metal wrapped thread; plain weave, tapestry weave","H. 4 in. (10.2 cm)
W. 10 in. (25.4 cm)",,Egypt,,,Arabic,,,,,,,Islamic Art,Textiles-Woven,,False,True,https://www.metmuseum.org/art/collection/search/450718,https://images.metmuseum.org/CRDImages/is/original/wb-46.156.1.JPG,3,,,
449450,Ewer with Inscriptions and Hunting Scenes,Ewer,11th century,,,,"Bronze; cast, engraved",H. 14 1/8 in. (35.9 cm),,Iran,,Nishapur,Men|Arabic|Hunting|Dogs|Rabbits,,,,,,,Islamic Art,Metal,,False,True,https://www.metmuseum.org/art/collection/search/449450,https://images.metmuseum.org/CRDImages/is/original/DP100755.jpg,7,https://www.wikidata.org/wiki/Q116273531,,
742320,Stucco Fragment,Fragment,probably 8th–12th century,,,,Stucco; carved,"H. 1 3/8 in. (3.5 cm)
W. 13/16 in. (2 cm)
D. 9/16 in. (1.5 cm)",,Iran,,Nishapur,,,,,,,,Islamic Art,Stucco,,False,True,https://www.metmuseum.org/art/collection/search/742320,https://images.metmuseum.org/CRDImages/is/original/LC-N952-front.jpg,1,,,
445261,Pashmina Carpet Fragment,Carpet fragment,first half 17th century,,,,"Silk (warp and weft), pashmina wool (pile); asymmetrically knotted pile","Textile: L. 13 1/2 in. (34.3 cm)
              W.  5 1/4 in. (13.3 cm)
Mount: L. 17 7/8 in. (45.4 cm)
            W. 10 1/8 in. (25.7 cm)
             D. 7/8 in. (2.2 cm)",,Northern India,,,Trees,,,,,,,Islamic Art,Textiles-Rugs,,False,True,https://www.metmuseum.org/art/collection/search/445261,https://images.metmuseum.org/CRDImages/is/original/DP229987.jpg,10,https://www.wikidata.org/wiki/Q116242677,,
453554,Coin Weight,Coin weight,13th–14th century,,,,Glass,"H. 1/4 in. (0.6 cm)
Diam. 1 1/16 in. (2.7 cm)
Wt. 0.2 oz. (5.7 g)",,Egypt,,,,,,,,,,Islamic Art,Glass,,False,True,https://www.metmuseum.org/art/collection/search/453554,https://images.metmuseum.org/CRDImages/is/original/sf08-256-19.jpg,0,,,
455395,Double Cordiform Pendant,Ornament,mid–late 19th century,,,,"Silver; fire-gilded and chased, with decorative wire, openwork, and cabochon carnelians","H. 7 1/2 in. (19.1 cm)
W. 7 1/8 in. (18.1 cm)",,,Central Asia or Iran,,,,,,,,,Islamic Art,Jewelry,,False,True,https://www.metmuseum.org/art/collection/search/455395,https://images.metmuseum.org/CRDImages/is/original/DP145207.jpg,1,,,
451649,Bowl with Rosette,Bowl,10th century,,,,Earthenware; white slip with polychrome slip decoration under transparent glaze,"H. 2 3/8 in. (6 cm)
Diam. of rim: 7 3/8 in. (18.7 cm)",,present-day Uzbekistan,,Samarqand,,,,,,,,Islamic Art,Ceramics,,False,True,https://www.metmuseum.org/art/collection/search/451649,https://images.metmuseum.org/CRDImages/is/original/DP100764.jpg,6,https://www.wikidata.org/wiki/Q116244385,,
451854,Fragment of a Plate,Fragment,10th century,,,,Earthenware; luster-painted,,,Iraq,,,Human Figures,,,,,,,Islamic Art,Ceramics,,False,True,https://www.metmuseum.org/art/collection/search/451854,https://images.metmuseum.org/CRDImages/is/original/sf66-95-1a.jpg,0,,,
741204,Stucco Fragment,Fragment,probably 8th–12th century,,,,"Stucco (mortar); carved, painted",L 2.5 x W 2.5 x H 1.5,,Iran,,Nishapur,,,,,,,,Islamic Art,Stucco,,False,True,https://www.metmuseum.org/art/collection/search/741204,https://images.metmuseum.org/CRDImages/is/original/LC-N1397-front.jpg,1,,,
452581,Carpet,Carpet,probably late 18th–early 19th century,,,,"Wool (warp, weft, and pile); symmetrically knotted pile","Rug: L. 75 1/2 in. (191.8 cm)
          W. 57 3/4 in. (146.7 cm)",,Turkey,,,,,,,,,,Islamic Art,Textiles-Rugs,,False,True,https://www.metmuseum.org/art/collection/search/452581,https://images.metmuseum.org/CRDImages/is/original/DT5467.jpg,9,,,
741110,Stucco Fragment,Fragment,probably 8th–12th century,,,,Stucco; carved and painted,"H. 1 9/16 in. (4 cm)
W. 1 9/16 in. (4 cm)
D. 1 in. (2.5 cm)",,Iran,,Nishapur,,,,,,,,Islamic Art,Stucco,,False,True,https://www.metmuseum.org/art/collection/search/741110,https://images.metmuseum.org/CRDImages/is/original/LC-N131-front.jpg,1,,,
450707,Textile Fragment,Textile fragment,4th–5th century,,,,Wool,"H. 15 1/2 in. (39.4 cm)
W. 5 1/4 in. (13.3 cm)",,Egypt,,,,,,,,,,Islamic Art,Textiles-Woven,,False,True,https://www.metmuseum.org/art/collection/search/450707,https://images.metmuseum.org/CRDImages/is/original/DP245932.jpg,2,,,
450351,String of Beads,String of beads,probably 8th–12th century,,,,"Stone, probably jet","L. 12 in. (30.5 cm)
Gr. Diam. 13/16 in. (2.1 cm)",,Iran,,Nishapur,,,,,,,,Islamic Art,Jewelry,,False,True,https://www.metmuseum.org/art/collection/search/450351,https://images.metmuseum.org/CRDImages/is/original/LC-40_170_697.jpg,0,https://www.wikidata.org/wiki/Q116409725,,
451276,"""Portrait of Zamana Beg, Mahabat Khan"", Folio from the Shah Jahan Album",Album leaf,recto: ca. 1610; verso: ca. 1530–40,,,,"Ink, opaque watercolor, and gold on paper","H. 15 1/4 in. (38.7 cm)
W. 10 5/16 in. (26.2 cm)",,India,,,Men|Profiles|Generals,Manohar,Artist,,1577,1624,,Islamic Art,Codices,active ca. 1582–1624,False,True,https://www.metmuseum.org/art/collection/search/451276,https://images.metmuseum.org/CRDImages/is/original/DP246561.jpg,5,,https://www.wikidata.org/wiki/Q99267778,http://vocab.getty.edu/page/ulan/500322026
448069,Textile Fragment,Textile fragment,mid-11th century,,,,Cotton and silk; tapestry woven,"L. 4 5/8 in. (11.8 cm)
W. 3 1/4 in. (8.3 cm)",,Egypt,,Fustat,,,,,,,,Islamic Art,Textiles-Woven,,False,True,https://www.metmuseum.org/art/collection/search/448069,https://images.metmuseum.org/CRDImages/is/original/LC-27_170_25.jpg,1,,,
741397,Stucco Fragment,Fragment,probably 8th–12th century,,,,"Stucco; carved, painted",L 7.5 x W 6.5 x H 2,,Iran,,Nishapur,,,,,,,,Islamic Art,Stucco,,False,True,https://www.metmuseum.org/art/collection/search/741397,https://images.metmuseum.org/CRDImages/is/original/LC-N1573-front.jpg,1,,,
448767,Ceramic Fragment,Fragment,8th–9th century,,,,Earthenware; glazed,,,Iraq,,Ctesiphon,,,,,,,,Islamic Art,Ceramics,,False,True,https://www.metmuseum.org/art/collection/search/448767,https://images.metmuseum.org/CRDImages/is/original/sf32-150-293a.jpg,0,,,
447845,Tunic with Dionysian Ornament,Tunic,probably 5th century,,,,Undyed linen with tapestry woven wool decorations,"H. 68 3/4 in. (174.6 cm)
W. 53 in. (135 cm)",,Egypt,,Akhmim (former Panopolis),Dionysus,,,,,,,Islamic Art,Textiles,,False,True,https://www.metmuseum.org/art/collection/search/447845,https://images.metmuseum.org/CRDImages/is/original/DT11753.jpg,13,,,
445544,Ceramic Fragment,Fragment,14th–15th century,,,,Earthenware; incised decoration through white slip and coloring under transparent glaze,,,Egypt,,,,,,,,,,Islamic Art,Ceramics,,False,True,https://www.metmuseum.org/art/collection/search/445544,https://images.metmuseum.org/CRDImages/is/original/sf08-256-259a.jpg,0,,,
457217,Coin,Coin,dated 370 AH/980 CE,,,,Silver,"Ht. 7/8 in. (2.3 cm)
W. 7/8 in. (2.3 cm)
Th.1/16 in. (0.1 cm)",,,,Astar-Abad,,,,,,,,Islamic Art,Coins,,False,True,https://www.metmuseum.org/art/collection/search/457217,https://images.metmuseum.org/CRDImages/is/original/39.40.127.145a.JPG,1,,,
457230,Coin,Coin,dated 37 AH?/98 CE ?,,,,Silver,"Ht. 1 in. (2.5 cm)
W. 15/16 in. (2.4 cm)
Th.1/16 in. (0.1 cm)",,Iran,,Nishapur,,,,,,,,Islamic Art,Coins,,False,True,https://www.metmuseum.org/art/collection/search/457230,https://images.metmuseum.org/CRDImages/is/original/39.40.127.158a.JPG,1,,,
449025,Bowl,Bowl,second half 14th century,,,,Brass; engraved and inlaid with silver,"H. 4 1/2 in. (11.4 cm)
Gr. Diam.  9 in.  (22.9 cm)
Diam. (at rim) 7 in. (17.8 cm)",,Iran,,,Human Figures,,,,,,,Islamic Art,Metal,,False,True,https://www.metmuseum.org/art/collection/search/449025,https://images.metmuseum.org/CRDImages/is/original/wb-35.64.2ff.JPG,8,,,
443196,Lid of a Censer,Lid,7th century,,,,Bronze; cast,"Object: H. 4 in. (10.2 cm)
              W. 3 3/4 in. (9.5 cm)
Object with mount: H. 4 15/16 in. (12.5 cm)
                                   W. 4 1/4 in. (10.8 cm)
                                   D. 2 1/2 in. (6.4 cm)
                                   Wt. 22.6 oz. (640.771 g)",,Egypt,,,Lions,,,,,,,Islamic Art,Metal,,False,True,https://www.metmuseum.org/art/collection/search/443196,https://images.metmuseum.org/CRDImages/is/original/sf89-2-551b.jpg,1,,,
445442,Ceramic Fragment,Ceramic fragment,probably 10th–12th century,,,,"Earthenware; molded, slipped and polychrome glazed",,,Egypt,,,,,,,,,,Islamic Art,Ceramics,,False,True,https://www.metmuseum.org/art/collection/search/445442,https://images.metmuseum.org/CRDImages/is/original/sf08-256-271-144.jpg,0,,,
443304,Textile Fragment,Textile fragment,3rd–4th century,,,,"Wool, linen; plain weave, tapestry weave","Max. H. 7 5/16 in. (18.5 cm)
Max. W. 6 1/2 in. (16.5 cm)",,Egypt,,,,,,,,,,Islamic Art,Textiles,,False,True,https://www.metmuseum.org/art/collection/search/443304,https://images.metmuseum.org/CRDImages/is/original/DP166024.jpg,1,,,
454474,Textile Fragment,Textile fragment,probably 17th century,,,,"Silk, metal thread","H. 16 in. (40.6 cm)
W. 2 in. (5.1 cm)",,Iran,,,Flowers,,,,,,,Islamic Art,Textiles,,False,True,https://www.metmuseum.org/art/collection/search/454474,https://images.metmuseum.org/CRDImages/is/original/tr.20.372.2002.jpg,1,,,
447684,Band,Band,early 19th century,,,,"Cotton, silk; embroidered","H. 4 1/2 in. (11.4 cm)
W. 16 1/2 in. (41.9 cm)",,Morocco,,Rabat,Flowers,,,,,,,Islamic Art,Textiles-Embroidered,,False,True,https://www.metmuseum.org/art/collection/search/447684,https://images.metmuseum.org/CRDImages/is/original/54261A.jpg,0,,,
445070,Panel,Panel,14th–15th century,,,,"Wood; carved, inlaid with ivory","Ht. 3 15/16 in. (10 cm)
W. 5 3/8 in. (13.6 cm)
D. 9/16 in. (1.4 cm)",,Egypt,,Cairo,,,,,,,,Islamic Art,Wood,,False,True,https://www.metmuseum.org/art/collection/search/445070,https://images.metmuseum.org/CRDImages/is/original/sf07-236-52a.jpg,0,,,
452002,Bowl,Bowl,12th–13th century,,,,Stonepaste; luster-painted,,,Iran,,Rayy,,,,,,,,Islamic Art,Ceramics,,False,True,https://www.metmuseum.org/art/collection/search/452002,https://images.metmuseum.org/CRDImages/is/original/sf68-215-9c.jpg,2,,,
741306,Stucco Fragment,Fragment,probably 8th–12th century,,,,Stucco; carved,"H. 3 1/8 in. (8 cm)
W. 2 3/8 in. (6 cm)
D. 1 in. (2.5 cm)",,Iran,,Nishapur,,,,,,,,Islamic Art,Stucco,,False,True,https://www.metmuseum.org/art/collection/search/741306,https://images.metmuseum.org/CRDImages/is/original/LC-N149-front.jpg,1,,,
443657,Fragment of a Tunic,Textile fragment,5th–6th century,,,,"Wool, linen; plain weave, tapestry weave","Max. H. 26 1/4 in. (66.7 cm)
Max. W. 16 1/4 in. (41.3 cm)",,Egypt,,Akhmim (former Panopolis),,,,,,,,Islamic Art,Textiles,,False,True,https://www.metmuseum.org/art/collection/search/443657,https://images.metmuseum.org/CRDImages/is/original/85139.jpg,0,,,
454352,Tile Panel,Tile panel,early 17th century,,,,Stonepaste; polychrome underglaze painted,"each tile: H. 9 1/2 in. (24.1 cm)
Wt. 98 lbs. (44.5 kg)  weight includes 17.190.2087",,Turkey,,Iznik,Flowers,,,,,,,Islamic Art,Ceramics-Tiles,,False,True,https://www.metmuseum.org/art/collection/search/454352,https://images.metmuseum.org/CRDImages/is/original/LC-17_190_2088.jpg,1,https://www.wikidata.org/wiki/Q116385685,,
452046,"""Bahram Gur Entertained by the Daughters of Barzin"", Folio from a Shahnama (Book of Kings)",Folio from an illustrated manuscript,1300–1330,,,,"Ink, opaque watercolor, silver, and gold on paper","Text block: 
                   H. 6 3/16 in. (15.7 cm)
                   W. 4 13/16 in. (12.2 cm)
Painting: 
                   H. 2 3/8 in. (6 cm)
                   W. 4 3/4 in. (12.1 cm)",,Northwestern Iran or Baghdad,,,Falcons|Men|Harps,Abu'l Qasim Firdausi,Author,Iranian,0935,1020,,Islamic Art,Codices,"Iranian, Paj ca. 940/41–1020 Tus",False,True,https://www.metmuseum.org/art/collection/search/452046,https://images.metmuseum.org/CRDImages/is/original/DP159353.jpg,2,,https://www.wikidata.org/wiki/Q43459,
448869,Fragment of a Handle with Wavy Band and Rosette-Shaped Thumb Rest,Handle,9th–11th century,,,,Earthenware; molded and applied,"H. 1 5/16 in. (3.3 cm)
W. 3 15/16 in. (10 cm)
D. 1 9/16 in. (4 cm)
Wt. 1 oz. (28.4 g)",,Iraq,,Ctesiphon,,,,,,,,Islamic Art,Ceramics,,False,True,https://www.metmuseum.org/art/collection/search/448869,https://images.metmuseum.org/CRDImages/is/original/sf32-150-428b.jpg,1,,,
444806,Vase,Vase,probably 18th–19th century,,,,"Glass; blown, painted, tooled","H.  8 7/8 in. (22.5 cm)
Max. Diam. 3 11/16 in. (9.4 cm)
Wt. 9.104 oz. (258.098g)",,Iran,,,Flowers,,,,,,,Islamic Art,Glass,,False,True,https://www.metmuseum.org/art/collection/search/444806,https://images.metmuseum.org/CRDImages/is/original/sf91-1-2058a.jpg,0,,,
448543,Bowl,Bowl,13th century,,,,Stonepaste; painted under transparent glaze,H. 5 in. (12.7 cm),,Iran,,Rayy,,,,,,,,Islamic Art,Ceramics,,False,True,https://www.metmuseum.org/art/collection/search/448543,https://images.metmuseum.org/CRDImages/is/original/sf30-112-50c.jpg,2,,,
451498,Fragment of a Cup,Fragment,9th–10th century,,,,Earthenware; unglazed,"H. 1 15/16 in. (4.9 cm)
W. 2 5/8 in. (6.7 cm)
D. 13/16 in. (2.1 cm)
Wt. 0.6 oz. (17 g)",,Saudi Arabia,,Dhahran,,,,,,,,Islamic Art,Ceramics,,False,True,https://www.metmuseum.org/art/collection/search/451498,https://images.metmuseum.org/CRDImages/is/original/sf60-23-1a.jpg,0,,,
449846,Pendant,Pendant,9th–10th century,,,,Gold,H. 9/16 in. (1.4 cm),,Iran,,Nishapur,,,,,,,,Islamic Art,Jewelry,,False,True,https://www.metmuseum.org/art/collection/search/449846,https://images.metmuseum.org/CRDImages/is/original/DP233249.jpg,1,https://www.wikidata.org/wiki/Q116256859,,
446294,"""A Bull"", Folio from a Dispersed Nuzhatnama-i ‘Ala’i of Shahmardan ibn Abi’l Khayr",Folio from an illustrated manuscript,early 15th century,,,,"Ink, opaque watercolor, and gold on paper","Painting with Text Block: H. 7 1/8 in. (18.1 cm)
                                            W. 4 1/4 in. (10.8 cm)
Page: H. 9 3/4 in. (24.8 cm)
           W. 6 9/16 in. (16.7 cm)
Mat:: H. 19 1/4 in. (48.9 cm)
         W. 14 1/4 in. (36.2 cm)",,Iran,,,Bulls|Flowers,Shamardan ibn Abi 'l Khayr,Author,Iranian,1075,1125,,Islamic Art,Codices,"Iranian, active late 11th–early 12th century",False,True,https://www.metmuseum.org/art/collection/search/446294,https://images.metmuseum.org/CRDImages/is/original/sf13-160-7r.jpg,2,,,
449571,Bowl,Bowl,9th–10th century,,,,"Earthenware; white slip, incised and splashed with polychrome glazes under transparent glaze (sgraffito ware)","Overall:
           H. 3 1/8 in. (8cm)
           Diam. 9 13/16 in. (25 cm)
Base: 
           Diam. 4 in. (10.2 cm)",,Iran,,Nishapur,,,,,,,,Islamic Art,Ceramics,,False,True,https://www.metmuseum.org/art/collection/search/449571,https://images.metmuseum.org/CRDImages/is/original/LC-39_40_37interior .jpg,4,,,
449069,Fragment of a Bowl,Fragment,9th–10th century,,,,Earthenware; white slip with black slip decoration under glaze,"H. 1 1/4 in. (3.2 cm)
W. 3 1/4 in. (8.3 cm)",,Iran,,Nishapur,Birds,,,,,,,Islamic Art,Ceramics,,False,True,https://www.metmuseum.org/art/collection/search/449069,https://images.metmuseum.org/CRDImages/is/original/dg-36.20.38_1.jpg,2,,,
453234,Chair (One of Set of Four),Chair,second half 18th century,,,,"Fruitwood, ivory, and cane","Ht. 35 3/8 in. (89.9 cm)
W. 21 7/8 in. (55.6 cm)
D. 17 3/4 in. (45.1 cm)",,India,,,,,,,,,,Islamic Art,Wood,,False,True,https://www.metmuseum.org/art/collection/search/453234,https://images.metmuseum.org/CRDImages/is/original/1984.47.2a.JPG,10,,,
443820,Fragment of a Tunic,Textile fragment,4th–5th century,,,,"Wool, linen; plain weave, tapestry weave","Max. H. 11 13/16 in. (30 cm)
Max. W. 3 1/4 in. (8.2 cm)",,Egypt,,,,,,,,,,Islamic Art,Textiles,,False,True,https://www.metmuseum.org/art/collection/search/443820,https://images.metmuseum.org/CRDImages/is/original/82952.jpg,0,,,
450199,Plate Fragment,Plate fragment,9th–10th century,,,,Earthenware; white slip with splashed polychrome glazes under transparent glaze,"H. 4 1/16 in. (10.3 cm)
W.  5 in. (12.7 cm)",,Iran,,Nishapur,,,,,,,,Islamic Art,Ceramics,,False,True,https://www.metmuseum.org/art/collection/search/450199,https://images.metmuseum.org/CRDImages/is/original/LC-40_170_530.jpg,1,,,
455064,Panel of a Tent Lining,Tent panel,1700–1740,,,,"Cotton; plain weave, mordant painted and dyed, resist dyed","Textile: H. 77 1/2 in. (196.9 cm)
             W. 51 in. (129.5 cm)",,India,Deccan,Burhanpur,Flowers,,,,,,,Islamic Art,Textiles-Painted and/or Printed,,False,True,https://www.metmuseum.org/art/collection/search/455064,https://images.metmuseum.org/CRDImages/is/original/DP123176.jpg,1,,,
445965,Fragment from a Molding with Acanthus Clusters under Arcades,Frieze fragment,5th–6th century,,,,Limestone; carved in relief,"H. 7 in. (17.8 cm)
W. 43 5/8 in. (110.8 cm)",,Egypt,,Bawit,,,,,,,,Islamic Art,Sculpture,,False,True,https://www.metmuseum.org/art/collection/search/445965,https://images.metmuseum.org/CRDImages/is/original/09.217.3.JPG,3,https://www.wikidata.org/wiki/Q116409215,,
741276,Stucco Fragment,Fragment,probably 8th–12th century,,,,"Stucco; carved, painted",L 4x W3 x H 1,,Iran,,Nishapur,,,,,,,,Islamic Art,Stucco,,False,True,https://www.metmuseum.org/art/collection/search/741276,https://images.metmuseum.org/CRDImages/is/original/LC-N1462-front.jpg,1,,,
453541,Coin Weight,Coin weight,11th century,,,,Glass,"H. 1/8 in. (0.3 cm)
Diam. 15/16 in. (2.4 cm)
Wt. 0.1 oz. (2.8 g)",,Egypt,,,,,,,,,,Islamic Art,Glass,,False,True,https://www.metmuseum.org/art/collection/search/453541,https://images.metmuseum.org/CRDImages/is/original/sf08-256-37.jpg,0,,,
447244,Tile,Tile,second half 17th century,,,,Stonepaste; polychrome glaze within black wax resist outlines (cuerda seca technique),"H. 8 5/8 in. (21.8 cm)
W. 8 3/4 in. (22.2 cm)
D. 7/8 in. (2.2 cm)",,Iran,,,Men,,,,,,,Islamic Art,Ceramics-Tiles,,False,True,https://www.metmuseum.org/art/collection/search/447244,https://images.metmuseum.org/CRDImages/is/original/DP149557.jpg,1,,,
448686,Jar,Jar,12th–13th century,,,,Earthenware; glazed and molded,"Ht. 19 11/16 in. (50 cm)
Diam. 12 3/16 in. (31 cm)",,Syria,,Raqqa,,,,,,,,Islamic Art,Ceramics,,False,True,https://www.metmuseum.org/art/collection/search/448686,https://images.metmuseum.org/CRDImages/is/original/sf32-100-467a.jpg,0,,,
452155,"""The Final Joust of the Rooks: Gudarz Versus Piran"", Folio 346r from the Shahnama (Book of Kings) of Shah Tahmasp",Folio from an illustrated manuscript,ca. 1525–30,,,,"Opaque watercolor, ink, silver, and gold on paper","Painting: 
             H. 11 in. (27.9 cm)
             W. 7 1/2 in. (19 cm)
Entire Page:
             H. 18 9/16 in. (47.1 cm)
             W. 12 3/4 in. (32.4 cm)",,Iran,,Tabriz,Men|Horses,Abu'l Qasim Firdausi,Author,Iranian,0935,1020,,Islamic Art,Codices,"Iranian, Paj ca. 940/41–1020 Tus",False,True,https://www.metmuseum.org/art/collection/search/452155,https://images.metmuseum.org/CRDImages/is/original/DP107161.jpg,1,https://www.wikidata.org/wiki/Q116281479,https://www.wikidata.org/wiki/Q43459,
445914,Sandal,Sandal,3rd–12th century,,,,Leather and papyrus,L. 9 13/16 in. (25 cm),,Egypt,,,Footwear,,,,,,,Islamic Art,Leather,,False,True,https://www.metmuseum.org/art/collection/search/445914,https://images.metmuseum.org/CRDImages/is/original/DP-13977-001.jpg,1,,,
787745,Shahsevan Saddle Bag Face,Saddle bag,ca. 1850,,,,Wool and cotton; sumak technique,"H. 17 in. (43.2 cm)
W. 22 in. (55.9 cm)",,Northwest Iran,,,,,,,,,,Islamic Art,Textiles,,False,True,https://www.metmuseum.org/art/collection/search/787745,https://images.metmuseum.org/CRDImages/is/original/K-9.jpg,0,,,
443441,Textile Fragment,Textile fragment,3rd–4th century,,,,"Wool, linen; plain weave, tapestry weave","Max. H. 31 1/2 in. (80 cm)
Max. W. 17 7/16 in. (44.3 cm)",,Egypt,,,,,,,,,,Islamic Art,Textiles,,False,True,https://www.metmuseum.org/art/collection/search/443441,https://images.metmuseum.org/CRDImages/is/original/52052.jpg,0,,,
445518,Fragment of a Bowl,Fragment,14th–15th century,,,,Earthenware; incised decoration through white slip and coloring under transparent glaze,,,Egypt,,,Fish,,,,,,,Islamic Art,Ceramics,,False,True,https://www.metmuseum.org/art/collection/search/445518,https://images.metmuseum.org/CRDImages/is/original/sf08-256-230a.jpg,0,,,
446290,"""Rustam Overpowers the King of Hamavaran"", Folio from a Shahnama (Book of Kings)",Folio from an illustrated manuscript,late 15th century,,,,"Ink, opaque watercolor, and gold on paper","Image: H. 10 1/2 in. (26.7 cm)
              W. 7 in. (17.8 cm)
Page: H. 12 in. (30.5 cm)
            W. 8 in. ( 20.3 cm)
Mat: H. 19 1/4 in. (48.9 cm)
        W. 14 1/4 in. (36.2 cm)",,India,,,Kings|Men|Horses,Abu'l Qasim Firdausi,Author,Iranian,0935,1020,,Islamic Art,Codices,"Iranian, Paj ca. 940/41–1020 Tus",False,True,https://www.metmuseum.org/art/collection/search/446290,https://images.metmuseum.org/CRDImages/is/original/DP215771.jpg,3,,https://www.wikidata.org/wiki/Q43459,
444175,Textile Fragment,Textile fragment,6th century,,,,"Wool, linen; plain weave, tapestry weave","Max. H. 4 5/16 in. (11 cm)
Max. W. 3 1/8 in. (8 cm)",,Egypt,,,,,,,,,,Islamic Art,Textiles,,False,True,https://www.metmuseum.org/art/collection/search/444175,https://images.metmuseum.org/CRDImages/is/original/83059.jpg,0,,,
446910,Dish,Dish,17th century,,,,"Stonepaste; underglaze painted in black, blue, and green with red and yellow slips",D. 13 1/4 in. (33.7 cm),,Iran,,,Flowers,,,,,,,Islamic Art,Ceramics,,False,True,https://www.metmuseum.org/art/collection/search/446910,https://images.metmuseum.org/CRDImages/is/original/sf17-120-51a.jpg,3,,,
741995,Stucco Fragment,Fragment,probably 8th–12th century,,,,Stucco; carved,"H. 1 9/16 in. (4 cm)
W. 1 in. (2.5 cm)
D. 9/16 in. (1.5 cm)",,Iran,,Nishapur,,,,,,,,Islamic Art,Stucco,,False,True,https://www.metmuseum.org/art/collection/search/741995,https://images.metmuseum.org/CRDImages/is/original/LC-N628-front.jpg,1,,,
444703,Box with Lid,Box with lid,probably 18th–19th century,,,,Glass,"L. 4 3/4 in.
W. 3 in.
H. 1 5/8 in.",,,,,,,,,,,,Islamic Art,Glass,,False,True,https://www.metmuseum.org/art/collection/search/444703,https://images.metmuseum.org/CRDImages/is/original/sf91-1-1483a.jpg,0,,,
451774,Bowl Depicting King Zahhak with Snakes Protruding from His Shoulders,Bowl,"12th–13th century, with alterations first half 20th century; or 20th century",,,,"Earthenware; slipped and carved under a transparent colorless, brown, and green glaze","H. 2 5/8 in. (6.7 cm)
Diam. 6 1/2 in. (16.5 cm)",,Northwestern Iran,,,Kings|Snakes,,,,,,,Islamic Art,Ceramics,,False,True,https://www.metmuseum.org/art/collection/search/451774,https://images.metmuseum.org/CRDImages/is/original/sf64-274-3c.jpg,2,,,
450815,Ring Stone,Ring stone,probably 8th–12th century,,,,Glass (?),"H. 5/16 in. (0.8 cm)
W. 1/4 in. (0.6 cm)",,Iran,,Nishapur,,,,,,,,Islamic Art,Jewelry,,False,True,https://www.metmuseum.org/art/collection/search/450815,https://images.metmuseum.org/CRDImages/is/original/sf48-101-63z.jpg,0,,,
451615,Square,Square,18th century,,,,Linen; embroidered in silk,"H. 44 in. (111.8 cm)
W. 47 in. (119.4 cm)",,Algeria,,,Flowers,,,,,,,Islamic Art,Textiles-Embroidered,,False,True,https://www.metmuseum.org/art/collection/search/451615,https://images.metmuseum.org/CRDImages/is/original/171279.jpg,0,,,
447511,Carpet,Carpet,17th century,,,,"Wool (warp, weft and pile), asymmetrically knotted pile","H. 74 in. (188 cm)
W. 48 in. (121.9 cm)",,Egypt,,,Flowers,,,,,,,Islamic Art,Textiles-Rugs,,False,True,https://www.metmuseum.org/art/collection/search/447511,https://images.metmuseum.org/CRDImages/is/original/wb-22.100.53.JPG,12,,,
445286,Bag,Bag,18th century,,,,Linen; embroidered in silk and metal thread,"H. 4 1/8 in. (10.5 cm)
W. 3 in. (7.6 cm)",,Iran,,,,,,,,,,Islamic Art,Textiles,,False,True,https://www.metmuseum.org/art/collection/search/445286,https://images.metmuseum.org/CRDImages/is/original/DP18729.jpg,2,,,
741677,Stucco Fragment,Fragment,probably 8th–12th century,,,,Stucco; carved,"H. 1 in. (2.5 cm)
W. 9/16 in. (1.5 cm)
D. 13/16 in. (2 cm)",,Iran,,Nishapur,,,,,,,,Islamic Art,Stucco,,False,True,https://www.metmuseum.org/art/collection/search/741677,https://images.metmuseum.org/CRDImages/is/original/LC-N310-front.jpg,1,,,
449788,Bowl,Bowl,9th–10th century,,,,"Earthenware; red slip, brown glaze","H. 1 15/16 in. (5 cm)
Diam. 3 3/4 in. (9.6 cm)
Base: 1 7/8 in. (4.8 cm)",,Iran,,Nishapur,,,,,,,,Islamic Art,Ceramics,,False,True,https://www.metmuseum.org/art/collection/search/449788,https://images.metmuseum.org/CRDImages/is/original/LC-40_170_94top.jpg,3,,,
457167,Coin,Coin,dated 375 AH/985 CE,,,,Silver,"Ht. 1 1/4 in. (3.1 cm)
W. 1 3/16 in. (3 cm)
Th. 1/16 in. (0.1 cm)",,Iran,,Nishapur,,,,,,,,Islamic Art,Coins,,False,True,https://www.metmuseum.org/art/collection/search/457167,https://images.metmuseum.org/CRDImages/is/original/39.40.127.95a.JPG,1,,,
444456,Tile,Tile,ca. 1571,,,,Stonepaste; painted and glazed,"H. 10 7 /8 in. (27.6 cm)
W. 10 3/4 in. (27.3 cm)",,Syria,,Damascus,,,,,,,,Islamic Art,Ceramics-Tiles,,False,True,https://www.metmuseum.org/art/collection/search/444456,https://images.metmuseum.org/CRDImages/is/original/DP-34212-001.jpg,3,,,
742300,Stucco Fragment,Fragment,probably 8th–12th century,,,,Stucco; carved,"L. (3 cm)
W. (3 cm)
D. (1 cm)
Wt.",,Iran,,Nishapur,,,,,,,,Islamic Art,Stucco,,False,True,https://www.metmuseum.org/art/collection/search/742300,https://images.metmuseum.org/CRDImages/is/original/LC-N932-front.jpg,1,,,
453539,Coin Weight,Coin weight,probably 11th century,,,,Glass,"H. 1/4 in. (0.6 cm)
W. 1 1/16 in. (2.7 cm)
D. 1 in. (2.5 cm)
Wt. 0.2 oz. (5.7 g)",,Egypt,,,,,,,,,,Islamic Art,Glass,,False,True,https://www.metmuseum.org/art/collection/search/453539,https://images.metmuseum.org/CRDImages/is/original/sf08-256-10.jpg,0,,,
448476,"""Prince With his Courtiers and Musicians"", Folio from the Davis Album",Illustrated  album leaf,early 18th century,,,,"Ink, opaque watercolor, and gold on paper","Page: H. 13 1/8 in. (33.3 cm)
            W. 8 1/4 in. ( 21 cm)
Painting: H. 8 5/8 in. (21.9 cm)
                 W. 5 5/8 in. (14.3 cm)
Mat: H. 19 1/4 in. (48.9 cm)
        W. 14 1/4 in. (36.2 cm)",,India,,,Musical Instruments|Princes|Men|Musicians,,,,,,,Islamic Art,Codices,,False,True,https://www.metmuseum.org/art/collection/search/448476,https://images.metmuseum.org/CRDImages/is/original/sf30-95-174-17a.jpg,0,,,
126796,Scarf,Scarf,19th century,,,,Silk; embroidered,[no dimensions available],,probably Turkey,,,Flowers,,,,,,,Islamic Art,Accessory-Neckwear-Womenswear,,False,True,https://www.metmuseum.org/art/collection/search/126796,https://images.metmuseum.org/CRDImages/is/original/CI41.110.38.jpg,1,,,
453466,Bowl,Bowl,9th–10th century,,,,Earthenware; red slip with polychrome slip decoration under glaze,"H. 1 3/4 in. (4.5 cm)
Diam.  5 3/16 in. (13.2 cm)",,Iran,,Nishapur,,,,,,,,Islamic Art,Ceramics,,False,True,https://www.metmuseum.org/art/collection/search/453466,https://images.metmuseum.org/CRDImages/is/original/LC-39_40_13interior.jpg,4,,,
450369,Star-Shaped Tile,Tile,13th century,,,,Stonepaste; luster-painted on opaque white glaze under transparent glaze,"H. 8 in. (20.3 cm)
Wt. 51 lbs. (23.1 kg)",,Iran,,,,,,,,,,Islamic Art,Ceramics-Tiles,,False,True,https://www.metmuseum.org/art/collection/search/450369,https://images.metmuseum.org/CRDImages/is/original/40.181.12.jpg,0,,,
447601,Textile Fragment,Fragment,4th–6th century,,,,"Linen, wool","H. 16 3/8 in. (41.6 cm)
W. 8 1/8 in. (20.6 cm)",,Egypt,,,,,,,,,,Islamic Art,Textiles,,False,True,https://www.metmuseum.org/art/collection/search/447601,https://images.metmuseum.org/CRDImages/is/original/51021.jpg,0,,,
444131,Textile Fragment,Textile fragment,5th century,,,,"Wool, linen; plain weave, tapestry weave","Max. H. 16 3/4 in. (42.6 cm)
Max. W. 1 3/4 in. (4.4 cm)",,Egypt,,,,,,,,,,Islamic Art,Textiles,,False,True,https://www.metmuseum.org/art/collection/search/444131,https://images.metmuseum.org/CRDImages/is/original/sf90-5-652a.jpg,1,,,
453299,Bowl,Bowl,10th–11th century,,,,Earthenware; incised and painted decoration on white slip ground under transparent glaze,"H. 3 in. (7.6 cm)
Diam. 7 1/4 in. (18.4 cm)",,Iran,,,,,,,,,,Islamic Art,Ceramics,,False,True,https://www.metmuseum.org/art/collection/search/453299,https://images.metmuseum.org/CRDImages/is/original/sf1988-44-1c.jpg,2,,,
446222,Jar,Jar,11th–12th century,,,,"Stonepaste; applied, glazed",H. 13 1/2 in. (34.3 cm),,Syria,,Raqqa,,,,,,,,Islamic Art,Ceramics,,False,True,https://www.metmuseum.org/art/collection/search/446222,https://images.metmuseum.org/CRDImages/is/original/12.150.jpg,1,,,
698669,Textile Fragment,Textile fragment,17th century,,,,Silk and metal wrapped thread; brocaded,"L. 11 in. (27.9 cm) 
W. 3 in. (7.6  cm)",,Iran,,,Flowers,,,,,,,Islamic Art,Textiles-Brocades,,False,True,https://www.metmuseum.org/art/collection/search/698669,https://images.metmuseum.org/CRDImages/is/original/DP-13343-097.jpg,1,,,
446961,Jar,Jar,12th–13th century,,,,Stonepaste; polychrome inglaze and overglaze painted (mina'i),H. 5 1/2 in. (14 cm),,Iran,,,Animals|Horses,,,,,,,Islamic Art,Ceramics,,False,True,https://www.metmuseum.org/art/collection/search/446961,https://images.metmuseum.org/CRDImages/is/original/sf17-120-183c.jpg,2,,,
445413,Fragment of a Bowl,Fragment,14th–15th century,,,,Earthenware; incised decoration through white slip and coloring under transparent glaze,"H. 3 1/16 in. (7.8 cm)
W. 6 5/16 in. (16 cm)
D. 4 3/4 in. (12.1 cm)
Wt. 16.5 oz. (467.8 g)",,Egypt,,,,,,,,,,Islamic Art,Ceramics,,False,True,https://www.metmuseum.org/art/collection/search/445413,https://images.metmuseum.org/CRDImages/is/original/sf08-256-111b.jpg,1,,,
457432,Coin,Coin,198–204 AH/813–19 CE,,,,Copper,,,Iran,,Nishapur,,,,,,,,Islamic Art,Coins,,False,True,https://www.metmuseum.org/art/collection/search/457432,https://images.metmuseum.org/CRDImages/is/original/39.40.127.361a.JPG,1,,,
740901,Stucco Fragment,Fragment,probably 8th–12th century,,,,Stucco; carved,"H. 2 3/8 in. (6 cm)
W. 1 3/4 in. (4.5 cm)
D. 13/16 in. (2 cm)",,Iran,,Nishapur,,,,,,,,Islamic Art,Stucco,,False,True,https://www.metmuseum.org/art/collection/search/740901,https://images.metmuseum.org/CRDImages/is/original/LC-N1119-front.jpg,1,,,
742211,Stucco Fragment,Fragment,probably 8th–12th century,,,,Stucco; carved,"H. 1 9/16 in. (4 cm)
W. 13/16 in. (2 cm)
D. 9/16 in. (1.5 cm)",,Iran,,Nishapur,,,,,,,,Islamic Art,Stucco,,False,True,https://www.metmuseum.org/art/collection/search/742211,https://images.metmuseum.org/CRDImages/is/original/LC-N843-front.jpg,1,,,
451525,Ceramic Fragment,Fragment,9th century,,,,"Earthenware; molded decoration, glazed",,,Saudi Arabia,,Dhahran,,,,,,,,Islamic Art,Ceramics,,False,True,https://www.metmuseum.org/art/collection/search/451525,https://images.metmuseum.org/CRDImages/is/original/sf60-23-29a.jpg,0,,,
741332,Stucco Fragment,Fragment,probably 8th–12th century,,,,"Stucco; carved, painted",L 6 x W 3 x H 2,,Iran,,Nishapur,,,,,,,,Islamic Art,Stucco,,False,True,https://www.metmuseum.org/art/collection/search/741332,https://images.metmuseum.org/CRDImages/is/original/LC-N1513-back.jpg,1,,,
742031,Stucco Fragment,Fragment,probably 8th–12th century,,,,Stucco; carved,"H. 3 9/16 in. (9 cm)
W. 3 1/8 in. (8 cm)
D. 1 3/5 in. (4.5 cm)",,Iran,,Nishapur,,,,,,,,Islamic Art,Stucco,,False,True,https://www.metmuseum.org/art/collection/search/742031,https://images.metmuseum.org/CRDImages/is/original/LC-N664-front.jpg,1,,,
444896,Tile Spandrel,Tile spandrel,17th century,,,,Stonepaste; polychrome painted under transparent glaze,"Max H. 22 3/16 in. (56.4 cm)
Max W. 15 1/16 in. (38.3 cm)
D. 1 1/4 in. (3.2 cm)",,Turkey,,Iznik,Flowers,,,,,,,Islamic Art,Ceramics-Tiles,,False,True,https://www.metmuseum.org/art/collection/search/444896,"https://images.metmuseum.org/CRDImages/is/original/02.5.89,90.jpg",0,https://www.wikidata.org/wiki/Q116409205,,
443920,Textile Fragment,Textile fragment,2nd–3rd century,,,,"Wool, linen; plain weave","Max. H. 3 13/16 in. (9.7 cm)
Max. W. 3 15/16 in. (10 cm)",,Egypt,,,,,,,,,,Islamic Art,Textiles,,False,True,https://www.metmuseum.org/art/collection/search/443920,https://images.metmuseum.org/CRDImages/is/original/83447.jpg,0,,,
449702,Bowl,Bowl,8th–9th century,,,,"Earthenware; opaque white glaze, decoration in green and black","H. 2 7/16 in. (6.2 cm)
Diam.  8 1/4 in. (21 cm)",,Iran,,Nishapur,,,,,,,,Islamic Art,Ceramics,,False,True,https://www.metmuseum.org/art/collection/search/449702,https://images.metmuseum.org/CRDImages/is/original/jh-40.170.6.JPG,0,,,
454469,Textile Fragment,Textile fragment,16th–17th century,,,,"Silk, metal thread","H. 19 1/4 in. (48.9 cm)
W. 6 3/8 in. (16.2 cm)",,Turkey,,,Flowers,,,,,,,Islamic Art,Textiles,,False,True,https://www.metmuseum.org/art/collection/search/454469,https://images.metmuseum.org/CRDImages/is/original/Tr.20.359.2002.jpg,1,,,
447176,Ewer,Ewer,12th–13th century,,,,Stonepaste; luster-painted,"Ht. 11 1/2 in. (29.2 cm)
W. 5 15/16 in. (15.1 cm)
D. 5 7/8 in. (15 cm)",,Iran,,Rayy,,,,,,,,Islamic Art,Ceramics,,False,True,https://www.metmuseum.org/art/collection/search/447176,https://images.metmuseum.org/CRDImages/is/original/LC-20_120_87-view2.jpg,3,,,
446579,Jahangir Visiting a Holy Man,Album leaf,19th century,,,,"Ink, opaque watercolor, and gold on paper","Painting: H.10 in. (25.4 cm)
                W. 6 7/8 in. (17.5 cm)
Page: H. 14 7/8 in. (37.8 cm)
           W. 10 1/16 in. (25.6 cm)
Mat: H. 19 1/4 in. (48.9 cm)
        W.  14 1/4 in. (36.2 cm)",,India,,,Musical Instruments|Kings|Men|Flowers|Landscapes|Leaves,,,,,,,Islamic Art,Codices,,False,True,https://www.metmuseum.org/art/collection/search/446579,https://images.metmuseum.org/CRDImages/is/original/sf13-228-45r.jpg,2,,,
443323,Textile Fragment,Textile fragment,4th century,,,,"Wool, linen; plain weave, tapestry weave","H. 2 1/4 in. (5.7 cm)
W. 2 1/4 in. (5.7 cm)",,Egypt,,,,,,,,,,Islamic Art,Textiles,,False,True,https://www.metmuseum.org/art/collection/search/443323,https://images.metmuseum.org/CRDImages/is/original/42889.jpg,0,,,
450179,Fragments of a Bowl,Fragments of a bowl,9th–10th century,,,,"Earthenware; reddish body, white slip and brownish decoration under glaze","40.170.509a: Ht. 3 3/4 in. (9.5 cm)
                         W. 4 1/4 in. (10.8 cm)
40.170.509b: Ht. 2 in. (5.1 cm)
                         W. 2 1/2 in. (6.4 cm)",,Iran,,Nishapur,,,,,,,,Islamic Art,Ceramics,,False,True,https://www.metmuseum.org/art/collection/search/450179,https://images.metmuseum.org/CRDImages/is/original/LC-40_170_509_a.jpg,3,,,
453431,Ceramic Fragment,Fragment,15th century,,,,Earthenware; incised decoration through a white slip and coloring under transparent glaze,,,Egypt,,,,,,,,,,Islamic Art,Ceramics,,False,True,https://www.metmuseum.org/art/collection/search/453431,https://images.metmuseum.org/CRDImages/is/original/07.238.62.JPG,0,,,
453650,Folio from the so-called “Sulayhid Qur’an”,Folio from a Qur'an manuscript,AH 417/1026 CE and later in the 11th century,,,,"Ink, gold, and opaque watercolor on paper","H. 13 7/8 in. (35.2 cm)
W. 8 9/16 in. (21.7cm)",,Cairo and Yemen,,,,,,,,,,Islamic Art,Codices,,False,True,https://www.metmuseum.org/art/collection/search/453650,https://images.metmuseum.org/CRDImages/is/original/sf40-164-4b-r.jpg,3,,,
457828,Pendant,Pendant,9th–14th century,,,,Glass,"Ht. 2 3/8 in. (6 cm)
W. 3/8 in. (1 cm)
D. 3/8 in. (1 cm)",,Egypt possibly (modern),,,,,,,,,,Islamic Art,Glass,,False,True,https://www.metmuseum.org/art/collection/search/457828,https://images.metmuseum.org/CRDImages/is/original/vs89.2.424.jpg,0,,,
450479,Bowl,Bowl,13th century,,,,Stonepaste; luster-painted on opaque white glaze,"Ht. 4 1/8 in (10.4 cm)
Diam. 8 3/4 in. (22.3 cm)",,Iran,,Kashan,Faces,,,,,,,Islamic Art,Ceramics,,False,True,https://www.metmuseum.org/art/collection/search/450479,https://images.metmuseum.org/CRDImages/is/original/wb-41.199.3.JPG,4,,,
457317,Coin,Coin,141–50 AH/758–68 CE,,,,Copper,"Ht. 13/16 in. (2 cm)
W. 3/4 in. (1.9 cm)
Th. 1/16 in. (0.1 cm)",,Iran,,Nishapur,,,,,,,,Islamic Art,Coins,,False,True,https://www.metmuseum.org/art/collection/search/457317,https://images.metmuseum.org/CRDImages/is/original/39.40.127.245a.JPG,1,,,
443546,Textile Fragment,Textile fragment,4th century,,,,"Wool, linen; plain weave, tapestry weave, weft loop weave","Max. H.10 11/16 in. (27.2 cm)
Max. W. 10 11/16 in. (27.2 cm)",,Egypt,,,Human Figures,,,,,,,Islamic Art,Textiles,,False,True,https://www.metmuseum.org/art/collection/search/443546,https://images.metmuseum.org/CRDImages/is/original/sf89-18-333a.jpg,1,,,
659894,Cutout,Cutout,ca. 1892,,,,Brass; chased,"H. 8 1/4 in. (21 cm)
W. 5 1/4 in. (13.3 cm)",,India,,Ahmedabad,,Lockwood de Forest,Designer,American,1850,1932,,Islamic Art,Metal,"American, New York 1850–1932 Santa Barbara, California",False,True,https://www.metmuseum.org/art/collection/search/659894,https://images.metmuseum.org/CRDImages/is/original/DP-13343-007.jpg,1,,https://www.wikidata.org/wiki/Q1748371,http://vocab.getty.edu/page/ulan/500018434
445562,Fragment of a Bowl,Fragment,14th–15th century,,,,Earthenware; incised decoration through white slip and coloring under transparent glaze,,,Egypt,,,,,,,,,,Islamic Art,Ceramics,,False,True,https://www.metmuseum.org/art/collection/search/445562,https://images.metmuseum.org/CRDImages/is/original/sf08-256-281a.jpg,0,,,
445269,Ewer,Ewer,12th–13th century,,,,Stonepaste; opaque turquoise glaze,H. 6 3/4 in. (17.1 cm),,Syria,,Raqqa,,,,,,,,Islamic Art,Ceramics,,False,True,https://www.metmuseum.org/art/collection/search/445269,https://images.metmuseum.org/CRDImages/is/original/sf08-110-6b.jpg,2,,,
450794,Fragment of Ewer,Fragment,8th–13th century,,,,Earthenware; glazed,"Ht. 2 1/4 in. (5.7 cm)
W. 3 in. (7.6 cm)
D. 1/2 in. (1.3 cm)",,Iran,,Nishapur,,,,,,,,Islamic Art,Ceramics,,False,True,https://www.metmuseum.org/art/collection/search/450794,https://images.metmuseum.org/CRDImages/is/original/LC-48_101_40.jpg,1,,,
454049,Prince and Ladies in a Garden,Illustrated single work,mid-18th century,,,,"Ink, opaque watercolor, and gold on paper","H. 10 5/8 in. (27 cm)
W. 7 3/8 in. (18.7 cm)",,India,,Lucknow,Gardens|Princes|Couples|Men|Women|Smoking|Hookah,Nidha Mal,Artist,Indian,1710,1799,,Islamic Art,Codices,"Indian, active ca. 1735–75",False,True,https://www.metmuseum.org/art/collection/search/454049,https://images.metmuseum.org/CRDImages/is/original/DP246522.jpg,5,,,
451215,Textile Fragment,Textile fragment,8th–9th century,,,,Wool; embroidered,"H. 4 1/2 in. (11.4 cm)
W. 3 1/2 in. (8.9 cm)",,Egypt,,,,,,,,,,Islamic Art,Textiles-Embroidered,,False,True,https://www.metmuseum.org/art/collection/search/451215,https://images.metmuseum.org/CRDImages/is/original/159092.jpg,0,,,
448520,Textile Fragment,Textile fragment,13th century,,,,Linen; block-printed and embroidered,"L. 3 3/4 in. (9.5 cm)
W. 5 1/2 in. (14 cm)",,Egypt,,probably Fustat,,,,,,,,Islamic Art,Textiles-Painted and/or Printed,,False,True,https://www.metmuseum.org/art/collection/search/448520,https://images.metmuseum.org/CRDImages/is/original/80479.jpg,0,,,
451356,Bowl,Bowl,12th century,,,,Stonepaste; underglaze painted,"H. 3 in. (7.6 cm)
Diam. 10 1/2 in. (26.7 cm)",,Syria,,Raqqa,Birds,,,,,,,Islamic Art,Ceramics,,False,True,https://www.metmuseum.org/art/collection/search/451356,https://images.metmuseum.org/CRDImages/is/original/ISL118.jpg,0,,,
442910,Lamp,Lamp,13th–14th century,,,,Earthenware; glazed,H. 3 1/4 in. (8.3 cm),,Egypt,,,,,,,,,,Islamic Art,Ceramics,,False,True,https://www.metmuseum.org/art/collection/search/442910,https://images.metmuseum.org/CRDImages/is/original/sf-x-252-4a.jpg,1,,,
451905,Hexagonal Tile,Hexagonal tile,15th century,,,,Stonepaste; underglaze painted,,,Egypt,,,Leaves,,,,,,,Islamic Art,Ceramics-Tiles,,False,True,https://www.metmuseum.org/art/collection/search/451905,https://images.metmuseum.org/CRDImages/is/original/67-69-6.jpg,0,,,
444558,Bowl,Bowl,17th century,,,,Copper; damascened with silver,"H. 2 15/16 in. (7.5 cm)
Diam. 6 9/16 in. (16.7 cm)
Wt. 15 oz. (425.3 g)",,Iran,,,,,,,,,,Islamic Art,Metal,,False,True,https://www.metmuseum.org/art/collection/search/444558,https://images.metmuseum.org/CRDImages/is/original/DP328574.jpg,3,,,
453499,Textile Fragment,Fragment,14th century,,,,"Silk and metal thread, woven in the lampas technique","Textile: L. 13 3/4 in. (35 cm)
              W. 14 5/8 in. (37.2 cm)
Mount: L. 18 3/8 in. (46.7 cm)
             W. 19 9/16 in. (49.7 cm)
             D. 1 3/4 in. (4.4 cm)",,Italy,,Lucca,Animals|Birds,,,,,,,Islamic Art,Textiles,,False,True,https://www.metmuseum.org/art/collection/search/453499,https://images.metmuseum.org/CRDImages/is/original/1998.196.JPG,1,,,
446907,Ewer with Horsemen and Sphinxes,Ewer,last quarter 12th–early 13th century,,,,Stonepaste; polychrome inglaze and overglaze painted and gilded on opaque white glaze (mina'i).,H. 4 3/4 in. (12.1 cm),,Iran,,,Sphinx|Horses,,,,,,,Islamic Art,Ceramics,,False,True,https://www.metmuseum.org/art/collection/search/446907,https://images.metmuseum.org/CRDImages/is/original/sf17-120-44b.jpg,4,https://www.wikidata.org/wiki/Q116242692,,
445619,Ceramic Fragment,Fragment,15th century,,,,Earthenware; glazed,,,Spain,,,,,,,,,,Islamic Art,Ceramics,,False,True,https://www.metmuseum.org/art/collection/search/445619,https://images.metmuseum.org/CRDImages/is/original/sf08-256-347a.jpg,0,,,
446629,Lamp,Lamp,3rd–8th century,,,,Earthenware; molded,2 1/2 in. (6.4 cm),,Egypt,,Thebes,,,,,,,,Islamic Art,Ceramics,,False,True,https://www.metmuseum.org/art/collection/search/446629,https://images.metmuseum.org/CRDImages/is/original/sf14-6-76.jpg,0,,,
444245,Textile Fragment,Textile fragment,5th–6th century,,,,"Wool, linen; plain weave, tapestry weave","Max. H. 12 3/8 in. (31.5 cm)
Max. W. 8 7/8 in. (22.5 cm)",,Egypt,,,,,,,,,,Islamic Art,Textiles,,False,True,https://www.metmuseum.org/art/collection/search/444245,https://images.metmuseum.org/CRDImages/is/original/83067.jpg,0,,,
741733,Stucco Fragment,Fragment,probably 8th–12th century,,,,Stucco; carved,"H. 1 9/16 in. (4 cm)
W. 1 in. (2.5 cm)
D. 13/16 in. (2 cm)",,Iran,,Nishapur,,,,,,,,Islamic Art,Stucco,,False,True,https://www.metmuseum.org/art/collection/search/741733,https://images.metmuseum.org/CRDImages/is/original/LC-N366-front.jpg,1,,,
444335,Fragment with a Mounted Horseman,Textile fragment,7th–8th century,,,,"Linen, wool","Max. H. 4 3/16 in. (10.6 cm)
Max. W. 3 3/8 in. (8.6 cm)",,Egypt,,,,,,,,,,Islamic Art,Textiles,,False,True,https://www.metmuseum.org/art/collection/search/444335,https://images.metmuseum.org/CRDImages/is/original/68955.jpg,1,,,
443900,Fragment of a Sleeve,Textile fragment,5th–6th century,,,,"Wool, linen; plain weave, tapestry weave","Max. H. 8 7/8 in. (22.5 cm)
Max. W. 9 5/16 in. (23.7 cm)",,Egypt,,,,,,,,,,Islamic Art,Textiles,,False,True,https://www.metmuseum.org/art/collection/search/443900,https://images.metmuseum.org/CRDImages/is/original/82969.jpg,0,,,
446601,"""King Salih of Syria Entertaining Two Dervishes"", Folio from a Bustan (Orchard) of Sa'di",Folio from an illustrated manuscript,17th century,,,,"Ink, opaque watercolor, and gold on paper",,,,,,Men,Sa'di,Author,Iranian,1213,1291,,Islamic Art,Codices,"Iranian, Shiraz ca. 1213–1291 Shiraz",False,True,https://www.metmuseum.org/art/collection/search/446601,https://images.metmuseum.org/CRDImages/is/original/sf13-228-23-f94r.jpg,2,,https://www.wikidata.org/wiki/Q170302,(not assigned)
742112,Stucco Fragment,Fragment,probably 8th–12th century,,,,"Stucco; carved, painted","H. 4 3/4 in. (12 cm)
W. 2 9/16 in. (6.5 cm)
D. 13/16 in. (2 cm)",,Iran,,Nishapur,,,,,,,,Islamic Art,Stucco,,False,True,https://www.metmuseum.org/art/collection/search/742112,https://images.metmuseum.org/CRDImages/is/original/LC-N745-front.jpg,1,,,
448777,Ceramic Fragment,Fragment,8th–9th century,,,,Earthenware; glazed,"H. 2 in. (5.1 cm)
W. 3 1/2 in. (8.9 cm)
D. 1 1/8 in. (2.9 cm)",,Iraq,,Ctesiphon,,,,,,,,Islamic Art,Ceramics,,False,True,https://www.metmuseum.org/art/collection/search/448777,https://images.metmuseum.org/CRDImages/is/original/sf32-150-303a.jpg,0,,,
451858,"Tile, Half Star",Tile fragment,dated 616 AH/1218–19 CE,,,,Stonepaste; luster-painted on opaque white glaze under transparent colorless glaze,,,Iran,,Kashan,Human Figures,,,,,,,Islamic Art,Ceramics-Tiles,,False,True,https://www.metmuseum.org/art/collection/search/451858,https://images.metmuseum.org/CRDImages/is/original/sf66-95-5.jpg,1,,,
443990,Textile Fragment,Textile fragment,7th–8th century,,,,"Wool, linen; tapestry weave","Max. H. 7 1/16 in. (18 cm)
Max. W. 2 5/8 in. (6.6 cm)",,Egypt,,,,,,,,,,Islamic Art,Textiles,,False,True,https://www.metmuseum.org/art/collection/search/443990,https://images.metmuseum.org/CRDImages/is/original/sf90-5-504.jpg,1,,,
449977,Lamp,Lamp,9th–10th century,,,,Earthenware; red body under green glaze,"H. 1 15/16 in. (5 cm)
W. 4 5/16 in. (11 cm)
D.  5 9/16 in. (14.2 cm)",,Iran,,Nishapur,,,,,,,,Islamic Art,Ceramics,,False,True,https://www.metmuseum.org/art/collection/search/449977,https://images.metmuseum.org/CRDImages/is/original/LC-40_170_ 297overall.jpg,3,,,
767842,Prince Holding a Falcon,Painting,ca 1820,,,,Oil on canvas,"H. 75 3/16 in. (191 cm)
W. 29 1/2 in. (74.9 cm)",,Iran,,,Falcons|Princes|Men|Portraits,,,,,,,Islamic Art,Paintings,,False,True,https://www.metmuseum.org/art/collection/search/767842,https://images.metmuseum.org/CRDImages/is/original/DP-15521-001.jpg,2,https://www.wikidata.org/wiki/Q78611826,,
443525,Textile Fragment,Textile fragment,3rd–4th century,,,,"Wool, linen; plain weave, tapestry weave","Max. H. 27 1/2 in. (69.9 cm)
Max. W. 6 in. (15.2 cm)",,Egypt,,,,,,,,,,Islamic Art,Textiles,,False,True,https://www.metmuseum.org/art/collection/search/443525,https://images.metmuseum.org/CRDImages/is/original/73653.jpg,0,,,
741868,Stucco Fragment,Fragment,probably 8th–12th century,,,,"Stucco; carved, painted","H. 2 3/16 in. (5.5 cm)
W. 1 3/16 in. (3 cm)
D. 13/16 in. (2 cm)",,Iran,,Nishapur,,,,,,,,Islamic Art,Stucco,,False,True,https://www.metmuseum.org/art/collection/search/741868,https://images.metmuseum.org/CRDImages/is/original/LC-N501-front.jpg,1,,,
445452,Ceramic Fragment,Fragment,14th century,,,,Stonepaste; polychrome painted under transparent glaze,,,Syria,,,,,,,,,,Islamic Art,Ceramics,,False,True,https://www.metmuseum.org/art/collection/search/445452,https://images.metmuseum.org/CRDImages/is/original/sf08-256-156a.jpg,0,,,
449910,Beaker,Beaker,9th–10th century,,,,Glass; cut,"H. 4 5/16 in. (11 cm)
Diam. 2 15/16 in. (7.5 cm)",,Iran,,Nishapur,,,,,,,,Islamic Art,Glass,,False,True,https://www.metmuseum.org/art/collection/search/449910,https://images.metmuseum.org/CRDImages/is/original/40.170.226-D.jpg,0,,,
443346,Textile Fragment,Textile fragment,3rd–4th century,,,,"Wool, linen; plain weave, tapestry weave","Max. H. 19 in. (48.3 cm)
Max. W. 23 1/4 in. (59 cm)",,Egypt,,,,,,,,,,Islamic Art,Textiles,,False,True,https://www.metmuseum.org/art/collection/search/443346,https://images.metmuseum.org/CRDImages/is/original/78513.jpg,0,,,
448719,Bowl,Bowl,7th–8th century,,,,"Glass; blown, tooled","Ht. 1 1/4 in. (3.2 cm)
Diam. 3 7/8 in. (9.9 cm)",,Iraq,,Ctesiphon,,,,,,,,Islamic Art,Glass,,False,True,https://www.metmuseum.org/art/collection/search/448719,https://images.metmuseum.org/CRDImages/is/original/sf32-150-142b.jpg,1,,,
450258,Fragment of Jar,Fragment,9th–10th century,,,,Earthenware; unglazed,,,Iran,,Nishapur,,,,,,,,Islamic Art,Ceramics,,False,True,https://www.metmuseum.org/art/collection/search/450258,https://images.metmuseum.org/CRDImages/is/original/jh-40.170.595.JPG,0,,,
457113,Coin,Coin,dated 376 AH/986  CE,,,,Silver,"Ht. 1 1/8 in. (2.9 cm)
W. 1 3/16 in. (3 cm)
Th. 1/16 in. (0.1 cm)",,Iran,,Nishapur,,,,,,,,Islamic Art,Coins,,False,True,https://www.metmuseum.org/art/collection/search/457113,https://images.metmuseum.org/CRDImages/is/original/39.40.127.41a.JPG,1,,,
742283,Stucco Fragment,Fragment,probably 8th–12th century,,,,"Stucco; carved, painted","H. 1 3/16 in. (3 cm)
W. 1 3/16 in. (3 cm)
D. 13/16 in. (2 cm)",,Iran,,Nishapur,,,,,,,,Islamic Art,Stucco,,False,True,https://www.metmuseum.org/art/collection/search/742283,https://images.metmuseum.org/CRDImages/is/original/LC-N915-front.jpg,1,,,
447598,Fragment of Band,Fragment,4th–6th century,,,,"Linen, wool","H. 56 1/2 in. (143.5 cm)
W. 21 1/4 in. (54 cm)",,Egypt,,,,,,,,,,Islamic Art,Textiles,,False,True,https://www.metmuseum.org/art/collection/search/447598,https://images.metmuseum.org/CRDImages/is/original/50978.jpg,0,,,
444627,Scissors,Scissors,18th–19th century,,,,Steel; damascened with gold,"H. 10 9/16 in. (26.8 cm)
W. 1 11/16 in. (4.3 cm)
D. 5/16 in. (0.8 cm)
Wt. 3.6 oz. (102.1 g)",,Turkey,,,,,,,,,,Islamic Art,Metal,,False,True,https://www.metmuseum.org/art/collection/search/444627,https://images.metmuseum.org/CRDImages/is/original/DP155271.jpg,1,,,
448857,Ceramic Fragment,Fragment,8th–9th century,,,,Earthenware; incised,"H. 3 7/8 in. (9.8 cm)
W. 3 1/2 in. (8.9 cm)
D. 1 1/4 in. (3.2 cm)
Wt. 8.4 oz. (238.2 g)",,Iraq,,Ctesiphon,,,,,,,,Islamic Art,Ceramics,,False,True,https://www.metmuseum.org/art/collection/search/448857,https://images.metmuseum.org/CRDImages/is/original/sf32-150-392b.jpg,1,,,
443985,Textile Fragment,Textile fragment,4th century,,,,"Wool, linen; plain weave, tapestry weave","Max. H. 2 3/16 in. (5.5 cm)
Max. W. 2 3/16 in. (5.5 cm)",,Egypt,,,,,,,,,,Islamic Art,Textiles,,False,True,https://www.metmuseum.org/art/collection/search/443985,https://images.metmuseum.org/CRDImages/is/original/sf90-5-499.jpg,1,,,
446304,Fragment of a Bowl,Ceramic fragment,14th–15th century,,,,Earthenware; incised decoration through a white slip and coloring under a transparent glaze.,"H. 3 3/8 in. (9.6 cm)
W. 6 3/8 in. (16.2 cm)
D. 5 7/16 in. (13.8 cm)
Wt. 16.6 oz. (470.7 g)",,Egypt,,,,,,,,,,Islamic Art,Ceramics,,False,True,https://www.metmuseum.org/art/collection/search/446304,https://images.metmuseum.org/CRDImages/is/original/sf13-190-4a.jpg,1,,,
449409,Fragment of a Bowl,Fragment of a bowl,9th century,,,,"Earthenware; white slip with polychrome slip decoration under transparent glaze, incised","H. 3 9/16 in. (9 cm)
Diam. 9 1/2 in. (24.1 cm)",,Iran,,Nishapur,,,,,,,,Islamic Art,Ceramics,,False,True,https://www.metmuseum.org/art/collection/search/449409,https://images.metmuseum.org/CRDImages/is/original/LC-38_40_199-TOP.jpg,3,,,
445593,Ceramic Fragment,Ceramic fragment,11th century,,,,"Earthenware; tin enameled, luster-painted",,,Egypt,,,,,,,,,,Islamic Art,Ceramics,,False,True,https://www.metmuseum.org/art/collection/search/445593,https://images.metmuseum.org/CRDImages/is/original/sf08-256-317a.jpg,0,,,
445955,Panel,Panel,early 17th century,,,,"Silk, cotton, metal wrapped thread; cut and voided velvet, brocaded","H. 70 1/2 in. (179.1 cm)
W. 50 1/8 in. (127.3 cm)",,Turkey,,Bursa,,,,,,,,Islamic Art,Textiles,,False,True,https://www.metmuseum.org/art/collection/search/445955,https://images.metmuseum.org/CRDImages/is/original/SC145799.jpg,1,,,
449601,Bowl,Bowl,9th–10th century,,,,"Earthenware; white slip, decoration in black, glazed","H. 2 3/8 in. (6 cm)
Diam. 8 1/16 in. (20.5 cm)",,Iran,,Nishapur,,,,,,,,Islamic Art,Ceramics,,False,True,https://www.metmuseum.org/art/collection/search/449601,https://images.metmuseum.org/CRDImages/is/original/LC-39_40_69.jpg,2,,,
449307,Dice,Dice,9th–10th century,,,,Ivory or bone; incised and inlaid with paint,"H. 1 5/8 in. (4.1 cm)
W. 1 1/4 in. (3.2 cm)",,Iran,,Nishapur,Dice,,,,,,,Islamic Art,Gaming pieces,,False,True,https://www.metmuseum.org/art/collection/search/449307,https://images.metmuseum.org/CRDImages/is/original/38_40_93-04.jpg,5,https://www.wikidata.org/wiki/Q116273824,,
457651,Coin,Coin,8th–9th century,,,,Copper,,,Iran,,Nishapur,,,,,,,,Islamic Art,Coins,,False,True,https://www.metmuseum.org/art/collection/search/457651,https://images.metmuseum.org/CRDImages/is/original/39.40.127.581a.JPG,1,,,
447173,Bowl,Bowl,12th–13th century,,,,Stonepaste; luster-painted,,,Iran,,Rayy,,,,,,,,Islamic Art,Ceramics,,False,True,https://www.metmuseum.org/art/collection/search/447173,https://images.metmuseum.org/CRDImages/is/original/sf20-120-82c.jpg,2,,,
450507,Mortar,Mortar,12th century,,,,"Bronze; incised, copper inlay","H. 5 1/8 in. (13 cm)
Diam. 6 1/4 in. (15.9 cm)",,Iran,,,Birds|Arabic,,,,,,,Islamic Art,Metal,,False,True,https://www.metmuseum.org/art/collection/search/450507,https://images.metmuseum.org/CRDImages/is/original/sf43-87a.jpg,2,,,
449795,Bowl,Bowl,9th century,,,,"Earthenware; white slip, brown-black slip decoration, greenish glaze","H. 4 5/16 in. (11 cm)
Diam. 14 15/16 in. (38 cm)
Base: 6 in. (15.2 cm)",,Iran,,Nishapur,,,,,,,,Islamic Art,Ceramics,,False,True,https://www.metmuseum.org/art/collection/search/449795,https://images.metmuseum.org/CRDImages/is/original/dg-40.170.101(a)_1.jpg,4,,,
445491,Ceramic Fragment,Fragment,14th–15th century,,,,Earthenware; incised decoration through white slip and coloring under transparent glaze,,,Egypt,,,,,,,,,,Islamic Art,Ceramics,,False,True,https://www.metmuseum.org/art/collection/search/445491,https://images.metmuseum.org/CRDImages/is/original/sf08-256-201a.jpg,0,,,
740897,Stucco Fragment,Fragment,probably 8th–12th century,,,,Stucco; carved,"H. 2 3/16 in. (5.5 cm)
W. 1 in. (2.5 cm)
D. 1 in. (2.5 cm)",,Iran,,Nishapur,,,,,,,,Islamic Art,Stucco,,False,True,https://www.metmuseum.org/art/collection/search/740897,https://images.metmuseum.org/CRDImages/is/original/LC-N1115-front.jpg,1,,,
450446,Star-Shaped Tile,Tile,13th century,,,,Stonepaste; luster-painted with touches of cobalt on opaque white glaze under transparent glaze,"H. 4 in. (10.2 cm)
W. 8 in. (20.3 cm)
Wt. (whole group): 51 lbs. (23.1 kg)",,Iran,,probably Kashan,,,,,,,,Islamic Art,Ceramics-Tiles,,False,True,https://www.metmuseum.org/art/collection/search/450446,https://images.metmuseum.org/CRDImages/is/original/41.165.30.jpg,0,,,
449526,Plaque,Plaque,6th–7th century,,,,Bone; carved,"H. 4 1/2 in. (11.4 cm) 
W. 2 in. (5.1 cm)
D. 13/16 in. (2 cm)",,Egypt,,,Flowers,,,,,,,Islamic Art,Ivories and Bone,,False,True,https://www.metmuseum.org/art/collection/search/449526,https://images.metmuseum.org/CRDImages/is/original/sf38-118-11-a.jpg,3,,,
450986,Sari Border,Sari border,18th century,,,,"Silk, gold and silver wrapped thread","H. 45 1/2 in. (115.6 cm)
W. 22 1/2 in. (57.2 cm)",,India,,,Animals|Birds|Flowers,,,,,,,Islamic Art,Textiles-Costumes,,False,True,https://www.metmuseum.org/art/collection/search/450986,https://images.metmuseum.org/CRDImages/is/original/wb-49.32.94.JPG,9,,,
445094,Panel,Panel,13th–14th century,,,,Wood; carved,"Ht. 2 1/4 in. (5.7 cm)
W. 4 1/2 in. (11.4 cm)
D. 9/16 in. (1.5 cm)",,Egypt,,Cairo,,,,,,,,Islamic Art,Wood,,False,True,https://www.metmuseum.org/art/collection/search/445094,https://images.metmuseum.org/CRDImages/is/original/sf07-236-77a.jpg,1,,,
451406,Portrait of a Dervish,Illustrated  album leaf,16th century,,,,"Main support: ink, opaque watercolor, and gold on paper
Margins: gold on dyed paper","Page: H. 15 3/4 in. (40 cm)
           W. 10 1/4 in. (26 cm)
Painting: H. 7 1/16 (18 cm)
                 W. 4 1/8 in. (10.5 cm)
Mat: H. 19 1/4 in. (48.9 cm)
         W. 14 1/4 in. (36.2 cm)",,Present-day Uzbekistan,,Bukhara,Men,,,,,,,Islamic Art,Codices,,False,True,https://www.metmuseum.org/art/collection/search/451406,https://images.metmuseum.org/CRDImages/is/original/DP231338.jpg,2,,,
452530,Illustrated Single Work,Illustrated single work,16th century or later,,,,Ink and opaque watercolor on paper,"H. 1 3/4 in. (4.5 cm)
W. 5 1/8 in. (13 cm)",,Egypt,,,Human Figures,,,,,,,Islamic Art,Codices,,False,True,https://www.metmuseum.org/art/collection/search/452530,https://images.metmuseum.org/CRDImages/is/original/sf1974-103-1.jpg,1,,,
741472,Stucco Fragment,Fragment,probably 8th–12th century,,,,"Stucco; carved, painted",L 14 x W 12.5 x H 8,,Iran,,Nishapur,,,,,,,,Islamic Art,Stucco,,False,True,https://www.metmuseum.org/art/collection/search/741472,https://images.metmuseum.org/CRDImages/is/original/LC-N1642-front.jpg,1,,,
742340,Stucco Fragment,Fragment,probably 8th–12th century,,,,Stucco; carved,"H. 1 9/16 in. (4 cm)
W. 1 9/16 in. (4 cm)
D. 13/16 in. (2 cm)",,Iran,,Nishapur,,,,,,,,Islamic Art,Stucco,,False,True,https://www.metmuseum.org/art/collection/search/742340,https://images.metmuseum.org/CRDImages/is/original/LC-N972-front.jpg,1,,,
742193,Stucco Fragment,Fragment,probably 8th–12th century,,,,Stucco; carved,"H. 1 9/16 in. (4 cm)
W. 9/16 in. (1.5 cm)
D. 9/16 in. (1.5 cm)",,Iran,,Nishapur,,,,,,,,Islamic Art,Stucco,,False,True,https://www.metmuseum.org/art/collection/search/742193,https://images.metmuseum.org/CRDImages/is/original/LC-N825-front.jpg,1,,,
445298,Bowl,Bowl,12th–13th century,,,,Stonepaste; stain and overglaze painted (mina'i).,"H. 2 1/4 in. (5.7 cm)
Diam. 4 7/8 in. (12.4 cm)",,Iran,,,Men,,,,,,,Islamic Art,Ceramics,,False,True,https://www.metmuseum.org/art/collection/search/445298,https://images.metmuseum.org/CRDImages/is/original/DP272022.jpg,5,,,
449867,Cup,Cup,11th–12th century,,,,Earthenware; slip covered and unglazed,,,Iran,,Nishapur,,,,,,,,Islamic Art,Ceramics,,False,True,https://www.metmuseum.org/art/collection/search/449867,https://images.metmuseum.org/CRDImages/is/original/sf40-170-182a.jpg,0,,,
444078,Textile Fragment,Textile fragment,5th–6th century,,,,"Wool, linen; plain weave, tapestry weave","Max. H. 7 5/16 in. (18.5 cm)
Max. W. 6 15/16 in. (17.7 cm)",,Egypt,,,,,,,,,,Islamic Art,Textiles,,False,True,https://www.metmuseum.org/art/collection/search/444078,https://images.metmuseum.org/CRDImages/is/original/sf90-5-599a.jpg,1,,,
741232,Stucco Fragment,Fragment,probably 8th–12th century,,,,"Stucco (mortar); carved, painted",L7.5x W 4x H 1.5,,Iran,,Nishapur,,,,,,,,Islamic Art,Stucco,,False,True,https://www.metmuseum.org/art/collection/search/741232,https://images.metmuseum.org/CRDImages/is/original/LC-N1422-front.jpg,1,,,
452650,"""Isfandiyar's Second Course: He Slays the Lions"", Folio from a Shahnama (Book of Kings)",Folio from an illustrated manuscript,ca. 1330–40,,,,"Ink, opaque watercolor, gold, and silver on paper","Page: H. 8 1/8 in. (20.6 cm)
            W. 5 1/4 in. (13.4 cm)
Painting: H. 1 7/8 in. (4.8 cm)
                 W. 4 5/16 in. (4.8 x 10.9 cm)",,Iran,,probably Isfahan,Poetry|Men|Horses|Lions,Abu'l Qasim Firdausi,Author,Iranian,0935,1020,,Islamic Art,Codices,"Iranian, Paj ca. 940/41–1020 Tus",False,True,https://www.metmuseum.org/art/collection/search/452650,https://images.metmuseum.org/CRDImages/is/original/DP112110.jpg,1,,https://www.wikidata.org/wiki/Q43459,
452027,Hollow Vessel in the Shape of a Bearded man,Figural vessel,second half 12th–first half 13th century,,,,"Stonepaste; molded, luster-painted on opaque white glaze","H. 10 5/8 (27 cm)
W. 4 3/16 in. (10.6 cm)",,Iran,,,Men,,,,,,,Islamic Art,Ceramics,,False,True,https://www.metmuseum.org/art/collection/search/452027,https://images.metmuseum.org/CRDImages/is/original/sf68-223-3a.jpg,2,https://www.wikidata.org/wiki/Q116242861,,
445768,Textile Fragment,Textile fragment,5th–6th century,,,,"Linen, wool; tapestry weave","H. 8 in. (20.3 cm)
W. 9 in. (22.9 cm)",,Egypt,,,,,,,,,,Islamic Art,Textiles,,False,True,https://www.metmuseum.org/art/collection/search/445768,https://images.metmuseum.org/CRDImages/is/original/87139.jpg,0,,,
455196,Fragment of a Bowl,Fragment,14th–15th century,,,,Earthenware; slip-painted under transparent glaze,,,Egypt,Kush,,,,,,,,,Islamic Art,Ceramics,,False,True,https://www.metmuseum.org/art/collection/search/455196,https://images.metmuseum.org/CRDImages/is/original/sf07-238-27a.jpg,0,,,
443719,Textile Fragment,Textile fragment,5th–6th century,,,,"Wool, linen; plain weave, tapestry weave","Max H. 7 11/16 in. (19.5 cm)
Max. W. 9 in. (22.8 cm)",,Egypt,,Akhmim (former Panopolis),,,,,,,,Islamic Art,Textiles,,False,True,https://www.metmuseum.org/art/collection/search/443719,https://images.metmuseum.org/CRDImages/is/original/sf90-5-233a.jpg,1,,,
446174,Page of Calligraphy from an Anthology of Poetry by Sa`di and Hafiz,Folio from a non-illustrated manuscript,late 15th century,,,,"Ink, opaque watercolor, silver, and gold on paper","H. 11 7/8 in. (30.2 cm)
W. 7 1/2 in. (19 cm)",,present-day Afghanistan,,Herat,Poetry|Calligraphy,Sa'di,Author,Iranian,1213,1291,,Islamic Art,Codices,"Iranian, Shiraz ca. 1213–1291 Shiraz",False,True,https://www.metmuseum.org/art/collection/search/446174,https://images.metmuseum.org/CRDImages/is/original/sf11-84-7r.jpg,3,,https://www.wikidata.org/wiki/Q170302,(not assigned)
446468,Fragment of a Dish,Ceramic fragment,11th–12th century,,,,Earthenware; luster-painted,,,probably Egypt,,,,,,,,,,Islamic Art,Ceramics,,False,True,https://www.metmuseum.org/art/collection/search/446468,https://images.metmuseum.org/CRDImages/is/original/sf13-190-194a.jpg,0,,,
450295,Fragment of a Dish,Fragment of a dish,15th century,,,,"Earthenware; gritty body, black decoration under blue glaze","H. 2 3/8 in. (6 cm)
W. 2 3/8 in. (6 cm)",,Iran,,Nishapur,,,,,,,,Islamic Art,Ceramics,,False,True,https://www.metmuseum.org/art/collection/search/450295,https://images.metmuseum.org/CRDImages/is/original/LC-40_170_634-view2_1.jpg,1,,,
457831,Polishing Stone,Polishing stone,probably 19th century,,,,Agate,"Ht. 1 9/16 in. (4 cm)
W. 3/8 in. (1 cm)",,Egypt,,,,,,,,,,Islamic Art,Stone,,False,True,https://www.metmuseum.org/art/collection/search/457831,https://images.metmuseum.org/CRDImages/is/original/AD-10.130.1741(1),1,,,
450945,Ewer,Ewer,12th century,,,,Stonepaste; painted in luster and blue on opaque white glaze under transparent colorless glaze,"H. 7 7/16 in. (18.9 cm)
Gr. Diam. 5 3/8 in. (13.7 cm)",,Syria,,Raqqa,,,,,,,,Islamic Art,Ceramics,,False,True,https://www.metmuseum.org/art/collection/search/450945,https://images.metmuseum.org/CRDImages/is/original/sf48-113-17a.jpg,0,,,
442927,Phylactery (tefillin),Phylactery,probably 19th century,,,,"Leather, wood, and parchment","Overall scroll holder: 3 9/16 × 2 13/16 × 2 1/4 in. (9 × 7.2 × 5.7 cm)
strap: 9/16 × 40 1/2 in. (1.4 × 102.9 cm)
Backpiece: 3 9/16 × 5/8 × 2 13/16 in. (9 × 1.6 × 7.2 cm)
Cube: 1 7/8 × 1 15/16 × 1 5/8 in. (4.7 × 4.9 × 4.1 cm)
Overall scroll holder: 3 9/16 × 2 13/16 × 2 1/4 in. (9 × 7.2 × 5.7 cm)",,Egypt,,,Amulets,,,,,,,Islamic Art,Leather,,False,True,https://www.metmuseum.org/art/collection/search/442927,https://images.metmuseum.org/CRDImages/is/original/176631.jpg,0,,,
445894,Textile Fragment,Textile fragment,19th century,,,,"Linen, silk, and metal wrapped thread; uncut and voided velvet, brocaded","H. 6 in. (15.2 cm)
W. 6 in. (15.2 cm)",,India,,,,,,,,,,Islamic Art,Textiles-Woven,,False,True,https://www.metmuseum.org/art/collection/search/445894,https://images.metmuseum.org/CRDImages/is/original/13750B.jpg,0,,,
457581,Coin,Coin,8th–9th century,,,,Copper,,,Iran,,Nishapur,,,,,,,,Islamic Art,Coins,,False,True,https://www.metmuseum.org/art/collection/search/457581,https://images.metmuseum.org/CRDImages/is/original/39.40.127.511a.JPG,1,,,
453504,Bottle,Bottle,6th–7th century,,,,"Glass; mold blown, applied decoration","Ht. 6 in. (15.2 cm)
Diam. 3 in. (7.6 cm)
Wt. 1.6 oz. (45.4 g)",,Syria,,,,,,,,,,Islamic Art,Glass,,False,True,https://www.metmuseum.org/art/collection/search/453504,https://images.metmuseum.org/CRDImages/is/original/sf17-194-293a.jpg,0,,,
453626,Fragment of a Frieze with Scrolls Enclosing a Rosette and a Cross,Fragment,6th century,,,,Limestone; carved in relief,,,Egypt,,Bawit,,,,,,,,Islamic Art,Sculpture,,False,True,https://www.metmuseum.org/art/collection/search/453626,https://images.metmuseum.org/CRDImages/is/original/9060a.jpg,0,,,
457656,Coin,Coin,596–616 AH/1199–1219 CE,,,,Copper,,,Iran,,Nishapur,,,,,,,,Islamic Art,Coins,,False,True,https://www.metmuseum.org/art/collection/search/457656,https://images.metmuseum.org/CRDImages/is/original/39.40.127.586a.JPG,1,,,
740783,Stucco Fragment,Fragment,probably 8th–12th century,,,,Stucco; carved,"H. 3 3/8 in. (8.5 cm)
W. 1 9/16 in. (4 cm)
D. 13/16 in. (2 cm)",,Iran,,Nishapur,,,,,,,,Islamic Art,Stucco,,False,True,https://www.metmuseum.org/art/collection/search/740783,https://images.metmuseum.org/CRDImages/is/original/LC-N1011-front.jpg,1,,,
449133,"Bowls with Repeating Inscription, ""Blessing""",Bowl,late 9th–early 10th century,,,,Earthenware; black slip with white slip decoration under transparent glaze,"H. 2 1/2 in. (6.4 cm)
Diam. 8 1/8 in. (20.6 cm)",,Iran,,Nishapur,,,,,,,,Islamic Art,Ceramics,,False,True,https://www.metmuseum.org/art/collection/search/449133,https://images.metmuseum.org/CRDImages/is/original/DP247328.jpg,3,https://www.wikidata.org/wiki/Q116274122,,
451353,Bowl,Bowl,13th–14th century,,,,Stonepaste; underglaze painted,"H. 4 3/16 in. (10.6 cm)
Gr. Diam. 6 13/16 in. (17.3 cm)",,Syria,,Raqqa,,,,,,,,Islamic Art,Ceramics,,False,True,https://www.metmuseum.org/art/collection/search/451353,https://images.metmuseum.org/CRDImages/is/original/sf56-185-8a.jpg,0,,,
457304,Coin,Coin,probably 158–70 AH/763–86 CE,,,,Copper,"Ht. 11/16 in. (1.8 cm)
W. 13/16 in. (2 cm)
Th. 1/16 in. (0.1 cm)",,Iran,,Nishapur,,,,,,,,Islamic Art,Coins,,False,True,https://www.metmuseum.org/art/collection/search/457304,https://images.metmuseum.org/CRDImages/is/original/39.40.127.232a.JPG,1,,,
451732,"""Allusion to Sura 27:16"", Folio from a Mantiq al-Tayr (Language of the Birds)",Folio from an illustrated manuscript,dated 892 AH/1486 CE,,,,"Ink, opaque watercolor, and gold on paper","H. 15 1/2 in. (39.4 cm)
W. 8 in. (20.3 cm)",,present-day Afghanistan,,Herat,,Farid al-Din `Attar,Author,Iranian,1142,1220,,Islamic Art,Codices,"Iranian, Nishapur ca. 1142–ca. 1220 Nishapur",False,True,https://www.metmuseum.org/art/collection/search/451732,https://images.metmuseum.org/CRDImages/is/original/DP257369.jpg,4,,https://www.wikidata.org/wiki/Q194091,(not assigned)
457680,Coin,Coin,5th–14th century,,,,Copper,,,Iran,,Nishapur,,,,,,,,Islamic Art,Coins,,False,True,https://www.metmuseum.org/art/collection/search/457680,https://images.metmuseum.org/CRDImages/is/original/39.40.127.610a.JPG,1,,,
450373,Star-Shaped Tile,Tile,second half 13th–14th century,,,,"Stonepaste; molded, overglaze painted and leaf gilded (lajvardina)","D. 11/16 in. (1.7 cm)
Diam. 7 7/8 in. (20 cm)",,Iran,,,,,,,,,,Islamic Art,Ceramics-Tiles,,False,True,https://www.metmuseum.org/art/collection/search/450373,https://images.metmuseum.org/CRDImages/is/original/wb-40.181.16.JPG,5,https://www.wikidata.org/wiki/Q116252866,,
444702,Citron,Citron,probably 18th–19th century,,,,Glass; mold blown,"H. 5 in. (12.7 cm)
Max. Diam. 3 1/8 in. (8 cm)",,Iran or Italy,,,Fruit,,,,,,,Islamic Art,Glass,,False,True,https://www.metmuseum.org/art/collection/search/444702,https://images.metmuseum.org/CRDImages/is/original/DP-37390-004.jpg,6,,,
446088,Cosmetic Flask (Mukhula) of Opaque Turquoise Glass,Bottle,8th–9th century,,,,"Glass; blown, cold-painted","H. 4 in (10.2 cm)
Max. Diam. 1 1/8 in (2.9 cm)",,probably Egypt,,,,,,,,,,Islamic Art,Glass,,False,True,https://www.metmuseum.org/art/collection/search/446088,https://images.metmuseum.org/CRDImages/is/original/sf10-130-2649a.jpg,3,https://www.wikidata.org/wiki/Q116242631,,
741467,Stucco Fragment,Fragment,probably 8th–12th century,,,,"Stucco; carved, painted",L 10 x W 8 x H 3,,Iran,,Nishapur,,,,,,,,Islamic Art,Stucco,,False,True,https://www.metmuseum.org/art/collection/search/741467,https://images.metmuseum.org/CRDImages/is/original/LC-N1637-front.jpg,1,,,
445994,Carpet,Carpet,17th century,,,,"Silk (warp) cotton (weft), wool (weft and pile); asymmetrically knotted pile","H. 91 1/8 in. (231.4 cm)
W. 68 in. (172.7 cm)",,Iran,,probably Herat,Animals,,,,,,,Islamic Art,Textiles-Rugs,,False,True,https://www.metmuseum.org/art/collection/search/445994,https://images.metmuseum.org/CRDImages/is/original/SC40567.jpg,9,,,
445099,Panel,Panel,14th–15th century,,,,Wood; carved,"Ht. 2 1/8 in. (5.4 cm)
W. 6 1/16 in. (15.4 cm)
D. 9/16 in. (1.5 cm)",,Egypt,,Cairo,,,,,,,,Islamic Art,Wood,,False,True,https://www.metmuseum.org/art/collection/search/445099,https://images.metmuseum.org/CRDImages/is/original/sf07-236-82a.jpg,1,,,
740866,Stucco Fragment,Fragment,probably 8th–12th century,,,,Stucco; carved,"H. 1 3/16 in. (3 cm)
W. 9/16 in. (1.5 cm)
D. 1 3/16 in. (3 cm)",,Iran,,Nishapur,,,,,,,,Islamic Art,Stucco,,False,True,https://www.metmuseum.org/art/collection/search/740866,https://images.metmuseum.org/CRDImages/is/original/LC-N1087-front.jpg,1,,,
454578,Textile Fragment,Textile fragment,early 17th century,,,,Silk,"H. 4 in. (10.2 cm)
W. 10 3/4 in. (27.3 cm)",,Iran,,,,,,,,,,Islamic Art,Textiles,,False,True,https://www.metmuseum.org/art/collection/search/454578,https://images.metmuseum.org/CRDImages/is/original/Tr.20.825.2002.JPG,1,,,
448285,Textile Fragment,Textile fragment,ca. 908–32,,,,"Linen, silk; tapestry woven","L. 16 1/2 in. (41.9 cm)
W. 27 3/4 in. (70.5 cm)",,Egypt,,Cairo,,,,,,,,Islamic Art,Textiles-Woven,,False,True,https://www.metmuseum.org/art/collection/search/448285,https://images.metmuseum.org/CRDImages/is/original/77245.jpg,0,,,
447600,Textile Fragment,Fragment,4th–6th century,,,,"Linen, wool","H. 16 in. (40.6 cm)
W. 14 1/2 in. (36.8 cm)",,Egypt,,,,,,,,,,Islamic Art,Textiles,,False,True,https://www.metmuseum.org/art/collection/search/447600,https://images.metmuseum.org/CRDImages/is/original/sf22-124-16a.jpg,1,,,
128196,Textile,Textile,19th century,,,,Embroidered,[no dimensions available],,probably Turkey,,,Flowers,,,,,,,Islamic Art,Textiles-Embroidered,,False,True,https://www.metmuseum.org/art/collection/search/128196,https://images.metmuseum.org/CRDImages/is/original/CI55.55.1.jpg,1,,,
452068,Bath Scraper,Bath scraper,12th–13th century,,,,"Earthenware; unglazed, molded",,,Iran,,,,,,,,,,Islamic Art,Ceramics,,False,True,https://www.metmuseum.org/art/collection/search/452068,https://images.metmuseum.org/CRDImages/is/original/sf69-284-1.jpg,1,,,
457395,Coin,Coin,8th–early 9th century,,,,Copper,,,Iran,,Nishapur,,,,,,,,Islamic Art,Coins,,False,True,https://www.metmuseum.org/art/collection/search/457395,https://images.metmuseum.org/CRDImages/is/original/39.40.127.323a.JPG,1,,,
740808,Stucco Fragment,Fragment,probably 8th–12th century,,,,"Stucco; carved, painted","H. 3 9/16 in. (9 cm)
W.  1 15/16 in. (5 cm)
D. 13/16 in. (2 cm)",,Iran,,Nishapur,,,,,,,,Islamic Art,Stucco,,False,True,https://www.metmuseum.org/art/collection/search/740808,https://images.metmuseum.org/CRDImages/is/original/LC-N1034-front.jpg,1,,,
446209,Brocade,Brocade,probably 17th–18th century,,,,"Silk, metal wrapped thread; brocaded","H. 44.75 in. (113.7 cm)
W. 27 in.  (68.6 cm)",,Turkey,,,,,,,,,,Islamic Art,Textiles-Brocades,,False,True,https://www.metmuseum.org/art/collection/search/446209,https://images.metmuseum.org/CRDImages/is/original/267097.jpg,1,,,
456277,Fragment of a Carved and Painted Dado Panel,Fragment of a dado panel,10th–11th century,,,,Stone (prob. alabaster); carved,"H. 8 1/16 in. (20.5 cm)
W. 2 3/8 in. (6 cm)
D. 7/8 in. (2.2 cm)",,Iran,,Nishapur,,,,,,,,Islamic Art,Stone,,False,True,https://www.metmuseum.org/art/collection/search/456277,https://images.metmuseum.org/CRDImages/is/original/wb-40.170.672.JPG,2,,,
450555,Tile Fragment,Tile fragment,1334–1434,,,,Stonepaste; polychrome painted under transparent glaze,,,present-day Uzbekistan,,Samarqand,,,,,,,,Islamic Art,Ceramics-Tiles,,False,True,https://www.metmuseum.org/art/collection/search/450555,https://images.metmuseum.org/CRDImages/is/original/sf45-103-17.jpg,0,,,
787747,Shahsevan Double Saddle Bag,Saddle bag,ca. 1860,,,,Wool and cotton; sumak technique,"H. 31 in. (78.7 cm)
W. 13 in. (33 cm)",,Northwest Iran,,,,,,,,,,Islamic Art,Textiles,,False,True,https://www.metmuseum.org/art/collection/search/787747,https://images.metmuseum.org/CRDImages/is/original/K-10.jpg,0,,,
446263,Flask,Flask,7th–8th century,,,,"Glass; free blown, applied decoration, tooled on the pontil","H. 4 1/4 in. (10.8 cm)
W. 2 15/16 in. (7.5 cm)
D. 1 7/8 in. (4.8 cm)
Wt. 2.4 oz. (68 g)
>> Plus 5 fragments",,Egypt or Syria,,,Animals,,,,,,,Islamic Art,Glass,,False,True,https://www.metmuseum.org/art/collection/search/446263,https://images.metmuseum.org/CRDImages/is/original/sf12-212-6b.jpg,1,,,
457347,Coin,Coin,late 11th–early 13th century,,,,Copper,"Ht. 5/8 in. (1.6 cm)
W. 11/16 in. (1.7 cm)
Th.1/16 in. (0.1 cm)",,Iran,,Nishapur,,,,,,,,Islamic Art,Coins,,False,True,https://www.metmuseum.org/art/collection/search/457347,https://images.metmuseum.org/CRDImages/is/original/39.40.127.275a.JPG,1,,,
449177,Pin or Stylus,Pin or stylus,5th–8th century,,,,Bone,"H. 1 5/8 in. (4.2 cm)
Diam. 1/4 in. (0.7 cm)",,Palestine,,Sbaita,,,,,,,,Islamic Art,Ivories and Bone,,False,True,https://www.metmuseum.org/art/collection/search/449177,https://images.metmuseum.org/CRDImages/is/original/sf37-75-16z.jpg,0,,,
445419,Fragment of Bowl,Fragment,14th–15th century,,,,Eartheware; glazed,,,Egypt,,,,,,,,,,Islamic Art,Ceramics,,False,True,https://www.metmuseum.org/art/collection/search/445419,https://images.metmuseum.org/CRDImages/is/original/sf08-256-119a.jpg,0,,,
741186,Stucco Fragment,Fragment,probably 8th–12th century,,,,"Stucco (mortar); carved, painted",L 4 W3 x H2,,Iran,,Nishapur,,,,,,,,Islamic Art,Stucco,,False,True,https://www.metmuseum.org/art/collection/search/741186,https://images.metmuseum.org/CRDImages/is/original/LC-N1380-front.jpg,1,,,
448598,Textile Fragment,Textile fragment,10th century,,,,Linen; embroidered in silk and metal wrapped thread,"L. 7 3/4 in. (19.7 cm)
W. 13 5/8 in. (34.6 cm0",,Egypt,,,,,,,,,,Islamic Art,Textiles-Embroidered,,False,True,https://www.metmuseum.org/art/collection/search/448598,https://images.metmuseum.org/CRDImages/is/original/85698.jpg,0,,,
741607,Stucco Fragment,Fragment,probably 8th–12th century,,,,Stucco; carved,"H. 1 3/8 in. (3.5 cm)
W. 1 3/16 in. (3 cm)
D. 13/16 in. (2 cm)",,Iran,,Nishapur,,,,,,,,Islamic Art,Stucco,,False,True,https://www.metmuseum.org/art/collection/search/741607,https://images.metmuseum.org/CRDImages/is/original/LC-N240-front.jpg,1,,,
448908,Textile Fragment,Textile fragment,8th century,,,,"Linen, wool; tapestry weave","H. 19 1/8 in. (48.6 cm)
W. 4 3/4 in. (12.1 cm)",,Egypt,,,,,,,,,,Islamic Art,Textiles-Woven,,False,True,https://www.metmuseum.org/art/collection/search/448908,https://images.metmuseum.org/CRDImages/is/original/wb-33.17.2.JPG,5,,,
453164,Divan of Sultan Husayn Baiqara,Non-illustrated manuscript,dated 905 AH/1500 CE,,,,"Ink, opaque watercolor, and gold on paper; lacquer binding","H. 10 1/2 in. (26.7 cm)
W. 7 1/4 in. (18.4 cm)",,present-day Afghanistan,,Herat,Animals,Sultan 'Ali al-Mashhadi,Calligrapher,Iranian,1453,1520,,Islamic Art,Codices,"Iranian, Mashhad 1453–1520 Mashhad",False,True,https://www.metmuseum.org/art/collection/search/453164,https://images.metmuseum.org/CRDImages/is/original/DP235818.jpg,16,https://www.wikidata.org/wiki/Q116275944,https://www.wikidata.org/wiki/Q5922231,http://vocab.getty.edu/page/ulan/500116608
447001,Mosque Lamp,Mosque lamp,19th century,,,,Glass; enameled,"H. 10 in. (25.4 cm)
Diam. of rim 6 3/4 in. (17.15 cm)",,possibly Syria or Europe,,,,,,,,,,Islamic Art,Glass,,False,True,https://www.metmuseum.org/art/collection/search/447001,https://images.metmuseum.org/CRDImages/is/original/DP155253.jpg,3,,,
740748,Stucco Fragment,Fragment,probably 8th–12th century,,,,Stucco; carved and painted,"H. 2 15/16 in. (7.5 cm)
W. 2 3/8 in. (6 cm)
D. 1 in. (2.5 cm)",,Iran,,Nishapur,,,,,,,,Islamic Art,Stucco,,False,True,https://www.metmuseum.org/art/collection/search/740748,https://images.metmuseum.org/CRDImages/is/original/LC-N078-front.jpg,1,,,
453050,Bracelet,Bracelet,11th–12th century,,,,Silver,"Ht. 5 1/8 in. (13 cm)
W. 4 15/16  (12.5 cm)
D. 1 3/8 in. (3.5 cm)",,Iran,,,,,,,,,,Islamic Art,Jewelry,,False,True,https://www.metmuseum.org/art/collection/search/453050,https://images.metmuseum.org/CRDImages/is/original/wb-1981.232.3.JPG,10,,,
447191,Fragment of a Bowl,Fragment,11th–12th century,,,,Earthenware; luster-painted on opaque white glaze,,,Egypt or Syria,,,,,,,,,,Islamic Art,Ceramics,,False,True,https://www.metmuseum.org/art/collection/search/447191,https://images.metmuseum.org/CRDImages/is/original/sf20-120-110a.jpg,0,,,
444706,Tile Fragment,Tile fragment,mid-14th century,,,,"Stonepaste; molded, overglaze painted, gilded (lajvardina)",,,Iran,,,,,,,,,,Islamic Art,Ceramics-Tiles,,False,True,https://www.metmuseum.org/art/collection/search/444706,https://images.metmuseum.org/CRDImages/is/original/DP-34597-001.jpg,2,,,
457436,Coin,Coin,dated 131 AH/748 CE,,,,Copper,,,Iran,,Nishapur,,,,,,,,Islamic Art,Coins,,False,True,https://www.metmuseum.org/art/collection/search/457436,https://images.metmuseum.org/CRDImages/is/original/39.40.127.365a.JPG,1,,,
453334,The Fabulous Creature Buraq,Illustrated single work,ca. 1660–80,,,,Opaque watercolor and gold on paper,"Painting:
             H. 10 7/8 in. (27.6 cm)
             W. 8 5/8 in. (21.9 cm)
Overall:
             H. 14 5/8 in. (37.1 cm)
             W. 10 3/4 in. (27.3 cm)",,India,Deccan,probably Golconda,Birds|Faces|Mythical Creatures|Elephants|Fish,,,,,,,Islamic Art,Codices,,False,True,https://www.metmuseum.org/art/collection/search/453334,https://images.metmuseum.org/CRDImages/is/original/DP231324.jpg,2,,,
444532,Ewer Base with Zodiac Medallions,Ewer base,first half 13th century,,,,"Brass; engraved, inlaid with silver and copper","91.1.530a: Ht. 8 3/4 in. (22.2 cm)
                    Diam. 6 7/8 in. (17.5 cm)
91.1.530b: Ht. 3 1/16 in. (7.8 cm)
                     Diam. 4 3/8 in. (11.1 cm)",,Iran,,,Zodiac,,,,,,,Islamic Art,Metal,,False,True,https://www.metmuseum.org/art/collection/search/444532,https://images.metmuseum.org/CRDImages/is/original/DP241087.jpg,8,https://www.wikidata.org/wiki/Q116242765,,
453602,Fragment from a Frieze with a Meander Pattern and Rosettes,Frieze fragment,6th century,,,,Limestone; carved,"H. 22 7/16 in. (57 cm)
W. 11 13/16 in. (30 cm) x 1 3/4 in.  (x 1 3/4 in. (4.5 cm)",,Egypt,,Bawit,,,,,,,,Islamic Art,Sculpture,,False,True,https://www.metmuseum.org/art/collection/search/453602,https://images.metmuseum.org/CRDImages/is/original/118072.jpg,1,https://www.wikidata.org/wiki/Q116409876,,
452151,"""Bizhan Receives an Invitation through Manizha's Nurse"", Folio 300v from the Shahnama (Book of Kings) of Shah Tahmasp",Folio from an illustrated manuscript,ca. 1525–30,,,,"Opaque watercolor, ink, silver, and gold on paper","Painting: 
             H. 12 5/8 in. (32.1 cm)
             W. 7 1/4 in. (18.4 cm)
Entire Page: 
             H. 18 11/16 in. (47.5 cm)
             W. 10 5/8 in. (27 cm)",,Iran,,Tabriz,Men|Women|Horses,Abu'l Qasim Firdausi,Author,Iranian,0935,1020,,Islamic Art,Codices,"Iranian, Paj ca. 940/41–1020 Tus",False,True,https://www.metmuseum.org/art/collection/search/452151,https://images.metmuseum.org/CRDImages/is/original/DP261445.jpg,5,,https://www.wikidata.org/wiki/Q43459,
742301,Stucco Fragment,Fragment,probably 8th–12th century,,,,"Stucco; carved, painted","L. (4 cm)
W. (3 cm)
D. (1.5 cm)
Wt.",,Iran,,Nishapur,,,,,,,,Islamic Art,Stucco,,False,True,https://www.metmuseum.org/art/collection/search/742301,https://images.metmuseum.org/CRDImages/is/original/LC-N933-front.jpg,1,,,
450544,Tile Fragment,Tile fragment,1334–1434,,,,Stonepaste; glazed,,,present-day Uzbekistan,,Samarqand,,,,,,,,Islamic Art,Ceramics-Tiles,,False,True,https://www.metmuseum.org/art/collection/search/450544,https://images.metmuseum.org/CRDImages/is/original/sf45-103-6.jpg,0,,,
444285,Textile Fragments,Textile fragments,3rd–4th century,,,,"Wool, linen; plain weave, tapestry weave","Max. H. 56 15/16 in. (144.6 cm)
Max. W. 32 5/16 in. (82.1 cm)",,Egypt,,,,,,,,,,Islamic Art,Textiles,,False,True,https://www.metmuseum.org/art/collection/search/444285,https://images.metmuseum.org/CRDImages/is/original/75071.jpg,0,,,
448608,Textile Fragment,Textile fragment,10th century,,,,"Linen, silk; plain weave, tapestry weave","L. 6 1/2 in. (16.5 cm)
W. 12 5/8 in. (32.1 cm)",,Egypt,,,Arabic,,,,,,,Islamic Art,Textiles-Embroidered,,False,True,https://www.metmuseum.org/art/collection/search/448608,https://images.metmuseum.org/CRDImages/is/original/85763.jpg,0,,,
741890,Stucco Fragment,Fragment,probably 8th–12th century,,,,Stucco; carved,"H. 1 3/16 in. (3 cm)
W. 13/16 in. (2 cm)
D. 1 in. (2.5 cm)",,Iran,,Nishapur,,,,,,,,Islamic Art,Stucco,,False,True,https://www.metmuseum.org/art/collection/search/741890,https://images.metmuseum.org/CRDImages/is/original/LC-N523-front.jpg,1,,,
453110,Page of Calligraphy from a Kalila wa Dimna,Folio from an illustrated manuscript,second quarter 16th century,,,,Ink and opaque watercolor on paper,"Overall:
            H. 12 1/2 in. (31.8 cm)
            W. 8 7/8 in. (22.6 cm)
Average text size:
            H. 8 5/8 in. (21.9 cm)
            W. 4 7/8 in. (12.4 cm)",,India,,,Arabic|Calligraphy,,,,,,,Islamic Art,Codices,,False,True,https://www.metmuseum.org/art/collection/search/453110,https://images.metmuseum.org/CRDImages/is/original/sf1981-373-57a.jpg,1,,,
452357,"Chess Piece, Pawn",Chess piece,8th–11th century,,,,Earthenware; unglazed,H. 1 3/8 in. (3.5 cm),,,Western Islamic Lands,,Chess,,,,,,,Islamic Art,Gaming pieces,,False,True,https://www.metmuseum.org/art/collection/search/452357,https://images.metmuseum.org/CRDImages/is/original/sf1972-9-43a.jpg,1,,,
450798,Waster,Waster,11th–12th century,,,,Earthenware; pierced under copper alkaline glaze,"H. 5/8 in. (1.6 cm)
W. 1 7/8 in. (4.8 cm)
D. 1 3/4 in. (4.4 cm)
Wt. 0.6 oz. (17 g)",,Iran,,Nishapur,,,,,,,,Islamic Art,Ceramics,,False,True,https://www.metmuseum.org/art/collection/search/450798,https://images.metmuseum.org/CRDImages/is/original/dg-48.101.45_1.jpg,2,,,
449753,Bowl,Bowl,10th–11th century,,,,Glass; impressed,"H. ca. 2 1/4 in. (ca. 5.7 cm)
Diam. 6 1/8 in. (15.5 cm)",,Iran,,Nishapur,,,,,,,,Islamic Art,Glass,,False,True,https://www.metmuseum.org/art/collection/search/449753,https://images.metmuseum.org/CRDImages/is/original/40.170.58.JPG,0,,,
449863,Wall Painting,Wall painting,9th century,,,,Stucco; painted,"H. 27 9/16 in. (70 cm)
W. 56 11/16 in. (144 cm)
D. 2 3/4 in. (7 cm) 
Wt. 198 lbs. (89.8kg)",,Iran,,Nishapur,,,,,,,,Islamic Art,Stucco,,False,True,https://www.metmuseum.org/art/collection/search/449863,https://images.metmuseum.org/CRDImages/is/original/LC-40_170_177.jpg,6,https://www.wikidata.org/wiki/Q116409632,,
450152,Fragment of a Dish,Fragment,9th–10th century,,,,Earthenware; light red slip and black slip decoration under transparent glaze,"H. of dish was: 1 5/8 in. (4.2 cm)
D. of dish was: 5 1/8 in. (13 cm)",,Iran,,Nishapur,,,,,,,,Islamic Art,Ceramics,,False,True,https://www.metmuseum.org/art/collection/search/450152,https://images.metmuseum.org/CRDImages/is/original/LC-40_170_482front.jpg,1,,,
447366,Section from a Qur'an Manuscript,Section from a non-illustrated manuscript,late 14th–early 15th century (before 1405),,,,"Ink, opaque watercolor, and gold on paper","Page: Ht. 28 3/4 in. (73.0 cm)
           W. 42 in. (106.7 cm)
Frame: Ht. 79 1/2 in. (201.9cm)
              W. 55 in. (139.7 cm)
               D. 3 1/4 in. (8.3 cm)",,present-day Uzbekistan,,Samarqand,,`Umar Aqta',Calligrapher,,,,,Islamic Art,Codices,,False,True,https://www.metmuseum.org/art/collection/search/447366,https://images.metmuseum.org/CRDImages/is/original/DP238065.jpg,7,,https://www.wikidata.org/wiki/Q109119940,http://vocab.getty.edu/page/ulan/500372298
457234,Coin,Coin,dated 36 AH?/97 CE ?,,,,Silver,"Ht. 15/16 in. (2.4 cm)
W. 7/8 in. (2.3 cm)
Th.1/16 in. (0.1 cm)",,Iran,,Jurjan,,,,,,,,Islamic Art,Coins,,False,True,https://www.metmuseum.org/art/collection/search/457234,https://images.metmuseum.org/CRDImages/is/original/39.40.127.162a.JPG,1,,,
449316,Bowl,Bowl,9th–10th century,,,,"Earthenware; white slip, incised and splashed with polychrome glazes under transparent glaze (sgraffito ware)","H. 3 1/8 in. (7.9 cm)
Diam. 8 3/4 in. (22.2 cm)",,Iran,,Nishapur,,,,,,,,Islamic Art,Ceramics,,False,True,https://www.metmuseum.org/art/collection/search/449316,https://images.metmuseum.org/CRDImages/is/original/sf38-40-104c.jpg,3,,,
451024,Polonaise Carpet,Carpet,17th century,,,,"Cotton (warp and weft), silk (weft and pile), metal wrapped thread; asymmetrically knotted pile, brocaded","L. 160 in. (406.4 cm)
W. 69 5/8 in. (176.8 cm)",,Iran,,Isfahan or Kashan,,,,,,,,Islamic Art,Textiles-Rugs,,False,True,https://www.metmuseum.org/art/collection/search/451024,https://images.metmuseum.org/CRDImages/is/original/DP168759.jpg,27,,,
741909,Stucco Fragment,Fragment,probably 8th–12th century,,,,Stucco; carved,"H. 1 3/16 in. (3 cm)
W. 1 3/16 in. (3 cm)
D. 13/16 in. (2 cm)",,Iran,,Nishapur,,,,,,,,Islamic Art,Stucco,,False,True,https://www.metmuseum.org/art/collection/search/741909,https://images.metmuseum.org/CRDImages/is/original/LC-N542-front.jpg,1,,,
741098,Stucco Fragment,Fragment,probably 8th–12th century,,,,Stucco (white mortar); carved,"H. 2 3/8 in. (6 cm)
W. 1 9/16 in. (4 cm)
D. 9/16 in. (1.5 cm)",,Iran,,Nishapur,,,,,,,,Islamic Art,Stucco,,False,True,https://www.metmuseum.org/art/collection/search/741098,https://images.metmuseum.org/CRDImages/is/original/LC-N1299-front.jpg,1,,,
447966,Textile Fragment,Fragment,ca. 1540,,,,Silk; cut and voided velvet with continuous floats of flat metal thread,"Textile: L. 23 1/2 in. (59.7 cm)
              W. 18 3/16 in. (46.2 cm)
Mount: L. 29 1/2 in. (74.9 cm)
             W. 24 in. (61 cm)
            Wt. 10 lbs. (4.5 kg)",,Iran,,,Birds|Men|Dragons,,,,,,,Islamic Art,Textiles,,False,True,https://www.metmuseum.org/art/collection/search/447966,https://images.metmuseum.org/CRDImages/is/original/DP230006.jpg,4,https://www.wikidata.org/wiki/Q116280200,,
447956,Fragment of a Storage Vessel (Habb),Fragment,13th century,,,,"Earthenware; molded, pierced, barbotine, engraved","H. 8 1/2 in. (21.6 cm)
Diam. 14 in. (35.6 cm)",,Iraq,,,,,,,,,,Islamic Art,Ceramics,,False,True,https://www.metmuseum.org/art/collection/search/447956,https://images.metmuseum.org/CRDImages/is/original/IMG_4242.jpg,2,,,
447200,Fragment of a Bowl,Fragment,12th–13th century,,,,Stonepaste; overglaze painted (mina'i),,,Iran,,Rayy,Camels,,,,,,,Islamic Art,Ceramics,,False,True,https://www.metmuseum.org/art/collection/search/447200,https://images.metmuseum.org/CRDImages/is/original/sf20-120-119a.jpg,0,,,
454113,Folio from a Qur'an Manuscript,Folio from a non-illustrated manuscript,14th century,,,,"Ink, opaque watercolor, and gold on paper","H. 19 1/2 (49.5 cm)
W. 14 in. (35.6 cm)",,India or Iran,,,Qur'an|Calligraphy,,,,,,,Islamic Art,Codices,,False,True,https://www.metmuseum.org/art/collection/search/454113,https://images.metmuseum.org/CRDImages/is/original/sf1979-295-2r.jpg,2,,,
742285,Stucco Fragment,Fragment,probably 8th–12th century,,,,Stucco; carved,"H. 1 3/4 in. (4.5 cm)
W. 1 3/8 in. (3.5 cm)
D. 13/16 in. (2 cm)",,Iran,,Nishapur,,,,,,,,Islamic Art,Stucco,,False,True,https://www.metmuseum.org/art/collection/search/742285,https://images.metmuseum.org/CRDImages/is/original/LC-N917-front.jpg,1,,,
450461,Polychrome Bowl with Cloud Decoration,Bowl,late 17th–early 18th century,,,,Stonepaste; polychrome painted under transparent glaze,"H. 5 in. (12.7 cm)
W. 9 15/16 in. (25.2 cm)",,Iran,,,Flowers,,,,,,,Islamic Art,Ceramics,,False,True,https://www.metmuseum.org/art/collection/search/450461,https://images.metmuseum.org/CRDImages/is/original/DP212290.jpg,3,https://www.wikidata.org/wiki/Q116252666,,
457739,Bead,Bead,8th–13th century,,,,Stone,"W. 3/8 in. (1 cm)
Diam. 3/8 in. (1 cm)",,Iran,,Nishapur,,,,,,,,Islamic Art,Stone,,False,True,https://www.metmuseum.org/art/collection/search/457739,https://images.metmuseum.org/CRDImages/is/original/LC-48_101_193d.jpg,0,https://www.wikidata.org/wiki/Q116410105,,
442908,Hexagonal Tile,Tile,15th–16th century,,,,Composite body; glazed,"H. 6 5/8 in. (16.8 cm)
W. 6 3/4 in. (17.1 cm)",,Egypt or Syria,,,Flowers,,,,,,,Islamic Art,Ceramics-Tiles,,False,True,https://www.metmuseum.org/art/collection/search/442908,https://images.metmuseum.org/CRDImages/is/original/sf-x-228-4.jpg,0,,,
443635,Textile Fragment,Textile fragment,4th century,,,,"Wool, linen; plain weave, tapestry weave","Max. H. 5 7/8 in. (15 cm)
Max. W. 5 7/8 in. (15 cm)",,Egypt,,,Birds,,,,,,,Islamic Art,Textiles,,False,True,https://www.metmuseum.org/art/collection/search/443635,https://images.metmuseum.org/CRDImages/is/original/wb-90.5.151.JPG,5,,,
445053,Panel,Panel,dated 1296,,,,Wood; carved and inlaid,"Ht. 3 1/4 in. (8.2 cm)
W. 6 3/8 in. (16.2 cm)
D. 13/16 in. (2.1 cm)",,Egypt,,Cairo,,,,,,,,Islamic Art,Wood,,False,True,https://www.metmuseum.org/art/collection/search/445053,https://images.metmuseum.org/CRDImages/is/original/sf07-236-34a.jpg,1,,,
456291,Mashrabiyya Screen,Screen,15th–16th century,,,,Wood; turned,"H. 81 in. (205.7 cm)
W. 85 1/4 in. (216.5 cm)
D. 11 3/4 in. (29.8 cm)",,Egypt,,,Screens,,,,,,,Islamic Art,Wood,,False,True,https://www.metmuseum.org/art/collection/search/456291,https://images.metmuseum.org/CRDImages/is/original/11.86.6-scan.jpg,1,,,
457659,Coin,Coin,724–743,,,,Copper,,,,,Arminya,,,,,,,,Islamic Art,Coins,,False,True,https://www.metmuseum.org/art/collection/search/457659,https://images.metmuseum.org/CRDImages/is/original/DP-17078-015.jpg,17,,,
740770,Stucco Fragment,Fragment,probably 8th–12th century,,,,Stucco; carved and painted,"H. 2 15/16 in. (7.5 cm)
W. 1 in. (2.5 cm)
D. 13/16 in. (2 cm)",,Iran,,Nishapur,,,,,,,,Islamic Art,Stucco,,False,True,https://www.metmuseum.org/art/collection/search/740770,https://images.metmuseum.org/CRDImages/is/original/LC-N100-front.jpg,1,,,
448821,Ceramic Fragment,Fragment,8th–9th century,,,,Earthenware; glazed,,,Iraq,,Ctesiphon,,,,,,,,Islamic Art,Ceramics,,False,True,https://www.metmuseum.org/art/collection/search/448821,https://images.metmuseum.org/CRDImages/is/original/sf32-150-350a.jpg,0,,,
452999,Bead,Bead,11th century,,,,Gold; filigree and granulation,"Ht. 9/16 in. (1.4 cm)
W. 3/4 in. (1.9 cm)
 D. 9/16 in. (1.5 cm)",,Egypt or Syria,,,,,,,,,,Islamic Art,Jewelry,,False,True,https://www.metmuseum.org/art/collection/search/452999,https://images.metmuseum.org/CRDImages/is/original/LC-1980_474_6.jpg,0,,,
448722,Bowl,Bowl,10th century,,,,Earthenware; glazed,"H. 1 1/2 in. (3.8 cm)
Diam. 4 1/2 in. (11.4 cm)",,Iraq,,Ctesiphon,,,,,,,,Islamic Art,Ceramics,,False,True,https://www.metmuseum.org/art/collection/search/448722,https://images.metmuseum.org/CRDImages/is/original/sf32-150-157a.jpg,1,,,
446808,Wedding Sari,Sari,18th–19th century,,,,Silk,"H. 150 in. (381 cm)
W. 52 in. (132.1 cm)",,India,,,,,,,,,,Islamic Art,Textiles-Costumes,,False,True,https://www.metmuseum.org/art/collection/search/446808,https://images.metmuseum.org/CRDImages/is/original/wb-15.95.145.JPG,7,,,
740923,Stucco Fragment,Fragment,probably 8th–12th century,,,,"Stucco; carved, painted","H. 5 5/16 in. (13.5 cm)
W. 2 3/16 in. (5.5 cm)
D. 1 3/16 in. (3 cm)",,Iran,,Nishapur,,,,,,,,Islamic Art,Stucco,,False,True,https://www.metmuseum.org/art/collection/search/740923,https://images.metmuseum.org/CRDImages/is/original/LC-N1139-front.jpg,1,,,
452657,"""Iskandar in the Presence of the Brahmins"", Folio from a Shahnama (Book of Kings) of Firdausi",Folio from an illustrated manuscript,ca. 1330–40,,,,"Ink, opaque watercolor, gold, and silver on paper","Page: 
        H. 8 1/16 in. (20.5 cm)
        W. 4 7/8 in. (12.4 cm)
Painting: 
        H. 1 7/8 in. (4.7 cm)
        W. 4 5/16 in. (11 cm)",,Iran,,probably Isfahan,Alexander The Great|Men,Abu'l Qasim Firdausi,Author,Iranian,0935,1020,,Islamic Art,Codices,"Iranian, Paj ca. 940/41–1020 Tus",False,True,https://www.metmuseum.org/art/collection/search/452657,https://images.metmuseum.org/CRDImages/is/original/DP108579.jpg,1,https://www.wikidata.org/wiki/Q116277109,https://www.wikidata.org/wiki/Q43459,
457286,Coin,Coin,8th–9th century,,,,Copper,"Ht. 11/16 in. (1.8 cm)
W. 3/4 in. (1.9 cm)
Th.1/16 in. (0.1 cm)",,Iran,,Nishapur,,,,,,,,Islamic Art,Coins,,False,True,https://www.metmuseum.org/art/collection/search/457286,https://images.metmuseum.org/CRDImages/is/original/39.40.127.214a.JPG,1,,,
443637,Textile Fragment,Textile fragment,5th century,,,,"Wool, linen; plain weave, tapestry weave","Max. H. 7 1/2 in. (19 cm)
Max. W. 7 1/2 in. (19 cm)",,Egypt,,,,,,,,,,Islamic Art,Textiles,,False,True,https://www.metmuseum.org/art/collection/search/443637,https://images.metmuseum.org/CRDImages/is/original/DP17652.jpg,2,,,
449650,Cup,Cup,10th–11th century,,,,Earthenware; incised and unglazed,"H. 5 7/8 in. (15 cm)
Diam. 5 1/8 in. (13 cm)
Thickness. 1/16 in. (0.2 cm)",,Iran,,Nishapur,,,,,,,,Islamic Art,Ceramics,,False,True,https://www.metmuseum.org/art/collection/search/449650,https://images.metmuseum.org/CRDImages/is/original/LC-39_40_119profile.jpg,2,,,
449113,Bowl,Bowl,9th century,,,,Earthenware; slip covered with brown and black decoration under transparent glaze,"H. 3 1/16 in. (7.8 cm) 
Diam. 10 3/8 in. (26.4 cm)",,Iran,,Nishapur,,,,,,,,Islamic Art,Ceramics,,False,True,https://www.metmuseum.org/art/collection/search/449113,https://images.metmuseum.org/CRDImages/is/original/wb-37.40.2.JPG,3,,,
742266,Stucco Fragment,Fragment,probably 8th–12th century,,,,Stucco; carved,"H. 2 9/16 in. (6.5 cm)
W. 2 3/16 in. (5.5 cm)
D. 13/16 in. (2 cm)",,Iran,,Nishapur,,,,,,,,Islamic Art,Stucco,,False,True,https://www.metmuseum.org/art/collection/search/742266,https://images.metmuseum.org/CRDImages/is/original/LC-N898-front.jpg,1,,,
446706,"Anklet, One of a Pair",Anklet,19th century,,,,Silver,"H. 3 3/16 in. (8.1 cm)
W. 4 1/2 in. (11.4 cm)
D. 4 1/2 in. (11.4 cm)",,Central India or Rajasthan,,,,,,,,,,Islamic Art,Jewelry,,False,True,https://www.metmuseum.org/art/collection/search/446706,https://images.metmuseum.org/CRDImages/is/original/LC-15_95_3.jpg,3,,,
456101,Capital with Putti Holding Wreaths and with Acanthus Leaves,Capital,second half 4th century,,,,Limestone; carved in relief,"H. 19 5/16 in. (49 cm)
W. 22 13/16 in. (58 cm)
D. 22 13/16 in. (58 cm)
Wt. 217 lbs. (98.4 kg)

Crate: Ht. 33 in. (83.8 cm)
            W. 35 in. (88.9 cm)
            D. 33 in. (83.8 cm)",,Egypt,Kharga Oasis,Hibis,Putti,,,,,,,Islamic Art,Sculpture,,False,True,https://www.metmuseum.org/art/collection/search/456101,https://images.metmuseum.org/CRDImages/is/original/DP-25748-001.jpg,7,,,
444982,Door Panel; One of a Pair,Door panel,late 19th century,,,,"Wood; painted, gilded, and lacquered",H. 77 in. (195.6 cm),,Iran,,,Human Figures|Animals|Flowers|Leaves|Trees,,,,,,,Islamic Art,Lacquer,,False,True,https://www.metmuseum.org/art/collection/search/444982,https://images.metmuseum.org/CRDImages/is/original/DP154221.jpg,1,,,
445021,Bowl,Bowl,14th century,,,,Silver,"Ht. 2 3/16 in. (5.5 cm)
Diam. 4 3/4 in. (12.1 cm)",,Egypt,,,,,,,,,,Islamic Art,Metal,,False,True,https://www.metmuseum.org/art/collection/search/445021,https://images.metmuseum.org/CRDImages/is/original/2941.jpg,2,,,
457604,Coin,Coin,776–85,,,,Copper,,,Iran,,Nishapur,,,,,,,,Islamic Art,Coins,,False,True,https://www.metmuseum.org/art/collection/search/457604,https://images.metmuseum.org/CRDImages/is/original/39.40.127.534a.JPG,1,,,
452391,"Chess Piece, probably a Pawn",Chess piece,9th–11th century,,,,Jet stone,H. 15/16 in. (2.4 cm),,,Western Islamic Lands,,Chess|Games,,,,,,,Islamic Art,Gaming pieces,,False,True,https://www.metmuseum.org/art/collection/search/452391,https://images.metmuseum.org/CRDImages/is/original/sf1972-119-6a.jpg,0,,,
449703,Bowl,Bowl,9th–10th century,,,,"Earthenware; white slip, black decoration tinges the glaze yellow","Overall:
            H. 3 in. (7.6 cm)
            Diam.  22 11/16 in. (22 11/16 in.)
Base: 
            Diam. 4 1/16 in. (10.3 cm)",,Iran,,Nishapur,,,,,,,,Islamic Art,Ceramics,,False,True,https://www.metmuseum.org/art/collection/search/449703,https://images.metmuseum.org/CRDImages/is/original/AD-40-170-7front.jpg,2,,,
445598,Fragment of a Bowl,Fragment,14th–15th century,,,,Stonepaste; polychrome underglaze painted under colorless glaze,,,Egypt,,,,,,,,,,Islamic Art,Ceramics,,False,True,https://www.metmuseum.org/art/collection/search/445598,https://images.metmuseum.org/CRDImages/is/original/sf08-256-323a.jpg,0,,,
446851,Cover,Cover,early 19th century,,,,"Cotton, silk, metal wrapped threads; embroidered","H. 68 in. (173.7 cm)
W. 22 in. (55.9 cm)",,Turkey,,,,,,,,,,Islamic Art,Textiles-Embroidered,,False,True,https://www.metmuseum.org/art/collection/search/446851,https://images.metmuseum.org/CRDImages/is/original/34057.jpg,0,,,
452038,"Chess Piece, Knight",Chess piece,8th–10th century,,,,Jet; carved,1 11/16 in. high 1 7/16 in. long (4.3 cm high 3.7 cm long),,Iran,,,Chess,,,,,,,Islamic Art,Gaming pieces,,False,True,https://www.metmuseum.org/art/collection/search/452038,https://images.metmuseum.org/CRDImages/is/original/DP303335.jpg,4,,,
856389,Bead,Bead,8th–13th century,,,,Shell,"W. 9/16 in. (1.5 cm)
D. 1/2 in. (1.3 cm)
L. 13/16 in. (2.1 cm)",,Iran,,Nishapur,,,,,,,,Islamic Art,Jewelry,,False,True,https://www.metmuseum.org/art/collection/search/856389,https://images.metmuseum.org/CRDImages/is/original/sf48-101-208a-i.jpg,0,,,
444130,Textile Fragment,Textile fragment,5th century,,,,"Wool, linen; tapestry weave","Max. H. 15 1/2 in. (39.4 cm)
Max. W. 2 1/2 in. (6.4 cm wide)",,Egypt,,,,,,,,,,Islamic Art,Textiles,,False,True,https://www.metmuseum.org/art/collection/search/444130,https://images.metmuseum.org/CRDImages/is/original/63909.jpg,0,,,
443037,Textile Fragment,Textile fragment,early 19th century,,,,"Linen, silk, metal wrapped thread; plain weave, embroidered","H. 9 1/2 in. (24.1 cm)
W. 16 in. (40.6 cm)",,present-day Greece,,Thessaloniki,,,,,,,,Islamic Art,Textiles-Embroidered,,False,True,https://www.metmuseum.org/art/collection/search/443037,https://images.metmuseum.org/CRDImages/is/original/73115.jpg,0,,,
448085,Textile Fragment,Textile fragment,12th century,,,,Linen and silk,"L. 4 3/4 in. (12.1 cm)
W. 6 1/2 in. (16.5 cm)",,Egypt,,Fustat,,,,,,,,Islamic Art,Textiles-Woven,,False,True,https://www.metmuseum.org/art/collection/search/448085,https://images.metmuseum.org/CRDImages/is/original/69162.jpg,0,,,
450711,Page of Calligraphy,Folio from a non-illustrated manuscript,16th century,,,,"Ink, opaque watercolor, and gold on paper","H. 10 7/8 in. (27.6 cm)
W. 7in. (17.8 cm)",,Iran,,,Flowers|Leaves,,,,,,,Islamic Art,Codices,,False,True,https://www.metmuseum.org/art/collection/search/450711,https://images.metmuseum.org/CRDImages/is/original/sf46-126-1r.jpg,1,,,
443306,Textile Fragment,Textile fragment,5th–6th century,,,,"Wool, linen; plain weave, tapestry weave","H. 8 3/16 in. (46.2 cm)
W. 10 3/8 in. (26.4 cm)",,Egypt,,,,,,,,,,Islamic Art,Textiles,,False,True,https://www.metmuseum.org/art/collection/search/443306,https://images.metmuseum.org/CRDImages/is/original/73628.jpg,0,,,
445556,Ceramic Fragment,Fragment,14th century,,,,Stonepaste; polychrome painted under transparent glaze,,,Syria,,,,,,,,,,Islamic Art,Ceramics,,False,True,https://www.metmuseum.org/art/collection/search/445556,https://images.metmuseum.org/CRDImages/is/original/sf08-256-275a.jpg,0,,,
452376,Carpet,Carpet,18th century,,,,"Wool (warp, weft, and pile); symmetrically knotted pile","H. 100 3/16 in. (254.5 cm)
W. 68 1/2 in. (174 cm)",,Turkey,,,,,,,,,,Islamic Art,Textiles-Rugs,,False,True,https://www.metmuseum.org/art/collection/search/452376,https://images.metmuseum.org/CRDImages/is/original/RT262.jpg,2,,,
446578,Portrait of the Emperor Akbar,Illustrated  album leaf,19th century,,,,"Ink, opaque watercolor, and gold on paper","Painting: H. 10 3/4 in. (27.3 cm)
                W. 7 3/4 in. (19.7 cm)
Page: H. 14 5/8 in. (37.1 cm)
           W. 10 5/16 in. (26.2 cm)
Mat: H. 19 1/4 in. (48.9 cm)
        W.  14 1/4 in. (36.2 cm)",,India,,,Buildings|Men|Women|Flowers|Trees,,,,,,,Islamic Art,Codices,,False,True,https://www.metmuseum.org/art/collection/search/446578,https://images.metmuseum.org/CRDImages/is/original/sf13-228-44r.jpg,3,,,
449599,Fragment of a Frieze,Frieze fragment,11th century,,,,"Terracotta; carved, painted","H. 18 3/4 in (47.6 cm)
W. 34 in. (86.4 cm)
D. 3 in (7.6 cm)
Wt. 91 lbs. (41.3 kg)",,Iran,,Nishapur,,,,,,,,Islamic Art,Ceramics,,False,True,https://www.metmuseum.org/art/collection/search/449599,https://images.metmuseum.org/CRDImages/is/original/DP251467.jpg,6,https://www.wikidata.org/wiki/Q116273144,,
445930,Band,Band,4th century,,,,"Linen, wool; tapestry weave","H. 9 in. (22.9 cm)
W. 1 3/4 in. (4.4 cm)",,Egypt,,,,,,,,,,Islamic Art,Textiles,,False,True,https://www.metmuseum.org/art/collection/search/445930,https://images.metmuseum.org/CRDImages/is/original/87667.jpg,0,,,
448061,Textile Fragment,Textile fragment,10th–11th century,,,,"Cotton, silk","L. 9 1/2 in. (24.1 cm)
W. 10 3/4 in. (27.3 cm)",,Egypt,,Fustat,,,,,,,,Islamic Art,Textiles-Woven,,False,True,https://www.metmuseum.org/art/collection/search/448061,https://images.metmuseum.org/CRDImages/is/original/sf27-170-17.jpg,2,,,
449145,Bottle,Bottle,9th century,,,,Glass; cut,H. 2 1/2 in. (6.4 cm),,Iran,,Nishapur,,,,,,,,Islamic Art,Glass,,False,True,https://www.metmuseum.org/art/collection/search/449145,https://images.metmuseum.org/CRDImages/is/original/LC-37_40_35.jpg,0,https://www.wikidata.org/wiki/Q116409460,,
456295,Mashrabiyya Screen,Screen,15th–16th century,,,,Wood; turned,"Overall dimension: H. 96 in. (243.8 cm)
                                   W. 62 1/4 in. (158.1 cm)
                                   D. 2 in. (5.1 cm)

Dimensions of window: H. 71 7/8 in. (182.6 cm)
                                            D. 40 1/4 in. (102.2 cm)",,Egypt,,,Screens,,,,,,,Islamic Art,Wood,,False,True,https://www.metmuseum.org/art/collection/search/456295,https://images.metmuseum.org/CRDImages/is/original/11.86.10-scan.jpg,1,,,
446101,Liturgical Cuff,Cuff,16th century,,,,Silk and metal wrapped thread embroidery on a foundation of silk satin and cotton plain weave,"H. 6 3/4 in. (17.1 cm)
W. 11 1/4 in. (28.6 cm)",,Bulgaria or Romania,,,Altars|Christ,,,,,,,Islamic Art,Textiles-Embroidered,,False,True,https://www.metmuseum.org/art/collection/search/446101,https://images.metmuseum.org/CRDImages/is/original/DP-15410-001.jpg,1,,,
456921,The Bara Imambara Complex at Lucknow,Illustrated single work,ca. 1800,,,,Ink and opaque watercolor on paper,"Painting: H. 22 1/8 in. (56.2 cm)
                 W. 15 1/2 in. (39.4 cm)",,India,,Lucknow,Architecture|Mosques,,,,,,,Islamic Art,Codices,,False,True,https://www.metmuseum.org/art/collection/search/456921,https://images.metmuseum.org/CRDImages/is/original/wb-tr.152.1.2008.JPG,2,,,
451278,"""Portrait of Khan Dauran Bahadur Nusrat Jang"", Folio from the Shah Jahan Album",Album leaf,verso: ca. 1640; recto: 1530–50,,,,"Ink, opaque watercolor, and gold on paper","H. 15 5/8 in. (38.9 cm)
W. 10 1/4 in. (26 cm)",,India,,,Men|Profiles,Murad,Artist,,,,,Islamic Art,Codices,,False,True,https://www.metmuseum.org/art/collection/search/451278,https://images.metmuseum.org/CRDImages/is/original/DP247724.jpg,4,,,
447443,Water Filter,Water filter,10th–12th century,,,,Earthenware,"H. 2 1/16 in. (5.2 cm)
W. 2 15/16 in. (7.5 cm)
D. 2 13/16 in. (7.1 cm)
Wt. 2.2 oz. (62.4 g)",,Egypt,,,,,,,,,,Islamic Art,Ceramics,,False,True,https://www.metmuseum.org/art/collection/search/447443,https://images.metmuseum.org/CRDImages/is/original/sf21-173-23a.jpg,0,,,
457287,Coin,Coin,141–50 AH/758–68 CE,,,,Copper,"Ht. 13/16 in. (2 cm)
W. 13/16 in. (2.1 cm)
Th. 1/16 in. (0.1 cm)",,Iran,,Nishapur,,,,,,,,Islamic Art,Coins,,False,True,https://www.metmuseum.org/art/collection/search/457287,https://images.metmuseum.org/CRDImages/is/original/39.40.127.215a.JPG,1,,,
446407,Fragment of Dish with Bird,Ceramic fragment,14th–15th century,,,,Stonepaste; underglaze painted under colorless glaze,,,Egypt or Syria,,,Birds,,,,,,,Islamic Art,Ceramics,,False,True,https://www.metmuseum.org/art/collection/search/446407,https://images.metmuseum.org/CRDImages/is/original/sf13-190-121a.jpg,0,,,
443078,Cover,Cover,early 19th century,,,,"Silk, metal wrapped thread; embroidered, applied fringe","H. 33 in. (83.8 cm)
W. 33 in. (83.8 cm)",,Turkey,,,,,,,,,,Islamic Art,Textiles-Embroidered,,False,True,https://www.metmuseum.org/art/collection/search/443078,https://images.metmuseum.org/CRDImages/is/original/51025.jpg,0,,,
443621,Slipper,Slipper,3rd–7th century,,,,Leather,H. 7 in. (17.8 cm high),,Egypt,,Akhmim (former Panopolis),Footwear,,,,,,,Islamic Art,Leather,,False,True,https://www.metmuseum.org/art/collection/search/443621,https://images.metmuseum.org/CRDImages/is/original/DP-13976-001.jpg,1,,,
443875,Fragment of a Sleeve,Textile fragment,4th century,,,,"Wool, linen; plain weave, tapestry weave, weft loop weave","Max. H. 13 1/2 in. (34.3 cm)
Max. W. 17 1/4 in. (43.8 cm)",,Egypt,,,,,,,,,,Islamic Art,Textiles,,False,True,https://www.metmuseum.org/art/collection/search/443875,https://images.metmuseum.org/CRDImages/is/original/sf90-5-389.jpg,1,,,
443114,Ewer,Ewer,probably 18th–19th century,,,,Glass; mold blown and applied decoration,"H. 6 7/8 in. (17.5 cm)
Diam. 3 1/8 in. (8 cm)",,Iran,,,,,,,,,,Islamic Art,Glass,,False,True,https://www.metmuseum.org/art/collection/search/443114,https://images.metmuseum.org/CRDImages/is/original/sf83-6-31a.jpg,0,,,
454856,Kohl Flask,Kohl flask,probably 10th–12th century,,,,"Serpentine; carved, incised","H. 1 7/16 in. (3.7 cm)
W. 1 5/8 in. (4.2 cm)",,,Iran or Central Asia,,Birds,,,,,,,Islamic Art,Stone,,False,True,https://www.metmuseum.org/art/collection/search/454856,https://images.metmuseum.org/CRDImages/is/original/DP243801.jpg,5,,,
448262,Bowl,Bowl,17th–18th century,,,,Stonepaste; pierced and underglaze painted (Gombroon ware),"H. 2 1/2 in. (6.4 cm)
Diam. 7 1/2 in. (19.1 cm)",,Iran,,,,,,,,,,Islamic Art,Ceramics,,False,True,https://www.metmuseum.org/art/collection/search/448262,https://images.metmuseum.org/CRDImages/is/original/sf29-160-4b.jpg,2,,,
856750,Bead,Bead,8th–13th century,,,,Stone,"Diam. 1/4 in. (0.7 cm)
D. 3/16 in. (0.5 cm)",,Iran,,Nishapur,,,,,,,,Islamic Art,Stone,,False,True,https://www.metmuseum.org/art/collection/search/856750,https://images.metmuseum.org/CRDImages/is/original/LC-48_101_83top.jpg,1,,,
446976,Bottle,Bottle,18th century,,,,Stonepaste; luster-painted on opaque white and blue glaze under transparent colorless glaze,"Ht. 5 1/2 in. (14 cm)
Diam. 3 1/8 in. (8 cm)",,Iran,,,Flowers,,,,,,,Islamic Art,Ceramics,,False,True,https://www.metmuseum.org/art/collection/search/446976,https://images.metmuseum.org/CRDImages/is/original/sf17-120-29a.jpg,2,,,
741507,Stucco Fragment,Fragment,probably 8th–12th century,,,,"Stucco; carved, painted",L 13 x W 7 x H 3,,Iran,,Nishapur,,,,,,,,Islamic Art,Stucco,,False,True,https://www.metmuseum.org/art/collection/search/741507,https://images.metmuseum.org/CRDImages/is/original/LC-N1674-front.jpg,1,,,
445259,Textile Fragment,Textile fragment,first half 16th century,,,,Silk; lampas,"Textile: L. 16 1/4 in. (41.3 cm)
            W. 13 3/4 in. (34.9 cm)",,Iran,,,Ducks|Men,,,,,,,Islamic Art,Textiles-Woven,,False,True,https://www.metmuseum.org/art/collection/search/445259,https://images.metmuseum.org/CRDImages/is/original/DP17763.jpg,4,,,
444182,Fragment of a Tunic,Tunic fragment,5th–6th century,,,,"Wool, linen; plain weave, tapestry weave","Max. H. 9 7/16 in. (24 cm)
Max. W. 11 in. (28 cm)",,Egypt,,,,,,,,,,Islamic Art,Textiles,,False,True,https://www.metmuseum.org/art/collection/search/444182,https://images.metmuseum.org/CRDImages/is/original/83635.jpg,0,,,
447315,Bowl,Bowl,12th–13th century,,,,Stonepaste; incised and pierced,"H. 3 in. (7.6 cm)
Diam. 7 1/2 in. (19.1 cm)",,Iran,,,,,,,,,,Islamic Art,Ceramics,,False,True,https://www.metmuseum.org/art/collection/search/447315,https://images.metmuseum.org/CRDImages/is/original/LC-20_120_276interior.jpg,3,,,
444487,Dish,Dish,17th century,,,,Earthenware; glazed,"Ht. 1 15/16 in. (5 cm)
Diam. 9 3/4 in. (24.8 cm)",,Turkey,,Iznik,Flowers,,,,,,,Islamic Art,Ceramics,,False,True,https://www.metmuseum.org/art/collection/search/444487,https://images.metmuseum.org/CRDImages/is/original/DP-33962-001.jpg,5,,,
445492,Ceramic Fragment,Fragment,14th–15th century,,,,Earthenware; incised decoration through white slip and coloring under transparent glaze,,,Egypt,,,,,,,,,,Islamic Art,Ceramics,,False,True,https://www.metmuseum.org/art/collection/search/445492,https://images.metmuseum.org/CRDImages/is/original/sf08-256-203a.jpg,0,,,
446701,Brocade Fragment,Textile fragment,16th century,,,,"Silk, metal wrapped thread; brocaded","H. 25 3/4 in.. (65.4 cm)
W. 12 1/2  in. (31.8 cm)",,Turkey,,,Flowers,,,,,,,Islamic Art,Textiles-Brocades,,False,True,https://www.metmuseum.org/art/collection/search/446701,https://images.metmuseum.org/CRDImages/is/original/30239.jpg,0,,,
444297,Tunic Ornament Showing Christ and the Virgin Flanked by Angels?,Textile fragment,7th–8th century,,,,"Wool, linen; plain weave, tapestry weave","Max. H. 5 3/4 in. (14.5 cm)
Max. W. 12 1/4 in. (31 cm)",,Egypt,,,Angels|Madonna and Child,,,,,,,Islamic Art,Textiles,,False,True,https://www.metmuseum.org/art/collection/search/444297,https://images.metmuseum.org/CRDImages/is/original/68899.jpg,1,,,
448176,"""Khusrau Seeing Shirin Bathing"", Folio from a Khamsa (Quintet) of Nizami of Ganja",Folio from an illustrated manuscript,1447–48,,,,"Ink, opaque watercolor, and gold on paper","H. 10 7/8 in. (27.6 cm)
W. 7 1/4 in. (18.4cm)",,Iran,,Shiraz,Men|Women|Horses,Nizami,Author,,1141,1209,,Islamic Art,Codices,"present-day Azerbaijan, Ganja 1141–1209 Ganja",False,True,https://www.metmuseum.org/art/collection/search/448176,https://images.metmuseum.org/CRDImages/is/original/sf28-22d.jpg,3,,https://www.wikidata.org/wiki/Q234908,(not assigned)
443795,Fragment of a Tunic,Textile fragment,3rd–4th century,,,,"Wool, linen; plain weave, tapestry weave","Max. H. 13 5/16 in. (33.8 cm)
Max. W. 2 5/8 in. (6.7 cm)",,Egypt,,,,,,,,,,Islamic Art,Textiles,,False,True,https://www.metmuseum.org/art/collection/search/443795,https://images.metmuseum.org/CRDImages/is/original/84002.jpg,0,,,
457597,Coin,Coin,probably 8th–9th century,,,,Copper,,,Iran,,Nishapur,,,,,,,,Islamic Art,Coins,,False,True,https://www.metmuseum.org/art/collection/search/457597,https://images.metmuseum.org/CRDImages/is/original/39.40.127.527a.JPG,1,,,
447157,Star-Shaped Tile,Star-shaped tile,first half 14th century,,,,Stonepaste; overglaze luster-painted,8.25 in. wide (21 cm wide),,Iran,,Varamin,Stars|Flowers|Leaves,,,,,,,Islamic Art,Ceramics-Tiles,,False,True,https://www.metmuseum.org/art/collection/search/447157,https://images.metmuseum.org/CRDImages/is/original/sf20-120-50.jpg,1,,,
664761,Head of a Central Asian Figure,Head of a figure,12th–13th century,,,,"Gypsum plaster; modeled, carved","H. 6 7/8 in. (17.5 cm)
W. 5 1/4 in. (13.3 cm)
D. 3 5/8 in. (9.2 cm)
Wt. 37.5 oz. (1063.2 g)",,Iran,,,Heads,,,,,,,Islamic Art,Stucco-Sculpture,,False,True,https://www.metmuseum.org/art/collection/search/664761,https://images.metmuseum.org/CRDImages/is/original/DP353091.jpg,2,,,
449858,Mold for Making Ceramics,Mold,late 9th–early 10th century,,,,Clay; molded,"H. 1 15/16 in. (5 cm)
W. 1 3/4 in. (4.5 cm)
D. 7/8 in. (2.2 cm)",,Iran,,Nishapur,,,,,,,,Islamic Art,Ceramics,,False,True,https://www.metmuseum.org/art/collection/search/449858,https://images.metmuseum.org/CRDImages/is/original/sf40-170-172.jpg,0,,,
457159,Coin,Coin,dated 375 AH/985 CE,,,,Silver,"Ht. 1 3/16 in. (3 cm)
W. 1 1/8 in. (2.9 cm)
Th.1/16 in. (0.1 cm)",,Iran,,Nishapur,,,,,,,,Islamic Art,Coins,,False,True,https://www.metmuseum.org/art/collection/search/457159,https://images.metmuseum.org/CRDImages/is/original/39.40.127.87a.JPG,1,,,
443532,Textile Fragment,Textile fragment,5th–6th century,,,,"Wool, linen; plain weave, tapestry weave","Max. H. 2 11/16 in. (6.9 cm)
Max. W. 1 7/8 in. (4.8 cm)",,Egypt,,,,,,,,,,Islamic Art,Textiles,,False,True,https://www.metmuseum.org/art/collection/search/443532,https://images.metmuseum.org/CRDImages/is/original/sf89-18-319a.jpg,1,,,
452344,"Chess Piece, Pawn or Backgammon Piece",Chess or backgammon piece,9th–11th century,,,,Stone,H. 1 1/8 in. (2.8 cm),,,Western Islamic Lands,,Chess,,,,,,,Islamic Art,Gaming pieces,,False,True,https://www.metmuseum.org/art/collection/search/452344,https://images.metmuseum.org/CRDImages/is/original/sf1972-9-30a.jpg,1,,,
443761,Fragment of a Band,Textile fragment,5th–6th century,,,,"Wool, linen; plain weave, tapestry weave (?)","Max. H. 6 1/8 in. (15.5 cm)
Max. W. 2 15/16 in. (7.5 cm)",,Egypt,,,,,,,,,,Islamic Art,Textiles,,False,True,https://www.metmuseum.org/art/collection/search/443761,https://images.metmuseum.org/CRDImages/is/original/83434.jpg,0,,,
784283,Four European Gentlemen,Illustrated single work,ca. 1860,,,,Pigments on paper,"H. 6.5 in. (16.5 cm)
W. 10.8 in. (27.4 cm)",,India,,,,,,,,,,Islamic Art,Codices,,False,True,https://www.metmuseum.org/art/collection/search/784283,https://images.metmuseum.org/CRDImages/is/original/LC-TR_113_2018-SR1-20180329.jpg,0,,,
443173,Coffee Pot,Coffee pot,1809–60,,,,"Silver, parcel-gilt","H. 6 3/4 in. (17.1 cm)
W. 4 1/2 in. (11.4 cm)
D. 3 3/8 in. (8.6 cm)
Wt. 6.6 oz. (187.1 g)",,Turkey,,,,,,,,,,Islamic Art,Metal,,False,True,https://www.metmuseum.org/art/collection/search/443173,https://images.metmuseum.org/CRDImages/is/original/DP222480.jpg,3,,,
457759,Footed Goblet,Goblet,7th–8th century,,,,Glass; cast and facet cut,"H: 7 1/8 in. (18.1 cm)
Diam. 4 1/2 in. (11.4 cm)
Wt. 26.3 oz. (745.7 g)",,Iran,,,,,,,,,,Islamic Art,Glass,,False,True,https://www.metmuseum.org/art/collection/search/457759,https://images.metmuseum.org/CRDImages/is/original/DP327294.jpg,5,https://www.wikidata.org/wiki/Q116248785,,
443574,Textile Fragment,Textile fragment,4th century,,,,"Wool, linen; tapestry weave","H. 5 1/2 in. (14 cm)
W. 5 1/2 in. (14 cm)",,Egypt,,,,,,,,,,Islamic Art,Textiles,,False,True,https://www.metmuseum.org/art/collection/search/443574,https://images.metmuseum.org/CRDImages/is/original/64658.jpg,0,,,
681640,Face from Half of Double Saddle Bag (Khorjin),Saddle bag,ca. 1850,,,,Wool; sumak brocaded,"H. 23 in. (58.4 cm)
W. 22 in. (55.9 cm)",,Northwestern Iran,,,,,,,,,,Islamic Art,Textiles-Woven-Brocade,,False,True,https://www.metmuseum.org/art/collection/search/681640,https://images.metmuseum.org/CRDImages/is/original/DP700949.jpg,1,,,
450107,Ceramic Fragment,Fragment,9th–10th century,,,,"Earthenware; red body, purplish black slip, white slip decoration","H. 2 1/2 in. (6.3 cm)
W. 1 3/4 in. (4.5 cm)",,Iran,,Nishapur,,,,,,,,Islamic Art,Ceramics,,False,True,https://www.metmuseum.org/art/collection/search/450107,https://images.metmuseum.org/CRDImages/is/original/AD-40-170-434front.jpg,1,,,
448884,Ceramic Fragment,Fragment,8th–9th century,,,,Earthenware; incised and stamped,"H. 1 13/16 in. (4.6 cm)
W. 2 3/4 in. (7 cm)
D. 7/16 in. (1.1 cm)
Wt. 0.9 oz. (25.5 g)",,Iraq,,Ctesiphon,,,,,,,,Islamic Art,Ceramics,,False,True,https://www.metmuseum.org/art/collection/search/448884,https://images.metmuseum.org/CRDImages/is/original/sf32-150-443b.jpg,1,,,
444680,"Amulet Case, One of a Pair",Amulet case,19th century,,,,"Silver, coral, turquoise, glass",,,present-day Uzbekistan,,Samarqand,,,,,,,,Islamic Art,Jewelry,,False,True,https://www.metmuseum.org/art/collection/search/444680,https://images.metmuseum.org/CRDImages/is/original/LC-91_1_1145.jpg,2,,,
446869,Textile Fragment,Fragment,16th century,,,,"Silk, metal wrapped thread; lampas (kemha)","Textile: H. 56 1/2 in. (143.5 cm)
              W. 23 1/4 in. (59.1 cm)
Mount: H. 47 1/8 in (119.7 cm)
             W. 31 1/4 in (79.4 cm)",,Turkey,,,,,,,,,,Islamic Art,Textiles,,False,True,https://www.metmuseum.org/art/collection/search/446869,https://images.metmuseum.org/CRDImages/is/original/wb-17.22.6.JPG,18,,,
443556,Textile Fragment,Textile fragment,3rd–4th century,,,,"Wool, linen; plain weave, tapestry weave","H. 26 3/16 in. (66.5 cm)
W. 1 7/16 in. (3.6 cm)",,Egypt,,,,,,,,,,Islamic Art,Textiles,,False,True,https://www.metmuseum.org/art/collection/search/443556,https://images.metmuseum.org/CRDImages/is/original/63832.jpg,0,,,
457617,Coin,Coin,9th–14th century,,,,Silver,,,Iran,,Nishapur,,,,,,,,Islamic Art,Coins,,False,True,https://www.metmuseum.org/art/collection/search/457617,https://images.metmuseum.org/CRDImages/is/original/39.40.127.547a.JPG,1,,,
741892,Stucco Fragment,Fragment,probably 8th–12th century,,,,"Stucco; carved, painted","H. 1 3/16 in. (3 cm)
W. 1 in. (2.5 cm)
D. 9/16 in. (1.5 cm)",,Iran,,Nishapur,,,,,,,,Islamic Art,Stucco,,False,True,https://www.metmuseum.org/art/collection/search/741892,https://images.metmuseum.org/CRDImages/is/original/LC-N525-front.jpg,1,,,
450486,Folio from a Qur'an Manuscript,Folio from a non-illustrated manuscript,late 13th–early 14th century,,,,"Ink, opaque watercolor, and gold on parchment","H. 21 1/16 in. (53.5 cm)
W. 22 in. (55.9 cm)",,Spain,,,Qur'an|Calligraphy,,,,,,,Islamic Art,Codices,,True,True,https://www.metmuseum.org/art/collection/search/450486,https://images.metmuseum.org/CRDImages/is/original/DP238067.jpg,6,https://www.wikidata.org/wiki/Q29385108,,
451511,Ceramic Fragment,Fragment,12th–13th century,,,,Stonepaste; underglaze painted,"H. 1 5/16 in. (3.3 cm)
W. 3 15/16 in. (10 cm)
D. 1 5/8 in. (4.1 cm)
Wt. 3.1 oz. (87.9 g)",,Saudi Arabia,,Dhahran,,,,,,,,Islamic Art,Ceramics,,False,True,https://www.metmuseum.org/art/collection/search/451511,https://images.metmuseum.org/CRDImages/is/original/sf60-23-14a.jpg,0,,,
443428,Textile Fragment,Textile fragment,3rd–4th century,,,,"Wool, linen; plain weave, tapestry weave","Max. H. 9 3/4 in. (24.8 cm)
Max. W. 9 3/4 in. (24.8 cm)",,Egypt,,,Animals,,,,,,,Islamic Art,Textiles,,False,True,https://www.metmuseum.org/art/collection/search/443428,https://images.metmuseum.org/CRDImages/is/original/79886.jpg,0,,,
742350,Stucco Fragment,Fragment,probably 8th–12th century,,,,Stucco; carved,"H. 1 9/16 in. (4 cm)
W. 13/16 in. (2 cm)
D. 3/8 in. (1 cm)",,Iran,,Nishapur,,,,,,,,Islamic Art,Stucco,,False,True,https://www.metmuseum.org/art/collection/search/742350,https://images.metmuseum.org/CRDImages/is/original/LC-N982-front.jpg,1,,,
741325,Stucco Fragment,Fragment,probably 8th–12th century,,,,"Stucco; carved, painted",L 1 x W 1 x H 1 to L 3 x W 3 x H 1.5,,Iran,,Nishapur,,,,,,,,Islamic Art,Stucco,,False,True,https://www.metmuseum.org/art/collection/search/741325,https://images.metmuseum.org/CRDImages/is/original/LC-N1507-back.jpg,1,,,
450155,Ceramic Fragment,Fragment,9th–10th century,,,,"Earthenware; purplish slip, white decoration on black underglaze painting","H. 1 5/8 in. (4.1 cm)
W. 5 7/16 in. (13.8 cm)
D. 2 7/8 in. (7.3 cm)
Th. 3/16 in. (0.4 cm)
Wt. 1.8 oz. (51 g)",,Iran,,Nishapur,,,,,,,,Islamic Art,Ceramics,,False,True,https://www.metmuseum.org/art/collection/search/450155,https://images.metmuseum.org/CRDImages/is/original/dg-40.170.485_1.jpg,2,,,
451174,Barber's Apron,Apron,17th–18th century,,,,Silk; embroidered in silk and gold and silver wrapped thread,"H. 62 1/2 in. (158.8 cm)
W. 42 in. (106.7 cm)",,Turkey,,,Flowers,,,,,,,Islamic Art,Textiles-Embroidered,,False,True,https://www.metmuseum.org/art/collection/search/451174,https://images.metmuseum.org/CRDImages/is/original/wb-53.131.24.JPG,10,,,
443433,Textile Fragment,Textile fragment,3rd–4th century,,,,"Wool, linen; plain weave, tapestry weave","Max. H. 4 5/16 in. (11 cm)
Max. W. 4 5/16 in. (11 cm)",,Egypt,,,,,,,,,,Islamic Art,Textiles,,False,True,https://www.metmuseum.org/art/collection/search/443433,https://images.metmuseum.org/CRDImages/is/original/80514.jpg,0,,,
451711,Ewer,Ewer,second half 13th century,,,,"Bronze; cast with handle cast separately, chased, engraved, inlaid with silver and gold","H. 8 9/16 in. (21.7 cm)
W. 6 1/2 in. (16.5 cm)
D. 6 in. (15.2 cm)
Wt. 40.9 oz. (1159.6 g)",,Iran,,,,,,,,,,Islamic Art,Metal,,False,True,https://www.metmuseum.org/art/collection/search/451711,https://images.metmuseum.org/CRDImages/is/original/DP-14036-001.jpg,3,https://www.wikidata.org/wiki/Q116236513,,
446068,Coin,Coin,dated 186 AH/802 CE,,,,Gold,,,Iraq,,,,,,,,,,Islamic Art,Coins,,False,True,https://www.metmuseum.org/art/collection/search/446068,https://images.metmuseum.org/CRDImages/is/original/10.130.1496.JPG,2,,,
452385,Vial,Vial,10th–11th century,,,,"Glass; mold blown, tooled on the pontil","H. 3 1/2 in. (8.9 cm)
Max. diam. (7 cm)",,Iran,,,,,,,,,,Islamic Art,Glass,,False,True,https://www.metmuseum.org/art/collection/search/452385,https://images.metmuseum.org/CRDImages/is/original/sf1972-118-179a.jpg,1,,,
444754,Swan-Neck Bottle (Ashkdan),Bottle,19th century,,,,"Glass; dip molded, blown, folded foot","H. 13 3/4 in. (34.9 cm)
Max. Diam 4 9/16 in. (11.6 cm)",,Iran,,possibly Shiraz,,,,,,,,Islamic Art,Glass,,False,True,https://www.metmuseum.org/art/collection/search/444754,https://images.metmuseum.org/CRDImages/is/original/DP122921.jpg,2,https://www.wikidata.org/wiki/Q116236522,,
452170,"""Bahrum Gur Before His Father, Yazdigird I"", Folio 551v from the Shahnama (Book of Kings) of Shah Tahmasp",Folio from an illustrated manuscript,ca. 1530–35,,,,"Opaque watercolor, ink, silver, and gold on paper","Painting: 
            H. 7 3/16 in. (18.2 cm)
            W. 6 11/16 in. (17 cm)
Entire Page: 
            H. 18 5/8 in. (47.3 cm)
            W. 12 5/8 in. (32.1 cm)",,Iran,,Tabriz,Kings|Men,Abu'l Qasim Firdausi,Author,Iranian,0935,1020,,Islamic Art,Codices,"Iranian, Paj ca. 940/41–1020 Tus",False,True,https://www.metmuseum.org/art/collection/search/452170,https://images.metmuseum.org/CRDImages/is/original/DP107205.jpg,3,,https://www.wikidata.org/wiki/Q43459,
446696,Dish,Dish,19th century,,,,Earthenware; polychrome underglaze painted,"Ht. 2 in. (5.1 cm)
Diam. 13 1/2 in. (34.3 cm)",,present-day Uzbekistan,,Bukhara,,,,,,,,Islamic Art,Ceramics,,False,True,https://www.metmuseum.org/art/collection/search/446696,https://images.metmuseum.org/CRDImages/is/original/sf15-84-2a.jpg,1,,,
741992,Stucco Fragment,Fragment,probably 8th–12th century,,,,Stucco; carved,"H. 1 9/16 in. (4 cm)
W. 3/8 in. (1 cm)
D. 1 in. (2.5 cm)",,Iran,,Nishapur,,,,,,,,Islamic Art,Stucco,,False,True,https://www.metmuseum.org/art/collection/search/741992,https://images.metmuseum.org/CRDImages/is/original/LC-N625-front.jpg,1,,,
450016,Button or Bead,Button or bead,9th–10th century,,,,Bone; incised and inlaid with paint,"H. 1/4 in. (0.6 cm) 
Diam. 11/16 in. (1.7 cm)",,Iran,,Nishapur,,,,,,,,Islamic Art,Ivories and Bone,,False,True,https://www.metmuseum.org/art/collection/search/450016,https://images.metmuseum.org/CRDImages/is/original/sf40-170-339z.jpg,1,,,
698679,Towel,Towel,19th century,,,,Silk; embroidered,"L. 26 in. (66 cm)
W. 16 in. (40.6 cm)",,Turkey,,,,,,,,,,Islamic Art,Textiles-Embroidered,,False,True,https://www.metmuseum.org/art/collection/search/698679,https://images.metmuseum.org/CRDImages/is/original/DP-13343-121.jpg,1,,,
446901,Saucer,Saucer,18th–19th century,,,,Lustered faience,"H. 1 5/8 in. (4.1 cm)
Diam. 6 1/4in. (15.9 cm)",,Iran,,,,,,,,,,Islamic Art,Ceramics,,False,True,https://www.metmuseum.org/art/collection/search/446901,https://images.metmuseum.org/CRDImages/is/original/sf17-120-28a.jpg,2,,,
457468,Coin,Coin,790,,,,Copper,,,Iran,,Nishapur,,,,,,,,Islamic Art,Coins,,False,True,https://www.metmuseum.org/art/collection/search/457468,https://images.metmuseum.org/CRDImages/is/original/39.40.127.397a.JPG,1,,,
456261,High-Tin Bronze Bowl,Bowl,12th century,,,,"High-tin bronze; cast, chased, punched, engraved","H. 7 1/16 in. (17.9 cm)
Diam. 1 9/16 in. (4 cm)",,present-day Afghanistan,,,,,,,,,,Islamic Art,Metal,,False,True,https://www.metmuseum.org/art/collection/search/456261,https://images.metmuseum.org/CRDImages/is/original/DP214461.jpg,6,https://www.wikidata.org/wiki/Q116256739,,
452509,Vase,Vase,7th–8th century,,,,High-tin bronze; hammered,"H. 5 1/8  in. (13 cm)
Diam. 3 3/4 in. (9.5 cm)
Wt. 12.7 oz. (360.1 g)",,probably Iran,,,,,,,,,,Islamic Art,Metal,,False,True,https://www.metmuseum.org/art/collection/search/452509,https://images.metmuseum.org/CRDImages/is/original/sf1973-338-10b.jpg,2,,,
447997,Lamp,Lamp,4th century?,,,,Earthenware; molded,,,Egypt,,,,,,,,,,Islamic Art,Ceramics,,False,True,https://www.metmuseum.org/art/collection/search/447997,https://images.metmuseum.org/CRDImages/is/original/sf27-94-29.jpg,0,,,
446915,Dish,Dish,17th century,,,,"Stonepaste; underglaze painted in black, blue, and green with red and yellow slips","Ht. 3 in. (7.6 cm)
Diam. 13 5/8 in. (34.6 cm)
Wt. (>42 oz)",,Iran,,,Animals|Flowers|Leaves,,,,,,,Islamic Art,Ceramics,,False,True,https://www.metmuseum.org/art/collection/search/446915,https://images.metmuseum.org/CRDImages/is/original/sf17-120-58a.jpg,1,,,
740693,Stucco Fragment,Fragment,probably 8th–12th century,,,,Stucco; carved,"H. 2 9/16 in. (6.5 cm)
W. 1 3/4 in. (4.5 cm)
D. 13/16 in. (2 cm)",,Iran,,Nishapur,,,,,,,,Islamic Art,Stucco,,False,True,https://www.metmuseum.org/art/collection/search/740693,https://images.metmuseum.org/CRDImages/is/original/LC-N023-front.jpg,1,,,
452378,Incense Burner,Incense burner,12th century,,,,"Brass; cast, pierced, chased, engraved","H. 6 15/16 in.  (17.6 cm)
L.  5 3/16 in.  (13.2 cm)
W. 3 3/8 in.  (8.6 cm)",,Iran,,,Birds,,,,,,,Islamic Art,Metal,,False,True,https://www.metmuseum.org/art/collection/search/452378,https://images.metmuseum.org/CRDImages/is/original/DP124397.jpg,8,https://www.wikidata.org/wiki/Q116280990,,
444181,Textile Fragment,Textile fragment,5th–6th century,,,,"Wool, linen; tapestry weave","Max. H. 8 1/4 in. (21 cm)
Max. W. 1 3/16 in. (3 cm)",,Egypt,,,,,,,,,,Islamic Art,Textiles,,False,True,https://www.metmuseum.org/art/collection/search/444181,https://images.metmuseum.org/CRDImages/is/original/83634.jpg,0,,,
448740,Bottle,Bottle,7th–8th century,,,,"Glass; blown, tooled on the pontil","H. 1 3/4 in. (4.4 cm)
W. 1 1/8 in. (2.9 cm)
D. 1 3/16 in. (3 cm)",,Iraq,,Ctesiphon,,,,,,,,Islamic Art,Glass,,False,True,https://www.metmuseum.org/art/collection/search/448740,https://images.metmuseum.org/CRDImages/is/original/sf32-150-243a.jpg,0,,,
444971,Tent Door Hanging,Tent door hanging,first half 19th century,,,,"Wool (warp, weft and pile), cotton (pile); symmetrically knotted pile","L. 72 in. (182.9 cm)
W.  50 in. (137.2 cm)",,Afghanistan or Turkmenistan,Central Asia,,,,,,,,,Islamic Art,Textiles-Rugs,,False,True,https://www.metmuseum.org/art/collection/search/444971,https://images.metmuseum.org/CRDImages/is/original/wb-06.1023.JPG,11,,,
454673,"""Yusef Serves for Zulaikha at a Feast"", Folio from a Yusuf and Zulaikha of Jami",Folio from an illustrated manuscript,second half 16th century,,,,Opaque watercolor and gold on paper,"H. 9 in. (22.9 cm)
W. 5 1/4 in. (13.3 cm)",,Iran,,Shiraz,Men|Women|Dining,Maulana Nur al-Din `Abd al-Rahman Jami,Author,Iranian,1414,1492,,Islamic Art,Codices,"Iranian, Jam 1414–92 Herat",False,True,https://www.metmuseum.org/art/collection/search/454673,https://images.metmuseum.org/CRDImages/is/original/sf57-51-39-241r.jpg,1,,https://www.wikidata.org/wiki/Q312458,(not assigned)
449735,Lantern,Lantern,9th–10th century,,,,"Earthenware; slip-covered, carved and incised decoration; unglazed","H. 9 1/4 in. (23.5 cm)
Diam. (at base): 5 1/16 in. (12.8 cm)",,Iran,,Nishapur,,,,,,,,Islamic Art,Ceramics,,False,True,https://www.metmuseum.org/art/collection/search/449735,https://images.metmuseum.org/CRDImages/is/original/sf40-170-39a.jpg,1,,,
451946,Bottle,Bottle,13th century,,,,Stonepaste; overglaze painted and leaf gilded (lajvardina),"H. 9 1/4 in. (23.5 cm) 
Diam. 6 1/4 in. (15.9 cm)
Wt. 20.9 oz. (592.6 g)",,Iran,,,,,,,,,,Islamic Art,Ceramics,,False,True,https://www.metmuseum.org/art/collection/search/451946,https://images.metmuseum.org/CRDImages/is/original/Cbottle67.178.4.jpg,0,,,
457128,Coin,Coin,dated 375 AH/985 CE,,,,Silver,"Ht. 1 1/8 in. (2.8 cm)
W. 1 1/8 in. (2.9 cm)
Th. 1/16 in. (0.1 cm)",,Iran,,Nishapur,,,,,,,,Islamic Art,Coins,,False,True,https://www.metmuseum.org/art/collection/search/457128,https://images.metmuseum.org/CRDImages/is/original/39.40.127.56a.JPG,1,,,
455243,Fragment of a Bowl,Fragment,14th century,,,,Stonepaste; polychrome painted under transparent glaze,,,Syria,,,,,,,,,,Islamic Art,Ceramics,,False,True,https://www.metmuseum.org/art/collection/search/455243,https://images.metmuseum.org/CRDImages/is/original/sf08-184-48b.jpg,2,,,
448514,Glass Fragment,Fragment,10th–11th century,,,,Glass; stained and luster-painted,"Ht. 1 5/8 in. (4.1 cm)
W. 3 11/16 in. (9.4 cm)
D. 3/8 in. (1 cm)
Wt. 0.6 oz. (17 g)",,Egypt,,Fustat,,,,,,,,Islamic Art,Glass,,False,True,https://www.metmuseum.org/art/collection/search/448514,https://images.metmuseum.org/CRDImages/is/original/sf30-112-20a.jpg,0,,,
448814,Ceramic Fragment,Fragment,8th–9th century,,,,Earthenware; glazed,"Ht. 4 3/4 in. (12.1 cm)
W. 4 1/8 in. (10.5 cm)
D. 1 3/8 in. (3.5 cm)",,Iraq,,Ctesiphon,,,,,,,,Islamic Art,Ceramics,,False,True,https://www.metmuseum.org/art/collection/search/448814,https://images.metmuseum.org/CRDImages/is/original/sf32-150-343.jpg,0,,,
446002,Bracket,Bracket,16th–17th century,,,,Wood; carved,"H. 28 1/2 in. (72.4 cm)
W. 6 in. (15.2 cm)
D. 15 1/4 in. (38.7 cm)",,India,,,,,,,,,,Islamic Art,Wood,,False,True,https://www.metmuseum.org/art/collection/search/446002,https://images.metmuseum.org/CRDImages/is/original/wb-10.84.29.JPG,2,,,
448972,Bowl,Bowl,9th–10th century,,,,Earthenware; glazed,"H. 3 3/8 in. (8.6 cm)
Diam. 7 1/4 in. (18.4 cm)
Wt. 16 oz. (453.6 g)",,Iran,,Qasr-i Abu Nasr,,,,,,,,Islamic Art,Ceramics,,False,True,https://www.metmuseum.org/art/collection/search/448972,https://images.metmuseum.org/CRDImages/is/original/sf33-175-41a.jpg,1,,,
452061,Incense Burner,Incense burner,12th–13th century,,,,Bronze; cast,"H. 3 1/4 in. (8.25 cm)
W. 2 11/16 in. (6.8 cm)
D. 2 5/8 in. (6.7 cm)
Wt. 5.9 oz. (167.3 g)",,Iran,,,Birds,,,,,,,Islamic Art,Metal,,False,True,https://www.metmuseum.org/art/collection/search/452061,https://images.metmuseum.org/CRDImages/is/original/69.211-D.jpg,0,,,
742262,Stucco Fragment,Fragment,probably 8th–12th century,,,,Stucco; carved,"H. 1 in. (2.5 cm)
W. 13/16 in. (2 cm)
D. 9/16 in. (1.5 cm)",,Iran,,Nishapur,,,,,,,,Islamic Art,Stucco,,False,True,https://www.metmuseum.org/art/collection/search/742262,https://images.metmuseum.org/CRDImages/is/original/LC-N894-front.jpg,1,,,
443058,Textile Fragment,Textile fragment,18th century,,,,"Linen, silk; plain weave, embroidered","H. 8 1/2 in. (21.6 cm)
W. 28 1/2 in. (72.4 cm)",,Bulgaria,,Kasanlik,Flowers,,,,,,,Islamic Art,Textiles-Embroidered,,False,True,https://www.metmuseum.org/art/collection/search/443058,https://images.metmuseum.org/CRDImages/is/original/wb-79.1.191.JPG,6,,,
740836,Stucco Fragment,Fragment,probably 8th–12th century,,,,Stucco; carved,"H. 1 3/8 in. (3.5 cm)
W. 13/16 in. (2 cm)
D. 13/16 in. (2 cm)",,Iran,,Nishapur,,,,,,,,Islamic Art,Stucco,,False,True,https://www.metmuseum.org/art/collection/search/740836,https://images.metmuseum.org/CRDImages/is/original/LC-N106-front.jpg,1,,,
449890,Seal Impression,Seal impression,8th–10th century,,,,"Earthenware; green slip covered, unglazed","Ht. 3/8 in. (0.9 cm)
Diam. 1/2 in. (1.3 cm)",,Iran,,Nishapur,,,,,,,,Islamic Art,Ceramics,,False,True,https://www.metmuseum.org/art/collection/search/449890,https://images.metmuseum.org/CRDImages/is/original/LC-40_170_205.jpg,0,,,
452453,Fragment of a Bowl or Cup,Fragment,13th–16th century,,,,Stonepaste; painted under transparent glaze,"H. 13/16 in. (2.1 cm)
W. 2 9/16 in. (6.5 cm)
D. 2 3/16 in. (5.6 cm)
Wt. 1.1 oz. (31.188 g)",,Egypt,,,,,,,,,,Islamic Art,Ceramics,,False,True,https://www.metmuseum.org/art/collection/search/452453,https://images.metmuseum.org/CRDImages/is/original/sf1973-79-32b.jpg,1,,,
445504,Fragment of a Bowl,Fragment,14th–15th century,,,,Earthenware; incised decoration through white slip and coloring under transparent glaze,,,Egypt,,,,,,,,,,Islamic Art,Ceramics,,False,True,https://www.metmuseum.org/art/collection/search/445504,https://images.metmuseum.org/CRDImages/is/original/sf08-256-216a.jpg,0,,,
444712,Plate,Plate,ca. 1350–1357,,,,"Glass; free blown, enameled and gilded; tooled on the pontil","H. 7/8 in. (2.2 cm)
Diam. 8 3/4 in. (22.2 cm)",,Syria or Egypt,,,,,,,,,,Islamic Art,Glass,,False,True,https://www.metmuseum.org/art/collection/search/444712,https://images.metmuseum.org/CRDImages/is/original/ISL161.jpg,11,https://www.wikidata.org/wiki/Q116409203,,
451435,Bowl,Bowl,18th century,,,,Stonepaste; glazed,"H. 4 1/8 in. (10.5 cm)
Diam. 10 7/8 in. (27.6 cm)",,Iran,,,Birds,,,,,,,Islamic Art,Ceramics,,False,True,https://www.metmuseum.org/art/collection/search/451435,https://images.metmuseum.org/CRDImages/is/original/wb-57.61.7bb.JPG,6,,,
444364,Textile Fragment,Textile fragment,5th–6th century,,,,Wool,"Max. H. 9 13/16 in. (25 cm)
Max. W. 3 1/8 in. (8 cm)",,Egypt,,,,,,,,,,Islamic Art,Textiles,,False,True,https://www.metmuseum.org/art/collection/search/444364,https://images.metmuseum.org/CRDImages/is/original/DP17716.jpg,1,,,
452472,Ceramic Fragment,Fragment,13th–16th century,,,,Stonepaste; painted under transparent glaze,,,Egypt,,,,,,,,,,Islamic Art,Ceramics,,False,True,https://www.metmuseum.org/art/collection/search/452472,https://images.metmuseum.org/CRDImages/is/original/sf1973-79-52b.jpg,1,,,
741028,Stucco Fragment,Fragment,probably 8th–12th century,,,,"Stucco; carved, painted","H. 2 3/4 in. (7 cm)
W. 2 3/8 in. (6 cm)
D. 9/16 in. (1.5 cm)",,Iran,,Nishapur,,,,,,,,Islamic Art,Stucco,,False,True,https://www.metmuseum.org/art/collection/search/741028,https://images.metmuseum.org/CRDImages/is/original/LC-N1235-front.jpg,1,,,
452123,"""Zal Expounds the Mysteries of the Magi"", Folio 87v from the Shahnama (Book of Kings) of Shah Tahmasp",Folio from an illustrated manuscript,ca. 1525,,,,"Opaque watercolor, ink, silver, and gold on paper","Painting: 
                H. 10 15/16 in. (27.9 cm)
                W. 7 1/8 in. (18.1 cm)
Page: 
                H. 18 1/2 in. (47 cm)
                W. 12 9/16 in. (31.9 cm)
Mat: 
                H. 22 in. (55.9 cm)
                W. 16 in. (40.6 cm)
Frame: H. 23 in. (58.4 cm)
             W. 17 in. (43.2 cm)",,Iran,,Tabriz,Poetry|Men,Abu'l Qasim Firdausi,Author,Iranian,0935,1020,,Islamic Art,Codices,"Iranian, Paj ca. 940/41–1020 Tus",False,True,https://www.metmuseum.org/art/collection/search/452123,https://images.metmuseum.org/CRDImages/is/original/DP107130.jpg,2,,https://www.wikidata.org/wiki/Q43459,
741698,Stucco Fragment,Fragment,probably 8th–12th century,,,,Stucco; carved,"H. 1 3/8 in. (3.5 cm)
W. 9/16 in. (1.5 cm)
D. 9/16 in. (1.5 cm)",,Iran,,Nishapur,,,,,,,,Islamic Art,Stucco,,False,True,https://www.metmuseum.org/art/collection/search/741698,https://images.metmuseum.org/CRDImages/is/original/LC-N331-front.jpg,1,,,
451311,Portrait of a Youth,Illustrated  album leaf,late 16th century,,,,Opaque watercolor and gold on paper,"H. 11 5/8 in. (29. 5 cm)
W. 7 9/16 in. (19.2 cm)",,Iran,,,Birds|Men|Portraits,,,,,,,Islamic Art,Codices,,False,True,https://www.metmuseum.org/art/collection/search/451311,https://images.metmuseum.org/CRDImages/is/original/sf55-121-24r.jpg,1,,,
455153,Ceramic Fragment,Fragment,10th–11th century,,,,Earthenware; luster-painted,,,Saudi Arabia,,Dhahran,,,,,,,,Islamic Art,Ceramics,,False,True,https://www.metmuseum.org/art/collection/search/455153,https://images.metmuseum.org/CRDImages/is/original/sf60-23-46a.jpg,0,,,
451557,Ceramic Fragment,Fragment,13th–16th century,,,,Stonepaste; slip painted and glazed,"H. 9/16 in. (1.4 cm)
W. 2 5/8 in. (6.7 cm)
D. 2 5/16 in. (5.9 cm)
Wt. 1.3 oz. (36.9 g)",,Saudi Arabia,,Dhahran,,,,,,,,Islamic Art,Ceramics,,False,True,https://www.metmuseum.org/art/collection/search/451557,https://images.metmuseum.org/CRDImages/is/original/sf60-23-62a.jpg,0,,,
451397,"Ewer with Molded Inscriptions, Animals, and Dancers",Ewer,last quarter 11th or 12th century,,,,"Stonepaste; molded, monochrome glazed",H. 11 1/2 in. (29.2 cm),,Iran,,,Human Figures|Dancers,,,,,,,Islamic Art,Ceramics,,False,True,https://www.metmuseum.org/art/collection/search/451397,https://images.metmuseum.org/CRDImages/is/original/Cjug57.51.16.jpg,0,https://www.wikidata.org/wiki/Q116245310,,
447025,"Ornament, One of a Pair",Ornament,12th–13th century,,,,Gold; set with glass,"H. 13/16 in. (2.1 cm)
W. 1 5/16 in. (3.3 cm)
D. 1 1/4 in. (3.2 cm)
Wt. 0.4 oz. (11.3 g)",,Iran,,,,,,,,,,Islamic Art,Jewelry,,False,True,https://www.metmuseum.org/art/collection/search/447025,https://images.metmuseum.org/CRDImages/is/original/LC-17_192_83.jpg,3,,,
741269,Stucco Fragment,Fragment,probably 8th–12th century,,,,"Stucco; carved, painted",L 6x W 4x H 2.5,,Iran,,Nishapur,,,,,,,,Islamic Art,Stucco,,False,True,https://www.metmuseum.org/art/collection/search/741269,https://images.metmuseum.org/CRDImages/is/original/LC-N1456-front.jpg,1,,,
452271,Tiraz Veil,Tiraz fragment,dated 373 AH/983–84 CE,,,,"Silk; plain weave, tapestry weave","Textile: L. 23 3/8 in. (59.4 cm)
             W. 55 3/4 in. (141.6 cm)
Mount: L. 31 1/2 in. (80 cm)
             W. 64 3/8 in. (163.5 cm)
             D. 2 in. (5.1 cm)",,Egypt,,Tinnis,Arabic,,,,,,,Islamic Art,Textiles-Woven,,False,True,https://www.metmuseum.org/art/collection/search/452271,https://images.metmuseum.org/CRDImages/is/original/DP101032.jpg,15,https://www.wikidata.org/wiki/Q116281118,,
447309,Group of Dervishes,Folio from an illustrated manuscript,early 16th century,,,,"Ink, opaque watercolor, and gold on paper","Painting: H.7 15/16 in. (20.2 cm)
                 W. 5 3/16 in. (13.2 cm)
Mat: H. 19 1/4 in. (48.9 cm)
        W. 14 1/4 in. (36.2 cm)",,present-day Uzbekistan,,Bukhara,Men,,,,,,,Islamic Art,Codices,,False,True,https://www.metmuseum.org/art/collection/search/447309,https://images.metmuseum.org/CRDImages/is/original/sf20-120-262.jpg,1,,,
681739,Double Saddle Bag (Khorjin),Saddle bag,ca. 1900,,,,"Wool (warp, weft, and pile); symmetrically knotted pile and slit tapestry (kilim) closure (front); weft-faced plain weave with twined and braided loop closures (back)","H. 42 in. (106.7 cm)
W. 23 in. (58.4 cm)",,Western Iran,Bakhtiari tribe,,,,,,,,,Islamic Art,Textiles-Woven,,False,True,https://www.metmuseum.org/art/collection/search/681739,https://images.metmuseum.org/CRDImages/is/original/DP700915.jpg,2,,,
445977,Frieze Tile with Two Hunters,Frieze tile,second half 13th century,,,,"Stonepaste; molded, inglaze painted in blue and turquoise, luster-painted on opaque white glaze","H. 10 3/4 in. (27.3 cm)
W. 13 1/4 in. (33.7 cm)
D. 1 1/8 in. (2.9 cm)",,Iran,,Kashan,Birds|Men|Hunting|Horses,,,,,,,Islamic Art,Ceramics-Tiles,,False,True,https://www.metmuseum.org/art/collection/search/445977,https://images.metmuseum.org/CRDImages/is/original/DP-12655-001.jpg,4,,,
447969,Band,Band,early 19th century,,,,Silk on linen; embroidered,"L. 10 1/2 in. (26.7 cm)
W. 20 in. (50.8 cm)",,India,,,Birds|Men|Women,,,,,,,Islamic Art,Textiles-Embroidered,,False,True,https://www.metmuseum.org/art/collection/search/447969,https://images.metmuseum.org/CRDImages/is/original/DP18297.jpg,2,,,
449071,Jug,Jug,late 8th–first half 9th century,,,,"Earthenware; slip covered and incised, unglazed",,,Iran,,Nishapur,,,,,,,,Islamic Art,Ceramics,,False,True,https://www.metmuseum.org/art/collection/search/449071,https://images.metmuseum.org/CRDImages/is/original/sf36-20-40a.jpg,0,,,
451320,Man in a Fur-Lined Coat,Album leaf,ca. 1600,,,,"Ink, opaque watercolor, and gold on paper","H. 5 3/8 in. (13.6 cm)
W. 2 1/2 in. (6.4 cm)",,Iran,,Isfahan,Birds|Fruit|Men,Riza-yi 'Abbasi,Artist,Iranian,1540,1660,,Islamic Art,Codices,"Iranian, ca. 1565–d. 1635",False,True,https://www.metmuseum.org/art/collection/search/451320,https://images.metmuseum.org/CRDImages/is/original/DT4817.jpg,2,,https://www.wikidata.org/wiki/Q380726,(not assigned)
447882,Fragment of a Hanging,Fragment of a hanging,18th century,,,,Linen; embroidere in silk,"H. 92 in. (233.7 cm)
W. 13 in. (33 cm)",,Algeria,,,,,,,,,,Islamic Art,Textiles-Embroidered,,False,True,https://www.metmuseum.org/art/collection/search/447882,https://images.metmuseum.org/CRDImages/is/original/63128.jpg,0,,,
450610,Portrait of the Emperor Aurangzeb,Album leaf,17th century,,,,"Ink, opaque watercolor, and gold on paper","H. 7 1/4 in. (18.4 cm)
W. 4 1/8 in. (10.5 cm)",,India,,,Swords|Men|Profiles,,,,,,,Islamic Art,Codices,,False,True,https://www.metmuseum.org/art/collection/search/450610,https://images.metmuseum.org/CRDImages/is/original/sf45-174-28r.jpg,2,,,
787741,Shahsevan Double Saddle Bag,Saddle bag,ca. 1860,,,,Wool and cotton; sumak technique,"H. 34 in. (86.4 cm)
W. 14 in. (35.6 cm)",,Northwest Iran,Shahsevan tribal region,,,,,,,,,Islamic Art,Textiles,,False,True,https://www.metmuseum.org/art/collection/search/787741,https://images.metmuseum.org/CRDImages/is/original/K-7 1.jpg,0,,,
443541,Textile Fragment,Textile fragment,3rd–4th century,,,,"Wool, linen; plain weave, tapestry weave","Max. H. 11 in. (28 cm)
Max. W. 7 in. (17.8 cm)",,Egypt,,,,,,,,,,Islamic Art,Textiles,,False,True,https://www.metmuseum.org/art/collection/search/443541,https://images.metmuseum.org/CRDImages/is/original/73644.jpg,0,,,
457232,Coin,Coin,dated 375 AH/985–86 CE,,,,Silver,"Ht. 7/8 in. (2.2 cm)
W. 7/8 in. (2.3 cm)
Th.1/16 in. (0.1 cm)",,Iran,,Nishapur,,,,,,,,Islamic Art,Coins,,False,True,https://www.metmuseum.org/art/collection/search/457232,https://images.metmuseum.org/CRDImages/is/original/39.40.127.160a.JPG,1,,,
856142,Beads,Beads,8th–13th century,,,,Glass,"Diam. 3/8 in. (1 cm)
W. 3/8 in. (1 cm)",,Iran,,Nishapur,,,,,,,,Islamic Art,Glass,,False,True,https://www.metmuseum.org/art/collection/search/856142,https://images.metmuseum.org/CRDImages/is/original/AD-48.101.209b.JPG,12,,,
451806,Glass Bottle with Faceted Decoration,Bottle,9th–10th century,,,,"Glass, colorless; blown, cut","H. 5 5/8 in. (14.3 cm)
Diam. 3 1/4 in. (8.3 cm)",,Iran,,,,,,,,,,Islamic Art,Glass,,False,True,https://www.metmuseum.org/art/collection/search/451806,https://images.metmuseum.org/CRDImages/is/original/DP120834.jpg,2,https://www.wikidata.org/wiki/Q116243505,,
447187,Tile,Tile,late 12th–early 13th century,,,,"Stonepaste; molded, applied siliceous relief, in-glaze and overglaze-painted, over opaque white glaze","H. 6 38 in. (16.2 cm.)
W. 3 1/2 in. (8.9 cm)",,Iran,,,,,,,,,,Islamic Art,Ceramics-Tiles,,False,True,https://www.metmuseum.org/art/collection/search/447187,https://images.metmuseum.org/CRDImages/is/original/sf20-120-104b.jpg,1,,,
741628,Stucco Fragment,Fragment,probably 8th–12th century,,,,Stucco; carved,"H. 1 3/8 in. (3.5 cm)
W. 9/16 in. (1.5 cm)
D. 1 in. (2.5 cm)",,Iran,,Nishapur,,,,,,,,Islamic Art,Stucco,,False,True,https://www.metmuseum.org/art/collection/search/741628,https://images.metmuseum.org/CRDImages/is/original/LC-N261-front.jpg,1,,,
457630,Coin,Coin,716–36 AH/1316–35 CE,,,,Copper,,,Iran,,Nishapur,,,,,,,,Islamic Art,Coins,,False,True,https://www.metmuseum.org/art/collection/search/457630,https://images.metmuseum.org/CRDImages/is/original/39.40.127.560a.JPG,1,,,
452239,Seal Stamp,Seal stamp,dated 1272 AH/1855–56 CE,,,,Chalcedony (carnelian),"H. 17/32 in. (1.3 cm)
W. 1/2 in. (1.3 cm)
D. 3/16 in. (.4 cm)",,Iran,,,,,,,,,,Islamic Art,Seals,,False,True,https://www.metmuseum.org/art/collection/search/452239,https://images.metmuseum.org/CRDImages/is/original/sf1971-105-18.jpg,0,,,
448106,Textile Fragment,Textile fragment,11th century,,,,Linen and silk,"L. 3 1/4 in. (8.3 cm)
W. 3 3/4 in. (9.5 cm)",,Egypt,,Fustat,,,,,,,,Islamic Art,Textiles-Woven,,False,True,https://www.metmuseum.org/art/collection/search/448106,https://images.metmuseum.org/CRDImages/is/original/DP17848.jpg,2,,,
447257,Fragment of a Bowl,Ceramic fragment,10th–12th century,,,,Earthenware; slip-painted and glazed,,,Egypt,,Fustat,Stars,,,,,,,Islamic Art,Ceramics,,False,True,https://www.metmuseum.org/art/collection/search/447257,https://images.metmuseum.org/CRDImages/is/original/sf20-120-191a.jpg,0,,,
445824,Square,Square,4th century,,,,"Linen, wool; tapestry weave","H. 4 in. (10.2 cm)
W. 4 in. (10.2 cm)",,Egypt,,,Lions,,,,,,,Islamic Art,Textiles,,False,True,https://www.metmuseum.org/art/collection/search/445824,https://images.metmuseum.org/CRDImages/is/original/DP17689.jpg,0,,,
445465,Ceramic Fragment,Fragment,14th century,,,,Stonepaste; polychrome painted,,,Syria,,,,,,,,,,Islamic Art,Ceramics,,False,True,https://www.metmuseum.org/art/collection/search/445465,https://images.metmuseum.org/CRDImages/is/original/sf08-256-172a.jpg,0,,,
446464,Fragment of Dish,Ceramic fragment,14th–15th century,,,,Stonepaste; polychrome underglaze painted under colorless glaze,,,Syria,,,,,,,,,,Islamic Art,Ceramics,,False,True,https://www.metmuseum.org/art/collection/search/446464,https://images.metmuseum.org/CRDImages/is/original/sf13-190-190.jpg,0,,,
448214,Kalamkari Rumal,Cover,ca. 1640–50,,,,"Cotton; plain weave, mordant painted and dyed, resist dyed","Textile: L. 32 in. (81.3 cm)
             W. 35 in. (88.9 cm)
Mount: H. 31 in. (78.7 cm)
             W. 38 in. (96.5 cm)
             D. 1 in. (2.5 cm)",,India,Deccan,Golconda,Birds|Men|Women|Deer|Trees,,,,,,,Islamic Art,Textiles-Painted and/or Printed,,False,True,https://www.metmuseum.org/art/collection/search/448214,https://images.metmuseum.org/CRDImages/is/original/DP335160.jpg,8,,,
451392,"""Journey of the Prophet Muhammad"", Folio from the Majma al-Tavarikh (Compendium of Histories)",Folio from an illustrated manuscript,ca. 1425,,,,"Ink, opaque watercolor, and gold on paper","H. 16 7/8 in. (42.8 cm)
W. 13 in. (33 cm)",,present-day Afghanistan,,Herat,Men|Camels,Hafiz-i Abru,Author,Iranian,1350,1430,,Islamic Art,Codices,"Iranian, born Khorasan–1430 Zanjan",False,True,https://www.metmuseum.org/art/collection/search/451392,https://images.metmuseum.org/CRDImages/is/original/DP363982.jpg,2,,https://www.wikidata.org/wiki/Q4115520,(not assigned)
447991,Lamp,Lamp,5th–6th century,,,,Earthenware; molded,,,Egypt,,,,,,,,,,Islamic Art,Ceramics,,False,True,https://www.metmuseum.org/art/collection/search/447991,https://images.metmuseum.org/CRDImages/is/original/sf27-94-23.jpg,0,,,
445202,Ceramic Fragment,Fragment,ca. 1416–58,,,,"Reddish earthenware; white slip; blue underglaze; transparent, colorless glaze; luster paint",,,Egypt,Kush,,,,,,,,,Islamic Art,Ceramics,,False,True,https://www.metmuseum.org/art/collection/search/445202,https://images.metmuseum.org/CRDImages/is/original/sf07-238-48a.jpg,1,,,
742182,Stucco Fragment,Fragment,probably 8th–12th century,,,,"Stucco; carved, painted","H. 1 3/16 in. (3 cm)
W. 13/16 in. (2 cm)
D. 9/16 in. (1.5 cm)",,Iran,,Nishapur,,,,,,,,Islamic Art,Stucco,,False,True,https://www.metmuseum.org/art/collection/search/742182,https://images.metmuseum.org/CRDImages/is/original/LC-N814-front.jpg,1,,,
740928,Stucco Fragment,Fragment,probably 8th–12th century,,,,"Stucco; carved, painted (?)","H. 1 15/16 in. (5 cm)
W. 1 3/16 in. (3 cm)
D. 13/16 in. (2 cm)",,Iran,,Nishapur,,,,,,,,Islamic Art,Stucco,,False,True,https://www.metmuseum.org/art/collection/search/740928,https://images.metmuseum.org/CRDImages/is/original/LC-N1143-front.jpg,1,,,
450957,Ring,Ring,12th–13th century,,,,"Gold; cast, chased","H. 1 1/8 in. (2.8 cm)
W. 1 1/8 in. (2.8 cm)
D. 7/8 in. (2.3 cm)",,Iraq,,,,,,,,,,Islamic Art,Jewelry,,False,True,https://www.metmuseum.org/art/collection/search/450957,https://images.metmuseum.org/CRDImages/is/original/sf48-154-10b.jpg,3,https://www.wikidata.org/wiki/Q116248241,,
448610,Tiraz Fragment,Textile fragment,10th century,,,,"Linen, silk; plain weave, tapestry weave","Textile: L. 14 1/2 in. (36.8 cm)
            W. 23 in. (58.4 cm)
Mount: L. 19 1/2 in. (49.5 cm)
            W. 28 1/4 in. (71.8 cm)
            D. 1 1/2 in. (3.8 cm)",,Egypt,,,Arabic,,,,,,,Islamic Art,Textiles-Woven,,False,True,https://www.metmuseum.org/art/collection/search/448610,https://images.metmuseum.org/CRDImages/is/original/wb-31.106.33.JPG,5,,,
448634,Textile Fragment,Textile fragment,ca. 946–74,,,,"Linen, silk; plain weave, tapestry weave","L. 12 1/4 in. (31.1 cm)
W. 10 in. (25.4 cm)",,Egypt,,,,,,,,,,Islamic Art,Textiles-Woven,,False,True,https://www.metmuseum.org/art/collection/search/448634,https://images.metmuseum.org/CRDImages/is/original/DP17668.jpg,0,,,
856777,Bead,Bead,probably 9th–12th century,,,,Bone,length of the strand of beads: 11 13/16 in. (30 cm),,Iran,,Nishapur,,,,,,,,Islamic Art,Ivories and Bone,,False,True,https://www.metmuseum.org/art/collection/search/856777,https://images.metmuseum.org/CRDImages/is/original/LC-48_101_72.jpg,0,,,
86275,Abaya Cloak,Cloak,late 19th–early 20th century,,,,"Silk, cotton, and metal wrapped thread; slit-tapestry weave; plain weave; moiré; satin weave; embroidered",[no dimensions available],,Syria,,probably Aleppo or Damascus,,,,,,,,Islamic Art,Main dress,,False,True,https://www.metmuseum.org/art/collection/search/86275,https://images.metmuseum.org/CRDImages/is/original/DP-26999-001.jpg,4,,,
443527,Textile Fragment,Textile fragment,5th century,,,,"Wool, linen; plain weave, tapestry weave","Max. H. 19 11/16 in. (50 cm)
Max. W. 17 9/16 in. (44.6 cm)",,Egypt,,,,,,,,,,Islamic Art,Textiles,,False,True,https://www.metmuseum.org/art/collection/search/443527,https://images.metmuseum.org/CRDImages/is/original/DP17656.jpg,1,,,
445884,Textile Fragment,Textile fragment,19th century,,,,"Silk, linen, metal wrapped thread; twill weave, brocaded","H. 13 in. (33 cm)
W. 1 /2 in. (3.8 cm)",,Iran,,,Flowers,,,,,,,Islamic Art,Textiles-Woven,,False,True,https://www.metmuseum.org/art/collection/search/445884,https://images.metmuseum.org/CRDImages/is/original/DP17636.jpg,2,,,
445100,Panel,Panel,14th–15th century,,,,"Wood; carved, inlaid with ivory","Ht. 5 3/16 in. (13.2 cm)
W. 2 5/8 in. (6.6 cm)
D. 3/8 in. (1 cm)",,Egypt,,Cairo,,,,,,,,Islamic Art,Wood,,False,True,https://www.metmuseum.org/art/collection/search/445100,https://images.metmuseum.org/CRDImages/is/original/sf07-236-83a.jpg,1,,,
453134,Page of Calligraphy from a Kalila wa Dimna,Folio from an illustrated manuscript,second quarter 16th century,,,,Ink and opaque watercolor on paper,"Overall:
            H. 12 1/2 in. (31.8 cm)
            W. 8 7/8 in. (22.6 cm)
Average text size:
            H. 8 5/8 in. (21.9 cm)
            W. 4 7/8 in. (12.4 cm)",,India,,,Arabic|Calligraphy,,,,,,,Islamic Art,Codices,,False,True,https://www.metmuseum.org/art/collection/search/453134,https://images.metmuseum.org/CRDImages/is/original/sf1981-373-82b.jpg,1,,,
741054,Stucco Fragment,Fragment,probably 8th–12th century,,,,Stucco; carved,"H. 2 3/8 in. (6 cm)
W. 1 3/4 in. (4.5 cm)
D. 1 in. (2.5 cm)",,Iran,,Nishapur,,,,,,,,Islamic Art,Stucco,,False,True,https://www.metmuseum.org/art/collection/search/741054,https://images.metmuseum.org/CRDImages/is/original/LC-N1259-front.jpg,1,,,
449569,Lamp,Lamp,9th–10th century,,,,Stone; carved,"H. 5 7/8 in. (15 cm)
W. 1 1/2 in. (3.8 cm)
D. 3 1/16 in. (7.8 cm)
Wt. 14.5 oz. (411.114 g)",,Iran,,Nishapur,,,,,,,,Islamic Art,Stone,,False,True,https://www.metmuseum.org/art/collection/search/449569,https://images.metmuseum.org/CRDImages/is/original/39.40.35-D.jpg,0,,,
449918,Spheroconical Vessel,Spheroconical Vessel,9th–10th century,,,,Earthenware; incised and unglazed,"Ht. 6 5/16 in. (16 cm)
Diam. 5 1/8 in. (13 cm)",,Iran,,Nishapur,,,,,,,,Islamic Art,Ceramics,,False,True,https://www.metmuseum.org/art/collection/search/449918,https://images.metmuseum.org/CRDImages/is/original/LC-40_170_234-view5.jpg,4,,,
450031,Spindle Whorl,Spindle whorl,9th–10th century,,,,Bone; incised and inlaid with paint,"H. 5/16 in. (0.8 cm) 
Diam. 7/8 in. (2.3 cm)",,Iran,,Nishapur,,,,,,,,Islamic Art,Ivories and Bone,,False,True,https://www.metmuseum.org/art/collection/search/450031,https://images.metmuseum.org/CRDImages/is/original/sf40-170-354a.jpg,0,https://www.wikidata.org/wiki/Q116256530,,
449460,Element from a Stalactite Squinch (Muqarnas),Squinch,10th century,,,,Stucco; painted,"H. 13 7/8 in.  (35.2 cm)
W.11 in. (27.9 cm)
D: 6 7/8 in. (17.5)
Wt. 5 lbs. (2.3 kg)    wb",,Iran,,Nishapur,,,,,,,,Islamic Art,Stucco,,False,True,https://www.metmuseum.org/art/collection/search/449460,https://images.metmuseum.org/CRDImages/is/original/wb-38.40.250.JPG,3,https://www.wikidata.org/wiki/Q116273517,,
447300,"""Kai Khusrau, Farangis and Giv Crossing the River Jihun (Oxus)"", Folio from a Shahnama (Book of Kings)",Folio from an illustrated manuscript,mid-15th century,,,,"Main support: Ink, opaque watercolor, silver, and gold on paper
Margins: Ink and gold on dyed paper","H. 7 3/8 in. (18.7 cm)
W. 7 5/8 in. (19.4 cm)",,India,,,Kings|Men|Women|Horses|Rivers,Abu'l Qasim Firdausi,Author,Iranian,0935,1020,,Islamic Art,Codices,"Iranian, Paj ca. 940/41–1020 Tus",False,True,https://www.metmuseum.org/art/collection/search/447300,https://images.metmuseum.org/CRDImages/is/original/DP234071.JPG,3,,https://www.wikidata.org/wiki/Q43459,
448455,Panel,Panel,17th century,,,,"Silk, metal wrapped thread; cut and voided velvet","L. 52 1/2 in. (133.4 cm)
W. 19 in. (48.3 cm)",,Turkey,,,Flowers|Leaves,,,,,,,Islamic Art,Textiles-Woven,,False,True,https://www.metmuseum.org/art/collection/search/448455,https://images.metmuseum.org/CRDImages/is/original/81326.jpg,0,,,
742086,Stucco Fragment,Fragment,probably 8th–12th century,,,,"Stucco; carved, painted (?)","H. 1 3/8 in. (3.5 cm)
W. 9/16 in. (1.5 cm)
D. 9/16 in. (1.5 cm)",,Iran,,Nishapur,,,,,,,,Islamic Art,Stucco,,False,True,https://www.metmuseum.org/art/collection/search/742086,https://images.metmuseum.org/CRDImages/is/original/LC-N719-back.jpg,1,,,
452914,Textile Fragment,Textile fragment,14th century,,,,Linen; embroidered with silk,"H. 10 in. (25.4 cm)
W. 10 in. (25.4 cm)",,Egypt,,,,,,,,,,Islamic Art,Textiles-Embroidered,,False,True,https://www.metmuseum.org/art/collection/search/452914,https://images.metmuseum.org/CRDImages/is/original/RT180.jpg,3,,,
444528,Candlestick Base,Candlestick base,first half 14th century,,,,Brass; engraved and inlaid with silver,"H. 10 in. (25.4 cm)
Diam. (bottom of base) 14 1/8 in. (35.9 cm)
Diam. (rim of base) 9 3/4 in. (24.8 cm)",,Egypt or Syria,,,,,,,,,,Islamic Art,Metal,,False,True,https://www.metmuseum.org/art/collection/search/444528,https://images.metmuseum.org/CRDImages/is/original/DP-28550-008.jpg,9,,,
446989,Pen Box,Pen box,late 11th–early 12th century,,,,Ivory; carved; copper alloy mounts,"H. 2 9/16 in. (6.5 cm)
L. 9 3/4 in. (24.8 cm)
D. 2 9/16 in. (6.5 cm)",,Italy,Amalfi,,Animals|Birds,,,,,,,Islamic Art,Ivories and Bone,,False,True,https://www.metmuseum.org/art/collection/search/446989,https://images.metmuseum.org/CRDImages/is/original/sf17-190-236s10.jpg,46,,,
