ObjectID,Title,Object Name,Date,Period,Dynasty,Reign,Medium,Dimensions,Culture,Country,Region,City,Subjects,Artist Name,Artist Role(s),Artist Nationality,Artist Date of Birth,Artist Date of Death,Artist Gender,department,classification,artistDisplayBio,isHighlight,isPublicDomain,objectURL,primaryImage,additionalImages_count,objectWikidata_URL,artistWikidata_URL,artistULAN_URL
504009,Mandolin,Mandolin,1770,,,,"Yew, spruce, bone, ebony",L. 52.5 cm (20-3/4 in.); body L. 23.5 cm (9-1/4 in.); body W. 14.5 cm (5-3/4 in.); string L. 29 cm (11-1/2 in.),Italian,Italy,,Treviso,,Giovanni Battista Bizaro,Maker,Italian,1770,1780,,Musical Instruments,Chordophone-Lute-plucked,"Italian, Treviso, active ca. 1770–1780",False,True,https://www.metmuseum.org/art/collection/search/504009,https://images.metmuseum.org/CRDImages/mi/original/DP169028.jpg,4,,,
503242,Ocarina,Ocarina,1300–1500,Pre-Columbian,,,Ceramic,2 7/8 × 2 × 1 3/16 in. (7.3 × 5.1 × 3 cm),Tairona People; Gayraca style,Colombia,,,Human Figures,,,,,,,Musical Instruments,Aerophone-Whistle Flute-vessel flute,,False,True,https://www.metmuseum.org/art/collection/search/503242,https://images.metmuseum.org/CRDImages/mi/original/DP159021.jpg,0,https://www.wikidata.org/wiki/Q116272713,,
502261,Kang-T'ung,Kang-T'ung,late 19th century,,,,Copper,"L. 12 in. (L. 40.3 cm, D. +/-5.0 cm --Richard Campbell '80)",Chinese (Tibetan),China,,,,,,,,,,Musical Instruments,Aerophone-Lip Vibrated-trumpet / trombone,,False,True,https://www.metmuseum.org/art/collection/search/502261,https://images.metmuseum.org/CRDImages/mi/original/MUS490A2.jpg,0,,,
501716,Horn,Horn,19th century,,,,silver-plated copper,"L.  63.7 cm, Diam. of bell 18.7 cm.",French,France,,,,,,,,,,Musical Instruments,Aerophone-Lip Vibrated-horn,,False,True,https://www.metmuseum.org/art/collection/search/501716,https://images.metmuseum.org/CRDImages/mi/original/MUS461A.jpg,0,,,
501725,Horn,Horn,early 19th century,,,,"Wood, bark","Length  1052 mm, Diam. of bell  70 mm at widest",Dutch,Friesland,,Netherlands,,,,,,,,Musical Instruments,Aerophone-Lip Vibrated-horn,,False,True,https://www.metmuseum.org/art/collection/search/501725,https://images.metmuseum.org/CRDImages/mi/original/MUS458A1.jpg,0,,,
503519,Side-blown Trumpet,Side-blown Trumpet,19th century,,,,Ivory,L. 50 ×  Diam. Largest 4 3/4 -  smallest 1 1/2  in. (127 × 12.1 - 3.8 cm),Mangbetu,Democratic Republic of the Congo,,,,,,,,,,Musical Instruments,Aerophone-Lip Vibrated-trumpet / trombone,,True,True,https://www.metmuseum.org/art/collection/search/503519,https://images.metmuseum.org/CRDImages/mi/original/DT11716.jpg,1,https://www.wikidata.org/wiki/Q116413173,,
501911,Treble Viol,Treble Viol,1730,,,,Wood,25 1/4 × 8 1/8 × 4 1/2 in. (64.1 × 20.6 × 11.4 cm),French,France,,Toulouse,Heads,Cabroly,Maker,"Italian, active France",1730,1749,,Musical Instruments,Chordophone-Lute-bowed-fretted,"Italian (active France), Toulouse, France, active ca. 1730–1749",False,True,https://www.metmuseum.org/art/collection/search/501911,https://images.metmuseum.org/CRDImages/mi/original/DP217150.jpg,2,https://www.wikidata.org/wiki/Q116273322,,
504631,Baritone Saxhorn in B-flat,Baritone Saxhorn in B-flat,1865–68,,,,"Brass, nickel-silver",L.: 76.5 cm (30-1/8 in.); Diam. of bel: 21.9 cm (8-5/8 in.),American,United States,,New York,,M. Slater,Maker,,,,,Musical Instruments,Aerophone-Lip Vibrated,,False,True,https://www.metmuseum.org/art/collection/search/504631,https://images.metmuseum.org/CRDImages/mi/original/218464.jpg,2,,,
500940,Bish khur,Bish khur,late 19th Century,,,,"wood, brass",L. 37 x Diam. 13.5 cm (14 9/16 x 5 5/16 in.),Russian (Siberian) Buryat,Russia Federation,Tuva or Buryatia,,,,,,,,,Musical Instruments,Aerophone-Reed Vibrated-double reed,,False,True,https://www.metmuseum.org/art/collection/search/500940,https://images.metmuseum.org/CRDImages/mi/original/midp89.4.313.jpg,2,,,
503469,Pair of Transverse Flutes,Pair of Transverse Flutes,mid-18th century,,,,"Wood, leather, fabric",48  x 22.2  x 5.6 cm (19 x 8-3/4 x 2-1/4 in.),German,Germany,,Nuremberg,,,,,,,,Musical Instruments,Aerophone-Accessories,,False,True,https://www.metmuseum.org/art/collection/search/503469,https://images.metmuseum.org/CRDImages/mi/original/1996.13.1.jpg,0,,,
505660,Music Box,Music Box,ca. 1815,,,,Various materials,H. 5.1 cm (2 in.),Swiss,Switzerland,,Geneva(?),,,,,,,,Musical Instruments,Idiophone,,False,True,https://www.metmuseum.org/art/collection/search/505660,https://images.metmuseum.org/CRDImages/mi/original/210103.jpg,0,,,
500914,Svaramandala,Svaramaṇḍala,late 19th century,,,,"Gourd, wood","L. 49.5 cm (19-1/2 in.), Diam. of body 27.3 cm (10-3/4 in.)",Indian,India,,,,,,,,,,Musical Instruments,Chordophone-Zither-plucked,,False,True,https://www.metmuseum.org/art/collection/search/500914,https://images.metmuseum.org/CRDImages/mi/original/MUS190A.jpg,0,,,
502020,Drum or Container,Drum or Containter,late 19th century,,,,"wood (birch bark, white pine root)",H. 27.9 x Diam. 14cm (11 x 5 1/2in.),Native American (Mi’kmaq),Canada,,,Men|Trees,,,,,,,Musical Instruments,Idiophone-Struck-vessel,,False,True,https://www.metmuseum.org/art/collection/search/502020,https://images.metmuseum.org/CRDImages/mi/original/MUS666A (2).jpg,1,,,
501190,Tāhpeno (duct flute),Tāhpeno (duct flute),19th century,,,,"Wood, metal (lead?), cord",L. 22 9/16 × Diam. 1 in. (57.3 × 2.5 cm),Native American (Cheyenne or Arapaho),United States,,,,,,,,,,Musical Instruments,Aerophone-Blow Hole-end-blown flute (vertical),,False,True,https://www.metmuseum.org/art/collection/search/501190,https://images.metmuseum.org/CRDImages/mi/original/midp89.4.574.jpg,1,,,
504065,Bugle in C,Bugle in C,1811,,,,Silver-gilt,"Height (without mouthpiece): 14 3/4 in. (37.5 cm)
Diameter (Of bell): 6 3/4 in. (17.1 cm)",British,United Kingdom,,London,,Thomas Key,Maker,British,1805,1858,,Musical Instruments,Aerophone-Lip Vibrated,"British, active London before 1805–1858",False,True,https://www.metmuseum.org/art/collection/search/504065,https://images.metmuseum.org/CRDImages/mi/original/DP-12679-123.jpg,1,https://www.wikidata.org/wiki/Q116241364,,
503360,Luthier's Workshop Model,Luthier's Workshop Model,ca. 1830,,,,Various materials,61 x 55.9 x 48.3 cm (24 x 22 x 19 in.),Czech,Czech Republic,,,Musical Instruments|Interiors,,,,,,,Musical Instruments,Chordophone-Models,,False,True,https://www.metmuseum.org/art/collection/search/503360,https://images.metmuseum.org/CRDImages/mi/original/C6659 1989.45 (2).jpg,0,,,
504754,Transverse Flute in F-sharp,Transverse Flute in F-sharp,late 18th or early 19th century,,,,"Ivory, silver",Length 446 mm (17 9/16 in.),French,France,,,,,,,,,,Musical Instruments,Aerophone-Blow Hole-side-blown flute (transverse),,False,True,https://www.metmuseum.org/art/collection/search/504754,https://images.metmuseum.org/CRDImages/mi/original/203633.jpg,0,,,
824256,"Trompe de chasse ""Dauphine""","Trompe de chasse ""Dauphine""",ca. 1700,,,,Brass,Small bell (28.5cm diameter) and a large three and a half turns body (inside diameter 50.0cm),French,,,,,"Cretien workshop, Paris (c.1690 – post 1737)",Maker,French,,,,Musical Instruments,Aerophone,French,False,True,https://www.metmuseum.org/art/collection/search/824256,https://images.metmuseum.org/CRDImages/mi/original/DP-18692-001.jpg,1,,,
505138,Viola d'Amore,Viola d'Amore,ca. 1900,,,,Wood,"Total Length: 690 mm
Body Length: 317 mm
Vibrating Length of Strings: 334 mm

Width upper bouts: 198 mm
Width middle bouts: 114 mm
Width lower bouts: 268 mm
Rib height: ca. 38 mm",German,,,,,,,,,,,Musical Instruments,Chordophone-Lute-bowed-unfretted,,False,True,https://www.metmuseum.org/art/collection/search/505138,https://images.metmuseum.org/CRDImages/mi/original/DP-21585-001.jpg,1,,,
501324,Mvet,Mvet,late 19th century,,,,"Wood, gourd, strings",165cm x 22cm x 26cm,Peruvian (Afro-Peruvian),Peru,,,,,,,,,,Musical Instruments,Chordophone-Zither-plucked,,False,True,https://www.metmuseum.org/art/collection/search/501324,https://images.metmuseum.org/CRDImages/mi/original/MUS264A.jpg,0,,,
503644,Jew's Harp,Rooria (Jew's Harp),19th century,,,,"Bamboo, fiber.","Other (Frame): 3.5 x 1 x 27.9cm (1 3/8 x 3/8 x 11in.)
Overall (Tongue): .9 x .2 x 22.7cm (5/16 x 1/16 x 8 15/16in.)","New Zealander, Polynesian",New Zealand,,,,,,,,,,Musical Instruments,Idiophone-Plucked / Depressed,,False,True,https://www.metmuseum.org/art/collection/search/503644,https://images.metmuseum.org/CRDImages/mi/original/midp89.4.745.jpg,0,,,
504031,Bagpipe Bag,Bagpipe Bag,0,19th century,,,"Leather, burlap, goatskin",Overall: 34 x 64cm (13 3/8 x 25 3/16in.),German,Germany?,,,,,,,,,,Musical Instruments,Aerophone-Accessories,,False,True,https://www.metmuseum.org/art/collection/search/504031,https://images.metmuseum.org/CRDImages/mi/original/89.4.2770 Bagpipe Bag .jpg,3,,,
500947,Tar,Tar,late 19th Century,,,,"Wood, skin, metal, gut, mother-of-pearl",L. 87.3 × W. 18 × D. 17.9 cm (34 3/8 × 7 1/16 × 7 1/16 in.),Armenian or Georgian,"Azerbaijan, Armenia or Georgia",Caucasus,,,,,,,,,Musical Instruments,Chordophone-Lute-plucked-fretted,,False,True,https://www.metmuseum.org/art/collection/search/500947,https://images.metmuseum.org/CRDImages/mi/original/midp89.4.320.jpg,4,,,
500584,Luo (锣 or 鑼 ),Luo (gong),19th century,,,,"Metal, wood, leather","Diam. 16 x. D. 1 1/4 in. (40.6 x 3.1 cm)
Depth of rim 13/17 (2 cm)",Chinese,China,,,,,,,,,,Musical Instruments,Idiophone-Struck-gong,,False,True,https://www.metmuseum.org/art/collection/search/500584,https://images.metmuseum.org/CRDImages/mi/original/DP-13678-004.jpg,3,,,
501871,Flageolet in B-flat,Flageolet in B-flat,1848–65,,,,"Wood, ivory, brass, nickel-silver",Length: 49.2 cm (19-3/8 in.),American,United States,,New York,,"Firth, Pond & Co.",Maker,American,,,,Musical Instruments,Aerophone-Whistle Flute-flageolet,"American, New York",False,True,https://www.metmuseum.org/art/collection/search/501871,https://images.metmuseum.org/CRDImages/mi/original/201829.jpg,0,,,
500991,Tabbalat Arrakeb,Tabbalat Arrakeb,late 19th century,,,,"wood, skin, metal, leather and felt",H. ±1 3/4 × Diam.: Head ±4 15/16 - base ±3 7/8 in. (4.5 × 12.5 × 9.9 cm),Arabian,Arabia,,,,,,,,,,Musical Instruments,Membranophone-single-headed / frame drum,,False,True,https://www.metmuseum.org/art/collection/search/500991,"https://images.metmuseum.org/CRDImages/mi/original/midp89.4.369a, b.jpg",1,,,
505337,Darabukka,Darabukka,19th century,,,,"Brass, membrane","Height: 15 1/16 in. (38.2 cm)
Diameter (At greatest point): 9 7/16 in. (24 cm)",possibly Algerian,Algeria,,,,,,,,,,Musical Instruments,Membranophone-single-headed / goblet drum,,False,True,https://www.metmuseum.org/art/collection/search/505337,https://images.metmuseum.org/CRDImages/mi/original/206043.jpg,2,https://www.wikidata.org/wiki/Q116413301,,
502347,Musette Baroque,Musette Baroque,0,18th century,,,"boxwood, ivory, brass, leather, silk",,French,France,,,,,,,,,,Musical Instruments,Aerophone-Reed Vibrated-bagpipe,,False,True,https://www.metmuseum.org/art/collection/search/502347,https://images.metmuseum.org/CRDImages/mi/original/89.4.2042 musette full.jpg,1,,,
503660,Bassoon,Bassoon,ca. 1750,,,,"Maple, brass","47 × 3 × 2 in. (119.4 × 7.6 × 5.1 cm)
Width (With bocal): 10 1/2 in. (26.7 cm)",German,Germany,,Bayreuth,,Wolfgang Thomae,Maker,German,1771,1771,,Musical Instruments,Aerophone-Reed Vibrated-double reed,before 1771,False,True,https://www.metmuseum.org/art/collection/search/503660,https://images.metmuseum.org/CRDImages/mi/original/DP222237.jpg,1,https://www.wikidata.org/wiki/Q116256863,,
501457,Pandeiro,Pandeiro,early 19th century,,,,Metal,"Diam. of circle 8-1/4 in., Depth 2-3/4 in.",Portuguese,Portugal,,,,,,,,,,Musical Instruments,Idiophone-Shaken-jingle,,False,True,https://www.metmuseum.org/art/collection/search/501457,https://images.metmuseum.org/CRDImages/mi/original/MUS716A2.jpg,0,,,
503045,"""Gould"" Violin",Violin,1693,,,,"Maple, spruce, ebony","Height: 23 1/4 in. (59 cm)
Width: 7 3/4 in. (19.7 cm)",Italian (Cremona),Italy,,Cremona,,Antonio Stradivari,Maker,Italian,1644,1737,,Musical Instruments,Chordophone-Lute-bowed-unfretted,"Italian, Cremona 1644–1737 Cremona",True,True,https://www.metmuseum.org/art/collection/search/503045,https://images.metmuseum.org/CRDImages/mi/original/DT669.jpg,2,https://www.wikidata.org/wiki/Q29385588,https://www.wikidata.org/wiki/Q182011,http://vocab.getty.edu/page/ulan/500079466
501030,Buni,Buni (copy),19th century copy of 1500 BCE object,,,,Wood,"L. of sound-box:  63.5 cm  (25 in.), Width of sound-box:  11.4 (4-1/2 in.), L. of longest string: 10.2 cm (4 ft.)",Egyptian,Egypt,,,,,,,,,,Musical Instruments,Chordophone-Harp,,False,True,https://www.metmuseum.org/art/collection/search/501030,https://images.metmuseum.org/CRDImages/mi/original/MUS204A.jpg,0,,,
503954,Contrabass Valve Ophicleide in D,Contrabass Valve Ophicleide in D,ca. 1840,,,,"Brass, nickel-silver","59 1/2 × 18 1/2 × 11 3/8 in., 10 lb. (151.1 × 47 × 28.9 cm, 4535.97g)
Diameter (Of bell): 11 1/4 in. (28.6 cm)",Austrian,Austria,,Vienna,,Leopold Uhlmann,Maker,Austrian,1806,1878,,Musical Instruments,Aerophone-Lip Vibrated,"Austrian, 1806–1878",False,True,https://www.metmuseum.org/art/collection/search/503954,https://images.metmuseum.org/CRDImages/mi/original/DP-12679-085.jpg,1,https://www.wikidata.org/wiki/Q116241441,,
500569,Gumuri,Gumuri,late 19th century,,,,"Wood, parchment, hide",67.5cm x 13.5cm x 11cm,Saudi Arabian,Saudi Arabia,,,,,,,,,,Musical Instruments,Chordophone-Lute-plucked-unfretted,,False,True,https://www.metmuseum.org/art/collection/search/500569,https://images.metmuseum.org/CRDImages/mi/original/MUS2027.jpg,0,,,
501502,Hautbois de Poitou,Hautbois de Poitou,mid-18th or 19th century,,,,"wood, ivory, metal","L. 577 mm, Diam. of bell 42 mm",French,France,,,,,,,,,,Musical Instruments,Aerophone-Reed Vibrated-double reed,,False,True,https://www.metmuseum.org/art/collection/search/501502,https://images.metmuseum.org/CRDImages/mi/original/MUS339A1.JPG,2,,,
500789,Flute,Flute,late 19th century,,,,Bamboo,"L. 27 11/16 × Diam. interior 1/2, exterior 5/8 in. (70.3 × 1.2, 1.6 cm)
Distance between plug and hole ca. 28.3 cm, between hole and open end ca. 37.2",Burmese (Karenni),Myanmar (formerly Burma),,,,,,,,,,Musical Instruments,Aerophone,,False,True,https://www.metmuseum.org/art/collection/search/500789,https://images.metmuseum.org/CRDImages/mi/original/midp89.4.220.jpg,0,,,
503971,Natural Trumpet,Natural Trumpet,late 17th century,,,,Brass,"Depth (Without crook or mouthpiece): 25 11/16 in. (65.3 cm)
Diameter (Of bell): 4 7/16 in. (11.3 cm)",German,Germany,,Nürnberg,,Johann Wilhelm Haas,Maker,German,1649,1723,,Musical Instruments,Aerophone-Lip Vibrated,"German, Nuremberg 1649–1723 Nuremberg",True,True,https://www.metmuseum.org/art/collection/search/503971,https://images.metmuseum.org/CRDImages/mi/original/DP220760.jpg,2,https://www.wikidata.org/wiki/Q29385688,https://www.wikidata.org/wiki/Q16939134,(not assigned)
502970,Pottery Whistle,Pottery Whistle,date uncertain,,,,Clay,D. 1.7 cm (11/16 in.); W. 2.6 cm (1-1/16 in.); H. 4.4 cm (1-11/16 in.); Wt. 10 g,probably Tairona,Colombia or Costa Rica,,,,,,,,,,Musical Instruments,Aerophone-Whistle Flute-whistle,,False,True,https://www.metmuseum.org/art/collection/search/502970,https://images.metmuseum.org/CRDImages/mi/original/DP157396.jpg,0,,,
504717,Lapa (Trumpet),Lapa (Trumpet),late 19th century,,,,Brass,56 5/16 × 7 1/2 × 7 9/16 in. (143 × 19.1 × 19.2 cm),Chinese,China,,,,,,,,,,Musical Instruments,Aerophone-Lip Vibrated-trumpet / trombone,,False,True,https://www.metmuseum.org/art/collection/search/504717,https://images.metmuseum.org/CRDImages/mi/original/DP215406.jpg,2,https://www.wikidata.org/wiki/Q116253653,,
504169,Jew's Harp,Jew's Harp,17th–19th century,,,,Metal,"L. 36mm (1.5 in.)
Max. W. 27mm (1.13 in.)",European,,,,,,,,,,,Musical Instruments,Idiophone-Plucked / Depressed,,False,True,https://www.metmuseum.org/art/collection/search/504169,https://images.metmuseum.org/CRDImages/mi/original/DP-41269-002.jpg,1,,,
502280,Whistling Jar,Whistling Jar,200 BCE–1534 CE,Pre-Columbian,,,Pottery,"H. 6 3/16 × W. 5 1/16 × L. 7 9/16 in., 20oz. (15.7 × 12.8 × 19.2 cm, 566g)",Peruvian,Peru or Ecuador,Coastal Region,,Birds,,,,,,,Musical Instruments,Aerophone-Blow Hole-vessel flute,,False,True,https://www.metmuseum.org/art/collection/search/502280,https://images.metmuseum.org/CRDImages/mi/original/MUS560A3.jpg,0,,,
506171,Bow,Bow,ca. 1750,,,,"Tortoiseshell, ivory, silver, horsehair",Weight:  58.5 grams,Austrian,Austria,,Vienna,,Wenzel Kowansky,Maker,Austrian,,,,Musical Instruments,Chordophone-Accessories-bow,,False,True,https://www.metmuseum.org/art/collection/search/506171,https://images.metmuseum.org/CRDImages/mi/original/DP224683.jpg,2,,,
500957,Qānūn,Qānūn,19th century,,,,"Wood; parchment; gut strings; mother-of-pearl, ivory, bone, ebony inlay; shells; gold foil; metal; brass",D. 3 11/16 × L. 38 1/16 × W. 15 1/2 in. (9.3 × 96.6 × 39.4 cm),Turkish,Turkey,,,,,,,,,,Musical Instruments,Chordophone-Zither-plucked,,False,True,https://www.metmuseum.org/art/collection/search/500957,https://images.metmuseum.org/CRDImages/mi/original/DP-13784-001.jpg,1,https://www.wikidata.org/wiki/Q116250550,,
504775,Tenor (Alto) Ophicleide in E-flat,Tenor (Alto) Ophicleide in E-flat,ca. 1825–65,,,,Brass,Overall: 19 x 86.5cm (7 1/2 x 34 1/16in.),Belgian,Belgium,,Brussels,,Charles Joseph Sax,Maker,Belgian,1790-02-01,1865-04-26,,Musical Instruments,Aerophone-Lip Vibrated-horn,"Belgian, Dinant, Belgium 1790–1865 Paris",False,True,https://www.metmuseum.org/art/collection/search/504775,https://images.metmuseum.org/CRDImages/mi/original/DP249370.jpg,2,,https://www.wikidata.org/wiki/Q5074746,http://vocab.getty.edu/page/ulan/500334756
501237,Reed Pipe and Whistle,Reed Pipe (terminal retreating reed) and whistle (stopped pipe),19th century,,,,"red cedar or spruce, Bark strips","Diam.  4.4 x L. 31.8cm (1 3/4 x 12 1/2in.)
Reed: L. 30.5cm (12 in.)","Native American (Koluschar, possibly Ahtna)",Canada,,,,,,,,,,Musical Instruments,Aerophone-Reed Vibrated-pipe,,False,True,https://www.metmuseum.org/art/collection/search/501237,https://images.metmuseum.org/CRDImages/mi/original/midp89.4.621.jpg,4,,,
505647,Music Box,Music Box,ca. 1800,,,,Various materials,H.  7.3 cm (2 7/8 in.),Swiss,Switzerland,,Geneva,,,,,,,,Musical Instruments,Idiophone,,False,True,https://www.metmuseum.org/art/collection/search/505647,https://images.metmuseum.org/CRDImages/mi/original/DP169429.jpg,2,,,
502572,Gogenkin,Gogenkin,19th century,,,,"Wood, silk",106cm x 13.5cm x 12.5cm,Japanese,Japan,,,,,,,,,,Musical Instruments,Chordophone-Zither-plucked-long zither,,False,True,https://www.metmuseum.org/art/collection/search/502572,https://images.metmuseum.org/CRDImages/mi/original/midp89.4.1993 (1).jpg,0,,,
504991,Division Viol,Division Viol,1629,,,,"Maple, spruce",Body Length        65 cm,British,United Kingdom,,London,,Henry Smith,Maker,British,1623,1637,,Musical Instruments,Chordophone-Lute-bowed-fretted,"British, London active 1623–ca. 1637",False,True,https://www.metmuseum.org/art/collection/search/504991,https://images.metmuseum.org/CRDImages/mi/original/214357.jpg,3,,,
500874,Ganga?,Ganga?,19th century,,,,"Wood, cord, cloth, pebbles, skins",H. 15 5/16 ×  Irregular Diam. 15 3/4 × 13 11/16 in. (38.9 × 40 × 34.7 cm),Dagomba or Hausa people?,Ghana or Nigeria,,,,,,,,,,Musical Instruments,Membranophone-double-headed / cylindrical drum,,False,True,https://www.metmuseum.org/art/collection/search/500874,https://images.metmuseum.org/CRDImages/mi/original/MUS676A.jpg,0,,,
501141,Transverse Flute,Transverse Flute,late 19th century,,,,Bamboo,L. 40.6 (16 in.),African,,,,,,,,,,,Musical Instruments,Aerophone-Blow Hole-side-blown flute (transverse),,False,True,https://www.metmuseum.org/art/collection/search/501141,https://images.metmuseum.org/CRDImages/mi/original/MUS519A right.jpg,0,,,
505009,Trumpet,Trumpet,200 BCE–600 CE,Moche phase (Pre-Columbian),,,Terracotta,Overall: L 38.1cm (15in.),Moche,Peru,,,Animals,,,,,,,Musical Instruments,Aerophone-Lip Vibrated-trumpet / trombone,,False,True,https://www.metmuseum.org/art/collection/search/505009,https://images.metmuseum.org/CRDImages/mi/original/MUS1129A.jpg,1,https://www.wikidata.org/wiki/Q116252991,,
502380,Pottery Flute,Pottery Flute,date uncertain,Pre-Columbian,,,clay,L. 140 mm.; W.(at mouthpiece) 28 mm.; D. (at mouthpiece) 36 mm.; Wt. 68 g.,Mexican,Mexico,,,,Coatlinchan,Maker,Mexican,,,,Musical Instruments,Aerophone-Whistle Flute-recorder,,False,True,https://www.metmuseum.org/art/collection/search/502380,https://images.metmuseum.org/CRDImages/mi/original/206156.jpg,0,,,
500615,Sanxian (三弦 ),Sanxian,19th century,Qing dynasty (1644-1911),,,"Wood, various materials",48 7/16 × 6 7/8 × 3 9/16 in. (123 × 17.5 × 9 cm),Chinese,China,,,,,,,,,,Musical Instruments,Chordophone-Lute-plucked-unfretted,,False,True,https://www.metmuseum.org/art/collection/search/500615,https://images.metmuseum.org/CRDImages/mi/original/DP219347.jpg,5,https://www.wikidata.org/wiki/Q116412570,,
501473,Miniature Zampogna,Miniature Zampogna,19th century,,,,"wood, leather",,possibly Italian,Italy or France,,,,,,,,,,Musical Instruments,Aerophone-Reed Vibrated-bagpipe,,False,True,https://www.metmuseum.org/art/collection/search/501473,https://images.metmuseum.org/CRDImages/mi/original/89.4.862 Zampogna (miniature).jpg,0,,,
503250,Ocarina,Ocarina,1300–1500,Pre-Columbian,,,Ceramic,L. 10.2 cm (4 in.); W. 9.2 cm (3-5/8 in.),Tairona People; Gayraca style,Colombia,,,,,,,,,,Musical Instruments,Aerophone-Whistle Flute-vessel flute,,False,True,https://www.metmuseum.org/art/collection/search/503250,https://images.metmuseum.org/CRDImages/mi/original/DP159012.jpg,0,,,
501432,Engkerurai,Engkerurai,late 19th century,,,,"Bamboo, rattan, gourd",74cm x 27cm x 9.5cm,"Iban people, Bornean",Borneo,,,,,,,,,,Musical Instruments,Aerophone-Free Reed-mouth organ,,False,True,https://www.metmuseum.org/art/collection/search/501432,https://images.metmuseum.org/CRDImages/mi/original/midp89.4.820.jpg,1,,,
501382,Uvete,Uvete (flute),late 19th century,,,,Bamboo,"L. 35 cm, D. 1.5 cm","Melanesian (Nggela Islands, Solomon Islands)",Solomon Islands,,,,,,,,,,Musical Instruments,Aerophone-Blow Hole-end-blown flute (vertical),,False,True,https://www.metmuseum.org/art/collection/search/501382,https://images.metmuseum.org/CRDImages/mi/original/midp89.4.780.jpg,0,,,
500653,Taiko,Taiko,19th century,,,,"Wood, hide, metal",L.: 15.5 cm (6-1/16 in.); Diam. at widest: 25.3 cm (9-15/16 in.);  Diam. of Heads: 35 cm (13-13/16 in.),Japanese,Japan,,,,"Nambuya Keikichi, Tokyo, Asakuja, Kamejima-cho",Maker,Japanese,,,,Musical Instruments,Membranophone-double-headed / cylindrical drum,,False,True,https://www.metmuseum.org/art/collection/search/500653,https://images.metmuseum.org/CRDImages/mi/original/MUS602A.jpg,0,,,
501836,Drum,Drum,19th century,,,,"wood, hide, beads",27cm x 27cm x 67cm,Sierra Leonean ?,Sierra Leone?,,,,Susu people ?,Maker,,,,,Musical Instruments,Membranophone-single-headed / goblet drum,,False,True,https://www.metmuseum.org/art/collection/search/501836,https://images.metmuseum.org/CRDImages/mi/original/C5538 89.4.1270.jpg,1,,,
505023,Basset Horn,Basset Horn,1798–1826,,,,"Boxwood, ivory, brass",Length: 109.2 cm (43 in.); Diam of bell: 13.3 cm (5-1/4 in.); Mouthpiece: 8.5cm; upper body section 26.9cm; Elbow: 5cm; Lower body section; 22.7cm; Kasten14.8cm; Bell 22.3cm,British,United Kingdom,,London,,G. Astor & Co.,Maker,,1798,1807,,Musical Instruments,Aerophone-Reed Vibrated-single reed cylindrical,ca. 1798–ca. 1807,False,True,https://www.metmuseum.org/art/collection/search/505023,https://images.metmuseum.org/CRDImages/mi/original/206111.jpg,1,,,
504496,Upright Piano,Upright Piano,1831,,,,"Rosewood veneer, bird's eye maple veneer, iron, brass, ivory, ebony, fabric,",76 1/8 × 49 15/16 × 27 15/16 in. (193.3 × 126.9 × 71 cm),American,United States,,Philadelphia,,Loud & Brothers,Maker,American,,,,Musical Instruments,Chordophone-Zither-struck-piano,American,False,True,https://www.metmuseum.org/art/collection/search/504496,https://images.metmuseum.org/CRDImages/mi/original/234851.jpg,1,https://www.wikidata.org/wiki/Q116255961,,
503557,Miniature String Quartet,Miniature String Quartet,19th century,,,,Wood,"Body lengths:  violins, 8.3 cm (3-1/4 in.); viola, 9.2 cm (3-5/8 in.); cello,16 cm (6-3/8 in.)
(6-3/8 iin.)",European,,,,,Johannes Cuypers,Former Attribution,Dutch (born Germany),1724,1808,,Musical Instruments,Chordophone,"Dutch, Dornick, Germany 1724–1808 The Hague",False,True,https://www.metmuseum.org/art/collection/search/503557,https://images.metmuseum.org/CRDImages/mi/original/271786.JPG,0,,,
500691,Tonkari (トンコリ),Tonkari,late 19th century,,,,Wood,L. 30 × W. 3 in. (76.2 × 7.6 cm),Japanese (Ainu),Japan,,,,,,,,,,Musical Instruments,Chordophone-Lute-plucked-unfretted,,False,True,https://www.metmuseum.org/art/collection/search/500691,https://images.metmuseum.org/CRDImages/mi/original/midp89.4.133.jpg,1,,,
502986,Pottery Whistle,Pottery Whistle,date uncertain,Pre-Columbian,,,Clay,L.: 7.7 cm (3-1/16 in.); W.: 4 cm (1-9/16 in.); H.: 43 mm.; Wt.: 50 g.,Costa Rican,Costa Rica,,,Animals,,,,,,,Musical Instruments,Aerophone-Whistle Flute-whistle,,False,True,https://www.metmuseum.org/art/collection/search/502986,https://images.metmuseum.org/CRDImages/mi/original/DP157398.jpg,0,,,
504254,Violin,Violin,late 19th century,,,,Wood,Body length: 14 in. (355 mm),Italian,Italy,,Naple?,,,,,,,,Musical Instruments,Chordophone-Lute-bowed-unfretted,,False,True,https://www.metmuseum.org/art/collection/search/504254,https://images.metmuseum.org/CRDImages/mi/original/DP-21555-001.jpg,1,,,
503641,Trough Zither,Trough Zither,late 19th century,,,,"Wood, hemp, string",17 11/16 × 4 5/16 × 1 3/4 in. (45 × 11 × 4.5 cm),Malawian (possibly Tonga),Malawi or Tanzania,,,,,,,,,,Musical Instruments,Chordophone-Zither-plucked,,False,True,https://www.metmuseum.org/art/collection/search/503641,https://images.metmuseum.org/CRDImages/mi/original/233305.jpg,0,,,
500657,Sho (笙),Sho,19th century,,,,"wood, metal",L. 16 1/2 × bowl diam. 3 in. (41.9 × 7.6 cm),Japanese,Japan,,,,,,,,,,Musical Instruments,Aerophone-Free Reed-mouth organ,,False,True,https://www.metmuseum.org/art/collection/search/500657,https://images.metmuseum.org/CRDImages/mi/original/slide 89.4.97.jpg,2,,,
505786,Viola d'Amore,Viola d'Amore,1701,,,,"Spruce, maple, ebony, bone, iron","Height: 23 1/2 in. (59.7 cm)
Width: 8 1/2 in. (21.6 cm)",Italian,Italy,,Milan,,Giovanni Grancino,Maker,Italian,1637,1709,,Musical Instruments,Chordophone-Lute-bowed-fretted,"Italian, Milan 1637–1709 Milan",True,True,https://www.metmuseum.org/art/collection/search/505786,https://images.metmuseum.org/CRDImages/mi/original/DP158070.jpg,3,https://www.wikidata.org/wiki/Q29385711,https://www.wikidata.org/wiki/Q5563874,(not assigned)
503483,Clarinet in C,Clarinet in C,ca. 1802,,,,"Boxwood, brass",L. 60.5 cm (23-7/8 in.),British,United Kingdom,,London,,Clementi & Co.,Maker,British,1798,1828,,Musical Instruments,Aerophone-Reed Vibrated-single reed cylindrical,"British, London 1798–1828",False,True,https://www.metmuseum.org/art/collection/search/503483,https://images.metmuseum.org/CRDImages/mi/original/1997.219.9.2(2014-10-6).jpg,3,,,
502378,Pottery Whistle,Pottery Whistle,ca. 300–900,Classic Period  (Pre-Columbian),,,Clay,H:65mm; W: 33mm; D: 49mm; Wt: 33g.,Mexican,Mexico,Oaxaca valley,,,,,,,,,Musical Instruments,Aerophone-Whistle Flute-whistle,,False,True,https://www.metmuseum.org/art/collection/search/502378,https://images.metmuseum.org/CRDImages/mi/original/209690.jpg,0,,,
500607,Gu,Gu,19th century,,,,"Wood, various materials",H: 17.7 cm (7 in.); Diam.: 12.7 cm (5 in.),Chinese,China,,,,,,,,,,Musical Instruments,Membranophone-single-headed / barrel drum,,False,True,https://www.metmuseum.org/art/collection/search/500607,https://images.metmuseum.org/CRDImages/mi/original/202408.jpg,1,,,
501349,Tarawangsa,Tarawangsa,19th century,,,,"Wood, silk, parchment, mother-of-pearl, metal","Tarawangsa: 96cm x 19.5cm x 11.5cm
Bow: 75 x 19 x 3cm",Javanese (Sunda),Indonesia,,,,,,,,,,Musical Instruments,Chordophone-Bowed,,False,True,https://www.metmuseum.org/art/collection/search/501349,https://images.metmuseum.org/CRDImages/mi/original/89.4.733 front slide.jpg,10,,,
501006,Dāyerah or Riq,Dāyerah or Riq,late 19th century,,,,"Wood, hide, felt, metal, leather",Diam. 17 15/16 × D. 1 3/8 in. (45.5 × 3.5 cm),Syrian,Syria,,,,,,,,,,Musical Instruments,Membranophone-single-headed / frame drum,,False,True,https://www.metmuseum.org/art/collection/search/501006,https://images.metmuseum.org/CRDImages/mi/original/MUS683A.jpg,3,,,
501481,Tabor Pipe,Tabor Pipe,18th century,,,,"Wood, pewter",L. 16-6/16 in. (418 mm),Teneriffe or France,Spain or France,,Tenerife Island,,,,,,,,Musical Instruments,Aerophone-Blow Hole-end-blown flute (vertical),,False,True,https://www.metmuseum.org/art/collection/search/501481,https://images.metmuseum.org/CRDImages/mi/original/MUS307A2.JPG,2,,,
690656,Chang (jaw harp),Chang (jaw harp),mid-20th century,,,,iron,L. 5 5/8 ×  Greatest W. 1 5/16 in. (14.3 × 3.3 cm),Afghan,Afghanistan,,Andkhoi,,,,,,,,Musical Instruments,Idiophone-Plucked / Depressed,,False,True,https://www.metmuseum.org/art/collection/search/690656,https://images.metmuseum.org/CRDImages/mi/original/DP703912.jpg,0,,,
501175,Mbejn,Mbejn,19th century,,,,"Wood, hide, polychrome",71.5cm x 26cm x 26cm,Fang people,Gabon,,,,,,,,,,Musical Instruments,Membranophone-single-headed / cylindrical drum,,False,True,https://www.metmuseum.org/art/collection/search/501175,https://images.metmuseum.org/CRDImages/mi/original/244162.jpg,0,,,
501797,Harpsichord,Harpsichord,mid 17th century,,,,"wood, various materials","Inner Instrument
	L.	195.2 cm 	76.85 in.     
	W.	  85.9 	33.82 
	D.	  21.6	  8.50",Italian,Italy,,probably Naples,,,,,,,,Musical Instruments,Chordophone-Zither-plucked-harpsichord,,False,True,https://www.metmuseum.org/art/collection/search/501797,https://images.metmuseum.org/CRDImages/mi/original/MUS1194LS.B.jpg,5,,,
503943,Falconer's Horn,Falconer's Horn,16th–18th century,,,,"Horn, brass","Height: 14 7/16 in. (36.7 cm)
Diameter (Of bell): 1 9/16 in. (4 cm)",German?,Germany?,,,,,,,,,,Musical Instruments,Aerophone-Lip Vibrated-horn,,False,True,https://www.metmuseum.org/art/collection/search/503943,https://images.metmuseum.org/CRDImages/mi/original/midp14.25.1634.jpg,0,,,
504172,Jew's Harp Container,Jew's Harp Container,17th–19th century,,,,Wood,"L. 77mm (3 in.), H. 60mm (2.63 in.)",European,,,,,,,,,,,Musical Instruments,Idiophone-Accessories,,False,True,https://www.metmuseum.org/art/collection/search/504172,https://images.metmuseum.org/CRDImages/mi/original/C6028 1988.345.1-3det3.jpg,2,,,
504474,Rectangular Octave Virginal,Rectangular Octave Virginal,ca. 1600,,,,Wood and various materials,"L. parallel to keyboard 65.1 cm 
W. perpendicular to keyboard 27.1 cm 
D. 9.7 cm",probably German,Germany?,,,,,,,,,,Musical Instruments,Chordophone-Zither-plucked-virginal,,False,True,https://www.metmuseum.org/art/collection/search/504474,https://images.metmuseum.org/CRDImages/mi/original/MUS1120LS.B.jpg,6,,,
500771,Sitar,Sitar,late 19th century,,,,Wood,L. 88.9 cm (35 in.),Indian,India,,,,,,,,,,Musical Instruments,Chordophone-Lute-plucked-fretted,,False,True,https://www.metmuseum.org/art/collection/search/500771,https://images.metmuseum.org/CRDImages/mi/original/DP101380.jpg,0,,,
500750,Sitar,Sitar,mid-19th century,,,,"Wood, ivory, metal",126cm x 25cm x 13cm,Indian,India,,,,,,,,,,Musical Instruments,Chordophone-Lute-plucked-fretted,,False,True,https://www.metmuseum.org/art/collection/search/500750,https://images.metmuseum.org/CRDImages/mi/original/midp89.4.180.jpg,0,,,
501292,Flute,Flute,19th century,,,,"cane, resin or pitch",Diam. 1.2 x L. 18.5cm (1/2 x 7 5/16in.),Guatemalan,Guatemala,,,,,,,,,,Musical Instruments,Aerophone-Whistle Flute-recorder,,False,True,https://www.metmuseum.org/art/collection/search/501292,https://images.metmuseum.org/CRDImages/mi/original/midp89.4.676.jpg,0,,,
502344,Ohotniche Rogi sounding E,Ohotniche Rogi sounding E,1873–89,,,,Brass,"Length 1438 mm (perpendicular to bell), Diameter of bell 147 mm",Russian,Russia,,Moscow,,N. N. Federov,Maker,Russian,,,,Musical Instruments,Aerophone-Lip Vibrated-horn,,False,True,https://www.metmuseum.org/art/collection/search/502344,https://images.metmuseum.org/CRDImages/mi/original/DP-12679-034.jpg,1,,,
503729,Accordion (Flutina),Accordion (Flutina),1875,,,,"Rosewood, poplar, mother-of-pearl, brass, paper, leather",W. 12.9 x D. app. 14 x L. 40.8cm (5 1/16 x 5 1/2 x 16 1/16in.),Possibly Belgium,Belgium?,,,,Frank Colbrun,Maker,Possibly Belgium,,,,Musical Instruments,Aerophone-Free Reed-concertina / accordion,,False,True,https://www.metmuseum.org/art/collection/search/503729,https://images.metmuseum.org/CRDImages/mi/original/206995.jpg,0,,,
501730,Harmonica,Harmonica,early 20th century,,,,"Wood, metal","Length  105 mm, Width  46 mm",German,Germany,,,,,,,,,,Musical Instruments,Aerophone-Free Reed-mouth organ,,False,True,https://www.metmuseum.org/art/collection/search/501730,https://images.metmuseum.org/CRDImages/mi/original/201828.jpg,0,,,
503860,Tenor Valve Trombone in B-flat,Tenor Valve Trombone in B-flat,ca. 1870,,,,"brass, nickel-silver","31 1/16 × 7 × 10 1/2 in. (78.8 × 17.8 × 26.7 cm)
Diameter (Of bell): 7 3/4 in. (19.7 cm)",Italian,Italy,,Bologna,,Pietro Borsari,Maker,Italian,1850,1900,,Musical Instruments,Aerophone-Lip Vibrated-trumpet / trombone,active late 19th century,False,True,https://www.metmuseum.org/art/collection/search/503860,https://images.metmuseum.org/CRDImages/mi/original/DP-12679-039.jpg,1,https://www.wikidata.org/wiki/Q116241418,,
505801,Transverse Flute,Transverse Flute,ca. 1840,,,,"Rosewood, silver",Overall length: 66.5 cm (26 3/16 in.),German,Germany,,Munich,,"Boehm & Greve, German",Maker,German,,,,Musical Instruments,Aerophone-Blow Hole-side-blown flute (transverse),German,False,True,https://www.metmuseum.org/art/collection/search/505801,https://images.metmuseum.org/CRDImages/mi/original/midp2008.138.jpg,0,,,
504678,Upright Piano (Ditanaklasis),Upright Piano (Ditanaklasis),ca. 1800,,,,"Wood, various",107cm x 57cm x 157cm,Austrian,Austria,,Vienna,,Matthias Müller,Maker,German,1770,1840,,Musical Instruments,Chordophone-Zither-struck-piano,"German, 1770–1840 Vienna",False,True,https://www.metmuseum.org/art/collection/search/504678,https://images.metmuseum.org/CRDImages/mi/original/MUS882A.jpg,0,,,
501519,Alto Recorder in F,Alto Recorder in F,18th century,,,,Ivory,L. 19-3/32 in. (492 mm.),German,Germany,,,,,,,,,,Musical Instruments,Aerophone-Whistle Flute-recorder,,False,True,https://www.metmuseum.org/art/collection/search/501519,https://images.metmuseum.org/CRDImages/mi/original/152456.jpg,1,,,
500839,Saw U,Saw U,late 19th century,,,,Wood,"29 1/2 × 4 in. (74.9 × 10.2 cm)
Height (Of bow): 26 in. (66 cm)",Thai,Thailand,,,,,,,,,,Musical Instruments,Chordophone-Lute-bowed-unfretted,,False,True,https://www.metmuseum.org/art/collection/search/500839,https://images.metmuseum.org/CRDImages/mi/original/89.4.287 slide.jpg,3,,,
502641,Alto Slide Trombone,Alto Slide Trombone,mid-19th century (?),,,,Brass,"Length 30-1/4 in. (56.7 cm), Diameter of bell 5-13/16 in. (+/-14.7 cm), Diameter of bore 0.469 in. (11.91 mm), Extension 1st to 5th position 12-9/16 in. (31.9 cm)",British,United Kingdom,,,,,,,,,,Musical Instruments,Aerophone-Lip Vibrated-trumpet / trombone,,False,True,https://www.metmuseum.org/art/collection/search/502641,https://images.metmuseum.org/CRDImages/mi/original/MUS419A4.JPG,0,,,
501813,Tombak,Tombak,late 19th century,,,,"wood, mother-of-pearl, skin",L. ±15 3/4 × Diam.: Head  ±6 1/4 x base ±5 1/2  in. (±40 × ±15.8 x ±14 cm),Syrian possibly,Syria,,,,,,,,,,Musical Instruments,Membranophone-single-headed / goblet drum,,False,True,https://www.metmuseum.org/art/collection/search/501813,https://images.metmuseum.org/CRDImages/mi/original/midp89.4.1247.jpg,3,,,
501163,Arched Harp,Arched Harp,19th century,,,,"Wood, skin, gut, fiber",66.5cm x 10cm x 39.5cm,possibly Fang people,Gabon,,,,,,,,,,Musical Instruments,Chordophone-Harp,,False,True,https://www.metmuseum.org/art/collection/search/501163,https://images.metmuseum.org/CRDImages/mi/original/233306.jpg,0,,,
501479,Kaval,Kaval,late 19th century,,,,Wood,L. 755 mm,Eastern European,former Yugoslavia(?),Balkan Peninsula,,,,,,,,,Musical Instruments,Aerophone-Blow Hole-end-blown flute (vertical),,False,True,https://www.metmuseum.org/art/collection/search/501479,https://images.metmuseum.org/CRDImages/mi/original/201776.jpg,0,,,
501192,Whistle,Whistle,19th century,,,,"Wood, sinew, ribbon, metal thimbles, buckskin","Overall: 96.5cm (38in.) (L.C. says, ""L. 2 ft 8 1/2 in."")",Native American (Winnebago),United States,,,,,,,,,,Musical Instruments,Aerophone-Whistle Flute-whistle,,False,True,https://www.metmuseum.org/art/collection/search/501192,https://images.metmuseum.org/CRDImages/mi/original/midp89.4.576 (2).jpg,4,,,
500752,Sarangi,Sarangi,ca. 1885,,,,Wood,L. 48.3 (19 in.); W.  17.8 cm (7 in.),Indian,India,,Bengal,,,,,,,,Musical Instruments,Chordophone-Lute-bowed-unfretted,,False,True,https://www.metmuseum.org/art/collection/search/500752,https://images.metmuseum.org/CRDImages/mi/original/MUS1409A2.jpg,0,,,
503349,Bass Viola da Gamba,Bass Viola da Gamba,early 18th century,,,,Wood,47 1/4 × 14 5/8 × 9 3/4 in. (120 × 37.1 × 24.8 cm),Austrian,Austria,,Absam,,Andreas Jais,Maker,German,1685,1753,,Musical Instruments,Chordophone-Bowed,"German, Mittenwald 1685–1753 Tölz",False,True,https://www.metmuseum.org/art/collection/search/503349,https://images.metmuseum.org/CRDImages/mi/original/DP217174.jpg,3,,https://www.wikidata.org/wiki/Q95634923,(not assigned)
504401,Violin,Violin,1893,,,,"Pine, maple, ebony","Total Length:  59.5 cm (23-1/8 in.)  
Length of Body: 35.7 cm (141/8 in.)  
Depth. at edge: 3.9 cm (1-5/8 in.)  
Upper bout: 16.3 cm (6-1/2 in.) 
Center bout: 10.5 cm (4-1/8 in.)  
Lower bout: 20.2 cm (8 in.) 
Length of fingerboard: 27.3 cm (10-3/4 in.)  
Greatest width of fingerboard: 4.6 cm (1-7/8 in.)  
Vibrating length of strings:  33.1 cm (13-1/8 in.)",American,United States,,New York,,August Martin Gemünder,Maker,,1862,1928,,Musical Instruments,Chordophone-Lute-bowed-unfretted,,False,True,https://www.metmuseum.org/art/collection/search/504401,https://images.metmuseum.org/CRDImages/mi/original/DP-20993-001.jpg,2,,,
504747,Megaphone,Megaphone,early 19th century,,,,iron,Bell Diam. 4 7/16 × L. 58 1/16 in. (11.3 × 147.5 cm),American,United States,,,,,,,,,,Musical Instruments,Accessory,,False,True,https://www.metmuseum.org/art/collection/search/504747,https://images.metmuseum.org/CRDImages/mi/original/206294.jpg,2,,,
500626,Yueqin (月琴),Yueqin (moon lute),19th century,Qing dynasty (1644-1911),,,"Rosewood, wu-tong (paulownia) wood, and gut",H. 22 5/8 × D. 1 9/16 × Body Diam. 13 9/16 in. (57.5 × 3.9 × 34.5 cm),Chinese,China,,,,,,,,,,Musical Instruments,Chordophone-Lute-plucked-fretted,,False,True,https://www.metmuseum.org/art/collection/search/500626,https://images.metmuseum.org/CRDImages/mi/original/DP218943.jpg,3,,,
501953,Basset Horn in F,Basset Horn in F,early 19th century,,,,"Wood, ivory, brass","Total length 992 mm,  Tube length approximately 1700 mm, Mouthpiece length 89 mm, Barrel 65 mm, Upper midjoint 315 mm, Elbow approximately 64 mm, Lower midjoint/ kasten approximately 280 mm, Bell 185 mm, Bell diameter (ovoid) 112 x 80 mm.",Italian or German,Italy or Germany?,,,,,,,,,,Musical Instruments,Aerophone-Reed Vibrated-single reed cylindrical,,False,True,https://www.metmuseum.org/art/collection/search/501953,https://images.metmuseum.org/CRDImages/mi/original/MUS316A3.JPG,1,,,
501360,Rooria?,Rooria?,19th century,,,,"Bamboo, fiber, shell","Frame:  L. 23.4 cm (9-3/16 in.) W. 2.8--0.2 cm;  Th. .9--.1 cm
Tongue:  L. 17 cm (6-11/16 in.) W. +/- .7--.1 cm; Th. .2--.08 cm","Melanesian (New Ireland, Bismarck Archipelago, Papua New Guinea)",Papua New Guinea,Bismarck Archipelago,,,,,,,,,Musical Instruments,Idiophone-Plucked / Depressed,,False,True,https://www.metmuseum.org/art/collection/search/501360,https://images.metmuseum.org/CRDImages/mi/original/midp89.4.744.jpg,0,,,
501922,Ngonge,Ngonge,late 19th century,,,,Wood,"H. 1-3/4 in., W. 2-3/4 in.",Congolese,,,,,,,,,,,Musical Instruments,Idiophone-Struck-bell-clapper,,False,True,https://www.metmuseum.org/art/collection/search/501922,https://images.metmuseum.org/CRDImages/mi/original/midp89.4.1356.jpg,1,,,
501290,Güiro,Güiro,late 19th century,,,,gourd (traditionally from the higüero tree - Crescentia cujete),67 × 3 in. (170.2 × 7.6 cm),Native American (Puerto Rico),United States,,,,,,,,,,Musical Instruments,Idiophone-Scraped,,False,True,https://www.metmuseum.org/art/collection/search/501290,https://images.metmuseum.org/CRDImages/mi/original/MUS802A5 (2).jpg,1,,,
501683,Cornet-trompe in D,Cornet-trompe in D,ca. 1862,,,,Brass,"Overall: L. perp. to bell;  39 cm., D: 22.5 cm.; W: 30 cm approx

Weight: under 40 lbs",French,France,,Paris,,Alphonse (Antoine) Sax,Maker,Belgian,1822,1874,,Musical Instruments,Aerophone-Lip Vibrated-trumpet / trombone,"Belgian, active France, Brussels 1822–1874 Paris",False,True,https://www.metmuseum.org/art/collection/search/501683,https://images.metmuseum.org/CRDImages/mi/original/DP338615.jpg,2,https://www.wikidata.org/wiki/Q116273533,,http://vocab.getty.edu/page/ulan/500524205
502542,Rattle,Rattle,ca. 1880,,,,"Wood, string, pigment","Height: 11 1/2 in. (29.2 cm)
Diameter: 6 in. (15.2 cm)",Native American (Haida),Canada,,,Faces,,,,,,,Musical Instruments,Idiophone-Shaken-rattle,,False,True,https://www.metmuseum.org/art/collection/search/502542,https://images.metmuseum.org/CRDImages/mi/original/DP152107a.jpg,1,,,
501239,Pottery Whistle,Pottery Whistle,19th century,,,,Clay,L. 79 mm.; W. 37 mm.; H. 70 mm.; Wt. 53 g.,Peruvian,Peru,,,Birds,,,,,,,Musical Instruments,Aerophone-Whistle Flute-whistle,,False,True,https://www.metmuseum.org/art/collection/search/501239,https://images.metmuseum.org/CRDImages/mi/original/DP157357.jpg,0,,,
501277,Pottery Bell,Pottery Bell,19th century (?),,,,blackware,"H. 5-1/2 in., Diam. 10 in., Total H. 10 in.",Mexican,Mexico,,Morelia?,,,,,,,,Musical Instruments,Idiophone-Struck-bell-without clapper,,False,True,https://www.metmuseum.org/art/collection/search/501277,https://images.metmuseum.org/CRDImages/mi/original/209680.jpg,0,,,
501338,Poo-Do-Parana (flute),Poo-Do-Parana (flute),19th century,,,,"bamboo, dried grass",Diam. 3 x L. 115.6cm (1 3/16 x 45 1/2in.),"Native American ( Brazilian, prob. Suísí)",Brazil,,,,,,,,,,Musical Instruments,Aerophone-Blow Hole-side-blown flute (transverse),,False,True,https://www.metmuseum.org/art/collection/search/501338,https://images.metmuseum.org/CRDImages/mi/original/midp89.4.722.jpg,1,,,
502272,Musical Bow,Musical Bow,late 19th century,,,,"Wood, bamboo, strings","L. 1 ft. 8-1/2 in., H. of tube 4-1/8 in.",African?,,,,,,,,,,,Musical Instruments,Chordophone-Musical Bow,,False,True,https://www.metmuseum.org/art/collection/search/502272,https://images.metmuseum.org/CRDImages/mi/original/MUS815Aright.jpg,0,,,
500689,Hitoyogiri  (一節切),Hitoyogiri (一節切),late 19th century,,,,"Bamboo, lacquer","L. ±13 1/8 × Diam.  ±1 1/16 in. (±33.3 × ±2.7 cm)
See Measurements photo for specific measurements",Japanese,Japan,,,,,,,,,,Musical Instruments,Aerophone-Blow Hole-end-blown flute (vertical),,False,True,https://www.metmuseum.org/art/collection/search/500689,https://images.metmuseum.org/CRDImages/mi/original/midp89.4.131.jpg,3,,,
504257,Serpent,Serpent,ca. 1810,,,,"Wood, leather cover",39 × 17 × 8 1/4 in. (99.1 × 43.2 × 21 cm),French,France,,,,Unknown,Maker,,,,,Musical Instruments,Aerophone-Lip Vibrated-horn,,False,True,https://www.metmuseum.org/art/collection/search/504257,https://images.metmuseum.org/CRDImages/mi/original/DP249512.jpg,1,https://www.wikidata.org/wiki/Q116256178,https://www.wikidata.org/wiki/Q24238356,http://vocab.getty.edu/page/ulan/500125274
503372,English Guitar,English Guitar,late 18th century,,,,Wood,L. 73.5 cm (28-15/16 in); String L. 45 cm (17-13/16 in),British,United Kingdom,,London,,,,,,,,Musical Instruments,Chordophone-Lute-plucked-fretted,,False,True,https://www.metmuseum.org/art/collection/search/503372,https://images.metmuseum.org/CRDImages/mi/original/DP169233.jpg,6,,,
501584,Pochette,Pochette,17th century,,,,"Wood, ivory","L: 18 in., W: 1-3/4 in.

Weight: under 40 lbs",German,Germany,,,,,,,,,,Musical Instruments,Chordophone-Lute-bowed-unfretted,,False,True,https://www.metmuseum.org/art/collection/search/501584,https://images.metmuseum.org/CRDImages/mi/original/DP-28528-001.jpg,2,,,
502002,Stopped double pipe with bellows,Stopped double pipe with bellows,19th century,,,,"wood (red cedar or spruce), leather, metal, cord.","Overall: L 27 x W. 19.5 cm (10 5/8 x 7 11/16in.)
Pipe: L 7.5 x W. 3.5 cm (2 15/16 x 1 2/8in.) ; Bellows: L. 19.5 x W. 12.5 cm (7 11/16 x 4 15/16)",Native American (Haida),Canada,,,,,,,,,,Musical Instruments,Aerophone-Whistle Flute-stopped pipe,,False,True,https://www.metmuseum.org/art/collection/search/502002,https://images.metmuseum.org/CRDImages/mi/original/midp89.4.1436.jpg,5,,,
506722,Drum,Drum,300–200 BCE,Pre-Columbian,,,"Ceramic, polychrome",8 1/4 × 4 1/2 × 4 1/2 in. (21 × 11.4 × 11.4 cm),Paracas,Peru,,,,,,,,,,Musical Instruments,Membranophone-single-headed / cylindro-conical,,False,True,https://www.metmuseum.org/art/collection/search/506722,https://images.metmuseum.org/CRDImages/mi/original/DP237015.jpg,2,https://www.wikidata.org/wiki/Q116413335,,
501180,Lute,Lute,19th century,,,,"Wood, sinew, polychrome",24 × 6 1/2 × 1 3/4 in. (61 × 16.5 × 4.4 cm),Native American (Yakutat),United States,,near Mt. Elias,,,,,,,,Musical Instruments,Chordophone-Lute,,False,True,https://www.metmuseum.org/art/collection/search/501180,https://images.metmuseum.org/CRDImages/mi/original/midp89.4.564.jpg,5,,,
504972,Cattle Bell,Cattle Bell,18th century,,,,Metal,H. 20.7 cm (8-1/4 in.); Diam.: +/- 13 x 7.8 cm (+/-  5-1/8 x 3-1/8 in.); Weight:  1313 gr.,Swiss,Bulgaria or Switzerland,,,,,,,,,,Musical Instruments,Idiophone-Struck-bell-without clapper,,False,True,https://www.metmuseum.org/art/collection/search/504972,https://images.metmuseum.org/CRDImages/mi/original/MUS1517LSA.jpg,0,,,
501794,Triangular Octave Spinet,Triangular Octave Spinet,before 1668,,,,Wood and various materials,"Length parallel to keyboard  45.1 cm 
Width perpendicular to keyboard  23.1 cm 
D. 6.6 cm",Italian,Italy,,Rome,,Girolamo Zenti,Maker,Italian,1609,1667,,Musical Instruments,Chordophone-Zither-plucked-spinet,Viterbo 1609-11?–1666/7 Paris,False,True,https://www.metmuseum.org/art/collection/search/501794,https://images.metmuseum.org/CRDImages/mi/original/198483.jpg,1,,https://www.wikidata.org/wiki/Q3107705,(not assigned)
501950,Tanbur,Tanbur,late 19th century,,,,"wood, various materials",79cm x 13.5cm x 16cm,Syrian possibly,Syria,,,,,,,,,,Musical Instruments,Chordophone-Lute-plucked-fretted,,False,True,https://www.metmuseum.org/art/collection/search/501950,https://images.metmuseum.org/CRDImages/mi/original/midp89.4.1384.jpg,1,,,
501984,Pellet Bell,Pellet Bell,late 18th century,,,,Bronze,Overall: H. 2 15/16 x Diam. 2 9/16 in. wt 220 g (7.5 x 6.5 cm),American,United States,,,,,,,,,,Musical Instruments,Idiophone-Shaken-crotal bell,,False,True,https://www.metmuseum.org/art/collection/search/501984,https://images.metmuseum.org/CRDImages/mi/original/204344.jpg,1,,,
500633,Xiao (簫),Xiao,late 19th century,Qing dynasty (1644-1911),,,Purple Bamboo,L. 26 5/8 × Diam. 7/8 in. (67.6 × 2.3 cm),Chinese,China,,,,,,,,,,Musical Instruments,Aerophone-Blow Hole-end-blown flute (vertical),,False,True,https://www.metmuseum.org/art/collection/search/500633,https://images.metmuseum.org/CRDImages/mi/original/MIDP89.4.60.jpg,1,,,
500871,Bell,Bell,19th century,,,,Bronze (in pencil),,Mexican,Mexico,,,,,,,,,,Musical Instruments,Idiophone-Struck-bell-without clapper,,False,True,https://www.metmuseum.org/art/collection/search/500871,https://images.metmuseum.org/CRDImages/mi/original/MIDP89.4.1727.jpg,1,,,
504828,Alto Clarinet in E-flat,Alto Clarinet in E-flat,ca. 1900,,,,"Cocuswood, brass",L. 100cm (39 3/8in.),Belgian,Belgium,,Brussels,,Charles Mahillon,Maker,Belgian,1813,1887,,Musical Instruments,Aerophone-Reed Vibrated-single reed cylindrical,"Belgian, Brussels 1813–1887 Brussels",False,True,https://www.metmuseum.org/art/collection/search/504828,https://images.metmuseum.org/CRDImages/mi/original/89.4.2465.3.jpg,2,,,
500984,Stringed Instrument (Qanbus),Stringed Instrument (Qanbus),late 19th century,,,,"Wood, hide",65cm x 11.5cm x 8cm,Arabian,Arabia,,,,,,,,,,Musical Instruments,Chordophone-Lute-plucked-fretted,,False,True,https://www.metmuseum.org/art/collection/search/500984,https://images.metmuseum.org/CRDImages/mi/original/Mus214A middle.jpg,2,,,
504284,English Horn,English Horn,before 1807,,,,"Wood, ivory, brass",Total L.: 63.7 cm (25-1/8 in.),German,Germany,,Dresden,,H. Grenser,Maker,German,,,,Musical Instruments,Aerophone-Reed Vibrated-double reed,,True,True,https://www.metmuseum.org/art/collection/search/504284,https://images.metmuseum.org/CRDImages/mi/original/DP218075.jpg,4,https://www.wikidata.org/wiki/Q29385698,,
501928,Daira,Daira,late 19th century,,,,"Wood, hide, metal",Diam. ±12 3/16 × D. ±2 3/4 in. (±31 × ±7 cm),Turkish,Turkey,,,,,,,,,,Musical Instruments,Membranophone-single-headed / frame drum,,False,True,https://www.metmuseum.org/art/collection/search/501928,https://images.metmuseum.org/CRDImages/mi/original/midp89.4.1362.jpg,2,,,
503417,Clarinet in E-flat,Clarinet in E-flat,ca. 1810–53,,,,"Wood, ivory, brass, reed",L. including mouthpiece: 49 cm (19-5/16 in.); Bell Diam. 6.5 cm (2-7/16 in.),American,United States,,Utica,,William Whiteley,Maker,American,1791,1869,,Musical Instruments,Aerophone-Reed Vibrated-single reed cylindrical,1791–1869,False,True,https://www.metmuseum.org/art/collection/search/503417,https://images.metmuseum.org/CRDImages/mi/original/1991.290.1(2014-10-10).jpg,1,,,
501554,Small Tenor Viol,Small Tenor Viol,late 19th century,,,,"wood, bone","Body length:  36.5 m.
Body width:  upper bout:  19.7 cm.
	    center bout: 12.9 cm
	    lower bout:   23.2 cm
Rib height:  top block:  3.65 cm.
	center bout:  4.02 cm.
	bottom block:  4.15 cm.
String length:  41.8 cm.",French,France,,,Heads|Men,,,,,,,Musical Instruments,Chordophone-Lute-bowed-fretted,,False,True,https://www.metmuseum.org/art/collection/search/501554,https://images.metmuseum.org/CRDImages/mi/original/214879.jpg,2,,,
506082,Watercolor of musician playing bo (tongbo),Watercolor of musician playing bo (tongbo),late 18th century,,,,Watercolor on paper,Overall: 43.2 x 35.6 x 1.3cm (17 x 14 x 1/2in.),Chinese,China,,,Musical Instruments|Women|Musicians,,,,,,,Musical Instruments,Works on Paper,,False,True,https://www.metmuseum.org/art/collection/search/506082,https://images.metmuseum.org/CRDImages/mi/original/DP211144.jpg,0,,,
502118,Sangenkin ( 三弦琴 ),Sangenkin ( 三弦琴 ),19th century,,,,"Wood, bamboo, ivory, silk strings","Instrument:  98cm x 11cm x 12cm
Stand: 75 x 20 x 20.5 cm",Japanese,Japan,,,,,,,,,,Musical Instruments,Chordophone-Zither-plucked-long zither,,False,True,https://www.metmuseum.org/art/collection/search/502118,https://images.metmuseum.org/CRDImages/mi/original/MUS138A.jpg,0,,,
502008,Rgya-Gling,Rgya-Gling,19th century,,,,"Copper, turquoise",L. 24 × Diam. 3 3/16 in. (61 × 8.1 cm),Tibetan,Tibet,,,,,,,,,,Musical Instruments,Aerophone-Reed Vibrated-double reed,,False,True,https://www.metmuseum.org/art/collection/search/502008,https://images.metmuseum.org/CRDImages/mi/original/DP337461.jpg,1,,,
503478,Clarinet in A,Clarinet in A,ca. 1810,,,,"Boxwood, ivory, brass",L. 67.8 cm (26-3/4 in.),British,United Kingdom,,London,,George Goulding Co.,Maker,British,1785,9999,,Musical Instruments,Aerophone-Reed Vibrated-single reed cylindrical,"British, founded London 1785",False,True,https://www.metmuseum.org/art/collection/search/503478,https://images.metmuseum.org/CRDImages/mi/original/1997.219.4.1(2014-10-3).jpg,2,,,
505668,Music Box,Music Box,ca. 1820,,,,"Silver, white enamel",Diam. 5.4 cm (2 1/8 in.),Swiss,Switzerland,,,,,,,,,,Musical Instruments,Idiophone,,False,True,https://www.metmuseum.org/art/collection/search/505668,https://images.metmuseum.org/CRDImages/mi/original/210135.jpg,0,,,
500948,Dayere,Dayere,late 19th century,,,,"Wood, metal, skin, bone, horn",D. ±5.5 × Diam. ±48.3 cm (2 3/16 × 19 in.),Iranian (Persian),Iran,,,,,,,,,,Musical Instruments,Membranophone-single-headed / frame drum,,False,True,https://www.metmuseum.org/art/collection/search/500948,https://images.metmuseum.org/CRDImages/mi/original/midp89.4.321 (2).jpg,2,,,
504189,Reed Organ (Physharmonika),Reed Organ (Physharmonika),early 19th century,,,,"Wood, metal","Width of chest: 56 cm (22-1/8 in.)
Height of chest: 17.6 cm (7 in.)
Depth of chest: 11 cm (4-3/8 in.)",French,France,,Paris,,Alexander-François Debain,Maker,French,1809,1877,,Musical Instruments,Aerophone-Free Reed-harmonium,"French, Paris, 1809–1877 Paris",False,True,https://www.metmuseum.org/art/collection/search/504189,https://images.metmuseum.org/CRDImages/mi/original/C4389 1986.101.jpg,1,,,
502069,Nutshell Rattle,Nutshell Rattle,late 19th century,,,,"Nutshells {pangium edule), fiber","Shells 3/4 inches in diameter (?), Width 1-1/2 in., 13 nut shells tied in two bunches of 6 x 7 each.",Melanesian (Vanuatuan),Vanuatu,,,,,,,,,,Musical Instruments,Idiophone-Shaken,,False,True,https://www.metmuseum.org/art/collection/search/502069,https://images.metmuseum.org/CRDImages/mi/original/midp89.4.1494.jpg,0,,,
501672,Serpent Forveille in B-flat,Serpent Forveille in B-flat,ca. 1825,,,,"Wood, leather","110cm (box) x 46cm (box) x 34cm (box)
L. 101 cm., Diameter. of bell  +/-17.1 cm., 
Diameter  of bore	inside reciever  0.429 in.
		inside larger end of crook 1.105 in.
		inside brass tenon that enters wood tube  1.775 in.",French,France,,Paris,,Forveille,Maker,French,1824,1839,,Musical Instruments,Aerophone-Lip Vibrated-horn,"French, Paris active 1824–39",False,True,https://www.metmuseum.org/art/collection/search/501672,https://images.metmuseum.org/CRDImages/mi/original/DP261545.jpg,3,,,
500777,Taoosee (Sitar),Taoosee (Sitar),late 19th century,,,,Wood,133cm x 29cm x 16cm,Indian,India,,,,,,,,,,Musical Instruments,Chordophone-Lute-plucked-fretted,,False,True,https://www.metmuseum.org/art/collection/search/500777,https://images.metmuseum.org/CRDImages/mi/original/MUS183Aright.jpg,0,,,
505241,Langeleik,Langeleik,18th century?,,,,Wood,L. 88.5 cm; W. 15.5 cm; H. 18 cm,probably Norwegian,Norway?,,,,,,,,,,Musical Instruments,Chordophone-Zither-plucked,,False,True,https://www.metmuseum.org/art/collection/search/505241,https://images.metmuseum.org/CRDImages/mi/original/137413.jpg,2,,,
505581,Whistle,Whistle,mid-19th century,,,,Wood,L. 19.6cm (7 11/16in.),Kuba,Democratic Republic of the Congo,,,,,,,,,,Musical Instruments,Aerophone-Whistle Flute-whistle,,False,True,https://www.metmuseum.org/art/collection/search/505581,https://images.metmuseum.org/CRDImages/mi/original/DP143844.jpg,0,https://www.wikidata.org/wiki/Q116252749,,
500749,Tubri,Tubri,19th century,,,,"Gourd, wood, reeds",L. 17.1 cm (6-3/4 in.); 7.6 cm (D. 3 in.),Indian,India,,Bengal,,,,,,,,Musical Instruments,Aerophone-Reed Vibrated-single reed cylindrical,,False,True,https://www.metmuseum.org/art/collection/search/500749,https://images.metmuseum.org/CRDImages/mi/original/MUS886A.jpg,0,,,
500646,Waniguchi,Waniguchi,19th century,,,,"Metal, rope",Overall: 12.7 cm (5 in.),Japanese,Japan,,,,,,,,,,Musical Instruments,Idiophone-Struck-gong,,False,True,https://www.metmuseum.org/art/collection/search/500646,https://images.metmuseum.org/CRDImages/mi/original/midp89.4.85.jpg,0,,,
503942,Falconer's Horn,Falconer's Horn,16th–18th century,,,,"Horn, leather, pigment",15 1/4 × 1 × 1 in. (38.7 × 2.5 × 2.5 cm),German?,Germany?,,,,,,,,,,Musical Instruments,Aerophone-Lip Vibrated-horn,,False,True,https://www.metmuseum.org/art/collection/search/503942,https://images.metmuseum.org/CRDImages/mi/original/midp14.25.1628.jpg,1,https://www.wikidata.org/wiki/Q116256724,,
505011,Mouth Organ,Mouth Organ,ca. 1835,,,,"Wood, leather, various materials",H.: 19 cm (7-1/2 in.); Diam.: 10.8 cm (4-1/4 in.),Austrian,Austria,,Vienna,,P. Peckmann,Maker,Austrian,,,,Musical Instruments,Aerophone-Free Reed,,False,True,https://www.metmuseum.org/art/collection/search/505011,https://images.metmuseum.org/CRDImages/mi/original/DP224719.jpg,0,,,
501783,Square Piano,Square Piano,ca. 1800,,,,"Cherry (?), iron, ebony, bone","Case length (perpendicular to keyboard)  59 cm, Width (parallel to keyboard)  161 cm, Case depth (without lid)  20.7 cm, Total height  79 cm",Austrian,Austria,,Vienna,,Anton Vatter,Maker,Austrian,,,,Musical Instruments,Chordophone-Zither-struck-piano,,False,True,https://www.metmuseum.org/art/collection/search/501783,https://images.metmuseum.org/CRDImages/mi/original/82271LS B.jpg,0,,,
500876,Transverse Flute,Transverse Flute,late 19th century,,,,Brass,"L. 2 ft. 1 in. (L. 63.1 cm, D. +/-2.0 cm --Richard Campbell '80)",Bornean or Chinese,Borneo or China?,,,,,,,,,,Musical Instruments,Aerophone-Blow Hole-side-blown flute (transverse),,False,True,https://www.metmuseum.org/art/collection/search/500876,https://images.metmuseum.org/CRDImages/mi/original/MUS584A.jpg,0,,,
502289,Rattle,Rattle,100 BC–200 AD?,,,,bronze,D. 4 7/16 × Rod thickness ±1/4 in. (11.2 × ±0.6 cm),Italian (Ancient Roman),Italy,,,,,,,,,,Musical Instruments,Idiophone-Shaken-rattle,,False,True,https://www.metmuseum.org/art/collection/search/502289,https://images.metmuseum.org/CRDImages/mi/original/MUS712A2.jpg,0,,,
503956,Cor omnitonique,Cor omnitonique,1833,,,,Brass,"Height: 21 5/8 in. (54.9 cm)
Width (Perpendicular to bell): 16 5/8 in. (42.2 cm)
Diameter (Of bell): 11 7/16 in. (29.1 cm)",Belgian,Belgium,,Brussels,,Charles Joseph Sax,Maker,Belgian,1790-02-01,1865-04-26,,Musical Instruments,Aerophone-Lip Vibrated,"Belgian, Dinant, Belgium 1790–1865 Paris",False,True,https://www.metmuseum.org/art/collection/search/503956,https://images.metmuseum.org/CRDImages/mi/original/DP244989.jpg,8,https://www.wikidata.org/wiki/Q116256720,https://www.wikidata.org/wiki/Q5074746,http://vocab.getty.edu/page/ulan/500334756
504794,Viola d'Amore,Small viola d'Amore,ca. 1700,,,,"Wood, string",approx. 71cm x 11.5cm x 2.5cm,German,Germany,,,,,,,,,,Musical Instruments,Chordophone-Lute-bowed-unfretted,,False,True,https://www.metmuseum.org/art/collection/search/504794,https://images.metmuseum.org/CRDImages/mi/original/DP-20775-001.jpg,2,,,
505366,Sa fa kir,Sa fa kir,ca. 1865–89,,,,Bamboo,Overall: 29.2 x 20.3cm (11 1/2 x 8in.),Egyptian,Egypt,,,,,,,,,,Musical Instruments,Aerophone-Blow Hole-panpipe,,False,True,https://www.metmuseum.org/art/collection/search/505366,https://images.metmuseum.org/CRDImages/mi/original/midp89.4.2843.jpg,2,,,
502729,Pottery Whistle,Pottery Whistle,ca. 800–1500 (?),Pre-Columbian,,,Clay,H. 60 mm.; D. 40 mm.; W. 30 mm.; Wt. 28 g.,possibly Costa Rican,Costa Rica?,,,,,,,,,,Musical Instruments,Aerophone-Whistle Flute-whistle,,False,True,https://www.metmuseum.org/art/collection/search/502729,https://images.metmuseum.org/CRDImages/mi/original/206226.jpg,0,,,
501802,O-daiko,O-daiko,ca. 1873,,,,"Wood, metal, cloisonné, hide, silk, padding",Total H. 62 3/16 × Drum diam 22 in. (158 × 55.9 cm),Japanese,Japan,,Tohshima,Cranes|Fishing|Dragons|Roosters|Fish,Kodenji Hayashi,Maker,Japanese,1831,1915,,Musical Instruments,Membranophone-double-headed / barrel drum,"Japanese, Nagoya 1831–1915",True,True,https://www.metmuseum.org/art/collection/search/501802,https://images.metmuseum.org/CRDImages/mi/original/DP302725.jpg,2,https://www.wikidata.org/wiki/Q29385575,,
501949,Suling (ring flute),Suling (ring flute),late 19th century,,,,"Bamboo, rattan","Total L. 28 1/8 x Diam. 1 1/4 in. (71.4 x 3.2 cm.)
Additional measurements: block to end 707 mm to finger holes 310, 357, 400, 469, 508, 550 mm
 window 9 x 7 mm",Javanese (Sunda),Indonesia,,,,,,,,,,Musical Instruments,Aerophone-Blow Hole-end-blown flute (vertical),,False,True,https://www.metmuseum.org/art/collection/search/501949,https://images.metmuseum.org/CRDImages/mi/original/midp89.4.1383.jpg,2,,,
501533,Transverse Flute In D or C:,Transverse Flute In D or C:,ca. 1800,,,,"wood, ivory, brass","(embouchure length shown in parentheses) L. with D foot: 611 mm (524 mm), 618 mm (532 mm), 625 mm (539 mm); L. with C foot: 670 mm (583 mm), 677 mm (590 mm), 684 mm - 27 in. - (596 mm)",German,Germany,,,,C.F. Starck,Maker,German,,,,Musical Instruments,Aerophone-Blow Hole-side-blown flute (transverse),,False,True,https://www.metmuseum.org/art/collection/search/501533,https://images.metmuseum.org/CRDImages/mi/original/MUS317A4.jpg,1,,,
500619,Erxian,Erxian,19th century,,,,"Wood, composition, silk, resin",L: 57.4 cm (22-9/16 in.); Depth: 8.3 cm (3-1/4 in.); Diam. of body: 9.3 cm (3-11/16 in.) see diagram,Chinese,China,,Foshan,,Golden Tone Workshop,Maker,Chinese,1800,1900,,Musical Instruments,Chordophone-Lute-bowed-unfretted,,False,True,https://www.metmuseum.org/art/collection/search/500619,https://images.metmuseum.org/CRDImages/mi/original/202414.jpg,0,,,
505652,Music Box,Music Box,ca. 1820,,,,Various materials,L. 8.3 cm (3 1/4 in.) x W. 5.7 cm (2 1/4 in.) x D. 2.2 cm (7/8 in.),Swiss,Switzerland,,,Men,,,,,,,Musical Instruments,Idiophone,,False,True,https://www.metmuseum.org/art/collection/search/505652,https://images.metmuseum.org/CRDImages/mi/original/DP170006.jpg,1,,,
501798,Nakakeer,Nakakeer,late 19th century,,,,"Copper, skin",H. 12 1/2 × Diam. 24 1/2 in. (31.8 × 62.2 cm),Egyptian,Egypt,,,,,,,,,,Musical Instruments,Membranophone-single-headed / kettle drum,,False,True,https://www.metmuseum.org/art/collection/search/501798,https://images.metmuseum.org/CRDImages/mi/original/midp89.4.1232.jpg,6,,,
502106,Nyanyeru (riti),Nyanyeru (riti),late 19th century,,,,"Gourd, various materials","Height: 142 in. (360.7 cm)
Diameter: 5 1/2 in. (14 cm)",Fulbe,"Mali, Guinea, Guinea-Bissau or the Senegambia",,,,,,,,,,Musical Instruments,Chordophone-Lute-bowed-unfretted,,False,True,https://www.metmuseum.org/art/collection/search/502106,https://images.metmuseum.org/CRDImages/mi/original/midp89.4.1531.jpg,2,https://www.wikidata.org/wiki/Q116413016,,
505570,Oboe,Oboe,ca. 1700,,,,"Stained boxwood, brass",L. 57.6 cm (22 11/16 in.),Dutch,Netherlands,,,,,,,,,,Musical Instruments,Aerophone-Reed Vibrated-double reed,,False,True,https://www.metmuseum.org/art/collection/search/505570,https://images.metmuseum.org/CRDImages/mi/original/DP158081.jpg,0,,,
501917,Jawbone,Jawbone,19th century,,,,bone,L. approx. 46 cm; W. approx. 22 cm,American,United States,,Milletsville,,,,,,,,Musical Instruments,Idiophone-Shaken-rattle,,False,True,https://www.metmuseum.org/art/collection/search/501917,https://images.metmuseum.org/CRDImages/mi/original/DP-41505-001.jpg,3,,,
502241,Harpsichord,Harpsichord,1781,,,,"Wood, various materials","inst.: 222cm x 94cm x 32cm
stand: 154cm x 90cm x 62cm",British,United Kingdom,,London,,Jacob Kirkman,Maker,British,1710,1792,,Musical Instruments,Chordophone-Zither-plucked-harpsichord,"British, born Bischwiller, Alsace, France 1710–1792 Greenwich, England",False,True,https://www.metmuseum.org/art/collection/search/502241,https://images.metmuseum.org/CRDImages/mi/original/MUS1159B.jpg,1,,https://www.wikidata.org/wiki/Q18877545,http://vocab.getty.edu/page/ulan/500073669
502728,Pottery Whistle?,Pottery Whistle?,ca. 800–1525,Pre-Columbian,,,Clay,H. 4.6 cm (1-3/4 in.); W. 3.8 cm (1-1/2 in.); D. 2.9 cm (1-1/8 in.); Wt. 26 g,Costa Rican,Costa Rica,Diquis Region,,Human Figures,,,,,,,Musical Instruments,Aerophone-Whistle Flute-whistle,,False,True,https://www.metmuseum.org/art/collection/search/502728,https://images.metmuseum.org/CRDImages/mi/original/DP160863.jpg,0,,,
503859,Tenor Valve Trombone in B-flat,Tenor Valve Trombone in B-flat,late 19th Century,,,,"Brass, nickel-silver",Length: 78cm (30 11/16in.)  Diameter of bell:  17.2cm (6 3/4in.),Italian,Italy,,Bologna,,Pietro Borsari,Maker,Italian,1850,1900,,Musical Instruments,Aerophone-Lip Vibrated-trumpet / trombone,active late 19th century,False,True,https://www.metmuseum.org/art/collection/search/503859,https://images.metmuseum.org/CRDImages/mi/original/MUS420A2.JPG,1,,,
503632,Sheng ( 笙 ),Sheng,late 19th century,Qing dynasty (1644-1911),,,"Wood, metal, ivory",L. 19 3/4 × W. including mouthpiece 4 1/2 × Diam. 4 in. (50.2 × 11.4 × 10.2 cm),Chinese,China,,,,,,,,,,Musical Instruments,Aerophone-Free Reed-mouth organ,,False,True,https://www.metmuseum.org/art/collection/search/503632,https://images.metmuseum.org/CRDImages/mi/original/DP102103.jpg,0,,,
505076,Necklace Rattle,Necklace Rattle,ca. 1850–89,,,,"Shells, vegetal twine",,African,,,,,,,,,,,Musical Instruments,Idiophone-Shaken,,False,True,https://www.metmuseum.org/art/collection/search/505076,https://images.metmuseum.org/CRDImages/mi/original/208646.jpg,0,,,
505681,Alto Recorder,Alto Recorder,ca. 1700,,,,"Wood, ivory",20 1/2 × 2 × 2 in. (52.1 × 5.1 × 5.1 cm),British,United Kingdom,,,,Joseph Bradbury,Maker,British,1670,1725,,Musical Instruments,Aerophone-Whistle Flute-recorder,"Stapleford / Hertfordshire, England ca. 1670–early 18th century",False,True,https://www.metmuseum.org/art/collection/search/505681,https://images.metmuseum.org/CRDImages/mi/original/207640.jpg,1,https://www.wikidata.org/wiki/Q116252663,,
501245,Drum,Drum,19th century,,,,"wood, skin, and various materials","7 1/2 × 15 15/16 in. (19 × 40.5 cm)
Diameter (Of heads): 15 3/8 in. (39 cm)","Native American (Creek, Muskhogean family)",United States,,,,,,,,,,Musical Instruments,Membranophone-double-headed / cylindrical drum,,False,True,https://www.metmuseum.org/art/collection/search/501245,https://images.metmuseum.org/CRDImages/mi/original/midp89.4.629.jpg,8,,,
501037,Gunibri,Gunibri,19th century,,,,"Wood, goat hide, metal, horn",29 11/16 × 5 13/16 × 3 15/16 in. (75.4 × 14.8 × 10 cm),possibly Egyptian,Egypt?,,,,,,,,,,Musical Instruments,Chordophone-Lute-plucked-unfretted,,False,True,https://www.metmuseum.org/art/collection/search/501037,https://images.metmuseum.org/CRDImages/mi/original/midp89.4.419.jpg,3,https://www.wikidata.org/wiki/Q116412956,,
501107,Gusle,Gusle,19th century,,,,"Wood (maple), hide, horsehair.",L. 60.3 cm (23-3/4 in.); W. +/- 17.2 cm (6-13/16 in.),Bulgarian,Bulgaria,,,Birds,,,,,,,Musical Instruments,Chordophone-Lute-bowed-unfretted,,False,True,https://www.metmuseum.org/art/collection/search/501107,https://images.metmuseum.org/CRDImages/mi/original/MUS68A.jpg,0,,,
505645,Music Box,Music Box,ca. 1810,,,,Various materials,L. 6 cm (2 3/8in.) x W. 2.2 cm (7/8 in.) x D. 1.1 cm (7/16),Swiss,Switzerland,,,,,,,,,,Musical Instruments,Idiophone,,False,True,https://www.metmuseum.org/art/collection/search/505645,https://images.metmuseum.org/CRDImages/mi/original/210146.jpg,0,,,
504634,Soprano Saxhorn in B-flat,Soprano Saxhorn in B-flat,1855–75,,,,"Brass, nickel-silver",L.: 36.2 cm (14-1/4 in.); Diam of bell: 11.8 cm (4-3/4 in.),possibly American,United States?,,,,,,,,,,Musical Instruments,Aerophone-Lip Vibrated,,False,True,https://www.metmuseum.org/art/collection/search/504634,https://images.metmuseum.org/CRDImages/mi/original/237590.jpg,1,,,
503391,Guitar,Guitar,1797,,,,"Spruce or fir top, cypress back and ribs, mahogany neck, rosewood fingerboard and frets, ebony nut, gut strings",Total length: 914 mm,Spanish,Spain,,Madrid,,Benito Sanchez de Aguilera,Maker,Spanish,1790,1800,,Musical Instruments,Chordophone-Lute-plucked-fretted,"Spanish, Madrid, active 1790–1800",False,True,https://www.metmuseum.org/art/collection/search/503391,https://images.metmuseum.org/CRDImages/mi/original/DT1110a.jpg,4,,,http://vocab.getty.edu/page/ulan/500331806
502218,Angle Harp,Angle Harp,19th century,,,,"Wood, leather, string",84cm x 11.5cm x 38cm,African,,,,,,,,,,,Musical Instruments,Chordophone-Harp,,False,True,https://www.metmuseum.org/art/collection/search/502218,https://images.metmuseum.org/CRDImages/mi/original/MUS239A.jpg,0,,,
502189,Ohotniche Rogie sounding B-flat,Ohotniche Rogie sounding B-flat,mid-19th century (?),,,,"Copper, nickel-silver","Length  515 mm (perpendicular to bell), Diameter of bell  6.5 mm",Russian,Russia,,,,,,,,,,Musical Instruments,Aerophone-Lip Vibrated-horn,,False,True,https://www.metmuseum.org/art/collection/search/502189,https://images.metmuseum.org/CRDImages/mi/original/MUS407A5.JPG,0,,,
501179,Raberi (folk violin),Raberi (folk violin),late 19th century,,,,"Wood (yellow pine), horse hair","L. 61 cm (24 in.); Diam.  24.1 cm (9-1/2 in.)   (L. C. says, ""Width, 10 in."")",Native American (Rarámuri / Tarahumara),Mexico,,Chihuahua,,,,,,,,Musical Instruments,Chordophone-Lute-bowed-unfretted,,False,True,https://www.metmuseum.org/art/collection/search/501179,https://images.metmuseum.org/CRDImages/mi/original/DP-21583-001.jpg,3,,,
500659,Kane,Kane,19th century,,,,"Wood, metal",Height of figure: 50.8 cm (20 in.); Diam. of gong: 15.2 cm (6 in.),Japanese,Japan,,,,,,,,,,Musical Instruments,Idiophone-Struck-bell-without clapper,,False,True,https://www.metmuseum.org/art/collection/search/500659,https://images.metmuseum.org/CRDImages/mi/original/MUS743A.jpg,0,,,
501586,Pochette,Pochette,18th century (?),,,,Wood,L. ±45 cm (17-11/16 in.);  Body L. ±25 cm (9-13/16 in.) Max. W. ±6.5 cm (2-9/16 in.),French,France,,,,,,,,,,Musical Instruments,Chordophone-Lute-bowed-unfretted,,False,True,https://www.metmuseum.org/art/collection/search/501586,https://images.metmuseum.org/CRDImages/mi/original/MUS92A1.JPG,0,,,
505131,Sopila,Sopila,late 19th century,,,,"Wood, metal",,Eastern European (Croatian),Croatia (former Yugoslavia),Balkan Peninsula,Jurandvor,,,,,,,,Musical Instruments,Aerophone-Reed Vibrated-double reed,,False,True,https://www.metmuseum.org/art/collection/search/505131,https://images.metmuseum.org/CRDImages/mi/original/206964.jpg,0,,,
503196,Viola d'Amore,Viola d'Amore,ca. 1780,,,,"Spruce, maple, ebony",Body L. 35.7 cm (14-1/16 in.); Bowed string L. 48.7 (19-3/16 in.),Italian,Italy,,Naples,,Joseph Gagliano (1742–1820),Maker,"Italian, Naples",1770,1820,,Musical Instruments,Chordophone-Lute-bowed-unfretted,"Italian, Naples",False,True,https://www.metmuseum.org/art/collection/search/503196,https://images.metmuseum.org/CRDImages/mi/original/DT8732.jpg,2,,,
503248,Ocarina,Ocarina,1300–1500,Pre-Columbian,,,Ceramic,2 1/8 × 2 1/2 × 2 1/4 in. (5.4 × 6.4 × 5.7 cm),Tairona People; Gayraca style,Colombia,,,Animals,,,,,,,Musical Instruments,Aerophone-Whistle Flute-vessel flute,,False,True,https://www.metmuseum.org/art/collection/search/503248,https://images.metmuseum.org/CRDImages/mi/original/DP159028.jpg,1,https://www.wikidata.org/wiki/Q116272704,,
503896,Clavichord,Clavichord,18th century,,,,Wood,"W. across bottom:   93.7 cm     36-7/8 in.
D.  across bottom:   31.7           12-1/2  in.
H.  without lid:           13.5             5-3/8
3-octave span:          37              14-5/8 
L. naturals:              8                3-1/4
L. top string:            6.4             2-1/4  (sounding)
L. bottm string:      76.4           30-1/8  (sounding)",German,Germany,,,,Johann Heinrich Gräbner,Maker,German,1700,1777,,Musical Instruments,Chordophone-Zither-struck-clavichord,"German, Dresden ca. 1700–ca. 1777 Dresden",False,True,https://www.metmuseum.org/art/collection/search/503896,https://images.metmuseum.org/CRDImages/mi/original/DT8133.jpg,1,,,
505737,Violin,Violin,after 1625,,,,Wood,"Body L.: 34.2 (13-1/2 in.
String L.: 29 cm (11-1/2 in.)
Total L.: 55.6 cm (21-3/4 in.) 
Greatest Width Lower Bouts: 18.9 cm (7-1/2 in.)",British or German,England or Germany,,,,Unknown Maker,Maker,,,,,Musical Instruments,Chordophone-Lute-bowed-unfretted,,False,True,https://www.metmuseum.org/art/collection/search/505737,https://images.metmuseum.org/CRDImages/mi/original/DP217175.jpg,3,,https://www.wikidata.org/wiki/Q24238356,http://vocab.getty.edu/page/ulan/500125274
503930,Guitar,Guitar,1697,,,,"Spruce, tortoiseshell, mother-of-pearl, ivory, ebony",38 1/8 × 9 15/16 × 4 in. (96.9 × 25.2 × 10.2 cm),French,France,,,,Jean-Baptiste Voboam,Maker,French,,,,Musical Instruments,Chordophone-Lute-plucked-fretted,,True,True,https://www.metmuseum.org/art/collection/search/503930,https://images.metmuseum.org/CRDImages/mi/original/DT1108a.jpg,2,https://www.wikidata.org/wiki/Q29385674,https://www.wikidata.org/wiki/Q75863365,http://vocab.getty.edu/page/ulan/500331805
501816,Seshesh,Seshesh,1st century CE,Roman?,,,leaded bronze,Total Height: 8-3/4 in.,possibly Italian (Ancient Roman),Italian?,,,,,,,,,,Musical Instruments,Idiophone-Shaken-jingle,,False,True,https://www.metmuseum.org/art/collection/search/501816,https://images.metmuseum.org/CRDImages/mi/original/MUS697A.jpg,0,,,
500729,Taepyeongso (태평소 ),Taepyeongso,late 19th century,Joseon dynasty (1392-1910),,,"Wood, metal, reed",L. 16 1/2 × Bell Diam. 4 15/16 in. (41.9 × 12.5 cm),Korean,Korea,,,,,,,,,,Musical Instruments,Aerophone-Reed Vibrated-double reed,,False,True,https://www.metmuseum.org/art/collection/search/500729,https://images.metmuseum.org/CRDImages/mi/original/midp89.4.147 (a).jpg,2,https://www.wikidata.org/wiki/Q116412770,,
500703,Uchiwa Daiko,Uchiwa Daiko,19th century,,,,"Wood, metal",Diam.:36.8 cm (14-1/2 in.); L. of handle: 35.6 cm (14 in.),Japanese,Japan,,,,,,,,,,Musical Instruments,Membranophone-single-headed / frame drum,,False,True,https://www.metmuseum.org/art/collection/search/500703,https://images.metmuseum.org/CRDImages/mi/original/midp89.4.74.jpg,1,,,
501874,Accordion,Accordion,1870–80,,,,Various materials,"Depth: 5 cm, Width (closed): 9.5 cm (3-3/4 in.), Height: 18.5 cm (7-3/8 in.)",Russian,Russia,,,,,,,,,,Musical Instruments,Aerophone-Free Reed-concertina / accordion,,False,True,https://www.metmuseum.org/art/collection/search/501874,https://images.metmuseum.org/CRDImages/mi/original/DP224727.jpg,0,,,
502801,Cauyuk,Cauyuk,19th century,,,,"red cedar, hide, pigment",23 15/16 × 24 1/4 × 3 in. (60.8 × 61.6 × 7.6 cm),Native American (Skidegate or Haida),Canada,,Victoria,,,,,,,,Musical Instruments,Membranophone-single-headed / frame drum,,False,True,https://www.metmuseum.org/art/collection/search/502801,https://images.metmuseum.org/CRDImages/mi/original/DP-26165-001.jpg,2,https://www.wikidata.org/wiki/Q116413051,,
503240,Flute,Flute,1300–1500,Pre-Columbian,,,Ceramic,L. 8.7 cm (3-7/16 in.); Diam. app. 4.2 cm (1-11/16 in.),Tairona People; Gayraca style,Colombia,,,,,,,,,,Musical Instruments,Aerophone-Whistle Flute-recorder,,False,True,https://www.metmuseum.org/art/collection/search/503240,https://images.metmuseum.org/CRDImages/mi/original/DP159019.jpg,0,,,
502112,Japanese Fiddle,Japanese Fiddle,late 19th century,,,,"Wood, metal, skin","Length 79.5 cm, Diameter of resonator 15.5 cm",American,United States,,,,,,,,,,Musical Instruments,Chordophone-Lute-bowed-unfretted,,False,True,https://www.metmuseum.org/art/collection/search/502112,https://images.metmuseum.org/CRDImages/mi/original/89.4.1537 front slide.jpg,1,,,
501801,Double Chromatic Harp,Double Chromatic Harp,after 1895,,,,"Spruce, maple, metal, gilding, brass",H.66 1/8 x W. 18 7/8  in. (168 x 48 cm),American,United States,,Brooklyn,,Henry Greenway,Maker,"American, born England",1833,1903,,Musical Instruments,Chordophone-Harp,"American (born England), Birmingham 1833–1903 St. Louis, Missouri",False,True,https://www.metmuseum.org/art/collection/search/501801,https://images.metmuseum.org/CRDImages/mi/original/DT10862.jpg,1,,https://www.wikidata.org/wiki/Q5722194,http://vocab.getty.edu/page/ulan/500524515
506089,Watercolor of musician playing bo,Watercolor of musician playing bo,late 18th century,,,,Watercolor on paper,Overall: 43.2 x 35.6 x 1.3cm (17 x 14 x 1/2in.),Chinese,China,,,Musical Instruments|Women|Musicians,,,,,,,Musical Instruments,Works on Paper,,False,True,https://www.metmuseum.org/art/collection/search/506089,https://images.metmuseum.org/CRDImages/mi/original/DP211151.jpg,0,,,
503554,Sarangi,Sarangi,ca. 1865,,,,"Wood, parchment, ivory, gut, metal",L. 24 ×W.  7 in. (61 × 17.8 cm),Indian,India,,,,,,,,,,Musical Instruments,Chordophone-Lute-bowed-unfretted,,False,True,https://www.metmuseum.org/art/collection/search/503554,https://images.metmuseum.org/CRDImages/mi/original/MI6.jpg,1,,,
502346,Oboe d'Amore in A,Oboe d'Amore in A,ca. 1725,,,,"Wood, brass","Length 630 mm, Diameter of bell 50 mm, Upper section 280 mm, Lower section 270 mm, Foot 120 mm",German,Germany,,Leipzig,,Johann Poerschman,Maker,German,1708,1766,,Musical Instruments,Aerophone-Reed Vibrated-double reed,"German, active Leipzig, 1708–1766",False,True,https://www.metmuseum.org/art/collection/search/502346,https://images.metmuseum.org/CRDImages/mi/original/202997.jpg,0,,,
501276,Magura Rattle,Magura Rattle,late 19th century,,,,Metal,"L. 11 in., Diam. of cylinder 3 in.",Native American (Cuba),,,,,,,,,,,Musical Instruments,Idiophone-Shaken-rattle,,False,True,https://www.metmuseum.org/art/collection/search/501276,https://images.metmuseum.org/CRDImages/mi/original/midp89.4.660.jpg,1,,,
500574,Yangqin  (揚琴),Yangqin  (揚琴),19th century,,,,"Wood, brass.",L: 66 cm (26 in.); W. 24.1 cm (9½ in.) see card,Chinese,China,,,,,,,,,,Musical Instruments,Chordophone-Zither-struck-dulcimer,,False,True,https://www.metmuseum.org/art/collection/search/500574,https://images.metmuseum.org/CRDImages/mi/original/MUS2006.jpg,3,,,
503419,Trumpet banner,Trumpet Banneret,ca. 1875,,,,"Silk damask, various materials",15 3/4 × 20 1/16 in. (40 × 51 cm),British,United Kingdom,,London,Coat of Arms,,,,,,,Musical Instruments,Aerophone-Accessories,,False,True,https://www.metmuseum.org/art/collection/search/503419,https://images.metmuseum.org/CRDImages/mi/original/255299.jpg,0,https://www.wikidata.org/wiki/Q116272584,,
501314,Strung Rattle,Strung Rattle,19th century,,,,"fruit shells or seeds, cotton? cord",L. 49cm (19 5/16in.); Average shell: L. 1.2 cm x W. 1.3 cm,Native American (Guyanese: Demerara),Guyana,,,,,,,,,,Musical Instruments,Idiophone-Shaken-rattle,,False,True,https://www.metmuseum.org/art/collection/search/501314,https://images.metmuseum.org/CRDImages/mi/original/midp89.4.698.jpg,2,,,
504431,Kin,Kin,late 19th century,,,,"Metal, rosewood",Stand: H. 116.8 cm (46 in.)  Bell:  H. 33 cm x Diam. 38.7 cm (13 x 15 1/4 in),Japanese,Japan,,,,,,,,,,Musical Instruments,Idiophone-Struck-bell-without clapper,,False,True,https://www.metmuseum.org/art/collection/search/504431,https://images.metmuseum.org/CRDImages/mi/original/C4740 1986.467.38ab.jpg,2,,,
501838,Embuutu,Embuutu,19th century,,,,"Wood, hide",35cm x 37cm x 37cm,Uganda,Uganda,,,,Ganda,Maker,,,,,Musical Instruments,Membranophone-single-headed / cylindro-conical,,False,True,https://www.metmuseum.org/art/collection/search/501838,https://images.metmuseum.org/CRDImages/mi/original/141225.jpg,1,,,
505399,Regal,Regal,ca. 1575,,,,"Wood, various materials",24 × 34 1/4 in. (61 × 87 cm),German,Germany,,Nürnberg,,Georg Voll,Maker,German,1540,1575,,Musical Instruments,Aerophone-Organ,"German, Nuremberg active ca. 1540–ca. 1575, Nuremberg",True,True,https://www.metmuseum.org/art/collection/search/505399,https://images.metmuseum.org/CRDImages/mi/original/DP302650.jpg,5,https://www.wikidata.org/wiki/Q29385702,,
505497,Alto Saxhorn in E-flat,Alto Saxhorn in E-flat,ca. 1865–80,,,,"Brass, nickel-silver",Overall: 17.8 x 73.8cm (7 x 29 1/16in.),American,United States,,New York,,John Howard Foote,Maker,American,,,,Musical Instruments,Aerophone-Lip Vibrated-horn,,False,True,https://www.metmuseum.org/art/collection/search/505497,https://images.metmuseum.org/CRDImages/mi/original/218474.jpg,0,,,
504650,Megaphone,Megaphone,possibly 18th century,,,,wood,"Depth: 34 in. (86.4 cm)
Diameter: 8 1/2 in. (21.6 cm)",Congolese,Republic of Congo & Angola,,,Crocodiles,,,,,,,Musical Instruments,Aerophone,,False,True,https://www.metmuseum.org/art/collection/search/504650,https://images.metmuseum.org/CRDImages/mi/original/C4491 89.4.3323.jpg,2,https://www.wikidata.org/wiki/Q116235452,,
501620,Cittern,Cittern,19th century,,,,Wood and various materials.,"Total length  52.7 cm., Fingerboard length  20.4 cm, Fingerboard width--top/bottom  5.4/5.4 cm.,
Body length  27.7 cm.
Body width--widest/narrowest  20.5/5.3 cm.
Body depth--neck/foot  2.6/3.0 cm.
Vibrating length of strings  38.5 cm., Diameter of sound hole  5.2 cm., Bridge height  0.3 cm.",Spanish,Spain,,,,,,,,,,Musical Instruments,Chordophone-Lute-plucked-fretted,,False,True,https://www.metmuseum.org/art/collection/search/501620,https://images.metmuseum.org/CRDImages/mi/original/MUS44A.jpg,0,,,
501472,Cornemuse,Cornemuse,0,Late 19th century,,,various materials,,French,France,,,,Possibly Jean Dechaud,Maker,,,,,Musical Instruments,Aerophone-Reed Vibrated-bagpipe,,False,True,https://www.metmuseum.org/art/collection/search/501472,https://images.metmuseum.org/CRDImages/mi/original/89.4.861 Cornemuse .jpg,1,,,
504737,Bass Ophicleide in C (?),Bass Ophicleide in C (?),1837–54,,,,Brass,Overall: 20.3 x 98cm (8 x 38 9/16in.),French,France,,,,Bartsch,Maker,French,1835,1854,,Musical Instruments,Aerophone-Lip Vibrated-horn,active 1835–1854,False,True,https://www.metmuseum.org/art/collection/search/504737,https://images.metmuseum.org/CRDImages/mi/original/DP249351.jpg,2,,,
503234,Violoncello,Violoncello,ca. 1800,,,,Wood,L. 121.8 cm (47-15/16 in.); Body L. 75.5 cm (29-11/16 in.); String L. 68.5 cm (26-15/16 in.),French,France,,Paris,,François-Louis Pique,Maker,French,1757,1822-10-26,,Musical Instruments,Chordophone-Lute-bowed-unfretted,"French, Roret 1757–1822 Charenton-Saint-Maurice",False,True,https://www.metmuseum.org/art/collection/search/503234,https://images.metmuseum.org/CRDImages/mi/original/DT7555.jpg,0,https://www.wikidata.org/wiki/Q116272739,,
501295,Reed Pipe (triple),Reed Pipe (three double reeds),19th century,,,,"wood (red cedar or spruce), split bark","L. 17.1 x Diam. 7 cm (6 3/4 x 2 3/4 in.)
Old catalogue: Diam. 5.7 x L. 16.5cm (2 1/4 x 6 1/2in.)","Native American (Skittagetan, probably Haida)",Canada,,,,,,,,,,Musical Instruments,Aerophone-Reed Vibrated-double reed,,False,True,https://www.metmuseum.org/art/collection/search/501295,https://images.metmuseum.org/CRDImages/mi/original/midp89.4.679.jpg,3,,,
501084,Kudu Horn,Kudu Horn,late 19th century,,,,Horn,"L. 92.5 cm (36 3/16.); Wide end H. 7.5 cm (3"") W. 8.2 cm (3 1/8"")",South African,South Africa,,,,,,,,,,Musical Instruments,Aerophone-Lip Vibrated-horn,,False,True,https://www.metmuseum.org/art/collection/search/501084,https://images.metmuseum.org/CRDImages/mi/original/260639.jpg,1,,,
501325,Bone flute,Bone flute,late 19th century,,,,bone,Diam. 2.7 x L. 18.7cm (1 1/16 x 7 3/8in.),Native American (Guyanese),Guyana,,,,,,,,,,Musical Instruments,Aerophone-Blow Hole-side-blown flute (transverse),,False,True,https://www.metmuseum.org/art/collection/search/501325,https://images.metmuseum.org/CRDImages/mi/original/midp89.4.709 front.jpg,1,,,
500697,Bell,Bell,late 19th century,,,,Bronze,"H.: 19.1 m (7-1/2 in.), Diam. 8.9 cm (3-1/2 in.)",Chinese,China,,,,,,,,,,Musical Instruments,Idiophone-Struck-bell-clapper,,False,True,https://www.metmuseum.org/art/collection/search/500697,https://images.metmuseum.org/CRDImages/mi/original/202428.jpg,0,,,
502796,Pottery Flute,Pottery Flute,ca. 1200–1521,Pre-Columbian,,,Clay,L. 163 mm.; Diam. of bell (greatest) 32 mm.; Wt. 40 g.,Aztec,Mexico,,,,,,,,,,Musical Instruments,Aerophone-Whistle Flute-recorder,,False,True,https://www.metmuseum.org/art/collection/search/502796,https://images.metmuseum.org/CRDImages/mi/original/MUS800A10.jpg,1,,,
500612,Huagu,Huagu,19th century,,,,"Wood, skin, metal, polychrome",Diam: 29.2 cm (11-½ in.); Height of tripod: 76.2 cm (30 in.),Chinese,China,,,Dragons|Phoenix,"Chin Shing (Golden Voice) Store, Canton",Manufacturer,,,,,Musical Instruments,Membranophone-double-headed / frame drum,,False,True,https://www.metmuseum.org/art/collection/search/500612,https://images.metmuseum.org/CRDImages/mi/original/MIDP89.4.35 side1.jpg,0,,,
501496,Bassoon in C,Bassoon in C,ca. 1813–25,,,,"Maple, brass","50 5/8 × 3 × 2 in. (128.6 × 7.6 × 5.1 cm)
Width (With bocal): 10 3/8 in. (26.4 cm)",French,France,,Paris,,Jean-Jacques Baumann,Maker,French,1772,1845,,Musical Instruments,Aerophone-Reed Vibrated-double reed,"French, Paris 1772–1845 Paris",False,True,https://www.metmuseum.org/art/collection/search/501496,https://images.metmuseum.org/CRDImages/mi/original/DP302640.jpg,6,https://www.wikidata.org/wiki/Q116273751,https://www.wikidata.org/wiki/Q89021296,(not assigned)
504699,Pedal Harp,Pedal Harp,ca. 1819,,,,"Wood, various materials",Extreme height: 161.5 cm (63-5/8 in.); Length of pillar: 159.5 cm (62-7/8 in.); Soundboard greatest width: 33 cm (13 in.),French,France,,Paris,,Henri Naderman,Maker,French,1780,1835,,Musical Instruments,Chordophone-Harp,"French, Paris ca. 1780–after 1835 Paris",False,True,https://www.metmuseum.org/art/collection/search/504699,https://images.metmuseum.org/CRDImages/mi/original/132562.jpg,5,,,
503545,Cornet in B-flat,Cornet in B-flat,ca. 1849,,,,"Brass, silver-plated","Height: 13 in. (33 cm)
Diameter (Of bell): 4 7/8 in. (12.4 cm)",British,United Kingdom,,London,,John Augustus Köhler,Maker,British,1810,1878,,Musical Instruments,Aerophone-Lip Vibrated-horn,"British, London ca. 1810–1878 London",False,True,https://www.metmuseum.org/art/collection/search/503545,https://images.metmuseum.org/CRDImages/mi/original/slide 2002.189 a-f.JPG,4,https://www.wikidata.org/wiki/Q116235470,,http://vocab.getty.edu/page/ulan/500334376
503042,Chamber Organ,Chamber Organ,ca. 1845–60,,,,"Wood, various materials","Height:184.2 cm (72-½ in.) 
Width: 121 cm (48 in.)
Depth: 66 cm (26 in.)  
Three-octave span: 49.4 cm (19-7/16 in.)",American,United States,,Marlborough,,George Clisbee,Maker,American,1828,1885,,Musical Instruments,Aerophone-Organ,"American, Marlborough, Massachusetts 1828–1885 Marlborough",False,True,https://www.metmuseum.org/art/collection/search/503042,https://images.metmuseum.org/CRDImages/mi/original/225455.jpg,3,,,
501599,Langeleik,Langeleik,18th century,,,,"Wood, metal","L. 112.1 cm., Greatest width 13.1 cm, Depth of soundbox  9.6 cm., Sounding length of longest string  +/- 85.4 cm., Sounding length of shortest string 55.2 cm.",Norwegian,Norway,,,,,,,,,,Musical Instruments,Chordophone-Zither-plucked,,False,True,https://www.metmuseum.org/art/collection/search/501599,https://images.metmuseum.org/CRDImages/mi/original/211907.jpg,1,,,
501346,Tarawangsa,Tarawangsa,19th century,,,,"Wood, silk, parchment","a) Total L. 34 1/2 × Top W.  5 3/16 × Back W. 4 × D. 4 1/8 × Body L. 9 15/16 × Neck L. 24 9/16 in. 
(87.7 × 13.1 × 10.1 × 10.4 ×  25.3 ×  62.4 cm)
b) bow: L. 23 1/4 × Hair L. 18 1/8 × W. 1 15/16 in. (59 × 46 × 5 cm)",Javanese (Sunda),Indonesia,,,,,,,,,,Musical Instruments,Chordophone-Bowed,,False,True,https://www.metmuseum.org/art/collection/search/501346,https://images.metmuseum.org/CRDImages/mi/original/89.4.730 slide.jpg,10,,,
501058,Minjaireh,Minjaireh,late 19th century,,,,Cane,L. 36.3 cm (14-5/16 in.); D.+/- 1.9 cm  (3/4 in.),Syrian,Syria,,,,,,,,,,Musical Instruments,Aerophone-Blow Hole-end-blown flute (vertical),,False,True,https://www.metmuseum.org/art/collection/search/501058,https://images.metmuseum.org/CRDImages/mi/original/midp89.4.440.jpg,0,,,
501168,M'Kul,M'Kul,late 19th century,,,,Wood,42cm x 17cm x 18cm,Fang people,Gabon,,,,,,,,,,Musical Instruments,Idiophone-Struck-slit drum,,False,True,https://www.metmuseum.org/art/collection/search/501168,https://images.metmuseum.org/CRDImages/mi/original/258886.jpg,0,,,
500580,Po,Po,19th century,,,,Bronze,Diam: 40.6 cm (16 in.),Chinese,China,,,,Chi,Maker,Chinese,,,,Musical Instruments,Idiophone-Concussion,,False,True,https://www.metmuseum.org/art/collection/search/500580,https://images.metmuseum.org/CRDImages/mi/original/MUS1030A.jpg,0,,,
501610,Aeolian Harp,Aeolian Harp,19th century,,,,Wood,95cm x 19cm x 11cm,British,United Kingdom,,,,,,,,,,Musical Instruments,Chordophone-Zither-blown,,False,True,https://www.metmuseum.org/art/collection/search/501610,https://images.metmuseum.org/CRDImages/mi/original/DP-37959-001.jpg,2,,,
501221,Rattle,Rattle,19th century,,,,"Wood, gourd","Overall W. 17.8 x L. 29.2cm (7 x 11 1/2in.)
Handle: 7.6cm (3in.)",Native American (Zuni),United States,,,,,,,,,,Musical Instruments,Idiophone-Shaken-rattle,,False,True,https://www.metmuseum.org/art/collection/search/501221,https://images.metmuseum.org/CRDImages/mi/original/midp89.4.605.jpg,2,,,
505465,Bell Harp,Bell Harp,mid-18th century,,,,"Mahogany, iron",L.: 54 cm (21.25 in.); Max. W.: 39.2 cm (15.63 in.),British,England,,,,John Simcock?,Maker,,,,,Musical Instruments,Chordophone-Zither-plucked,,False,True,https://www.metmuseum.org/art/collection/search/505465,https://images.metmuseum.org/CRDImages/mi/original/240665.jpg,1,,,
501833,Rattle,Rattle,late 19th century,,,,Metal,L. 9-1/2 in.,Africa,,,,,,,,,,,Musical Instruments,Idiophone-Shaken-rattle,,False,True,https://www.metmuseum.org/art/collection/search/501833,https://images.metmuseum.org/CRDImages/mi/original/midp89.4.1267.jpg,1,,,
500927,Seung,Seung,late 19th century,,,,Wood,,Thai,Thailand,,,,,,,,,,Musical Instruments,Chordophone-Lute-plucked-fretted,,False,True,https://www.metmuseum.org/art/collection/search/500927,https://images.metmuseum.org/CRDImages/mi/original/midp89.4.299.jpg,0,,,
631313,Dutār,Dutār,ca. 1860,,,,"mulberry, bone, brass, silver, carnelian, turquoise",L. 39 3/4 × W. 6 1/16 × D. 5 1/16 in. (101 × 15.4 × 12.9 cm),Afghan (Turkmen),Afghanistan,,,,,,,,,,Musical Instruments,Chordophone-Lute-plucked-fretted,,False,True,https://www.metmuseum.org/art/collection/search/631313,https://images.metmuseum.org/CRDImages/mi/original/DP703859.jpg,1,https://www.wikidata.org/wiki/Q116305380,,
501626,Cittern,Cittern,19th century (?),,,,Wood and various materials,"Total length  67 cm., Fingerboard length  28 cm., Fingerboard width--top/bottom  4.7/5.3 cm.,
Body length  34.5 cm.
Body width--widest/narrowest  29/5 cm.
Body depth--neck/foot  6.5/8.2 cm.
Vibrating length of strings  42 cm., Diameter of soundhole--horizontal/vertical  6.5/6.0, Bridge height  1.8 cm.",Portuguese,Portugal,,,,,,,,,,Musical Instruments,Chordophone-Lute-plucked-fretted,,False,True,https://www.metmuseum.org/art/collection/search/501626,https://images.metmuseum.org/CRDImages/mi/original/MUS46Aright.jpg,1,,,
506080,Watercolor of musician playing paiban,Watercolor of musician playing paiban,late 18th century,,,,Watercolor on paper,Overall: 43.2 x 35.6 x 1.3cm (17 x 14 x 1/2in.),Chinese,China,,,Musical Instruments|Women|Musicians,,,,,,,Musical Instruments,Works on Paper,,False,True,https://www.metmuseum.org/art/collection/search/506080,https://images.metmuseum.org/CRDImages/mi/original/DP211162.jpg,0,,,
501254,Rattle,Rattle,19th century,,,,"Gourd, wood, pebbles",Diam. 13.6 × L. 17.1 cm (5 3/8 in. × 6 3/4 in.),Native American (Zuni),United States,,,,Zuni tribe,Culture,,,,,Musical Instruments,Idiophone-Shaken-rattle,,False,True,https://www.metmuseum.org/art/collection/search/501254,https://images.metmuseum.org/CRDImages/mi/original/midp89.4.638.jpg,2,,,
503359,Bass Viola da Gamba,Bass Viola da Gamba,ca. 1600,,,,Wood,Total L.: 119.5 cm (47-1/16 in.),British,United Kingdom,,London?,,John Rose,Maker,British,1500,1600,,Musical Instruments,Chordophone-Lute-bowed-fretted,British,False,True,https://www.metmuseum.org/art/collection/search/503359,https://images.metmuseum.org/CRDImages/mi/original/DP164634.jpg,6,,,
500910,Klong yao,Klong yao,late 19th century,,,,"Wood, skin",39 × 8 in. (99.1 × 20.3 cm),Thai,Thailand,,,,,,,,,,Musical Instruments,Membranophone-single-headed / cylindrical drum,,False,True,https://www.metmuseum.org/art/collection/search/500910,https://images.metmuseum.org/CRDImages/mi/original/MUS655A2.jpg,0,,,
503851,Gaita Asturiana,Gaita Asturiana,0,late 19th century,,,"Wood, goat- or deerskin, leather, cloth",,Spanish,Spain,,,,,,,,,,Musical Instruments,Aerophone-Reed Vibrated-bagpipe,,False,True,https://www.metmuseum.org/art/collection/search/503851,"https://images.metmuseum.org/CRDImages/mi/original/89.4.3350 Gaita (Asturias, Spain).jpg",1,,,
501447,Galeon Ngungu,Galeon Ngungu,late 19th century,,,,Bamboo,"Longest pipe 28 in., shortest 1-5/8 in.","Melanesian (Nggela Islands, Solomon Islands)",Solomon Islands,,,,,,,,,,Musical Instruments,Aerophone-Blow Hole-panpipe,,False,True,https://www.metmuseum.org/art/collection/search/501447,https://images.metmuseum.org/CRDImages/mi/original/226514.jpg,2,,,
501379,Bonang Barung or Kromo,Bonang Barung,late 19th century,,,,"Bronze, wood, felt, polychrome","L. of stand 109.2 cm (43 in.), W. 53.3 cm (21 in.) H. 25.4 cm (10 in.)
Ten gongs Diam. 25.4 cm (10 in.), D. 7.6 cm (3 in.)  Largest 6-1/2 x 2-1/4; Smallest 5-1/2.  Depth 2-1/4.",Javanese,Indonesia,,,,,,,,,,Musical Instruments,Idiophone-Struck-gong,,False,True,https://www.metmuseum.org/art/collection/search/501379,https://images.metmuseum.org/CRDImages/mi/original/midp89.4.777 (2).jpg,1,,,
502820,Kunda,Kunda,19th century,,,,Wood,5 1/2 × 1 3/4 × 1 in. (13.9 × 4.4 × 2.5 cm),"Yombe group, Kongo people",Democratic Republic of the Congo,,,,,,,,,,Musical Instruments,Idiophone-Struck-bell-clapper,,False,True,https://www.metmuseum.org/art/collection/search/502820,https://images.metmuseum.org/CRDImages/mi/original/206110.jpg,0,https://www.wikidata.org/wiki/Q116413055,,
502552,Tsii' Edo' Ai (Apache Fiddle),Tsii' Edo' Ai,ca.1900,,,,"Agave stalk, horsehair, gut","a) Body: L. 31.8 x Diam. ±5.1 - ±5.8 cm (12 1/2 x 2 - 2 5/16 in.)
      Peg L. 19.3 cm (7 5/8 in.)
b)  L. 25.9 x W. 3 - 2.5 cm. (10 3/16 x 1 3/16 - 1 in.)
See measurement card",Native American (Apache),United States,,,,,,,,,,Musical Instruments,Chordophone-Zither-bowed,,False,True,https://www.metmuseum.org/art/collection/search/502552,"https://images.metmuseum.org/CRDImages/mi/original/midp89.4.1973a, b.jpg",5,,,
503626,Square Piano,Square Piano,1772,,,,"Mahogany, iron, brass, ivory, ebony, various materials.","H. 78.5 cm (30 7/8 in.),  W. 139.4 cm (54 7/8 in.),  D. 49.2 cm (19 3/8 in.)",Irish,Ireland,,Dublin,,Ferdinand Weber,Maker,"German, active Ireland",1715,1784,,Musical Instruments,Chordophone-Zither-struck-piano,"German, Borstendorf, Saxony 1715–1784 Dublin",False,True,https://www.metmuseum.org/art/collection/search/503626,https://images.metmuseum.org/CRDImages/mi/original/DP107366.jpg,3,,,http://vocab.getty.edu/page/ulan/500063758
502288,Chromatic Bass Horn in B-flat,Chromatic Bass Horn in B-flat,ca. 1825,,,,"Copper, brass","Length  103 cm, Diameter of bell 19.3 cm, Diameter of bore within present crook tenon  0.731 in., Diameter of bore within bell socket  3.206 in.",German?,Germany?,,,,,,,,,,Musical Instruments,Aerophone-Lip Vibrated-horn,,False,True,https://www.metmuseum.org/art/collection/search/502288,https://images.metmuseum.org/CRDImages/mi/original/DP249346.jpg,1,,,
501123,Drum,Drum,late 19th century,,,,"Metal, skin, shells",H. 4 × Diam. 12 1/2 in. (10.2 × 31.8 cm),Congolese,,Congo district,,,,,,,,,Musical Instruments,Membranophone-single-headed / kettle drum,,False,True,https://www.metmuseum.org/art/collection/search/501123,https://images.metmuseum.org/CRDImages/mi/original/midp89.4.506top.jpg,0,,,
501083,Horn,Horn,late 19th century,,,,"Ivory, leather, reptile skin",L. 100.7 cm (39 5/8 in.); Diam. at narrow end ±3.2 cm (1 1/4 in) Oval wider end H. 13.7 x W. 12 cm (5 3/8 x 4 3/4 in),possibly Congolese,possibly Dem. Rep. of Congo,,,,,,,,,,Musical Instruments,Aerophone-Lip Vibrated-horn,,False,True,https://www.metmuseum.org/art/collection/search/501083,https://images.metmuseum.org/CRDImages/mi/original/89.4.465 slide.jpg,1,,,
506084,Watercolor of musician playing xiao,Watercolor of musician playing xiao,late 18th century,,,,Watercolor on paper,Overall: 43.2 x 35.6 x 1.3cm (17 x 14 x 1/2in.),Chinese,China,,,Musical Instruments|Women|Musicians,,,,,,,Musical Instruments,Works on Paper,,False,True,https://www.metmuseum.org/art/collection/search/506084,https://images.metmuseum.org/CRDImages/mi/original/DP211146.jpg,0,,,
503034,Komabue,Komabue,19th century,,,,Wood,L. 36.5 cm (14-3/8 in.),Japanese,Japan,,,,,,,,,,Musical Instruments,Aerophone-Blow Hole-side-blown flute (transverse),,False,True,https://www.metmuseum.org/art/collection/search/503034,https://images.metmuseum.org/CRDImages/mi/original/142070.jpg,0,,,
503258,Ocarina,Ocarina,1300–1500,Pre-Columbian,,,Ceramic,2 3/4 × 2 × 1 1/8 in. (7 × 5.1 × 2.9 cm),Tairona People; Gayraca style,Colombia,,,Human Figures,,,,,,,Musical Instruments,Aerophone-Whistle Flute-vessel flute,,False,True,https://www.metmuseum.org/art/collection/search/503258,https://images.metmuseum.org/CRDImages/mi/original/DP159037.jpg,0,https://www.wikidata.org/wiki/Q116413131,,
503056,Grand Piano,Grand Piano,1827,,,,"Rosewood veneer, oak, metal, ivory, ebony, maple, beech, brass, leather","Height: 36 7/16 in. (92.5 cm)
Width (parallel to keyboard): 49 3/4 in. (126.4 cm)
Depth (perpendicular to keyboard): 97 15/16 in. (248.7 cm)",British,United Kingdom,,London,,John Broadwood & Sons,Maker,,,,,Musical Instruments,Chordophone-Zither-struck-piano,,False,True,https://www.metmuseum.org/art/collection/search/503056,https://images.metmuseum.org/CRDImages/mi/original/DT1112.jpg,0,https://www.wikidata.org/wiki/Q116272802,https://www.wikidata.org/wiki/Q1699418,http://vocab.getty.edu/page/ulan/500336857
503856,"Evacuation Day Parade of First Division, New York State Militia, newspaper illustration",Newspaper illustration,1866,,,,Newspaper,11 x 15 2/3 in. (28.0 x 39.8 cm),American,United States,,,Soldiers|Men,Alfred Rudolf Waud,Artist,"American, born England",1828,1891,,Musical Instruments,Works on Paper,"American (born England), London 1828–1891 Marietta, Georgia",False,True,https://www.metmuseum.org/art/collection/search/503856,https://images.metmuseum.org/CRDImages/mi/original/MIDP2005.126.2.jpg,0,,https://www.wikidata.org/wiki/Q2226717,http://vocab.getty.edu/page/ulan/500010848
503664,Clarinet in D,Clarinet in D,1820 or 1821,,,,"Ebony, ivory, sterling silver",L. 21 1/2 in. (54.6 cm),British,United Kingdom,,London,,Astor & Co.,Maker,,1778,1831,,Musical Instruments,Aerophone-Reed Vibrated-single reed cylindrical,1778–1831,False,True,https://www.metmuseum.org/art/collection/search/503664,https://images.metmuseum.org/CRDImages/mi/original/2003.343.1(2014-10-10).jpg,3,,,
502317,Horn,Horn,late 19th century,,,,"Wood, skin","L. 1 ft. 4 in., Diam. of larger end, 1-1/4 in.",African,,,,,,,,,,,Musical Instruments,Aerophone-Lip Vibrated-horn,,False,True,https://www.metmuseum.org/art/collection/search/502317,https://images.metmuseum.org/CRDImages/mi/original/midp89.4.1770.jpg,2,,,
501018,Guenbri,Guenbri,late 19th century,,,,"Wood, small tortoise shell",47.5cm x 9cm x 6cm,Algerian,Algeria,,,,,,,,,,Musical Instruments,Chordophone-Lute-plucked-unfretted,,False,True,https://www.metmuseum.org/art/collection/search/501018,https://images.metmuseum.org/CRDImages/mi/original/midp89.2.187.jpg,1,,,
502952,Pottery Whistle,Pottery Whistle,date uncertain,,,,Pottery,L. 58 mm.; W. 39 mm.; D. 39 mm.; Wt. 35 gr.,Mexican,Mexico,Veracruz,Coatlan,,,,,,,,Musical Instruments,Aerophone-Whistle Flute-whistle,,False,True,https://www.metmuseum.org/art/collection/search/502952,https://images.metmuseum.org/CRDImages/mi/original/209694.jpg,0,,,
501901,tabl-i baz,tabl-i baz,late 19th century,,,,"metal, hide","A) H.: Total 4 1/2 × Body 3 5/8 × Diam.: Total 7 11/16 × Head 7 1/8 in. (11.4 × 9.2 × 19.6 × 18.1 cm)
B) H.: Total3 5/8 × Body 3 1/16 × Diam.: Total 7 5/8 × Head 7 5/16 in. (9.2 × 7.7 × 19.3 × 18.5 cm)",Turkish,Turkey,,,,,,,,,,Musical Instruments,Membranophone-single-headed / kettle drum,,False,True,https://www.metmuseum.org/art/collection/search/501901,https://images.metmuseum.org/CRDImages/mi/original/203610.jpg,1,,,
502142,Handbell,Handbell,19th century,,,,metal,"Height  10.7 cm, Diameter  5.9 cm, Weight  119 g",European,,,,Men,,,,,,,Musical Instruments,Idiophone-Struck-bell-clapper,,False,True,https://www.metmuseum.org/art/collection/search/502142,https://images.metmuseum.org/CRDImages/mi/original/MUS723A4.jpg,0,,,
502168,Handbell,Handbell,19th century (?),,,,Metal,"Height  20.7 cm, Diameter  12.6 cm, Weight  1408 g",Italian,Italy,,Venice?,,,,,,,,Musical Instruments,Idiophone-Struck-bell-clapper,,False,True,https://www.metmuseum.org/art/collection/search/502168,https://images.metmuseum.org/CRDImages/mi/original/MUS689A1.jpg,0,,,
503446,Banjo,Banjo,ca. 1885,,,,"Wood, strings, metal, various materials",Diam. outer rim:  25.1 cm (9-7/8 in.); Total L.: 98.5 cm (38-7/8 in.); String L.: 63.5 cm (25 in.),American,United States,,New York,,Benjamin Bradbury,Maker,American,,,,Musical Instruments,Chordophone-Lute-plucked-fretted,,False,True,https://www.metmuseum.org/art/collection/search/503446,https://images.metmuseum.org/CRDImages/mi/original/DP-19175-001.jpg,1,,,
501125,Kundu (drum),Kundu (drum),late 19th century,,,,"Wood, skin, fiber, seaweed and shells",H. 96.5 cm (38 in.); Diam. 15.2 cm (6 in.),Melanesian (Papua New Guinean),Papua New Guinea,,Port Moresby?,,,,,,,,Musical Instruments,Membranophone-single-headed / cylindrical drum,,False,True,https://www.metmuseum.org/art/collection/search/501125,https://images.metmuseum.org/CRDImages/mi/original/midp89.4.508.jpg,2,,,
505680,Flageolet,Flageolet,ca. 1835,,,,"Boxwood, ivory",L. 53.2 cm (20-5/16 in.),British,United Kingdom,,London,,John Simpson,Maker,British,,,,Musical Instruments,Aerophone-Whistle Flute-flageolet,,False,True,https://www.metmuseum.org/art/collection/search/505680,https://images.metmuseum.org/CRDImages/mi/original/190938.jpg,0,,,
501398,Bibo,Bibo (jew's harp),19th century,,,,Bamboo,"Frame:  L. 30.1 cm (11-7/8 in.), W. 1.45 cm (9/16 in.), Th. 0.5 cm (3/16 in.) Tongue:  L. 8.2 cm (3-1/4 in.), W. 6--1.5 cm (2-3/8--9/16 in.) , Th. 5--1.0 cm (1-15/16--3/8 in.)",New Guinean,New Guinea,,,,,,,,,,Musical Instruments,Idiophone-Plucked / Depressed,,False,True,https://www.metmuseum.org/art/collection/search/501398,https://images.metmuseum.org/CRDImages/mi/original/MUS583A1.jpg,0,,,
502924,Pottery Whistle,Pottery Whistle,ca. 800–1525,Pre-Columbian,,,Clay,H: 57mm; W: 50mm; L: 53mm; Wt: 41g.,Costa Rican,Costa Rica,,,Birds,,,,,,,Musical Instruments,Aerophone-Whistle Flute-whistle,,False,True,https://www.metmuseum.org/art/collection/search/502924,https://images.metmuseum.org/CRDImages/mi/original/DP157384.jpg,0,,,
501560,Cane Violin,Cane Violin,19th century,,,,"Mahogany, spruce, ebony, metal","L. 2 ft. 11 in., W. 1-3/4 in.",German,Germany,,Markneukirchen,,Moritz Wilhelm Glaesel,Maker,,1829,1917,,Musical Instruments,Chordophone-Bowed,1829–1917,False,True,https://www.metmuseum.org/art/collection/search/501560,https://images.metmuseum.org/CRDImages/mi/original/MUS99A.jpg,0,,,
504259,Flute,Flute,1843,,,,"Cocuswood, silver","Sounding length with slide contracted 580 mm (22 13/16 in.); 
Embouchure 10.9 mm (4 5/16 in.) x 12.1 mm (4 3/4 in.)",British,United Kingdom,,London,,Rudall & Rose,Maker,British,,,,Musical Instruments,Aerophone-Blow Hole-side-blown flute (transverse),British,False,True,https://www.metmuseum.org/art/collection/search/504259,https://images.metmuseum.org/CRDImages/mi/original/MIDP2005.346.1.jpg,1,,,
504414,Side Drum,Side Drum,ca. 1864,,,,"Wood, calf skin, rope","Shell height (head to head with rims):  15-3/8 inches (39.1 cm)
Head diameter:  between 16-7/8 inches and 17 inches (43.1 cm)",American,United States,,Philadelphia,Eagles,Ernest Vogt,Maker,American,,,,Musical Instruments,Membranophone-double-headed / cylindrical drum,American,False,True,https://www.metmuseum.org/art/collection/search/504414,https://images.metmuseum.org/CRDImages/mi/original/DT4864a.jpg,1,,,http://vocab.getty.edu/page/ulan/500331800
505642,Music Box,Music Box,ca. 1810,,,,Various materials,L.  6.4 cm (2 1/2 in.),Swiss,Switzerland,,Geneva(?),,,,,,,,Musical Instruments,Idiophone,,False,True,https://www.metmuseum.org/art/collection/search/505642,https://images.metmuseum.org/CRDImages/mi/original/DP169433.jpg,1,,,
500713,Bāyā,Bāyā,late 19th century,,,,"Wood, skin",H. 21.6 cm (8-1/2 in.); Diam. of head 21.6 cm (9-1/2 in.),Indian (north),India,,,,,,,,,,Musical Instruments,Membranophone-double-headed / conical drum,,False,True,https://www.metmuseum.org/art/collection/search/500713,https://images.metmuseum.org/CRDImages/mi/original/midp89.4.167 (3).jpg,3,,,
505381,Bell,Bell,ca. 1850–89,,,,Brass,Overall: 15.2 x 7.6cm (6 x 3in.),Benin,,,,,,,,,,,Musical Instruments,Idiophone-Struck-bell-without clapper,,False,True,https://www.metmuseum.org/art/collection/search/505381,https://images.metmuseum.org/CRDImages/mi/original/259732.jpg,2,,,
503582,Megaphone,Megaphone,ca. 1850–1900,,,,"Wood, metal, leather","15 x 128.7cm (5 7/8 x 50 11/16in.)

Weight: 45 lbs approx",Tanzanian,Tanzania,,,,,,,,,,Musical Instruments,Aerophone-Lip Vibrated-trumpet / trombone,,False,True,https://www.metmuseum.org/art/collection/search/503582,https://images.metmuseum.org/CRDImages/mi/original/DP-28664-001.jpg,2,,,
502338,Bell,Bell,1807,,,,Iron,"H. 8.8 cm, Diam. 9.9 cm, Wt. 319 g",Russian,Russia,,,,,,,,,,Musical Instruments,Idiophone-Struck-bell-clapper,,False,True,https://www.metmuseum.org/art/collection/search/502338,https://images.metmuseum.org/CRDImages/mi/original/DP106351.jpg,0,,,
502448,Chalumeau in F,Chalumeau in F,19th century copy of 17th century object,,,,"Wood, cane","Length 304 mm, Diameter of bell 16.5 mm, Mouthpiece/ neck 104 mm, Body 217 mm",British,France or England,,,,Francis W. Galpin,Maker,British,1858,1945,,Musical Instruments,Aerophone-Reed Vibrated-single reed cylindrical,"British, Dorchester 1858–1945 Richmond",False,True,https://www.metmuseum.org/art/collection/search/502448,https://images.metmuseum.org/CRDImages/mi/original/MUS294A3.jpg,0,,https://www.wikidata.org/wiki/Q18730279,(not assigned)
504753,Regal,Regal,ca. 1720–40,,,,"Wood, various",,German,Germany,,,,,,,,,,Musical Instruments,Aerophone-Organ,,False,True,https://www.metmuseum.org/art/collection/search/504753,https://images.metmuseum.org/CRDImages/mi/original/MUS1166B.jpg,2,,,
501602,Épinette des Vosges,Épinette des Vosges,late 19th century,,,,"wood, metal","L.  60.2 cm., Greatest width  8 cm, Depth of soundbox  +/-2.8 cm, Sounding length of strings  +/-47.2 cm.",French,France,,Valdajol,,Amant Constant (Amé) Lambert,Maker,French,1843,1908,,Musical Instruments,Chordophone-Zither-plucked,"French, La Girmont 1843–1908 Val-d'Ajol",False,True,https://www.metmuseum.org/art/collection/search/501602,https://images.metmuseum.org/CRDImages/mi/original/MUS57A.jpg,0,,,
504999,Double Flageolet in D,Double Flageolet in D,1808–20,,,,"Wood, ivory, silver",L. 39.7cm (15 5/8in.),British,United Kingdom,,London,,William Bainbridge,Maker,British,1803,1831,,Musical Instruments,Aerophone-Blow Hole-end-blown flute (vertical),"British, London, active 1803–31",False,True,https://www.metmuseum.org/art/collection/search/504999,https://images.metmuseum.org/CRDImages/mi/original/MUS1548LS.B.jpg,0,,,http://vocab.getty.edu/page/ulan/500333732
726282,Gekkin,Gekkin,ca. 1885,,,,"Wood, jade, horn, gut, reptile skin",26 3/8 × 1 5/16 × 14 1/16 in. (67 × 3.4 × 35.7 cm),Japanese,Japan,,,,,,,,,,Musical Instruments,Chordophone-Lute-plucked-fretted,,False,True,https://www.metmuseum.org/art/collection/search/726282,https://images.metmuseum.org/CRDImages/mi/original/DP-12319-015.jpg,2,,,
502024,Saw U,Saw U,late 19th century,,,,"Coconut shell, ivory, wood, twine","29 × 5 3/4 × 7 5/8 in. (73.7 × 14.6 × 19.4 cm)
Bow: 28 × 2 × 7/16 in. (71.1 × 5.1 × 1.1 cm)",Thai,Thailand,,,,,,,,,,Musical Instruments,Chordophone-Lute-bowed-unfretted,,False,True,https://www.metmuseum.org/art/collection/search/502024,https://images.metmuseum.org/CRDImages/mi/original/MUS150A.jpg,1,https://www.wikidata.org/wiki/Q116413010,,
504200,Serinette,Serinette,ca. 1800,,,,"wood, various materials",Overall: H. 27.1 x  W. 37.3 x L. perpendicular to barrel 26.2cm (10 11/16 x 14 11/16 x 10 5/16in.),French,France,,,,Ch. Denis,Maker,French,,,,Musical Instruments,Aerophone-Automatic,,False,True,https://www.metmuseum.org/art/collection/search/504200,https://images.metmuseum.org/CRDImages/mi/original/MUS391a.jpg,1,,,
505308,Basset Horn in F,Basset Horn in F,mid-19th century,,,,"Wood, horn, brass","L. 114.3 cm (45 in.); Bell Diam. 11cm (4 5/16 in.); mouthpiece 8.4 cm (3 5/16 in.) barrel 6.7cm (2 5/8 in.); Upper body section 30.1cm (11 7/8in.); elbow, approx. 6.5cm (2 9/16in.); lower body section/kasten 34.7cm (13 11/16in.); bell 22cm (8 11/16in).",Czech Republic or Hungarian,Bohemia (Hungary),,Eger,,Anton Fischer,Maker,Hungarian,1885,1895,,Musical Instruments,Aerophone-Reed Vibrated-single reed cylindrical,"Hungarian, Eger flourished ca. 1885",False,True,https://www.metmuseum.org/art/collection/search/505308,https://images.metmuseum.org/CRDImages/mi/original/154956.jpg,1,,,
501962,Minteki (明笛 ),Minteki (明笛),late 19th century,,,,Bamboo,L. 15 × Diam. 7/8 in. (38.1 × 2.2 cm),Japanese,Japan,,,,,,,,,,Musical Instruments,Aerophone-Blow Hole-end-blown flute (vertical),,False,True,https://www.metmuseum.org/art/collection/search/501962,https://images.metmuseum.org/CRDImages/mi/original/204338.jpg,1,,,
501858,Sundatang,Sundatang,late 19th century,,,,"Wood, parchment, rattan",136cm x 14cm x 11cm,Bornean,Borneo,,,,,,,,,,Musical Instruments,Chordophone,,False,True,https://www.metmuseum.org/art/collection/search/501858,https://images.metmuseum.org/CRDImages/mi/original/midp89.4.1292.jpeg,4,,,
502342,Ohotniche Rogi sounding D,Ohotniche Rogi sounding D,1873–89,,,,Brass,"Height (Perpendicular to bell): 33 1/16 in. (84 cm)
Diameter (Of bell): 4 5/16 in. (11 cm)",Russian,Russia,,Moscow,,Nicolas N. Fedorov,Maker,Russian,1867,1889,,Musical Instruments,Aerophone-Lip Vibrated-horn,"Russian, flourished ca. 1867–1889",False,True,https://www.metmuseum.org/art/collection/search/502342,https://images.metmuseum.org/CRDImages/mi/original/DP-12679-030.jpg,1,https://www.wikidata.org/wiki/Q116241485,,
503161,Fokwé (long drum),Fokwé (long Drum),19th century,,,,"Wood, fur","Height: 72 1/16 in. (183 cm)
Diameter (At widest): 9 13/16 in. (25 cm)

Weight: 65 lbs approx","Attie people, Akan cluster",Ivory Coast,,Twi province,,,,,,,,Musical Instruments,Membranophone-single-headed / conical drum,,False,True,https://www.metmuseum.org/art/collection/search/503161,https://images.metmuseum.org/CRDImages/mi/original/DP-28535-004.jpg,5,https://www.wikidata.org/wiki/Q116413088,,
503988,Transverse Flute,Transverse Flute,ca. 1855,,,,Silver,L. 26-5/6 in. (68.2 cm),French,France,,Paris,,Clair Godfroy aine,Maker,French,,,,Musical Instruments,Aerophone-Blow Hole-side-blown flute (transverse),,False,True,https://www.metmuseum.org/art/collection/search/503988,https://images.metmuseum.org/CRDImages/mi/original/midp2000.67.jpg,0,,,
501565,Violoncello,Violoncello,late 19th century,,,,Wood,Overall Dimensions: 114.5cm x 25.5cm x 20.5cm,Italian,Italy,,,,,,,,,,Musical Instruments,Chordophone-Bowed,,False,True,https://www.metmuseum.org/art/collection/search/501565,https://images.metmuseum.org/CRDImages/mi/original/MUS87A.jpg,0,,,
505324,Basset Horn in F,Basset Horn in F,ca. 1860,,,,"Cocus, boxwood, silver, nickel-silver","L. end to end 845mm, Approx. tube L. 1125mm, mouthpiece (excl tenon) 73mm, angle barrel, c. 83mm, upper body section (excl tenon) 270mm, lower body section 351mm, kasten 86mm, erect bell 210 mm, reed cap 65mm",German,Germany,,Mainz,,Joseph Seidel,Maker,German,1800,1870,,Musical Instruments,Aerophone-Reed Vibrated-single reed cylindrical,1820–1862,False,True,https://www.metmuseum.org/art/collection/search/505324,https://images.metmuseum.org/CRDImages/mi/original/56.94.a.4.jpg,2,,,
503903,Square Piano,Square Piano,ca. 1800,,,,"Wood, various materials","Case L. (perpendicular to keyboard): 38 cm 
W. (parallel to keyboard): 107 cm 
Case D. (without lid): 23 cm 
Total H.: 81 cm
Stand: 112cm x 39cm 65cm",Dutch (Amsterdam),Netherlands,,Amsterdam,,Corneille Charles Emanuel van der Does,Maker,Dutch,1769,1827,,Musical Instruments,Chordophone-Zither-struck-piano,"Dutch, 1769–1827",False,True,https://www.metmuseum.org/art/collection/search/503903,https://images.metmuseum.org/CRDImages/mi/original/MUS1539.jpg,0,,,http://vocab.getty.edu/page/ulan/500036774
501726,Harmonica,Harmonica,1860–70,,,,"Beech, metal","Length  132 mm, Diameter  25 mm. (approximately)",German,Germany,,,,,,,,,,Musical Instruments,Aerophone-Free Reed-mouth organ,,False,True,https://www.metmuseum.org/art/collection/search/501726,https://images.metmuseum.org/CRDImages/mi/original/202637.jpg,0,,,
502124,Hawk-shaped Koto,Koto,late 19th century,Meiji period (1868-1912),,,"Paulownia wood, metal strings",H. 20 in.; W. 9-1/2 in.; Thickness 2 in.,Japanese,Japan,,Kyoto,,Asano Tōshichi,Maker,Japanese,,,,Musical Instruments,Chordophone-Zither,Japanese,False,True,https://www.metmuseum.org/art/collection/search/502124,https://images.metmuseum.org/CRDImages/mi/original/midp89.4.1549.jpg,0,,,
501843,Pottery Flute and Rattle,Pottery Flute and Rattle,late 15th century?,Pre-Columbian,,,clay,L. 285 mm.; W (column) 22 mm.; D. 53 mm.; Diam. of rattle (greatest) 54 mm. Wt. 118 g.,Mexican,Mexico,,,,,,,,,,Musical Instruments,Aerophone and Idiophone-flue blown / vessel rattle,,False,True,https://www.metmuseum.org/art/collection/search/501843,https://images.metmuseum.org/CRDImages/mi/original/midp89.4.1277.jpg,4,,,
501113,Musical Bow,Musical Bow,late 19th century,,,,"Wood, gourd, hemp","Height: 34 in. (86.4 cm)
Diameter (Of gourd): 2 1/2 in. (6.4 cm)",West African,,,,,,,,,,,Musical Instruments,Chordophone-Musical Bow,,False,True,https://www.metmuseum.org/art/collection/search/501113,https://images.metmuseum.org/CRDImages/mi/original/260513.jpg,0,,,
502149,Sitar,Sitar,late 19th century,,,,"Gourd, wood, ivory, metal",51 × 12 in. (129.5 × 30.5 cm),Indian,India,,,,,,,,,,Musical Instruments,Chordophone-Lute-plucked-fretted,,False,True,https://www.metmuseum.org/art/collection/search/502149,https://images.metmuseum.org/CRDImages/mi/original/midp89.4.1585back.jpg,1,,,
501264,Pottery Whistle,Pottery Whistle,ca. 900–1521,Pre-Columbian,,,Clay,L. 91 mm.; W. 47 mm.; D. 36 mm.; Wt. 47 g.,Mexican,Mexico?,,,,,,,,,,Musical Instruments,Aerophone-Whistle Flute-whistle,,False,True,https://www.metmuseum.org/art/collection/search/501264,https://images.metmuseum.org/CRDImages/mi/original/DP157359.jpg,1,,,
504791,Tenor Saxhorn in B-flat,Tenor Saxhorn in B-flat,ca. 1865–89,,,,"Wood, leather, brass",Overall: 18.8 x 71.4cm (7 3/8 x 28 1/8in.),possibly German,Germany,,,,,,,,,,Musical Instruments,Aerophone-Lip Vibrated-horn,,False,True,https://www.metmuseum.org/art/collection/search/504791,https://images.metmuseum.org/CRDImages/mi/original/mus427a2.jpg,0,,,
502290,Ngoma (drum),Drum,19th century,,,,"Wood, fiber, glass",H. 30 11/16 × W. 9 7/16 × D. 6 3/4 in. (78 × 24 × 17.2 cm),Vili or Yombe people,Democratic Republic of the Congo,,Loango (just north of Pointe-Noire),Children|Men|Leopards,,,,,,,Musical Instruments,Membranophone-single-headed / cylindro-conical,,False,True,https://www.metmuseum.org/art/collection/search/502290,https://images.metmuseum.org/CRDImages/mi/original/DP321282.jpg,1,https://www.wikidata.org/wiki/Q116273147,,
501965,Violin,Violin,late 19th century,,,,Wood,"L.:  61cm (24 in.), W.: 19.7 cm (7-3/4 in.), Thickness 3.8 cm (1-1/2 in.):  Bow: 58.4 cm (23 in.)","Melanesian (New Ireland, Papua New Guinean)",Papua New Guinea,Bismarck Archipelago,,,,,,,,,Musical Instruments,Chordophone-Lute-bowed-unfretted,,False,True,https://www.metmuseum.org/art/collection/search/501965,https://images.metmuseum.org/CRDImages/mi/original/DP-21581-001.jpg,2,,,
501369,Ipu Hula (gourd drum),Ipu Hula (gourd drum),19th century,,,,"Gourd, tapa cloth, breadfruit gum",H. 76.2 cm (30 in.); Diam. 30.5 cm (12 in.),Hawai'i,United States,,,,,,,,,,Musical Instruments,Idiophone-Stamping,,False,True,https://www.metmuseum.org/art/collection/search/501369,https://images.metmuseum.org/CRDImages/mi/original/DP218832.jpg,1,,,
501255,Disc Rattle,Rattle,19th century,,,,"Wood, skin (deer?), pebble, polychome, cord",L. 14 × Diam. 7 in. (35.6 × 17.8 cm),"Native American (Siouan, Dakota probably)",United States,,,,,,,,,,Musical Instruments,Idiophone-Shaken-rattle,,False,True,https://www.metmuseum.org/art/collection/search/501255,https://images.metmuseum.org/CRDImages/mi/original/MUS1135A1 (2).jpg,3,https://www.wikidata.org/wiki/Q116412974,,
501419,Aje,Aje,late 19th century,,,,"Wood, cord, skin","L. 67.3 (26-1/2 in.), Diam. base 20.3 cm (8 in.) and  22.9 cm (9 in.)",Micronesian (Marshall Islands),Marshall Islands,,,,,,,,,,Musical Instruments,Membranophone-single-headed / waisted drum,,False,True,https://www.metmuseum.org/art/collection/search/501419,https://images.metmuseum.org/CRDImages/mi/original/midp89.4.807.jpg,0,,,
505432,Arghoul,Arghoul,ca. 1825–89,,,,"Bamboo, cord",Overall: 38.1cm (15in.),Egyptian,Egypt,,,,,,,,,,Musical Instruments,Aerophone-Reed Vibrated,,False,True,https://www.metmuseum.org/art/collection/search/505432,https://images.metmuseum.org/CRDImages/mi/original/MUS523A.jpg,0,,,
501227,Raven rattle,Raven rattle (Sisa),19th century,,,,"Cedar, pebbles, polychrome",L. 12 3/16 × D. 4 1/16 × W. 4 1/8 in. (31 × 10.3 × 10.5 cm),Native American (Tsimshian),Canada,,Skidegate,Birds,,,,,,,Musical Instruments,Idiophone-Shaken-rattle,,True,True,https://www.metmuseum.org/art/collection/search/501227,https://images.metmuseum.org/CRDImages/mi/original/DP168365.jpg,3,https://www.wikidata.org/wiki/Q104413037,,
506048,Oboe,Oboe,1837–38,,,,"Boxwood, ivory, brass",22 3/8 × 2 × 2 in. (56.8 × 5.1 × 5.1 cm),French,France,,Paris,,Henri Brod,Maker,French,1799,1839,,Musical Instruments,Aerophone-Reed Vibrated-double reed,"French, Paris 1799–1839 Paris",False,True,https://www.metmuseum.org/art/collection/search/506048,https://images.metmuseum.org/CRDImages/mi/original/DP218080.jpg,2,https://www.wikidata.org/wiki/Q116252585,https://www.wikidata.org/wiki/Q683454,(not assigned)
502178,Bracelet Bell,Bracelet Bell,1st century CE,,,,Bronze.,"Including ring: 4 7/8 × 3 1/2 × 1 9/16 in. (12.4 × 8.9 × 4 cm)
Diameter (Of ring): 1 × 3 1/2 in. (2.5 × 8.9 cm)
Of bell alone: 2 1/4 × 1 in. (5.7 × 2.5 cm)",Italian (Ancient Roman),Italy,,Rome,,,,,,,,Musical Instruments,Idiophone-Struck-bell-clapper,,False,True,https://www.metmuseum.org/art/collection/search/502178,https://images.metmuseum.org/CRDImages/mi/original/208671.jpg,2,https://www.wikidata.org/wiki/Q116273234,,
503905,Xun,Xun,206 BCE–220 CE,,,,Pottery,Overall: W. 7.1 x D. 4.8 x L. 10.5cm (2 13/16 x 1 7/8 x 4 1/8in.),Chinese,China,,,,,,,,,,Musical Instruments,Aerophone-Blow Hole-vessel flute,,False,True,https://www.metmuseum.org/art/collection/search/503905,https://images.metmuseum.org/CRDImages/mi/original/DP169485.jpg,0,,,
501150,Rattle,Rattle,late 19th century,,,,Tin,L. 11.4 cm (4-1/2 in.); W. 6.4 cm (2-1/2 in.),African (West),,,,,,,,,,,Musical Instruments,Idiophone-Shaken-rattle,,False,True,https://www.metmuseum.org/art/collection/search/501150,https://images.metmuseum.org/CRDImages/mi/original/MUS783A left.jpg,0,,,
501788,Grand Piano,Grand Piano,1720,,,,"Cypress, boxwood, paint, leather, fir","Height (Total): 34 1/16 (86.5 cm)
Width (Parallel to keyboard): 37 5/8 (95.6 cm)
Depth (Case length, perpendicular to keyboard): 90 in. (228.6 cm)",Italian (Florence),Italy,,Florence,,Bartolomeo Cristofori,Maker,Italian,1655,1731,,Musical Instruments,Chordophone-Zither-struck-piano,Padua 1655–1731 Florence,True,True,https://www.metmuseum.org/art/collection/search/501788,https://images.metmuseum.org/CRDImages/mi/original/DP300941.jpg,15,https://www.wikidata.org/wiki/Q29385573,https://www.wikidata.org/wiki/Q301597,http://vocab.getty.edu/page/ulan/500329977
919102,Kit of six pairs of Percussion Bones (clappers),Kit of six pairs of Percussion Bones (clappers),19th century,19th Century,,,"Ebony, bone, various woods","Six sets of bone clappers of various lengths from 5 inches to 7 ½ inches.  	
Box 8 ½ in. Length by 3 ¼ in. Width x 2 ¾ in. Depth",American,United States,,,,,,,,,,Musical Instruments,Musical instruments,,False,True,https://www.metmuseum.org/art/collection/search/919102,https://images.metmuseum.org/CRDImages/mi/original/DP-38695-002.jpg,1,,,
501890,Gunibri,Gunibri,late 19th century,,,,tortoise-shell,"L. 1 ft. 6 in., W. 4 in.",Moroccan,Morocco,,,,,,,,,,Musical Instruments,Chordophone-Lute-plucked-unfretted,,False,True,https://www.metmuseum.org/art/collection/search/501890,https://images.metmuseum.org/CRDImages/mi/original/MUS218A.jpg,1,,,
504632,Bass Saxhorn in B-flat,Bass Saxhorn in B-flat,1858–75,,,,"Brass, nickel-silver",L.: 74.5 cm (29-1/2 in.); Diam. of  bell: 22.3 cm (8-7/8 in.),American,United States,,Philadelphia,,W. I. Seefeldt,Maker,American,,,,Musical Instruments,Aerophone-Lip Vibrated,,False,True,https://www.metmuseum.org/art/collection/search/504632,https://images.metmuseum.org/CRDImages/mi/original/218465.jpg,1,,,
500932,Tombak,Tombak,late 19th century,,,,"Wood, skin","Height: 16 in. (40.6 cm)
Diameter: 10 in. (25.4 cm)",Iranian,Iran (Persia),,,,,,,,,,Musical Instruments,Membranophone-single-headed / goblet drum,,False,True,https://www.metmuseum.org/art/collection/search/500932,https://images.metmuseum.org/CRDImages/mi/original/midp89.4.304.jpg,2,https://www.wikidata.org/wiki/Q105100228,,
504716,Alto valve trombone in E-flat,Alto valve trombone in E-flat,mid-19th century,,,,"Brass, nickel, silver",,American,United States,,New York,,August Pollmann,Maker,American,,,,Musical Instruments,Aerophone-Lip Vibrated-trumpet / trombone,,False,True,https://www.metmuseum.org/art/collection/search/504716,https://images.metmuseum.org/CRDImages/mi/original/211921.jpg,1,,,
500745,Ektar,Ektar,ca. 1885,,,,"Gourd, skin, bamboo, wire, metal",113cm x 27cm x 18cm,Indian,India,,Maharashtra?,,,,,,,,Musical Instruments,Chordophone-Lute-plucked-unfretted,,False,True,https://www.metmuseum.org/art/collection/search/500745,https://images.metmuseum.org/CRDImages/mi/original/MUS169A.JPG,0,,,
501444,Bue Balabala,Bue Balabala,late 19th century,,,,bamboo,"Longest pipe 6-3/4 in., Shortest 3 in.  (L.C. says, ""longest pipe 6-3/8 in., shortest 3-1/4 in."")","Melanesian (Aoba Island, Vanuatuan)",Vanuatu,,,,,,,,,,Musical Instruments,Aerophone-Blow Hole-panpipe,,False,True,https://www.metmuseum.org/art/collection/search/501444,https://images.metmuseum.org/CRDImages/mi/original/midp89.4.832.jpg,1,,,
501032,Goge,Goge,late 19th century,,,,"Gourd, hide, velvet, shells, brass tacks",23 5/8 × 10 5/8 × 4 3/4 in. (60 × 27 × 12 cm),Egyptian,Egypt,,,,,,,,,,Musical Instruments,Chordophone-Bowed,,False,True,https://www.metmuseum.org/art/collection/search/501032,https://images.metmuseum.org/CRDImages/mi/original/midp89.2.189.jpg,1,,,
501898,Sagat,Sagat (zils),late 19th century,,,,metal,Diam. 2 in.,Egyptian,Egypt,,,,,,,,,,Musical Instruments,Idiophone-Concussion,,False,True,https://www.metmuseum.org/art/collection/search/501898,https://images.metmuseum.org/CRDImages/mi/original/203608.jpg,0,,,
501439,Galeon Soniruka,Galeon Soniruka,late 19th century,,,,Bamboo,"Longest pipe 8-1/2 in., shortest 1-1/2 in.","Melanesian (Nggela Islands, Solomon Islands)",Solomon Islands,,,,,,,,,,Musical Instruments,Aerophone-Blow Hole-panpipe,,False,True,https://www.metmuseum.org/art/collection/search/501439,https://images.metmuseum.org/CRDImages/mi/original/MUS579A1 (2).jpg,1,,,
501665,Welsh Triple Harp,Welsh Triple Harp,ca. 1750,,,,"Wood, various materials.","Height:	extreme 198.5 cm.
	length of pillar 188.0 cm.,
	above soundboard 128.5 cm.
Soundboard:  resonating length 118.0 cm., greatest width 51.0 cm.;
Strings:	longest  168.0 cm.
	shortest 11.0 cm.
	c2          27.0 cm.",British (Welsh),United Kingdom,,Llanrwst,,John Richards,Maker,"British, Welsh",1711,1789,,Musical Instruments,Chordophone-Harp,"British (born Wales), Llanrwst 1711–1789",False,True,https://www.metmuseum.org/art/collection/search/501665,https://images.metmuseum.org/CRDImages/mi/original/DT267636.jpg,2,,,
502160,Handbell,Handbell,late 19th century,,,,"Ceramic, brass","Height of figure  193 mm, Diameter  119 mm, Weight  445 g",French,France,,,Men,,,,,,,Musical Instruments,Idiophone-Struck-bell-clapper,,False,True,https://www.metmuseum.org/art/collection/search/502160,https://images.metmuseum.org/CRDImages/mi/original/DP161930.jpg,3,,,
502123,Yokin,Yokin,19th century,,,,"wood, metal","L. 25-1/2 in.; W. 9""",Japanese,Japan,,,,,,,,,,Musical Instruments,Chordophone-Zither-plucked-long zither,,False,True,https://www.metmuseum.org/art/collection/search/502123,https://images.metmuseum.org/CRDImages/mi/original/MUS137A.jpg,0,,,
501944,Tabl Šamī,Tabl Šamī,late 19th century,,,,"pottery, skin",H. ±12.5 x Head diam. ±23.3cm (±4 15/16 x ±9 3/16in.),Moroccan,Morocco,,,,,,,,,,Musical Instruments,Membranophone-single-headed / kettle drum,,False,True,https://www.metmuseum.org/art/collection/search/501944,https://images.metmuseum.org/CRDImages/mi/original/midp89.4.1378.jpg,0,https://www.wikidata.org/wiki/Q116413007,,
501259,Pottery Flute,Pottery Flute,19th century,,,,clay,L. 170 mm.; W. 127 mm.; Thickness (greatest) 39 mm.; Wt. 39 mm.,Mexican,Mexico,,,,,,,,,,Musical Instruments,Aerophone-Whistle Flute-recorder,,False,True,https://www.metmuseum.org/art/collection/search/501259,https://images.metmuseum.org/CRDImages/mi/original/MUS800A8 (2).jpg,1,,,
501089,Timbila,Timbila,19th century,,,,"Wood, leather skin, and twine",85cm x 49cm x 14cm,Chopi people,Mozambique,,,,,,,,,,Musical Instruments,Idiophone-Struck-bar-wood,,False,True,https://www.metmuseum.org/art/collection/search/501089,https://images.metmuseum.org/CRDImages/mi/original/260501.jpg,1,,,
505724,Square Piano,Square Piano,Late 18th Century,,,,"Oak, ebony, bone, various materials.","Instr. 144cm x 54cm x 22cm
Legs 6cm x 6cm x 54.5cm (X4)",German,Germany,,Augsburg,,Ignace-Joseph Senft,Maker,German,,,,Musical Instruments,Chordophone-Zither-struck-piano,,False,True,https://www.metmuseum.org/art/collection/search/505724,https://images.metmuseum.org/CRDImages/mi/original/MUS1149.jpg,1,,,
503392,Clarinet in E-flat,Clarinet in E-flat,1830–60,,,,Wood,L. w/o cap: 49.2 cm (19-3/8 in.),American,United States,,Boston,,Henry H. Prentiss,Maker,American,1801-06-25,1860,,Musical Instruments,Aerophone-Reed Vibrated-single reed cylindrical,"American, Roxbury, Massachusetts 1801–1860 Boston",False,True,https://www.metmuseum.org/art/collection/search/503392,https://images.metmuseum.org/CRDImages/mi/original/1990.222.1.1(2014-10-3).jpg,2,,,
502377,Harpsichord,Harpsichord,ca. 1670,,,,"Wood, gilt, ebony, ivory, parchment","Harpsichord: 14 3/4 in. × 9 ft. 10 in. × 38 in. (37.5 × 299.7 × 96.5 cm)
Polyphemus: 50 × 60 × 52 in. (127 × 152.4 × 132.1 cm)
Galatea: 35 × 57 × 47 in. (88.9 × 144.8 × 119.4 cm)",Italian (Roman),Italy,,Rome,Triton|Galatea|Nymphs|Fish,Michele Todini,Designer,Italian,1616,1690,,Musical Instruments,Chordophone-Zither-plucked-harpsichord,"Italian, Saluzzo, Piedmont, bapt. 1616–1690, Rome",True,True,https://www.metmuseum.org/art/collection/search/502377,https://images.metmuseum.org/CRDImages/mi/original/DP204706a.jpg,1,https://www.wikidata.org/wiki/Q19947560,https://www.wikidata.org/wiki/Q20005928,(not assigned)
500875,Horn,Horn,late 19th century,,,,Ibex horn,L. 1 ft. 9 in.,Congolese,,Upper Congo,,,,,,,,,Musical Instruments,Aerophone-Lip Vibrated-horn,,False,True,https://www.metmuseum.org/art/collection/search/500875,https://images.metmuseum.org/CRDImages/mi/original/MUS513A.jpg,0,,,
501607,Double Zither,Double Zither,18th century (?),,,,"Wood, metal","L.  +/- 58 cm., Greatest width  30.8 cm, Depth of soundbox  5.4 cm., Sounding length of longest string  38 cm., Sounding length of shortest string  37.2 cm.",German,Germany,,Augsburg,,Andreas Giller,Maker,German,,,,Musical Instruments,Chordophone-Zither-plucked,,False,True,https://www.metmuseum.org/art/collection/search/501607,https://images.metmuseum.org/CRDImages/mi/original/MUS49A.jpg,0,,,
500953,Tanbūr,Tanbūr,late 19th century,,,,"mulberry, walnut, mother-of-pearl, camel bone, wire",85cm x 19cm x 18.5cm,Iranian (Persian),Iran (Persia),,,,,,,,,,Musical Instruments,Chordophone-Lute-plucked-fretted,,False,True,https://www.metmuseum.org/art/collection/search/500953,https://images.metmuseum.org/CRDImages/mi/original/midp89.4.326(1).jpg,6,,,
501216,Tsii' Edo' Ai (Apache Fiddle),Tsii' Edo' Ai,ca. 1887,,,,"Wood; sinew, horsehair, polychrome",a) Body: L.15 1/2 × Diam. 3 in. (39.4 × 7.6 cm); b) bow: L. 17 in. (43.2 cm),Native American (Apache),United States,Southwest,,,Lawrence Gotelay,Maker,,,,,Musical Instruments,Chordophone-Zither-bowed,,False,True,https://www.metmuseum.org/art/collection/search/501216,"https://images.metmuseum.org/CRDImages/mi/original/midp89.4.600a,b.jpg",3,https://www.wikidata.org/wiki/Q116412969,,
500600,Zhajiao,Zhajiao,19th century,,,,Metal,"Height: 32 in. (81.3 cm)
Diameter (Of bell): 5 1/2 in. (14 cm)",Chinese,China,,,,,,,,,,Musical Instruments,Aerophone-Lip Vibrated-trumpet / trombone,,False,True,https://www.metmuseum.org/art/collection/search/500600,https://images.metmuseum.org/CRDImages/mi/original/MUS489A1.jpg,1,,,
505662,Music Box,Music Box,ca. 1815,,,,Various materials,L. 6.7 cm (2 5/8 in.),French or Swiss,France,,,,,,,,,,Musical Instruments,Idiophone,,False,True,https://www.metmuseum.org/art/collection/search/505662,https://images.metmuseum.org/CRDImages/mi/original/210887.jpg,0,,,
505353,Bladder Pipe,Bladder Pipe,ca. 1875–89,,,,"Wood, leather, pig's bladder",Overall: 2.7 x 54.5cm (1 1/16 x 21 7/16in.),European,,,,,,,,,,,Musical Instruments,Aerophone-Reed Vibrated-double reed,,False,True,https://www.metmuseum.org/art/collection/search/505353,https://images.metmuseum.org/CRDImages/mi/original/202661.jpg,0,,,
500635,Dizi (笛子 ),Dizi,late 19th century,Qing dynasty (1644-1911),,,Bamboo,L.  10 1/4 in. (26 cm),Chinese,China,,,,,,,,,,Musical Instruments,Aerophone-Blow Hole-side-blown flute (transverse),,False,True,https://www.metmuseum.org/art/collection/search/500635,https://images.metmuseum.org/CRDImages/mi/original/midp89.4.62 a.jpg,3,https://www.wikidata.org/wiki/Q116412603,,
503898,Bentside Spinet,Bentside Spinet,1753,,,,Wood and various materials,"L. case  along spine (not including moulding): ca. 99 cm: (39 in.) 
D. case (not including lid): ca. 22.7 cm (9 in.)",British,England,,London,,John Crang,Maker,British,1710,1774,,Musical Instruments,Chordophone-Zither-plucked-spinet,"British, North Molton, Devon, England 1710–ca. 1774 London",False,True,https://www.metmuseum.org/art/collection/search/503898,https://images.metmuseum.org/CRDImages/mi/original/MI102.jpg,0,,,
501869,Harmonicor,Harmonicor,after 1859,,,,"Wood, metal ivory, horn","Length of tube  46.9 cm, Bell diameter  7.1 cm",French,France,,Paris,,Louis Jules Jaulin,Inventor,French,1861,1895,,Musical Instruments,Aerophone-Free Reed-harmonium,"French, active Paris 1861–ca. 1895",False,True,https://www.metmuseum.org/art/collection/search/501869,https://images.metmuseum.org/CRDImages/mi/original/MUS393A.JPG,0,,,
501057,Mijwiz (Meijiwiz),Mijwiz (Meijiwiz),late 19th century,,,,"Bamboo, waxed cord",Each pipe: L. 14 15/16 × ±11/16 in. (37.9 × ±1.8 cm),Syrian,Syria,,,,,,,,,,Musical Instruments,Aerophone-Reed Vibrated-single reed cylindrical,,False,True,https://www.metmuseum.org/art/collection/search/501057,https://images.metmuseum.org/CRDImages/mi/original/midp89.4.439 (2).jpg,2,,,
502208,Falconer's Horn,Falconer's Horn,18th century,,,,Ivory,11 7/8 × 1 3/8 × 1 3/8 in. (30.2 × 3.5 × 3.5 cm),German or British,Germany or England,,,,,,,,,,Musical Instruments,Aerophone-Lip Vibrated-horn,,False,True,https://www.metmuseum.org/art/collection/search/502208,https://images.metmuseum.org/CRDImages/mi/original/C13009 89.4.1645.jpg,3,https://www.wikidata.org/wiki/Q116235471,,
504920,"""Russian Bassoon"" (Bass Horn)","""Russian Bassoon"" (Bass Horn)",early 19th Century,,,,"wood, brass",L. 99.4cm (39 1/8in.); Bell diam. 26.5cm (10 7/16in.); L. butt section 38.5cm (15 3/16in.); L. wing section-protrudes 28.3cm (11 1/8in.); L. long section Protrudes 28.3cm (11 1/8in.); Crook L. ca. 78cm (30 11/16in.); Bell L. 37.4cm (14 3/4in.),probably French,France?,,,,,,,,,,Musical Instruments,Aerophone-Lip Vibrated-trumpet / trombone,,False,True,https://www.metmuseum.org/art/collection/search/504920,https://images.metmuseum.org/CRDImages/mi/original/DP249508.jpg,2,,,
500812,Khāēn,Khāēn,late 19th century,,,,"Wood, skin, iron",Height (Of longest pipe): 40 1/2 in. (102.9 cm); Height (Of shortest pipe): 29 in. (73.7 cm),Thai or Burmese,Thailand and Myanmar (formerly Burma),,,,,,,,,,Musical Instruments,Aerophone-Free Reed-harmonium,,False,True,https://www.metmuseum.org/art/collection/search/500812,https://images.metmuseum.org/CRDImages/mi/original/midp89.4.243.jpg,0,https://www.wikidata.org/wiki/Q116412860,,
501008,Riqq,Riqq,late 19th century,,,,"Wood, mother-of-pearl, bone, hide",H. ±2 9/16 × Diam.: Total  ±10 15/16 × Head ±9 in. (±6.5 × ±27.8 × ±22.8 cm),Syrian,Syria,,,,,,,,,,Musical Instruments,Membranophone-single-headed / frame drum,,False,True,https://www.metmuseum.org/art/collection/search/501008,https://images.metmuseum.org/CRDImages/mi/original/midp89.4.387 (2).jpg,3,,,
504778,Sopranino Cornopean in E-flat,Sopranino Cornopean in E-flat,ca. 1835,,,,Brass,Overall: 8.9 x 21.1cm (3 1/2 x 8 5/16in.),British,United Kingdom,,,,,,,,,,Musical Instruments,Aerophone-Lip Vibrated-horn,,False,True,https://www.metmuseum.org/art/collection/search/504778,https://images.metmuseum.org/CRDImages/mi/original/223003.jpg,0,,,
500583,Lo,Lo,19th century,,,,Metal,Diam: 30.5 cm (12 in.),Chinese,China,,,,,,,,,,Musical Instruments,Idiophone-Struck-gong,,False,True,https://www.metmuseum.org/art/collection/search/500583,https://images.metmuseum.org/CRDImages/mi/original/MUS728A.jpg,0,,,
500773,Vina,Vina,late 19th century,,,,"Wood, gourd",L. 137.2 cm (54 in.); Diam. 27.9 cm (11 in.),Indian (south),India,,,,,,,,,,Musical Instruments,Chordophone-Lute-plucked-fretted,,False,True,https://www.metmuseum.org/art/collection/search/500773,https://images.metmuseum.org/CRDImages/mi/original/MUS187A.jpg,0,,,
504602,Square Piano,Square Piano,1822–24,,,,"Wood, various materials.","Case L.: (perpendicular to keyboard); 66 cm (26 in.); Case W. (parallel to keyboard); 169.3 cm (66-3/4 in.); Case D. without lid: 25.6 cm (10-1/8 in.); Total H. 86.7 cm (34-1/8 in.) 
Case w/o legs: 27 cm (legs are removed)",American,United States,,Boston,,Alpheus Babcock,Maker,American,1785,1842,,Musical Instruments,Chordophone-Zither-struck-piano,Maine 1785–1842 Boston,False,True,https://www.metmuseum.org/art/collection/search/504602,https://images.metmuseum.org/CRDImages/mi/original/185145.jpg,4,,https://www.wikidata.org/wiki/Q2542217,http://vocab.getty.edu/page/ulan/500092084
502954,Pottery Whistle,Pottery Whistle,ca. 800–1525,Pre-Columbian,,,Pottery,17cm x  5cm x 8.5cm,Costa Rican,Costa Rica,Diquis Region,,Animals,,,,,,,Musical Instruments,Aerophone-Whistle Flute-whistle,,False,True,https://www.metmuseum.org/art/collection/search/502954,https://images.metmuseum.org/CRDImages/mi/original/MUS800A20.jpg,1,,,
502546,Rattle,Rattle,19th century,Native American,,,"bladder, hide, beads, horsehair",Diam. of head 6.4 x L. 21.6cm (2 1/2 x 8 1/2in.),Native American (Apache),United States,,,,,,,,,,Musical Instruments,Idiophone-Shaken-rattle,,False,True,https://www.metmuseum.org/art/collection/search/502546,https://images.metmuseum.org/CRDImages/mi/original/midp89.4.1967.jpg,4,https://www.wikidata.org/wiki/Q116413038,,
501417,Pahu Hula (drum),Pahu Hula (drum),19th century,,,,"Coconut wood, shark skin",H. 18 × Diam. 11 in. (45.7 × 27.9 cm),Hawai'i,United States,,,,,,,,,,Musical Instruments,Membranophone-single-headed / cylindrical drum,,False,True,https://www.metmuseum.org/art/collection/search/501417,https://images.metmuseum.org/CRDImages/mi/original/midp89.4.805.jpg,1,,,
500598,Haidi (海笛 ),Haidi,19th century,Qing dynasty (1644-1911),,,"Rosewood, brass.",L. 12 9/16 × Diam. (bell) 3 9/16 in. (31.9 × 9 cm),Chinese,China,,Beijing,,,,,,,,Musical Instruments,Aerophone-Reed Vibrated-double reed,,False,True,https://www.metmuseum.org/art/collection/search/500598,https://images.metmuseum.org/CRDImages/mi/original/202364.jpg,1,,,
505110,Gheṇṭa (prayer bell),Gheṇṭa (prayer bell),11th century,Eastern Javanese,,,Bronze,"5 7/8 × 2 3/4 × 2 3/4 in., 5oz. (14.9 × 7 × 7 cm, 141.764g)",Javanese,Indonesia,,,,,,,,,,Musical Instruments,Idiophone-Struck-bell-clapper,,False,True,https://www.metmuseum.org/art/collection/search/505110,https://images.metmuseum.org/CRDImages/mi/original/80066.jpg,0,https://www.wikidata.org/wiki/Q116252868,,
501674,Zampogna,Zampogna,0,18th century,,,"Wood, metal",,Italian,Italy,,,,,,,,,,Musical Instruments,Aerophone-Reed Vibrated-bagpipe,,False,True,https://www.metmuseum.org/art/collection/search/501674,https://images.metmuseum.org/CRDImages/mi/original/89.4.1096 Zampogna.jpg,1,,,
505679,Flageolet,Flageolet,ca. 1835,,,,"Boxwood, ivory, silver",L.: 54.1 cm (21-5/16 in.),British,United Kingdom,,London,,John Simpson,Maker,British,,,,Musical Instruments,Aerophone-Whistle Flute-flageolet,,False,True,https://www.metmuseum.org/art/collection/search/505679,https://images.metmuseum.org/CRDImages/mi/original/190936.jpg,0,,,
500560,Bentside Spinet,Bentside Spinet,ca. 1700,,,,"Wood, various materials","Spine: 186.1 cm (73-1/4 in.) 
Widest point perpendicular to spine:  67.9 cm (26-3/4 in.) 
Depth: 18.5 cm (7-5/16 in.) 
Stand measurements: 100cm x 53cm x 59cm",British,United Kingdom,,London,,Thomas Hitchcock,Maker,British,1685,1733,,Musical Instruments,Chordophone-Zither-plucked-harpsichord,"British, London ca. 1685–after 1733 London",False,True,https://www.metmuseum.org/art/collection/search/500560,https://images.metmuseum.org/CRDImages/mi/original/82862.jpg,2,,,http://vocab.getty.edu/page/ulan/500405967
501056,Düdük,Düdük,late 19th century,,,,"Wood, horn?",L. 16 × Cap Diam. 1 1/8 × Tube Diam. 13/16 - 5/8 in. (40.6 × 2.8 × 2.1 - 1.6 cm),Turkish,Turkey,,,,,,,,,,Musical Instruments,Aerophone-Blow Hole-end-blown flute (vertical),,False,True,https://www.metmuseum.org/art/collection/search/501056,https://images.metmuseum.org/CRDImages/mi/original/midp89.4.438.jpg,4,,,
504534,Clavichord,Clavichord,mid-18th century,,,,Various materials,"Length (perpendicular to keyboard - excluding molding): 34.4 cm
Length (perpendicular to keyboard - including molding): 35.5 cm
Width (parallel to keyboard - excluding molding): 112.2 cm
Width (paralell to keyboard - including moldings): 114.7 cm
Depth (excluding lid): 7.8 cm",German,Germany,,,,,,,,,,Musical Instruments,Chordophone-Zither-struck-clavichord,,False,True,https://www.metmuseum.org/art/collection/search/504534,https://images.metmuseum.org/CRDImages/mi/original/MUS896A.jpg,1,,,
504810,Zanguleh (zangula),Zanguleh (zangula),late 19th Century,,,,Metal,"Overall: H. ±4 15/16 x W. ±2 13/16 x D. ±2 5/16 in. (±12.6 x ±7.2 x  ±5.9 cm)
See measurement photo for specific measurements",Iranian (Persian),Iran,,,,,,,,,,Musical Instruments,Idiophone-Struck-bell-clapper,,False,True,https://www.metmuseum.org/art/collection/search/504810,https://images.metmuseum.org/CRDImages/mi/original/midp89.4.2441.jpg,2,,,
501566,Division Viol,Division Viol,ca. 1720,,,,"Wood, ivory, tortoise shell","Body length:  64.7 cm.
Body width:  upper bout  29.1 cm.
	    center bout 22.3 cm.
	    lower bout 36.2 cm.
Rib height:   top block    7.7 cm.
	   center bout 11.9 cm.
	   bottom block  11.9 cm
String length:  61.0 cm.",German,Germany,,,,School of Tielke,Maker,,,,,Musical Instruments,Chordophone-Lute-bowed-fretted,,False,True,https://www.metmuseum.org/art/collection/search/501566,https://images.metmuseum.org/CRDImages/mi/original/DP163298.jpg,3,,,
503899,Hooked Harp,Hooked Harp,18th century,,,,"Maple, various materials","Height (at highest): 55 1/8 in. (140 cm)
Width: 9 1/4 in. (23.5 cm)",Austrian,Austria,,,,,,,,,,Musical Instruments,Chordophone-Harp,,False,True,https://www.metmuseum.org/art/collection/search/503899,https://images.metmuseum.org/CRDImages/mi/original/167154.jpg,4,https://www.wikidata.org/wiki/Q116256756,,
501312,Bark Trumpet / Moose Call,Bark Trumpet / Moose Call,19th century,,,,"birch bark, cord",Greatest Diam. 15.8 x L. 52cm (6 1/4 x 20 1/2in.),Native American (Mi’kmaq),Canada,,Restigouche,,,,,,,,Musical Instruments,Aerophone-Lip Vibrated-trumpet / trombone,,False,True,https://www.metmuseum.org/art/collection/search/501312,https://images.metmuseum.org/CRDImages/mi/original/C5089 89.4.696.jpg,0,,,
505283,Guitar,Guitar,1694,,,,"Wood, ivory, ebony",Total Length: 866 mm,French Parisian,France,,Paris,,Robert Chéron,Artist,French,1600,1700,,Musical Instruments,Chordophone-Lute-plucked-fretted,"French, 17th century",False,True,https://www.metmuseum.org/art/collection/search/505283,https://images.metmuseum.org/CRDImages/mi/original/C1669 46.34.73 frnt.jpg,4,,,
502891,Pottery Whistle,Pottery Whistle,before 1599?,,,,Clay,L. 4.8 cm.; D. 3 cm.; W. 2.8 cm.; Wt. 14 g.,Mexican,Mexico,,,,,,,,,,Musical Instruments,Aerophone-Whistle Flute-whistle,,False,True,https://www.metmuseum.org/art/collection/search/502891,https://images.metmuseum.org/CRDImages/mi/original/DP157379.jpg,0,,,
502018,Kurtar,Kurtar,late 19th century,,,,"Wood, brass","L. 16 in., W. 2-1/2 in., Diam. of metal discs 1-3/4 in. (L. of each 41.6 cm, W. of each +/-2.5 cm. --Richard Campbell, '80)",Indian,India,,,,,,,,,,Musical Instruments,Idiophone-Concussion,,False,True,https://www.metmuseum.org/art/collection/search/502018,"https://images.metmuseum.org/CRDImages/mi/original/midp89.4.1452a,b.jpg",0,,,
501775,"Square ""Work Box"" Piano","Square ""Work Box"" Piano",first quarter 19th century,,,,Various materials,"Case Length (perpendicular to keyboard): 42 cm
Width (parallel to keyboard): 72.5 cm
Case depth (without lid): 17 cm
Total height: 84 cm",Austrian or German,Austria or Germany,,,,S. Hart & Son,Retailer,American,1828,1840,,Musical Instruments,Chordophone-Zither-struck-piano,"Philadelphia, Pennsylvania 1828–1840",False,True,https://www.metmuseum.org/art/collection/search/501775,https://images.metmuseum.org/CRDImages/mi/original/129579.jpg,4,,,
501177,Kelyaut (frame drum),Kelyaut (frame drum),19th century,Native American,,,"Willow wood, various materials",Depth: 2.5 cm (1 in.); Max. Diam.: 41.5 cm (16-5/16 in.); Head Diam.: 41.5 cm (16-5/16 in.),"Native American (Inuit,   Iñupiaq probably)",United States,,Point Barrow (Nuvuk),,Northern Alaskan Eskimo; Family: Eskimavan,Maker,,,,,Musical Instruments,Membranophone-single-headed / frame drum,,False,True,https://www.metmuseum.org/art/collection/search/501177,https://images.metmuseum.org/CRDImages/mi/original/midp89.4.561.jpg,7,,,
502312,Rattle,Rattle,late 19th century,,,,"Metal, wood",L. 1 ft. 10-1/2 in.,Africa (northern),,,,,,,,,,,Musical Instruments,Idiophone-Shaken-rattle,,False,True,https://www.metmuseum.org/art/collection/search/502312,https://images.metmuseum.org/CRDImages/mi/original/203737.jpg,0,,,
501656,Harp Lyre,Harp Lyre,19th century,,,,"Wood, various materials","Height:  extreme=90.0 cm., pillar=59.5 cm.; Soundboard:  resonating length= 39.0 cm., greatest width= 44.0 cm.,
Strings: (sounding length):	longest  77.5 cm.
			shortest 17.0 cm.
			c2          27.0 cm.",French,France,,,,Pfeiffer & Brimmeyr,Maker,,,,,Musical Instruments,Chordophone,,False,True,https://www.metmuseum.org/art/collection/search/501656,https://images.metmuseum.org/CRDImages/mi/original/MUS266A.jpg,0,,,
501471,Cornemuse,Cornemuse,0,19th century,,,"wood, sheep or goatskin, pewter",,French,France,,,,,,,,,,Musical Instruments,Aerophone-Reed Vibrated-bagpipe,,False,True,https://www.metmuseum.org/art/collection/search/501471,https://images.metmuseum.org/CRDImages/mi/original/89.4.860 Cornemuse full on side.jpg,3,,,
504675,French Horn in F,French Horn in F,1862–70,,,,"Brass, nickel-silver","16 1/8 × 22 × 11 5/16 in. (41 × 55.9 × 28.7 cm)
Diameter (Of bell): 11 3/16 in. (28.4 cm)",American or German,Germany,,,,J. L. Allen?,Maker,American or German,,,,Musical Instruments,Aerophone-Lip Vibrated,,False,True,https://www.metmuseum.org/art/collection/search/504675,https://images.metmuseum.org/CRDImages/mi/original/C5421 89.4.2198.jpg,3,,,
500618,Hu Chin,Hu Chin,19th century,,,,"Wood, python skin, various materials",L: 46.5 cm (18-5/16 in.); Diam. of belly: 5.1 cm (2 in.); Depth (front to back): 11.1 cm (4-3/8 in.) see diagram,Chinese,China,,Foshan,,Golden Tone Workshop,Maker,Chinese,1800,1900,,Musical Instruments,Chordophone-Lute-bowed-unfretted,,False,True,https://www.metmuseum.org/art/collection/search/500618,https://images.metmuseum.org/CRDImages/mi/original/202413.jpg,0,,,
503619,Clarinet in C,Clarinet in C,ca. 1800,,,,"Boxwood, ebony, silver, ivory",Length 61.6 cm (24 1/4 in.),French,France,,,,Unknown,Maker,,,,,Musical Instruments,Aerophone-Reed Vibrated-single reed cylindrical,,False,True,https://www.metmuseum.org/art/collection/search/503619,https://images.metmuseum.org/CRDImages/mi/original/2003.187.1(2014-10-10).jpg,2,,https://www.wikidata.org/wiki/Q24238356,http://vocab.getty.edu/page/ulan/500125274
504813,Zanguleh (zangula),Zanguleh (zangula),ca. 1850–89,,,,"Metal, wood","Overall  H. ±8.3 × W. ±4.4 × D. ±3.3 cm (±3 1/4 × ±1 3/4 × ±1 5/16 in.)
See measurement photo for specific measurments.",Iranian (Persian),Iran,,,,,,,,,,Musical Instruments,Idiophone-Struck-bell-clapper,,False,True,https://www.metmuseum.org/art/collection/search/504813,https://images.metmuseum.org/CRDImages/mi/original/211252.jpg,3,,,
501428,Eusunai,Eusunai,late 19th century,,,,"Coconut shell, wood, rattan","67cm x 11.5cm x 8.5cm
Bow: 72cm x 6.5cm x 1.5cm",Bornean,Borneo,,,,,,,,,,Musical Instruments,Chordophone,,False,True,https://www.metmuseum.org/art/collection/search/501428,https://images.metmuseum.org/CRDImages/mi/original/Mus156Aright.jpg,0,,,
500928,Sō Sām Sāi,Sō Sām Sāi,19th century,,,,"Coconut, skin, ivory, mother-of-pearl",42 1/4 × 9 3/4 × 2 1/2 in. (107.3 × 24.8 × 6.4 cm),Thai,Thailand,,,,,,,,,,Musical Instruments,Chordophone-Lute-bowed-unfretted,,True,True,https://www.metmuseum.org/art/collection/search/500928,https://images.metmuseum.org/CRDImages/mi/original/DP302694.jpg,1,https://www.wikidata.org/wiki/Q104413034,,
503843,Baritone Horn in B-flat,Baritone Horn in B-flat,mid-19th century,,,,"Brass, nickel-silver","Height: 36 in (91.5 cm)
Diameter (Of bell): 8 3/4 in. (22.3 cm)",American or German,Germany,,,,,,,,,,Musical Instruments,Aerophone-Lip Vibrated-horn,,False,True,https://www.metmuseum.org/art/collection/search/503843,https://images.metmuseum.org/CRDImages/mi/original/211787.jpg,1,,,
501912,Lyre Guitar,Lyre Guitar,late 19th century,,,,"Wood, metal","l. 1 ft. 11 in., W. 10-1/4 in.",French,France,,,,,,,,,,Musical Instruments,Chordophone-Lute-plucked-fretted,,False,True,https://www.metmuseum.org/art/collection/search/501912,https://images.metmuseum.org/CRDImages/mi/original/MUS42A.jpg,0,,,
628865,Banjo,Banjo,ca. 1845,,,,"Hardwood, calfskin, brass, iron","L. 34 1/2 × W. 11 × D. 3 1/4 in. (87.6 × 27.9 × 8.3 × 87.6 cm)
Head Diameter: 11 in. (27.9 cm)",American,United States,,Baltimore,,"William Esperance Boucher, Jr.",Maker,American,1822,1899,,Musical Instruments,Chordophone-Lute-plucked,"Hanover, Germany 1822–1899 Baltimore, Maryland",False,True,https://www.metmuseum.org/art/collection/search/628865,https://images.metmuseum.org/CRDImages/mi/original/DP317374.jpg,0,https://www.wikidata.org/wiki/Q116305466,,
504936,Harp,Harp,18th century,,,,Various materials,Overall height:  82.3 cm (32 3/8 in),French,France,,,,,,,,,,Musical Instruments,Chordophone-Harp,,False,True,https://www.metmuseum.org/art/collection/search/504936,https://images.metmuseum.org/CRDImages/mi/original/159210.jpg,0,,,
504008,Ocarina,Ocarina,1300–1550,Pre-Columbian,,,Ceramic,2 1/4 × 2 1/8 × 5 in. (5.7 × 5.4 × 12.7 cm),probably Colombian,Colombia?,,,,,,,,,,Musical Instruments,Aerophone-Blow Hole-vessel flute,,False,True,https://www.metmuseum.org/art/collection/search/504008,https://images.metmuseum.org/CRDImages/mi/original/271642.jpg,0,https://www.wikidata.org/wiki/Q116256536,,
501415,Putu,Putu,late 19th century,,,,Bamboo,"Longest pipe 70.8 cm (27-7/8 in.), Diam. 1.59 cm (5/8 in.);
Shortest 6.4 cm (2-1/2 in.), Diam. +/- .48 cm (3/16 in.)","Melanesian (Nggela Islands, Solomon Islands)",Solomon Islands,,,,,,,,,,Musical Instruments,Aerophone-Blow Hole-panpipe,,False,True,https://www.metmuseum.org/art/collection/search/501415,https://images.metmuseum.org/CRDImages/mi/original/226508.jpg,3,,,
503455,‘Gaillard’ Musette,‘Gaillard’ Musette,0,19th century,,,"Ivory, skin, cloth",Chanter: 25.7  cm  (10-1/8 in.) including tenon; Drone:19.1  cm  (7-1/2 in.) including tenon; Blowpipe:12.8  cm  (5-1/8 in.)  including tenon;  Bag: app. 22-3/4 cm (8-3/4 in.) across,French,France,,,,P. Gaillard,Maker,French,,,,Musical Instruments,Aerophone-Reed Vibrated-bagpipe,,False,True,https://www.metmuseum.org/art/collection/search/503455,https://images.metmuseum.org/CRDImages/mi/original/1994.296 full.jpg,2,,,
502026,Cattle Bell,Cattle Bell,19th century,,,,Metal,"Height 9.2 cm, Diameter +/- 7.4 cm x +/- 5.0 cm, Weight (including yoke) 349 g",British,United Kingdom,Oxfordshire,,,,,,,,,Musical Instruments,Idiophone-Struck-bell-clapper,,False,True,https://www.metmuseum.org/art/collection/search/502026,https://images.metmuseum.org/CRDImages/mi/original/MUS1106A2.jpg,0,,,
503682,Concertina,Concertina,1831–37,,,,"Rosewood, nickel-silver, leather, paper, ivory, tortoiseshell; case of mahogany",3 × 5 3/4 in. (7.6 × 14.6 cm),British,United Kingdom,,London,,Charles Wheatstone,Maker,British,1802,1875,,Musical Instruments,Aerophone-Free Reed-concertina / accordion,1802–1875,False,True,https://www.metmuseum.org/art/collection/search/503682,https://images.metmuseum.org/CRDImages/mi/original/MIDP2003.380(2).jpg,35,https://www.wikidata.org/wiki/Q116256843,https://www.wikidata.org/wiki/Q156942,http://vocab.getty.edu/page/ulan/500080851
502107,Caracasha (trumpet),Caracasha (trumpet),19th century,,,,"bamboo, basketry, oxhorn, fiber, rubber or resin",L. 23 × Tube diam. 1 × Bell Diam. 3 1/4 in. (58.4 × 2.5 × 8.3 cm),Native American (Brazilian: Lower Amazon),Brazil,,,,,,,,,,Musical Instruments,Aerophone-Lip Vibrated-trumpet / trombone,,False,True,https://www.metmuseum.org/art/collection/search/502107,https://images.metmuseum.org/CRDImages/mi/original/MUS563A21.jpg,0,,,
503791,Pochette,Pochette,1670s,,,,"Spruce, ebony, ivory, gut",17 3/8 × 1 9/16 × 1 11/16 in. (44.2 × 4 × 4.3 cm),German,Germany,,Augsburg,,Georg Wörle,Maker,German,,,,Musical Instruments,Chordophone-Lute-bowed-unfretted,,False,True,https://www.metmuseum.org/art/collection/search/503791,https://images.metmuseum.org/CRDImages/mi/original/DP224604.jpg,1,,,
504288,Upright (Giraffe) Piano,Upright (Giraffe) Piano,1810,,,,"Wood, various materials",Case L. (perpendicular to keyboard): 55.3 cm (21-7/8 in.;  W. parallel to keyboard): 115.8 cm (45-5/8 in.);H.: 199.5 cm (78-5/8 in.),Austrian,Austria,,,,Johann Jacob Könnicke,Maker,German,1756,1811,,Musical Instruments,Chordophone-Zither-struck-piano,"German, Orschleben, Brunswick 1756–1811 Vienna",False,True,https://www.metmuseum.org/art/collection/search/504288,https://images.metmuseum.org/CRDImages/mi/original/225363.jpg,0,,,http://vocab.getty.edu/page/ulan/500524717
502373,Zhajiao,Zhajiao,19th century,,,,Brass,"L. 38 1/2 × W. 7 × D. 10 1/2 in. (97.8 × 17.8 × 26.7 cm)
Diameter (Of bell):  7 in. (17.8 cm)",Chinese,China,,,,,,,,,,Musical Instruments,Aerophone-Lip Vibrated-trumpet / trombone,,False,True,https://www.metmuseum.org/art/collection/search/502373,https://images.metmuseum.org/CRDImages/mi/original/DP-12679-113.jpg,1,https://www.wikidata.org/wiki/Q116413035,,
501791,Clavicytherium,Clavicytherium,early 17th century,,,,Wood and various materials,"D. 32.5 cm 
W. 70.5 cm 
H. 170.0 plus stand (73.0) = 243.0 cm,",Italian,Italy,,,Musical Instruments|Men|Women,Unknown,Maker,,,,,Musical Instruments,Chordophone-Zither-plucked-harpsichord,,False,True,https://www.metmuseum.org/art/collection/search/501791,https://images.metmuseum.org/CRDImages/mi/original/D2268 89.4.1224 open.jpg,3,,https://www.wikidata.org/wiki/Q24238356,http://vocab.getty.edu/page/ulan/500125274
502951,Pottery Whistle,Pottery Whistle,date uncertain,,,,Clay,H: 65mm; W: 60mm; D:36mm; Wt: 48g.,Mexican,Mexico,,Oaxaca,Heads,,,,,,,Musical Instruments,Aerophone-Whistle Flute-whistle,,False,True,https://www.metmuseum.org/art/collection/search/502951,https://images.metmuseum.org/CRDImages/mi/original/DP160878.jpg,0,,,
503049,Pianoforte,Pianoforte,1794–1802,,,,"Wood case veneered with cherry wood,  various materials","Instr.:215cm x 98cm x 29cm (also with pieces)
Legs: 8cm x 8cm x 64cm",Austrian,Austria,,Vienna,Men|Women,"Stein, Frere et Soeur",Maker,,,,,Musical Instruments,Chordophone-Zither-struck-piano,,False,True,https://www.metmuseum.org/art/collection/search/503049,https://images.metmuseum.org/CRDImages/mi/original/182461.jpg,1,,,
504247,"Violoncello or ""Yankee Church Bass""","Violoncello or ""Yankee Church Bass""",1807,,,,Wood,"Body length: 74 cm
Total length: 120 cm",American,United States,,Medway,,William Green,Maker,American,1798,1825,,Musical Instruments,Chordophone-Bowed,"American, Medway, Massachusetts, active 1798–d. 1825 Medway Massachusetts",False,True,https://www.metmuseum.org/art/collection/search/504247,https://images.metmuseum.org/CRDImages/mi/original/231778.jpg,2,,,
501098,Ngonge,Ngonge,late 19th century,,,,Wood,H. 10.2 cm (4 in.); W. 8.9 cm ( 3-1/2 in.,Central African,Congo,,,,,,,,,,Musical Instruments,Idiophone-Struck-bell-clapper,,False,True,https://www.metmuseum.org/art/collection/search/501098,https://images.metmuseum.org/CRDImages/mi/original/MUS777Left.jpg,0,,,
501929,Ṭab'l Sāmī,Ṭab'l Sāmī,late 19th century,,,,"metal, hide, cord",H. ±6 1/8 ×Diam.: Head ±9 1/16 - Base ±4 3/4 in. (±15.5 × ±23 - ±12 cm),probably Egyptian,Egypt?,,,,,,,,,,Musical Instruments,Membranophone-single-headed / kettle drum,,False,True,https://www.metmuseum.org/art/collection/search/501929,https://images.metmuseum.org/CRDImages/mi/original/midp89.4.1363.jpg,1,,,
503277,Tyamko,Tyamko,19th century,,,,"Wood, brass",Diam. ca.9.1 cm (3-9/16 in.) ; D. 11.6 cm (4-9/16 in.),Nepalese,Nepal,,,,,,,,,,Musical Instruments,Membranophone-single-headed / kettle drum,,False,True,https://www.metmuseum.org/art/collection/search/503277,https://images.metmuseum.org/CRDImages/mi/original/DP-32453-002.jpg,2,,,
502277,Whistling Jar,Whistling Jar,ca. 1000–1476,Pre-Columbian: Lambayeque Valley,,,"Pottery, paint","H. 9 3/16 × Diam. 7 1/4 in., Wtg. 1.6 lb. (23.3 × 18.4 cm, 732g)",Peruvian,Peru,,,Human Figures,,,,,,,Musical Instruments,Aerophone-Blow Hole-vessel flute,,False,True,https://www.metmuseum.org/art/collection/search/502277,https://images.metmuseum.org/CRDImages/mi/original/89_4_1714.jpg,1,https://www.wikidata.org/wiki/Q116413030,,
501257,Pottery Whistle and Rattle,Pottery Whistle and Rattle,19th century,,,,clay (blackware),H. 169 mm.; W. 74 mm.; D. 93 mm.; Wt. 399 g.,Mexican,Mexico,,,,,,,,,,Musical Instruments,Aerophone and Idiophone-flue blown / vessel rattle,,False,True,https://www.metmuseum.org/art/collection/search/501257,https://images.metmuseum.org/CRDImages/mi/original/MIDP89.4.641.jpg,1,,,
501981,Bell,Bell,late 19th century,,,,"Brass containing tin(bell), brass (figure)","H. 7 in., Diam. 4 in.",Indian,India,,,Human Figures,,,,,,,Musical Instruments,Idiophone-Struck-bell-without clapper,,False,True,https://www.metmuseum.org/art/collection/search/501981,https://images.metmuseum.org/CRDImages/mi/original/159472.jpg,0,,,
502199,Bass Clarinet,Bass Clarinet,ca. 1840,,,,"Wood, nickel-silver, brass","L. end to end: 845 mm; Diam of bell 155mm; L. of tube, ±1733 mm; mouthpiece 110 mm; crook ±210 mm; upper r.h. (wing) section excl. tenon, ±317mm; butt ±245mm; upper l.h. (long) excl. tenon ±460mm; bell 153mm",Italian,Italy,,Milan?,,Paolo Maino,Maker,Italian,1836,1881,,Musical Instruments,Aerophone-Reed Vibrated-single reed cylindrical,"Italian, Milan active 1836–1881 Milan",False,True,https://www.metmuseum.org/art/collection/search/502199,https://images.metmuseum.org/CRDImages/mi/original/MUS315A1.JPG,1,,,
501653,Lyre Guitar,Lyre Guitar,ca. 1840,,,,"Wood, mother-of-pearl, gut, metal wound on silk","L. 36 in.
L. of fingerboard (nut to base) 39.8 cm
W. of fingerboard at base 5.9 cm
L. of body 43. cm
W. of body at widest 33.1 cm
D. of body at neck 7.2 cm, at foot 9.2 cm
L. of Strings vibrating 65.1 cm
Diam. of soundhole +/- 6cm",French,France,,,,Joseph-Louis Germain,Maker,French,1822,1870,,Musical Instruments,Chordophone-Lute-plucked-fretted,"French, Mirecourt 1822–1870 Mirecourt",False,True,https://www.metmuseum.org/art/collection/search/501653,https://images.metmuseum.org/CRDImages/mi/original/21189.jpg,0,,,
503155,Guitar,Guitar,late 17th century,,,,"Spruce, ebony, fruitwood, bone, ivory, mother-of-pearl, parchment","Height: 35 11/16 in. (90.7 cm)
Width (at greatest point): 9 1/2 in. (24.1 cm)
Depth (rib height at bottom): 3 11/16 in. (9.4 cm)",Italian,Italy,,Rome,,Giacomo (Jacob) Ertel,Maker,German,1646,1711,,Musical Instruments,Chordophone-Lute-plucked-fretted,"German, ca. 1646–1711 Rome",True,True,https://www.metmuseum.org/art/collection/search/503155,https://images.metmuseum.org/CRDImages/mi/original/DT1109a.jpg,8,https://www.wikidata.org/wiki/Q29385598,,http://vocab.getty.edu/page/ulan/500331808
505020,Welsh Triple Harp,Welsh Triple Harp,18th century (?),,,,"Wood, various materials",Soundboard - Resonating length: 112 cm (44-1/8 in.); Greatest width: 48 cm (19 in.),British (Welsh),United Kingdom,,,,,,,,,,Musical Instruments,Chordophone-Harp,,False,True,https://www.metmuseum.org/art/collection/search/505020,https://images.metmuseum.org/CRDImages/mi/original/MUS1662.jpg,0,,,
502364,Trompe de Chasse in C,Trompe de Chasse in C,1759–69,,,,Brass,"Height (Perpendicular to bell): 12 1/2 in. (31.8 cm)
Diameter (Of bell): 9 1/2 in. (24.1 cm)",French,France,,Paris,,Joseph Raoux,Maker,French,1725,1800,,Musical Instruments,Aerophone-Lip Vibrated-horn,"French, Paris ca. 1725–1800",False,True,https://www.metmuseum.org/art/collection/search/502364,https://images.metmuseum.org/CRDImages/mi/original/DP-12679-047.jpg,2,https://www.wikidata.org/wiki/Q116241463,,
500726,Danso,Danso,19th century,,,,Bamboo,L. 44.4 cm (17-7/16 in.); Diam. 1.7 cm (11/16 in.); Diam. of bore: 1.1 cm (7/16 in.),Korean,Korea,,,,,,,,,,Musical Instruments,Aerophone-Blow Hole-end-blown flute (vertical),,False,True,https://www.metmuseum.org/art/collection/search/500726,https://images.metmuseum.org/CRDImages/mi/original/midp89.4.144 (a).jpg,1,,,
504940,Cow bell,Cow bell,ca. 1850–89,,,,"Brass plated iron, leather",Overall: 19.7 x 9.5cm (7 3/4 x 3 3/4in.),German,Germany,,,,,,,,,,Musical Instruments,Idiophone-Struck-bell-clapper,,False,True,https://www.metmuseum.org/art/collection/search/504940,https://images.metmuseum.org/CRDImages/mi/original/MUS690A2.jpg,0,,,
502500,Qanbus,Qanbus,late 19th century,,,,Wood,76cm x 11cm x 9cm,,,,,,,,,,,,Musical Instruments,Chordophone-Lute-plucked-unfretted,,False,True,https://www.metmuseum.org/art/collection/search/502500,https://images.metmuseum.org/CRDImages/mi/original/206346.jpg,0,,,
505459,Violoncello,Violoncello,18th century,,,,"Wood, metal",Total L.: 124 cm (48-7/8 in.)incl. retracted endpin; Body L.: 72.5 cm (28-5/8 in.); Greatest W. : 42.3 cm (16-3/4 in.),Austrian,Austria,,,,,,,,,,Musical Instruments,Chordophone-Lute-bowed-unfretted,,False,True,https://www.metmuseum.org/art/collection/search/505459,https://images.metmuseum.org/CRDImages/mi/original/234311.jpg,0,,,
501870,Pi Nai,Pi Nai,late 19th century,,,,Wood,"Height: 16 in. (40.6 cm)
Diameter: 1 1/2 in. (3.8 cm)",Thai,Thailand,,,,,,,,,,Musical Instruments,Aerophone-Reed Vibrated-double reed,,False,True,https://www.metmuseum.org/art/collection/search/501870,https://images.metmuseum.org/CRDImages/mi/original/midp89.4.1304.jpg,0,,,
500679,"""Japanese Fiddle""","""Japanese Fiddle""",19th century,,,,Wood,Overall: 87.5cm (34 7/16in.); Other (Body): 18.7cm (7 3/8in.),American,United States,,,,,,,,,,Musical Instruments,Chordophone-Lute-plucked-unfretted,,False,True,https://www.metmuseum.org/art/collection/search/500679,https://images.metmuseum.org/CRDImages/mi/original/MUS142A.jpg,0,,,
501283,Kelyaut  (frame drum),Kelyaut  or Qilaut  (frame drum),late 19th century,,,,"whale bone, skin",D. 14.6 x Diam. 22.2 x Handle 5.1cm (5 3/4 x 8 3/4 x 2in.),Native American (Inuit),Greenland,Arctic,,,,,,,,,Musical Instruments,Membranophone-single-headed / frame drum,,False,True,https://www.metmuseum.org/art/collection/search/501283,https://images.metmuseum.org/CRDImages/mi/original/midp89.4.667.jpg,4,,,
501913,Panpipes,Panpipes,19th century,,,,"Cane or bamboo, twine","I= 11.2 cm, II= 9.8 cm, III= 8.7 cm, IV= 7.7 cm, V= 7.2 cm, VI= 6.9 cm, VII= 5.7 cm",American,United States,,,,,,,,,,Musical Instruments,Aerophone-Blow Hole-panpipe,,False,True,https://www.metmuseum.org/art/collection/search/501913,https://images.metmuseum.org/CRDImages/mi/original/89.4.1347 slide.jpg,1,,,
502283,Pocketbook-shaped rattle,Pocketbook-shaped rattle,18th century (?),,,,Metal,"4 13/16 × 1 15/16 × 2 15/16 in., 11.216oz. (12.3 × 5 × 7.4 cm, 318g)","Bakwe, Grebo or Kru people",Liberia-Côte d'Ivoire (Ivory Coast) border,,,,,,,,,,Musical Instruments,Idiophone-Struck-bell-clapper,,False,True,https://www.metmuseum.org/art/collection/search/502283,https://images.metmuseum.org/CRDImages/mi/original/MUS695A2.JPG,1,,,
502271,Cattle Bell,Cattle Bell,19th century,,,,Metal,"Height  21.0 cm, Diameter  +/- 9.0 cm, Weight 1263 g (including yoke)",Austrian,Austria,,,,,,,,,,Musical Instruments,Idiophone-Struck-bell-clapper,,False,True,https://www.metmuseum.org/art/collection/search/502271,https://images.metmuseum.org/CRDImages/mi/original/MUS719A1.jpg,0,,,
502516,Bell,Bell,100 BC–200 AD?,,,,bronze,"Height 38, Diameter 27, Weight 36 g",Italian (Ancient Roman),Italy,,Rome ?,,,,,,,,Musical Instruments,Idiophone-Struck-bell-clapper,,False,True,https://www.metmuseum.org/art/collection/search/502516,https://images.metmuseum.org/CRDImages/mi/original/208678.jpg,1,,,
500969,Zukra,Zukra,19th century,,,,"Cane, horn, bone, kidskin, wood","Cylindrical bores: protruding - L. 9.6 cm (3-3/4 in.), including bell - L.15 cm (6 in.); Cylindrical wooden stock: protruding - L. 12.8 cm (5-1/8 in.)",Northern African,,,,,,,,,,,Musical Instruments,Aerophone-Reed Vibrated-bagpipe,,False,True,https://www.metmuseum.org/art/collection/search/500969,https://images.metmuseum.org/CRDImages/mi/original/-89.4.343 D32A0007-edited.jpg,2,,,
500831,Walet-hkok,Walet-hkok (clapper),late 19th century,,,,Bamboo,84.5cm x 6cm x 6cm,Burmese,Myanmar (formerly Burma),,,,,,,,,,Musical Instruments,Idiophone-Concussion,,False,True,https://www.metmuseum.org/art/collection/search/500831,https://images.metmuseum.org/CRDImages/mi/original/midp89.4.262 (1).jpg,0,,,
501183,Lute,Lute,19th century,,,,"wood, sinew, paint","Body: L. 52.1 x W. 12.9 x D. 9.9cm (20 1/2 x 5 1/16 x 3 7/8 in.)
See measurements diagram",Native American (Yakutat Tlingit),United States,,,,,,,,,,Musical Instruments,Chordophone-Lute,,False,True,https://www.metmuseum.org/art/collection/search/501183,https://images.metmuseum.org/CRDImages/mi/original/midp89.4.567.jpg,5,,,
502234,Hautbois de Poitou,Hautbois de Poitou,18th or 19th century,,,,"Wood, ivory","Length  387 mm, Diameter of bell 49 mm, Length of body 295 mm, Length of reedcap  107 mm",French,France,,,,,,,,,,Musical Instruments,Aerophone-Reed Vibrated-double reed,,False,True,https://www.metmuseum.org/art/collection/search/502234,https://images.metmuseum.org/CRDImages/mi/original/MUS328A5.jpg,3,,,
503725,Cog Rattle,Cog Rattle,15th or 16th century,,,,Wood,11 × 9 1/8 × 2 3/8 in. (27.9 × 23.2 × 6 cm),French,France,,,,,,,,,,Musical Instruments,Idiophone-Scraped,,False,True,https://www.metmuseum.org/art/collection/search/503725,https://images.metmuseum.org/CRDImages/mi/original/DP302663.jpg,0,https://www.wikidata.org/wiki/Q116256828,,
501500,English Horn in F,English Horn in F,1832,,,,"Wood, ivory, leather, horn","L. +/- 780 mm, Diam. of bell 50 mm, Upper section +/-333 mm, Lower section +/-352 mm, Foot 144 mm.",Italian (Venice),Italy,,Venice,,Andrea Fornari,Maker,Italian,1753,1841,,Musical Instruments,Aerophone-Reed Vibrated-double reed,"Italian, Venice 1753–1841 Venice",False,True,https://www.metmuseum.org/art/collection/search/501500,https://images.metmuseum.org/CRDImages/mi/original/C1887 89.4.889.jpg,1,,,http://vocab.getty.edu/page/ulan/500524204
503009,Violin Bow,Violin Bow,early 19th century,,,,"Pernambuco, whalebone, ivory, ebony, silver, mother-of-pearl, horsehair","Length of stick: 72.6 cm (28-11/16 in.) 
Length of hair: 64.3 cm (25-1/2 in.)
Weight: 54.3 grams",French,France,,,,,,,,,,Musical Instruments,Chordophone-Accessories-bow,,False,True,https://www.metmuseum.org/art/collection/search/503009,https://images.metmuseum.org/CRDImages/mi/original/34.86.1b full view.jpg,2,,,
501574,Pochette,Pochette,early 18th century,,,,"Wood, ivory",14 3/4 × 3 3/4 × 1 3/4 in. (37.5 × 9.5 × 4.4 cm),possibly French,France?,,,,,,,,,,Musical Instruments,Chordophone-Lute-bowed-unfretted,,False,True,https://www.metmuseum.org/art/collection/search/501574,https://images.metmuseum.org/CRDImages/mi/original/MUS93A1.jpg,0,https://www.wikidata.org/wiki/Q116273636,,
506045,Galoubet,Galoubet,ca. 1770,,,,"Ivory, leather","11 × 3/4 × 3/4 in. (27.9 × 1.9 × 1.9 cm)
Length (a): 2 1/4 in. (5.7 cm)
Length (b): 2 1/2 in. (6.4 cm)
Length (c): 2 3/4 in. (7 cm)
Length (d): 2 7/8 in. (7.3 cm)
Length (e): 3 1/8 in. (7.9 cm)
Length (f): 5 1/4 in. (13.3 cm)",French,France,,Paris,,Gilles Lot,Maker,French,1721,1775,,Musical Instruments,Aerophone,"French, La Couture 1721–1775 Paris",False,True,https://www.metmuseum.org/art/collection/search/506045,https://images.metmuseum.org/CRDImages/mi/original/DP167865.jpg,0,https://www.wikidata.org/wiki/Q116252590,,
500964,Kemangeh,Kemangeh,late 19th century,,,,"Wood, bone, metal, fish skin","Kemangeh: H.  ±35 1/8 × Diam.  ±7 1/2 × D.  7 1/2 In. (±89.2 × ±19 × 19)
Bow:  24 15/16 × ±1 in. ( 63.4 × ±2.5 cm)",Turkish,Turkey,,,,,,,,,,Musical Instruments,Chordophone-Lute-bowed-unfretted,,False,True,https://www.metmuseum.org/art/collection/search/500964,https://images.metmuseum.org/CRDImages/mi/original/midp89.4.337.jpg,3,,,
503385,Guitar,Guitar,ca. 1630–50,,,,"Spruce, bone, parchment, snakewood, ivory",37 7/8 × 10 1/2 × 4 in. (96.2 × 26.7 × 10.2 cm),Italian,Italy,,Venice,,Matteo Sellas,Maker,"German, active Italy",1599,1654,,Musical Instruments,Chordophone-Lute-plucked-fretted,"German, Füssen ca. 1599–1654 Venice",True,True,https://www.metmuseum.org/art/collection/search/503385,https://images.metmuseum.org/CRDImages/mi/original/DP302553.jpg,8,https://www.wikidata.org/wiki/Q29385611,https://www.wikidata.org/wiki/Q21081379,http://vocab.getty.edu/page/ulan/500331516
501490,Duct Flute,Duct Flute,late 19th century,,,,cane,L. 220 mm,Italian,Italy,,,,,,,,,,Musical Instruments,Aerophone-Blow Hole-end-blown flute (vertical),,False,True,https://www.metmuseum.org/art/collection/search/501490,https://images.metmuseum.org/CRDImages/mi/original/MUS301A5.jpg,1,,,
501988,Sopranino Clarinet in G,Sopranino Clarinet in G,ca. 1890,,,,"pewter, nickel-silver","Length 420 mm, Bell diameter 45 mm",French,France,,Paris,,Charles Mathieu,Maker,French,1890,1900,,Musical Instruments,Aerophone-Reed Vibrated-single reed cylindrical,"French, Paris before 1890–after 1900",False,True,https://www.metmuseum.org/art/collection/search/501988,https://images.metmuseum.org/CRDImages/mi/original/89.4.1422.2(10-28-2014).jpg,0,,,
502121,San Gen Da Kin,San Gen Da Kin,19th century,,,,"Wood, wire, string","W. 12-1/2 in.; L. 13 in., tapering to 10-1/2 (sic)",Japanese,Japan,,Kyoto,,Asano Tōshichi,Maker,Japanese,,,,Musical Instruments,Chordophone-Zither-struck-dulcimer,Japanese,False,True,https://www.metmuseum.org/art/collection/search/502121,https://images.metmuseum.org/CRDImages/mi/original/MUS124A.jpg,0,,,
501611,Dulcimer,Dulcimer,18th century,,,,wood and various materials,"Length - long edge/short edge		99.2/43.5 cm. (38.69 in./17.13 in.)
	Body width perpendicular to long edge:           	46.8 cm. (18.25 in.)                       
	Body depth including molding:		7.9 cm. (3.15 in.)	    
	Vibrating length of strings:		80.5/30.0 cm (31.40 in./30 in.)
	Diameter of rosette:		7.5 cm. (2.93 in.)
	Length of hammers:		app. 23.5 cm. (9.17 in.)",Spanish,,,,,,,,,,,Musical Instruments,Chordophone-Zither-struck-dulcimer,,False,True,https://www.metmuseum.org/art/collection/search/501611,https://images.metmuseum.org/CRDImages/mi/original/MUS54A.jpg,0,,,
503703,Jagdhorn in G,Jagdhorn in G,ca. 1710–20,,,,Brass,"Height (perpendicular to bell): 18 7/8 in. (47.9 cm)
Diameter (of bell): 9 1/8 in. (23.1 cm)",German,Germany,,Nürnberg,,Jacob Schmidt,Maker,German,1642-11-09,1720-03-26,,Musical Instruments,Aerophone-Lip Vibrated-horn,"German, Nuremberg 1642–1720",True,True,https://www.metmuseum.org/art/collection/search/503703,https://images.metmuseum.org/CRDImages/mi/original/DP302642.jpg,2,https://www.wikidata.org/wiki/Q29385668,,
503054,Shamisen,Shamisen,1891,,,,"Wood, catskin, rope, silk string, lacquer, red coral","L. 38 3/8 × D. 3 3/8 × Diam. of body 8 in. (97.4 × 8.6 × 20.3 cm)

Weight: under 40 pounds",Japanese,Japan,,Kyoto,,Takechi Matsukawa,Maker,Japanese,,,,Musical Instruments,Chordophone-Lute-plucked-unfretted,,False,True,https://www.metmuseum.org/art/collection/search/503054,https://images.metmuseum.org/CRDImages/mi/original/DP-28534-001.jpg,2,,,
502243,Tār-e Jorre (small tār),Tār-e Jorre (small tār),late 19th century,,,,"Wood, skin, metal, mother of pearl","L. 29 1/8 × W. 5 7/8 × D. 4 1/16 in. (74 × 15 × 10.3 cm)
See Measurement view for details",Iranian (Persian),Iran (Persia),,,,,,,,,,Musical Instruments,Chordophone-Lute-plucked-fretted,,False,True,https://www.metmuseum.org/art/collection/search/502243,https://images.metmuseum.org/CRDImages/mi/original/midp89.4.1680.jpg,2,https://www.wikidata.org/wiki/Q116413027,,
500926,Saw Duang,Saw Duang,late 19th century,,,,"Wood, bone, ivory,  metal","27 × 2 3/8 × 2 3/16 in. (68.6 × 6 × 5.6 cm)
Height (Of bow): 25 1/2 in. (64.7 cm)",Thai,Thailand,,,,,,,,,,Musical Instruments,Chordophone-Lute-bowed-unfretted,,False,True,https://www.metmuseum.org/art/collection/search/500926,https://images.metmuseum.org/CRDImages/mi/original/89.4.298 slide.jpg,1,https://www.wikidata.org/wiki/Q116412934,,
500981,Junuk,Junuk,late 19th century,,,,Wood,"H. 66 cm (26 in.), W. 38.1 cm (15 in.)",Turkish,Turkey? (old cat. Arabia),,,,,,,,,,Musical Instruments,Chordophone-Harp,,False,True,https://www.metmuseum.org/art/collection/search/500981,https://images.metmuseum.org/CRDImages/mi/original/Mus196A.jpg,1,,,
500793,Flute,Flute,late 19th century,,,,Wood,L. 33.4 cm (13-3/16 in.); D. +/- 1.7 cm (13/16 in.),Indian,India,,,,,,,,,,Musical Instruments,Aerophone-Blow Hole-end-blown flute (vertical),,False,True,https://www.metmuseum.org/art/collection/search/500793,https://images.metmuseum.org/CRDImages/mi/original/245910.jpg,0,,,
505665,Music Box,Music Box,ca. 1810,,,,Various materials,H. 5.1 cm (2 in.),Swiss,Switzerland,,,,,,,,,,Musical Instruments,Idiophone,,False,True,https://www.metmuseum.org/art/collection/search/505665,https://images.metmuseum.org/CRDImages/mi/original/210132.jpg,0,,,
502744,Lyre Guitar,Lyre Guitar,early 19th century,,,,"Spruce, cedar, ebony, brass, ivory",Total L. 85.1 cm.; String L. 64.7 cm.,French,France,,,,,,,,,,Musical Instruments,Chordophone-Lute-plucked,,False,True,https://www.metmuseum.org/art/collection/search/502744,https://images.metmuseum.org/CRDImages/mi/original/DP343141.jpg,1,,,
505157,Alto Recorder in F-sharp,Alto Recorder in F-sharp,17th century (before 1686),,,,"wood, horn",L.  17 11/16 in. (44.9 cm),German,Germany,,Nuremberg,,Hieronimus Franciscus Kynseker,Maker,German,1636,1686,,Musical Instruments,Aerophone-Whistle Flute-recorder,"German, Nuremberg 1636–1686 Nuremberg",False,True,https://www.metmuseum.org/art/collection/search/505157,https://images.metmuseum.org/CRDImages/mi/original/MUS526A5.jpg,1,,,
503046,Grand Pianoforte,Grand Pianoforte,ca. 1840,,,,"Satinwood veneer, oak, spruce, iron, steel, ebony, ivory, gilding, mother-of-pearl, holly, mahogany, burl walnut, tulipwood, silver wire","Height (Total): 37 1/2 in. (95.3 cm)
Width (Of case, perpendicular to keyboard): 97 1/4 in. (247 cm)
Depth (Of case, parallel to keyboard): 58 7/8 in. (149.5 cm)",British,United Kingdom,,London,Birds|Men|Women|Bacchus|Ceres|Persephone,Érard,Manufacturer,French,1780,1959,,Musical Instruments,Chordophone-Zither-struck-piano,"French, ca. 1780–1959",True,True,https://www.metmuseum.org/art/collection/search/503046,https://images.metmuseum.org/CRDImages/mi/original/DP225545.jpg,11,https://www.wikidata.org/wiki/Q29385590,,
500596,Yangqin  (揚琴),Yangqin  (揚琴),19th century,,,,Wood,L: 81.3 cm (32 in.); W: 27.9 cm (11 in.),Chinese,China,,,,,,,,,,Musical Instruments,Chordophone-Zither-struck-dulcimer,,False,True,https://www.metmuseum.org/art/collection/search/500596,https://images.metmuseum.org/CRDImages/mi/original/midp89.4.19.jpg,2,,,
501101,Ibacarre,Ibacarre,late 19th century,,,,"Tin, wood",L. 65.5 cm; W. 17am; H. 8.5 cm,Mozambican,Mozambique,,,,,,,,,,Musical Instruments,Chordophone-Lute-bowed-unfretted,,False,True,https://www.metmuseum.org/art/collection/search/501101,https://images.metmuseum.org/CRDImages/mi/original/midp89.2.191.jpg,3,,,
502025,Pī Chawā (ปี่ชวา),Pī Chawā,late 19th century,,,,Ivory,8 3/16 × 2 1/2 × 2 1/2 in. (20.8 × 6.4 × 6.4 cm),Thai,Thailand,,,,,,,,,,Musical Instruments,Aerophone-Reed Vibrated-double reed,,False,True,https://www.metmuseum.org/art/collection/search/502025,https://images.metmuseum.org/CRDImages/mi/original/MUS488A1.jpg,1,https://www.wikidata.org/wiki/Q116413012,,
502236,Shawm,Shawm,19th century,,,,Wood,"Length 235 mm, Diameter of bell 31 mm",Possibly Indian,India?,,,,,,,,,,Musical Instruments,Aerophone-Reed Vibrated-double reed,,False,True,https://www.metmuseum.org/art/collection/search/502236,https://images.metmuseum.org/CRDImages/mi/original/MUS478A5.jpg,0,,,
503275,Śahanāī,Śahanāī,19th century,,,,"Wood, brass",14 1/8 × 3 5/8 × 3 5/8 in. (35.9 × 9.2 × 9.2 cm),Nepalese,Nepal,,,,,,,,,,Musical Instruments,Aerophone-Reed Vibrated-double reed,,False,True,https://www.metmuseum.org/art/collection/search/503275,https://images.metmuseum.org/CRDImages/mi/original/DP-32456-001.jpg,2,https://www.wikidata.org/wiki/Q116413135,,
503849,Mandolin,Mandolin,1796,,,,"Rosewood, spruce, walnut, bone, mother-of-pearl",L. 56.3 cm (22 3/16 in.); String L. 31.5 cm (12 3/8  in.); Max. W. 19.9 cm (7 13/16 in.),Italian,Italy,,Milan,,Giuseppe Presbler,Maker,"German, active Italy",1760,1801,,Musical Instruments,Chordophone-Lute-plucked-fretted,"German, active Italy, 1760–1801 Milan",False,True,https://www.metmuseum.org/art/collection/search/503849,https://images.metmuseum.org/CRDImages/mi/original/DP168851.jpg,5,,,
501251,Mandolin,Mandolin,late 19th century,,,,"Armadillo shell, wood, gut strings",74cm x 22cm x 13.5cm,Mexican,Mexico,,,,,,,,,,Musical Instruments,Chordophone-Lute-plucked-fretted,,False,True,https://www.metmuseum.org/art/collection/search/501251,https://images.metmuseum.org/CRDImages/mi/original/188955.jpg,1,,,
501826,Reed Horn,Reed Horn,late 19th century,,,,"Horn, metal",L. 1 ft. 8-1/2 in.,African,,,,,,,,,,,Musical Instruments,Aerophone-Lip Vibrated-horn,,False,True,https://www.metmuseum.org/art/collection/search/501826,https://images.metmuseum.org/CRDImages/mi/original/MUS516A left.jpg,0,,,
502103,Violone,Violone,18th century,,,,"Wood, bone","Body length 102.0 cm,
Body width:	upper bout	46.8 cm
		center bout	37.2 cm
		lower bout	57.8 cm
Rib height:	top block		15.7 cm
		center bout	19.4 cm
		bottom block	18.9 cm
String length 96.5 cm",Czech,Czech Republic (Bohemia),,,,,,,,,,Musical Instruments,Chordophone-Lute-bowed-unfretted,,False,True,https://www.metmuseum.org/art/collection/search/502103,https://images.metmuseum.org/CRDImages/mi/original/MUS79b left.JPG,1,,,
503507,Bugle in E,Bugle in E,ca. 1810,,,,"Copper, brass, ivory",L. of body 31.8 cm  (12-1/2 in); Bell Diam. 17.2 cm (6-13/16 in);  L. of mouthpiece 8.7 cm  (3-7/16 in.),German,Ireland or United Kingdom,,Dublin?,,Johann Bernhard Logier,Maker,German,1777,1846,,Musical Instruments,Aerophone-Lip Vibrated-horn,(1777–1846),False,True,https://www.metmuseum.org/art/collection/search/503507,https://images.metmuseum.org/CRDImages/mi/original/midp1998.352.jpg,0,,https://www.wikidata.org/wiki/Q318065,(not assigned)
506826,Guitar,Guitar,ca. 1837,,,,"Spruce, rosewood, cedar, ebony, pearl, abalone, ivory",36 5/8 × 11 9/16 × 3 1/4 in. (93 × 29.4 × 8.3 cm),American,United States,,New York,,Christian Frederick Martin,Maker,American,1796,1796,,Musical Instruments,Chordophone-Lute-plucked-fretted,"Markneukirchen, Saxony 1796–1873 Nazareth, Pennsylvania",False,True,https://www.metmuseum.org/art/collection/search/506826,https://images.metmuseum.org/CRDImages/mi/original/DP-15514-001.jpg,7,https://www.wikidata.org/wiki/Q116413352,https://www.wikidata.org/wiki/Q2965264,http://vocab.getty.edu/page/ulan/500332602
500712,Tablā,Tablā,late 19th century,,,,"Wood, skin","H. 25.4 cm (10 in.), Diam. 19.1 cm (7-1/2 in.)",Indian (north),India,,,,,,,,,,Musical Instruments,Membranophone-double-headed / cylindrical drum,,False,True,https://www.metmuseum.org/art/collection/search/500712,https://images.metmuseum.org/CRDImages/mi/original/midp89.4.166 (2).jpg,4,,,
501249,Frame Drum,Frame Drum,19th century,,,,"Wood, hide, polychrome","Depth: 1 3/4 in. (4.4 cm)
Diameter: 10 1/2 in. (26.7 cm)",Native American (Sioux),United States,,,,,,,,,,Musical Instruments,Membranophone-single-headed / frame drum,,False,True,https://www.metmuseum.org/art/collection/search/501249,https://images.metmuseum.org/CRDImages/mi/original/midp89.4.633.jpg,4,,,
504944,Cow Bell,Cow Bell,ca. 1850–89,,,,"Brass plated iron, leather","Overall: 16.5cm, 0.4kg, 9cm (6 1/2in., 0.9lb., 3 9/16in.)",German,Germany,,,,,,,,,,Musical Instruments,Idiophone-Struck-bell-clapper,,False,True,https://www.metmuseum.org/art/collection/search/504944,https://images.metmuseum.org/CRDImages/mi/original/MUS690A3.jpg,0,,,
502642,Soprano Slide Trombone,Soprano Slide Trombone,early 19th century (?),,,,"Brass, lacquered nickel-silver.","Height: 20 in. (50.8 cm)
Diameter (Of bell): 4 /58 in. (11.7 cm)",Possibly German,Germany?,,,,,,,,,,Musical Instruments,Aerophone-Lip Vibrated-trumpet / trombone,,False,True,https://www.metmuseum.org/art/collection/search/502642,https://images.metmuseum.org/CRDImages/mi/original/MUS418A5.jpg,1,,,
500869,Rattle,Rattle,late 19th century,,,,Wood,"L. 16-1/2 in., Diam. of gourd 4 in.",Possibly Indian,India,,,,,,,,,,Musical Instruments,Idiophone-Shaken-rattle,,False,True,https://www.metmuseum.org/art/collection/search/500869,https://images.metmuseum.org/CRDImages/mi/original/MUS585A1.jpg,0,,,
504618,Violin,Violin,late 19th–early 20th century,,,,"Hemlock, maple",L.: 62.5 cm ( 24-5/8 in.),American,United States,,,,,,,,,,Musical Instruments,Chordophone-Lute-bowed-unfretted,,False,True,https://www.metmuseum.org/art/collection/search/504618,https://images.metmuseum.org/CRDImages/mi/original/DP-21007-001.jpg,1,,,
718445,Electar Lap Steel Electric Guitar,Lap Steel Electric Guitar,ca. 1937,,,,"Maple, etched metal, rosewood, chrome",Overall length 30.25 in. (76.8 cm); width 7.25 in. (18.4 cm) lower bout; depth 1.75 in. (4.4 cm). Scale length 22.5 in. (572 mm),American,United States,,New York,,Epiphone,Maker,American,1903,1957,,Musical Instruments,Chordophone,American,False,True,https://www.metmuseum.org/art/collection/search/718445,https://images.metmuseum.org/CRDImages/mi/original/DP-12319-009.jpg,1,,,
502633,Pottery Whistle,Pottery Whistle,900–1521 (?),Pre-Columbian,,,Clay,L. 95 mm.; W. 56 mm.; D. 53 mm.; Wt. 79 g.,Mexican,Mexico,,,,,,,,,,Musical Instruments,Aerophone-Whistle Flute-whistle,,False,True,https://www.metmuseum.org/art/collection/search/502633,https://images.metmuseum.org/CRDImages/mi/original/DP157370.jpg,1,,,
501493,Russian Bassoon in C,Russian Bassoon in C,1825–40,,,,"Wood, brass","L. 1150 mm., Diam. of bell ca. 140 mm
L. of butt section 341 mm
L. of wing section 340 mm
L. of long section protrudes 300 mm
L. of crook, ca. 810 mm
L. of bell, ca. 510 mm",French,France?,,Lyons?,,,,,,,,Musical Instruments,Aerophone-Lip Vibrated-horn,,False,True,https://www.metmuseum.org/art/collection/search/501493,https://images.metmuseum.org/CRDImages/mi/original/DP249509.jpg,3,,,
501811,Yektar,Yektar,late 19th century,,,,Wood,60cm x 16.5cm x 16.5cm,Indian,India,,,,,,,,,,Musical Instruments,Chordophone,,False,True,https://www.metmuseum.org/art/collection/search/501811,https://images.metmuseum.org/CRDImages/mi/original/MUS168A.jpg,0,,,
501162,Wambee (pluriarc),Wambee (pluriarc),late 19th century,,,,Wood,64cm x 13.5cm x 20.5cm,Gabonese (possibly),Possibly the Republic of Congo or Gabon,,,,,,,,,,Musical Instruments,Chordophone-Musical Bow,,False,True,https://www.metmuseum.org/art/collection/search/501162,https://images.metmuseum.org/CRDImages/mi/original/MUS233A.jpg,0,,,
501195,Pib-be-gwun or Siyontanka,Siyontanka (flute),19th century,,,,"Wood, skin",L. 17 3/16 in. × Diam. 1 7/16 in. × D. w/ figure 3 3/16 in. (43.7 × 3.6 × 8.1 cm),Native American (Chippewa or Ojibwa),Canada,,,,,,,,,,Musical Instruments,Aerophone-Blow Hole-end-blown flute (vertical),,False,True,https://www.metmuseum.org/art/collection/search/501195,https://images.metmuseum.org/CRDImages/mi/original/midp89.4.579.jpg,6,https://www.wikidata.org/wiki/Q116412967,,
503858,Boston Brass Band newspaper illustration,Newspaper illustration,1851,,,,Newspaper,11 x 15 in. (28.0 x 38.1 cm),American,United States,,,Musicians|Newspapers,,,,,,,Musical Instruments,Works on Paper,,False,True,https://www.metmuseum.org/art/collection/search/503858,https://images.metmuseum.org/CRDImages/mi/original/MIDP2005.126.4.jpg,0,,,
501036,Kemenche,Kemenche,late 19th century,,,,Wood,"L. 40.6 cm (16 in.), W. 15.2 cm (6 in.), Bow  53.3 cm (21 in.)",possibly Bulgarian,Egypt,,,,,,,,,,Musical Instruments,Chordophone-Lute-bowed-unfretted,,False,True,https://www.metmuseum.org/art/collection/search/501036,https://images.metmuseum.org/CRDImages/mi/original/midp89.4.418front.jpg,1,,,
500680,Bell,Bell,late 19th century,,,,Bronze,H.:10.2 cm (4 in.) Diam.: 6.4 cm (2-1/2 in.),Chinese,China,,,,,,,,,,Musical Instruments,Idiophone-Shaken-crotal bell,,False,True,https://www.metmuseum.org/art/collection/search/500680,https://images.metmuseum.org/CRDImages/mi/original/MUS727A.jpg,0,,,
500780,Tayaw,Tayaw,late 19th century,,,,Wood,L. 43.8 cm (17-1/4 in.); L. of bow 27.9 cm (11 in.),Burmese,Myanmar (formerly Burma),,,,,,,,,,Musical Instruments,Chordophone-Lute-bowed-unfretted,,False,True,https://www.metmuseum.org/art/collection/search/500780,https://images.metmuseum.org/CRDImages/mi/original/188952.jpg,1,,,
505632,Ocarina,Ocarina,600–1200,Pre-Columbian,,,Ceramic,W. 5.2 x D. 4.9 x L. 14.2cm (2 1/16 x 1 15/16 x 5 9/16in.),Nariño,Colombia,,,,,,,,,,Musical Instruments,Aerophone-Blow Hole-vessel flute,,False,True,https://www.metmuseum.org/art/collection/search/505632,https://images.metmuseum.org/CRDImages/mi/original/DP148800.jpg,0,,,
502231,Book Harmonium,Book Harmonium,19th century,,,,"Wood, various materials","Length (perpendicular to keyboard): 33.4 cm 
Width: 48.8 cm 
Depth (with lid): 32.2 cm 
One-octave span: 15.5 cm",French or German,France or Germany,,,Books|Men,,,,,,,Musical Instruments,Aerophone-Free Reed-harmonium,,False,True,https://www.metmuseum.org/art/collection/search/502231,https://images.metmuseum.org/CRDImages/mi/original/MUS879A.jpg,0,,,
502761,Tsii' Edo' Ai (Apache fiddle),Tsii 'Edo' a'tl,ca. 1900,,,,"Agave flower stalk, wood, paint, horsehair","a) Body: L. 45.6 x Diam. 5.7 - 9.1 cm (17 15//16 x 2 1/4 - 3 9/16 in.); Peg L. 5.7 cm (2 1/4)
b) Bow: L. 53.5 x W. 7.9 cm ( 21 1/16 x 3 1/8 in.)",Native American (Apache),United States,,,,Athabascan Family,Maker,Native American (Apache),,,,Musical Instruments,Chordophone-Zither-bowed,,True,True,https://www.metmuseum.org/art/collection/search/502761,https://images.metmuseum.org/CRDImages/mi/original/DP302737.jpg,4,https://www.wikidata.org/wiki/Q104413041,,
504265,Chamber Organ,Chamber Organ,1852,,,,"Wood, various materials",H.: 207 cm (81-1/2 in.);  D.: 71.5 cm (28-5/8 in.);  W.: 136.5 cm (53-3/4 in.),American,United States,,,,William Crowell,Maker,American,1830,1852,,Musical Instruments,Aerophone-Organ,"American, active Mount Vernon, New Hampshire 1830–after 1852, Mount Vernon",False,True,https://www.metmuseum.org/art/collection/search/504265,https://images.metmuseum.org/CRDImages/mi/original/DT10733a.jpg,5,,,
503808,Valve Trumpet in F,Valve Trumpet in F,ca. 1839,,,,Brass,"L. (w/o mouthpiece) 12.2  x  Bell diam. 55.9cm (4 13/16 x 22in.)
Diam. of bore at tuning slide .431",British,United Kingdom,,London,,John Augustus Köhler,Maker,British,1810,1878,,Musical Instruments,Aerophone-Lip Vibrated-trumpet / trombone,"British, London ca. 1810–1878 London",False,True,https://www.metmuseum.org/art/collection/search/503808,https://images.metmuseum.org/CRDImages/mi/original/MI143.jpg,0,,,http://vocab.getty.edu/page/ulan/500334376
504061,Parade Trumpet,Trumpet,ca. 1700,,,,Copper,42 5/8 × 11 × 4 3/8 in. (108.3 × 27.9 × 11.1 cm),German,probably Germany,,,,,,,,,,Musical Instruments,Aerophone-Lip Vibrated-trumpet / trombone,,False,True,https://www.metmuseum.org/art/collection/search/504061,https://images.metmuseum.org/CRDImages/mi/original/DP-12679-081.jpg,1,https://www.wikidata.org/wiki/Q116235457,,
500734,Sārindā,Sārindā,late 19th century,,,,"Wood, ivory, strings",L. 26 × W. 10 1/2 × D. 5 1/2 in. (66 × 26.7 × 14 cm),Indian,India,,,,,,,,,,Musical Instruments,Chordophone-Lute-bowed-unfretted,,False,True,https://www.metmuseum.org/art/collection/search/500734,https://images.metmuseum.org/CRDImages/mi/original/MUS172A.jpg,0,,,
500764,Turhā or Karnā,Turhā or Karnā,late 19th century,,,,Brass,"L. 28 1/2 ×  Diam.: bell 3 3/4 -  mouthpiece 1/4   in., Wgt.  0.5 lb.  (72.4 × 9.5 - ,578 cm, 226.799g)",Indian,India,,,,,,,,,,Musical Instruments,Aerophone-Lip Vibrated-trumpet / trombone,,False,True,https://www.metmuseum.org/art/collection/search/500764,https://images.metmuseum.org/CRDImages/mi/original/DP-12679-003.jpg,1,https://www.wikidata.org/wiki/Q116412809,,
505323,Harp Guitar,Harp Guitar,after 1831,,,,"Wood, metal","approx. L. 58 11/16 in., W. 13 1/4 in.",American,United States,,Philadelphia,,Emilius N. Scherr,Maker,American,1794,1874,,Musical Instruments,Chordophone-Lute-plucked-fretted,"American, born Copenhagen, 1794–1874",False,True,https://www.metmuseum.org/art/collection/search/505323,https://images.metmuseum.org/CRDImages/mi/original/158888.jpg,1,,,
504797,Bell,Bell,1st century CE,,,,Bronze,H. 7.6 x Diam. 4.4cm (3 x 1 3/4in.),Italian (Ancient Roman),Italy,,Padua,,,,,,,,Musical Instruments,Idiophone-Struck-bell-clapper,,False,True,https://www.metmuseum.org/art/collection/search/504797,https://images.metmuseum.org/CRDImages/mi/original/MUS698A1.jpg,0,,,
501703,Hand Bell,Hand Bell,19th century,,,,metal,"Height  8.5 cm, Weight 354 g, Diam. 6.0 cm",European,,,,,,,,,,,Musical Instruments,Idiophone-Struck-bell-clapper,,False,True,https://www.metmuseum.org/art/collection/search/501703,https://images.metmuseum.org/CRDImages/mi/original/203443.jpg,0,,,
501588,Tambourin,Tambourin,18th century,,,,"wood, skin, cord.","H. 1 ft. 8-3/4 in., Diam. 12-1/4 in.",French,France,,,,,,,,,,Musical Instruments,Membranophone-double-headed / barrel drum,,False,True,https://www.metmuseum.org/art/collection/search/501588,https://images.metmuseum.org/CRDImages/mi/original/MUS591A.jpg,0,,,
501525,Pitch Pipe,Pitch Pipe,1854–73,,,,"wood, brass",Height (Closed): 6 5/8 in. (16.9 cm),British,United Kingdom,,London,,Alexander Liddle,Maker,British,1809,1873,,Musical Instruments,Aerophone-Whistle Flute-recorder,"British, Blackfriars 1809–1873 Kent",False,True,https://www.metmuseum.org/art/collection/search/501525,https://images.metmuseum.org/CRDImages/mi/original/MUS306A1.JPG,0,,,
501386,Rura,Rura,late 19th century,,,,Bamboo,"L. 53.8 cm (21 3/16in.), D. +/- 1.7 cm (11/16in.)","Melanesian (Aoba Island, Vanuatuan)",Vanuatu,,,,,,,,,,Musical Instruments,Aerophone-Blow Hole-end-blown flute (vertical),,False,True,https://www.metmuseum.org/art/collection/search/501386,https://images.metmuseum.org/CRDImages/mi/original/midp89.4.784.jpg,0,,,
503839,Over-the-Shoulder bass saxhorn in E-flat,Over-the-Shoulder bass saxhorn in E-flat,ca. 1870,,,,"Brass, nickel-silver","58 1/8 × 9 3/4 × 11 in., 7.5 lb. (147.6 × 24.8 × 27.9 cm, 3401.978g)",American,United States,,Philadelphia,,Ernst Seltmann,Maker,American,1828,1883,,Musical Instruments,Aerophone-Lip Vibrated-trumpet / trombone,"Saxony 1828–1883 Philadelphia, Pennsylvania",False,True,https://www.metmuseum.org/art/collection/search/503839,https://images.metmuseum.org/CRDImages/mi/original/DP-12679-055.jpg,3,https://www.wikidata.org/wiki/Q116235463,,
501535,Transverse Flute in C,Transverse Flute in C,ca. 1825,,,,"Ivory, silver, brass","L. 657 mm., Embouchure length 582 mm.",British,United Kingdom,,London,,Thomas Prowse,Maker,British,1800,1900,,Musical Instruments,Aerophone-Blow Hole-side-blown flute (transverse),"British, active London, 1816–1868",False,True,https://www.metmuseum.org/art/collection/search/501535,https://images.metmuseum.org/CRDImages/mi/original/MUS297A3.jpg,0,,,
504545,Tenor Trombone in B-flat,Tenor Trombone in B-flat,early 19th century,,,,Brass,Diam. of bell: ca. 12 cm (4-3/4 in.); L. (end to end): 116 cm (45-3/4 in.),European,,,,,,,,,,,Musical Instruments,Aerophone-Lip Vibrated-trumpet / trombone,,False,True,https://www.metmuseum.org/art/collection/search/504545,https://images.metmuseum.org/CRDImages/mi/original/MUS486A.jpg,0,,,
504849,Physharmonika,Physharmonika,ca. 1821–25,,,,"Wood, metal, glass, brass, ivory, leather",,Austrian,Austria,,Vienna,,Anton Haeckel,Maker,Austrian,,,,Musical Instruments,Aerophone-Free Reed,,False,True,https://www.metmuseum.org/art/collection/search/504849,https://images.metmuseum.org/CRDImages/mi/original/MUS864A.jpg,0,,https://www.wikidata.org/wiki/Q88664,(not assigned)
503553,Valve Trumpet,Valve Trumpet,ca. 1845,,,,"Brass, nickel-silver","Height: 15 1/2 in. (39.4 cm)
Diameter (Of bell): 4 1/2 in. (11.4 cm)",American,United States,,Boston,,Elbridge G. Wright,Maker,American,1839,1871,,Musical Instruments,Aerophone-Lip Vibrated-trumpet / trombone,"Ashby, Massachusetts 1811–1871 Boston, Massachusetts",False,True,https://www.metmuseum.org/art/collection/search/503553,https://images.metmuseum.org/CRDImages/mi/original/DP-12679-155.jpg,3,https://www.wikidata.org/wiki/Q116235469,https://www.wikidata.org/wiki/Q109885979,http://vocab.getty.edu/page/ulan/500337317
502383,Pottery Flute,Pottery Flute,ca. 300–900,Pre-Columbian,,,Clay,L. 50 mm.; W. 31 mm.; D. 40 mm.; Wt. 21 g.,Mexican,Mexico,,San Diego,,,,,,,,Musical Instruments,Aerophone-Whistle Flute-recorder,,False,True,https://www.metmuseum.org/art/collection/search/502383,https://images.metmuseum.org/CRDImages/mi/original/DP159004.jpg,1,,,
503907,Gamba Bow,Gamba Bow,first half 18th century,,,,Wood,L. 70.3 cm (27 11/16 in.),British,United Kingdom,,,,,,,,,,Musical Instruments,Chordophone-Accessories-bow,,False,True,https://www.metmuseum.org/art/collection/search/503907,https://images.metmuseum.org/CRDImages/mi/original/MIDP2005.122.jpg,0,,,
503900,Pedal Harp,Pedal Harp,ca. 1780,,,,"Wood, various materials","Extreme H. 167 cm (65-3/4 in.); L. of pillar: 137 cm (54 in.); Soundboard: resonating L.: 117.5 cm (46-1/4 in.), greatest W.: 31 cm (12-1/2 in.); Strings (sounding L): longest: 140.5 cm (55-3/8 in.), shortest: 12 cm (4-3/4 in.), c2: 27.5 cm (10-7/8 in.)",French,France,,Paris,,Jean Henri Naderman,Maker,German,1734,1799,,Musical Instruments,Chordophone-Harp,"German, Lichteneau, Westphalia 1734–1799 Paris (active France)",False,True,https://www.metmuseum.org/art/collection/search/503900,https://images.metmuseum.org/CRDImages/mi/original/134276.jpg,0,,https://www.wikidata.org/wiki/Q2746134,(not assigned)
502655,Mōsō  Biwa (盲僧琵琶),Mōsō  Biwa,19th century,,,,"Wood, silk",36 1/2 × 7 7/8 × 5 in. (92.7 × 20 × 12.7 cm),Japanese,Japan,,,Fish,,,,,,,Musical Instruments,Chordophone-Lute-plucked-fretted,,False,True,https://www.metmuseum.org/art/collection/search/502655,https://images.metmuseum.org/CRDImages/mi/original/midp89.4.2088.jpg,0,https://www.wikidata.org/wiki/Q116413045,,
501464,Tabor,Tabor,19th century,,,,"Parchment, wood","H. 3-1/2 in., Diam. 9-1/4 in.",British,United Kingdom,,,,,,,,,,Musical Instruments,Membranophone-double-headed / barrel drum,,False,True,https://www.metmuseum.org/art/collection/search/501464,https://images.metmuseum.org/CRDImages/mi/original/MUS1538LS.B center.jpg,2,,,
506087,Watercolor of musician playing laba,Watercolor of musician playing laba,late 18th century,,,,Watercolor on paper,Overall: 43.2 x 35.6 x 1.3cm (17 x 14 x 1/2in.),Chinese,China,,,Musical Instruments|Women|Musicians,,,,,,,Musical Instruments,Works on Paper,,False,True,https://www.metmuseum.org/art/collection/search/506087,https://images.metmuseum.org/CRDImages/mi/original/DP211149.jpg,0,,,
500629,Xiao (簫 ),Xiao (flute),late 19th century,Qing dynasty (1644-1911),,,Bamboo and ivory,L. 23 1/2 × Diam. 7/8 in. (59.7 × 2.2 cm),Chinese,China,,,,,,,,,,Musical Instruments,Aerophone-Blow Hole-end-blown flute (vertical),,False,True,https://www.metmuseum.org/art/collection/search/500629,https://images.metmuseum.org/CRDImages/mi/original/midp89.4.56 (1).jpg,2,,,
504704,Bass Valve Trombone in E-flat,Bass Valve Trombone in E-flat,1881–83,,,,Brass,Length (end to end): 119 cm (46-7/8 in.); Diam. of bell: 26.2 cm (10-3/8 in.),possibly Italian,Italy?,,,,,,,,,,Musical Instruments,Aerophone-Lip Vibrated-trumpet / trombone,,False,True,https://www.metmuseum.org/art/collection/search/504704,https://images.metmuseum.org/CRDImages/mi/original/211788.jpg,1,,,
501577,Pochette Bow,Pochette Bow,early 19th century,,,,"wood, other materials","L. of stick 31.8 cm, L. of hair 25.6 cm, Weight 16.0 grams",possibly French,France?,,,Birds,,,,,,,Musical Instruments,Chordophone-Accessories-bow,,False,True,https://www.metmuseum.org/art/collection/search/501577,https://images.metmuseum.org/CRDImages/mi/original/MUS89.4.967.jpg,0,,,
505109,Gheṇṭa (prayer bell),Gheṇṭa (prayer bell),11th century,Eastern Javanese,,,Cast bronze,"6 × 2 7/16 × 2 7/16 in., 8oz. (15.2 × 6.2 × 6.2 cm, 226.822g)",Javanese,,,,,,,,,,,Musical Instruments,Idiophone-Struck-bell-clapper,,False,True,https://www.metmuseum.org/art/collection/search/505109,https://images.metmuseum.org/CRDImages/mi/original/80065.jpg,0,https://www.wikidata.org/wiki/Q116252877,,
501556,Treble Viol,Treble Viol,1726,,,,Wood,"Body length:  34.5 cm.
Body width:  upper bout 16.5 cm. 
	   center bout 11.2 cm.
	   lower bout  19.5 cm.
Rib height:  top block:  5.4 cm.
	center bout   6.95 cm
	bottom block 7/15 cm.
String length:  37.0 cm.",French,France,,Paris,,Jean Ouvrard,Maker,French,1720,1748,,Musical Instruments,Chordophone-Lute-bowed-fretted,"French, Paris ca. 1720–1748 Paris",False,True,https://www.metmuseum.org/art/collection/search/501556,https://images.metmuseum.org/CRDImages/mi/original/DP217141.jpg,3,,,
502197,Flageolet in D,Flageolet in D,before 1839,,,,"Wood, ivory",Length 6-1/2 in. (165 mm),French,France,,Paris,,Denis Noblet,Maker,French,1768,1839,,Musical Instruments,Aerophone-Whistle Flute-flageolet,"French, La Couture 1768–1839",False,True,https://www.metmuseum.org/art/collection/search/502197,https://images.metmuseum.org/CRDImages/mi/original/MUS305A2.JPG,0,,,
500695,Bell (Rei),Bell (Rei),late 19th century,,,,Metal,H. 17.8 cm (7 in.); Diam. of bell  7.6 cm (3 in.),Japanese,Japan,,,,,,,,,,Musical Instruments,Idiophone-Struck-bell-clapper,,False,True,https://www.metmuseum.org/art/collection/search/500695,https://images.metmuseum.org/CRDImages/mi/original/MUS769.jpg,0,,,
502657,Tenor Cornetto in D,Tenor Cornetto in D,17th century,,,,"Wood, leather, metal","Length 94.1 cm w/o mouthpiece, Diameter of bell:  octagonal OD +/-6.4 cm, Thickness +/- 0.280 in. measured 4 cm inside bell, Reinforcing ring around octagonal socket for +/- 12.5 cm from bell; then circular to socket.",French,France,,,,,,,,,,Musical Instruments,Aerophone-Lip Vibrated-trumpet / trombone,,False,True,https://www.metmuseum.org/art/collection/search/502657,https://images.metmuseum.org/CRDImages/mi/original/266191left.jpg,1,,,
500891,Pottery Whistle,Pottery Whistle,ca. 800–1525,Pre-Columbian,,,Clay,L.: 10.5 cm (4-1/8 in.); W.: 6.9 cm (2-3/4 in.); H.: 5.3 cm (2-1/8 in.); Wt. 90 gm,Costa Rican,Costa Rica,Diquis Region,,Animals,,,,,,,Musical Instruments,Aerophone-Whistle Flute-whistle,,False,True,https://www.metmuseum.org/art/collection/search/500891,https://images.metmuseum.org/CRDImages/mi/original/DP159007.jpg,0,,,
502632,Pottery Rattle,Pottery Rattle,1200–1521,Pre-Columbian,,,Clay,5.5cm x 5.5cm x 5.5cm,Mexican,Mexico,Central Plateau Region,,,,,,,,,Musical Instruments,Idiophone-Shaken-rattle,,False,True,https://www.metmuseum.org/art/collection/search/502632,https://images.metmuseum.org/CRDImages/mi/original/midp89.4.2065.jpg,0,,,
505403,Sheng ( 笙 ),Sheng,ca. 1850–89,,,,,16 1/2 × 2 1/2 in. (41.9 × 6.4 cm),Chinese,China,,,,,,,,,,Musical Instruments,Aerophone-Free Reed-mouth organ,,False,True,https://www.metmuseum.org/art/collection/search/505403,https://images.metmuseum.org/CRDImages/mi/original/DP216617.jpg,0,https://www.wikidata.org/wiki/Q116252769,,
503574,Miniature String Quartet Bows,Miniature String Quartet Bows,ca. 1880,,,,"Wood, hair",L. miniature violin bows 18 cm (7-1/8 in.); miniature cello bow 18.3 cm (7-1/4 in.),European,,,,,Heinrich Knopf,Maker,German,1839,1875,,Musical Instruments,Chordophone-Accessories-bow,"German, Markneukirchen 1839– 1875 Markneukirchen",False,True,https://www.metmuseum.org/art/collection/search/503574,https://images.metmuseum.org/CRDImages/mi/original/271787.JPG,0,,,
505208,Clarinet,Clarinet,ca. 1830,,,,"Boxwood, ivory",L. 603 mm,British,England,,London,,Valentine Metzler,Maker,German,1775,1833,,Musical Instruments,Aerophone-Reed Vibrated-single reed cylindrical,"German, Bingen am Rhein, d. 1833, London",False,True,https://www.metmuseum.org/art/collection/search/505208,https://images.metmuseum.org/CRDImages/mi/original/89.4.2739_a(2014-9-26).jpg,4,,,
502309,Drum,Drum,19th century,,,,"Wood, hide",L.: 16 cm.; Head diam.: 13 cm.,Ghanaian?,Ghana?,,,,,,,,,,Musical Instruments,Membranophone-single-headed / biconical drum,,False,True,https://www.metmuseum.org/art/collection/search/502309,https://images.metmuseum.org/CRDImages/mi/original/203735.jpg,0,,,
501919,Xylophone,Xylophone,19th century,,,,"Shell, wood, hemp, skin",61cm x 48cm x 25cm,African,,,,,,,,,,,Musical Instruments,Idiophone-Struck-bar-wood,,False,True,https://www.metmuseum.org/art/collection/search/501919,https://images.metmuseum.org/CRDImages/mi/original/MUS784A.jpg,0,,,
502926,Pottery Whistle,Pottery Whistle,ca. 800–1525,Pre-Columbian,,,"Pottery, polychrome",5.5cm x 3cm x 5cm,Costa Rican,Costa Rica,,,Birds,,,,,,,Musical Instruments,Aerophone-Whistle Flute-whistle,,False,True,https://www.metmuseum.org/art/collection/search/502926,https://images.metmuseum.org/CRDImages/mi/original/MUS1134A9.jpg,0,,,
501693,Hunting Horn in D,Hunting Horn in D,1660–1720,,,,Brass,15 × 27 1/8 × 9 1/16 in. (38.1 × 68.9 × 23 cm),German,Germany,,Nürnberg,,Jacob Schmidt,Maker,German,1642-11-09,1720-03-26,,Musical Instruments,Aerophone-Lip Vibrated-horn,"German, Nuremberg 1642–1720",False,True,https://www.metmuseum.org/art/collection/search/501693,https://images.metmuseum.org/CRDImages/mi/original/DP-12679-019.jpg,4,https://www.wikidata.org/wiki/Q116235473,,
500966,Fellahi,Fellahi,late 19th century,,,,Wood,79cm x 23cm x 16.5cm,Turkish,Turkey,,,,,,,,,,Musical Instruments,Chordophone-Lute-plucked-unfretted,,False,True,https://www.metmuseum.org/art/collection/search/500966,https://images.metmuseum.org/CRDImages/mi/original/midp89.4.339.jpg,1,,,
500792,Palwei,Palwei,late 19th century,,,,Bamboo,"L. 13 3/8 x Diam. 7/8 in. (34 x 2.3 cm)
Additional measurements: block to end 264mm, to finger holes (evenly spaced) 79 to 200mm; membrane hole diameter 45mm, thub hole 83mm; window 1xw 17x8.  interior diam. 17mm. (R. Lehman)",Burmese,Myanmar (formerly Burma),,,,,,,,,,Musical Instruments,Aerophone-Blow Hole-end-blown flute (vertical),,False,True,https://www.metmuseum.org/art/collection/search/500792,https://images.metmuseum.org/CRDImages/mi/original/midp89.4.223.jpg,2,,,
501460,Cither Banjo,Cither Banjo,19th century,,,,"brass, parchment, wire","L. 1 ft. 11-1/2 in., D. 12-1/4 in.",Austrian,Austria,,Prague,,Karl Schamal,Maker,Czech,1849,1919,,Musical Instruments,Chordophone,"Czech, active Prague, 1879–ca. 1892",False,True,https://www.metmuseum.org/art/collection/search/501460,https://images.metmuseum.org/CRDImages/mi/original/MUS45A.jpg,0,,,
501617,Lute,Lute,mid-16th century,,,,"Maple, spruce, ebony",Widest 32.2 x Deepest 17.4 x L. 81.5cm (12 11/16 x 6 7/8 x 32 1/16in.),Probably Austrian,Austria?,,,,,,,,,,Musical Instruments,Chordophone-Lute-plucked-fretted,,False,True,https://www.metmuseum.org/art/collection/search/501617,https://images.metmuseum.org/CRDImages/mi/original/215854.jpg,0,,,
501840,Whistle,Whistle,late 19th century,,,,pottery,L. 3 in. x 2 in.,Mexican,Mexico,,,Faces,,,,,,,Musical Instruments,Aerophone-Whistle Flute-whistle,,False,True,https://www.metmuseum.org/art/collection/search/501840,https://images.metmuseum.org/CRDImages/mi/original/203719.jpg,0,,,
503645,Wind Instrument,Wind Instrument,late 19th century,,,,Bamboo,62.5cm x 24cm x 5.5cm,Philippine,Philippines,,Manila,,,,,,,,Musical Instruments,Aerophone-Lip Vibrated-horn,,False,True,https://www.metmuseum.org/art/collection/search/503645,https://images.metmuseum.org/CRDImages/mi/original/MUS583A2.jpg,0,,,
505631,Whistle Jar,Whistle Jar,100–900 CE,Pre-Columbian,,,Ceramic,H. 15.6 x W. 13.5 x D.10.7cm (6 1/8 x 5 5/16 x 4 3/16in.),Calima,Colombia,,,,,,,,,,Musical Instruments,Aerophone-Whistle Flute-vessel flute,,False,True,https://www.metmuseum.org/art/collection/search/505631,https://images.metmuseum.org/CRDImages/mi/original/DP148799.jpg,0,,,
503542,,Jaguar Whistling Jar,ca. 500–900,Pre-Columbian,,,"Ceramic, polychrome",11.1 x 7.6 x 15.2 cm (H. 4-3/8 x W. 3 x L. 6 in.),Wari,Peru,,,Animals,,,,,,,Musical Instruments,Aerophone-Blow Hole-vessel flute,,False,True,https://www.metmuseum.org/art/collection/search/503542,https://images.metmuseum.org/CRDImages/mi/original/270287.jpg,5,,,
503022,Sintir,Sintir,19th century,,,,"Wood, skin, leather",L. 32 1/16 × W. 5 7/8 × D. 4 1/2 × Body L. 17 5/16 in. (81.5 × 15 × 11.5 × 44 cm),possibly Sudanese,Sudan?,,,,,,,,,,Musical Instruments,Chordophone-Lute-bowed-unfretted,,False,True,https://www.metmuseum.org/art/collection/search/503022,https://images.metmuseum.org/CRDImages/mi/original/141192A.jpg,1,https://www.wikidata.org/wiki/Q116413075,,
627897,"""Royal George"" Cello",Violoncello,1782,,,,"Spruce, maple, ebony",48 1/8 × 17 1/4 × 10 in. (122.2 × 43.8 × 25.4 cm),British,United Kingdom,,,Coat of Arms,William Forster,Maker,British,,,,Musical Instruments,Chordophone-Lute-bowed-unfretted,English,False,True,https://www.metmuseum.org/art/collection/search/627897,https://images.metmuseum.org/CRDImages/mi/original/DP-12319-024.jpg,36,https://www.wikidata.org/wiki/Q116444387,,
503897,Positive Organ,Positive Organ,17th century,,,,"Woods, metal alloys, leather and various materials.",164cm x 105cm x 105cm,German,Germany,,,,,,,,,,Musical Instruments,Aerophone-Organ,,False,True,https://www.metmuseum.org/art/collection/search/503897,https://images.metmuseum.org/CRDImages/mi/original/DT10082.jpg,3,,,
504309,Oboe,Oboe,ca. 1770–90,,,,"Wood, metal",L.: 56.6 cm (22-3/8 in.),British,United Kingdom,,London,,Thomas Collier,Maker,British,1753,1791,,Musical Instruments,Aerophone-Reed Vibrated-double reed,"British, London active 1753–1791 London",False,True,https://www.metmuseum.org/art/collection/search/504309,https://images.metmuseum.org/CRDImages/mi/original/233354.jpg,0,,,
501909,Seven String Bass Viol,Seven String Bass Viol,1720,,,,"Maple, spruce","Height: 51 15/16 in. (132 cm)
Width: 16 1/8 in. (41 cm)
Depth: 9 13/16 in. (25 cm)",French,France,,Paris,,Nicolas Bertrand,Maker,French,1686,1735,,Musical Instruments,Chordophone-Lute-bowed-fretted,1686–1735,False,True,https://www.metmuseum.org/art/collection/search/501909,https://images.metmuseum.org/CRDImages/mi/original/DP222027.jpg,3,,,
502510,Bell,Bell,1st century CE,ancient?,,,Metal,"Height 6.9 cm, Length and width 5.6 x 4.2 cm,, Weight 124 g",Italian (Ancient Roman),Italy,,Rome,,,,,,,,Musical Instruments,Idiophone-Struck-bell-clapper,,False,True,https://www.metmuseum.org/art/collection/search/502510,https://images.metmuseum.org/CRDImages/mi/original/208672.jpg,1,,,
505484,Coach Horn in C,Coach Horn in C,ca. 1825–89,,,,"Brass, nickel-silver",48 1/8 × 3 3/16 × 3 3/16 in. (122.2 × 8.1 × 8.1 cm),European,,,,,,,,,,,Musical Instruments,Aerophone-Lip Vibrated-horn,,False,True,https://www.metmuseum.org/art/collection/search/505484,https://images.metmuseum.org/CRDImages/mi/original/DP-12679-117.jpg,1,https://www.wikidata.org/wiki/Q116235441,,
501450,Pachava,Pachava,late 19th century,,,,Bamboo,"Longest 5 in., shortest 2 in.","Melanesian (Pentecost Island, Vanuatuan)",Vanuatu,,,,,,,,,,Musical Instruments,Aerophone-Blow Hole-panpipe,,False,True,https://www.metmuseum.org/art/collection/search/501450,https://images.metmuseum.org/CRDImages/mi/original/midp89.4.838.jpg,1,,,
505033,Dung Chen,Dung Chen,0,19th century,,,Metal,L. 68 in. (172.7 cm),Tibetan,Tibet,,,,,,,,,,Musical Instruments,Aerophone-Lip Vibrated-trumpet / trombone,,False,True,https://www.metmuseum.org/art/collection/search/505033,https://images.metmuseum.org/CRDImages/mi/original/DP-29954-001.jpg,1,,,
824263,"Demilune horn ""grand cor""","Demilune horn ""grand cor""",early 17th century,,,,Brass,Length along outside curve 108.0cm.,French,,,,,"Cretien workshop, Vernon (c.1620 – ca. 1690)",Maker,French,,,,Musical Instruments,Aerophone,,False,True,https://www.metmuseum.org/art/collection/search/824263,https://images.metmuseum.org/CRDImages/mi/original/DP-18693-001.jpg,1,,,
500760,Sitar,Sitār,late 19th century,,,,Wood,L. 88.9 cm (35 in.); Diam. of body 11.4 cm (4-1/2 in.),Indian,India,,,,,,,,,,Musical Instruments,Chordophone-Lute-plucked-fretted,,False,True,https://www.metmuseum.org/art/collection/search/500760,https://images.metmuseum.org/CRDImages/mi/original/MUS179A.jpg,2,,,
501773,Glassichord,Glassichord,mid-19th century,,,,"Mahogany, various materials",70cm x 51cm x 26cm,American,United States,,,,,,,,,,Musical Instruments,Idiophone-Struck-bar-glass,,False,True,https://www.metmuseum.org/art/collection/search/501773,https://images.metmuseum.org/CRDImages/mi/original/89.4.1202 slide.jpg,2,,,
501781,Glass Harmonica,Glass Harmonica,18th century,,,,"Wood, glass, various materials","117cm x 44cm x 92cm (and bits, boxes of glass)",possibly German,possibly Germany,,,,,,,,,,Musical Instruments,Idiophone-Friction,,False,True,https://www.metmuseum.org/art/collection/search/501781,https://images.metmuseum.org/CRDImages/mi/original/140376.jpg,0,,,
500840,Phin,Phin,late 19th century,,,,Wood,42 × 4 1/2 in. (106.7 × 11.4 cm),Thai,Thailand,,,,,,,,,,Musical Instruments,Chordophone-Lute-plucked,,False,True,https://www.metmuseum.org/art/collection/search/500840,https://images.metmuseum.org/CRDImages/mi/original/midp89.4.288.jpg,0,,,
502486,Daf,Daf,late 19th Century,,,,"wood, skin, metal, bone, leather",D. 5.6 x Diam. 48cm (2 3/16 x 18 7/8in.),Azerbaijani,Azerbaijan,Caucasus,,,,,,,,,Musical Instruments,Membranophone-single-headed / frame drum,,False,True,https://www.metmuseum.org/art/collection/search/502486,https://images.metmuseum.org/CRDImages/mi/original/midp89.4.1898.jpg,3,,,
503482,Clarinet in B-flat,Clarinet in B-flat,1804–08,,,,"Boxwood, ivory, brass, synthetic",Height: 26 5/16 in. (66.9 cm),British,United Kingdom,,London,,George Goulding Co.,Maker,British,1785,9999,,Musical Instruments,Aerophone-Reed Vibrated-single reed cylindrical,"British, founded London 1785",False,True,https://www.metmuseum.org/art/collection/search/503482,https://images.metmuseum.org/CRDImages/mi/original/1997.219.8.1(2014-10-6).jpg,2,,,
504182,Xiao,Xiao,18th or 19th centuries,Qing dyansty (1644-1911),,,Jade,20 1/2 × 3/4 × 3/4 × 11/16 in. (52.1 × 1.9 × 1.9 × 1.7 cm),Chinese,China,,,,,,,,,,Musical Instruments,Aerophone-Blow Hole-end-blown flute (vertical),,False,True,https://www.metmuseum.org/art/collection/search/504182,https://images.metmuseum.org/CRDImages/mi/original/DP216556.jpg,0,https://www.wikidata.org/wiki/Q116413245,,
500623,Zheng,Zheng,19th century,,,,Wood,L: 99.1 cm (39 in.); W: 12.7 cm (5 in.),Chinese,China,,,,K'ai -Sheng Shop,Maker,,,,,Musical Instruments,Chordophone-Zither-plucked-long zither,,False,True,https://www.metmuseum.org/art/collection/search/500623,https://images.metmuseum.org/CRDImages/mi/original/midp89.4.48.jpg,4,,,
501545,Tabor Pipe in F,Tabor Pipe in F,19th century,,,,"Wood, horn",L. 11-5/8 in. (295 mm.),French or British,France or England,,,,,,,,,,Musical Instruments,Aerophone-Blow Hole-end-blown flute (vertical),,False,True,https://www.metmuseum.org/art/collection/search/501545,https://images.metmuseum.org/CRDImages/mi/original/MUS307A4.JPG,0,,,
501530,Transverse Flute in F,Transverse Flute in F,early 19th century,,,,"Wood, silver","L. 507 mm., Embouchure length 440 mm.",British,United Kingdom,,,,,,,,,,Musical Instruments,Aerophone-Blow Hole-side-blown flute (transverse),,False,True,https://www.metmuseum.org/art/collection/search/501530,https://images.metmuseum.org/CRDImages/mi/original/206127.jpg,0,,,
501031,Guenbri,Guenbri,late 19th century,,,,Gourd,51cm x 10.5cm x 7cm,Egyptian,Egypt,,,,,,,,,,Musical Instruments,Chordophone-Lute-plucked-unfretted,,False,True,https://www.metmuseum.org/art/collection/search/501031,https://images.metmuseum.org/CRDImages/mi/original/MUS2025.jpg,0,,,
504402,Violin,Violin,1893,,,,Wood,,American,United States,,New York,,August Martin Gemünder,Artist,,1862,1928,,Musical Instruments,Chordophone-Lute-bowed-unfretted,,False,True,https://www.metmuseum.org/art/collection/search/504402,https://images.metmuseum.org/CRDImages/mi/original/DP-20992-001.jpg,2,,,
501731,Echelettes,Echelettes,19th century,,,,"Wood, cord","Longest 9-1/2 in., Shortest 4 in.",French,France,,,,,,,,,,Musical Instruments,Idiophone-Struck-bar-wood,,False,True,https://www.metmuseum.org/art/collection/search/501731,https://images.metmuseum.org/CRDImages/mi/original/MUS707A.jpg,0,,,
500656,Dosa,Dosa,19th century,,,,"copper, cord",Length: 42.5 cm (16-3/4 in.); Bell diameter: 11.6 cm (4-9/16 in.),Japanese,Japan,,,,,,,,,,Musical Instruments,Aerophone-Free Reed-mouth organ,,False,True,https://www.metmuseum.org/art/collection/search/500656,https://images.metmuseum.org/CRDImages/mi/original/MUS497A.jpg,0,,,
501968,Jew's Harp,Jew's Harp,late 19th century,,,,Bamboo,9 in. x 1-1/4 in.,"Melanesian (New Ireland, Papua New Guinean)",Papua New Guinea,Bismarck Archipelago,,,,,,,,,Musical Instruments,Idiophone-Plucked / Depressed,,False,True,https://www.metmuseum.org/art/collection/search/501968,https://images.metmuseum.org/CRDImages/mi/original/midp89.4.1402.jpg,0,,,
501304,Pottery Whistle,Pottery Whistle,19th century (?),,,,clay,L. 59 mm.; W. 19 mm.; D. 28 mm.; Wt. 16 g.,Mexican,Mexico,,,,,,,,,,Musical Instruments,Aerophone-Whistle Flute-whistle,,False,True,https://www.metmuseum.org/art/collection/search/501304,https://images.metmuseum.org/CRDImages/mi/original/MIDP89.4.688.jpg,0,,,
505210,Portrait of a Family,Portrait of a Family,second half 16th century,,,,,,Italian,Italy,,,Girls|Men|Portraits|Women|Harps|Lutes,Girolamo Forni and assistant,Maker,Italian,,,,Musical Instruments,Paintings,,False,True,https://www.metmuseum.org/art/collection/search/505210,https://images.metmuseum.org/CRDImages/mi/original/ep89.4.2742.bw.R.jpg,0,https://www.wikidata.org/wiki/Q78625518,,
501383,Kolove,Kolove (musical bow),late 19th century,,,,Bamboo,L. 39.9 × Diam. 1.3 cm (15 11/16 × 1/2 in.),"Melanesian (Nggela Islands, Solomon Islands)",Solomon Islands,,,,,,,,,,Musical Instruments,Chordophone-Musical Bow,,False,True,https://www.metmuseum.org/art/collection/search/501383,https://images.metmuseum.org/CRDImages/mi/original/midp89.4.781.jpg,0,,,
501001,Zils,Zils,19th century,,,,Brass or bronze,"All approximate:
	pitch	weight (including thong                  diameter
                                             where present)
                                                                               
A	C-	19g				45 cm
B	C	20				45
C	B	20				45
D	D	27				45",Turkish,Turkey,,,,,,,,,,Musical Instruments,Idiophone-Concussion,,False,True,https://www.metmuseum.org/art/collection/search/501001,https://images.metmuseum.org/CRDImages/mi/original/midp89.4.380a-d.jpg,1,,,
652387,Tenor valve trombone,Tenor valve trombone,ca. 1863,,,,"Brass, white metal, cork",29 1/2 × 26 3/4 × 8 3/8 in. (75 × 68 × 21.3 cm),French,France,,Paris,,Adolphe (Antoine Joseph) Sax,Maker,"Belgian, active France",1814-11-06,1894-02-07,,Musical Instruments,Aerophone-Lip Vibrated-trumpet / trombone,"Belgian, Dinant, Belgium 1814–1894 Paris",False,True,https://www.metmuseum.org/art/collection/search/652387,https://images.metmuseum.org/CRDImages/mi/original/DP331005.jpg,2,https://www.wikidata.org/wiki/Q61627733,https://www.wikidata.org/wiki/Q181995,http://vocab.getty.edu/page/ulan/500332407
501005,Naqqareh,Naqqareh,late 19th century,,,,"Body brass, head parchment.  2 wooden sticks.","H.  7.6 cm (3 in.), Diam. 7.6 cm (3 in.)",Syrian,Syria,,,,,,,,,,Musical Instruments,Membranophone-single-headed / kettle drum,,False,True,https://www.metmuseum.org/art/collection/search/501005,https://images.metmuseum.org/CRDImages/mi/original/MUS682A2.jpg,0,,,
504190,Alto Flute,Alto Flute,mid-19th century,,,,"Boxwood, ivory, silver, pewter, brass, cork","L. 99.3 cm (39-1/8 in.)
Embouchure L. 88.1 cm (34-3/4 in.)",Austrian,Austria,,Vienna,,Johann Ziegler,Maker,Austrian,,,,Musical Instruments,Aerophone-Blow Hole-side-blown flute (transverse),,False,True,https://www.metmuseum.org/art/collection/search/504190,https://images.metmuseum.org/CRDImages/mi/original/240398.jpg,0,,,
502207,Bell,Bell,3rd or 4th century BCE (?),,,,Leaded bronze,4 13/16 × 3 1/4 × 2 1/8 in. (12.2 × 8.3 × 5.4 cm),Greek,Greece,,,,,,,,,,Musical Instruments,Idiophone-Struck-bell-without clapper,,False,True,https://www.metmuseum.org/art/collection/search/502207,https://images.metmuseum.org/CRDImages/mi/original/203375.jpg,2,https://www.wikidata.org/wiki/Q116273216,,
502359,Soprano Sarrusophone in B-flat,Soprano Sarrusophone in B-flat,late 19th century,,,,brass,L. w/o reed 26.25 in.; Diam. of bell 2.25 in.; Diam. of bore inside crook tenon .200 in.; Diam. of bore - small end of crook .127 in.,French,France,,Paris,,Gautrot-Marquet,Maker,French,1875,1884,,Musical Instruments,Aerophone-Reed Vibrated-double reed,"French, Paris 1875–1884",False,True,https://www.metmuseum.org/art/collection/search/502359,https://images.metmuseum.org/CRDImages/mi/original/mus349a.JPG,2,,,
500533,Oboe,Oboe,ca. 1806–13,,,,"Boxwood, brass","Length:  556 mm., Bell diameter:  58 mm., Weight:  315 g.",German,Germany,,Dresden,,Johann Heinrich Grenser,Maker,German,1764,1813,,Musical Instruments,Aerophone-Reed Vibrated-double reed,"German, Lipprechtsroda, Thuringia 1764–1813 Dresden",False,True,https://www.metmuseum.org/art/collection/search/500533,https://images.metmuseum.org/CRDImages/mi/original/DP218087.jpg,2,https://www.wikidata.org/wiki/Q116273865,,
500611,Chang-ku,Chang-ku,19th century,,,,"Wood, skin",24 × 11 in. (61 × 27.9 cm),Chinese,China,,,,,,,,,,Musical Instruments,Membranophone-double-headed / waisted drum,,False,True,https://www.metmuseum.org/art/collection/search/500611,https://images.metmuseum.org/CRDImages/mi/original/MUS596A1.jpg,1,,,
501977,Barrel Organ,Barrel Organ,ca. 1830,,,,"Wood, various materials","Instr.: 50cm x 38cm x 60cm 
Box: 52cm x 30.5cm x 17cm",British,United Kingdom,,London?,,,,,,,,Musical Instruments,Aerophone-Automatic,,False,True,https://www.metmuseum.org/art/collection/search/501977,https://images.metmuseum.org/CRDImages/mi/original/MUS482A.jpg,1,,,
501456,Pandeiro,Pandeiro,early 19th century,,,,tin,Diam. of circle 8-1/2 in.,Portuguese,Portugal,,,,,,,,,,Musical Instruments,Idiophone-Shaken-jingle,,False,True,https://www.metmuseum.org/art/collection/search/501456,https://images.metmuseum.org/CRDImages/mi/original/MUS716A1.jpg,0,,,
502679,Lyre,Lyre,19th century,,,,"Tortoiseshell, antelope horns, animal hide, shark teeth, hemp string",113cm x 58cm x 18cm,African (east),,,,,,,,,,,Musical Instruments,Chordophone-Lyre-plucked,,False,True,https://www.metmuseum.org/art/collection/search/502679,https://images.metmuseum.org/CRDImages/mi/original/147470.jpg,0,,,
501633,Guitar,Guitar,1770,,,,Various woods,Total length: 908 mm,Belgian,Belgium,,,,Guillaume Joseph Lekeu,Maker,Belgian,1767,1800,,Musical Instruments,Chordophone-Lute-plucked-fretted,"Belgian, Namur active late 18th century",False,True,https://www.metmuseum.org/art/collection/search/501633,https://images.metmuseum.org/CRDImages/mi/original/12217.JPG,2,,,
501288,Rasp,Rasp,19th century,,,,wood,L. 53.5 × D.  2.1 cm (21 1/16 × 13/16 in.),"Native American (Seri, probably), Yuman family",Mexico,,Sonora,,,,,,,,Musical Instruments,Idiophone-Scraped,,False,True,https://www.metmuseum.org/art/collection/search/501288,https://images.metmuseum.org/CRDImages/mi/original/midp89.4.672a.jpg,4,,,
501155,Bowl Lyre,Bowl Lyre,19th century,,,,"Tortoiseshell, skin, wood, leather",48.5cm x 20.5cm x 5cm,probably Ethiopian,probably Ethiopia,,,,,,,,,,Musical Instruments,Chordophone-Lyre-plucked,,False,True,https://www.metmuseum.org/art/collection/search/501155,https://images.metmuseum.org/CRDImages/mi/original/260514.jpg,2,,,
502205,Handbell,Handbell,19th century,,,,Metal,"Height  11.6 cm, Diameter  8.3 cm, Weight 339 g",Dutch,Holland,,,,,,,,,,Musical Instruments,Idiophone-Struck-bell-clapper,,False,True,https://www.metmuseum.org/art/collection/search/502205,https://images.metmuseum.org/CRDImages/mi/original/DP161934.jpg,2,,,
500950,Riq  رق  (Tambourine),Riq  رق (Tambourine),late 19th century,,,,"Wood, ivory, pearl","Diam. 17.8 cm (7 in.), Depth  5.7 cm (2-1/4 in.)",Egyptian,Egypt,,,,,,,,,,Musical Instruments,Membranophone-single-headed / frame drum,,False,True,https://www.metmuseum.org/art/collection/search/500950,https://images.metmuseum.org/CRDImages/mi/original/midp89.4.323.jpg,3,,,
501164,Pluriarc,Pluriarc,late 19th century,,,,"Wood, tin",29 × 6 × 3 1/2 in. (73.7 × 15.2 × 8.9 cm),Congolese,,Congo District,,,,,,,,,Musical Instruments,Chordophone-Musical Bow,,False,True,https://www.metmuseum.org/art/collection/search/501164,https://images.metmuseum.org/CRDImages/mi/original/MUS237A.jpg,0,,,
500955,Bālābān,Bālābān,late 19th century,,,,Wood (mulberry or apricot),Overall: 2.5 x 29.7cm (1 x 11-11/16in.),Possibly Azerbaijani,Iran,,,,,,,,,,Musical Instruments,Aerophone-Reed Vibrated-double reed,,False,True,https://www.metmuseum.org/art/collection/search/500955,https://images.metmuseum.org/CRDImages/mi/original/midp89.4.328.JPG,1,,,
503033,Ryūteki,Ryūteki,19th century,,,,Wood,"1 × 15 5/8 × 1 in. (2.5 × 39.7 × 2.5 cm)
Case: 2 1/2 × 16 3/4 × 1 1/2 in. (6.4 × 42.5 × 3.8 cm)",Japanese,Japan,,,,,,,,,,Musical Instruments,Aerophone-Blow Hole-side-blown flute (transverse),,False,True,https://www.metmuseum.org/art/collection/search/503033,https://images.metmuseum.org/CRDImages/mi/original/142070.jpg,1,https://www.wikidata.org/wiki/Q116413079,,
501976,Atumpan,Atumpan,19th century,,,,"Wood, fiber, hide",22 1/16 × 9 3/4 in. (56 × 24.8 cm),Ashanti (Asante),Ghana,,,,,,,,,,Musical Instruments,Membranophone-single-headed / goblet drum,,False,True,https://www.metmuseum.org/art/collection/search/501976,https://images.metmuseum.org/CRDImages/mi/original/DP-14195-001.jpg,0,,,
501894,Tromba Marina,Tromba Marina,19th century,,,,Wood,"Total length  166.4 cm, Length of soundbox  101.4 cm, Greatest width  51.9 cm, Depth at bottom edge  40.0 cm, Width at narrowest part of soundbox  7.2 cm",German or Swiss,Germany or Switzerland,,,,,,,,,,Musical Instruments,Chordophone-Lute-bowed-unfretted,,False,True,https://www.metmuseum.org/art/collection/search/501894,https://images.metmuseum.org/CRDImages/mi/original/MUS64ARIGHT.jpg,1,,,
504709,"""Musical Ball"" (""Return Ball"")","""Musical Ball"" (""Return Ball"")",early 19th century,,,,papier mâché and other materials,Diam. c. 17cm (6 11/16in.),Chinese,China?,,,,,,,,,,Musical Instruments,Idiophone,,False,True,https://www.metmuseum.org/art/collection/search/504709,https://images.metmuseum.org/CRDImages/mi/original/MIDP89.4.2330color.jpg,0,,,
501321,Mandolin,Mandolin,late 19th century,,,,"Wood, various materials",L. 72.4 cm (28-1/2 in.) Greatest width 28.2 cm(11-1/16 in.) Greatest depth 13.6 cm (5-5/16 in.) string length 44 cm (17-5/16 in.),U.S.A. or Brazil,United States or Brazil,,,,,,,,,,Musical Instruments,Chordophone-Lute-plucked-fretted,,False,True,https://www.metmuseum.org/art/collection/search/501321,https://images.metmuseum.org/CRDImages/mi/original/MUS1392B.JPG,0,,,
503460,Clarinet d'Amore in G,Clarinet d'Amore in G,ca. 1770,,,,"Boxwood, brass",L. w/o crook: 67.5 cm (26-5/8 in.),German,Germany,,,,,,,,,,Musical Instruments,Aerophone-Reed Vibrated-single reed cylindrical,,False,True,https://www.metmuseum.org/art/collection/search/503460,https://images.metmuseum.org/CRDImages/mi/original/1995.253.8.jpg,2,,,
504939,Cattle Bell,Cattle Bell,ca. 1850–89,,,,"Brass plated iron sheet, leather","Overall: 21cm, 0.7kg, 10.2cm (8 1/4in., 1.6lb., 4in.)",German,Germany,,,,,,,,,,Musical Instruments,Idiophone-Struck-bell-clapper,,False,True,https://www.metmuseum.org/art/collection/search/504939,https://images.metmuseum.org/CRDImages/mi/original/MUS690A1.jpg,0,,,
500550,Mandola,Mandola,1773,,,,"Wood, ivory, mother-of-pearl, brass",Overall: 20.3 x 71.1cm (8 x 28 in.),Italian,Italy,,Naples,,Antonius Vinaccia,Maker,"Italian, Naples",1754,1781,,Musical Instruments,Chordophone-Lute-plucked-fretted,"Italian, Naples active 1754–1781 Naples",False,True,https://www.metmuseum.org/art/collection/search/500550,https://images.metmuseum.org/CRDImages/mi/original/MUS2011.jpg,0,,,
501317,Drum,Drum,19th century,,,,"Wood, skin",H. 24.1 x Diam. 22.9cm (9 1/2 x 9in.),Native American (Guyanese: Demerara),Guyana,,,,,,,,,,Musical Instruments,Membranophone-double-headed / cylindrical drum,,False,True,https://www.metmuseum.org/art/collection/search/501317,https://images.metmuseum.org/CRDImages/mi/original/MIDP89.4.701_frontelevated.jpg,1,,,
505034,Bass Ophicleide in B-flat,Bass Ophicleide in B-flat,ca. 1825,,,,Brass,"48 7/16 × 12 1/2 × 7 1/2 in., 10 lb. (123 × 31.8 × 19.1 cm, 4535.97g)
Diameter: 15 3/8 in. (39 cm)",European,,,,Dragons,,,,,,,Musical Instruments,Aerophone-Lip Vibrated-horn,,False,True,https://www.metmuseum.org/art/collection/search/505034,https://images.metmuseum.org/CRDImages/mi/original/DP-12679-101.jpg,4,https://www.wikidata.org/wiki/Q116235450,,
501396,Time Marker,Lime spatula (Time Marker),late 19th century,,,,Wood,11 13/16 × 1 3/8 × 3/4 in. (30 × 3.5 × 1.9 cm),"Melanesian (Massim Region, Papua New Guinean)",Papua New Guinea,,,,,,,,,,Musical Instruments,Idiophone-Concussion,,False,True,https://www.metmuseum.org/art/collection/search/501396,https://images.metmuseum.org/CRDImages/mi/original/midp89.4.768.jpg,0,https://www.wikidata.org/wiki/Q116412978,,
503468,Pair of Transverse Flutes,Pair of Transverse Flutes,mid-18th century,,,,"Ivory, silver, wood",Height (With longest corps de rechange): 24 3/4 in. (62.8 cm),German,Germany,,Nürnberg,,Johann Wilhelm Oberlender (the Elder),Maker,German,1681,1763,,Musical Instruments,Aerophone-Blow Hole-side-blown flute (transverse),"German, Nuremberg 1681–1763 Nuremberg",False,True,https://www.metmuseum.org/art/collection/search/503468,https://images.metmuseum.org/CRDImages/mi/original/DP317371.jpg,2,,,
502045,Viola d'Amore,Viola d'Amore,1739,,,,"Spruce, maple","L. 82.9 cm,  Body L. 42.4 cm, String L. 39 cm approx.",German,Germany,,Augsburg,,,,,,,,Musical Instruments,Chordophone-Lute-bowed-unfretted,,False,True,https://www.metmuseum.org/art/collection/search/502045,https://images.metmuseum.org/CRDImages/mi/original/DP217167.jpg,2,,,
504735,"""Basso""","""Basso""",second half of the 19th century,,,,brass,"Diameter (Of bell): 8 in. (20.3 cm)
Length (Of tube): 27 3/4 in. (70.5 cm)",Italian,Italy,,Florence,,Leopoldo Franciolini,Maker,Italian,1844,1920,,Musical Instruments,Aerophone-Lip Vibrated-horn,"Italian, Florence 1844–1920 Florence",False,True,https://www.metmuseum.org/art/collection/search/504735,https://images.metmuseum.org/CRDImages/mi/original/DP-12679-074.jpg,1,,https://www.wikidata.org/wiki/Q3229815,http://vocab.getty.edu/page/ulan/500331170
501143,Flute,Flute,late 19th century,,,,Bamboo,L. 36.8 cm 14-1/2 in.; Diam. 1.9 cm (3/4 in.),Malagasy,Madagascar,,,,,,,,,,Musical Instruments,Aerophone-Blow Hole-end-blown flute (vertical),,False,True,https://www.metmuseum.org/art/collection/search/501143,https://images.metmuseum.org/CRDImages/mi/original/259036.jpg,0,,,
505106,Gheṇṭa (prayer bell),Gheṇṭa (prayer bell),11th century,Eastern Javanese,,,Cast bronze,"7 1/4 × 3 1/8 × 3 1/8 in., 24oz. (18.4 × 7.9 × 7.9 cm, 680.465g)",Javanese,Indonesia,,,,,,,,,,Musical Instruments,Idiophone-Struck-bell-clapper,,False,True,https://www.metmuseum.org/art/collection/search/505106,https://images.metmuseum.org/CRDImages/mi/original/80062.jpg,0,https://www.wikidata.org/wiki/Q116252882,,
505111,Gheṇṭa (prayer bell),Gheṇṭa (prayer bell),11th century,Eastern Javanese,,,Cast bronze,"5 1/2 × 2 1/2 × 2 1/2 in., 10oz. (14 × 6.4 × 6.4 cm, 283.527g)",Javanese,Indonesia,,,,,,,,,,Musical Instruments,Idiophone-Struck-bell-clapper,,False,True,https://www.metmuseum.org/art/collection/search/505111,https://images.metmuseum.org/CRDImages/mi/original/80067.jpg,0,https://www.wikidata.org/wiki/Q116252867,,
501355,Ka La'Au (concussion sticks),Ka La'Au (concussion sticks),19th century,,,,Wood (Kauila?),L. 83.1 cm (32-11/16 in.); Diam. at center: 3.7 cm (1-7/16 in.); Diam. at ends: 2.8 cm (1-1/16 in.),Hawai'i,United States,,,,,,,,,,Musical Instruments,Idiophone-Concussion,,False,True,https://www.metmuseum.org/art/collection/search/501355,https://images.metmuseum.org/CRDImages/mi/original/midp89.4.739-740.jpg,0,,,
505058,Bass Ophicleide in C,Bass Ophicleide in C,ca. 1825,,,,"Brass, ivory",Overall: 26.4 x 98.7cm (10 3/8 x 38 7/8in.),Belgian,Belgium,,,,,,,,,,Musical Instruments,Aerophone-Lip Vibrated-horn,,False,True,https://www.metmuseum.org/art/collection/search/505058,https://images.metmuseum.org/CRDImages/mi/original/DP249364.jpg,2,,,
501930,Zanze,Zanze,late 19th century,,,,"Wood, metal, wire","L. 6-1/2 in., W. 5 in.",Gabonese,Gabon,,,,,,,,,,Musical Instruments,Idiophone-Plucked / Depressed,,False,True,https://www.metmuseum.org/art/collection/search/501930,https://images.metmuseum.org/CRDImages/mi/original/midp89.4.1364 (2).jpg,0,,,
500601,Fung Kam,Fung Kam,19th century,,,,Paper,Wing span: 91.4 cm (36 in.); L. of body: 30.5 cm (12 in.),Chinese,China,,,,,,,,,,Musical Instruments,Aerophone-Whistle Flute-whistle,,False,True,https://www.metmuseum.org/art/collection/search/500601,https://images.metmuseum.org/CRDImages/mi/original/midp89.4.24.jpg,0,,,
503407,Kettledrum,Kettledrum,late 18th century (?),,,,"Copper, iron, skin, fabric","Diam. of hoop 51.5 cm. 
Height to top of hoop 30.0 cm.
Dim. of banner: 91cm x 127cm",probably German,Germany?,,,,,,,,,,Musical Instruments,(not assigned),,False,True,https://www.metmuseum.org/art/collection/search/503407,https://images.metmuseum.org/CRDImages/mi/original/midp1991.137.2.jpg,0,,,
503257,Flute,Flute,1300–1500,Pre-Columbian,,,Ceramic,L. 9 cm (3-9/16 in.),Tairona People; Bellavista style,Colombia,,,,,,,,,,Musical Instruments,Aerophone-Whistle Flute-recorder,,False,True,https://www.metmuseum.org/art/collection/search/503257,https://images.metmuseum.org/CRDImages/mi/original/DP159036.jpg,0,,,
504241,Square Piano,Square Piano,1797,,,,"Mahogany veneer, boxwood, iron, brass, ivory, ebony, and various materials","Case length (perpendicular to keyboard): 57.3 cm (22 5/8 in.)
Width (parallel to keyboard): 162.9 cm (64 1/8 in.)
Depth (without lid): 22.0 cm (8 3/4 in.)
Total height: 86.3 cm (34 in.)
Stand with 4 square, tapered legs supporting a shelf and a central damper pedal - Measurements: H. 25 in. W. 64 in. D ~22 1/2 in.",British,England,,London,,John Broadwood & Sons,Maker,,,,,Musical Instruments,Chordophone-Zither-struck-piano,,False,True,https://www.metmuseum.org/art/collection/search/504241,https://images.metmuseum.org/CRDImages/mi/original/DT7273.jpg,1,,https://www.wikidata.org/wiki/Q1699418,http://vocab.getty.edu/page/ulan/500336857
504465,Ratchet,Ratchet,late 18th–mid-19th century,,,,Wood,L. 22.3 x W. 19cm (8 3/4 x 7 1/2in),American or English,United States,,,,,,,,,,Musical Instruments,Idiophone-Plucked / Depressed,,False,True,https://www.metmuseum.org/art/collection/search/504465,https://images.metmuseum.org/CRDImages/mi/original/midp1986.467.92.jpg,0,,,
500739,Dholak,Dholak (drum),19th century,,,,"Wood, parchment, skin",L. 31 cm; W. 31 cm; H. 31 cm,Indian,India,,,,,,,,,,Musical Instruments,Membranophone-double-headed / cylindrical drum,,False,True,https://www.metmuseum.org/art/collection/search/500739,https://images.metmuseum.org/CRDImages/mi/original/MUS623A.jpg,0,,,
500996,Ūd,Ūd,late 19th century,,,,Wood,"L. 74.9 cm (29-1/2 in.), W. 35.6 cm (14 in.)",Syrian,Syria,,,,,,,,,,Musical Instruments,Chordophone-Lute-plucked-unfretted,,False,True,https://www.metmuseum.org/art/collection/search/500996,https://images.metmuseum.org/CRDImages/mi/original/MUS246A.jpg,0,,,
502896,Pottery Flute,Pottery Flute,late 19th century,,,,Clay (blackware),L. 243 mm.; W. 81 mm.; D. 44 mm.; Wt. 200 g.,Mexican,Mexico,,,,,,,,,,Musical Instruments,Aerophone-Whistle Flute-recorder,,False,True,https://www.metmuseum.org/art/collection/search/502896,https://images.metmuseum.org/CRDImages/mi/original/midp89.4.3331.jpg,1,,,
505526,Grand Piano,Grand Piano,ca. 1790–95,,,,Various materials,214cm x 102cm x 84cm,Austrian (Salzburg),Austria,,Salzburg,,Johann Schmidt,Maker,Austrian,1757,1804,,Musical Instruments,Chordophone-Zither-struck-piano,Austrian 1757–1804,False,True,https://www.metmuseum.org/art/collection/search/505526,https://images.metmuseum.org/CRDImages/mi/original/DP302652.jpg,4,,,
503705,Viola d'Amore,Viola d'Amore,1733,,,,"Brass, wood, ivory, metal",L. 2 ft. 3 1/2 in; W. 8 3/4in.,Austrian,Austria,,,,,,,,,,Musical Instruments,Chordophone-Lute-bowed-fretted,,False,True,https://www.metmuseum.org/art/collection/search/503705,https://images.metmuseum.org/CRDImages/mi/original/MUS103Aright.jpg,0,,,
503357,Lute,Lute,late 16th century,,,,"Yew, spruce, ebony, maple",Height: 22 1/16 in. (56 cm),Italian,Italy,,Padua,,Wendelin Tieffenbrucker,Maker,"German, active Italy",1570,1610,,Musical Instruments,Chordophone-Lute-plucked-fretted,"German, active 1570–1610",False,True,https://www.metmuseum.org/art/collection/search/503357,https://images.metmuseum.org/CRDImages/mi/original/DP168843.jpg,4,https://www.wikidata.org/wiki/Q116272674,,
500758,Tambura,Tambura,19th century,,,,"Gourd, wood, ivory, bone, paint, steel","36 7/16 × 9 3/16 × 7 1/4 in. (92.5 × 23.3 × 18.4 cm)

Weight: under 40 lbs",Indian,India,,,Peacocks|Ganesha,,,,,,,Musical Instruments,Chordophone-Lute-plucked-unfretted,,False,True,https://www.metmuseum.org/art/collection/search/500758,https://images.metmuseum.org/CRDImages/mi/original/DP-24037-001.jpg,1,https://www.wikidata.org/wiki/Q116728078,,
502065,Takumbo,Takumbo,late 19th century,,,,"Bamboo, fiber",L. 29 3/4 × Diam. 3 1/8 in. (75.5 × 8 cm),Philippine,,,,,,,,,,,Musical Instruments,Chordophone-Zither-struck-tube,,False,True,https://www.metmuseum.org/art/collection/search/502065,https://images.metmuseum.org/CRDImages/mi/original/midp89.4.1490.jpg,1,,,
503480,Clarinet in B-flat,Clarinet in B-flat,1878,,,,"Ebonite, nickel-silver",Height: 26 13/16 in. (68.1 cm),British,United Kingdom,,London,,Hawkes & Son,Maker,British,,,,Musical Instruments,Aerophone-Reed Vibrated-single reed cylindrical,,False,True,https://www.metmuseum.org/art/collection/search/503480,https://images.metmuseum.org/CRDImages/mi/original/1997.219.6.1(10-28-2014).jpg,4,,,
502278,Whistling Jar,Whistling Jar,ca. 600–1000,Pre-Columbian,,,Pottery,L. 14 cm.; H. 20.6 cm.; Wt. 553 g.,Peruvian,Peru,North Coast,,,,,,,,,Musical Instruments,Aerophone-Blow Hole-vessel flute,,False,True,https://www.metmuseum.org/art/collection/search/502278,https://images.metmuseum.org/CRDImages/mi/original/188962.jpg,1,,,
505379,Square Piano,Square Piano,ca. 1800–1810,,,,"Mahogany, rosewood, pine, maple, iron, brass, ivory, ebony, various materials.","Instr. 170cm x 59.5cm x 23.5cm
*Stand is in pieces","North American, Massachusetts",United States,,Milton,,Benjamin Crehore,Maker,American,1765,1831,,Musical Instruments,Chordophone-Zither-struck-piano,"American, Milton, Massachusetts 1765–1831 Milton, Massachusetts",False,True,https://www.metmuseum.org/art/collection/search/505379,https://images.metmuseum.org/CRDImages/mi/original/MUS973B.jpg,2,,,http://vocab.getty.edu/page/ulan/500333741
500696,Maling (Horse Bell),Maling (Horse Bell),19th century,,,,Metal,Diam. 6.4 cm (2-1/2 in.),Japanese,Japan,,,,,,,,,,Musical Instruments,Idiophone-Shaken-crotal bell,,False,True,https://www.metmuseum.org/art/collection/search/500696,https://images.metmuseum.org/CRDImages/mi/original/MUS748A2.jpg,0,,,
501796,Triangular Octave Spinet,Triangular Octave Spinet,1625,,,,"Wood, various materials","Inner Instrument:  
Length parallel to keyboard  82.0 cm 
Width perpendicular to keyboard  33.7 cm 
Depth 121 cm 

3-octave span  47.8 cm

Sounding lengths (plucking points):
c/e	79.6 (7.5)
c2	34.5 (5.5)
d4	7.6   (2.3)",Italian,Italy,,Florence,Men|Angels,Pasquino Querci,Maker,Italian,1600,1700,,Musical Instruments,Chordophone-Zither-plucked-spinet,"Italian, active Florence, 1610–25",False,True,https://www.metmuseum.org/art/collection/search/501796,https://images.metmuseum.org/CRDImages/mi/original/MUS1680LS.B.jpg,0,,,
501173,Drum,Drum,19th century,,,,"Wood, hide.",Overall: 32.2 x 38.5cm (12 -11/16 x 15 3/16in.),Mpongwe people,Gabon,,,,,,,,,,Musical Instruments,Membranophone-double-headed / cylindrical drum,,False,True,https://www.metmuseum.org/art/collection/search/501173,https://images.metmuseum.org/CRDImages/mi/original/MUS653A2.jpg,0,,,
503465,Ukulele,Ukulele,ca. 1928,,,,"Mahogany, rosewood","Height: 20 9/16 in. (52.2 cm)
Length (Of string): 13 9/16 in. (34.5 cm)",America,United States,,New York,,Nicòla Turturro,Maker,"American, born Italy",1872,1953,,Musical Instruments,Chordophone-Lute-plucked-fretted,"American, Bitonto, Italy 1872–1953 New York",False,True,https://www.metmuseum.org/art/collection/search/503465,https://images.metmuseum.org/CRDImages/mi/original/DP230441.jpg,1,,,
504019,Transverse Flute in D-flat,Transverse Flute in D-flat,1760–90,,,,"Hard-paste porcelain, gold-plated brass","1 3/8 × 24 5/8 × 1 1/4 in. (3.5 × 62.5 × 3.2 cm)
Length (Smaller joint): 7 13/16 in. (19.8 cm)
Length (Longer joint): 8 3/8 in. (21.3 cm)
Case: 1 3/4 × 10 1/8 × 6 1/2 in. (4.4 × 25.7 × 16.5 cm)",German,Germany,,,,,,,,,,Musical Instruments,Aerophone-Blow Hole-side-blown flute (transverse),,True,True,https://www.metmuseum.org/art/collection/search/504019,https://images.metmuseum.org/CRDImages/mi/original/DP302566.jpg,5,https://www.wikidata.org/wiki/Q29385692,,
502314,Ngonge,Ngonge,late 19th century,,,,wood,"H. 7 in., W. 10-1/2 in.",Congolese,Democratic Republic of the Congo,,,,,,,,,,Musical Instruments,Idiophone-Struck-bell-clapper,,False,True,https://www.metmuseum.org/art/collection/search/502314,https://images.metmuseum.org/CRDImages/mi/original/203920.jpg,0,,,
500709,Taūs (mayuri),Taūs (mayuri),19th century,,,,"Wood, parchment, metal, feathers",W. 45 1/2 × D. 5 7/8 in. (115.5 × 15 cm),Indian,India,,,Peacocks,,,,,,,Musical Instruments,Chordophone-Lute-bowed-fretted,,True,True,https://www.metmuseum.org/art/collection/search/500709,https://images.metmuseum.org/CRDImages/mi/original/MI89.4.163.jpg,2,https://www.wikidata.org/wiki/Q104413238,,
505265,Mandora,Mandora,ca. 1700–1799,,,,"Wood, ivory, mother-of-pearl",Overall: 19.1 x 50.8cm (7 1/2 x 20in.),Italian,Italy,,,,,,,,,,Musical Instruments,Chordophone-Lute-plucked-fretted,,False,True,https://www.metmuseum.org/art/collection/search/505265,https://images.metmuseum.org/CRDImages/mi/original/138001.jpg,0,,,
504020,Yuge,Yuge,ca. 1890,,,,"Wood, leather","L.: 149.9 cm (59 in.), approx. Diam. (8 in.)",Dinka people,Sudan,,Juba,,,,,,,,Musical Instruments,Aerophone-Lip Vibrated,,False,True,https://www.metmuseum.org/art/collection/search/504020,https://images.metmuseum.org/CRDImages/mi/original/DP147353.jpg,0,https://www.wikidata.org/wiki/Q116413235,,
503841,Tuba in E-flat,Tuba in E-flat,mid-19th century,,,,Brass,Length: 129.8cm (51 1/8in.) Diameter of bell:  27cm (10 5/8in.)  Diamete of bore:  1.48cm (9/16in.),American,United States,,New York,,John F. Stratton,Maker,American,,,,Musical Instruments,Aerophone-Lip Vibrated-trumpet / trombone,American,False,True,https://www.metmuseum.org/art/collection/search/503841,https://images.metmuseum.org/CRDImages/mi/original/89.4.2300 slide.jpg,1,,,http://vocab.getty.edu/page/ulan/500334774
500832,Rumana,Rumana,late 19th century,,,,"Wood, parchment",Diam. 20.3 cm (8 in.),Thai,Thailand,,,,,,,,,,Musical Instruments,Membranophone-single-headed / frame drum,,False,True,https://www.metmuseum.org/art/collection/search/500832,https://images.metmuseum.org/CRDImages/mi/original/midp89.4.280.jpg,2,,,
500589,Bo (鈸 ),Bo,19th century,Qing dynasty (1644-1911),,,Bronze (copper and tin alloy),Diameter: 12 in. (30.5 cm),Chinese,China,,,,,,,,,,Musical Instruments,Idiophone-Concussion,,False,True,https://www.metmuseum.org/art/collection/search/500589,https://images.metmuseum.org/CRDImages/mi/original/DP219342.jpg,1,,,
505643,Automaton,Automaton,ca. 1820,,,,"Gold, enamel, diamond, ruby",L.  6.2 cm (2 7/16 in.),Swiss,Switzerland,,,Frogs,,,,,,,Musical Instruments,Accessory,,False,True,https://www.metmuseum.org/art/collection/search/505643,https://images.metmuseum.org/CRDImages/mi/original/DT4890a.jpg,0,,,
501712,Bukkehorn,Bukkehorn,ca. 1883,,,,Ram's horn,"Length ca. 290 mm (length of tube), Diam. of bell  52 mm",Norwegian,Norway,,,,,,,,,,Musical Instruments,Aerophone-Lip Vibrated-horn,,False,True,https://www.metmuseum.org/art/collection/search/501712,https://images.metmuseum.org/CRDImages/mi/original/DP-23449-001.jpg,1,,,
501596,Zither,Zither,19th century,,,,"Wood, metal, gut.","Greatest width 31.9 cm., Depth of soundbox 4.5 cm., Sounding length of longest string 66.2 cm, Sounding length of shortest string 36.6 cm., Length +/- 78.0 cm.",German,Germany,,,,,,,,,,Musical Instruments,Chordophone-Zither-plucked,,False,True,https://www.metmuseum.org/art/collection/search/501596,https://images.metmuseum.org/CRDImages/mi/original/MUS48A.jpg,0,,,
500638,Osobuki,Osobuki,19th century,,,,Bamboo,,Japanese,Japan,,,,,,,,,,Musical Instruments,Aerophone-Whistle Flute-whistle,,False,True,https://www.metmuseum.org/art/collection/search/500638,https://images.metmuseum.org/CRDImages/mi/original/202425.jpg,0,,,
500717,Sarod,Sarod,ca. 1885,,,,"Dun wood, parchment, wire & gut",L. 34 15/16 × D. 9 7/8 in. (88.8 × 25.1 cm),Indian (northwest),India,,,,,,,,,,Musical Instruments,Chordophone-Lute-plucked-unfretted,,False,True,https://www.metmuseum.org/art/collection/search/500717,https://images.metmuseum.org/CRDImages/mi/original/DP-14177-001.jpg,1,,,
501645,Hurdy-Gurdy,Hurdy-Gurdy,19th century,,,,"Wood, various materials.","Total length (wthout crank)  62.5 cm., Body length  44.1 cm.,
Width of	upper bouts:  19.8 cm.
	middle bouts: 17.3 cm.
	lower bouts:  27.1 cm.
Total depth:  18.3 cm., Depth of ribs:  upper  9.3 cm., lower 10.1 cm.; Friction wheel diameter  13.8 cm., Keyboard span approx.  24.0 cm., Vibration length of strings approx.  35.0 cm.",German?,Germany?,,,,,,,,,,Musical Instruments,Chordophone-Bowed keyboard,,False,True,https://www.metmuseum.org/art/collection/search/501645,https://images.metmuseum.org/CRDImages/mi/original/Mus102Aright.jpg,0,,,
501710,Cornetto in A,Cornetto in A,early 17th century,,,,"Wood, leather","Length  52.9 cm w/o mouthpiece, Diam. of bell:  ID +/- 1.123 in., OD +/- 1.623 in.; OD at socket +/- 0.642 in.
For complete measurements see departmental files.",possibly French,France?,,,,,,,,,,Musical Instruments,Aerophone-Lip Vibrated-trumpet / trombone,,False,True,https://www.metmuseum.org/art/collection/search/501710,https://images.metmuseum.org/CRDImages/mi/original/MUS444A3.jpg,2,,,
503578,Musette Baroque,Musette Baroque,ca. 1700,,,,"Leather, ivory, silk, wood, silver, iron",Width (Across bag): 11 1/2 in. (29.2 cm),French,France,,,,Unknown,Maker,,,,,Musical Instruments,Aerophone-Reed Vibrated-bagpipe,,True,True,https://www.metmuseum.org/art/collection/search/503578,https://images.metmuseum.org/CRDImages/mi/original/DP327143.jpg,2,https://www.wikidata.org/wiki/Q29385640,https://www.wikidata.org/wiki/Q24238356,http://vocab.getty.edu/page/ulan/500125274
501766,Rocking Melodeon,Rocking Melodeon,second quarter 19th century,,,,"Wood, metal, leather","L. 72.5 cm
W. 30.5 cm
Dep. 14.5 cm
3-octave span: 48.0 cm.",American,United States,New England,,,,,,,,,Musical Instruments,Aerophone-Free Reed-harmonium,,False,True,https://www.metmuseum.org/art/collection/search/501766,https://images.metmuseum.org/CRDImages/mi/original/12242.jpg,2,,,
501103,Kisanji (Cisaji),Kisanji (Cisaji),late 19th century,,,,Wood,17 × 3 1/2 in. (43.2 × 8.9 cm),Bateke,Republic of the Congo,,,Birds,,,,,,,Musical Instruments,Idiophone-Plucked / Depressed,,False,True,https://www.metmuseum.org/art/collection/search/501103,https://images.metmuseum.org/CRDImages/mi/original/DP-13785-001.jpg,2,https://www.wikidata.org/wiki/Q116412962,,
501438,Galeon Soniruka,Galeon Soniruka,late 19th century,,,,bamboo,Height: 10 in. (25.4 cm),"Melanesian (Nggela Islands, Solomon Islands)",Solomon Islands,,Seruka,,,,,,,,Musical Instruments,Aerophone-Blow Hole-panpipe,,False,True,https://www.metmuseum.org/art/collection/search/501438,https://images.metmuseum.org/CRDImages/mi/original/midp89.4.826.jpg,1,,,
501994,Gore (notched flute),Gore (notched flute),late 19th century,,,,bamboo,"Length 11 in., Diam. 1/2 in. (L. 27.5 cm, D.+/-1.3 cm --Richard Campbell, '80)
L. 10 13/16 x Diam. 1/2 (interior 3/8) in. (27.4 x 1.2 [interior 1] cm.)","Norfolk Island, Polynesian",Norfolk Island,,,,,,,,,,Musical Instruments,Aerophone-Blow Hole-end-blown flute (vertical),,False,True,https://www.metmuseum.org/art/collection/search/501994,https://images.metmuseum.org/CRDImages/mi/original/midp89.4.1428.jpg,0,,,
502089,Lowland Pipe,Lowland Pipe,0,19th century,,,Various materials,,Scottish,Scotland,,,,,,,,,,Musical Instruments,Aerophone-Reed Vibrated-bagpipe,,False,True,https://www.metmuseum.org/art/collection/search/502089,https://images.metmuseum.org/CRDImages/mi/original/89.4.1514 Lowland pipe full.jpg,1,,,
502073,Shak Shak,Shak Shak,19th century,,,,"dried grass, cord, pebbles?",8 5/8 × 2 9/16 in. (21.9 × 6.5 cm),Native American (Guyanese),Guyana,,,,,,,,,,Musical Instruments,Idiophone-Shaken-rattle,,False,True,https://www.metmuseum.org/art/collection/search/502073,https://images.metmuseum.org/CRDImages/mi/original/midp89.4.1498.jpg,0,https://www.wikidata.org/wiki/Q116413015,,
503230,Korikaariye,Korikaariye,19th century,,,,"Gourd, skin, wood",25 3/8 × 10 13/16 × 15 3/4 in. (64.4 × 27.5 × 40 cm),Senufo People,Ivory Coast,,,Women,,,,,,,Musical Instruments,Chordophone-Harp,,False,True,https://www.metmuseum.org/art/collection/search/503230,https://images.metmuseum.org/CRDImages/mi/original/DT227632.jpg,6,https://www.wikidata.org/wiki/Q116413129,,
504793,Soprano Saxhorn in B-flat,Soprano Saxhorn in B-flat,ca. 1865–89,,,,"Wood, metal",Overall: 13 x 43.4cm (5 1/8 x 17 1/16in.),possibly German,Germany,,,,,,,,,,Musical Instruments,Aerophone-Lip Vibrated-horn,,False,True,https://www.metmuseum.org/art/collection/search/504793,https://images.metmuseum.org/CRDImages/mi/original/mus427a4.jpg,0,,,
503048,Mandora,Mandora,ca. 1420,,,,"Boxwood, rosewood, ebony","14 3/16 × 3 3/4 × 3 1/8 in. (36 × 9.6 × 8 cm)

Weight: under 40 pounds",Italian,Italy,,Milan?,Falcons|Men|Women|Cupid|Deer|Dogs,,,,,,,Musical Instruments,Chordophone-Lute,,True,True,https://www.metmuseum.org/art/collection/search/503048,https://images.metmuseum.org/CRDImages/mi/original/DP318466.jpg,15,https://www.wikidata.org/wiki/Q53445802,,
503467,Pair of Transverse Flutes,Pair of Transverse Flutes,mid-18th century,,,,"Ivory, silver, wood",Total Height (with longest corps de rechange): 24 1/2 in. (62.2 cm),German,Germany,,Nürnberg,,Johann Wilhelm Oberlender (the Elder),Maker,German,1681,1763,,Musical Instruments,Aerophone-Blow Hole-side-blown flute (transverse),"German, Nuremberg 1681–1763 Nuremberg",True,True,https://www.metmuseum.org/art/collection/search/503467,https://images.metmuseum.org/CRDImages/mi/original/DP317371.jpg,2,https://www.wikidata.org/wiki/Q29385621,,
501876,Tombak,Tombak,late 19th century,,,,"Various woods, bone, brass, skin","Height: 18 in. (45.7 cm)
Width: 11 in. (27.9 cm)
Diameter (At widest point): 35 1/2 in. (90.2 cm)
Diameter (Of base): 31 in. (78.7 cm)",Iranian (Persian),Iran (Persia),,Shiraz,,,,,,,,Musical Instruments,Membranophone,,True,True,https://www.metmuseum.org/art/collection/search/501876,https://images.metmuseum.org/CRDImages/mi/original/DP275104 (2).jpg,4,https://www.wikidata.org/wiki/Q116412990,,
503819,Fife,Fife,ca. 1780–90,,,,"Maple, brass",L. 38.1 cm (15 in.); Diam. 2.5 cm (1 in.),British,United Kingdom,,London,,"Thomas Cahusac, Sr.",Maker,British,1714,1798,,Musical Instruments,Aerophone-Blow Hole-side-blown flute (transverse),"British, London 1714–1798 London",False,True,https://www.metmuseum.org/art/collection/search/503819,https://images.metmuseum.org/CRDImages/mi/original/DP109496.jpg,0,,,
633594,Flute,Flute,200 BCE–100 CE,PreColumbian,,,clay,L. 14 1/2 × Diam. 1 in. (36.8 × 2.5 cm),Colima,Mexico,,,,,,,,,,Musical Instruments,Aerophone-Whistle Flute-recorder,,False,True,https://www.metmuseum.org/art/collection/search/633594,https://images.metmuseum.org/CRDImages/mi/original/DP703900.jpg,1,,,
505400,Musical Glasses,Musical Glasses,ca. 1825–89,,,,"Wood, various",Overall: 63.5 x 73.7cm (25 x 29in.),American,United States,,,,,,,,,,Musical Instruments,Idiophone-Friction,,False,True,https://www.metmuseum.org/art/collection/search/505400,https://images.metmuseum.org/CRDImages/mi/original/218941.jpg,0,,,
503246,Ocarina,Ocarina,1300–1500,Pre-Columbian,,,Ceramic,L. 5 cm (1-15/16 in.); W. 5.5 cm (2-3/8 in.),Tairona People; Gayraca style,Colombia,,,,,,,,,,Musical Instruments,Aerophone-Whistle Flute-vessel flute,,False,True,https://www.metmuseum.org/art/collection/search/503246,https://images.metmuseum.org/CRDImages/mi/original/DP159025.jpg,0,,,
501492,Sea Dragon,Sea Dragon,17th century,,,,"Wood, brass, gilding","Height: 54 1/2 in. (138.4 cm)
Width: 8 in. (20.3 cm)
Depth: 3 1/2 in. (8.9 cm)",Italian,Italy,,,Dragons,,,,,,,Musical Instruments,Aerophone-Reed Vibrated-double reed,,True,True,https://www.metmuseum.org/art/collection/search/501492,https://images.metmuseum.org/CRDImages/mi/original/DP147202.jpg,0,https://www.wikidata.org/wiki/Q29385554,,
502594,Gong Held by Oni,Gong Held by Oni,late 19th century,,,,"Metal, wood, lacquer, polychrome","Gong Diam. 77 cm (30-5/16 in.); Left figure H. 163.5 cm (64-3/8 in.), W. 93 cm (36-5/8 in.); Right figure H. 170 cm (67in.), W. 76 cm (30 in.); Pole L. 192 + knob 9 cm = 201 cm ( 79-1/) in.)",Japanese,Japan,,"Shinmonzen-dori, Kyoto",Demons,,,,,,,Musical Instruments,Idiophone-Struck-gong,,False,True,https://www.metmuseum.org/art/collection/search/502594,https://images.metmuseum.org/CRDImages/mi/original/DP302727.jpg,1,https://www.wikidata.org/wiki/Q116272963,,
502319,Horn,Horn,late 19th century,,,,Horn,"L. 1 ft. 6 in., Diam. of larger end, 1-1/2 in.",African,,,,,,,,,,,Musical Instruments,Aerophone-Lip Vibrated-horn,,False,True,https://www.metmuseum.org/art/collection/search/502319,https://images.metmuseum.org/CRDImages/mi/original/midp89.4.1772.jpg,0,,,
501319,Pluriarc,Pluriarc,late 19th century,,,,,83cm x 24cm x 14cm,African American (Brazil - Afro-Brazilian?),Brazil,,,,,,,,,,Musical Instruments,Chordophone-Musical Bow,,False,True,https://www.metmuseum.org/art/collection/search/501319,https://images.metmuseum.org/CRDImages/mi/original/midp89.4.703.jpg,2,,,
500983,Saz,Saz,late 19th century,,,,"Wood, inlaid with bone",62cm x 12cm x 13cm,Turkish or Syrian,Iran (Persia),,,,,,,,,,Musical Instruments,Chordophone-Lute-plucked-fretted,,False,True,https://www.metmuseum.org/art/collection/search/500983,https://images.metmuseum.org/CRDImages/mi/original/midp89.4.358.jpg,1,,,
504222,Portrait of the Father of Emilius Nicolai Scherr,Portrait of the Father of Emilius Nicolai Scherr,late 18th century,,,,Watercolor,Overall: 8 x 6cm (3 1/8 x 2 3/8in.),Danish,Denmark,Scandinavia,,Men|Portraits,,,,,,,Musical Instruments,Paintings,,False,True,https://www.metmuseum.org/art/collection/search/504222,https://images.metmuseum.org/CRDImages/mi/original/234946.jpg,0,https://www.wikidata.org/wiki/Q78625660,,
633595,Flute,Flute,200 BCE–100 CE,PreColumbian,,,clay,L. 9 1/2 × Diam.13/16 in. (24.1 × 2.1 cm),Colima,Mexico,,,,,,,,,,Musical Instruments,Aerophone-Whistle Flute-recorder,,False,True,https://www.metmuseum.org/art/collection/search/633595,https://images.metmuseum.org/CRDImages/mi/original/DP703907.jpg,1,,,
501848,Pottery Whistle,Pottery Whistle,19th century (?),,,,Clay,L. 88 mm.; W. 48 mm.; D. 42 mm.; Wt. 64 g.,Mexican,Mexico?,,,,,,,,,,Musical Instruments,Aerophone-Whistle Flute-whistle,,False,True,https://www.metmuseum.org/art/collection/search/501848,https://images.metmuseum.org/CRDImages/mi/original/DP160862.jpg,0,,,
502015,Ndungu,Ndungu,19th century,,,,"Wood, hide, rope",L.: 258.4 cm.; Head diam.: 18 cm.; Small head diam.: 10 cm.,Kondo & Yembe peoples?,Congo,,,,,,,,,,Musical Instruments,Membranophone-single-headed / conical drum,,False,True,https://www.metmuseum.org/art/collection/search/502015,https://images.metmuseum.org/CRDImages/mi/original/203943.jpg,0,,,
503010,"""Francesca"" Violin",Violin,1694,,,,"Maple, spruce, ebony, mother of pearl","Height: 23 in. (58.4 cm)
Width: 8 in. (20.3 cm)
Depth (at lower bout): 1 3/16 in. (3 cm)

Weight: under 40 lbs",Italian (Cremona),Italy,,Cremona,,Antonio Stradivari,Maker,Italian,1644,1737,,Musical Instruments,Chordophone-Lute-bowed-unfretted,"Italian, Cremona 1644–1737 Cremona",True,True,https://www.metmuseum.org/art/collection/search/503010,https://images.metmuseum.org/CRDImages/mi/original/DP167848.jpg,3,https://www.wikidata.org/wiki/Q29385584,https://www.wikidata.org/wiki/Q182011,http://vocab.getty.edu/page/ulan/500079466
501964,Transverse Flute,Transverse Flute,late 19th century,,,,bamboo,"L. 44.5 cm, D. +/- 2.3 cm (Richard Campbell, '80)","Melanesian (Bismarck Archipelago, Papua New Guinean)",Papua New Guinea,,,,,,,,,,Musical Instruments,Aerophone-Blow Hole-side-blown flute (transverse),,False,True,https://www.metmuseum.org/art/collection/search/501964,https://images.metmuseum.org/CRDImages/mi/original/midp89.4.1398.jpg,0,,,
500804,Horn,Gweh (Horn),late 19th century,,,,Horn?,L. 19.1 cm (7-1/2 in.);  Diam. 5.1 cm (2 in.),Burmese,Myanmar (formerly Burma),,,,,,,,,,Musical Instruments,Aerophone-Free Reed,,False,True,https://www.metmuseum.org/art/collection/search/500804,https://images.metmuseum.org/CRDImages/mi/original/MUS507A.jpg,0,,,
502165,Bell,Bell,19th century (?),,,,Metal,"Height  9.5 cm, Diameter  7.3 cm, Weigth  316 g",European,,,,,,,,,,,Musical Instruments,Idiophone-Struck-bell-clapper,,False,True,https://www.metmuseum.org/art/collection/search/502165,https://images.metmuseum.org/CRDImages/mi/original/MUS718B.jpg,0,,,
504951,Banjo,Banjo,mid-19th century,,,,"Wood, various materials","99.5cm x 31cm x 12cm

Weight: under 40 lbs",British,United Kingdom,,,,,,,,,,Musical Instruments,Chordophone-Lute-plucked,,False,True,https://www.metmuseum.org/art/collection/search/504951,https://images.metmuseum.org/CRDImages/mi/original/DP-39911-002.jpg,2,,,
502775,Pottery Whistle,Pottery Whistle,ca. 800–1525,Pre-Columbian,,,Clay,L. 5.4 cm (2-1/8 in.); W. 3.4 cm (1-3/4 in.); D. 5.7 cm (2-1/4 in.); Wt. 43 g,Costa Rican,Costa Rica,,Linea Vieja?,Animals,,,,,,,Musical Instruments,Aerophone-Whistle Flute-whistle,,False,True,https://www.metmuseum.org/art/collection/search/502775,https://images.metmuseum.org/CRDImages/mi/original/DP157373.jpg,0,,,
500733,Nag-Phéni,Nag-Phéni,19th century,,,,"copper, paint",H. 9 1/3 x L. 29 × D. 8 in. (23.5 x 73.7 × 20.3 cm),Nepalese (probably Khàs),Nepal,,,,,,,,,,Musical Instruments,Aerophone-Lip Vibrated-trumpet / trombone,,False,True,https://www.metmuseum.org/art/collection/search/500733,https://images.metmuseum.org/CRDImages/mi/original/meas89.4.151.jpg,0,,,
503418,Piccolo,Piccolo,ca. 1860–75,,,,"Ivory, brass, silver",L. w/o cap 30.5 cm ( 12 in.),American,United States,,New York,,Theodore Berteling,Maker,American,1821,1890,,Musical Instruments,Aerophone-Blow Hole-side-blown flute (transverse),"Westphalia, 1821/22–1890 New York",False,True,https://www.metmuseum.org/art/collection/search/503418,https://images.metmuseum.org/CRDImages/mi/original/254852.jpg,0,,,
505822,Ankle Bells,Ankle Bells,early 19th century,,,,Metal,Diameter: 8 1/16 in. (20.5 cm),"Dan, Wobe",Ivory Coast,,,,,,,,,,Musical Instruments,Idiophone-Shaken-crotal bell,,False,True,https://www.metmuseum.org/art/collection/search/505822,https://images.metmuseum.org/CRDImages/mi/original/DP163317.jpg,0,,,
882435,Himalayan Lute (Sgra-Snyan),Himalayan Lute (Sgra-Snyan),19th Century,,,,Wood,66.5cm long,Himalayan,Tibet,,,,,,,,,,Musical Instruments,Musical instruments,,False,True,https://www.metmuseum.org/art/collection/search/882435,https://images.metmuseum.org/CRDImages/mi/original/DP-24962-004.jpg,3,,,
502202,Mass Bell,Mass Bell,19th century (?),,,,Metal,"Height  12.1 cm, Diameter  17.3 cm, Weight  521 g",Belgium,Belgium,,,,,,,,,,Musical Instruments,Idiophone-Struck-bell-clapper,,False,True,https://www.metmuseum.org/art/collection/search/502202,https://images.metmuseum.org/CRDImages/mi/original/MUS724A2.JPG,0,,,
505689,Transverse Flute in G,Transverse Flute in G,ca. 1830,,,,"Grenadilla, ivory, silver",Overall length: 69.5 cm (27 3/8 in.),German,Germany,,Berlin,,Johann Wendelin Weisse,Maker,German,,,,Musical Instruments,Aerophone-Blow Hole-side-blown flute (transverse),German,False,True,https://www.metmuseum.org/art/collection/search/505689,https://images.metmuseum.org/CRDImages/mi/original/DP153083.jpg,0,,,
505267,Violin Bow,Violin Bow,ca. 1845,,,,"Pernambuco, ivory, ebony, mother of pearl, silver, horsehair","Length: 742 mm
Weight: 60 g.",French,France,,Paris,,Dominique Peccatte,Maker,French,1810,1874,,Musical Instruments,Chordophone-Accessories-bow,"French, Mirecourt 1810–1874 Paris",False,True,https://www.metmuseum.org/art/collection/search/505267,https://images.metmuseum.org/CRDImages/mi/original/1976.407 scan.jpg,0,,https://www.wikidata.org/wiki/Q5291162,(not assigned)
501215,Maza-Rhda-Rhda-Hda-Hda (stick rattle),Maza-Rhda-Rhda-Hda-Hda,19th century,,,,"Wood, brass, copper wire",W. 2.1 x L. 60.6 cm (13/16 x 23 7/8 in.),Native American (Sioux),United States,Plains,,,,,,,,,Musical Instruments,Idiophone-Shaken-rattle,,False,True,https://www.metmuseum.org/art/collection/search/501215,https://images.metmuseum.org/CRDImages/mi/original/midp89.4.599.jpg,0,,,
503280,Narsĩngā,"Narsĩngā
Narsĩngā",19th century,,,,Copper,"Height: 52 3/4 in. (134 cm)
Diameter (Of bell): 7 5/16 in. (18.5 cm)",Nepalese,Nepal,,,,,,,,,,Musical Instruments,Aerophone-Lip Vibrated-trumpet / trombone,,False,True,https://www.metmuseum.org/art/collection/search/503280,https://images.metmuseum.org/CRDImages/mi/original/DP-32451-001.jpg,2,,,
500620,Erxian,Erxian,19th century,,,,"Wood, plastic, bamboo, horsehair",L: 46.2 cm (18-3/16 in.); Diam. of body: 8.5 - 7.6 cm (3-5/16 - 3 in.); L. of bow: 53.8 cm (20-13/16 in.),"Chinese, possibly Chaozhu sub-culture",China,,,,,,,,,,Musical Instruments,Chordophone-Lute-bowed-unfretted,,False,True,https://www.metmuseum.org/art/collection/search/500620,https://images.metmuseum.org/CRDImages/mi/original/202415.jpg,1,,,
502080,Shak Shak,Shak Shak,late 19th century,,,,"gourd, pebbles","Diam. 8.7 x L. 5.9cm (3 7/16 x 2 5/16in.)

3"" X 2 1/4"" (in pencil) ""L.C. says, 'L. 3 1/4 in. D. 2 1/4 in.'""",Native American (Guyanese),Guyana,,,,,,,,,,Musical Instruments,Idiophone-Shaken-rattle,,False,True,https://www.metmuseum.org/art/collection/search/502080,https://images.metmuseum.org/CRDImages/mi/original/midp89.4.1505.jpg,0,,,
504404,Violoncello,Violoncello,1893,,,,"Wood, string",Total L. excluding support: 123.3 cm (48-5/8 in.);  L. of soundbox: 75 cm (29-5/8 in.);  D. of edge at tailpiece: 13.4 cm (5-3/8 in.);  Gr. W. of fingerboard: 7.4 cm (3 in.); Upper bout: 34.5 cm (13-5/8 in.);   Center bout: 22.8 cm (9 in.);  Lower bout:  42.8 cm (16-7/8 in.);  L. of fingerboard: 59.1 cm (23-1/4 in.);  Vibrating L. of strings: 70.1 cm (27-5/8 in.),American,United States,,,,August Martin Gemünder,Artist,,1862,1928,,Musical Instruments,Chordophone-Lute-bowed-unfretted,,False,True,https://www.metmuseum.org/art/collection/search/504404,https://images.metmuseum.org/CRDImages/mi/original/DP-35296-003.jpg,3,,,
500668,Rkangling,Rkangling (leg bone flute),late 19th century,,,,Copper,16 1/4 × 2 3/4 × 3 3/8 in. (41.3 × 7 × 8.6 cm),Tibetan,Tibet,,,,,,,,,,Musical Instruments,Aerophone-Lip Vibrated-trumpet / trombone,,False,True,https://www.metmuseum.org/art/collection/search/500668,https://images.metmuseum.org/CRDImages/mi/original/DP337465.jpg,1,https://www.wikidata.org/wiki/Q116412653,,
501477,Cornemuse,Cornemuse,19th century,,,,various materials,,French,France,,"Effiat, Puy-de-Dôme",Animals,Joseph Bechonnet,Maker,French,1820,1900,,Musical Instruments,Aerophone-Reed Vibrated-bagpipe,"Effiat, Puy de Dome, 1820–1900",False,True,https://www.metmuseum.org/art/collection/search/501477,https://images.metmuseum.org/CRDImages/mi/original/89.4.866 full.jpg,2,,,
502855,Pottery Whistle,Pottery Whistle,ca. 800–1100,Pre-Columbian,,,Clay,H. 105 mm.; W. 58 mm.; D. 65 mm.; Wt. 219 g.,Costa Rican,Costa Rica,Nicoya Peninsula,,Animals,,,,,,,Musical Instruments,Aerophone-Whistle Flute-whistle,,False,True,https://www.metmuseum.org/art/collection/search/502855,https://images.metmuseum.org/CRDImages/mi/original/DP157374.jpg,0,,,
504628,Soprano Saxhorn in B-flat,Soprano Saxhorn in B-flat,1850–60,,,,"Brass, nickel-silver",L. 30 cm (11-7/8 in.); Diam. of bell; 12.5 cm (5 in.),possibly French,France?,,,,,,,,,,Musical Instruments,Aerophone-Lip Vibrated,,False,True,https://www.metmuseum.org/art/collection/search/504628,https://images.metmuseum.org/CRDImages/mi/original/218462.jpg,0,,,
503614,Harpsichord,Harpsichord,ca. 1650,,,,Wood and various materials,"Inst.:232 cm x 29cm x 86cm
Stand: 234cm x 90cm x 76cm",Flemish,Flemish,,Antwerp,,Jan Couchet the Elder,Maker,Flemish,1615,1655,,Musical Instruments,Chordophone-Zither-plucked-harpsichord,"Flemish, Antwerp 1615–1655 Antwerp",False,True,https://www.metmuseum.org/art/collection/search/503614,https://images.metmuseum.org/CRDImages/mi/original/DT684a.jpg,0,,,
500700,Bǎn (板 ),Bǎn (clapper),late 19th century,Qing dynasty (1644–1911),,,Wood,L.: 29.2 cm (11-1/2 in.);W. 6.4 cm (2-1/2 in.),Chinese,China,,,,,,,,,,Musical Instruments,Idiophone-Concussion,,False,True,https://www.metmuseum.org/art/collection/search/500700,https://images.metmuseum.org/CRDImages/mi/original/DP169483.jpg,0,,,
501025,Rebāb,Rebāb,19th century,,,,"wood, brass, mother-of-pearl, gut, leather, bone, lace","Height: 19 5/8 in. (49.8 cm)
Width: 3 15/16 in. (10 cm)
Diameter: 3 15/16 in. (10 cm)",Possibly Algerian,Algeria,,,,,,,,,,Musical Instruments,Chordophone-Lute-bowed-unfretted,,False,True,https://www.metmuseum.org/art/collection/search/501025,https://images.metmuseum.org/CRDImages/mi/original/midp89.4.407.jpg,0,,,
501152,Drum,Drum,19th century,,,,"Wood, fiber","Diameter: 20cm
Length: 63cm",South African,South Africa,,,,Zulu people,Maker,South African,,,,Musical Instruments,Membranophone-single-headed / conical drum,South Africa,False,True,https://www.metmuseum.org/art/collection/search/501152,https://images.metmuseum.org/CRDImages/mi/original/191203.jpg,0,,,
501088,Xylophone,Xylophone,19th century,,,,Wood,L. 61 cm (24 in.); W. 10 cm (3-15/16 in.); D. 3.5 cm (1-3/8 in.),Kenyan,Kenya,,Mombasa,,,,,,,,Musical Instruments,Idiophone-Struck-bar-wood,,False,True,https://www.metmuseum.org/art/collection/search/501088,https://images.metmuseum.org/CRDImages/mi/original/260500.jpg,0,,,
504542,Basset Horn in F,Basset Horn in F,ca. 1800,,,,"Boxwood, brass, horn",L.: 95 cm (37-1/2); Diam. of bell (ovoid): 15 cm (6 in.); Mouthpiece: 8.3 cm (3-1/4 in.); Barrel: 7.2 cm (2-7/8 in.); Upper body section: 30.5 cm (12 in.); Replacement for elbow (actually a barrel): 6.7 cm (2-5/8 in.); Mid-body section: 13.8 cm (5-1/2 in.); 11.6 cm (4-7/8 in.); 15.1 cm (6 in.); 14.9 cm (5-7/8 in.),Slovenian,Slovenia,,Laybach (Ljubljana),,Simon Unglerth,Maker,Slovenian,,,,Musical Instruments,Aerophone-Reed Vibrated-single reed cylindrical,,False,True,https://www.metmuseum.org/art/collection/search/504542,https://images.metmuseum.org/CRDImages/mi/original/89.4.2143.jpg,0,,,
500578,Rabāb,Rabāb,19th century,,,,"Wood, brass, mother-of-pearl, gut, leather, bone","23 1/4 × 4 5/16 × 2 3/4 in. (59 × 11 × 7 cm)
Width (Of lower bout): 4 5/16 in. (11 cm)
Width (Of waist): 3 9/16 in. (9 cm)
Width (Of fingerboard): 4 5/16 in. (11 cm)
Length (Of upper section): 12 13/16 in. (32.5 cm)
Width (Of upper section at nut): 1 3/8 in. (3.5 cm)
Body depth at lower section: 2 3/4 in. (7 cm)
Body depth at upper section: 2 3/8 in. (6 cm)",Algerian,Algeria,,,,,,,,,,Musical Instruments,Chordophone-Lute-bowed-unfretted,,False,True,https://www.metmuseum.org/art/collection/search/500578,https://images.metmuseum.org/CRDImages/mi/original/MUS2022LS.jpg,5,https://www.wikidata.org/wiki/Q116412487,,
503765,Se (瑟 ),Se,19th century,Qing dynasty (1644-1911),,,"Wood, silk",L. 72 × D. 17 in. (182.9 × 43.2 cm),Chinese,China,,,,Fanfu Lou (Seal of Zha Youci),Maker,Chinese,,,,Musical Instruments,Chordophone-Zither-plucked-long zither,,False,True,https://www.metmuseum.org/art/collection/search/503765,https://images.metmuseum.org/CRDImages/mi/original/DP218945.jpg,2,https://www.wikidata.org/wiki/Q116413209,,
503625,Harpsichord,Harpsichord,late 17th century,,,,"Wood, paint, various materials","Instr. 244cm x 90cm x 31cm
front stand 82.5cm x 22cm x 78cm
back stand 21cm x 21cm x 78cm",Italian,Italy,,,Men|Hunting|Mermaids|Dogs|Landscapes,,,,,,,Musical Instruments,Chordophone-Zither-plucked-harpsichord,,True,True,https://www.metmuseum.org/art/collection/search/503625,https://images.metmuseum.org/CRDImages/mi/original/DP225544.jpg,6,https://www.wikidata.org/wiki/Q29385649,,
501765,Rocking Melodeon,Rocking Melodeon,1825,,,,"Wood, various materials","Length: 48.0 cm 
Width: 26.0 cm
Depth (closed): 12.5 cm",American,United States,,Concord,,Abraham Prescott,Maker,American,1789-07-05,1858-05-06,,Musical Instruments,Aerophone-Free Reed-harmonium,"American, Deerfield, New Hampshire 1789–1858 Concord, New Hampshire",False,True,https://www.metmuseum.org/art/collection/search/501765,https://images.metmuseum.org/CRDImages/mi/original/89.4.1194 slide.jpg,5,,https://www.wikidata.org/wiki/Q4669134,http://vocab.getty.edu/page/ulan/500333719
501524,Flageolet in F,Flageolet in F,19th century (?),,,,"Wood, ivory",L. 9-3/32 (232 mm.),French,France,,,,Millet,Maker,possibly French,1800,1850,,Musical Instruments,Aerophone-Whistle Flute-flageolet,"possibly French, active first half 19th century",False,True,https://www.metmuseum.org/art/collection/search/501524,https://images.metmuseum.org/CRDImages/mi/original/MUS306A2.JPG,0,,,
503035,Lacquered Case,Lacquered Case,19th century,,,,"Wood, lacquer",L. 42.9 cm (16-7/8 in.),Japanese,Japan,,,,,,,,,,Musical Instruments,Aerophone-Accessories,,False,True,https://www.metmuseum.org/art/collection/search/503035,https://images.metmuseum.org/CRDImages/mi/original/142070.jpg,0,,,
500925,Klong Ta Roti Pote,Klong Ta Roti Pote,late 19th century,,,,"Wood, skin","H. 65.4 cm (25-3/4 in.), Diam. 43.2 cm (17 in.) tapering to 33 cm (13 in.)",Thai,Thailand,,,,,,,,,,Musical Instruments,Membranophone-double-headed / conical drum,,False,True,https://www.metmuseum.org/art/collection/search/500925,https://images.metmuseum.org/CRDImages/mi/original/MUS611A.jpg,0,,,
503944,Falconer's Horn,Falconer's Horn,17th century,,,,"Horn, silver",13 7/8 × 1 1/2 × 1 1/2 in. (35.2 × 3.8 × 3.8 cm),Italian,Italy,,,,,,,,,,Musical Instruments,Aerophone-Lip Vibrated-horn,,False,True,https://www.metmuseum.org/art/collection/search/503944,https://images.metmuseum.org/CRDImages/mi/original/midp14.25.1635.jpg,0,https://www.wikidata.org/wiki/Q116256723,,
501676,Trumpet in G,Trumpet in G,1829,,,,Brass,"L. without mouthpiece  51.4 cm., Diam. of bell  12.7 cm., Diam. of bore  0.387 in. within larger slide socket",German,Germany,,Munich,,Michael Saurle,Maker,German,1775,1900,,Musical Instruments,Aerophone-Lip Vibrated-trumpet / trombone,"German, active München, 1799–1872",False,True,https://www.metmuseum.org/art/collection/search/501676,https://images.metmuseum.org/CRDImages/mi/original/DP-12679-013.jpg,2,https://www.wikidata.org/wiki/Q116235475,,
501189,Mystery Flute (Tohono O'odham style),Mystery Flute (Tohono O'odham style),late 19th century,,,,"Cane, red and blue stain",L. 17 5/16 × Diam. 7/8 in. (44 × 2.2 cm),Native American (Apache),United States,,,,,,,,,,Musical Instruments,Aerophone-Blow Hole-end-blown flute (vertical),,False,True,https://www.metmuseum.org/art/collection/search/501189,https://images.metmuseum.org/CRDImages/mi/original/midp89.4.573.jpg,2,,,
500599,Lapa (喇叭 ),Lapa,19th century,Qing dynasty (1644-1911),,,Metal,"Height: 37 in. (94 cm)
Diameter (Of bell): 5 in. (12.7 cm)",Chinese,China,,,,,,,,,,Musical Instruments,Aerophone-Lip Vibrated-trumpet / trombone,,False,True,https://www.metmuseum.org/art/collection/search/500599,https://images.metmuseum.org/CRDImages/mi/original/DP169481.jpg,1,,,
500972,Darabukka,Darabukka,late 19th century,,,,Wood; skin or parchment,L. ±18 3/8 × Diam.:  Head ±8 1/16 × Body ±8 7/16 × Stem ±4 1/2 × Base 5 9/16 in. (±46.6 × ±20.5 ×± 21.5 × 1±1.5 × ±14.2 cm),Syrian?,Syria,,,,,,,,,,Musical Instruments,Membranophone-single-headed / vase-shaped drum,,False,True,https://www.metmuseum.org/art/collection/search/500972,https://images.metmuseum.org/CRDImages/mi/original/midp89.4.346.jpg,2,,,
503510,Transverse Flute,Transverse Flute,ca. 1870,,,,"Wood, silver",1 1/2 × 27 1/8 × 2 in. (3.8 × 68.9 × 5.1 cm),German,Germany,,Munich,,"Boehm & Mendler, German",Maker,German,,,,Musical Instruments,Aerophone-Blow Hole-side-blown flute (transverse),,False,True,https://www.metmuseum.org/art/collection/search/503510,https://images.metmuseum.org/CRDImages/mi/original/midp1998.358.jpg,0,https://www.wikidata.org/wiki/Q116272547,,
501235,Yung-Wey-Sha-Na (rattle),Yung-Wey-Sha-Na (rattle),19th century,,,,"turtle, buckskin, tin","shell: L. ±3 3/4 × W. ±3 1/8 in. (9.5 × 8 cm)
fringe L. ±2 15/16 in. (7.5 cm)",Native American (Hopi),United States,,,,,,,,,,Musical Instruments,Idiophone-Shaken-rattle,,False,True,https://www.metmuseum.org/art/collection/search/501235,https://images.metmuseum.org/CRDImages/mi/original/midp89.4.619.jpg,2,,,
503946,Falconer's Horn,Falconer's Horn,18th century,,,,Horn,"Height: 11 15/16 in. (30.3 cm)
Diameter (Of bell): 1 1/4 in. (3.2 cm)",German?,Germany?,,,,,,,,,,Musical Instruments,Aerophone-Lip Vibrated-horn,,False,True,https://www.metmuseum.org/art/collection/search/503946,https://images.metmuseum.org/CRDImages/mi/original/midp14.25.1631.jpg,0,,,
501270,Pottery Whistle,Pottery Whistle,19th century,,,,clay,L. 269 mm.; W. 74 mm.; D. 70 mm.; Wt. 301 g.,Mexican,Mexico,,,,,,,,,,Musical Instruments,Aerophone-Whistle Flute-whistle,,False,True,https://www.metmuseum.org/art/collection/search/501270,https://images.metmuseum.org/CRDImages/mi/original/MUS800A11.jpg,0,,,
504833,Zither,Zither,late 18th–mid 19th century,,,,"wood, metal",93.5cm x 10cm x 8.5cm,European,,,,,,,,,,,Musical Instruments,Chordophone-Zither-plucked,,False,True,https://www.metmuseum.org/art/collection/search/504833,https://images.metmuseum.org/CRDImages/mi/original/211292.jpg,0,,,
505698,Rabāba,Rabāba,late 19th century,,,,"Coconut shell, wood, hide, ebony, pearl, iron, horsehair",W. 4 1/2 × L. 38 1/2 in. (11.4 × 97.8 cm),Egyptian,Egypt,,,,,,,,,,Musical Instruments,Chordophone-Lute-bowed-unfretted,,False,True,https://www.metmuseum.org/art/collection/search/505698,https://images.metmuseum.org/CRDImages/mi/original/midp46.34.14.jpg,1,https://www.wikidata.org/wiki/Q116413314,,
505446,Russian Bassoon in C,Russian Bassoon in C,ca. 1800–1825,,,,"Wood, brass",Overall: 21 x 99.5cm (8 1/4 x 39 3/16in.),French,France,,St. Omer,,Cuvillier,Maker,French,1792,1825,,Musical Instruments,Aerophone-Lip Vibrated-horn,"French, St. Omer before 1792–early 19th century",False,True,https://www.metmuseum.org/art/collection/search/505446,https://images.metmuseum.org/CRDImages/mi/original/DP249503.jpg,3,,,
502056,Furi Tsuzumi,Furi Tsuzumi,19th century,,,,"Wood, skin",H. 16 in.; Diam. of cylinders 5 in.,Japanese,Japan,,,Dragons,,,,,,,Musical Instruments,Membranophone-double-headed / barrel drum,,False,True,https://www.metmuseum.org/art/collection/search/502056,https://images.metmuseum.org/CRDImages/mi/original/MUS1363B7.jpg,0,,,
501996,Gore (Notched Flute),Gore (Notched Flute),late 19th century,,,,Bamboo,"L. 13-1/2 in., Diam. 3/4 in. (L. 35.0 cm, D. +/-1.5 cm --Richard Campbell '80)
L. 12 7/8 x Diam. 9/16 (internal 7/16) in. ( 34.7 x Diam. 1.5  [internal 1.1 cm.]) Lehman meas.","Norfolk Island, Polynesian",Australia,,,,,,,,,,Musical Instruments,Aerophone-Blow Hole-end-blown flute (vertical),,False,True,https://www.metmuseum.org/art/collection/search/501996,https://images.metmuseum.org/CRDImages/mi/original/midp89.4.1430.jpg,0,,,
501342,Dew claw rattle,Dew claw rattle,19th century,Native American,,,"Wood, hide, dew claws",L. 14 in. (35.6 cm),"Native American (Lakota, Sioux)",United States,,,,,,,,,,Musical Instruments,Idiophone-Shaken-rattle,,False,True,https://www.metmuseum.org/art/collection/search/501342,https://images.metmuseum.org/CRDImages/mi/original/midp89.4.726.jpg,2,,,
501153,Drum,Drum,19th century,,,,"Wood, stain, hide",114cm x 27cm x 27cm,South African,South Africa,,,,Zulu people,Maker,South African,,,,Musical Instruments,Membranophone-single-headed / conical drum,South Africa,False,True,https://www.metmuseum.org/art/collection/search/501153,https://images.metmuseum.org/CRDImages/mi/original/244237.jpg,0,,,
501233,Moose Moose,Moose Moose (covered form),19th century,,,,"Wood, brass, cord","Overall: Diam. 3.8 x  L. 17.1 cm (1 1/2 x 6 3/4 in.)
Other (cover):L 7.6 cm (3in.)","Native American (Chippewa, Sauk, or Fox, Great Lakes Region)",United States,,,,,,,,,,Musical Instruments,Aerophone-Reed Vibrated-single reed conical,,False,True,https://www.metmuseum.org/art/collection/search/501233,https://images.metmuseum.org/CRDImages/mi/original/259729.jpg,1,,,
502040,Saùng-Gauk,Saùng-Gauk,19th century,,,,"Wood, deerskin, paint, cotton cord, metal, glass",H. 35 5/16 × W. 34 1/4 × D. 8 1/16 in. (89.7 × 87 × 20.5 cm),Burmese,Myanmar (formerly Burma),,Mandalay?,,,,,,,,Musical Instruments,Chordophone-Harp,,True,True,https://www.metmuseum.org/art/collection/search/502040,https://images.metmuseum.org/CRDImages/mi/original/DP302678.jpg,5,https://www.wikidata.org/wiki/Q104413040,,
502016,Suona (嗩吶 ),Suona (嗩吶 ),late 19th century,,,,"rosewood, brass","L. 18 in., Diam. of bell 5 in.",Chinese,China,,,,,,,,,,Musical Instruments,Aerophone-Reed Vibrated-double reed,,False,True,https://www.metmuseum.org/art/collection/search/502016,https://images.metmuseum.org/CRDImages/mi/original/204398.jpg,1,,,
501184,Rattle,Rattle,19th century,,,,"Rawhide, wood, red flannel, sinew, pebbles or pellets",L. 25.4 X Head Diam. 9.2 cm (10 x 3 5/8 in.),"Native American (Arapaho, probably)",United States,,,,,,,,,,Musical Instruments,Idiophone-Shaken-rattle,,False,True,https://www.metmuseum.org/art/collection/search/501184,https://images.metmuseum.org/CRDImages/mi/original/midp89.4.568.jpg,2,,,
501199,Jindai Rappa (earthenware trumpet),Jindai Rappa,5th–6th century,Kofun,,,Earthenware,Diam. 14 cm (5-1/2 in.); H. 13.3 cm (5-1/4 in.),Japanese,Japan,,,,,,,,,,Musical Instruments,Aerophone-Lip Vibrated-trumpet / trombone,,False,True,https://www.metmuseum.org/art/collection/search/501199,https://images.metmuseum.org/CRDImages/mi/original/midp89.4.583(2).jpg,5,,,
505062,Bell,Bell,ca. 1875–89,,,,Bronze,"Overall: H: 8.8 cm (3-7/16 in.), Wt.: 253 grams (.55 lb.), Greatest Diam. : 7.8 cm (3-1/16 in.)",European,,,,,,,,,,,Musical Instruments,Idiophone-Struck-bell-clapper,,False,True,https://www.metmuseum.org/art/collection/search/505062,https://images.metmuseum.org/CRDImages/mi/original/DP161948.jpg,0,,,
503874,Clarinet in C,Clarinet in C,mid to late 19th century,,,,"wood, ivory, brass",Length: 58.8cm (23 1/8in.)  Diameter of bell:  7.5cm (2 15/16in.),British,,,,,Richard Bilton,Maker,British,1826,1856,,Musical Instruments,Aerophone-Reed Vibrated-single reed cylindrical,active 1826–1856,False,True,https://www.metmuseum.org/art/collection/search/503874,https://images.metmuseum.org/CRDImages/mi/original/89.4.2559(2014-9-25).jpg,4,,,
501458,Schellenbaum,Schellenbaum,early 19th century,,,,"Metal, wood",H. 5 ft. 2 in.,German,Germany,,,,,,,,,,Musical Instruments,Idiophone-Shaken-jingle,,False,True,https://www.metmuseum.org/art/collection/search/501458,https://images.metmuseum.org/CRDImages/mi/original/MUS715A.jpg,1,,,
503630,Laqin,Laqin,19th century,,,,"Wood, iron",L. (including iron pins): 61 cm (24 in.); W. 15.2 cm (6 in.),Chinese,China,,,,,,,,,,Musical Instruments,Chordophone-Zither-bowed,,False,True,https://www.metmuseum.org/art/collection/search/503630,https://images.metmuseum.org/CRDImages/mi/original/MUS131A.jpg,0,,,
504246,Musette,Musette,18th century,,,,"Ivory, leather, various materials","L. grand chalumeau from stock: 41.5 cm
L. petit chalumeau: 22.7 cm
L. second petit chalumeau: 19.5 cm
L. shuttle drone from stock: 14 cm",French,France,,,,Forquin,Maker,French,,,,Musical Instruments,Aerophone-Reed Vibrated-bagpipe,,False,True,https://www.metmuseum.org/art/collection/search/504246,https://images.metmuseum.org/CRDImages/mi/original/1982.100.4 full.jpg,3,,,
883955,Ritual Conch Shell Trumpet (Dung-Dkar),Ritual Conch Shell Trumpet (Dung-Dkar),19th Century,,,,"Conch shell, silver, turquoise and coral",22cm long,Tibet,,,,,,,,,,,Musical Instruments,Musical instruments,,False,True,https://www.metmuseum.org/art/collection/search/883955,https://images.metmuseum.org/CRDImages/mi/original/DP-28321-001.jpg,2,,,
501622,"English Guittar (Cittern) with ""Smith's Patent Box""","English Guittar (Cittern) with ""Smith's Patent Box""",mid to late 18th century,,,,Wood and various materials,26 × 11 × 5 3/8 in. (66 × 27.9 × 13.7 cm),British,United Kingdom,,London,,,,,,,,Musical Instruments,Chordophone-Lute-plucked-fretted,,False,True,https://www.metmuseum.org/art/collection/search/501622,https://images.metmuseum.org/CRDImages/mi/original/DP169224.jpg,3,https://www.wikidata.org/wiki/Q116273586,,
502610,Donsó Ngoni,Donsó Ngoni,19th century,,,,"Wood, skin, metal",124cm x 48cm x 32cm,Wasulu,"S. Mali, e. Guinea or nw. Cote D’Ivoire",,,,,,,,,,Musical Instruments,Chordophone-Harp,,False,True,https://www.metmuseum.org/art/collection/search/502610,https://images.metmuseum.org/CRDImages/mi/original/259041.JPG,0,,,
500593,"Yunluo (雲鑼 )""Cloud Gong""","Yunluo (""Cloud Gong"")",19th century,Qing dynasty (1644-1911),,,"Bronze, wood",H. 28 × W. 6 1/2 × largest gong diam. 4 in. (71.1 × 16.5 × 10.2 cm),Chinese,,,,,,,,,,,Musical Instruments,Idiophone-Struck-gong,,False,True,https://www.metmuseum.org/art/collection/search/500593,https://images.metmuseum.org/CRDImages/mi/original/DP216547.jpg,0,https://www.wikidata.org/wiki/Q116412507,,
502916,Shofar,Shofar,19th century,,,,horn,L. of tube:  app. 420 mm (16.54 in.);  D. of bell:  77 mm (3.03 in.) at widest,Russian,Russia,,,,,,,,,,Musical Instruments,Aerophone-Lip Vibrated-horn,,False,True,https://www.metmuseum.org/art/collection/search/502916,https://images.metmuseum.org/CRDImages/mi/original/DP-23218-001.jpg,1,,,
505302,Violin or Viol Case,Violin or Viol Case,late 18th century,,,,wood,L. 26 1/2 in. (67.3 cm) ;W. 8 11/16 in. (22.1 cm); D. 4 15/16 inches (12.5 cm),German,Germany,,,,,,,,,,Musical Instruments,Chordophone-Accessories,,False,True,https://www.metmuseum.org/art/collection/search/505302,https://images.metmuseum.org/CRDImages/mi/original/153591.jpg,2,,,
503400,Violin,Violin,1753,,,,"Maple, spruce, ebony",Body L. 36 cm (14.17 in.),Italian,Italy,,Florence(?),,Giovanni Battista Gabrielli,Maker,Italian,1716,1771,,Musical Instruments,Chordophone-Lute-bowed-unfretted,"Italian, Florence 1716–1771 Florence",False,True,https://www.metmuseum.org/art/collection/search/503400,https://images.metmuseum.org/CRDImages/mi/original/255999.jpg,0,,,
503989,Pedal Harp,Pedal Harp,second half 18th century,,,,"Wood, various materials","H. 156.5 cm (61 5/8 in.); Pillar length. 135.5 cm (53 3/8 in); Soundboard resonating length. 114 cm (44 7/8 in.); Soundboard greatest width 33 cm (13 in.); Strings sounding length: longest (approx.) 142 cm (55 7/8 in.), shortest 10 cm (3 15/16 in.); c2 30.5 cm (12 in.)",French,France,,Paris,,Renault & Chatelain,Manufacturer,,,,,Musical Instruments,Chordophone-Harp,,False,True,https://www.metmuseum.org/art/collection/search/503989,https://images.metmuseum.org/CRDImages/mi/original/5239.jpg,0,https://www.wikidata.org/wiki/Q116256554,,
501370,Ozi,Ozi,late 19th century,,,,"Wood, skin",Diam.  25 × L. 80 cm (9 13/16 in. × 31 1/2 in.),Burmese,Myanmar (Burma),,,,,,,,,,Musical Instruments,Membranophone-single-headed / goblet drum,,False,True,https://www.metmuseum.org/art/collection/search/501370,https://images.metmuseum.org/CRDImages/mi/original/midp89.4.755.jpg,1,,,
503517,"ex ""Kurtz"" Violin",Violin,ca. 1560,,,,"Spruce, maple, ebony, paint, gilding","Height: 22 5/8 in. (57.4 cm)
Width: 7 15/16 in. (20.2 cm)",Italian (Cremona),,,,,Andrea Amati,Maker,Italian,1505,1578,,Musical Instruments,Chordophone-Lute-plucked,"Italian, Cremona ca. 1505–1578 Cremona",True,True,https://www.metmuseum.org/art/collection/search/503517,https://images.metmuseum.org/CRDImages/mi/original/DP302645.jpg,9,https://www.wikidata.org/wiki/Q29385629,https://www.wikidata.org/wiki/Q493320,http://vocab.getty.edu/page/ulan/500524209
501207,Drum,Drum,19th century,,,,"Wood (aspen?), skin","Overall: 20 x 32cm (7 7/8 x 12 5/8in.)
Other (heads): 20cm (7 7/8in.)
Other (stick): 30.5cm (12in.)","Native American (Hopi, Moki)",United States,,,,,,,,,,Musical Instruments,Membranophone-double-headed / cylindrical drum,,False,True,https://www.metmuseum.org/art/collection/search/501207,https://images.metmuseum.org/CRDImages/mi/original/MIDP89.4.591_drumbeaterportrait.jpg,3,,,
503799,Shamisen,Shamisen,19th century,,,,"Wood, cloth, skin",38 1/4 × 7 1/2 × 3 3/4 in. (97.1 × 19 × 9.5 cm),Japanese,Japan,,,,,,,,,,Musical Instruments,Chordophone-Lute-plucked-unfretted,,False,True,https://www.metmuseum.org/art/collection/search/503799,https://images.metmuseum.org/CRDImages/mi/original/255422.jpg,0,https://www.wikidata.org/wiki/Q116413213,,
503268,Kotsuzumi (小鼓),Kotsuzumi,19th century,,,,"Wood, horsehide, cord","10 7/16 × 8 1/8 × 8 1/8 in. (26.5 × 20.6 × 20.6 cm)
Diameter: 7 15/16 in. (20.2 cm)",Japanese,Japan,,,,,,,,,,Musical Instruments,Membranophone-double-headed / waisted drum,,False,True,https://www.metmuseum.org/art/collection/search/503268,https://images.metmuseum.org/CRDImages/mi/original/C4389 1986.117.jpg,1,https://www.wikidata.org/wiki/Q116413133,,
501692,Glass Horn,Glass Horn,19th century,,,,Glass,7 1/4 × 4 5/8 × 11 7/8 in. (18.4 × 11.7 × 30.2 cm),French,France,,,,,,,,,,Musical Instruments,Aerophone-Lip Vibrated-horn,,False,True,https://www.metmuseum.org/art/collection/search/501692,https://images.metmuseum.org/CRDImages/mi/original/DP-15058-001.jpg,1,https://www.wikidata.org/wiki/Q116412985,,
503255,Ocarina,Ocarina,1300–1500,Pre-Columbian,,,Ceramic,2 3/4 × 2 1/2 × 1 1/2 in. (7 × 6.4 × 3.8 cm),Tairona People; La Aguja Style,Colombia,,,,,,,,,,Musical Instruments,Aerophone-Whistle Flute-vessel flute,,False,True,https://www.metmuseum.org/art/collection/search/503255,https://images.metmuseum.org/CRDImages/mi/original/DP159034.jpg,0,https://www.wikidata.org/wiki/Q116272702,,
502263,Taogu,Taogu,late 19th century,,,,"wood, cord","H. 14 in., Diam.4 in.",Chinese,China,,,,,,,,,,Musical Instruments,Membranophone-double-headed / barrel drum,,False,True,https://www.metmuseum.org/art/collection/search/502263,https://images.metmuseum.org/CRDImages/mi/original/DP169484.jpg,0,,,
501115,Kora,Kora,19th century,,,,"Gourd, skin, leather, wood.",L: 111.3 cm (43-7/16 in.); W: 43 cm (16-15/16 in.); D: 22 cm (8-11/16 in.),Mandinka,Senegambia,,,,,,,,,,Musical Instruments,Chordophone-Harp,,False,True,https://www.metmuseum.org/art/collection/search/501115,https://images.metmuseum.org/CRDImages/mi/original/233304.jpg,0,,,
503244,Ocarina,Ocarina,1300–1500,Pre-Columbian,,,Ceramic,L. 5.8 cm (2-9/16 in.); W. 4.1 cm (1-5/8 in.),Tairona People; Gayraca style,Colombia,,,,,,,,,,Musical Instruments,Aerophone-Whistle Flute-vessel flute,,False,True,https://www.metmuseum.org/art/collection/search/503244,https://images.metmuseum.org/CRDImages/mi/original/DP159023.jpg,0,,,
505311,Bass Ophicleide,Bass Ophicleide,ca. 1825,,,,Brass,Overall: 21.1 x 114.5cm (8 5/16 x 45 1/16in.),German or French,Germany,,,,,,,,,,Musical Instruments,Aerophone-Lip Vibrated-horn,,False,True,https://www.metmuseum.org/art/collection/search/505311,https://images.metmuseum.org/CRDImages/mi/original/DP249334.jpg,1,,,
502060,Hunting Horn,Hunting Horn,ca. 1700,,,,Ivory,"Length of tube 368 mm, Diam. of bell 48 mm.",French or German,France or Germany,,,Mythical Creatures,,,,,,,Musical Instruments,Aerophone-Lip Vibrated-horn,,False,True,https://www.metmuseum.org/art/collection/search/502060,https://images.metmuseum.org/CRDImages/mi/original/188960.jpg,0,,,
505378,Gusle,Gusle,ca. 1825–89,,,,"Wood, goat skin",Overall: 17.1 x 68.6cm (6 3/4 x 27in.),Eastern European,former Yugoslavia,Balkan Peninsula,,,,,,,,,Musical Instruments,Chordophone-Lute-bowed-unfretted,,False,True,https://www.metmuseum.org/art/collection/search/505378,https://images.metmuseum.org/CRDImages/mi/original/206218.jpg,0,,,
500701,Mokugyo,Mokugyo,19th century,,,,Wood,"H. 35.6 cm (14 in.), W. 30.5 cm (12 in.)",Japanese,Japan,,,,,,,,,,Musical Instruments,Idiophone-Struck-slit drum,,False,True,https://www.metmuseum.org/art/collection/search/500701,https://images.metmuseum.org/CRDImages/mi/original/midp89.4.72.jpg,3,,,
501015,Zurna,Zurna,19th century,,,,Wood.,L. 35.7cm (14 1/16in.) - old card says 38.1cm (15in),Syrian- Palestine,Syria,,,,,,,,,,Musical Instruments,Aerophone-Reed Vibrated-double reed,,False,True,https://www.metmuseum.org/art/collection/search/501015,https://images.metmuseum.org/CRDImages/mi/original/midp89.4.395.jpg,1,,,
501246,Drum,Drum,1850–1900,,,,"wood, skin","Overall: 30 x 47.5cm (11 13/16 x 18 11/16in.)
Other (head): 26cm (10 1/4in.)",Native American (Northeastern Arizona),United States,,,,Hopi Tribe; Shoshonean family,Maker,,,,,Musical Instruments,Membranophone-double-headed / cylindrical drum,,False,True,https://www.metmuseum.org/art/collection/search/501246,https://images.metmuseum.org/CRDImages/mi/original/midp89.4.630 (2).jpg,4,,,
502928,Frame Drum,Frame Drum,19th century,,,,"Wood, skin, leather",L. 20 1/4 × W. 18 5/16 × D. 3 15/16 in. (51.4 × 46.5 × 10 cm); Stick L. 13 7/8 in. (35.2 cm),"Native American (Hupa, probably)",United States,,,,,,,,,,Musical Instruments,Membranophone-double-headed / frame drum,,False,True,https://www.metmuseum.org/art/collection/search/502928,https://images.metmuseum.org/CRDImages/mi/original/midp89.4.3395.jpg,5,https://www.wikidata.org/wiki/Q116413064,,
500671,Miniature Koto  (箏),Miniature Koto,mid 19th–late 19th century,,,,"wood, lacquer, metal, silk,  ivory?","Body: L. 19 1/2 × W. 3 13/16- 4 1/8 × 2 1/8 in. (49.5 × 9.7-10.4 × 5.4 cm)
Bridge: H. 1.5 cm x W. 1.2 cm",Japanese,Japan,,,,,,,,,,Musical Instruments,Chordophone-Zither-plucked-long zither,,False,True,https://www.metmuseum.org/art/collection/search/500671,https://images.metmuseum.org/CRDImages/mi/original/midp89.4.112.jpg,5,,,
502382,Pottery Whistle,Pottery Whistle,ca. 1200–1521,Pre-Columbian,,,Pottery,H: 53mm; W: 40mm; D: 36mm; Wt 27g.,Mexican,Mexico,,Huexotla,Heads,,,,,,,Musical Instruments,Aerophone-Whistle Flute-whistle,,False,True,https://www.metmuseum.org/art/collection/search/502382,https://images.metmuseum.org/CRDImages/mi/original/209691.jpg,0,,,
501307,Stopped Pipe,Stopped Pipe,mid 19th–late 19th century,,,,"wood (spruce or cedar), cord, resin, cloth",L. 23 13/16 × Diam. 2 3/8 - 11/16 in. (60.5 × 6 - 1.8 cm),Native American (Haida),Canada,,,,,,,,,,Musical Instruments,Aerophone-Whistle Flute-stopped pipe,,False,True,https://www.metmuseum.org/art/collection/search/501307,https://images.metmuseum.org/CRDImages/mi/original/midp89.4.691 (1).jpg,1,,,
501434,Souling,Souling,late 19th century,,,,Bamboo,"L. 55.5 cm, D.+/- 1.6 cm. (Richard Campbell '80)",Bornean,Borneo,,,,,,,,,,Musical Instruments,Aerophone-Blow Hole-end-blown flute (vertical),,False,True,https://www.metmuseum.org/art/collection/search/501434,https://images.metmuseum.org/CRDImages/mi/original/MUS575A2.jpg,0,,,
501287,Notched Stick,Notched Stick,late 19th century,,,,Wood,"L. 20-1/2 in., Width 1/2 in.",Mexican,Mexico,,,,,,,,,,Musical Instruments,Idiophone-Scraped,,False,True,https://www.metmuseum.org/art/collection/search/501287,https://images.metmuseum.org/CRDImages/mi/original/MUS802A8.jpg,0,,,
503163,Pedal Harp,Pedal Harp,1895,,,,"Wood, various materials","Extreme H.: 176.3 cm (69-/16 in.); L. of pillar:165.7 cm (65-1/4 in.); Soundboard: resonating L.: 132.8 cm (52-5/16 in.); greatest W.: 39 cm (15-5/16 in.); Strings:sounding L.: longest: 155.7 cm (61-5/16 in.), shortest: 6.5 cm (2-7/16 in.); [if correct string?]: c2  30.5 cm (12 in.)",French,France,,Paris,,Erard et Cie,Manufacturer,French and English,1883,1903,,Musical Instruments,Chordophone-Harp,Paris and London 1883–1903,False,True,https://www.metmuseum.org/art/collection/search/503163,https://images.metmuseum.org/CRDImages/mi/original/DT267624.jpg,2,,,
502159,Bell,Bell,100 BC–200 AD?,,,,Bronze,"H. 30 mm, Diam. 44 mm, Wt. 67 g",European?,Switzerland?,,Basel?,,,,,,,,Musical Instruments,Idiophone-Struck-bell-clapper,,False,True,https://www.metmuseum.org/art/collection/search/502159,https://images.metmuseum.org/CRDImages/mi/original/midp89.4.1595.jpg,0,,,
500982,Dabbous (zarf or darb),Dabbous (zarf or darb),late 19th century,,,,"Wood, metal","L. 24 7/16 × Diam. 3 5/8 in. (62 × 9.2 cm)
See measurement photo for details",Turkish,Turkey,,,,,,,,,,Musical Instruments,Idiophone-Shaken-rattle,,False,True,https://www.metmuseum.org/art/collection/search/500982,https://images.metmuseum.org/CRDImages/mi/original/midp89.4.357 (2).jpg,2,,,
503978,Bock,Bock,0,19th century,,,"Wood, horn, goatskin, cane reed, metal, various materials",,German,Gemany,,Nürnberg,,F. Ch. Wohlborld,Maker,German,,,,Musical Instruments,Aerophone-Reed Vibrated-bagpipe,German,False,True,https://www.metmuseum.org/art/collection/search/503978,https://images.metmuseum.org/CRDImages/mi/original/DP-29491-001.jpg,5,,,
503051,Satsuma Biwa (薩摩琵琶),Satsuma Biwa,ca. 1800,,,,"Wood, mother-of-pearl and ivory",35 × 12 1/8 × 11 1/2 in. (88.9 × 30.8 × 29.2 cm),Japanese,Japan,,,,,,,,,,Musical Instruments,Chordophone-Lute-plucked-fretted,,False,True,https://www.metmuseum.org/art/collection/search/503051,https://images.metmuseum.org/CRDImages/mi/original/189128.jpg,1,https://www.wikidata.org/wiki/Q116272805,,
501634,Guitar,Guitar,1688,,,,"wood, ivory",,Tyrol,Austria,,,,"""Father John"" of Aspam",Maker,Tyrolean,,,,Musical Instruments,Chordophone-Lute-plucked-fretted,,False,True,https://www.metmuseum.org/art/collection/search/501634,https://images.metmuseum.org/CRDImages/mi/original/Mus269A.jpg,0,,,
503406,Kettledrum,Kettledrum,late 18th century (?),,,,"Copper, iron, skin, fabric",Diam. of hoop: 48.5 cm (19-1/16 in.); H. to top of hoop: 27.2 cm (12-11/16 in.),probably German,Germany?,,,,,,,,,,Musical Instruments,Membranophone-single-headed / kettle drum,,False,True,https://www.metmuseum.org/art/collection/search/503406,https://images.metmuseum.org/CRDImages/mi/original/midp1991.137.1.jpg,0,,,
500990,Naqqāra,Naqqāra,late 19th century,,,,"Brass, hide",16.5cm x 16.5cm x 10.5cm,Arabian,Arabia,,,,,,,,,,Musical Instruments,Membranophone-single-headed / kettle drum,,False,True,https://www.metmuseum.org/art/collection/search/500990,https://images.metmuseum.org/CRDImages/mi/original/midp89.4.368.jpg,3,,,
898377,"""Amaryllis Fleming"" Cello",Cello,1610–20,,,,"Spruce, maple, varnish, ebony, gut, metal","Length of back: 70.7 cm
Upper bouts: 35.35 cm
Middle bouts: 23 cm
Lower bouts: 42.45 cm
Vibrating string length: 64cm",Italian,United States,,,,Brothers Amati,Maker,Italian,,,,Musical Instruments,Musical instruments,,False,True,https://www.metmuseum.org/art/collection/search/898377,https://images.metmuseum.org/CRDImages/mi/original/DP-29206-001.jpg,4,,,
505142,Tenor Recorder in C-sharp,Tenor Recorder in C-sharp,19th century,,,,Plumwood,Overall length 59.1 cm (23 1/4 in.),German,Germany,,Nuremberg,,Hieronimus Franciscus Kynseker,Maker,German,1636,1686,,Musical Instruments,Aerophone-Whistle Flute-recorder,"German, Nuremberg 1636–1686 Nuremberg",False,True,https://www.metmuseum.org/art/collection/search/505142,https://images.metmuseum.org/CRDImages/mi/original/201842.jpg,0,,,
501401,Kaba or Kundu (drum),Kaba or Kundu (drum),late 19th century,,,,Wood,"H. 29.2 cm (11-1/2 in.), 5.7 cm (Diam. 2-1/4 in.) 
(in pen, ""L. C. says, 'L. 11-1/2 in., D. 2-1/2 in.'"")","Melanesian (Massim?, Papua New Guinea)",New Guinea,,,,,,,,,,Musical Instruments,Membranophone-single-headed / cylindrical drum,,False,True,https://www.metmuseum.org/art/collection/search/501401,https://images.metmuseum.org/CRDImages/mi/original/midp89.4.773.jpg,0,,,
500664,Hichiriki (篳篥),Hichiriki,19th century,,,,"Wood, bamboo",L.  7 3/16 in. (18.3 cm),Japanese,Japan,,,,,,,,,,Musical Instruments,Aerophone-Reed Vibrated-double reed,,False,True,https://www.metmuseum.org/art/collection/search/500664,https://images.metmuseum.org/CRDImages/mi/original/midp89.4.104 (a).jpg,1,,,
501942,Kemangeh,Kemangeh,late 19th century,,,,"Wood, wire strings",68cm x 13cm x 13.5cm,Turkish,Turkey,,,,,,,,,,Musical Instruments,Chordophone-Lute-bowed-unfretted,,False,True,https://www.metmuseum.org/art/collection/search/501942,https://images.metmuseum.org/CRDImages/mi/original/Mus193A.jpg,0,,,
502030,Guard Rattle with Bells,Guard Rattle with Bells,late 19th century,,,,"Cloth, leather, glass, shell",Diameter: 7 in. (17.8 cm),Syrian,Syria,,,,,,,,,,Musical Instruments,Idiophone-Shaken-rattle,,False,True,https://www.metmuseum.org/art/collection/search/502030,https://images.metmuseum.org/CRDImages/mi/original/204393.jpg,0,,,
504654,Transverse Flute in F,Transverse Flute in F,mid-19th century,,,,"boxwood, brass",L. 19 7/8 x Embouchure L. 17 3/16 in. (50.5 x 43.7 cm),American,United States,,New York,,William A. Pond & Company,Maker,American,,,,Musical Instruments,Aerophone-Blow Hole-side-blown flute (transverse),"American, New York",False,True,https://www.metmuseum.org/art/collection/search/504654,https://images.metmuseum.org/CRDImages/mi/original/1978.136.4 slide.jpg,1,,,
500989,Naqqareh,Naqqareh,late 19th century,,,,"Wood, hide, polychrome",H. 7.6 cm x Diam. 12.7 cm (3 x 5 in.),Arabian,Arabia,,,,,,,,,,Musical Instruments,Membranophone-single-headed / kettle drum,,False,True,https://www.metmuseum.org/art/collection/search/500989,https://images.metmuseum.org/CRDImages/mi/original/C2589 89.4.367.jpg,0,,,
500844,Pūngī,Pūngī,late 19th century,,,,Gourd,L. 15.2 cm (6 in.); Diam. of gourd 10.2 cm(4 in.),Indian,India,,,,,,,,,,Musical Instruments,Aerophone-Reed Vibrated-single reed cylindrical,,False,True,https://www.metmuseum.org/art/collection/search/500844,https://images.metmuseum.org/CRDImages/mi/original/MUS863A.jpg,0,,,
501231,Raven Rattle,Raven Rattle,19th century,,,,"Wood, pebbles, polychrome",W. 9.7 x L. 35cm (3 13/16 x 13 3/4in.),Native American (Tshimshian probably),Canada,,Skidegate,Human Figures|Birds,,,,,,,Musical Instruments,Idiophone-Shaken-rattle,,False,True,https://www.metmuseum.org/art/collection/search/501231,https://images.metmuseum.org/CRDImages/mi/original/DP168370.jpg,2,,,
501648,Mandoline,Mandoline,17th century,,,,"wood, ivory","L. 1 ft. 10 in., W. 6 in.",Italian,Italy,,,,,,,,,,Musical Instruments,Chordophone-Lute-plucked,,False,True,https://www.metmuseum.org/art/collection/search/501648,https://images.metmuseum.org/CRDImages/mi/original/190884.jpg,5,,,
502227,Bell,Bell,19th century (?),,,,Bronze (containing zinc).,H. 7.6 cm (3 in.) x Diam. 5.1 cm (2-1/4 in).,Burmese,Myanmar (formerly Burma),,,,,,,,,,Musical Instruments,Idiophone-Struck-bell-without clapper,,False,True,https://www.metmuseum.org/art/collection/search/502227,https://images.metmuseum.org/CRDImages/mi/original/DP161936.jpg,0,,,
505783,Mandolino,Mandolino,ca. 1710,,,,"Spruce, ebony, ivory, mother-of-pearl",21 1/16 × 5 × 2 11/16 in. (53.5 × 12.8 × 6.9 cm),Italian,Italy,,,,,,,,,,Musical Instruments,Chordophone-Lute-plucked-fretted,,False,True,https://www.metmuseum.org/art/collection/search/505783,https://images.metmuseum.org/CRDImages/mi/original/DP161517.jpg,8,,,
502938,Whistling Jar,Whistling Jar,ca. 1000–1476,Pre-Columbian,,,clay,L. 175 mm.; W. 106 mm.; H. 163 mm.;Wt. 563 g.,Peruvian,Peru,,,Heads,,,,,,,Musical Instruments,Aerophone-Blow Hole-vessel flute,,False,True,https://www.metmuseum.org/art/collection/search/502938,https://images.metmuseum.org/CRDImages/mi/original/midp89.4.3423-2.jpg,1,,,
500688,Hitoyokiri,Hitoyokiri,late 19th century,,,,Bamboo,"L. 33.2 cm (13-1/8 in.), D. +/- 2.7 cm (1-1/16 in.)",Japanese,Japan,,,,,,,,,,Musical Instruments,Aerophone-Blow Hole-end-blown flute (vertical),,False,True,https://www.metmuseum.org/art/collection/search/500688,https://images.metmuseum.org/CRDImages/mi/original/MUS500A1.jpg,0,,,
501754,Costume Bell,Costume Bell,19th century,,,,metal,"Height:  9.3 cm, Diameter:  5.2 cm,

Weight: under 40 lbs ( 235 g)",Possibly French,France?,,,Men,,,,,,,Musical Instruments,Idiophone-Struck-bell-clapper,,False,True,https://www.metmuseum.org/art/collection/search/501754,https://images.metmuseum.org/CRDImages/mi/original/DP-23771-001.jpg,1,,,
503796,Bone Trumpet,Bone Trumpet,2nd–5th century,Yotoco period (Pre-Columbian),,,Condor bone,12 1/8 × 1 3/8 × 1 in. (30.8 × 3.5 × 2.5 cm),"Calima, Malagana",Colombia,,,,,,,,,,Musical Instruments,Aerophone-Lip Vibrated-trumpet / trombone,,False,True,https://www.metmuseum.org/art/collection/search/503796,https://images.metmuseum.org/CRDImages/mi/original/DP252913.jpg,3,https://www.wikidata.org/wiki/Q116256809,,
502282,Mass Bell,Mass Bell,19th century (?),,,,Metal,"Height  10.9 cm, Diameter  11.8 cm, Weight  405 g",possibly Belgian (Flemish),Belgium?,,,,,,,,,,Musical Instruments,Idiophone-Struck-bell-clapper,,False,True,https://www.metmuseum.org/art/collection/search/502282,https://images.metmuseum.org/CRDImages/mi/original/midp89.4.1719.jpg,1,,,
501274,Pottery Whistle,Pottery Whistle,19th century,,,,Clay,L. 83 mm.; W. 30 mm.; D. 81 mm.; Wt. 67 g.,Mexican,Mexico,,,Horses,,,,,,,Musical Instruments,Aerophone-Whistle Flute-whistle,,False,True,https://www.metmuseum.org/art/collection/search/501274,https://images.metmuseum.org/CRDImages/mi/original/DP157361.jpg,0,,,
502682,Duct Flute,Duct Flute,late 19th century,,,,"Argillite, bone","Height: 22 1/2 in. (57.2 cm)
Diameter: 1 1/4 in. (3.2 cm)",Native American (Haida or Skidegate),Canada,,,Human Figures|Birds,,,,,,,Musical Instruments,Aerophone-Whistle Flute-recorder,,False,True,https://www.metmuseum.org/art/collection/search/502682,https://images.metmuseum.org/CRDImages/mi/original/midp89.4.2235 (15).jpg,10,https://www.wikidata.org/wiki/Q116413047,,
503156,Flute,Flute,1300–1500,Pre-Columbian,,,Ceramic,L.: app. 6.3 cm (2-7/16 in.); W.: app. 4 cm (1-9/16 in.),Tairona People; Gayraca style,Colombia,,,,,,,,,,Musical Instruments,Aerophone-Whistle Flute-recorder,,False,True,https://www.metmuseum.org/art/collection/search/503156,https://images.metmuseum.org/CRDImages/mi/original/DP159013.jpg,0,,,
501877,Celempung,Celempung,late 19th century,,,,"Wood, metal, polychrome","97cm x 45cm x 64cm
The soundbox tapers from 17-1/2 in. to 6 in. at the lower end.",Javanese,Indonesia,,,,,,,,,,Musical Instruments,Chordophone-Zither-plucked,,False,True,https://www.metmuseum.org/art/collection/search/501877,https://images.metmuseum.org/CRDImages/mi/original/midp89.4.1311.jpg,3,,,
501663,Pedal Harp,Pedal Harp,ca. 1800,,,,"Wood, various materials","Height:	extreme 154.2 cm.
	length of pillar 129.5 cm.
	above soundboard  122.0 cm.,
Soundboard:  resonating length 111.0 cm., greatest width 36.0 cm.;
Strings (sounding length)	longest  136.2 cm.
			shortest 10.5 cm.
			c2 string 34.0 cm.",French,France,,,,,,,,,,Musical Instruments,Chordophone-Harp,,False,True,https://www.metmuseum.org/art/collection/search/501663,https://images.metmuseum.org/CRDImages/mi/original/DT267631.jpg,7,,,
504497,Walking-Stick Flute/Oboe,Walking-Stick Flute/Oboe,ca. 1750–57,,,,"Narwhal (narwhahl) tusk, ivory, gilt brass",1 3/8 × 42 1/4 × 1 3/8 in. (3.5 × 107.3 × 3.5 cm),German,Germany,,Butzbach,,Georg Henrich Scherer,Maker,German,1703-11-17,1778-05-11,,Musical Instruments,Aerophone,"German, Butzbach 1703–1778",True,True,https://www.metmuseum.org/art/collection/search/504497,https://images.metmuseum.org/CRDImages/mi/original/DP317373.jpg,3,https://www.wikidata.org/wiki/Q29385700,,
503908,Oboe,Oboe,ca. 1830,,,,"Boxwood, ivory, silver",L. 54.6 cm (21 1/2 in.),German,Germany,,,,B. Schott fils,Manufacturer,German,1817,1840,,Musical Instruments,Aerophone-Reed Vibrated-double reed,"German, active Mainz ca. 1817–ca. 1840",False,True,https://www.metmuseum.org/art/collection/search/503908,https://images.metmuseum.org/CRDImages/mi/original/DP121655.jpg,1,,,
503875,Piccolo Clarinet in A-flat,Piccolo Clarinet in A-flat,ca. 1850–60,,,,"Boxwood, brass",Length: 34.9 cm (13 3/4 in.)  Diameter of bell:  5.5 cm (2 3/16 in.),German,Germany,,Bayreuth,,Johann Samuel Stengel,Maker,German,1805,1902,,Musical Instruments,Aerophone-Reed Vibrated-single reed cylindrical,"German, fl. 1805–1902",False,True,https://www.metmuseum.org/art/collection/search/503875,https://images.metmuseum.org/CRDImages/mi/original/89.4.2174.jpg,1,,,
505147,Flute,Flute,mid-19th century,,,,"Fruitwood, nickel-silver, maple",Overall length:  596 mm,American or European,,,,,,,,,,,Musical Instruments,Aerophone-Blow Hole-end-blown flute (vertical),,False,True,https://www.metmuseum.org/art/collection/search/505147,https://images.metmuseum.org/CRDImages/mi/original/203637.jpg,0,,,
504948,Viola,Viola,1884,,,,"Wood, ebony","Total L.: 64.5 cm (25-1/2 in.)  
W. of fingerboard [greatest]: 4.6 cm (2 in.); 
D. of edge at tailpiece: 4.3 cm (1-3/4 in.)",American,United States,,Albany,,John C. Harris,Maker,American,1824,1886,,Musical Instruments,Chordophone-Lute-bowed-unfretted,"American, Salem, New York 1824–1886 Cambridge, New York",False,True,https://www.metmuseum.org/art/collection/search/504948,https://images.metmuseum.org/CRDImages/mi/original/DP-19235-001.jpg,1,,,
505616,Commemorative jug,Commemorative jug,ca. 1845,,,,White-glaze Parian ware porcelain,14 1/8 × 13 1/8 × 9 1/8 in. (35.9 × 33.3 × 23.1 cm) (Width is at handle),British,United Kingdom,,,Musical Instruments|Men|Musicians,,,,,,,Musical Instruments,Decorative arts,,False,True,https://www.metmuseum.org/art/collection/search/505616,https://images.metmuseum.org/CRDImages/mi/original/MIDP TR.540.1.2006.jpg,0,https://www.wikidata.org/wiki/Q116235442,,
502141,Handbell,Handbell,late 19th century,,,,Bronze,"6 7/16 × 3 1/4 in., 1.1 lb. (16.4 × 8.3 cm, 515g)",European,,,,Women,,,,,,,Musical Instruments,Idiophone-Struck-bell-clapper,,False,True,https://www.metmuseum.org/art/collection/search/502141,https://images.metmuseum.org/CRDImages/mi/original/MUS723A1.jpg,0,,,
501045,Lyre,Lyre,19th century,,,,"Wood, skin, various materials",65cm x 50.5cm x 15cm,East African,,,,,,,,,,,Musical Instruments,Chordophone-Lyre-plucked,,False,True,https://www.metmuseum.org/art/collection/search/501045,https://images.metmuseum.org/CRDImages/mi/original/234934.jpg,2,,,
504718,Zhajiao (Trumpet),Zhajiao (Trumpet),mid 19th–late 19th century,,,,Brass,"48 3/16 × 6 × 13 in. (122.4 × 15.2 × 33 cm)
Diameter (Of bell): 6 in. (15.2 cm)",Chinese,China,,,,,,,,,,Musical Instruments,Aerophone-Lip Vibrated-trumpet / trombone,,False,True,https://www.metmuseum.org/art/collection/search/504718,https://images.metmuseum.org/CRDImages/mi/original/DP216618.jpg,2,https://www.wikidata.org/wiki/Q116253528,,
502758,Tsa Yanshtqi (basket drum),Tsa Yanshtqi (basket drum),19th century,,,,"willow, fiber",D. 3 3/4 × Diam.14 1/2 in. (9.5 × 36.8 cm),Native American (Navaho),United States,,,,,,,,,,Musical Instruments,Idiophone-Struck-vessel,,False,True,https://www.metmuseum.org/art/collection/search/502758,https://images.metmuseum.org/CRDImages/mi/original/midp89.4.2628interior.jpg,5,https://www.wikidata.org/wiki/Q116413049,,
505155,Baz,Baz,late 19th century,,,,"metal, skin, bead, cowrie shell, and cord","Height: 2 3/4 in. (7 cm)
Diameter (Of head): 3 3/4 in. (9.5 cm)",Egyptian,Egypt,,,,,,,,,,Musical Instruments,Membranophone-single-headed / kettle drum,,False,True,https://www.metmuseum.org/art/collection/search/505155,https://images.metmuseum.org/CRDImages/mi/original/midp89.4.2661.jpg,4,,,
504731,Harp,Harp,18th century,,,,various materials,H. 56 11/16 x W. 10 5/8 in. (144 x 27 cm),French,France,,,,,,,,,,Musical Instruments,Chordophone-Harp,,False,True,https://www.metmuseum.org/art/collection/search/504731,https://images.metmuseum.org/CRDImages/mi/original/MUS13A.jpg,0,,,
501284,Tsii' Edo' Ai (Apache Fiddle),Tsii' Edo' Ai,ca.1887,,,,"Agave, wood, sinew, horsehair","a) Body: L. 31.4 x Diam. ±4.4 - ±4.6 cm (12 3/8 x 1 /34 - 1 13/16 in.); Peg L. 7.5 cm (2 15/16 in.)
b) Bow: L. 27.3 x W. 7.5 cm (10 3/4 x 2 15/16 in.)","Native American (Apache, probably)",United States,,,,,,,,,,Musical Instruments,Chordophone-Zither-bowed,,False,True,https://www.metmuseum.org/art/collection/search/501284,https://images.metmuseum.org/CRDImages/mi/original/midp89.4.668.jpg,3,,,
504811,Zanguleh (zangula),Zanguleh (zangula),ca. 1850–89,,,,Metal,"Overall: H. ±9 × W. ±5.5 × D. ±4.3 cm (±3 9/16 × ±2 3/16 × ±1 11/16 in.)
See measurement photo for specific measurements",Iranian (Persian),Iran,,,,,,,,,,Musical Instruments,Idiophone-Struck-bell-clapper,,False,True,https://www.metmuseum.org/art/collection/search/504811,https://images.metmuseum.org/CRDImages/mi/original/midp89.4.2442.jpg,2,,,
502132,Bell,Bell,19th century,,,,Iron,"H. 11-1/2 in., Diam. 8 in.",Chinese,China,,,,,,,,,,Musical Instruments,Idiophone-Struck-bell-without clapper,,False,True,https://www.metmuseum.org/art/collection/search/502132,https://images.metmuseum.org/CRDImages/mi/original/MUS733A.jpg,0,,,
502515,Bell,Bell,1st century CE,,,,bronze,"Height 41 mm, Diameter 35 mm, Weight 38 g",Italian (Ancient Roman),Italy,,Rome ?,,,,,,,,Musical Instruments,Idiophone-Struck-bell-clapper,,False,True,https://www.metmuseum.org/art/collection/search/502515,https://images.metmuseum.org/CRDImages/mi/original/208677.jpg,1,,,
505741,Lute,Lute,1669,,,,"Spruce, snakewood, ebony",46 3/4 × 11 × 5 1/2 in. (118.7 × 27.9 × 14 cm),Italian,Italy,,Padua,,Pietro Railich,Maker,"German, active Italy",1615,1678,,Musical Instruments,Chordophone-Lute-plucked-fretted,"German, Füssen 1615–ca. 1678 Padua",False,True,https://www.metmuseum.org/art/collection/search/505741,https://images.metmuseum.org/CRDImages/mi/original/DP168858.jpg,4,https://www.wikidata.org/wiki/Q116252644,,
500748,Khanjari,Khanjari,ca. 1885,,,,"Metal, wood, skin",Diam. 3 × Depth 6 3/4 in. (7.6 × 17.1 cm),Indian,India,,Bengal,,,,,,,,Musical Instruments,Membranophone-single-headed / frame drum,,False,True,https://www.metmuseum.org/art/collection/search/500748,https://images.metmuseum.org/CRDImages/mi/original/midp89.4.178.jpg,3,,,
505748,Shofar,Shofar,ca. 1850–1946,,,,Horn,Overall: 6.7 x 47.5cm (2 5/8 x 18 11/16in.),Jewish,,,,,,,,,,,Musical Instruments,Aerophone-Lip Vibrated-horn,,False,True,https://www.metmuseum.org/art/collection/search/505748,https://images.metmuseum.org/CRDImages/mi/original/DP-23221-001.jpg,1,,,
501020,Riata,Riata,late 19th century,,,,Reed,L.  35.6 cm (14 in.),Algeria,Algeria,,,,,,,,,,Musical Instruments,Aerophone-Reed Vibrated-double reed,,False,True,https://www.metmuseum.org/art/collection/search/501020,https://images.metmuseum.org/CRDImages/mi/original/midp89.4.402.jpg,0,,,
504630,Baritone Saxhorn in B-flat,Baritone Saxhorn in B-flat,1850–79,,,,Brass,L.: 76.5 cm (30-1/8 in.); Diam. of bell: 20.6 cm (30-1/8 in.),French or German,France or Germany,,,,,,,,,,Musical Instruments,Aerophone-Lip Vibrated,,False,True,https://www.metmuseum.org/art/collection/search/504630,https://images.metmuseum.org/CRDImages/mi/original/218463.jpg,0,,,
501226,Cecoq (rattle),Cecoq (rattle),mid 19th century,,,,"wood, polychrome, pebbles","W. 7.6 x L. 24.8cm (3 x 9 3/4in.)
Other (L.C. Says): 24.1cm (9 1/2in.)",Native American (Tlinkit or Haida),United States,,Sitka,Birds,,,,,,,Musical Instruments,Idiophone-Shaken-rattle,,False,True,https://www.metmuseum.org/art/collection/search/501226,https://images.metmuseum.org/CRDImages/mi/original/midp89.4.610.jpg,3,,,
502537,Whistling Jar,Whistling Jar,1000–1476,Pre-Columbian,,,Clay,"H. 5 7/8 × W. 6 5/16 × L. 6 1/4 in., Wtg. 14.284oz. (15 × 16.1 × 15.8 cm, 405g)",Peruvian,Peru,,,Animals,,,,,,,Musical Instruments,Aerophone-Blow Hole-vessel flute,,False,True,https://www.metmuseum.org/art/collection/search/502537,https://images.metmuseum.org/CRDImages/mi/original/MUS561A.jpg,0,,,
501470,Cornemuse,Cornemuse,0,19th century,,,"wood, pewter, sheep or goatskin",,French,France,,,,,,,,,,Musical Instruments,Aerophone-Reed Vibrated-bagpipe,,False,True,https://www.metmuseum.org/art/collection/search/501470,https://images.metmuseum.org/CRDImages/mi/original/89.4.859 full.jpg,3,,,
503940,Double Whistle,Double Whistle,7th–9th century,Pre-Columbian,,,"Pottery, paint",H. 8 1/8 × W.. 5 3/4 × D. 4 3/4 in. (20.6 × 14.6 × 12.1 cm),Mayan,Mexico,,,Birds,,,,,,,Musical Instruments,Aerophone-Whistle Flute,,True,True,https://www.metmuseum.org/art/collection/search/503940,https://images.metmuseum.org/CRDImages/mi/original/DT4624a.jpg,0,https://www.wikidata.org/wiki/Q29385684,,
505193,Viola Pomposa,Viola Pomposa,19th century,,,,Wood,"Total length:  78.2
Total Length: 78.2 cm
Body Length: 43.8 cm
Upper Bout Width: 28.2 cm
Middle Bout Width: 15.4 cm

Rib Height: approximately 60.5 mm at top block
Neck Length: 34.7 cm
Fingerboard Length: 32.6 cm
String Length: 45 cm
Lower Bout Width: 32.8 cm",Bohemian,Bohemia,,Leitmeritz,,Josef Klee,Maker,German,1856,1893,,Musical Instruments,Chordophone-Bowed,"German, active Leitmertz, Bohemia 1856–1893",False,True,https://www.metmuseum.org/art/collection/search/505193,https://images.metmuseum.org/CRDImages/mi/original/214911.jpg,6,,,
500573,Qānūn,Qānūn,19th century,,,,"Wood, various materials",L.: 92.7 cm (36-1/2 in.); W.: 39.1 cm (15-3/8 in.); Box D.: 4.6 cm (1-13/16 in.); Total D.: 9.4 cm (3-11/16 in.) See diagram on acc. card.,Turkish,Turkey,,,,,,,,,,Musical Instruments,Chordophone-Zither-plucked,,False,True,https://www.metmuseum.org/art/collection/search/500573,https://images.metmuseum.org/CRDImages/mi/original/MUS247A.jpg,1,,,
501763,Harmoniphon,Hamoniphon,after 1836,,,,"Wood, metal, various materials","W. 42.5 cm, Length perpendicular to keyboard  22.9, D. approx. 4.5",French,France,,Dijon?,,"Paris, Lecrosnier & Tremblai",Maker,French,1820,1870,,Musical Instruments,Aerophone-Free Reed-harmonium,"French, mid-19th century",False,True,https://www.metmuseum.org/art/collection/search/501763,https://images.metmuseum.org/CRDImages/mi/original/MUS862A.jpg,0,,,
501915,Shawm,Shawm,19th century,,,,"Wood, pewter or lead","L. 340 mm, Diam. of bell 56 mm",French,France,,,,,,,,,,Musical Instruments,Aerophone-Reed Vibrated-double reed,,False,True,https://www.metmuseum.org/art/collection/search/501915,https://images.metmuseum.org/CRDImages/mi/original/MUS343A.JPG,0,,,
501224,Ah-Yah,Ah-Yah (rattle),19th century,,,,"Gourd, wood","Overall: 15.2 x 29.2cm (6 x 11 1/2in.)
Overall: 16.5 x 27.9cm (6 1/2 x 11in.)LC",Native American (Hopi),United States,,,,Hopi people,Maker,,,,,Musical Instruments,Idiophone-Shaken-rattle,,False,True,https://www.metmuseum.org/art/collection/search/501224,https://images.metmuseum.org/CRDImages/mi/original/midp89.4.608.jpg,6,,,http://vocab.getty.edu/page/ulan/500203418
502846,Oboe in C,Oboe in C,1730–40,,,,"ivory, brass",L.: 570 mm (22.44 in.); Diam. of  bell:  57 mm (2.24 in.);  Upper Section:  231 mm (9.09 in.),German,Germany,,,,,,,,,,Musical Instruments,Aerophone-Reed Vibrated-double reed,,False,True,https://www.metmuseum.org/art/collection/search/502846,https://images.metmuseum.org/CRDImages/mi/original/DP220733.jpg,1,,,
500951,Russian Bassoon,Russian Bassoon,ca. 1830,,,,Brass and wood,"Length +/- 106 cm (41-3/4 in.), Diam. of bell 19.5 cm (7-11/16 in.)",French,France,,Paris,,Martin (Jean François frères or fils?),Maker,French,,,,Musical Instruments,Aerophone-Lip Vibrated-horn,,False,True,https://www.metmuseum.org/art/collection/search/500951,https://images.metmuseum.org/CRDImages/mi/original/DP249341.jpg,2,,,
500707,Kajirei,Kajirei,19th century,,,,"Wood, metal",Length of handle: 8.9 cm; (3 1/2 in.); Diameter of rings: 5.1 - 6.4 cm (2 - 2 1/2 in.),Japanese,Japan,,,,,,,,,,Musical Instruments,Idiophone-Shaken-crotal bell,,False,True,https://www.metmuseum.org/art/collection/search/500707,https://images.metmuseum.org/CRDImages/mi/original/MUS753A1.jpg,0,,,
503047,Arpeggione,Arpeggione,1831,,,,"Wood, various materials","Total L.: 115.7 cm (45-9/16 in.); Body L.: 68.2 cm (26-5/8 in.);
Widths: UB. 33.3 cm (13-1/8 in.): MB.  23.2 cm (9-1/8 in);  LB. 39.5 (15½ in.); Sto. 34.2 (13-3/8 in); 
String L. 60.4 (23½); 
For other measurements see department file.",Austrian,Austria,,Vienna,,Johann Georg Staufer,Maker,Austrian,,,,Musical Instruments,Chordophone-Lute-bowed-fretted,,False,True,https://www.metmuseum.org/art/collection/search/503047,https://images.metmuseum.org/CRDImages/mi/original/DP217179.jpg,3,,,
505196,Tenor (Alto) Ophicleide in E-flat,Tenor (Alto) Ophicleide in E-flat,ca. 1845,,,,Brass,Overall: 18.9 x 89cm (7 7/16 x 35 1/16in.),Belgian,Belgium,,Brussels,,Charles Joseph Sax,Maker,Belgian,1790-02-01,1865-04-26,,Musical Instruments,Aerophone-Lip Vibrated-horn,"Belgian, Dinant, Belgium 1790–1865 Paris",False,True,https://www.metmuseum.org/art/collection/search/505196,https://images.metmuseum.org/CRDImages/mi/original/DP249340.jpg,2,,https://www.wikidata.org/wiki/Q5074746,http://vocab.getty.edu/page/ulan/500334756
503762,Rotary Valve Cornet,Rotary Valve Cornet,1870–75,,,,"Metal, silver plated","Height: 13 15/16 in. (35.4 cm)
Diameter (Of bell): 4 5/8 in. (11.7 cm)
Weight: 1.3 lbs. (589.676 g)",American,United States,,Boston,,Hall & Quinby,Maker,,,,,Musical Instruments,Aerophone-Lip Vibrated,,False,True,https://www.metmuseum.org/art/collection/search/503762,https://images.metmuseum.org/CRDImages/mi/original/DP145581.jpg,2,,,
504801,Lyre Guitar,Lyre Guitar,ca. 1800,,,,"Wood, ivory, metal",L. 30 in. (76.2 cm),European,,,,,,,,,,,Musical Instruments,Chordophone-Lute-plucked-fretted,,False,True,https://www.metmuseum.org/art/collection/search/504801,https://images.metmuseum.org/CRDImages/mi/original/209753.jpg,0,,,
506874,Flute,Flute,ca. 1867–1869,,,,Silver-plated brass,Length: 28 1/2 in. (72.4 cm),American,United States,,New York,,Charles Monzani,Maker,American,,,,Musical Instruments,Aerophone-Blow Hole-side-blown flute (transverse),American,False,True,https://www.metmuseum.org/art/collection/search/506874,https://images.metmuseum.org/CRDImages/mi/original/DP703879.jpg,3,,,
501903,Bell,Bell,19th century,,,,"Brass, glass",Overall: 27.6 x 20.8cm (10 7/8 x 8 3/16in.),Indian,India,,,Snakes|Lotuses,,,,,,,Musical Instruments,Idiophone-Struck-bell-without clapper,,False,True,https://www.metmuseum.org/art/collection/search/501903,https://images.metmuseum.org/CRDImages/mi/original/159471.jpg,1,,,
502157,Handbell,Handbell,19th century (?),,,,Brass,"Height  9.4 cm, Diamter  7.1 cm, Weight  170 g",European,,,,,,,,,,,Musical Instruments,Idiophone-Struck-bell-clapper,,False,True,https://www.metmuseum.org/art/collection/search/502157,https://images.metmuseum.org/CRDImages/mi/original/DP161929.jpg,0,,,
504823,Nafir,Nafir or Muzmar el Daraweesh,late 19th century,,,,Horn (goat?),L. 14 1/2 in. × Diam. 2 1/2 in. - 7/8 in. (36.8 × 6.4 - 2.3 cm),Iranian (Persian),Iran,,,,,,,,,,Musical Instruments,Aerophone-Lip Vibrated-horn,,False,True,https://www.metmuseum.org/art/collection/search/504823,https://images.metmuseum.org/CRDImages/mi/original/DP-23446-001.jpg,1,,,
502805,Pottery Whistle,Pottery Whistle,ca. 800–1525,Pre-Columbian,,,Pottery,H. 116 mm.; W. 77 mm.; D. 79 mm.; Wt. 180 g.,Costa Rican,Costa Rica,,Linea Vieja,,,,,,,,Musical Instruments,Aerophone-Whistle Flute-whistle,,False,True,https://www.metmuseum.org/art/collection/search/502805,https://images.metmuseum.org/CRDImages/mi/original/midp89.4.2787.jpg,1,,,
501267,Pottery Flute,Pottery Flute,19th century,,,,clay,L. 231 mm.; W. 80 mm.; greatest thickness (mouthpiece) 70 mm.; Diam. bell (lower portion of bore) 15 mm.; Wt. 222 g.,Mexican,Mexico,,,,,,,,,,Musical Instruments,Aerophone-Whistle Flute-recorder,,False,True,https://www.metmuseum.org/art/collection/search/501267,https://images.metmuseum.org/CRDImages/mi/original/midp89.4.651 (1).jpg,2,,,
504616,Arch Cittern,Arch Cittern,1782,,,,"Wood, ivory",Total L.: 99.6 cm (39 in.); Maximum body W.: 32.2 cm (12-3/4 in.),French,France,,,,Jean Francois Tiphanon,Maker,French,,,,Musical Instruments,Chordophone-Lute-plucked-fretted,,False,True,https://www.metmuseum.org/art/collection/search/504616,https://images.metmuseum.org/CRDImages/mi/original/DT6591a.jpg,1,,,
501790,Harpsichord,Harpsichord,16th or 17th century,,,,Wood and various materials,"inst.: 186cm x 81cm x 28cm
stand: 163cm x 69cm 68cm",Italian,Italy,,,Men|Angels,,,,,,,Musical Instruments,Chordophone-Zither-plucked-harpsichord,,False,True,https://www.metmuseum.org/art/collection/search/501790,https://images.metmuseum.org/CRDImages/mi/original/ep89.4.1222.bw.R.jpg,1,,,
501047,Zeze,Zeze,late 19th century,,,,"Wood, gourd, bone, porcupine quill, fiber","Height: 26 in. (66 cm)
Diameter (Of gourd): 7 in. (17.8 cm)",Mombasa,Kenya,,Mombasa,,,,,,,,Musical Instruments,Chordophone-Musical Bow,,False,True,https://www.metmuseum.org/art/collection/search/501047,https://images.metmuseum.org/CRDImages/mi/original/258889.jpg,0,https://www.wikidata.org/wiki/Q116412957,,
504665,Violin,Violin,1752,,,,"Spruce, maple, ebony","Total length: 23-1/4 in. (582 mm)
Body length: 13 13/16 in. (352 mm)
Upper bouts: 165 mm
Lower bouts: 205 mm","Italian, Florentine",,,,,Lorenzo Carcassi,Maker,,,,,Musical Instruments,Chordophone-Lute-bowed-unfretted,,False,True,https://www.metmuseum.org/art/collection/search/504665,https://images.metmuseum.org/CRDImages/mi/original/DP-21000-001.jpg,1,,,
501086,Horn,Horn,late 19th century,,,,Wood,L. 63.5 cm (25 in.); Diam. of large end 9.8 cm (3-7/8 in.),Mayumba,Congo,,,,Mayumba people,Maker,Congo,,,,Musical Instruments,Aerophone-Lip Vibrated-horn,Congo,False,True,https://www.metmuseum.org/art/collection/search/501086,https://images.metmuseum.org/CRDImages/mi/original/MUS515A middle.jpg,0,,,
502450,Baryton,Baryton,1779,,,,Wood,"Body length  66.4 cm, 
Body width:  upper bout	15.2 cm
	center bout	20.4 cm
	lower bout	41.9 cm
Rib height:  top block	10.8 cm
	center bout	11.1 cm
	bottom block	11.4 cm
String length 72.3 cm",Czech,Czech Republic,,,,Johann Joseph Stadlmann,Maker,Czech,,,,Musical Instruments,Chordophone-Lute-bowed-unfretted,,False,True,https://www.metmuseum.org/art/collection/search/502450,https://images.metmuseum.org/CRDImages/mi/original/MI8.jpg,6,,https://www.wikidata.org/wiki/Q94907245,(not assigned)
502191,Fanfare trumpet in E-flat,Fanfare trumpet in E-flat,1856,,,,Brass,"Height (Without mouthpiece): 32 3/8 in. (82.2 cm)
Diameter (Of bell): 5 5/16 in. (13.5 cm)",French,France,,Paris,,Adolphe (Antoine Joseph) Sax,Maker,"Belgian, active France",1814-11-06,1894-02-07,,Musical Instruments,Aerophone-Lip Vibrated-trumpet / trombone,"Belgian, Dinant, Belgium 1814–1894 Paris",False,True,https://www.metmuseum.org/art/collection/search/502191,https://images.metmuseum.org/CRDImages/mi/original/DP338985.jpg,4,https://www.wikidata.org/wiki/Q116273233,https://www.wikidata.org/wiki/Q181995,http://vocab.getty.edu/page/ulan/500332407
501852,Trumpet,Trumpet,ca. 1000,Pre-Columbian,,,terra cotta,"Width: 11 in. (27.9 cm)
Diameter (Of bell): 3 1/4 in. (8.3 cm)","So. America, Peru",Peru,,Truxillo (Mochica),Animals,Mochica,Maker,,,,,Musical Instruments,Aerophone-Lip Vibrated-trumpet / trombone,,False,True,https://www.metmuseum.org/art/collection/search/501852,https://images.metmuseum.org/CRDImages/mi/original/MUS568A.jpg,1,,,
506865,Archtop Guitar,Archtop Guitar,1919,,,,"Spruce, birch, mahogany, ivoroid, mother-of-pearl, nickel silver",Overall: 38 1/8 × 16 × 20 3/4 in. (96.8 × 40.6 × 52.7 cm),American,United States,,Kalamazoo,,"Gibson Mandolin-Guitar Manufacturing Co., Ltd.",Maker,American,1902,9999,,Musical Instruments,Chordophone-Lute-plucked-fretted,"American, founded Kalamazoo, Michigan 1902",False,True,https://www.metmuseum.org/art/collection/search/506865,https://images.metmuseum.org/CRDImages/mi/original/DP703864.jpg,0,,https://www.wikidata.org/wiki/Q210278,(not assigned)
500577,Square Piano,Square Piano,1791–1798,,,,"Mahogany veneered case, nameboard veneer of lighter colored wood, brass decorative medallions on upper corners of legs, ivory natural and ebony accidental keys","Case length (perpendicular to keyboard):  56.5 cm (22-1/4 in.) 
Width parallel to keyboard: 159.5 cm (62-15/16 in.) 
Case Depth not including stand, w/o lid:  23.6 cm (9-5/16 in.) 
Total Height:  81 cm(31-7/8 in.)",American,United States,,Philadelphia,,Charles Albrecht,Maker,German,1759,1848,,Musical Instruments,Chordophone-Zither-struck-piano,"German, 1759/60–1848 Montgomery, Pennsylvania",False,True,https://www.metmuseum.org/art/collection/search/500577,https://images.metmuseum.org/CRDImages/mi/original/MI89.2.185a.jpg,2,,,
503775,Piccolo in D,Piccolo in D,early 19th century,,,,"Wood, brass, ivory",L. 32.1cm (12 5/8in.),French,France,,,,,,,,,,Musical Instruments,Aerophone-Blow Hole-side-blown flute (transverse),,False,True,https://www.metmuseum.org/art/collection/search/503775,https://images.metmuseum.org/CRDImages/mi/original/MUS295A5.jpg,2,,,
501504,Oboe in C,Oboe in C,before 1735,,,,"boxwood, brass","22 5/8 × 2 × 2 in. (57.5 × 5.1 × 5.1 cm)
Height (Including reed): 24 7/8 in. (63.2 cm)",German,Germany,,Nürnberg,,Jacob Denner,Maker,German,1681,1735,,Musical Instruments,Aerophone-Reed Vibrated-double reed,"German, Nuremberg 1681–1735",False,True,https://www.metmuseum.org/art/collection/search/501504,https://images.metmuseum.org/CRDImages/mi/original/DP221216.jpg,4,https://www.wikidata.org/wiki/Q116273733,,
501809,Walking-Stick Flageolet in A,Walking-Stick Flageolet in A,early 19th century,,,,"Wood, bone, ivory, brass",Length 32-1/2 in. (826 mm),Probably American,United States?,,,,,,,,,,Musical Instruments,Aerophone-Whistle Flute-flageolet,,False,True,https://www.metmuseum.org/art/collection/search/501809,https://images.metmuseum.org/CRDImages/mi/original/MUS291AMIDDLE.jpg,0,,,
500908,Mashak,Mashak,19th century,,,,"Wood, leather",L. right chanter 22.6 cm (8-15/16 in.); L. left chanter 22.2 cm (8-3/4 in.); L. stock 18 m (7-1/16 in.),Burmese,Myanmar (formerly Burma),,,,,,,,,,Musical Instruments,Aerophone-Reed Vibrated-bagpipe,,False,True,https://www.metmuseum.org/art/collection/search/500908,https://images.metmuseum.org/CRDImages/mi/original/89.4.263 D32A0383 edited.jpg,2,,,
503037,Hitoyogiri (一節切),Hitoyogiri (一節切),late 16th–early 17th century,Momoyama?,,,"Bamboo, gilt","L. 13 1/4 × Diam. 15/16 in. (33.6 × 2.4 cm)
See Measurments photo for specific measurements",Japanese,Japan,,,,Attributed to Ōmori Sōkun 大森宗勲,Artist,Japanese,1570,1625,,Musical Instruments,Aerophone-Blow Hole-end-blown flute (vertical),"Japanese, 1570–1625",False,True,https://www.metmuseum.org/art/collection/search/503037,https://images.metmuseum.org/CRDImages/mi/original/midp48.126.5.jpg,4,,,
501297,Reed Pipe,Reed Pipe (lipped form),19th century,,,,"wood, wire (not original)","L. 28.6 x Diam. 5.1 cm (11 1/4 x 2 in.)
Old Card: Diam. 5.1 x L. 30.5cm (2 x 12 in.)",Native American (Tlingit),United States,,,,,,,,,,Musical Instruments,Aerophone-Reed Vibrated-double reed,,False,True,https://www.metmuseum.org/art/collection/search/501297,https://images.metmuseum.org/CRDImages/mi/original/midp89.4.681 (2).jpg,5,,,
501445,Bue Balabala,Bue Balabala,late 19th century,,,,"bamboo, fiber","Longest pipe 7 in., shortest 2-3/4 in. (L.C. says, ""Longest pipe 5-7/8 in., shortest 2-3/4 in."")",Melanesian (Aoba Island [Ambae] Vanuatuan),Vanuatu,,,,,,,,,,Musical Instruments,Aerophone-Blow Hole-panpipe,,False,True,https://www.metmuseum.org/art/collection/search/501445,https://images.metmuseum.org/CRDImages/mi/original/midp89.4.833.jpg,0,,,
500681,Heike Biwa (平家琵琶),Heike Biwa,ca. 1835,,,,"Wood, leather",L 31 1/2 × W. 11 13/16 × D. 1 5/16 in. (80 × 30 × 3.4 cm),Japanese,Japan,,,,,,,,,,Musical Instruments,Chordophone-Lute-plucked-fretted,,False,True,https://www.metmuseum.org/art/collection/search/500681,https://images.metmuseum.org/CRDImages/mi/original/MUS283B.jpg,0,,,
501007,Tabl Sami,Tabl Sami,late 19th century,,,,"Wood, metal, hide",Depth 3 13/16 × Diam.: Head 12 3/16 × Base 5 13/16 in. (9.7 × 31 × 14.8 cm),Arabian,Arabia,,,,,,,,,,Musical Instruments,Membranophone-single-headed / kettle drum,,False,True,https://www.metmuseum.org/art/collection/search/501007,https://images.metmuseum.org/CRDImages/mi/original/midp89.4.386.jpg,2,,,
500958,Saz,Saz,late 19th century,,,,Wood,54.5cm x 11.5cm x 10.5cm,Turkish,Turkey,,,,,,,,,,Musical Instruments,Chordophone-Lute-plucked-fretted,,False,True,https://www.metmuseum.org/art/collection/search/500958,https://images.metmuseum.org/CRDImages/mi/original/187366(331).jpg,1,,,
500851,Cittern,Cittern,1824,,,,Wood and various materials,"Total length  74.5 cm., Fingerboard length  40 cm., Fingerboard width--top/bottom  5.5/ 5.5 cm.,
Body length:  41 cm.
Body width--widest/ narrowest:  7.9/ ca. 27.5 cm.
Body depth--neck/ foot:  6.5/ 6.1 cm.
Vibrating length of strings  54.2 cm., Diameter of sound hole  6.6 cm., Bridge height  1.4 cm.",German,Germany,,,,,,,,,,Musical Instruments,Chordophone-Lute-plucked-fretted,,False,True,https://www.metmuseum.org/art/collection/search/500851,https://images.metmuseum.org/CRDImages/mi/original/MUS46Amiddle.jpg,1,,,
504514,Violin,Violin,1737,,,,"Spruce, maple",Height (Total): 23 in. (58.4 cm),Italian,Italy,,Milan,,Carlo Antonio Testore,Maker,Italian,1687,1765,,Musical Instruments,Chordophone-Lute-bowed-unfretted,(Milan 1687-1765 Milan),False,True,https://www.metmuseum.org/art/collection/search/504514,https://images.metmuseum.org/CRDImages/mi/original/MI13.jpg,0,,,
502047,Drum,Drum,19th century,,,,"Wood, hide",31cm x 31cm x 10cm,Malagasy,Madagascar?,,,,,,,,,,Musical Instruments,Membranophone-single-headed / frame drum,,False,True,https://www.metmuseum.org/art/collection/search/502047,https://images.metmuseum.org/CRDImages/mi/original/204442.jpg,3,,,
501161,Nanga,Nanga,late 19th century,,,,"Wood, fur","Box: L. 33.5 cm; W. 28.5 cm; H. 13.5 cm
**object is in 3 pieces",Congolese,,Congo District,,,,,,,,,Musical Instruments,Chordophone-Harp,,False,True,https://www.metmuseum.org/art/collection/search/501161,https://images.metmuseum.org/CRDImages/mi/original/Mus651A left.jpg,0,,,
501275,Ratchet,Ratchet,late 19th century,,,,tin-plated iron,W. 2 13/16 (incl. can & frame) × D.  (incl. can & spout) 3 1/2 × L. (incl. handle & can) 7 1/8 in. (7.2 × 8.9 × 18.2 cm),Cuban,Cuba,,,,,,,,,,Musical Instruments,Idiophone-Scraped,,False,True,https://www.metmuseum.org/art/collection/search/501275,https://images.metmuseum.org/CRDImages/mi/original/midp89.4.659.jpg,1,,,
504251,Cittern,Cittern,1772,,,,"Maple, spruce, ebony, ivory, mother-of-pearl, brass",Total length: 802 mm,French,France,,Paris,,Gerard J. Deleplanque,Maker,French,1754,1790,,Musical Instruments,Chordophone-Lute-bowed-fretted,"French, Lille, France active ca. 1754–1790",False,True,https://www.metmuseum.org/art/collection/search/504251,https://images.metmuseum.org/CRDImages/mi/original/231782.jpg,3,,,
500821,Ghutru,Ghutru or Ozi,late 19th century,,,,"Wood, wire and skin.",L. 9 1/4 × Head Diam. 4 5/8 × Base Diam. 4 1/4 in. (23.5 × 11.8 × 10.8 cm),Indian or Burmese,Myanmar,,,,,,,,,,Musical Instruments,Membranophone-single-headed / goblet drum,,False,True,https://www.metmuseum.org/art/collection/search/500821,https://images.metmuseum.org/CRDImages/mi/original/midp89.4.252vert.jpg,1,,,
500672,Ichigen-kin (一絃琴),Ichigen-kin (一絃琴),19th century,,,,Wood,L.: 110 cm (43-3/16 in.); W.: 8  - 11 cm (3-3/16 - 4-5/16 in.),Japanese,Japan,,,,,,,,,,Musical Instruments,Chordophone-Zither-plucked-long zither,,False,True,https://www.metmuseum.org/art/collection/search/500672,https://images.metmuseum.org/CRDImages/mi/original/midp89.4.113.jpg,1,,,
505664,Music Box,Music Box,1800,,,,Various materials,L. 3 cm (1 3/16 in.) x W. 2.2 cm (7.8 in.),Swiss,Switzerland,,,,,,,,,,Musical Instruments,Idiophone,,False,True,https://www.metmuseum.org/art/collection/search/505664,https://images.metmuseum.org/CRDImages/mi/original/210131.jpg,1,,,
500527,Pipe Organ,Pipe Organ,ca. 1850,,,,"Wood, metal, various materials","H. 8 ft. 8 in. (264.2 cm); W. 58 in. (147.3 cm)
Bottom section: 119 cm (D); 97 cm (H); 142 cm (W)
Pipe Trays with smaller pipes are on 8 B: 60 cm H; 122 cm W; 61 cm D.",American,United States,,New York,,Richard M. Ferris,Maker,American,1818,1858,,Musical Instruments,Aerophone-Organ,"American, 1818–1858 New York",False,True,https://www.metmuseum.org/art/collection/search/500527,https://images.metmuseum.org/CRDImages/mi/original/DT8322.jpg,3,,,
501167,Banjo,Banjo,1850s,,,,"Wood, various materials.",L.: +/-  82 cm (32-5/16 in.);  Diam. of head: 25.5 cm (10-1/16 in.); String L.: longest +/- 62 cm (24-7/16 in.); shortest +/- 38 cm (14-15/16 in.),American,United States,Eastern?,,,,,,,,,Musical Instruments,Chordophone-Lute-plucked-unfretted,,False,True,https://www.metmuseum.org/art/collection/search/501167,https://images.metmuseum.org/CRDImages/mi/original/89.4.551_Maya_1.jpg,0,,,
503864,Post Horn in F,Post Horn in F,ca. 1860–80,,,,Brass,"Height: 7 1/16 in. (18 cm)
Diameter (Of bell): 4 3/4 in. (12.1 cm)",Austrian or German,Austria / Germany,,,,,,,,,,Musical Instruments,Aerophone-Lip Vibrated-horn,,False,True,https://www.metmuseum.org/art/collection/search/503864,https://images.metmuseum.org/CRDImages/mi/original/DP-12679-057.jpg,1,,,
504165,Transverse Flute in D,Transverse Flute in D,1825–28,,,,"Boxwood, brass","L. 61.3cm (24-1/8 in.); Embouchure L.: 53.4 cm (21-1/8 in.)
L. 53.4cm",possibly American,United States,,New York(?),,,,,,,,Musical Instruments,Aerophone-Blow Hole-side-blown flute (transverse),,False,True,https://www.metmuseum.org/art/collection/search/504165,https://images.metmuseum.org/CRDImages/mi/original/244744.jpg,0,,,
503666,Portable Harp,Portable Harp,late 19th century,,,,"wood, various materials","Height: extreme: 114.0 cm
            length of pillar: 111.0
            above soundboard: 91.0 cm
Soundboard: resonating length: 89.5 cm
                      greatest width: 21.0 cm
Strings (sounding length): longest: 101.0 cm
                                          Shortest: 9.0 cm
                                          c2 (missing?)",British,United Kingdom,,London,,Joseph George Morley,Maker,British,1847,1922,,Musical Instruments,Chordophone-Harp,"British, London 1847–1922 London",False,True,https://www.metmuseum.org/art/collection/search/503666,https://images.metmuseum.org/CRDImages/mi/original/MUS5A.jpg,0,,,
503540,Rasp,Rasp,ca. 200 BCE–200 CE,Pre-Columbian,,,Stone,Overall: 1.8 x 33.4 cm (11/16 x 13 1/8 in.),Colima,Mexico,,,,,,,,,,Musical Instruments,Idiophone-Scraped,,False,True,https://www.metmuseum.org/art/collection/search/503540,https://images.metmuseum.org/CRDImages/mi/original/DP160886.jpg,0,,,
501128,Drum,Drum,19th century,,,,"Wood, reptile skin",44cm x 21cm x 21cm,Sogo people,Uganda,,,,Soga people,Maker,Uganda,,,,Musical Instruments,Membranophone-single-headed / goblet drum,Uganda,False,True,https://www.metmuseum.org/art/collection/search/501128,https://images.metmuseum.org/CRDImages/mi/original/MUS631.jpg,0,,,
505026,Harmonium,Harmonium,mid-19th century,,,,"Wood, various materials",,German,Germany,,Dresden/Stuttgart?,,F. Kaufmann & Sohn,Maker,German,,,,Musical Instruments,Aerophone-Free Reed-harmonium,German,False,True,https://www.metmuseum.org/art/collection/search/505026,https://images.metmuseum.org/CRDImages/mi/original/MUS1170B.jpg,0,,,
504788,Orchestral Horn,Orchestral Horn,ca. 1858,,,,Brass,Overall: 28.1 x 45cm (11 1/16 x 17 11/16in.),Belgian,Belgium,,Ath,,H. Delcourt,Maker,Belgian,1850,1870,,Musical Instruments,Aerophone-Lip Vibrated-horn,"Belgian, Ath active ca. 1858",False,True,https://www.metmuseum.org/art/collection/search/504788,https://images.metmuseum.org/CRDImages/mi/original/mus404a2.jpg,0,,,
501859,Tsambouna,Karamuza,19th century,,,,"Cane, wood, horn, sheepskin",,Greek,Greece,,,,,,,,,,Musical Instruments,Aerophone-Reed Vibrated-bagpipe,,False,True,https://www.metmuseum.org/art/collection/search/501859,https://images.metmuseum.org/CRDImages/mi/original/-89.4.1293 D32A0414 edited.jpg,2,,,
501022,Guenbri,Guenbri,late 19th century,,,,Coconut shell,47cm x 10cm x 10cm,possibly Algeria,Algeria,,,,,,,,,,Musical Instruments,Chordophone-Lute-plucked-unfretted,,False,True,https://www.metmuseum.org/art/collection/search/501022,https://images.metmuseum.org/CRDImages/mi/original/MUS217A.jpg,0,,,
504942,Cow Bell,Cow Bell,ca. 1850–89,,,,"Brass plated iron, leather","Overall: 11.3cm, 0.2kg, 6.5cm (4 7/16in., 0.3lb., 2 9/16in.)",German,Germany,,,,,,,,,,Musical Instruments,Idiophone-Struck-bell-clapper,,False,True,https://www.metmuseum.org/art/collection/search/504942,https://images.metmuseum.org/CRDImages/mi/original/MUS690A5.jpg,0,,,
505648,Music Box,Music Box,early 19th century,,,,Various materials,H. 8.3 cm (3 1/4 in.),French or Swiss,France,,,Fruit|Flowers,,,,,,,Musical Instruments,Idiophone,,False,True,https://www.metmuseum.org/art/collection/search/505648,https://images.metmuseum.org/CRDImages/mi/original/DP169438.jpg,4,,,
501951,Flute,Flute,19th century,,,,"Wood, leather, metal",L. 21 × Diam. 1 1/4 in. (53.3 × 3.2 cm),"Native American (Apache, probably)",United States,,,,,,,,,,Musical Instruments,Aerophone-Blow Hole-end-blown flute (vertical),,False,True,https://www.metmuseum.org/art/collection/search/501951,https://images.metmuseum.org/CRDImages/mi/original/midp89.4.1385 (2).jpg,4,,,
501146,Flute,Flute,late 19th century,,,,Bamboo,L. 30.8 cm (12-1/8 in.),Malagasy,Madagascar,,,,,,,,,,Musical Instruments,Aerophone-Blow Hole-end-blown flute (vertical),,False,True,https://www.metmuseum.org/art/collection/search/501146,https://images.metmuseum.org/CRDImages/mi/original/259038.jpg,0,,,
501787,Harpsichord,Harpsichord,1742,,,,Wood and various materials,"L. 243 cm
W. 94 cm
D. 28 cm
Stand: 244cm x 92cm x 69cm",French,France,,Paris,,Louis Bellot,Maker,French,1717,1759,,Musical Instruments,Chordophone-Zither-plucked-harpsichord,"Paris, active 1717–1759",False,True,https://www.metmuseum.org/art/collection/search/501787,https://images.metmuseum.org/CRDImages/mi/original/DP225547.jpg,6,,,
506092,Watercolor of musician playing frame drum,Watercolor of musician playing frame drum,late 18th century,,,,Watercolor on paper,Overall: 43.2 x 35.6 x 1.3cm (17 x 14 x 1/2in.),Chinese,China,,,Musical Instruments|Women|Musicians,,,,,,,Musical Instruments,Works on Paper,,False,True,https://www.metmuseum.org/art/collection/search/506092,https://images.metmuseum.org/CRDImages/mi/original/DP211155.jpg,0,,,
502294,Tayàw,Tayàw,late 19th century,,,,Wood,Height: 30 in. (76.2 cm),Burmese,Myanmar (formerly Burma),,,,,,,,,,Musical Instruments,Chordophone-Lute-bowed-unfretted,,False,True,https://www.metmuseum.org/art/collection/search/502294,https://images.metmuseum.org/CRDImages/mi/original/89.4.1747 slide.jpg,2,,,
501583,Pochette,Pochette,ca. 1700,,,,wood,"L. 1 ft. 8-1/2 in., W. 2-1/2 in.",French,France,,,,,,,,,,Musical Instruments,Chordophone-Lute-bowed-unfretted,,False,True,https://www.metmuseum.org/art/collection/search/501583,https://images.metmuseum.org/CRDImages/mi/original/Mus94a.jpg,0,,,
504559,Rnga (Lag-Rnga),Rnga (Lag-Rnga),18th century,,,,"Wood, paint, lacquer, hide","53 3/4 × 24 1/8 × 8 1/2 in. (136.5 × 61.3 × 21.6 cm)
Beater: 21 1/2 × 1 × 7 in. (54.6 × 2.5 × 17.8 cm)",Tibetan,Tibet,,,,,,,,,,Musical Instruments,Membranophone-double-headed / frame drum,,False,True,https://www.metmuseum.org/art/collection/search/504559,https://images.metmuseum.org/CRDImages/mi/original/DP337458.jpg,0,https://www.wikidata.org/wiki/Q116254104,,
500751,Ānandalaharī,Ānandalaharī,ca. 1885,,,,"Wood, skin, string",H. 25.4  x  Diam. 17 - 11 cm (10 x 6 11/16 -  4 5/16 in.),Indian (Bengal),India,,Bengal,,,,,,,,Musical Instruments,Chordophone,,False,True,https://www.metmuseum.org/art/collection/search/500751,https://images.metmuseum.org/CRDImages/mi/original/midp89.4.181.jpg,1,,,
502115,Dobachi (銅鉢),Dobachi,19th century,,,,"Metal, wood, lacquer","Bell: 9 × 12 in. (22.9 × 30.5 cm)
Stand: 14 1/2 × 11 9/16 in. (36.8 × 29.4 cm)
Beater: 10 in. (25.4 cm)",Japanese,Japan,,,,,,,,,,Musical Instruments,Idiophone-Struck-bell-without clapper,,False,True,https://www.metmuseum.org/art/collection/search/502115,https://images.metmuseum.org/CRDImages/mi/original/DP237856.jpg,1,,,
501054,Kaval,Kaval,late 19th century,,,,Boxwood,L. 18 1/2 × Diam. 13/16 in. (47 × 2 cm),Turkish,Turkey,,,,,,,,,,Musical Instruments,Aerophone-Blow Hole-end-blown flute (vertical),,False,True,https://www.metmuseum.org/art/collection/search/501054,https://images.metmuseum.org/CRDImages/mi/original/midp89.4.436.jpg,3,,,
502187,Double Bell,Double Bell,late 19th century,,,,Iron,"Height: 13 in. (33 cm)
Diameter (Of each bell): 2 1/2 in. (6.4 cm)",Cameroonian,Republic of Cameroon,,,,,,,,,,Musical Instruments,Idiophone-Struck-bell-without clapper,,False,True,https://www.metmuseum.org/art/collection/search/502187,https://images.metmuseum.org/CRDImages/mi/original/DT1531a.jpg,0,https://www.wikidata.org/wiki/Q116413021,,
502536,Whistling Jar,Whistling Jar,200 BCE–1000 CE,Pre-Columbian,,,Clay,L. 15.7 cm.; H. 16.1 cm.; W. 6.8 cm.; Wt. 391 g.,Peruvian,Peru,North Coast,,,,,,,,,Musical Instruments,Aerophone-Blow Hole-vessel flute,,False,True,https://www.metmuseum.org/art/collection/search/502536,https://images.metmuseum.org/CRDImages/mi/original/DP158985.jpg,0,,,
505160,Flute in D,Flute in D,ca. 1821,,,,"wood, ivory, brass",Embouchure L. 21 1/4 x L. 24 in. (54 x 61 cm),British,United Kingdom,,London,,,,,,,,Musical Instruments,Aerophone-Blow Hole-side-blown flute (transverse),,False,True,https://www.metmuseum.org/art/collection/search/505160,https://images.metmuseum.org/CRDImages/mi/original/209657.jpg,0,,,
501375,Tube Zither,Tube zither,late 19th century,,,,"Wood, paint, wire","Zither: L.  44.5 cm (17-1/2 in.), Diam. 18.4 cm (7-1/4 in.)
Beater: L. 17 cm (6-11/16 in.)",Indonesian (West Sumatra),Indonesia,,,,,,,,,,Musical Instruments,Chordophone-Zither-struck,,False,True,https://www.metmuseum.org/art/collection/search/501375,https://images.metmuseum.org/CRDImages/mi/original/midp89.4.760.jpg,1,,,
501753,Hand Bell,Hand Bell,19th century (?),,,,metal,"Height  9.7 cm, Diameter  6.7 cm, Weight  398 g",French,France,,,Girls,,,,,,,Musical Instruments,Idiophone-Struck-bell-clapper,,False,True,https://www.metmuseum.org/art/collection/search/501753,https://images.metmuseum.org/CRDImages/mi/original/MUS721A11.jpg,1,,,
500539,Drum Sticks,Drum Sticks,late 19th century,,,,,"a) L. 9-3/8 in., b) L. 9-3/4 in.",Asian,,,,,,,,,,,Musical Instruments,Membranophone-Accessories,,False,True,https://www.metmuseum.org/art/collection/search/500539,https://images.metmuseum.org/CRDImages/mi/original/X346.jpg,2,,,
501717,Signal Horn in B,Signal Horn in B,early 19th century,,,,brass,"Length ca. 593 mm, Diam. of bell  157 mm.",French,France,,,,,,,,,,Musical Instruments,Aerophone-Lip Vibrated-horn,,False,True,https://www.metmuseum.org/art/collection/search/501717,https://images.metmuseum.org/CRDImages/mi/original/MUS472A.jpg,0,,,
501133,Herrauou,Herrauou,late 19th century,,,,Wood and gourd,L. 35.6 cm (14 in.),Malagasy,Madagascar,,,,,,,,,,Musical Instruments,Chordophone-Zither-plucked,,False,True,https://www.metmuseum.org/art/collection/search/501133,https://images.metmuseum.org/CRDImages/mi/original/Mus159A left.jpg,0,,,
504930,Serpent,Serpent,17th century (?),,,,"Wood, leather",Overall: 9.3 x 173cm (bell diameter x length of tube) (3 11/16 x 68 1/8in.),possibly Italian,Italy?,,,,,,,,,,Musical Instruments,Aerophone-Lip Vibrated-horn,,False,True,https://www.metmuseum.org/art/collection/search/504930,https://images.metmuseum.org/CRDImages/mi/original/DP249502.jpg,2,,,
501080,Horn,Horn,ca. 1874,,,,Ivory,"L. 54.5 cm, W. 8 cm, H. 7 cm",Zulu,South Africa,,,,,,,,,,Musical Instruments,Aerophone-Lip Vibrated-horn,,False,True,https://www.metmuseum.org/art/collection/search/501080,https://images.metmuseum.org/CRDImages/mi/original/260635.jpg,0,,,
505397,Charango,Charango,late 19th century,,,,"Wood (sprunce, mahagony, rosewood), armadillo shell",L. 85.2 x W. upper bout 17.5 x W. lower bout 25.4 x D. 11.7 cm  (33 9/16 x 6 7/8 x 10 x 4 5/8 in.),Mexican,Mexico,,Merida,,Marcos Manufactory,Maker,,,,,Musical Instruments,Chordophone-Lute-plucked,,False,True,https://www.metmuseum.org/art/collection/search/505397,https://images.metmuseum.org/CRDImages/mi/original/DP234912.jpg,4,https://www.wikidata.org/wiki/Q116413302,,
505307,Guitar,Guitar,ca. 1695–99,,,,"Wood, ivory, ebony",Total Length: 916 mm,German,Germany,,Hamburg,,Joachim Tielke,Maker,German,1641,1719,,Musical Instruments,Chordophone-Lute-plucked-fretted,"German, 1641–1719",False,True,https://www.metmuseum.org/art/collection/search/505307,https://images.metmuseum.org/CRDImages/mi/original/DP163292.jpg,2,,https://www.wikidata.org/wiki/Q108461,http://vocab.getty.edu/page/ulan/500098125
505129,Practice Keyboard,Practice Keyboard,ca. 1870–96,,,,"Wood, metal, celluloid",,,,,,,,,,,,,Musical Instruments,Chordophone-Accessories,,False,True,https://www.metmuseum.org/art/collection/search/505129,https://images.metmuseum.org/CRDImages/mi/original/206990.jpg,0,,,
504273,Clarinet in C,Clarinet in C,ca. 1785,,,,Various materials.,L.: 58.3 cm (23 in.); Diam. of bell: 6 cm (2-3/8 in.); Mouthpiece/barrel: 11.2 cm (4-1/2 in.); Upper body: 19.2 cm (7-5/8) in.); Mid-body: 11.1 cm ( 4-3/8 in.); Lower body/bell: 22.2 cm (8-3/4in.),British,United Kingdom,,London,,John Hale,Maker,British,1785,1804,,Musical Instruments,Aerophone-Reed Vibrated-single reed cylindrical,"British, active London 1785–1804",False,True,https://www.metmuseum.org/art/collection/search/504273,https://images.metmuseum.org/CRDImages/mi/original/1976.7.7.8.jpg,7,,,
503202,Grand Piano,Grand Piano,ca. 1815–20,,,,"Wood, various materials","L. 223.4 cm (88 in.); W. 126.4 cm (49 3/4 in.); Diam. 32 cm (12 1/2 in.); H. 93.7 cm (37 in.);  3-octave span 47.7 cm (18 3/4 in.); Sounding L. (1) f4, 5.5 striking, .5 cm; (2) c2, 27 striking, 3.2 cm; FF,173.2 striking,  16.6 cm",Austrian,Austria,,Vienna,,Joseph Böhm,Maker,Austrian,1786,1850,,Musical Instruments,Chordophone-Zither-struck-piano,"Austrian, Vienna 1786–ca.1850",False,True,https://www.metmuseum.org/art/collection/search/503202,https://images.metmuseum.org/CRDImages/mi/original/mi1982.138.R.jpg,7,,,http://vocab.getty.edu/page/ulan/500331517
502164,Tromba Marina,Tromba Marina,18th century (?),,,,Wood,"Total length  216.6 cm + 2.4 cm (peg at base), Length of soundbox  132.6 cm, Greatest width 22.6 cm, Depth at bottom edge  12.1 cm, Width at narrowest part of soundbox  5.5 cm, Soundholes:  center  6.8 cm, Diameter top and bottom  2.5 cm",German or Swiss,Germany or Switzerland,,,,,,,,,,Musical Instruments,Chordophone-Lute-bowed-unfretted,,False,True,https://www.metmuseum.org/art/collection/search/502164,https://images.metmuseum.org/CRDImages/mi/original/MUS64ALEFT.jpg,1,,,
501941,Zurna,Zurna,late 19th century,,,,wood,L. ±12 3/16 × Diam. ±7/8 - ±3 1/16 in. (±31 × ±2.2 - ±7.7 cm),Turkish,Turkey,,,,,,,,,,Musical Instruments,Aerophone-Reed Vibrated-double reed,,False,True,https://www.metmuseum.org/art/collection/search/501941,https://images.metmuseum.org/CRDImages/mi/original/MUS340A4.jpg,3,,,
500643,Nikko Sho,Nikko Sho,19th century,,,,"Metal, wood","Diam. of gong: 7.6 cm (3 in.); Height of frame: 30.5 cm (12 in.);
Width: 21.6 cm (8 1/2 in.)
Length of beater: 12 in.",Japanese,Japan,,,,,,,,,,Musical Instruments,Idiophone-Struck-gong,,False,True,https://www.metmuseum.org/art/collection/search/500643,https://images.metmuseum.org/CRDImages/mi/original/89.4.82 slide.jpg,3,,,
506816,Serpent,Serpent,ca. 1820,,,,"Wood, leather, paint, brass",32 3/4 × 4 3/4 × 10 1/4 in. (83.2 × 12.1 × 26 cm),French,France,,Paris,,C. Baudouin,Maker,French,,,,Musical Instruments,Aerophone-Lip Vibrated,French,False,True,https://www.metmuseum.org/art/collection/search/506816,https://images.metmuseum.org/CRDImages/mi/original/DP331223.jpg,1,https://www.wikidata.org/wiki/Q116252481,,
501262,Rattle,Rattle,19th century,,,,"wood, pebbles, polychrome",W.  8.9 x L. 29.2cm (3 1/2 x 11 1/2in.),Native American (Nootka or Kwakiutl),Canada,,,,,,,,,,Musical Instruments,Idiophone-Shaken-rattle,,False,True,https://www.metmuseum.org/art/collection/search/501262,https://images.metmuseum.org/CRDImages/mi/original/midp89.4.646.jpg,5,,,
501673,"""Chanot model"" Violin",Cornerless Violin,mid-19th century,,,,Wood,"Total Length: 58.9 cm (23.0 in.) 
Body Length: 37.0 cm (14.5 in.) 
Width of upper bout:16.9 cm (7.0 in.) 
Width of middle bout: 11.2 cm (4.5 in.)
Width lower bout: 21.4 cm (8.5 in) 
Rib Height. 3.1 cm (1.25 in.) 
Neck Length: 13.5 cm (5.37 in.) 
Pegbox and head Length: 9.6 cm (3.75 in.)  
String L. approx. 33.0 cm (12.87 in.)",French,France,,,,,,,,,,Musical Instruments,Chordophone-Lute-bowed-unfretted,,False,True,https://www.metmuseum.org/art/collection/search/501673,https://images.metmuseum.org/CRDImages/mi/original/DP-22037-001.jpg,1,,,
502665,Upright Piano and Reed Organ,Upright Piano and Reed Organ,ca. 1835 (?),,,,Various materials,"Case length (perpendicular to keyboard) 57.3, Width (parallel to keyboard) 115.1 cm, Total height 212.0 cm",American,United States,,,,,,,,,,Musical Instruments,Chordophone and Aerophone-struck piano/ free reed keyboard,,False,True,https://www.metmuseum.org/art/collection/search/502665,https://images.metmuseum.org/CRDImages/mi/original/225454.jpg,0,,,
505369,Marimba,Marimba,ca. 1825–89,,,,Wood,"L. 163cm, W. 46 cm, H. 64 cm",possibly Guatemalan,possibly Guatemala,,,,,,,,,,Musical Instruments,Idiophone-Struck-bar-wood,,False,True,https://www.metmuseum.org/art/collection/search/505369,https://images.metmuseum.org/CRDImages/mi/original/MUS805A.jpg,0,,,
501899,Karnā  (Trumpet),Karnā (Trumpet),late 19th century,,,,Brass,"47 3/4 × 5 7/8 × 6 1/2 in. (121.3 × 14.9 × 16.5 cm)
Diameter (Of bell): 5 1/2 in. (14 cm)",Indian,India,,,,,,,,,,Musical Instruments,Aerophone-Lip Vibrated-trumpet / trombone,,False,True,https://www.metmuseum.org/art/collection/search/501899,https://images.metmuseum.org/CRDImages/mi/original/DP-12679-025.jpg,1,https://www.wikidata.org/wiki/Q116413002,,
503738,Rajão,Rajão,late 19th Century,,,,"Wood, gut","26 3/4 × 7 7/8 in. (68 × 20 cm)
Length (Of string): 17 in. (43.2 cm)",Portuguese,Portugal,,Funchal,Fish,Augusto Merciano da Costa,Maker,Portuguese,,,,Musical Instruments,Chordophone-Lute-plucked-unfretted,,False,True,https://www.metmuseum.org/art/collection/search/503738,https://images.metmuseum.org/CRDImages/mi/original/133025.jpg,0,https://www.wikidata.org/wiki/Q116413205,,
500837,Koy,Koy,late 19th century,,,,Horn,"L. 25.4 (10 in.), Diam. 5.1 cm (2 in.), tapering to mouth piece",Thai,Thailand,,,,,,,,,,Musical Instruments,Aerophone-Free Reed,,False,True,https://www.metmuseum.org/art/collection/search/500837,https://images.metmuseum.org/CRDImages/mi/original/midp89.4.285.jpg,0,,,
504047,Harp Tuning Key,Harp Tuning Key,19th century,,,,"Wood, metal",9.5 cm (3 3/4 in.) x 8 cm (3 1/8 in.) x 1.7 cm (11/16 in.),French,France,,Paris,,Érard,Maker,French,1780,1959,,Musical Instruments,Accessory,"French, ca. 1780–1959",False,True,https://www.metmuseum.org/art/collection/search/504047,https://images.metmuseum.org/CRDImages/mi/original/MIDP2005.127.2.jpg,0,,,
501138,Clappers,Clappers,19th century,,,,wood,L. 6 in. (15.2 cm),American,United States,,,,,,,,,,Musical Instruments,Idiophone-Concussion,,False,True,https://www.metmuseum.org/art/collection/search/501138,https://images.metmuseum.org/CRDImages/mi/original/233816.jpg,1,,,
501071,Variable Tension Drum,Variable Tension Drum,19th century,,,,"Wood, hide, fabric, shell.",54cm x 20cm x 20cm,possibly Sudanese,Sudan?,,,,,,,,,,Musical Instruments,Membranophone-double-headed / waisted drum,,False,True,https://www.metmuseum.org/art/collection/search/501071,https://images.metmuseum.org/CRDImages/mi/original/89.4.453 slide.jpg,1,,,
501841,Pottery Whistle and Rattle,Pottery Whistle and Rattle,900–1521?,Postclassic Period (Pre-Columbian),,,clay,L. 110 mm.; W. 40 mm.; D. 53 mm.; Wt. 87 g.,Mexican,Mexico,,Oaxaca?,,,,,,,,Musical Instruments,Aerophone and Idiophone-flue blown / vessel rattle,,False,True,https://www.metmuseum.org/art/collection/search/501841,https://images.metmuseum.org/CRDImages/mi/original/midp89.4.1275.jpg,0,,,
505592,Sgra-Snyan,Sgra-Snyan,19th century,,,,"Wood, hide",L.: 62 cm (24-1/2 in.); W.: 13 cm ( 5-1/8 in.); D.: 13 cm (5-1/8 in.),Nepalese,Tibet/Nepal?,,,,,,,,,,Musical Instruments,Chordophone-Lute-plucked-unfretted,,False,True,https://www.metmuseum.org/art/collection/search/505592,https://images.metmuseum.org/CRDImages/mi/original/midp1990.112.5.jpg,9,,,
504544,Shawm in B-flat,Shawm in B-flat,early 19th century,,,,"Wood, bone, pewter or lead, brass",L.: 32.5 cm (12-7/8 in.); Diam. of bell: 7 cm ( 2-3/4)L. of body section: 285 cm (11-1/4 in.); L. of foot section: 5.4 cm (2-1/8 in.),European,,,,,,,,,,,Musical Instruments,Aerophone-Reed Vibrated-double reed,,False,True,https://www.metmuseum.org/art/collection/search/504544,https://images.metmuseum.org/CRDImages/mi/original/89.4.2151 slide.jpg,0,,,
501805,Kyì-waìng,Kyì-waìng (gong chime),late 19th century,,,,"Wood, metal","Height of frame 1 ft. 3 in., Diam. of frame 3 ft. 4 in.",Burmese,Myanmar (formerly Burma),,,,,,,,,,Musical Instruments,Idiophone-Struck-gong,,False,True,https://www.metmuseum.org/art/collection/search/501805,https://images.metmuseum.org/CRDImages/mi/original/MUS760A.jpg,1,,,
503613,Archlute,Archlute,ca. 1725,,,,"Spruce, ebony, ivory, tortoiseshell, mother-of-pearl",Height: 70 3/4 in. (179.7 cm),Italian,Italy,,Rome,,David Tecchler,Maker,"Austrian, active Italy",1666,1747,,Musical Instruments,Chordophone-Lute-plucked,"Austrian, Salzburg 1666–1747 Rome",True,True,https://www.metmuseum.org/art/collection/search/503613,https://images.metmuseum.org/CRDImages/mi/original/DP302552.jpg,9,https://www.wikidata.org/wiki/Q29385642,https://www.wikidata.org/wiki/Q3703346,http://vocab.getty.edu/page/ulan/500334759
501205,Drum,Drum,19th century,,,,"Metal, skin","Overall: 25.5 x 29cm (10 1/16 x 11 7/16in.)
Other (heads): 24.5cm (9 5/8in.)
Other (stick): 26cm (10 1/4in.)",Native American (Hopi),United States,,,,,,,,,,Musical Instruments,Membranophone-double-headed / cylindrical drum,,False,True,https://www.metmuseum.org/art/collection/search/501205,https://images.metmuseum.org/CRDImages/mi/original/midp89.4.589.jpg,6,,,
501721,Trumpet in B-flat,Trumpet in B-flat,19th century,,,,Glass,"Diam. of bell, ca. 117 mm.",Italian,Italy,,,,,,,,,,Musical Instruments,Aerophone-Lip Vibrated-trumpet / trombone,,False,True,https://www.metmuseum.org/art/collection/search/501721,https://images.metmuseum.org/CRDImages/mi/original/MUS401A2.JPG,0,,,
501704,Costume Bell,Costume Bell,19th century (?),,,,metal,"Height 8.3 cm, Diam. 4.5 cm, Weight 209 g",French,France,,,Women,,,,,,,Musical Instruments,Idiophone-Struck-bell-without clapper,,False,True,https://www.metmuseum.org/art/collection/search/501704,https://images.metmuseum.org/CRDImages/mi/original/MUS721A9.jpg,1,,,
505464,Folk Violin,Folk Violin,late 19th century,,,,Wood,L.: 59.8 cm  (23.5 in.); Back L.: 36.3 (14.25 in.),American,United States or Canada,,,,,,,,,,Musical Instruments,Chordophone-Lute-bowed-unfretted,,False,True,https://www.metmuseum.org/art/collection/search/505464,https://images.metmuseum.org/CRDImages/mi/original/242479.jpg,0,,,
501935,Kunda (Double Bell),Kunda (Double Bell),late 19th century,,,,Wood,Height: 5 in. (12.7 cm),Congolese,Congo,,,,,,,,,,Musical Instruments,Idiophone-Shaken-rattle,,False,True,https://www.metmuseum.org/art/collection/search/501935,https://images.metmuseum.org/CRDImages/mi/original/206104.jpg,0,https://www.wikidata.org/wiki/Q116413005,,
502035,Bell,Bell,late 19th century,,,,Iron,"H. 10-1/2 in., W. 2 in.",Beninese,Benin,,,,,,,,,,Musical Instruments,Idiophone-Struck-bell-without clapper,,False,True,https://www.metmuseum.org/art/collection/search/502035,https://images.metmuseum.org/CRDImages/mi/original/204400.jpg,0,,,
501145,Flute,Flute,late 19th century,,,,Bamboo,L. 34.3 cm (13-1/2 in.),Malagasy,Madagascar,,,,,,,,,,Musical Instruments,Aerophone-Blow Hole-end-blown flute (vertical),,False,True,https://www.metmuseum.org/art/collection/search/501145,https://images.metmuseum.org/CRDImages/mi/original/MUS519A center right.jpg,0,,,
502487,Streichmelodeon,Streichmelodeon,late 19th century,,,,"Wood, metal","Length 57.7 cm
Greatest width 26.3 cm
Depth at edge +/-4.0 cm
Sounding length of strings 34.8 cm",German,Germany,,,,,,,,,,Musical Instruments,Chordophone-Zither-bowed,,False,True,https://www.metmuseum.org/art/collection/search/502487,https://images.metmuseum.org/CRDImages/mi/original/DP-21484-001.jpg,1,,,
502156,Mass Bell,Mass Bell,19th century,,,,Metal,"Height 14.6 cm, Diameter  13.8 cm, Weight  176 g",Flemish,Belgium,,,,,,,,,,Musical Instruments,Idiophone-Struck-bell-clapper,,False,True,https://www.metmuseum.org/art/collection/search/502156,https://images.metmuseum.org/CRDImages/mi/original/MUS700A2.jpg,0,,,
501210,Maracas (rattles),Maracas (rattles),late 19th century,,,,"gourd, wood, polychrome, metal, peblles","L. 12 3/8 × Diam. 3 5/8 in. (31.4 × 9.2 cm)
L. 12 x  Diam. 3 /12 in.  (30.5 x  8.9 cm)",Cuban,Cuba,,,,,,,,,,Musical Instruments,Idiophone-Shaken-rattle,,False,True,https://www.metmuseum.org/art/collection/search/501210,https://images.metmuseum.org/CRDImages/mi/original/midp89.4.594.jpg,1,,,
505225,Polygonal Virginal converted to a Tangent Piano,Polygonal Virginal converted to a Tangent Piano,1585 or 1587; converted in 1717,,,,"Cypress, ebony, ivory, various materials",Case length:  31.7 cm,Italian,Italy,,,,Franciscus Bonafinis,Maker,Italian,,,,Musical Instruments,Chordophone-Zither,,False,True,https://www.metmuseum.org/art/collection/search/505225,https://images.metmuseum.org/CRDImages/mi/original/215875.jpg,2,,,
502887,Pottery Whistle,Pottery Whistle,14th–16th century?,,,,Pottery,H. 4 cm.; W. 2.6 cm.; L. 5.8 cm.; Wt. 18 g.,Mexican,Mexico,,,Birds,,,,,,,Musical Instruments,Aerophone-Whistle Flute-whistle,,False,True,https://www.metmuseum.org/art/collection/search/502887,https://images.metmuseum.org/CRDImages/mi/original/206249.jpg,0,,,
501455,Pandereta (tambourine),Pandereta (tambourine),19th century,,,,"wood, skin, metal","Diam. 8-1/2 in., Depth 1-3/4 in.",Spanish,Spain,,,,,,,,,,Musical Instruments,Membranophone-single-headed / frame drum,,False,True,https://www.metmuseum.org/art/collection/search/501455,https://images.metmuseum.org/CRDImages/mi/original/midp89.4.843.jpg,2,,,
504490,Viola d'Amore,Viola d'Amore,18th century,,,,"Spruce, maple, ebony",30 × 9 5/8 × 3 1/2 in. (76.2 × 24.4 × 8.9 cm),Italian,Italy,,Bologna,,Johannes Florenus Guidantus,Maker,Italian,1687,1760,,Musical Instruments,Chordophone-Lute-bowed-unfretted,"Italian, Bologna 1687–1760 Bologna",False,True,https://www.metmuseum.org/art/collection/search/504490,https://images.metmuseum.org/CRDImages/mi/original/DP302556.jpg,6,https://www.wikidata.org/wiki/Q116255966,,
503840,Half Moon (bugle or flügelhorn) in D,Half Moon (bugle or flügelhorn) in D,1813,,,,"Brass, nickel-silver",Bell Diam. (widest).15.1 x L. (perpendicular to bell) 44.6cm (5 15/16 x 17 9/16in.),German,Germany,,Dresden,,Erdmuthe Juliane Liebel,Maker,German,1810,1815,,Musical Instruments,Aerophone-Lip Vibrated,"German, active Dresden 1810–1815",False,True,https://www.metmuseum.org/art/collection/search/503840,https://images.metmuseum.org/CRDImages/mi/original/211322.jpg,0,,,
501827,Horn,Horn,late 19th century,,,,Horn,"L. 30 cm, Diam. 7.5 cm",African,,,,,,,,,,,Musical Instruments,Aerophone-Lip Vibrated-horn,,False,True,https://www.metmuseum.org/art/collection/search/501827,https://images.metmuseum.org/CRDImages/mi/original/MUS516A right.jpg,0,,,
503430,Guitar,Guitar,1787,,,,"Pine, ebony, maple, bone, mahogany",,Spanish,Spain,,Cadiz,,Joseph Benedid,Maker,Spanish,1760,1836,,Musical Instruments,Chordophone-Lute-plucked-fretted,"Cadiz, 1760–1836",False,True,https://www.metmuseum.org/art/collection/search/503430,https://images.metmuseum.org/CRDImages/mi/original/DT6822a.jpg,2,,,http://vocab.getty.edu/page/ulan/500331807
500849,Cavaco,Cavaco,19th century,,,,"gourd, brass, silk",54cm x 16cm x 7cm,Spanish,Spain,,,,,,,,,,Musical Instruments,Chordophone-Lute-plucked-fretted,,False,True,https://www.metmuseum.org/art/collection/search/500849,https://images.metmuseum.org/CRDImages/mi/original/MUS36Aright.jpg,1,,,
500904,Clarinet in C,Clarinet in C,ca. 1845,,,,"Grenadilla, ivory, silver",L. 59.3 cm (23-3/8 in.) W. of case 25.8 cm (10-1/4 in.),American,United States,,Winchester,,Graves & Company,Maker,,,,,Musical Instruments,Aerophone-Reed Vibrated-single reed cylindrical,,False,True,https://www.metmuseum.org/art/collection/search/500904,https://images.metmuseum.org/CRDImages/mi/original/1997.55.1.7.jpg,6,,,
503968,Natural Trumpet,Natural Trumpet,ca. 1700,,,,Silver,27 7/8 × 5 × 4 5/8 in. (70.8 × 12.7 × 11.7 cm),German,Germany,,Nürnberg,,Johann Wilhelm Haas,Maker,German,1649,1723,,Musical Instruments,Aerophone-Lip Vibrated,"German, Nuremberg 1649–1723 Nuremberg",False,True,https://www.metmuseum.org/art/collection/search/503968,https://images.metmuseum.org/CRDImages/mi/original/DP341872.jpg,7,https://www.wikidata.org/wiki/Q116256577,https://www.wikidata.org/wiki/Q16939134,(not assigned)
502313,Rattle,Rattle,late 19th century,,,,"Basketwork, skin",7 × 4 in. (17.8 × 10.2 cm),West African,,,,,,,,,,,Musical Instruments,Idiophone-Shaken-rattle,,False,True,https://www.metmuseum.org/art/collection/search/502313,https://images.metmuseum.org/CRDImages/mi/original/203748.jpg,0,,,
501029,Buni,Buni (copy),19th century copy of 1500 BCE object,,,,"Wood, parchment","H. of sound box   105.4 cm (41-1/2 in.), L. of longest string 99.1 cm  (39 in.), L. of bar  50.8 cm (20 in.)",Egyptian,Egypt,,,,,,,,,,Musical Instruments,Chordophone-Harp,,False,True,https://www.metmuseum.org/art/collection/search/501029,https://images.metmuseum.org/CRDImages/mi/original/MUS1403a.jpg,0,,,
501990,Reed Pipe,Reed Pipe,19th century,,,,"cedar or spruce, spruce root",Overall: W. 5.1 x L. 17.8cm (2 x 7 in.),"Native American (Skittagetan, probably)",Canada,,,,,,,,,,Musical Instruments,Aerophone-Reed Vibrated-double reed,,False,True,https://www.metmuseum.org/art/collection/search/501990,https://images.metmuseum.org/CRDImages/mi/original/midp89.4.1424.jpg,3,,,
503158,Ocarina,Ocarina,1300–1500,Pre-Columbian,,,Ceramic,L. 3.2 cm (1-1/4 in.); W. 2.6 cm (1-1/16 in.),Tairona People; Gayraca style,Colombia,,,Birds,,,,,,,Musical Instruments,Aerophone-Whistle Flute-vessel flute,,False,True,https://www.metmuseum.org/art/collection/search/503158,https://images.metmuseum.org/CRDImages/mi/original/DP159015.jpg,0,,,
501197,K'el-hitaga'ngo (rattle),K'el-hitaga'ngo (rattle),19th century,,,,"wood, paint, pebbles",L. 27 × Diam. 11 cm (10 5/8 × 4 5/16 in.),Native American (Tlingit),United States,,,,,,,,,,Musical Instruments,Idiophone-Shaken-rattle,,False,True,https://www.metmuseum.org/art/collection/search/501197,https://images.metmuseum.org/CRDImages/mi/original/midp89.4.581.jpg,3,,,
501603,Triangle,Triangle,early 19th century,,,,Iron,L. of each side 10-1/2 in.,German,Germany,,,,,,,,,,Musical Instruments,Idiophone-Struck-bell-without clapper,,False,True,https://www.metmuseum.org/art/collection/search/501603,https://images.metmuseum.org/CRDImages/mi/original/204948.jpg,0,,,
501686,Orchestral Horn,Orchestral Horn,ca. 1830,,,,brass,17 × 22 1/2 × 11 1/8 in. (43.2 × 57.2 × 28.3 cm),German,Germany,,Markneukirchen or vicinity,,Unknown,Maker,,,,,Musical Instruments,Aerophone-Lip Vibrated-horn,,False,True,https://www.metmuseum.org/art/collection/search/501686,https://images.metmuseum.org/CRDImages/mi/original/DP-12679-015.jpg,2,https://www.wikidata.org/wiki/Q116235474,https://www.wikidata.org/wiki/Q24238356,http://vocab.getty.edu/page/ulan/500125274
501868,Clarinet in E-flat,Clarinet in E-flat,ca. 1855,,,,"Brass, nickel-silver","Total length  484 mm, Bell diameter  73 mm, Mouthpiece length  73 mm, Barrel length  48 mm, Middle section length 333 mm, Bell length  76 mm",Austrian,Austria,,Vienna,,C. H. Sulz,Maker,Austrian,,,,Musical Instruments,Aerophone-Reed Vibrated-single reed cylindrical,,False,True,https://www.metmuseum.org/art/collection/search/501868,https://images.metmuseum.org/CRDImages/mi/original/89.4.1302.4.jpg,3,,,
500708,Zichirei,Zichirei,19th century,,,,"Wood, metal",Handle L.: 8.9 cm (3 1/2 in.); Diameter of bells: 1.9 cm (3/4 in.),Japanese,Japan,,,,,,,,,,Musical Instruments,Idiophone-Shaken-crotal bell,,False,True,https://www.metmuseum.org/art/collection/search/500708,https://images.metmuseum.org/CRDImages/mi/original/MUS753A2.jpg,0,,,
503873,Clarinet in F,Clarinet in F,1856,,,,various materials,Length: 85cm (33 7/16in.)  Diameter of bell:  10cm (3 15/16in.),German,Germany,,Berlin,,August T. A. Knochenhauer,Maker,German,1796,1866,,Musical Instruments,Aerophone-Reed Vibrated-single reed cylindrical,"German, born Potsdam 1796 active Berlin 1826–66",False,True,https://www.metmuseum.org/art/collection/search/503873,https://images.metmuseum.org/CRDImages/mi/original/89.4.2126.1(10-28-2014).jpg,2,,,
502988,Pottery Whistle,Pottery Whistle,ca. 800–1525,Pre-Columbian,,,Clay,L. 4.9 cm (1-15/16 in.); W. 3.5 cm (1-3/8 in.); H. 3.8 cm (1-1/2 in.); Wt. 26 g,Costa Rican,Costa Rica,Diquis Region,,Birds,,,,,,,Musical Instruments,Aerophone-Whistle Flute-whistle,,False,True,https://www.metmuseum.org/art/collection/search/502988,https://images.metmuseum.org/CRDImages/mi/original/DP157397.jpg,0,,,
500570,Guenbri,Gunibri,late 19th century,,,,"Tortoise shell and wood.  Floral design in white, yellow, and pink.",55.5cm x 13cm x 7.5cm,Saudi Arabian,Saudi Arabia,,,Flowers,,,,,,,Musical Instruments,Chordophone-Lute-plucked-unfretted,,False,True,https://www.metmuseum.org/art/collection/search/500570,https://images.metmuseum.org/CRDImages/mi/original/MUS2015.jpg,1,,,
502630,Pottery Whistle,Pottery Whistle,900–1521 (?),Pre-Columbian,,,Clay,"3 3/8 × 3 7/16 × 2 1/16 in., 3.915oz. (8.5 × 8.8 × 5.2 cm, 111g)",probably Mexican,Mexico?,,,,,,,,,,Musical Instruments,Aerophone-Whistle Flute-whistle,,False,True,https://www.metmuseum.org/art/collection/search/502630,https://images.metmuseum.org/CRDImages/mi/original/DP157369.jpg,0,,,
502188,Ngonge,Ngonge,late 19th century,,,,Iron,"H. 2 in., W. 3 in.",Congolese,Democratic Republic of the Congo,,,,,,,,,,Musical Instruments,Idiophone-Struck-bell-clapper,,False,True,https://www.metmuseum.org/art/collection/search/502188,https://images.metmuseum.org/CRDImages/mi/original/midp89.4.1624.jpg,0,,,
501995,Gore (notched flute),Gore (notched flute),late 19th century,,,,Bamboo,"L. 13-3/8 in., Diam. 3/4 in. (L. 34.2 cm, D.+/-1.5 cm --Richard Campbell, '80)
L. 1-3/8 x Diam. 9/16 (interior 1/2) in. (34 x 1.5 [interior 1.2] cm.) Lehman","Norfolk Island, Polynesian",Australia,,,,,,,,,,Musical Instruments,Aerophone-Blow Hole-end-blown flute (vertical),,False,True,https://www.metmuseum.org/art/collection/search/501995,https://images.metmuseum.org/CRDImages/mi/original/midp89.4.1429.jpg,0,,,
500725,Geomungo,Geomungo,late 19th century,Joseon dynasty (1392-1910),,,"Wood, silk, leather, bone, plastic",L. 141.7 cm (55-13/16 in.); W. 17.4 cm (6-15/16 in.) .,Korean,Korea,,Seoul?,,,,,,,,Musical Instruments,Chordophone-Zither-plucked-long zither,,False,True,https://www.metmuseum.org/art/collection/search/500725,https://images.metmuseum.org/CRDImages/mi/original/MUS147A.jpg,0,https://www.wikidata.org/wiki/Q116412740,,
502274,Mokugyo (木魚),Mokugyo,ca. 1800–1889,,,,Wood,Mokugyo: 24 × 8 in. (61 × 20.3 cm); Beater: 19 in. (48.3 cm),Japanese,Japan,,,Fish,,,,,,,Musical Instruments,Idiophone-Struck-slit drum,,False,True,https://www.metmuseum.org/art/collection/search/502274,https://images.metmuseum.org/CRDImages/mi/original/midp89.4.1711.jpg,1,,,
500654,Horagai or Rappakai,Horagai or Rappakai,19th century,,,,"Shell; triton, tritonis.",Height:: 38.1 cm (15 in.); Width: 15.2 cm ( 6 in.),Japanese,Japan,,,,,,,,,,Musical Instruments,Aerophone-Lip Vibrated-trumpet / trombone,,False,True,https://www.metmuseum.org/art/collection/search/500654,https://images.metmuseum.org/CRDImages/mi/original/DP-20132-001.jpg,1,,,
505709,Sorna,Sorna,late 19th century,,,,"wood, brass, bone, horn, reed",Total L. 27.9 cm (11in.); Body L. ±26 cm (10 1/4 in.); Diam.  top ±2 cm (13/16 in.) x bell ±6.2 cm (2 7/16 in.)  Staple insert L. 7.5 cm (2 15/16 in.),Iranian (Persian),Iran,,,,,,,,,,Musical Instruments,Aerophone-Reed Vibrated-double reed,,False,True,https://www.metmuseum.org/art/collection/search/505709,https://images.metmuseum.org/CRDImages/mi/original/DP318147.jpg,2,https://www.wikidata.org/wiki/Q116413315,,
501256,Pottery Flute,Pottery Flute,late 19th century,,,,clay (blackware),L. 205 mm.; W. 85 mm.; greatest thickness (at mouthpiece) 37 mm.; Wt. 263 g.,Mexican,Mexico,,,,,,,,,,Musical Instruments,Aerophone-Blow Hole-vessel flute,,False,True,https://www.metmuseum.org/art/collection/search/501256,https://images.metmuseum.org/CRDImages/mi/original/MIDP89.4.640.jpg,0,,,
500877,Whistle,Whistle,late 19th century,,,,Wood,L. 10-1/2 in.,African (Central),,,,,,,,,,,Musical Instruments,Aerophone-Whistle Flute-whistle,,False,True,https://www.metmuseum.org/art/collection/search/500877,https://images.metmuseum.org/CRDImages/mi/original/260511.jpg,1,,,
503972,Vielle à Roue,Vielle à Roue,1760–80,,,,"Maple, pear wood, ebony, ivory, mother-of-pearl",8 1/4 × 25 1/2 × 9 1/4 in. (21 × 64.8 × 23.5 cm),French,France,,,Heads,François le Jeune,Maker,French,1722,1784,,Musical Instruments,Chordophone-Bowed keyboard,"French, Paris 1722–1784 Paris",False,True,https://www.metmuseum.org/art/collection/search/503972,https://images.metmuseum.org/CRDImages/mi/original/159301.jpg,0,https://www.wikidata.org/wiki/Q116256555,,
506086,Watercolor of musician playing yangqin,Watercolor of musician playing yangqin,late 18th century,,,,Watercolor on paper,Overall: 43.2 x 35.6 x 1.3cm (17 x 14 x 1/2in.),Chinese,China,,,Musical Instruments|Women|Musicians,,,,,,,Musical Instruments,Works on Paper,,False,True,https://www.metmuseum.org/art/collection/search/506086,https://images.metmuseum.org/CRDImages/mi/original/DP211148.jpg,0,,,
500608,Gu,Gu,19th century,,,,"Wood, leather, various materials",H: 12.7 cm (5 in.); Diam.: 14 cm (5-½ in.),Chinese,China,,,,,,,,,,Musical Instruments,Membranophone-single-headed / cylindro-conical,,False,True,https://www.metmuseum.org/art/collection/search/500608,https://images.metmuseum.org/CRDImages/mi/original/MUS594A.jpg,0,,,
502608,Transverse Flute in A,Transverse Flute in A,1811–16,,,,"Wood, silver, ivory","Length along bore axis  827 mm, Embouchure length along bore axis  745 mm.",British,United Kingdom,,London,,Wigley & McGregor,Maker,,,,,Musical Instruments,Aerophone-Blow Hole-side-blown flute (transverse),,False,True,https://www.metmuseum.org/art/collection/search/502608,https://images.metmuseum.org/CRDImages/mi/original/209652.jpg,0,,,
504734,Speaking Trumpet,Speaking Trumpet,18th century,,,,metal,L. 88 in. (223.5 cm),European or American,,,,,,,,,,,Musical Instruments,Accessory,,False,True,https://www.metmuseum.org/art/collection/search/504734,https://images.metmuseum.org/CRDImages/mi/original/MUS477A1.jpg,0,,,
505636,Baton,Baton,1881,,,,"Ivory, gold, ruby",21 7/8 × 1 × 1 in. (55.6 × 2.5 × 2.5 cm),British,United Kingdom,,London,,Koehler and Son,Maker,,,,,Musical Instruments,Accessory,,False,True,https://www.metmuseum.org/art/collection/search/505636,https://images.metmuseum.org/CRDImages/mi/original/DP148477-2.jpg,0,https://www.wikidata.org/wiki/Q116413310,,
500742,Banya (drum),Banya (drum),late 19th century,,,,"Clay, skin",H. 26.7 cm (10-1/2 in.); Diam. of head 22.9 cm (9 in.),Indian,India,,,,,,,,,,Musical Instruments,Membranophone-single-headed / kettle drum,,False,True,https://www.metmuseum.org/art/collection/search/500742,https://images.metmuseum.org/CRDImages/mi/original/midp89.4.160 (1).jpg,4,,,
501220,Tsii' Edo' Ai (Apache Fiddle),Tsii' Edo' Ai,"ca,1887",,,,"Wood, horsehair","a) Body: L. 36 x Diam. ±6.6 - ±7.9 cm (13 3/8 x 2 5/8 - 3 1/8 in.) ; Peg L. 14.7 cm (5 13/16 in)
b) L. 40.7 x W. 4.5 cm (16 x 1 3/4 in.)",Native American (Apache),United States,,,,,,,,,,Musical Instruments,Chordophone-Zither-bowed,,False,True,https://www.metmuseum.org/art/collection/search/501220,"https://images.metmuseum.org/CRDImages/mi/original/midp89.4.604a, b.jpg",8,,,
501946,Drum,Drum,19th century,,,,"Wood, hide",44cm x 20cm x 20xm,Possibly Wutu,Republic of Cameroon or Gabon?,,,,,,,,,,Musical Instruments,Membranophone-single-headed / conical drum,,False,True,https://www.metmuseum.org/art/collection/search/501946,https://images.metmuseum.org/CRDImages/mi/original/206095.jpg,0,,,
501230,Rattle,Rattle,19th century,,,,"Wood, polychrome, pebbles",L. 9 7/16 × W. 4 11/16 in. (24 × 11.9 cm),Native American (Tlingit),United States,,Sitka,Birds,,,,,,,Musical Instruments,Idiophone-Shaken-rattle,,False,True,https://www.metmuseum.org/art/collection/search/501230,https://images.metmuseum.org/CRDImages/mi/original/DP168369.jpg,1,,,
501751,Costume Bell,Costume Bell,19th century (?),,,,metal,"Height  10.2 cm, Diameter 4.8 cm, Weight 286 g",French,France,,,Napoleon I|Men,,,,,,,Musical Instruments,Idiophone-Struck-bell-clapper,,False,True,https://www.metmuseum.org/art/collection/search/501751,https://images.metmuseum.org/CRDImages/mi/original/MUS721A4.jpg,2,,,
501879,"Sūr pyār  (Compound Sitar, Tambura, Esraj)","Sūr pyār  (Compound Sitar, Tambura, Esraj)",late 19th century,,,,"gourd, wood, polychrome, steel and gut strings, ivory, metal",47 1/2 in. (120.7 cm),Indian,India,,Lucknow,,,,,,,,Musical Instruments,Chordophone-Lute,,False,True,https://www.metmuseum.org/art/collection/search/501879,https://images.metmuseum.org/CRDImages/mi/original/188958.jpg,2,,,
502119,Nigenkin ( 二弦 琴 ),Nigenkin ( 二弦 琴 ),19th century,,,,"wood, metal, cloth, silk",H.: 28.7 cm.; W.: 21 cm.; L.: 108.6 cm.,Japanese,Japan,,,,,,,,,,Musical Instruments,Chordophone-Zither,,False,True,https://www.metmuseum.org/art/collection/search/502119,https://images.metmuseum.org/CRDImages/mi/original/MUS140A.jpg,1,,,
505371,Square Piano (Portable Model),Square Piano (Portable Model),ca. 1790,,,,"Mahogany veneer case, ivory naturals, ebony accidentals.","Case length (perpendicular to keyboard) : 40.8 cm
Width (parallel to keyboard): 75.5 cm
Case depth without lid: 16.3 cm
Total height: 80.3 cm",British,United Kingdom,,London,,Longman & Broderip,Manufacturer,,,,,Musical Instruments,Chordophone-Zither-struck-piano,,False,True,https://www.metmuseum.org/art/collection/search/505371,https://images.metmuseum.org/CRDImages/mi/original/MUS1492A.jpg,1,,,http://vocab.getty.edu/page/ulan/500331245
502384,Pottery Whistle,Pottery Whistle,1880,,,,Clay,H: 52mm; W: 31mm; D: 30mm; Wt: 18 g.,Mexican,Mexico,,,,,,,,,,Musical Instruments,Aerophone-Whistle Flute-whistle,,False,True,https://www.metmuseum.org/art/collection/search/502384,https://images.metmuseum.org/CRDImages/mi/original/DP160879.jpg,1,,,
500929,Ranat Ek,Ranat Ek,19th century,,,,"Wood, bamboo, cord, metal","Height: 21 1/2 in. (54.6 cm)
Length (Of bars): 8 in. (20.3 cm)",Thai,Thailand,,,,,,,,,,Musical Instruments,Idiophone-Struck-bar-wood,,False,True,https://www.metmuseum.org/art/collection/search/500929,https://images.metmuseum.org/CRDImages/mi/original/89.4.301 (2).jpg,0,https://www.wikidata.org/wiki/Q105100223,,
500995,Shofar,Shofar,19th century,,,,Animal horn,"Length-of tube  45.5 cm  (17-15/16 in.), Diam. of bell- widest  5.6 cm",European,,,,,,,,,,,Musical Instruments,Aerophone-Lip Vibrated-horn,,False,True,https://www.metmuseum.org/art/collection/search/500995,https://images.metmuseum.org/CRDImages/mi/original/DP-23219-001.jpg,1,,,
506073,Musician playing Guqin (古琴 ),Watercolor of musician playing qin,late 18th century,,,,Gouache on paper,Overall: 43.2 x 35.6 x 1.3cm (17 x 14 x 1/2in.),Chinese,China,,,Musical Instruments|Women|Musicians,,,,,,,Musical Instruments,Works on Paper,,False,True,https://www.metmuseum.org/art/collection/search/506073,https://images.metmuseum.org/CRDImages/mi/original/DP211142.jpg,0,,,
500716,Rabab,Rabab,ca. 1885,,,,Tun wood,L. 114.3 cm (45 in.); D. 29.8 cm (11-3/4 in.),Indian (north),India,,,,,,,,,,Musical Instruments,Chordophone-Lute-plucked-unfretted,,False,True,https://www.metmuseum.org/art/collection/search/500716,https://images.metmuseum.org/CRDImages/mi/original/DP-14777-001.jpg,0,https://www.wikidata.org/wiki/Q116412688,,
502117,Ichigen-kin (一絃琴),Ichigen-kin (一絃琴),19th century,,,,"Wood, bamboo",L. 40-1/2 in.; W. 4-1/2 in.,Japanese,Japan,,,,,,,,,,Musical Instruments,Chordophone-Zither-plucked-long zither,,False,True,https://www.metmuseum.org/art/collection/search/502117,https://images.metmuseum.org/CRDImages/mi/original/MUS139A.jpg,0,,,
504598,Square Piano,Square Piano,1790,,,,"Oak, iron, ebony, ivory, various materials","Case L. (perpendicular to keyboard): 57 cm (22-1/2 in.); W. (parallel to keyboard): 159.1 cm (62-5/8 in.); Case D. without lid: 18.2 cm (7-1/8 in.): Total H.: 81.5 cm (32-1/8 in.)
Case H without stand 19 cm
Stand: 62 cm H; 159 W; 57 cm D",German,Germany,,,,Johann Christoph Jaeckel and Christian Jaeckel,Maker,,,,,Musical Instruments,Chordophone-Zither-struck-piano,,False,True,https://www.metmuseum.org/art/collection/search/504598,https://images.metmuseum.org/CRDImages/mi/original/218886.jpg,2,,,
501368,Puniu (knee drum),Puniu (knee drum),19th century,,,,"Coconut shell, fish skin, fiber",H. 4 1/4 × Diam. 4 1/2 in. (10.8 × 11.4 cm),Hawai'i,United States,,,,,,,,,,Musical Instruments,Membranophone-single-headed / kettle drum,,False,True,https://www.metmuseum.org/art/collection/search/501368,https://images.metmuseum.org/CRDImages/mi/original/midp89.4.753.jpg,3,,,
501012,Daff,Daff,late 19th century,,,,Wood and parchment.,Diam. 30.5 cm (12 in.),Arabian,Arabia,,,,,,,,,,Musical Instruments,Membranophone-double-headed / frame drum,,False,True,https://www.metmuseum.org/art/collection/search/501012,https://images.metmuseum.org/CRDImages/mi/original/midp89.4.392.jpg,1,,,
503536,Sgra-Snyan,Sgra-Snyan,late 19th century,,,,"Wood, hide, wire, polychrome",Total W. 24.1 x D. 8.4 x L. 78.7cm (9 1/2 x 3 5/16 x 31in.),Tibetan,Tibet,,,,Unknown Maker,Maker,,,,,Musical Instruments,Chordophone-Lute-plucked-unfretted,,False,True,https://www.metmuseum.org/art/collection/search/503536,https://images.metmuseum.org/CRDImages/mi/original/midp2001.391.jpg,16,,https://www.wikidata.org/wiki/Q24238356,http://vocab.getty.edu/page/ulan/500125274
501435,Turali or Silingut  (nose flute),Turali or Silingut  (nose flute),late 19th century,,,,"bamboo, rattan","L. 16 3/4 × Diam. ±13/16 in. (42.6 × ±2.1 cm)
1.7 cm (interior diam.)
Block to: front holes 244mm, 284mm, 325mm; to side hole 342 mm; to end 390mm
Block to lip 9 mm; groove ca. 1xWxD",Bornean (poss. Dayak),Borneo,,,,,,,,,,Musical Instruments,Aerophone-Blow Hole-nose flute,,False,True,https://www.metmuseum.org/art/collection/search/501435,https://images.metmuseum.org/CRDImages/mi/original/midp89.4.823.jpg,2,,,
501279,Drum,Drum,1850–1900 (?),,,,"Wood, skin, cord.","Length (overall) 28 cm., Length of body 24.5 cm., Diam. at widest 26.5 cm, Diam. of heads 23.5 cm, Length of sticks 27.5 cm and 29 cm.",Guatemalan,Guatemala,,,,,,,,,,Musical Instruments,Membranophone-double-headed / cylindrical drum,,False,True,https://www.metmuseum.org/art/collection/search/501279,https://images.metmuseum.org/CRDImages/mi/original/midp89.4.663.jpg,3,,,
502203,Mass Bell,Mass Bell,19th century,,,,Metal,"Height 9.4 cm, Diameter 15.6 cm, Weight 705 g",Belgium,Belgium,,,,,,,,,,Musical Instruments,Idiophone-Struck-bell-clapper,,False,True,https://www.metmuseum.org/art/collection/search/502203,https://images.metmuseum.org/CRDImages/mi/original/MUS724A3.jpg,0,,,
500944,Zurna,Zurna (ზურნა),19th century,,,,Wood,L. 31 x Diam. 2.1 - 5.4 cm (12 3/16 x 13/16 - 2 1/8 in.),"Georgian [Azerbaijan, Armenia])","Georgia, Republic of  [Azerbaijan, Armenia]",,Tiflis (Tbilisi),,,,,,,,Musical Instruments,Aerophone-Reed Vibrated-double reed,,False,True,https://www.metmuseum.org/art/collection/search/500944,https://images.metmuseum.org/CRDImages/mi/original/midp89.4.317.jpg,2,,,
505305,Pochette with Case,Pochette with Case,18th century,,,,"Wood, leather","Instrument: Length: 41.3 cm (16-1/4 in.), Width: 4.5 cm (1-3/4 in.)",Possibly German,Germany,,,,,,,,,,Musical Instruments,Chordophone-Lute-bowed-unfretted,,False,True,https://www.metmuseum.org/art/collection/search/505305,https://images.metmuseum.org/CRDImages/mi/original/DP-20649-001.jpg,4,,,
502530,Square Piano,Square Piano,ca. 1801–5,,,,"Mahogany veneered case, bone naturals, ebony slips over dark-stained accidentals.","Case length (perpendicular to keyboard) 36.6 cm, Width (parallel to keyboard) 106.0 cm, Case depth (wihtout lid) 15.5 cm, Total height 75.5 cm",Austrian,Austria,,Vienna,,Caspar Katholnik (Katholnig),Maker,Austrian,1763,1829,,Musical Instruments,Chordophone-Zither-struck-piano,"Austrian, Vienna 1763–1829 Vienna",False,True,https://www.metmuseum.org/art/collection/search/502530,https://images.metmuseum.org/CRDImages/mi/original/MUS1024B.jpg,0,,,
503909,Alto saxophone in E-flat,Alto saxophone in E-flat,ca. 1855,,,,Brass,"23 1/2 × 5 1/2 × 14 in. (59.7 × 14 × 35.6 cm)

Weight: under 40 lbs",French,France,,Paris,,Adolphe (Antoine Joseph) Sax,Maker,"Belgian, active France",1814-11-06,1894-02-07,,Musical Instruments,Aerophone-Reed Vibrated-single reed cylindrical,"Belgian, Dinant, Belgium 1814–1894 Paris",False,True,https://www.metmuseum.org/art/collection/search/503909,https://images.metmuseum.org/CRDImages/mi/original/DP338623.jpg,2,https://www.wikidata.org/wiki/Q116256745,https://www.wikidata.org/wiki/Q181995,http://vocab.getty.edu/page/ulan/500332407
501132,Antsiva,Antsiva,late 19th century,,,,Conch Shell,L.  19.7  x 15.9 cm (7-3/4 x 6-1/4 in.),Malagasy,Madagascar,,,Shells,,,,,,,Musical Instruments,Aerophone-Lip Vibrated-trumpet / trombone,,False,True,https://www.metmuseum.org/art/collection/search/501132,https://images.metmuseum.org/CRDImages/mi/original/259039.jpg,0,,,
503854,Binioù kozh (bagpipe),Binioù kozh (bag pipe),19th century,,,,"Wood, leather, cane reed, various materials","90 x 20 x 7.5 cm approx overall dimensions

Weight: under 40 lbs

Technical measurements: Pipe L. chanter 155 mm,  drone 395 mm, blowpipe 128 mm, under 40 lbs",French,France,,,,,,,,,,Musical Instruments,Aerophone-Reed Vibrated-bagpipe,,False,True,https://www.metmuseum.org/art/collection/search/503854,https://images.metmuseum.org/CRDImages/mi/original/DP-28532-001.jpg,2,,,
505134,Gusle,Gusle,ca. 1850,,,,"Wood, skin","Gusle: 72.5cm x 16cm x 19xm
Bow: 38.5cm x 18.5cm x 1.5cm",Eastern European (Croatia),Croatia (former Yugoslavia),Balkan Peninsula,Potravlje,,,,,,,,Musical Instruments,Chordophone-Lute-bowed-unfretted,,False,True,https://www.metmuseum.org/art/collection/search/505134,https://images.metmuseum.org/CRDImages/mi/original/206994.jpg,0,,,
892624,Cor d’orchestre,Cor d’orchestre,ca. 1830,,,,"horn: brass, white metal, polychrome; case: wood, paper, iron, chamois leather, paint","Case:
max height: 51cm
max width: 48.5 cm
max depth: 32.3 cm

Horn, assembled with E flat crppl:
max height: 50 cm
max width: 61 cm
max depth (bell diameter): 27.5 cm",French,United States,,,,Courtois Neveu Aine,Maker,,,,,Musical Instruments,Musical instruments,,False,True,https://www.metmuseum.org/art/collection/search/892624,https://images.metmuseum.org/CRDImages/mi/original/DP-29231-002.jpg,4,,,
501378,Calung,Calung,late 19th century,,,,"Bamboo, cord","Range of 11 tubes - L. [longest tube):  76.2 cm (30 in.), Diam.: 6.4 cm (22-1/2 in.); L. [shortest tube] 35.6 cm (14 in.); Diam.: 1 1/4 in.) (in pencil, ""L.C. says, Longest tube 2 ft. 6 in., D. 2-1/2 in.; Shortest tube 1 ft. 2 in., D. 1-1/4 in.""",Javanese (Sundanese),Indonesia,,,,,,,,,,Musical Instruments,Idiophone-Struck-bar,,False,True,https://www.metmuseum.org/art/collection/search/501378,https://images.metmuseum.org/CRDImages/mi/original/midp89.4.776.jpg,1,,,
504525,Bell,Bell,before 1889,,,,"Clay, reed",W. 109 mm (4 5/16 in.); H. 106 mm (4 3/16); Diam. at base of largest cone 49 mm (1 15/16 in.);  Weight 111 grams,Mexican,Mexico,,,,,,,,,,Musical Instruments,Idiophone-Struck-bell-clapper,,False,True,https://www.metmuseum.org/art/collection/search/504525,https://images.metmuseum.org/CRDImages/mi/original/DP157381.jpg,0,,,
501134,Enkwanzi (panpipe),Enkwanzi (panpipe),late 19th century,,,,"Bamboo, fiber",Longest pipe:  49.5 cm (19-1/2 in.); Shortest pipe: 22.9 cm (9 in.); Total width: 33 cm (13 in.),Usoga,Uganda,,,,,,,,,,Musical Instruments,Aerophone-Blow Hole-panpipe,,False,True,https://www.metmuseum.org/art/collection/search/501134,https://images.metmuseum.org/CRDImages/mi/original/260509.jpg,0,,,
501823,Horn,Horn,19th century,,,,Ivory,L. 29 7/8 × Diam. 3 9/16 - 3 in. (75.9 × 9 - 7.6 cm),Probably Mende people,Probably Sierra Leone,,,,,,,,,,Musical Instruments,Aerophone-Lip Vibrated-horn,,False,True,https://www.metmuseum.org/art/collection/search/501823,https://images.metmuseum.org/CRDImages/mi/original/DP-20360-004.jpg,15,,,
502135,Basset Horn in F,Basset Horn in F,early 19th century,,,,"Maple, horn, brass","Length 975 mm, Tube length approximately 1700 mm, Bell diamter 121 mm, Mouthpiece length 93 mm, Barrel length 64 mm, Upper body section 307 mm, Elbow, approximately 62 mm, Lower body section/ kasten approximately 350 mm, Bell (brass) 241 mm",German,Germany,,Dresden,,,,,,,,Musical Instruments,Aerophone-Reed Vibrated-single reed cylindrical,,False,True,https://www.metmuseum.org/art/collection/search/502135,https://images.metmuseum.org/CRDImages/mi/original/MUS351A2.JPG,0,,,
500685,No-Kan,No-Kan,late 19th century,,,,Bamboo,"L. 40.8 cm (16-1/16 in.), D. +/- 2.5 cm (1 in.)",Japanese,Japan,,,,,,,,,,Musical Instruments,Accessory-Toys,,False,True,https://www.metmuseum.org/art/collection/search/500685,https://images.metmuseum.org/CRDImages/mi/original/MUS499A1.jpg,0,,,
501100,Mbira,Mbira,late 19th century,,,,Kapok wood (Ceiba pentandra Gaertn),W. 3 1/2 × L. 12 1/4 in. (8.9 × 31.1 cm),Nigerian (Efik),Nigeria,,,,,,,,,,Musical Instruments,Idiophone-Plucked / Depressed,,False,True,https://www.metmuseum.org/art/collection/search/501100,https://images.metmuseum.org/CRDImages/mi/original/DP-13785-001.jpg,2,,,
501907,Kettledrum,Kettledrum,18th century,,,,various materials,"H. 1 ft. 2-1/4 in., Diam. 1 ft. 6-1/4 in.",German,Germany,,,,,,,,,,Musical Instruments,Membranophone-single-headed / kettle drum,,False,True,https://www.metmuseum.org/art/collection/search/501907,https://images.metmuseum.org/CRDImages/mi/original/MUS592A3.jpg,0,,,
503377,Grand Harmonicon,Grand Harmonicon,ca. 1830,,,,"Wood, glass",Width: 90.5 cm (35-5.8 in.); Diam: 53.3 cm (21 in.); Height: 21.5 cm (8-7/16 in.); case 93.8 cm (36-15/16 in.); total Diam. of glasses: 7.9 -12.6 cm (3-1/8 - 4-15/16 in.),American,United States,,Baltimore,,Francis H Smith Sr.,Maker,American,1797,1872,,Musical Instruments,Idiophone-Friction,"American, 1797 - 1872",False,True,https://www.metmuseum.org/art/collection/search/503377,https://images.metmuseum.org/CRDImages/mi/original/250291.jpg,0,,,
501621,Pianoforte Guittar (Keyed cittern/English guittar),Pianoforte Guittar (Keyed cittern/English guittar),1783–89,,,,Wood and various materials,"Total length  71.4 cm., Fingerboard width  22.7 cm., Fingerboard width--top/bottom  4.7/6.0 cm.,
Body length  40.5 cm.
Body width--widest/narrowest  30/- 
Body depth--neck/foot  6.5/8.5 cm.
Vibrating length of strings  44 cm., Bridge height  2.5 cm.",British,United Kingdom,,London,,Christian Claus,Maker,German,1783,1793,,Musical Instruments,Chordophone-Lute-plucked-fretted,"German, active London ca. 1783–1793 New York",False,True,https://www.metmuseum.org/art/collection/search/501621,https://images.metmuseum.org/CRDImages/mi/original/DP-18958-001.jpg,1,,,
500781,Nagphani,Nagphani,late 19th century,,,,"Copper, polychrome","12 1/4 × 18 1/4 × 2 5/8 in. (31.1 × 46.4 × 6.7 cm)
Sounding Length: 59 1/16 in. (150 cm)",Nepal or India,Nepal,,,,,,,,,,Musical Instruments,Aerophone-Lip Vibrated-trumpet / trombone,,False,True,https://www.metmuseum.org/art/collection/search/500781,https://images.metmuseum.org/CRDImages/mi/original/midp89.4.212.jpg,2,https://www.wikidata.org/wiki/Q116412843,,
505625,Basset Horn in F,Basset Horn in F,ca. 1800,,,,"Boxwood, ivory, brass",Height: 39 5/16 in. (99.8 cm),German,Germany,,Potsdam,,Johann Gottlieb Freyer,Maker,German,1764,1808,,Musical Instruments,Aerophone-Reed Vibrated-single reed cylindrical,"German, Potsdam ca. 1764–1808 Potsdam",False,True,https://www.metmuseum.org/art/collection/search/505625,https://images.metmuseum.org/CRDImages/mi/original/53.56.12.3.jpg,2,https://www.wikidata.org/wiki/Q116252746,,
502228,Bell,Bell,late 19th century,,,,Metal,"H. 2-1/4 in., Diam. 1-1/2 in.",Burmese,Myanmar (formerly Burma),,,,,,,,,,Musical Instruments,Idiophone-Struck-bell-without clapper,,False,True,https://www.metmuseum.org/art/collection/search/502228,https://images.metmuseum.org/CRDImages/mi/original/DP161937.jpg,0,,,
502741,Pottery Whistle,Pottery Whistle,ca. 800–1525,Pre-Columbian,,,clay,7.5cm x 5.5cm x 4cm,Costa Rican,Costa Rica,Diquis Region,,Turtles,,,,,,,Musical Instruments,Aerophone-Whistle Flute-whistle,,False,True,https://www.metmuseum.org/art/collection/search/502741,https://images.metmuseum.org/CRDImages/mi/original/188967lowerleft.jpg,2,,,
502849,Lyre (reproduction),Lyre (reproduction),19th century,,,,"Bark, wood, skin, ebony",59cm x 26.5cm x 12cm,Egyptian,Egypt,,,,,,,,,,Musical Instruments,Chordophone-Lyre-plucked,,False,True,https://www.metmuseum.org/art/collection/search/502849,https://images.metmuseum.org/CRDImages/mi/original/233308.JPG,0,,,
503241,Flute,Flute,1300–1500,Pre-Columbian,,,Ceramic,L. 8.4 cm (1-5/16 in.); Diam. 3.9 cm (1-9/16 in.),Tairona People; Gayraca style,Colombia,,,,,,,,,,Musical Instruments,Aerophone-Whistle Flute-recorder,,False,True,https://www.metmuseum.org/art/collection/search/503241,https://images.metmuseum.org/CRDImages/mi/original/DP159020.jpg,0,,,
504073,Toy Square Piano,Toy Square Piano,ca. 1860–80,,,,"Wood, metal","Width across lid: 51.5 cm. (20.25 in.)
Diameter: 25.5 cm. (10.6 in.)
Height without lid: 24.9 cm. (9.8 in.)",American,United States,,Montrose,,Charles Martin Crandall,Maker,American,1833,1905,,Musical Instruments,Chordophone-Zither-struck-piano,"American. Montrose, Pennsylvania 1833–1905 Waverly, New York",False,True,https://www.metmuseum.org/art/collection/search/504073,https://images.metmuseum.org/CRDImages/mi/original/C10563 1994.89.jpg,0,,https://www.wikidata.org/wiki/Q5080708,(not assigned)
501201,Cacha (rattle),Cacha (rattle),late 19th century,,,,"Cane, cloth, seeds, wood",L. 40.6 cm (16 in.); Diam. 12.7 cm (5 in.),Cuban,Cuba,,,,,,,,,,Musical Instruments,Idiophone-Shaken-rattle,,False,True,https://www.metmuseum.org/art/collection/search/501201,https://images.metmuseum.org/CRDImages/mi/original/midp89.4.585.jpg,1,,,
503388,Quinton,Quinton,ca. 1750,,,,Wood,Body L. 34 cm (13-3/8 in.); String L. 32 cm (12-9/16 in.); Total L. 61.5 cm (24-1/4 in.); Upper bouts16 cm (16-5/16 in.); Middle bouts 11 cm (4-5/16 in.); Lower bouts 20 cm (7-7/8 in.); D. at tail 4.3 cm (1-11/16 in.),British,United Kingdom,,London,,Peter Wamsley,Maker,British,,,,Musical Instruments,Chordophone-Lute-bowed-unfretted,,False,True,https://www.metmuseum.org/art/collection/search/503388,https://images.metmuseum.org/CRDImages/mi/original/251227.jpg,0,,,
500563,Cittern,Cittern,ca. 1780–95,,,,"Wood, various materials",Total length:  75.6 cm (29-3/4 in.);  Fingerboard length: 22.5 cm (8-7/8 in.);  Fingerboard width - top/bottom:  4.7 / 5.5 cm (1-13/16 / 2-3/16 in.);  Body length:  35.5 cm (13-15/16 in.);  Body width - widest/narrowest:  28.8 / 5 cm (11-5/16 / 1-15/16 in.);  Body depth - neck/foot:  6 / 7.5 cm (2-3/8 / 2-15/16 in.);  Vibrating length of strings: 42.5 cm (16-3/4 in.);  Diameter of rosette:  8.6 cm (3-3/8 in.);  Bridge height: 1.8 cm (11/16 in.),British,United Kingdom,,London,,Simpson,Maker,British,,,,Musical Instruments,Chordophone-Lute-plucked-fretted,,False,True,https://www.metmuseum.org/art/collection/search/500563,https://images.metmuseum.org/CRDImages/mi/original/LC_89_2_167_PC_2024_001.jpg,3,,,
504192,Fife,Fife,1819–43,,,,"Wood, brass","Total length: 39.9 cm (15-3/4 in.)
Embouchure: 9.2 x 8.7mm
Center embouchure to end: 306mm
Bore diameter: 10.8mm
Hole diameter: 5.7mm
Distance from embouchure center to center
B: 134mm
A: 156mm
G: 177mm
F: 201mm
E: 224mm
D: 249mm",American,United States,,New York,,Edward or Frederick Riley,Maker,American,,,,Musical Instruments,Aerophone-Blow Hole-side-blown flute (transverse),,False,True,https://www.metmuseum.org/art/collection/search/504192,https://images.metmuseum.org/CRDImages/mi/original/DT8479.jpg,1,,,
501452,Side Drum,Side Drum,18th century,,,,"Wood, skin, cord","Height: 16 1/4 in. (41.3 cm)
Diameter: 15 5/16 in. (38.9 cm)",Dutch,Netherlands,,,,,,,,,,Musical Instruments,Membranophone-double-headed / barrel drum,,False,True,https://www.metmuseum.org/art/collection/search/501452,https://images.metmuseum.org/CRDImages/mi/original/DP-26167-001.jpg,0,https://www.wikidata.org/wiki/Q116273760,,
503704,Tenor Geige,Tenor Geige,ca. 1600,,,,Wood,,Italian,Italy,,,,,,,,,,Musical Instruments,Chordophone-Lute-bowed-unfretted,,False,True,https://www.metmuseum.org/art/collection/search/503704,https://images.metmuseum.org/CRDImages/mi/original/132932.jpg,0,,,
500915,T'na,T'na,late 19th century,,,,"Wood, skin","L. 69.9 cm (27-1/2 in.), W. 14.6 cm (5-3/4 in.), Diam. 9.5 cm (3-3/4 in.)",Burmese,Myanmar (formerly Burma),,,,,,,,,,Musical Instruments,Chordophone-Harp,,False,True,https://www.metmuseum.org/art/collection/search/500915,https://images.metmuseum.org/CRDImages/mi/original/midp89.4.270(1).jpg,0,,,
503204,Sarangi,Sarangi,ca. 1900,,,,"Wood, ivory, parchment, metal",29 7/16 × 9 1/2 × 6 7/8 in. (74.7 × 24.2 × 17.5 cm),Indian,India,,,,,,,,,,Musical Instruments,Chordophone-Lute-bowed-unfretted,,True,True,https://www.metmuseum.org/art/collection/search/503204,https://images.metmuseum.org/CRDImages/mi/original/DP302686.jpg,1,https://www.wikidata.org/wiki/Q116413108,,
504721,Virginal,Virginal,ca. 1600,,,,"Wood, bone, quill","112.4 cm in length by 47.5 cm in width
Stand measurements: H. 32 in. W. 44 1/2 in. D. 18 in.",European,,,,,C Ruckers,Maker,,,,,Musical Instruments,Chordophone-Zither-plucked-virginal,,False,True,https://www.metmuseum.org/art/collection/search/504721,https://images.metmuseum.org/CRDImages/mi/original/MUS900A.jpg,2,,,
503157,Ocarina,Ocarina,1300–1500,Pre-Columbian,,,Ceramic,L. 5 cm (1-15/16 in.); W. 4.6 cm (1-13/16 in.),Tairona People; Gayraca style,Colombia,,,,,,,,,,Musical Instruments,Aerophone-Whistle Flute-vessel flute,,False,True,https://www.metmuseum.org/art/collection/search/503157,https://images.metmuseum.org/CRDImages/mi/original/DP159014.jpg,0,,,
503969,Natural Trumpet,Natural Trumpet,1765,,,,German silver,6 × 29 1/4 × 4 3/8 in. (15.2 × 74.3 × 11.1 cm),Austrian,Austria,,Vienna,,Anton Kerner,Maker,Austrian,1726,1806,,Musical Instruments,Aerophone-Lip Vibrated,"Austrian, Vienna 1726–1806 Vienna",False,True,https://www.metmuseum.org/art/collection/search/503969,https://images.metmuseum.org/CRDImages/mi/original/157312.jpg,0,https://www.wikidata.org/wiki/Q116256556,https://www.wikidata.org/wiki/Q78746,http://vocab.getty.edu/page/ulan/500332434
506808,A-ndëf,A-ndëf,late 19th century,,,,"Wood, hide","Height: 43 in. (109.2 cm)
Diameter: 14 in. (35.6 cm)

Weight: 50 lbs approx",Baga people,Republic of Guinea,Niger River Region,,,,,,,,,Musical Instruments,Membranophone-single-headed / kettle drum,,False,True,https://www.metmuseum.org/art/collection/search/506808,https://images.metmuseum.org/CRDImages/mi/original/DP-41022-001.jpg,2,,,
501514,Double Flageolet in D,Double Flageolet in D,ca. 1808–20,,,,"Wood, ivory",Length 15-25/32 in. (401 mm),British,United Kingdom,,London,,William Bainbridge,Maker,British,1803,1831,,Musical Instruments,Aerophone-Whistle Flute-flageolet,"British, London, active 1803–31",False,True,https://www.metmuseum.org/art/collection/search/501514,https://images.metmuseum.org/CRDImages/mi/original/MUS302A5.JPG,0,,,http://vocab.getty.edu/page/ulan/500333732
500756,Ānandalaharī,Ānandalaharī,late 19th century,,,,"Wood, skin","H. 7 13/16 × Diam. 6 1/2 - 4 1/4 in. (19.9 × 16.5 - 10.8 cm)
Knob: 2 3/8 x 2 5/16 in. (6 x 5.9 cm)",Indian (Bengal),India,,,,,,,,,,Musical Instruments,Chordophone,,False,True,https://www.metmuseum.org/art/collection/search/500756,https://images.metmuseum.org/CRDImages/mi/original/MUS649A3.jpg,1,,,
824266,Circular Trumpet,Circular Trumpet,ca. 1830,,,,Brass,"Assembled instrument: max depth: 12.5cm; max width: 31cm; max height: 35cm
Wooden case, closed: 42.5cm x 29.5cm x 25.5cm",French,,,,,,,,,,,Musical Instruments,Aerophone,,False,True,https://www.metmuseum.org/art/collection/search/824266,https://images.metmuseum.org/CRDImages/mi/original/DP-19644-003.jpg,3,,,
501573,Pochette d'Amore,Pochette d'Amore,18th century,,,,"wood, ivory",L. 1 ft. 7 in.,French,France,,,,,,,,,,Musical Instruments,Chordophone-Lute-bowed-unfretted,,False,True,https://www.metmuseum.org/art/collection/search/501573,https://images.metmuseum.org/CRDImages/mi/original/DP-20647-001.jpg,2,,,
501377,Apa,Apa (drum),late 19th century,,,,"wood, lizard skin",6 1/2 × 30 1/2 × 5 1/2 in. (16.5 × 77.5 × 14 cm),"Melanesian (Huon Gulf?, Papua New Guinean)",Papua New Guinea,,,,,,,,,,Musical Instruments,Membranophone-single-headed / waisted drum,,False,True,https://www.metmuseum.org/art/collection/search/501377,https://images.metmuseum.org/CRDImages/mi/original/195864.jpg,2,https://www.wikidata.org/wiki/Q116412976,,
503651,Pipa (琵琶 ),Pipa,late 16th–early 17th century,Ming dynasty (1368-1644),,,"Wood, ivory, bone, silk","L. 37 × W. 9 15/16 × D. 1 1/8 in. (94 × 25.3 × 2.9 cm)
see measurements drawing",Chinese,China,,,Animals|Birds|Men|Flowers,,,,,,,Musical Instruments,Chordophone-Lute-plucked-fretted,,True,True,https://www.metmuseum.org/art/collection/search/503651,https://images.metmuseum.org/CRDImages/mi/original/DP319739.jpg,9,https://www.wikidata.org/wiki/Q29385651,,
501200,Bell,Bell,19th century,,,,"Rocky Mountain sheep horn, rawhide, stone","Overall: 9 x 16.4cm (3 9/16 x 6 7/16in.)
Other (rawhide loop): 8.5cm (3 3/8in.)",Native American (Moqui),United States,,,,,,,,,,Musical Instruments,Idiophone-Struck-bell-clapper,,False,True,https://www.metmuseum.org/art/collection/search/501200,https://images.metmuseum.org/CRDImages/mi/original/C10644 89.4.584.jpg,1,,,
