ObjectID,Title,Object Name,Date,Period,Dynasty,Reign,Medium,Dimensions,Culture,Country,Region,City,Subjects,Artist Name,Artist Role(s),Artist Nationality,Artist Date of Birth,Artist Date of Death,Artist Gender,department,classification,artistDisplayBio,isHighlight,isPublicDomain,objectURL,primaryImage,additionalImages_count,objectWikidata_URL,artistWikidata_URL,artistULAN_URL
326731,Cylinder seal with cultic scene,Cylinder seal,ca. 7th century BCE,Neo-Assyrian / Neo-Babylonian,,,White Chalcedony (Quartz),0.85 in. (2.16 cm),Assyro-Babylonian,,Mesopotamia,,,,,,,,,Ancient Near Eastern Art,,,False,True,https://www.metmuseum.org/art/collection/search/326731,https://images.metmuseum.org/CRDImages/an/original/SS1983_314_11.jpg,0,,,
327368,Short sword and scabbard,Sword and scabbard,ca. 6th–7th century CE,Sasanian,,,"Silver (scabbard and hilt), iron (blade)",11 7/8 × 2 3/8 × 13/16 in. (30.1 × 6.1 × 2.1 cm),Sasanian,,Iran,,,,,,,,,Ancient Near Eastern Art,,,False,True,https://www.metmuseum.org/art/collection/search/327368,https://images.metmuseum.org/CRDImages/an/original/DT5918.jpg,0,,,
326143,Jar rim sherd,Jar,ca. late 3rd millennium BCE,Early Bronze Age,,,Ceramic,2.48 x 4.45 in. (6.3 x 11.3 cm),,,Mesopotamia,,,,,,,,,Ancient Near Eastern Art,,,False,True,https://www.metmuseum.org/art/collection/search/326143,https://images.metmuseum.org/CRDImages/an/original/DP-29136-001.jpg,0,,,
326217,Umbo or stud,Umbo or stud,ca. 9th century BCE,"Iron Age II, Hasanlu Period IV",,,Bronze,5 1/4 x 1/16 in. (13.3 x 0.2 cm),Iran,,Iran,,,,,,,,,Ancient Near Eastern Art,,,False,True,https://www.metmuseum.org/art/collection/search/326217,https://images.metmuseum.org/CRDImages/an/original/ME1976_233_45.jpg,0,,,
323638,Sherd,Sherd,ca. 3100–2500 BCE,Early Bronze Age,,,"Ceramic, paint",2.87 x 0.28 in. (7.29 x 0.71 cm),Iran,,Iran,,,,,,,,,Ancient Near Eastern Art,,,False,True,https://www.metmuseum.org/art/collection/search/323638,https://images.metmuseum.org/CRDImages/an/original/DP-28742-001.jpg,1,,,
325204,Stud,Stud,ca. 9th century BCE,"Iron Age II, Hasanlu Period IV",,,"Gold, copper/bronze",H. 1/2 × Diam. 7/8 in. (1.3 × 2.3 cm),Iran,,Iran,,,,,,,,,Ancient Near Eastern Art,,,False,True,https://www.metmuseum.org/art/collection/search/325204,https://images.metmuseum.org/CRDImages/an/original/DP-38732-001.jpg,1,,,
326592,Openwork rattle bell,Rattle bell,ca. 9th–8th century BCE,Iron Age II-III,,,Bronze,3 1/4 × 2 1/16 × 2 1/16 in. (8.2 × 5.2 × 5.2 cm),Iran,,Western Iran,,,,,,,,,Ancient Near Eastern Art,,,False,True,https://www.metmuseum.org/art/collection/search/326592,https://images.metmuseum.org/CRDImages/an/original/ME1978_514_18.jpg,0,,,
322575,Harness ring,Harness ring,ca. 8th–7th century BCE,Iron Age III,,,Bronze,2 5/8 × 2 3/8 × 1/2 in. (6.7 × 6.1 × 1.3 cm),Iran,,"Iran, probably from Luristan",,,,,,,,,Ancient Near Eastern Art,,,False,True,https://www.metmuseum.org/art/collection/search/322575,https://images.metmuseum.org/CRDImages/an/original/DP-38458-001.jpg,1,,,
323138,Scarab seal,Stamp seal,ca. 1786–1650 BCE,"Dynasty 15-17, 2nd Intermediate Period, Hyksos",,,"Steatite, bone colored","Seal Face: 1.35 x 1.98 cm
Height: 0.64
String Hole: 0.15 cm",,,Levant,,,,,,,,,Ancient Near Eastern Art,,,False,True,https://www.metmuseum.org/art/collection/search/323138,https://images.metmuseum.org/CRDImages/an/original/ss34_126_28.jpg,0,,,
326394,Tetradrachm,Coin,ca. 304–294 BC,,,,Silver,"Thickness: 3/16 in. (0.6 cm)
Diameter: 1 in. (2.5 cm)",Seleucid,,Iran,,Men,,,,,,,Ancient Near Eastern Art,,,False,True,https://www.metmuseum.org/art/collection/search/326394,https://images.metmuseum.org/CRDImages/an/original/DP-36520-001.jpg,1,,,
321681,"Cuneiform tablet: account of dates as imittu-rent, Ebabbar archive",Cuneiform tablet,ca. 534 BCE,Achaemenid,,,Clay,2.64 x 3.7 x .67 in. (6.7 x 9.4 x 1.7 cm),Achaemenid,,Mesopotamia,,,,,,,,,Ancient Near Eastern Art,,,False,True,https://www.metmuseum.org/art/collection/search/321681,https://images.metmuseum.org/CRDImages/an/original/ME86_11_65.jpg,1,,,
326488,Earring,Earring,ca. 1st century BCE–1st century CE,Parthian,,,Bronze,1.46 in. (3.71 cm),Parthian,,Iran,,,,,,,,,Ancient Near Eastern Art,,,False,True,https://www.metmuseum.org/art/collection/search/326488,https://images.metmuseum.org/CRDImages/an/original/ME1978_93_60.jpg,0,,,
321994,Cuneiform tablet: letter about cultic matters,Cuneiform tablet,ca. 157 BCE,Seleucid,,,Clay,3 1/2 x 4 x 1 3/8 in. (8.9 x 10.2 x 3.6 cm),Seleucid,,Mesopotamia,,,,,,,,,Ancient Near Eastern Art,,,False,True,https://www.metmuseum.org/art/collection/search/321994,https://images.metmuseum.org/CRDImages/an/original/ME86_11_372.JPG,2,,,
328927,Cuneiform tablet: unidentified fragment,Cuneiform tablet,ca. late 1st millennium BCE,,,,Clay,1 1/4 x 1 3/8 x 7/8 in. (3.3 x 3.4 x 2.2 cm),,,Mesopotamia,,,,,,,,,Ancient Near Eastern Art,,,False,True,https://www.metmuseum.org/art/collection/search/328927,https://images.metmuseum.org/CRDImages/an/original/ME86_11_411c.jpg,1,,,
326697,Compartmented stamp seal,Stamp seal,ca. late 3rd–early 2nd millennium BCE,Bronze Age,,,Copper alloy,1 11/16 in. (4.3 cm),Bactria-Margiana Archaeological Complex,,Bactria-Margiana,,,,,,,,,Ancient Near Eastern Art,,,False,True,https://www.metmuseum.org/art/collection/search/326697,https://images.metmuseum.org/CRDImages/an/original/SS1982_445_1.jpg,0,,,
323895,Cylinder seal,Cylinder seal,ca. 2350–2150 BCE,Akkadian,,,Serpentine,0.94 in. (2.39 cm),Akkadian,,Mesopotamia,,Women,,,,,,,Ancient Near Eastern Art,,,False,True,https://www.metmuseum.org/art/collection/search/323895,https://images.metmuseum.org/CRDImages/an/original/ss41_160_307.jpg,0,,,
323357,Sealing,Sealing,ca. 7th century CE,Sasanian,,,Un-baked clay,0.75 in. (1.91 cm),Sasanian,,Iran,,,,,,,,,Ancient Near Eastern Art,,,False,True,https://www.metmuseum.org/art/collection/search/323357,https://images.metmuseum.org/CRDImages/an/original/ME36_30_136.jpg,0,,,
324441,Sistrum (rattle),Sistrum,ca. 2300–2000 BCE,Early Bronze Age III,,,Copper alloy,13 3/8 × 4 1/8 × 1 15/16 in. (33.9 × 10.5 × 4.9 cm),Hattian,,Central Anatolia,,,,,,,,,Ancient Near Eastern Art,,,False,True,https://www.metmuseum.org/art/collection/search/324441,https://images.metmuseum.org/CRDImages/an/original/DP-13968-001.jpg,0,,,
321577,Stamp seal,Stamp seal,ca. mid-4th century CE,Sasanian,,,"Garnet, almandine",0.47 x 0.24 x 0.55 in. (1.19 x 0.61 x 1.4 cm),Sasanian,,Iran or Mesopotamia,,Men,,,,,,,Ancient Near Eastern Art,,,False,True,https://www.metmuseum.org/art/collection/search/321577,https://images.metmuseum.org/CRDImages/an/original/DP-31586-001.jpg,3,,,
323282,Sealing,Sealing,ca. 7th century CE,Sasanian,,,Un-baked clay,0.71 in. (1.8 cm),Sasanian,,Iran,,,,,,,,,Ancient Near Eastern Art,,,False,True,https://www.metmuseum.org/art/collection/search/323282,https://images.metmuseum.org/CRDImages/an/original/ME36_30_253.jpg,0,,,
325512,Cuneiform tablet: record of barley allocations,Cuneiform tablet,ca. 13th century BCE,Middle Assyrian,,,Clay,5.1 x 5.8 x 2.1 cm (2 x 2 1/4 x 7/8 in.),Assyrian,,Mesopotamia,,,,,,,,,Ancient Near Eastern Art,,,False,True,https://www.metmuseum.org/art/collection/search/325512,https://images.metmuseum.org/CRDImages/an/original/ME62_85_1.jpg,1,,,
321544,"Cuneiform tablet: loan with work agreement, Egibi archive",Cuneiform tablet,ca. 512 BCE,Achaemenid,,,Clay,4.1 x 5.7 x 2 cm (1 5/8 x 2 1/4 x 3/4 in.),Achaemenid,,Mesopotamia,,,,,,,,,Ancient Near Eastern Art,,,False,True,https://www.metmuseum.org/art/collection/search/321544,https://images.metmuseum.org/CRDImages/an/original/ME79_7_24.jpg,1,,,
322745,Jar,Jar,ca. 3rd–7th century CE,Sasanian,,,Ceramic,2 7/8 x 2 3/8 in. (7.3 x 6.1 cm),Sasanian,,Mesopotamia,,,,,,,,,Ancient Near Eastern Art,,,False,True,https://www.metmuseum.org/art/collection/search/322745,https://images.metmuseum.org/CRDImages/an/original/me32_150_168.jpg,0,,,
321476,Scarab seal,Stamp seal,ca. 7th–6th century BCE,Cypro-Archaic,,,Steatite,"Seal Face: 1.57 x 2.2 cm
Height: 0.88 cm
String Hole: 0.35 cm",Cypriot,,Cyprus,,,,,,,,,Ancient Near Eastern Art,,,False,True,https://www.metmuseum.org/art/collection/search/321476,https://images.metmuseum.org/CRDImages/an/original/ss74_51_4396gp.jpg,0,,,
326133,Sherd,Sherd,ca. mid-3rd millennium BCE,Early Bronze Age,,,Ceramic,0.75 x 1.73 in. (1.91 x 4.39 cm),,,Mesopotamia,,,,,,,,,Ancient Near Eastern Art,,,False,True,https://www.metmuseum.org/art/collection/search/326133,https://images.metmuseum.org/CRDImages/an/original/DP-29126-002.jpg,1,,,
322866,Standard support,Standard support,ca. 8th–7th century BCE,Iron Age III,,,Bronze,3.46 in. (8.79 cm),Iran,,"Iran, probably from Luristan",,,,,,,,,Ancient Near Eastern Art,,,False,True,https://www.metmuseum.org/art/collection/search/322866,https://images.metmuseum.org/CRDImages/an/original/DP-30217-001.jpg,0,,,
324034,Cylinder seal and modern impression: suppliant goddess,Cylinder seal,ca. 17th–16th century BCE,late Old Babylonian–early Kassite,,,Feldspar,7/8 × 3/8 × 3/8 in. (2.2 × 1 × 1 cm),Babylonian or Kassite,,,,Goddess,,,,,,,Ancient Near Eastern Art,,,False,True,https://www.metmuseum.org/art/collection/search/324034,https://images.metmuseum.org/CRDImages/an/original/DP-15178-001.jpg,1,https://www.wikidata.org/wiki/Q116407902,,
326476,Bead,Bead,ca. 1st century BCE–1st century CE,Parthian,,,Glass,0.24 in. (0.61 cm),Parthian,,Iran,,,,,,,,,Ancient Near Eastern Art,,,False,True,https://www.metmuseum.org/art/collection/search/326476,https://images.metmuseum.org/CRDImages/an/original/DP-40358-001.jpg,0,,,
322312,Stamp seal (bifacial scaraboid) with animal and divine symbol,Stamp seal,late 8th–7th century BCE,Neo-Assyrian,,,"Limestone, olive brown","Seal Face: 2.11 x 1.82 cm
Height: 0.98 cm
String Hole: 0.45 cm",Assyrian,,Mesopotamia or Syria,,,,,,,,,Ancient Near Eastern Art,,,False,True,https://www.metmuseum.org/art/collection/search/322312,https://images.metmuseum.org/CRDImages/an/original/ss99_22_43gp.jpg,0,,,
323057,Handle,Handle,ca. 3rd–7th century CE,Sasanian,,,Pewter,1.25 x 3.75 in. (3.18 x 9.53 cm),Sasanian,,Iran,,,,,,,,,Ancient Near Eastern Art,,,False,True,https://www.metmuseum.org/art/collection/search/323057,https://images.metmuseum.org/CRDImages/an/original/DP-35581-001.jpg,1,,,
323601,Inlay,Inlay,ca. 18th century BCE,Middle Bronze Age–Old Assyrian Trading Colony,,,"Ivory, paint",0.57 x 0.44 in. (1.45 x 1.12 cm),Old Assyrian Trading Colony,,Anatolia,,,,,,,,,Ancient Near Eastern Art,,,False,True,https://www.metmuseum.org/art/collection/search/323601,https://images.metmuseum.org/CRDImages/an/original/DP110515.jpg,0,,,
321924,Cuneiform tablet: balag colophon fragment,Cuneiform tablet,ca. 135 BCE,Parthian,,,Clay,2 3/4 x 2 x 1/2 in. (7.1 x 5 x 1.3 cm),Parthian,,Mesopotamia,,,,,,,,,Ancient Near Eastern Art,,,False,True,https://www.metmuseum.org/art/collection/search/321924,https://images.metmuseum.org/CRDImages/an/original/ME86_11_300.jpg,1,,,
324113,Jar with bear figurine,Jar,ca. 3100–2900 BCE,Proto-Elamite,,,Gypsum alabaster,2 3/8 in. (6 cm),Proto-Elamite,,Iran,,Bears,,,,,,,Ancient Near Eastern Art,,,False,True,https://www.metmuseum.org/art/collection/search/324113,https://images.metmuseum.org/CRDImages/an/original/DP-32539-001.jpg,2,,,
324227,Fragment of a Pahlavi inscription using Middle Persian script,Relief,ca. 3rd–7th century CE,Sasanian,,,Stone,0.62 x 3.25 x 7.75 in. (1.57 x 8.26 x 19.69 cm),Sasanian,,Mesopotamia,,,,,,,,,Ancient Near Eastern Art,,,False,True,https://www.metmuseum.org/art/collection/search/324227,https://images.metmuseum.org/CRDImages/an/original/ME52_74_2.jpg,0,,,
323261,Key,Key,ca. 3rd–7th century CE,Sasanian,,,Iron,16.5 in. (41.91 cm),Sasanian,,Iran,,,,,,,,,Ancient Near Eastern Art,,,False,True,https://www.metmuseum.org/art/collection/search/323261,https://images.metmuseum.org/CRDImages/an/original/vs36_30_80.jpg,0,,,
323325,Sealing,Sealing,ca. 7th century CE,Sasanian,,,Un-baked clay,0.71 in. (1.8 cm),Sasanian,,Iran,,Lions,,,,,,,Ancient Near Eastern Art,,,False,True,https://www.metmuseum.org/art/collection/search/323325,https://images.metmuseum.org/CRDImages/an/original/ME36_30_104.jpg,0,,,
325669,Furniture plaque carved in relief with sphinx,Relief,ca. 9th–8th century BCE,Neo-Assyrian,,,Ivory,2.44 x 2.99 x 0.31 in. (6.2 x 7.59 x 0.79 cm),Assyrian,,Mesopotamia,,Sphinx,,,,,,,Ancient Near Eastern Art,,,False,True,https://www.metmuseum.org/art/collection/search/325669,https://images.metmuseum.org/CRDImages/an/original/DP110707.jpg,0,,,
325183,Arrowhead,Arrowhead,ca. 9th century BCE,"Iron Age II, Hasanlu Period IV",,,Iron,2.05 in. (5.21 cm),Iran,,Iran,,,,,,,,,Ancient Near Eastern Art,,,False,True,https://www.metmuseum.org/art/collection/search/325183,https://images.metmuseum.org/CRDImages/an/original/ME61_100_52.jpg,0,,,
327787,Cylinder seal,Cylinder seal,ca. mid- to late 2nd millennium BCE,Mitanni,,,Ceramic (partially vitrified),H.  1 1/4 in. (3.1 cm);  Diam.  1/2 in. (1.3 cm),Mitanni,,Mesopotamia or Syria,,Animals,,,,,,,Ancient Near Eastern Art,,,False,True,https://www.metmuseum.org/art/collection/search/327787,https://images.metmuseum.org/CRDImages/an/original/DP-38251-001.jpg,6,,,
325523,Mosaic cone,Mosaic cone,ca. 3500–3100 BCE,Late Uruk,,,Limestone,4 in. × 1 7/8 in. (10.2 × 4.8 cm),,,Southern Mesopotamia,,,,,,,,,Ancient Near Eastern Art,,,False,True,https://www.metmuseum.org/art/collection/search/325523,https://images.metmuseum.org/CRDImages/an/original/DP-42281-001.jpg,1,,,
322450,Cuneiform tablet: balanced account of Shu-ili,Cuneiform tablet,ca. 2040 BCE,Ur III,,,Clay,6.9 x 4.2 x 2 cm (2 3/4 x 1 5/8 x 3/4 in.),Neo-Sumerian,,Mesopotamia,,,,,,,,,Ancient Near Eastern Art,,,False,True,https://www.metmuseum.org/art/collection/search/322450,https://images.metmuseum.org/CRDImages/an/original/ME11_217_6.jpg,2,,,
322738,Plaque,Plaque,ca. 3rd–7th century CE,Sasanian,,,Glass,1.62 x 0.87 in. (4.11 x 2.21 cm),Sasanian,,Mesopotamia,,,,,,,,,Ancient Near Eastern Art,,,False,True,https://www.metmuseum.org/art/collection/search/322738,https://images.metmuseum.org/CRDImages/an/original/DP-40703-001.jpg,0,,,
323848,Stamp seal,Stamp seal,ca. 3rd–7th century CE,Sasanian,,,Carnelian,0.24 x 0.47 in. (0.61 x 1.19 cm),Sasanian,,Iran or Mesopotamia,,Animals,,,,,,,Ancient Near Eastern Art,,,False,True,https://www.metmuseum.org/art/collection/search/323848,https://images.metmuseum.org/CRDImages/an/original/ss41_160_257.jpg,0,,,
329708,Two dowels from a chair (?),Chair dowels,ca. 18th century BCE,Middle Bronze Age–Old Assyrian Trading Colony,,,Ivory,,Old Assyrian Trading Colony,,Anatolia,,,,,,,,,Ancient Near Eastern Art,,,False,True,https://www.metmuseum.org/art/collection/search/329708,https://images.metmuseum.org/CRDImages/an/original/DP122989.jpg,0,,,
325528,Jar,Jar,ca. 1000 BCE,Iron Age,,,Ceramic,6.14 x 5.75 in. (15.6 x 14.61 cm),Iran,,Northwestern Iran,,,,,,,,,Ancient Near Eastern Art,,,False,True,https://www.metmuseum.org/art/collection/search/325528,https://images.metmuseum.org/CRDImages/an/original/ME62_170_2.jpg,0,,,
891673,M. Botta’s Letters on the Discoveries at Nineveh,Book,1850,Victorian,,,"Paper, board, cloth",H. 9 1/16 × W. 5 7/8 × D. 1 3/16 in. (23 × 14.9 × 3 cm),British,,,,,,,,,,,Ancient Near Eastern Art,,,False,True,https://www.metmuseum.org/art/collection/search/891673,https://images.metmuseum.org/CRDImages/an/original/DP-35208-006.jpg,3,,,
322845,Relief fragment,Relief,ca. 1st–2nd century A.D,Parthian,,,Ceramic,2.25 x 1.37 in. (5.72 x 3.48 cm),Parthian,,Mesopotamia,,Hands,,,,,,,Ancient Near Eastern Art,,,False,True,https://www.metmuseum.org/art/collection/search/322845,https://images.metmuseum.org/CRDImages/an/original/DP-34799-001.jpg,1,,,
325041,Beads,Beads,ca. 9th century BCE,"Iron Age II, Hasanlu Period IV",,,Faience,1.22 x 0.75 x 0.24 in. (3.1 x 1.91 x 0.61 cm),Iran,,Iran,,,,,,,,,Ancient Near Eastern Art,,,False,True,https://www.metmuseum.org/art/collection/search/325041,https://images.metmuseum.org/CRDImages/an/original/DP-33833-002.jpg,2,,,
326696,Stamp seal (ovoid) with cultic scene,Stamp seal,late 8th–6th century BCE,Neo-Assyrian / Neo-Babylonian,,,"Neutral Chalcedony (Quartz), possibly etched or heated to produce white mottling","Seal Face: 1.8 x 1.55 cm
Height: 1.17 cm
String Hole: 0.25 cm",Assyro-Babylonian,,Syria (?),,Animals,,,,,,,Ancient Near Eastern Art,,,False,True,https://www.metmuseum.org/art/collection/search/326696,https://images.metmuseum.org/CRDImages/an/original/SS1982_374.jpg,0,,,
322219,Stamp seal (octagonal pyramid) with cultic scene,Stamp seal,7th–6th century BCE,Neo-Assyrian / Neo-Babylonian,,,"Veined and flawed white and black Chalcedony (Quartz), possibly enhanced through heating","Seal Face: 1.76 x 1.3 cm
Height: 2.44 cm
String Hole: 0.25",Assyro-Babylonian,,Mesopotamia,,,,,,,,,Ancient Near Eastern Art,,,False,True,https://www.metmuseum.org/art/collection/search/322219,https://images.metmuseum.org/CRDImages/an/original/DP-36062-001.jpg,3,,,
323529,Furniture element,Furniture element,ca. 18th century BCE,Middle Bronze Age–Old Assyrian Trading Colony,,,Ivory,3.41 x 0.88 in. (8.66 x 2.24 cm),Old Assyrian Trading Colony,,Anatolia,,,,,,,,,Ancient Near Eastern Art,,,False,True,https://www.metmuseum.org/art/collection/search/323529,https://images.metmuseum.org/CRDImages/an/original/DP110482.jpg,0,,,
324200,Head of a female figure,Sculpture,ca. 8th–7th century BCE,Neo-Assyrian,,,Ivory,1.97 x 1.22 in. (5 x 3.1 cm),Assyrian,,Mesopotamia,,Heads|Women,,,,,,,Ancient Near Eastern Art,,,False,True,https://www.metmuseum.org/art/collection/search/324200,https://images.metmuseum.org/CRDImages/an/original/DP110561.jpg,0,,,
327012,Stamp seal,Stamp seal,ca. 3rd–7th century CE,Sasanian,,,Chalcedony,0.95 x 0.79 x 1.1 in. (2.41 x 2.01 x 2.79 cm),Sasanian,,Iran,,Women,,,,,,,Ancient Near Eastern Art,,,False,True,https://www.metmuseum.org/art/collection/search/327012,https://images.metmuseum.org/CRDImages/an/original/DP-31622-001.jpg,3,,,
326234,Pin,Pin,ca. 7th century BCE,Iron Age,,,Bronze,4.89 in. (12.42 cm),Edomite,,Levant,,,,,,,,,Ancient Near Eastern Art,,,False,True,https://www.metmuseum.org/art/collection/search/326234,https://images.metmuseum.org/CRDImages/an/original/ME1977_234_2.jpg,0,,,
324635,Beads,Beads,ca. 9th–7th century BCE,Neo-Assyrian,,,Stone,L. 34.6 cm,Assyrian,,Mesopotamia,,,,,,,,,Ancient Near Eastern Art,,,False,True,https://www.metmuseum.org/art/collection/search/324635,https://images.metmuseum.org/CRDImages/an/original/DP-40498-001.jpg,0,,,
321707,"Cuneiform tablet: inventory account, Ebabbar archive",Cuneiform tablet,ca. 7th–6th century BCE,Neo-Babylonian,,,Clay,1.25 x 2.13 x .75 in. (3.2 x 5.4 x 1.9 cm),Babylonian,,Mesopotamia,,,,,,,,,Ancient Near Eastern Art,,,False,True,https://www.metmuseum.org/art/collection/search/321707,https://images.metmuseum.org/CRDImages/an/original/ME86_11_113.jpg,1,,,
324927,Furniture plaque carved in relief with warrior holding lotuses,Relief,ca. 8th century BCE,Neo-Assyrian,,,Ivory,11.38 x 2.72 x 0.2 in. (28.91 x 6.91 x 0.51 cm),Assyrian,,Mesopotamia,,Men|Lions|Lotuses,,,,,,,Ancient Near Eastern Art,,,False,True,https://www.metmuseum.org/art/collection/search/324927,https://images.metmuseum.org/CRDImages/an/original/DP110644.jpg,0,https://www.wikidata.org/wiki/Q116282413,,
322723,Bowl,Bowl,ca. 3rd–7th century CE,Sasanian,,,Glass,2.5 x 1.37 in. (6.35 x 3.48 cm),Sasanian,,Mesopotamia,,,,,,,,,Ancient Near Eastern Art,,,False,True,https://www.metmuseum.org/art/collection/search/322723,https://images.metmuseum.org/CRDImages/an/original/DP-40699-001.jpg,1,,,
326192,Pot,Pot,ca. 9th century BCE,"Iron Age II, Hasanlu Period IV",,,Ceramic,4.72 in. (11.99 cm),Iran,,Iran,,,,,,,,,Ancient Near Eastern Art,,,False,True,https://www.metmuseum.org/art/collection/search/326192,https://images.metmuseum.org/CRDImages/an/original/ME1976_233_19.jpg,0,,,
325321,Beads,Beads,ca. 9th century BCE,"Iron Age II, Hasanlu Period IV",,,"Shell, stone",29.92 in. (76 cm),Iran,,Iran,,,,,,,,,Ancient Near Eastern Art,,,False,True,https://www.metmuseum.org/art/collection/search/325321,https://images.metmuseum.org/CRDImages/an/original/DP122548.jpg,0,,,
325057,Harness or bridle fittings,Harness or bridle fittings,ca. 9th century BCE,"Iron Age II, Hasanlu Period IV",,,Bronze,"a) 1 1/8 x 1 5/16 x 11/16 in. (2.9 x 3.4 x 1.8 cm)
b) 1 1/8 x 1 1/8 x 3/4 in. (2.9 x 2.9 x 1.9 cm)",Iran,,Iran,,,,,,,,,Ancient Near Eastern Art,,,False,True,https://www.metmuseum.org/art/collection/search/325057,https://images.metmuseum.org/CRDImages/an/original/DP-39447-002.jpg,1,,,
321448,Cylinder seal,Cylinder seal,ca. 16th–13th century BCE,Late Cypriot,,,Hematite,0.89 in. (2.26 cm),Cypriot,,Cyprus,,Birds,,,,,,,Ancient Near Eastern Art,,,False,True,https://www.metmuseum.org/art/collection/search/321448,https://images.metmuseum.org/CRDImages/an/original/DP-39878-001.jpg,3,,,
326992,"Stamp seal (ovoid, in grooved mount with loop handle) with cartouches",Stamp seal,9th–7th century BCE,Iron Age II,,,"Steatite, white; copper alloy mount","Seal Face: 1.78 x 1.25 cm with mount
Height: 1.68 cm",Phoenician,,Levant or Syria,,Scarabs,,,,,,,Ancient Near Eastern Art,,,False,True,https://www.metmuseum.org/art/collection/search/326992,https://images.metmuseum.org/CRDImages/an/original/ss1984_383_31.jpg,0,,,
322631,Roundel with radiating palmettes,Roundel,ca. 6th century CE,Sasanian,,,Stucco,Diam. 42 in. (106.7 cm),Sasanian,,Mesopotamia,,Palmettes,,,,,,,Ancient Near Eastern Art,,,False,True,https://www.metmuseum.org/art/collection/search/322631,https://images.metmuseum.org/CRDImages/an/original/DP222636.jpg,0,,,
322750,Bowl,Bowl,ca. 3rd–7th century CE,Sasanian,,,Ceramic,1 11/16 x 5 x 7/16 in. (4.3 x 12.7 x 1.1 cm),Sasanian,,Mesopotamia,,,,,,,,,Ancient Near Eastern Art,,,False,True,https://www.metmuseum.org/art/collection/search/322750,https://images.metmuseum.org/CRDImages/an/original/me32_150_173.jpg,0,,,
323413,Sealing,Sealing,ca. 7th century CE,Sasanian,,,Un-baked clay,0.67 in. (1.7 cm),Sasanian,,Iran,,,,,,,,,Ancient Near Eastern Art,,,False,True,https://www.metmuseum.org/art/collection/search/323413,https://images.metmuseum.org/CRDImages/an/original/ME36_30_192.jpg,0,,,
326153,Bowl,Bowl,ca. 7th century BCE,Iron Age III,,,Ceramic,3.86 x 7.95 in. (9.8 x 20.19 cm),Iran,,Iran,,,,,,,,,Ancient Near Eastern Art,,,False,True,https://www.metmuseum.org/art/collection/search/326153,https://images.metmuseum.org/CRDImages/an/original/ME1974_105_6.jpg,0,,,
324628,"Drinking vessel (""istikan"")",Vessel,ca. 9th–7th century BCE,Neo-Assyrian,,,Ceramic,2.09 in. (5.31 cm),Assyrian,,Mesopotamia,,,,,,,,,Ancient Near Eastern Art,,,False,True,https://www.metmuseum.org/art/collection/search/324628,https://images.metmuseum.org/CRDImages/an/original/ME57_27_34.jpg,0,,,
891617,Jug with Assyrian-inspired decoration,Jug,Patent registered 1851,Victorian,,,Porcelain,H. 6 5/16 in. (16 cm),British,,,,,,,,,,,Ancient Near Eastern Art,,,False,True,https://www.metmuseum.org/art/collection/search/891617,https://images.metmuseum.org/CRDImages/an/original/DP-33293-002.jpg,5,,,
324502,Cylinder seal,Cylinder seal,ca. 15th–14th century BCE,Mitanni,,,Stone,0.87 in. (2.21 cm),Mitanni,,,,Birds|Fish,,,,,,,Ancient Near Eastern Art,,,False,True,https://www.metmuseum.org/art/collection/search/324502,https://images.metmuseum.org/CRDImages/an/original/ss56_81_10.jpg,0,,,
324554,Forgery handle or attachment,Handle or attachment,0,Modern,,,Gold,4.12 in. (10.46 cm),,,,,Rams,,,,,,,Ancient Near Eastern Art,,,False,True,https://www.metmuseum.org/art/collection/search/324554,https://images.metmuseum.org/CRDImages/an/original/DP-30798-001.jpg,1,,,
326404,Stamp seal,Stamp seal,ca. late 3rd–early 2nd millennium BCE,Bronze Age,,,Copper alloy,1.38 x 1.06 in. (3.51 x 2.69 cm),Bactria-Margiana Archaeological Complex,,Bactria-Margiana,,,,,,,,,Ancient Near Eastern Art,,,False,True,https://www.metmuseum.org/art/collection/search/326404,https://images.metmuseum.org/CRDImages/an/original/ss1983_535_86.jpg,0,,,
323051,Spoon,Spoon,ca. 3rd–7th century CE,Sasanian,,,Bronze or copper,7.62 in. (19.35 cm),Sasanian,,Iran,,,,,,,,,Ancient Near Eastern Art,,,False,True,https://www.metmuseum.org/art/collection/search/323051,https://images.metmuseum.org/CRDImages/an/original/DP-35578-001.jpg,0,,,
323280,Sealing,Sealing,ca. 7th century CE,Sasanian,,,Un-baked clay,0.91 in. (2.31 cm),Sasanian,,Iran,,,,,,,,,Ancient Near Eastern Art,,,False,True,https://www.metmuseum.org/art/collection/search/323280,https://images.metmuseum.org/CRDImages/an/original/ME36_30_251.jpg,0,,,
323959,Cup,Cup,ca. 2000–1600 BCE,Middle Bronze Age,,,Ceramic,2.52 in. (6.4 cm),Iran,,"Iran, Luristan",,,,,,,,,Ancient Near Eastern Art,,,False,True,https://www.metmuseum.org/art/collection/search/323959,https://images.metmuseum.org/CRDImages/an/original/ME43_89_17.jpg,0,,,
327079,Cylinder seal,Cylinder seal,ca. 18th–17th century BCE,Middle Bronze Age,,,"Hematite, black",H. 2 cm x Diam. 1 cm,Syrian,,Syria,,Birds,,,,,,,Ancient Near Eastern Art,,,False,True,https://www.metmuseum.org/art/collection/search/327079,https://images.metmuseum.org/CRDImages/an/original/ss1985_192_10.jpg,0,,,
326117,Bowl rim sherd,Bowl,ca. late 3rd millennium BCE,Early Bronze Age,,,Ceramic,3.15 x 5.71 in. (8 x 14.5 cm),,,Mesopotamia,,,,,,,,,Ancient Near Eastern Art,,,False,True,https://www.metmuseum.org/art/collection/search/326117,https://images.metmuseum.org/CRDImages/an/original/DP-29110-001.jpg,1,,,
328915,"Cuneiform tablet impressed with three seals: fragment, content uncertain",Cuneiform tablet,ca. mid-5th–mid-4th century BCE,Achaemenid,,,Clay,2.1 x 5.5 x 2.2 cm (7/8 x 2 1/8 x 7/8 in.),Achaemenid,,Mesopotamia,,,,,,,,,Ancient Near Eastern Art,,,False,True,https://www.metmuseum.org/art/collection/search/328915,https://images.metmuseum.org/CRDImages/an/original/ME86_11_559.jpg,1,,,
323924,Stamp seal (loaf-shaped hemispheroid) with animal,Stamp seal,ca. 7th–6th century BCE (?),,,,Banded carnelian (Quartz),H. 7/8 × W. 9/16 × D. 1/2 in. (2.2 × 1.4 × 1.3 cm),Southwest Arabian,,Southwestern Arabia,,Horses,,,,,,,Ancient Near Eastern Art,,,False,True,https://www.metmuseum.org/art/collection/search/323924,https://images.metmuseum.org/CRDImages/an/original/seal1.jpg,0,,,
326214,Harness or bridle ornament (?),Harness or bridle ornament (?),ca. 9th century BCE,"Iron Age II, Hasanlu Period IV",,,Bronze,3.07 x 2.24 in. (7.8 x 5.69 cm),Iran,,Iran,,,,,,,,,Ancient Near Eastern Art,,,False,True,https://www.metmuseum.org/art/collection/search/326214,https://images.metmuseum.org/CRDImages/an/original/ME1976_233_41.jpg,0,,,
327641,Cylinder seal,Cylinder seal,ca. early 2nd millennium BCE,Old Babylonian,,,Hematite,H.  1 in. (2.5 cm);  Diam.  7/16 in. (1.1 cm),Babylonian,,Mesopotamia,,,,,,,,,Ancient Near Eastern Art,,,False,True,https://www.metmuseum.org/art/collection/search/327641,https://images.metmuseum.org/CRDImages/an/original/DP-37399-001.jpg,3,,,
322500,Belt clasp,Belt clasp,ca. 1st–2nd century CE,,,,"Bronze, brass",4 15/16 × 5 3/8 × 7/8 in. (12.6 × 13.6 × 2.2 cm),,,Transcaucasia,,Animals,,,,,,,Ancient Near Eastern Art,,,False,True,https://www.metmuseum.org/art/collection/search/322500,https://images.metmuseum.org/CRDImages/an/original/DP-25833-001.jpg,1,,,
325377,Tripartite vessel,Vessel,ca. 2700–2400 BCE,Early Bronze Age II,,,Ceramic,5 9/16 × 6 15/16 × 6 15/16 in. (14.2 × 17.7 × 17.7 cm),Yortan,,Northwestern Anatolia,,,,,,,,,Ancient Near Eastern Art,,,False,True,https://www.metmuseum.org/art/collection/search/325377,https://images.metmuseum.org/CRDImages/an/original/DP-26831-001.jpg,1,https://www.wikidata.org/wiki/Q116282335,,
322435,Sherds,Sherds,ca. 3rd–7th century CE,Sasanian,,,"Ceramic, red slip","a) 6.8 cm x 7.1 cm x Th. 1.1cm
b) 5.8 cm x 5.3 cm x Th. 1.2 cm",Sasanian,,Iran,,,,,,,,,Ancient Near Eastern Art,,,False,True,https://www.metmuseum.org/art/collection/search/322435,https://images.metmuseum.org/CRDImages/an/original/VS36_30_57A.JPG,0,,,
321517,Stamp seal (duck-shaped) with divine symbol,Stamp seal,7th–6th century BCE,Neo-Assyrian / Neo-Babylonian,,,Variegated and mottled brown and neutral Chalcedony (Quartz),"Seal Face: 1.98 x 1.0 cm
Height: 1.16 cm
String Hole: 0.33-0.23",Assyro-Babylonian,,Mesopotamia,,,,,,,,,Ancient Near Eastern Art,,,False,True,https://www.metmuseum.org/art/collection/search/321517,https://images.metmuseum.org/CRDImages/an/original/ss74_51_4439.jpg,0,,,
323412,Sealing,Sealing,ca. 7th century CE,Sasanian,,,Un-baked clay,0.59 in. (1.5 cm),Sasanian,,Iran,,,,,,,,,Ancient Near Eastern Art,,,False,True,https://www.metmuseum.org/art/collection/search/323412,https://images.metmuseum.org/CRDImages/an/original/ME36_30_191.jpg,0,,,
327463,Vessel fragment in the form of a nude female,Vessel,ca. 8th–7th century BCE,Neo-Elamite,,,"Ceramic, paint",5.12 in. (13 cm),Elamite,,Southwestern Iran,,Female Nudes,,,,,,,Ancient Near Eastern Art,,,False,True,https://www.metmuseum.org/art/collection/search/327463,https://images.metmuseum.org/CRDImages/an/original/DP-40780-002.jpg,2,,,
326994,Stamp seal (scaraboid) with monster,Stamp seal,8th–7th century BCE or later,Iron Age II or later,,,Calcite,"Seal Face; 2.21 x 1.74 cm
Height: 1.03 cm
String Hole: 0.35",Phoenician,,Levant or Syria,,Sphinx,,,,,,,Ancient Near Eastern Art,,,False,True,https://www.metmuseum.org/art/collection/search/326994,https://images.metmuseum.org/CRDImages/an/original/ss1984_383_33.jpg,0,,,
322782,Button,Button,ca. 3rd–7th century CE,Sasanian,,,Shell,Diam. 2.8 cm x D. .4 cm,Sasanian,,Mesopotamia,,,,,,,,,Ancient Near Eastern Art,,,False,True,https://www.metmuseum.org/art/collection/search/322782,https://images.metmuseum.org/CRDImages/an/original/DP-40707-001.jpg,0,,,
329636,Stud,Stud,ca. 9th century BCE,"Iron Age II, Hasanlu Period IV",,,"Copper, bronze",Diam. 2.4 cm x D. 0.9 cm,Iran,,Iran,,,,,,,,,Ancient Near Eastern Art,,,False,True,https://www.metmuseum.org/art/collection/search/329636,https://images.metmuseum.org/CRDImages/an/original/DP-38826-001.jpg,2,,,
326446,Stamp seal,Stamp seal,ca. 5th–7th century CE,Sasanian,,,Stone,0.39 x 0.43 x 0.51 in. (0.99 x 1.09 x 1.3 cm),Sasanian,,Iran,,,,,,,,,Ancient Near Eastern Art,,,False,True,https://www.metmuseum.org/art/collection/search/326446,https://images.metmuseum.org/CRDImages/an/original/ss1986_311_29.jpg,0,,,
323163,Nude female figure,Sculpture,ca. 8th–7th century BCE,Iron Age II,,,Ceramic,7 1/4 × 3 7/16 × 2 5/8 in. (18.4 × 8.8 × 6.7 cm),Israelite,,Levant,,Female Nudes,,,,,,,Ancient Near Eastern Art,,,True,True,https://www.metmuseum.org/art/collection/search/323163,https://images.metmuseum.org/CRDImages/an/original/DP-42289-001.jpg,3,https://www.wikidata.org/wiki/Q29384435,,
328096,Drachm,,ca. 78–110 CE,Parthian,,,Silver,"Thickness: 1/16 in. (0.2 cm)
Diameter: 13/16 in. (2 cm)",Parthian,,Iran,,,,,,,,,Ancient Near Eastern Art,,,False,True,https://www.metmuseum.org/art/collection/search/328096,https://images.metmuseum.org/CRDImages/an/original/DP-40316-001.jpg,1,,,
327809,Cylinder seal and modern impression: animal-headed divinities with prey,Cylinder seal,ca. 14th century BCE,Late Cypriot II,,,Hematite,H.  7/8 in. (2.2 cm);  Diam.  5/16 in. (0.8 cm),Cypriot,,Cyprus,,Animals,,,,,,,Ancient Near Eastern Art,,,False,True,https://www.metmuseum.org/art/collection/search/327809,https://images.metmuseum.org/CRDImages/an/original/DP-38268-001.jpg,5,https://www.wikidata.org/wiki/Q116282323,,
325821,Decorated ring,Ring,2nd millennium BCE or ca. 8th century BCE,,,,Bronze,4.8 in. (12.19 cm),Anatolia,,Anatolia,,Birds,,,,,,,Ancient Near Eastern Art,,,False,True,https://www.metmuseum.org/art/collection/search/325821,"https://images.metmuseum.org/CRDImages/an/original/ME65_227_1,2.jpg",0,,,
326962,Cylinder seal,Cylinder seal,ca. 3100–2900 BCE,Jemdet Nasr,,,Talc,0.75 in. (1.91 cm),,,Mesopotamia,,,,,,,,,Ancient Near Eastern Art,,,False,True,https://www.metmuseum.org/art/collection/search/326962,https://images.metmuseum.org/CRDImages/an/original/ss1984_383_1.jpg,0,,,
327462,Vessel with a handle in the form of a ram,Vessel,5th–3rd century BCE,Achaemenid or Parthian,,,"Ceramic, paint",7 5/8 × 7 11/16 × 4 15/16 in. (19.3 × 19.6 × 12.5 cm),Iran,,Southwestern Iran,,Rams,,,,,,,Ancient Near Eastern Art,,,False,True,https://www.metmuseum.org/art/collection/search/327462,https://images.metmuseum.org/CRDImages/an/original/DP-26489-002.jpg,1,,,
324565,Scarab seal ring with Hyksos-period an-ra inscription,Stamp seal ring,ca. 1700–1560 BCE,"Dynasty 15-17, 2nd Intermediate Period, Hyksos",,,"Steatite, cream colored, bronze (?)","Diameter of Ring, outer: 2.84 cm
Seal Face: 1.37 x 2.0 cm
Height: 0.87 cm",,,Levant,,,,,,,,,Ancient Near Eastern Art,,,False,True,https://www.metmuseum.org/art/collection/search/324565,https://images.metmuseum.org/CRDImages/an/original/ss56_152_11.jpg,0,,,
326249,Bead,Bead,ca. 1000–800 BCE,Iron Age II,,,Stone,0.26 in. (0.66 cm),Edomite,,Levant,,,,,,,,,Ancient Near Eastern Art,,,False,True,https://www.metmuseum.org/art/collection/search/326249,https://images.metmuseum.org/CRDImages/an/original/ME1977_234_18.jpg,0,,,
322380,Funerary relief,Funerary relief,ca. 172,,,,Limestone,20 5/8 × 15 5/8 × 4 3/8 in. (52.4 × 39.7 × 11.1 cm),,,Syria,,Men,,,,,,,Ancient Near Eastern Art,,,False,True,https://www.metmuseum.org/art/collection/search/322380,https://images.metmuseum.org/CRDImages/an/original/DP-12981-001.jpg,0,https://www.wikidata.org/wiki/Q116282560,,
323309,Sealing,Sealing,ca. 7th century CE,Sasanian,,,Un-baked clay,0.94 in. (2.39 cm),Sasanian,,Iran,,,,,,,,,Ancient Near Eastern Art,,,False,True,https://www.metmuseum.org/art/collection/search/323309,https://images.metmuseum.org/CRDImages/an/original/ME36_30_88.jpg,0,,,
323626,Sherd,Sherd,ca. 4000–3500 BCE,Chalcolithic,,,"Ceramic, glaze",3.94 x 0.16 in. (10.01 x 0.41 cm),Iran,,Iran,,,,,,,,,Ancient Near Eastern Art,,,False,True,https://www.metmuseum.org/art/collection/search/323626,https://images.metmuseum.org/CRDImages/an/original/DP-28730-001.jpg,1,,,
327090,Conoid seal with pinched apex,Stamp seal,ca. 3600–2900 BCE,Late Uruk–Jemdet Nasr,,,"Chlorite or steatite, black","Seal face: 2.91 x 2.96 cm
Height: 1.4 cm
String Hole: 0.2 cm",,,Northern Syria or northern Mesopotamia,,,,,,,,,Ancient Near Eastern Art,,,False,True,https://www.metmuseum.org/art/collection/search/327090,https://images.metmuseum.org/CRDImages/an/original/ss1985_192_21.jpg,0,,,
326468,Bead,Bead,ca. 1st century BCE–1st century CE,Parthian,,,Bone,1.34 in. (3.4 cm),Parthian,,Iran,,,,,,,,,Ancient Near Eastern Art,,,False,True,https://www.metmuseum.org/art/collection/search/326468,https://images.metmuseum.org/CRDImages/an/original/DP-40350-001.jpg,0,,,
324553,Vessel terminating in the head of an antelope,Vessel,ca. 8th–7th century BCE,Iron Age III,,,Glazed ceramic,11.75 in. (29.85 cm),Iran,,Iran,,Animals,,,,,,,Ancient Near Eastern Art,,,False,True,https://www.metmuseum.org/art/collection/search/324553,https://images.metmuseum.org/CRDImages/an/original/DP-34190-001.jpg,2,,,
327082,Cylinder seal,Cylinder seal,ca. 19th–17th century BCE,Old Babylonian,,,"Stone, black",0.85 in. (2.16 cm),Babylonian,,Mesopotamia,,Men|Lions,,,,,,,Ancient Near Eastern Art,,,False,True,https://www.metmuseum.org/art/collection/search/327082,https://images.metmuseum.org/CRDImages/an/original/ss1985_192_13.jpg,0,,,
323024,Jug,Jug,ca. 3rd–7th century CE,Sasanian,,,Ceramic,7.87 in. (19.99 cm),Sasanian,,Iran,,,,,,,,,Ancient Near Eastern Art,,,False,True,https://www.metmuseum.org/art/collection/search/323024,https://images.metmuseum.org/CRDImages/an/original/me34_107_52.jpg,0,,,
323640,Sherd,Sherd,ca. 3100–2500 BCE,Early Bronze Age,,,"Ceramic, paint",2.48 x 0.2 in. (6.3 x 0.51 cm),Iran,,Iran,,,,,,,,,Ancient Near Eastern Art,,,False,True,https://www.metmuseum.org/art/collection/search/323640,https://images.metmuseum.org/CRDImages/an/original/DP-28744-001.jpg,2,,,
324883,Inlay: dancing man,Inlay,ca. 2600–2350 BCE,Early Dynastic III,,,Shell,1.81 x 0.94 x 0.24 in. (4.6 x 2.39 x 0.61 cm),Sumerian,,Mesopotamia,,Men|Dancing,,,,,,,Ancient Near Eastern Art,,,False,True,https://www.metmuseum.org/art/collection/search/324883,https://images.metmuseum.org/CRDImages/an/original/DP122513.jpg,0,,,
891663,Belt with Assyrian-inspired decoration,Belt,second half of nineteenth century,Victorian,,,Bronze,1 7/8 × 26 5/8 × 1/2 in. (4.7 × 67.6 × 1.2 cm),British or French,,,,,,,,,,,Ancient Near Eastern Art,,,False,True,https://www.metmuseum.org/art/collection/search/891663,https://images.metmuseum.org/CRDImages/an/original/DP-33323-001.jpg,1,,,
326876,Compartmented stamp seal,Stamp seal,ca. late 3rd–early 2nd millennium BCE,Bronze Age,,,Copper alloy,1 3/4 in. (4.4 cm),Bactria-Margiana Archaeological Complex,,Bactria-Margiana,,,,,,,,,Ancient Near Eastern Art,,,False,True,https://www.metmuseum.org/art/collection/search/326876,https://images.metmuseum.org/CRDImages/an/original/SS1983_535_137.jpg,0,,,
322809,Plaque,Plaque,ca. 3rd–7th century CE,Sasanian,,,Glass,1.25 x 0.75 in. (3.18 x 1.91 cm),Sasanian,,Mesopotamia,,,,,,,,,Ancient Near Eastern Art,,,False,True,https://www.metmuseum.org/art/collection/search/322809,https://images.metmuseum.org/CRDImages/an/original/DP-40719-001.jpg,1,,,
328904,"Cuneiform tablet case impressed with three cylinder seals, for cuneiform tablet 66.245.14a: loan of silver",Cuneiform tablet case,ca. 20th–19th century BCE,Middle Bronze Age–Old Assyrian Trading Colony,,,Clay,5.3 x 4.3 x 2.9 cm (2 1/8 x 1 3/4 x 1 1/8 in.),Old Assyrian Trading Colony,,Anatolia,,,,,,,,,Ancient Near Eastern Art,,,False,True,https://www.metmuseum.org/art/collection/search/328904,https://images.metmuseum.org/CRDImages/an/original/ME66_245_14b.jpg,5,,,
325642,Axe head,Axe,3rd millennium BCE,Early Bronze Age,,,"Stone, dark green",2.76 x 8.35 in. (7.01 x 21.21 cm),,,Anatolia,,,,,,,,,Ancient Near Eastern Art,,,False,True,https://www.metmuseum.org/art/collection/search/325642,https://images.metmuseum.org/CRDImages/an/original/ME63_147_5.jpg,0,,,
326983,Cylinder seal with cultic scene,Cylinder seal,late 8th–7th century BCE,Neo-Assyrian,,,"Neutral Chalcedony (Quartz), possibly etched to produce white mottling",1.16 in. (2.95 cm),Assyrian,,Mesopotamia,,,,,,,,,Ancient Near Eastern Art,,,False,True,https://www.metmuseum.org/art/collection/search/326983,https://images.metmuseum.org/CRDImages/an/original/ss1984_383_22.jpg,0,,,
327405,Ingot with Hittite hieroglyphs,Ingot,ca. 14th–13th century BCE,Hittite Empire,,,Silver,3.07 x 3.54 in. (7.8 x 8.99 cm),Hittite,,Central Anatolia,,,,,,,,,Ancient Near Eastern Art,,,False,True,https://www.metmuseum.org/art/collection/search/327405,https://images.metmuseum.org/CRDImages/an/original/DP109165.jpg,0,https://www.wikidata.org/wiki/Q116241675,,
326588,Openwork rattle bell,Rattle bell,ca. 9th–8th century BCE,Iron Age II-III,,,Bronze,4.06 in. (10.31 cm),Iran,,Western Iran,,,,,,,,,Ancient Near Eastern Art,,,False,True,https://www.metmuseum.org/art/collection/search/326588,https://images.metmuseum.org/CRDImages/an/original/ME1978_514_14.jpg,0,,,
325487,Rod,Rod,4th millennium BCE,Uruk,,,Bronze,8.82 in. (22.4 cm),,,Mesopotamia,,,,,,,,,Ancient Near Eastern Art,,,False,True,https://www.metmuseum.org/art/collection/search/325487,https://images.metmuseum.org/CRDImages/an/original/ME62_70_82.jpg,0,,,
321873,"Cuneiform tablet: account of delivery of field rent, Ebabbar archive",Cuneiform tablet,ca. 7th–6th century BCE,Neo-Babylonian (?),,,Clay,0.67 x 0.79 x 1.3 in. (1.7 x 2.01 x 3.3 cm),Babylonian (?),,Mesopotamia,,,,,,,,,Ancient Near Eastern Art,,,False,True,https://www.metmuseum.org/art/collection/search/321873,https://images.metmuseum.org/CRDImages/an/original/vs86.11.502.jpg,1,,,
322112,Figure of a standing woman,Sculpture,ca. 2nd century BCE–2nd century CE,Parthian,,,Gypsum alabaster,10 5/8 in. × 4 in. × 1 7/8 in. (27 × 10.1 × 4.7 cm),Parthian,,Mesopotamia,,Female Nudes,,,,,,,Ancient Near Eastern Art,,,False,True,https://www.metmuseum.org/art/collection/search/322112,https://images.metmuseum.org/CRDImages/an/original/DP-15732-007.jpg,1,,,
326168,Adze head,Adze,ca. 7th–6th century BCE,Iron Age III,,,Bronze,1.73 x 0.2 x 5.43 in. (4.39 x 0.51 x 13.79 cm),Iran,,Iran,,,,,,,,,Ancient Near Eastern Art,,,False,True,https://www.metmuseum.org/art/collection/search/326168,https://images.metmuseum.org/CRDImages/an/original/DP-39451-001.jpg,1,,,
327733,Cylinder seal,Cylinder seal,ca. 1820–1730 BCE,Old Syrian,,,Hematite,H.  3/4 in.  (1.9 cm);  Diam.  7/16 in.  (1.1 cm),,,Syria,,,,,,,,,Ancient Near Eastern Art,,,False,True,https://www.metmuseum.org/art/collection/search/327733,https://images.metmuseum.org/CRDImages/an/original/DP-37877-001.jpg,3,,,
323332,Sealing,Sealing,ca. 7th century CE,Sasanian,,,Un-baked clay,0.67 in. (1.7 cm),Sasanian,,Iran,,,,,,,,,Ancient Near Eastern Art,,,False,True,https://www.metmuseum.org/art/collection/search/323332,https://images.metmuseum.org/CRDImages/an/original/ME36_30_111.jpg,0,,,
322551,Cylinder seal,Cylinder seal,early 2nd millennium BCE,Middle Bronze Age–Old Assyrian Trading Colony,,,Serpentine,0.87 in. (2.21 cm),Old Assyrian Trading Colony,,Anatolia,,,,,,,,,Ancient Near Eastern Art,,,False,True,https://www.metmuseum.org/art/collection/search/322551,https://images.metmuseum.org/CRDImages/an/original/DP-39886-001.jpg,3,,,
323229,Drain pipe,Drain pipe,ca. 3rd–7th century CE,Sasanian,,,Ceramic,Diam. 7.9 cm max. x L. 9-1/4 in.,Sasanian,,Iran,,,,,,,,,Ancient Near Eastern Art,,,False,True,https://www.metmuseum.org/art/collection/search/323229,https://images.metmuseum.org/CRDImages/an/original/vs36_30_38.jpg,0,,,
891625,"""Nimrod"" flower vase",Vase,after 1868,Victorian,,,Unglazed porcelain (Parian ware),H. 6 1/2 × L. 2 3/4 in. (16.5 × 7 cm),British,,,,,,,,,,,Ancient Near Eastern Art,,,False,True,https://www.metmuseum.org/art/collection/search/891625,https://images.metmuseum.org/CRDImages/an/original/DP-33285-001.jpg,2,,,
325394,Stamp seal,Stamp seal,ca. 3rd–7th century CE,Sasanian,,,Plasma (transulcent quartz),0.47 in. (1.19 cm),Sasanian,,Iran,,Pegasus,,,,,,,Ancient Near Eastern Art,,,False,True,https://www.metmuseum.org/art/collection/search/325394,https://images.metmuseum.org/CRDImages/an/original/SS62_66_15.jpg,0,,,
327345,Mirror with a handle terminating in griffins,Mirror,ca. 3rd–4th century,Parthian–early Sasanian,,,Bronze,2.07 in. (5.26 cm),Parthian or Sasanian,,Central Asia or Iran,,Griffins,,,,,,,Ancient Near Eastern Art,,,False,True,https://www.metmuseum.org/art/collection/search/327345,https://images.metmuseum.org/CRDImages/an/original/sd1988_102_21.jpg,0,,,
327591,Linen pants,Pants,ca. 7th–9th century CE,,,,Linen,24 x 42 in. (60.96 x 106.68 cm),Alanic,,Caucasus region,,,,,,,,,Ancient Near Eastern Art,,,False,True,https://www.metmuseum.org/art/collection/search/327591,https://images.metmuseum.org/CRDImages/an/original/sd1999_153_43.jpg,0,,,
327299,Scaraboid seal,Stamp seal,2150–2030 BCE,First Intermediate Period,,,Stone,"Seal Face: 1.35 x 1.26 cm
Height: 0.7 cm
String Hole: 0.3 cm",Egyptian,,Egypt,,,,,,,,,Ancient Near Eastern Art,,,False,True,https://www.metmuseum.org/art/collection/search/327299,https://images.metmuseum.org/CRDImages/an/original/ss1987_96_21.jpg,0,,,
324091,Plate and cup,Plate and cup,mid 6th–5th millennium BCE,Ubaid,,,Ceramic,3 11/16 × 3 5/8 × 3 5/8 in. (9.3 × 9.2 × 9.2 cm),Ubaid,,Mesopotamia,,,,,,,,,Ancient Near Eastern Art,,,False,True,https://www.metmuseum.org/art/collection/search/324091,https://images.metmuseum.org/CRDImages/an/original/ME49_133_7.jpg,0,,,
323521,Furniture element,Furniture element,ca. 18th century BCE,Middle Bronze Age–Old Assyrian Trading Colony,,,Ivory (hippopotamus),H. 1.3 cm x Diam. 2.7 cm,Old Assyrian Trading Colony,,Anatolia,,,,,,,,,Ancient Near Eastern Art,,,False,True,https://www.metmuseum.org/art/collection/search/323521,https://images.metmuseum.org/CRDImages/an/original/vs36_70_21a.jpg,0,,,
322481,Cup,Cup,2nd millennium BCE (?),Bronze Age (?),,,Ivory,"H. 2-3/4 in. (6.9 cm.), Diam. 2-5/8 in. (6.7 cm.)",Anatolia (?),,Anatolia,,,,,,,,,Ancient Near Eastern Art,,,False,True,https://www.metmuseum.org/art/collection/search/322481,https://images.metmuseum.org/CRDImages/an/original/DP110458.jpg,2,,,
323515,Coin,Coin,684–685 CE/65 A.H.,early Islamic,,,Copper,7/8 in. (2.2 cm),Islamic,,Iran,,,,,,,,,Ancient Near Eastern Art,,,False,True,https://www.metmuseum.org/art/collection/search/323515,https://images.metmuseum.org/CRDImages/an/original/DP-29268-001.jpg,1,,,
322635,Wall decoration with floral and vegetal design,Relief,ca. 6th century CE,Sasanian,,,Stucco,"Set of four: 25 1/2 × 25 1/2 in., 97 lb (64.8 × 64.8 cm)",Sasanian,,Mesopotamia,,Flowers|Leaves,,,,,,,Ancient Near Eastern Art,,,False,True,https://www.metmuseum.org/art/collection/search/322635,https://images.metmuseum.org/CRDImages/an/original/DP232256.jpg,0,,,
321653,Stamp seal (octagonal pyramid) with cultic scene,Stamp seal,late 8th–7th century BCE,Neo-Assyrian,,,"Limestone, yellow","Seal Face: 1.81 x 1.37 cm
Height: 2.15 cm
String Hole: 0.3 cm",Assyrian,,Mesopotamia,,Men,,,,,,,Ancient Near Eastern Art,,,False,True,https://www.metmuseum.org/art/collection/search/321653,https://images.metmuseum.org/CRDImages/an/original/DP-35038-001.jpg,3,,,
322357,Drachm,Coin,ca. 40–51 CE,Parthian,,,Silver,"Thickness 0.23 cm, Diameter 2 cm",Parthian,,Iran,,Men,,,,,,,Ancient Near Eastern Art,,,False,True,https://www.metmuseum.org/art/collection/search/322357,https://images.metmuseum.org/CRDImages/an/original/DP-13132-031.jpg,1,,,
327827,Lobed vessel,Vessel,2nd millennium BCE,,,,Faience,H. 6.8 cm x max. Diam. 4.8 cm,,,Syria,,,,,,,,,Ancient Near Eastern Art,,,False,True,https://www.metmuseum.org/art/collection/search/327827,https://images.metmuseum.org/CRDImages/an/original/sd1999_535_1.jpg,0,,,
326704,Awl,Awl,ca. late 3rd–early 2nd millennium BCE,Bronze Age,,,Copper alloy,3.35 in. (8.51 cm),Bactria-Margiana Archaeological Complex,,Bactria-Margiana,,,,,,,,,Ancient Near Eastern Art,,,False,True,https://www.metmuseum.org/art/collection/search/326704,https://images.metmuseum.org/CRDImages/an/original/ME1982_445_8.jpg,0,,,
324462,Spearhead with bent tang and slotted blade,Spearhead,ca. 2300–2000 BCE,Early Bronze Age III,,,Copper alloy,12.52 x 1.73 in. (31.8 x 4.39 cm),Hattian,,Central Anatolia,,,,,,,,,Ancient Near Eastern Art,,,False,True,https://www.metmuseum.org/art/collection/search/324462,https://images.metmuseum.org/CRDImages/an/original/ME55_137_23.jpg,0,,,
326562,Blade,Blade,ca. 4600–3600 BCE,Chalcolithic,,,Stone,2 x 3.75 in. (5.08 x 9.53 cm),Ghassulian,,Levant,,,,,,,,,Ancient Near Eastern Art,,,False,True,https://www.metmuseum.org/art/collection/search/326562,https://images.metmuseum.org/CRDImages/an/original/DP-41912-001.jpg,1,,,
325619,Goblet,Goblet,ca. 9th century BCE,"Iron Age II, Hasanlu Period IV",,,Ceramic,6.1 in. (15.49 cm),Iran,,Iran,,,,,,,,,Ancient Near Eastern Art,,,False,True,https://www.metmuseum.org/art/collection/search/325619,https://images.metmuseum.org/CRDImages/an/original/ME63_109_12.jpg,0,,,
325438,Pitcher with twisted strap handle,Pitcher,ca. 3800–3600 BCE,Middle Uruk,,,Ceramic,5.91 in. (15.01 cm),,,Mesopotamia,,,,,,,,,Ancient Near Eastern Art,,,False,True,https://www.metmuseum.org/art/collection/search/325438,https://images.metmuseum.org/CRDImages/an/original/DP-15117-030.jpg,0,,,
322498,Openwork pendant,Pendant,ca. 1st–2nd century CE,,,,Bronze (low lead),6 1/16 × 5 1/2 × 1/4 in. (15.4 × 14 × 0.7 cm),,,Transcaucasia,,,,,,,,,Ancient Near Eastern Art,,,False,True,https://www.metmuseum.org/art/collection/search/322498,https://images.metmuseum.org/CRDImages/an/original/DP-38041-001.jpg,1,,,
322298,Stamp seal (scaraboid) with monster,Stamp seal,9th–7th century BCE,Iron Age II,,,"Limestone, olive","Seal Face: 1.82 x 1.77 cm
Height: 0.88 cm
String Hole: .35 cm",Urartian,,Syria or Anatolia,,,,,,,,,Ancient Near Eastern Art,,,False,True,https://www.metmuseum.org/art/collection/search/322298,https://images.metmuseum.org/CRDImages/an/original/ss99_22_29gp.jpg,0,,,
325503,Cuneiform tablet: fragment of an account,Cuneiform tablet,ca. 2600–2350 BCE,Early Dynastic III,,,Clay,2.8 x 4.7 x 1.9 cm (1 1/8 x 1 7/8 x 3/4 in.),Sumerian,,Mesopotamia,,,,,,,,,Ancient Near Eastern Art,,,False,True,https://www.metmuseum.org/art/collection/search/325503,https://images.metmuseum.org/CRDImages/an/original/DP-15117-047.jpg,2,,,
322582,Pendant,Pendant,ca. 8th–7th century BCE,Iron Age III,,,Bronze,1.77 x 1.5 in. (4.5 x 3.81 cm),Iran,,"Iran, probably from Luristan",,Animals,,,,,,,Ancient Near Eastern Art,,,False,True,https://www.metmuseum.org/art/collection/search/322582,https://images.metmuseum.org/CRDImages/an/original/DP-38459-001 .jpg,1,,,
323368,Sealing,Sealing,ca. 7th century CE,Sasanian,,,Un-baked clay,0.75 in. (1.91 cm),Sasanian,,Iran,,,,,,,,,Ancient Near Eastern Art,,,False,True,https://www.metmuseum.org/art/collection/search/323368,https://images.metmuseum.org/CRDImages/an/original/vsz36.30.147a.jpg,0,,,
326980,Cylinder seal and modern impression: war goddess flanked by goddesses with Egyptian-style sun-disk headdress and vertical wings,Cylinder seal,ca. 1720–1650 BCE,Old Syrian,,,Hematite,H. 1.7 cm x Diam. .9 cm,,,Syria,,Goddess,,,,,,,Ancient Near Eastern Art,,,False,True,https://www.metmuseum.org/art/collection/search/326980,https://images.metmuseum.org/CRDImages/an/original/ss1984_383_19.jpg,0,,,
327118,Jar,Jar,7th–6th millennium BCE,Neolithic,,,Calcite alabaster,1.83 in. (4.65 cm),,,Syria,,,,,,,,,Ancient Near Eastern Art,,,False,True,https://www.metmuseum.org/art/collection/search/327118,https://images.metmuseum.org/CRDImages/an/original/VS1985_356_13.jpg,0,,,
327580,Earring,Earring,ca. 7th–9th century CE,,,,"Metal, gold(?)",0.38 x 0.75 in. (0.97 x 1.91 cm),Alanic,,Caucasus region,,,,,,,,,Ancient Near Eastern Art,,,False,True,https://www.metmuseum.org/art/collection/search/327580,https://images.metmuseum.org/CRDImages/an/original/sd1999_153_32.jpg,0,,,
323991,Plaque: bull-men on the obverse; lion attacking a horned animal on the reverse,Relief,ca. 8th–7th century BCE,Iron Age III,,,Ivory,1 9/16 × 4 7/16 × 1/4 in. (3.9 × 11.2 × 0.7 cm),Iran,,"Iran, Luristan",,,,,,,,,Ancient Near Eastern Art,,,False,True,https://www.metmuseum.org/art/collection/search/323991,https://images.metmuseum.org/CRDImages/an/original/DP110526.jpg,1,,,
321491,Stamp seal,Stamp seal,ca. 3rd–7th century CE,Sasanian,,,Agate,0.51 x 0.75 x 0.71 in. (1.3 x 1.91 x 1.8 cm),Sasanian,,Iran or Mesopotamia,,Animals,,,,,,,Ancient Near Eastern Art,,,False,True,https://www.metmuseum.org/art/collection/search/321491,https://images.metmuseum.org/CRDImages/an/original/ss74_51_4413.jpg,0,,,
326862,Compartmented stamp seal,Stamp seal,ca. late 3rd–early 2nd millennium BCE,Bronze Age,,,Copper alloy,,Bactria-Margiana Archaeological Complex,,Bactria-Margiana,,,,,,,,,Ancient Near Eastern Art,,,False,True,https://www.metmuseum.org/art/collection/search/326862,https://images.metmuseum.org/CRDImages/an/original/SS1983_535_123.jpg,0,,,
322170,Stamp seal,Stamp seal,ca. 3rd–7th century CE,Sasanian,,,"Chalcedony, white",0.5 x 0.5 in. (1.27 x 1.27 cm),Sasanian,,Iran or Mesopotamia,,,,,,,,,Ancient Near Eastern Art,,,False,True,https://www.metmuseum.org/art/collection/search/322170,https://images.metmuseum.org/CRDImages/an/original/DP-35079-001.jpg,3,,,
322200,Stamp seal (octagonal pyramid) with cultic scene,Stamp seal,7th–6th century BCE,Neo-Assyrian / Neo-Babylonian,,,Flawed neutral and white Agate (Quartz),"Seal Face: 1.91 x 1.27 cm
Height: 2.63 cm
String Hole: 0.37 cm",Assyro-Babylonian,,Mesopotamia,,,,,,,,,Ancient Near Eastern Art,,,False,True,https://www.metmuseum.org/art/collection/search/322200,https://images.metmuseum.org/CRDImages/an/original/DP-36043-001.jpg,3,,,
324834,Ladle,Ladle,ca. 2nd century BCE–3rd century CE,Parthian,,,Bronze,10.16 in. (25.81 cm),Parthian,,Mesopotamia,,,,,,,,,Ancient Near Eastern Art,,,False,True,https://www.metmuseum.org/art/collection/search/324834,https://images.metmuseum.org/CRDImages/an/original/DP-15621-004.jpg,0,,,
324771,Armor plate,Armor,ca. late 8th–late 7th century BCE,Neo-Assyrian,,,Iron,15/16 x 2 3/4 in. (2.4 x 7 cm),Assyrian,,Mesopotamia,,,,,,,,,Ancient Near Eastern Art,,,False,True,https://www.metmuseum.org/art/collection/search/324771,https://images.metmuseum.org/CRDImages/an/original/ME58_31_34.JPG,0,,,
326150,Two-handled jar,Jar,ca. 7th century BCE,Iron Age III,,,Ceramic,4.61 x 5.47 x 4.45 in. (11.71 x 13.89 x 11.3 cm),Iran,,Iran,,,,,,,,,Ancient Near Eastern Art,,,False,True,https://www.metmuseum.org/art/collection/search/326150,https://images.metmuseum.org/CRDImages/an/original/ME1974_105_3.jpg,0,,,
322693,Relief fragment,Relief,ca. 6th–8th century CE,Sasanian–early Islamic,,,Stucco,5 13/16 × 3 1/2 × 2 5/16 in. (14.8 × 8.9 × 5.8 cm),Sasanian or Islamic,,Mesopotamia,,,,,,,,,Ancient Near Eastern Art,,,False,True,https://www.metmuseum.org/art/collection/search/322693,https://images.metmuseum.org/CRDImages/an/original/DP-25368-001.jpg,0,,,
323627,Sherd,Sherd,ca. 4000–3500 BCE,Chalcolithic,,,"Ceramic, glaze",2.17 x 1.57 in. (5.51 x 3.99 cm),Iran,,Iran,,,,,,,,,Ancient Near Eastern Art,,,False,True,https://www.metmuseum.org/art/collection/search/323627,https://images.metmuseum.org/CRDImages/an/original/DP-28731-001.jpg,1,,,
321979,"Brick with inscription of Nebuchadnezzar II recording his work on Ezida, the temple of the god Nabu at Borsippa",Cuneiform tablet,ca. 604–562 BCE,Neo-Babylonian,,,Clay,1.25 x 4.25 in. (3.18 x 10.8 cm),Babylonian,,Mesopotamia,,,,,,,,,Ancient Near Eastern Art,,,False,True,https://www.metmuseum.org/art/collection/search/321979,https://images.metmuseum.org/CRDImages/an/original/ME86_11_355.jpg,1,,,
322025,Cuneiform tablet: fragment of a table of reciprocals,Cuneiform tablet,ca. late 1st millennium BCE,,,,Clay,1 1/8 x 1 x 1/2 in. (3 x 2.6 x 1.2 cm),,,Mesopotamia,,,,,,,,,Ancient Near Eastern Art,,,False,True,https://www.metmuseum.org/art/collection/search/322025,https://images.metmuseum.org/CRDImages/an/original/ME86_11_407.JPG,1,,,
326470,Bead,Bead,ca. 1st century BCE–1st century CE,Parthian,,,Glass,0.31 in. (0.79 cm),Parthian,,Iran,,,,,,,,,Ancient Near Eastern Art,,,False,True,https://www.metmuseum.org/art/collection/search/326470,https://images.metmuseum.org/CRDImages/an/original/DP-40352-001.jpg,1,,,
326063,Jug,Jug,ca. mid-3rd millennium BCE,Early Bronze Age,,,Ceramic,3.5 in. (8.89 cm),,,Mesopotamia,,,,,,,,,Ancient Near Eastern Art,,,False,True,https://www.metmuseum.org/art/collection/search/326063,https://images.metmuseum.org/CRDImages/an/original/ME1972_222_5.jpg,0,,,
326162,Molded plaque: couple,Relief,ca. 2000–1700 BCE,Isin-Larsa–early Old Babylonian,,,Ceramic,4 1/8 × 2 7/16 × 1 3/8 in. (10.5 × 6.2 × 3.5 cm),Isin-Larsa–Old Babylonian,,Southern Mesopotamia,,Couples,,,,,,,Ancient Near Eastern Art,,,False,True,https://www.metmuseum.org/art/collection/search/326162,https://images.metmuseum.org/CRDImages/an/original/DP-25670-001.jpg,1,https://www.wikidata.org/wiki/Q116407982,,
326932,Earrings,Earrings,2nd–1st millennium BCE,Late Bronze Age,,,Gold,0.87 x 1.06 x 0.91 in. (2.21 x 2.69 x 2.31 cm),Iran,,Iran,,,,,,,,,Ancient Near Eastern Art,,,False,True,https://www.metmuseum.org/art/collection/search/326932,https://images.metmuseum.org/CRDImages/an/original/DP-33045-001.jpg,1,,,
325639,Axe head,Axe,3rd millennium BCE,Early Bronze Age,,,"Limestone or marble, pale green",4.4 x 8.5 in. (11.18 x 21.59 cm),,,Anatolia,,,,,,,,,Ancient Near Eastern Art,,,False,True,https://www.metmuseum.org/art/collection/search/325639,https://images.metmuseum.org/CRDImages/an/original/ME63_147_2.jpg,0,,,
322205,Stamp seal (octagonal pyramid) with cultic scene,Stamp seal,late 8th–6th century BCE,Neo-Assyrian / Neo-Babylonian,,,Flawed neutral Chalcedony (Quartz),"Seal Face: 1.51 x 1.18 cm
Height: 2.03 cm
String Hole: 0.15-0.2 cm",Assyro-Babylonian,,Mesopotamia,,Men,,,,,,,Ancient Near Eastern Art,,,False,True,https://www.metmuseum.org/art/collection/search/322205,https://images.metmuseum.org/CRDImages/an/original/DP-36048-001.jpg,3,,,
322285,Stamp seal (rounded triangular base with loop handle) with anthropomorphic figure and animals,Stamp seal,ca. 9th–7th century BCE,Iron Age II,,,"Steatite, black","Seal Face: 2.87 x 2.39 cm
Height: 1.64 cm
String Hole: 0.5 cm",Syro-Anatolian,,Northern Syria or southeastern Anatolia,,,,,,,,,Ancient Near Eastern Art,,,False,True,https://www.metmuseum.org/art/collection/search/322285,https://images.metmuseum.org/CRDImages/an/original/ss99_22_16gp.jpg,0,,,
325003,Vessel,Vessel,ca. 9th century BCE,"Iron Age II, Hasanlu Period IV",,,Ceramic,7.91 in. (20.09 cm),Iran,,Iran,,,,,,,,,Ancient Near Eastern Art,,,False,True,https://www.metmuseum.org/art/collection/search/325003,https://images.metmuseum.org/CRDImages/an/original/ME60_20_13.jpg,0,,,
323239,Jug,Jug,ca. 9th–10th century CE,early Islamic,,,"Ceramic, glaze","a) 8.8 cm x 9.8 cm x Th. .6 cm
b)10 cm x 9.8 cm x Th. .9 cm
(samples)",Islamic,,Iran,,,,,,,,,Ancient Near Eastern Art,,,False,True,https://www.metmuseum.org/art/collection/search/323239,https://images.metmuseum.org/CRDImages/an/original/VS36_30_49a.jpg,0,,,
324133,Bed model,Bed model,ca. 1900–1600 BCE,Isin-Larsa–Old Babylonian,,,Ceramic,1.5 x 2.75 x 4.87 in. (3.81 x 6.99 x 12.37 cm),Isin-Larsa–Old Babylonian,,Mesopotamia,,Beds,,,,,,,Ancient Near Eastern Art,,,False,True,https://www.metmuseum.org/art/collection/search/324133,https://images.metmuseum.org/CRDImages/an/original/DP-15621-002.jpg,2,https://www.wikidata.org/wiki/Q116407912,,
323505,Coin,Coin,ca. 7th–8th century CE,early Islamic,,,Copper,1 in. (2.6 cm),Islamic,,Iran,,,,,,,,,Ancient Near Eastern Art,,,False,True,https://www.metmuseum.org/art/collection/search/323505,https://images.metmuseum.org/CRDImages/an/original/DP-29263-001.jpg,1,,,
323909,Cylinder seal,Cylinder seal,ca. 19th–16th century BCE,Old Babylonian,,,Limonite,0.89 in. (2.26 cm),Babylonian,,Mesopotamia,,,,,,,,,Ancient Near Eastern Art,,,False,True,https://www.metmuseum.org/art/collection/search/323909,https://images.metmuseum.org/CRDImages/an/original/ss41_160_321.jpg,0,,,
321728,Cuneiform tablet: house rental contract,Cuneiform tablet,ca. 497 BCE,Achaemenid,,,Clay,3.9 x 4.6 x 1.9 cm (1 1/2 x 1 3/4 x 3/4 in.),Achaemenid,,Mesopotamia,,,,,,,,,Ancient Near Eastern Art,,,False,True,https://www.metmuseum.org/art/collection/search/321728,https://images.metmuseum.org/CRDImages/an/original/ME86_11_149.jpg,1,,,
322118,"Stamp seal (octagonal pyramid, worn) with musician",Stamp seal,second half of 8th century BCE,Iron Age II,,,Yellow limestone,"Seal Face; 1.64 x 1.33 cm
Height: 2.08 cm
String Hole: 0.35 cm",Syro-Levantine,,Mesopotamia or Syria (?),,Men|Lyres,,,,,,,Ancient Near Eastern Art,,,False,True,https://www.metmuseum.org/art/collection/search/322118,https://images.metmuseum.org/CRDImages/an/original/DP-36077-001.jpg,3,,,
327068,Cuneiform tablet: messenger tablet,Cuneiform tablet,ca. 2112–2004 BCE,Ur III,,,Clay,1 3/8 x 1 1/8 x 1/2 in. (3.4 x 2.7 x 1.4 cm),Neo-Sumerian,,Mesopotamia,,,,,,,,,Ancient Near Eastern Art,,,False,True,https://www.metmuseum.org/art/collection/search/327068,https://images.metmuseum.org/CRDImages/an/original/ME1985_180_1.jpg,1,,,
324272,Arrowhead,Arrowhead,ca. 7500–4500 BCE (?),Neolithic or Chalcolithic,,,Flint,0.87 x 0.44 in. (2.21 x 1.12 cm),,,Southern Levant,,,,,,,,,Ancient Near Eastern Art,,,False,True,https://www.metmuseum.org/art/collection/search/324272,https://images.metmuseum.org/CRDImages/an/original/me 53_151_2to17group.jpg,0,,,
325141,Unidentified object,Object,ca. 9th century BCE,"Iron Age II, Hasanlu Period IV",,,Stone,1.34 in. (3.4 cm),Iran,,Iran,,,,,,,,,Ancient Near Eastern Art,,,False,True,https://www.metmuseum.org/art/collection/search/325141,https://images.metmuseum.org/CRDImages/an/original/DP-33835-001.jpg,1,,,
322999,Jug,Jug,ca. 3rd–7th century CE,Sasanian,,,Ceramic,8.5 in. (21.59 cm),Sasanian,,Iran,,,,,,,,,Ancient Near Eastern Art,,,False,True,https://www.metmuseum.org/art/collection/search/322999,https://images.metmuseum.org/CRDImages/an/original/me34_107_26.jpg,0,,,
325501,Cuneiform tablet: fragment of an account,Cuneiform tablet,ca. 2600–2350 BCE,Early Dynastic III,,,Clay,4.1 x 5.6 x 2.1 cm (1 5/8 x 2 1/4 x 7/8 in.),Sumerian,,Mesopotamia,,,,,,,,,Ancient Near Eastern Art,,,False,True,https://www.metmuseum.org/art/collection/search/325501,https://images.metmuseum.org/CRDImages/an/original/DP-15117-043.jpg,2,,,
323000,Cooking pot,Pot,ca. 3rd–7th century CE,Sasanian,,,Ceramic,4.25 in. (10.8 cm),Sasanian,,Iran,,,,,,,,,Ancient Near Eastern Art,,,False,True,https://www.metmuseum.org/art/collection/search/323000,https://images.metmuseum.org/CRDImages/an/original/me34_107_27.jpg,0,,,
325014,Beads,Beads,ca. 9th century BCE,"Iron Age II, Hasanlu Period IV",,,Bronze,0.51 in. (1.3 cm),Iran,,Iran,,,,,,,,,Ancient Near Eastern Art,,,False,True,https://www.metmuseum.org/art/collection/search/325014,https://images.metmuseum.org/CRDImages/an/original/DP-38808-001.jpg,0,,,
321540,"Cuneiform tablet: credit document including statement of partnership assets, Egibi archive",Cuneiform tablet,ca. 550 BCE,Neo-Babylonian,,,Clay,5 x 6.4 x 2.5 cm (2 x 2 1/2 x 1 in.),Babylonian,,Mesopotamia,,,,,,,,,Ancient Near Eastern Art,,,False,True,https://www.metmuseum.org/art/collection/search/321540,https://images.metmuseum.org/CRDImages/an/original/ME79_7_18.jpg,1,,,
321427,Cylinder seal,Cylinder seal,ca. 15th–12th century BCE,Late Cypriot,,,Steatite,0.87 in. (2.21 cm),Cypriot,,Cyprus,,Scorpions|Lions|Trees,,,,,,,Ancient Near Eastern Art,,,False,True,https://www.metmuseum.org/art/collection/search/321427,https://images.metmuseum.org/CRDImages/an/original/DP-39705-001.jpg,3,,,
325668,Furniture plaque carved in relief with a griffin in a floral landscape,Relief,ca. 9th–8th century BCE,Neo-Assyrian,,,Ivory,H. 3 1/16 x W. 2 3/8 x Th. 3/8 in. (7.8 x 6.1 x 1 cm),Assyrian,,Mesopotamia,,Griffins|Flowers,,,,,,,Ancient Near Eastern Art,,,False,True,https://www.metmuseum.org/art/collection/search/325668,https://images.metmuseum.org/CRDImages/an/original/DP110706.jpg,0,,,
321704,Cuneiform tablet: explanatory commentary on a list of materia medica,Cuneiform tablet,ca. late 1st millennium BCE,,,,Clay,3 1/8 x 3 3/8 x 1 1/8 in. (7.9 x 8.7 x 2.9 cm),,,Mesopotamia,,,,,,,,,Ancient Near Eastern Art,,,False,True,https://www.metmuseum.org/art/collection/search/321704,https://images.metmuseum.org/CRDImages/an/original/DP-32713-001.jpg,3,,,
325327,Beads,Beads,ca. 9th century BCE,"Iron Age II, Hasanlu Period IV",,,"Glass, Egyptian Blue, glaze",19.29 in. (49 cm),Iran,,Iran,,,,,,,,,Ancient Near Eastern Art,,,False,True,https://www.metmuseum.org/art/collection/search/325327,https://images.metmuseum.org/CRDImages/an/original/DP-33869-001.jpg,0,,,
321828,"Cuneiform tablet: fragment, Ebabbar archive",Cuneiform tablet,ca. 605–562 BCE,Neo-Babylonian,,,Clay,0.83 x 0.98 x 1.5 in. (2.11 x 2.49 x 3.81 cm),Babylonian,,Mesopotamia,,,,,,,,,Ancient Near Eastern Art,,,False,True,https://www.metmuseum.org/art/collection/search/321828,https://images.metmuseum.org/CRDImages/an/original/vs86_11_451_52.jpg,0,,,
324147,Eye idol,Sculpture,ca. 3700–3500 BCE,Middle Uruk,,,Gypsum alabaster,2 7/8 x 1 3/4 x 1/4 in. (7.3 x 4.4 x 0.7 cm),,,Syria,,Eyes,,,,,,,Ancient Near Eastern Art,,,False,True,https://www.metmuseum.org/art/collection/search/324147,https://images.metmuseum.org/CRDImages/an/original/DP224742.jpg,0,,,
321869,Cuneiform tablet: lunar procedure text (?),Cuneiform tablet,ca. late 1st millennium BCE,,,,Clay,1 5/8 x 3 7/8 x 7/8 in. (4.1 x 9.8 x 2.2 cm),,,Mesopotamia,,,,,,,,,Ancient Near Eastern Art,,,False,True,https://www.metmuseum.org/art/collection/search/321869,"https://images.metmuseum.org/CRDImages/an/original/86.11.497_411a,b_ob.jpg",1,,,
323411,Sealing,Sealing,ca. 7th century CE,Sasanian,,,Un-baked clay,0.59 in. (1.5 cm),Sasanian,,Iran,,,,,,,,,Ancient Near Eastern Art,,,False,True,https://www.metmuseum.org/art/collection/search/323411,https://images.metmuseum.org/CRDImages/an/original/ME36_30_190.jpg,0,,,
323552,"Sealing impressed by stamp seal: geometric pattern, griffin-headed wheel; bearded male sphinx",Sealing,ca. 18th century BCE,Middle Bronze Age–Old Assyrian Trading Colony,,,Un-baked clay,"Diameter: Seal: 1.25 cm
Seal Face: Sealing: 1.75 x 1.94
Height: 1.06 cm",Old Assyrian Trading Colony,,Anatolia,,,,,,,,,Ancient Near Eastern Art,,,False,True,https://www.metmuseum.org/art/collection/search/323552,https://images.metmuseum.org/CRDImages/an/original/vs36_70_34.jpg,0,,,
326690,Vessel,Vessel,ca. late 3rd–early 2nd millennium BCE,Bronze Age,,,Silver,4.53 in. (11.51 cm),Bactria-Margiana Archaeological Complex,,Bactria-Margiana,,,,,,,,,Ancient Near Eastern Art,,,False,True,https://www.metmuseum.org/art/collection/search/326690,https://images.metmuseum.org/CRDImages/an/original/DP-30807-001.jpg,1,,,
323382,Sealing,Sealing,ca. 7th century CE,Sasanian,,,Un-baked clay,0.51 in. (1.3 cm),Sasanian,,Iran,,,,,,,,,Ancient Near Eastern Art,,,False,True,https://www.metmuseum.org/art/collection/search/323382,https://images.metmuseum.org/CRDImages/an/original/ME36_30_161.jpg,0,,,
326788,Cosmetic container,Cosmetic container,ca. late 3rd–early 2nd millennium BCE,Bronze Age,,,Copper alloy,2.83 x 3.03 in. (7.19 x 7.7 cm),Bactria-Margiana Archaeological Complex,,Bactria-Margiana,,Birds,,,,,,,Ancient Near Eastern Art,,,False,True,https://www.metmuseum.org/art/collection/search/326788,https://images.metmuseum.org/CRDImages/an/original/ME1983_535_35.jpg,0,,,
324347,Palace Ware beaker,Beaker,ca. 7th century BCE,Neo-Assyrian,,,Ceramic,3 3/8 × 2 13/16 × 2 13/16 in. (8.5 × 7.2 × 7.2 cm),Assyrian,,Mesopotamia,,,,,,,,,Ancient Near Eastern Art,,,False,True,https://www.metmuseum.org/art/collection/search/324347,https://images.metmuseum.org/CRDImages/an/original/DP-26406-001.jpg,2,,,
325054,Studs,Studs,ca. 9th century BCE,"Iron Age II, Hasanlu Period IV",,,Bronze,1 7/16 x 1/2 in. (H 3.6 x Diam of head 1.3 cm),Iran,,Iran,,,,,,,,,Ancient Near Eastern Art,,,False,True,https://www.metmuseum.org/art/collection/search/325054,https://images.metmuseum.org/CRDImages/an/original/DP-39446-001.jpg,0,,,
327506,Earrings,Earrings,ca. 6th–4th century BCE,Achaemenid,,,Gold,1 1/8 × 1 1/8 × 3/16 in. (2.9 × 2.9 × 0.4 cm),Achaemenid,,Iran,,,,,,,,,Ancient Near Eastern Art,,,False,True,https://www.metmuseum.org/art/collection/search/327506,https://images.metmuseum.org/CRDImages/an/original/DP-33058-001.jpg,2,,,
326142,Jar rim sherd,Jar,ca. early 2nd millennium BCE,Middle Bronze Age,,,Ceramic,8.86 x 5.47 in. (22.5 x 13.89 cm),,,Mesopotamia,,,,,,,,,Ancient Near Eastern Art,,,False,True,https://www.metmuseum.org/art/collection/search/326142,https://images.metmuseum.org/CRDImages/an/original/DP-29135-001.jpg,1,,,
323329,Sealing,Sealing,ca. 7th century CE,Sasanian,,,Un-baked clay,0.59 in. (1.5 cm),Sasanian,,Iran,,,,,,,,,Ancient Near Eastern Art,,,False,True,https://www.metmuseum.org/art/collection/search/323329,https://images.metmuseum.org/CRDImages/an/original/vs36_30_108.jpg,0,,,
324469,Axe head,Axe,ca. 2300–2000 BCE,Early Bronze Age III,,,Bronze,6.63 x 2.25 in. (16.84 x 5.72 cm),Hattian,,Central Anatolia,,,,,,,,,Ancient Near Eastern Art,,,False,True,https://www.metmuseum.org/art/collection/search/324469,https://images.metmuseum.org/CRDImages/an/original/DP-38032-001.jpg,0,,,
322062,"Cuneiform tablet: account of wool purchase, Ebabbar archive",Cuneiform tablet,ca. 568 BCE,Neo-Babylonian,,,Clay,0.83 x 0.91 x 2.17 in. (2.11 x 2.31 x 5.51 cm),Babylonian,,Mesopotamia,,,,,,,,,Ancient Near Eastern Art,,,False,True,https://www.metmuseum.org/art/collection/search/322062,https://images.metmuseum.org/CRDImages/an/original/vsz86.11.447.jpg,1,,,
322446,Cuneiform tablet: receipt of cattle,Cuneiform tablet,ca. 2041 BCE,Ur III,,,Clay,8.2 x 4.3 x 2.5 cm (3 1/4 x 1 3/4 x 1 in.),Neo-Sumerian,,Mesopotamia,,,,,,,,,Ancient Near Eastern Art,,,False,True,https://www.metmuseum.org/art/collection/search/322446,https://images.metmuseum.org/CRDImages/an/original/ME11_217_2A.jpg,2,,,
326839,Compartmented stamp seal,Stamp seal,ca. late 3rd–early 2nd millennium BCE,Bronze Age,,,Copper alloy,0.51 in. (1.3 cm),Bactria-Margiana Archaeological Complex,,Bactria-Margiana,,,,,,,,,Ancient Near Eastern Art,,,False,True,https://www.metmuseum.org/art/collection/search/326839,https://images.metmuseum.org/CRDImages/an/original/ss1983_535_100.jpg,0,,,
324334,Decorative boss,Boss,ca. 8th century BCE,Neo-Assyrian,,,Shell,3 9/16 in. (9 cm),Assyrian,,Mesopotamia,,,,,,,,,Ancient Near Eastern Art,,,False,True,https://www.metmuseum.org/art/collection/search/324334,https://images.metmuseum.org/CRDImages/an/original/DP122472.jpg,0,,,
326374,Reclining mouflon,Sculpture,ca. 2600–1900 BCE,Mature Harappan,,,Marble,L. 28 cm,Indus,,Indus Valley,,Animals,,,,,,,Ancient Near Eastern Art,,,True,True,https://www.metmuseum.org/art/collection/search/326374,https://images.metmuseum.org/CRDImages/an/original/DT252770.jpg,0,https://www.wikidata.org/wiki/Q29384506,,
327624,Cylinder seal,Cylinder seal,ca. early 2nd millennium BCE,Old Babylonian,,,Hematite,H.  1 in. (2.5 cm);  Diam.  1/2 in. (1.2 cm),Babylonian,,Mesopotamia,,,,,,,,,Ancient Near Eastern Art,,,False,True,https://www.metmuseum.org/art/collection/search/327624,https://images.metmuseum.org/CRDImages/an/original/DP-36514-001.jpg,3,,,
324506,Cylinder seal,Cylinder seal,ca. 15th–14th century BCE,Mitanni,,,Faience,1.25 in. (3.18 cm),Mitanni,,,,Animals,,,,,,,Ancient Near Eastern Art,,,False,True,https://www.metmuseum.org/art/collection/search/324506,https://images.metmuseum.org/CRDImages/an/original/ss56_81_14.jpg,0,,,
321814,"Cuneiform tablet: account of barley as agricultural dues, Ebabbar archive",Cuneiform tablet,ca. 566 BCE,Neo-Babylonian,,,Clay,1.62 x 2 x .87 in. (4.11 x 5.08 x 2.2 cm),Babylonian,,Mesopotamia,,,,,,,,,Ancient Near Eastern Art,,,False,True,https://www.metmuseum.org/art/collection/search/321814,https://images.metmuseum.org/CRDImages/an/original/ME86_11_236.jpg,1,,,
327035,"Standing female (with a hole for attachment of the head, now missing)",Sculpture,ca. mid-7th millennium BCE,Neolithic,,,Ceramic,1.57 x 1 x 0.84 in. (3.99 x 2.54 x 2.13 cm),Hacilar,,Southwestern Anatolia,,Women,,,,,,,Ancient Near Eastern Art,,,False,True,https://www.metmuseum.org/art/collection/search/327035,https://images.metmuseum.org/CRDImages/an/original/vs1984_453_1.jpg,0,,,
322090,Cuneiform tablet: fragment of a contract,Cuneiform tablet,ca. 7th–4th century BCE,Neo-Babylonian or Achaemenid,,,Clay,3.6 x 5.4 x 2.6 cm (1 3/8 x 2 1/8 x 1 in.),Babylonian or Achaemenid,,Mesopotamia,,,,,,,,,Ancient Near Eastern Art,,,False,True,https://www.metmuseum.org/art/collection/search/322090,https://images.metmuseum.org/CRDImages/an/original/vs86_11_536.jpg,1,,,
325715,Cuneiform tablet impressed with cylinder seal: deliveries of oxen,Cuneiform tablet,ca. 2040 BCE,Ur III,,,Clay,5.3 x 4.4 x 1.7 cm (2 1/8 x 1 3/4 x 5/8 in.),Neo-Sumerian,,Mesopotamia,,,,,,,,,Ancient Near Eastern Art,,,False,True,https://www.metmuseum.org/art/collection/search/325715,https://images.metmuseum.org/CRDImages/an/original/ME65_72.jpg,2,,,
325344,Cloisonné furniture plaque with two griffins in a floral landscape,Relief,ca. 8th century BCE,Neo-Assyrian,,,Ivory,H. 4 1/8 x W. 4 11/16 x D. 7/16in. (10.5 x 11.9 x 1.1cm),Assyrian,,Mesopotamia,,Griffins,,,,,,,Ancient Near Eastern Art,,,False,True,https://www.metmuseum.org/art/collection/search/325344,https://images.metmuseum.org/CRDImages/an/original/DP-38937-001.jpg,1,,,
324276,Arrowhead,Arrowhead,ca. 7500–4500 BCE (?),Neolithic or Chalcolithic,,,Flint,1.5 x 1.56 in. (3.81 x 3.96 cm),,,Southern Levant,,,,,,,,,Ancient Near Eastern Art,,,False,True,https://www.metmuseum.org/art/collection/search/324276,https://images.metmuseum.org/CRDImages/an/original/me 53_151_2to17group.jpg,0,,,
325148,Lion pin,Pin,ca. 9th century BCE,"Iron Age II, Hasanlu Period IV",,,Bronze,1 5/8 × 13/16 × 2 5/16 in. (4.2 × 2.1 × 5.8 cm),Iran,,Iran,,Lions,,,,,,,Ancient Near Eastern Art,,,False,True,https://www.metmuseum.org/art/collection/search/325148,https://images.metmuseum.org/CRDImages/an/original/DP-30233-001.jpg,3,,,
327161,Bead,Bead,7th–6th millennium BCE,Neolithic,,,Serpentine,0.19 x 0.64 x 0.76 in. (0.48 x 1.63 x 1.93 cm),,,Syria,,,,,,,,,Ancient Near Eastern Art,,,False,True,https://www.metmuseum.org/art/collection/search/327161,https://images.metmuseum.org/CRDImages/an/original/DP-41142-001.jpg,0,,,
323612,Plaque fragment,Relief,ca. 18th century BCE,Middle Bronze Age–Old Assyrian Trading Colony,,,Ivory,3.12 in. (7.92 cm),Old Assyrian Trading Colony,,Anatolia,,,,,,,,,Ancient Near Eastern Art,,,False,True,https://www.metmuseum.org/art/collection/search/323612,https://images.metmuseum.org/CRDImages/an/original/DP110518.jpg,0,,,
322358,Drachm,Coin,ca. 78–110 CE,Parthian,,,Silver,"Thickness 0.23 cm, Diameter 1.98 cm",Parthian,,Iran,,Men|Profiles,,,,,,,Ancient Near Eastern Art,,,False,True,https://www.metmuseum.org/art/collection/search/322358,https://images.metmuseum.org/CRDImages/an/original/DP-13132-033.jpg,1,,,
326648,Horse bit cheekpiece in form of a kneeling hero,Horse bit cheekpiece,ca. early 1st millennium BCE,Iron Age II,,,Bronze,4.53 x 4.53 in. (11.51 x 11.51 cm),Iran,,Northwestern Iran,,Men,,,,,,,Ancient Near Eastern Art,,,False,True,https://www.metmuseum.org/art/collection/search/326648,https://images.metmuseum.org/CRDImages/an/original/DP-37590-001.jpg,1,,,
324923,Chair back carved in relief,Chair back,ca. 8th century BCE,Neo-Assyrian,,,Ivory,11 5/8 × 17 15/16 ×  7/16 in. (29.5 × 45.5 × 1.1 cm),Assyrian,,Mesopotamia,,,,,,,,,Ancient Near Eastern Art,,,False,True,https://www.metmuseum.org/art/collection/search/324923,https://images.metmuseum.org/CRDImages/an/original/MMA  59-107-3  01b.jpg,1,,,
321619,"Cuneiform tablet: Utukku lemnutu, tablet 16",Cuneiform tablet,ca. late 1st millennium BCE,Seleucid,,,Clay,5 x 3 7/8 x 1 1/2 in. (12.7 x 9.7 x 3.7 cm),Seleucid,,Mesopotamia,,,,,,,,,Ancient Near Eastern Art,,,False,True,https://www.metmuseum.org/art/collection/search/321619,https://images.metmuseum.org/CRDImages/an/original/86.11.382a-c_ob.jpg,3,,,
325479,"Cylinder seal and modern impression: seated ""pigtailed ladies"" and pots",Cylinder seal,ca. 3300–2900 BCE,Late Uruk–Jemdet Nasr,,,Limestone,H. 3/4 in. (1.9 cm); Diam. 13/16 in. (2.1 cm),,,Mesopotamia,,Women,,,,,,,Ancient Near Eastern Art,,,False,True,https://www.metmuseum.org/art/collection/search/325479,https://images.metmuseum.org/CRDImages/an/original/DP222642.jpg,0,,,
327612,Cylinder seal,Cylinder seal,ca. early 2nd millennium BCE,Old Babylonian,,,Goethite,H. 13/16 in. (2 cm);  Diam. 3/8 in. (1 cm),Babylonian,,Mesopotamia,,,,,,,,,Ancient Near Eastern Art,,,False,True,https://www.metmuseum.org/art/collection/search/327612,https://images.metmuseum.org/CRDImages/an/original/DP-36502-001.jpg,3,,,
324819,Horse bit cheekpiece in form of a bird's head,Horse bit cheekpiece,ca. 7th century BCE,,,,Bone (red deer antler),7 3/16 in. × 1 in. × 3/8 in. (18.3 × 2.6 × 1 cm),Scythian,,Iran,,Birds,,,,,,,Ancient Near Eastern Art,,,False,True,https://www.metmuseum.org/art/collection/search/324819,https://images.metmuseum.org/CRDImages/an/original/DP122497.jpg,0,,,
322157,"Stamp seal (octagonal pyramid, worn) with divine symbols",Stamp seal,late 8th–7th century BCE,Neo-Assyrian,,,"Feldspar (?), yellow black","Seal Face: 1.93 x 1.48 cm
Height: 2.18 cm
String Hole: 0.45 cm",Assyrian,,Mesopotamia or Syria,,,,,,,,,Ancient Near Eastern Art,,,False,True,https://www.metmuseum.org/art/collection/search/322157,https://images.metmuseum.org/CRDImages/an/original/DP-35066-001.jpg,3,,,
327615,Cylinder seal,Cylinder seal,ca. early 2nd millennium BCE,Old Babylonian,,,Hematite,H. 13/16 IN. (2.0 cm);  Diam. 3/8 in. (1.0 cm),Babylonian,,Mesopotamia,,,,,,,,,Ancient Near Eastern Art,,,False,True,https://www.metmuseum.org/art/collection/search/327615,https://images.metmuseum.org/CRDImages/an/original/DP-36505-001.jpg,6,,,
325120,Arrowhead,Arrowhead,ca. 7th century BCE–2nd century CE,Iron Age III-Parthian,,,Bronze,0.31 x 1.3 in. (0.79 x 3.3 cm),,,Iran,,,,,,,,,Ancient Near Eastern Art,,,False,True,https://www.metmuseum.org/art/collection/search/325120,https://images.metmuseum.org/CRDImages/an/original/ME61_66_2.jpg,0,,,
323522,Furniture element: bull-man with Hathor-style curls,Furniture element,ca. 18th century BCE,Middle Bronze Age–Old Assyrian Trading Colony,,,Ivory (hippopotamus),2 3/16 in. × 1 in. × 5/8 in. (5.5 × 2.5 × 1.6 cm),Old Assyrian Trading Colony,,Anatolia,,Men,,,,,,,Ancient Near Eastern Art,,,False,True,https://www.metmuseum.org/art/collection/search/323522,https://images.metmuseum.org/CRDImages/an/original/DP110473.jpg,0,,,
322805,Plaque,Plaque,ca. 3rd–7th century CE,Sasanian,,,Glass,1.62 x 1.12 in. (4.11 x 2.84 cm),Sasanian,,Mesopotamia,,,,,,,,,Ancient Near Eastern Art,,,False,True,https://www.metmuseum.org/art/collection/search/322805,https://images.metmuseum.org/CRDImages/an/original/DP-40717-001.jpg,1,,,
322786,Pin,Pin,ca. 3rd–7th century CE,Sasanian,,,Ivory,H. 10.1 cm x Head Diam. .9 cm,Sasanian,,Mesopotamia,,,,,,,,,Ancient Near Eastern Art,,,False,True,https://www.metmuseum.org/art/collection/search/322786,https://images.metmuseum.org/CRDImages/an/original/DP110459.jpg,0,,,
324761,Cylinder seal with hunting scene,Cylinder seal,late 9th–early 7th century BCE,Neo-Assyrian,,,Faience,0.94 in. (2.39 cm),Assyrian,,Mesopotamia,,,,,,,,,Ancient Near Eastern Art,,,False,True,https://www.metmuseum.org/art/collection/search/324761,https://images.metmuseum.org/CRDImages/an/original/DP-41832-001.jpg,4,,,
324212,Palace Ware bowl,Bowl,ca. 8th–7th century BCE,Neo-Assyrian,,,Ceramic,1.75 in. (4.45 cm),Assyrian,,Mesopotamia,,,,,,,,,Ancient Near Eastern Art,,,False,True,https://www.metmuseum.org/art/collection/search/324212,https://images.metmuseum.org/CRDImages/an/original/DP-31350-001.jpg,1,,,
321911,"Cuneiform tablet: a-she-er gi-ta, balag to Innin/Ishtar",Cuneiform tablet,ca. 2nd–1st century BCE,Seleucid or Parthian,,,Clay,3 7/8 x 3 1/4 x 1 in. (10 x 8.3 x 2.4 cm),Seleucid or Parthian,,Mesopotamia,,,,,,,,,Ancient Near Eastern Art,,,False,True,https://www.metmuseum.org/art/collection/search/321911,https://images.metmuseum.org/CRDImages/an/original/86.11.286a_286b_529.jpg,0,,,
326395,Tetradrachm of Alexander the Great,Coin,ca. 325–319 BCE,,,,Silver,3/16 in. × 1 1/8 in. diameter (0.45 × 2.8 cm),Seleucid,,Iran,,Alexander The Great|Profiles,,,,,,,Ancient Near Eastern Art,,,False,True,https://www.metmuseum.org/art/collection/search/326395,https://images.metmuseum.org/CRDImages/an/original/DP-16934-019.jpg,1,,,
326832,Compartmented stamp seal,Stamp seal,ca. late 3rd–early 2nd millennium BCE,Bronze Age,,,Copper alloy,0.83 in. (2.11 cm),Bactria-Margiana Archaeological Complex,,Bactria-Margiana,,,,,,,,,Ancient Near Eastern Art,,,False,True,https://www.metmuseum.org/art/collection/search/326832,https://images.metmuseum.org/CRDImages/an/original/ss1983_535_79.jpg,0,,,
323783,Stamp seal,Stamp seal,2nd–1st millennium BCE,,,,"Alabaster, iron-oxide vein",0.79 x 1.1 x 1.34 in. (2.01 x 2.79 x 3.4 cm),Iran,,Iran,,Animals,,,,,,,Ancient Near Eastern Art,,,False,True,https://www.metmuseum.org/art/collection/search/323783,https://images.metmuseum.org/CRDImages/an/original/ss41_160_219.jpg,0,,,
327841,Blade,Blade,ca. mid-4th millennium BCE,Late Chalcolithic,,,Chert,9/16 x 3/16 x 2 1/8 in. (1.5 x 0.4 x 5.4 cm),,,Iran,,,,,,,,,Ancient Near Eastern Art,,,False,True,https://www.metmuseum.org/art/collection/search/327841,https://images.metmuseum.org/CRDImages/an/original/SGINST62_3_8.jpg,0,,,
322909,Necklace,Necklace,ca. 2600–2500 BCE,Early Dynastic IIIa,,,"Gold, lapis lazuli",L. 23.3 cm,Sumerian,,Mesopotamia,,,,,,,,,Ancient Near Eastern Art,,,False,True,https://www.metmuseum.org/art/collection/search/322909,https://images.metmuseum.org/CRDImages/an/original/DP-23658-001.jpg,0,,,
322240,Stamp seal (octagonal pyramid) with cultic scene,Stamp seal,late 8th–6th century BCE,Neo-Assyrian / Neo-Babylonian,,,Banded blue Chalcedony (Quartz),"Seal Face: 1.46 x 2.33 cm
Height: 2.35 remaining",Assyro-Babylonian,,Mesopotamia,,,,,,,,,Ancient Near Eastern Art,,,False,True,https://www.metmuseum.org/art/collection/search/322240,https://images.metmuseum.org/CRDImages/an/original/ss93_17_107.jpg,0,,,
326638,Stamp seal (with horse-head handle) with geometric design,Stamp seal,ca. 8th–7th century BCE (?),Iron Age,,,Iron,1.77 in. (4.5 cm),Iranian,,Iran,,,,,,,,,Ancient Near Eastern Art,,,False,True,https://www.metmuseum.org/art/collection/search/326638,https://images.metmuseum.org/CRDImages/an/original/ss1980_225_1a.jpg,0,,,
325591,Bead,Bead,ca. 3rd century BCE–2nd century CE,Parthian,,,"Stone, green black",0.59 in. (1.5 cm),Parthian,,Iran,,,,,,,,,Ancient Near Eastern Art,,,False,True,https://www.metmuseum.org/art/collection/search/325591,https://images.metmuseum.org/CRDImages/an/original/ME63_102_7.jpg,0,,,
324275,Arrowhead,Arrowhead,ca. 7500–4500 BCE (?),Neolithic or Chalcolithic,,,Flint,1.56 x 0.56 in. (3.96 x 1.42 cm),,,Southern Levant,,,,,,,,,Ancient Near Eastern Art,,,False,True,https://www.metmuseum.org/art/collection/search/324275,https://images.metmuseum.org/CRDImages/an/original/me 53_151_2to17group.jpg,0,,,
326471,Bead,Bead,ca. 1st century BCE–1st century CE,Parthian,,,Faience,0.63 in. (1.6 cm),Parthian,,Iran,,,,,,,,,Ancient Near Eastern Art,,,False,True,https://www.metmuseum.org/art/collection/search/326471,https://images.metmuseum.org/CRDImages/an/original/DP-40353-001.jpg,0,,,
323006,Jar sherd,Jar,ca. 9th–10th century CE,early Islamic,,,Ceramic,H. 14 × Diam. 13 11/16 in. (35.5 × 34.8 cm),Islamic,,Iran,,,,,,,,,Ancient Near Eastern Art,,,False,True,https://www.metmuseum.org/art/collection/search/323006,https://images.metmuseum.org/CRDImages/an/original/vs34_107_33a.jpg,0,,,
322833,Animal figurine,Sculpture,ca. 3rd–7th century CE,Sasanian,,,Ceramic,3 1/4 x 2 7/8 x 2 3/16 in. (8.2 x 7.3 x 5.6 cm),Sasanian,,Mesopotamia,,Animals,,,,,,,Ancient Near Eastern Art,,,False,True,https://www.metmuseum.org/art/collection/search/322833,https://images.metmuseum.org/CRDImages/an/original/DP-25660-001.jpg,0,,,
326661,Compartmented stamp seal,Stamp seal,ca. late 3rd–early 2nd millennium BCE,Bronze Age,,,Copper alloy,1 15/16 in. (5 cm),Bactria-Margiana Archaeological Complex,,Bactria-Margiana,,,,,,,,,Ancient Near Eastern Art,,,False,True,https://www.metmuseum.org/art/collection/search/326661,https://images.metmuseum.org/CRDImages/an/original/ss1981_448_4.jpg,0,,,
325067,Dagger,Dagger,ca. 10th–9th century BCE,Iron Age II,,,Bronze,13.94 in. (35.41 cm),Iran,,Western Iran,,,,,,,,,Ancient Near Eastern Art,,,False,True,https://www.metmuseum.org/art/collection/search/325067,https://images.metmuseum.org/CRDImages/an/original/ME60_82_2.jpg,0,,,
325784,Fibula,Fibula,ca. 7th–5th century BCE,"Iron Age III, Hasanlu Period III",,,Bronze,1 × 1 3/4 in. (2.5 × 4.4 cm),Iran,,Iran,,,,,,,,,Ancient Near Eastern Art,,,False,True,https://www.metmuseum.org/art/collection/search/325784,https://images.metmuseum.org/CRDImages/an/original/DP-38735-002.jpg,1,,,
322024,Cuneiform tablet: fragment of a table of reciprocals,Cuneiform tablet,ca. late 1st millennium BCE,,,,Clay,1 3/8 x 1 5/8 x 1/2 in. (3.4 x 4.2 x 1.4 cm),,,Mesopotamia,,,,,,,,,Ancient Near Eastern Art,,,False,True,https://www.metmuseum.org/art/collection/search/322024,https://images.metmuseum.org/CRDImages/an/original/ME86_11_406.jpg,0,,,
325304,Rings,Rings,ca. 9th century BCE,"Iron Age II, Hasanlu Period IV",,,"Copper, bronze","Max. Diam. 5.7 cm x max. H. 0.4 cm
Min. Diam. 3.2 cm x min. H. 0.3 cm",Iran,,Iran,,,,,,,,,Ancient Near Eastern Art,,,False,True,https://www.metmuseum.org/art/collection/search/325304,https://images.metmuseum.org/CRDImages/an/original/DP-38822-001.jpg,0,,,
326532,Awl,Awl,ca. 4600–3600 BCE,Chalcolithic,,,Stone,1.14 x 2.91 in. (2.9 x 7.39 cm),Ghassulian,,Levant,,,,,,,,,Ancient Near Eastern Art,,,False,True,https://www.metmuseum.org/art/collection/search/326532,https://images.metmuseum.org/CRDImages/an/original/DP-41881-002.jpg,1,,,
325882,Small bowl,Bowl,ca. 1st century CE,Nabataean,,,Ceramic,1.5 in. (3.81 cm),Nabataean,,Levant,,,,,,,,,Ancient Near Eastern Art,,,False,True,https://www.metmuseum.org/art/collection/search/325882,https://images.metmuseum.org/CRDImages/an/original/ME67_246_1.jpg,0,,,
325704,Axe head,Axe,ca. 6th–5th century BCE,,,,"Silver, iron",4.17 x 9.41 in. (10.59 x 23.9 cm),Scythian,,Western Asia,,,,,,,,,Ancient Near Eastern Art,,,False,True,https://www.metmuseum.org/art/collection/search/325704,https://images.metmuseum.org/CRDImages/an/original/hb65_4a.jpg,0,,,
323381,Sealing,Sealing,ca. 7th century CE,Sasanian,,,Un-baked clay,0.51 in. (1.3 cm),Sasanian,,Iran,,,,,,,,,Ancient Near Eastern Art,,,False,True,https://www.metmuseum.org/art/collection/search/323381,https://images.metmuseum.org/CRDImages/an/original/ME36_30_160.jpg,0,,,
325248,Spade-shaped schematic female (?) figure,Sculpture,ca. 3000–2800 BCE,Early Bronze Age I,,,Limestone,0.2 x 2.95 x 3.15 in. (0.51 x 7.49 x 8 cm),,,Anatolia,,,,,,,,,Ancient Near Eastern Art,,,False,True,https://www.metmuseum.org/art/collection/search/325248,https://images.metmuseum.org/CRDImages/an/original/DP-32549-002.jpg,1,,,
327457,Cylinder seal and modern impression: goddess leading a worshiper to a seated deity; bull god,Cylinder seal,ca. 20th–19th century BCE,Middle Bronze Age–Old Assyrian Trading Colony,,,Quartzite,7/8 × 9/16 × 9/16 in. (2.3 × 1.5 × 1.5 cm),Old Assyrian Trading Colony,,Central Anatolia,,Deities|Goddess,,,,,,,Ancient Near Eastern Art,,,False,True,https://www.metmuseum.org/art/collection/search/327457,https://images.metmuseum.org/CRDImages/an/original/DT955_1.jpg,0,,,
323445,Sealing,Sealing,ca. 7th century CE,Sasanian,,,Un-baked clay,0.43 in. (1.09 cm),Sasanian,,Iran,,,,,,,,,Ancient Near Eastern Art,,,False,True,https://www.metmuseum.org/art/collection/search/323445,https://images.metmuseum.org/CRDImages/an/original/ME36_30_224.jpg,0,,,
325545,Cup,Cup,ca. 3100–2900 BCE,Jemdet Nasr,,,Stone,1.18 x 3.78 x 3.27 in. (3 x 9.6 x 8.31 cm),,,Mesopotamia,,,,,,,,,Ancient Near Eastern Art,,,False,True,https://www.metmuseum.org/art/collection/search/325545,https://images.metmuseum.org/CRDImages/an/original/ME62_175.jpg,0,,,
327627,Cylinder seal,Cylinder seal,ca. early 2nd millennium BCE,Old Babylonian,,,Hematite,H.  11/16 in. (2.7 cm);  Diam.  5/8 in. (1.6 cm),Babylonian,,Mesopotamia,,,,,,,,,Ancient Near Eastern Art,,,False,True,https://www.metmuseum.org/art/collection/search/327627,https://images.metmuseum.org/CRDImages/an/original/DP-37241-001.jpg,3,,,
326884,Stamp seal,Stamp seal,ca. late 3rd–early 2nd millennium BCE,Bronze Age,,,Hematite,0.71 x 0.63 in. (1.8 x 1.6 cm),Bactria-Margiana Archaeological Complex,,Bactria-Margiana,,,,,,,,,Ancient Near Eastern Art,,,False,True,https://www.metmuseum.org/art/collection/search/326884,https://images.metmuseum.org/CRDImages/an/original/SS1983_535_145.jpg,0,,,
323009,Jar,Jar,ca. 6th–7th century CE,Sasanian,,,Ceramic,H. 7-3/4 in. x Diam. mouth: 3-5/8 in. x Diam. body: 6-3/8 in.,Sasanian,,Iran,,,,,,,,,Ancient Near Eastern Art,,,False,True,https://www.metmuseum.org/art/collection/search/323009,https://images.metmuseum.org/CRDImages/an/original/me34_107_36.jpg,0,,,
326581,Bell with chain and ring,Bell,ca. 9th–8th century BCE,Iron Age II,,,Bronze,3.15 in. (8 cm),,,Iran,,,,,,,,,Ancient Near Eastern Art,,,False,True,https://www.metmuseum.org/art/collection/search/326581,https://images.metmuseum.org/CRDImages/an/original/ME1978_514_7.jpg,0,,,
323373,Sealing,Sealing,ca. 7th century CE,Sasanian,,,Un-baked clay,0.67 in. (1.7 cm),Sasanian,,Iran,,,,,,,,,Ancient Near Eastern Art,,,False,True,https://www.metmuseum.org/art/collection/search/323373,https://images.metmuseum.org/CRDImages/an/original/ME36_30_152.jpg,0,,,
322917,Pendant,Pendant,ca. 4th–3rd century BCE,,,,"Gold, carnelian",3 1/4 × 1 7/8 × 7/16 in. (8.2 × 4.8 × 1.1 cm),Scytho-Sarmatian,,Eurasian steppes,,Horses,,,,,,,Ancient Near Eastern Art,,,False,True,https://www.metmuseum.org/art/collection/search/322917,https://images.metmuseum.org/CRDImages/an/original/DP-26511-001.jpg,1,,,
325569,Openwork furniture plaque with a falcon-headed figure in a papyrus thicket,Relief,ca. 9th–8th century BCE,Neo-Assyrian,,,Ivory,4.76 x 2.2 x 0.24 in. (12.09 x 5.59 x 0.61 cm),Assyrian,,Mesopotamia,,Falcons|Horus,,,,,,,Ancient Near Eastern Art,,,False,True,https://www.metmuseum.org/art/collection/search/325569,https://images.metmuseum.org/CRDImages/an/original/DP110695.jpg,0,,,
322055,Cuneiform tablet: fragment of the witness list of a contract,Cuneiform tablet,ca. 5th–2nd century BCE,,,,Clay,1.06 x 1.38 x 1.81 in. (2.69 x 3.51 x 4.6 cm),,,Mesopotamia,,,,,,,,,Ancient Near Eastern Art,,,False,True,https://www.metmuseum.org/art/collection/search/322055,https://images.metmuseum.org/CRDImages/an/original/vs86_11_440.jpg,1,,,
324202,Female head,Sculpture,ca. 9th–8th century BCE,Neo-Assyrian,,,Ivory,1.26 x 1.18 in. (3.2 x 3 cm),Assyrian,,Mesopotamia,,Heads|Women,,,,,,,Ancient Near Eastern Art,,,False,True,https://www.metmuseum.org/art/collection/search/324202,https://images.metmuseum.org/CRDImages/an/original/DP110564.jpg,1,,,
327218,Conoid stamp seal: lions (?) attacking cow suckling calf,Stamp seal,ca. 13th–12th century BCE (?),Late Cypriot III,,,"Hematite, copper alloy tube in string hole","Seal Face: 1.87 x 1.67 cm
Height: 1.75 cm
String Hole: 0.3 cm",,,Cyprus (?),,Animals,,,,,,,Ancient Near Eastern Art,,,False,True,https://www.metmuseum.org/art/collection/search/327218,https://images.metmuseum.org/CRDImages/an/original/vs1985_357_36.jpg,0,,,
323833,Stamp seal,Stamp seal,ca. 3rd–7th century CE,Sasanian,,,"Chalcedony, brown",0.55 x 0.71 in. (1.4 x 1.8 cm),Sasanian,,Iran or Mesopotamia,,,,,,,,,Ancient Near Eastern Art,,,False,True,https://www.metmuseum.org/art/collection/search/323833,https://images.metmuseum.org/CRDImages/an/original/ss41_160_242.jpg,0,,,
325871,Plaque carved in relief with figure fighting a lion,Relief,ca. 8th–7th century BCE,Neo-Assyrian,,,Ivory,3.23 x 3.43 x 0.24 in. (8.2 x 8.71 x 0.61 cm),Assyrian,,Mesopotamia,,Men|Lions,,,,,,,Ancient Near Eastern Art,,,False,True,https://www.metmuseum.org/art/collection/search/325871,https://images.metmuseum.org/CRDImages/an/original/DP-28978-001.jpg,1,,,
322976,Storage jar,Jar,ca. 3rd–7th century CE,Sasanian,,,"Ceramic, glaze",20 5/8 in. × 17 in. × 17 in. (52.4 × 43.2 × 43.2 cm),Sasanian,,Iran,,,,,,,,,Ancient Near Eastern Art,,,False,True,https://www.metmuseum.org/art/collection/search/322976,https://images.metmuseum.org/CRDImages/an/original/me34_107_2.jpg,0,,,
325058,Animal head sherd,Sherd,ca. 9th century BCE,"Iron Age II, Hasanlu Period IV",,,Ceramic,2.05 x 1.65 in. (5.21 x 4.19 cm),Iran,,Iran,,,,,,,,,Ancient Near Eastern Art,,,False,True,https://www.metmuseum.org/art/collection/search/325058,https://images.metmuseum.org/CRDImages/an/original/DP-28785-001.jpg,0,,,
326186,Pitcher,Pitcher,ca. 9th century BCE,"Iron Age II, Hasanlu Period IV",,,Ceramic,3 7/16 in. × 5 15/16 in. × 4 in. (8.7 × 15.1 × 10.1 cm),Iran,,Iran,,,,,,,,,Ancient Near Eastern Art,,,False,True,https://www.metmuseum.org/art/collection/search/326186,https://images.metmuseum.org/CRDImages/an/original/ME1976_233_13.jpg,0,,,
327780,Cylinder seal,Cylinder seal,ca. 15th–13th century BCE,Mitanni,,,Hematite,H.  13/16 in. (2.1 cm);  Diam.  3/8 in. (0.9 cm),Mitanni,,Syria or Cyprus,,,,,,,,,Ancient Near Eastern Art,,,False,True,https://www.metmuseum.org/art/collection/search/327780,https://images.metmuseum.org/CRDImages/an/original/DP-38158-001.jpg,3,,,
326585,Bell,Bell,ca. 9th century BCE,Iron Age,,,Bronze,2.83 x 4.25 in. (7.19 x 10.8 cm),Iran,,,,,,,,,,,Ancient Near Eastern Art,,,False,True,https://www.metmuseum.org/art/collection/search/326585,https://images.metmuseum.org/CRDImages/an/original/ME1978_514_11.jpg,0,,,
325927,Jar,Jar,ca. 10th–9th century BCE,Iron Age II,,,Ceramic,2.76 in. (7.01 cm),Iran,,Iran,,,,,,,,,Ancient Near Eastern Art,,,False,True,https://www.metmuseum.org/art/collection/search/325927,https://images.metmuseum.org/CRDImages/an/original/ME67_247_8.jpg,0,,,
326469,Bead,Bead,ca. 1st century BCE–1st century CE,Parthian,,,Glass,0.2 in. (0.51 cm),Parthian,,Iran,,,,,,,,,Ancient Near Eastern Art,,,False,True,https://www.metmuseum.org/art/collection/search/326469,https://images.metmuseum.org/CRDImages/an/original/DP-40351-001.jpg,0,,,
322105,"Cuneiform tablet: fragment, content uncertain",Cuneiform tablet,ca. late 1st millennium BCE,,,,Clay,1 1/4 x 5/8 x 3/8 in. (3.1 x 1.6 x 0.8 cm),,,Mesopotamia,,,,,,,,,Ancient Near Eastern Art,,,False,True,https://www.metmuseum.org/art/collection/search/322105,https://images.metmuseum.org/CRDImages/an/original/vs86_11_552a.jpg,1,,,
325996,Sherd,Sherd,ca. 7th century BCE,Iron Age III,,,Ceramic,1.81 x 1.73 in. (4.6 x 4.39 cm),Iran,,Iran,,,,,,,,,Ancient Near Eastern Art,,,False,True,https://www.metmuseum.org/art/collection/search/325996,https://images.metmuseum.org/CRDImages/an/original/DP-28690-001.jpg,1,,,
327816,"Cylinder seal and modern impression: bird, man, horned animal",Cylinder seal,ca. 15th century BCE,Late Cypriot I-II,,,Hematite,H.  7/8 in. (2.2 cm);  Diam.  3/8 in. (0.9 cm),Cypriot,,Cyprus,,Birds|Male Nudes|Bulls|Fish,,,,,,,Ancient Near Eastern Art,,,False,True,https://www.metmuseum.org/art/collection/search/327816,https://images.metmuseum.org/CRDImages/an/original/DP-38274-001.jpg,3,https://www.wikidata.org/wiki/Q116282319,,
326535,Awl,Awl,ca. 4600–3600 BCE,Chalcolithic,,,Stone,1.38 x 2.25 in. (3.51 x 5.72 cm),Ghassulian,,Levant,,,,,,,,,Ancient Near Eastern Art,,,False,True,https://www.metmuseum.org/art/collection/search/326535,https://images.metmuseum.org/CRDImages/an/original/DP-41884-001.jpg,1,,,
324346,Jar with geometric decoration,Jar,ca. 8th–7th century BCE,Neo-Assyrian,,,Glazed ceramic,2 in. (5.08 cm),Assyrian,,Mesopotamia,,,,,,,,,Ancient Near Eastern Art,,,False,True,https://www.metmuseum.org/art/collection/search/324346,https://images.metmuseum.org/CRDImages/an/original/DP-31174-001.jpg,1,,,
322417,Pendant,Pendant,ca. 3rd–7th century CE,Sasanian,,,"Gold, glass",0.62 x 0.75 in. (1.57 x 1.91 cm),Sasanian,,Iran,,,,,,,,,Ancient Near Eastern Art,,,False,True,https://www.metmuseum.org/art/collection/search/322417,https://images.metmuseum.org/CRDImages/an/original/DP-32911-001.jpg,1,,,
322609,Human-headed winged lion (lamassu),Relief,ca. 883–859 BCE,Neo-Assyrian,,,Gypsum alabaster,"H. 122 1/2 x W. 24 1/2 x D. 109 in., 15999.8 lb. (311.2 x 62.2 x 276.9 cm, 7257.4 kg)",Assyrian,,Mesopotamia,,,,,,,,,Ancient Near Eastern Art,,,True,True,https://www.metmuseum.org/art/collection/search/322609,https://images.metmuseum.org/CRDImages/an/original/DT880.jpg,1,https://www.wikidata.org/wiki/Q29384418,,
327146,Bead,Bead,7th–6th millennium BCE,Neolithic,,,Agate,0.28 x 0.42 x 0.67 in. (0.71 x 1.07 x 1.7 cm),,,Syria,,,,,,,,,Ancient Near Eastern Art,,,False,True,https://www.metmuseum.org/art/collection/search/327146,https://images.metmuseum.org/CRDImages/an/original/DP-41127-001.jpg,0,,,
322671,Plaque,Plaque,ca. 3rd–7th century CE,Sasanian,,,Marble,1.87 x 1.75 in. (4.75 x 4.45 cm),Sasanian,,Mesopotamia,,,,,,,,,Ancient Near Eastern Art,,,False,True,https://www.metmuseum.org/art/collection/search/322671,https://images.metmuseum.org/CRDImages/an/original/DP-40696-001.jpg,1,,,
327224,Stamp seal,Stamp seal,ca. 5th–6th century CE,Sasanian,,,"Quartz, agate",0.79 x 0.47 x 0.63 in. (2.01 x 1.19 x 1.6 cm),Sasanian,,Iran,,Animals,,,,,,,Ancient Near Eastern Art,,,False,True,https://www.metmuseum.org/art/collection/search/327224,https://images.metmuseum.org/CRDImages/an/original/ss1985_357_42.jpg,0,,,
326718,Cupola seal engraved on back and face,Stamp seal,ca. 1400–1200 BCE,Hittite Middle Kingdom–Hittite Empire,,,Red hematite,"Seal Face: 2.02 x 2.07 cm
Height: 1.50 cm
String Hole: 0.4-.5 cm",Hittite,,Syria or Anatolia,,,,,,,,,Ancient Near Eastern Art,,,False,True,https://www.metmuseum.org/art/collection/search/326718,https://images.metmuseum.org/CRDImages/an/original/ss1983_135_8b.jpg,1,,,
322068,Cuneiform tablet: fragment of Syllabary B,Cuneiform tablet,ca. late 1st millennium BCE,,,,Clay,1 1/4 x 3/4 x 1/4 in. (3.3 x 2 x 0.6 cm),,,Mesopotamia,,,,,,,,,Ancient Near Eastern Art,,,False,True,https://www.metmuseum.org/art/collection/search/322068,https://images.metmuseum.org/CRDImages/an/original/vs86_11_510_511a.jpg,1,,,
327419,Rhyton terminating in the forepart of a ram,Rhyton,ca. 5th century BCE,Achaemenid,,,Silver,Height: 8.13 in. (20.65 cm); Length: 6.25 in. (15.88 cm); Diameter of rim: 4.88 in. (12.40 cm); Height of ram protome: 4.69 in. (11.9 cm); Width of ram's horns: 2.87 in. (7.3 cm),Achaemenid,,Iran,,Rams,,,,,,,Ancient Near Eastern Art,,,False,True,https://www.metmuseum.org/art/collection/search/327419,https://images.metmuseum.org/CRDImages/an/original/DT6187.jpg,0,https://www.wikidata.org/wiki/Q116241669,,
325585,Bowl,Bowl,ca. 3rd–1st century BCE,Parthian,,,Ceramic,2.56 in. (6.5 cm),Parthian,,Iran,,,,,,,,,Ancient Near Eastern Art,,,False,True,https://www.metmuseum.org/art/collection/search/325585,https://images.metmuseum.org/CRDImages/an/original/ME63_102_1.jpg,0,,,
322718,Mosaic bead,Bead,ca. 3rd–7th century CE,Sasanian,,,Glass,1.37 x 0.87 in. (3.48 x 2.21 cm),Sasanian,,Mesopotamia,,,,,,,,,Ancient Near Eastern Art,,,False,True,https://www.metmuseum.org/art/collection/search/322718,https://images.metmuseum.org/CRDImages/an/original/DP222639.jpg,0,,,
327492,Jar with pierced handles for suspension,Jar,ca. 3300–3100 BCE,Late Uruk,,,Ceramic,4.02 x 4.49 in. (10.21 x 11.4 cm),,,Mesopotamia or Syria,,,,,,,,,Ancient Near Eastern Art,,,False,True,https://www.metmuseum.org/art/collection/search/327492,https://images.metmuseum.org/CRDImages/an/original/sd1993_468_5.jpg,0,,,
322828,Handle,Handle,ca. 3rd–7th century CE,Sasanian,,,Ceramic,1 7/16 x 11/16 x 1 1/4 in. (3.7 x 1.7 x 3.2 cm),Sasanian,,Mesopotamia,,,,,,,,,Ancient Near Eastern Art,,,False,True,https://www.metmuseum.org/art/collection/search/322828,https://images.metmuseum.org/CRDImages/an/original/ME32_150_415.jpg,0,,,
325726,Appliqué with recumbent hares,Appliqué,ca. 7th–6th century BCE,,,,Gold,5/16 × 7/16 × 1/8 in. (0.79 × 1.1 × 0.25 cm),Scythian,,"Eurasian steppes, Dniepr region",,Rabbits,,,,,,,Ancient Near Eastern Art,,,False,True,https://www.metmuseum.org/art/collection/search/325726,https://images.metmuseum.org/CRDImages/an/original/DP-27068-001.jpg,1,,,
326090,Jar sherd,Jar,ca. early 2nd millennium BCE,Middle Bronze Age,,,Ceramic,4.25 x 2.48 in. (10.8 x 6.3 cm),,,Mesopotamia,,,,,,,,,Ancient Near Eastern Art,,,False,True,https://www.metmuseum.org/art/collection/search/326090,https://images.metmuseum.org/CRDImages/an/original/DP-30043-001.jpg,1,,,
324139,Jar with paired birds in panels,Jar,ca. 1600–1400 BCE,,,,"Ceramic, paint",5.87 in. (14.91 cm),Iran,,Iran,,Birds,,,,,,,Ancient Near Eastern Art,,,False,True,https://www.metmuseum.org/art/collection/search/324139,https://images.metmuseum.org/CRDImages/an/original/hb51_25_25.jpg,0,,,
326587,Openwork rattle bell,Rattle bell,ca. 9th century BCE,Iron Age II,,,Bronze,3.94 in. (10.01 cm),Iran,,Western Iran,,,,,,,,,Ancient Near Eastern Art,,,False,True,https://www.metmuseum.org/art/collection/search/326587,https://images.metmuseum.org/CRDImages/an/original/ME1978_514_13.jpg,0,,,
328962,Dress ornament,Dress ornament,ca. 5th century BCE,,,,Gold,1 1/16 in. × 1 in. × 1/16 in. (2.7 × 2.5 × 0.15 cm),Scythian,,Northern Black Sea region,,,,,,,,,Ancient Near Eastern Art,,,False,True,https://www.metmuseum.org/art/collection/search/328962,https://images.metmuseum.org/CRDImages/an/original/DP-42171-001.jpg,2,,,
327181,Bead,Bead,7th–6th millennium BCE,Neolithic,,,Serpentine,0.17 x 0.39 x 0.64 in. (0.43 x 0.99 x 1.63 cm),,,Syria,,,,,,,,,Ancient Near Eastern Art,,,False,True,https://www.metmuseum.org/art/collection/search/327181,https://images.metmuseum.org/CRDImages/an/original/DP-41162-001.jpg,0,,,
323560,Cylinder seal and modern impression: king holding two lion griffins at bay,Cylinder seal,ca. 6th–5th century BCE,Achaemenid,,,"Jasper, hematite",1 1/8 × 9/16 × 9/16 in. (2.9 × 1.4 × 1.4 cm),Achaemenid,,Iran,,Kings|Griffins,,,,,,,Ancient Near Eastern Art,,,False,True,https://www.metmuseum.org/art/collection/search/323560,https://images.metmuseum.org/CRDImages/an/original/DP-35828-001.jpg,4,https://www.wikidata.org/wiki/Q116282534,,
328890,Necklace pendants and beads,Pendants and beads,ca. 17th–16th century BCE,late Old Babylonian,,,Gold,D: 1 cm,Babylonian,,Mesopotamia,,,,,,,,,Ancient Near Eastern Art,,,False,True,https://www.metmuseum.org/art/collection/search/328890,https://images.metmuseum.org/CRDImages/an/original/DP-31086-002.jpg,1,,,
324221,Inlay,Inlay,ca. 8th–7th century BCE,Iron Age III,,,Ivory,5/16 × 5/16 × 3/16 in. (0.8 × 0.8 × 0.5 cm),Iran,,Iran,,,,,,,,,Ancient Near Eastern Art,,,False,True,https://www.metmuseum.org/art/collection/search/324221,https://images.metmuseum.org/CRDImages/an/original/DP110576.jpg,0,,,
322921,Plaque,Relief,ca. 5th–4th century BCE,,,,Gold,2.25 x 2.75 in. (5.72 x 6.99 cm),Scytho-Sarmatian,,Eurasian steppes,,Animals,,,,,,,Ancient Near Eastern Art,,,False,True,https://www.metmuseum.org/art/collection/search/322921,https://images.metmuseum.org/CRDImages/an/original/DP-31067-001.jpg,1,,,
325526,Sherd,Sherd,ca. 4500 BCE,Halaf,,,"Ceramic, paint",3 1/4 x 3 1/2 in. (8.4 x 8.8 cm),Halaf,,Mesopotamia,,,,,,,,,Ancient Near Eastern Art,,,False,True,https://www.metmuseum.org/art/collection/search/325526,https://images.metmuseum.org/CRDImages/an/original/DP-28437-001.jpg,1,,,
323185,Earring,Earring,ca. A.D 1st–2nd century,Parthian,,,Gold,1 5/8 × 1/2 × 1/2 in. (4.2 × 1.18 × 1.18 cm),Parthian,,Mesopotamia or Iran,,,,,,,,,Ancient Near Eastern Art,,,False,True,https://www.metmuseum.org/art/collection/search/323185,https://images.metmuseum.org/CRDImages/an/original/DP-1106-001.jpg,0,,,
327043,Palette with a sculpted female head and incised decoration,Palette,ca. 7th century BCE,Iron Age II,,,Calcite,5 1/4 x 3 7/8 in. (13.2 x 9.9 cm),,,Levant,,Heads,,,,,,,Ancient Near Eastern Art,,,False,True,https://www.metmuseum.org/art/collection/search/327043,https://images.metmuseum.org/CRDImages/an/original/vs1984_453_9.jpg,0,,,
322618,Relief panel,Relief,ca. 883–859 BCE,Neo-Assyrian,,,Gypsum alabaster,45 x 37 1/2 x 2 7/8 in. (114.3 x 95.3 x 7.3 cm),Assyrian,,Mesopotamia,,,,,,,,,Ancient Near Eastern Art,,,False,True,https://www.metmuseum.org/art/collection/search/322618,https://images.metmuseum.org/CRDImages/an/original/DP355700.jpg,0,https://www.wikidata.org/wiki/Q116282488,,
325075,Fragment of a grave stele,Relief,ca. 1st century BCE,,,,Alabaster (calcite),H. 5 7/8 × W. 22 3/4 × D. 6 1/4 in. (15 × 57.8 × 15.8 cm),,,Southwestern Arabia,,Ibex,,,,,,,Ancient Near Eastern Art,,,False,True,https://www.metmuseum.org/art/collection/search/325075,https://images.metmuseum.org/CRDImages/an/original/frieze.jpg,0,,,
326037,Cylinder seal,Cylinder seal,ca. 2350–2150 BCE,Akkadian,,,Serpentine/aphrodite,1.56 in. (3.96 cm),Akkadian,,Mesopotamia,,Men|Lions,,,,,,,Ancient Near Eastern Art,,,False,True,https://www.metmuseum.org/art/collection/search/326037,https://images.metmuseum.org/CRDImages/an/original/SS1970_318.jpg,0,,,
327057,Sherd,Sherd,ca. 18th–17th century BCE,Middle Bronze Age,,,Ceramic,1 3/4 × 2 5/8 × 1/8 in. (4.5 × 6.7 × 0.3 cm),Assyrian,,Mesopotamia,,,,,,,,,Ancient Near Eastern Art,,,False,True,https://www.metmuseum.org/art/collection/search/327057,https://images.metmuseum.org/CRDImages/an/original/DP-28463-001.jpg,1,,,
325767,Cosmetic stand,Cosmetic stand,ca. 9th century BCE,"Iron Age II, Hasanlu Period IV",,,Egyptian Blue,3 5/16 × 3 3/8 × 3 3/8 in. (8.4 × 8.5 × 8.5 cm),Iran,,Iran,,,,,,,,,Ancient Near Eastern Art,,,False,True,https://www.metmuseum.org/art/collection/search/325767,https://images.metmuseum.org/CRDImages/an/original/DP-31183-001.jpg,2,,,
326434,Stamp seal,Stamp seal,ca. 5th–7th century CE,Sasanian,,,Stone,0.39 x 0.43 x 0.51 in. (0.99 x 1.09 x 1.3 cm),Sasanian,,Iran,,Animals,,,,,,,Ancient Near Eastern Art,,,False,True,https://www.metmuseum.org/art/collection/search/326434,https://images.metmuseum.org/CRDImages/an/original/ss1986_311_17.jpg,0,,,
325798,Cosmetic container,Cosmetic container,ca. 9th century BCE,"Iron Age II, Hasanlu Period IV",,,"Faience, glaze",2.64 in. (6.71 cm),Iran,,Iran,,,,,,,,,Ancient Near Eastern Art,,,False,True,https://www.metmuseum.org/art/collection/search/325798,https://images.metmuseum.org/CRDImages/an/original/ME65_163_69.jpg,0,,,
325646,Axe head,Axe,3rd millennium BCE,Early Bronze Age,,,"Stone, green black",1.77 x 2.95 in. (4.5 x 7.49 cm),,,Anatolia,,,,,,,,,Ancient Near Eastern Art,,,False,True,https://www.metmuseum.org/art/collection/search/325646,https://images.metmuseum.org/CRDImages/an/original/ME63_147_9.jpg,0,,,
329634,Stud,Stud,ca. 9th century BCE,"Iron Age II, Hasanlu Period IV",,,"Copper, bronze",Diam. 2.4 cm x D. 0.9 cm,Iran,,Iran,,,,,,,,,Ancient Near Eastern Art,,,False,True,https://www.metmuseum.org/art/collection/search/329634,https://images.metmuseum.org/CRDImages/an/original/DP-38824-001.jpg,2,,,
326145,Dagger,Dagger,1st millennium BCE,Iron Age,,,Bronze,13 1/4 × 1 1/4 × 1 3/16 in. (33.7 × 3.1 × 3 cm),Iran,,Iran,,,,,,,,,Ancient Near Eastern Art,,,False,True,https://www.metmuseum.org/art/collection/search/326145,https://images.metmuseum.org/CRDImages/an/original/ME1974_47_1.jpg,0,,,
324246,Sherd,Sherd,ca. 1st century CE,Nabataean,,,Ceramic,0.98 x 2.32 in. (2.49 x 5.89 cm),Nabataean,,Levant,,,,,,,,,Ancient Near Eastern Art,,,False,True,https://www.metmuseum.org/art/collection/search/324246,https://images.metmuseum.org/CRDImages/an/original/DP-28416-001.jpg,1,,,
329631,Sherd,Sherd,ca. mid-7th millennium BCE,Samarra,,,"Ceramic, paint",3 1/8 × 2 11/16 × 3/8 in. (7.9 × 6.9 × 1 cm),Samarra,,Mesopotamia,,,,,,,,,Ancient Near Eastern Art,,,False,True,https://www.metmuseum.org/art/collection/search/329631,https://images.metmuseum.org/CRDImages/an/original/vsz23.75.43c.jpg,0,,,
327675,Cylinder seal with three-figure contest scene,Cylinder seal,late 9th–7th century BCE,Neo-Assyrian / Neo-Babylonian,,,Neutral Chalcedony (Quartz),H.  13/16 in. (2 cm);  Diam.  5/8 in. (1.6 cm),Assyro-Babylonian,,Mesopotamia,,Animals,,,,,,,Ancient Near Eastern Art,,,False,True,https://www.metmuseum.org/art/collection/search/327675,https://images.metmuseum.org/CRDImages/an/original/DP-37682-001.jpg,6,,,
329709,Fragmentary gaming board: game of 58 holes,Game board,ca. 18th century BCE,Middle Bronze Age–Old Assyrian Trading Colony,,,Ivory,1 1/8 × 1 11/16 × 1/8 in. (2.8 × 4.3 × 0.3 cm),Old Assyrian Trading Colony,,Anatolia,,,,,,,,,Ancient Near Eastern Art,,,False,True,https://www.metmuseum.org/art/collection/search/329709,https://images.metmuseum.org/CRDImages/an/original/DP122427.jpg,0,,,
325613,Lion pin,Pin,ca. 9th century BCE,"Iron Age II, Hasanlu Period IV",,,"Bronze, iron",1 3/4 in. × 1 in. × 2 1/2 in. (4.5 × 2.6 × 6.4 cm),Iran,,Iran,,Lions,,,,,,,Ancient Near Eastern Art,,,False,True,https://www.metmuseum.org/art/collection/search/325613,https://images.metmuseum.org/CRDImages/an/original/DP-30241-001.jpg,3,,,
322330,Stamp seal,Stamp seal,ca. 3rd–7th century CE,Sasanian,,,"Chalcedony, brown",0.55 x 0.55 in. (1.4 x 1.4 cm),Sasanian,,Iran or Mesopotamia,,Peacocks,,,,,,,Ancient Near Eastern Art,,,False,True,https://www.metmuseum.org/art/collection/search/322330,https://images.metmuseum.org/CRDImages/an/original/ss99_22_61.jpg,0,,,
326146,Earring,Earring,ca. 1st century BCE–1st century CE,Parthian,,,"Silver, gold",1.57 in. (3.99 cm),Parthian,,Iran (?),,,,,,,,,Ancient Near Eastern Art,,,False,True,https://www.metmuseum.org/art/collection/search/326146,https://images.metmuseum.org/CRDImages/an/original/ME1974_47_2.jpg,0,,,
324072,Bead,Bead,ca. 3rd century BCE,Iron Age,,,Agate,0.06 x 0.45 x 1.3 in. (0.15 x 1.14 x 3.3 cm),,,Indus region,,,,,,,,,Ancient Near Eastern Art,,,False,True,https://www.metmuseum.org/art/collection/search/324072,https://images.metmuseum.org/CRDImages/an/original/DP-40330-001.jpg,0,,,
327338,Bracelet with horses at terminals,Bracelet,1st millennium BCE,Iron Age,,,Bronze,3.35 x 2.95 in. (8.51 x 7.49 cm),,,Western Iran,,Horses,,,,,,,Ancient Near Eastern Art,,,False,True,https://www.metmuseum.org/art/collection/search/327338,https://images.metmuseum.org/CRDImages/an/original/DP-38740-001.jpg,1,,,
327313,Scaraboid seal with relief of udjat eye,Stamp seal,ca. mid 22nd–20th century BCE,First Intermediate Period–early Middle Kingdom,,,Stone,0.24 x 0.39 x 0.55 in. (0.61 x 0.99 x 1.4 cm),Egyptian,,Egypt,,,,,,,,,Ancient Near Eastern Art,,,False,True,https://www.metmuseum.org/art/collection/search/327313,https://images.metmuseum.org/CRDImages/an/original/ss1987_96_35.jpg,0,,,
324296,Jar,Jar,ca. 13th–12th century BCE,Middle Assyrian,,,"Ceramic, paint",4 1/2 × 3 3/8 × 3 3/8 in. (11.4 × 8.5 × 8.5 cm),Assyrian,,Mesopotamia,,,,,,,,,Ancient Near Eastern Art,,,False,True,https://www.metmuseum.org/art/collection/search/324296,https://images.metmuseum.org/CRDImages/an/original/DP-31173-001.jpg,1,,,
324911,Inscribed brick: dedicatory inscription of Adad-shuma-usur,Brick,ca. 1216–1187 BCE,Kassite,,,Ceramic,"Brick: 13.4 × 10.9 × 7 cm (5 1/4 × 4 5/16 × 2 3/4 in.)
Inscription: 10.6 × 8.6 cm (4 3/16 × 3 3/8 in.)",Kassite,,Mesopotamia,,,,,,,,,Ancient Near Eastern Art,,,False,True,https://www.metmuseum.org/art/collection/search/324911,https://images.metmuseum.org/CRDImages/an/original/DP360678.jpg,1,,,
321682,"Cuneiform tablet: account of delivery of animals for offering, Ebabbar archive",Cuneiform tablet,ca. 614 BCE,Neo-Babylonian,,,Clay,1.89 x 3.5 x .87 in. (4.8 x 8.9 x 2.2 cm),Babylonian,,Mesopotamia,,,,,,,,,Ancient Near Eastern Art,,,False,True,https://www.metmuseum.org/art/collection/search/321682,https://images.metmuseum.org/CRDImages/an/original/ME86_11_66.jpg,1,,,
323576,Furniture element with a monkey,Furniture element,ca. 18th century BCE,Middle Bronze Age–Old Assyrian Trading Colony,,,Ivory,1.02 x 0.71 in. (2.59 x 1.8 cm),Old Assyrian Trading Colony,,Anatolia,,Monkeys,,,,,,,Ancient Near Eastern Art,,,False,True,https://www.metmuseum.org/art/collection/search/323576,https://images.metmuseum.org/CRDImages/an/original/DP110501.jpg,0,https://www.wikidata.org/wiki/Q116282520,,
326674,Figurine,Sculpture,ca. late 3rd–early 2nd millennium BCE,Bronze Age,,,Copper alloy,1.81 x 1.73 in. (4.6 x 4.39 cm),Bactria-Margiana Archaeological Complex,,Bactria-Margiana,,Animals,,,,,,,Ancient Near Eastern Art,,,False,True,https://www.metmuseum.org/art/collection/search/326674,https://images.metmuseum.org/CRDImages/an/original/ME1981_448_17.jpg,0,,,
323589,Furniture element,Furniture element,ca. 18th century BCE,Middle Bronze Age–Old Assyrian Trading Colony,,,Ivory,1.34 x 1.1 in. (3.4 x 2.79 cm),Old Assyrian Trading Colony,,Anatolia,,,,,,,,,Ancient Near Eastern Art,,,False,True,https://www.metmuseum.org/art/collection/search/323589,https://images.metmuseum.org/CRDImages/an/original/DP122452.jpg,0,,,
326546,Blade,Blade,ca. 4600–3600 BCE,Chalcolithic,,,Stone,0.37 x 1.5 in. (0.94 x 3.81 cm),Ghassulian,,Levant,,,,,,,,,Ancient Near Eastern Art,,,False,True,https://www.metmuseum.org/art/collection/search/326546,https://images.metmuseum.org/CRDImages/an/original/DP-41895-001.jpg,1,,,
321547,"Cuneiform tablet: promissory note for dates, Egibi archive",Cuneiform tablet,ca. 519 BCE,Achaemenid,,,Clay,3.5 x 4.6 x 1.8 cm (1 3/8 x 1 3/4 x 3/4 in.),Achaemenid,,Mesopotamia,,,,,,,,,Ancient Near Eastern Art,,,False,True,https://www.metmuseum.org/art/collection/search/321547,https://images.metmuseum.org/CRDImages/an/original/ME79_7_27.jpg,1,,,
322742,Lamp,Lamp,ca. 3rd–7th century CE,Sasanian,,,Ceramic,2 5/16 x 4 3/16 in. (5.9 x 10.6 cm),Sasanian,,Mesopotamia,,,,,,,,,Ancient Near Eastern Art,,,False,True,https://www.metmuseum.org/art/collection/search/322742,https://images.metmuseum.org/CRDImages/an/original/DP-14245-005.jpg,1,,,
322452,Cuneiform tablet: list of builders,Cuneiform tablet,ca. 1758 BCE,Old Babylonian,,,Clay,3 x 3 x 2 cm (1 1/8 x 1 1/8 x 3/4 in.),Babylonian,,Mesopotamia,,,,,,,,,Ancient Near Eastern Art,,,False,True,https://www.metmuseum.org/art/collection/search/322452,https://images.metmuseum.org/CRDImages/an/original/ME11_217_8.jpg,1,,,
324848,Inlay,Inlay,n.d.a.,,,,"Lapis lazuli, copper",0.16 x 0.67 x 0.87 in. (0.41 x 1.7 x 2.21 cm),,,Mesopotamia,,,,,,,,,Ancient Near Eastern Art,,,False,True,https://www.metmuseum.org/art/collection/search/324848,https://images.metmuseum.org/CRDImages/an/original/DP-15621-012.jpg,1,,,
328792,"Cuneiform tablet: animal inventory from the reign of Nabopolassar or Nebuchadnezzar II, Ebabbar archive",Cuneiform tablet,ca. late 7th–early 6th century BCE,Neo-Babylonian,,,Clay,Thickness: 7/8 in. (2.3 cm),Babylonian,,Mesopotamia,,,,,,,,,Ancient Near Eastern Art,,,False,True,https://www.metmuseum.org/art/collection/search/328792,https://images.metmuseum.org/CRDImages/an/original/vsx706_3a.jpg,1,,,
324560,Scarab seal,Stamp seal,ca. 1700–1560 BCE,"Dynasty 15-17, 2nd Intermediate Period, Hyksos",,,"Steatite, white pink",0.51 x 0.75 in. (1.3 x 1.91 cm),,,Levant,,Scarabs,,,,,,,Ancient Near Eastern Art,,,False,True,https://www.metmuseum.org/art/collection/search/324560,https://images.metmuseum.org/CRDImages/an/original/ss56_152_6.jpg,0,,,
321887,Figure of standing woman,Sculpture,ca. 2nd century BCE–2nd century CE,Parthian,,,Ivory,2 1/2 × 13/16 × 3/8 in. (6.4 × 2.1 × 0.9 cm),Parthian,,Mesopotamia,,Female Nudes,,,,,,,Ancient Near Eastern Art,,,False,True,https://www.metmuseum.org/art/collection/search/321887,https://images.metmuseum.org/CRDImages/an/original/DP-40286-001.jpg,1,,,
327042,Ornament,Ornament,1st millennium BCE,Iron Age,,,Faience,2.57 x 2.45 x 0.2 in. (6.53 x 6.22 x 0.51 cm),Iran,,Iran,,,,,,,,,Ancient Near Eastern Art,,,False,True,https://www.metmuseum.org/art/collection/search/327042,https://images.metmuseum.org/CRDImages/an/original/DP-40541-001.jpg,0,,,
325223,Arrowhead,Arrowhead,2nd–1st millennium BCE,Iron Age,,,Bronze,1.18 x 6.46 in. (3 x 16.41 cm),Iran,,Iran,,,,,,,,,Ancient Near Eastern Art,,,False,True,https://www.metmuseum.org/art/collection/search/325223,https://images.metmuseum.org/CRDImages/an/original/DP-37479-001.jpg,0,,,
328767,Cylinder seal,Cylinder seal,ca. 1820–1730 BCE,Old Syrian,,,Stone,H. 2.2 cm x Diam. 1.2 cm,,,Syria,,Griffins,,,,,,,Ancient Near Eastern Art,,,False,True,https://www.metmuseum.org/art/collection/search/328767,https://images.metmuseum.org/CRDImages/an/original/DP-39043-001.jpg,3,,,
326942,Earrings,Earrings,1st millennium BCE (?),Late Bronze Age,,,Gold,1.42 x 1.34 in. (3.61 x 3.4 cm),Iran,,Iran,,,,,,,,,Ancient Near Eastern Art,,,False,True,https://www.metmuseum.org/art/collection/search/326942,https://images.metmuseum.org/CRDImages/an/original/DP-33053-001.jpg,1,,,
325351,Furniture plaque carved in relief with two falcon-headed sphinxes trampling captives,Relief,ca. 9th–7th century BCE,Neo-Assyrian,,,Ivory,3 1/4 × 7 3/4 × 3 1/8 in. (8.2 × 19.7 × 8 cm),Assyrian,,Mesopotamia,,Men|Sphinx,,,,,,,Ancient Near Eastern Art,,,False,True,https://www.metmuseum.org/art/collection/search/325351,https://images.metmuseum.org/CRDImages/an/original/DP110680.jpg,0,,,
323550,Sealing with stamp seal impression: double-headed eagle and geometric borders,Sealing,ca. 18th century BCE,Middle Bronze Age–Old Assyrian Trading Colony,,,Ceramic,13/16 x 11/16 in. (2.1 x 1.7 cm),Old Assyrian Trading Colony,,Anatolia,,,,,,,,,Ancient Near Eastern Art,,,False,True,https://www.metmuseum.org/art/collection/search/323550,https://images.metmuseum.org/CRDImages/an/original/vs36_70_32.jpg,0,,,
321902,Cuneiform prism: inscription of Esarhaddon,Cuneiform prism,ca. 676–672 BCE,Neo-Assyrian,,,Clay,2.89 x 3.25 in. (7.35 x 8.26 cm),Assyrian,,Mesopotamia,,,,,,,,,Ancient Near Eastern Art,,,False,True,https://www.metmuseum.org/art/collection/search/321902,https://images.metmuseum.org/CRDImages/an/original/ME86_11_278.jpg,1,,,
324805,Cuneiform tablet: private letter fragment,Cuneiform tablet,ca. 20th–19th century BCE,Middle Bronze Age–Old Assyrian Trading Colony,,,Clay,4 x 4.4 x 0.8 cm (1 5/8 x 1 3/4 x 3/8 in.),Old Assyrian Trading Colony,,Anatolia,,,,,,,,,Ancient Near Eastern Art,,,False,True,https://www.metmuseum.org/art/collection/search/324805,https://images.metmuseum.org/CRDImages/an/original/ME58_108.jpg,1,,,
323907,Cylinder seal with two-figure contest scene,Cylinder seal,late 9th–8th century BCE,Neo-Babylonian,,,Banded and flawed blue Chalcedony (Quartz),1.14 in. (2.9 cm),Babylonian,,Mesopotamia,,Animals,,,,,,,Ancient Near Eastern Art,,,False,True,https://www.metmuseum.org/art/collection/search/323907,https://images.metmuseum.org/CRDImages/an/original/ss41_160_319.jpg,0,,,
325037,Bead,Bead,ca. 9th century BCE,"Iron Age II, Hasanlu Period IV",,,Bone,0.55 in. (1.4 cm),Iran,,Iran,,,,,,,,,Ancient Near Eastern Art,,,False,True,https://www.metmuseum.org/art/collection/search/325037,https://images.metmuseum.org/CRDImages/an/original/DP-33832-001.jpg,1,,,
327710,"Cylinder seal and modern impression: battle scene with king, soldiers, enemy",Cylinder seal,ca. 6th–5th century BCE,Achaemenid,,,Chalcedony,H.  7/8 in. (2.3 cm);  D.  9/16 in. (1.5 cm),Achaemenid,,Iran,,Battles|Soldiers|Kings,,,,,,,Ancient Near Eastern Art,,,False,True,https://www.metmuseum.org/art/collection/search/327710,https://images.metmuseum.org/CRDImages/an/original/DP-16934-022.jpg,2,,,
324281,Arrowhead,Arrowhead,ca. 7500–4500 BCE (?),Neolithic or Chalcolithic,,,Flint,0.39 x 2.4 in. (0.99 x 6.1 cm),,,Southern Levant,,,,,,,,,Ancient Near Eastern Art,,,False,True,https://www.metmuseum.org/art/collection/search/324281,https://images.metmuseum.org/CRDImages/an/original/me 53_151_18to24group.jpg,0,,,
326013,Pin,Pin,ca. 3rd–2nd century BCE,Parthian (?),,,Silver,4.02 in. (10.21 cm),Parthian (?),,Iran (?),,,,,,,,,Ancient Near Eastern Art,,,False,True,https://www.metmuseum.org/art/collection/search/326013,https://images.metmuseum.org/CRDImages/an/original/ME1970_202_1.jpg,0,,,
324195,Harness ring surmounted by bull,Harness ring,ca. 2600–2350 BCE,Early Dynastic III,,,Copper alloy,5.71 x 2.76 in. (14.5 x 7.01 cm),Sumerian,,Mesopotamia,,,,,,,,,Ancient Near Eastern Art,,,False,True,https://www.metmuseum.org/art/collection/search/324195,https://images.metmuseum.org/CRDImages/an/original/ME51_174.jpg,0,,,
322910,Necklace beads,Beads,ca. 2600–2500 BCE,Early Dynastic IIIa,,,"Gold, lapis lazuli",L. 54 cm,Sumerian,,Mesopotamia,,,,,,,,,Ancient Near Eastern Art,,,False,True,https://www.metmuseum.org/art/collection/search/322910,https://images.metmuseum.org/CRDImages/an/original/DP-23659-001.jpg,0,,,
322040,"Cuneiform tablet: fragment of a document concerning land disposition, Esagilaya archive",Cuneiform tablet,ca. 536 BCE,Achaemenid,,,Clay,3.8 x 6.5 x 2.1 cm (1 1/2 x 2 1/2 x 7/8 in.),Achaemenid,,Mesopotamia,,,,,,,,,Ancient Near Eastern Art,,,False,True,https://www.metmuseum.org/art/collection/search/322040,https://images.metmuseum.org/CRDImages/an/original/vs86_11_425.jpg,1,,,
326859,Stamp seal,Stamp seal,ca. late 3rd–early 2nd millennium BCE,Bronze Age,,,Copper alloy,0.63 in. (1.6 cm),Bactria-Margiana Archaeological Complex,,Bactria-Margiana,,,,,,,,,Ancient Near Eastern Art,,,False,True,https://www.metmuseum.org/art/collection/search/326859,https://images.metmuseum.org/CRDImages/an/original/SS1983_535_120.jpg,0,,,
325100,Animal head ornament,Ornament,1st millennium BCE,Iron Age,,,Bronze,0.51 x 0.59 x 0.83 in. (1.3 x 1.5 x 2.11 cm),,,Transcaucasia,,Animals,,,,,,,Ancient Near Eastern Art,,,False,True,https://www.metmuseum.org/art/collection/search/325100,https://images.metmuseum.org/CRDImages/an/original/ME61_60_7.jpg,0,,,
321510,Weight,Weight,3rd–1st millennium BCE,,,,Hematite,L. 3.13 cm (1 1/4 in.) Diam. 1.82 cm (11/16 in.) Wt. 24.97 grams,,,Cyprus or Western Asia,,,,,,,,,Ancient Near Eastern Art,,,False,True,https://www.metmuseum.org/art/collection/search/321510,https://images.metmuseum.org/CRDImages/an/original/DP-32026-001.jpg,1,,,
325934,Jar,Jar,ca. 19th–16th century BCE,Middle Bronze Age,,,Ceramic,3.86 in. (9.8 cm),Iran,,Iran,,,,,,,,,Ancient Near Eastern Art,,,False,True,https://www.metmuseum.org/art/collection/search/325934,https://images.metmuseum.org/CRDImages/an/original/ME67_247_15.jpg,0,,,
327265,Cup,Cup,ca. mid-3rd millennium BCE,Early Bronze Age,,,Silver,H. 2 3/4 in. (7 cm),,,Syria,,,,,,,,,Ancient Near Eastern Art,,,False,True,https://www.metmuseum.org/art/collection/search/327265,https://images.metmuseum.org/CRDImages/an/original/DP-30810-001.jpg,1,,,
324522,Cylinder seal,Cylinder seal,ca. 15th–14th century BCE,Mitanni,,,Faience,1 in. (2.54 cm),Mitanni,,,,Animals,,,,,,,Ancient Near Eastern Art,,,False,True,https://www.metmuseum.org/art/collection/search/324522,https://images.metmuseum.org/CRDImages/an/original/DP-41495-001.jpg,3,,,
322392,Cylinder seal,Cylinder seal,ca. 15th–13th century BCE,Late Cypriot,,,Steatite,0.96 in. (2.44 cm),Cypriot,,Cyprus,,,,,,,,,Ancient Near Eastern Art,,,False,True,https://www.metmuseum.org/art/collection/search/322392,https://images.metmuseum.org/CRDImages/an/original/DP-39893-001.jpg,3,,,
323858,Stamp seal,Stamp seal,ca. early 4th century CE,Sasanian,,,Agate,0.47 x 0.59 in. (1.19 x 1.5 cm),Sasanian,,Iran or Mesopotamia,,,,,,,,,Ancient Near Eastern Art,,,False,True,https://www.metmuseum.org/art/collection/search/323858,https://images.metmuseum.org/CRDImages/an/original/ss41_160_267.jpg,0,,,
324136,Cone-shaped vase with geometric decoration,Vase,ca. 4500–4100 BCE,Chalcolithic,,,"Ceramic, paint",8 1/8 × 5 13/16 × 5 13/16 in. (20.6 × 14.8 × 14.8 cm),Iran,,Iran,,,,,,,,,Ancient Near Eastern Art,,,False,True,https://www.metmuseum.org/art/collection/search/324136,https://images.metmuseum.org/CRDImages/an/original/DP341326.jpg,3,,,
324446,Crescent-shaped axe head,Axe,ca. 2300–2000 BCE,Early Bronze Age III,,,Bronze,9.75 in. (24.77 cm),Hattian,,Central Anatolia,,,,,,,,,Ancient Near Eastern Art,,,False,True,https://www.metmuseum.org/art/collection/search/324446,https://images.metmuseum.org/CRDImages/an/original/DP-38030-001.jpg,0,,,
323669,Sherd,Sherd,ca. 3100–2700 BCE,Early Bronze Age,,,Ceramic,2.87 x 0.24 in. (7.29 x 0.61 cm),Iran,,Iran,,,,,,,,,Ancient Near Eastern Art,,,False,True,https://www.metmuseum.org/art/collection/search/323669,https://images.metmuseum.org/CRDImages/an/original/DP-28773-001.jpg,1,,,
322751,Fragment of a figure,Sculpture,ca. 2nd century BCE–3rd century CE,Parthian,,,Ceramic,3 1/8 × 2 5/8 × 1 1/8 in. (8 × 6.7 × 2.8 cm),Parthian,,Mesopotamia,,,,,,,,,Ancient Near Eastern Art,,,False,True,https://www.metmuseum.org/art/collection/search/322751,https://images.metmuseum.org/CRDImages/an/original/DP-25657-001.jpg,1,,,
324993,Jar,Jar,ca. 9th century BCE,"Iron Age II, Hasanlu Period IV",,,Ceramic,7.87 in. (19.99 cm),Iran,,Iran,,,,,,,,,Ancient Near Eastern Art,,,False,True,https://www.metmuseum.org/art/collection/search/324993,https://images.metmuseum.org/CRDImages/an/original/ME60_20_2.jpg,0,,,
324839,Dagger,Dagger,n.d.a.,,,,Iron,0.83 x 1.61 x 5.71 in. (2.11 x 4.09 x 14.5 cm),,,Mesopotamia,,,,,,,,,Ancient Near Eastern Art,,,False,True,https://www.metmuseum.org/art/collection/search/324839,https://images.metmuseum.org/CRDImages/an/original/ME59_41_9.jpg,0,,,
325437,Squat jar with pierced lug handles,Jar,ca. 3600–3400 BCE,Middle Uruk,,,"Ceramic, paint",2.87 in. (7.29 cm),,,Mesopotamia,,,,,,,,,Ancient Near Eastern Art,,,False,True,https://www.metmuseum.org/art/collection/search/325437,https://images.metmuseum.org/CRDImages/an/original/DP-15117-029.jpg,0,,,
891688,Turris Babel,Book,1679,Baroque,,,"Paper, board, leather",H. 15 1/4 × W. 10 1/16 × D. 1 1/4 in. (38.7 × 25.6 × 3.2 cm),German,,,,,Lievin Cruyl,Artist,,,,,Ancient Near Eastern Art,,,False,True,https://www.metmuseum.org/art/collection/search/891688,https://images.metmuseum.org/CRDImages/an/original/DP-35713-004.jpg,27,,https://www.wikidata.org/wiki/Q6544486,http://vocab.getty.edu/page/ulan/500008645
325896,Unguentarium,Vessel,ca. 1st century CE,Nabataean,,,Ceramic,2 11/16 × 1 11/16 × 1 11/16 in. (6.8 × 4.3 × 4.3 cm),Nabataean,,Levant,,,,,,,,,Ancient Near Eastern Art,,,False,True,https://www.metmuseum.org/art/collection/search/325896,https://images.metmuseum.org/CRDImages/an/original/ME67_246_15.jpg,0,,,
324521,Cylinder seal with hunting scene,Cylinder seal,late 9th–early 7th century BCE,Neo-Assyrian,,,Faience,0.94 in. (2.39 cm),Assyrian,,Iran,,,,,,,,,Ancient Near Eastern Art,,,False,True,https://www.metmuseum.org/art/collection/search/324521,https://images.metmuseum.org/CRDImages/an/original/DP-41494-001.jpg,3,,,
322753,Head,Sculpture,ca. 2nd century BCE–3rd century CE,Parthian,,,Ceramic,2 1/2 in. × 2 in. × 1 1/2 in. (6.4 × 5.1 × 3.8 cm),Parthian,,Mesopotamia,,Heads,,,,,,,Ancient Near Eastern Art,,,False,True,https://www.metmuseum.org/art/collection/search/322753,https://images.metmuseum.org/CRDImages/an/original/DP-34794-001.jpg,3,,,
326566,Scraper,Scraper,ca. 4600–3600 BCE,Chalcolithic,,,Stone,1.18 x 1.38 x 2.17 in. (3 x 3.51 x 5.51 cm),Ghassulian,,Levant,,,,,,,,,Ancient Near Eastern Art,,,False,True,https://www.metmuseum.org/art/collection/search/326566,https://images.metmuseum.org/CRDImages/an/original/DP-41916-001.jpg,0,,,
327137,Seated female,Sculpture,ca. late 8th millennium BCE,Neolithic,,,Talc,1.57 x 1.16 in. (3.99 x 2.95 cm),,,Syria,,Women,,,,,,,Ancient Near Eastern Art,,,False,True,https://www.metmuseum.org/art/collection/search/327137,https://images.metmuseum.org/CRDImages/an/original/DP-32556-001.jpg,2,,,
324527,Cylinder seal,Cylinder seal,ca. 15th–14th century BCE,Mitanni,,,Faience,0.68 in. (1.73 cm),Mitanni,,,,,,,,,,,Ancient Near Eastern Art,,,False,True,https://www.metmuseum.org/art/collection/search/324527,https://images.metmuseum.org/CRDImages/an/original/DP-41500-001.jpg,3,,,
327142,Seated figure,Sculpture,ca. late 8th millennium BCE,Neolithic,,,Limestone,0.89 x 0.59 in. (2.26 x 1.5 cm),,,Syria,,,,,,,,,Ancient Near Eastern Art,,,False,True,https://www.metmuseum.org/art/collection/search/327142,https://images.metmuseum.org/CRDImages/an/original/DP-32557-002.jpg,2,,,
327845,Spatula,Spatula,4th millennium BCE,Late Chalcolithic,,,Bone,1 x 1/4 x 7 5/8 in. (2.5 x 0.7 x 19.3 cm),,,Iran,,,,,,,,,Ancient Near Eastern Art,,,False,True,https://www.metmuseum.org/art/collection/search/327845,https://images.metmuseum.org/CRDImages/an/original/SGINST62_3_12.jpg,0,,,
324651,Bowl sherd,Bowl,ca. 8th–7th century BCE,Neo-Assyrian,,,Ceramic,0.31 x 5 in. (0.79 x 12.7 cm),Assyrian,,Mesopotamia,,,,,,,,,Ancient Near Eastern Art,,,False,True,https://www.metmuseum.org/art/collection/search/324651,https://images.metmuseum.org/CRDImages/an/original/DP-28276-001.jpg,1,,,
327025,Triangular prism with three oval seal faces,Stamp seal,ca. 18th century BCE,Middle Minoan II,,,"Chlorite or steatite, black","Seal Face: 2.01 -.05 x 1.54 cm
Height:
String Hole: 0.3 x 0.5",Minoan,,Crete,,,,,,,,,Ancient Near Eastern Art,,,False,True,https://www.metmuseum.org/art/collection/search/327025,https://images.metmuseum.org/CRDImages/an/original/ss1984_383_64.jpg,0,,,
323733,Beads,Beads,ca. 1000 BCE,,,,"Feldspar, steatite",20 in. (50.8 cm),,,Mesopotamia,,,,,,,,,Ancient Near Eastern Art,,,False,True,https://www.metmuseum.org/art/collection/search/323733,https://images.metmuseum.org/CRDImages/an/original/ME40_55_3.jpg,0,,,
323392,Sealing,Sealing,ca. 7th century CE,Sasanian,,,Un-baked clay,0.51 in. (1.3 cm),Sasanian,,Iran,,,,,,,,,Ancient Near Eastern Art,,,False,True,https://www.metmuseum.org/art/collection/search/323392,https://images.metmuseum.org/CRDImages/an/original/ME36_30_171.jpg,0,,,
325768,Bead,Bead,ca. 9th century BCE,"Iron Age II, Hasanlu Period IV",,,"Glass, Egyptian Blue",3.58 in. (9.09 cm),Iran,,Iran,,,,,,,,,Ancient Near Eastern Art,,,False,True,https://www.metmuseum.org/art/collection/search/325768,https://images.metmuseum.org/CRDImages/an/original/ME65_163_39.jpg,0,,,
321827,Cuneiform tablet: fragment of a field lease,Cuneiform tablet,ca. 7th–4th century BCE,Neo-Babylonian or Achaemenid,,,Clay,2.6 x 4.2 x 2 cm (1 x 1 5/8 x 3/4 in.),Babylonian or Achaemenid,,Mesopotamia,,,,,,,,,Ancient Near Eastern Art,,,False,True,https://www.metmuseum.org/art/collection/search/321827,https://images.metmuseum.org/CRDImages/an/original/vs86_11_450.jpg,1,,,
325864,Cuneiform tablet case impressed with four cylinder seals,Cuneiform tablet case,ca. 20th–19th century BCE,Middle Bronze Age–Old Assyrian Trading Colony,,,Clay,5.8 x 5.5 x 2.1 cm (2 1/4 x 2 1/8 x 7/8 in.),Old Assyrian Trading Colony,,Anatolia,,,,,,,,,Ancient Near Eastern Art,,,False,True,https://www.metmuseum.org/art/collection/search/325864,https://images.metmuseum.org/CRDImages/an/original/ME66_245_23.jpg,5,,,
327572,Iron arrow tip,Arrow,ca. 7th–9th century CE,,,,Metal,3.25 in. (8.26 cm),Alanic,,Caucasus region,,,,,,,,,Ancient Near Eastern Art,,,False,True,https://www.metmuseum.org/art/collection/search/327572,https://images.metmuseum.org/CRDImages/an/original/DP-34674-001.jpg,0,,,
326170,Bead,Bead,ca. 7th–6th century BCE,Iron Age III,,,Gold,0.04 x 0.2 in. (0.1 x 0.51 cm),Iran,,Iran,,,,,,,,,Ancient Near Eastern Art,,,False,True,https://www.metmuseum.org/art/collection/search/326170,https://images.metmuseum.org/CRDImages/an/original/ME1975_362_5.jpg,0,,,
323555,Curved spout,Spout,ca. 18th century BCE,Middle Bronze Age–Old Assyrian Trading Colony,,,Ceramic,2.2 x 4.13 in. (5.59 x 10.49 cm),Old Assyrian Trading Colony,,Anatolia,,,,,,,,,Ancient Near Eastern Art,,,False,True,https://www.metmuseum.org/art/collection/search/323555,https://images.metmuseum.org/CRDImages/an/original/vs36_70_38.jpg,0,,,
326570,Awl (?),Awl,ca. 4600–3600 BCE,Chalcolithic,,,Bone,0.62 x 2.75 in. (1.57 x 6.99 cm),Ghassulian,,Levant,,,,,,,,,Ancient Near Eastern Art,,,False,True,https://www.metmuseum.org/art/collection/search/326570,https://images.metmuseum.org/CRDImages/an/original/DP-41919-001.jpg,1,,,
324605,Head of mushhushshu,Sculpture,ca. 9th century BCE,Neo-Assyrian,,,Stone,0.59 x 1.73 in. (1.5 x 4.39 cm),Assyrian,,Mesopotamia,,,,,,,,,Ancient Near Eastern Art,,,False,True,https://www.metmuseum.org/art/collection/search/324605,https://images.metmuseum.org/CRDImages/an/original/DP-32544-001.jpg,2,,,
326097,Sherd,Sherd,ca. early 2nd millennium BCE,Middle Bronze Age,,,Ceramic,1.57 x 2.68 in. (3.99 x 6.81 cm),,,Mesopotamia,,,,,,,,,Ancient Near Eastern Art,,,False,True,https://www.metmuseum.org/art/collection/search/326097,https://images.metmuseum.org/CRDImages/an/original/DP-30050-001.jpg,1,,,
322000,"Cuneiform tablet impressed with stamp seal: receipt, Esagilaya archive",Cuneiform tablet,ca. 626–539 BCE,Neo-Babylonian,,,Clay,2.8 x 3.7 x 1.6 cm (1 1/8 x 1 1/2 x 5/8 in.),Babylonian,,Mesopotamia,,,,,,,,,Ancient Near Eastern Art,,,False,True,https://www.metmuseum.org/art/collection/search/322000,https://images.metmuseum.org/CRDImages/an/original/ME86_11_380.jpg,1,,,
325008,Spouted pitcher,Pitcher,ca. 9th century BCE,"Iron Age II, Hasanlu Period IV",,,Ceramic,Diamater: 10.00 in. (25.40 cm); Height: 8.13 in. (20.65 cm); Diameter of rim: 4.50 in. (11.43 cm); Length of spout from rim: 6.13 in. (15.57 cm),Iran,,Iran,,,,,,,,,Ancient Near Eastern Art,,,False,True,https://www.metmuseum.org/art/collection/search/325008,https://images.metmuseum.org/CRDImages/an/original/ME60_20_18.jpg,0,,,
321575,Stamp seal,Stamp seal,ca. late 4th century CE,Sasanian,,,Carnelian,0.39 x 0.16 x 0.51 in. (0.99 x 0.41 x 1.3 cm),Sasanian,,Iran or Mesopotamia,,,,,,,,,Ancient Near Eastern Art,,,False,True,https://www.metmuseum.org/art/collection/search/321575,https://images.metmuseum.org/CRDImages/an/original/DP-31835-001.jpg,3,,,
321484,Scarab seal,Stamp seal,ca. 7th–6th century BCE,Cypro-Archaic,,,"Faience (?) or glazed steatite, gray-green","Seal Face: 1.34 x 1.07 cm
Height: 0.8 cm
String Hole: 0.15 cm",Cypriot,,Cyprus,,,,,,,,,Ancient Near Eastern Art,,,False,True,https://www.metmuseum.org/art/collection/search/321484,https://images.metmuseum.org/CRDImages/an/original/DP-32779-001.jpg,3,,,
325203,Stud,Stud,ca. 9th century BCE,"Iron Age II, Hasanlu Period IV",,,"Gold, copper/bronze",5/16 × 3/4 in. (0.8 × 1.9 cm),Iran,,Iran,,,,,,,,,Ancient Near Eastern Art,,,False,True,https://www.metmuseum.org/art/collection/search/325203,https://images.metmuseum.org/CRDImages/an/original/DP-32918-001.jpg,1,,,
322492,Alabastron,Alabastron,ca. mid-1st millennium BCE,,,,Glass,5 3/8 × 2 1/8 × 2 1/8 in. (13.6 × 5.4 × 5.4 cm),,,Mesopotamia,,,,,,,,,Ancient Near Eastern Art,,,False,True,https://www.metmuseum.org/art/collection/search/322492,https://images.metmuseum.org/CRDImages/an/original/hb17_194_586.jpg,0,https://www.wikidata.org/wiki/Q116282545,,
326597,Stag pendant with bell feet,Pendant,ca. early 1st millennium BCE,Iron Age,,,Bronze,3.31 x 3.15 in. (8.41 x 8 cm),,,Transcaucasia or Iran,,Deer,,,,,,,Ancient Near Eastern Art,,,False,True,https://www.metmuseum.org/art/collection/search/326597,https://images.metmuseum.org/CRDImages/an/original/ME1978_514_23.jpg,0,,,
322275,Stamp seal with loop handle,Stamp seal,2nd millennium BCE (?),Old Elamite (?),,,"Steatite, black","Diameter: 2.27-.31 cm
Height: 1.27 cm
String Hole: 0.4 cm",Iran,,Iran (?),,,,,,,,,Ancient Near Eastern Art,,,False,True,https://www.metmuseum.org/art/collection/search/322275,https://images.metmuseum.org/CRDImages/an/original/ss99_22_6gp.jpg,0,,,
325629,Bowl,Bowl,ca. 9th century BCE,"Iron Age II, Hasanlu Period IV",,,Stone,2.4 in. (6.1 cm),Iran,,Iran,,,,,,,,,Ancient Near Eastern Art,,,False,True,https://www.metmuseum.org/art/collection/search/325629,https://images.metmuseum.org/CRDImages/an/original/ME63_109_22.jpg,0,,,
322888,Seal ring and modern impression: horned animal,Stamp seal ring,ca. 8th–7th century BCE,Iron Age III,,,Bronze,1.38 in. (3.51 cm),,,"Iran, probably from Luristan",,Animals,,,,,,,Ancient Near Eastern Art,,,False,True,https://www.metmuseum.org/art/collection/search/322888,https://images.metmuseum.org/CRDImages/an/original/DP-39437-001.jpg,3,,,
322696,Relief fragment,Relief,ca. 6th–8th century CE,Sasanian–early Islamic,,,Stucco,7 5/16 × 8 1/16 × 2 3/4 in. (18.5 × 20.4 × 7 cm),Sasanian or Islamic,,Mesopotamia,,,,,,,,,Ancient Near Eastern Art,,,False,True,https://www.metmuseum.org/art/collection/search/322696,https://images.metmuseum.org/CRDImages/an/original/DP-25370-001.jpg,0,,,
325801,Spouted jar,Jar,ca. 9th century BCE,"Iron Age II, Hasanlu Period IV",,,Ceramic,5.12 in. (13 cm),Iran,,Iran,,,,,,,,,Ancient Near Eastern Art,,,False,True,https://www.metmuseum.org/art/collection/search/325801,https://images.metmuseum.org/CRDImages/an/original/ME65_163_72.jpg,0,,,
323990,Figure of crouching lion,Sculpture,ca. 8th–7th century BCE,Iron Age III,,,Ivory,1/4 × 5/16 × 1 9/16 in. (0.7 × 0.8 × 3.9 cm),Iran,,"Iran, Luristan",,Lions,,,,,,,Ancient Near Eastern Art,,,False,True,https://www.metmuseum.org/art/collection/search/323990,https://images.metmuseum.org/CRDImages/an/original/DP132020.jpg,2,,,
323773,Weight (?),Weight,3rd millennium BCE (?),,,,"Stone, light brown",1.37 in. (3.48 cm),,,Mesopotamia,,Boars,,,,,,,Ancient Near Eastern Art,,,False,True,https://www.metmuseum.org/art/collection/search/323773,https://images.metmuseum.org/CRDImages/an/original/DP-32042-001.jpg,1,,,
326184,Bowl,Bowl,ca. 9th century BCE,"Iron Age II, Hasanlu Period IV",,,Ceramic,3.46 in. (8.79 cm),Iran,,Iran,,,,,,,,,Ancient Near Eastern Art,,,False,True,https://www.metmuseum.org/art/collection/search/326184,https://images.metmuseum.org/CRDImages/an/original/ME1976_233_11.jpg,0,,,
324647,Rim sherd,Sherd,ca. 8th–7th century BCE,Neo-Assyrian,,,Ceramic,0.55 x 3.11 in. (1.4 x 7.9 cm),Assyrian,,Mesopotamia,,,,,,,,,Ancient Near Eastern Art,,,False,True,https://www.metmuseum.org/art/collection/search/324647,https://images.metmuseum.org/CRDImages/an/original/DP-28274-001.jpg,1,,,
326662,Compartmented stamp seal,Stamp seal,ca. late 3rd–early 2nd millennium BCE,Bronze Age,,,Copper alloy,1 15/16 in. (5 cm),Bactria-Margiana Archaeological Complex,,Bactria-Margiana,,,,,,,,,Ancient Near Eastern Art,,,False,True,https://www.metmuseum.org/art/collection/search/326662,https://images.metmuseum.org/CRDImages/an/original/ss1981_448_5.jpg,0,,,
327197,Cylinder seal,Cylinder seal,2nd millennium BCE,Old Syrian,,,Stone,H. 1.8 cm x Diam. 1 cm,,,Syria,,Animals,,,,,,,Ancient Near Eastern Art,,,False,True,https://www.metmuseum.org/art/collection/search/327197,https://images.metmuseum.org/CRDImages/an/original/ME1985_357_15.jpg,0,,,
326812,Compartmented stamp seal,Stamp seal,ca. late 3rd–early 2nd millennium BCE,Bronze Age,,,Copper alloy,2 7/16 in. (6.2 cm),Bactria-Margiana Archaeological Complex,,Bactria-Margiana,,,,,,,,,Ancient Near Eastern Art,,,False,True,https://www.metmuseum.org/art/collection/search/326812,https://images.metmuseum.org/CRDImages/an/original/ss1983_535_59.jpg,0,,,
327112,Mortar,Mortar,ca. late 8th millennium BCE,Neolithic,,,Limestone,1.14 in. (2.9 cm),,,Syria,,,,,,,,,Ancient Near Eastern Art,,,False,True,https://www.metmuseum.org/art/collection/search/327112,https://images.metmuseum.org/CRDImages/an/original/vs1985_356_1_7.jpg,0,,,
324306,Jar,Jar,ca. 3rd century BCE–3rd century CE,Parthian,,,Ceramic,1.77 in. (4.5 cm),Parthian,,Iran or Mesopotamia,,,,,,,,,Ancient Near Eastern Art,,,False,True,https://www.metmuseum.org/art/collection/search/324306,https://images.metmuseum.org/CRDImages/an/original/ME54_55_6.jpg,0,,,
321564,Ellipsoid stamp seal: tulips,Stamp seal,ca. 4th century CE,Sasanian,,,Yellow chalcedony,0.67 x 0.59 x 0.83 in. (1.7 x 1.5 x 2.11 cm),Sasanian,,Iran,,Tulips,,,,,,,Ancient Near Eastern Art,,,False,True,https://www.metmuseum.org/art/collection/search/321564,https://images.metmuseum.org/CRDImages/an/original/DP-31584-001.jpg,3,,,
328593,Monstrous male figure,Sculpture,ca. late 3rd–early 2nd millennium BCE,Bronze Age,,,"Chlorite, calcite, gold, iron",4 1/8 × 2 1/16 × 1 3/8 in. (10.4 × 5.2 × 3.5 cm),Bactria-Margiana Archaeological Complex,,Bactria-Margiana or eastern Iran,,Men,,,,,,,Ancient Near Eastern Art,,,False,True,https://www.metmuseum.org/art/collection/search/328593,https://images.metmuseum.org/CRDImages/an/original/dp22227.jpg,0,,,
324717,Sherd,Sherd,ca. early to mid-3rd millennium BCE,Early Harappan,,,Ceramic,3.5 x 2.52 in. (8.89 x 6.4 cm),Indus,,Indus Region,,,,,,,,,Ancient Near Eastern Art,,,False,True,https://www.metmuseum.org/art/collection/search/324717,https://images.metmuseum.org/CRDImages/an/original/DP-28432-001.jpg,1,,,
325604,Tiger (?) figurine,Sculpture,ca. 3100 BCE,Late Chalcolithic,,,"Ceramic, paint",2 x 3.25 in. (5.08 x 8.26 cm),Iran,,Iran,,Animals,,,,,,,Ancient Near Eastern Art,,,False,True,https://www.metmuseum.org/art/collection/search/325604,https://images.metmuseum.org/CRDImages/an/original/DP-30737-002.jpg,1,,,
321522,Weight,Weight,3rd–1st millennium BCE,,,,Hematite,L. 3.14 cm (1 1/4 in.) H. 1.2 cm (15/32 in.) Diam. 1.7 cm (21/32 in.) Wt. 14.13 grams,,,Cyprus,,,,,,,,,Ancient Near Eastern Art,,,False,True,https://www.metmuseum.org/art/collection/search/321522,https://images.metmuseum.org/CRDImages/an/original/DP-32036-001.jpg,1,,,
322272,Stamp seal with a knob handle: bird of prey with two horned animals caught in its talons,Stamp seal,ca. 18th century BCE,Middle Bronze Age–Old Assyrian Trading Colony,,,Black steatite,"Seal Face:
Height: 2.72 cm
String Hole: 0.35-0.4 cm",Old Assyrian Trading Colony,,Central Anatolia,,Animals|Birds,,,,,,,Ancient Near Eastern Art,,,False,True,https://www.metmuseum.org/art/collection/search/322272,https://images.metmuseum.org/CRDImages/an/original/DP-13441-018.jpg,2,,,
323943,Jug in the form of a recumbent bull,Jug,ca. 7th–6th century BCE,Iron Age III,,,"Ceramic, paint",6 5/16 × 11 15/16 × 5 1/8 in. (16 × 30.4 × 13 cm),Iran,,"Iran, Luristan",,Bulls,,,,,,,Ancient Near Eastern Art,,,False,True,https://www.metmuseum.org/art/collection/search/323943,https://images.metmuseum.org/CRDImages/an/original/DP-25538-001.jpg,1,,,
321542,"Cuneiform tablet: receipt by proxy for silver, Egibi archive",Cuneiform tablet,ca. 542 BC,Neo-Babylonian,,,Clay,3.6 x 4.8 x 1.9 cm (1 3/8 x 1 7/8 x 3/4 in.),Babylonian,,Mesopotamia,,,,,,,,,Ancient Near Eastern Art,,,False,True,https://www.metmuseum.org/art/collection/search/321542,https://images.metmuseum.org/CRDImages/an/original/ME79_7_20.jpg,1,,,
321504,Inscribed weight,Weight,ca. 9th–8th century BCE,Neo-Babylonian,,,Feldspar,"1 1/8 × 4 5/16 in., Wt. 5.82oz. (2.9 × 10.9 cm, Wt. 165g)",Babylonian,,Cyprus or Mesopotamia,,,,,,,,,Ancient Near Eastern Art,,,False,True,https://www.metmuseum.org/art/collection/search/321504,https://images.metmuseum.org/CRDImages/an/original/DP-32020-001.jpg,2,https://www.wikidata.org/wiki/Q116282528,,
322946,Jug with handle,Jug,ca. 6th–8th century CE,Sasanian–early Islamic,,,"Ceramic, glaze",H. 6-5/8 in. x W. 5-5/8 in. x Diam. max.: 5-1/4 in. x Diam. mouth: 3 in.,Sasanian or Islamic,,Iran,,,,,,,,,Ancient Near Eastern Art,,,False,True,https://www.metmuseum.org/art/collection/search/322946,https://images.metmuseum.org/CRDImages/an/original/me33_175_70.jpg,0,,,
322747,Lamp,Lamp,ca. 3rd–7th century CE,Sasanian,,,Ceramic,1 9/16 x 2 15/16 in. (3.9 x 7.4 cm),Sasanian,,Mesopotamia,,,,,,,,,Ancient Near Eastern Art,,,False,True,https://www.metmuseum.org/art/collection/search/322747,https://images.metmuseum.org/CRDImages/an/original/me32_150_170.jpg,0,,,
326187,"Handled ""palace ware"" pot",Pot,ca. 9th century BCE,"Iron Age II, Hasanlu Period IV",,,Ceramic,7.52 in. (19.1 cm),Iran,,Iran,,,,,,,,,Ancient Near Eastern Art,,,False,True,https://www.metmuseum.org/art/collection/search/326187,https://images.metmuseum.org/CRDImages/an/original/ME1976_233_14.jpg,0,,,
322213,Stamp seal (octagonal pyramid) with cultic scene,Stamp seal,7th–6th century BCE,Neo-Assyrian / Neo-Babylonian,,,White Chalcedony (Quartz),"Seal Face: 1.78 x 1.36 cm
Height: 2.15 cm
String Hole: 0.26 cm",Assyro-Babylonian,,Mesopotamia,,,,,,,,,Ancient Near Eastern Art,,,False,True,https://www.metmuseum.org/art/collection/search/322213,https://images.metmuseum.org/CRDImages/an/original/DP-36056-001.jpg,3,,,
324639,Vessel sherd with pomegranate and geometric decoration,Sherd,ca. 8th–7th century BCE,Neo-Assyrian,,,Glazed ceramic,0.83 x 3.15 in. (2.11 x 8 cm),Assyrian,,Mesopotamia,,Pomegranates,,,,,,,Ancient Near Eastern Art,,,False,True,https://www.metmuseum.org/art/collection/search/324639,https://images.metmuseum.org/CRDImages/an/original/DP-28267-001.jpg,1,,,
327812,Stamp seal: lion and horned animal,Stamp seal,ca. late 2nd millennium BCE,Late Cypriot,,,Hematite,H.  13/16 in. (2.1 cm);  Diam.  1 1/8 in. (2.9 cm),Cypriot,,Cyprus,,Lions,,,,,,,Ancient Near Eastern Art,,,False,True,https://www.metmuseum.org/art/collection/search/327812,https://images.metmuseum.org/CRDImages/an/original/vsz1999_325_217.jpg,0,https://www.wikidata.org/wiki/Q116282320,,
326702,Compartmented stamp seal,Stamp seal,ca. late 3rd–early 2nd millennium BCE,Bronze Age,,,Copper alloy,1 13/16 x 1 7/8 in. (4.6 x 4.7 cm),Bactria-Margiana Archaeological Complex,,Bactria-Margiana,,,,,,,,,Ancient Near Eastern Art,,,False,True,https://www.metmuseum.org/art/collection/search/326702,https://images.metmuseum.org/CRDImages/an/original/SS1982_445_6.jpg,0,,,
323415,Sealing,Sealing,ca. 7th century CE,Sasanian,,,Un-baked clay,0.39 in. (0.99 cm),Sasanian,,Iran,,,,,,,,,Ancient Near Eastern Art,,,False,True,https://www.metmuseum.org/art/collection/search/323415,https://images.metmuseum.org/CRDImages/an/original/ME36_30_194.jpg,0,,,
326531,Awl,Awl,ca. 4600–3600 BCE,Chalcolithic,,,Stone,2.75 x 3.39 in. (6.99 x 8.61 cm),Ghassulian,,Levant,,,,,,,,,Ancient Near Eastern Art,,,False,True,https://www.metmuseum.org/art/collection/search/326531,https://images.metmuseum.org/CRDImages/an/original/DP-41880-001.jpg,1,,,
321516,Weight in the shape of a duck,Weight,2nd millennium BCE,,,,Hematite,L. 1.88 cm (3/4 in.) H. 1.15 cm (15/32 in.) W. 1.4 cm (17/32 in.) Wt. 7.19 grams,,,Cyprus or Western Asia,,,,,,,,,Ancient Near Eastern Art,,,False,True,https://www.metmuseum.org/art/collection/search/321516,https://images.metmuseum.org/CRDImages/an/original/DP-32032-001.jpg,1,https://www.wikidata.org/wiki/Q116282525,,
322746,Pot,Pot,ca. 3rd–7th century CE,Sasanian,,,Ceramic,1 9/16 in. (4 x 7.5 cm),Sasanian,,Mesopotamia,,,,,,,,,Ancient Near Eastern Art,,,False,True,https://www.metmuseum.org/art/collection/search/322746,https://images.metmuseum.org/CRDImages/an/original/me32_150_169.jpg,0,,,
323979,Pin,Pin,ca. 8th–7th century BCE,Iron Age III,,,Bronze,5/8 × 8 1/8 × 1/4 in. (1.6 × 20.6 × 0.7 cm),Iran,,"Iran, Luristan",,Birds,,,,,,,Ancient Near Eastern Art,,,False,True,https://www.metmuseum.org/art/collection/search/323979,https://images.metmuseum.org/CRDImages/an/original/DP-25851-001.jpg,1,,,
327829,Panel with the god Pharro and worshiper,Painted panel,ca. 3rd century CE,Kushan,,,"Terracotta, gouache","22-5/8 x 20-3/4 x 2-3/8 in. (57.5 x 52.7 x 6.0 cm)
weight 42 lbs",Kushan,,Bactria,,Men|Gods,,,,,,,Ancient Near Eastern Art,,,False,True,https://www.metmuseum.org/art/collection/search/327829,https://images.metmuseum.org/CRDImages/an/original/DT4622.jpg,0,,,
326620,Horse bit cheekpiece in form of a horse and rider,Horse bit cheekpiece,ca. 900–750 BCE,Iron Age II-III,,,Bronze,4.62 x 4.62 in. (11.73 x 11.73 cm),Iran,,Iran,,Horses,,,,,,,Ancient Near Eastern Art,,,False,True,https://www.metmuseum.org/art/collection/search/326620,https://images.metmuseum.org/CRDImages/an/original/DP226644.jpg,0,,,
326061,Beaker,Beaker,ca. mid-3rd millennium BCE,Early Bronze Age,,,Ceramic,4.41 in. (11.2 cm),,,Mesopotamia,,,,,,,,,Ancient Near Eastern Art,,,False,True,https://www.metmuseum.org/art/collection/search/326061,https://images.metmuseum.org/CRDImages/an/original/ME1972_222_3.jpg,0,,,
321917,Cuneiform tablet: agreement regarding division of property,Cuneiform tablet,ca. 7th–4th century BCE,Neo-Babylonian or Achaemenid,,,Clay,7.7 x 5 x 2.7 cm (3 x 2 x 1 1/8 in.),Babylonian or Achaemenid,,Mesopotamia,,,,,,,,,Ancient Near Eastern Art,,,False,True,https://www.metmuseum.org/art/collection/search/321917,https://images.metmuseum.org/CRDImages/an/original/ME86_11_293.jpg,1,,,
322857,Top for standard,Standard top,ca. 8th–7th century BCE,Iron Age III,,,Bronze,4 13/16 × 2 3/16 × 11/16 in. (12.25 × 5.5 × 1.7 cm),Iran,,"Iran, probably from Luristan",,,,,,,,,Ancient Near Eastern Art,,,False,True,https://www.metmuseum.org/art/collection/search/322857,https://images.metmuseum.org/CRDImages/an/original/DP-30212-001.jpg,1,,,
324239,Seal-shaped inscribed amulet,Amulet,ca. 16th–12th century BC,Kassite,,,Stone,0.76 in. (1.93 cm),Kassite,,Mesopotamia,,,,,,,,,Ancient Near Eastern Art,,,False,True,https://www.metmuseum.org/art/collection/search/324239,https://images.metmuseum.org/CRDImages/an/original/ME52_119_13.jpg,0,,,
327389,Mastiff,Sculpture,ca. mid-2nd millennium BCE,Kassite,,,"Ceramic, paint",16 11/16 × 7 15/16 × 14 3/16 in. (42.4 × 20.2 × 36 cm),Kassite,,Mesopotamia,,Dogs,,,,,,,Ancient Near Eastern Art,,,False,True,https://www.metmuseum.org/art/collection/search/327389,https://images.metmuseum.org/CRDImages/an/original/DP-23678-001.jpg,1,,,
324682,Furniture elements,Furniture elements,ca. 9th–8th century BCE,Neo-Assyrian,,,Glass,2.5 in. (6.35 cm),Assyrian,,Syria,,,,,,,,,Ancient Near Eastern Art,,,False,True,https://www.metmuseum.org/art/collection/search/324682,https://images.metmuseum.org/CRDImages/an/original/DP375619.jpg,0,,,
324250,Sherd,Sherd,ca. 1st century CE,Nabataean,,,Ceramic,1.38 x 3.11 in. (3.51 x 7.9 cm),Nabataean,,Levant,,,,,,,,,Ancient Near Eastern Art,,,False,True,https://www.metmuseum.org/art/collection/search/324250,https://images.metmuseum.org/CRDImages/an/original/DP-28420-001.jpg,1,,,
325424,Vessel,Vessel,ca. 2700–2600 BCE,Early Dynastic II,,,Alabaster,9.69 in. (24.61 cm),Sumerian,,Mesopotamia,,,,,,,,,Ancient Near Eastern Art,,,False,True,https://www.metmuseum.org/art/collection/search/325424,https://images.metmuseum.org/CRDImages/an/original/DP-15117-015.jpg,0,,,
323291,Sealing,Sealing,ca. 7th century CE,Sasanian,,,Un-baked clay,0.43 in. (1.09 cm),Sasanian,,Iran,,,,,,,,,Ancient Near Eastern Art,,,False,True,https://www.metmuseum.org/art/collection/search/323291,https://images.metmuseum.org/CRDImages/an/original/ME36_30_262.jpg,0,,,
327003,Stamp seal (bifacial disk) with cultic scene and monsters,Stamp seal,late 8th–7th century BCE,Neo-Assyrian,,,Limestone (?),0.39 x 0.85 x 0.92 in. (0.99 x 2.16 x 2.34 cm),Assyrian,,Mesopotamia,,,,,,,,,Ancient Near Eastern Art,,,False,True,https://www.metmuseum.org/art/collection/search/327003,https://images.metmuseum.org/CRDImages/an/original/ss1984_383_42.jpg,0,,,
324481,Plaque in the form of a reclining man,Relief,ca. 1st century BCE–1st century CE,Parthian,,,Ceramic,4 in. × 5 3/16 in. × 1 7/16 in. (10.2 × 13.2 × 3.7 cm),Parthian,,Iran or Mesopotamia,,Men,,,,,,,Ancient Near Eastern Art,,,False,True,https://www.metmuseum.org/art/collection/search/324481,https://images.metmuseum.org/CRDImages/an/original/DT11862.jpg,0,,,
321655,Stamp seal (octagonal pyramid) with cultic scene,Stamp seal,late 8th–7th century BCE,Neo-Assyrian / Neo-Babylonian,,,Blue Chalcedony (Quartz),"Seal Face: 2.41 x 1.55 cm
Height: 3.12 cm
String Hole: 0.2 cm",Assyro-Babylonian,,Southern Mesopotamia,,Men|Dragons,,,,,,,Ancient Near Eastern Art,,,False,True,https://www.metmuseum.org/art/collection/search/321655,https://images.metmuseum.org/CRDImages/an/original/DP360676.jpg,1,,,
323690,Beads,Beads,3rd millennium BCE,,,,Stone,"String: L. 11.3 cm
Largest bead: 2.6 cm x Diam. 1.9 cm",Iran,,Iran,,,,,,,,,Ancient Near Eastern Art,,,False,True,https://www.metmuseum.org/art/collection/search/323690,https://images.metmuseum.org/CRDImages/an/original/DP-40295-001.jpg,0,,,
322121,Stamp seal (octagonal pyramid) with cultic scene,Stamp seal,7th–6th century BCE,Neo-Assyrian / Neo-Babylonian,,,Neutral and white Agate (Quartz),"Seal Face: 1.28 x 0.9 cm
Height: 1.95 cm
String Hole: 0.3-0.35 cm",Assyro-Babylonian,,Mesopotamia,,,,,,,,,Ancient Near Eastern Art,,,False,True,https://www.metmuseum.org/art/collection/search/322121,https://images.metmuseum.org/CRDImages/an/original/ss93_17_98.jpg,0,,,
324562,Scarab seal,Stamp seal,ca. 1700–1560 BCE,"Dynasty 15-17, 2nd Intermediate Period, Hyksos",,,"Steatite, white","Seal Face: 1.22 x 0.81 cm
Height: 0.55 cm
String Hole: 0.15 cm",,,Levant,,Scarabs,,,,,,,Ancient Near Eastern Art,,,False,True,https://www.metmuseum.org/art/collection/search/324562,https://images.metmuseum.org/CRDImages/an/original/ss56_152_8.jpg,0,,,
321493,Stamp seal,Stamp seal,ca. 3rd–7th century CE,Sasanian,,,"Chalcedony, yellow",0.51 x 0.55 x 0.43 in. (1.3 x 1.4 x 1.09 cm),Sasanian,,Iran or Mesopotamia,,,,,,,,,Ancient Near Eastern Art,,,False,True,https://www.metmuseum.org/art/collection/search/321493,https://images.metmuseum.org/CRDImages/an/original/ss74_51_4415.jpg,0,,,
326540,Blade,Blade,ca. 4600–3600 BCE,Chalcolithic,,,Stone,0.67 x 2.4 in. (1.7 x 6.1 cm),Ghassulian,,Levant,,,,,,,,,Ancient Near Eastern Art,,,False,True,https://www.metmuseum.org/art/collection/search/326540,https://images.metmuseum.org/CRDImages/an/original/DP-41889-001.jpg,1,,,
322514,Cylindrical jar,Jar,ca. 2nd century CE,Parthian,,,"Ceramic, glaze",13.5 in. (34.29 cm),Parthian,,Iran or Northern Mesopotamia,,,,,,,,,Ancient Near Eastern Art,,,False,True,https://www.metmuseum.org/art/collection/search/322514,https://images.metmuseum.org/CRDImages/an/original/hb22_195.jpg,0,,,
327613,Cylinder seal,Cylinder seal,ca. early 2nd millennium BCE,Old Babylonian,,,Hematite,H. 15/16 in. (2.4 cm);  Diam. 3/8 in. (1.0 cm),Babylonian,,Mesopotamia,,Men,,,,,,,Ancient Near Eastern Art,,,False,True,https://www.metmuseum.org/art/collection/search/327613,https://images.metmuseum.org/CRDImages/an/original/DP-36503-001.jpg,3,,,
328926,Cuneiform tablet: unidentified fragment,Cuneiform tablet,ca. late 1st millennium BCE,,,,Clay,2 x 1 5/8 x 1 1/8 in. (5 x 4.2 x 2.9 cm),,,Mesopotamia,,,,,,,,,Ancient Near Eastern Art,,,False,True,https://www.metmuseum.org/art/collection/search/328926,https://images.metmuseum.org/CRDImages/an/original/86.11.374c_new.jpg,1,,,
321967,"Cuneiform tablet: quittance for dates, Esagilaya archive",Cuneiform tablet,ca. 540 BCE,Neo-Babylonian,,,Clay,3.5 x 4.5 x 1.6 cm (1 3/8 x 1 3/4 x 5/8 in.),Babylonian,,Mesopotamia,,,,,,,,,Ancient Near Eastern Art,,,False,True,https://www.metmuseum.org/art/collection/search/321967,https://images.metmuseum.org/CRDImages/an/original/ME86_11_343.jpg,1,,,
321387,Conoid seal,Stamp seal,ca. 12th–9th century BCE,Late Cypriot III-Cypro-Geometric III,,,"Steatite, brown","Seal Face; 1.93 x 1.42 cm
Height: 1.41 cm
String Hole: 0.4 cm",,,Cyprus,,Animals,,,,,,,Ancient Near Eastern Art,,,False,True,https://www.metmuseum.org/art/collection/search/321387,https://images.metmuseum.org/CRDImages/an/original/ss74_51_4372gp.jpg,0,,,
329691,Furniture element,Furniture element,ca. 18th century BCE,Middle Bronze Age–Old Assyrian Trading Colony,,,Ivory,15/16 x 9/16 x 5/16 in. (2.4 x 1.4 x 0.8 cm),Old Assyrian Trading Colony,,Anatolia,,,,,,,,,Ancient Near Eastern Art,,,False,True,https://www.metmuseum.org/art/collection/search/329691,https://images.metmuseum.org/CRDImages/an/original/DP122433.jpg,0,,,
324122,Mace head,Mace,ca. 2700–2600 BCE,Early Dynastic I-II,,,Stone,2 3/4 in. (7 cm),,,Mesopotamia,,,,,,,,,Ancient Near Eastern Art,,,False,True,https://www.metmuseum.org/art/collection/search/324122,https://images.metmuseum.org/CRDImages/an/original/DP-29673-001.jpg,2,,,
323634,Sherd,Sherd,ca. 3100–2500 BCE,Early Bronze Age,,,Ceramic,1.1 x 2.76 x 0.31 in. (2.79 x 7.01 x 0.79 cm),Iran,,Iran,,,,,,,,,Ancient Near Eastern Art,,,False,True,https://www.metmuseum.org/art/collection/search/323634,https://images.metmuseum.org/CRDImages/an/original/DP-28738-001.jpg,1,,,
324203,Reclining calf: lid attachment,Lid attachment,ca. 9th–8th century BCE,Neo-Assyrian,,,Ivory,13/16 × 1 7/16 × 9/16 in. (2 × 3.6 × 1.5 cm),Assyrian,,Mesopotamia,,Animals,,,,,,,Ancient Near Eastern Art,,,False,True,https://www.metmuseum.org/art/collection/search/324203,https://images.metmuseum.org/CRDImages/an/original/DP110565.jpg,1,,,
321852,Cuneiform tablet: treatments for ailments of the nose and mouth,Cuneiform tablet,ca. mid 1st–late 1st millennium BCE,,,,Clay,2 1/2 x 3 x 1 in. (6.4 x 7.5 x 2.4 cm),,,Mesopotamia,,,,,,,,,Ancient Near Eastern Art,,,False,True,https://www.metmuseum.org/art/collection/search/321852,https://images.metmuseum.org/CRDImages/an/original/vs86_11_5474_26_79.jpg,0,,,
322259,"Stamp seal (cubical) with animals, monsters, and divine symbols",Stamp seal,second half of 8th–7th century BCE,Neo-Assyrian,,,"Serpentine, black","Seal Face: 1.64 x 1.43 cm
Height: 0.78 cm
String Hole: 0.36 cm",Assyrian,,Northern Syria or Anatolia (?),,Animals,,,,,,,Ancient Near Eastern Art,,,False,True,https://www.metmuseum.org/art/collection/search/322259,https://images.metmuseum.org/CRDImages/an/original/ss93_17_127gp.jpg,0,,,
323243,Cuneiform tablet impressed with seals: administrative document inscribed in Achaemenid Elamite,Cuneiform tablet,ca. 500 BCE,Achaemenid,,,Clay,1 5/16 × 1 × 11/16 in. (3.4 × 2.6 × 1.7 cm),Achaemenid,,Iran,,,,,,,,,Ancient Near Eastern Art,,,False,True,https://www.metmuseum.org/art/collection/search/323243,https://images.metmuseum.org/CRDImages/an/original/DP254535.jpg,2,,,
328877,"Cuneiform tablet case impressed with four cylinder seals, for cuneiform tablet 86.11.214a: field rental",Cuneiform tablet case,ca. 1749–1712 BCE,Old Babylonian,,,Clay,2.1 x 4.4 x 2.9 cm (7/8 x 1 3/4 x 1 1/8 in.),Babylonian,,Mesopotamia,,,,,,,,,Ancient Near Eastern Art,,,False,True,https://www.metmuseum.org/art/collection/search/328877,https://images.metmuseum.org/CRDImages/an/original/ME86_11_214b.JPG,5,,,
322085,Cuneiform tablet: fragment of Syllabary B,Cuneiform tablet,ca. late 1st millennium BCE,,,,Clay,1 3/4 x 1 3/4 x 7/8 in. (4.5 x 4.3 x 2.1 cm),,,Mesopotamia,,,,,,,,,Ancient Near Eastern Art,,,False,True,https://www.metmuseum.org/art/collection/search/322085,https://images.metmuseum.org/CRDImages/an/original/vs86_11_531.jpg,1,,,
324610,Cylinder seal with hunting scene,Cylinder seal,ca. 9th–8th century BCE,Neo-Assyrian (?),,,Black Steatite,0.94 in. (2.39 cm),Assyrian(?),,Mesopotamia,,Animals,,,,,,,Ancient Near Eastern Art,,,False,True,https://www.metmuseum.org/art/collection/search/324610,https://images.metmuseum.org/CRDImages/an/original/ss57_27_16.jpg,1,,,
326868,Compartmented stamp seal,Stamp seal,ca. late 3rd–early 2nd millennium BCE,Bronze Age,,,Copper alloy,0.51 in. (1.3 cm),Bactria-Margiana Archaeological Complex,,Bactria-Margiana,,,,,,,,,Ancient Near Eastern Art,,,False,True,https://www.metmuseum.org/art/collection/search/326868,https://images.metmuseum.org/CRDImages/an/original/SS1983_535_129.jpg,0,,,
321702,"Cuneiform tablet: account, Ebabbar archive",Cuneiform tablet,ca. 626–539 BCE,Neo-Babylonian,,,Clay,2.36 x 2.64 x 1.06 in. (6 x 6.7 x 2.7 cm),Babylonian,,Mesopotamia,,,,,,,,,Ancient Near Eastern Art,,,False,True,https://www.metmuseum.org/art/collection/search/321702,https://images.metmuseum.org/CRDImages/an/original/ME86_11_106.jpg,1,,,
322883,Pin,Pin,ca. 8th–7th century BCE,Iron Age III,,,Bronze,5.63 in. (14.3 cm),Iran,,"Iran, probably from Luristan",,,,,,,,,Ancient Near Eastern Art,,,False,True,https://www.metmuseum.org/art/collection/search/322883,https://images.metmuseum.org/CRDImages/an/original/DP-38453-001.jpg,0,,,
328833,Textile fragment,Textile,ca. 6th–7th century CE,Sasanian,,,"Silk, damasee",4 x 9.5 in. (10.2 x 24.1. cm),Sasanian,,Iran,,,,,,,,,Ancient Near Eastern Art,,,False,True,https://www.metmuseum.org/art/collection/search/328833,https://images.metmuseum.org/CRDImages/an/original/sd2000_624_5.jpg,0,,,
322479,Jar with painted decoration,Jar,ca. 2000–1600 BCE,Middle Bronze Age,,,"Ceramic, paint",3.25 in. (8.26 cm),,,Western Iran,,,,,,,,,Ancient Near Eastern Art,,,False,True,https://www.metmuseum.org/art/collection/search/322479,https://images.metmuseum.org/CRDImages/an/original/me16_80_9.jpg,0,,,
324608,Lion head fragment,Sculpture,ca. 9th–7th century BCE,Neo-Assyrian,,,Ivory,0.79 x 0.75 in. (2.01 x 1.91 cm),Assyrian,,Mesopotamia,,Lions,,,,,,,Ancient Near Eastern Art,,,False,True,https://www.metmuseum.org/art/collection/search/324608,https://images.metmuseum.org/CRDImages/an/original/DP110596.jpg,1,,,
322779,Lamp,Lamp,ca. 3rd–7th century CE,Sasanian,,,Stone,2.5 x 5.25 in. (6.35 x 13.34 cm),Sasanian,,Mesopotamia,,,,,,,,,Ancient Near Eastern Art,,,False,True,https://www.metmuseum.org/art/collection/search/322779,https://images.metmuseum.org/CRDImages/an/original/me32_150_203.jpg,0,,,
322212,Stamp seal (octagonal pyramid) with cultic scene,Stamp seal,7th–6th century BCE,Neo-Assyrian / Neo-Babylonian,,,Variegated neutral Chalcedony (Quartz),"Seal Face: 1.84 x 1.25 cm
Height: 2.38 cm
String Hole: 0.2-.25 cm",Assyro-Babylonian,,Mesopotamia,,,,,,,,,Ancient Near Eastern Art,,,False,True,https://www.metmuseum.org/art/collection/search/322212,https://images.metmuseum.org/CRDImages/an/original/DP-36055-001.jpg,3,,,
323830,Stamp seal,Stamp seal,ca. 3rd–7th century CE,Sasanian,,,"Chalcedony, yellow",1 x 1.26 in. (2.54 x 3.2 cm),Sasanian,,Iran or Mesopotamia,,,,,,,,,Ancient Near Eastern Art,,,False,True,https://www.metmuseum.org/art/collection/search/323830,https://images.metmuseum.org/CRDImages/an/original/ss41_160_239.jpg,0,,,
322063,Cuneiform tablet: fragment of a text containing incantations,Cuneiform tablet,ca. late 1st millennium BCE,,,,Clay,2 x 1 1/2 x 1 in. (5 x 3.9 x 2.4 cm),,,Mesopotamia,,,,,,,,,Ancient Near Eastern Art,,,False,True,https://www.metmuseum.org/art/collection/search/322063,https://images.metmuseum.org/CRDImages/an/original/vsz86.11.448.JPG,1,,,
891651,Brooch with Assyrian human-headed winged lion,Brooch,second half of 19th century,Victorian,,,"Gold, glass, paper",Dia. 1 15/16 in. (5 cm),British,,,,,,,,,,,Ancient Near Eastern Art,,,False,True,https://www.metmuseum.org/art/collection/search/891651,https://images.metmuseum.org/CRDImages/an/original/DP-33399-001.jpg,1,,,
324695,Furniture plaque carved in relief with a “woman at the window”,Furniture element,ca. 9th–8th century BCE,Neo-Assyrian,,,"Ivory, glass",H. 2 1/2 x W. 1 3/4 x Th. 1/2 in. (6.4 x 4.5 x 1.2 cm),Assyrian,,Syria,,Women,,,,,,,Ancient Near Eastern Art,,,False,True,https://www.metmuseum.org/art/collection/search/324695,https://images.metmuseum.org/CRDImages/an/original/DP110612.jpg,0,https://www.wikidata.org/wiki/Q29384470,,
326491,Jar,Jar,ca. 3500–3300 BCE,Early Bronze Age IA,,,Ceramic,10.5 in. (26.67 cm),,,Levant,,,,,,,,,Ancient Near Eastern Art,,,False,True,https://www.metmuseum.org/art/collection/search/326491,https://images.metmuseum.org/CRDImages/an/original/ME1978_134_2.jpg,0,,,
324943,Axe head,Axe,ca. late 3rd millennium BCE,Early Bronze Age,,,Bronze,4.65 x 4.21 in. (11.81 x 10.69 cm),,,Western Asia,,,,,,,,,Ancient Near Eastern Art,,,False,True,https://www.metmuseum.org/art/collection/search/324943,https://images.metmuseum.org/CRDImages/an/original/ME59_169.jpg,0,,,
327757,Cylinder seal,Cylinder seal,ca. early 2nd millennium BCE,Old Syrian,,,Hematite,H.  11/16 in. (1.7 cm);  Diam.  5/16 in. (0.8 cm),,,Syria,,,,,,,,,Ancient Near Eastern Art,,,False,True,https://www.metmuseum.org/art/collection/search/327757,https://images.metmuseum.org/CRDImages/an/original/DP-38145-001.jpg,3,,,
325261,Zoomorphic tube,Tube,ca. 7th century BCE,Iron Age III,,,Bronze,3 7/16 × 9/16 × 9/16 in. (8.7 × 1.35 × 1.35 cm),Iran,,"Iran, probably from Luristan",,Animals,,,,,,,Ancient Near Eastern Art,,,False,True,https://www.metmuseum.org/art/collection/search/325261,https://images.metmuseum.org/CRDImages/an/original/ME1970_182.jpg,0,,,
323203,Jar lid,Jar lid,ca. 3rd–7th century CE,Sasanian,,,Bronze,3/16 x 3 9/16 in. (0.4 x 9 cm),Sasanian,,Iran,,,,,,,,,Ancient Near Eastern Art,,,False,True,https://www.metmuseum.org/art/collection/search/323203,https://images.metmuseum.org/CRDImages/an/original/DP-37582-001.jpg,1,,,
326387,Bulla,Bulla,mid 6th–late 4th century BCE,Achaemenid,,,Unbaked clay,Max. Diam. 3.8 cm x max. D. 1.4 cm,Achaemenid,,Iran,,,,,,,,,Ancient Near Eastern Art,,,False,True,https://www.metmuseum.org/art/collection/search/326387,https://images.metmuseum.org/CRDImages/an/original/DP-40305-001.jpg,0,,,
325620,Pot,Pot,ca. 9th century BCE,"Iron Age II, Hasanlu Period IV",,,Ceramic,3.03 in. (7.7 cm),Iran,,Iran,,,,,,,,,Ancient Near Eastern Art,,,False,True,https://www.metmuseum.org/art/collection/search/325620,https://images.metmuseum.org/CRDImages/an/original/ME63_109_13.jpg,0,,,
325081,"Incised horse frontlet carved into the shape of a flowering, volute palmette tree",Relief,ca. 9th–8th century BCE,Neo-Assyrian,,,Ivory,4.21 x 2.2 x 2.09 in. (10.69 x 5.59 x 5.31 cm),Assyrian,,Mesopotamia,,Trees,,,,,,,Ancient Near Eastern Art,,,False,True,https://www.metmuseum.org/art/collection/search/325081,https://images.metmuseum.org/CRDImages/an/original/DP110664.jpg,0,https://www.wikidata.org/wiki/Q116282391,,
322210,Stamp seal (octagonal pyramid) with divine symbols,Stamp seal,late 8th–6th century BCE,Neo-Assyrian / Neo-Babylonian,,,Flawed neutral Chalcedony (Quartz),"Seal Face: 1.1 x 0.76 cm
Height: 1.5 cm
String Hole: 2.9 cm",Assyro-Babylonian,,Mesopotamia,,,,,,,,,Ancient Near Eastern Art,,,False,True,https://www.metmuseum.org/art/collection/search/322210,https://images.metmuseum.org/CRDImages/an/original/DP-36053-001.jpg,3,,,
322464,Cuneiform tablet: inventory,Cuneiform tablet,ca. 2045 BCE,Ur III,,,Clay,5.2 x 4.3 x 2.1 cm (2 x 1 3/4 x 7/8 in.),Neo-Sumerian,,Mesopotamia,,,,,,,,,Ancient Near Eastern Art,,,False,True,https://www.metmuseum.org/art/collection/search/322464,https://images.metmuseum.org/CRDImages/an/original/ME11_217_20.jpg,1,,,
327155,Bead,Bead,7th–6th millennium BCE,Neolithic,,,Chlorite,0.17 x 0.37 x 0.57 in. (0.43 x 0.94 x 1.45 cm),,,Syria,,,,,,,,,Ancient Near Eastern Art,,,False,True,https://www.metmuseum.org/art/collection/search/327155,https://images.metmuseum.org/CRDImages/an/original/DP-41136-001.jpg,0,,,
324084,Plaque with tiger devouring ram,Relief,ca. 2nd century BCE,,,,Bronze,H. 2 in. × W. 3 11/16 in. × D. 1/4 in. (5.1 × 9.35 × 0.6 cm),Xiongnu,,Eurasian steppes,,Rams|Tigers,,,,,,,Ancient Near Eastern Art,,,False,True,https://www.metmuseum.org/art/collection/search/324084,https://images.metmuseum.org/CRDImages/an/original/DP-25853-001.jpg,1,,,
322899,Hair ribbon,Hair ribbon,ca. 2600–2500 BCE,Early Dynastic IIIa,,,Gold,"5/16 x 3/4 in. (0.8 x 1.9 cm) (shortest)
5/16 x 11 1/2 in. (0.8 x 29.2 cm) (longest)",Sumerian,,Mesopotamia,,,,,,,,,Ancient Near Eastern Art,,,False,True,https://www.metmuseum.org/art/collection/search/322899,https://images.metmuseum.org/CRDImages/an/original/me33_35_15to16.jpg,0,,,
325417,Jar,Jar,ca. 2600–2500 BCE,Early Dynastic IIIa,,,Gypsum alabaster,1.97 in. (5 cm),Sumerian,,Mesopotamia,,,,,,,,,Ancient Near Eastern Art,,,False,True,https://www.metmuseum.org/art/collection/search/325417,https://images.metmuseum.org/CRDImages/an/original/DP-15117-010.jpg,0,,,
321578,Stamp seal,Stamp seal,ca. 241–72 CE,Sasanian,,,Carnelian,0.35 x 0.12 x 0.47 in. (0.89 x 0.3 x 1.19 cm),Sasanian,,Iran or Mesopotamia,,Men,,,,,,,Ancient Near Eastern Art,,,False,True,https://www.metmuseum.org/art/collection/search/321578,https://images.metmuseum.org/CRDImages/an/original/DP-31836-001.jpg,3,,,
326472,Bead,Bead,ca. 1st century BCE–1st century CE,Parthian,,,Glass,0.31 in. (0.79 cm),Parthian,,Iran,,,,,,,,,Ancient Near Eastern Art,,,False,True,https://www.metmuseum.org/art/collection/search/326472,https://images.metmuseum.org/CRDImages/an/original/DP-40354-001.jpg,0,,,
325856,Cuneiform tablet: quittance,Cuneiform tablet,ca. 20th–19th century BCE,Middle Bronze Age–Old Assyrian Trading Colony,,,Clay,3.7 x 4.5 x 1.4 cm (1 1/2 x 1 3/4 x 1/2 in.),Old Assyrian Trading Colony,,Anatolia,,,,,,,,,Ancient Near Eastern Art,,,False,True,https://www.metmuseum.org/art/collection/search/325856,https://images.metmuseum.org/CRDImages/an/original/DP162270.jpg,3,,,
322083,"Cuneiform tablet: a-she-er gi-ta, balag to Innin/Ishtar",Cuneiform tablet,ca. 2nd–1st century BCE,Seleucid or Parthian,,,Clay,3 7/8 x 3 1/4 x 1 in. (10 x 8.3 x 2.4 cm),Seleucid or Parthian,,Mesopotamia,,,,,,,,,Ancient Near Eastern Art,,,False,True,https://www.metmuseum.org/art/collection/search/322083,https://images.metmuseum.org/CRDImages/an/original/86.11.286a_286b_529.jpg,0,,,
325771,Upper part of a lion's head,Sculpture,ca. 9th century BCE,"Iron Age II, Hasanlu Period IV",,,Wood,0.94 x 1.14 x 0.98 in. (2.39 x 2.9 x 2.49 cm),Iran,,Iran,,Lions,,,,,,,Ancient Near Eastern Art,,,False,True,https://www.metmuseum.org/art/collection/search/325771,https://images.metmuseum.org/CRDImages/an/original/DP-31548-002.jpg,1,,,
918455,Cufflinks with Assyrian human-headed winged bulls,Cufflinks,ca. 1880,Victorian,,,Gold,Each face 11/16 × 9/16 (1.7 × 1.4 cm),British,,,,,,,,,,,Ancient Near Eastern Art,,,False,True,https://www.metmuseum.org/art/collection/search/918455,https://images.metmuseum.org/CRDImages/an/original/DP-33411-001.jpg,2,,,
326759,Jar,Jar,ca. late 3rd–early 2nd millennium BCE,Bronze Age,,,Marble,3.27 in. (8.31 cm),Bactria-Margiana Archaeological Complex,,Bactria-Margiana,,,,,,,,,Ancient Near Eastern Art,,,False,True,https://www.metmuseum.org/art/collection/search/326759,https://images.metmuseum.org/CRDImages/an/original/ME1983_535_6.jpg,0,,,
323720,Disc-headed pin,Pin,ca. 8th–7th century BCE,Iron Age III,,,Bronze,3.46 x 7.64 in. (8.79 x 19.41 cm),Iran,,"Iran, Luristan",,Animals,,,,,,,Ancient Near Eastern Art,,,False,True,https://www.metmuseum.org/art/collection/search/323720,https://images.metmuseum.org/CRDImages/an/original/DP-38034-001.jpg,1,,,
323995,Cylinder seal and modern impression: presentation scene,Cylinder seal,ca. 2000–1750 BCE,Isin-Larsa,,,Hematite,15/16 × 1/2 × 1/2 in. (2.3 × 1.3 × 1.3 cm),Isin-Larsa,,"Iran, Luristan",,,,,,,,,Ancient Near Eastern Art,,,False,True,https://www.metmuseum.org/art/collection/search/323995,https://images.metmuseum.org/CRDImages/an/original/DP-41766-001.jpg,6,,,
322648,Wall decoration with pomegranates in palmettes,Relief,ca. 6th century CE,Sasanian,,,Stucco,11 15/16 × 12 3/8 × 2 1/2 in. (30.4 × 31.5 × 6.3 cm),Sasanian,,Mesopotamia,,Pomegranates,,,,,,,Ancient Near Eastern Art,,,False,True,https://www.metmuseum.org/art/collection/search/322648,https://images.metmuseum.org/CRDImages/an/original/DP-1092-001.jpg,0,,,
323169,Bowl,Bowl,ca. late 8th–7th century BCE,Iron Age II,,,Ceramic,1.75 in. (4.45 cm),Israelite,,Levant,,,,,,,,,Ancient Near Eastern Art,,,False,True,https://www.metmuseum.org/art/collection/search/323169,https://images.metmuseum.org/CRDImages/an/original/me34_126_59.jpg,0,,,
325906,Juglet,Juglet,ca. 1st century CE,Nabataean,,,Ceramic,6.85 in. (17.4 cm),Nabataean,,Levant,,,,,,,,,Ancient Near Eastern Art,,,False,True,https://www.metmuseum.org/art/collection/search/325906,https://images.metmuseum.org/CRDImages/an/original/ME67_246_25.jpg,0,,,
325946,Fibula,Fibula,ca. 8th–7th century BCE,Iron Age,,,Bronze,1.61 x 2.32 in. (4.09 x 5.89 cm),Phrygian,,Phrygia,,,,,,,,,Ancient Near Eastern Art,,,False,True,https://www.metmuseum.org/art/collection/search/325946,https://images.metmuseum.org/CRDImages/an/original/ME67_259_1.jpg,0,,,
325036,Bolt or linchpin,Bolt or linchpin,ca. 9th century BCE,"Iron Age II, Hasanlu Period IV",,,Bronze,6.06 in. (15.39 cm),Iran,,Iran,,,,,,,,,Ancient Near Eastern Art,,,False,True,https://www.metmuseum.org/art/collection/search/325036,https://images.metmuseum.org/CRDImages/an/original/ME60_20_48.jpg,0,,,
324141,Jar with winged bulls flanking palmettes,Jar,ca. 8th–7th century BCE,Iron Age III,,,Glazed ceramic,14 5/16 × 9 11/16 × 9 11/16 in. (36.4 × 24.6 × 24.6 cm),Iran,,Iran,,Bulls,,,,,,,Ancient Near Eastern Art,,,False,True,https://www.metmuseum.org/art/collection/search/324141,https://images.metmuseum.org/CRDImages/an/original/DP-26827-001.jpg,3,https://www.wikidata.org/wiki/Q116282359,,
327678,Cylinder seal with cultic scene,Cylinder seal,late 8th–7th century BCE,Neo-Assyrian,,,Flawed Carnelian (Quartz),H.  13/16 in. (2 cm);  Diam.  3/8 in. (.9 cm),Assyrian,,Mesopotamia,,,,,,,,,Ancient Near Eastern Art,,,False,True,https://www.metmuseum.org/art/collection/search/327678,https://images.metmuseum.org/CRDImages/an/original/DP-37685-001.jpg,3,,,
327449,Handled implement,Handled implement,ca. early 1st millennium BCE,Iron Age,,,"Bronze, agate",9.33 x 1.14 in. (23.7 x 2.9 cm),,,Transcaucasia,,,,,,,,,Ancient Near Eastern Art,,,False,True,https://www.metmuseum.org/art/collection/search/327449,https://images.metmuseum.org/CRDImages/an/original/vsdaggar2.jpg,0,,,
321395,Cylinder seal,Cylinder seal,ca. 15th–12th century BCE,Late Cypriot,,,Steatite,0.79 in. (2.01 cm),Cypriot,,Cyprus,,Birds|Hands|Deer|Fish,,,,,,,Ancient Near Eastern Art,,,False,True,https://www.metmuseum.org/art/collection/search/321395,https://images.metmuseum.org/CRDImages/an/original/DP-39689-001.jpg,3,,,
324879,Sealing with cylinder seal impression,Sealing,ca. 2700–2600 BCE,Early Dynastic II,,,Clay,0.91 x 1.18 x 0.63 in. (2.31 x 3 x 1.6 cm),Sumerian,,Mesopotamia,,,,,,,,,Ancient Near Eastern Art,,,False,True,https://www.metmuseum.org/art/collection/search/324879,https://images.metmuseum.org/CRDImages/an/original/DP-15116-013.jpg,1,,,
324288,Vessel,Vessel,ca. 1st century CE,Nabataean,,,Ceramic,5.25 x 1.75 in. (13.34 x 4.45 cm),Nabataean,,Levant,,,,,,,,,Ancient Near Eastern Art,,,False,True,https://www.metmuseum.org/art/collection/search/324288,https://images.metmuseum.org/CRDImages/an/original/hb53_208.jpg,0,https://www.wikidata.org/wiki/Q116282342,,
321844,Cuneiform tablet: unidentified fragment,Cuneiform tablet,ca. late 1st millennium BCE,,,,Clay,1 3/8 x 1 x 3/4 in. (3.4 x 2.6 x 2 cm),,,Mesopotamia,,,,,,,,,Ancient Near Eastern Art,,,False,True,https://www.metmuseum.org/art/collection/search/321844,https://images.metmuseum.org/CRDImages/an/original/VS86.11.471X.JPG,1,,,
325893,Unguentarium,Vessel,ca. 1st century CE,Nabataean,,,Ceramic,4 1/8 × 1 3/4 × 1 3/4 in. (10.5 × 4.5 × 4.5 cm),Nabataean,,Levant,,,,,,,,,Ancient Near Eastern Art,,,False,True,https://www.metmuseum.org/art/collection/search/325893,https://images.metmuseum.org/CRDImages/an/original/DP-30316-001.jpg,1,,,
328775,Cylinder seal,Cylinder seal,early 2nd millennium BCE,Middle Bronze Age–Old Assyrian Trading Colony,,,Limonite,H. 1.8 cm x Diam. 1 cm,Old Assyrian Trading Colony,,Anatolia,,,,,,,,,Ancient Near Eastern Art,,,False,True,https://www.metmuseum.org/art/collection/search/328775,https://images.metmuseum.org/CRDImages/an/original/DP-39051-001.jpg,3,,,
322848,Bowl,Bowl,ca. late 8th–7th century BCE,Iron Age III,,,Bronze,2 × 7 13/16 in. (5.1 × 19.9 cm),Iran,,"Iran, probably from Luristan",,,,,,,,,Ancient Near Eastern Art,,,False,True,https://www.metmuseum.org/art/collection/search/322848,https://images.metmuseum.org/CRDImages/an/original/me32_161_1.jpg,0,,,
323787,Tripod vessel,Vessel,ca. 1600–900 BCE,Late Bronze Age,,,Ceramic,6.3 in. (16 cm),Iran,,Iran,,,,,,,,,Ancient Near Eastern Art,,,False,True,https://www.metmuseum.org/art/collection/search/323787,https://images.metmuseum.org/CRDImages/an/original/ME48_49_4.jpg,0,,,
327106,Pestle,Pestle,ca. late 8th millennium BCE,Neolithic,,,Limestone,2.28 in. (5.79 cm),,,Syria,,,,,,,,,Ancient Near Eastern Art,,,False,True,https://www.metmuseum.org/art/collection/search/327106,https://images.metmuseum.org/CRDImages/an/original/vs1985_356_1_7.jpg,0,,,
326763,Vessel,Vessel,ca. early 5th century CE,Kushano-Sasanian (?),,,Ceramic,7.09 x 5.51 in. (18.01 x 14 cm),,,Bactria-Margiana,,,,,,,,,Ancient Near Eastern Art,,,False,True,https://www.metmuseum.org/art/collection/search/326763,https://images.metmuseum.org/CRDImages/an/original/ME1983_535_10.jpg,0,,,
327208,Cylinder seal,Cylinder seal,ca. 16th–12th century BCE,Kassite,,,Microline feldspar,1 5/16 × 5/8 × 5/8 in. (3.3 × 1.6 × 1.6 cm),Kassite,,Mesopotamia,,,,,,,,,Ancient Near Eastern Art,,,False,True,https://www.metmuseum.org/art/collection/search/327208,https://images.metmuseum.org/CRDImages/an/original/DP-15181-001.jpg,0,https://www.wikidata.org/wiki/Q116408000,,
322438,Relief fragment,Relief,ca. 7th century CE,Sasanian–early Islamic,,,Stucco,6 x 8 in.,Sasanian or Islamic,,Mesopotamia,,,,,,,,,Ancient Near Eastern Art,,,False,True,https://www.metmuseum.org/art/collection/search/322438,https://images.metmuseum.org/CRDImages/an/original/DP-24872-001.jpg,0,,,
324152,Eye idol,Sculpture,ca. 3700–3500 BCE,Middle Uruk,,,Gypsum alabaster,2 7/8 x 2 x 1/4 in. (7.3 x 5.2 x 0.7 cm),,,Syria,,Eyes,,,,,,,Ancient Near Eastern Art,,,False,True,https://www.metmuseum.org/art/collection/search/324152,https://images.metmuseum.org/CRDImages/an/original/DP224747.jpg,0,,,
322135,Forepart of a leopard,Sculpture,ca. 3rd century BCE–3rd century CE,Parthian,,,Bronze,4.21 in. (10.69 cm),Parthian,,Iran,,Leopards,,,,,,,Ancient Near Eastern Art,,,False,True,https://www.metmuseum.org/art/collection/search/322135,https://images.metmuseum.org/CRDImages/an/original/DP-39625-001.jpg,3,,,
326681,Pommel or large bead,Pommel or bead,1st millennium BCE,Iron Age,,,Bitumenous limestone,1.65 x 1.02 in. (4.19 x 2.59 cm),Iran,,Iran,,,,,,,,,Ancient Near Eastern Art,,,False,True,https://www.metmuseum.org/art/collection/search/326681,https://images.metmuseum.org/CRDImages/an/original/DP-41924-001.jpg,1,,,
327610,Cylinder seal,Cylinder seal,ca. early 2nd millennium BCE,Old Babylonian,,,Hematite,H. 13/16 in. (2.0 cm);  Diam. 7/16 in. (1.1 cm),Babylonian,,Mesopotamia,,Lions,,,,,,,Ancient Near Eastern Art,,,False,True,https://www.metmuseum.org/art/collection/search/327610,https://images.metmuseum.org/CRDImages/an/original/DP-36500-001.jpg,3,,,
321639,Stamp seal (scaraboid) with animal,Stamp seal,7th–6th century BCE,Neo-Assyrian / Neo-Babylonian,,,Variegated and flawed orange and neutral Chalcedony (Quartz),"Seal Face: 1.49 x 1.23 cm
Height; 0.8 cm
String Hole: 0.25-.27 cm",Assyro-Babylonian,,Mesopotamia,,,,,,,,,Ancient Near Eastern Art,,,False,True,https://www.metmuseum.org/art/collection/search/321639,https://images.metmuseum.org/CRDImages/an/original/ss86_11_19gp.jpg,0,,,
323987,Handle,Handle,ca. 8th–7th century BCE,Iron Age III,,,Ivory,2.99 in. (7.59 cm),Iran,,"Iran, Luristan",,,,,,,,,Ancient Near Eastern Art,,,False,True,https://www.metmuseum.org/art/collection/search/323987,https://images.metmuseum.org/CRDImages/an/original/DP110522.jpg,1,,,
322184,Conoid seal,Stamp seal,7th century BCE,Neo-Assyrian,,,Rock Crystal (Macrocrystalline Quartz),"Seal Face: 1.83 x 1.89 cm
Height: 2.15 cm
String Hole: 0.25 cm",Stamp seal (conoid) with cultic scene,,Mesopotamia,,,,,,,,,Ancient Near Eastern Art,,,False,True,https://www.metmuseum.org/art/collection/search/322184,https://images.metmuseum.org/CRDImages/an/original/DP-36027-001.jpg,3,,,
327199,Cylinder seal and modern impression,Cylinder seal,ca. 1720–1650 BCE,Old Syrian,,,Hematite,0.75 x 0.4 in. (1.91 x 1.02 cm),,,Syria,,,,,,,,,Ancient Near Eastern Art,,,False,True,https://www.metmuseum.org/art/collection/search/327199,https://images.metmuseum.org/CRDImages/an/original/ME1985_357_17.jpg,0,,,
322637,Wall decoration with vegetal and geometric design,Relief,ca. 6th century CE,Sasanian,,,Stucco,6 3/4 x 4 1/4 x 22 in. (17.1 x 10.8 x 55.9 cm),Sasanian,,Mesopotamia,,,,,,,,,Ancient Near Eastern Art,,,False,True,https://www.metmuseum.org/art/collection/search/322637,https://images.metmuseum.org/CRDImages/an/original/DP247437.jpg,0,,,
322558,Cylinder seal with cultic scene,Cylinder seal,ca. 7th century BCE,Neo-Assyrian,,,Flawed neutral Chalcedony (Quartz),1.16 in. (2.95 cm),Assyrian,,Mesopotamia,,,,,,,,,Ancient Near Eastern Art,,,False,True,https://www.metmuseum.org/art/collection/search/322558,https://images.metmuseum.org/CRDImages/an/original/DP-39889-001.jpg,3,,,
323584,Plaque fragment: kneeling lion-headed figure,Relief,ca. 18th century BCE,Middle Bronze Age–Old Assyrian Trading Colony,,,"Ivory (hippopotamus), gold foil",2 1/2 in. × 2 in. × 3/8 in. (6.4 × 5.1 × 1 cm),Old Assyrian Trading Colony,,Anatolia,,Lions,,,,,,,Ancient Near Eastern Art,,,False,True,https://www.metmuseum.org/art/collection/search/323584,https://images.metmuseum.org/CRDImages/an/original/DP110487.jpg,0,,,
326475,Beads,Beads,ca. 1st century BCE–1st century CE,Parthian,,,Glass,0.35 x 0.28 x 0.51 in. (0.89 x 0.71 x 1.3 cm),Parthian,,Iran,,,,,,,,,Ancient Near Eastern Art,,,False,True,https://www.metmuseum.org/art/collection/search/326475,https://images.metmuseum.org/CRDImages/an/original/DP-40357-001.jpg,0,,,
325021,Cylinder seal with geometric design,Cylinder seal,ca. 9th–8th century BCE,"Iron Age II, Hasanlu Period IV",,,Egyptian Blue,1.06 in. (2.69 cm),Assyrian or Iranian,,Iran,,,,,,,,,Ancient Near Eastern Art,,,False,True,https://www.metmuseum.org/art/collection/search/325021,https://images.metmuseum.org/CRDImages/an/original/DP-35837-001.jpg,3,,,
321805,"Cuneiform tablet: account of pomegranate delivery, Ebabbar archive",Cuneiform tablet,ca. 579 BCE,Neo-Babylonian,,,Clay,1.44 x 2.12 x .65 in. (3.66 x 5.38 x 1.65 cm),Babylonian,,Mesopotamia,,,,,,,,,Ancient Near Eastern Art,,,False,True,https://www.metmuseum.org/art/collection/search/321805,https://images.metmuseum.org/CRDImages/an/original/ME86_11_227.jpg,1,,,
326055,Bracelet with terminals in form of lion foreparts,Bracelet,ca. 4th–3rd century BCE,Achaemenid or Seleucid,,,"Gold, cinnabar",2.13 x 0.43 x 2.05 in. (5.41 x 1.09 x 5.21 cm),Iran,,Iran or Mesopotamia,,,,,,,,,Ancient Near Eastern Art,,,False,True,https://www.metmuseum.org/art/collection/search/326055,https://images.metmuseum.org/CRDImages/an/original/DP-23941-001.jpg,1,,,
324933,Female head,Sculpture,ca. 8th–7th century BCE,Neo-Assyrian,,,Ivory,3 1/4 × 1 11/16 × 1 1/2 in. (8.3 × 4.3 × 3.8 cm),Assyrian,,Mesopotamia,,Women,,,,,,,Ancient Near Eastern Art,,,False,True,https://www.metmuseum.org/art/collection/search/324933,https://images.metmuseum.org/CRDImages/an/original/DP-28968-001.jpg,1,,,
325954,Zoomorphic pin,Pin,1st millennium BCE,Iron Age,,,bronze,1.38 x 13.11 in. (3.51 x 33.3 cm),Iran,,Iran,,,,,,,,,Ancient Near Eastern Art,,,False,True,https://www.metmuseum.org/art/collection/search/325954,https://images.metmuseum.org/CRDImages/an/original/ME68_121.jpg,0,,,
322971,Bowl,Bowl,ca. 6th–8th century CE,Sasanian–early Islamic,,,Ceramic,H. 6.1 cm x Diam. mouth: 4.9 cm x Diam. body: 5.8 cm,Sasanian or Islamic,,Iran,,,,,,,,,Ancient Near Eastern Art,,,False,True,https://www.metmuseum.org/art/collection/search/322971,https://images.metmuseum.org/CRDImages/an/original/me33_175_175.jpg,0,,,
326383,Bowl,Bowl,ca. 4th–3rd century BCE,,,,Ceramic,1.18 in. (3 cm),Seleucid,,Iran,,,,,,,,,Ancient Near Eastern Art,,,False,True,https://www.metmuseum.org/art/collection/search/326383,https://images.metmuseum.org/CRDImages/an/original/ME1978_93_9.jpg,0,,,
322003,Cuneiform tablet: fragment of a contract,Cuneiform tablet,ca. 626–539 BCE,Neo-Babylonian,,,Clay,2.7 x 4.2 x 2.1 cm (1 1/8 x 1 5/8 x 7/8 in.),Babylonian,,Mesopotamia,,,,,,,,,Ancient Near Eastern Art,,,False,True,https://www.metmuseum.org/art/collection/search/322003,https://images.metmuseum.org/CRDImages/an/original/ME86_11_385.jpg,1,,,
324922,Furniture plaques carved in relief with animal combat,Reliefs,ca. 8th century BCE,Neo-Assyrian,,,Ivory,"A: 1 3/4 × 21 13/16 × 1/2 in. (4.4 × 55.4 × 1.2 cm)
B: 1 7/8 × 21 11/16 × 1/2 in. (4.7 × 55.1 × 1.2 cm)",Assyrian,,Mesopotamia,,Bulls|Lions,,,,,,,Ancient Near Eastern Art,,,False,True,https://www.metmuseum.org/art/collection/search/324922,https://images.metmuseum.org/CRDImages/an/original/DP326286.jpg,1,,,
321939,"Cuneiform tablet: account of dates as imittu-rent with sissinnu payments, Ebabbar archive",Cuneiform tablet,ca. 626–605 BCE (?),Neo-Babylonian,,,Clay,1.75 x 3 x 1.24 in. (4.45 x 7.62 x 3.15 cm),Babylonian,,Mesopotamia,,,,,,,,,Ancient Near Eastern Art,,,False,True,https://www.metmuseum.org/art/collection/search/321939,https://images.metmuseum.org/CRDImages/an/original/ME86_11_315.jpg,1,,,
324913,Inscribed brick,Brick,ca. 1895–1874 BCE,Isin-Larsa,,,Ceramic,"Brick: 19.3 × 30.8 × 7.6 cm (7 5/8 × 12 1/8 × 3 in.)
Inscription: 13 × 10.4 cm (5 1/8 × 4 1/8 in.)",Isin-Larsa,,Mesopotamia,,,,,,,,,Ancient Near Eastern Art,,,False,True,https://www.metmuseum.org/art/collection/search/324913,https://images.metmuseum.org/CRDImages/an/original/DP-12499-008.jpg,2,,,
321633,Stamp seal (scaraboid) with animal,Stamp seal,7th–6th century BCE,Neo-Assyrian / Neo-Babylonian,,,Neutral Chalcedony (Quartz),"Seal Face; 2.3 x 1.9 cm
Height: 1.25 cm",Assyro-Babylonian,,Levant or Syria,,Scarabs,,,,,,,Ancient Near Eastern Art,,,False,True,https://www.metmuseum.org/art/collection/search/321633,https://images.metmuseum.org/CRDImages/an/original/ss86_11_9gp.jpg,0,,,
322993,Jug,,ca. 9th–10th century CE,early Islamic,,,Ceramic,3.94 in. (10.01 cm),Islamic,,Iran,,,,,,,,,Ancient Near Eastern Art,,,False,True,https://www.metmuseum.org/art/collection/search/322993,https://images.metmuseum.org/CRDImages/an/original/vsz34.107.20a.jpg,0,,,
322869,Bracelet with lion mask terminals,Bracelet,ca. 8th–7th century BCE,Iron Age III,,,Bronze,Diam. 7.9 cm x H. 2.9 cm,Iran,,"Iran, probably from Luristan",,Lions,,,,,,,Ancient Near Eastern Art,,,False,True,https://www.metmuseum.org/art/collection/search/322869,https://images.metmuseum.org/CRDImages/an/original/me32_161_22.jpg,0,,,
325368,Arrowhead,Arrowhead,2nd–1st millennium BCE,Iron Age,,,Bronze,0.43 x 2.87 in. (1.09 x 7.29 cm),Iran,,Iran,,,,,,,,,Ancient Near Eastern Art,,,False,True,https://www.metmuseum.org/art/collection/search/325368,https://images.metmuseum.org/CRDImages/an/original/DP-37494.jpg,0,,,
325898,Vessel,Vessel,ca. 1st century CE,Nabataean,,,Ceramic,4 7/16 × 4 13/16 in. (11.3 × 12.3 cm),Nabataean,,Levant,,,,,,,,,Ancient Near Eastern Art,,,False,True,https://www.metmuseum.org/art/collection/search/325898,https://images.metmuseum.org/CRDImages/an/original/DP-30318-002.jpg,1,https://www.wikidata.org/wiki/Q116282418,,
322810,Jar sherd,Jar,ca. 7th–8th century CE,Sasanian–early Islamic,,,"Ceramic, glaze",2 1/8 in. × 4 5/16 in. × 3 1/4 in. (5.4 × 11 × 8.2 cm),Sasanian or Islamic,,Mesopotamia,,,,,,,,,Ancient Near Eastern Art,,,False,True,https://www.metmuseum.org/art/collection/search/322810,https://images.metmuseum.org/CRDImages/an/original/DP-30297-001.jpg,1,,,
324418,Bull head-shaped spout of vessel,Spout of vessel,4th–3rd millennium BCE (?),,,,Stone,2.25 x 2.5 in. (5.72 x 6.35 cm),,,Western Asia,,Bulls,,,,,,,Ancient Near Eastern Art,,,False,True,https://www.metmuseum.org/art/collection/search/324418,https://images.metmuseum.org/CRDImages/an/original/ME55_65_1.jpg,0,,,
326825,Stamp seal,Stamp seal,ca. late 3rd–early 2nd millennium BCE,Bronze Age,,,Copper alloy,0.87 x 0.98 in. (2.21 x 2.49 cm),Bactria-Margiana Archaeological Complex,,Bactria-Margiana,,,,,,,,,Ancient Near Eastern Art,,,False,True,https://www.metmuseum.org/art/collection/search/326825,https://images.metmuseum.org/CRDImages/an/original/ss1983_535_72.jpg,0,,,
325212,Cylinder seal with hunting scene,Cylinder seal,ca. 9th–8th century BCE,Neo-Assyrian,,,"Beige fossiliferous Limestone, stained green at ends",1.38 in. (3.51 cm),Assyrian,,Iran,,,,,,,,,Ancient Near Eastern Art,,,False,True,https://www.metmuseum.org/art/collection/search/325212,https://images.metmuseum.org/CRDImages/an/original/ss61_100_81.jpg,1,,,
325553,Cylinder seal,Cylinder seal,ca. 2700–2600 BCE,Early Dynastic II,,,Lapis lazuli,1 3/4 in. × 1 in. × 1 in. (4.5 × 2.6 × 2.6 cm),,,Mesopotamia,,Horses,,,,,,,Ancient Near Eastern Art,,,False,True,https://www.metmuseum.org/art/collection/search/325553,https://images.metmuseum.org/CRDImages/an/original/ss62_234_1.jpg,1,,,
323081,Bead,Bead,ca. 3rd–7th century CE,Sasanian,,,Glass,Diam. 2.4 cm x H. 2 cm,Sasanian,,Iran,,,,,,,,,Ancient Near Eastern Art,,,False,True,https://www.metmuseum.org/art/collection/search/323081,https://images.metmuseum.org/CRDImages/an/original/ME34_107_127.jpg,0,,,
327363,Figure of an ibex,Sculpture,ca. 8th–7th century BCE,Iron Age III,,,Gold,3/4 × 5/8 × 1/16 in. (1.9 × 1.6 × 0.2 cm),Iran,,Iran,,Ibex,,,,,,,Ancient Near Eastern Art,,,False,True,https://www.metmuseum.org/art/collection/search/327363,https://images.metmuseum.org/CRDImages/an/original/DP-26521-001.jpg,1,,,
322851,Pickaxe,Axe,ca. mid- to late 3rd millennium BCE,,,,Copper alloy,3.03 x 5 in. (7.7 x 12.7 cm),,,Mesopotamia or western Iran,,,,,,,,,Ancient Near Eastern Art,,,False,True,https://www.metmuseum.org/art/collection/search/322851,https://images.metmuseum.org/CRDImages/an/original/hb32_161_4.jpg,0,,,
326918,Stamp seal (scaraboid) with animal husbandry scene,Stamp seal,ca. 9th–7th century BCE,Iron Age II,,,Black Limestone,"Seal Face: 1.84 x 1.55 cm
Height: 0.91 cm
String Hole: 0.2 cm",Syro-Levantine,,Cyprus (?),,Animals|Scarabs,,,,,,,Ancient Near Eastern Art,,,False,True,https://www.metmuseum.org/art/collection/search/326918,https://images.metmuseum.org/CRDImages/an/original/SS1984_175_19.jpg,0,,,
326589,Openwork rattle bell,Rattle bell,ca. 1000 BCE,Iron Age II,,,Bronze,3 15/16 × 2 13/16 × 2 13/16 in. (10 × 7.2 × 7.2 cm),Iran,,Western Iran,,Animals,,,,,,,Ancient Near Eastern Art,,,False,True,https://www.metmuseum.org/art/collection/search/326589,https://images.metmuseum.org/CRDImages/an/original/ME1978_514_15.jpg,0,,,
323082,Bead,Bead,ca. 3rd–7th century CE,Sasanian,,,Glass,H. 2.3 cm x W. 2.5 cm x D. 1.5 cm,Sasanian,,Iran,,,,,,,,,Ancient Near Eastern Art,,,False,True,https://www.metmuseum.org/art/collection/search/323082,https://images.metmuseum.org/CRDImages/an/original/ME34_107_128.jpg,0,,,
324802,Miniature pot,Pot,early 2nd millennium BCE,Middle Bronze Age,,,Ceramic,1.81 in. (4.6 cm),Iran,,Iran,,,,,,,,,Ancient Near Eastern Art,,,False,True,https://www.metmuseum.org/art/collection/search/324802,https://images.metmuseum.org/CRDImages/an/original/ME58_100_2.jpg,0,,,
327550,Fingerless leather gloves,Textile,ca. 7th–9th century CE,,,,Leather,6.75 x 5.75 in. (17.15 x 14.61 cm),Alanic,,Caucasus region,,,,,,,,,Ancient Near Eastern Art,,,False,True,https://www.metmuseum.org/art/collection/search/327550,https://images.metmuseum.org/CRDImages/an/original/sd1999_153_1.jpg,0,,,
325429,Cup,Cup,ca. 2600–2500 BCE,Early Dynastic IIIa,,,Ceramic,4.49 in. (11.4 cm),Sumerian,,Mesopotamia,,,,,,,,,Ancient Near Eastern Art,,,False,True,https://www.metmuseum.org/art/collection/search/325429,https://images.metmuseum.org/CRDImages/an/original/DP-15117-020.jpg,0,,,
325770,Cylinder seal with animal and divine symbols,Cylinder seal,9th–8th century BCE,Neo-Assyrian,,,Egyptian Blue,1.14 in. (2.9 cm),Assyrian,,Iran,,,,,,,,,Ancient Near Eastern Art,,,False,True,https://www.metmuseum.org/art/collection/search/325770,https://images.metmuseum.org/CRDImages/an/original/ss65_163_41.jpg,1,,,
321730,"Cuneiform tablet: prebend service contract, Esagilaya archive",Cuneiform tablet,ca. 523 BCE,Achaemenid,,,Clay,3.7 x 4.7 x 2 cm (1 1/2 x 1 7/8 x 3/4 in.),Achaemenid,,Mesopotamia,,,,,,,,,Ancient Near Eastern Art,,,False,True,https://www.metmuseum.org/art/collection/search/321730,https://images.metmuseum.org/CRDImages/an/original/ME86_11_151.jpg,1,,,
327594,Cuneiform tablet: receipt of oxen for rituals,Cuneiform tablet,ca. 2050 BCE,Ur III,,,Clay,1.42 x 1.3 x .61 in. (3.6 x 3.3 x 1.55 cm),Neo-Sumerian,,Mesopotamia,,,,,,,,,Ancient Near Eastern Art,,,False,True,https://www.metmuseum.org/art/collection/search/327594,https://images.metmuseum.org/CRDImages/an/original/vsz1991.231.JPG,2,,,
325621,Brazier,Brazier,ca. 9th century BCE,"Iron Age II, Hasanlu Period IV",,,Ceramic,5.08 in. (12.9 cm),Iran,,Iran,,,,,,,,,Ancient Near Eastern Art,,,False,True,https://www.metmuseum.org/art/collection/search/325621,https://images.metmuseum.org/CRDImages/an/original/ME63_109_14.jpg,0,,,
323056,Figure of an animal,Sculpture,ca. 3rd–7th century CE,Sasanian,,,Bronze,0.87 x 1.12 in. (2.21 x 2.84 cm),Sasanian,,Iran,,Animals,,,,,,,Ancient Near Eastern Art,,,False,True,https://www.metmuseum.org/art/collection/search/323056,https://images.metmuseum.org/CRDImages/an/original/DP-39628-001.jpg,0,,,
322489,Relief panel,Relief,ca. 883–859 BCE,Neo-Assyrian,,,Gypsum alabaster,64 x 49 1/2 x 4 1/2 in. (162.6 x 125.7 x 11.4 cm),Assyrian,,Mesopotamia,,,,,,,,,Ancient Near Eastern Art,,,False,True,https://www.metmuseum.org/art/collection/search/322489,https://images.metmuseum.org/CRDImages/an/original/DP355708.jpg,0,https://www.wikidata.org/wiki/Q116282540,,
327570,Pocket-sized bronze mirror,Mirror,ca. 7th–9th century CE,,,,Metal,1/16 x 1 1/2 in. (0.2 x 3.8 cm),Alanic,,Caucasus region,,,,,,,,,Ancient Near Eastern Art,,,False,True,https://www.metmuseum.org/art/collection/search/327570,https://images.metmuseum.org/CRDImages/an/original/DP-34672-001.jpg,1,,,
321723,"Cuneiform tablet: account of sheep holdings in households for offerings, from the 20th year of rule of either Nabopolassar or Nebuchadnezzar II, Ebabbar archive",Cuneiform tablet,ca. 605 BCE or 584 BCE,Neo-Babylonian,,,Clay,2 x 3.37 x 1.18 in. (5.08 x 8.56 x 3 cm),Babylonian,,Mesopotamia,,,,,,,,,Ancient Near Eastern Art,,,False,True,https://www.metmuseum.org/art/collection/search/321723,https://images.metmuseum.org/CRDImages/an/original/ME86_11_143.jpg,1,,,
325390,Stamp seal,Stamp seal,ca. 5th–6th century CE,Sasanian,,,Carnelian,0.28 in. (0.71 cm),Sasanian,,Iran,,Birds,,,,,,,Ancient Near Eastern Art,,,False,True,https://www.metmuseum.org/art/collection/search/325390,https://images.metmuseum.org/CRDImages/an/original/SS62_66_11.jpg,0,,,
324550,Cylinder seal,Cylinder seal,ca. 2600–2350 BCE,Early Dynastic III,,,Sandstone (?),1.5 in. (3.81 cm),Sumerian,,Mesopotamia,,Animals,,,,,,,Ancient Near Eastern Art,,,False,True,https://www.metmuseum.org/art/collection/search/324550,https://images.metmuseum.org/CRDImages/an/original/ss56_130_4.jpg,0,,,
324228,Jar,Jar,ca. 1000–750 BCE,Iron Age II,,,Bronze,3 1/4 × 3 3/4 × 3 3/4 in. (8.2 × 9.5 × 9.5 cm),,,Iran,,,,,,,,,Ancient Near Eastern Art,,,False,True,https://www.metmuseum.org/art/collection/search/324228,https://images.metmuseum.org/CRDImages/an/original/ME52_119_1.jpg,0,,,
321726,"Cuneiform tablet: declaration before witnesses, archive of Iddin-Nabu and Shellebi",Cuneiform tablet,ca. 516 BCE,Achaemenid,,,Clay,3.1 x 4.6 x 1.7 cm (1 1/4 x 1 3/4 x 5/8 in.),Achaemenid,,Mesopotamia,,,,,,,,,Ancient Near Eastern Art,,,False,True,https://www.metmuseum.org/art/collection/search/321726,https://images.metmuseum.org/CRDImages/an/original/ME86_11_147.jpg,1,,,
321498,Stamp seal,Stamp seal,ca. 3rd–7th century CE,Sasanian,,,Bronze,0.35 x 0.39 x 0.75 in. (0.89 x 0.99 x 1.91 cm),Sasanian,,Iran,,,,,,,,,Ancient Near Eastern Art,,,False,True,https://www.metmuseum.org/art/collection/search/321498,https://images.metmuseum.org/CRDImages/an/original/ss74_51_4420.jpg,0,,,
329627,Small pot with remnants of green glaze,Pot,ca. 3rd–7th century CE,Sasanian,,,Ceramic,3 1/16 × 3 3/16 in. (7.7 × 8.1 cm),Sasanian,,Mesopotamia,,,,,,,,,Ancient Near Eastern Art,,,False,True,https://www.metmuseum.org/art/collection/search/329627,https://images.metmuseum.org/CRDImages/an/original/DP-30328-001.jpg,1,,,
325529,Tripartite vase,Vase,ca. 1000 BCE,Iron Age,,,Ceramic,4 15/16 × 5 5/8 × 5 5/8 in. (12.6 × 14.3 × 14.3 cm),Iran,,Northwestern Iran,,,,,,,,,Ancient Near Eastern Art,,,False,True,https://www.metmuseum.org/art/collection/search/325529,https://images.metmuseum.org/CRDImages/an/original/ME62_170_3.jpg,0,,,
321570,Stamp seal,Stamp seal,ca. late 1st millennium BCE,Graeco-Roman,,,"Jasper, green with red flecks",0.08 x 0.51 x 0.71 in. (0.2 x 1.3 x 1.8 cm),Graeco-Roman,,Greece or Italy,,Lions,,,,,,,Ancient Near Eastern Art,,,False,True,https://www.metmuseum.org/art/collection/search/321570,https://images.metmuseum.org/CRDImages/an/original/ss81_6_274gp.jpg,0,,,
322096,"Cuneiform tablet: Utukku lemnutu, tablet 12",Cuneiform tablet,ca. late 1st millennium BCE,Seleucid,,,Clay,4 5/8 x 6 x 1 1/2 in. (11.7 x 15.2 x 3.9 cm),Seleucid,,Mesopotamia,,,,,,,,,Ancient Near Eastern Art,,,False,True,https://www.metmuseum.org/art/collection/search/322096,https://images.metmuseum.org/CRDImages/an/original/vss86_11_366.jpg,0,,,
327782,Cylinder seal,Cylinder seal,ca. 15th–13th century BCE,Mitanni,,,Hematite,H.  7/8 in. (2.2 cm);  Diam.  7/16 in. (1.1 cm),Mitanni,,Syria,,Animals,,,,,,,Ancient Near Eastern Art,,,False,True,https://www.metmuseum.org/art/collection/search/327782,https://images.metmuseum.org/CRDImages/an/original/DP-38160-001.jpg,3,,,
324374,Tube,Tube,ca. 9th–7th century BCE,Neo-Assyrian,,,Bronze,2.56 in. (6.5 cm),Assyrian,,Mesopotamia,,,,,,,,,Ancient Near Eastern Art,,,False,True,https://www.metmuseum.org/art/collection/search/324374,https://images.metmuseum.org/CRDImages/an/original/ME57_27_82.jpg,0,,,
325795,Head of bull,Sculpture,ca. 9th century BCE,"Iron Age II, Hasanlu Period IV",,,"Ceramic, glaze",4.06 x 3.11 x 4.41 in. (10.31 x 7.9 x 11.2 cm),Iran,,Iran,,Bulls,,,,,,,Ancient Near Eastern Art,,,False,True,https://www.metmuseum.org/art/collection/search/325795,https://images.metmuseum.org/CRDImages/an/original/ME65_163_66.jpg,0,,,
322267,Funerary relief,Funerary relief,ca. 150–200,,,,Limestone,20 5/8 × 15 1/8 × 7 5/8 in. (52.4 × 38.4 × 19.4 cm),,,Syria,,Men,,,,,,,Ancient Near Eastern Art,,,False,True,https://www.metmuseum.org/art/collection/search/322267,https://images.metmuseum.org/CRDImages/an/original/DT11852.jpg,0,,,
327696,Stamp seal (octagonal pyramid) with animal contest,Stamp seal,6th–4th century BCE,Achaemenid,,,Blue Chalcedony (Quartz),H.  7/8 in. (2.2 cm);  Diam.  1/2 in. (1.3 cm),Achaemenid,,Mesopotamia,,Animals,,,,,,,Ancient Near Eastern Art,,,False,True,https://www.metmuseum.org/art/collection/search/327696,https://images.metmuseum.org/CRDImages/an/original/vsz1999_325_100.jpg,0,,,
322522,Pin,Pin,ca. 2000–1785 BCE,"Dynasty 12, Middle Kingdom",,,Bronze,8.5 in. (21.59 cm),,,present-day Lebanon,,,,,,,,,Ancient Near Eastern Art,,,False,True,https://www.metmuseum.org/art/collection/search/322522,https://images.metmuseum.org/CRDImages/an/original/DP-38029-001.jpg,0,,,
323281,Sealing,Sealing,ca. 7th century CE,Sasanian,,,Un-baked clay,0.94 in. (2.39 cm),Sasanian,,Iran,,,,,,,,,Ancient Near Eastern Art,,,False,True,https://www.metmuseum.org/art/collection/search/323281,https://images.metmuseum.org/CRDImages/an/original/ME36_30_252.jpg,0,,,
322360,Drachm,Coin,ca. 110–129 CE,Parthian,,,Silver,"Thickness 0.23 cm, Diameter 1.95 cm",Parthian,,Iran,,Men|Profiles,,,,,,,Ancient Near Eastern Art,,,False,True,https://www.metmuseum.org/art/collection/search/322360,https://images.metmuseum.org/CRDImages/an/original/DP-13132-037.jpg,1,,,
327028,Horse bit cheekpieces,Horse bit cheekpieces,ca. 8th–7th century BCE,Iron Age III,,,Iron,7.01 in. (17.81 cm),Iran,,Northwestern Iran,,,,,,,,,Ancient Near Eastern Art,,,False,True,https://www.metmuseum.org/art/collection/search/327028,https://images.metmuseum.org/CRDImages/an/original/vs1984_394_34.jpg,0,,,
323184,Earring,Earring,ca. A.D 1st–2nd century,Parthian,,,Gold,1 5/8 × 1/2 × 1/2 in. (4.2 × 1.15 × 1.15 cm),Parthian,,Mesopotamia or Iran,,,,,,,,,Ancient Near Eastern Art,,,False,True,https://www.metmuseum.org/art/collection/search/323184,https://images.metmuseum.org/CRDImages/an/original/DP-1105-001.jpg,0,,,
322293,Low hemispheroid seal,Stamp seal,ca. 3600–2900 BCE,Late Uruk–Jemdet Nasr,,,"Chlorite or steatite,  black","Seal Face: 2.18 x 2.12 cm
Height: 1.0 cm
String Hole: 0.4 x 0.5 cm",,,Mesopotamia,,,,,,,,,Ancient Near Eastern Art,,,False,True,https://www.metmuseum.org/art/collection/search/322293,https://images.metmuseum.org/CRDImages/an/original/ss99_22_24gp.jpg,0,,,
324623,Head and neck of camel,Sculpture,ca. 2nd century BCE,Parthian,,,Ceramic,1.18 x 5.12 in. (3 x 13 cm),Parthian,,Mesopotamia,,Camels,,,,,,,Ancient Near Eastern Art,,,False,True,https://www.metmuseum.org/art/collection/search/324623,https://images.metmuseum.org/CRDImages/an/original/DP-40497-001.jpg,0,,,
326479,Bead,Bead,ca. 1st century BCE–1st century CE,Parthian,,,"Agate (?), banded",0.28 x 0.39 in. (0.71 x 0.99 cm),Parthian,,Iran,,,,,,,,,Ancient Near Eastern Art,,,False,True,https://www.metmuseum.org/art/collection/search/326479,https://images.metmuseum.org/CRDImages/an/original/DP-40361-001.jpg,0,,,
325409,Double vessel with duck-shaped supports,Vessel,ca. 2600–2500 BCE,Early Dynastic IIIa,,,"Gypsum alabaster, shell inlay, bitumen",4 3/8 x 2 1/2 x 4 1/8 in. (11 x 6.2 x 10.5 cm),Sumerian,,Mesopotamia,,Ducks,,,,,,,Ancient Near Eastern Art,,,False,True,https://www.metmuseum.org/art/collection/search/325409,https://images.metmuseum.org/CRDImages/an/original/DP-15117-009.jpg,0,,,
323561,Stamp seal,Stamp seal,ca. 3rd–7th century CE,Sasanian,,,Agate,0.56 x 1.13 in. (1.42 x 2.87 cm),Sasanian,,Iran or Mesopotamia,,,,,,,,,Ancient Near Eastern Art,,,False,True,https://www.metmuseum.org/art/collection/search/323561,https://images.metmuseum.org/CRDImages/an/original/ss36_106_3.jpg,0,,,
322036,Cuneiform tablet: fragment of a contract,Cuneiform tablet,ca. 626–539 BCE,Neo-Babylonian,,,Clay,5 x 4.4 x 2.4 cm (2 x 1 3/4 x 1 in.),Babylonian,,Mesopotamia,,,,,,,,,Ancient Near Eastern Art,,,False,True,https://www.metmuseum.org/art/collection/search/322036,https://images.metmuseum.org/CRDImages/an/original/vs86_11_420.jpg,1,,,
326905,Reel seal,Stamp seal,4th–3rd millennium BCE (?),Prehistoric,,,"Chlorite, black","Seal Face:
Height: 1.49 cm",,,Iran or Mesopotamia,,,,,,,,,Ancient Near Eastern Art,,,False,True,https://www.metmuseum.org/art/collection/search/326905,https://images.metmuseum.org/CRDImages/an/original/SS1984_175_6.jpg,0,,,
323439,Sealing,Sealing,ca. 7th century CE,Sasanian,,,Un-baked clay,0.43 in. (1.09 cm),Sasanian,,Iran,,,,,,,,,Ancient Near Eastern Art,,,False,True,https://www.metmuseum.org/art/collection/search/323439,https://images.metmuseum.org/CRDImages/an/original/ME36_30_218.jpg,0,,,
325797,Cosmetic container,Cosmetic container,ca. 9th century BCE,"Iron Age II, Hasanlu Period IV",,,"Faience, glaze",2.2 x 1.61 in. (5.59 x 4.09 cm),Iran,,Iran,,,,,,,,,Ancient Near Eastern Art,,,False,True,https://www.metmuseum.org/art/collection/search/325797,https://images.metmuseum.org/CRDImages/an/original/ME65_163_68.jpg,0,,,
324009,Orthostat relief: lion attacking a deer,Relief,ca. 10th−9th century BCE,Neo-Hittite,,,"Limestone, paint","28 3/8 × 17 1/2 × 8 7/16 in., 426 lb. (72 × 44.5 × 21.5 cm)",Hittite,,Syria,,Deer|Lions,,,,,,,Ancient Near Eastern Art,,,False,True,https://www.metmuseum.org/art/collection/search/324009,https://images.metmuseum.org/CRDImages/an/original/DP-16603-001-JPG_TMS_4000px_300dpi.jpg,0,https://www.wikidata.org/wiki/Q116407894,,
322445,Cuneiform tablet: record of oxen disbursements,Cuneiform tablet,ca. 2052 BCE,Ur III,,,Clay,7.1 x 3.9 x 2.3 cm (2 3/4 x 1 1/2 x 7/8 in.),Neo-Sumerian,,Mesopotamia,,,,,,,,,Ancient Near Eastern Art,,,False,True,https://www.metmuseum.org/art/collection/search/322445,https://images.metmuseum.org/CRDImages/an/original/ME11_217_1A.jpg,1,,,
325502,Cuneiform tablet: fragment concerning canals (Sum.e),Cuneiform tablet,ca. 2600–2350 BCE,Early Dynastic III,,,Clay,4.5 x 5.2 x 2.5 cm (1 3/4 x 2 x 1 in.),Sumerian,,Mesopotamia,,,,,,,,,Ancient Near Eastern Art,,,False,True,https://www.metmuseum.org/art/collection/search/325502,https://images.metmuseum.org/CRDImages/an/original/DP-15117-045.jpg,2,,,
322668,Plaque,Plaque,ca. 3rd–7th century CE,Sasanian,,,Marble,5.12 x 3.25 in. (13 x 8.26 cm),Sasanian,,Mesopotamia,,,,,,,,,Ancient Near Eastern Art,,,False,True,https://www.metmuseum.org/art/collection/search/322668,https://images.metmuseum.org/CRDImages/an/original/DP348722.jpg,0,,,
322762,Grill fragment,Grill,ca. 3rd–7th century CE,Sasanian,,,Alabaster,2 x 4 in. (5.08 x 10.16 cm),Sasanian,,Mesopotamia,,,,,,,,,Ancient Near Eastern Art,,,False,True,https://www.metmuseum.org/art/collection/search/322762,https://images.metmuseum.org/CRDImages/an/original/DP-40705-001.jpg,1,,,
323977,Head of a pin: human head and wings,Pin head,ca. 8th–7th century BCE,Iron Age II,,,Bronze,1.38 in. (3.51 cm),Iran,,"Iran, Luristan",,,,,,,,,Ancient Near Eastern Art,,,False,True,https://www.metmuseum.org/art/collection/search/323977,https://images.metmuseum.org/CRDImages/an/original/DP-37927-001.jpg,0,,,
891656,Brooch with Assyrian-inspired design,Brooch,Second half of 19th century,Victorian,,,Gold,W. 1 15/16 in. (5 cm),British,,,,,,,,,,,Ancient Near Eastern Art,,,False,True,https://www.metmuseum.org/art/collection/search/891656,https://images.metmuseum.org/CRDImages/an/original/DP33404-001.jpg,1,,,
324042,Horse bit with attached cheekpieces,Horse bit,ca. 6th–4th century BCE,Achaemenid,,,Bronze,9 15/16 × 9 1/4 × 1 5/16 in. (25.2 × 23.5 × 3.4 cm),Achaemenid,,Iran,,,,,,,,,Ancient Near Eastern Art,,,False,True,https://www.metmuseum.org/art/collection/search/324042,https://images.metmuseum.org/CRDImages/an/original/DP-37584-001.jpg,0,,,
325398,Stamp seal,Stamp seal,ca. 5th century CE,Sasanian,,,Plasma (translucent quartz),0.43 x 0.51 x 0.63 in. (1.09 x 1.3 x 1.6 cm),Sasanian,,Iran,,Animals|Trees,,,,,,,Ancient Near Eastern Art,,,False,True,https://www.metmuseum.org/art/collection/search/325398,https://images.metmuseum.org/CRDImages/an/original/SS62_66_19.jpg,0,,,
327750,Cylinder seal,Cylinder seal,ca. 1820–1730 BCE,Old Syrian,,,Hematite,H.  13/16 in. (2.1);  Diam.  7/16 in. (1.1 cm),,,Syria,,,,,,,,,Ancient Near Eastern Art,,,False,True,https://www.metmuseum.org/art/collection/search/327750,https://images.metmuseum.org/CRDImages/an/original/DP-37894-001.jpg,3,,,
323442,Sealing,Sealing,ca. 7th century CE,Sasanian,,,Un-baked clay,1 1/8 × 15/16 × 1/2 in. (2.9 × 2.4 × 1.2 cm),Sasanian,,Iran,,,,,,,,,Ancient Near Eastern Art,,,False,True,https://www.metmuseum.org/art/collection/search/323442,https://images.metmuseum.org/CRDImages/an/original/DP-41763-001.jpg,1,,,
323841,Stamp seal,Stamp seal,ca. 3rd–7th century CE,Sasanian,,,Hematite,0.31 x 0.51 in. (0.79 x 1.3 cm),Sasanian,,Iran or Mesopotamia,,Animals,,,,,,,Ancient Near Eastern Art,,,False,True,https://www.metmuseum.org/art/collection/search/323841,https://images.metmuseum.org/CRDImages/an/original/ss41_160_250.jpg,0,,,
327797,Cylinder seal,Cylinder seal,ca. early 2nd millennium BCE,,,,Hematite,H.  11/16 in. (1.8 cm);  Diam.  7/16 in. (1.1 cm),,,Central Anatolia,,,,,,,,,Ancient Near Eastern Art,,,False,True,https://www.metmuseum.org/art/collection/search/327797,https://images.metmuseum.org/CRDImages/an/original/DP-38261-001.jpg,3,,,
326971,Cylinder seal,Cylinder seal,ca. 2250–2000 BCE,late Akkadian–Ur III,,,Chlorite,0.81 in. (2.06 cm),Akkadian or Neo-Sumerian,,Mesopotamia,,,,,,,,,Ancient Near Eastern Art,,,False,True,https://www.metmuseum.org/art/collection/search/326971,https://images.metmuseum.org/CRDImages/an/original/ss1984_383_10.jpg,0,,,
325973,Handle,Handle,ca. 6th century BCE,Iron Age III,,,Ceramic,1.46 x 2.05 in. (3.71 x 5.21 cm),Iran,,Iran,,,,,,,,,Ancient Near Eastern Art,,,False,True,https://www.metmuseum.org/art/collection/search/325973,https://images.metmuseum.org/CRDImages/an/original/DP-34140-001.jpg,1,,,
324303,Figurine,Sculpture,ca. 4th–3rd century BCE,Parthian,,,Ceramic,3 x 1.5 in. (7.62 x 3.81 cm),Parthian,,Iran,,,,,,,,,Ancient Near Eastern Art,,,False,True,https://www.metmuseum.org/art/collection/search/324303,https://images.metmuseum.org/CRDImages/an/original/DP-34808-001.jpg,1,,,
326381,Bowl sherd,Bowl,4th–3rd century BCE,,,,Ceramic,3 1/16 x 4 1/2 x 1/2 in. (7.7 x 11.5 x 1.2 cm),Seleucid,,Iran,,,,,,,,,Ancient Near Eastern Art,,,False,True,https://www.metmuseum.org/art/collection/search/326381,https://images.metmuseum.org/CRDImages/an/original/DP-28725-001.jpg,1,,,
322246,"Stamp seal (cubical) with animals, monsters, and anthropomorphic figures",Stamp seal,9th–7th century BCE,Iron Age II,,,"Steatite, black","Seal Face: 3.75 x 1.34 cm
Height: 1.3 cm
String Hole: 0.48 cm",Phoenician (?),,Syria or Anatolia (?),,,,,,,,,Ancient Near Eastern Art,,,False,True,https://www.metmuseum.org/art/collection/search/322246,https://images.metmuseum.org/CRDImages/an/original/ss93_17_114gp.jpg,0,,,
322364,Drachm,Coin,ca. 399–420 CE,Sasanian,,,Silver,"Thickness 0.13 cm., Diameter 2.7 cm",Sasanian,,Iran,,Men,,,,,,,Ancient Near Eastern Art,,,False,True,https://www.metmuseum.org/art/collection/search/322364,https://images.metmuseum.org/CRDImages/an/original/DP-36517-001.jpg,1,https://www.wikidata.org/wiki/Q116282332,,
321382,Loop-handled conoid seal,Stamp seal,ca. 12th–11th century BCE (?),Late Cypriot III (?),,,"Steatite, black","Seal Face: 2.78 x 2.49 cm
Height: 2.5 cm
String Hole: 0.4-.5 cm",Cypriot,,Cyprus,,,,,,,,,Ancient Near Eastern Art,,,False,True,https://www.metmuseum.org/art/collection/search/321382,https://images.metmuseum.org/CRDImages/an/original/DP-20491-001.jpg,1,,,
325190,Umbo or stud,Umbo or stud,ca. 9th century BCE,"Iron Age II, Hasanlu Period IV",,,"Iron, bronze",1 1/16 × 3 1/8 in. (2.7 × 7.9 cm),Iran,,Iran,,,,,,,,,Ancient Near Eastern Art,,,False,True,https://www.metmuseum.org/art/collection/search/325190,https://images.metmuseum.org/CRDImages/an/original/DP-38821-001.jpg,1,,,
323168,Bowl,Bowl,ca. late 8th–7th century BCE,Iron Age II,,,Ceramic,2.12 in. (5.38 cm),Israelite,,Levant,,,,,,,,,Ancient Near Eastern Art,,,False,True,https://www.metmuseum.org/art/collection/search/323168,https://images.metmuseum.org/CRDImages/an/original/me34_126_58.jpg,0,,,
323217,Stamp seal,Stamp seal,ca. 3rd–7th century CE,Sasanian,,,Carnelian,0.39 in. (0.99 cm),Sasanian,,Iran,,,,,,,,,Ancient Near Eastern Art,,,False,True,https://www.metmuseum.org/art/collection/search/323217,https://images.metmuseum.org/CRDImages/an/original/ss36_30_25.jpg,0,,,
325937,Bead,Bead,ca. 1300–1000 BCE,Iron Age I,,,Stone,0.43 x 0.39 x 1.14 in. (1.09 x 0.99 x 2.9 cm),Iran,,Iran,,,,,,,,,Ancient Near Eastern Art,,,False,True,https://www.metmuseum.org/art/collection/search/325937,https://images.metmuseum.org/CRDImages/an/original/DP-41860-001.jpg,1,,,
325872,Openwork furniture plaque with galloping bull,Relief,ca. 9th–8th century BCE,Neo-Assyrian,,,Ivory,2.28 x 5.83 x 0.28 in. (5.79 x 14.81 x 0.71 cm),Assyrian,,Mesopotamia,,Bulls,,,,,,,Ancient Near Eastern Art,,,False,True,https://www.metmuseum.org/art/collection/search/325872,https://images.metmuseum.org/CRDImages/an/original/DP-28979-001.jpg,1,,,
326580,Bell,Bell,ca. 8th–7th century BCE,Iron Age,,,Bronze,3 9/16 × 2 1/16 × 2 1/16 in. (9.1 × 5.2 × 5.2 cm),,,Transcaucasia or Iran,,,,,,,,,Ancient Near Eastern Art,,,False,True,https://www.metmuseum.org/art/collection/search/326580,https://images.metmuseum.org/CRDImages/an/original/DP-39453-001.jpg,0,,,
329067,Foundation figure of Ur-Namma holding a basket,Foundation figure,ca. 2112–2095 BCE,Ur III,,,Copper alloy,10 3/4 × 3 9/16 × 2 3/16 in. (27.3 × 9.1 × 5.6 cm),Neo-Sumerian,,Mesopotamia,,Men,,,,,,,Ancient Near Eastern Art,,,False,True,https://www.metmuseum.org/art/collection/search/329067,https://images.metmuseum.org/CRDImages/an/original/DP375097.jpg,1,,,
327789,Cylinder seal,Cylinder seal,ca. late 2nd millennium BCE,Mitanni,,,Hematite,H.  3/4 in. (1.9 cm);  Diam.  3/8 in. (0.9 cm),Mitanni,,Mesopotamia or Syria,,Animals,,,,,,,Ancient Near Eastern Art,,,False,True,https://www.metmuseum.org/art/collection/search/327789,https://images.metmuseum.org/CRDImages/an/original/DP-38254-001.jpg,3,,,
323717,Spouted jar,Jar,ca. 9th–7th century BCE,Iron Age II-III,,,"Ceramic, paint",7 9/16 × 11 5/8 × 7 5/16 in. (19.2 × 29.5 × 18.5 cm),Iran,,Iran,,,,,,,,,Ancient Near Eastern Art,,,False,True,https://www.metmuseum.org/art/collection/search/323717,https://images.metmuseum.org/CRDImages/an/original/DP232255.jpg,0,https://www.wikidata.org/wiki/Q116282459,,
327357,Twin-spouted vessel,Vessel,ca. late 1st millennium BCE,Parthian,,,Ceramic,9 5/8 × 7 1/4 × 13 3/4 in. (24.5 × 18.4 × 35 cm),Parthian,,Iran,,Horses,,,,,,,Ancient Near Eastern Art,,,False,True,https://www.metmuseum.org/art/collection/search/327357,https://images.metmuseum.org/CRDImages/an/original/sd1988_102_33.jpg,0,,,
323225,Stamp seal,Stamp seal,ca. 3rd–7th century CE,Sasanian,,,Rock crystal,0.37 x 0.5 in. (0.94 x 1.27 cm),Sasanian,,Iran,,Birds,,,,,,,Ancient Near Eastern Art,,,False,True,https://www.metmuseum.org/art/collection/search/323225,https://images.metmuseum.org/CRDImages/an/original/ss36_30_33.jpg,0,,,
327831,Panel with the god Shiva/Oesho and worshiper,Painted panel,ca. 3rd century CE,Kushan,,,"Terracotta, gouache","22-1/2 x 21 x 1-1/4 in. (57.2 x 53.3 x 5.7 cm)
52 lbs",Kushan,,Bactria,,Men|Shiva,,,,,,,Ancient Near Eastern Art,,,False,True,https://www.metmuseum.org/art/collection/search/327831,https://images.metmuseum.org/CRDImages/an/original/DT4623.jpg,0,,,
324251,Fragment of painted ware,Sherd,ca. 1st century CE,Nabataean,,,Ceramic,2 7/8 × 2 7/8 × 1/16 in. (7.3 × 7.3 × 0.2 cm),Nabataean,,Levant,,,,,,,,,Ancient Near Eastern Art,,,False,True,https://www.metmuseum.org/art/collection/search/324251,https://images.metmuseum.org/CRDImages/an/original/DP-32809-001.jpg,1,https://www.wikidata.org/wiki/Q116282344,,
326940,Earrings,Earrings,ca. 3rd–7th century CE,Sasanian,,,Gold,1.02 x 1.18 x 1.02 in. (2.59 x 3 x 2.59 cm),Sasanian,,Iran,,,,,,,,,Ancient Near Eastern Art,,,False,True,https://www.metmuseum.org/art/collection/search/326940,https://images.metmuseum.org/CRDImages/an/original/DP-33051-001.jpg,1,,,
326212,Bracelet,Bracelet,ca. 9th century BCE,"Iron Age II, Hasanlu Period IV",,,"Bronze, copper",7/16 x 3 in. (1.1 x 7.6 cm) The balls are 1.1 cm in diameter/depth. The Diam. of the bracelet is approximately 7.6 cm as the object is in three pieces and the full diameter is difficult to determine.  One of the pieces is in ANE SRAD 118 and cannot be measured.,Iran,,Iran,,,,,,,,,Ancient Near Eastern Art,,,False,True,https://www.metmuseum.org/art/collection/search/326212,https://images.metmuseum.org/CRDImages/an/original/DP-38841-001.jpg,0,,,
322432,Jar,Jar,ca. 1st century–7th century CE,Parthian or Sasanian,,,Ceramic,H. 7-1/4 in. x Diam. body: 11-3/8 in. x Diam. outer rim: 11.8 cm,Parthian or Sasanian,,Iran,,,,,,,,,Ancient Near Eastern Art,,,False,True,https://www.metmuseum.org/art/collection/search/322432,https://images.metmuseum.org/CRDImages/an/original/vs36_30_54.jpg,0,,,
324297,Jar,Jar,ca. 1600–1400 BCE,,,,"Ceramic, paint",4.87 in. (12.37 cm),,,Western Iran,,,,,,,,,Ancient Near Eastern Art,,,False,True,https://www.metmuseum.org/art/collection/search/324297,https://images.metmuseum.org/CRDImages/an/original/me 54_9.jpg,0,,,
321422,Cylinder seal,Cylinder seal,ca. 15th–13th century BCE,Late Cypriot,,,Steatite,1.28 in. (3.25 cm),Cypriot,,Cyprus,,Animals|Birds|Snakes,,,,,,,Ancient Near Eastern Art,,,False,True,https://www.metmuseum.org/art/collection/search/321422,https://images.metmuseum.org/CRDImages/an/original/DP-39700-001.jpg,3,,,
325230,Arrowhead,Arrowhead,2nd–1st millennium BCE,Iron Age,,,Bronze,1.3 x 5.2 in. (3.3 x 13.21 cm),Iran,,Iran,,,,,,,,,Ancient Near Eastern Art,,,False,True,https://www.metmuseum.org/art/collection/search/325230,https://images.metmuseum.org/CRDImages/an/original/DP-37486-001.jpg,0,,,
325096,Lion head,Sculpture,ca. 5th–4th century BCE,,,,Bronze,0.71 x 0.63 in. (1.8 x 1.6 cm),Scythian,,Eurasian steppes,,Lions,,,,,,,Ancient Near Eastern Art,,,False,True,https://www.metmuseum.org/art/collection/search/325096,https://images.metmuseum.org/CRDImages/an/original/ME61_60_3.jpg,0,,,
325249,Spade-shaped schematic female (?) figure,Sculpture,ca. 3000–2800 BCE,Early Bronze Age I,,,Limestone,0.24 x 1.34 x 2.24 in. (0.61 x 3.4 x 5.69 cm),,,Anatolia,,,,,,,,,Ancient Near Eastern Art,,,False,True,https://www.metmuseum.org/art/collection/search/325249,https://images.metmuseum.org/CRDImages/an/original/DP-32550-001.jpg,1,,,
322302,Stamp seal (scaraboid) with geometric design,Stamp seal,9th–7th century BCE,Iron Age II,,,"Steatite, black","Seal Face: 1.57 x 1.24 cm
Height: 0.83 cm",Phoenician,,Levant or Syria,,Scarabs,,,,,,,Ancient Near Eastern Art,,,False,True,https://www.metmuseum.org/art/collection/search/322302,https://images.metmuseum.org/CRDImages/an/original/ss99_22_33gp.jpg,0,,,
327069,"Cuneiform tablet: record of rations of beer, bread, oil, and onions for messengers",Cuneiform tablet,ca. 2028 BCE,Ur III,,,Clay,1 3/16 x 1 1/8 x 1/2 in. (3 x 2.8 x 1.2 cm),Neo-Sumerian,,Mesopotamia,,,,,,,,,Ancient Near Eastern Art,,,False,True,https://www.metmuseum.org/art/collection/search/327069,https://images.metmuseum.org/CRDImages/an/original/me 1985_180_2a.jpg,1,,,
325789,Horse bit,Horse bit,ca. 9th century BCE,"Iron Age II, Hasanlu Period IV",,,Bronze,1 7/16 × 6 13/16 × 5/16 in. (3.7 × 17.3 × 0.8 cm),Iran,,Iran,,,,,,,,,Ancient Near Eastern Art,,,False,True,https://www.metmuseum.org/art/collection/search/325789,https://images.metmuseum.org/CRDImages/an/original/DP226652.jpg,0,,,
322662,Relief fragment,Relief,ca. 6th–7th century CE,Sasanian–early Islamic,,,Stucco,4 3/16 × 3 1/2 × 1 5/8 in. (10.6 × 8.9 × 4.1 cm),,,Mesopotamia,,,,,,,,,Ancient Near Eastern Art,,,False,True,https://www.metmuseum.org/art/collection/search/322662,https://images.metmuseum.org/CRDImages/an/original/me32_150_35.jpg,0,,,
325737,Furniture plaque carved in relief with warrior,Relief,ca. 9th century BCE,"Iron Age II, Hasanlu Period IV",,,Ivory,1.3 x 2.52 x 0.31 in. (3.3 x 6.4 x 0.79 cm),Iran,,Iran,,Soldiers,,,,,,,Ancient Near Eastern Art,,,False,True,https://www.metmuseum.org/art/collection/search/325737,https://images.metmuseum.org/CRDImages/an/original/DP115110.jpg,1,,,
323609,Plaque fragment,Relief,ca. 18th century BCE,Middle Bronze Age–Old Assyrian Trading Colony,,,Ivory,1 x 1.12 in. (2.54 x 2.84 cm),Old Assyrian Trading Colony,,Anatolia,,,,,,,,,Ancient Near Eastern Art,,,False,True,https://www.metmuseum.org/art/collection/search/323609,https://images.metmuseum.org/CRDImages/an/original/DP110520.jpg,1,,,
326908,Stamp seal,Stamp seal,4th millennium BCE,Prehistoric,,,Chlorite,0.36 x 1.38 x 1.65 in. (0.91 x 3.51 x 4.19 cm),,,Northern Syria or southeastern Anatolia,,,,,,,,,Ancient Near Eastern Art,,,False,True,https://www.metmuseum.org/art/collection/search/326908,https://images.metmuseum.org/CRDImages/an/original/SS1984_175_9.jpg,0,,,
324994,Necklace,Necklace,ca. 9th century BCE,"Iron Age II, Hasanlu Period IV",,,Faience,27.48 in. (69.8 cm),Iran,,Iran,,,,,,,,,Ancient Near Eastern Art,,,False,True,https://www.metmuseum.org/art/collection/search/324994,https://images.metmuseum.org/CRDImages/an/original/DP-33825-001.jpg,0,,,
323371,Sealing,Sealing,ca. 7th century CE,Sasanian,,,Un-baked clay,0.55 in. (1.4 cm),Sasanian,,Iran,,Animals,,,,,,,Ancient Near Eastern Art,,,False,True,https://www.metmuseum.org/art/collection/search/323371,https://images.metmuseum.org/CRDImages/an/original/ME36_30_150.jpg,0,,,
325410,Furniture element: ram with bitumen-lined socket,Furniture element,ca. 2600–2500 BCE,Early Dynastic IIIa,,,"Gypsum alabaster, bitumen",2.2 x 1.5 x 3.78 in. (5.59 x 3.81 x 9.6 cm),Sumerian,,Mesopotamia,,Rams,,,,,,,Ancient Near Eastern Art,,,False,True,https://www.metmuseum.org/art/collection/search/325410,https://images.metmuseum.org/CRDImages/an/original/DP-15621-022.jpg,0,,,
326549,Blade,Blade,ca. 4600–3600 BCE,Chalcolithic,,,Stone,0.5 x 1.25 in. (1.27 x 3.18 cm),Ghassulian,,Levant,,,,,,,,,Ancient Near Eastern Art,,,False,True,https://www.metmuseum.org/art/collection/search/326549,https://images.metmuseum.org/CRDImages/an/original/DP-41898-001.jpg,1,,,
321688,"Cuneiform tablet: account of workmen, Ebabbar archive",Cuneiform tablet,ca. 598 BCE,Neo-Babylonian,,,Clay,1.5 x 2.13 x .87 in. (3.8 x 5.4 x 2.2 cm),Babylonian,,Mesopotamia,,,,,,,,,Ancient Near Eastern Art,,,False,True,https://www.metmuseum.org/art/collection/search/321688,https://images.metmuseum.org/CRDImages/an/original/ME86_11_72.jpg,1,,,
324468,Axe head,Axe,ca. 2300–2000 BCE,Early Bronze Age III,,,Bronze,7 x 2.5 in. (17.78 x 6.35 cm),Hattian,,Central Anatolia,,,,,,,,,Ancient Near Eastern Art,,,False,True,https://www.metmuseum.org/art/collection/search/324468,https://images.metmuseum.org/CRDImages/an/original/DP-37935-001.jpg,0,,,
322030,Stone slab fragment with inscription from annals of Ashurbanipal,Slab,ca. 668–627 BCE,Neo-Assyrian,,,Limestone,5.12 x 5.68 x 3.35 in. (13 x 14.43 x 8.5 cm),Assyrian,,Mesopotamia,,,,,,,,,Ancient Near Eastern Art,,,False,True,https://www.metmuseum.org/art/collection/search/322030,https://images.metmuseum.org/CRDImages/an/original/DP-32726-001.jpg,2,,,
327248,Cylinder seal,Cylinder seal,ca. 1820–1730 BCE,Old Syrian,,,Stone,H. 1.7 cm x Diam. .1 cm,,,Syria,,,,,,,,,Ancient Near Eastern Art,,,False,True,https://www.metmuseum.org/art/collection/search/327248,https://images.metmuseum.org/CRDImages/an/original/ss1986_311_46.jpg,0,,,
322924,Jug,Jug,ca. 6th–8th century CE,late Sasanian–early Islamic,,,Ceramic,9.5 in. (24.13 cm),Sasanian or Islamic,,Iran,,,,,,,,,Ancient Near Eastern Art,,,False,True,https://www.metmuseum.org/art/collection/search/322924,https://images.metmuseum.org/CRDImages/an/original/me33_175_3.jpg,0,,,
322332,Stamp seal,Stamp seal,ca. 3rd–7th century CE,Sasanian,,,"Chalcedony, yellow",0.47 x 0.71 x 0.51 in. (1.19 x 1.8 x 1.3 cm),Sasanian,,Iran or Mesopotamia,,Birds,,,,,,,Ancient Near Eastern Art,,,False,True,https://www.metmuseum.org/art/collection/search/322332,https://images.metmuseum.org/CRDImages/an/original/ss99_22_63.jpg,0,,,
327046,Lamp,Lamp,1st millennium BCE,Iron Age,,,Ceramic,3.35 x 4.88 in. (8.51 x 12.4 cm),Iran,,Iran,,,,,,,,,Ancient Near Eastern Art,,,False,True,https://www.metmuseum.org/art/collection/search/327046,https://images.metmuseum.org/CRDImages/an/original/vs1984_455.jpg,0,,,
324037,Spouted vessel,Vessel,ca. 9th–8th century BCE,Iron Age II-III,,,Ceramic,7.87 in. (19.99 cm),Iran,,Iran,,,,,,,,,Ancient Near Eastern Art,,,False,True,https://www.metmuseum.org/art/collection/search/324037,https://images.metmuseum.org/CRDImages/an/original/DP-31169-003.jpg,4,,,
325991,Textile fragment,Textile,ca. 6th century CE,Sasanian,,,Wool,4 1/2 x 6 1/4 in. (11.4 x 15.9 cm),Sasanian,,Iran,,,,,,,,,Ancient Near Eastern Art,,,False,True,https://www.metmuseum.org/art/collection/search/325991,https://images.metmuseum.org/CRDImages/an/original/AR462.jpg,0,,,
323162,Vessel,Vessel,ca. late 8th–7th century BCE,Iron Age II,,,"Ceramic, paint",3.87 in. (9.83 cm),,,Levant,,,,,,,,,Ancient Near Eastern Art,,,False,True,https://www.metmuseum.org/art/collection/search/323162,https://images.metmuseum.org/CRDImages/an/original/me34_126_52.jpg,0,,,
326413,Compartmented stamp seal,Stamp seal,ca. late 3rd–early 2nd millennium BCE,Bronze Age,,,Copper alloy,2 1/16 in. (5.2 cm),Bactria-Margiana Archaeological Complex,,Bactria-Margiana,,,,,,,,,Ancient Near Eastern Art,,,False,True,https://www.metmuseum.org/art/collection/search/326413,https://images.metmuseum.org/CRDImages/an/original/ss1983_535_95.jpg,0,,,
323190,Earring,Earring,ca. A.D 1st–2nd century,Parthian,,,Gold,1 1/16 × 3/8 in. (2.8 × 1 cm),Parthian,,Iran or Mesopotamia,,,,,,,,,Ancient Near Eastern Art,,,False,True,https://www.metmuseum.org/art/collection/search/323190,https://images.metmuseum.org/CRDImages/an/original/DP-32912-001.jpg,1,,,
323962,Openwork pin with a squatting female,Pin,ca. 8th–7th century BCE,Iron Age III,,,Bronze,5 11/16 × 2 9/16 × 1/4 in. (14.4 × 6.5 × 0.7 cm),Iran,,"Iran, Luristan",,Women,,,,,,,Ancient Near Eastern Art,,,False,True,https://www.metmuseum.org/art/collection/search/323962,https://images.metmuseum.org/CRDImages/an/original/DP-25846-001.jpg,1,,,
325445,Unidentified object,Object,ca. 2700–2600 BCE,Early Dynastic II,,,Alabaster (?),4.21 in. (10.69 cm),Sumerian,,Mesopotamia,,,,,,,,,Ancient Near Eastern Art,,,False,True,https://www.metmuseum.org/art/collection/search/325445,https://images.metmuseum.org/CRDImages/an/original/DP-40517-001.jpg,1,,,
321785,"Cuneiform tablet: receipt for barley, Esagilaya archive",Cuneiform tablet,ca. 557 BCE,Neo-Babylonian,,,Clay,3.5 x 5.3 x 1.6 cm (1 3/8 x 2 1/8 x 5/8 in.),Babylonian,,Mesopotamia,,,,,,,,,Ancient Near Eastern Art,,,False,True,https://www.metmuseum.org/art/collection/search/321785,https://images.metmuseum.org/CRDImages/an/original/ME86_11_207.jpg,1,,,
327740,Cylinder seal,Cylinder seal,ca. 1720–1650 BCE,Old Syrian,,,Hematite,H.  15/16 in. (2.4 cm);  Diam.  3.8 in. (1 cm),,,Syria,,,,,,,,,Ancient Near Eastern Art,,,False,True,https://www.metmuseum.org/art/collection/search/327740,https://images.metmuseum.org/CRDImages/an/original/DP-37884-001.jpg,3,,,
325293,Bead,Bead,ca. 9th century BCE,"Iron Age II, Hasanlu Period IV",,,Ceramic,1.5 in. (3.81 cm),Iran,,Iran,,,,,,,,,Ancient Near Eastern Art,,,False,True,https://www.metmuseum.org/art/collection/search/325293,https://images.metmuseum.org/CRDImages/an/original/ME61_100_115.jpg,0,,,
327804,Cylinder seal,Cylinder seal,ca. late 2nd millennium BCE,Late Bronze Age,,,Hematite,H.  13/16 in.  (2.1 cm);  Diam.  3/8 in.  (0.9 cm),,,Cyprus or Syria,,,,,,,,,Ancient Near Eastern Art,,,False,True,https://www.metmuseum.org/art/collection/search/327804,https://images.metmuseum.org/CRDImages/an/original/DP-38265-001.jpg,4,,,
324892,Bead,Bead,ca. 2900–2350 BCE,Early Dynastic,,,Shell,4.65 in. (11.81 cm),Sumerian,,Mesopotamia,,,,,,,,,Ancient Near Eastern Art,,,False,True,https://www.metmuseum.org/art/collection/search/324892,https://images.metmuseum.org/CRDImages/an/original/DP122522.jpg,0,,,
329698,Furniture element,Furniture element,ca. 18th century BCE,Middle Bronze Age–Old Assyrian Trading Colony,,,Ivory,W. 7/8 × L. 1 1/16 × Th. 1/8 in. (2.3 × 2.7 × 0.3 cm),Old Assyrian Trading Colony,,Anatolia,,,,,,,,,Ancient Near Eastern Art,,,False,True,https://www.metmuseum.org/art/collection/search/329698,https://images.metmuseum.org/CRDImages/an/original/DP122441.jpg,0,,,
325714,Bird standard,Sculpture,ca. mid-3rd millennium BCE,Early Bronze Age,,,Copper alloy,5 x 8.19 x 3.35 in. (12.7 x 20.8 x 8.51 cm),,,Southeastern Iran,,Birds,,,,,,,Ancient Near Eastern Art,,,False,True,https://www.metmuseum.org/art/collection/search/325714,https://images.metmuseum.org/CRDImages/an/original/hb65_64.jpg,0,,,
324466,Adze head,Adze,ca. 2300–2000 BCE,Early Bronze Age III,,,Bronze,7.88 x 2.5 in. (20.02 x 6.35 cm),Hattian,,Central Anatolia,,,,,,,,,Ancient Near Eastern Art,,,False,True,https://www.metmuseum.org/art/collection/search/324466,https://images.metmuseum.org/CRDImages/an/original/DP-37933-001.jpg,0,,,
324614,Drinking vessel in the form of a ram's head,Vessel,ca. 7th century BCE,Neo-Assyrian,,,Ceramic,3 in. (7.62 cm),Assyrian,,Mesopotamia,,Rams,,,,,,,Ancient Near Eastern Art,,,False,True,https://www.metmuseum.org/art/collection/search/324614,https://images.metmuseum.org/CRDImages/an/original/VS57_27_20B.jpg,1,,,
323233,Jug,Jug,ca. late 1st millennium BCE,Late Bronze Age,,,Ceramic,7.12 x 4.75 in. (18.08 x 12.07 cm),Iran,,Iran,,,,,,,,,Ancient Near Eastern Art,,,False,True,https://www.metmuseum.org/art/collection/search/323233,https://images.metmuseum.org/CRDImages/an/original/vs36_30_43.jpg,0,,,
325595,Beaker,Beaker,ca. 3000–2250 BCE,Middle Bronze Age,,,Ceramic,3.74 in. (9.5 cm),Iran,,Iran,,,,,,,,,Ancient Near Eastern Art,,,False,True,https://www.metmuseum.org/art/collection/search/325595,https://images.metmuseum.org/CRDImages/an/original/ME63_102_11.jpg,0,,,
322047,"Cuneiform tablet: fragment, content uncertain",Cuneiform tablet,ca. late 1st millennium BCE,,,,Clay,1 3/8 x 2 1/4 x 7/8 in. (3.5 x 5.6 x 2.2 cm),,,Mesopotamia,,,,,,,,,Ancient Near Eastern Art,,,False,True,https://www.metmuseum.org/art/collection/search/322047,https://images.metmuseum.org/CRDImages/an/original/vs86_11_432a.jpg,1,,,
324165,Forepart of an ibex,Sculpture,ca. 8th–7th century BCE,Iron Age III,,,Bronze,4.25 in. (10.8 cm),Iran,,Western Iran,,Ibex,,,,,,,Ancient Near Eastern Art,,,False,True,https://www.metmuseum.org/art/collection/search/324165,https://images.metmuseum.org/CRDImages/an/original/DP-39438-001.jpg,2,,,
322238,Stamp seal (octagonal pyramid) with cultic scene,Stamp seal,7th–6th century BCE,Neo-Assyrian / Neo-Babylonian,,,Flawed neutral Chalcedony (Quartz),"Seal Face: 2.04 x 1.26 cm
Height; 2.67 cm
String Hole: 0.38 cm",Assyro-Babylonian,,Mesopotamia,,,,,,,,,Ancient Near Eastern Art,,,False,True,https://www.metmuseum.org/art/collection/search/322238,https://images.metmuseum.org/CRDImages/an/original/ss93_17_105gp.jpg,0,,,
323300,Sealing,Sealing,ca. 7th century CE,Sasanian,,,Un-baked clay,0.51 in. (1.3 cm),Sasanian,,Iran,,,,,,,,,Ancient Near Eastern Art,,,False,True,https://www.metmuseum.org/art/collection/search/323300,https://images.metmuseum.org/CRDImages/an/original/ME36_30_271.jpg,0,,,
322913,Nude female figure,Sculpture,ca. early 2nd millennium BCE,Middle Bronze Age,,,Ceramic,5 in. × 1 11/16 in. × 1 1/16 in. (12.7 × 4.3 × 2.7 cm),,,Levant,,Female Nudes,,,,,,,Ancient Near Eastern Art,,,False,True,https://www.metmuseum.org/art/collection/search/322913,https://images.metmuseum.org/CRDImages/an/original/DP-36745-001.jpg,1,,,
326039,Strainer,Strainer,ca. 8th–7th century BCE,Iron Age III,,,Bronze,6 15/16 × 3 3/4 in. (17.6 × 9.5 cm),Iran,,Iran,,,,,,,,,Ancient Near Eastern Art,,,False,True,https://www.metmuseum.org/art/collection/search/326039,https://images.metmuseum.org/CRDImages/an/original/ME1971_69.jpg,0,,,
323068,Pendant,Pendant,ca. 3rd–7th century CE,Sasanian,,,Agate,1 x 0.87 in. (2.54 x 2.21 cm),Sasanian,,Iran,,,,,,,,,Ancient Near Eastern Art,,,False,True,https://www.metmuseum.org/art/collection/search/323068,https://images.metmuseum.org/CRDImages/an/original/ME34_107_114.jpg,0,,,
322387,Stamp seal (octagonal pyramid) with cultic scene,Stamp seal,late 8th–6th century BCE,Neo-Assyrian / Neo-Babylonian,,,Banded neutral Chalcedony (Quartz),"Seal Face: 2.33 x 1.37 cm
Height: 2.44 remaining",Assyro-Babylonian,,Mesopotamia,,,,,,,,,Ancient Near Eastern Art,,,False,True,https://www.metmuseum.org/art/collection/search/322387,https://images.metmuseum.org/CRDImages/an/original/ss26_31_372.jpg,0,,,
325227,Arrowhead,Arrowhead,2nd–1st millennium BCE,Iron Age,,,Bronze,1.81 x 4.92 in. (4.6 x 12.5 cm),Iran,,Iran,,,,,,,,,Ancient Near Eastern Art,,,False,True,https://www.metmuseum.org/art/collection/search/325227,https://images.metmuseum.org/CRDImages/an/original/DP-37483-001.jpg,0,,,
322341,Stamp seal,Stamp seal,ca. 3rd–7th century CE,Sasanian,,,Meteoric stone,0.43 x 0.67 in. (1.09 x 1.7 cm),Sasanian,,Iran or Mesopotamia,,Animals,,,,,,,Ancient Near Eastern Art,,,False,True,https://www.metmuseum.org/art/collection/search/322341,https://images.metmuseum.org/CRDImages/an/original/ss99_22_72.jpg,0,,,
322986,Jug with handle,Jug,ca. 3rd–7th century CE,Sasanian,,,Ceramic,10.5 in. (26.67 cm),Sasanian,,Iran,,,,,,,,,Ancient Near Eastern Art,,,False,True,https://www.metmuseum.org/art/collection/search/322986,https://images.metmuseum.org/CRDImages/an/original/me34_107_12.jpg,0,,,
321937,Cuneiform tablet: hymn to Marduk,Cuneiform tablet,1st millennium BCE,Neo-Babylonian (?),,,Clay,3 1/2 x 3 7/8 x 1 1/8 in. (9 x 9.8 x 2.9 cm),Babylonian (?),,Mesopotamia,,,,,,,,,Ancient Near Eastern Art,,,False,True,https://www.metmuseum.org/art/collection/search/321937,https://images.metmuseum.org/CRDImages/an/original/DP-23691-001.jpg,2,,,
321480,Stamp seal (scarab) with animal or monster,Stamp seal,9th–7th century BCE or later,Iron Age II or later,,,"Steatite, black","Seal Face; 1.62 x 1.16 c.
Height: 0.2 cm
String Hole: 0.25 cm",Phoenician,,Cyprus,,,,,,,,,Ancient Near Eastern Art,,,False,True,https://www.metmuseum.org/art/collection/search/321480,https://images.metmuseum.org/CRDImages/an/original/ss74_51_4400gp.jpg,0,,,
322310,Stamp seal (scaraboid) with animal,Stamp seal,12th–7th century BCE,Iron Age I-II,,,"Limestone, olive gray","Seal FAce; 1.62 x 1.49 cm
Height: 0.89 cm
String Hole: 0.4 cm",Syro-Anatolian-Levantine,,Cyprus or Syria (?),,Animals,,,,,,,Ancient Near Eastern Art,,,False,True,https://www.metmuseum.org/art/collection/search/322310,https://images.metmuseum.org/CRDImages/an/original/ss99_22_41gp.jpg,0,,,
327135,Celt,Celt,7th–6th millennium BCE,Neolithic,,,"Stone, green",1.11 x 0.5 in. (2.82 x 1.27 cm),,,Syria,,,,,,,,,Ancient Near Eastern Art,,,False,True,https://www.metmuseum.org/art/collection/search/327135,https://images.metmuseum.org/CRDImages/an/original/DP-41126-001.jpg,0,,,
321837,Cuneiform tablet: fragment of an agreement concerning a dowry (?),Cuneiform tablet,ca. late 5th century BCE,Achaemenid (?),,,Clay,2.6 x 4.6 x 2.3 cm (1 x 1 3/4 x 7/8 in.),Achaemenid (?),,Mesopotamia,,,,,,,,,Ancient Near Eastern Art,,,False,True,https://www.metmuseum.org/art/collection/search/321837,https://images.metmuseum.org/CRDImages/an/original/VS86.11.464X.JPG,1,,,
322529,Sherd,Sherd,ca. mid-7th millennium BCE,Samarra,,,"Ceramic, paint",3 3/8 × 5 3/8 × 5/16 in. (8.5 × 13.6 × 0.8 cm),Samarra,,Mesopotamia,,,,,,,,,Ancient Near Eastern Art,,,False,True,https://www.metmuseum.org/art/collection/search/322529,https://images.metmuseum.org/CRDImages/an/original/DP-32795-001.jpg,1,,,
323785,Carinated lentoid seal,Stamp seal,5th–4th millennium BCE,Late Ubaid-Middle Gawra,,,"Chlorite or steatite, black","Diameter: 2.97 cm
Height: 0.75 cm
String Hole: 0.4 cm",,,Eastern Anatolia,,,,,,,,,Ancient Near Eastern Art,,,False,True,https://www.metmuseum.org/art/collection/search/323785,https://images.metmuseum.org/CRDImages/an/original/DP-31601-001.jpg,3,,,
325337,Beads,Beads,ca. 9th century BCE,"Iron Age II, Hasanlu Period IV",,,Glass,6.97 in. (17.7 cm),Iran,,Iran,,,,,,,,,Ancient Near Eastern Art,,,False,True,https://www.metmuseum.org/art/collection/search/325337,https://images.metmuseum.org/CRDImages/an/original/DP-33879-001.jpg,0,,,
329695,Furniture element,Furniture element,ca. 18th century BCE,Middle Bronze Age–Old Assyrian Trading Colony,,,Ivory,W. 7/8 × L. 1 1/16 × Th. 3/16 in. (2.3 × 2.7 × 0.5 cm),Old Assyrian Trading Colony,,Anatolia,,,,,,,,,Ancient Near Eastern Art,,,False,True,https://www.metmuseum.org/art/collection/search/329695,https://images.metmuseum.org/CRDImages/an/original/DP122438.jpg,0,,,
322484,Belt buckle with paired felines attacking ibexes,Belt buckle,ca. 3rd–2nd century BCE,Xiongnu,,,Gold,2 5/8 × 3 1/8 × 7/16 in. (6.7 × 8 × 1.1 cm),Xiongnu,,Mongolia or southern Siberia,,Animals|Ibex,,,,,,,Ancient Near Eastern Art,,,False,True,https://www.metmuseum.org/art/collection/search/322484,https://images.metmuseum.org/CRDImages/an/original/DT5088.jpg,0,,,
321513,Weight,Weight,3rd–1st millennium BCE,,,,Stone,H. 1.27 cm (13/32 in.) Diam. 1.73 cm (21/32 in.) Wt. 6.40 grams,,,Cyprus or Western Asia,,,,,,,,,Ancient Near Eastern Art,,,False,True,https://www.metmuseum.org/art/collection/search/321513,https://images.metmuseum.org/CRDImages/an/original/DP-32029-001.jpg,1,,,
322643,Wall decoration with vegetal design,Relief,ca. 6th century CE,Sasanian,,,Stucco,8 3/4 × 14 11/16 × 2 1/8 in. (22.2 × 37.3 × 5.4 cm),Sasanian,,Mesopotamia,,,,,,,,,Ancient Near Eastern Art,,,False,True,https://www.metmuseum.org/art/collection/search/322643,https://images.metmuseum.org/CRDImages/an/original/DP348717.jpg,0,,,
327176,Bead,Bead,7th–6th millennium BCE,Neolithic,,,Jadeite,0.16 x 0.58 x 0.62 in. (0.41 x 1.47 x 1.57 cm),,,Syria,,,,,,,,,Ancient Near Eastern Art,,,False,True,https://www.metmuseum.org/art/collection/search/327176,https://images.metmuseum.org/CRDImages/an/original/vz1985_356_6076.jpg,1,,,
322816,Sherd,Sherd,ca. 3rd–7th century CE,Sasanian,,,Ceramic,W. 2 9/16 × L. 3 11/16 × Th. 7/8 in. (6.5 × 9.3 × 2.3 cm),Sasanian,,Mesopotamia,,,,,,,,,Ancient Near Eastern Art,,,False,True,https://www.metmuseum.org/art/collection/search/322816,https://images.metmuseum.org/CRDImages/an/original/DP-30035-001.jpg,1,,,
326180,Cosmetic container (?),Cosmetic container (?),ca. 9th century BCE,"Iron Age II, Hasanlu Period IV",,,Bone,2.32 x 0.63 in. (5.89 x 1.6 cm),Iran,,Iran,,,,,,,,,Ancient Near Eastern Art,,,False,True,https://www.metmuseum.org/art/collection/search/326180,https://images.metmuseum.org/CRDImages/an/original/ME1976_233_7.jpg,0,,,
326847,Openwork stamp seal: seated monkey,Stamp seal,ca. late 3rd–early 2nd millennium BCE,Bronze Age,,,Copper alloy,Diam. 1-5/8 in. (4.1 cm),Bactria-Margiana Archaeological Complex,,Bactria-Margiana,,Monkeys,,,,,,,Ancient Near Eastern Art,,,False,True,https://www.metmuseum.org/art/collection/search/326847,https://images.metmuseum.org/CRDImages/an/original/ss1983_535_108.jpg,0,,,
324738,Furniture plaque carved in relief with standing woman,Relief,ca. 9th–8th century BCE,Neo-Assyrian,,,Ivory,10 in. × 3 3/4 in. × 3/8 in. (25.35 × 9.5 × 0.9 cm),Assyrian,,Mesopotamia,,Women,,,,,,,Ancient Near Eastern Art,,,False,True,https://www.metmuseum.org/art/collection/search/324738,https://images.metmuseum.org/CRDImages/an/original/DP110621.jpg,0,,,
324112,Female figure,Sculpture,ca. 1500–1100 BCE,Middle Elamite,,,Ceramic,7 3/16 × 2 3/8 × 1 7/16 in. (18.3 × 6 × 3.6 cm),Elamite,,Iran,,Female Nudes,,,,,,,Ancient Near Eastern Art,,,False,True,https://www.metmuseum.org/art/collection/search/324112,https://images.metmuseum.org/CRDImages/an/original/DP-12250-011.jpg,0,,,
327343,Head of man,Sculpture,1st millennium BCE,Iron Age,,,Bronze,3.78 x 1.97 in. (9.6 x 5 cm),,,Transcaucasia,,Heads|Men,,,,,,,Ancient Near Eastern Art,,,False,True,https://www.metmuseum.org/art/collection/search/327343,https://images.metmuseum.org/CRDImages/an/original/sd1988_102_19.jpg,0,,,
327832,Panel fragment with the god Shiva/Oesho,Painted panel,ca. 3rd century CE,Kushan,,,"Terracotta, gouache","22 1/2 × 16 3/8 × 2 1/4 in., 28 lb. (57.2 × 41.6 × 5.7 cm, 12.7 kg)",Kushan,,Bactria,,Deities,,,,,,,Ancient Near Eastern Art,,,False,True,https://www.metmuseum.org/art/collection/search/327832,https://images.metmuseum.org/CRDImages/an/original/DT917.jpg,0,,,
327318,Stamp seal,Stamp seal,ca. 5th–7th century CE,Sasanian,,,"Agate, banded",0.98 x 0.87 x 1.18 in. (2.49 x 2.21 x 3 cm),Sasanian,,Iran,,Men|Women,,,,,,,Ancient Near Eastern Art,,,False,True,https://www.metmuseum.org/art/collection/search/327318,https://images.metmuseum.org/CRDImages/an/original/ss1987_200_2.jpg,0,,,
324056,Vessel,Vessel,ca. 3100–2900 BCE,Jemdet Nasr,,,Marble,3 in. (7.62 cm),,,Mesopotamia,,,,,,,,,Ancient Near Eastern Art,,,False,True,https://www.metmuseum.org/art/collection/search/324056,https://images.metmuseum.org/CRDImages/an/original/ME49_23_2.jpg,0,,,
321868,Cuneiform tablet: record of a judicial decision,Cuneiform tablet,ca. 555–539 BCE,Neo-Babylonian,,,Clay,"2 7/16 × 1 3/4 × 1 in. (6.2 × 4.5 × 2.5 cm)
1 × 13/16 × 13/16 in. (2.5 × 2.1 × 2.1 cm)",Babylonian,,Mesopotamia,,,,,,,,,Ancient Near Eastern Art,,,False,True,https://www.metmuseum.org/art/collection/search/321868,https://images.metmuseum.org/CRDImages/an/original/vs86_11_422_515_516.jpg,0,,,
325221,Spearhead,Spearhead,2nd–1st millennium BCE,Iron Age,,,Bronze,1.22 x 8.46 in. (3.1 x 21.49 cm),Iran,,Iran,,,,,,,,,Ancient Near Eastern Art,,,False,True,https://www.metmuseum.org/art/collection/search/325221,https://images.metmuseum.org/CRDImages/an/original/DP-37477-001.jpg,0,,,
321810,"Cuneiform tablet: account of flour, Ebabbar archive",Cuneiform tablet,ca. 549 BCE,Neo-Babylonian,,,Clay,2 x 2.12 x 1 in. (5.08 x 5.38 x 2.6 cm),Babylonian,,Mesopotamia,,,,,,,,,Ancient Near Eastern Art,,,False,True,https://www.metmuseum.org/art/collection/search/321810,https://images.metmuseum.org/CRDImages/an/original/ME86_11_232.jpg,1,,,
322824,Sherd,Sherd,ca. 6th–7th century CE,Sasanian–early Islamic,,,Ceramic,W. 1 7/16 × L. 1 7/8 × Th. 3/8 in. (3.6 × 4.7 × 0.9 cm),Sasanian or Islamic,,Mesopotamia,,,,,,,,,Ancient Near Eastern Art,,,False,True,https://www.metmuseum.org/art/collection/search/322824,https://images.metmuseum.org/CRDImages/an/original/DP-30299-001.jpg,1,,,
322263,Stamp seal,Stamp seal,ca. 3rd–7th century CE,Sasanian,,,"Chalcedony, milky",0.5 x 0.57 in. (1.27 x 1.45 cm),Sasanian,,Iran or Mesopotamia,,,,,,,,,Ancient Near Eastern Art,,,False,True,https://www.metmuseum.org/art/collection/search/322263,https://images.metmuseum.org/CRDImages/an/original/ss93_17_132.jpg,0,,,
322562,Cylinder seal,Cylinder seal,ca. 2350–2250 BCE,Akkadian,,,"Serpentine, black",1.36 in. (3.45 cm),Akkadian,,Mesopotamia,,Animals,,,,,,,Ancient Near Eastern Art,,,False,True,https://www.metmuseum.org/art/collection/search/322562,https://images.metmuseum.org/CRDImages/an/original/DP-40043-001.jpg,3,,,
324611,Plaque fragment,Relief,ca. 9th–8th century BCE,Neo-Assyrian,,,Ivory,0.63 x 1.06 in. (1.6 x 2.69 cm),Assyrian,,Mesopotamia,,Animals,,,,,,,Ancient Near Eastern Art,,,False,True,https://www.metmuseum.org/art/collection/search/324611,https://images.metmuseum.org/CRDImages/an/original/DP110598.jpg,0,,,
323778,Axe head,Axe,ca. 2900–2350 BCE,Early Dynastic,,,Bronze,5.51 in. (14 cm),Sumerian,,Mesopotamia,,,,,,,,,Ancient Near Eastern Art,,,False,True,https://www.metmuseum.org/art/collection/search/323778,https://images.metmuseum.org/CRDImages/an/original/ME41_160_213.jpg,0,,,
326764,Vessel,Vessel,ca. late 3rd–early 2nd millennium BCE,Bronze Age,,,Ceramic,4.92 x 8.5 in. (12.5 x 21.59 cm),Bactria-Margiana Archaeological Complex,,Bactria-Margiana,,,,,,,,,Ancient Near Eastern Art,,,False,True,https://www.metmuseum.org/art/collection/search/326764,https://images.metmuseum.org/CRDImages/an/original/ME1983_535_11.jpg,0,,,
326119,Bowl sherd,Bowl,ca. mid-3rd millennium BCE,Early Bronze Age,,,Ceramic,2.52 x 3.43 in. (6.4 x 8.71 cm),,,Mesopotamia,,,,,,,,,Ancient Near Eastern Art,,,False,True,https://www.metmuseum.org/art/collection/search/326119,https://images.metmuseum.org/CRDImages/an/original/DP-29112-001.jpg,1,,,
322703,Relief fragment,Relief,ca. 6th–8th century CE,Sasanian–early Islamic,,,Stucco,7 1/8 × 6 15/16 × 1 5/8 in. (18.1 × 17.6 × 4.1 cm),Sasanian or Islamic,,Mesopotamia,,,,,,,,,Ancient Near Eastern Art,,,False,True,https://www.metmuseum.org/art/collection/search/322703,https://images.metmuseum.org/CRDImages/an/original/DP-25373-001.jpg,0,,,
322327,Stamp seal,Stamp seal,ca. 3rd–7th century CE,Sasanian,,,Bronze,0.35 x 0.39 x 0.39 in. (0.89 x 0.99 x 0.99 cm),Sasanian,,Iran or Mesopotamia,,,,,,,,,Ancient Near Eastern Art,,,False,True,https://www.metmuseum.org/art/collection/search/322327,https://images.metmuseum.org/CRDImages/an/original/ss99_22_58gp.jpg,0,,,
321559,"Cuneiform tablet: promissory note for silver, Egibi archive",Cuneiform tablet,ca. 565 BC,Neo-Babylonian,,,Clay,3.1 x 3.9 x 1.7 cm (1 1/4 x 1 1/2 x 5/8 in.),Babylonian,,Mesopotamia,,,,,,,,,Ancient Near Eastern Art,,,False,True,https://www.metmuseum.org/art/collection/search/321559,https://images.metmuseum.org/CRDImages/an/original/ME79_7_40.jpg,1,,,
325887,Small lamp,Lamp,ca. 1st century CE,Nabataean,,,Ceramic,1.14 x 1.46 x 3.35 in. (2.9 x 3.71 x 8.51 cm),Nabataean,,Levant,,,,,,,,,Ancient Near Eastern Art,,,False,True,https://www.metmuseum.org/art/collection/search/325887,https://images.metmuseum.org/CRDImages/an/original/ME67_246_6.jpg,0,,,
325880,Cauldron attachment: winged bull's head,Cauldron attachment,ca. 8th–7th century BCE,Iron Age,,,Bronze,2.36 x 5.87 x 6.5 in. (5.99 x 14.91 x 16.51 cm),Iran,,Iran,,Bulls,,,,,,,Ancient Near Eastern Art,,,False,True,https://www.metmuseum.org/art/collection/search/325880,https://images.metmuseum.org/CRDImages/an/original/DP-30244-005.jpg,5,,,
324145,Eye idol,Sculpture,ca. 3700–3500 BCE,Middle Uruk,,,Gypsum alabaster,3 5/8 in. (9.3 cm),,,Syria,,Eyes,,,,,,,Ancient Near Eastern Art,,,False,True,https://www.metmuseum.org/art/collection/search/324145,https://images.metmuseum.org/CRDImages/an/original/DP224739.jpg,0,,,
322678,Relief fragment,Relief,ca. 6th–8th century CE,Sasanian–early Islamic,,,Stucco,5 1/2 × 11 1/2 × 3 1/2 in. (14 × 29.2 × 8.9 cm),Sasanian or Islamic,,Mesopotamia,,,,,,,,,Ancient Near Eastern Art,,,False,True,https://www.metmuseum.org/art/collection/search/322678,https://images.metmuseum.org/CRDImages/an/original/DP-25358-001.jpg,0,,,
321437,Cylinder seal,Cylinder seal,ca. 15th–13th century BCE,Late Cypriot,,,Steatite,1 in. (2.54 cm),Cypriot,,Cyprus,,Animals,,,,,,,Ancient Near Eastern Art,,,False,True,https://www.metmuseum.org/art/collection/search/321437,https://images.metmuseum.org/CRDImages/an/original/DP-39867-001.jpg,3,,,
321654,"Stamp seal (oval conoid) with cultic scene, deity, and divine symbols",Stamp seal,late 8th century BCE,Neo-Assyrian,,,Dark brown limestone,"Seal Face: 2.1 x 1.63 cm
Height: 2.42 cm
String Hole: 0.4 cm",Assyrian,,Mesopotamia,,,,,,,,,Ancient Near Eastern Art,,,False,True,https://www.metmuseum.org/art/collection/search/321654,https://images.metmuseum.org/CRDImages/an/original/DP-35039-001.jpg,6,,,
327484,Cylinder seal,Cylinder seal,ca. 1820–1730 BCE,Old Syrian,,,Hematite,H. 2.3 cm x Diam. 1.3 cm,,,Syria,,,,,,,,,Ancient Near Eastern Art,,,False,True,https://www.metmuseum.org/art/collection/search/327484,https://images.metmuseum.org/CRDImages/an/original/ss1993_180.jpg,0,,,
324952,Cylinder seal,Cylinder seal,ca. 19th–16th century BCE,Old Babylonian,,,"Steatite (?), black",0.98 in. (2.49 cm),Babylonian,,Mesopotamia,,Men|Women|Hieroglyphs,,,,,,,Ancient Near Eastern Art,,,False,True,https://www.metmuseum.org/art/collection/search/324952,https://images.metmuseum.org/CRDImages/an/original/ss59_209_7.jpg,0,,,
327781,Cylinder seal,Cylinder seal,ca. 15th–13th century BCE,Mitanni,,,Hematite,H.  11/16 in. (1.8 cm);  Diam.  3/8 in. (1 cm),Mitanni,,Mesopotamia or Syria,,,,,,,,,Ancient Near Eastern Art,,,False,True,https://www.metmuseum.org/art/collection/search/327781,https://images.metmuseum.org/CRDImages/an/original/DP-38159-001.jpg,3,,,
324031,Cylinder seal and modern impression: suppliant goddesses,Cylinder seal,ca. 17th–16th century BCE,late Old Babylonian–early Kassite,,,Agate,1 1/8 × 9/16 × 9/16 in. (2.9 × 1.5 × 1.5 cm),Babylonian or Kassite,,,,Goddess,,,,,,,Ancient Near Eastern Art,,,False,True,https://www.metmuseum.org/art/collection/search/324031,https://images.metmuseum.org/CRDImages/an/original/DP-15175-001.jpg,1,https://www.wikidata.org/wiki/Q116407899,,
324505,Cylinder seal,Cylinder seal,ca. 15th century BCE,Mitanni,,,Steatite (?),1.06 in. (2.69 cm),Mitanni,,,,,,,,,,,Ancient Near Eastern Art,,,False,True,https://www.metmuseum.org/art/collection/search/324505,https://images.metmuseum.org/CRDImages/an/original/ss56_81_13.jpg,0,,,
326954,Boss or appliqué,Boss or appliqué,1st millennium BCE–CE 1st century,Late Bronze Age,,,Gold,0.59 in. (1.5 cm),Iran,,Iran,,,,,,,,,Ancient Near Eastern Art,,,False,True,https://www.metmuseum.org/art/collection/search/326954,https://images.metmuseum.org/CRDImages/an/original/ME1984_175_60.jpg,0,,,
327049,Bowl,Bowl,ca. 2350–2150 BCE,Akkadian,,,Ceramic,3.31 in. (8.41 cm),,,Syria,,,,,,,,,Ancient Near Eastern Art,,,False,True,https://www.metmuseum.org/art/collection/search/327049,https://images.metmuseum.org/CRDImages/an/original/vs1985_61_4.jpg,0,,,
326712,Cuneiform tablet with a small second tablet: private letter,Cuneiform tablet,ca. 20th–19th century BCE,Middle Bronze Age–Old Assyrian Trading Colony,,,Clay,"a: 4 x 4.3 x 1.7 cm (1 5/8 x 1 3/4 x 5/8 in.)
b: 2.2 x 3 x 0.7 cm (7/8 x 1 1/8 x 1/4 in.)",Old Assyrian Trading Colony,,Anatolia,,,,,,,,,Ancient Near Eastern Art,,,False,True,https://www.metmuseum.org/art/collection/search/326712,https://images.metmuseum.org/CRDImages/an/original/DP-13441-020.jpg,3,https://www.wikidata.org/wiki/Q116236538,,
323952,Jar,Jar,ca. 2000–1600 BCE,Middle Bronze Age,,,Ceramic,3.5 in. (8.89 cm),Iran,,"Iran, Luristan",,,,,,,,,Ancient Near Eastern Art,,,False,True,https://www.metmuseum.org/art/collection/search/323952,https://images.metmuseum.org/CRDImages/an/original/ME43_89_10.jpg,0,,,
325759,Handle,Handle,ca. 9th century BCE,"Iron Age II, Hasanlu Period IV",,,Bone,2.76 in. (7.01 cm),Iran,,Iran,,,,,,,,,Ancient Near Eastern Art,,,False,True,https://www.metmuseum.org/art/collection/search/325759,https://images.metmuseum.org/CRDImages/an/original/ME65_163_30.jpg,0,,,
324447,Crescent-shaped axe head,Axe,ca. 2300–2000 BCE,Early Bronze Age III,,,Bronze,8.43 in. (21.41 cm),Hattian,,Central Anatolia,,,,,,,,,Ancient Near Eastern Art,,,False,True,https://www.metmuseum.org/art/collection/search/324447,https://images.metmuseum.org/CRDImages/an/original/DP-38031-001.jpg,0,,,
324860,Figurine,Sculpture,4th–1st Millennium BC,,,,Ceramic,3.03 x 1.81 x 5.31 in. (7.7 x 4.6 x 13.49 cm),,,Mesopotamia,,Birds,,,,,,,Ancient Near Eastern Art,,,False,True,https://www.metmuseum.org/art/collection/search/324860,https://images.metmuseum.org/CRDImages/an/original/DP-15115-022.jpg,0,,,
322291,Hemispheroid seal,Stamp seal,ca. 3600–3000 BCE,Chalcolithic–Early Bronze Age,,,"Chlorite or steatite, black","Seal face: 2.12 x 2.08 cm
Height: 1.15 cm
String Hole: 0.5 cm",,,Northern Syria or southeastern Anatolia,,,,,,,,,Ancient Near Eastern Art,,,False,True,https://www.metmuseum.org/art/collection/search/322291,https://images.metmuseum.org/CRDImages/an/original/ss99_22_22gp.jpg,0,,,
323321,Sealing,Sealing,ca. 7th century CE,Sasanian,,,Un-baked clay,2 3/8 × 2 1/2 × 1 1/16 in. (6.1 × 6.3 × 2.7 cm),Sasanian,,Iran,,,,,,,,,Ancient Near Eastern Art,,,False,True,https://www.metmuseum.org/art/collection/search/323321,https://images.metmuseum.org/CRDImages/an/original/DP-41762-001.jpg,1,https://www.wikidata.org/wiki/Q116282341,,
322010,"Cuneiform tablet: commodity account, Ebabbar archive",Cuneiform tablet,ca. 558 BCE,Neo-Babylonian,,,Clay,2.12 x 1.37 x .73 in. (5.38 x 3.48 x 1.85 cm),Babylonian,,Mesopotamia,,,,,,,,,Ancient Near Eastern Art,,,False,True,https://www.metmuseum.org/art/collection/search/322010,https://images.metmuseum.org/CRDImages/an/original/ME86_11_392.jpg,1,,,
324580,Top of standard with male figure and flanking ibexes attacked by dogs,Standard top,ca. 1500–1100 BCE,Middle Elamite,,,Bronze,11 3/4 x 4 1/2 in. (29.8 x 11.4 cm),Elamite,,Southwestern Iran,,Men|Dogs|Ibex,,,,,,,Ancient Near Eastern Art,,,False,True,https://www.metmuseum.org/art/collection/search/324580,https://images.metmuseum.org/CRDImages/an/original/DP-30223-002.jpg,2,,,
324773,Armor plate,Armor,ca. late 8th–late 7th century BCE,Neo-Assyrian,,,Iron,1 × 3 1/16 in. (2.5 × 7.8 cm),Assyrian,,Mesopotamia,,,,,,,,,Ancient Near Eastern Art,,,False,True,https://www.metmuseum.org/art/collection/search/324773,https://images.metmuseum.org/CRDImages/an/original/ME58_31_36.jpg,0,,,
321944,Cuneiform tablet impressed with three cylinder seals: record of slave sale,Cuneiform tablet,ca. 1637 BCE,Old Babylonian,,,Clay,8 x 5 x 2.7 cm (3 1/8 x 2 x 1 1/8 in.),Babylonian,,Mesopotamia,,,,,,,,,Ancient Near Eastern Art,,,False,True,https://www.metmuseum.org/art/collection/search/321944,https://images.metmuseum.org/CRDImages/an/original/ME86_11_320.jpg,5,,,
326043,Horse bit and matching cavesson (noseband),Horse bit and cavesson (noseband),ca. 3rd–5th century CE,Sasanian,,,"Iron, brass",7 15/16 x 6 11/16 x 6 1/8 in. (20.2 x 17 x 15.5 cm),Sasanian,,Iran (?),,,,,,,,,Ancient Near Eastern Art,,,False,True,https://www.metmuseum.org/art/collection/search/326043,"https://images.metmuseum.org/CRDImages/an/original/me 1971_223a,b.jpg",0,,,
322104,Cuneiform tablet: unidentified balag,Cuneiform tablet,ca. 2nd–1st century BCE,Seleucid or Parthian,,,Clay,3/4 x 5/8 x 1/4 in. (1.8 x 1.5 x 0.6 cm),Seleucid or Parthian,,Mesopotamia,,,,,,,,,Ancient Near Eastern Art,,,False,True,https://www.metmuseum.org/art/collection/search/322104,https://images.metmuseum.org/CRDImages/an/original/vs86_11_553_360_517.jpg,0,,,
326104,Sherd with incised decoration,Sherd,ca. late 3rd millennium BCE,Early Bronze Age,,,Ceramic,2.91 x 2.64 in. (7.39 x 6.71 cm),,,Mesopotamia,,,,,,,,,Ancient Near Eastern Art,,,False,True,https://www.metmuseum.org/art/collection/search/326104,https://images.metmuseum.org/CRDImages/an/original/DP-30055-001.jpg,1,,,
324153,Eye idol,Sculpture,ca. 3700–3500 BCE,Middle Uruk,,,Gypsum alabaster,2 15/16 × 1 1/2 × 1/4 in. (7.4 × 3.8 × 0.7 cm),,,Syria,,Eyes,,,,,,,Ancient Near Eastern Art,,,False,True,https://www.metmuseum.org/art/collection/search/324153,https://images.metmuseum.org/CRDImages/an/original/DP224748.jpg,0,,,
326873,Stamp seal with griffin,Stamp seal,ca. late 3rd–early 2nd millennium BCE,Bronze Age,,,Copper alloy,1.57 x 1.73 in. (3.99 x 4.39 cm),Bactria-Margiana Archaeological Complex,,Bactria-Margiana,,Griffins,,,,,,,Ancient Near Eastern Art,,,False,True,https://www.metmuseum.org/art/collection/search/326873,https://images.metmuseum.org/CRDImages/an/original/SS1983_535_134.jpg,0,,,
323236,Vessel lid,Vessel lid,ca. 3rd–7th century CE,Sasanian,,,Ceramic,H. 2-5/8 in. x W. 5-1/4 in. x Th. .8 cm,Sasanian,,Iran,,,,,,,,,Ancient Near Eastern Art,,,False,True,https://www.metmuseum.org/art/collection/search/323236,https://images.metmuseum.org/CRDImages/an/original/vs36_30_46.jpg,0,,,
323902,Cylinder seal,Cylinder seal,ca. 16th–15th century BCE,Kassite,,,Chalcedony,1/16 in. (0.2 cm),Kassite,,Mesopotamia or eastern Iran,,,,,,,,,Ancient Near Eastern Art,,,False,True,https://www.metmuseum.org/art/collection/search/323902,https://images.metmuseum.org/CRDImages/an/original/DP-15174-001.jpg,0,,,
328937,Faience head,Sculpture,ca. 3rd century BCE–3rd century CE,Parthian,,,Faience,Max. H. 3.7 cm x W. 1.5 cm x D. 1.8 cm,Parthian,,Iran or Syria,,Heads,,,,,,,Ancient Near Eastern Art,,,False,True,https://www.metmuseum.org/art/collection/search/328937,https://images.metmuseum.org/CRDImages/an/original/vs26.7.1422x.jpg,0,,,
323253,Pin,Pin,ca. 5th–7th century CE,late Sasanian–early Islamic,,,Copper,7.12 in. (18.08 cm),Sasanian or Islamic,,Iran,,,,,,,,,Ancient Near Eastern Art,,,False,True,https://www.metmuseum.org/art/collection/search/323253,https://images.metmuseum.org/CRDImages/an/original/DP-35592-001.jpg,0,,,
322548,Stamp seal,Stamp seal,ca. 3rd–7th century CE,Sasanian,,,"Chalcedony, milky",0.67 x 0.59 x 0.63 in. (1.7 x 1.5 x 1.6 cm),Sasanian,,Iran or Mesopotamia,,,,,,,,,Ancient Near Eastern Art,,,False,True,https://www.metmuseum.org/art/collection/search/322548,https://images.metmuseum.org/CRDImages/an/original/ss26_31_360.jpg,0,,,
323400,Sealing,Sealing,ca. 7th century CE,Sasanian,,,Un-baked clay,0.51 in. (1.3 cm),Sasanian,,Iran,,,,,,,,,Ancient Near Eastern Art,,,False,True,https://www.metmuseum.org/art/collection/search/323400,https://images.metmuseum.org/CRDImages/an/original/ME36_30_179.jpg,0,,,
323219,Stamp seal and modern impression: winged figure,Stamp seal,ca. 3rd–7th century CE,Sasanian,,,Carnelian,Diam. 1.2 cm x Th. .2 cm,Sasanian,,Iran,,,,,,,,,Ancient Near Eastern Art,,,False,True,https://www.metmuseum.org/art/collection/search/323219,https://images.metmuseum.org/CRDImages/an/original/ss36_30_27.jpg,0,,,
325858,Cuneiform tablet: loan of silver,Cuneiform tablet,ca. 20th–19th century BCE,Middle Bronze Age–Old Assyrian Trading Colony,,,Clay,4.6 x 4.6 x 1.6 cm (1 3/4 x 1 3/4 x 5/8 in.),Old Assyrian Trading Colony,,Anatolia,,,,,,,,,Ancient Near Eastern Art,,,False,True,https://www.metmuseum.org/art/collection/search/325858,https://images.metmuseum.org/CRDImages/an/original/DP-13441-009.jpg,2,,,
325592,Handle of vase,Handle,1st millennium BCE,Iron Age,,,Ceramic,2 in. (5.08 cm),Iran,,Iran,,,,,,,,,Ancient Near Eastern Art,,,False,True,https://www.metmuseum.org/art/collection/search/325592,https://images.metmuseum.org/CRDImages/an/original/DP-32810-003.jpg,2,,,
327191,Cylinder seal,Cylinder seal,ca. 16th–14th century BCE,Mitanni,,,"Stone, miscellaneous, brown",1.01 in. (2.57 cm),Mitanni,,Mesopotamia,,Animals,,,,,,,Ancient Near Eastern Art,,,False,True,https://www.metmuseum.org/art/collection/search/327191,https://images.metmuseum.org/CRDImages/an/original/ss1985_357_9.jpg,0,,,
324520,Cylinder seal with hunting scene,Cylinder seal,late 9th–early 7th century BCE,Neo-Assyrian,,,Faience,0.87 in. (2.21 cm),Assyrian,,Iran,,Animals,,,,,,,Ancient Near Eastern Art,,,False,True,https://www.metmuseum.org/art/collection/search/324520,https://images.metmuseum.org/CRDImages/an/original/DP-41493-001.jpg,3,,,
321729,Cuneiform tablet: record of sale,Cuneiform tablet,ca. 552 BCE,Neo-Babylonian,,,Clay,3.4 x 4.2 x 1.9 cm (1 3/8 x 1 5/8 x 3/4 in.),Babylonian,,Mesopotamia,,,,,,,,,Ancient Near Eastern Art,,,False,True,https://www.metmuseum.org/art/collection/search/321729,https://images.metmuseum.org/CRDImages/an/original/ME86_11_150.jpg,1,,,
325155,Boss,Boss,ca. 9th century BCE,"Iron Age II, Hasanlu Period IV",,,"Copper, bronze",1 1/4 x 4 5/16 in. (3.2 x 11 cm),Iran,,Iran,,,,,,,,,Ancient Near Eastern Art,,,False,True,https://www.metmuseum.org/art/collection/search/325155,https://images.metmuseum.org/CRDImages/an/original/ME61_100_21.jpg,2,,,
326499,Jar,Jar,ca. 3500–3300 BCE,Early Bronze Age IA,,,Ceramic,4.5 in. (11.43 cm),,,Levant,,,,,,,,,Ancient Near Eastern Art,,,False,True,https://www.metmuseum.org/art/collection/search/326499,https://images.metmuseum.org/CRDImages/an/original/ME1978_134_10.jpg,0,,,
327529,Pin,Pin,late 4th–early 3rd millennium BCE,,,,Copper alloy,3.74 in. (9.5 cm),,,Iran or Mesopotamia,,,,,,,,,Ancient Near Eastern Art,,,False,True,https://www.metmuseum.org/art/collection/search/327529,https://images.metmuseum.org/CRDImages/an/original/vs1997_389_1.jpg,0,,,
325596,Ovoid jar,Jar,ca. 3000–2250 BCE,Middle Bronze Age,,,Ceramic,6.42 in. (16.31 cm),Iran,,Iran,,,,,,,,,Ancient Near Eastern Art,,,False,True,https://www.metmuseum.org/art/collection/search/325596,https://images.metmuseum.org/CRDImages/an/original/hb63_102_12.jpg,0,,,
323510,Hemidrachm,Coin,ca. 50–100 CE,Parthian,,,Silver,9/16 in. (1.4 cm),Parthian,,Iran,,Men|Profiles,,,,,,,Ancient Near Eastern Art,,,False,True,https://www.metmuseum.org/art/collection/search/323510,https://images.metmuseum.org/CRDImages/an/original/DP-13132-011.jpg,1,,,
326492,Jar with ledge handles and punctate decoration,Jar,ca. 3500–3300 BCE,Early Bronze Age IA,,,Ceramic,10.5 in. (26.67 cm),,,Levant,,,,,,,,,Ancient Near Eastern Art,,,False,True,https://www.metmuseum.org/art/collection/search/326492,https://images.metmuseum.org/CRDImages/an/original/ME1978_134_3.jpg,0,,,
323585,Plaque fragment: kneeling lion-headed figure,Relief,ca. 18th century BCE,Middle Bronze Age–Old Assyrian Trading Colony,,,"Ivory (hippopotamus), gold foil",3 7/8 × 1 7/8 × 3/8 in. (9.8 × 4.8 × 1 cm),Old Assyrian Trading Colony,,Anatolia,,Lions,,,,,,,Ancient Near Eastern Art,,,False,True,https://www.metmuseum.org/art/collection/search/323585,https://images.metmuseum.org/CRDImages/an/original/DP110486.jpg,1,,,
325452,Inlay: banquet scene with a seated figure holding a palm frond,Inlay,ca. 2600–2500 BCE,Early Dynastic IIIa,,,Shell,1.97 x 2.05 in. (5 x 5.21 cm),Sumerian,,Mesopotamia,,Palms,,,,,,,Ancient Near Eastern Art,,,False,True,https://www.metmuseum.org/art/collection/search/325452,https://images.metmuseum.org/CRDImages/an/original/DP122554.jpg,0,,,
891632,"Nineveh and Persia No. 2, plate XIII from The Grammar of Ornament, 3rd edn.",Print,1868,,,,Color lithographs,Sheet (sight): 12 5/8 × W. 8 1/4 in. (32 × 21 cm),British,,,,,Owen Jones,Artist,British,1809,1874,,Ancient Near Eastern Art,,"British, London 1809–1874 London",False,True,https://www.metmuseum.org/art/collection/search/891632,https://images.metmuseum.org/CRDImages/an/original/DP-33327-001.jpg,0,,https://www.wikidata.org/wiki/Q1380862,http://vocab.getty.edu/page/ulan/500019483
326218,Bucket with attachments and handle,Bucket,ca. 9th century BCE,"Iron Age II, Hasanlu Period IV",,,Bronze,4.41 x 2.76 in. (11.2 x 7.01 cm),Iran,,Iran,,,,,,,,,Ancient Near Eastern Art,,,False,True,https://www.metmuseum.org/art/collection/search/326218,https://images.metmuseum.org/CRDImages/an/original/ME1976_233_46b.jpg,0,,,
325300,Bead (?),Bead,ca. 9th century BCE,"Iron Age II, Hasanlu Period IV",,,Bone,0.31 x 0.59 x 0.87 in. (0.79 x 1.5 x 2.21 cm),Iran,,Iran,,,,,,,,,Ancient Near Eastern Art,,,False,True,https://www.metmuseum.org/art/collection/search/325300,https://images.metmuseum.org/CRDImages/an/original/DP-33857-001.jpg,2,,,
324758,Two strips,Relief,ca. 9th–8th century BCE,Neo-Assyrian,,,Ivory,9/16 x 2 3/4 x 1/16 in. (1.4 x 7 x 0.2 cm),Assyrian,,Mesopotamia,,,,,,,,,Ancient Near Eastern Art,,,False,True,https://www.metmuseum.org/art/collection/search/324758,https://images.metmuseum.org/CRDImages/an/original/DP110636.jpg,0,,,
322525,Fish amulet,Amulet,ca. 2000–1785 BCE,Middle Bronze Age,,,Stone,0.91 in. (2.31 cm),,,present-day Lebanon,,Fish,,,,,,,Ancient Near Eastern Art,,,False,True,https://www.metmuseum.org/art/collection/search/322525,https://images.metmuseum.org/CRDImages/an/original/me23_10_6.jpg,0,,,
321501,Stamp seal (octagonal pyramid) with cultic scene,Stamp seal,7th–6th century BCE,Neo-Assyrian / Neo-Babylonian,,,Veined neutral Chalcedony (Quartz),"Seal Face: 2.03 x 1.48 cm
Height: 2.83 cm
String Hole: 0.37 cm",Assyro-Babylonian,,Mesopotamia,,,,,,,,,Ancient Near Eastern Art,,,False,True,https://www.metmuseum.org/art/collection/search/321501,https://images.metmuseum.org/CRDImages/an/original/ss74_51_4423gp.jpg,0,,,
322239,Stamp seal (octagonal pyramid) with deity and divine symbols,Stamp seal,7th–6th century BCE,Neo-Assyrian / Neo-Babylonian,,,Banded and flawed neutral Chalcedony (Quartz),"Seal Face: 2.09 x 1.39 cm
Height; 2.64 cm
String Hole: 0.4 cm",Assyro-Babylonian,,Mesopotamia,,,,,,,,,Ancient Near Eastern Art,,,False,True,https://www.metmuseum.org/art/collection/search/322239,https://images.metmuseum.org/CRDImages/an/original/ss93_17_106.jpg,0,,,
321627,Amulet with fighting demons; on reverse: Ishtar enthroned and worshiper,Amulet,ca. 8th–7th century BCE,Neo-Assyrian,,,Bronze,1 5/8 × 1 3/16 × 3/8 in. (4.2 × 3 × 1 cm),Assyrian,,Mesopotamia,,Demons,,,,,,,Ancient Near Eastern Art,,,False,True,https://www.metmuseum.org/art/collection/search/321627,https://images.metmuseum.org/CRDImages/an/original/DP-34793-001.jpg,2,,,
324492,Spout in the form of a man's head,Spout,ca. 1st–2nd century CE,Parthian,,,"Ceramic, glaze",8 9/16 in. × 6 in. × 6 3/16 in. (21.8 × 15.3 × 15.7 cm),Parthian,,Iran,,Heads|Men,,,,,,,Ancient Near Eastern Art,,,True,True,https://www.metmuseum.org/art/collection/search/324492,https://images.metmuseum.org/CRDImages/an/original/DT911.jpg,0,https://www.wikidata.org/wiki/Q29384465,,
327081,Cylinder seal and modern impression,Cylinder seal,ca. 18th–17th century BCE,Old Babylonian,,,"Stone, dark grey",0.91 in. (2.31 cm),Babylonian,,Mesopotamia,,,,,,,,,Ancient Near Eastern Art,,,False,True,https://www.metmuseum.org/art/collection/search/327081,https://images.metmuseum.org/CRDImages/an/original/ss1985_192_12.jpg,0,,,
322056,"Cuneiform tablet: record of allocations of animal fodder, Ebabbar archive",Cuneiform tablet,ca. 7th–6th century BCE,Neo-Babylonian,,,Clay,0.87 x 1.38 x 1.85 in. (2.21 x 3.51 x 4.7 cm),Babylonian,,Mesopotamia,,,,,,,,,Ancient Near Eastern Art,,,False,True,https://www.metmuseum.org/art/collection/search/322056,https://images.metmuseum.org/CRDImages/an/original/vs86_11_441.jpg,1,,,
327440,Dagger,Dagger,1st millennium BCE,Iron Age,,,Bronze,11 1/4 x 1 3/4 x 3/8 in. (28.6 x 4.4 x 1 cm),,,Transcaucasia,,,,,,,,,Ancient Near Eastern Art,,,False,True,https://www.metmuseum.org/art/collection/search/327440,https://images.metmuseum.org/CRDImages/an/original/sd1991_314_1.jpg,0,,,
325178,Pin,Pin,ca. 9th century BCE,"Iron Age II, Hasanlu Period IV",,,"Copper, bronze",2.68 in. (6.81 cm),Iran,,Iran,,,,,,,,,Ancient Near Eastern Art,,,False,True,https://www.metmuseum.org/art/collection/search/325178,https://images.metmuseum.org/CRDImages/an/original/DP-38817-001.jpg,0,,,
918452,Earrings with Assyrian motifs,Earrings,ca. 1850,Victorian,,,"Gold, enamel",Each Dia. 1 in. (2.5 cm),British,,,,,,,,,,,Ancient Near Eastern Art,,,False,True,https://www.metmuseum.org/art/collection/search/918452,https://images.metmuseum.org/CRDImages/an/original/DP-33396-001.jpg,1,,,
323492,Coin,Coin,ca. 7th–8th century CE,early Islamic,,,Copper,7/8 in. (2.3 cm),Islamic,,Iran,,,,,,,,,Ancient Near Eastern Art,,,False,True,https://www.metmuseum.org/art/collection/search/323492,https://images.metmuseum.org/CRDImages/an/original/DP-29250-001.jpg,1,,,
325615,Pin,Pin,ca. 9th century BCE,"Iron Age II, Hasanlu Period IV",,,"Bronze, carnelian",11 3/4 in. × 1 in. × 1 in. (29.8 × 2.6 × 2.6 cm),Iran,,Iran,,,,,,,,,Ancient Near Eastern Art,,,False,True,https://www.metmuseum.org/art/collection/search/325615,https://images.metmuseum.org/CRDImages/an/original/DP-25859-001.jpg,0,,,
323131,Scarab seal,Stamp seal,ca. 1786–1650 BCE,"Dynasty 15-17, 2nd Intermediate Period, Hyksos",,,"Steatite, white","Seal Face: 2.1 x 1.47 cm
Height: 1.07 cm
String Hole: 0.2",,,Levant,,Hieroglyphs|Scarabs,,,,,,,Ancient Near Eastern Art,,,False,True,https://www.metmuseum.org/art/collection/search/323131,https://images.metmuseum.org/CRDImages/an/original/ss34_126_21.jpg,0,,,
325738,Plaque fragment,Relief,ca. 9th century BCE,"Iron Age II, Hasanlu Period IV",,,Ivory,1.77 x 2.76 x 0.39 in. (4.5 x 7.01 x 0.99 cm),Iran,,Iran,,,,,,,,,Ancient Near Eastern Art,,,False,True,https://www.metmuseum.org/art/collection/search/325738,https://images.metmuseum.org/CRDImages/an/original/DP115111.jpg,0,,,
326751,Fragmentary bowl,Bowl,ca. 1000 BCE,Iron Age,,,Gold,3.54 in. (8.99 cm),Iran,,"Northwestern Iran, Caspian region",,,,,,,,,Ancient Near Eastern Art,,,False,True,https://www.metmuseum.org/art/collection/search/326751,https://images.metmuseum.org/CRDImages/an/original/DP-30808-001.jpg,1,,,
328940,Breastplate,Breastplate,ca. 9th century BCE,"Iron Age II, Hasanlu Period IV",,,Bronze,3/8 × 16 9/16 in. (1 × 42 cm),Iran,,Iran,,,,,,,,,Ancient Near Eastern Art,,,False,True,https://www.metmuseum.org/art/collection/search/328940,https://images.metmuseum.org/CRDImages/an/original/1976_233_44.JPG,0,,,
325243,Fibula,Fibula,ca. 8th–7th century BCE,Iron Age,,,Bronze,2.13 x 2.6 in. (5.41 x 6.6 cm),Phrygian,,Phrygia,,,,,,,,,Ancient Near Eastern Art,,,False,True,https://www.metmuseum.org/art/collection/search/325243,https://images.metmuseum.org/CRDImages/an/original/ME67_182_4.jpg,0,,,
323277,Sealing,Sealing,ca. 7th century CE,Sasanian,,,Un-baked clay,0.94 in. (2.39 cm),Sasanian,,Iran,,,,,,,,,Ancient Near Eastern Art,,,False,True,https://www.metmuseum.org/art/collection/search/323277,https://images.metmuseum.org/CRDImages/an/original/ME36_30_248.jpg,0,,,
327608,Cylinder seal,Cylinder seal,ca. early 2nd millennium BCE,Isin-Larsa or Old Babylonian,,,Hematite,H. 1 1/8 in. (2.8 cm);  Diam. 11/16 in. (1.7 cm),Isin-Larsa–Old Babylonian,,Mesopotamia,,,,,,,,,Ancient Near Eastern Art,,,False,True,https://www.metmuseum.org/art/collection/search/327608,https://images.metmuseum.org/CRDImages/an/original/DP-36498-001.jpg,3,,,
323765,Stamp seal (scaraboid) with deity (?),Stamp seal,ca. 6th–4th century BCE,Achaemenid,,,Flawed brown and white eyestone Agate (Quartz),"Seal Face: 1.93 x 2.13 cm
Height: 1.07 cm
String Hole: 0.28",Achaemenid,,Iran or Mesopotamia,,,,,,,,,Ancient Near Eastern Art,,,False,True,https://www.metmuseum.org/art/collection/search/323765,https://images.metmuseum.org/CRDImages/an/original/DP-31600-001.jpg,3,https://www.wikidata.org/wiki/Q116282455,,
325836,Spouted vessel,Vessel,3rd millennium BCE,Early Bronze Age,,,Ceramic,2.36 in. (5.99 cm),,,Levant,,,,,,,,,Ancient Near Eastern Art,,,False,True,https://www.metmuseum.org/art/collection/search/325836,https://images.metmuseum.org/CRDImages/an/original/ME66_183.jpg,0,,,
323838,Stamp seal,Stamp seal,ca. 3rd–7th century CE,Sasanian,,,Hematite,0.39 x 0.71 in. (0.99 x 1.8 cm),Sasanian,,Iran or Mesopotamia,,Animals,,,,,,,Ancient Near Eastern Art,,,False,True,https://www.metmuseum.org/art/collection/search/323838,https://images.metmuseum.org/CRDImages/an/original/ss41_160_247.jpg,0,,,
326516,Fan scraper,Scraper,ca. 4600–3600 BCE,Chalcolithic,,,Stone,2.52 x 3.74 in. (6.4 x 9.5 cm),Ghassulian,,Levant,,,,,,,,,Ancient Near Eastern Art,,,False,True,https://www.metmuseum.org/art/collection/search/326516,https://images.metmuseum.org/CRDImages/an/original/DP-41865-001.jpg,1,,,
324011,Cylinder seal,Cylinder seal,ca. 19th–16th century BCE,Old Babylonian,,,Hematite,1.04 in. (2.64 cm),Babylonian,,Mesopotamia,,,,,,,,,Ancient Near Eastern Art,,,False,True,https://www.metmuseum.org/art/collection/search/324011,https://images.metmuseum.org/CRDImages/an/original/ss43_142.jpg,0,,,
323808,Ornament or button for harness,Ornament,ca. 9th–7th century BCE,Neo-Assyrian,,,"Shell, silver (?)",1.25 in. (3.18 cm),Assyrian,,Mesopotamia,,,,,,,,,Ancient Near Eastern Art,,,False,True,https://www.metmuseum.org/art/collection/search/323808,https://images.metmuseum.org/CRDImages/an/original/DP122479.jpg,0,,,
325765,Beaker with tongue and guilloche patterns,Beaker,ca. 9th century BCE,"Iron Age II, Hasanlu Period IV",,,"Glass, Egyptian Blue",4 11/16 × 3 7/8 × 3 7/8 in. (11.9 × 9.8 × 9.8 cm),Iran,,Iran,,,,,,,,,Ancient Near Eastern Art,,,False,True,https://www.metmuseum.org/art/collection/search/325765,https://images.metmuseum.org/CRDImages/an/original/DP-26834-001.jpg,4,https://www.wikidata.org/wiki/Q116282452,,
324129,Cylinder seal,Cylinder seal,ca. 3100–2900 BCE,Jemdet Nasr,,,Stone,1.12 in. (2.84 cm),,,Mesopotamia,,,,,,,,,Ancient Near Eastern Art,,,False,True,https://www.metmuseum.org/art/collection/search/324129,https://images.metmuseum.org/CRDImages/an/original/ss51_25_15.jpg,1,,,
322954,Button,Button,ca. 6th–8th century CE,Sasanian–early Islamic,,,Bone,Diam. 2.2 cm x D. .8 cm,Sasanian or Islamic,,Iran,,,,,,,,,Ancient Near Eastern Art,,,False,True,https://www.metmuseum.org/art/collection/search/322954,https://images.metmuseum.org/CRDImages/an/original/me33_175_92and 93.jpg,0,,,
326756,Necklace,Necklace,ca. late 3rd–early 2nd millennium BCE,Bronze Age,,,"Lapis lazuli, white stone",16.14 in. (41 cm),Bactria-Margiana Archaeological Complex,,Bactria-Margiana,,,,,,,,,Ancient Near Eastern Art,,,False,True,https://www.metmuseum.org/art/collection/search/326756,https://images.metmuseum.org/CRDImages/an/original/ME1983_535_3.jpg,0,,,
325589,Jug,Jug,ca. 800 BCE,Iron Age,,,Ceramic,H. 11 3/8 cm x Diam. max. 9-1/2 in.,Iran,,Iran,,,,,,,,,Ancient Near Eastern Art,,,False,True,https://www.metmuseum.org/art/collection/search/325589,https://images.metmuseum.org/CRDImages/an/original/ME63_102_5.jpg,0,,,
323384,Sealing,Sealing,ca. 7th century CE,Sasanian,,,Un-baked clay,0.71 in. (1.8 cm),Sasanian,,Iran,,,,,,,,,Ancient Near Eastern Art,,,False,True,https://www.metmuseum.org/art/collection/search/323384,https://images.metmuseum.org/CRDImages/an/original/ME36_30_163.jpg,0,,,
326736,Gable seal,Stamp seal,ca. 4000–3000 BCE,Chalcolithic–Early Bronze Age,,,"Chlorite or steatite, black","Seal Face: 3.95 x 4.57 cm
Height: 0.95 cm
String Hole: 0.5 cm",,,Northern Syria or southeastern Anatolia,,Animals,,,,,,,Ancient Near Eastern Art,,,False,True,https://www.metmuseum.org/art/collection/search/326736,https://images.metmuseum.org/CRDImages/an/original/DP-31617-001.jpg,3,,,
326781,Pin,Pin,ca. late 3rd–early 2nd millennium BCE,Bronze Age,,,Copper alloy,6.69 in. (16.99 cm),Bactria-Margiana Archaeological Complex,,Bactria-Margiana,,,,,,,,,Ancient Near Eastern Art,,,False,True,https://www.metmuseum.org/art/collection/search/326781,https://images.metmuseum.org/CRDImages/an/original/ME1983_535_28.jpg,0,,,
327499,Vessel with a lid,Vessel and lid,ca. mid-1st millennium BCE,,,,Calcite alabaster,"H. 2 1/16 in. (5.3 cm)
Base: 2 13/16 in. (7.1 cm)
Mouth: 1 in. (2.6 cm)
Lid: 1 7/16 in. (3.6 cm)",,,Southwestern Arabia,,,,,,,,,Ancient Near Eastern Art,,,False,True,https://www.metmuseum.org/art/collection/search/327499,https://images.metmuseum.org/CRDImages/an/original/DP-26490-001.jpg,1,,,
321886,Incantation bowl with pseudo-Aramaic inscription,Bowl,ca. 5th–6th century CE,Sasanian,,,"Ceramic, paint",1 15/16 × 4 13/16 × 4 13/16 in. (5 × 12.2 × 12.2 cm),Sasanian,,Mesopotamia,,,,,,,,,Ancient Near Eastern Art,,,False,True,https://www.metmuseum.org/art/collection/search/321886,https://images.metmuseum.org/CRDImages/an/original/DP-26321-002.jpg,2,,,
325722,Axe head,Axe,ca. early 2nd millennium BCE,Old Elamite,,,Bronze,4.13 x 5 in. (10.49 x 12.7 cm),Elamite,,Southwestern Iran,,,,,,,,,Ancient Near Eastern Art,,,False,True,https://www.metmuseum.org/art/collection/search/325722,https://images.metmuseum.org/CRDImages/an/original/DP-39314-002.jpg,1,,,
323418,Sealing,Sealing,ca. 7th century CE,Sasanian,,,Un-baked clay,0.47 in. (1.19 cm),Sasanian,,Iran,,,,,,,,,Ancient Near Eastern Art,,,False,True,https://www.metmuseum.org/art/collection/search/323418,https://images.metmuseum.org/CRDImages/an/original/ME36_30_197.jpg,0,,,
321796,"Cuneiform tablet: record of silver for purchase of animals, Ebabbar archive",Cuneiform tablet,ca. 7th–6th century BCE,Neo-Babylonian,,,Clay,1.37 x 2.12 x .61 in. (3.48 x 5.38 x 1.55 cm),Babylonian,,Mesopotamia,,,,,,,,,Ancient Near Eastern Art,,,False,True,https://www.metmuseum.org/art/collection/search/321796,https://images.metmuseum.org/CRDImages/an/original/ME86_11_218.jpg,1,,,
324240,Low hemispheroid seal with later inscription,Stamp seal,"5th millennium BCE, inscription ca. 10th century CE","Chalcolithic, early Islamic",,,"Steatite, black","Seal Face: 3.2 x 3.6 cm
Height: 1.29 cm
String Hole: 0.6 x 0.5 cm",,,Western Iran (?),,,,,,,,,Ancient Near Eastern Art,,,False,True,https://www.metmuseum.org/art/collection/search/324240,https://images.metmuseum.org/CRDImages/an/original/DP-31610-003.jpg,4,,,
325626,Stamp seal (scarab) with animal,Stamp seal,9th– 8th century BCE,"Iron Age II, Hasanlu Period IV",,,"Steatite, glaze",9/16 × 3/8 × 1/4 in. (1.4 × 1 × 0.6 cm),Syro-Anatolian-Levantine,,Iran,,Animals,,,,,,,Ancient Near Eastern Art,,,False,True,https://www.metmuseum.org/art/collection/search/325626,https://images.metmuseum.org/CRDImages/an/original/DP-31614-001.jpg,3,,,
323147,Jug,Jug,ca. late 8th–7th century BCE,Iron Age II,,,Ceramic,6.18 in. (15.7 cm),Israelite,,Levant,,,,,,,,,Ancient Near Eastern Art,,,False,True,https://www.metmuseum.org/art/collection/search/323147,https://images.metmuseum.org/CRDImages/an/original/me34_126_37.jpg,0,,,
326732,Cylinder seal with three-figure contest scene,Cylinder seal,late 9th century–729 BCE,Neo-Babylonian,,,Veined and flawed neutral Chalcedony (Quartz),1.3 in. (3.3 cm),Babylonian,,Mesopotamia,,Men|Sphinx,,,,,,,Ancient Near Eastern Art,,,False,True,https://www.metmuseum.org/art/collection/search/326732,https://images.metmuseum.org/CRDImages/an/original/SS1983_314_12.jpg,0,,,
321885,Incantation bowl with Aramaic inscription,Bowl,ca. 5th–6th century CE,Sasanian,,,"Ceramic, paint",2 1/8 × 5 3/8 × 5 3/8 in. (5.4 × 13.6 × 13.6 cm),Sasanian,,Mesopotamia,,,,,,,,,Ancient Near Eastern Art,,,False,True,https://www.metmuseum.org/art/collection/search/321885,https://images.metmuseum.org/CRDImages/an/original/DP-16934-016.jpg,1,,,
328755,Cylinder seal,Cylinder seal,ca. 15th century BCE,Mitanni,,,Faience,H. 2.4 cm x Diam. 1.1 cm,Mitanni,,Mesopotamia,,Animals,,,,,,,Ancient Near Eastern Art,,,False,True,https://www.metmuseum.org/art/collection/search/328755,https://images.metmuseum.org/CRDImages/an/original/DP-39032-001.jpg,3,https://www.wikidata.org/wiki/Q116282315,,
322802,Plaque,Plaque,ca. 3rd–7th century CE,Sasanian,,,Glass,2.5 x 1.87 in. (6.35 x 4.75 cm),Sasanian,,Mesopotamia,,,,,,,,,Ancient Near Eastern Art,,,False,True,https://www.metmuseum.org/art/collection/search/322802,https://images.metmuseum.org/CRDImages/an/original/DP-40715-001.jpg,1,,,
324143,Pin,Pin,ca. 7th century BCE,Iron Age III,,,Silver,4.5 in. (11.43 cm),Iran,,Iran,,,,,,,,,Ancient Near Eastern Art,,,False,True,https://www.metmuseum.org/art/collection/search/324143,https://images.metmuseum.org/CRDImages/an/original/DP-34528-001.jpg,0,,,
324593,Cuneiform tablet: receipt of unshorn sheep,Cuneiform tablet,ca. 2060 BCE,Ur III,,,Clay,2.8 x 2.9 x 1.5 cm (1 1/8 x 1 1/8 x 5/8 in.),Neo-Sumerian,,Mesopotamia,,Sheep,,,,,,,Ancient Near Eastern Art,,,False,True,https://www.metmuseum.org/art/collection/search/324593,https://images.metmuseum.org/CRDImages/an/original/ME57_16_8a.jpg,0,,,
323403,Sealing,Sealing,ca. 7th century CE,Sasanian,,,Un-baked clay,0.31 in. (0.79 cm),Sasanian,,Iran,,,,,,,,,Ancient Near Eastern Art,,,False,True,https://www.metmuseum.org/art/collection/search/323403,https://images.metmuseum.org/CRDImages/an/original/ME36_30_182.jpg,0,,,
322318,Stamp seal,Stamp seal,ca. 4th century CE,Sasanian,,,Carnelian,0.39 x 0.59 x 0.43 in. (0.99 x 1.5 x 1.09 cm),Sasanian,,Iran or Mesopotamia,,Animals,,,,,,,Ancient Near Eastern Art,,,False,True,https://www.metmuseum.org/art/collection/search/322318,https://images.metmuseum.org/CRDImages/an/original/ss99_22_49.jpg,0,,,
324262,Plaque in the form of a sphinx,Relief,ca. 8th century BCE,Iron Age II,,,Bronze,H. 5 1/4 x W. 5 1/8 x Th. 1 5/8 in. (13.3 x 13 x 4.2 cm),,,Syria,,Sphinx,,,,,,,Ancient Near Eastern Art,,,False,True,https://www.metmuseum.org/art/collection/search/324262,https://images.metmuseum.org/CRDImages/an/original/DP-30278-001.jpg,4,,,
325263,Sherd,Sherd,ca. early 2nd millennium BCE,Middle Bronze Age,,,Ceramic,5 x 7.48 in. (12.7 x 19 cm),,,Mesopotamia,,,,,,,,,Ancient Near Eastern Art,,,False,True,https://www.metmuseum.org/art/collection/search/325263,https://images.metmuseum.org/CRDImages/an/original/DP-29138-001.jpg,1,,,
322645,Glazed brick,Brick,ca. 1st–2nd century A.D,Parthian,,,"Ceramic, glaze",5 3/8 in. × 12 1/2 in. × 3 in. (13.6 × 31.8 × 7.6 cm),Parthian,,Mesopotamia,,,,,,,,,Ancient Near Eastern Art,,,False,True,https://www.metmuseum.org/art/collection/search/322645,https://images.metmuseum.org/CRDImages/an/original/DP-15732-017.jpg,1,,,
324830,Bowl with wheel-cut facets,Bowl,ca. 6th–7th century CE,Sasanian,,,Glass; yellow-green,3 3/16 × 4 1/16 × 4 1/16 in. (8.1 × 10.3 × 10.3 cm),Sasanian,,Iran,,,,,,,,,Ancient Near Eastern Art,,,True,True,https://www.metmuseum.org/art/collection/search/324830,https://images.metmuseum.org/CRDImages/an/original/DT926.jpg,0,https://www.wikidata.org/wiki/Q29384474,,
323782,Cylinder seal with three-figure contest scene,Cylinder seal,ca. 7th century BCE,Neo-Assyrian,,,Flawed neutral Chalcedony (Quartz),0.87 in. (2.21 cm),Assyrian,,Mesopotamia,,,,,,,,,Ancient Near Eastern Art,,,False,True,https://www.metmuseum.org/art/collection/search/323782,https://images.metmuseum.org/CRDImages/an/original/DP-40052-001.jpg,6,,,
324199,Fan or fly-whisk handle in the form of four female figures,Handle,ca. 8th–7th century BCE,Neo-Assyrian,,,"Ivory, gold leaf",4 3/8 × 2 7/16 × 2 5/16 in. (11.1 × 6.2 × 5.8 cm),Assyrian,,Mesopotamia,,Female Nudes,,,,,,,Ancient Near Eastern Art,,,False,True,https://www.metmuseum.org/art/collection/search/324199,https://images.metmuseum.org/CRDImages/an/original/DP110557.jpg,8,,,
327649,Cylinder seal,Cylinder seal,ca. early 2nd millennium BCE,Old Babylonian,,,Hematite,H.  11/16 in. (2.7 cm);  Diam.  1/2 in. (1.3 cm),Babylonian,,Mesopotamia,,,,,,,,,Ancient Near Eastern Art,,,False,True,https://www.metmuseum.org/art/collection/search/327649,https://images.metmuseum.org/CRDImages/an/original/DP-37401-001.jpg,3,,,
322196,Stamp seal (octagonal pyramid) with cultic scene,Stamp seal,late 8th–6th century BCE,Neo-Assyrian / Neo-Babylonian,,,Flawed Carnelian (Quartz),0.55 x 0.79 in. (1.4 x 2.01 cm),Assyro-Babylonian,,Mesopotamia,,,,,,,,,Ancient Near Eastern Art,,,False,True,https://www.metmuseum.org/art/collection/search/322196,https://images.metmuseum.org/CRDImages/an/original/DP-36039-001.jpg,3,,,
324729,Vessel,Vessel,ca. 7th century BCE,Iron Age III,,,Bronze,3 1/2 × 3 1/4 × 3 1/4 in. (8.9 × 8.3 × 8.3 cm),Iran,,Western Iran,,Birds,,,,,,,Ancient Near Eastern Art,,,False,True,https://www.metmuseum.org/art/collection/search/324729,https://images.metmuseum.org/CRDImages/an/original/DP-39633-001.jpg,0,,,
323642,Sherd,Sherd,ca. 3500–3100 BCE,Chalcolithic–Early Bronze Age,,,"Ceramic, paint",2.48 x 0.31 in. (6.3 x 0.79 cm),Iran,,Iran,,,,,,,,,Ancient Near Eastern Art,,,False,True,https://www.metmuseum.org/art/collection/search/323642,https://images.metmuseum.org/CRDImages/an/original/DP-28746-001.jpg,1,https://www.wikidata.org/wiki/Q116407730,,
323906,Cylinder seal with mythological contest scene,Cylinder seal,late 9th–8th century BCE,Neo-Babylonian,,,"Variegated, veined, and flawed green, brown, and white Chalcedony (Quartz)",1 1/4 × 9/16 × 9/16 in. (3.2 × 1.4 × 1.4 cm),Babylonian,,Mesopotamia,,Bow and Arrow|Men|Mythical Creatures,,,,,,,Ancient Near Eastern Art,,,False,True,https://www.metmuseum.org/art/collection/search/323906,https://images.metmuseum.org/CRDImages/an/original/ss41_160_318.jpg,0,,,
325498,Sealing,Sealing,4th millennium BCE,Uruk,,,Ceramic,2.36 in. (5.99 cm),,,Mesopotamia,,,,,,,,,Ancient Near Eastern Art,,,False,True,https://www.metmuseum.org/art/collection/search/325498,https://images.metmuseum.org/CRDImages/an/original/DP-15116-047.jpg,2,,,
325389,Stamp seal,Stamp seal,ca. 3rd–7th century CE,Sasanian,,,Carnelian,Diam. 1.3 x Th. .7 cm,Sasanian,,Iran,,Birds,,,,,,,Ancient Near Eastern Art,,,False,True,https://www.metmuseum.org/art/collection/search/325389,https://images.metmuseum.org/CRDImages/an/original/SS62_66_10.jpg,0,,,
326062,Bottle,Bottle,ca. late 3rd millennium BCE,Early Bronze Age,,,Ceramic,2.52 in. (6.4 cm),,,Mesopotamia,,,,,,,,,Ancient Near Eastern Art,,,False,True,https://www.metmuseum.org/art/collection/search/326062,https://images.metmuseum.org/CRDImages/an/original/ME1972_222_4.jpg,0,,,
322164,Stamp seal,Stamp seal,ca. 6th–4th century BCE,Achaemenid,,,"Feldspar, olive drab",0.87 in. (2.21 cm),Achaemenid,,Iran,,,,,,,,,Ancient Near Eastern Art,,,False,True,https://www.metmuseum.org/art/collection/search/322164,https://images.metmuseum.org/CRDImages/an/original/DP-35073-001.jpg,3,,,
327642,Cylinder seal,Cylinder seal,ca. early 2nd millennium BCE,Old Babylonian,,,Hematite,H.  1 1/8 in. (2.9 cm);  Diam.  5/8 in. (1.6 cm),Babylonian,,Mesopotamia,,,,,,,,,Ancient Near Eastern Art,,,False,True,https://www.metmuseum.org/art/collection/search/327642,https://images.metmuseum.org/CRDImages/an/original/DP-37252-001.jpg,3,,,
321556,"Cuneiform tablet: account of silver disbursements, Egibi archive",Cuneiform tablet,ca. 6th century BCE,Neo-Babylonian or Achaemenid,,,Clay,3.1 x 3.9 x 1.4 cm (1 1/4 x 1 1/2 x 1/2 in.),Babylonian or Achaemenid,,Mesopotamia,,,,,,,,,Ancient Near Eastern Art,,,False,True,https://www.metmuseum.org/art/collection/search/321556,https://images.metmuseum.org/CRDImages/an/original/ME79_7_36.jpg,1,,,
325929,Necklace,Necklace,ca. 14th–12th century BCE,Iron Age I,,,Bronze,9.84 x 5.35 in. (24.99 x 13.59 cm),Iran,,Iran,,,,,,,,,Ancient Near Eastern Art,,,False,True,https://www.metmuseum.org/art/collection/search/325929,https://images.metmuseum.org/CRDImages/an/original/ME67_247_10.jpg,0,,,
322673,Wall decoration with vegetal design,Relief,ca. 6th century CE,Sasanian,,,Stucco,2 11/16 × 17 5/8 × 1 15/16 in. (6.9 × 44.7 × 4.9 cm),Sasanian,,Mesopotamia,,,,,,,,,Ancient Near Eastern Art,,,False,True,https://www.metmuseum.org/art/collection/search/322673,https://images.metmuseum.org/CRDImages/an/original/DP247438.jpg,0,,,
324638,Vessel sherd with geometric decoration,Sherd,ca. 8th–7th century BCE,Neo-Assyrian,,,Glazed ceramic,0.63 x 5.5 in. (1.6 x 13.97 cm),Assyrian,,Mesopotamia,,,,,,,,,Ancient Near Eastern Art,,,False,True,https://www.metmuseum.org/art/collection/search/324638,https://images.metmuseum.org/CRDImages/an/original/DP-28266-001.jpg,1,,,
322294,Half-almond seal,Stamp seal,ca. 3500–3100 BCE,Late Uruk (?),,,"Steatite, green black","Seal Face: 2.41 x 1.9 cm
Height: 1.3 cm
String Hole: 0.6 x 0.35 cm; 0.5 x 0.35 cm",,,Mesopotamia,,,,,,,,,Ancient Near Eastern Art,,,False,True,https://www.metmuseum.org/art/collection/search/322294,https://images.metmuseum.org/CRDImages/an/original/ME99_22_25.jpg,0,,,
325031,Whorl,Whorl,ca. 9th century BCE,"Iron Age II, Hasanlu Period IV",,,Ceramic,1.5 in. (3.81 cm),Iran,,Iran,,,,,,,,,Ancient Near Eastern Art,,,False,True,https://www.metmuseum.org/art/collection/search/325031,https://images.metmuseum.org/CRDImages/an/original/ME60_20_42.jpg,0,,,
327018,Stamp seal,Stamp seal,ca. 3rd–7th century CE,Sasanian,,,"Stone, dark green",0.42 x 0.5 x 0.56 in. (1.07 x 1.27 x 1.42 cm),Sasanian,,Iran,,,,,,,,,Ancient Near Eastern Art,,,False,True,https://www.metmuseum.org/art/collection/search/327018,https://images.metmuseum.org/CRDImages/an/original/ss1984_383_57.jpg,0,,,
322783,Whorl,Whorl,ca. 3rd–7th century CE,Sasanian,,,Diorite (?),Diam. 2.9 cm bottom x H. 1.5 cm,Sasanian,,Mesopotamia,,,,,,,,,Ancient Near Eastern Art,,,False,True,https://www.metmuseum.org/art/collection/search/322783,https://images.metmuseum.org/CRDImages/an/original/ME32_150_207.jpg,0,,,
322698,Relief fragment,Relief,ca. 6th–8th century CE,Sasanian–early Islamic,,,Stucco,5 1/8 × 4 1/16 × 1 1/4 in. (13 × 10.3 × 3.1 cm),Sasanian or Islamic,,Mesopotamia,,,,,,,,,Ancient Near Eastern Art,,,False,True,https://www.metmuseum.org/art/collection/search/322698,https://images.metmuseum.org/CRDImages/an/original/DP-25371-001.jpg,0,,,
326148,Bridge-spouted jar,Jar,ca. 7th century BCE,Iron Age III,,,Ceramic,Diameter: 9.63 in. (24.46 cm); Diameter of rim: 4.50 in. (11.43 cm); Restored height: 14.50 in. (36.83 cm),Iran,,Iran,,,,,,,,,Ancient Near Eastern Art,,,False,True,https://www.metmuseum.org/art/collection/search/326148,https://images.metmuseum.org/CRDImages/an/original/ME1974_105_1.jpg,2,,,
321758,"Cuneiform tablet: promissory note for dates, archive of Bel-remanni",Cuneiform tablet,ca. 496 BCE,Achaemenid,,,Clay,5.2 x 5.4 x 2.6 cm (2 x 2 1/8 x 1 in.),Achaemenid,,Mesopotamia,,,,,,,,,Ancient Near Eastern Art,,,False,True,https://www.metmuseum.org/art/collection/search/321758,https://images.metmuseum.org/CRDImages/an/original/ME86_11_180.jpg,1,,,
322598,Enthroned deity,Sculpture,ca. 14th–13th century BCE,Late Bronze Age,,,Bronze,5 in. × 1 3/8 in. × 2 3/16 in. (12.7 × 3.5 × 5.5 cm),Canaanite,,Levant,,,,,,,,,Ancient Near Eastern Art,,,False,True,https://www.metmuseum.org/art/collection/search/322598,https://images.metmuseum.org/CRDImages/an/original/hb32_18_3.jpg,0,https://www.wikidata.org/wiki/Q116282513,,
322490,Relief panel,Relief,ca. 883–859 BCE,Neo-Assyrian,,,Gypsum alabaster,64 5/8 x 49 1/2 x 3 1/2 in. (164.1 x 125.7 x 8.9 cm),Assyrian,,Mesopotamia,,,,,,,,,Ancient Near Eastern Art,,,False,True,https://www.metmuseum.org/art/collection/search/322490,https://images.metmuseum.org/CRDImages/an/original/DP355705.jpg,0,https://www.wikidata.org/wiki/Q116282536,,
321791,"Cuneiform tablet: account of sheep deliveries for offerings, Ebabbar archive",Cuneiform tablet,ca. 549 BCE,Neo-Babylonian,,,Clay,1.5 x 2.12 x .85 in. (3.81 x 5.38 x 2.15 cm),Babylonian,,Mesopotamia,,,,,,,,,Ancient Near Eastern Art,,,False,True,https://www.metmuseum.org/art/collection/search/321791,https://images.metmuseum.org/CRDImages/an/original/ME86_11_213.jpg,1,,,
323972,Plaque with horned animal,Relief,ca. 8th–7th century BCE,Iron Age III,,,Bronze,1 × 2 1/16  × 1/16 in. (2.6 × 5.2 × 0.2 cm),Iran,,"Iran, Luristan",,Animals,,,,,,,Ancient Near Eastern Art,,,False,True,https://www.metmuseum.org/art/collection/search/323972,https://images.metmuseum.org/CRDImages/an/original/DP-25850-001.jpg,1,,,
326129,Carinated bowl sherd,Bowl,ca. late 3rd millennium BCE,Early Bronze Age,,,Ceramic,3.62 x 4.17 in. (9.19 x 10.59 cm),,,Mesopotamia,,,,,,,,,Ancient Near Eastern Art,,,False,True,https://www.metmuseum.org/art/collection/search/326129,https://images.metmuseum.org/CRDImages/an/original/DP-29122-002.jpg,2,,,
323741,Weight,Weight,2nd Millennium BCE,,,,Granite,6.5 x 8.25 in. (16.51 x 20.96 cm),,,Mesopotamia,,,,,,,,,Ancient Near Eastern Art,,,False,True,https://www.metmuseum.org/art/collection/search/323741,https://images.metmuseum.org/CRDImages/an/original/ME41_55.jpg,0,,,
326981,Cylinder seal with animal and divine symbols,Cylinder seal,7th–6th century BCE,Neo-Elamite,,,Blue-green glazed Faience,H. 2 x Diam. 0.1 cm (3/4),Elamite,,Iran,,Animals,,,,,,,Ancient Near Eastern Art,,,False,True,https://www.metmuseum.org/art/collection/search/326981,https://images.metmuseum.org/CRDImages/an/original/ss1984_383_20.jpg,0,,,
323266,Sealing,Sealing,ca. 7th century CE,Sasanian,,,Un-baked clay,0.83 in. (2.11 cm),Sasanian,,Iran,,Animals,,,,,,,Ancient Near Eastern Art,,,False,True,https://www.metmuseum.org/art/collection/search/323266,https://images.metmuseum.org/CRDImages/an/original/ME36_30_237.jpg,0,,,
327031,Bracelet with lion's-head terminals,Bracelet,ca. 8th–7th century BCE,Iron Age III,,,Iron,2.76 x 3.35 in. (7.01 x 8.51 cm),Iran,,Western Iran,,,,,,,,,Ancient Near Eastern Art,,,False,True,https://www.metmuseum.org/art/collection/search/327031,https://images.metmuseum.org/CRDImages/an/original/vs1984_394_6.jpg,0,,,
322811,Jar sherd,Jar,ca. 7th–8th century CE,Sasanian–early Islamic,,,Ceramic,3 15/16 x 3 3/4 x 3/8 in. (10 x 9.6 x 1 cm),Sasanian or Islamic,,Mesopotamia,,,,,,,,,Ancient Near Eastern Art,,,False,True,https://www.metmuseum.org/art/collection/search/322811,https://images.metmuseum.org/CRDImages/an/original/DP-29571-001.jpg,1,,,
321687,"Cuneiform tablet: account of delivery of animals for offering, Ebabbar archive",Cuneiform tablet,ca. 602 BCE,Neo-Babylonian,,,Clay,2 x 2.83 x 1 in. (5.1 x 7.2 x 2.4 cm),Babylonian,,Mesopotamia,,,,,,,,,Ancient Near Eastern Art,,,False,True,https://www.metmuseum.org/art/collection/search/321687,https://images.metmuseum.org/CRDImages/an/original/ME86_11_71.jpg,1,,,
321685,"Cuneiform tablet: account of dates as imittu-rent, Ebabbar archive",Cuneiform tablet,ca. 617 BCE,Neo-Babylonian,,,Clay,2.36 x 3.31 x 1 in. (6 x 8.4 x 2.6 cm),Babylonian,,Mesopotamia,,,,,,,,,Ancient Near Eastern Art,,,False,True,https://www.metmuseum.org/art/collection/search/321685,https://images.metmuseum.org/CRDImages/an/original/ME86_11_69.jpg,1,,,
326473,Bead,Bead,ca. 1st century BCE–1st century CE,Parthian,,,Glass,0.24 in. (0.61 cm),Parthian,,Iran,,,,,,,,,Ancient Near Eastern Art,,,False,True,https://www.metmuseum.org/art/collection/search/326473,https://images.metmuseum.org/CRDImages/an/original/DP-40355-001.jpg,0,,,
324280,Arrowhead,Arrowhead,ca. 7500–4500 BCE (?),Neolithic or Chalcolithic,,,Flint,1.18 x 0.56 in. (3 x 1.42 cm),,,Southern Levant,,,,,,,,,Ancient Near Eastern Art,,,False,True,https://www.metmuseum.org/art/collection/search/324280,https://images.metmuseum.org/CRDImages/an/original/me 53_151_2to17group.jpg,0,,,
325805,Vessel,Vessel,ca. 9th century BCE,"Iron Age II, Hasanlu Period IV",,,Ceramic,4.37 in. (11.1 cm),Iran,,Iran,,,,,,,,,Ancient Near Eastern Art,,,False,True,https://www.metmuseum.org/art/collection/search/325805,https://images.metmuseum.org/CRDImages/an/original/ME65_163_76.jpg,0,,,
326227,Top for standard,Standard top,ca. 8th century BCE,Iron Age III,,,Bronze,3 5/8 × 2 7/8 × 5/8 in. (9.2 × 7.35 × 1.6 cm),Iran,,"Iran, probably from Luristan",,Animals,,,,,,,Ancient Near Eastern Art,,,False,True,https://www.metmuseum.org/art/collection/search/326227,https://images.metmuseum.org/CRDImages/an/original/DP-30247-002.jpg,1,,,
326390,Arrowhead,Arrowhead,4th–3rd century BCE,,,,Bronze,3/8 × 1 1/8 in. (1 × 2.9 cm),Achaemenid or Seleucid,,Iran,,,,,,,,,Ancient Near Eastern Art,,,False,True,https://www.metmuseum.org/art/collection/search/326390,https://images.metmuseum.org/CRDImages/an/original/DP-37587-001.jpg,0,,,
324756,Knob,Knob,ca. 8th century BCE,Neo-Assyrian,,,Ivory,0.39 in. (0.99 cm),Assyrian,,Mesopotamia,,,,,,,,,Ancient Near Eastern Art,,,False,True,https://www.metmuseum.org/art/collection/search/324756,https://images.metmuseum.org/CRDImages/an/original/DP122492.jpg,0,,,
325469,Cow amulet,Amulet,ca. 2700–2600 BCE,Early Dynastic II,,,Quartzite (?),0.39 x 1.57 x 0.51 in. (0.99 x 3.99 x 1.3 cm),Sumerian,,Mesopotamia,,Cows,,,,,,,Ancient Near Eastern Art,,,False,True,https://www.metmuseum.org/art/collection/search/325469,https://images.metmuseum.org/CRDImages/an/original/DP-15116-027.jpg,0,,,
323780,Cylinder seal,Cylinder seal,early 2nd millennium BCE,Middle Bronze Age–Old Assyrian Trading Colony,,,Hematite,0.69 in. (1.75 cm),Old Assyrian Trading Colony (?),,Anatolia,,,,,,,,,Ancient Near Eastern Art,,,False,True,https://www.metmuseum.org/art/collection/search/323780,https://images.metmuseum.org/CRDImages/an/original/DP-40051-001.jpg,3,,,
323479,Drachm,Coin,ca. 1st century BCE,Parthian,,,Silver,1/8 in. × 11/16 in. diameter (0.3 × 1.75 cm),Parthian,,Iran,,Men|Profiles,,,,,,,Ancient Near Eastern Art,,,False,True,https://www.metmuseum.org/art/collection/search/323479,https://images.metmuseum.org/CRDImages/an/original/DP-13132-007.jpg,1,,,
327703,Cylinder seal,Cylinder seal,ca. 6th–5th century BCE,Achaemenid,,,Agate,H.  1 1/16 in. (2.7 cm);  D.  7/16 in. (1.1 cm),Achaemenid,,Iran,,Men|Lions,,,,,,,Ancient Near Eastern Art,,,False,True,https://www.metmuseum.org/art/collection/search/327703,https://images.metmuseum.org/CRDImages/an/original/DP-37699-001.jpg,3,,,
326131,Bowl sherd,Bowl,ca. late 3rd millennium BCE,Early Bronze Age,,,Ceramic,1.73 x 4.65 in. (4.39 x 11.81 cm),,,Mesopotamia,,,,,,,,,Ancient Near Eastern Art,,,False,True,https://www.metmuseum.org/art/collection/search/326131,https://images.metmuseum.org/CRDImages/an/original/DP-29124-001.jpg,1,,,
323054,Bronze bowl,Bowl,ca. 3rd–7th century CE,Sasanian,,,Bronze,1 7/8 x 14 3/4 in. (4.8 x Diam 37.5 cm),Sasanian,,Iran,,,,,,,,,Ancient Near Eastern Art,,,False,True,https://www.metmuseum.org/art/collection/search/323054,https://images.metmuseum.org/CRDImages/an/original/DP-35580-001.jpg,1,,,
328762,Cylinder seal,Cylinder seal,ca. 18th–16th century BCE,Old Babylonian,,,Hematite,H. 2.7 cm x Diam. 1.4 cm,Babylonian,,Mesopotamia,,Men,,,,,,,Ancient Near Eastern Art,,,False,True,https://www.metmuseum.org/art/collection/search/328762,https://images.metmuseum.org/CRDImages/an/original/DP-39038-001.jpg,3,,,
325581,Figurine,Sculpture,1st millennium BCE,Iron Age,,,Ceramic,10.31 x 4.02 x 2.52 in. (26.19 x 10.21 x 6.4 cm),Iran,,Northwestern Iran,,Female Nudes,,,,,,,Ancient Near Eastern Art,,,False,True,https://www.metmuseum.org/art/collection/search/325581,https://images.metmuseum.org/CRDImages/an/original/ME63_44.jpg,0,,,
324001,Jug,Jug,ca. 1000–750 BCE,Iron Age II,,,Ceramic,3.74 in. (9.5 cm),Iran,,"Iran, Luristan",,,,,,,,,Ancient Near Eastern Art,,,False,True,https://www.metmuseum.org/art/collection/search/324001,https://images.metmuseum.org/CRDImages/an/original/ME43_102_41.jpg,0,,,
323878,Cylinder seal,Cylinder seal,ca. 2350–2150 BCE,Akkadian,,,Quartz,0.98 in. (2.49 cm),Akkadian,,Mesopotamia,,Men|Bulls,,,,,,,Ancient Near Eastern Art,,,False,True,https://www.metmuseum.org/art/collection/search/323878,https://images.metmuseum.org/CRDImages/an/original/DP-40063-001.jpg,6,,,
327487,Vessel decorated with birds,Vessel,ca. 8th–9th century CE,,,,"Ceramic, paint",4.41 in. (11.2 cm),Western Central Asia,,Western Central Asia,,Birds,,,,,,,Ancient Near Eastern Art,,,False,True,https://www.metmuseum.org/art/collection/search/327487,https://images.metmuseum.org/CRDImages/an/original/sd1993_344.jpg,0,,,
321483,Stamp seal (scarab) with two-figure contest scene,Stamp seal,second half of 8th–7th century BCE,Neo-Assyrian / Neo-Babylonian,,,Greenstone,"Seal Face: 1.29 x 1.03 cm
Height: 0.76 cm
String Hole: 0.2 cm",Assyro-Babylonian,,Cyprus,,Birds|Men,,,,,,,Ancient Near Eastern Art,,,False,True,https://www.metmuseum.org/art/collection/search/321483,https://images.metmuseum.org/CRDImages/an/original/ss74_51_4403gp.jpg,0,,,
323172,Lamp,Lamp,ca. late 8th–7th century BCE,Iron Age II,,,Ceramic,1.5 x 4.75 in. (3.81 x 12.07 cm),Israelite,,Levant,,,,,,,,,Ancient Near Eastern Art,,,False,True,https://www.metmuseum.org/art/collection/search/323172,https://images.metmuseum.org/CRDImages/an/original/me34_126_62.jpg,0,,,
322585,Panel with striding lion,Relief,ca. 604–562 BCE,Neo-Babylonian,,,"Ceramic, glaze",38 1/4 × 89 1/2 in. (97.2 × 227.3 cm),Babylonian,,Mesopotamia,,Lions,,,,,,,Ancient Near Eastern Art,,,True,True,https://www.metmuseum.org/art/collection/search/322585,https://images.metmuseum.org/CRDImages/an/original/DT891.jpg,0,https://www.wikidata.org/wiki/Q29384413,,
323288,Sealing,Sealing,ca. 7th century CE,Sasanian,,,Un-baked clay,0.71 in. (1.8 cm),Sasanian,,Iran,,,,,,,,,Ancient Near Eastern Art,,,False,True,https://www.metmuseum.org/art/collection/search/323288,https://images.metmuseum.org/CRDImages/an/original/ME36_30_259.jpg,0,,,
326506,Compartmented stamp seal,Stamp seal,ca. late 3rd–early 2nd millennium BCE,Bronze Age,,,Copper alloy,0.59 in. (1.5 cm),Bactria-Margiana Archaeological Complex,,Bactria-Margiana,,,,,,,,,Ancient Near Eastern Art,,,False,True,https://www.metmuseum.org/art/collection/search/326506,https://images.metmuseum.org/CRDImages/an/original/ss1978_261_1.jpg,0,,,
324479,Bronze bowl fragment,Bowl,ca. 2300–2000 BCE,Early Bronze Age III,,,Bronze,2.5 in. (6.35 cm),Hattian,,Central Anatolia,,,,,,,,,Ancient Near Eastern Art,,,False,True,https://www.metmuseum.org/art/collection/search/324479,https://images.metmuseum.org/CRDImages/an/original/ME55_137_41.jpg,0,,,
328829,Textile fragment,Textile,ca. 6th–7th century CE,Sasanian,,,"Silk, tapestry weave",21 x  6 in. (53.3 x 15.2 cm),Sasanian,,Iran,,Lions|Flowers,,,,,,,Ancient Near Eastern Art,,,False,True,https://www.metmuseum.org/art/collection/search/328829,https://images.metmuseum.org/CRDImages/an/original/sd2000_624_1.jpg,0,,,
327749,Cylinder seal,Cylinder seal,ca. early 2nd millennium BCE,Old Syrian,,,Hematite,H.  3/4 in. (1.9 cm);  Diam.  5/16 in. (.8 cm),,,Syria,,,,,,,,,Ancient Near Eastern Art,,,False,True,https://www.metmuseum.org/art/collection/search/327749,https://images.metmuseum.org/CRDImages/an/original/DP-37893-001.jpg,3,,,
323096,Pin,Pin,ca. 3rd–7th century CE,Sasanian,,,Bronze,0.32 x 5.12 in. (0.81 x 13 cm),Sasanian,,Iran,,,,,,,,,Ancient Near Eastern Art,,,False,True,https://www.metmuseum.org/art/collection/search/323096,https://images.metmuseum.org/CRDImages/an/original/DP-37575-001.jpg,0,,,
324792,Inlay,Inlay,ca. 8th–7th century BCE,Neo-Assyrian,,,Glass,0.55 in. (1.4 cm),Assyrian,,Mesopotamia,,,,,,,,,Ancient Near Eastern Art,,,False,True,https://www.metmuseum.org/art/collection/search/324792,https://images.metmuseum.org/CRDImages/an/original/DP-40515-001.jpg,0,,,
324595,Plaque with tribute bearers,Relief,ca. 9th–8th century BCE,Neo-Assyrian,,,Ivory,11.69 x 2.05 x 0.24 in. (29.69 x 5.21 x 0.61 cm),Assyrian,,Mesopotamia,,,,,,,,,Ancient Near Eastern Art,,,False,True,https://www.metmuseum.org/art/collection/search/324595,https://images.metmuseum.org/CRDImages/an/original/DP-28962-001.jpg,1,,,
322818,Sherd,Sherd,ca. 2nd century BCE–3rd century CE,Parthian,,,Ceramic,W. 1 7/8 × L. 2 3/4 × Th. 5/16 in. (4.7 × 7 × 0.8 cm),Parthian,,Mesopotamia,,,,,,,,,Ancient Near Eastern Art,,,False,True,https://www.metmuseum.org/art/collection/search/322818,https://images.metmuseum.org/CRDImages/an/original/DP-30036-001.jpg,1,,,
322204,Stamp seal (octagonal pyramid) with cultic scene,Stamp seal,7th–6th century BCE,Neo-Assyrian / Neo-Babylonian,,,Neutral Chalcedony (Quartz),"Seal Face: 1.97 x 1.33 cm
Height: 2.59 cm
String Hole: 0.3 cm",Assyro-Babylonian,,Mesopotamia,,,,,,,,,Ancient Near Eastern Art,,,False,True,https://www.metmuseum.org/art/collection/search/322204,https://images.metmuseum.org/CRDImages/an/original/DP-36047-001.jpg,3,,,
325069,Tripod jar and lid,Jar and lid,ca. 2700–2400 BCE,Early Bronze Age II,,,Ceramic,H. 4-5/8 in. (11.8 cm) x Diam. 2-3/4 in. (6.9 cm),Yortan,,Northwestern Anatolia,,,,,,,,,Ancient Near Eastern Art,,,False,True,https://www.metmuseum.org/art/collection/search/325069,https://images.metmuseum.org/CRDImages/an/original/DP-31179-001.jpg,1,,,
325741,Plaque fragment,Relief,ca. 9th century BCE,"Iron Age II, Hasanlu Period IV",,,Ivory,1.06 x 0.51 x 0.31 in. (2.69 x 1.3 x 0.79 cm),Iran,,Iran,,,,,,,,,Ancient Near Eastern Art,,,False,True,https://www.metmuseum.org/art/collection/search/325741,https://images.metmuseum.org/CRDImages/an/original/DP115114.jpg,1,,,
326502,Bowl with punctate decoration,Bowl,ca. 3500–3300 BCE,Early Bronze Age IA,,,Ceramic,5.12 in. (13 cm),,,Levant,,,,,,,,,Ancient Near Eastern Art,,,False,True,https://www.metmuseum.org/art/collection/search/326502,https://images.metmuseum.org/CRDImages/an/original/ME1978_134_13.jpg,0,,,
326619,Harness or bridle ornament in the form of a boar,Harness or bridle ornament,ca. 5th century BCE,,,,"Gold, bone, silver",1 7/16 × 2 13/16 × 1 1/8 in. (3.7 × 7.15 × 2.9 cm),Scythian,,Eurasian steppes,,Boars,,,,,,,Ancient Near Eastern Art,,,False,True,https://www.metmuseum.org/art/collection/search/326619,https://images.metmuseum.org/CRDImages/an/original/DP-26520-001.jpg,1,,,
327541,Ceramic imitation of bronze roller with two kilted figures,Relief,ca. 2100–1750 BCE,Ur III–Isin-Larsa,,,Ceramic,H. 8.8 cm x W. 7.5 cm x D. 1.4 cm,,,Mesopotamia or Syria,,Men|Women,,,,,,,Ancient Near Eastern Art,,,False,True,https://www.metmuseum.org/art/collection/search/327541,https://images.metmuseum.org/CRDImages/an/original/DP-12250-013.jpg,1,,,
326785,Pin,Pin,ca. late 3rd–early 2nd millennium BCE,Bronze Age,,,Copper alloy,7.09 in. (18.01 cm),Bactria-Margiana Archaeological Complex,,Bactria-Margiana,,,,,,,,,Ancient Near Eastern Art,,,False,True,https://www.metmuseum.org/art/collection/search/326785,https://images.metmuseum.org/CRDImages/an/original/ME1983_535_32.jpg,0,,,
322790,Button,Button,ca. 3rd–7th century CE,Sasanian,,,Bone,Diam. 1.9 cm x D. 1.1 cm,Sasanian,,Mesopotamia,,,,,,,,,Ancient Near Eastern Art,,,False,True,https://www.metmuseum.org/art/collection/search/322790,https://images.metmuseum.org/CRDImages/an/original/DP122411.jpg,0,,,
322904,Ring,Ring,ca. 2600–2500 BCE,Early Dynastic IIIa,,,Silver,1 3/16 in. (3 cm),Sumerian,,Mesopotamia,,,,,,,,,Ancient Near Eastern Art,,,False,True,https://www.metmuseum.org/art/collection/search/322904,https://images.metmuseum.org/CRDImages/an/original/me33_35_42.jpg,0,,,
324712,Sherd,Sherd,ca. early to mid-3rd millennium BCE,Early Harappan,,,Ceramic,3.39 x 2.24 in. (8.61 x 5.69 cm),Indus,,Indus Region,,,,,,,,,Ancient Near Eastern Art,,,False,True,https://www.metmuseum.org/art/collection/search/324712,https://images.metmuseum.org/CRDImages/an/original/DP-28427-001.jpg,1,,,
326885,Stamp seal,Stamp seal,1st millennium BCE,,,,Gypsum alabaster,0.63 x 0.51 in. (1.6 x 1.3 cm),,,Central Asia,,,,,,,,,Ancient Near Eastern Art,,,False,True,https://www.metmuseum.org/art/collection/search/326885,https://images.metmuseum.org/CRDImages/an/original/SS1983_535_146.jpg,0,,,
323061,Earring,Earring,ca. 3rd–7th century CE,Sasanian,,,Gold,0.5 x 0.37 in. (1.27 x 0.94 cm),Sasanian,,Iran,,,,,,,,,Ancient Near Eastern Art,,,False,True,https://www.metmuseum.org/art/collection/search/323061,https://images.metmuseum.org/CRDImages/an/original/DP-32904-001.jpg,1,,,
322615,Relief panel,Relief,ca. 883–859 BCE,Neo-Assyrian,,,Gypsum alabaster,93 x 83 x 60 in. (236.2 x 210.8 x 152.4 cm),Assyrian,,Mesopotamia,,,,,,,,,Ancient Near Eastern Art,,,False,True,https://www.metmuseum.org/art/collection/search/322615,https://images.metmuseum.org/CRDImages/an/original/DP355697.jpg,0,https://www.wikidata.org/wiki/Q116282492,,
327086,Loop-handled rectangular stamping device,Stamp seal,5th–4th millennium BCE,Ubaid-Early Gawra,,,"Chlorite or steatite, black","Seal Face: 2.81 x 1.4 cm
Height: 1.31 cm
String Hole: 0.3 cm",,,Northern Syria or northern Mesopotamia,,,,,,,,,Ancient Near Eastern Art,,,False,True,https://www.metmuseum.org/art/collection/search/327086,https://images.metmuseum.org/CRDImages/an/original/ss1985_192_17.jpg,0,,,
325787,Ring,Ring,ca. 9th century BCE,"Iron Age II, Hasanlu Period IV",,,Bronze,Diam. 6.5 cm x H. 1.8 cm,Iran,,Iran,,,,,,,,,Ancient Near Eastern Art,,,False,True,https://www.metmuseum.org/art/collection/search/325787,https://images.metmuseum.org/CRDImages/an/original/DP-26649-001.jpg,2,,,
323769,Vessel,Vessel,ca. 2900–2700 BCE,Early Dynastic I,,,"Stone, red",1.5 in. (3.81 cm),Sumerian,,Mesopotamia,,,,,,,,,Ancient Near Eastern Art,,,False,True,https://www.metmuseum.org/art/collection/search/323769,https://images.metmuseum.org/CRDImages/an/original/ME41_160_204.jpg,0,,,
321441,Cylinder seal,Cylinder seal,ca. 15th–12th century BCE,Late Cypriot,,,Steatite,0.49 in. (1.24 cm),Cypriot?,,Cyprus,,,,,,,,,Ancient Near Eastern Art,,,False,True,https://www.metmuseum.org/art/collection/search/321441,https://images.metmuseum.org/CRDImages/an/original/DP-39871-001.jpg,3,,,
329073,Seated female,Sculpture,ca. late 3rd–early 2nd millennium BCE,Bronze Age,,,"Steatite or chlorite, alabaster",3 9/16 × 3 11/16 × 1 7/8 in. (9 × 9.4 × 4.8 cm),Bactria-Margiana Archaeological Complex,,Bactria-Margiana,,Women,,,,,,,Ancient Near Eastern Art,,,True,True,https://www.metmuseum.org/art/collection/search/329073,https://images.metmuseum.org/CRDImages/an/original/DT867.jpg,0,https://www.wikidata.org/wiki/Q29384555,,
325936,Jar,Jar,ca. 19th–16th century BCE,Middle Bronze Age,,,Ceramic,3.86 in. (9.8 cm),Iran,,Iran,,,,,,,,,Ancient Near Eastern Art,,,False,True,https://www.metmuseum.org/art/collection/search/325936,https://images.metmuseum.org/CRDImages/an/original/ME67_247_17.jpg,0,,,
323617,Sealing with one circular seal impression,Sealing,ca. 18th century BCE,Middle Bronze Age–Old Assyrian Trading Colony,,,Un-baked clay,"Diameter: Seal: 1.7 cm
Seal Face: Sealing: 2.65 x 2.72 cm
Height: 1.32 cm)",Old Assyrian Trading Colony,,Anatolia,,,,,,,,,Ancient Near Eastern Art,,,False,True,https://www.metmuseum.org/art/collection/search/323617,https://images.metmuseum.org/CRDImages/an/original/VS37_143_36.jpg,0,,,
327685,Cylinder seal and modern impression: winged horse with claws and horns,Cylinder seal,ca. 14th–13th century BCE,Middle Assyrian,,,Chalcedony,1 7/16 × 1/2 × 1/2 in. (3.6 × 1.3 × 1.3 cm),Assyrian,,Northern Mesopotamia,,Horses,,,,,,,Ancient Near Eastern Art,,,False,True,https://www.metmuseum.org/art/collection/search/327685,https://images.metmuseum.org/CRDImages/an/original/DT301170.jpg,0,,,
327714,Conical seal,Stamp seal,ca. 6th–5th century BCE,Achaemenid,,,Chalcedony,H.  3/4 in. (1.9 cm);  Diam.  9/16 in. (1.4 cm),Achaemenid,,Iran,,,,,,,,,Ancient Near Eastern Art,,,False,True,https://www.metmuseum.org/art/collection/search/327714,https://images.metmuseum.org/CRDImages/an/original/vsz1999_325_118.jpg,0,,,
322806,Bowl,Bowl,ca. 3rd–7th century CE,Sasanian,,,Glass,2.12 x 2.25 in. (5.38 x 5.72 cm),Sasanian,,Mesopotamia,,,,,,,,,Ancient Near Eastern Art,,,False,True,https://www.metmuseum.org/art/collection/search/322806,https://images.metmuseum.org/CRDImages/an/original/DP-40718-001.jpg,1,,,
321612,Reproduction of a Sarmatian bottle and lid,,"19th century, after 1st century original",,,,Electrotype,2 3/4 × 1 13/16 × 1 13/16 in. (7 × 4.6 × 4.6 cm),,,,,,,,,,,,Ancient Near Eastern Art,,,False,True,https://www.metmuseum.org/art/collection/search/321612,https://images.metmuseum.org/CRDImages/an/original/DP-21972-001.jpg,0,,,
326400,Compartmented stamp seal,Stamp seal,ca. late 3rd–early 2nd millennium BCE,Bronze Age,,,Copper alloy,0.71 in. (1.8 cm),Bactria-Margiana Archaeological Complex,,Bactria-Margiana,,,,,,,,,Ancient Near Eastern Art,,,False,True,https://www.metmuseum.org/art/collection/search/326400,https://images.metmuseum.org/CRDImages/an/original/ss1983_535_82.jpg,0,,,
327023,Stamp seal (tabloid with swivel wire handle) with deity (?),Stamp seal,ca. 8th–7th century BCE,Iron Age II,,,Copper/bronze,3/8 × 1/2 × 1/8 in. (1 × 1.3 × 0.4 cm),Urartian,,Urartu,,,,,,,,,Ancient Near Eastern Art,,,False,True,https://www.metmuseum.org/art/collection/search/327023,https://images.metmuseum.org/CRDImages/an/original/ss1984_383_62.jpg,0,,,
325700,Jar,Jar,ca. 5600–5400 BCE,Middle Chalcolithic,,,"Ceramic, paint",6 1/8 × 6 1/4 × 6 1/4 in. (15.5 × 15.9 × 15.9 cm),Hacilar,,Southwestern Anatolia,,,,,,,,,Ancient Near Eastern Art,,,False,True,https://www.metmuseum.org/art/collection/search/325700,https://images.metmuseum.org/CRDImages/an/original/DP368647.jpg,1,,,
326496,Bowl,Bowl,ca. 3500–3300 BCE,Early Bronze Age IA,,,Ceramic,1.5 in. (3.81 cm),,,Levant,,,,,,,,,Ancient Near Eastern Art,,,False,True,https://www.metmuseum.org/art/collection/search/326496,https://images.metmuseum.org/CRDImages/an/original/ME1978_134_7.jpg,0,,,
321823,Cuneiform tablet: receipt of straw,Cuneiform tablet,ca. 2040 BCE,Ur III,,,Clay,3.4 x 3.1 x 1.6 cm (1 3/8 x 1 1/4 x 5/8 in.),Neo-Sumerian,,Mesopotamia,,,,,,,,,Ancient Near Eastern Art,,,False,True,https://www.metmuseum.org/art/collection/search/321823,https://images.metmuseum.org/CRDImages/an/original/DP-32715-001.jpg,2,,,
327125,Footed bowl,Bowl,ca. late 8th millennium BCE,Neolithic,,,Granite,3.83 in. (9.73 cm),,,Syria,,,,,,,,,Ancient Near Eastern Art,,,False,True,https://www.metmuseum.org/art/collection/search/327125,https://images.metmuseum.org/CRDImages/an/original/vs1985_356_20.jpg,0,,,
322690,Relief fragment,Relief,ca. 7th–8th century CE,Sasanian–early Islamic,,,Stucco,5 5/16 × 4 5/8 × 4 5/16 in. (13.5 × 11.8 × 11 cm),Sasanian or Islamic,,Mesopotamia,,,,,,,,,Ancient Near Eastern Art,,,False,True,https://www.metmuseum.org/art/collection/search/322690,https://images.metmuseum.org/CRDImages/an/original/DP-25365-001.jpg,0,,,
323294,Sealing,Sealing,ca. 7th century CE,Sasanian,,,Un-baked clay,0.63 in. (1.6 cm),Sasanian,,Iran,,,,,,,,,Ancient Near Eastern Art,,,False,True,https://www.metmuseum.org/art/collection/search/323294,https://images.metmuseum.org/CRDImages/an/original/ME36_30_265.jpg,0,,,
328953,Sherds,Sherds,ca. 3rd–7th century CE,Sasanian,,,Ceramic,W. 3 3/8 × L. 3 5/8 × Th. 7/16 in. (8.5 × 9.2 × 1.1 cm),Sasanian,,Mesopotamia,,,,,,,,,Ancient Near Eastern Art,,,False,True,https://www.metmuseum.org/art/collection/search/328953,https://images.metmuseum.org/CRDImages/an/original/DP-32801-001.jpg,1,,,
321953,Cuneiform tablet: field sale,Cuneiform tablet,ca. 20th–16th century BCE,Old Babylonian,,,Clay,4.9 x 3.8 x 1.7 cm (1 7/8 x 1 1/2 x 5/8 in.),Babylonian,,Mesopotamia,,,,,,,,,Ancient Near Eastern Art,,,False,True,https://www.metmuseum.org/art/collection/search/321953,https://images.metmuseum.org/CRDImages/an/original/ME86_11_329.jpg,1,,,
324157,Eye idol,Sculpture,ca. 3700–3500 BCE,Middle Uruk,,,Gypsum alabaster,3 in. × 1 1/2 in. × 1/4 in. (7.6 × 3.8 × 0.7 cm),,,Syria,,Eyes,,,,,,,Ancient Near Eastern Art,,,False,True,https://www.metmuseum.org/art/collection/search/324157,https://images.metmuseum.org/CRDImages/an/original/DP-25667-001.jpg,1,,,
325343,Bracelet,Bracelet,ca. 8th–7th century BCE,Iron Age,,,Bronze,1.89 x 2.6 in. (4.8 x 6.6 cm),Iran,,Iran,,,,,,,,,Ancient Near Eastern Art,,,False,True,https://www.metmuseum.org/art/collection/search/325343,https://images.metmuseum.org/CRDImages/an/original/ME61_184.jpg,0,,,
327097,Double-sided stamp seal and modern impression: striding boar; vulture,Stamp seal,ca. late 3rd–early 2nd millennium BCE,Bronze Age,,,"Stone, dark gray",1.81 x 1.69 x 0.52 in. (4.6 x 4.29 x 1.32 cm),Bactria-Margiana Archaeological Complex,,Bactria-Margiana,,Birds|Boars,,,,,,,Ancient Near Eastern Art,,,False,True,https://www.metmuseum.org/art/collection/search/327097,https://images.metmuseum.org/CRDImages/an/original/ss1985_192_28.jpg,0,,,
322964,Shell beads,Beads,ca. 6th–8th century CE,Sasanian–early Islamic,,,Shell,0.75 in. (1.91 cm),Sasanian or Islamic,,Iran,,,,,,,,,Ancient Near Eastern Art,,,False,True,https://www.metmuseum.org/art/collection/search/322964,https://images.metmuseum.org/CRDImages/an/original/DP122417.jpg,0,,,
323628,Sherd,Sherd,ca. 4000–3500 BCE,Chalcolithic,,,"Ceramic, glaze",0.16 x 2.48 in. (0.41 x 6.3 cm),Iran,,Iran,,,,,,,,,Ancient Near Eastern Art,,,False,True,https://www.metmuseum.org/art/collection/search/323628,https://images.metmuseum.org/CRDImages/an/original/DP-28732-001.jpg,1,,,
328980,Dress ornament,Dress ornament,ca. 5th century BCE,,,,Gold,W. 5/8 in.,Scythian,,Northern Black Sea region,,,,,,,,,Ancient Near Eastern Art,,,False,True,https://www.metmuseum.org/art/collection/search/328980,https://images.metmuseum.org/CRDImages/an/original/DP-27061-001.jpg,1,,,
321875,"Cuneiform tablet: fragment, content uncertain",Cuneiform tablet,ca. 7th–4th century BCE,Neo-Babylonian or Achaemenid,,,Clay,1.1 x 2.8 x 1.7 cm (3/8 x 1 1/8 x 5/8 in.),Babylonian or Achaemenid,,Mesopotamia,,,,,,,,,Ancient Near Eastern Art,,,False,True,https://www.metmuseum.org/art/collection/search/321875,https://images.metmuseum.org/CRDImages/an/original/VS86.11.504X.JPG,0,,,
327048,Top fragment of a kudurru with a mushhushshu dragon and divine symbols,Kudurru,ca. 1156–1025 BCE,Second Dynasty of Isin,,,Limestone,6 1/2 × 3 15/16 × 7 1/4 in. (16.5 × 10 × 18.4 cm),,,Mesopotamia,,Dragons,,,,,,,Ancient Near Eastern Art,,,False,True,https://www.metmuseum.org/art/collection/search/327048,https://images.metmuseum.org/CRDImages/an/original/DP360675.jpg,1,https://www.wikidata.org/wiki/Q116242058,,
326593,Openwork rattle bell,Rattle bell,ca. 9th–8th century BCE,Iron Age II-III,,,Bronze,3.46 in. (8.79 cm),Iran,,Western Iran,,Animals,,,,,,,Ancient Near Eastern Art,,,False,True,https://www.metmuseum.org/art/collection/search/326593,https://images.metmuseum.org/CRDImages/an/original/ME1978_514_19.jpg,0,,,
324743,Plaque fragment,Relief,ca. 8th–7th century BCE,Neo-Assyrian,,,Ivory,0.67 x 0.24 in. (1.7 x 0.61 cm),Assyrian,,Mesopotamia,,,,,,,,,Ancient Near Eastern Art,,,False,True,https://www.metmuseum.org/art/collection/search/324743,https://images.metmuseum.org/CRDImages/an/original/DP110626.jpg,0,,,
324026,Lobed bowl with a royal inscription,Bowl,ca. 465–424 BCE,Achaemenid,,,Silver,"Height: 1 13/16"" (4.6 cm)
Diameter: 11 1/2"" (29.2 cm)",Achaemenid,,Iran,,,,,,,,,Ancient Near Eastern Art,,,False,True,https://www.metmuseum.org/art/collection/search/324026,https://images.metmuseum.org/CRDImages/an/original/DT345459.jpg,1,,,
323748,Stamp seal (scarab) with anthropomorphic figure,Stamp seal,late 8th–early 7th century BCE or later,Iron Age II or later,,,Mottled green glass,"Seal Face; 1.53 x 1.15 cm
Height: 0.81 cm",Phoenician,,Levant or Syria,,Men|Scarabs,,,,,,,Ancient Near Eastern Art,,,False,True,https://www.metmuseum.org/art/collection/search/323748,https://images.metmuseum.org/CRDImages/an/original/ss41_160_166.jpg,0,,,
327796,Cylinder seal,Cylinder seal,ca. early 2nd millennium BCE,Old Anatolian (?),,,Hematite,H.  13/16 in. (2.1 cm);  Diam. 1/2 in. (1.2 cm),,,Anatolia,,,,,,,,,Ancient Near Eastern Art,,,False,True,https://www.metmuseum.org/art/collection/search/327796,https://images.metmuseum.org/CRDImages/an/original/DP-38260-001.jpg,3,,,
321881,Seal amulet in the form of a recumbent bovid,Stamp seal amulet,ca. 3500–2900 BCE,Late Uruk–Jemdet Nasr,,,"Onyx marble, green-gray","Seal Face: 2.03 x 3.2 cm.  Bovid: 2.2 x 3.3 cm
Height: 1.6 cm
String Hole: 0.2-0.3 cm",,,Iran or Mesopotamia,,Animals,,,,,,,Ancient Near Eastern Art,,,False,True,https://www.metmuseum.org/art/collection/search/321881,https://images.metmuseum.org/CRDImages/an/original/DP-27537-001.jpg,1,,,
321443,Cylinder seal,Cylinder seal,ca. 12th–11th century BCE,Late Cypriot,,,Steatite,0.77 in. (1.96 cm),Cypriot,,Cyprus,,,,,,,,,Ancient Near Eastern Art,,,False,True,https://www.metmuseum.org/art/collection/search/321443,https://images.metmuseum.org/CRDImages/an/original/DP-39873-001.jpg,3,,,
321453,Rectangular plaque seal with stepped pyramidal back,Stamp seal,ca. 2250–2000 BCE,late Akkadian or Ur III,,,"Steatite, green black","Seal Face: 2.14 x 2.57 cm
Height: 1.36 cm
String Hole: 0.4 cm",Akkadian or Neo-Sumerian,,Mesopotamia,,Women|Scorpions,,,,,,,Ancient Near Eastern Art,,,False,True,https://www.metmuseum.org/art/collection/search/321453,https://images.metmuseum.org/CRDImages/an/original/ss74_51_4365.jpg,0,,,
326176,Pyxis fragment,Pyxis,ca. 9th century BCE,"Iron Age II, Hasanlu Period IV",,,Ivory,1.06 x 0.79 x 0.12 in. (2.69 x 2.01 x 0.3 cm),Iran,,Iran,,,,,,,,,Ancient Near Eastern Art,,,False,True,https://www.metmuseum.org/art/collection/search/326176,https://images.metmuseum.org/CRDImages/an/original/DP-38965-001.jpg,1,,,
325647,Chisel,Chisel,3rd millennium BCE,Early Bronze Age,,,"Stone, dark green",0.63 x 1.61 in. (1.6 x 4.09 cm),,,Anatolia,,,,,,,,,Ancient Near Eastern Art,,,False,True,https://www.metmuseum.org/art/collection/search/325647,https://images.metmuseum.org/CRDImages/an/original/ME63_147_10.jpg,0,,,
327631,Cylinder seal,Cylinder seal,ca. early 2nd millennium BCE,Old Babylonian,,,Hematite,H.  1 in. (2.6 cm);  Diam.  9/16 in. (1.4 cm),Babylonian,,Mesopotamia,,,,,,,,,Ancient Near Eastern Art,,,False,True,https://www.metmuseum.org/art/collection/search/327631,https://images.metmuseum.org/CRDImages/an/original/DP-37244-001.jpg,3,,,
323629,Sherd,Sherd,ca. 3100–2500 BCE,Early Bronze Age,,,Ceramic,2.68 x 0.2 in. (6.81 x 0.51 cm),Iran,,Iran,,,,,,,,,Ancient Near Eastern Art,,,False,True,https://www.metmuseum.org/art/collection/search/323629,https://images.metmuseum.org/CRDImages/an/original/DP-28733-001.jpg,1,,,
324205,Lid fragment,Lid,ca. 9th–8th century BCE,Neo-Assyrian,,,Ivory,0.87 x 2.64 in. (2.21 x 6.71 cm),Assyrian,,Mesopotamia,,Flowers,,,,,,,Ancient Near Eastern Art,,,False,True,https://www.metmuseum.org/art/collection/search/324205,https://images.metmuseum.org/CRDImages/an/original/DP110567.jpg,1,,,
321582,Seal with head of an antelope,Stamp seal,ca. 3rd–7th century CE,Sasanian,,,Hematite,0.31 x 0.12 x 0.39 in. (0.79 x 0.3 x 0.99 cm),Sasanian,,Iran,,Animals,,,,,,,Ancient Near Eastern Art,,,False,True,https://www.metmuseum.org/art/collection/search/321582,https://images.metmuseum.org/CRDImages/an/original/ss81_6_286.jpg,0,,,
321978,Cuneiform tablet: almanac for A.D. 31/32,Cuneiform tablet,ca. 31–2 CE,Parthian,,,Clay,3 1/8 x 2 7/8 x 7/8 in. (8 x 7.2 x 2.2 cm),Parthian,,Mesopotamia,,,,,,,,,Ancient Near Eastern Art,,,False,True,https://www.metmuseum.org/art/collection/search/321978,https://images.metmuseum.org/CRDImages/an/original/DP-15732-005.jpg,3,,,
327706,Cylinder seal,Cylinder seal,ca. 6th–5th century BCE,Achaemenid,,,"Jasper, ribbon",H.  1 in. (2.5 cm);  D.  1/2 in. (1.2 cm),Achaemenid,,Iran,,,,,,,,,Ancient Near Eastern Art,,,False,True,https://www.metmuseum.org/art/collection/search/327706,https://images.metmuseum.org/CRDImages/an/original/DP-37868-001.jpg,6,,,
325965,Coil,Coil,ca. 7th–6th century BCE,Iron Age III,,,Silver,"Diam. 1.6 cm (5/8 in.) 
Weight: 1.3 gr.",Iran,,Iran,,,,,,,,,Ancient Near Eastern Art,,,False,True,https://www.metmuseum.org/art/collection/search/325965,https://images.metmuseum.org/CRDImages/an/original/hb69_24_8.jpg,0,https://www.wikidata.org/wiki/Q116282395,,
322340,Stamp seal,Stamp seal,ca. 3rd–7th century CE,Sasanian,,,Rock crystal,0.39 x 0.43 x 0.24 in. (0.99 x 1.09 x 0.61 cm),Sasanian,,Iran or Mesopotamia,,Animals,,,,,,,Ancient Near Eastern Art,,,False,True,https://www.metmuseum.org/art/collection/search/322340,https://images.metmuseum.org/CRDImages/an/original/ss99_22_71gp.jpg,0,,,
325694,Animal-headed rhyton,Rhyton,1st millennium BCE,Iron Age,,,Ceramic,7.17 in. (18.21 cm),Iran,,,,Animals,,,,,,,Ancient Near Eastern Art,,,False,True,https://www.metmuseum.org/art/collection/search/325694,https://images.metmuseum.org/CRDImages/an/original/ME64_257_2.jpg,0,,,
324865,Lentoid seal,Stamp seal,ca. 4500–3600 BCE,Ubaid-Early Gawra,,,"Stone, pink-red","Seal face: 2.37 x 2.15 cm
Height: 0.59 cm
String Hole: 0.3 cm",,,Mesopotamia,,,,,,,,,Ancient Near Eastern Art,,,False,True,https://www.metmuseum.org/art/collection/search/324865,https://images.metmuseum.org/CRDImages/an/original/DP-15116-002.jpg,0,,,
327333,Head of a pin: horned demon holding inverted lions,Pin head,ca. 8th–7th century BCE,Iron Age III,,,Bronze,3.82 x 3.35 in. (9.7 x 8.51 cm),Iran,,"Iran, probably from Luristan",,Lions|Demons,,,,,,,Ancient Near Eastern Art,,,False,True,https://www.metmuseum.org/art/collection/search/327333,https://images.metmuseum.org/CRDImages/an/original/DP-38739-001.jpg,1,,,
327467,Compartmented stamp seal,Stamp seal,ca. late 3rd–early 2nd millennium BCE,Bronze Age,,,Copper alloy,2.76 in. (7.01 cm),Bactria-Margiana Archaeological Complex,,Bactria-Margiana,,,,,,,,,Ancient Near Eastern Art,,,False,True,https://www.metmuseum.org/art/collection/search/327467,https://images.metmuseum.org/CRDImages/an/original/sd1992_149_3.jpg,0,,,
326668,Compartmented stamp seal,Stamp seal,ca. late 3rd–early 2nd millennium BCE,Bronze Age,,,Copper alloy,1 9/16 in. (4 cm),Bactria-Margiana Archaeological Complex,,Bactria-Margiana,,,,,,,,,Ancient Near Eastern Art,,,False,True,https://www.metmuseum.org/art/collection/search/326668,https://images.metmuseum.org/CRDImages/an/original/ss1981_448_11.jpg,0,,,
325116,Ornament,Ornament,1st millennium CE (?),,,,Bronze,1.65 x 1.34 in. (4.19 x 3.4 cm),,,Anatolia (?),,,,,,,,,Ancient Near Eastern Art,,,False,True,https://www.metmuseum.org/art/collection/search/325116,https://images.metmuseum.org/CRDImages/an/original/DP-38056-001.jpg,1,,,
323211,Sherd,Sherd,ca. 3rd–7th century CE,Sasanian,,,Ceramic,3 1/4 in. × 3 3/16 in. × 1 in. (8.25 × 8.1 × 2.5 cm),Sasanian,,Iran,,,,,,,,,Ancient Near Eastern Art,,,False,True,https://www.metmuseum.org/art/collection/search/323211,https://images.metmuseum.org/CRDImages/an/original/DP-28263-001.jpg,1,https://www.wikidata.org/wiki/Q116282353,,
329610,Fragment of textile with horses,Textile,ca. 5th–7th century CE,Sasanian,,,Silk textile,42 × 7 1/2 in. (106.7 × 19.1 cm),Sasanian,,Central Asia,,Horses,,,,,,,Ancient Near Eastern Art,,,False,True,https://www.metmuseum.org/art/collection/search/329610,https://images.metmuseum.org/CRDImages/an/original/DP116263.jpg,2,,,
322322,Stamp seal,Stamp seal,ca. 3rd–7th century CE,Sasanian,,,"Chalcedony, milky",0.47 x 0.83 x 0.71 in. (1.19 x 2.11 x 1.8 cm),Sasanian,,Iran or Mesopotamia,,,,,,,,,Ancient Near Eastern Art,,,False,True,https://www.metmuseum.org/art/collection/search/322322,https://images.metmuseum.org/CRDImages/an/original/ss99_22_53.jpg,0,,,
323109,Arrowhead,Arrowhead,ca. 3rd–7th century CE,Sasanian,,,Bronze,0.87 x 1.37 in. (2.21 x 3.48 cm),Sasanian,,Iran,,,,,,,,,Ancient Near Eastern Art,,,False,True,https://www.metmuseum.org/art/collection/search/323109,https://images.metmuseum.org/CRDImages/an/original/DP-37580-001.jpg,0,,,
327381,Cylinder seal and modern impression: smiting weather god before king and goddess,Cylinder seal,ca. 1720–1650 BCE,Old Syrian,,,Hematite,0.39 x 0.5 in. (0.99 x 1.27 cm),,,Syria,,Birds|Kings|Goddess,,,,,,,Ancient Near Eastern Art,,,False,True,https://www.metmuseum.org/art/collection/search/327381,https://images.metmuseum.org/CRDImages/an/original/ss1988_380_3.jpg,0,,,
324694,Furniture plaque carved in relief with a “woman at the window”,Relief,ca. 9th–8th century BCE,Neo-Assyrian,,,Ivory,3 3/16 × 4 13/16 × 7/16 in. (8.15 × 12.3 × 1.1 cm),Assyrian,,Syria,,Windows|Women,,,,,,,Ancient Near Eastern Art,,,False,True,https://www.metmuseum.org/art/collection/search/324694,https://images.metmuseum.org/CRDImages/an/original/DP-38933-001.jpg,1,,,
325959,Spiral bead,Bead,ca. late 3rd–early 2nd millennium BCE,Early Bronze Age,,,Silver,3/4 × 13/16 × 1/8 in. (1.9 × 2.1 × 0.3 cm),Iran,,Iran,,,,,,,,,Ancient Near Eastern Art,,,False,True,https://www.metmuseum.org/art/collection/search/325959,https://images.metmuseum.org/CRDImages/an/original/DP-32925-001.jpg,1,https://www.wikidata.org/wiki/Q116282403,,
327723,Stamp seal,Stamp seal,ca. 3rd–7th century CE,Sasanian,,,Hematite,H.  1/2 in. (1.2 cm);  Diam.  13/16 in. (2 cm),Sasanian,,Iran,,Animals,,,,,,,Ancient Near Eastern Art,,,False,True,https://www.metmuseum.org/art/collection/search/327723,https://images.metmuseum.org/CRDImages/an/original/vsz1999_325_127.jpg,0,,,
324029,Beaker with birds and animals,Beaker,ca. 4th century BCE,,,,Silver,7 3/8 in. × 6 in. × 6 in. (18.8 × 15.2 × 15.2 cm),,,Thrace,,Birds|Deer,,,,,,,Ancient Near Eastern Art,,,True,True,https://www.metmuseum.org/art/collection/search/324029,https://images.metmuseum.org/CRDImages/an/original/DT902.jpg,1,https://www.wikidata.org/wiki/Q29384445,,
325458,Inlay: leg and foot,Inlay,ca. 2600–2350 BCE,Early Dynastic IIIa,,,Shell,1.61 in. (4.09 cm),Sumerian,,Mesopotamia,,Feet,,,,,,,Ancient Near Eastern Art,,,False,True,https://www.metmuseum.org/art/collection/search/325458,https://images.metmuseum.org/CRDImages/an/original/DP122559.jpg,0,,,
324876,Sealing with cylinder seal impressions,Sealing,ca. 2700–2600 BCE,Early Dynastic II,,,Clay,1.54 x 1.34 x 0.55 in. (3.91 x 3.4 x 1.4 cm),Sumerian,,Mesopotamia,,,,,,,,,Ancient Near Eastern Art,,,False,True,https://www.metmuseum.org/art/collection/search/324876,https://images.metmuseum.org/CRDImages/an/original/DP-15116-007.jpg,1,,,
324401,Goblet,Goblet,ca. 8th–7th century BCE,Neo-Assyrian,,,Ceramic,3.75 in. (9.53 cm),Assyrian,,Mesopotamia,,,,,,,,,Ancient Near Eastern Art,,,False,True,https://www.metmuseum.org/art/collection/search/324401,https://images.metmuseum.org/CRDImages/an/original/ME54_117_43.jpg,0,,,
325964,Coil,Coil,ca. 7th–6th century BCE,Iron Age III,,,Silver,"Diam. 2.4 cm (15/16 in.)
Weight: 10 g",Iran,,Iran,,,,,,,,,Ancient Near Eastern Art,,,False,True,https://www.metmuseum.org/art/collection/search/325964,https://images.metmuseum.org/CRDImages/an/original/hb69_24_7.jpg,0,https://www.wikidata.org/wiki/Q116282397,,
325986,Textile fragment,Textile,ca. 6th century CE,Sasanian,,,Wool,14 x 11 in. (35.6 x 27.9 cm),Sasanian,,Iran,,,,,,,,,Ancient Near Eastern Art,,,False,True,https://www.metmuseum.org/art/collection/search/325986,"https://images.metmuseum.org/CRDImages/an/original/ss69_24_29a,b.jpg",0,,,
322273,Discoid seal engraved on both faces,Stamp seal,ca. 1400–1200 BCE,Hittite Empire,,,Red steatite,"Diameter: 2.17 cm
Height: .68 cm
String Hole: 0.4 cm",Hittite,,Syria or Anatolia,,,,,,,,,Ancient Near Eastern Art,,,False,True,https://www.metmuseum.org/art/collection/search/322273,https://images.metmuseum.org/CRDImages/an/original/DP-31592-001.jpg,4,,,
324007,Orthostat relief: seated figure holding a lotus flower,Relief,ca. 10th−9th century BCE,Neo-Hittite,,,Basalt,"26 3/4 × 42 1/8 × 20 1/16 in., 1708 lb. (68 × 107 × 51 cm)",Hittite,,Syria,,Men,,,,,,,Ancient Near Eastern Art,,,False,True,https://www.metmuseum.org/art/collection/search/324007,https://images.metmuseum.org/CRDImages/an/original/DP-16498-001.jpg,1,https://www.wikidata.org/wiki/Q116407892,,
322789,Mosaic fragment,Mosaic,ca. 3rd–7th century CE,Sasanian,,,"Glass, stucco, gilding (?)",1.37 x 2 in. (3.48 x 5.08 cm),Sasanian,,Mesopotamia,,,,,,,,,Ancient Near Eastern Art,,,False,True,https://www.metmuseum.org/art/collection/search/322789,https://images.metmuseum.org/CRDImages/an/original/DP-41758-001.jpg,1,,,
322013,"Cuneiform tablet: account concerning payments for offering, Ebabbar archive",Cuneiform tablet,ca. 569 BCE,Neo-Babylonian,,,Clay,1.62 x 1.25 x .63 in. (4.11 x 3.18 x 1.6 cm),Babylonian,,Mesopotamia,,,,,,,,,Ancient Near Eastern Art,,,False,True,https://www.metmuseum.org/art/collection/search/322013,https://images.metmuseum.org/CRDImages/an/original/ME86_11_395.jpg,1,,,
323443,Sealing,Sealing,ca. 7th century CE,Sasanian,,,Un-baked clay,0.79 in. (2.01 cm),Sasanian,,Iran,,,,,,,,,Ancient Near Eastern Art,,,False,True,https://www.metmuseum.org/art/collection/search/323443,https://images.metmuseum.org/CRDImages/an/original/ME36_30_222.jpg,0,,,
324847,Inlay,Inlay,n.d.a.,,,,Lapis lazuli,0.53 x 1.14 x 1.24 in. (1.35 x 2.9 x 3.15 cm),,,Mesopotamia,,,,,,,,,Ancient Near Eastern Art,,,False,True,https://www.metmuseum.org/art/collection/search/324847,https://images.metmuseum.org/CRDImages/an/original/DP-15621-010.jpg,1,,,
326722,Cylinder seal,Cylinder seal,ca. 3100–2900 BCE,Jemdet Nasr,,,"Steatite or serpentine, black",0.48 in. (1.22 cm),,,Mesopotamia,,Animals,,,,,,,Ancient Near Eastern Art,,,False,True,https://www.metmuseum.org/art/collection/search/326722,https://images.metmuseum.org/CRDImages/an/original/SS1983_314_2.jpg,0,,,
328839,Textile fragment,Textile,ca. 6th–7th century CE,Sasanian,,,"Linen, plain weave, embroidered with wool and cotton",7.5 x 7 in. (19.1 x 17.8 cm),Sasanian,,Iran,,,,,,,,,Ancient Near Eastern Art,,,False,True,https://www.metmuseum.org/art/collection/search/328839,https://images.metmuseum.org/CRDImages/an/original/sd2000_624_11.jpg,0,,,
324270,Arrowhead,Arrowhead,ca. 7500–4500 BCE (?),Neolithic or Chalcolithic,,,Flint,1.62 x 0.62 in. (4.11 x 1.57 cm),,,Southern Levant,,,,,,,,,Ancient Near Eastern Art,,,False,True,https://www.metmuseum.org/art/collection/search/324270,https://images.metmuseum.org/CRDImages/an/original/me 53_151_2to17group.jpg,0,,,
326837,Stamp seal,Stamp seal,ca. late 3rd–early 2nd millennium BCE,Bronze Age,,,Copper alloy,0.51 in. (1.3 cm),Bactria-Margiana Archaeological Complex,,Bactria-Margiana,,,,,,,,,Ancient Near Eastern Art,,,False,True,https://www.metmuseum.org/art/collection/search/326837,https://images.metmuseum.org/CRDImages/an/original/ss1983_535_98.jpg,0,,,
326750,Stamp seal,Stamp seal,ca. 3rd–7th century CE,Sasanian,,,Chalcedony,1.22 x 0.76 x 0.98 in. (3.1 x 1.93 x 2.49 cm),Sasanian,,Iran,,Men,,,,,,,Ancient Near Eastern Art,,,False,True,https://www.metmuseum.org/art/collection/search/326750,https://images.metmuseum.org/CRDImages/an/original/ss1983_314_30.jpg,0,,,
322959,Stamp seal,Stamp seal,ca. 3rd–7th century CE,Sasanian,,,"Chalcedony, agate",0.87 x 1.25 in. (2.21 x 3.18 cm),Sasanian,,Iran,,,,,,,,,Ancient Near Eastern Art,,,False,True,https://www.metmuseum.org/art/collection/search/322959,https://images.metmuseum.org/CRDImages/an/original/ss33_175_99.jpg,0,,,
322680,Relief fragment,Relief,ca. 6th–8th century CE,Sasanian–early Islamic,,,Stucco,4 1/2 × 6 5/16 × 1 9/16 in. (11.5 × 16 × 4 cm),Sasanian or Islamic,,Mesopotamia,,,,,,,,,Ancient Near Eastern Art,,,False,True,https://www.metmuseum.org/art/collection/search/322680,https://images.metmuseum.org/CRDImages/an/original/DP-25360-001.jpg,0,,,
321615,Figurine of a feline,Sculpture,ca. 2nd century BCE–3rd century CE,Parthian,,,Bronze,1.75 x 1.35 x 3.6 in. (4.45 x 3.43 x 9.14 cm),Parthian,,Mesopotamia,,Dogs,,,,,,,Ancient Near Eastern Art,,,False,True,https://www.metmuseum.org/art/collection/search/321615,https://images.metmuseum.org/CRDImages/an/original/ME86_10.jpg,0,,,
326080,Ornament,Ornament,ca. late 3rd millennium BCE,Early Bronze Age,,,Faience,0.59 x 0.55 x 0.51 in. (1.5 x 1.4 x 1.3 cm),,,Mesopotamia,,,,,,,,,Ancient Near Eastern Art,,,False,True,https://www.metmuseum.org/art/collection/search/326080,https://images.metmuseum.org/CRDImages/an/original/ss1972_222_23.jpg,1,,,
324618,Brick with guilloche design,Brick,ca. 9th century BCE,Neo-Assyrian,,,"Ceramic, glaze",4 in. × 14 in. × 6 1/2 in. (10.2 × 35.6 × 16.5 cm),Assyrian,,Mesopotamia,,,,,,,,,Ancient Near Eastern Art,,,False,True,https://www.metmuseum.org/art/collection/search/324618,https://images.metmuseum.org/CRDImages/an/original/DP-12440-002.jpg,1,,,
322990,Jug,Jug,ca. 6th–8th century CE,Sasanian–early Islamic,,,Ceramic,6.5 in. (16.51 cm),Sasanian or Islamic,,Iran,,,,,,,,,Ancient Near Eastern Art,,,False,True,https://www.metmuseum.org/art/collection/search/322990,https://images.metmuseum.org/CRDImages/an/original/me34_107_17.jpg,0,,,
322644,Glazed brick,Brick,ca. 1st–2nd century A.D,Parthian,,,"Ceramic, glaze",5 1/2 × 12 1/2 × 3 1/16 in. (14 × 31.8 × 7.8 cm),Parthian,,Mesopotamia,,,,,,,,,Ancient Near Eastern Art,,,False,True,https://www.metmuseum.org/art/collection/search/322644,https://images.metmuseum.org/CRDImages/an/original/DP-15732-015.jpg,1,,,
324824,Ornament,Ornament,ca. 8th–7th century BCE,Iron Age III,,,Bone,1/2 × 5 13/16 × 3/16 in. (1.25 × 14.8 × 0.45 cm),Iran,,Iran,,,,,,,,,Ancient Near Eastern Art,,,False,True,https://www.metmuseum.org/art/collection/search/324824,https://images.metmuseum.org/CRDImages/an/original/DP122501.jpg,1,,,
324054,Bowl,Bowl,ca. 2217–2193 BCE,Akkadian,,,Copper,"2.09 in. (5.31 cm) 
2 1/8in. H
3 7/8in. Dia",Akkadian,,Mesopotamia or southwestern Iran,,,,,,,,,Ancient Near Eastern Art,,,False,True,https://www.metmuseum.org/art/collection/search/324054,https://images.metmuseum.org/CRDImages/an/original/DP-26824-001.jpg,0,https://www.wikidata.org/wiki/Q116282389,,
323786,Beaker with geometric decoration,Beaker,ca. 4000–3600 BCE,Chalcolithic,,,"Ceramic, paint",Height: 4.31 (10.95 cm); Diameter of rim: 4.00 in (10.16 cm),Iran,,Iran,,,,,,,,,Ancient Near Eastern Art,,,False,True,https://www.metmuseum.org/art/collection/search/323786,https://images.metmuseum.org/CRDImages/an/original/DP-26821-001.jpg,1,https://www.wikidata.org/wiki/Q116407884,,
324904,Bowl,Bowl,ca. 150 BCE,Parthian,,,Ceramic,3.07 in. (7.8 cm),Parthian,,Mesopotamia,,,,,,,,,Ancient Near Eastern Art,,,False,True,https://www.metmuseum.org/art/collection/search/324904,https://images.metmuseum.org/CRDImages/an/original/DP-15115-029.jpg,1,,,
