ObjectID,Title,Object Name,Date,Period,Dynasty,Reign,Medium,Dimensions,Culture,Country,Region,City,Subjects,Artist Name,Artist Role(s),Artist Nationality,Artist Date of Birth,Artist Date of Death,Artist Gender,department,classification,artistDisplayBio,isHighlight,isPublicDomain,objectURL,primaryImage,additionalImages_count,objectWikidata_URL,artistWikidata_URL,artistULAN_URL
3267,Dish,Dish,1835–40,,,,Pressed glass,Dimensions unavailable,American,United States,New England,,,,,,,,,The American Wing,,,False,True,https://www.metmuseum.org/art/collection/search/3267,https://images.metmuseum.org/CRDImages/ad/original/DP207354.jpg,0,https://www.wikidata.org/wiki/Q116370585,,
17515,Mrs. James Bleecker (Elizabeth Garland Bache),"Painting, miniature",ca. 1788,,,,Watercolor on ivory,1 7/8 x 1 5/8 in. (4.8 x 4.1 cm),American,,,,Portraits|Women,John Ramage,Artist,American,1748,1802,,The American Wing,,Ireland ca. 1748–1802 Montreal,False,True,https://www.metmuseum.org/art/collection/search/17515,https://images.metmuseum.org/CRDImages/ad/original/DP217065.jpg,1,https://www.wikidata.org/wiki/Q20176921,https://www.wikidata.org/wiki/Q6254141,http://vocab.getty.edu/page/ulan/500116378
15372,Seascape (from Sketchbook VII),Drawing,1886,,,,"Black ink, graphite, on off-white wove paper",5 x 7 1/2 in. (12.7 x 19.1 cm),American,,,,Seascapes,William Trost Richards,Artist,American,1833,1905,,The American Wing,,"American, Philadelphia, Pennsylvania 1833–1905 Newport, Rhode Island",False,True,https://www.metmuseum.org/art/collection/search/15372,https://images.metmuseum.org/CRDImages/ad/original/257784.jpg,0,,https://www.wikidata.org/wiki/Q1985982,http://vocab.getty.edu/page/ulan/500014455
3860,Funeral spoon,Funeral spoon,ca. 1688,,,,Silver,L. 7 5/8 in. (19.4 cm); WT: 1oz. 12 dwt. (50.3 g),American,United States,Mid-Atlantic,Albany,,,,,,,,The American Wing,,,False,True,https://www.metmuseum.org/art/collection/search/3860,https://images.metmuseum.org/CRDImages/ad/original/DP250625.jpg,2,https://www.wikidata.org/wiki/Q116370136,,
7370,Saucepan,Saucepan,1800–1830,,,,Silver,"Overall: 3 3/8 x 7 5/16 in. (8.6 x 18.6 cm); 5 oz. 10 dwt. (170.7 g)
Lip: Diam. 4 1/8 in. (10.5 cm)
Base: Diam. 2 3/4 in. (7 cm)
Body: H. 2 3/8 in. (6 cm)",American,United States,Mid-Atlantic,Philadelphia,,John McMullin,Maker,American,1765,1843,,The American Wing,,1765–1843,False,True,https://www.metmuseum.org/art/collection/search/7370,https://images.metmuseum.org/CRDImages/ad/original/57650.jpg,0,https://www.wikidata.org/wiki/Q116342600,https://www.wikidata.org/wiki/Q67998349,(not assigned)
7135,Sauce Dish,Sauce dish,1885–87,,,,Porcelain,H. 1 1/16 in. (2.7 cm); Diam. 5 in. (12.7 cm),American,United States,Mid-Atlantic,Brooklyn,,Union Porcelain Works,Maker,American,1863,1922,,The American Wing,,1863–1922,False,True,https://www.metmuseum.org/art/collection/search/7135,https://images.metmuseum.org/CRDImages/ad/original/DP258764.jpg,0,https://www.wikidata.org/wiki/Q116349113,https://www.wikidata.org/wiki/Q18356506,http://vocab.getty.edu/page/ulan/500333024
13634,"Coverlet, Saint Ann's Robe or Governor's Garden pattern",Coverlet,ca. 1825,,,,"Wool and cotton, woven",92 1/2 x 91 in. (235 x 231.1 cm),American,,,,,,,,,,,The American Wing,,,False,True,https://www.metmuseum.org/art/collection/search/13634,https://images.metmuseum.org/CRDImages/ad/original/17749_10.125.409.jpg,1,,,
7926,Strainer,Strainer,ca. 1730–75,,,,Silver,"Overall: 1 1/2 x 8 3/16 in. (3.8 x 20.8 cm); 4 oz. 16 dwt. (149.2 g)
Bowl: Diam. 4 in. (10.2 cm)",American,,,,,,,,,,,The American Wing,,,False,True,https://www.metmuseum.org/art/collection/search/7926,https://images.metmuseum.org/CRDImages/ad/original/DP110430.jpg,1,https://www.wikidata.org/wiki/Q116344928,,
7439,Shoe Buckle,Shoe buckle,1770–1800,,,,Steel and silver plate on copper or brass,3 1/4 x 2 3/4 in. (8.3 x 7 cm),,,,,,,,,,,,The American Wing,,,False,True,https://www.metmuseum.org/art/collection/search/7439,https://images.metmuseum.org/CRDImages/ad/original/57683.jpg,0,,,
1243,Candlestick,Candlestick,1840–60,,,,Yellow glass,H. 10 3/8 in. (26.4 cm),American,United States,New England,,Dolphins,,,,,,,The American Wing,,,False,True,https://www.metmuseum.org/art/collection/search/1243,https://images.metmuseum.org/CRDImages/ad/original/ADA155.jpg,0,https://www.wikidata.org/wiki/Q116372448,,
1043,Windowpane,Windowpane,18th century,,,,Free-blown glass,8 7/8 x 3 7/8 in. (22.5 x 9.8 cm),American,United States,,,,,,,,,,The American Wing,,,False,True,https://www.metmuseum.org/art/collection/search/1043,https://images.metmuseum.org/CRDImages/ad/original/7613.jpg,0,https://www.wikidata.org/wiki/Q116372610,,
11058,Portrait of the Artist,Painting,1851,,,,Oil on canvas,24 1/2 x 20 1/2 in. (62.2 x 52.1 cm),American,,,,Men|Portraits,George P. A. Healy,Artist,American,1813,1894,,The American Wing,,1813–1894,False,True,https://www.metmuseum.org/art/collection/search/11058,https://images.metmuseum.org/CRDImages/ad/original/ap91.27.2.jpg,0,https://www.wikidata.org/wiki/Q19924012,https://www.wikidata.org/wiki/Q64633,http://vocab.getty.edu/page/ulan/500022150
1811,Side Chair,Side Chair,1770–90,,,,"Mahogany, red oak, sweet gum",38 1/2 x 22 1/4 x 22 in. (97.8 x 56.5 x 55.9 cm),American,United States,Mid-Atlantic,,,,,,,,,The American Wing,,,False,True,https://www.metmuseum.org/art/collection/search/1811,https://images.metmuseum.org/CRDImages/ad/original/ADA4642.jpg,1,,,
3288,Dish,Dish,ca. 1762–73,,,,Pewter,H. 3/4 in. (1.9 cm); Diam. 12 in. (30.5 cm),American,United States,New England,Norwich,,"Thomas Danforth, I",Maker,,1703,1786,,The American Wing,,1703–1786,False,True,https://www.metmuseum.org/art/collection/search/3288,https://images.metmuseum.org/CRDImages/ad/original/137160.jpg,2,https://www.wikidata.org/wiki/Q116370576,,
3402,Drapery Tieback,Drapery tieback,ca. 1850,,,,Bronze,Diam. 4 in. (10.2 cm),American,United States,Mid-Atlantic,,,,,,,,,The American Wing,,,False,True,https://www.metmuseum.org/art/collection/search/3402,https://images.metmuseum.org/CRDImages/ad/original/240610.jpg,0,https://www.wikidata.org/wiki/Q116370469,,
1688,Side Chair,Side Chair,1795–1803,,,,"Mahogany, tulip poplar",Dimensions unavailable,American,United States,New England,Boston,,John Seymour,Maker,American,1791,1816,,The American Wing,,active ca. 1794–1816,False,True,https://www.metmuseum.org/art/collection/search/1688,https://images.metmuseum.org/CRDImages/ad/original/212832.jpg,0,https://www.wikidata.org/wiki/Q116372019,,
6678,Porringer,Porringer,1715–30,,,,Silver,"Overall: 1 13/16 x 7 5/8 in. (4.6 x 19.4 cm); 7 oz. 4 dwt. (224.1 g)
Lip: Diam. 5 1/8 in. (13 cm)
Body: Diam. 5 3/16 in. (13.2 cm)",American,United States,New England,Boston,,William Cowell Sr.,Maker,American,1682,1736,,The American Wing,,1682/83–1736,False,True,https://www.metmuseum.org/art/collection/search/6678,https://images.metmuseum.org/CRDImages/ad/original/DP160784.jpg,2,https://www.wikidata.org/wiki/Q116358533,https://www.wikidata.org/wiki/Q67145850,http://vocab.getty.edu/page/ulan/500330251
5092,"Medal of Francis, Duke de Dampville",Medal,1658,,,,Bronze,Diam. 2 in. (5.1 cm),,France,,,Men|Profiles,Jean Hardy,Maker,,1647,1684,,The American Wing,,1647–1684,False,True,https://www.metmuseum.org/art/collection/search/5092,https://images.metmuseum.org/CRDImages/ad/original/LC-83_2_420-001.jpg,1,,,
3489,Easy Chair,Easy chair,1760–90,,,,"Walnut, red oak, yellow pine, ash, maple, tulip poplar",46 x 35 3/4 x 27 in. (116.8 x 90.8 x 68.6 cm),American,United States,Mid-Atlantic,Philadelphia,Men|Women,,,,,,,The American Wing,,,False,True,https://www.metmuseum.org/art/collection/search/3489,https://images.metmuseum.org/CRDImages/ad/original/182775.jpg,6,https://www.wikidata.org/wiki/Q116370414,,
1619,Turkey-work chair,Side chair,1680–1700,,,,"Maple, oak",40 3/4 x 21 x 17 in. (103.5 x 53.3 x 43.2 cm),American,United States,New England,Boston,,,,,,,,The American Wing,,,False,True,https://www.metmuseum.org/art/collection/search/1619,https://images.metmuseum.org/CRDImages/ad/original/85C_ACF124R7.jpg,3,,,
1325,Candlestick,Candlestick,1832–60,,,,Pewter,H. 8 in. (20.3 cm),American,United States,Midwest,Cincinnati,,Sellew and Company,Maker,American,1832,1860,,The American Wing,,1832–60,False,True,https://www.metmuseum.org/art/collection/search/1325,https://images.metmuseum.org/CRDImages/ad/original/174930.jpg,2,https://www.wikidata.org/wiki/Q116372377,,
3316,Vegetable Dish,Vegetable dish,ca. 1834–ca. 1864,,,,"Earthenware, transfer-printed",8 1/2 x 10 3/4 in. (21.6 x 27.3 cm),British (American market),England,West Midlands,Stoke-on-Trent,Flowers|Landscapes,William Adams & Sons,Maker,British,1814,2063,,The American Wing,,"British, active ca. 1819–present",False,True,https://www.metmuseum.org/art/collection/search/3316,https://images.metmuseum.org/CRDImages/ad/original/24647.jpg,0,https://www.wikidata.org/wiki/Q116370549,,http://vocab.getty.edu/page/ulan/500524526
5732,Pitcher,Pitcher,1830–70,,,,Parian porcelain,4 7/8 x 4 x 3 9/16 in. (12.4 x 10.2 x 9 cm),American,United States,New England,Bennington,Masks|Grapes,,,,,,,The American Wing,,,False,True,https://www.metmuseum.org/art/collection/search/5732,https://images.metmuseum.org/CRDImages/ad/original/DP266313.jpg,0,https://www.wikidata.org/wiki/Q116361642,,
10159,Fur Traders Descending the Missouri,Painting,1845,,,,Oil on canvas,29 x 36 1/2 in. (73.7 x 92.7 cm),American,,,,Human Figures|Men|Cats|Rivers|Boats,George Caleb Bingham,Artist,American,1811,1879,,The American Wing,,"American, Augusta County, Virginia 1811–1879 Kansas City, Missouri",True,True,https://www.metmuseum.org/art/collection/search/10159,https://images.metmuseum.org/CRDImages/ad/original/DT73.jpg,0,https://www.wikidata.org/wiki/Q3172087,https://www.wikidata.org/wiki/Q598030,http://vocab.getty.edu/page/ulan/500028547
532,Birth and Baptismal Certificate,"Birth and baptismal certificate, Fraktur",1784,,,,Ink and watercolor on paper,13 1/2 x 17 in. (34.3 x 43.2 cm),American,United States,Mid-Atlantic,,Birds,Henrich Dulhauer,Maker,American,,9999,,The American Wing,,,False,True,https://www.metmuseum.org/art/collection/search/532,https://images.metmuseum.org/CRDImages/ad/original/97415.jpg,0,,,
6932,Salad Plate,Salad plate,1885–87,,,,Porcelain,Diam. 7 5/16 in. (18.6 cm),American,United States,Mid-Atlantic,Brooklyn,,Union Porcelain Works,Maker,American,1863,1922,,The American Wing,,1863–1922,False,True,https://www.metmuseum.org/art/collection/search/6932,https://images.metmuseum.org/CRDImages/ad/original/DP258774.jpg,0,https://www.wikidata.org/wiki/Q116353387,https://www.wikidata.org/wiki/Q18356506,http://vocab.getty.edu/page/ulan/500333024
6087,Plate,Plate,1787–1815,,,,Pewter,Diam. 8 1/2 in. (21.6 cm),American,United States,New England,Boston,,Thomas Badger,Maker,American,1764,1826,,The American Wing,,1764–1826,False,True,https://www.metmuseum.org/art/collection/search/6087,https://images.metmuseum.org/CRDImages/ad/original/118740.jpg,0,https://www.wikidata.org/wiki/Q116352127,,
3118,Demitasse Cup and Saucer,Demitasse cup and saucer,1885–87,,,,Porcelain,"Cup: H. 1 15/16 in. (4.9 cm); Diam. 2 13/16 in. (7.1 cm)
Saucer: Diam. 4 7/8 in. (12.4 cm)",American,United States,Mid-Atlantic,Brooklyn,,Union Porcelain Works,Maker,American,1863,1922,,The American Wing,,1863–1922,False,True,https://www.metmuseum.org/art/collection/search/3118,https://images.metmuseum.org/CRDImages/ad/original/DP258772.jpg,0,https://www.wikidata.org/wiki/Q116370698,https://www.wikidata.org/wiki/Q18356506,http://vocab.getty.edu/page/ulan/500333024
3043,Custard Cup,Custard cup,1785–90,,,,Porcelain,Diam. 3 1/2 in. (8.9 cm),"Chinese, for American market",China,,,Birds|Coat of Arms,,,,,,,The American Wing,,,False,True,https://www.metmuseum.org/art/collection/search/3043,https://images.metmuseum.org/CRDImages/ad/original/DP258888.jpg,0,https://www.wikidata.org/wiki/Q116370760,,
10353,"Wall Street, Half Past Two, October 13, 1857",Painting,1857,,,,Oil on paper,17 7/8 x 14 in. (43.5 x 35.9 cm),American,,,,Buildings|Cities|Streets|Crowd,James H. Cafferty,Artist,,1819,1869,,The American Wing,,1819–1869,False,True,https://www.metmuseum.org/art/collection/search/10353,https://images.metmuseum.org/CRDImages/ad/original/ap54.90.136.jpg,1,https://www.wikidata.org/wiki/Q19924889,https://www.wikidata.org/wiki/Q21994089,http://vocab.getty.edu/page/ulan/500014335
5100,Medal,Medal,1790,,,,Gilt bronze,Diam. 1 7/8 in. (4.8 cm),American,United States,Mid-Atlantic,Philadelphia,George Washington,James Manley,Maker,American,1790,1800,,The American Wing,,active 1790–1800,False,True,https://www.metmuseum.org/art/collection/search/5100,https://images.metmuseum.org/CRDImages/ad/original/AW_83_2_8-002.jpg,0,,,
15039,William Henry Tallmadge,"Painting, miniature",1841,,,,Watercolor on ivory,2 3/8 x 1 7/8 in. (6 x 4.8 cm),American,,,,Men|Portraits,Edward S. Dodge,Artist,American,1816,1857,,The American Wing,,1816–1857,False,True,https://www.metmuseum.org/art/collection/search/15039,https://images.metmuseum.org/CRDImages/ad/original/APS6828.jpg,0,https://www.wikidata.org/wiki/Q19925430,https://www.wikidata.org/wiki/Q22667542,
16667,(From Sketchbook),Drawing,1810–20,,,,"Ink, wash, on paper",9 x 11 1/2 in. (22.9 x 29.2 cm),American,,,,Contemplation|Children|Men|Women,Thomas Sully,Artist,American,1783,1872,,The American Wing,,"American, Horncastle, Lincolnshire 1783–1872 Philadelphia, Pennsylvania",False,True,https://www.metmuseum.org/art/collection/search/16667,https://images.metmuseum.org/CRDImages/ad/original/266543.jpg,0,,https://www.wikidata.org/wiki/Q786545,http://vocab.getty.edu/page/ulan/500006873
9294,Vase,Vase,1760–65,,,,Opaque glass with enamel decoration,H. 7 3/4 in. (19.7 cm),British,England,South West England,Bristol,Birds|Flowers,,,,,,,The American Wing,,,False,True,https://www.metmuseum.org/art/collection/search/9294,https://images.metmuseum.org/CRDImages/ad/original/DP243771.jpg,2,https://www.wikidata.org/wiki/Q116347414,,
8990,Tumbler,Tumbler,1700–1800,,,,Free-blown lead glass,H. 2 1/2 in. (6.4 cm),American,United States,,,,,,,,,,The American Wing,,,False,True,https://www.metmuseum.org/art/collection/search/8990,https://images.metmuseum.org/CRDImages/ad/original/17454.jpg,0,https://www.wikidata.org/wiki/Q116250562,,
2002,Chest of Drawers,Chest of drawers,1675–1700,,,,"Oak, pine, cedar, walnut",40 x 43 1/2 x 22 in. (101.6 x 110.5 x 55.9 cm),American,United States,New England,Salem,,,,,,,,The American Wing,,,False,True,https://www.metmuseum.org/art/collection/search/2002,https://images.metmuseum.org/CRDImages/ad/original/85J_ACF3109R6.jpg,1,https://www.wikidata.org/wiki/Q116371833,,
9237,Vase,Vase,1880–90,,,,Pressed purple marble glass,H. 4 5/8 in. (11.7 cm); Diam. 2 5/8 in. (6.7 cm),,England,,,,,,,,,,The American Wing,,,False,True,https://www.metmuseum.org/art/collection/search/9237,https://images.metmuseum.org/CRDImages/ad/original/182269.jpg,0,https://www.wikidata.org/wiki/Q116330110,,
20178,Patent model for adjustable reclining chairs,Chair model,1873,,,,"Walnut, paper labels, and original silk upholstery",10 x 6 x 7 in. (25.4 x 15.2 x 17.8 cm),American,United States,Mid-Atlantic,New York,,George A. Schastey,Maker,"American, born Germany",1839,1894,,The American Wing,,"American (born Germany), Merseburg 1839–1894 at sea",False,True,https://www.metmuseum.org/art/collection/search/20178,https://images.metmuseum.org/CRDImages/ad/original/DP216175.jpg,1,,https://www.wikidata.org/wiki/Q25051136,http://vocab.getty.edu/page/ulan/500524814
16184,View of House by Waterfall (from Sketchbook),Drawing,1858–1916,,,,"Graphite, ink, on paper",Sheet: 4 7/8 x 7 7/8 in. (12.4 x 20 cm),American,,,,Houses|Hills|Trees,Henry Ward Ranger,Artist,American,1858,1916,,The American Wing,,"American, Syracuse, New York 1858–1916 New York",False,True,https://www.metmuseum.org/art/collection/search/16184,https://images.metmuseum.org/CRDImages/ad/original/263363.jpg,0,,https://www.wikidata.org/wiki/Q5729856,http://vocab.getty.edu/page/ulan/500000026
2593,Creamer,Cream pot,1780–1820,,,,Blown pattern-molded lead blue glass,H. 4 1/4 in. (10.8 cm),"British, probably",England,,,,,,,,,,The American Wing,,,False,True,https://www.metmuseum.org/art/collection/search/2593,https://images.metmuseum.org/CRDImages/ad/original/17394.jpg,0,https://www.wikidata.org/wiki/Q116371200,,
8795,Stand,Stand,ca. 1787–99,,,,Silver,15/16 x 6 3/4 x 4 5/8 in. (2.4 x 17.1 x 11.7 cm); 5 oz. 13 dwt. (175.8 g),American,United States,Mid-Atlantic,New York,,Jeronimus Alstyne,Maker,American,1784,1799,,The American Wing,,active ca. 1787–1799,False,True,https://www.metmuseum.org/art/collection/search/8795,https://images.metmuseum.org/CRDImages/ad/original/DP164169.jpg,3,https://www.wikidata.org/wiki/Q116337346,,
444,Bedstead,Bedstead,1810–15,,,,"Mahogany, mahogany veneer, mahoganized maple and white pine, painted and gilded wood",106 3/4 x 58 5/8 x 79 1/2 in. (271.1 x 148.9 x 201.9 cm),American,United States,New England,Boston,,Thomas Seymour,Maker,American,1771,1848,,The American Wing,,1771–1848,False,True,https://www.metmuseum.org/art/collection/search/444,https://images.metmuseum.org/CRDImages/ad/original/DP-16263-001.jpg,7,https://www.wikidata.org/wiki/Q116390285,https://www.wikidata.org/wiki/Q61764333,http://vocab.getty.edu/page/ulan/500023428
204313,Virgin and Child,Crèche figure,second half 18th century,,,,"Wood, polychromed and gilded",H. ca. 4 in. (10.2 cm),"probably Ecuadoran, Quito",Peru,,,,,,,,,,The American Wing,,,False,True,https://www.metmuseum.org/art/collection/search/204313,https://images.metmuseum.org/CRDImages/ad/original/180753.jpg,0,,,
11758,Talking It Over,Painting,1872,,,,Oil on canvas,22 1/4 x 29 1/4 in. (56.5 x 74.3 cm),American,,,,Men|Horses,Enoch Wood Perry,Artist,American,1831,1915,,The American Wing,,1831–1915,False,True,https://www.metmuseum.org/art/collection/search/11758,https://images.metmuseum.org/CRDImages/ad/original/DT9052.jpg,0,https://www.wikidata.org/wiki/Q19930497,https://www.wikidata.org/wiki/Q5379343,http://vocab.getty.edu/page/ulan/500028627
10868,"Union Park, New York",Watercolor,ca. 1845,,,,"Watercolor, gouache, pen and ink, and graphite on off-white wove paper",13 7/8 x 17 13/16 in. (35.2 x 45.2 cm),American,,,,Buildings|Fountains|Parks|New York City,Sarah Fairchild,Artist,American,1795,1895,Female,The American Wing,,active 1840s,False,True,https://www.metmuseum.org/art/collection/search/10868,https://images.metmuseum.org/CRDImages/ad/original/DT9034.jpg,3,https://www.wikidata.org/wiki/Q19925400,https://www.wikidata.org/wiki/Q21995306,(not assigned)
2708,Creamer,Cream pot,1785–1800,,,,Silver,"Overall: 7 3/8 x 5 1/4 in. (18.7 x 13.3 cm); 7 oz. 9 dwt. (232 g)
Foot: 2 3/8 x 2 3/8 in. (6 x 6 cm)",American,United States,Mid-Atlantic,New York,,Daniel Van Voorhis,Maker,American,1751,1824,,The American Wing,,1751–1824,False,True,https://www.metmuseum.org/art/collection/search/2708,https://images.metmuseum.org/CRDImages/ad/original/27.85.5-6267-HR.jpg,2,,https://www.wikidata.org/wiki/Q98108230,(not assigned)
4579,Jug,Jug,1775,,,,Stoneware,H. 10 in. (25.4 cm),American,United States,Mid-Atlantic,New York,,John Crolius,Maker,American,1733,1812,,The American Wing,,1733–1812,False,True,https://www.metmuseum.org/art/collection/search/4579,https://images.metmuseum.org/CRDImages/ad/original/DP140933.jpg,3,https://www.wikidata.org/wiki/Q116366658,,
10585,"Torre dei Schiavi, The Roman Campagna (from Cropsey Album)",Drawing,1853,,,,"Graphite, white gouache, and brown and gray ink washes on dark buff wove paper",4 1/8 x 5 11/16 in. (10.5 x 14.4 cm),American,,,,Towers|Ruins,Jasper Francis Cropsey,Artist,American,1823,1900,,The American Wing,,"American, Rossville, New York 1823–1900 Hastings-on-Hudson, New York",False,True,https://www.metmuseum.org/art/collection/search/10585,https://images.metmuseum.org/CRDImages/ad/original/ap1970.9.26 recto.jpg,1,https://www.wikidata.org/wiki/Q19924094,https://www.wikidata.org/wiki/Q1451318,http://vocab.getty.edu/page/ulan/500012491
3899,Sconce,Sconce,1868–70,,,,Brass,Dimensions unavailable,,,,,,"Mitchell, Vance & Co.",Maker,,,,,The American Wing,,New York,False,True,https://www.metmuseum.org/art/collection/search/3899,https://images.metmuseum.org/CRDImages/ad/original/236466.jpg,0,https://www.wikidata.org/wiki/Q116370128,,http://vocab.getty.edu/page/ulan/500287716
13220,Cavalier (from Sketchbook),Drawing,1854–55,,,,Brownish-black ink on blue laid paper,4 x 2 9/16 in. (10.2 x 6.5 cm),American,,,,,James McNeill Whistler,Artist,American,1834,1903,,The American Wing,,"American, Lowell, Massachusetts 1834–1903 London",False,True,https://www.metmuseum.org/art/collection/search/13220,https://images.metmuseum.org/CRDImages/ad/original/DP-17453-001.jpg,0,,https://www.wikidata.org/wiki/Q203643,http://vocab.getty.edu/page/ulan/500012432
3503,Egg Cup,Egg cup,1830–1900,,,,Lacy pressed blue glass,H. 2 5/8 in. (6.7 cm),,,,,,,,,,,,The American Wing,,,False,True,https://www.metmuseum.org/art/collection/search/3503,https://images.metmuseum.org/CRDImages/ad/original/153414.jpg,0,https://www.wikidata.org/wiki/Q116391846,,
6812,Punch Glass,Punch glass,ca. 1883–88,,,,Blown glass,H. 3 3/8 in. (8.6 cm); Diam. 2 15/16 in. (7.5 cm),American,United States,New England,East Cambridge,,New England Glass Company,Maker,American,1818,1888,,The American Wing,,"American, East Cambridge, Massachusetts, 1818–1888",False,True,https://www.metmuseum.org/art/collection/search/6812,https://images.metmuseum.org/CRDImages/ad/original/176279.jpg,0,https://www.wikidata.org/wiki/Q116356264,https://www.wikidata.org/wiki/Q17083157,http://vocab.getty.edu/page/ulan/500356007
3544,Furniture Hardware,Furniture hardware,1820–30,,,,Gilt brass,2 3/8 x 2 7/8 in. (6 x 7.3 cm),,France,,,,Henry Kellam Hancock,Retailer,,1816,1851,,The American Wing,,1816–1851,False,True,https://www.metmuseum.org/art/collection/search/3544,https://images.metmuseum.org/CRDImages/ad/original/198422.jpg,0,https://www.wikidata.org/wiki/Q116370371,,
15242,Portrait of a Boy,"Painting, miniature",1795–1800,,,,Watercolor on ivory,1 1/2 x 1 1/8 in. (3.8 x 2.8 cm),American,,,,Boys|Portraits,,,,,,,The American Wing,,,False,True,https://www.metmuseum.org/art/collection/search/15242,https://images.metmuseum.org/CRDImages/ad/original/APS6778.jpg,0,https://www.wikidata.org/wiki/Q20177072,,
12515,Site of Troy (from Sketchbook),Watercolor,1904,,,,Graphite and watercolor on paper,5 1/4 x 8 1/4 in. (13.3 x 21 cm),American,,,,Mountains,Mary Newbold Sargent,Artist,American,1826,1906,,The American Wing,,1826–1906,False,True,https://www.metmuseum.org/art/collection/search/12515,https://images.metmuseum.org/CRDImages/ad/original/219400.jpg,0,,https://www.wikidata.org/wiki/Q56739442,
8397,Teapot,Teapot,1845,,,,Silver,"Overall: 6 13/16 x 9 9/16 x 5 1/2 in. (17.3 x 24.3 x 14 cm); 38 oz. 16 dwt. (1207.1 g)
Base: Diam. 5 in. (12.7 cm)",American,United States,Mid-Atlantic,Baltimore,Flowers|Coat of Arms,Andrew Ellicott Warner,Maker,American,1786,1870,,The American Wing,,1786–1870,False,True,https://www.metmuseum.org/art/collection/search/8397,https://images.metmuseum.org/CRDImages/ad/original/ADA5794.jpg,3,https://www.wikidata.org/wiki/Q116344097,,
14059,Sampler,Sampler,1800,,,,Silk embroidery on linen,13 1/4 x 13 in. (33.7 x 33 cm),American,United States,New England,Franklin,Animals|Eagles|Women|Ships,Laura Hyde,Maker,American,1787,1857,Female,The American Wing,,"American, 1787–1857",False,True,https://www.metmuseum.org/art/collection/search/14059,https://images.metmuseum.org/CRDImages/ad/original/DP266260.jpg,7,https://www.wikidata.org/wiki/Q83559924,,
1860,Side Chair,Side Chair,1795–1810,,,,"Mahogany, ash, cherry",37 x 21 x 18 in. (94 x 53.3 x 45.7 cm),American,United States,Mid-Atlantic,New York,,,,,,,,The American Wing,,,False,True,https://www.metmuseum.org/art/collection/search/1860,https://images.metmuseum.org/CRDImages/ad/original/138578.jpg,0,https://www.wikidata.org/wiki/Q116371923,,
57,Andiron,Andiron,1800–1830,,,,Bell metal,H. 23 in. (58.4 cm),,,,,,,,,,,,The American Wing,,,False,True,https://www.metmuseum.org/art/collection/search/57,https://images.metmuseum.org/CRDImages/ad/original/12875.jpg,0,https://www.wikidata.org/wiki/Q116373724,,
12862,"Brooklyn, Long Island (View on the East River)",Watercolor,ca. 1778,,,,"Watercolor, pen and black ink on off-white laid paper",14 3/16 x 25 1/16 in. (36 x 63.7 cm),American,,,,Horses|Rivers|Landscapes|Trees|Boats,,,,,,,The American Wing,,,False,True,https://www.metmuseum.org/art/collection/search/12862,https://images.metmuseum.org/CRDImages/ad/original/ap66.229.1.jpg,2,,,
6554,Platter,Platter,1815–30,,,,Porcelain,2 7/8 x 19 3/8 x 13 1/16 in. (7.3 x 49.2 x 33.2 cm),French,France,Île-de-France,Paris,Flowers,,,,,,,The American Wing,,,False,True,https://www.metmuseum.org/art/collection/search/6554,https://images.metmuseum.org/CRDImages/ad/original/DP260343.jpg,0,https://www.wikidata.org/wiki/Q116361454,,
16014,Partial Text from Letter (?); Autograph (from Sketchbook),Drawing,1854–55,,,,Brown ink on off-white laid paper,2 9/16 × 3 7/8 in. (6.5 × 9.8 cm),American,,,,,James McNeill Whistler,Artist,American,1834,1903,,The American Wing,,"American, Lowell, Massachusetts 1834–1903 London",False,True,https://www.metmuseum.org/art/collection/search/16014,https://images.metmuseum.org/CRDImages/ad/original/196254.jpg,0,,https://www.wikidata.org/wiki/Q203643,http://vocab.getty.edu/page/ulan/500012432
16744,The Victory of Eros,Painting,1750–75,,,,Oil on canvas,Framed: 19 x 23 11/16 x 2 7/8 in. (48.3 x 60.2 x 7.3 cm),,,,,Women|Eros|Roses,Angelica Kauffmann,Artist,Swiss,1741,1807,Female,The American Wing,,"Swiss, Chur 1741–1807 Rome",False,True,https://www.metmuseum.org/art/collection/search/16744,https://images.metmuseum.org/CRDImages/ad/original/VR 39.184.19 Ptg. Ret.jpg,0,https://www.wikidata.org/wiki/Q79013381,https://www.wikidata.org/wiki/Q123098,http://vocab.getty.edu/page/ulan/500115055
7955,Sugar bowl,Sugar bowl,1865–75,,,,Blown and engraved glass,H. 7 1/2 in. (19.1 cm); Diam. 4 1/4 in. (10.8 cm),American,United States,New England,Sandwich,,Boston & Sandwich Glass Company,Manufacturer,American,1825,1888,,The American Wing,,"American, 1825–1888, Sandwich, Massachusetts",False,True,https://www.metmuseum.org/art/collection/search/7955,https://images.metmuseum.org/CRDImages/ad/original/DP208127.jpg,0,https://www.wikidata.org/wiki/Q116343729,https://www.wikidata.org/wiki/Q4948224,http://vocab.getty.edu/page/ulan/500334773
12563,Mederic-Louis-Elie Moreau de Saint-Mery,Drawing,1798,,,,Pastel and black chalk (or black pastel) on toned (now oxidized) wove paper,9 7/16 x 7 1/4 in. (24 x 18.4 cm),American,,,,Men|Portraits,James Sharples,Artist,British,1751,1811,,The American Wing,,ca. 1751–1811,False,True,https://www.metmuseum.org/art/collection/search/12563,https://images.metmuseum.org/CRDImages/ad/original/DT203407.jpg,3,https://www.wikidata.org/wiki/Q83559868,https://www.wikidata.org/wiki/Q3161407,http://vocab.getty.edu/page/ulan/500185342
5574,Drop-leaf Pembroke Table,Drop-leaf Pembroke table,1795–1810,,,,"Mahogany, satinwood, maple, tulip poplar, white pine",28 1/2 x 32 x 22 in. (72.4 x 81.3 x 55.9 cm),American,United States,Mid-Atlantic,New York,,,,,,,,The American Wing,,,False,True,https://www.metmuseum.org/art/collection/search/5574,https://images.metmuseum.org/CRDImages/ad/original/98796.jpg,0,https://www.wikidata.org/wiki/Q116363916,,
16366,Standing Woman; Child Leaning by a Fishbowl; Weeping Putto; Mounted Soldier; Kicking Horse and Fallen Rider; Half-length Seated Figure; Rowboat (from Sketchbook),Drawing,1810–20,,,,"Ink, wash, on paper",9 x 11 1/2 in. (22.9 x 29.2 cm),American,,,,Soldiers|Children|Women|Horses,Thomas Sully,Artist,American,1783,1872,,The American Wing,,"American, Horncastle, Lincolnshire 1783–1872 Philadelphia, Pennsylvania",False,True,https://www.metmuseum.org/art/collection/search/16366,https://images.metmuseum.org/CRDImages/ad/original/266736.jpg,0,,https://www.wikidata.org/wiki/Q786545,http://vocab.getty.edu/page/ulan/500006873
10578,"Autumn Landscape, Sugar Loaf Mountain, Orange County, New York",Painting,ca. 1870–75,,,,Oil on canvas,28 1/2 x 35 1/2 in. (72.4 x 90.2 cm),American,,,,Mountains|Landscapes|Autumn,Jasper Francis Cropsey,Artist,American,1823,1900,,The American Wing,,"American, Rossville, New York 1823–1900 Hastings-on-Hudson, New York",False,True,https://www.metmuseum.org/art/collection/search/10578,https://images.metmuseum.org/CRDImages/ad/original/ap61.262.jpg,0,https://www.wikidata.org/wiki/Q19925391,https://www.wikidata.org/wiki/Q1451318,http://vocab.getty.edu/page/ulan/500012491
10976,The Crossing Sweeper,Painting,ca. 1860s,,,,Oil on canvas,12 1/8 x 8 1/2 in. (30.8 x 21.6 cm),American,,,,Fountains|Girls|Drinking,Seymour Joseph Guy,Artist,"American, born England",1824,1910,,The American Wing,,"American (born England), London 1824–1910 New York",False,True,https://www.metmuseum.org/art/collection/search/10976,https://images.metmuseum.org/CRDImages/ad/original/ap25.110.50.jpg,1,https://www.wikidata.org/wiki/Q19924596,https://www.wikidata.org/wiki/Q16648954,http://vocab.getty.edu/page/ulan/500023177
7538,Sleeve Button,Sleeve button,ca. 1876,,,,Porcelain,13/16 x 1 1/8 in. (2.1 x 2.9 cm),American,United States,Mid-Atlantic,Brooklyn,Turtles,Union Porcelain Works,Maker,American,1863,1922,,The American Wing,,1863–1922,False,True,https://www.metmuseum.org/art/collection/search/7538,https://images.metmuseum.org/CRDImages/ad/original/ADA5684.jpg,2,https://www.wikidata.org/wiki/Q116339935,https://www.wikidata.org/wiki/Q18356506,http://vocab.getty.edu/page/ulan/500333024
6327,Plate,Plate,ca. 1860–66,,,,Porcelain,Diam. 9 1/2 in. (24.1 cm),"Chinese, for American market",China,,,Birds|Butterflies|Flowers,,,,,,,The American Wing,,,False,True,https://www.metmuseum.org/art/collection/search/6327,https://images.metmuseum.org/CRDImages/ad/original/171506.jpg,0,https://www.wikidata.org/wiki/Q116363879,,
6440,Plate,Plate,1870–90,,,,Pressed purple marble glass,Diam. 10 3/8 in. (26.4 cm),American,United States,Mid-Atlantic,Tarentum,,"Challinor, Taylor and Company",Maker,American,1866,1891,,The American Wing,,1866–1891,False,True,https://www.metmuseum.org/art/collection/search/6440,https://images.metmuseum.org/CRDImages/ad/original/DP238271.jpg,0,https://www.wikidata.org/wiki/Q116363356,,
14648,"Washington, the First President",Medal,1824–1894,,,,White metal,Diam. 1 3/8 in. (3.5 cm),American,,,,George Washington|Profiles,George Hampden Lovett,Artist,American,1824,1894,,The American Wing,,1824–1894,False,True,https://www.metmuseum.org/art/collection/search/14648,https://images.metmuseum.org/CRDImages/ad/original/AW_08_230_14.jpg,0,,,
9567,Vase,Vase,1835–45,,,,Pressed glass,H. 11 1/2 in. (29.2 cm),American,United States,New England,,,Boston & Sandwich Glass Company,Maker,American,1825,1888,,The American Wing,,"American, 1825–1888, Sandwich, Massachusetts",False,True,https://www.metmuseum.org/art/collection/search/9567,https://images.metmuseum.org/CRDImages/ad/original/DP208116.jpg,0,https://www.wikidata.org/wiki/Q116340058,https://www.wikidata.org/wiki/Q4948224,http://vocab.getty.edu/page/ulan/500334773
5388,Mug,Mug,1870–80,,,,Pressed yelllow glass,H. 3 1/2 in. (8.9 cm); Diam. 2 9/16 in. (6.5 cm),American,United States,Mid-Atlantic,Pittsburgh,,Adams and Company,Maker,American,,9999,,The American Wing,,,False,True,https://www.metmuseum.org/art/collection/search/5388,https://images.metmuseum.org/CRDImages/ad/original/181930.jpg,0,https://www.wikidata.org/wiki/Q116365651,https://www.wikidata.org/wiki/Q56033713,(not assigned)
12726,Tableau of Indian Faces,Watercolor,1811–ca. 1813,,,,"Watercolor, black chalk, gum arabic, and gouache on white laid paper",9 1/4 x 7 in. (23.5 x 17.8 cm),American,,,,Faces|Infants|Men|Women|Nursing,John Lewis Krimmel,Artist,"American, born Germany",1786,1821,,The American Wing,,1786–1821,False,True,https://www.metmuseum.org/art/collection/search/12726,https://images.metmuseum.org/CRDImages/ad/original/DP276571.jpg,2,https://www.wikidata.org/wiki/Q19924270,https://www.wikidata.org/wiki/Q3181935,http://vocab.getty.edu/page/ulan/500000665
12819,Alexander Hamilton,Painting,1804–6,,,,Oil on canvas,30 3/4 x 24 3/4 in. (78.1 x 62.9 cm),American,,,,Men|Portraits,John Trumbull,Artist,American,1756,1843,,The American Wing,,"American, Lebanon, Connecticut 1756–1843 New York",False,True,https://www.metmuseum.org/art/collection/search/12819,https://images.metmuseum.org/CRDImages/ad/original/DT222199.jpg,0,https://www.wikidata.org/wiki/Q19925369,https://www.wikidata.org/wiki/Q369263,http://vocab.getty.edu/page/ulan/500016000
5751,Pitcher,Pitcher,1870–90,,,,"Blown spangled orange, white opaque and amber glass, mica flecks",H. 7 5/8 in. (19.4 cm),American,United States,Southern,Wheeling,,,,,,,,The American Wing,,,False,True,https://www.metmuseum.org/art/collection/search/5751,https://images.metmuseum.org/CRDImages/ad/original/178955.jpg,0,https://www.wikidata.org/wiki/Q116361089,,
12516,Island of Lemnos (from Sketchbook),Watercolor,1904,,,,Graphite and watercolor on paper,5 1/4 x 8 1/4 in. (13.3 x 21 cm),American,,,,Hills,Mary Newbold Sargent,Artist,American,1826,1906,,The American Wing,,1826–1906,False,True,https://www.metmuseum.org/art/collection/search/12516,https://images.metmuseum.org/CRDImages/ad/original/219402.jpg,0,,https://www.wikidata.org/wiki/Q56739442,
5771,Pitcher,Pitcher,ca. 1866,,,,Pressed glass,H. 9 3/16 in. (23.3 cm),American,United States,New England,Sandwich,,Boston & Sandwich Glass Company,Maker,American,1825,1888,,The American Wing,,"American, 1825–1888, Sandwich, Massachusetts",False,True,https://www.metmuseum.org/art/collection/search/5771,https://images.metmuseum.org/CRDImages/ad/original/187148.jpg,1,https://www.wikidata.org/wiki/Q116360589,https://www.wikidata.org/wiki/Q4948224,http://vocab.getty.edu/page/ulan/500334773
13793,Piece,Printed piece,ca. 1740–60,,,,"Cotton and linen, block-printed",41 1/2 x 31 1/2 in. (105.4 x 80 cm),British,England,,,Birds|Flowers,,,,,,,The American Wing,,,False,True,https://www.metmuseum.org/art/collection/search/13793,https://images.metmuseum.org/CRDImages/ad/original/180318.jpg,1,,,
8037,Sword,Sword,1805–7,,,,Silver,L. 35 3/4 in. (90.8 cm),American,United States,New England,Norwich,,Hart and Wilcox,Maker,American,1802,1807,,The American Wing,,active ca. 1805–7,False,True,https://www.metmuseum.org/art/collection/search/8037,https://images.metmuseum.org/CRDImages/ad/original/97690.jpg,1,https://www.wikidata.org/wiki/Q116342329,,
14277,Dessert Dish,Dessert dish,ca. 1878–90,,,,Pressed glass,2 5/8 x 4 1/8 in. (6.7 x 10.5 cm),American,United States,Mid-Atlantic,Pittsburgh,,George Duncan and Sons,Maker,American,1874,1891,,The American Wing,,1874–1891,False,True,https://www.metmuseum.org/art/collection/search/14277,https://images.metmuseum.org/CRDImages/ad/original/254476.jpg,0,https://www.wikidata.org/wiki/Q116329006,,
12755,Two Indians and a White Man in a Canoe,Watercolor,1811–ca. 1813,,,,Watercolor and graphite on white wove paper,5 13/16 x 8 1/2 in. (14.8 x 21.6 cm),American,,,,Men|Landscapes|Boats,Pavel Petrovich Svinin,Artist,Russian,1787,1839,,The American Wing,,1787/88–1839,False,True,https://www.metmuseum.org/art/collection/search/12755,https://images.metmuseum.org/CRDImages/ad/original/DT1812.jpg,3,,https://www.wikidata.org/wiki/Q3210067,http://vocab.getty.edu/page/ulan/500176559
4005,Fragment,Fragment,1828–68,,,,Free-blown glass,5 1/4 x 4 in. (13.3 x 10.2 cm),American,United States,Mid-Atlantic,Redwood,,Redwood Glass Company,Maker,American,1828,1868,,The American Wing,,1828–1868,False,True,https://www.metmuseum.org/art/collection/search/4005,https://images.metmuseum.org/CRDImages/ad/original/157466.jpg,0,https://www.wikidata.org/wiki/Q116367677,,
12920,John Hancock,Painting,1770–1800,,,,Oil on glass,Dimensions unavailable,,England,,,Men|Portraits,,,,,,,The American Wing,,,False,True,https://www.metmuseum.org/art/collection/search/12920,https://images.metmuseum.org/CRDImages/ad/original/116221.jpg,0,https://www.wikidata.org/wiki/Q79016452,,
5701,Cream jug,Cream jug,1760–1800,,,,Earthenware with slip decoration,2 1/2 x 3 in. (6.4 x 7.6 cm),American,United States,Mid-Atlantic,,,,,,,,,The American Wing,,,False,True,https://www.metmuseum.org/art/collection/search/5701,https://images.metmuseum.org/CRDImages/ad/original/34.100.111.c.jpg,1,https://www.wikidata.org/wiki/Q116362318,,
6649,Porringer,Porringer,ca. 1700,,,,Silver,"Overall: 1 7/8 x 7 13/16 in. (4.8 x 19.8 cm); 6 oz. 6 dwt. (195.6 g)
Lip: Diam. 5 3/8 in. (13.7 cm)
Body: Diam. 5 9/16 in. (14.1 cm)",American,United States,New England,Boston,,John Allen,Maker,American,1671,1760,,The American Wing,,1671/72–1760,False,True,https://www.metmuseum.org/art/collection/search/6649,https://images.metmuseum.org/CRDImages/ad/original/DP158847.jpg,1,https://www.wikidata.org/wiki/Q116359750,,
9267,Vase,Vase,1830–70,,,,Parian porcelain,7 1/8 x 3 1/8 in. (18.1 x 7.9 cm),American,United States,New England,Bennington,,,,,,,,The American Wing,,,False,True,https://www.metmuseum.org/art/collection/search/9267,https://images.metmuseum.org/CRDImages/ad/original/140825.jpg,1,https://www.wikidata.org/wiki/Q116348609,,
13749,Mourning Picture,Mourning picture,ca. 1815,,,,"Silk embroidered with silk thread and silk chenille, painted",15 x 19 1/2 in. (38.1 x 49.5 cm),American,United States,New England,,Trees,,,,,,,The American Wing,,,False,True,https://www.metmuseum.org/art/collection/search/13749,https://images.metmuseum.org/CRDImages/ad/original/RT620.jpg,1,,,
20888,Preparing for Christmas (Plucking Turkeys),Painting,1851,,,,Oil on canvas,23 × 33 in. (58.4 × 83.8 cm),American,,,,Men|Turkeys|Genre Scene,Francis William Edmonds,Artist,American,1806,1863,,The American Wing,,"American, Hudson, New York 1806–1863 Bronxville, New York",True,True,https://www.metmuseum.org/art/collection/search/20888,https://images.metmuseum.org/CRDImages/ad/original/DP-14639-001.jpg,1,https://www.wikidata.org/wiki/Q79012855,https://www.wikidata.org/wiki/Q3680885,http://vocab.getty.edu/page/ulan/500026117
737,Bowl,Bowl,1885–1900,,,,Blown blue and white satin glass,H. 3 in. (7.6 cm); Diam. 6 1/4 in. (15.9 cm),American or British,England,,,,,,,,,,The American Wing,,,False,True,https://www.metmuseum.org/art/collection/search/737,https://images.metmuseum.org/CRDImages/ad/original/174329.jpg,0,https://www.wikidata.org/wiki/Q116390336,,
8014,Sugar Tongs,Tongs,ca. 1800,,,,Silver,L. 6 1/8 in. (15.6 cm),American,United States,New England,Boston,,Paul Revere Jr.,Maker,American,1734,1818,,The American Wing,,"American, Boston, Massachusetts 1734–1818 Boston, Massachusetts",False,True,https://www.metmuseum.org/art/collection/search/8014,https://images.metmuseum.org/CRDImages/ad/original/98389.jpg,3,https://www.wikidata.org/wiki/Q116342468,https://www.wikidata.org/wiki/Q327071,http://vocab.getty.edu/page/ulan/500017620
8018,Sugar Tongs,Tongs,ca. 1805,,,,Silver,L. 6 3/8 in. (16.2 cm),American,United States,Mid-Atlantic,Baltimore,,Thomas Warner,Maker,American,1780,1828,,The American Wing,,1780–1828,False,True,https://www.metmuseum.org/art/collection/search/8018,https://images.metmuseum.org/CRDImages/ad/original/97983.jpg,0,https://www.wikidata.org/wiki/Q116342400,,
9946,Wine Glass,Wine glass,1850–60,,,,"Pressed glass, diamond thumbprint",Dimensions unavailable,American,United States,Mid-Atlantic,Pittsburgh,,,,,,,,The American Wing,,,False,True,https://www.metmuseum.org/art/collection/search/9946,https://images.metmuseum.org/CRDImages/ad/original/DP234701.jpg,0,https://www.wikidata.org/wiki/Q116332412,,
7469,Shoe Buckle,Buckle,ca. 1800,,,,Silver,3 x 3 3/8 in. (7.6 x 8.6 cm),American,,,,,,,,,,,The American Wing,,,False,True,https://www.metmuseum.org/art/collection/search/7469,https://images.metmuseum.org/CRDImages/ad/original/97896.jpg,0,,,
9229,Vase,Vase,1885–90,,,,Blown satin pink glass,H. 4 15/16 in. (12.5 cm),American or British,England,,,,,,,,,,The American Wing,,,False,True,https://www.metmuseum.org/art/collection/search/9229,https://images.metmuseum.org/CRDImages/ad/original/174355.jpg,0,https://www.wikidata.org/wiki/Q116330169,,
12772,Rabbits on a Log,Painting,1897,,,,Oil on canvas,10 x 12 in. (25.4 x 30.8 cm),American,,,,Rabbits,Arthur Fitzwilliam Tait,Artist,"American, born England",1819,1905,,The American Wing,,"American (born England), Liverpool 1819–1905 Yonkers, New York",False,True,https://www.metmuseum.org/art/collection/search/12772,https://images.metmuseum.org/CRDImages/ad/original/DT4921.jpg,0,https://www.wikidata.org/wiki/Q20171325,https://www.wikidata.org/wiki/Q8205641,http://vocab.getty.edu/page/ulan/500023688
16059,"Landscape with Figures, 1904 (from Sketchbook)",Watercolor,1904,,,,Graphite and watercolor on paper,5 7/8 x 8 5/8 in. (14.9 x 21.9 cm),American,,,,Human Figures|Landscapes,Mary Newbold Sargent,Artist,American,1826,1906,,The American Wing,,1826–1906,False,True,https://www.metmuseum.org/art/collection/search/16059,https://images.metmuseum.org/CRDImages/ad/original/263769.jpg,0,,https://www.wikidata.org/wiki/Q56739442,
3074,Decanter,Decanter,1820–35,,,,Blown and cut glass,H. 10 1/4 in. (26 cm),American,United States,Mid-Atlantic,Pittsburgh,,"Bakewell, Page & Bakewell",Maker,American,1808,1882,,The American Wing,,1808–1882,False,True,https://www.metmuseum.org/art/collection/search/3074,https://images.metmuseum.org/CRDImages/ad/original/203876.jpg,0,https://www.wikidata.org/wiki/Q116370730,https://www.wikidata.org/wiki/Q4849347,http://vocab.getty.edu/page/ulan/500331518
7504,Sideboard Table,Sideboard table,1815–20,,,,"Mahogany, marble, gilt bronze, white pine, poplar",53 x 72 x 24 in. (134.6 x 182.9 x 61 cm),American,United States,Mid-Atlantic,New York,,,,,,,,The American Wing,,,False,True,https://www.metmuseum.org/art/collection/search/7504,https://images.metmuseum.org/CRDImages/ad/original/ADA3235.jpg,3,https://www.wikidata.org/wiki/Q116340819,,
1563,Side Chair,Side Chair,1750–70,,,,Mahogany,37 x 22 3/4 x 18 1/2 in. (94 x 57.8 x 47 cm),British,England,,,,,,,,,,The American Wing,,,False,True,https://www.metmuseum.org/art/collection/search/1563,https://images.metmuseum.org/CRDImages/ad/original/7821.jpg,0,,,
13367,Side chair,Side chair,ca. 1808–25,,,,Maple,33 3/4 x 18 x 19 1/2 in. (85.7 x 45.7 x 49.5 cm),American,United States,New England,Boston,,Samuel Gragg,Maker,American,1772,1855,,The American Wing,,1772–1855,False,True,https://www.metmuseum.org/art/collection/search/13367,https://images.metmuseum.org/CRDImages/ad/original/ADA5914.jpg,0,https://www.wikidata.org/wiki/Q116329743,https://www.wikidata.org/wiki/Q55218824,http://vocab.getty.edu/page/ulan/500062493
2737,Creamer,Cream pot,1891–94,,,,Porcelain,H. 3 9/16 in. (9 cm); Diam. 4 1/2 in. (11.4 cm),American,United States,Mid-Atlantic,Trenton,Flowers,American Art China Company,Maker,American,1891,1894,,The American Wing,,1891–1894,False,True,https://www.metmuseum.org/art/collection/search/2737,https://images.metmuseum.org/CRDImages/ad/original/ADA5412.jpg,7,https://www.wikidata.org/wiki/Q116371026,,
5532,Paperweight,Paperweight,1850–80,,,,Glass,"2 9/16in. (6.5cm)
Body diameter: 2 5/8 in. (6.7 cm)",American,United States,New England,East Cambridge,Fruit,New England Glass Company,Maker,American,1818,1888,,The American Wing,,"American, East Cambridge, Massachusetts, 1818–1888",False,True,https://www.metmuseum.org/art/collection/search/5532,https://images.metmuseum.org/CRDImages/ad/original/DP208413.jpg,0,https://www.wikidata.org/wiki/Q116364301,https://www.wikidata.org/wiki/Q17083157,http://vocab.getty.edu/page/ulan/500356007
7000,Saltcellar,Saltcellar,ca. 1835,,,,Lacy pressed opaque blue glass,1 1/2 x 2 15/16 x 3 3/4 in. (3.8 x 7.5 x 9.5 cm),American,United States,New England,,,,,,,,,The American Wing,,,False,True,https://www.metmuseum.org/art/collection/search/7000,https://images.metmuseum.org/CRDImages/ad/original/180304.jpg,0,https://www.wikidata.org/wiki/Q116351809,,
4406,Hot Water Plate,Hot water plate,1800–1830,,,,Porcelain,2 x 10 1/4 in. (5.1 x 26 cm),Chinese,China,,,Landscapes|Boats,,,,,,,The American Wing,,,False,True,https://www.metmuseum.org/art/collection/search/4406,https://images.metmuseum.org/CRDImages/ad/original/155835.jpg,0,https://www.wikidata.org/wiki/Q116367190,,
15784,"Fraser (?) River, Warnock (from Sketchbook)",Drawing,1890,,,,Graphite on wove paper,4 3/4 x 7 3/4 in. (12.1 x 19.7 cm),American,,,,Rivers|Landscapes,Albert Bierstadt,Artist,American,1830,1902,,The American Wing,,"American, Solingen 1830–1902 New York",False,True,https://www.metmuseum.org/art/collection/search/15784,https://images.metmuseum.org/CRDImages/ad/original/260813.jpg,1,,https://www.wikidata.org/wiki/Q77132,http://vocab.getty.edu/page/ulan/500001248
3157,Secretary,Secretary,1836–50,,,,"Rosewood, satinwood, poplar, pine, walnut",91 3/4 x 52 3/8 x 23 1/4 in. (233 x 133 x 59.1 cm),American,United States,Mid-Atlantic,New York,,John and Joseph W. Meeks,Maker,American,1833,1859,,The American Wing,,active ca. 1836–59,False,True,https://www.metmuseum.org/art/collection/search/3157,https://images.metmuseum.org/CRDImages/ad/original/DP123957.jpg,5,https://www.wikidata.org/wiki/Q116370670,,
9817,Stained-glass window,Stained glass window,ca. 1656,,,,Painted leaded glass,Framed: 22 3/8 x 15 1/2 in. (56.8 x 39.4 cm),American,United States,Mid-Atlantic,New York,Coat of Arms,Evert Duyckinck,Maker,"American, born Netherlands",1617,1703,,The American Wing,,"American (born Netherlands), ca. 1620–1700",False,True,https://www.metmuseum.org/art/collection/search/9817,https://images.metmuseum.org/CRDImages/ad/original/DT2731.jpg,0,https://www.wikidata.org/wiki/Q116335097,https://www.wikidata.org/wiki/Q97045948,http://vocab.getty.edu/page/ulan/500003522
16847,Bracelet,Bracelet,ca. 1880,,,,Silver,L. 2 1/2 in. (6.4 cm),American,United States,Mid-Atlantic,,Heads|Profiles,George W. Shiebler & Co.,Maker,American,1876,1907,,The American Wing,,1876–1907,False,True,https://www.metmuseum.org/art/collection/search/16847,https://images.metmuseum.org/CRDImages/ad/original/DT4980.jpg,0,,,
5036,,Medallion,1784,,,,Gilt bronze,Diam. 1 7/8 in. (4.8 cm),,France,,,Benjamin Franklin|Men|Portraits|Profiles,Augustin Dupré,Maker,French,1748,1833,,The American Wing,,"French, Saint-Etienne 1748–1833 Armentières-en-Brie",False,True,https://www.metmuseum.org/art/collection/search/5036,https://images.metmuseum.org/CRDImages/ad/original/LC-83_2_204-001.jpg,2,,https://www.wikidata.org/wiki/Q767735,http://vocab.getty.edu/page/ulan/500014612
17504,Design Drawing,Drawing,ca. 1898–99,,,,Watercolor and graphite on paper,"11 3/8 in. × 16 in. (28.9 × 40.6 cm)
Framed (AW B): 16 1/4 × 21 1/4 in. (41.3 × 54 cm)",American,USA,,,Fruit,Tiffany Glass and Decorating Company,Artist,American,1892,1902,,The American Wing,,"American, 1892–1902",False,True,https://www.metmuseum.org/art/collection/search/17504,https://images.metmuseum.org/CRDImages/ad/original/DP119589.jpg,0,https://www.wikidata.org/wiki/Q83561955,,http://vocab.getty.edu/page/ulan/500331512
15765,Canadian Mountain Scene (from Sketchbook),Drawing,1890,,,,Graphite on wove paper,7 3/4 x 4 3/4 in. (19.7 x 12.1 cm),American,,,,Mountains,Albert Bierstadt,Artist,American,1830,1902,,The American Wing,,"American, Solingen 1830–1902 New York",False,True,https://www.metmuseum.org/art/collection/search/15765,https://images.metmuseum.org/CRDImages/ad/original/260789.jpg,0,,https://www.wikidata.org/wiki/Q77132,http://vocab.getty.edu/page/ulan/500001248
7053,Salt,Salt,1784–95,,,,Blown pattern-molded glass,H. 2 1/2 in. (6.4 cm); Diam. 2 1/4 in. (5.7 cm),American,United States,Mid-Atlantic,New Bremen,,New Bremen Glass Manufactory,Maker,,1784,1795,,The American Wing,,1784–1795,False,True,https://www.metmuseum.org/art/collection/search/7053,https://images.metmuseum.org/CRDImages/ad/original/DP105070.jpg,0,https://www.wikidata.org/wiki/Q116351485,https://www.wikidata.org/wiki/Q4742351,http://vocab.getty.edu/page/ulan/500331795
8074,Table,Table,1710–50,,,,"Walnut, pine",28 1/4 x 29 1/2 x 29 1/2 in. (71.8 x 74.9 x 74.9 cm),American,United States,Mid-Atlantic,,,,,,,,,The American Wing,,,False,True,https://www.metmuseum.org/art/collection/search/8074,https://images.metmuseum.org/CRDImages/ad/original/85F_ACF257R4.jpg,2,https://www.wikidata.org/wiki/Q116341607,,
1818,Side Chair,Side Chair,1859,,,,Rosewood,42 1/2 x 18 1/2 x 23 1/2 in. (108 x 47 x 59.7 cm),American,United States,Mid-Atlantic,New York,Grapes,Joseph Meeks & Sons,Maker,American,1829,1835,,The American Wing,,"American, New York, 1829–35",False,True,https://www.metmuseum.org/art/collection/search/1818,https://images.metmuseum.org/CRDImages/ad/original/199165.jpg,0,,https://www.wikidata.org/wiki/Q97054971,http://vocab.getty.edu/page/ulan/500524443
13541,Seated Boy,Drawing,1857,,,,Graphite on off-white laid paper,4 11/16 x 4 3/8 in. (11.9 x 11.1 cm),American,,,,Boys,,,,,,,The American Wing,,,False,True,https://www.metmuseum.org/art/collection/search/13541,https://images.metmuseum.org/CRDImages/ad/original/ap65.280.5.jpg,1,,,
13852,Wholecloth quilt,Quilt,ca. 1886,,,,Cotton,88 3/4 x 85 1/4 in. (225.4 x 216.5 cm),American,United States,New England,,Eagles|Men|Women|Flags|Ships,,,,,,,The American Wing,,,False,True,https://www.metmuseum.org/art/collection/search/13852,https://images.metmuseum.org/CRDImages/ad/original/DT1832.jpg,9,,,
319,Baptismal Basin,Baptismal basin,1875–1900,,,,Tin-glazed earthenware,Diam. 16 3/4 in. (42.5 cm),Mexican,Mexico,,,Angels|Christ|Baptism of Christ,,,,,,,The American Wing,,,False,True,https://www.metmuseum.org/art/collection/search/319,https://images.metmuseum.org/CRDImages/ad/original/DP250084.jpg,1,https://www.wikidata.org/wiki/Q116390235,,
8463,Tea Spoon,Spoon,ca. 1805,,,,Silver,L. 5 3/8 in. (13.7 cm),American,United States,New England,Boston,,Rufus Farnam,Maker,American,1793,1833,,The American Wing,,active ca. 1796–1833,False,True,https://www.metmuseum.org/art/collection/search/8463,https://images.metmuseum.org/CRDImages/ad/original/97991.jpg,0,https://www.wikidata.org/wiki/Q116342497,https://www.wikidata.org/wiki/Q111547706,(not assigned)
15754,Landscape with Mountains and Hills (from Sketchbook),Drawing,1890,,,,Graphite on wove paper,4 3/4 x 7 3/4 in. (12.1 x 19.7 cm),American,,,,Hills|Mountains|Landscapes,Albert Bierstadt,Artist,American,1830,1902,,The American Wing,,"American, Solingen 1830–1902 New York",False,True,https://www.metmuseum.org/art/collection/search/15754,https://images.metmuseum.org/CRDImages/ad/original/260772.jpg,1,,https://www.wikidata.org/wiki/Q77132,http://vocab.getty.edu/page/ulan/500001248
4814,Lock Plate,Lock plate,1800–1900,,,,Brass,3 7/8 x 5 1/8 in. (9.8 x 13 cm),,,,,,,,,,,,The American Wing,,,False,True,https://www.metmuseum.org/art/collection/search/4814,https://images.metmuseum.org/CRDImages/ad/original/29543.jpg,0,,,
16041,"Ancient Walls, 1904 (from Sketchbook)",Drawing,1904,,,,Graphite on paper,5 7/8 x 8 5/8 in. (14.9 x 21.9 cm),American,,,,,Mary Newbold Sargent,Artist,American,1826,1906,,The American Wing,,1826–1906,False,True,https://www.metmuseum.org/art/collection/search/16041,https://images.metmuseum.org/CRDImages/ad/original/263758.jpg,0,,https://www.wikidata.org/wiki/Q56739442,
1584,Side Chair,Side Chair,1755–65,,,,"Walnut, yellow pine",40 x 20 7/8 x 20 1/2 in. (101.6 x 53 x 52.1 cm),American,United States,Mid-Atlantic,Philadelphia,,,,,,,,The American Wing,,,False,True,https://www.metmuseum.org/art/collection/search/1584,https://images.metmuseum.org/CRDImages/ad/original/61568.jpg,1,,,
19725,Wedding Dress,Wedding dress,ca. 1760,,,,Silk,"Dress: L. 52 in. (132.1 cm)
Skirt: L. 35 in. (88.9 cm)",British or French,,,,Flowers,,,,,,,The American Wing,,,False,True,https://www.metmuseum.org/art/collection/search/19725,https://images.metmuseum.org/CRDImages/ad/original/40.136.1ab_F.jpg,6,,,
4821,Lock,Lock,ca. 1800,,,,Iron,5 7/8 x 10 in. (14.9 x 25.4 cm),,,,,,,,,,,,The American Wing,,,False,True,https://www.metmuseum.org/art/collection/search/4821,https://images.metmuseum.org/CRDImages/ad/original/102047.jpg,0,https://www.wikidata.org/wiki/Q116366147,,
5674,Pitcher,Pitcher,1800–1830,,,,Probably earthenware,4 x 4 3/8 x 3 3/8 in. (10.2 x 11.1 x 8.6 cm),American,,,,,,,,,,,The American Wing,,,False,True,https://www.metmuseum.org/art/collection/search/5674,https://images.metmuseum.org/CRDImages/ad/original/DP264272.jpg,1,https://www.wikidata.org/wiki/Q116362809,,
10784,Mrs. John Adams Conant,Painting,1829,,,,Oil on wood,30 1/8 x 25 in. (76.8 x 63.5 cm),American,,,,Portraits|Women,William Dunlap,Artist,American,1766,1839,,The American Wing,,"American, Perth Amboy, New Jersey 1766–1839 New York",False,True,https://www.metmuseum.org/art/collection/search/10784,https://images.metmuseum.org/CRDImages/ad/original/ap13.217.2.jpg,0,https://www.wikidata.org/wiki/Q19925605,https://www.wikidata.org/wiki/Q2578528,http://vocab.getty.edu/page/ulan/500027594
13776,Piece,Piece,ca. 1876,,,,"Cotton, engraved, roller printed",11 1/8 x 11 7/8 in. (28.3 x 30.2 cm),American,United States,New England,Dover,Birds,The Cocheco Printworks,Maker,American,,9999,,The American Wing,,,False,True,https://www.metmuseum.org/art/collection/search/13776,https://images.metmuseum.org/CRDImages/ad/original/DP8173.jpg,1,,,
15322,In the Mountains (from Sketchbook X),Drawing,1885,,,,Graphite on off-white wove paper,5 x 7 1/2 in. (12.7 x 19.1 cm),American,,,,Mountains,William Trost Richards,Artist,American,1833,1905,,The American Wing,,"American, Philadelphia, Pennsylvania 1833–1905 Newport, Rhode Island",False,True,https://www.metmuseum.org/art/collection/search/15322,https://images.metmuseum.org/CRDImages/ad/original/257721.jpg,0,,https://www.wikidata.org/wiki/Q1985982,http://vocab.getty.edu/page/ulan/500014455
12803,Charles Loring Elliott,Bust,1870,,,,Marble,23 1/2 x 16 x 14 in. (59.7 x 40.6 x 35.6 cm),American,,,,Men|Portraits,Launt Thompson,Artist,American,1833,1894,,The American Wing,,"Abbeyleix 1833–1894 Middletown, New York",False,True,https://www.metmuseum.org/art/collection/search/12803,https://images.metmuseum.org/CRDImages/ad/original/270730.jpg,0,https://www.wikidata.org/wiki/Q116378048,https://www.wikidata.org/wiki/Q1807675,http://vocab.getty.edu/page/ulan/500050956
8719,Tongs,Tongs,1820–40,,,,Iron,17 7/8 x 2 11/16 in. (45.4 x 6.8 cm),American,United States,Mid-Atlantic,New Lebanon,,,,,,,,The American Wing,,,False,True,https://www.metmuseum.org/art/collection/search/8719,https://images.metmuseum.org/CRDImages/ad/original/188199.jpg,2,https://www.wikidata.org/wiki/Q116339466,,
4890,Looking Glass,Looking glass,1829–35,,,,"Glass, gesso",35 1/2 x 65 3/16 in. (90.2 x 165.6 cm),American,United States,Mid-Atlantic,New York,,Isaac Platt,Maker,American,1793,1875,,The American Wing,,1793–1875,False,True,https://www.metmuseum.org/art/collection/search/4890,https://images.metmuseum.org/CRDImages/ad/original/DP-20201-001.jpg,2,https://www.wikidata.org/wiki/Q116392133,,
7438,Shoe Buckle,Shoe buckle,1770–1800,,,,"Metal, bronze, steel, glass",2 3/4 x 1 7/8 in. (7 x 4.8 cm),,,,,,,,,,,,The American Wing,,,False,True,https://www.metmuseum.org/art/collection/search/7438,https://images.metmuseum.org/CRDImages/ad/original/2490.jpg,0,,,
10028,Orange Branch,Painting,ca. 1883,,,,Oil on canvas,54 5/8 x 11 5/8 in. (138.4 x 29.5 cm),American,,,,Fruit,John La Farge,Former Attribution,American,1835,1910,,The American Wing,,"American, New York 1835–1910 Providence, Rhode Island",False,True,https://www.metmuseum.org/art/collection/search/10028,https://images.metmuseum.org/CRDImages/ad/original/ap66.73.jpg,0,https://www.wikidata.org/wiki/Q19924754,https://www.wikidata.org/wiki/Q3120087,http://vocab.getty.edu/page/ulan/500022926
10452,Hot Corn Seller,Painting,1870s,,,,Oil on slate paper,6 1/8 x 9 3/16 in. (15.6 x 23.3 cm),American,,,,Houses|Cities|Roads|Men|Women|Carriages,William P. Chappel,Artist,American,1801,1878,,The American Wing,,"American, 1801–1878",False,True,https://www.metmuseum.org/art/collection/search/10452,https://images.metmuseum.org/CRDImages/ad/original/DP-1427-021.jpg,2,https://www.wikidata.org/wiki/Q19925366,https://www.wikidata.org/wiki/Q20822488,http://vocab.getty.edu/page/ulan/500524275
15149,Portrait of a Gentleman,"Painting, miniature",ca. 1800,,,,Watercolor on ivory,2 5/8 x 2 1/16 in. (6.7 x 5.3 cm),American,,,,Men|Portraits,Raphaelle Peale,Artist,American,1774,1825,,The American Wing,,1774–1825,False,True,https://www.metmuseum.org/art/collection/search/15149,https://images.metmuseum.org/CRDImages/ad/original/DP169138.jpg,0,https://www.wikidata.org/wiki/Q19924785,https://www.wikidata.org/wiki/Q1374536,http://vocab.getty.edu/page/ulan/500004821
15782,Sketches of Canoes and a Figure Carrying a Barrel (from Sketchbook),Drawing,1890,,,,Graphite on wove paper,4 3/4 x 7 3/4 in. (12.1 x 19.7 cm),American,,,,Human Figures|Boats,Albert Bierstadt,Artist,American,1830,1902,,The American Wing,,"American, Solingen 1830–1902 New York",False,True,https://www.metmuseum.org/art/collection/search/15782,https://images.metmuseum.org/CRDImages/ad/original/260811.jpg,0,,https://www.wikidata.org/wiki/Q77132,http://vocab.getty.edu/page/ulan/500001248
6026,Cup Plate,Cup plate,ca. 1830–ca. 1864,,,,"Earthenware, transfer-printed",Diam. 4 in. (10.2 cm),British (American market),England,West Midlands,,Men|Deer,William Adams & Sons,Maker,British,1814,2063,,The American Wing,,"British, active ca. 1819–present",False,True,https://www.metmuseum.org/art/collection/search/6026,https://images.metmuseum.org/CRDImages/ad/original/123828.jpg,0,https://www.wikidata.org/wiki/Q116354112,,http://vocab.getty.edu/page/ulan/500524526
13812,Woven Piece,Piece,ca. 1860,,,,"Wool, double woven",55 1/4 x 35 in. (140.3 x 88.9 cm),American,,,,,,,,,,,The American Wing,,,False,True,https://www.metmuseum.org/art/collection/search/13812,https://images.metmuseum.org/CRDImages/ad/original/207620.jpg,0,,,
237,Armchair,Armchair,ca. 1870–75,,,,"Rosewood, prickly juniper veneer, gilding, brass, original tapestry upholstery",37 x 27 1/2 x 27 1/2 in. (94 x 69.9 x 69.9 cm),American,United States,Mid-Atlantic,New York,Sphinx,Pottier and Stymus Manufacturing Company,Maker,,1858,1919,,The American Wing,,active ca. 1858–1918/19,True,True,https://www.metmuseum.org/art/collection/search/237,https://images.metmuseum.org/CRDImages/ad/original/DT179.jpg,1,https://www.wikidata.org/wiki/Q29382865,https://www.wikidata.org/wiki/Q2106610,http://vocab.getty.edu/page/ulan/500330539
668762,,Jug,ca. 1790–1820,,,,Red earthenware with incised decoration of floral spray filled in with slip; lead glaze,14 1/4 in. (36.2 cm),American,United States,New England United States,Hartford,,Nathaniel Seymour,Maker,American,1790,1825,,The American Wing,,"American, 1790–1825",False,True,https://www.metmuseum.org/art/collection/search/668762,https://images.metmuseum.org/CRDImages/ad/original/DP341310.jpg,0,https://www.wikidata.org/wiki/Q116726414,,
15335,Bay Scene with Sailboat at Anchor (from Sketchbook X),Drawing,1885,,,,Graphite on off-white wove paper,5 x 7 1/2 in. (12.7 x 19.1 cm),American,,,,Landscapes|Boats,William Trost Richards,Artist,American,1833,1905,,The American Wing,,"American, Philadelphia, Pennsylvania 1833–1905 Newport, Rhode Island",False,True,https://www.metmuseum.org/art/collection/search/15335,https://images.metmuseum.org/CRDImages/ad/original/257683.jpg,0,,https://www.wikidata.org/wiki/Q1985982,http://vocab.getty.edu/page/ulan/500014455
9403,Vase,Vase,1893–96,,,,Favrile glass,H. 6 1/8 in. (15.6 cm),American,United States,Mid-Atlantic,,,Louis C. Tiffany,Designer,American,1848,1933,,The American Wing,,"American, New York 1848–1933 New York",False,True,https://www.metmuseum.org/art/collection/search/9403,https://images.metmuseum.org/CRDImages/ad/original/34405.jpg,0,https://www.wikidata.org/wiki/Q116342634,https://www.wikidata.org/wiki/Q312950,http://vocab.getty.edu/page/ulan/500030415
10009,Work Table,Work table,ca. 1860,,,,"Ebonized cherry, bird's-eye maple",34 x 27 1/2 x 20 3/4 in. (86.4 x 69.9 x 52.7 cm),American,United States,Mid-Atlantic,New York,,F. J. Henkel,Maker,American,1856,1869,,The American Wing,,active ca. 1859–69,False,True,https://www.metmuseum.org/art/collection/search/10009,https://images.metmuseum.org/CRDImages/ad/original/194399.jpg,0,https://www.wikidata.org/wiki/Q116331223,,
9255,Vase,Vase,1830–70,,,,Parian porcelain,8 3/8 x 3 7/8 x 3 3/4 in. (21.3 x 9.8 x 9.5 cm),American,United States,New England,Bennington,Grapes,,,,,,,The American Wing,,,False,True,https://www.metmuseum.org/art/collection/search/9255,https://images.metmuseum.org/CRDImages/ad/original/DP268038.jpg,2,https://www.wikidata.org/wiki/Q116349563,,
15769,"Sketch of Mountains, Peaks, and Terrain (from Sketchbook)",Drawing,1890,,,,Graphite on wove paper,4 3/4 x 7 3/4 in. (12.1 x 19.7 cm),American,,,,Mountains,Albert Bierstadt,Artist,American,1830,1902,,The American Wing,,"American, Solingen 1830–1902 New York",False,True,https://www.metmuseum.org/art/collection/search/15769,https://images.metmuseum.org/CRDImages/ad/original/260793.jpg,1,,https://www.wikidata.org/wiki/Q77132,http://vocab.getty.edu/page/ulan/500001248
7780,Spoon,Spoon,1685–1700,,,,Silver,1/2 x 6 7/8 in. (1.3 x 17.5 cm); 1 oz. 8 dwt. (44.2 g),American,United States,New England,Boston,,Jeremiah Dummer,Maker,American,1645,1718,,The American Wing,,"American, 1645–1718",False,True,https://www.metmuseum.org/art/collection/search/7780,https://images.metmuseum.org/CRDImages/ad/original/DP250634.jpg,4,https://www.wikidata.org/wiki/Q116332961,https://www.wikidata.org/wiki/Q6180818,http://vocab.getty.edu/page/ulan/500006163
15248,William Cross,"Painting, miniature",1800,,,,Watercolor on ivory in gilded copper case; opalescent glass over foil verso,2 1/2 x 2 1/16 in. (6.4 x 5.2 cm),American,,,,Men|Portraits,,,,,,,The American Wing,,,False,True,https://www.metmuseum.org/art/collection/search/15248,https://images.metmuseum.org/CRDImages/ad/original/APS6742.jpg,0,https://www.wikidata.org/wiki/Q19923858,,
9518,Vase,Vase,1885–90,,,,Blown satin white glass,H. 4 in. (10.2 cm),"European, probably",,,,,,,,,,,The American Wing,,,False,True,https://www.metmuseum.org/art/collection/search/9518,https://images.metmuseum.org/CRDImages/ad/original/174418.jpg,0,https://www.wikidata.org/wiki/Q116341052,,
17066,Maternity,Drawing,1784,,,,"Red chalk on thin off-white laid paper, mounted on off-white laid paper",14 5/16 x 11 9/16 in. (36.4 x 29.4 cm),American,,,,Children|Mothers|Women|Nursing,Benjamin West,Artist,American,1738,1820,,The American Wing,,"American, Swarthmore, Pennsylvania 1738–1820 London",True,True,https://www.metmuseum.org/art/collection/search/17066,https://images.metmuseum.org/CRDImages/ad/original/DT5361.jpg,0,https://www.wikidata.org/wiki/Q29383082,https://www.wikidata.org/wiki/Q313498,http://vocab.getty.edu/page/ulan/500026989
9985,Dram Cup,Cup,ca.1700,,,,Silver,"Overall: 1 3/4 x 5 3/8 in. (4.4 x 13.7 cm); 2 oz. 12 dwt. (81 g)
Lip: Diam. 3 13/16 in. (9.7 cm)
Base: Diam. 2 1/4 in. (5.7 cm)",American,United States,Mid-Atlantic,New York,,Benjamin Wynkoop,Maker,American,1675,1751,,The American Wing,,baptized 1675–1751,False,True,https://www.metmuseum.org/art/collection/search/9985,https://images.metmuseum.org/CRDImages/ad/original/DP105854.jpg,1,https://www.wikidata.org/wiki/Q116331928,https://www.wikidata.org/wiki/Q72823949,(not assigned)
5782,Pitcher,Pitcher,ca. 1848–56,,,,Porcelain,8 1/8 x 6 1/2 in. (20.6 x 16.5 cm),American,United States,Mid-Atlantic,New York,Eagles|Acorns,Charles Cartlidge and Company,Maker,American,1848,1856,,The American Wing,,1848–1856,False,True,https://www.metmuseum.org/art/collection/search/5782,https://images.metmuseum.org/CRDImages/ad/original/ADA4991.jpg,1,https://www.wikidata.org/wiki/Q116360389,,
202,Spindle-back armchair,Armchair,1660–1700,,,,"Maple, soft maple, ash",41 3/4 x 23 x 18 in. (106 x 58.4 x 45.7 cm),American,United States,New England,,,,,,,,,The American Wing,,,False,True,https://www.metmuseum.org/art/collection/search/202,https://images.metmuseum.org/CRDImages/ad/original/85B_ACF104R7.jpg,3,https://www.wikidata.org/wiki/Q116373605,,
10496,The Mountain Ford,Painting,1846,,,,Oil on canvas,28 1/4 x 40 1/16 in. (71.8 x 101.8 cm),American,,,,Horses|Rivers|Mountains|Trees,Thomas Cole,Artist,American,1801,1848,,The American Wing,,"American, Lancashire 1801–1848 Catskill, New York",False,True,https://www.metmuseum.org/art/collection/search/10496,https://images.metmuseum.org/CRDImages/ad/original/DT216681.jpg,0,https://www.wikidata.org/wiki/Q20170988,https://www.wikidata.org/wiki/Q334001,http://vocab.getty.edu/page/ulan/500028323
8269,Tea Strainer,Strainer,1845,,,,Silver,"Overall: 2 1/4 x 1 3/4 in. (5.7 x 4.4 cm); 17 dwt. (26.1 g)
Clip: L. 3 3/8 in. (8.6 cm)",American,United States,Mid-Atlantic,Baltimore,Flowers,Andrew Ellicott Warner,Maker,American,1786,1870,,The American Wing,,1786–1870,False,True,https://www.metmuseum.org/art/collection/search/8269,https://images.metmuseum.org/CRDImages/ad/original/ADA5822.jpg,2,https://www.wikidata.org/wiki/Q116330657,,
555,Book flask,Flask,1849,,,,Mottled brown earthenware,H. 6 in. (15.2 cm),American,United States,New England,Bennington,Books,United States Pottery Company,Maker,American,1852,1852,,The American Wing,,1852–58,False,True,https://www.metmuseum.org/art/collection/search/555,https://images.metmuseum.org/CRDImages/ad/original/DP253042.jpg,4,https://www.wikidata.org/wiki/Q116373246,,
11914,Sculpture Study,Drawing,1816–1879,,,,Graphite on off-white wove paper,10 5/8 x 5 1/4 in. (27 x 13.3 cm),American,,,,Men,William Rimmer,Artist,"American, born England",1816,1879,,The American Wing,,"American (born England), Liverpool 1816–1879 South Milford, Massachusetts",False,True,https://www.metmuseum.org/art/collection/search/11914,https://images.metmuseum.org/CRDImages/ad/original/ap25.122.jpg,1,,https://www.wikidata.org/wiki/Q3637109,http://vocab.getty.edu/page/ulan/500016416
3636,Fire Bucket,Fire bucket,1814,,,,Painted leather,16 1/2 x 8 in. (41.9 x 20.3 cm),,,,,Eagles,,,,,,,The American Wing,,,False,True,https://www.metmuseum.org/art/collection/search/3636,https://images.metmuseum.org/CRDImages/ad/original/10.125.621.JPG,0,https://www.wikidata.org/wiki/Q116391876,,
3221,Dish,Dish,1800–1850,,,,Earthenware,H. 2 1/2 in. (6.4 cm); Diam. 6 5/8 in. (16.8 cm),American,United States,Mid-Atlantic,,,,,,,,,The American Wing,,,False,True,https://www.metmuseum.org/art/collection/search/3221,https://images.metmuseum.org/CRDImages/ad/original/46387.jpg,0,https://www.wikidata.org/wiki/Q116370641,,
3744,Figured flask,Flask,ca. 1824,,,,Blown-molded glass,H. 7 1/8 in. (18.1 cm),American,United States,Southern,Wheeling,Men|Marquis de Lafayette,Knox and McKee (Virginia Green Glass Works),Maker,American,1820,1833,,The American Wing,,1820–ca. 1833,False,True,https://www.metmuseum.org/art/collection/search/3744,https://images.metmuseum.org/CRDImages/ad/original/DP206715.jpg,1,https://www.wikidata.org/wiki/Q116370200,,
688,Dram Cup,Cup,1700–1730,,,,Silver,"Overall: 1 1/16 x 4 1/4 in. (2.7 x 10.8 cm); 1 oz. 18 dwt. (59.1 g)
Lip: Diam. 3/8 in. (8.6 cm)",American,,,,,,,,,,,The American Wing,,,False,True,https://www.metmuseum.org/art/collection/search/688,https://images.metmuseum.org/CRDImages/ad/original/DP105853.jpg,0,https://www.wikidata.org/wiki/Q116373088,,
3703,Scroll flask,Flask,1830–40,,,,Free-blown molded aquamarine glass,H. 7 3/4 in. (19.7 cm),American,United States,Mid-Atlantic,,,,,,,,,The American Wing,,,False,True,https://www.metmuseum.org/art/collection/search/3703,https://images.metmuseum.org/CRDImages/ad/original/DP242915.jpg,0,https://www.wikidata.org/wiki/Q116370243,,
3061,Pipe,Pipe,1710–35,,,,Silver,2 3/16 x 21 x 1 1/16 in. (5.6 x 53.3 x 2.7 cm); 3 oz. 8 dwt. (106.1 g),American,United States,Mid-Atlantic,New York,,,,,,,,The American Wing,,,False,True,https://www.metmuseum.org/art/collection/search/3061,https://images.metmuseum.org/CRDImages/ad/original/DP242557.jpg,2,https://www.wikidata.org/wiki/Q116370742,,
16372,Two Female Nudes; Seated Male Nude (after Michelangelo?); Three Equestrian Figures (from Sketchbook),Drawing,1810–20,,,,"Pen, iron-gaul ink and graphite on off-white laid paper",8 13/16 x 11 1/2 in. (22.4 x 29.2 cm),American,,,,Male Nudes|Female Nudes|Horses,Thomas Sully,Artist,American,1783,1872,,The American Wing,,"American, Horncastle, Lincolnshire 1783–1872 Philadelphia, Pennsylvania",False,True,https://www.metmuseum.org/art/collection/search/16372,https://images.metmuseum.org/CRDImages/ad/original/ADA3153.jpg,1,,https://www.wikidata.org/wiki/Q786545,http://vocab.getty.edu/page/ulan/500006873
8267,Tea Canister,Tea canister,1769,,,,Earthenware; Redware,H. 7 1/2 in. (19.1 cm),American,United States,Mid-Atlantic,Wrightstown,,Joseph Smith,Maker,American,,,,The American Wing,,,False,True,https://www.metmuseum.org/art/collection/search/8267,https://images.metmuseum.org/CRDImages/ad/original/DP207182.jpg,3,https://www.wikidata.org/wiki/Q116330669,,
7802,Spoon,Spoon,1770–1800,,,,Silver,L. 8 3/4 in. (22.2 cm),American,United States,New England,Providence,,Saunders Pitman,Maker,American,1732,1804,,The American Wing,,1732–1804,False,True,https://www.metmuseum.org/art/collection/search/7802,https://images.metmuseum.org/CRDImages/ad/original/98520.jpg,3,https://www.wikidata.org/wiki/Q116331455,https://www.wikidata.org/wiki/Q68191841,
6847,"Rattle, Whistle, and Bells",Rattle,1835–36,,,,Silver,5 1/4 x 2 in. (13.3 x 5.1 cm),British,England,,Birmingham,Musical Instruments,,,,,,,The American Wing,,,False,True,https://www.metmuseum.org/art/collection/search/6847,https://images.metmuseum.org/CRDImages/ad/original/219077.jpg,0,,,
6979,Saltcellar,Saltcellar,1780–1825,,,,Blown pattern-molded lead blue glass,H. 3 in. (7.6 cm),American or British,England,,,,,,,,,,The American Wing,,,False,True,https://www.metmuseum.org/art/collection/search/6979,https://images.metmuseum.org/CRDImages/ad/original/19077.jpg,0,https://www.wikidata.org/wiki/Q116351839,,
9752,Water Bottle,Water bottle,1720–50,,,,Stoneware,H. 9 1/8 in. (23.2 cm),British (American market),England,West Midlands,,,,,,,,,The American Wing,,,False,True,https://www.metmuseum.org/art/collection/search/9752,https://images.metmuseum.org/CRDImages/ad/original/136399.jpg,0,https://www.wikidata.org/wiki/Q116337514,,
15837,Mountain Landscape Sketch (from Sketchbook),Drawing,1890,,,,Graphite on wove paper,4 3/4 x 7 3/4 in. (12.1 x 19.7 cm),American,,,,Mountains,Albert Bierstadt,Artist,American,1830,1902,,The American Wing,,"American, Solingen 1830–1902 New York",False,True,https://www.metmuseum.org/art/collection/search/15837,https://images.metmuseum.org/CRDImages/ad/original/261389.jpg,1,,https://www.wikidata.org/wiki/Q77132,http://vocab.getty.edu/page/ulan/500001248
2437,Covered Platter,Platter,1785–90,,,,Porcelain,H. 12 3/8 in. (31.4 cm),"Chinese, for American market",China,,,Birds|Flowers|Coat of Arms,,,,,,,The American Wing,,,False,True,https://www.metmuseum.org/art/collection/search/2437,https://images.metmuseum.org/CRDImages/ad/original/DP258507.jpg,1,https://www.wikidata.org/wiki/Q116371413,,
4202,Furniture Hardware,Furniture hardware,1670–1870,,,,Brass,Dimensions unavailable,,,,,,,,,,,,The American Wing,,,False,True,https://www.metmuseum.org/art/collection/search/4202,https://images.metmuseum.org/CRDImages/ad/original/35378.jpg,0,,,
9225,Vase,Vase,after 1885,,,,Blown satin green and red glass,H. 5 3/16 in. (13.2 cm),American,United States,Mid-Atlantic,Pittsburgh,,,,,,,,The American Wing,,,False,True,https://www.metmuseum.org/art/collection/search/9225,https://images.metmuseum.org/CRDImages/ad/original/ES6960.jpg,0,https://www.wikidata.org/wiki/Q116330183,,
2857,Cup and Saucer,Cup and saucer,1879–83,,,,Earthenware,H. 2 1/2 in. (6.4 cm); Diam. 4 3/4 in. (12.1 cm),American,United States,New England,Chelsea,,Chelsea Keramic Art Works,Maker,American,1872,1889,,The American Wing,,1872–1889,False,True,https://www.metmuseum.org/art/collection/search/2857,https://images.metmuseum.org/CRDImages/ad/original/DT7411.jpg,3,https://www.wikidata.org/wiki/Q116371325,,
15103,George Bethune,"Painting, miniature",ca. 1800,,,,Watercolor on ivory,3 1/8 x 2 7/16 in. (7.8 x 6.2 cm),American,,,,Men|Portraits,Edward Greene Malbone,Artist,American,1777,1807,,The American Wing,,1777–1807,False,True,https://www.metmuseum.org/art/collection/search/15103,https://images.metmuseum.org/CRDImages/ad/original/DP161513.jpg,1,https://www.wikidata.org/wiki/Q19930622,https://www.wikidata.org/wiki/Q1292928,http://vocab.getty.edu/page/ulan/500023492
11853,Spring Woods,Painting,ca. 1895–1900,,,,Oil on canvas,28 1/4 x 36 in. (71.8 x 91.4 cm),American,,,,Forests|Landscapes,Henry Ward Ranger,Artist,American,1858,1916,,The American Wing,,"American, Syracuse, New York 1858–1916 New York",False,True,https://www.metmuseum.org/art/collection/search/11853,https://images.metmuseum.org/CRDImages/ad/original/ap06.1293.jpg,0,https://www.wikidata.org/wiki/Q20172839,https://www.wikidata.org/wiki/Q5729856,http://vocab.getty.edu/page/ulan/500000026
19004,Quilt center,Quilt center,ca. 1790,,,,"Cotton, printed",27 5/8 x 29 1/2 in. (70.2 x 74.9 cm),American,United States,Mid-Atlantic,Philadelphia,Butterflies|Flowers,John Hewson,Artist,American,1744,1821,,The American Wing,,1744–1821,False,True,https://www.metmuseum.org/art/collection/search/19004,https://images.metmuseum.org/CRDImages/ad/original/DP135340.jpg,0,,https://www.wikidata.org/wiki/Q16975809,http://vocab.getty.edu/page/ulan/500336184
1795,Side Chair,Side Chair,1877–80,,,,Mahogany,34 7/8 x 17 5/8 x 20 1/4 in. (88.6 x 44.8 x 51.4 cm),American,United States,Mid-Atlantic,,,,,,,,,The American Wing,,,False,True,https://www.metmuseum.org/art/collection/search/1795,https://images.metmuseum.org/CRDImages/ad/original/199193.jpg,0,,,
19784,Decanter with stopper,Decanter with stopper,1890–1900,,,,"Glass, wheel cut",8 7/8 × 3 3/8 × 3 3/8 in. (22.5 × 8.6 × 8.6 cm),American,United States,Mid-Atlantic,New York,,Baccarat,Artist,French,1764,9999,,The American Wing,,"French, founded 1764",False,True,https://www.metmuseum.org/art/collection/search/19784,https://images.metmuseum.org/CRDImages/ad/original/DP228126.jpg,1,https://www.wikidata.org/wiki/Q116328246,https://www.wikidata.org/wiki/Q788088,http://vocab.getty.edu/page/ulan/500124177
5605,Pickle jar,Pickle jar,1870–90,,,,"Pressed purple marble glass, metal",Dimensions unavailable,American,United States,Mid-Atlantic,Tarentum,,"Challinor, Taylor and Company",Maker,American,1866,1891,,The American Wing,,1866–1891,False,True,https://www.metmuseum.org/art/collection/search/5605,https://images.metmuseum.org/CRDImages/ad/original/DP227015.jpg,2,https://www.wikidata.org/wiki/Q116363886,,
293,Furniture Hardware,Furniture hardware,1820–30,,,,Gilt brass,Diam. 1 1/8 in. (2.9 cm),,France,,,,Henry Kellam Hancock,Retailer,,1816,1851,,The American Wing,,1816–1851,False,True,https://www.metmuseum.org/art/collection/search/293,https://images.metmuseum.org/CRDImages/ad/original/ADA6275.jpg,0,https://www.wikidata.org/wiki/Q116373526,,
8708,Token of Ulysses S. Grant,Token,ca. 1876,,,,Bronze,Diam. 1 3/8 in. (3.5 cm),,,,,,,,,,,,The American Wing,,,False,True,https://www.metmuseum.org/art/collection/search/8708,https://images.metmuseum.org/CRDImages/ad/original/LC-83_2_457-001.jpg,1,,,
6834,Quart Mug,Quart mug,1780–88,,,,Pewter,H. 6 in. (15.2 cm),American,United States,New England,Middletown,,Joseph Danforth,Maker,American,1758,1788,,The American Wing,,1758–1788,False,True,https://www.metmuseum.org/art/collection/search/6834,https://images.metmuseum.org/CRDImages/ad/original/132005.jpg,0,https://www.wikidata.org/wiki/Q116356085,,
8312,Teacup and Saucer,Teacup and saucer,ca. 1860–66,,,,Porcelain,"Cup: H. 2 1/8 in. (5.4 cm); Diam. 3 3/4 in. (9.5 cm)
Saucer: Diam. 5 1/2 in. (14 cm)","Chinese, for American market",China,,,Birds|Flowers,,,,,,,The American Wing,,,False,True,https://www.metmuseum.org/art/collection/search/8312,https://images.metmuseum.org/CRDImages/ad/original/171509.jpg,0,https://www.wikidata.org/wiki/Q116350511,,
14895,Man Seated; Sketch of a Pig's Head (from Sketchbook),Drawing,ca. 1838 and after,,,,Graphite on off-white white wove paper,6 5/8 x 8 in. (16.8 x 20.3 cm),American,,,,Men|Pigs,Francis William Edmonds,Artist,American,1806,1863,,The American Wing,,"American, Hudson, New York 1806–1863 Bronxville, New York",False,True,https://www.metmuseum.org/art/collection/search/14895,https://images.metmuseum.org/CRDImages/ad/original/246948.jpg,0,,https://www.wikidata.org/wiki/Q3680885,http://vocab.getty.edu/page/ulan/500026117
751519,Tipi bag,Tipi bag,ca. 1890,,,,"Tanned leather, glass beads, metal cones, horsehair, and dye",14 × 19 1/2 in. (35.6 × 49.5 cm),"Lakota/ Teton Sioux, Native American",United States,,,Flags,,,,,,,The American Wing,,,True,True,https://www.metmuseum.org/art/collection/search/751519,https://images.metmuseum.org/CRDImages/ad/original/DP-15301-030.jpg,0,https://www.wikidata.org/wiki/Q104413114,,
15208,Portrait of a Gentleman,"Painting, miniature",ca. 1798,,,,Watercolor on ivory,2 11/16 x 2 3/16 in. (6.8 x 5.6 cm),American,,,,Men|Portraits,Benjamin Trott,Artist,American,1767,1843,,The American Wing,,ca. 1770–1843,False,True,https://www.metmuseum.org/art/collection/search/15208,https://images.metmuseum.org/CRDImages/ad/original/APS6730.jpg,0,https://www.wikidata.org/wiki/Q19930509,https://www.wikidata.org/wiki/Q20852879,http://vocab.getty.edu/page/ulan/500001905
12579,Nature Study,Drawing,1838–1909,,,,Graphite on off-white wove paper,7 13/16 x 11 3/4 in. (19.8 x 29.8 cm),American,,,,Bridges|Mountains,Walter Shirlaw,Artist,"American, Scottish",1838,1909,,The American Wing,,"American, Paisley, Scotland 1838–1909 Madrid",False,True,https://www.metmuseum.org/art/collection/search/12579,https://images.metmuseum.org/CRDImages/ad/original/ap1981.446.4.jpg,1,,https://www.wikidata.org/wiki/Q7966127,http://vocab.getty.edu/page/ulan/500002781
3374,Knocker,Knocker,ca. 1820,,,,Brass,7 x 3 3/8 in. (17.8 x 8.6 cm),,,,,,,,,,,,The American Wing,,,False,True,https://www.metmuseum.org/art/collection/search/3374,https://images.metmuseum.org/CRDImages/ad/original/126254.jpg,1,https://www.wikidata.org/wiki/Q116370499,,
1230,Candlestick,Candlestick,1870–75,,,,Pressed glass,H. 9 5/8 in. (24.4 cm),American,United States,New England,East Cambridge,Caryatids,Henry Whitney,Designer,American,,9999,,The American Wing,,,False,True,https://www.metmuseum.org/art/collection/search/1230,https://images.metmuseum.org/CRDImages/ad/original/174423.jpg,0,https://www.wikidata.org/wiki/Q116372453,,
13060,The Cup of Love,Painting,1887,,,,Oil on wood,12 x 10 in. (25.4 x 30.5 cm),American,,,,Men|Female Nudes|Cupid,Elihu Vedder,Artist,American,1836,1923,,The American Wing,,"American, New York 1836–1923 Rome",False,True,https://www.metmuseum.org/art/collection/search/13060,https://images.metmuseum.org/CRDImages/ad/original/DP-19084-001.jpg,2,https://www.wikidata.org/wiki/Q19930567,https://www.wikidata.org/wiki/Q389726,http://vocab.getty.edu/page/ulan/500032587
3245,Dish,Dish,1830–45,,,,Lacy pressed glass,5 3/4 x 7 7/8 in. (14.6 x 20 cm),American,United States,New England,,,,,,,,,The American Wing,,,False,True,https://www.metmuseum.org/art/collection/search/3245,https://images.metmuseum.org/CRDImages/ad/original/153236.jpg,0,https://www.wikidata.org/wiki/Q116370615,,
452,Bellows,Bellows,1880–90,,,,Pressed purple marble glass,Dimensions unavailable,,England,,,,,,,,,,The American Wing,,,False,True,https://www.metmuseum.org/art/collection/search/452,https://images.metmuseum.org/CRDImages/ad/original/182239.jpg,0,https://www.wikidata.org/wiki/Q116373366,,
4595,Kettle,Kettle,1700–1900,,,,Iron,"14 1/2 × 9 in., 17 in. (36.8 × 22.9 cm)",,,,,,,,,,,,The American Wing,,,False,True,https://www.metmuseum.org/art/collection/search/4595,https://images.metmuseum.org/CRDImages/ad/original/DP-22086-001.jpg,2,https://www.wikidata.org/wiki/Q116392055,,
593,Bottle,Bottle,1800–1820,,,,Blown pattern-molded lead glass,H. 4 1/4 in. (10.8 cm),American,United States,Midwest,,,,,,,,,The American Wing,,,False,True,https://www.metmuseum.org/art/collection/search/593,https://images.metmuseum.org/CRDImages/ad/original/26004.jpg,0,https://www.wikidata.org/wiki/Q116373202,,
6390,Dish,Dish,1750–75,,,,Earthenware,Diam. 9 3/4 in. (24.8 cm),British,England,,Leeds,,,,,,,,The American Wing,,,False,True,https://www.metmuseum.org/art/collection/search/6390,https://images.metmuseum.org/CRDImages/ad/original/DP260592.jpg,0,https://www.wikidata.org/wiki/Q116363839,,
5659,Pitcher,Pitcher,1825–40,,,,Blown-molded glass,H. 7 in. (17.8 cm); Diam. 5 1/2 in. (14 cm),American,United States,New England,,,,,,,,,The American Wing,,,False,True,https://www.metmuseum.org/art/collection/search/5659,https://images.metmuseum.org/CRDImages/ad/original/DP207100.jpg,0,https://www.wikidata.org/wiki/Q116363040,,
1926,Chalice,Chalice,ca. 1813–56,,,,Pewter,H. 5 3/4 in. (14.6 cm),American,United States,New England,Beverly,,Israel Trask,Maker,American,1786,1867,,The American Wing,,1786–1867,False,True,https://www.metmuseum.org/art/collection/search/1926,https://images.metmuseum.org/CRDImages/ad/original/174928.jpg,0,https://www.wikidata.org/wiki/Q116371891,http://www.wikidata.org/entity/Q109249200,http://vocab.getty.edu/page/ulan/500050998
5085,Medal of the Marquis de Lafayette,Medal,1830,,,,Bronze,Diam. 2 in. (5.1 cm),,France,,,Men|Profiles|Marquis de Lafayette,Jacques Edouard Gatteaux,Maker,French,1788,1881,,The American Wing,,"French, Paris 1788–1881 Paris",False,True,https://www.metmuseum.org/art/collection/search/5085,https://images.metmuseum.org/CRDImages/ad/original/LC-83_2_319-001.jpg,2,,https://www.wikidata.org/wiki/Q3025781,http://vocab.getty.edu/page/ulan/500006455
6047,Plate,Plate,1730–70,,,,Porcelain,Diam. 15 1/4 in. (38.7 cm),Chinese,China,,,Flowers,,,,,,,The American Wing,,,False,True,https://www.metmuseum.org/art/collection/search/6047,https://images.metmuseum.org/CRDImages/ad/original/DP262011.jpg,0,https://www.wikidata.org/wiki/Q116352776,,
10506,Farmington,Watercolor,1843,,,,Watercolor and graphite on off-white wove paper,7 1/4 x 20 1/16 in. (18.4 x 51 cm),American,,,,Landscapes|Trees,Samuel Colman,Artist,American,1832,1920,,The American Wing,,"American, Portland, Maine 1832–1920 New York",False,True,https://www.metmuseum.org/art/collection/search/10506,https://images.metmuseum.org/CRDImages/ad/original/ap1973.119.jpg,1,,https://www.wikidata.org/wiki/Q1751436,http://vocab.getty.edu/page/ulan/500031860
13573,Mountain Sketch (from Sketchbook X),Drawing,1885,,,,Graphite on off-white wove paper,5 x 7 1/2 in. (12.7 x 19.1 cm),American,,,,Mountains|Trees,William Trost Richards,Artist,American,1833,1905,,The American Wing,,"American, Philadelphia, Pennsylvania 1833–1905 Newport, Rhode Island",False,True,https://www.metmuseum.org/art/collection/search/13573,https://images.metmuseum.org/CRDImages/ad/original/257694.jpg,1,,https://www.wikidata.org/wiki/Q1985982,http://vocab.getty.edu/page/ulan/500014455
41,Ale Glass,Ale glass,1850–70,,,,Pressed glass,H. 6 1/4 in. (15.9 cm); Diam. 2 15/16 in. (7.5 cm),American,United States,New England,Somerville,,Union Glass Company,Maker,American,,,,The American Wing,,"American, Somerville, Massachusetts",False,True,https://www.metmuseum.org/art/collection/search/41,https://images.metmuseum.org/CRDImages/ad/original/187154.jpg,0,https://www.wikidata.org/wiki/Q116373719,https://www.wikidata.org/wiki/Q18356496,(not assigned)
8256,Tea Caddy,Tea caddy,1775–1800,,,,Porcelain,5 3/4 x 3 1/4 in. (14.6 x 8.3 cm),Chinese,China,,,Coat of Arms,,,,,,,The American Wing,,,False,True,https://www.metmuseum.org/art/collection/search/8256,https://images.metmuseum.org/CRDImages/ad/original/ADA4080.jpg,0,https://www.wikidata.org/wiki/Q116330925,,
12580,Seascape,Watercolor,1838–1909,,,,Watercolor and charcoal on off-white laid paper,10 1/2 x 18 3/8 in. (26.7 x 46.7 cm),American,,,,Seascapes|Ships,Walter Shirlaw,Artist,"American, Scottish",1838,1909,,The American Wing,,"American, Paisley, Scotland 1838–1909 Madrid",False,True,https://www.metmuseum.org/art/collection/search/12580,https://images.metmuseum.org/CRDImages/ad/original/186529.jpg,1,,https://www.wikidata.org/wiki/Q7966127,http://vocab.getty.edu/page/ulan/500002781
6611,Pocket bottle,Pocket bottle,1815–45,,,,"Blown, pattern-molded glass",H. 5 7/16 in. (13.8 cm),American,United States,Mid-Atlantic,,,,,,,,,The American Wing,,,False,True,https://www.metmuseum.org/art/collection/search/6611,https://images.metmuseum.org/CRDImages/ad/original/DP206740.jpg,1,https://www.wikidata.org/wiki/Q116360759,,
1605,Side chair,Side chair,ca. 1790,,,,"mahogany (primary), mahogany veneer; maple (secondary)",38 1/2 x 21 x 17 1/2 in. (97.8 x 53.3 x 44.5 cm),American,United States,Mid-Atlantic,,,,,,,,,The American Wing,,,False,True,https://www.metmuseum.org/art/collection/search/1605,https://images.metmuseum.org/CRDImages/ad/original/132857.jpg,0,https://www.wikidata.org/wiki/Q116372067,,
10887,Scene with Dogs (from McGuire Scrapbook),Drawing,1836,,,,Graphite on off-white wove paper,4 11/16 x 7 3/16 in. (11.9 x 18.3 cm),American,,,,Dogs,Alvan Fisher,Artist,American,1792,1863,,The American Wing,,"American, Needham, Massachusetts 1792–1863 Dedham, Massachusetts",False,True,https://www.metmuseum.org/art/collection/search/10887,https://images.metmuseum.org/CRDImages/ad/original/ap26.216.52.jpg,1,,https://www.wikidata.org/wiki/Q3063754,http://vocab.getty.edu/page/ulan/500012834
3694,Flask,Flask,1750–1800 (?),,,,Blown pattern-molded glass,H. 5 1/2 in. (14 cm),American,United States,,,,,,,,,,The American Wing,,,False,True,https://www.metmuseum.org/art/collection/search/3694,https://images.metmuseum.org/CRDImages/ad/original/17346.jpg,0,https://www.wikidata.org/wiki/Q116370252,,
12788,Annabel Gray,"Painting, miniature",ca. 1904,,,,Watercolor on ivory,Sight: 5 3/8 x 3 1/2 in. (13.7 x 8.9 cm),American,,,,Portraits|Women,Theodora W. Thayer,Artist,American,1868,1905,,The American Wing,,1868–1905,False,True,https://www.metmuseum.org/art/collection/search/12788,https://images.metmuseum.org/CRDImages/ad/original/ap06.297.jpg,0,https://www.wikidata.org/wiki/Q20176705,https://www.wikidata.org/wiki/Q21993961,
9881,Wine Glass,Wine glass,19th century (?),,,,Free-blown blue glass,H. 5 in. (12.7 cm),,,,,,,,,,,,The American Wing,,,False,True,https://www.metmuseum.org/art/collection/search/9881,https://images.metmuseum.org/CRDImages/ad/original/19087.jpg,0,https://www.wikidata.org/wiki/Q116393261,,
16309,Nutmeg Grater,Nutmeg Grater,1775–ca. 1800,,,,Silver and steel,3 1/8 x 1 1/2 x 1 1/4 in. (7.9 x 3.8 x 3.2 cm); 1 oz. 18 dwt. (59.8 g),American,United States,,,,,,,,,,The American Wing,,,False,True,https://www.metmuseum.org/art/collection/search/16309,https://images.metmuseum.org/CRDImages/ad/original/DP233270.jpg,0,https://www.wikidata.org/wiki/Q116326476,,
3654,Fire Tongs,Fire tongs,1770–1800,,,,Brass,H. 37 in. (94 cm),,,,,,,,,,,,The American Wing,,,False,True,https://www.metmuseum.org/art/collection/search/3654,https://images.metmuseum.org/CRDImages/ad/original/127270.jpg,0,https://www.wikidata.org/wiki/Q116370292,,
1207,Candlestick,Candlestick,ca. 1740,,,,Brass,H. 7 3/8 in. (18.7 cm),,England,,,,,,,,,,The American Wing,,,False,True,https://www.metmuseum.org/art/collection/search/1207,https://images.metmuseum.org/CRDImages/ad/original/142484.jpg,0,https://www.wikidata.org/wiki/Q116372473,,
189236,"Commodore Edward Preble (1761–1807) and his Bombardment of Tripoli, August 3, 1804",Medal,1804,,,,"Bronze, struck",Diameter: 2 1/2 in. (64 mm),American,United States,,,Men|Portraits|Profiles|Ships,Johann Mathias Reich,Artist,American,1768,1833,,The American Wing,,"American (born Germany), Fürth, Bavaria 1768–1833 Albany, New York",False,True,https://www.metmuseum.org/art/collection/search/189236,https://images.metmuseum.org/CRDImages/ad/original/LC-07_106_1-001.jpg,3,,https://www.wikidata.org/wiki/Q105610931,http://vocab.getty.edu/page/ulan/500036746
15825,"Cowlitz River; Kelso, Washington (from Sketchbook)",Drawing,1890,,,,Graphite on wove paper,4 3/4 x 7 3/4 in. (12.1 x 19.7 cm),American,,,,Rivers|Trees,Albert Bierstadt,Artist,American,1830,1902,,The American Wing,,"American, Solingen 1830–1902 New York",False,True,https://www.metmuseum.org/art/collection/search/15825,https://images.metmuseum.org/CRDImages/ad/original/261371.jpg,1,,https://www.wikidata.org/wiki/Q77132,http://vocab.getty.edu/page/ulan/500001248
18956,Wholecloth whitework quilt,Quilt,ca. 1815,,,,Quilted cotton,100 x 102 3/4 in. (254 x 261 cm),American,United States,New England,,Fruit|Flowers,J. Wright,Maker,American,,,,The American Wing,,,False,True,https://www.metmuseum.org/art/collection/search/18956,https://images.metmuseum.org/CRDImages/ad/original/DP142718.jpg,0,https://www.wikidata.org/wiki/Q116323584,,
15007,The Stump (after Ruisdael),"Painting, miniature",1815,,,,Enameled copper,3 x 2 1/2 in. (7.6 x 6.4 cm),American,,,,Landscapes|Trees,William Russell Birch,Artist,"American, born England",1755,1834,,The American Wing,,"American (born England), Warwick 1755–1834 Philadelphia, Pennsylvania",False,True,https://www.metmuseum.org/art/collection/search/15007,https://images.metmuseum.org/CRDImages/ad/original/APS6646.jpg,0,https://www.wikidata.org/wiki/Q19925005,https://www.wikidata.org/wiki/Q8017857,http://vocab.getty.edu/page/ulan/500018910
7427,Sherbet Dish,Sherbet dish,ca. 1885,,,,Blown satin white opaque glass,H. 2 1/4 in. (5.7 cm),British,England,West Midlands,,,,,,,,,The American Wing,,,False,True,https://www.metmuseum.org/art/collection/search/7427,https://images.metmuseum.org/CRDImages/ad/original/DP240634.jpg,0,https://www.wikidata.org/wiki/Q116342110,,
10550,"Study for ""The Surrender of the Dutch Admiral De Winter to Admiral Duncan, October 11, 1797"": Three Figures Raising the Colors",Drawing,1798,,,,Black and red chalk and white-chalk heightening on blue laid paper,12 7/16 x 9 in. (31.6 x 22.9 cm),American,,,,Men,John Singleton Copley,Artist,American,1738,1815,,The American Wing,,"American, Boston, Massachusetts 1738–1815 London",False,True,https://www.metmuseum.org/art/collection/search/10550,https://images.metmuseum.org/CRDImages/ad/original/ap60.44.2.jpg,2,,https://www.wikidata.org/wiki/Q316016,http://vocab.getty.edu/page/ulan/500009177
9830,Window Stool,Window Stool,1810–20,,,,"Mahogany, gilt brass",30 1/2 x 37 1/4 x 15 in. (77.5 x 94.6 x 38.1 cm),American,United States,Mid-Atlantic,New York,,,,,,,,The American Wing,,,False,True,https://www.metmuseum.org/art/collection/search/9830,https://images.metmuseum.org/CRDImages/ad/original/DP171124.jpg,4,https://www.wikidata.org/wiki/Q116334753,,
14794,Coverlet,Coverlet,1839,,,,"Wool, cotton, woven",83 1/2 x 75 1/2 in. (212.1 x 191.8 cm),American,United States,Mid-Atlantic,,Lions|Flowers,Harry Tyler,Maker,American,1801,1858,,The American Wing,,1801–1858,False,True,https://www.metmuseum.org/art/collection/search/14794,https://images.metmuseum.org/CRDImages/ad/original/DP142699.jpg,9,,,http://vocab.getty.edu/page/ulan/500334443
14232,Drawer Pull,Drawer pull,1810–60,,,,Pressed glass,Diam. 2 1/8 in. (5.4 cm),,,,,,,,,,,,The American Wing,,,False,True,https://www.metmuseum.org/art/collection/search/14232,https://images.metmuseum.org/CRDImages/ad/original/DP236507.jpg,1,https://www.wikidata.org/wiki/Q116329219,,
14092,Sampler,Sampler,ca. 1791,,,,Silk embroidery on linen,15 3/4 x 11 3/4 in. (40 x 29.8 cm),American,United States,New England,Providence,Animals|Men|Women|Flowers,Rebekah S. Munro,Maker,American,1780,1803,Female,The American Wing,,1780–1803,True,True,https://www.metmuseum.org/art/collection/search/14092,https://images.metmuseum.org/CRDImages/ad/original/DT199.jpg,0,https://www.wikidata.org/wiki/Q29383048,https://www.wikidata.org/wiki/Q29413383,http://vocab.getty.edu/page/ulan/500329617
1522,Cellaret,Cellaret,1810–20,,,,"Mahogany, white pine, tulip poplar",24 1/2 x 27 x 20 1/2 in. (62.2 x 68.6 x 52.1 cm),American,United States,Mid-Atlantic,New York,,,,,,,,The American Wing,,,False,True,https://www.metmuseum.org/art/collection/search/1522,https://images.metmuseum.org/CRDImages/ad/original/194349.jpg,0,https://www.wikidata.org/wiki/Q116372113,,
15139,Mrs. Joseph Cooper (Mary Justice),"Painting, miniature",1797,,,,Watercolor on ivory,2 7/8 x 2 1/4 in. (7.3 x 5.8 cm),American,,,,Portraits|Women,James Peale,Artist,American,1749,1831,,The American Wing,,"American, Chestertown, Maryland 1749–1831 Philadelphia, Pennsylvania",False,True,https://www.metmuseum.org/art/collection/search/15139,https://images.metmuseum.org/CRDImages/ad/original/APS6651.jpg,0,https://www.wikidata.org/wiki/Q19924579,https://www.wikidata.org/wiki/Q3161332,http://vocab.getty.edu/page/ulan/500029852
1711,Side chair,Side chair,1760–90,,,,"Mahogany, white pine",40 1/2 x 21 3/4 x 21 1/4 in. (102.9 x 55.2 x 54 cm),American,United States,Mid-Atlantic,Philadelphia,,,,,,,,The American Wing,,,False,True,https://www.metmuseum.org/art/collection/search/1711,https://images.metmuseum.org/CRDImages/ad/original/88589.jpg,2,,,
7329,Scent Bottle,Scent bottle,1780–1820,,,,Blown pattern-molded glass,H. 2 in. (5.1 cm),American,United States,,,,,,,,,,The American Wing,,,False,True,https://www.metmuseum.org/art/collection/search/7329,https://images.metmuseum.org/CRDImages/ad/original/115330.jpg,0,https://www.wikidata.org/wiki/Q116343025,,
841656,Turnus Provoked into War by Aeneas,Tray,ca. 1764,,,,"Wood, painted lacquer, gold",Diameter: 42 in. (106.7 cm),Mexican,,,,,José Manuel de la Cerda,Artist,Mexican,,,,The American Wing,,"Mexico, active 18th century",False,True,https://www.metmuseum.org/art/collection/search/841656,https://images.metmuseum.org/CRDImages/ad/original/DP-20951-001.jpg,0,,,
19192,Harp,Harp,1859–66,,,,"Wood, bronze, and gilt gesso",90 x 60 in. (228.6 x 152.4 cm),American,United States,Mid-Atlantic,New York,,J. F. Brown & Co.,Maker,American,,,,The American Wing,,,False,True,https://www.metmuseum.org/art/collection/search/19192,https://images.metmuseum.org/CRDImages/ad/original/1971.152.2.JPG,0,https://www.wikidata.org/wiki/Q116393587,,
15128,Joseph Donaldson,"Painting, miniature",1776,,,,Watercolor on ivory,1 3/8 x 1 1/8 in. (3.4 x 2.8 cm),American,,,,Men|Portraits,Charles Willson Peale,Artist,American,1741,1827,,The American Wing,,"American, Chester, Maryland 1741–1827 Philadelphia, Pennsylvania",False,True,https://www.metmuseum.org/art/collection/search/15128,https://images.metmuseum.org/CRDImages/ad/original/DP168976.jpg,1,https://www.wikidata.org/wiki/Q19924281,https://www.wikidata.org/wiki/Q454945,http://vocab.getty.edu/page/ulan/500017914
3148,Desk and Bookcase,Desk and bookcase,1786,,,,"Walnut, maple, white pine, yellow pine",79 3/4 x 44 x 25 1/4 in. (202.6 x 111.8 x 64.1 cm),American,United States,Mid-Atlantic,,,,,,,,,The American Wing,,,False,True,https://www.metmuseum.org/art/collection/search/3148,https://images.metmuseum.org/CRDImages/ad/original/131517.jpg,1,https://www.wikidata.org/wiki/Q116370676,,
2502,Covered Sugar Bowl,Sugar bowl,1870–90,,,,Pressed purple marble glass,H. 8 1/2 in. (21.6 cm); Diam. 4 1/2 in. (11.4 cm),American,United States,Mid-Atlantic,Tarentum,,"Challinor, Taylor and Company",Maker,American,1866,1891,,The American Wing,,1866–1891,False,True,https://www.metmuseum.org/art/collection/search/2502,https://images.metmuseum.org/CRDImages/ad/original/182049.jpg,0,https://www.wikidata.org/wiki/Q116371334,,
5194,Miniature Dish,Dish,1835–50,,,,Lacy pressed glass,W. 1 15/16 in. (4.9 cm),American,United States,New England,Sandwich,,Boston & Sandwich Glass Company,Maker,American,1825,1888,,The American Wing,,"American, 1825–1888, Sandwich, Massachusetts",False,True,https://www.metmuseum.org/art/collection/search/5194,https://images.metmuseum.org/CRDImages/ad/original/180717.jpg,0,https://www.wikidata.org/wiki/Q116365838,https://www.wikidata.org/wiki/Q4948224,http://vocab.getty.edu/page/ulan/500334773
16531,"""Kean as Richard Third"" (from Sketchbook)",Drawing,1811–1893,,,,"Graphite, pen, ink, and watercolor on paper",Dimensions unavailable,American,,,,Weapons|Men,John William Casilear,Artist,American,1811,1893,,The American Wing,,"American, New York 1811–1893 Saratoga Springs, New York",False,True,https://www.metmuseum.org/art/collection/search/16531,https://images.metmuseum.org/CRDImages/ad/original/263696.jpg,0,,https://www.wikidata.org/wiki/Q2700128,http://vocab.getty.edu/page/ulan/500013823
16073,Vesuvius,Watercolor,1904,,,,Watercolor and graphite on toned wove paper,5 1/2 x 8 3/8 in. (14 x 21.3 cm),American,,,,Volcanoes,Mary Newbold Sargent,Artist,American,1826,1906,,The American Wing,,1826–1906,False,True,https://www.metmuseum.org/art/collection/search/16073,https://images.metmuseum.org/CRDImages/ad/original/263780.jpg,0,,https://www.wikidata.org/wiki/Q56739442,
19191,Armchair,Armchair,ca. 1875–80,,,,Ebony and ivory,Approx. 44 x 22 x 22 in. (111.8 x 55.9 x 55.9 cm),American,,,,,,,,,,,The American Wing,,,False,True,https://www.metmuseum.org/art/collection/search/19191,https://images.metmuseum.org/CRDImages/ad/original/DP-21276-001.jpg,2,https://www.wikidata.org/wiki/Q116393585,,
287,Furniture Hardware,Furniture hardware,1820–30,,,,Gilt brass,Diam. 2 1/2 in. (6.4 cm),,France,,,,Henry Kellam Hancock,Retailer,,1816,1851,,The American Wing,,1816–1851,False,True,https://www.metmuseum.org/art/collection/search/287,https://images.metmuseum.org/CRDImages/ad/original/ADA6275.jpg,0,https://www.wikidata.org/wiki/Q116373519,,
8329,Teapot,Teapot,1700–1800,,,,Porcelain,6 x 8 1/2 in. (15.2 x 21.6 cm),British,England,,,Boys|Men|Women,,,,,,,The American Wing,,,False,True,https://www.metmuseum.org/art/collection/search/8329,https://images.metmuseum.org/CRDImages/ad/original/DP-12448-007.jpg,2,,,
8658,Tilt-top Tea Table,Tilt-top tea table,ca. 1800,,,,Mahogany,29 1/2 x 22 x 16 in. (74.9 x 55.9 x 40.6 cm),American,,,,,,,,,,,The American Wing,,,False,True,https://www.metmuseum.org/art/collection/search/8658,https://images.metmuseum.org/CRDImages/ad/original/11815.jpg,0,https://www.wikidata.org/wiki/Q116341158,,
15984,Pedestal,Pedestal,ca. 1870,,,,"Rosewood, rosewood-grained walnut, marquetry of various woods, gilding, ebonizing",H. 39 5/8 in. (100.6 cm); Diam. 19 1/2 in. (49.5 cm),American,United States,Mid-Atlantic,New York,,,,,,,,The American Wing,,,False,True,https://www.metmuseum.org/art/collection/search/15984,https://images.metmuseum.org/CRDImages/ad/original/1997.419.JPG,0,https://www.wikidata.org/wiki/Q116393477,,
4313,Hinge,Hinge,1700–1800,,,,Wrought iron,15 1/8 x 8 3/4 in. (38.4 x 22.2 cm),American,United States,Mid-Atlantic,,,,,,,,,The American Wing,,,False,True,https://www.metmuseum.org/art/collection/search/4313,https://images.metmuseum.org/CRDImages/ad/original/146109.jpg,0,,,
13289,Terrible Disaster! Loss of the Arctic! (from Sketchbook),Drawing,1854–55,,,,Brown ink on brown wove paper,5 x 3 1/4 in. (12.7 x 8.3 cm),American,,,,Men,James McNeill Whistler,Artist,American,1834,1903,,The American Wing,,"American, Lowell, Massachusetts 1834–1903 London",False,True,https://www.metmuseum.org/art/collection/search/13289,https://images.metmuseum.org/CRDImages/ad/original/193283.jpg,0,,https://www.wikidata.org/wiki/Q203643,http://vocab.getty.edu/page/ulan/500012432
20040,Vase,Vase,ca. 1896–1908,,,,Stoneware,10 13/16 x 5 5/8 in. (27.5 x 14.3 cm),American,United States,New England United States,Dedham,,Dedham Pottery,Manufacturer,American,1895,1943,,The American Wing,,1895–1943,False,True,https://www.metmuseum.org/art/collection/search/20040,https://images.metmuseum.org/CRDImages/ad/original/L.2009.22.128.jpg,1,https://www.wikidata.org/wiki/Q116393801,https://www.wikidata.org/wiki/Q5249776,(not assigned)
10476,Still Life: Fish,Painting,by 1908,,,,Oil on canvas,40 1/8 x 45 1/16 in. (101.9 x 114.5 cm),American,,,,Vegetables|Fish|Still Life,William Merritt Chase,Artist,American,1849,1916,,The American Wing,,"American, Williamsburg, Indiana 1849–1916 New York",False,True,https://www.metmuseum.org/art/collection/search/10476,https://images.metmuseum.org/CRDImages/ad/original/DP361299.jpg,2,https://www.wikidata.org/wiki/Q19924871,https://www.wikidata.org/wiki/Q265820,http://vocab.getty.edu/page/ulan/500115356
9747,Watch Case,Watch case,1800–1830,,,,Walrus ivory,9 1/2 x 3 3/8 in. (24.1 x 8.6 cm),,,,,Birds|Ships,,,,,,,The American Wing,,,False,True,https://www.metmuseum.org/art/collection/search/9747,https://images.metmuseum.org/CRDImages/ad/original/81051.jpg,0,https://www.wikidata.org/wiki/Q116337527,,
1322,Candlestick,Candlestick,1755–60,,,,Silver,"Overall: 9 15/16 x 5 1/16 in. (25.2 x 12.9 cm); 19 oz. 4 dwt. (596.6 g)
Without bobeche: 9 11/16 in. (24.6 cm); 17 oz. 4 dwt. (535.7 g)
Bobeche: 1 3/4 x 2 7/8 in. (4.4 x 7.3 cm); 1 oz. 19 dwt. (60.9 g)",American,United States,Mid-Atlantic,New York,,Myer Myers,Maker,American,1723,1795,,The American Wing,,1723–1795,False,True,https://www.metmuseum.org/art/collection/search/1322,https://images.metmuseum.org/CRDImages/ad/original/DP251702.jpg,4,https://www.wikidata.org/wiki/Q116372380,https://www.wikidata.org/wiki/Q29441860,http://vocab.getty.edu/page/ulan/500092592
5268,Figure of Mrs. Catherine Macaulay,Figure,ca. 1775,,,,Porcelain,H. 13 in. (33 cm),British,England,,London,Books|Portraits|Women,Chelsea Factory,Maker,,1742,1784,,The American Wing,,ca. 1745–1784,False,True,https://www.metmuseum.org/art/collection/search/5268,https://images.metmuseum.org/CRDImages/ad/original/132982.jpg,0,https://www.wikidata.org/wiki/Q116365791,https://www.wikidata.org/wiki/Q2072152,http://vocab.getty.edu/page/ulan/500048092
2600,Creamer,Cream pot,1780–1820,,,,Blown pattern-molded lead glass,H. 4 3/8 in. (11.1 cm),American or British,England,,,,,,,,,,The American Wing,,,False,True,https://www.metmuseum.org/art/collection/search/2600,https://images.metmuseum.org/CRDImages/ad/original/DP234121.jpg,2,https://www.wikidata.org/wiki/Q116371189,,
15008,Portrait of a Gentleman,"Painting, miniature",1755–1834,,,,Enameled copper,15/16 x 3/4 in. (2.4 x 1.9 cm),American,,,,Men|Portraits,William Russell Birch,Artist,"American, born England",1755,1834,,The American Wing,,"American (born England), Warwick 1755–1834 Philadelphia, Pennsylvania",False,True,https://www.metmuseum.org/art/collection/search/15008,https://images.metmuseum.org/CRDImages/ad/original/APS6774.jpg,0,https://www.wikidata.org/wiki/Q20177240,https://www.wikidata.org/wiki/Q8017857,http://vocab.getty.edu/page/ulan/500018910
9012,Tumbler,Tumbler,1770–1830,,,,Blown pattern-molded glass,H. 5 5/8 in. (14.3 cm),American,United States,,,,,,,,,,The American Wing,,,False,True,https://www.metmuseum.org/art/collection/search/9012,https://images.metmuseum.org/CRDImages/ad/original/DP234122.jpg,0,https://www.wikidata.org/wiki/Q116334712,,
10534,The Return of Neptune,Painting,ca. 1754,,,,Oil on canvas,27 1/2 x 44 1/2 in. (69.9 x 113 cm),American,,,,Female Nudes|Centaurs|Mermaids|Neptune|Horses,John Singleton Copley,Artist,American,1738,1815,,The American Wing,,"American, Boston, Massachusetts 1738–1815 London",False,True,https://www.metmuseum.org/art/collection/search/10534,https://images.metmuseum.org/CRDImages/ad/original/DT201337.jpg,0,https://www.wikidata.org/wiki/Q19924591,https://www.wikidata.org/wiki/Q316016,http://vocab.getty.edu/page/ulan/500009177
10271,"Cedars, Bellport, Long Island",Drawing,1880,,,,Black ink and graphite traces on off-white wove paper,13 5/8 x 9 13/16 in. (34.6 x 24.9 cm),American,,,,Trees,Andrew Fisher Bunner,Artist,American,1841,1897,,The American Wing,,1841–1897,False,True,https://www.metmuseum.org/art/collection/search/10271,https://images.metmuseum.org/CRDImages/ad/original/ap99.38.49.jpg,1,,https://www.wikidata.org/wiki/Q21985212,http://vocab.getty.edu/page/ulan/500021243
15762,"Sketch of Rocky Mountains, Canada (from Sketchbook)",Drawing,1890,,,,Graphite on wove paper,4 3/4 x 7 3/4 in. (12.1 x 19.7 cm),American,,,,Mountains,Albert Bierstadt,Artist,American,1830,1902,,The American Wing,,"American, Solingen 1830–1902 New York",False,True,https://www.metmuseum.org/art/collection/search/15762,https://images.metmuseum.org/CRDImages/ad/original/260784.jpg,1,,https://www.wikidata.org/wiki/Q77132,http://vocab.getty.edu/page/ulan/500001248
11347,Charles Henry Augustus Carter,Painting,ca. 1845,,,,Oil on canvas,36 1/8 x 30 in. (91.8 x 76.2 cm),American,,,,Men|Portraits,Nicholas Biddle Kittell,Artist,American,1822,1894,,The American Wing,,1822–1894,False,True,https://www.metmuseum.org/art/collection/search/11347,https://images.metmuseum.org/CRDImages/ad/original/ap65.232.1.jpg,1,https://www.wikidata.org/wiki/Q20172271,https://www.wikidata.org/wiki/Q20496807,http://vocab.getty.edu/page/ulan/500011372
15905,Sketch of Breaking Waves (from Sketchbook VII),Drawing,1886,,,,Graphite on off-white wove paper,5 x 7 1/2 in. (12.7 x 19.1 cm),American,,,,Seascapes|Waves,William Trost Richards,Artist,American,1833,1905,,The American Wing,,"American, Philadelphia, Pennsylvania 1833–1905 Newport, Rhode Island",False,True,https://www.metmuseum.org/art/collection/search/15905,https://images.metmuseum.org/CRDImages/ad/original/257795.jpg,0,,https://www.wikidata.org/wiki/Q1985982,http://vocab.getty.edu/page/ulan/500014455
15842,Two Landscape Sketches with Trees and Mountains (from Sketchbook),Drawing,1890,,,,Graphite on wove paper,4 3/4 x 7 3/4 in. (12.1 x 19.7 cm),American,,,,Mountains|Landscapes|Trees,Albert Bierstadt,Artist,American,1830,1902,,The American Wing,,"American, Solingen 1830–1902 New York",False,True,https://www.metmuseum.org/art/collection/search/15842,https://images.metmuseum.org/CRDImages/ad/original/261396.jpg,0,,https://www.wikidata.org/wiki/Q77132,http://vocab.getty.edu/page/ulan/500001248
20110,Center Table,Center table,1825–30,,,,"Mahogany, ebonized mahogany, gilded wood, marble (white pine apron)",37 7/8 x 46 x 19 in. (96.2 x 116.8 x 48.3 cm),American,United States,Mid-Atlantic,New York,,,,,,,,The American Wing,,,False,True,https://www.metmuseum.org/art/collection/search/20110,https://images.metmuseum.org/CRDImages/ad/original/DP255652.jpg,2,,,
6998,Saltcellar,Saltcellar,1835–40,,,,Lacy pressed aquamarine glass,W. 2 15/16 in. (7.5 cm),American,United States,New England,,,,,,,,,The American Wing,,,False,True,https://www.metmuseum.org/art/collection/search/6998,https://images.metmuseum.org/CRDImages/ad/original/180294.jpg,0,https://www.wikidata.org/wiki/Q116351813,,
16126,"Pine Cliff, Mohonk, 1871 (from Sketchbook)",Drawing,ca. 1870,,,,Graphite on paper,5 1/2 x 8 3/4 in. (14 x 22.2 cm),American,,,,Landscapes,Daniel Huntington,Artist,American,1816,1906,,The American Wing,,"American, New York 1816–1906 New York",False,True,https://www.metmuseum.org/art/collection/search/16126,https://images.metmuseum.org/CRDImages/ad/original/264350.jpg,0,,https://www.wikidata.org/wiki/Q323987,http://vocab.getty.edu/page/ulan/500017937
5827,Pitcher,Pitcher,1875,,,,Parian porcelain,H. 8 3/16 in. (20.8 cm),American,United States,Mid-Atlantic,Brooklyn,Men|Profiles,Karl L. H. Müller,Designer,American,1820,1890,,The American Wing,,1820–1887,False,True,https://www.metmuseum.org/art/collection/search/5827,https://images.metmuseum.org/CRDImages/ad/original/DP223222.jpg,7,https://www.wikidata.org/wiki/Q116358557,,http://vocab.getty.edu/page/ulan/500332076
11147,"A Wall, Nassau",Watercolor,1898,,,,Watercolor and graphite on off-white wove paper,"14 7/8 x 21 3/8 in. (37.8 x 54.3 cm)
Framed: 24 1/2 x 30 1/2 in. (62.2 x 77.5 cm)",American,,,,,Winslow Homer,Artist,American,1836,1910,,The American Wing,,"American, Boston, Massachusetts 1836–1910 Prouts Neck, Maine",False,True,https://www.metmuseum.org/art/collection/search/11147,https://images.metmuseum.org/CRDImages/ad/original/DP119114.jpg,2,,https://www.wikidata.org/wiki/Q344838,http://vocab.getty.edu/page/ulan/500019202
8687,Medal,Medal,1859,,,,Gilt bronze,Diam. 1 1/4 in. (3.2 cm),,,,,George Washington|Profiles,,,,,,,The American Wing,,,False,True,https://www.metmuseum.org/art/collection/search/8687,https://images.metmuseum.org/CRDImages/ad/original/LC-83_2_33-001.jpg,2,,,
13594,Chair Seat,Chair seat,ca. 1825,,,,Linen embroidered with silk thread,20 x 20 in. (50.8 x 50.8 cm),American,,,,Women|Dogs,,,,,,,The American Wing,,,False,True,https://www.metmuseum.org/art/collection/search/13594,https://images.metmuseum.org/CRDImages/ad/original/AR306.jpg,1,,,
13369,Looking Glass,Looking glass,1769–75,,,,"Painted white pine, northern white cedar; mirror glass",48 x 26 in. (121.9 x 66 cm),American,United States,Mid-Atlantic,Philadelphia,,John Elliott Sr.,Retailer,American,1713,1791,,The American Wing,,1713–1791,False,True,https://www.metmuseum.org/art/collection/search/13369,https://images.metmuseum.org/CRDImages/ad/original/DT6397.jpg,8,https://www.wikidata.org/wiki/Q116329737,https://www.wikidata.org/wiki/Q98561965,http://vocab.getty.edu/page/ulan/500329519
2505,Covered Hobnail Sugar Bowl,Sugar bowl,after 1886,,,,"Pressed cranberry, opalescent and colorless glass",H. 5 3/4 in. (14.6 cm),American,United States,Southern,Wheeling,,"Hobbs, Brockunier and Company",Maker,American,1863,1891,,The American Wing,,1863–1891,False,True,https://www.metmuseum.org/art/collection/search/2505,https://images.metmuseum.org/CRDImages/ad/original/176852.jpg,0,https://www.wikidata.org/wiki/Q116371323,https://www.wikidata.org/wiki/Q16997505,http://vocab.getty.edu/page/ulan/500330432
13260,Man with Walking Stick (from Sketchbook),Drawing,1854–55,,,,Black ink and graphite on buff wove paper,3 7/8 x 3 3/4 in. (9.8 x 9.5 cm),American,,,,Animals|Men,James McNeill Whistler,Artist,American,1834,1903,,The American Wing,,"American, Lowell, Massachusetts 1834–1903 London",False,True,https://www.metmuseum.org/art/collection/search/13260,https://images.metmuseum.org/CRDImages/ad/original/193274.jpg,2,,https://www.wikidata.org/wiki/Q203643,http://vocab.getty.edu/page/ulan/500012432
9609,Wall Bracket,Wall bracket,1765–90,,,,"Pine, gilt gesso",9 7/8 x 6 3/4 x 5 5/8 in. (25.1 x 17.1 x 14.3 cm),American,United States,,,,,,,,,,The American Wing,,,False,True,https://www.metmuseum.org/art/collection/search/9609,https://images.metmuseum.org/CRDImages/ad/original/197322.jpg,0,,,
9093,Tumbler,Tumbler,1850–60,,,,Pressed glass,H. 3 7/8 in. (9.8 cm); Diam. 3 1/2 in. (8.9 cm),American,United States,Mid-Atlantic,Pittsburgh,,,,,,,,The American Wing,,,False,True,https://www.metmuseum.org/art/collection/search/9093,https://images.metmuseum.org/CRDImages/ad/original/DP235200.jpg,0,https://www.wikidata.org/wiki/Q116332618,,
16134,"Under the Cliffs, 1871 (from Sketchbook)",Drawing,ca. 1870,,,,Graphite on paper,5 1/2 x 8 3/4 in. (14 x 22.2 cm),American,,,,Landscapes,Daniel Huntington,Artist,American,1816,1906,,The American Wing,,"American, New York 1816–1906 New York",False,True,https://www.metmuseum.org/art/collection/search/16134,https://images.metmuseum.org/CRDImages/ad/original/264357.jpg,0,,https://www.wikidata.org/wiki/Q323987,http://vocab.getty.edu/page/ulan/500017937
13964,Knotted Rug,Rug,1800–1900,,,,Wool,117 x 38 in. (297.2 x 96.5 cm),Caucasian,,Caucasus,,,,,,,,,The American Wing,,,False,True,https://www.metmuseum.org/art/collection/search/13964,https://images.metmuseum.org/CRDImages/ad/original/136365.jpg,0,https://www.wikidata.org/wiki/Q116393386,,
9501,Vase,Vase,ca. 1831–35,,,,Porcelain,H. 12 1/2 in. (31.8 cm); Diam. 9 1/4 in. (23.5 cm),French,France,,,Landscapes,,,,,,,The American Wing,,,False,True,https://www.metmuseum.org/art/collection/search/9501,https://images.metmuseum.org/CRDImages/ad/original/ADA4112.jpg,0,https://www.wikidata.org/wiki/Q116341398,,
9789,"Welcome: Stained Glass Window from the Mrs. George T. Bliss House, New York",Stained glass window,1908–9,,,,"Leaded opalescent glass, cloisonne glass, copper wire, paint",156 x 96 in. (396.2 x 243.8 cm),American,United States,Mid-Atlantic,New York,Windows|Women,John La Farge,Maker,American,1835,1910,,The American Wing,,"American, New York 1835–1910 Providence, Rhode Island",False,True,https://www.metmuseum.org/art/collection/search/9789,https://images.metmuseum.org/CRDImages/ad/original/DT12121.jpg,0,https://www.wikidata.org/wiki/Q116336198,https://www.wikidata.org/wiki/Q3120087,http://vocab.getty.edu/page/ulan/500022926
4996,Quart Measure,Quart measure,1835,,,,Pewter,H. 10 in. (25.4 cm),American,United States,Mid-Atlantic,New York,,Boardman and Hart,Maker,American,1828,1853,,The American Wing,,1828–1853,False,True,https://www.metmuseum.org/art/collection/search/4996,https://images.metmuseum.org/CRDImages/ad/original/217995.jpg,0,https://www.wikidata.org/wiki/Q116365880,,
868,Bowl,Bowl,1785–90,,,,Porcelain,Diam. 6 1/4 in. (15.9 cm),"Chinese, for American market",China,,,Birds|Coat of Arms,,,,,,,The American Wing,,,False,True,https://www.metmuseum.org/art/collection/search/868,https://images.metmuseum.org/CRDImages/ad/original/DP258515.jpg,0,https://www.wikidata.org/wiki/Q116372792,,
10287,"Ponte dei Miracoli, Venice",Drawing,1883,,,,Black ink and graphite traces on off-white wove paper,12 1/8 x 9 3/4 in. (30.8 x 24.8 cm),American,,,,Buildings|Bridges|Canals|Venice,Andrew Fisher Bunner,Artist,American,1841,1897,,The American Wing,,1841–1897,False,True,https://www.metmuseum.org/art/collection/search/10287,https://images.metmuseum.org/CRDImages/ad/original/172855.jpg,1,,https://www.wikidata.org/wiki/Q21985212,http://vocab.getty.edu/page/ulan/500021243
5113,Thomas Jefferson,Medal,1801,,,,Bronze,Diam. 3 in. (7.6 cm),,,,,Thomas Jefferson|Hands|Men|Profiles,Johann Mathias Reich,Artist,American,1768,1833,,The American Wing,,"American (born Germany), Fürth, Bavaria 1768–1833 Albany, New York",False,True,https://www.metmuseum.org/art/collection/search/5113,https://images.metmuseum.org/CRDImages/ad/original/LC-83_2_426-001.jpg,3,,https://www.wikidata.org/wiki/Q105610931,http://vocab.getty.edu/page/ulan/500036746
2582,Cream Jug,Cream jug,1820–40,,,,Blown molded lead blue and colorless glass,H. 5 1/4 in. (13.3 cm),American,United States,,,,,,,,,,The American Wing,,,False,True,https://www.metmuseum.org/art/collection/search/2582,https://images.metmuseum.org/CRDImages/ad/original/ADA4081.jpg,0,https://www.wikidata.org/wiki/Q116371213,,
4004,Fragment,Fragment,1700–1800,,,,Free-blown glass,H. 15/16 in. (2.4 cm),American,United States,Mid-Atlantic,Wistarburg,,,,,,,,The American Wing,,,False,True,https://www.metmuseum.org/art/collection/search/4004,https://images.metmuseum.org/CRDImages/ad/original/112941.jpg,0,https://www.wikidata.org/wiki/Q116367731,,
7358,Sconce,Sconce,1795–1815,,,,Silver plate on copper,7 3/4 x 17 5/8 in. (19.7 x 44.8 cm),,England,Yorkshire and the Humber,Sheffield,,,,,,,,The American Wing,,,False,True,https://www.metmuseum.org/art/collection/search/7358,https://images.metmuseum.org/CRDImages/ad/original/129897.jpg,0,https://www.wikidata.org/wiki/Q116342888,,
5528,Paperweight,Paperweight,1870–1900,,,,Free-blown glass,H. 4 in. (10.2 cm),American,United States,New England,New Bedford,Flowers,Mount Washington Glass Company,Maker,American,1837,1958,,The American Wing,,"American, New Bedford, Massachusetts, 1837–1958",False,True,https://www.metmuseum.org/art/collection/search/5528,https://images.metmuseum.org/CRDImages/ad/original/80783.jpg,0,https://www.wikidata.org/wiki/Q116392314,,http://vocab.getty.edu/page/ulan/500330455
761604,,Face jug,ca. 1850–80,,,,Alkaline-glazed stoneware with kaolin,10 1/4 in. (26 cm),American,United States,South,,Faces,Unrecorded  Edgefield District potter,Maker,American,1800,1920,,The American Wing,,American,True,True,https://www.metmuseum.org/art/collection/search/761604,https://images.metmuseum.org/CRDImages/ad/original/DP-15482-003.jpg,4,https://www.wikidata.org/wiki/Q104413130,,
13558,Beadwork panel,Panel,1875–90,,,,Silk and glass beads,8 1/2 x 21 in. (21.6 x 53.3 cm),American,,,,Flowers,,,,,,,The American Wing,,,False,True,https://www.metmuseum.org/art/collection/search/13558,https://images.metmuseum.org/CRDImages/ad/original/RT579.jpg,1,,,
11384,"The Recording of Precedents: Confucius and His Pupils Collate and Transcribe Documents in Their Favorite Grove; Color Study for Mural, Supreme Court Room, Minnesota State Capitol, Saint Paul",Watercolor,1903,,,,"Gouache, watercolor, gum arabic, and graphite on tan wove paper",7 x 10 5/8 in. (17.8 x 27 cm),American,,,,Men|Writing,John La Farge,Artist,American,1835,1910,,The American Wing,,"American, New York 1835–1910 Providence, Rhode Island",False,True,https://www.metmuseum.org/art/collection/search/11384,https://images.metmuseum.org/CRDImages/ad/original/ap67.55.168.jpg,1,https://www.wikidata.org/wiki/Q20178333,https://www.wikidata.org/wiki/Q3120087,http://vocab.getty.edu/page/ulan/500022926
751622,Autumn Scattering Leaves,Watercolor,ca. 1900,,,,Watercolor and gouache on paper,18 × 13 in. (45.7 × 33 cm),American,,,,,John La Farge,Artist,American,1835,1910,,The American Wing,,"American, New York 1835–1910 Providence, Rhode Island",False,True,https://www.metmuseum.org/art/collection/search/751622,https://images.metmuseum.org/CRDImages/ad/original/DP-13889-001.jpg,0,https://www.wikidata.org/wiki/Q116726334,https://www.wikidata.org/wiki/Q3120087,http://vocab.getty.edu/page/ulan/500022926
3685,Firescreen,Firescreen,1760–90,,,,Mahogany,55 1/2 x 22 1/2 x 17 in. (141 x 57.2 x 43.2 cm),American,United States,New England,Newport,Flowers,John Townsend,Maker,American,1732,1809,,The American Wing,,1732–1809,False,True,https://www.metmuseum.org/art/collection/search/3685,https://images.metmuseum.org/CRDImages/ad/original/DT235350.jpg,3,https://www.wikidata.org/wiki/Q116370258,https://www.wikidata.org/wiki/Q56006667,http://vocab.getty.edu/page/ulan/500062602
7296,Saucer,Saucer,1785–90,,,,Porcelain,Diam. 5 1/8 in. (13 cm),"Chinese, for American market",China,,,Birds|Coat of Arms,,,,,,,The American Wing,,,False,True,https://www.metmuseum.org/art/collection/search/7296,https://images.metmuseum.org/CRDImages/ad/original/DP258646.jpg,0,https://www.wikidata.org/wiki/Q116343120,,
716909,Vase,Vase,ca. 1897–1900,,,,earthenware,H. 9 1/2 in.,American,United States,South,Biloxi,,George E. Ohr,Maker,American,1857,1918,,The American Wing,,"American, Biloxi, Mississippi 1857–1918  Biloxi, Mississippi",False,True,https://www.metmuseum.org/art/collection/search/716909,https://images.metmuseum.org/CRDImages/ad/original/DP-14161-160.jpg,1,https://www.wikidata.org/wiki/Q116444685,https://www.wikidata.org/wiki/Q5538774,http://vocab.getty.edu/page/ulan/500071841
6615,Pocket bottle,Pocket bottle,1815–45,,,,"Blown, pattern-molded glass",H. 5 5/16 in. (13.5 cm),American,United States,Mid-Atlantic,,,,,,,,,The American Wing,,,False,True,https://www.metmuseum.org/art/collection/search/6615,https://images.metmuseum.org/CRDImages/ad/original/DP206739.jpg,1,https://www.wikidata.org/wiki/Q116360614,,
9534,Vase,Vase,1830–70,,,,Parian porcelain,10 3/4 x 4 7/8 x 4 3/4 in. (27.3 x 12.4 x 12.1 cm),American,United States,New England,Bennington,Grapes,,,,,,,The American Wing,,,False,True,https://www.metmuseum.org/art/collection/search/9534,https://images.metmuseum.org/CRDImages/ad/original/140760.jpg,1,,,
7696,Soup Plate,Soup plate,1800–1830,,,,Porcelain,Diam. 9 5/8 in. (24.4 cm),Chinese,China,,,Landscapes,,,,,,,The American Wing,,,False,True,https://www.metmuseum.org/art/collection/search/7696,https://images.metmuseum.org/CRDImages/ad/original/157735.jpg,0,https://www.wikidata.org/wiki/Q116334665,,
20263,Vanderbilt Mantelpiece date panel,Mantelpiece,1881–83,,,,"Mahogany, ivory, mother-of-pearl, and coral",79 1/8 x 24 1/2 x 5 1/8 in. (201 x 62.2 x 13 cm),American,,,,,Augustus Saint-Gaudens,Maker,American,1848,1907,,The American Wing,,"American, Dublin 1848–1907 Cornish, New Hampshire",False,True,https://www.metmuseum.org/art/collection/search/20263,https://images.metmuseum.org/CRDImages/ad/original/DP169685.jpg,0,,https://www.wikidata.org/wiki/Q770625,http://vocab.getty.edu/page/ulan/500124332
1376,Candlestick,Candlestick,1700–1750,,,,Brass,H. 13 1/8 in. (33.3 cm),,,,,,,,,,,,The American Wing,,,False,True,https://www.metmuseum.org/art/collection/search/1376,https://images.metmuseum.org/CRDImages/ad/original/80919.jpg,0,https://www.wikidata.org/wiki/Q116372319,,
11117,"Eagle Head, Manchester, Massachusetts (High Tide)",Painting,1870,,,,Oil on canvas,"26 x 38 in. (66 x 96.5 cm)
Framed: 38 3/8 x 50 1/4 x 5 1/4 in. (97.5 x 127.6 x 13.3 cm)",American,,,,Women|Dogs|Beaches,Winslow Homer,Artist,American,1836,1910,,The American Wing,,"American, Boston, Massachusetts 1836–1910 Prouts Neck, Maine",False,True,https://www.metmuseum.org/art/collection/search/11117,https://images.metmuseum.org/CRDImages/ad/original/DP-21445-001.jpg,1,https://www.wikidata.org/wiki/Q19930554,https://www.wikidata.org/wiki/Q344838,http://vocab.getty.edu/page/ulan/500019202
3879,Chandelier,Chandelier,1868–70,,,,Brass,H. 68 in. (172.7 cm),American,United States,Mid-Atlantic,New York,,"Mitchell, Vance & Co.",Maker,,,,,The American Wing,,New York,False,True,https://www.metmuseum.org/art/collection/search/3879,https://images.metmuseum.org/CRDImages/ad/original/192987.jpg,0,https://www.wikidata.org/wiki/Q116370133,,http://vocab.getty.edu/page/ulan/500287716
15150,P. F. Ronbeau,"Painting, miniature",1821,,,,Watercolor on ivory,2 7/16 x 2 1/16 in. (6.2 x 5.2 cm),American,,,,Men|Portraits,Raphaelle Peale,Artist,American,1774,1825,,The American Wing,,1774–1825,False,True,https://www.metmuseum.org/art/collection/search/15150,https://images.metmuseum.org/CRDImages/ad/original/APS6656.jpg,0,https://www.wikidata.org/wiki/Q20177523,https://www.wikidata.org/wiki/Q1374536,http://vocab.getty.edu/page/ulan/500004821
7604,Couch,Couch,ca. 1837,,,,"Mahogany, mahogany veneer, pine, ash, modern upholstery",38 1/2 x 74 x 24 1/2 in. (97.8 x 188 x 62.2 cm),American,United States,Mid-Atlantic,New York,,Duncan Phyfe,Maker,"American, born Scotland",1770,1854,,The American Wing,,"American (born Scotland), near Lock Fannich, Ross-Shire, Scotland 1768/1770–1854 New York",True,True,https://www.metmuseum.org/art/collection/search/7604,https://images.metmuseum.org/CRDImages/ad/original/DP171106.jpg,5,https://www.wikidata.org/wiki/Q96161092,https://www.wikidata.org/wiki/Q3041258,http://vocab.getty.edu/page/ulan/500082047
16423,Goat (from Sketchbook),Drawing,"1834, 1838",,,,Graphite on wove paper,7 1/4 x 9 in. (18.4 x 22.9 cm),American,,,,Goats|Plants,John William Casilear,Artist,American,1811,1893,,The American Wing,,"American, New York 1811–1893 Saratoga Springs, New York",False,True,https://www.metmuseum.org/art/collection/search/16423,https://images.metmuseum.org/CRDImages/ad/original/265211.jpg,0,,https://www.wikidata.org/wiki/Q2700128,http://vocab.getty.edu/page/ulan/500013823
2994,Curtain Knob,Curtain knob,ca. 1850,,,,"Brass, gilded alloy",Diam. 3 13/16 in. (9.7 cm),,,,,,,,,,,,The American Wing,,,False,True,https://www.metmuseum.org/art/collection/search/2994,https://images.metmuseum.org/CRDImages/ad/original/195957.jpg,0,,,
5767,Pitcher,Pitcher,ca. 1850–56,,,,Earthenware,H. 8 1/2 in. (21.6 cm),American,United States,Mid-Atlantic,Baltimore,Grapes|Hunting|Boars|Dogs,E. & W. Bennett Pottery,Manufacturer,American,1847,1857,,The American Wing,,"American, Baltimore, Maryland 1847–1857",False,True,https://www.metmuseum.org/art/collection/search/5767,https://images.metmuseum.org/CRDImages/ad/original/ADA5361.jpg,4,https://www.wikidata.org/wiki/Q116360910,https://www.wikidata.org/wiki/Q98446707,http://vocab.getty.edu/page/ulan/500524602
763,Bowl,Bowl,ca. 1830,,,,Lacy pressed glass,Diam. 12 1/16 in. (30.6 cm),,,,,,,,,,,,The American Wing,,,False,True,https://www.metmuseum.org/art/collection/search/763,https://images.metmuseum.org/CRDImages/ad/original/172027.jpg,1,https://www.wikidata.org/wiki/Q116372996,,
13276,"Printed Announcement from B. Christ to which is Glued Drawing with Inscription ""W.B. Christ bids good morning . . . "" (from Sketchbook)",Drawing,1854–55,,,,Brown ink on off-white wove paper,4 1/4 x 2 7/8 in. (10.8 x 7.3 cm),American,,,,,James McNeill Whistler,Artist,American,1834,1903,,The American Wing,,"American, Lowell, Massachusetts 1834–1903 London",False,True,https://www.metmuseum.org/art/collection/search/13276,https://images.metmuseum.org/CRDImages/ad/original/193284.jpg,0,,https://www.wikidata.org/wiki/Q203643,http://vocab.getty.edu/page/ulan/500012432
1481,Caster,Caster,ca. 1735,,,,Silver,"Overall: 5 5/8 x 1 15/16 in. (14.3 x 4.9 cm); 4 oz. 13 dwt. (144.6 g)
Foot: Diam. 1 13/16 in. (4.6 cm)
Body: H. 3 3/16 in. (8.1 cm); 3 oz. (93.4 g)
Cover: H. 2 7/8 in. (7.3 cm); 1 oz. 13 dwt. (51.2 g)",American,United States,Mid-Atlantic,New York,,Adrian Bancker,Maker,American,1703,1772,,The American Wing,,1703–1772,False,True,https://www.metmuseum.org/art/collection/search/1481,https://images.metmuseum.org/CRDImages/ad/original/DP110846.jpg,2,https://www.wikidata.org/wiki/Q116372167,https://www.wikidata.org/wiki/Q66827450,(not assigned)
14230,Drawer Pull,Drawer pull,1810–60,,,,Pressed glass,Diam. 2 1/8 in. (5.4 cm),,,,,,,,,,,,The American Wing,,,False,True,https://www.metmuseum.org/art/collection/search/14230,https://images.metmuseum.org/CRDImages/ad/original/DP236503.jpg,0,https://www.wikidata.org/wiki/Q116329242,,
1260,Candlestick,Candlestick,1880–90,,,,Pressed purple marble glass,Dimensions unavailable,,England,,,,,,,,,,The American Wing,,,False,True,https://www.metmuseum.org/art/collection/search/1260,https://images.metmuseum.org/CRDImages/ad/original/DP238288.jpg,0,https://www.wikidata.org/wiki/Q116372433,,
9720,Decorated Walrus Tusk,Walrus tusk,1825–50,,,,Walrus ivory,H. 22 in. (55.9 cm),,,,,Women,,,,,,,The American Wing,,,False,True,https://www.metmuseum.org/art/collection/search/9720,https://images.metmuseum.org/CRDImages/ad/original/81039.jpg,0,https://www.wikidata.org/wiki/Q116338298,,
10190,"View from the Artist's Window, Grove Street",Painting,ca. 1900,,,,Oil on canvas,22 5/16 x 19 1/2 in. (56.7 x 49.5 cm),American,,,,Buildings|Trees,Robert Frederick Blum,Artist,American,1857,1903,,The American Wing,,"American, Cincinnati, Ohio 1857–1903 New York",False,True,https://www.metmuseum.org/art/collection/search/10190,https://images.metmuseum.org/CRDImages/ad/original/ap1976.340.2.jpg,0,https://www.wikidata.org/wiki/Q19923986,https://www.wikidata.org/wiki/Q3592147,http://vocab.getty.edu/page/ulan/500003750
1593,Side chair,Side chair,1760–90,,,,Mahogany,38 1/8 x 22 1/4 x 22 1/4 in. (96.8 x 56.5 x 56.5 cm),American,United States,Mid-Atlantic,Philadelphia,,,,,,,,The American Wing,,,False,True,https://www.metmuseum.org/art/collection/search/1593,https://images.metmuseum.org/CRDImages/ad/original/ADA4238.jpg,0,https://www.wikidata.org/wiki/Q116372074,,
19897,Vase,Vase,1903,,,,Earthenware,5 x 5 5/16 in. (12.7 x 13.5 cm),American,United States,West United States,Denver,,Denver China and Pottery Company,Manufacturer,,1901,1905,,The American Wing,,1901–5,False,True,https://www.metmuseum.org/art/collection/search/19897,https://images.metmuseum.org/CRDImages/ad/original/L.2009.22.168.jpg,1,https://www.wikidata.org/wiki/Q116393676,,
653408,Corn pitcher,Pitcher,1855–60,,,,porcelain,10 1/8 × 3 5/8 in. (25.7 × 9.2 cm),American,United States,Southern,Kaolin,,Southern Porcelain Company,Manufacturer,American,,9999,,The American Wing,,,False,True,https://www.metmuseum.org/art/collection/search/653408,https://images.metmuseum.org/CRDImages/ad/original/DP343139.jpg,1,https://www.wikidata.org/wiki/Q116298565,,
3099,"Manuscript Deed for Shaw Homestead, Kensington, New Hampshire",Manuscript,1825,,,,Parchment paper,13 5/8 x 8 3/16 in. (34.6 x 20.8 cm),American,United States,New England,,,,,,,,,The American Wing,,,False,True,https://www.metmuseum.org/art/collection/search/3099,https://images.metmuseum.org/CRDImages/ad/original/13303.jpg,0,,,
19159,Portrait of an Old Gentleman,Watercolor,ca. 1840–45,,,,Watercolor on paper,Sight: 3 1/8 x 2 5/8 in. (7.9 x 6.7 cm),American,,,,Men|Portraits,James Sanford Ellsworth,Artist,American,1802,1873,,The American Wing,,1802–1873,False,True,https://www.metmuseum.org/art/collection/search/19159,https://images.metmuseum.org/CRDImages/ad/original/DP105570m.jpg,1,,https://www.wikidata.org/wiki/Q20738854,http://vocab.getty.edu/page/ulan/500030659
3250,Dish,Dish,1830–45,,,,Lacy pressed glass,5 3/16 x 8 1/16 in. (13.2 x 20.5 cm),American,United States,New England,,,,,,,,,The American Wing,,,False,True,https://www.metmuseum.org/art/collection/search/3250,https://images.metmuseum.org/CRDImages/ad/original/153242.jpg,0,https://www.wikidata.org/wiki/Q116370609,,
12650,The Libyan Sibyl,Sculpture,1860; carved 1861,,,,Marble,53 x 27 3/4 x 45 1/2 in. (134.6 x 70.5 x 115.6 cm),American,,,,Female Nudes,William Wetmore Story,Artist,American,1819,1895,,The American Wing,,"American, Boston, Massachusetts 1819–1895 Vallombrosa",False,True,https://www.metmuseum.org/art/collection/search/12650,https://images.metmuseum.org/CRDImages/ad/original/1979.266.jpg,0,https://www.wikidata.org/wiki/Q116378042,https://www.wikidata.org/wiki/Q1335728,http://vocab.getty.edu/page/ulan/500120034
14539,Inauguration Medal of President Garfield,Medal,1881,,,,Bronze,Diam. 3 in. (7.6 cm),American,,,,Men|Profiles,Charles E. Barber,Artist,American,1840,1917,,The American Wing,,1840–1917,False,True,https://www.metmuseum.org/art/collection/search/14539,https://images.metmuseum.org/CRDImages/ad/original/AW_07_251_104-001.jpg,1,,,
15351,Two Trees in a Landscape (from Sketchbook VII),Drawing,1886,,,,Graphite on white wove paper,5 x 7 1/2 in. (12.7 x 19.1 cm),American,,,,Landscapes|Trees,William Trost Richards,Artist,American,1833,1905,,The American Wing,,"American, Philadelphia, Pennsylvania 1833–1905 Newport, Rhode Island",False,True,https://www.metmuseum.org/art/collection/search/15351,https://images.metmuseum.org/CRDImages/ad/original/257763.jpg,0,,https://www.wikidata.org/wiki/Q1985982,http://vocab.getty.edu/page/ulan/500014455
5199,Miniature pitcher,Pitcher,1848–56,,,,Porcelain,2 3/4 x 3 5/8 x 2 1/4 in. (7 x 9.2 x 5.7 cm),American,United States,Mid-Atlantic,Brooklyn,,Charles Cartlidge and Company,Maker,American,1848,1856,,The American Wing,,1848–1856,False,True,https://www.metmuseum.org/art/collection/search/5199,https://images.metmuseum.org/CRDImages/ad/original/DT8546.jpg,3,https://www.wikidata.org/wiki/Q116365828,,
2929,Cup Plate,Cup plate,1825–60,,,,Lacy pressed glass,Dimensions unavailable,,,,,Flowers,,,,,,,The American Wing,,,False,True,https://www.metmuseum.org/art/collection/search/2929,https://images.metmuseum.org/CRDImages/ad/original/DP236530.jpg,1,https://www.wikidata.org/wiki/Q116370845,,
19860,Vase,Vase,ca. 1896–1908,,,,Stoneware,"14 3/4 in., 11lb. (37.5 cm)",American,United States,New England United States,Dedham,,Hugh C. Robertson,Artist,,1844,1908,,The American Wing,,1844–1908,False,True,https://www.metmuseum.org/art/collection/search/19860,https://images.metmuseum.org/CRDImages/ad/original/L.2009.22.97.jpg,3,https://www.wikidata.org/wiki/Q116393635,https://www.wikidata.org/wiki/Q5930211,http://vocab.getty.edu/page/ulan/500122400
16052,"Samos, 1904 (from Sketchbook)",Drawing,1904,,,,Graphite on paper,5 7/8 x 8 5/8 in. (14.9 x 21.9 cm),American,,,,Landscapes,Mary Newbold Sargent,Artist,American,1826,1906,,The American Wing,,1826–1906,False,True,https://www.metmuseum.org/art/collection/search/16052,https://images.metmuseum.org/CRDImages/ad/original/263764.jpg,0,,https://www.wikidata.org/wiki/Q56739442,
5505,"Paneling from the parlor of Marmion, King George County, Virginia",Paneling,ca. 1756,,,,Pine and walnut,253 x 197 x 131 in. (642.6 x 500.4 x 332.7 cm),American,United States,Southern,,,,,,,,,The American Wing,,,True,True,https://www.metmuseum.org/art/collection/search/5505,https://images.metmuseum.org/CRDImages/ad/original/DP227958.jpg,28,https://www.wikidata.org/wiki/Q104412974,,
3459,Apothecary Jar,Apothecary jar,ca. 1700,,,,Tin-glazed earthenware,H. 6 3/4 in. (17.1 cm),Mexican,Mexico,,,,,,,,,,The American Wing,,,False,True,https://www.metmuseum.org/art/collection/search/3459,https://images.metmuseum.org/CRDImages/ad/original/DP245582.jpg,1,https://www.wikidata.org/wiki/Q116370436,,
10467,Fish,Painting,by 1910,,,,Oil on canvas,29 x 36 in. (73.7 x 91.4 cm),American,,,,Fish|Still Life,William Merritt Chase,Artist,American,1849,1916,,The American Wing,,"American, Williamsburg, Indiana 1849–1916 New York",False,True,https://www.metmuseum.org/art/collection/search/10467,https://images.metmuseum.org/CRDImages/ad/original/ap25.131.jpg,0,https://www.wikidata.org/wiki/Q20170003,https://www.wikidata.org/wiki/Q265820,http://vocab.getty.edu/page/ulan/500115356
14128,Quilted Tablecover,Tablecover,1821–25,,,,Cotton,37 x 29 in. (94 x 73.7 cm),American,United States,Mid-Atlantic,,Fruit|Grapes,Jane Simonton Chapman,Maker,American,1794,1894,Female,The American Wing,,born 1794,False,True,https://www.metmuseum.org/art/collection/search/14128,https://images.metmuseum.org/CRDImages/ad/original/52029.jpg,0,,,
2356,Covered Dish,Dish,1800–1830,,,,Earthenware,H. 3 1/4 in. (8.3 cm); Diam. 4 1/4 in. (10.8 cm),American,United States,Mid-Atlantic,,,,,,,,,The American Wing,,,False,True,https://www.metmuseum.org/art/collection/search/2356,https://images.metmuseum.org/CRDImages/ad/original/DP270497.jpg,0,https://www.wikidata.org/wiki/Q116371492,,
1136,Candelabrum,Candelabrum,1810–20,,,,Gilt bronze,H. 30 15/16 in. (78.6 cm),,France,,,Angels,,,,,,,The American Wing,,,False,True,https://www.metmuseum.org/art/collection/search/1136,https://images.metmuseum.org/CRDImages/ad/original/158335.jpg,0,https://www.wikidata.org/wiki/Q116372537,,
9526,Vase,Vase,1880–90,,,,Pressed purple marble glass,H. 5 1/2 in. (14 cm); Diam. 3 in. (7.6 cm),,England,,,,,,,,,,The American Wing,,,False,True,https://www.metmuseum.org/art/collection/search/9526,https://images.metmuseum.org/CRDImages/ad/original/182060.jpg,0,https://www.wikidata.org/wiki/Q116340799,,
7988,Sugar Bowl,Sugar Bowl,ca. 1825,,,,Silver,"Overall: 8 13/16 x 8 1/4 in. (22.4 x 21 cm); 28 oz. 2 dwt. (874.8 g)
Body: 6 11/16 x 6 in. (17 x 15.2 cm); 24 oz. 4 dwt. (753.2 g)
Foot: Diam. 4 3/8 in. (11.1 cm)
Cover: 2 1/4 x 4 3/16 in. (5.7 x 10.6 cm); 3 oz. 18 dwt. (121.6 g)",American,United States,Mid-Atlantic,New York,,John Crawford,Maker,American,1815,1841,,The American Wing,,active 1815–41,False,True,https://www.metmuseum.org/art/collection/search/7988,https://images.metmuseum.org/CRDImages/ad/original/4664_08.223.1_4.jpg,0,https://www.wikidata.org/wiki/Q116371032,,
14835,Cock Fight (from Sketchbook),Drawing,ca. 1838 and after,,,,Graphite on off-white wove paper,6 5/8 x 8 in. (16.8 x 20.3 cm),American,,,,Men|Roosters,Francis William Edmonds,Artist,American,1806,1863,,The American Wing,,"American, Hudson, New York 1806–1863 Bronxville, New York",False,True,https://www.metmuseum.org/art/collection/search/14835,https://images.metmuseum.org/CRDImages/ad/original/246916.jpg,0,,https://www.wikidata.org/wiki/Q3680885,http://vocab.getty.edu/page/ulan/500026117
8529,Tile,Tile,ca. 1882–84,,,,Earthenware,6 1/8 x 3 1/8 in. (15.6 x 7.9 cm),American,United States,New England,Chelsea,,J. and J. G. Low Art Tile Works,Maker,American,1877,1903,,The American Wing,,"American, Chelsea, Massachusetts, 1877–1903",False,True,https://www.metmuseum.org/art/collection/search/8529,https://images.metmuseum.org/CRDImages/ad/original/DP252064.jpg,1,https://www.wikidata.org/wiki/Q116341706,,http://vocab.getty.edu/page/ulan/500276336
5598,Piano stool,Piano stool,1815–25,,,,Mahogany with ash,22 1/4 x 14 3/4 x 17 in. (56.5 x 37.5 x 43.2 cm),American,United States,Mid-Atlantic,New York,,,,,,,,The American Wing,,,False,True,https://www.metmuseum.org/art/collection/search/5598,https://images.metmuseum.org/CRDImages/ad/original/185012.jpg,0,https://www.wikidata.org/wiki/Q116363894,,
13405,Teapot,Teapot,1854–65,,,,Britannia metal,H. 9 in. (22.9 cm); Diam. 8 3/4 in. (22.2 cm),American,United States,New England,Hartford,,Thomas Danforth Boardman,Maker,American,1784,1873,,The American Wing,,1784–1873,False,True,https://www.metmuseum.org/art/collection/search/13405,https://images.metmuseum.org/CRDImages/ad/original/249713.jpg,1,https://www.wikidata.org/wiki/Q116329669,https://www.wikidata.org/wiki/Q82160313,http://vocab.getty.edu/page/ulan/500334231
1430,Card Table,Card table,1760–85,,,,"Mahogany, maple, chestnut, white pine",27 3/4 x 33 1/4 x 16 1/2 in. (70.5 x 84.5 x 41.9 cm),American,United States,New England,Newport,,John Goddard,Maker,American,1724,1785,,The American Wing,,1724–1785,False,True,https://www.metmuseum.org/art/collection/search/1430,https://images.metmuseum.org/CRDImages/ad/original/DP108638.jpg,0,https://www.wikidata.org/wiki/Q116372276,https://www.wikidata.org/wiki/Q62607058,http://vocab.getty.edu/page/ulan/500008584
16624,(From Sketchbook),Drawing,1810–20,,,,"Ink, wash, on paper",9 x 11 1/2 in. (22.9 x 29.2 cm),American,,,,Men|Women,Thomas Sully,Artist,American,1783,1872,,The American Wing,,"American, Horncastle, Lincolnshire 1783–1872 Philadelphia, Pennsylvania",False,True,https://www.metmuseum.org/art/collection/search/16624,https://images.metmuseum.org/CRDImages/ad/original/266466.jpg,0,,https://www.wikidata.org/wiki/Q786545,http://vocab.getty.edu/page/ulan/500006873
7310,Saucer,Saucer,ca. 1860–66,,,,Porcelain,Diam. 4 1/4 in. (10.8 cm),"Chinese, for American market",China,,,Birds|Flowers,,,,,,,The American Wing,,,False,True,https://www.metmuseum.org/art/collection/search/7310,https://images.metmuseum.org/CRDImages/ad/original/171512.jpg,0,https://www.wikidata.org/wiki/Q116370705,,
14977,Two Studies of a Dog: Three Quarter Rear View Standing; Lying Down (from Sketchbook),Drawing,ca. 1838 and after,,,,Graphite on off-white wove paper,6 5/8 x 8 in. (16.8 x 20.3 cm),American,,,,Dogs,Francis William Edmonds,Artist,American,1806,1863,,The American Wing,,"American, Hudson, New York 1806–1863 Bronxville, New York",False,True,https://www.metmuseum.org/art/collection/search/14977,https://images.metmuseum.org/CRDImages/ad/original/246968.jpg,0,,https://www.wikidata.org/wiki/Q3680885,http://vocab.getty.edu/page/ulan/500026117
663,Bowl,Bowl,1670–1730,,,,Burlwood,5 1/4 x 15 x 13 3/4 in. (13.3 x 38.1 x 34.9 cm),,,,,,,,,,,,The American Wing,,,False,True,https://www.metmuseum.org/art/collection/search/663,https://images.metmuseum.org/CRDImages/ad/original/41172.jpg,0,https://www.wikidata.org/wiki/Q116373121,,
15295,Portrait of a Lady,"Painting, miniature",1810–15,,,,Watercolor on ivory,3 x 2 3/8 in. (7.6 x 6 cm),American,,,,Portraits|Women,,,,,,,The American Wing,,,False,True,https://www.metmuseum.org/art/collection/search/15295,https://images.metmuseum.org/CRDImages/ad/original/APS6886.jpg,0,https://www.wikidata.org/wiki/Q19924501,,
5162,Plaque,Plaque,1796,,,,"Glass paste, wood",3 1/2 x 2 3/8 in. (8.9 x 6 cm),,England,,London,Men|Portraits|Profiles,James Tassie,Maker,"British, Scottish",1735,1799,,The American Wing,,"British, Glasgow, Scotland 1735–1799 London",False,True,https://www.metmuseum.org/art/collection/search/5162,https://images.metmuseum.org/CRDImages/ad/original/DP241777.jpg,0,https://www.wikidata.org/wiki/Q116365859,https://www.wikidata.org/wiki/Q6144027,http://vocab.getty.edu/page/ulan/500020360
20242,Wine Rinser,Wine rinser,1818,,,,Glass,3 3/4 x 5 5/8 in. (9.5 x 14.3 cm),British,England,,London,,Pellatt & Green,Maker,American,,,,The American Wing,,,False,True,https://www.metmuseum.org/art/collection/search/20242,https://images.metmuseum.org/CRDImages/ad/original/DP169578.jpg,0,https://www.wikidata.org/wiki/Q116327652,,
10828,The Writing Master,Painting,1882,,,,Oil on canvas,30 x 34 1/4 in. (76.2 x 87 cm),American,,,,Men|Portraits|Writing|Authors,Thomas Eakins,Artist,American,1844,1916,,The American Wing,,"American, Philadelphia, Pennsylvania 1844–1916 Philadelphia, Pennsylvania",False,True,https://www.metmuseum.org/art/collection/search/10828,https://images.metmuseum.org/CRDImages/ad/original/DT2038.jpg,0,https://www.wikidata.org/wiki/Q20176465,https://www.wikidata.org/wiki/Q214905,http://vocab.getty.edu/page/ulan/500115198
4487,Jar,Jar,ca. 1750,,,,Tin-glazed earthenware,H. 6 1/4 in. (15.9 cm),Mexican,Mexico,,,,,,,,,,The American Wing,,,False,True,https://www.metmuseum.org/art/collection/search/4487,https://images.metmuseum.org/CRDImages/ad/original/DP248983.jpg,0,https://www.wikidata.org/wiki/Q116366787,,
711547,"""The Derelict"" or ""The Lost Boat""",Proof print,1916,,,,Color woodcut; trial proof of single color block,"Image: 5 5/8 × 3 7/8 in. (14.3 × 9.8 cm)
Sheet: 6 13/16 × 5 3/16 in. (17.3 × 13.2 cm)",American,United States,New England,Ipswich,Abstraction,Arthur Wesley Dow,Artist,American,1857,1922,,The American Wing,,"American, Ipswich, Massachusetts 1857–1922 New York State",False,True,https://www.metmuseum.org/art/collection/search/711547,https://images.metmuseum.org/CRDImages/ad/original/DP870406.jpg,0,,https://www.wikidata.org/wiki/Q711974,http://vocab.getty.edu/page/ulan/500006205
8340,Teapot,Teapot,1770–1800,,,,Porcelain,H. 6 in. (15.2 cm),Chinese,China,,,Eagles,,,,,,,The American Wing,,,False,True,https://www.metmuseum.org/art/collection/search/8340,https://images.metmuseum.org/CRDImages/ad/original/DP264531.jpg,1,https://www.wikidata.org/wiki/Q116349476,,
8722,Tongs,Tongs,ca. 1800,,,,Silver,L. 6 3/8 in. (16.2 cm),American,United States,Mid-Atlantic,,,Ephraim Brasher,Maker,American,1744,1810,,The American Wing,,"American, baptized 1744–1810",False,True,https://www.metmuseum.org/art/collection/search/8722,https://images.metmuseum.org/CRDImages/ad/original/97959.jpg,3,https://www.wikidata.org/wiki/Q116339184,https://www.wikidata.org/wiki/Q12280013,http://vocab.getty.edu/page/ulan/500332766
2775,Cup,Cup,1800–1830,,,,"Earthenware, lusterware",H. 5 1/4 in. (13.3 cm); Diam. 3 1/2 in. (8.9 cm),British,England,,,,,,,,,,The American Wing,,,False,True,https://www.metmuseum.org/art/collection/search/2775,https://images.metmuseum.org/CRDImages/ad/original/138282.jpg,0,https://www.wikidata.org/wiki/Q116370944,,
12672,"Louis-Marie, Vicomte de Noailles",Painting,1798,,,,Oil on canvas,50 x 40 in. (127 x 101.6 cm),American,,,,Men|Portraits|Horses,Gilbert Stuart,Artist,American,1755,1828,,The American Wing,,"American, North Kingston, Rhode Island 1755–1828 Boston, Massachusetts",False,True,https://www.metmuseum.org/art/collection/search/12672,https://images.metmuseum.org/CRDImages/ad/original/DT11172.jpg,0,https://www.wikidata.org/wiki/Q19924572,https://www.wikidata.org/wiki/Q41402,http://vocab.getty.edu/page/ulan/500010392
12822,George Washington and William Lee (George Washington),Painting,1780,,,,Oil on canvas,36 x 28 in. (91.4 x 71.1 cm),American,,,,George Washington|Men|Portraits|Horses|Servants,John Trumbull,Artist,American,1756,1843,,The American Wing,,"American, Lebanon, Connecticut 1756–1843 New York",True,True,https://www.metmuseum.org/art/collection/search/12822,https://images.metmuseum.org/CRDImages/ad/original/DT2823.jpg,0,https://www.wikidata.org/wiki/Q19925424,https://www.wikidata.org/wiki/Q369263,http://vocab.getty.edu/page/ulan/500016000
252,Armchair,Armchair,1740–60,,,,"Walnut, ash, white pine",36 x 22 3/4 x 20 3/4 in. (91.4 x 57.8 x 52.7 cm),American,United States,Mid-Atlantic,,,,,,,,,The American Wing,,,False,True,https://www.metmuseum.org/art/collection/search/252,https://images.metmuseum.org/CRDImages/ad/original/58610.jpg,0,https://www.wikidata.org/wiki/Q116373565,,
7543,Sleeve Button,Cufflinks,ca. 1740,,,,Gold,Diam. 7/16 in. (1.1 cm),American,United States,New England,Providence,,Jonathan Clarke,Maker,American,1705,1770,,The American Wing,,1705–1770,False,True,https://www.metmuseum.org/art/collection/search/7543,https://images.metmuseum.org/CRDImages/ad/original/120904.jpg,1,,,
1783,Side Chair,Side Chair,1805–15,,,,"Mahogany, brass with ash, yellow poplar",32 3/4 x 18 1/2 x 17 in. (83.2 x 47 x 43.2 cm),American,United States,Mid-Atlantic,New York,,Duncan Phyfe,Maker,"American, born Scotland",1770,1854,,The American Wing,,"American (born Scotland), near Lock Fannich, Ross-Shire, Scotland 1768/1770–1854 New York",False,True,https://www.metmuseum.org/art/collection/search/1783,https://images.metmuseum.org/CRDImages/ad/original/83338.jpg,1,https://www.wikidata.org/wiki/Q116371957,https://www.wikidata.org/wiki/Q3041258,http://vocab.getty.edu/page/ulan/500082047
10446,City Watchman,Painting,1870s,,,,Oil on slate paper,6 1/8 x 9 1/8 in. (15.6 x 23.2 cm),American,,,,Houses|Streets|Men,William P. Chappel,Artist,American,1801,1878,,The American Wing,,"American, 1801–1878",False,True,https://www.metmuseum.org/art/collection/search/10446,https://images.metmuseum.org/CRDImages/ad/original/DP-1427-051.jpg,2,https://www.wikidata.org/wiki/Q20175793,https://www.wikidata.org/wiki/Q20822488,http://vocab.getty.edu/page/ulan/500524275
1089,Cachepot,Cachepot,1775–1800,,,,Earthenware,With stand: H. 4 13/16 in. (12.2 cm); Diam. 5 1/2 in. (14 cm),British (American market),England,West Midlands,,Grapes|Children,,,,,,,The American Wing,,,False,True,https://www.metmuseum.org/art/collection/search/1089,https://images.metmuseum.org/CRDImages/ad/original/197291.jpg,0,https://www.wikidata.org/wiki/Q116372560,,
8671,Tobacco Box,Box,ca. 1730–40,,,,Silver,"Overall: 1 x 4 1/2 x 3 3/8 in. (2.5 x 11.4 x 8.6 cm); 7 oz. 6 dwt. (227.4 g)
Body: 4 oz. 6 dwt. (133.7 g)
Cover: 3 oz. (93.7 g)",American,United States,New England,Boston,Coat of Arms,Samuel Burrill,Maker,American,1704,1740,,The American Wing,,1704–1740,False,True,https://www.metmuseum.org/art/collection/search/8671,https://images.metmuseum.org/CRDImages/ad/original/DP162486.jpg,2,https://www.wikidata.org/wiki/Q116340973,,
4190,Furniture Hardware,Furniture hardware,1670–1870,,,,Brass,Dimensions unavailable,,,,,,,,,,,,The American Wing,,,False,True,https://www.metmuseum.org/art/collection/search/4190,https://images.metmuseum.org/CRDImages/ad/original/35378.jpg,0,,,
13801,"Panel, blue-resist textile","Panel, blue-resist textile",ca. 1725–75,,,,"Cotton, painted and block-printed resist, dyed",84 x 76 in. (213.4 x 193 cm),Indian textile for American market,,,,Leaves,,,,,,,The American Wing,,,False,True,https://www.metmuseum.org/art/collection/search/13801,https://images.metmuseum.org/CRDImages/ad/original/159288.jpg,1,,,
7452,Shoe Buckle,Shoe buckle,1770–1800,,,,Silver plate on copper,3 1/4 x 2 3/4 in. (8.3 x 7 cm),American,United States,New England,Boston,,Paul Revere Jr.,Maker,American,1734,1818,,The American Wing,,"American, Boston, Massachusetts 1734–1818 Boston, Massachusetts",False,True,https://www.metmuseum.org/art/collection/search/7452,https://images.metmuseum.org/CRDImages/ad/original/98244.jpg,0,,https://www.wikidata.org/wiki/Q327071,http://vocab.getty.edu/page/ulan/500017620
4104,Goblet,Goblet,1830–70,,,,Pressed glass,H. 6 3/16 in. (15.7 cm),American,United States,,,,,,,,,,The American Wing,,,False,True,https://www.metmuseum.org/art/collection/search/4104,https://images.metmuseum.org/CRDImages/ad/original/DP235383.jpg,0,https://www.wikidata.org/wiki/Q116367401,,
10832,Lady Williams and Child,Painting,1783,,,,Oil on canvas,50 1/4 x 39 3/4 in. (127.3 x 101 cm),American,,,,Children|Portraits|Women,Ralph Earl,Artist,American,1751,1801,,The American Wing,,"American, Worcester County, Massachusetts 1751–1801 Bolton, Connecticut",False,True,https://www.metmuseum.org/art/collection/search/10832,https://images.metmuseum.org/CRDImages/ad/original/ap06.179.jpg,1,https://www.wikidata.org/wiki/Q19925473,https://www.wikidata.org/wiki/Q1350959,http://vocab.getty.edu/page/ulan/500116241
14576,President Lincoln's Inauguration Medal,Medal,1862,,,,Bronze,Diam. 2 1/2 in. (6.4 cm),American,United States,Mid-Atlantic United States,New York,Abraham Lincoln|Profiles,Salathiel Ellis,Artist,American,1803,1879,,The American Wing,,1803–1879,False,True,https://www.metmuseum.org/art/collection/search/14576,https://images.metmuseum.org/CRDImages/ad/original/AW_07_251_102-001.jpg,1,,https://www.wikidata.org/wiki/Q94427610,
7967,Sugar Bowl,Sugar bowl,1827–35,,,,Pressed glass,3 1/2 x 5 7/8 in. (8.9 x 14.9 cm),American,United States,New England,East Cambridge,,New England Glass Company,Maker,American,1818,1888,,The American Wing,,"American, East Cambridge, Massachusetts, 1818–1888",False,True,https://www.metmuseum.org/art/collection/search/7967,https://images.metmuseum.org/CRDImages/ad/original/DP207361.jpg,0,https://www.wikidata.org/wiki/Q116343195,https://www.wikidata.org/wiki/Q17083157,http://vocab.getty.edu/page/ulan/500356007
15789,Sketch of Boats on a Shore (from Sketchbook),Drawing,1890,,,,Graphite on wove paper,4 3/4 x 7 3/4 in. (12.1 x 19.7 cm),American,,,,Boats,Albert Bierstadt,Artist,American,1830,1902,,The American Wing,,"American, Solingen 1830–1902 New York",False,True,https://www.metmuseum.org/art/collection/search/15789,https://images.metmuseum.org/CRDImages/ad/original/261099.jpg,1,,https://www.wikidata.org/wiki/Q77132,http://vocab.getty.edu/page/ulan/500001248
7050,Salt,Salt,1800–1860,,,,Blown pattern-molded blue glass,H. 3 1/8 in. (7.9 cm),American,United States,,,,,,,,,,The American Wing,,,False,True,https://www.metmuseum.org/art/collection/search/7050,https://images.metmuseum.org/CRDImages/ad/original/ADA5120.jpg,0,https://www.wikidata.org/wiki/Q116351694,,
2010,Chest of drawers,Chest of drawers,1735–50,,,,"Painted yellow pine, oak",49 3/4 x 43 x 17 in. (126.4 x 109.2 x 43.2 cm),American,United States,New England,,Birds|Dogs|Butterflies|Flowers,,,,,,,The American Wing,,,False,True,https://www.metmuseum.org/art/collection/search/2010,https://images.metmuseum.org/CRDImages/ad/original/85J_ACF3112R9.jpg,3,https://www.wikidata.org/wiki/Q116371824,,
15278,Abraham Bickley,"Painting, miniature",ca. 1805–10,,,,Watercolor on ivory,2 13/16 x 2 3/16 in. (7.1 x 5.6 cm),British,France,,,Men|Portraits,,,,,,,The American Wing,,,False,True,https://www.metmuseum.org/art/collection/search/15278,https://images.metmuseum.org/CRDImages/ad/original/APS6889.jpg,0,https://www.wikidata.org/wiki/Q19925165,,
667477,Decanter with stopper,Decanter,1850–55,,,,Blue-cut-to-clear glass,10 in. (25.4 cm),American,United States,Mid-Atlantic,New York,,Brooklyn Flint Glass Company,Manufacturer,American,1824,1868,,The American Wing,,"New York, 1824–68",True,True,https://www.metmuseum.org/art/collection/search/667477,https://images.metmuseum.org/CRDImages/ad/original/DP341332.jpg,0,https://www.wikidata.org/wiki/Q104413046,,
9867,Wine Bottle,Wine bottle,1739–80,,,,Free-blown glass,H. 8 in. (20.3 cm); Diam. 8 1/4 in. (21 cm),American,United States,,,,,,,,,,The American Wing,,,False,True,https://www.metmuseum.org/art/collection/search/9867,https://images.metmuseum.org/CRDImages/ad/original/ADA4147.jpg,0,https://www.wikidata.org/wiki/Q116333889,,
2049,Child's Cup,Cup,ca. 1860,,,,Silver,"Overall: 2 7/8 x 3 1/2 in. (7.3 x 8.9 cm); 2 oz. 4 dwt. (68.3 g)
Lip: Diam. 2 9/16 in. (6.5 cm)
Base: Diam. 2 5/16 in. (5.9 cm)",American,United States,Mid-Atlantic,New York,,Albert Coles,Maker,,1810,1885,,The American Wing,,ca. 1815–1885,False,True,https://www.metmuseum.org/art/collection/search/2049,https://images.metmuseum.org/CRDImages/ad/original/DP107259.jpg,1,https://www.wikidata.org/wiki/Q116371779,,
6142,Plate,Plate,ca. 1831–ca. 1835,,,,"Earthenware, transfer-printed",Diam. 6 7/8 in. (17.5 cm),British (American market),England,West Midlands,,Buildings|Flowers,Job & John Jackson,Maker,,1831,1835,,The American Wing,,active 1831–35,False,True,https://www.metmuseum.org/art/collection/search/6142,https://images.metmuseum.org/CRDImages/ad/original/24452.jpg,0,https://www.wikidata.org/wiki/Q116365063,,
11267,Sanford Robinson Gifford,Painting,1880,,,,Oil on academy board,26 3/4 x 22 1/8 in. (67.9 x 56.2 cm),American,,,,Men|Portraits,Eastman Johnson,Artist,American,1824,1906,,The American Wing,,"American, Lovell, Maine 1824–1906 New York",False,True,https://www.metmuseum.org/art/collection/search/11267,https://images.metmuseum.org/CRDImages/ad/original/43559.jpg,1,https://www.wikidata.org/wiki/Q20174949,https://www.wikidata.org/wiki/Q1278282,http://vocab.getty.edu/page/ulan/500008685
717579,Amulet,Amulet,ca. 1840–70,,,,Antler and abalone shell,2 1/2 × 5 1/2 × 1/4 in. (6.4 × 14 × 0.6 cm),"Tlingit, Native American",United States,,,,,,,,,,The American Wing,,,False,True,https://www.metmuseum.org/art/collection/search/717579,https://images.metmuseum.org/CRDImages/ad/original/DP-15303-006.jpg,0,https://www.wikidata.org/wiki/Q116444698,,
5007,Medal,Medal,1821–36,,,,Metal,Diam. 2 in. (5.1 cm),,England,West Midlands,Birmingham,Books|Men|Reading,,,,,,,The American Wing,,,False,True,https://www.metmuseum.org/art/collection/search/5007,https://images.metmuseum.org/CRDImages/ad/original/AW_83_2_28-002.jpg,1,,,
14515,Bust of John Locke,Finial,1765–75,,,,Mahogany,10 1/2 x 6 1/4 x 3 1/4 in. (26.7 x 15.9 x 8.3 cm),American,United States,Mid-Atlantic,Philadelphia,Men|Portraits,Martin Jugiez,Maker,,1762,1815,,The American Wing,,active 1762–1815,False,True,https://www.metmuseum.org/art/collection/search/14515,https://images.metmuseum.org/CRDImages/ad/original/DT6896.jpg,2,https://www.wikidata.org/wiki/Q116329940,,
13155,Mrs. Olin Levi Warner,Bust,"1886–87, cast 1897–98",,,,Bronze,22 1/4 x 8 3/4 x 8 in. (56.5 x 22.2 x 20.3 cm),American,,,,Portraits|Women,Olin Levi Warner,Artist,American,1844,1896,,The American Wing,,"American, West Suffield, Connecticut 1844–1896 New York",False,True,https://www.metmuseum.org/art/collection/search/13155,https://images.metmuseum.org/CRDImages/ad/original/DP-16632-001.jpg,6,https://www.wikidata.org/wiki/Q116234886,https://www.wikidata.org/wiki/Q7086914,http://vocab.getty.edu/page/ulan/500001669
10776,Anne Charlotte Lynch (Later Mrs. Vincenzo Botta),Watercolor,ca. 1847,,,,Watercolor and lead-white gouache on smooth-surfaced off-white wove paper,7 1/4 x 5 1/4 in. (18.4 x 13.3 cm),American,France,,,Portraits|Women,Savinien Edme Dubourjal,Artist,French,1795,1865,,The American Wing,,1795–1865,False,True,https://www.metmuseum.org/art/collection/search/10776,https://images.metmuseum.org/CRDImages/ad/original/DT287621.jpg,2,https://www.wikidata.org/wiki/Q19925353,https://www.wikidata.org/wiki/Q21693931,http://vocab.getty.edu/page/ulan/500096015
10450,Fly Market,Painting,1870s,,,,Oil on slate paper,6 x 9 1/8 in. (15.2 x 23.2 cm),American,,,,Buildings|Men|Women|Markets,William P. Chappel,Artist,American,1801,1878,,The American Wing,,"American, 1801–1878",False,True,https://www.metmuseum.org/art/collection/search/10450,https://images.metmuseum.org/CRDImages/ad/original/DP-1427-027.jpg,2,https://www.wikidata.org/wiki/Q20175815,https://www.wikidata.org/wiki/Q20822488,http://vocab.getty.edu/page/ulan/500524275
6184,Plate,Plate,ca. 1815–ca. 1842,,,,"Earthenware, transfer-printed",Diam. 8 1/2 in. (21.6 cm),British (American market),England,West Midlands,Stoke-on-Trent,Buildings|Cows,John Rogers & Son,Maker,,1812,1842,,The American Wing,,active ca. 1815–42,False,True,https://www.metmuseum.org/art/collection/search/6184,https://images.metmuseum.org/CRDImages/ad/original/24440.jpg,0,https://www.wikidata.org/wiki/Q116392407,,
354,Basin stand,Basin stand,1810–15,,,,"Mahogany, mahogany veneer with white pine",41 1/2 x 22 x 16 in. (105.4 x 55.9 x 40.6 cm),American,United States,New England,Salem,,William Hook,Maker,American,1777,1867,,The American Wing,,1777–1867,False,True,https://www.metmuseum.org/art/collection/search/354,https://images.metmuseum.org/CRDImages/ad/original/DP-16170-007.jpg,3,https://www.wikidata.org/wiki/Q116234881,,http://vocab.getty.edu/page/ulan/500273735
8016,Sugar Tongs,Tongs,1750–60,,,,Silver,L. 4 1/8 in. (10.5 cm),American,United States,New England,Marblehead,,Thomas Skinner,Maker,American,1712,1761,,The American Wing,,1712–1761,False,True,https://www.metmuseum.org/art/collection/search/8016,https://images.metmuseum.org/CRDImages/ad/original/57681.jpg,2,https://www.wikidata.org/wiki/Q116342456,,
11234,"Spring Blossoms, Montclair, New Jersey",Painting,ca. 1891,,,,Oil and crayon or charcoal on canvas,29 x 45 1/4 in. (73.7 x 114.9 cm),American,,,,Landscapes|Trees|Spring,George Inness,Artist,American,1825,1894,,The American Wing,,"American, Newburgh, New York 1825–1894 Bridge of Allan, Scotland",True,True,https://www.metmuseum.org/art/collection/search/11234,https://images.metmuseum.org/CRDImages/ad/original/DT98.jpg,0,https://www.wikidata.org/wiki/Q19924773,https://www.wikidata.org/wiki/Q704868,http://vocab.getty.edu/page/ulan/500013380
15505,"Cloud Study (recto, from sketchbook)",Drawing,1869,,,,White gouache on blue paper,4 1/2 x 9 in. (11.4 x 22.9 cm),American,,,,Clouds,Jervis McEntee,Artist,American,1828,1891,,The American Wing,,"American, Rondout, New York 1828–1891 Rondout, New York",False,True,https://www.metmuseum.org/art/collection/search/15505,https://images.metmuseum.org/CRDImages/ad/original/265509.jpg,0,https://www.wikidata.org/wiki/Q20178263,https://www.wikidata.org/wiki/Q2580100,http://vocab.getty.edu/page/ulan/500024287
562,Bookend,Bookend,1800–1830,,,,"Earthenware, lusterware",6 1/2 x 7 in. (16.5 x 17.8 cm),British (American market),England,West Midlands,,Women|Reading,,,,,,,The American Wing,,,False,True,https://www.metmuseum.org/art/collection/search/562,https://images.metmuseum.org/CRDImages/ad/original/DP-18258-003.jpg,3,https://www.wikidata.org/wiki/Q116390298,,
2136,Coffeepot,Coffeepot,1762–63,,,,Silver,"Overall: 12 x 9 1/4 in. (30.5 x 23.5 cm); 33 oz. 14 dwt. (1048.6 g)
Foot: Diam. 4 3/16 in. (10.6 cm)",British,England,,London,Flowers,Benjamin Brewood II,Maker,,1755,1855,,The American Wing,,active from 1755,False,True,https://www.metmuseum.org/art/collection/search/2136,https://images.metmuseum.org/CRDImages/ad/original/DP107553.jpg,2,https://www.wikidata.org/wiki/Q116371710,,
2954,Cup Plate,Cup plate,1829–40,,,,Lacy pressed glass,Dimensions unavailable,American,United States,New England,Sandwich,Ships,Boston & Sandwich Glass Company,Maker,American,1825,1888,,The American Wing,,"American, 1825–1888, Sandwich, Massachusetts",False,True,https://www.metmuseum.org/art/collection/search/2954,https://images.metmuseum.org/CRDImages/ad/original/DP239154.jpg,0,https://www.wikidata.org/wiki/Q116370806,https://www.wikidata.org/wiki/Q4948224,http://vocab.getty.edu/page/ulan/500334773
15237,Portrait of a Gentleman,"Painting, miniature",ca. 1835,,,,Watercolor on ivory,3 3/8 x 2 1/2 in. (8.5 x 6.4 cm),American,,,,Men|Portraits,James Whitehorne,Artist,American,1803,1888,,The American Wing,,1803–1888,False,True,https://www.metmuseum.org/art/collection/search/15237,https://images.metmuseum.org/CRDImages/ad/original/APS6879.jpg,0,https://www.wikidata.org/wiki/Q19925681,https://www.wikidata.org/wiki/Q22691252,
11082,Mrs. Thomas Hicks,Painting,ca. 1884,,,,Oil on canvas,46 x 29 in. (116.8 x 73.7 cm),American,,,,Portraits|Profiles|Women,Thomas Hicks,Artist,American,1823,1890,,The American Wing,,"American, Newton, Pennsylvania 1823–1890 Trenton Falls, New York",False,True,https://www.metmuseum.org/art/collection/search/11082,https://images.metmuseum.org/CRDImages/ad/original/ap17.67.jpg,0,https://www.wikidata.org/wiki/Q19924980,https://www.wikidata.org/wiki/Q974618,http://vocab.getty.edu/page/ulan/500018244
9159,Tumbler,Tumbler,1830–70,,,,Pressed glass,H. 2 3/4 in. (7 cm); Diam. 2 11/16 in. (6.8 cm),American,United States,,,,,,,,,,The American Wing,,,False,True,https://www.metmuseum.org/art/collection/search/9159,https://images.metmuseum.org/CRDImages/ad/original/DP234706.jpg,0,https://www.wikidata.org/wiki/Q116331386,,
1432,Card table,Card table,ca. 1800,,,,"Mahogany, satinwood, holly with white pine, sycamore, birch",30 3/4 x 35 x 17 1/4 in. (78.1 x 88.9 x 43.8 cm),American,United States,Mid-Atlantic,Baltimore,,,,,,,,The American Wing,,,False,True,https://www.metmuseum.org/art/collection/search/1432,https://images.metmuseum.org/CRDImages/ad/original/ADA226.jpg,3,https://www.wikidata.org/wiki/Q116372270,,
13625,"Quilt, Marsailles type",Quilt,ca. 1876,,,,"Cotton, woven",104 1/4 x 97 in. (264.8 x 246.4 cm),American or British,England,,,Eagles|Flowers,,,,,,,The American Wing,,,False,True,https://www.metmuseum.org/art/collection/search/13625,https://images.metmuseum.org/CRDImages/ad/original/127315.jpg,0,,,
10593,Mrs. Thomas Streatfield Clarkson (Elizabeth Van Horne),"Painting, miniature",ca. 1844,,,,Watercolor on ivory,3 7/8 x 3 in. (9.8 x 7.6 cm),American,,,,Portraits|Women,Thomas Seir Cummings,Artist,"American, born England",1804,1894,,The American Wing,,"American (born England), Bath 1804–1894 Hackensack, New Jersey",False,True,https://www.metmuseum.org/art/collection/search/10593,https://images.metmuseum.org/CRDImages/ad/original/ap23.80.83.jpg,0,https://www.wikidata.org/wiki/Q19923980,https://www.wikidata.org/wiki/Q7793863,http://vocab.getty.edu/page/ulan/500096121
13765,Piece,Piece,ca. 1775,,,,Linen embroidered with wool,56 1/2 x 24 in. (143.5 x 61 cm),American,United States,New England,,Flowers,,,,,,,The American Wing,,,False,True,https://www.metmuseum.org/art/collection/search/13765,https://images.metmuseum.org/CRDImages/ad/original/139330.jpg,0,,,
12784,Head of the Artist,Drawing,1919,,,,"Graphite on tan ""oatmeal"" wove paper",21 1/2 x 16 1/8 in. (54.6 x 41 cm),American,,,,Heads|Men,Abbott H. Thayer,Artist,American,1849,1921,,The American Wing,,"American, Boston, Massachusetts 1849–1921 Dublin, New Hampshire",False,True,https://www.metmuseum.org/art/collection/search/12784,https://images.metmuseum.org/CRDImages/ad/original/ap22.65.jpg,1,,https://www.wikidata.org/wiki/Q306759,http://vocab.getty.edu/page/ulan/500016002
14075,Embroidered sampler,Sampler,1838,,,,Linen embroidered with silk,16 3/8 x 16 5/8 in. (41.6 x 42.2 cm),American,United States,Midwest,Brunswick,Birds|Houses|Trees,Susan Bushey,Maker,American,,9999,Female,The American Wing,,,False,True,https://www.metmuseum.org/art/collection/search/14075,https://images.metmuseum.org/CRDImages/ad/original/ADA2956.jpg,3,,,
2082,Cloak Pin,Pin,1750–1800,,,,"Enamel on copper, brass",1 13/16 x 1 3/8 in. (4.6 x 3.5 cm),,England,,,Men|Portraits|Profiles,,,,,,,The American Wing,,,False,True,https://www.metmuseum.org/art/collection/search/2082,https://images.metmuseum.org/CRDImages/ad/original/69013.jpg,0,,,
2774,Cup and Saucer,Cup and saucer,ca. 1836–ca. 1841,,,,"Earthenware, transfer-printed","Cup: H. 1 5/8 in. (4.1 cm)
Saucer: Diam. 4 1/2 in. (11.4 cm)",British (American market),England,West Midlands,Stoke-on-Trent,George Washington|Portraits,Ralph Hall & Son,Maker,,1836,1841,,The American Wing,,active 1836–1841,False,True,https://www.metmuseum.org/art/collection/search/2774,https://images.metmuseum.org/CRDImages/ad/original/134139.jpg,0,https://www.wikidata.org/wiki/Q116370943,,
11945,Jean Pierre Barre,"Painting, miniature",ca. 1820,,,,Watercolor on ivory,3 5/16 x 2 11/16 in. (8.4 x 6.8 cm),American,,,,Men|Portraits,Nathaniel Rogers,Artist,American,1788,1844,,The American Wing,,"American, Bridgehampton, New York 1788–1844 Bridgehampton, New York",False,True,https://www.metmuseum.org/art/collection/search/11945,https://images.metmuseum.org/CRDImages/ad/original/ap53.86.1.jpg,0,https://www.wikidata.org/wiki/Q20177765,https://www.wikidata.org/wiki/Q20823779,http://vocab.getty.edu/page/ulan/500014728
1976,Chandelier,Chandelier,1765–85,,,,Brass,39 x 37 in. (99.1 x 94 cm),,England,,,,,,,,,,The American Wing,,,False,True,https://www.metmuseum.org/art/collection/search/1976,https://images.metmuseum.org/CRDImages/ad/original/56568.jpg,1,https://www.wikidata.org/wiki/Q116390892,,
204324,Standing angel,Statuette,18th century,,,,"Wood (polychromed and gilded), silver and silver-gilt
Eyes, glass",H. 10 in. (25.4 cm.),Ecuadoran,,,,Angels,,,,,,,The American Wing,,,False,True,https://www.metmuseum.org/art/collection/search/204324,https://images.metmuseum.org/CRDImages/ad/original/180761.jpg,2,https://www.wikidata.org/wiki/Q116374015,,
10603,Ida Cushman,"Painting, miniature",ca. 1856,,,,Watercolor on ivory,Sight: 4 3/8 x 3 1/4 in. (11.1 x 8.3 cm),American,,,,Girls|Portraits,George Hewitt Cushman,Artist,,1814,1876,,The American Wing,,1814–1876,False,True,https://www.metmuseum.org/art/collection/search/10603,https://images.metmuseum.org/CRDImages/ad/original/ap37.176.1.jpg,0,https://www.wikidata.org/wiki/Q19923870,https://www.wikidata.org/wiki/Q5540573,http://vocab.getty.edu/page/ulan/500331865
10919,Christopher Colles,Painting,ca. 1812–16,,,,Oil on canvas,30 3/8 x 25 1/2 in. (77.2 x 64.8 cm),American,,,,Men|Portraits,James Frothingham,Artist,American,1786,1864,,The American Wing,,1786–1864,False,True,https://www.metmuseum.org/art/collection/search/10919,https://images.metmuseum.org/CRDImages/ad/original/ap17.160.jpg,0,https://www.wikidata.org/wiki/Q19924258,https://www.wikidata.org/wiki/Q6134276,http://vocab.getty.edu/page/ulan/500028443
3232,Dish,Dish,ca. 1760,,,,Stoneware,H. 2 3/4 in. (7 cm); Diam. 10 1/8 in. (25.7 cm),British (American market),England,West Midlands,,Flowers,,,,,,,The American Wing,,,False,True,https://www.metmuseum.org/art/collection/search/3232,https://images.metmuseum.org/CRDImages/ad/original/133422.jpg,0,https://www.wikidata.org/wiki/Q116370620,,
1626,Side chair,Side chair,1760–90,,,,"Mahogany, white oak, yellow pine",40 x 21 3/4 x 21 1/2 in. (101.6 x 55.2 x 54.6 cm),American,United States,Mid-Atlantic,Philadelphia,,,,,,,,The American Wing,,,False,True,https://www.metmuseum.org/art/collection/search/1626,https://images.metmuseum.org/CRDImages/ad/original/215280.jpg,0,https://www.wikidata.org/wiki/Q116372055,,
715542,Vase with marine life,Vase,1882,,,,Earthenware,H. 11 in.,American,United States,Midwest,Cincinnati,,Thomas J. Wheatley,Maker,American,1853,1853,,The American Wing,,1853–1917,False,True,https://www.metmuseum.org/art/collection/search/715542,https://images.metmuseum.org/CRDImages/ad/original/DP-13269-004.jpg,1,https://www.wikidata.org/wiki/Q116444647,,
5136,Plaque,Plaque,1870–1900 (?),,,,Probably glass,Diam. 4 5/8 in. (11.7 cm),,,,,Men|Profiles,,,,,,,The American Wing,,,False,True,https://www.metmuseum.org/art/collection/search/5136,https://images.metmuseum.org/CRDImages/ad/original/25472.jpg,0,https://www.wikidata.org/wiki/Q116392224,,
7612,Soup Bowl,Soup bowl,1885,,,,Porcelain,H. 1 1/2 in. (3.8 cm); Diam. 8 13/16 in. (22.4 cm),American,United States,Mid-Atlantic,Brooklyn,,Union Porcelain Works,Maker,American,1863,1922,,The American Wing,,1863–1922,False,True,https://www.metmuseum.org/art/collection/search/7612,https://images.metmuseum.org/CRDImages/ad/original/DP258773.jpg,0,https://www.wikidata.org/wiki/Q116336759,https://www.wikidata.org/wiki/Q18356506,http://vocab.getty.edu/page/ulan/500333024
15190,Ann King,"Painting, miniature",1817–1881,,,,Watercolor on ivory,4 7/16 x 3 1/2 in. (11.3 x 9 cm),American,,,,Portraits|Women,Richard Morrell Staigg,Artist,American,1817,1881,,The American Wing,,1817–1881,False,True,https://www.metmuseum.org/art/collection/search/15190,https://images.metmuseum.org/CRDImages/ad/original/APS6698.jpg,0,https://www.wikidata.org/wiki/Q19923868,https://www.wikidata.org/wiki/Q7327902,http://vocab.getty.edu/page/ulan/500013689
5259,Mourning Ring,Ring,1800,,,,"Gold, enamel",7/8 x 3/4 in. (2.2 x 1.9 cm),,,,,George Washington|Men|Portraits,,,,,,,The American Wing,,,False,True,https://www.metmuseum.org/art/collection/search/5259,https://images.metmuseum.org/CRDImages/ad/original/25512.jpg,0,https://www.wikidata.org/wiki/Q116365794,,
16977,Drop-leaf dining table,Dining table,1756,,,,"Mahogany, maple","Open: 28 3/4 x 62 1/4 x 58 1/4 in. (73 x 158.1 x 148 cm)
Closed: 28 3/4 x 17 1/2 x 58 1/4 in. (73 x 44.5 x 148 cm)",American,United States,New England,Newport,,John Townsend,Maker,American,1732,1809,,The American Wing,,1732–1809,False,True,https://www.metmuseum.org/art/collection/search/16977,https://images.metmuseum.org/CRDImages/ad/original/DP104721.jpg,2,https://www.wikidata.org/wiki/Q116327402,https://www.wikidata.org/wiki/Q56006667,http://vocab.getty.edu/page/ulan/500062602
9408,Vase,Vase,1893–96,,,,Favrile glass,H. 14 3/4 in. (37.5 cm),American,United States,Mid-Atlantic,,,Louis C. Tiffany,Designer,American,1848,1933,,The American Wing,,"American, New York 1848–1933 New York",False,True,https://www.metmuseum.org/art/collection/search/9408,https://images.metmuseum.org/CRDImages/ad/original/ADA2815.jpg,0,https://www.wikidata.org/wiki/Q116342613,https://www.wikidata.org/wiki/Q312950,http://vocab.getty.edu/page/ulan/500030415
3457,Drug Bottle,Drug bottle,19th century,,,,Free-blown molded amber glass,H. 8 5/8 in. (21.9 cm),American,United States,,,Women,,,,,,,The American Wing,,,False,True,https://www.metmuseum.org/art/collection/search/3457,https://images.metmuseum.org/CRDImages/ad/original/134129.jpg,0,https://www.wikidata.org/wiki/Q116391841,,
20123,Pitcher,Pitcher,ca. 1880,,,,Silver,6 × 4 5/8 × 4 1/4 in. (15.2 × 11.7 × 10.8 cm),American,United States,Mid-Atlantic,New York,Crabs|Lobsters,Tiffany & Co.,Maker,,1837,9999,,The American Wing,,1837–present,False,True,https://www.metmuseum.org/art/collection/search/20123,https://images.metmuseum.org/CRDImages/ad/original/DP-14591-033.jpg,2,https://www.wikidata.org/wiki/Q116393848,https://www.wikidata.org/wiki/Q1066858,http://vocab.getty.edu/page/ulan/500330306
3091,Decanter,Decanter,1850–70,,,,Pressed glass,H. 11 5/8 in. (29.5 cm),,,,,,,,,,,,The American Wing,,,False,True,https://www.metmuseum.org/art/collection/search/3091,https://images.metmuseum.org/CRDImages/ad/original/DP235366.jpg,0,https://www.wikidata.org/wiki/Q116370707,,
11766,Thomas Storm,Painting,ca. 1830,,,,Oil on canvas,32 x 26 in. (81.3 x 66 cm),American,,,,Men|Portraits,Ammi Phillips,Artist,American,1788,1865,,The American Wing,,1788–1865,False,True,https://www.metmuseum.org/art/collection/search/11766,https://images.metmuseum.org/CRDImages/ad/original/ap1980.360.1.jpg,0,https://www.wikidata.org/wiki/Q19925558,https://www.wikidata.org/wiki/Q2843640,http://vocab.getty.edu/page/ulan/500027079
7266,Saucer,Saucer,ca. 1860–66,,,,Porcelain,Diam. 5 5/8 in. (14.3 cm),"Chinese, for American market",China,,,Birds|Butterflies|Flowers,,,,,,,The American Wing,,,False,True,https://www.metmuseum.org/art/collection/search/7266,https://images.metmuseum.org/CRDImages/ad/original/171511.jpg,0,https://www.wikidata.org/wiki/Q116343354,,
16335,"Various Figure Sketches, Including Two Battling Equestrains, Two Wrestlers (from Sketchbook)",Drawing,1810–20,,,,"Ink, wash, on paper",9 x 11 1/2 in. (22.9 x 29.2 cm),American,,,,Battles|Horses,Thomas Sully,Artist,American,1783,1872,,The American Wing,,"American, Horncastle, Lincolnshire 1783–1872 Philadelphia, Pennsylvania",False,True,https://www.metmuseum.org/art/collection/search/16335,https://images.metmuseum.org/CRDImages/ad/original/266428.jpg,0,,https://www.wikidata.org/wiki/Q786545,http://vocab.getty.edu/page/ulan/500006873
2396,Covered Jar,Jar,1825–75,,,,Earthenware; Redware,H. 12 1/2 in. (31.8 cm),American,United States,,,,,,,,,,The American Wing,,,False,True,https://www.metmuseum.org/art/collection/search/2396,https://images.metmuseum.org/CRDImages/ad/original/DP259106.jpg,0,https://www.wikidata.org/wiki/Q116371440,,
2155,Medal,Medal,1783 or ca. 1810,,,,Copper,Diam. 1 1/8 in. (2.9 cm),American,United States,,,Men|Profiles,,,,,,,The American Wing,,,False,True,https://www.metmuseum.org/art/collection/search/2155,https://images.metmuseum.org/CRDImages/ad/original/25362.jpg,0,,,
3977,Girandole,Girandole,1817,,,,"Gilded gesso, mirror glass with white pine",H. 54 in. (137.2 cm); Diam. 28 in. (71.1 cm),American,United States,Mid-Atlantic,Albany,Eagles,,,,,,,The American Wing,,,False,True,https://www.metmuseum.org/art/collection/search/3977,https://images.metmuseum.org/CRDImages/ad/original/DP105836.jpg,0,https://www.wikidata.org/wiki/Q95986487,,
5896,Plaque of George Washington,Painting,1770–1800,,,,Enamel,1 3/4 x 1 3/8 in. (4.4 x 3.5 cm),,England,,,George Washington|Profiles,,,,,,,The American Wing,,,False,True,https://www.metmuseum.org/art/collection/search/5896,https://images.metmuseum.org/CRDImages/ad/original/25388.jpg,0,https://www.wikidata.org/wiki/Q79021452,,
14239,Drawer Pull,Drawer pull,1810–60,,,,Pressed glass,Diam. 2 1/2 in. (6.4 cm),,,,,,,,,,,,The American Wing,,,False,True,https://www.metmuseum.org/art/collection/search/14239,https://images.metmuseum.org/CRDImages/ad/original/DP236494.jpg,0,https://www.wikidata.org/wiki/Q116329161,,
7840,Spoon,Spoon,1765–80,,,,Silver,L. 8 3/4 in. (22.2 cm),American,United States,New England,Newburyport,,Joseph Moulton,Maker,American,1724,1795,,The American Wing,,1724–1795,False,True,https://www.metmuseum.org/art/collection/search/7840,https://images.metmuseum.org/CRDImages/ad/original/98085.jpg,3,https://www.wikidata.org/wiki/Q116349907,,
5823,Pitcher,Pitcher,1839–53,,,,Pewter,H. 8 1/8 in. (20.6 cm),American,United States,Mid-Atlantic,Philadelphia,,William McQuilkin,Maker,American,1839,1853,,The American Wing,,active 1839–53,False,True,https://www.metmuseum.org/art/collection/search/5823,https://images.metmuseum.org/CRDImages/ad/original/49695.jpg,0,https://www.wikidata.org/wiki/Q116358740,,
4979,Marriage Contract,Marriage contract,1761,,,,Paper,12 5/8 x 8 in. (32.1 x 20.3 cm),Dutch,Netherlands,,Amsterdam,,,,,,,,The American Wing,,,False,True,https://www.metmuseum.org/art/collection/search/4979,https://images.metmuseum.org/CRDImages/ad/original/124568.jpg,0,,,
1681,Side Chair,Side Chair,1810–20,,,,"Mahogany, brass, ash, and tulip poplar",32 1/4 x 21 3/4 x 18 3/8 in. (81.9 x 55.2 x 46.7 cm),American,United States,Mid-Atlantic,New York,Harps,,,,,,,The American Wing,,,False,True,https://www.metmuseum.org/art/collection/search/1681,https://images.metmuseum.org/CRDImages/ad/original/DP171113.jpg,4,https://www.wikidata.org/wiki/Q116372025,,
1169,Candlestand,Candle stand,1700–1800,,,,Wrought iron,H. 45 in. (114.3 cm),American,United States,Mid-Atlantic,,,,,,,,,The American Wing,,,False,True,https://www.metmuseum.org/art/collection/search/1169,https://images.metmuseum.org/CRDImages/ad/original/97247.jpg,0,https://www.wikidata.org/wiki/Q116372506,,
2254,Manuscript Copy of a Resolution of Congress,Manuscript,1867,,,,Parchment paper,16 x 12 7/8 in. (40.6 x 32.7 cm),American,United States,Mid-Atlantic,Washington DC,Transatlantic Cable,,,,,,,The American Wing,,,False,True,https://www.metmuseum.org/art/collection/search/2254,https://images.metmuseum.org/CRDImages/ad/original/45372.jpg,0,,,
4277,Chest of Drawers,Chest of drawers,ca. 1747,,,,"Japanned maple, japanned white pine, white pine; brass",70 1/4 x 39 5/8 x 21 in. (178.4 x 100.6 x 53.3 cm),American,United States,New England,Boston,Birds|Swans|Chariots,,,,,,,The American Wing,,,False,True,https://www.metmuseum.org/art/collection/search/4277,https://images.metmuseum.org/CRDImages/ad/original/DP-29450-001.jpg,50,https://www.wikidata.org/wiki/Q116367328,,
289,Furniture Hardware,Furniture hardware,1820–30,,,,Gilt brass,Diam. 2 1/8 in. (5.4 cm),,France,,,,Henry Kellam Hancock,Retailer,,1816,1851,,The American Wing,,1816–1851,False,True,https://www.metmuseum.org/art/collection/search/289,https://images.metmuseum.org/CRDImages/ad/original/ADA6275.jpg,0,https://www.wikidata.org/wiki/Q116373521,,
7566,Snuffbox,Box,ca. 1815,,,,Silver,5/8 x 3 1/4 x 2 1/8 in. (1.6 x 8.3 x 5.4 cm),American,United States,Mid-Atlantic,New York,,John Targee,Maker,American,1769,1850,,The American Wing,,"American, ca. 1774–1850",False,True,https://www.metmuseum.org/art/collection/search/7566,https://images.metmuseum.org/CRDImages/ad/original/DP162502.jpg,3,https://www.wikidata.org/wiki/Q116338738,,http://vocab.getty.edu/page/ulan/500329979
1059,Butter Pat,Butter pat,1885,,,,Porcelain,3 1/8 x 2 1/4 in. (7.9 x 5.7 cm),American,United States,Mid-Atlantic,Brooklyn,,Union Porcelain Works,Maker,American,1863,1922,,The American Wing,,1863–1922,False,True,https://www.metmuseum.org/art/collection/search/1059,https://images.metmuseum.org/CRDImages/ad/original/DP258776.jpg,0,https://www.wikidata.org/wiki/Q116372587,https://www.wikidata.org/wiki/Q18356506,http://vocab.getty.edu/page/ulan/500333024
19906,Vase,Vase,ca. 1898–1918,,,,Stoneware,13 3/8 in. (34 cm),American,United States,New England United States,West Sterling,,William J. Walley,Maker,,1852,1919,,The American Wing,,1852–1919,False,True,https://www.metmuseum.org/art/collection/search/19906,https://images.metmuseum.org/CRDImages/ad/original/L.2009.22.105.jpg,1,https://www.wikidata.org/wiki/Q116393684,,
13139,Study of the Horse for the Statue of Major General George Henry Thomas,Sculpture,"1879, cast after 1910",,,,Bronze,20 x 18 x 5 in. (50.8 x 45.7 x 12.7 cm),American,,,,Horses,John Quincy Adams Ward,Artist,American,1830,1910,,The American Wing,,"American, Urbana, Ohio 1830–1910 New York",False,True,https://www.metmuseum.org/art/collection/search/13139,https://images.metmuseum.org/CRDImages/ad/original/DP-1072-1.jpg,3,https://www.wikidata.org/wiki/Q116378025,https://www.wikidata.org/wiki/Q2069921,http://vocab.getty.edu/page/ulan/500023733
10801,Susannah or Mary Bontecou,Painting,ca. 1768–70,,,,Oil on canvas,35 1/2 x 27 5/8 in. (90.2 x 70.2 cm),American,,,,Portraits|Women|Roses,John Durand,Artist,American,1724,1824,,The American Wing,,active 1765–82,False,True,https://www.metmuseum.org/art/collection/search/10801,https://images.metmuseum.org/CRDImages/ad/original/DT226608.jpg,0,https://www.wikidata.org/wiki/Q19925665,https://www.wikidata.org/wiki/Q19894842,http://vocab.getty.edu/page/ulan/500008761
19065,The Family of John Q. Aymar,Painting,ca. 1833,,,,Oil on canvas,34 3/4 x 42 in. (88.3 x 106.7 cm),American,United States,,,Interiors|Girls|Men|Women|Family,George W. Twibill Jr.,Artist,American,1806,1836,,The American Wing,,1806–1836,False,True,https://www.metmuseum.org/art/collection/search/19065,https://images.metmuseum.org/CRDImages/ad/original/figure 107R1_24Z.jpg,0,https://www.wikidata.org/wiki/Q20170327,https://www.wikidata.org/wiki/Q22341565,
19747,Cincinnati Pottery Club Incised Pitcher,Pitcher,ca. 1882,,,,Earthenware with various glazes,7 x 5 in. (17.8 x 12.7 cm),American,United States,Midwest,Cincinnati,,Laura A. Fry,Artist,American,1857,1857,Female,The American Wing,,1857–1943,False,True,https://www.metmuseum.org/art/collection/search/19747,https://images.metmuseum.org/CRDImages/ad/original/DP216218.jpg,4,https://www.wikidata.org/wiki/Q116328373,,
5447,Whale Oil Lamp,Whale oil lamp,1825–45,,,,Pressed and free-blown lead glass,H. 3 1/2 in. (8.9 cm),,,,,,,,,,,,The American Wing,,,False,True,https://www.metmuseum.org/art/collection/search/5447,https://images.metmuseum.org/CRDImages/ad/original/ADA5314.jpg,0,https://www.wikidata.org/wiki/Q116365535,,
649,Fragment of a Bottle,Bottle fragment,18th century,,,,Free-blown non-lead glass,H. 3 in. (7.6 cm),American,United States,Mid-Atlantic,Wistarburg,,,,,,,,The American Wing,,,False,True,https://www.metmuseum.org/art/collection/search/649,https://images.metmuseum.org/CRDImages/ad/original/112931.jpg,0,https://www.wikidata.org/wiki/Q116373142,,
662,Bowl,Bowl,1820–40,,,,Blown molded lead glass,H. 2 1/4 in. (5.7 cm); Diam. 10 in. (25.4 cm),,,,,,,,,,,,The American Wing,,,False,True,https://www.metmuseum.org/art/collection/search/662,https://images.metmuseum.org/CRDImages/ad/original/110747.jpg,0,https://www.wikidata.org/wiki/Q116373125,,
2066,Churn,Churn,1700–1800,,,,Wood; Probably cedar,"25 in., 8 × 7 in. (63.5 cm)",,,,,,,,,,,,The American Wing,,,False,True,https://www.metmuseum.org/art/collection/search/2066,https://images.metmuseum.org/CRDImages/ad/original/DP-22085-001.jpg,2,https://www.wikidata.org/wiki/Q116390900,,
20217,Claret,Claret,1818,,,,Glass,4 5/16 in. (11 cm),British,England,,London,,Pellatt & Green,Maker,American,,,,The American Wing,,,False,True,https://www.metmuseum.org/art/collection/search/20217,https://images.metmuseum.org/CRDImages/ad/original/DP169582.jpg,0,https://www.wikidata.org/wiki/Q116327916,,
6648,Porringer,Porringer,1735–40,,,,Porcelain,H. 2 3/16 in. (5.6 cm),Chinese,China,,,Flowers,,,,,,,The American Wing,,,False,True,https://www.metmuseum.org/art/collection/search/6648,https://images.metmuseum.org/CRDImages/ad/original/ADA5286.jpg,2,https://www.wikidata.org/wiki/Q116359707,,
7025,Salt,Salt,1825–30,,,,Lacy pressed glass,2 1/8 x 3 in. (5.4 x 7.6 cm),American,United States,New England,,,,,,,,,The American Wing,,,False,True,https://www.metmuseum.org/art/collection/search/7025,https://images.metmuseum.org/CRDImages/ad/original/153405.jpg,0,https://www.wikidata.org/wiki/Q116351793,,
87,Andiron,Andiron,1730–70,,,,Brass,19 1/4 x 19 1/2 x 11 3/4 in. (48.9 x 49.5 x 29.8 cm),,,,,,,,,,,,The American Wing,,,False,True,https://www.metmuseum.org/art/collection/search/87,https://images.metmuseum.org/CRDImages/ad/original/127219.jpg,0,https://www.wikidata.org/wiki/Q116373697,,
12492,Gulf of Corinth (from Sketchbook),Drawing,1904,,,,Graphite on paper,5 1/4 x 8 1/4 in. (13.3 x 21 cm),American,,,,Landscapes|Boats,Mary Newbold Sargent,Artist,American,1826,1906,,The American Wing,,1826–1906,False,True,https://www.metmuseum.org/art/collection/search/12492,https://images.metmuseum.org/CRDImages/ad/original/219366.jpg,0,,https://www.wikidata.org/wiki/Q56739442,
4283,High chest of drawers,High chest of drawers,1755–90,,,,"Mahogany, tulip poplar, yellow pine",99 x 45 1/2 x 25 in. (251.5 x 115.6 x 63.5 cm),American,United States,Mid-Atlantic,Philadelphia,,,,,,,,The American Wing,,,False,True,https://www.metmuseum.org/art/collection/search/4283,https://images.metmuseum.org/CRDImages/ad/original/ADA3121.jpg,5,https://www.wikidata.org/wiki/Q116367286,,
1979,Chandelier,Chandelier,1810–20,,,,"Gilt bronze, glass",H. 34 in. (86.4 cm); Diam. 18 in. (45.7 cm),,England,,,,,,,,,,The American Wing,,,False,True,https://www.metmuseum.org/art/collection/search/1979,https://images.metmuseum.org/CRDImages/ad/original/128784.jpg,0,,,
2008,Small chest of drawers,Chest of drawers,1735–50,,,,"Painted maple, yellow pine",16 1/4 x 18 3/8 x 10 3/4 in. (41.3 x 46.7 x 27.3 cm),American,United States,New England,Windsor,Men|Women|Hunting|Deer|Dogs,,,,,,,The American Wing,,,False,True,https://www.metmuseum.org/art/collection/search/2008,https://images.metmuseum.org/CRDImages/ad/original/DT261409.jpg,2,https://www.wikidata.org/wiki/Q116371828,,
10362,View of New York from Williamsburg,Watercolor,1799–1884,,,,"Watercolor, gouache on off-white wove paper",13 7/16 x 20 3/8 in. (34.1 x 51.8 cm),American,,,,Docks|Men|Rivers|Boats|New York City,Nicolino Calyo,Artist,"American, born Italy",1799,1884,,The American Wing,,"American (born Italy), Naples 1799–1884 New York",False,True,https://www.metmuseum.org/art/collection/search/10362,https://images.metmuseum.org/CRDImages/ad/original/ap1985.352.1.jpg,1,https://www.wikidata.org/wiki/Q20179473,https://www.wikidata.org/wiki/Q20879213,http://vocab.getty.edu/page/ulan/500001471
12658,Albert Gallatin,Painting,ca. 1803,,,,Oil on canvas,29 3/8 x 24 7/8 in. (74.6 x 63.2 cm),American,,,,Men|Portraits,Gilbert Stuart,Artist,American,1755,1828,,The American Wing,,"American, North Kingston, Rhode Island 1755–1828 Boston, Massachusetts",False,True,https://www.metmuseum.org/art/collection/search/12658,https://images.metmuseum.org/CRDImages/ad/original/ap08.90.jpg,1,https://www.wikidata.org/wiki/Q20173534,https://www.wikidata.org/wiki/Q41402,http://vocab.getty.edu/page/ulan/500010392
4510,Barrel,Flower pot,ca. 1700–1750,,,,Tin-glazed earthenware,H. 17 in. (43.2 cm),Mexican,Mexico,,,,,,,,,,The American Wing,,,False,True,https://www.metmuseum.org/art/collection/search/4510,https://images.metmuseum.org/CRDImages/ad/original/DP250005.jpg,1,https://www.wikidata.org/wiki/Q116366705,,
5793,Pitcher,Pitcher,1847–48,,,,Parian porcelain,6 7/8 x 5 1/8 x 4 1/4 in. (17.5 x 13 x 10.8 cm),American,United States,New England,Bennington,Men|Horses,Fenton's Works,Maker,American,1847,1848,,The American Wing,,1847–1848,False,True,https://www.metmuseum.org/art/collection/search/5793,https://images.metmuseum.org/CRDImages/ad/original/DP265257.jpg,2,https://www.wikidata.org/wiki/Q116359916,,
4978,Statuette of the Marquis de Lafayette,Statuette,1870–83,,,,Gilt bronze,H. 7 in. (17.8 cm),,France,,,Men|Marquis de Lafayette,Jean Ossaye Mombur,Maker,,1850,1896,,The American Wing,,1850–1896,False,True,https://www.metmuseum.org/art/collection/search/4978,https://images.metmuseum.org/CRDImages/ad/original/25773.jpg,0,,https://www.wikidata.org/wiki/Q15896863,
3982,Girandole,Girandole,1800–1820,,,,"Gilded gesso, glass with pine",38 x 22 in. (96.5 x 55.9 cm),,England,,,Eagles,,,,,,,The American Wing,,,False,True,https://www.metmuseum.org/art/collection/search/3982,https://images.metmuseum.org/CRDImages/ad/original/185434.jpg,1,https://www.wikidata.org/wiki/Q95986570,,
10500,A View near Tivoli (Morning),Painting,1832,,,,Oil on canvas,14 3/4 x 23 1/8in. (37.5 x 58.7cm),American,,,,Ruins|Mountains|Landscapes,Thomas Cole,Artist,American,1801,1848,,The American Wing,,"American, Lancashire 1801–1848 Catskill, New York",False,True,https://www.metmuseum.org/art/collection/search/10500,https://images.metmuseum.org/CRDImages/ad/original/DT208249.jpg,0,https://www.wikidata.org/wiki/Q19900652,https://www.wikidata.org/wiki/Q334001,http://vocab.getty.edu/page/ulan/500028323
2342,Covered Butter Dish,Butter dish,1850–70,,,,Pressed glass,H. 5 1/2 in. (14 cm); Diam. 6 1/4 in. (15.9 cm),American,United States,Mid-Atlantic,Pittsburgh,,"Bakewell, Pears and Company",Maker,American,1836,1882,,The American Wing,,1836–1882,False,True,https://www.metmuseum.org/art/collection/search/2342,https://images.metmuseum.org/CRDImages/ad/original/174934.jpg,0,https://www.wikidata.org/wiki/Q116371526,,
3597,Figure Group,Figure group,1765–75,,,,Porcelain,H. 13 1/4 in. (33.7 cm),British,England,,London,Men|Women,Chelsea Factory,Maker,,1742,1784,,The American Wing,,ca. 1745–1784,False,True,https://www.metmuseum.org/art/collection/search/3597,https://images.metmuseum.org/CRDImages/ad/original/117426.jpg,1,,https://www.wikidata.org/wiki/Q2072152,http://vocab.getty.edu/page/ulan/500048092
10100,Daniel Webster,Sculpture,1853,,,,Bronze,29 3/4 x 14 x 11 in. (75.6 x 35.6 x 27.9 cm),American,,,,Men|Portraits,Thomas Ball,Artist,American,1819,1911,,The American Wing,,"American, Charlestown, Massachusetts 1819–1911 Montclair, New Jersey",False,True,https://www.metmuseum.org/art/collection/search/10100,https://images.metmuseum.org/CRDImages/ad/original/69.219.2.jpg,0,https://www.wikidata.org/wiki/Q116378188,https://www.wikidata.org/wiki/Q721881,http://vocab.getty.edu/page/ulan/500225571
93,Andiron,Andiron,1795–1815,,,,"Brass, iron",23 1/4 x 23 1/2 in. (59.1 x 59.7 cm),American,United States,Mid-Atlantic,New York,Birds,,,,,,,The American Wing,,,False,True,https://www.metmuseum.org/art/collection/search/93,https://images.metmuseum.org/CRDImages/ad/original/138510.jpg,0,https://www.wikidata.org/wiki/Q116373683,,
19431,Portrait of a Man,Drawing,1805,,,,Pastel on paper,21 x 18 in. (53.3 x 45.7 cm),American,United States,,,Men|Portraits,Gerrit Schipper,Artist,American,1775,1835,,The American Wing,,1775–ca. 1830,False,True,https://www.metmuseum.org/art/collection/search/19431,https://images.metmuseum.org/CRDImages/ad/original/6212006.jpg,0,,https://www.wikidata.org/wiki/Q5552591,http://vocab.getty.edu/page/ulan/500006981
319185,Paddle,Paddle,1850–75,,,,Wood,H. 42 1/2 x W. 4 1/2 in. (108 x 11.4 cm),Haudenosaunee (Iroquois),Canada,,,Men,,,,,,,The American Wing,,,False,True,https://www.metmuseum.org/art/collection/search/319185,https://images.metmuseum.org/CRDImages/ad/original/DT262940.jpg,4,,,
4974,Ornament of the Marquis de Lafayette,Ornament,1775–1800,,,,Brass,Diam. 3 1/8 in. (7.9 cm),,France,,,Men|Portraits|Marquis de Lafayette,,,,,,,The American Wing,,,False,True,https://www.metmuseum.org/art/collection/search/4974,https://images.metmuseum.org/CRDImages/ad/original/LC-83_2_313.jpg,1,,,
13407,Slop Bowl,Slop bowl,1854–65,,,,Britannia metal,H. 5 1/2 in. (14 cm); Diam. 5 in. (12.7 cm),American,United States,New England,Hartford,,Thomas Danforth Boardman,Maker,American,1784,1873,,The American Wing,,1784–1873,False,True,https://www.metmuseum.org/art/collection/search/13407,https://images.metmuseum.org/CRDImages/ad/original/249715.jpg,1,https://www.wikidata.org/wiki/Q116329664,https://www.wikidata.org/wiki/Q82160313,http://vocab.getty.edu/page/ulan/500334231
5780,Pitcher,Pitcher,1860–70,,,,Pressed glass,H. 6 3/8 in. (16.2 cm),American,United States,Mid-Atlantic,Pittsburgh,,"Bryce, Walker and Company",Maker,American,,9999,,The American Wing,,,False,True,https://www.metmuseum.org/art/collection/search/5780,https://images.metmuseum.org/CRDImages/ad/original/186558.jpg,0,https://www.wikidata.org/wiki/Q116360413,,
7453,Shoe Buckle,Shoe buckle,1770–1800,,,,Steel and silver plate on copper or brass,3 1/2 x 2 7/8 in. (8.9 x 7.3 cm),,,,,,,,,,,,The American Wing,,,False,True,https://www.metmuseum.org/art/collection/search/7453,https://images.metmuseum.org/CRDImages/ad/original/57693.jpg,0,,,
7020,Salt,Salt,1800–1900,,,,Lacy pressed green glass,H. 1 7/16 in. (3.7 cm); Diam. 2 15/16 in. (7.5 cm),,,,,,,,,,,,The American Wing,,,False,True,https://www.metmuseum.org/art/collection/search/7020,https://images.metmuseum.org/CRDImages/ad/original/153400.jpg,0,https://www.wikidata.org/wiki/Q116392644,,
16428,View of Caldwell (from Sketchbook),Drawing,"1834, 1838",,,,Graphite on wove paper,7 1/4 x 9 in. (18.4 x 22.9 cm),American,,,,Trees,John William Casilear,Artist,American,1811,1893,,The American Wing,,"American, New York 1811–1893 Saratoga Springs, New York",False,True,https://www.metmuseum.org/art/collection/search/16428,https://images.metmuseum.org/CRDImages/ad/original/265216.jpg,0,,https://www.wikidata.org/wiki/Q2700128,http://vocab.getty.edu/page/ulan/500013823
933,Box,Box,1830–70,,,,Parian porcelain,2 1/8 x 4 x 2 7/8 in. (5.4 x 10.2 x 7.3 cm),American,United States,New England,Bennington,,,,,,,,The American Wing,,,False,True,https://www.metmuseum.org/art/collection/search/933,https://images.metmuseum.org/CRDImages/ad/original/DP267903.jpg,2,https://www.wikidata.org/wiki/Q116372724,,
10924,Nydia,Painting,1882,,,,Oil on canvas,50 x 32 1/4 in. (127 x 81.9 cm),American,,,,Women,George Fuller,Artist,American,1822,1884,,The American Wing,,"American, Deerfield, Massachusetts 1822–1884 Brookline, Massachusetts",False,True,https://www.metmuseum.org/art/collection/search/10924,https://images.metmuseum.org/CRDImages/ad/original/ap87.8.10.jpg,0,https://www.wikidata.org/wiki/Q19923942,https://www.wikidata.org/wiki/Q5539521,http://vocab.getty.edu/page/ulan/500026223
6251,Plate,Plate,1886–95,,,,Pressed opaque white glass,Diam. 10 1/2 in. (26.7 cm),American,United States,Mid-Atlantic,Tarentum,Flowers,"Challinor, Taylor and Company",Maker,American,1866,1891,,The American Wing,,1866–1891,False,True,https://www.metmuseum.org/art/collection/search/6251,https://images.metmuseum.org/CRDImages/ad/original/ADA5285.jpg,0,https://www.wikidata.org/wiki/Q116364030,,
15480,Blind Homer Led by the Genius of Poetry,Sculpture,1851,,,,Marble,"29 3/4 x 20 3/8 in. (75.6 x 51.8 cm)
Framed: 36 1/2 x 27 1/8 x 3 3/4 in. (92.7 x 68.9 x 9.5 cm)",American,,,,Homer|Men|Authors,Edward Sheffield Bartholomew,Artist,American,1822,1858,,The American Wing,,1822–1858,False,True,https://www.metmuseum.org/art/collection/search/15480,https://images.metmuseum.org/CRDImages/ad/original/DT3992.jpg,3,https://www.wikidata.org/wiki/Q83559958,https://www.wikidata.org/wiki/Q5345296,(not assigned)
19978,Vase,Vase,ca. 1898–1909,,,,Earthenware,11 5/8 x 5 1/2 in. (29.5 x 14 cm),American,United States,New England United States,Boston,,Grueby Pottery,Manufacturer,,1899,1916,,The American Wing,,"Boston, Massachusetts, 1899–ca. 1911",False,True,https://www.metmuseum.org/art/collection/search/19978,https://images.metmuseum.org/CRDImages/ad/original/L.2009.22.191.jpg,1,https://www.wikidata.org/wiki/Q116393740,,
11107,View of the Schuylkill County Almshouse Property,Painting,1876,,,,Oil on canvas,28 3/4 x 38 7/8 in. (73 x 98.7 cm),American,,,,Towns|Horses|Landscapes|Carts,Charles C. Hofmann,Artist,American,1820,1882,,The American Wing,,1820–1882,False,True,https://www.metmuseum.org/art/collection/search/11107,https://images.metmuseum.org/CRDImages/ad/original/DP-33491-001.jpg,1,https://www.wikidata.org/wiki/Q19924747,https://www.wikidata.org/wiki/Q21408533,http://vocab.getty.edu/page/ulan/500031650
2106,Coal Hod,Coal hod,ca. 1800,,,,Brass,17 3/4 x 16 1/4 x 11 in. (45.1 x 41.3 x 27.9 cm),,,,,,,,,,,,The American Wing,,,False,True,https://www.metmuseum.org/art/collection/search/2106,https://images.metmuseum.org/CRDImages/ad/original/138478.jpg,0,https://www.wikidata.org/wiki/Q116371748,,
13772,Piece,Piece,ca. 1876,,,,"Cotton, printed",4 5/8 x 2 5/8 in. (11.7 x 6.7 cm),American,United States,New England,Fall River,Men|Portraits|Leaves,The American Print Works,Maker,American,,9999,,The American Wing,,,False,True,https://www.metmuseum.org/art/collection/search/13772,https://images.metmuseum.org/CRDImages/ad/original/160097.jpg,0,,,
5545,Patch Box,Box,ca. 1694–1726/27,,,,Silver,"Overall: 1/2 x 2 3/4 x 3/4 in. (1.3 x 7 x 1.9 cm); 1 oz. 7 dwt. (41.9 g)
Body: 15 dwt. (23 g)
Cover: 12 dwt. (18.9 g)",American,United States,Mid-Atlantic,New York,,John Windover,Maker,American,1691,1727,,The American Wing,,active ca. 1694–1726/27,False,True,https://www.metmuseum.org/art/collection/search/5545,https://images.metmuseum.org/CRDImages/ad/original/DP162498.jpg,2,https://www.wikidata.org/wiki/Q116364097,,
14241,Drawer Pull,Drawer pull,1810–60,,,,Pressed glass,Diam. 2 1/2 in. (6.4 cm),,,,,,,,,,,,The American Wing,,,False,True,https://www.metmuseum.org/art/collection/search/14241,https://images.metmuseum.org/CRDImages/ad/original/DP236492.jpg,0,https://www.wikidata.org/wiki/Q116329152,,
5083,John Quincy Adams,Medal,1825,,,,Silver,Diam. 2 in. (5.1 cm),American,United States,,,Profiles,Moritz Fürst,Artist,Hungarian,1782,1882,,The American Wing,,"born 1782, active United States, 1807–ca. 1840",False,True,https://www.metmuseum.org/art/collection/search/5083,https://images.metmuseum.org/CRDImages/ad/original/AW_07_251_106-001.jpg,1,,,http://vocab.getty.edu/page/ulan/500110874
5128,George Washington Commemorative Medal,Medal,1800–1907,,,,Bronze,Diam. 1 1/4 in. (3.2 cm),,England,South West England,Bristol,George Washington|Profiles,Joseph S. and Alfred Wyon,Maker,,1700,1900,,The American Wing,,active 18th–19th century,False,True,https://www.metmuseum.org/art/collection/search/5128,https://images.metmuseum.org/CRDImages/ad/original/LC-07_280_13-001.jpg,4,,,
10796,River Scene,Painting,1854,,,,Oil on canvas,24 x 34 1/8 in. (61 x 86.7 cm),American,,,,Cows|Landscapes,Asher Brown Durand,Artist,American,1796,1886,,The American Wing,,"American, Jefferson, New Jersey 1796–1886 Maplewood, New Jersey",False,True,https://www.metmuseum.org/art/collection/search/10796,https://images.metmuseum.org/CRDImages/ad/original/ap1970.58.jpg,0,https://www.wikidata.org/wiki/Q19925280,https://www.wikidata.org/wiki/Q391608,http://vocab.getty.edu/page/ulan/500026080
1865,Side Chair,Side Chair,1795–1810,,,,Mahogany,37 x 21 x 18 in. (94 x 53.3 x 45.7 cm),American,United States,Mid-Atlantic,,,,,,,,,The American Wing,,,False,True,https://www.metmuseum.org/art/collection/search/1865,https://images.metmuseum.org/CRDImages/ad/original/138583.jpg,0,,,
20292,Tile,Tile,ca. 1881–85,,,,Earthenware,10 5/8 x 7 7/8 in. (27 x 20 cm),American,United States,New England United States,Chelsea,Cows|Forests,Chelsea Keramic Art Works,Manufacturer,American,1872,1889,,The American Wing,,1872–1889,False,True,https://www.metmuseum.org/art/collection/search/20292,https://images.metmuseum.org/CRDImages/ad/original/L.2009.22.21.jpg,3,https://www.wikidata.org/wiki/Q116393935,,
8390,Teapot,Teapot,ca. 1825–ca. 1835,,,,"Earthenware, transfer-printed",H. 7 1/2 in. (19.1 cm),British (American market),England,West Midlands,,Eagles|Boats,,,,,,,The American Wing,,,False,True,https://www.metmuseum.org/art/collection/search/8390,https://images.metmuseum.org/CRDImages/ad/original/71093.jpg,0,https://www.wikidata.org/wiki/Q116344658,,
5881,Pitcher,Pitcher,1889–95,,,,Earthenware,Other: 3 13/16 in. × 5 in. × 4 15/16 in. (9.7 × 12.7 × 12.5 cm),American,United States,New England,Boston,,New England Pottery Company,Maker,,1876,1914,,The American Wing,,1876–1914,False,True,https://www.metmuseum.org/art/collection/search/5881,https://images.metmuseum.org/CRDImages/ad/original/ADA5450.jpg,1,https://www.wikidata.org/wiki/Q116356907,,
14876,Scene around a Table (from Sketchbook),Drawing,ca. 1838 and after,,,,Graphite on off-white wove paper,6 5/8 x 8 in. (16.8 x 20.3 cm),American,,,,Human Figures|Dogs,Francis William Edmonds,Artist,American,1806,1863,,The American Wing,,"American, Hudson, New York 1806–1863 Bronxville, New York",False,True,https://www.metmuseum.org/art/collection/search/14876,https://images.metmuseum.org/CRDImages/ad/original/246930.jpg,0,,https://www.wikidata.org/wiki/Q3680885,http://vocab.getty.edu/page/ulan/500026117
10495,Landscape with Tower (from McGuire Scrapbook),Drawing,1801–1848,,,,Graphite on off-white wove paper,8 1/2 x 6 1/2 in. (21.6 x 16.5 cm),American,,,,Towers|Landscapes,Thomas Cole,Artist,American,1801,1848,,The American Wing,,"American, Lancashire 1801–1848 Catskill, New York",False,True,https://www.metmuseum.org/art/collection/search/10495,https://images.metmuseum.org/CRDImages/ad/original/ap26.216.20.jpg,1,https://www.wikidata.org/wiki/Q83560150,https://www.wikidata.org/wiki/Q334001,http://vocab.getty.edu/page/ulan/500028323
13279,Scene on the Mersey,Watercolor,1834–1903,,,,Watercolor and gouache on white wove paper,8 1/2 x 4 7/8 in. (21.6 x 12.4 cm),American,,,,Rivers|Boats|Lighthouses,James McNeill Whistler,Artist,American,1834,1903,,The American Wing,,"American, Lowell, Massachusetts 1834–1903 London",False,True,https://www.metmuseum.org/art/collection/search/13279,https://images.metmuseum.org/CRDImages/ad/original/APS2547.jpg,3,https://www.wikidata.org/wiki/Q20178138,https://www.wikidata.org/wiki/Q203643,http://vocab.getty.edu/page/ulan/500012432
11759,The True American,Painting,ca. 1874,,,,Oil on canvas,11 7/8 x 16 1/8 in. (30.2 x 41 cm),American,,,,Men|Reading|Newspapers,Enoch Wood Perry,Artist,American,1831,1915,,The American Wing,,1831–1915,False,True,https://www.metmuseum.org/art/collection/search/11759,https://images.metmuseum.org/CRDImages/ad/original/DP-15898-001.jpg,0,https://www.wikidata.org/wiki/Q19925172,https://www.wikidata.org/wiki/Q5379343,http://vocab.getty.edu/page/ulan/500028627
3085,Decanter,Decanter,1790–1810,,,,"Blown, cut, and engraved glass",H. 9 5/16 in. (23.7 cm); Diam. 3 3/4 in. (9.5 cm),Bohemian,Czech Republic,Bohemia,,,,,,,,,The American Wing,,,False,True,https://www.metmuseum.org/art/collection/search/3085,https://images.metmuseum.org/CRDImages/ad/original/DP207325.jpg,0,https://www.wikidata.org/wiki/Q116370723,,
19863,Vase,Vase,ca. 1896–1908,,,,Stoneware,8 5/8 x 5 1/4 in. (21.9 x 13.3 cm),American,United States,New England United States,Dedham,,Dedham Pottery,Manufacturer,American,1895,1943,,The American Wing,,1895–1943,False,True,https://www.metmuseum.org/art/collection/search/19863,https://images.metmuseum.org/CRDImages/ad/original/L.2009.22.100.jpg,3,https://www.wikidata.org/wiki/Q116393638,https://www.wikidata.org/wiki/Q5249776,(not assigned)
977,Bread Plate,Bread plate,1785–90,,,,Porcelain,Diam. 6 1/4 in. (15.9 cm),"Chinese, for American market",China,,,Birds|Flowers|Coat of Arms,,,,,,,The American Wing,,,False,True,https://www.metmuseum.org/art/collection/search/977,https://images.metmuseum.org/CRDImages/ad/original/DP258638.jpg,0,https://www.wikidata.org/wiki/Q116372638,,
9326,Pilgrim Vase,Pilgrim vase,1880–85,,,,Earthenware,9 x 8 1/4 in. (22.9 x 21 cm),American,United States,Mid-Atlantic,Baltimore,Butterflies|Plants,Chesapeake Pottery,Maker,American,1882,1914,,The American Wing,,"Baltimore, Maryland, 1882–1914",False,True,https://www.metmuseum.org/art/collection/search/9326,https://images.metmuseum.org/CRDImages/ad/original/DT7933.jpg,5,https://www.wikidata.org/wiki/Q116344209,,
9163,United States Twenty-dollar Gold Piece,Coin,"1905–7, gold coin 1911",,,,Gold,Diam. 1 5/16 in. (3.3 cm),,,,,Women|Money,Augustus Saint-Gaudens,Maker,American,1848,1907,,The American Wing,,"American, Dublin 1848–1907 Cornish, New Hampshire",False,True,https://www.metmuseum.org/art/collection/search/9163,https://images.metmuseum.org/CRDImages/ad/original/DP170360.jpg,1,,https://www.wikidata.org/wiki/Q770625,http://vocab.getty.edu/page/ulan/500124332
15034,William Burrows,"Painting, miniature",ca. 1807–13,,,,Watercolor on ivory,2 7/8 x 2 1/4 in. (7.3 x 5.7 cm),American,,,,Men|Portraits,Anson Dickinson,Artist,American,1779,1852,,The American Wing,,1779–1852,False,True,https://www.metmuseum.org/art/collection/search/15034,https://images.metmuseum.org/CRDImages/ad/original/APS6820.jpg,0,https://www.wikidata.org/wiki/Q19930557,https://www.wikidata.org/wiki/Q4770718,http://vocab.getty.edu/page/ulan/500006162
12543,My Bunkie,Painting,finished 1899,,,,Oil on canvas,"25 3/16 x 34in. (64 x 86.4cm)
Framed: 33 3/8 x 47 5/8 x 4in. (84.8 x 121 x 10.2cm)",American,,,,Soldiers|Men|Horses,Charles Schreyvogel,Artist,American,1861,1912,,The American Wing,,1861–1912,False,True,https://www.metmuseum.org/art/collection/search/12543,https://images.metmuseum.org/CRDImages/ad/original/DT381.jpg,0,https://www.wikidata.org/wiki/Q20169840,https://www.wikidata.org/wiki/Q5082397,http://vocab.getty.edu/page/ulan/500002037
7460,Shoe Buckle,Shoe buckle,1775–1810,,,,Silver plate on copper,3 1/4 x 2 3/8 in. (8.3 x 6 cm),,,,,,,,,,,,The American Wing,,,False,True,https://www.metmuseum.org/art/collection/search/7460,https://images.metmuseum.org/CRDImages/ad/original/97882.jpg,0,,,
319093,Bowl,Bowl,early 19th century,,,,Wood,H. 3 3/4 x W. 5 1/4 x D. 4 3/4 in. (9.5 x 13.3 x 12.1 cm),Haida or Tlingit,United States or Canada,,,,,,,,,,The American Wing,,,False,True,https://www.metmuseum.org/art/collection/search/319093,https://images.metmuseum.org/CRDImages/ad/original/DT261795.jpg,1,,,
15167,Portrait of a Lady,"Painting, miniature",1787–1844,,,,Watercolor on ivory,3 x 2 3/8 in. (7.6 x 6 cm),American,,,,Portraits|Women,Nathaniel Rogers,Artist,American,1788,1844,,The American Wing,,"American, Bridgehampton, New York 1788–1844 Bridgehampton, New York",False,True,https://www.metmuseum.org/art/collection/search/15167,https://images.metmuseum.org/CRDImages/ad/original/APS6682.jpg,0,https://www.wikidata.org/wiki/Q19924973,https://www.wikidata.org/wiki/Q20823779,http://vocab.getty.edu/page/ulan/500014728
788,Bowl,Bowl,ca. 1897,,,,"Porcelain, overglaze enamel decoration",H. 3 in. (7.6 cm); Diam. 7 13/16 in. (19.8 cm),American,United States,Mid-Atlantic,Trenton,,"Ceramic Art Company, Trenton, New Jersey",Maker,American,1889,1896,,The American Wing,,"American, 1889–1896",False,True,https://www.metmuseum.org/art/collection/search/788,https://images.metmuseum.org/CRDImages/ad/original/DP235021.jpg,2,https://www.wikidata.org/wiki/Q83560032,,http://vocab.getty.edu/page/ulan/500356006
7699,Soup Plate,Soup plate,1800–1830,,,,Porcelain,Diam. 9 11/16 in. (24.6 cm),Chinese,China,,,Landscapes,,,,,,,The American Wing,,,False,True,https://www.metmuseum.org/art/collection/search/7699,https://images.metmuseum.org/CRDImages/ad/original/157738.jpg,0,https://www.wikidata.org/wiki/Q116334794,,
3949,George Washington,Medallion,ca. 1840,,,,Probably porcelain,Diam. 1 3/4 in. (4.4 cm),French,France,,,George Washington|Men|Profiles,,,,,,,The American Wing,,,False,True,https://www.metmuseum.org/art/collection/search/3949,https://images.metmuseum.org/CRDImages/ad/original/25390.jpg,0,,,
14354,William Young,"Painting, miniature",1807,,,,Watercolor on ivory,2 3/4 x 2 1/4 in. (7.1 x 5.8 cm),American,,,,Men|Portraits,James Peale,Artist,American,1749,1831,,The American Wing,,"American, Chestertown, Maryland 1749–1831 Philadelphia, Pennsylvania",False,True,https://www.metmuseum.org/art/collection/search/14354,https://images.metmuseum.org/CRDImages/ad/original/APS6653.jpg,0,https://www.wikidata.org/wiki/Q19930634,https://www.wikidata.org/wiki/Q3161332,http://vocab.getty.edu/page/ulan/500029852
14997,Portrait of a Lady,"Painting, miniature",1840–50,,,,Watercolor on ivory,3 1/16 x 2 3/8 (7.8 x 6 cm),American,,,,Portraits|Women,Daniel F. Ames,Artist,American,1803,1886,,The American Wing,,1803–1886,False,True,https://www.metmuseum.org/art/collection/search/14997,https://images.metmuseum.org/CRDImages/ad/original/APS6898.jpg,0,https://www.wikidata.org/wiki/Q20177230,https://www.wikidata.org/wiki/Q21752065,http://vocab.getty.edu/page/ulan/500026473
2348,Card Case,Card case,ca. 1835,,,,Tortoiseshell,4 1/16 x 2 5/8 in. (10.3 x 6.7 cm),,China,,,Human Figures|Buildings|Boats,,,,,,,The American Wing,,,False,True,https://www.metmuseum.org/art/collection/search/2348,https://images.metmuseum.org/CRDImages/ad/original/160267.jpg,0,https://www.wikidata.org/wiki/Q116371512,,
7155,Sauce Dish,Sauce dish,1870–80,,,,Pressed yellow glass,H. 1 3/8 in. (3.5 cm); Diam. 4 1/2 in. (11.4 cm),American,United States,Mid-Atlantic,Pittsburgh,,Adams and Company,Maker,American,,9999,,The American Wing,,,False,True,https://www.metmuseum.org/art/collection/search/7155,https://images.metmuseum.org/CRDImages/ad/original/181926.jpg,0,https://www.wikidata.org/wiki/Q116347823,https://www.wikidata.org/wiki/Q56033713,(not assigned)
9248,Vase,Vase,1830–70,,,,Parian porcelain,6 3/4 x 4 1/8 in. (17.1 x 10.5 cm),American,United States,New England,Bennington,Flowers,,,,,,,The American Wing,,,False,True,https://www.metmuseum.org/art/collection/search/9248,https://images.metmuseum.org/CRDImages/ad/original/DP265256.jpg,3,https://www.wikidata.org/wiki/Q116349977,,
14433,Side chair,Side chair,ca. 1850–55,,,,Rosewood,35 x 19 in. (88.9 x 48.3 cm),American,United States,,,,,,,,,,The American Wing,,,False,True,https://www.metmuseum.org/art/collection/search/14433,https://images.metmuseum.org/CRDImages/ad/original/356302.JPG,2,https://www.wikidata.org/wiki/Q116330061,,
8516,Tile,Tile,1881–85,,,,Earthenware,4 1/8 x 4 1/8 x 3/8 in. (10.5 x 10.5 x 1 cm),American,United States,New England,Chelsea,,J. and J. G. Low Art Tile Works,Maker,American,1877,1903,,The American Wing,,"American, Chelsea, Massachusetts, 1877–1903",False,True,https://www.metmuseum.org/art/collection/search/8516,https://images.metmuseum.org/CRDImages/ad/original/196480.jpg,0,https://www.wikidata.org/wiki/Q116341995,,http://vocab.getty.edu/page/ulan/500276336
20107,Compote,Compote,ca. 1851–55,,,,cut and engraved glass,"11 in. (27.9 cm)
Body diameter: 12 in. (30.5 cm)",American,United States,Mid-Atlantic,,,Joseph Stouvenal and Company,Maker,American,1851,1857,,The American Wing,,"New York, 1851–57",False,True,https://www.metmuseum.org/art/collection/search/20107,https://images.metmuseum.org/CRDImages/ad/original/DP221525.jpg,1,https://www.wikidata.org/wiki/Q116328034,,
5842,Pitcher,Pitcher,1884–86,,,,Free-blown crackle opalescent and colorless glass,H. 11 1/8 in. (28.3 cm),American,United States,Mid-Atlantic,Reading,,Reading Artistic Glass Works,Maker,American,1884,1886,,The American Wing,,1884–86,False,True,https://www.metmuseum.org/art/collection/search/5842,https://images.metmuseum.org/CRDImages/ad/original/APS1179.jpg,0,https://www.wikidata.org/wiki/Q116358188,,
2488,Covered Sugar Bowl,Sugar bowl,1830–70,,,,Pressed glass,H. 4 1/4 in. (10.8 cm); Diam. 4 11/16 in. (11.9 cm),American,United States,,,,,,,,,,The American Wing,,,False,True,https://www.metmuseum.org/art/collection/search/2488,https://images.metmuseum.org/CRDImages/ad/original/174122.jpg,0,https://www.wikidata.org/wiki/Q116371351,,
2056,Covered Ewer,Ewer,ca. 1827,,,,Silver,12 5/16 x 10 1/4 x 6 3/4 in. (31.3 x 26 x 17.1 cm); 52 oz. (1616.8 g),American,United States,Mid-Atlantic,New York,Flowers,Frederick Marquand,Maker,American,1799,1882,,The American Wing,,1799–1882,False,True,https://www.metmuseum.org/art/collection/search/2056,https://images.metmuseum.org/CRDImages/ad/original/214654.jpg,1,https://www.wikidata.org/wiki/Q116371777,https://www.wikidata.org/wiki/Q55218122,(not assigned)
5675,Pitcher,Pitcher,1800–1830,,,,Probably earthenware,4 3/4 x 4 1/2 x 4 in. (12.1 x 11.4 x 10.2 cm),American,,New England,South Natick,,,,,,,,The American Wing,,,False,True,https://www.metmuseum.org/art/collection/search/5675,https://images.metmuseum.org/CRDImages/ad/original/DP257685.jpg,2,https://www.wikidata.org/wiki/Q116362820,,
15986,Mrs. Jacob Motte (Rebecca Brewton),"Painting, miniature",ca. 1758,,,,Watercolor on ivory,1 3/8 x 1 1/4 in. (3.5 x 3.2 cm),American,,,,Portraits|Women,Jeremiah Theus,Artist,American,1716,1774,,The American Wing,,"American, Chur, 1716–1774 Charleston, South Carolina",False,True,https://www.metmuseum.org/art/collection/search/15986,https://images.metmuseum.org/CRDImages/ad/original/DP169101.jpg,3,https://www.wikidata.org/wiki/Q20176999,https://www.wikidata.org/wiki/Q3177291,http://vocab.getty.edu/page/ulan/500031293
4425,Inkwell,Inkwell,ca. 1840,,,,Tin-glazed earthenware,Diam. 3 1/2 in. (8.9 cm),Mexican,Mexico,,,,,,,,,,The American Wing,,,False,True,https://www.metmuseum.org/art/collection/search/4425,https://images.metmuseum.org/CRDImages/ad/original/DP250022.jpg,1,https://www.wikidata.org/wiki/Q116367101,,
7214,Sauceboat,Sauceboat,1750–55,,,,Silver,4 3/16 x 7 7/8 x 4 1/16 in. (10.6 x 20 x 10.3 cm); 11 oz. 16 dwt. (366.5 g),American,United States,Mid-Atlantic,Philadelphia,Coat of Arms,Joseph Richardson Sr.,Maker,American,1711,1784,,The American Wing,,1711–1784,False,True,https://www.metmuseum.org/art/collection/search/7214,https://images.metmuseum.org/CRDImages/ad/original/DP108079.jpg,3,https://www.wikidata.org/wiki/Q116344904,https://www.wikidata.org/wiki/Q68498026,(not assigned)
13604,Embroidered coverlet (Colcha),Coverlet,1786,,,,Cotton embroidered with silk,100 x 73 in. (254 x 185.4 cm),Mexican,Mexico,,Mérida,Men|Women|Flowers,Doña Rosa Solís y Menéndez,Maker,,,9999,Female,The American Wing,,,True,True,https://www.metmuseum.org/art/collection/search/13604,https://images.metmuseum.org/CRDImages/ad/original/DT11298.jpg,25,https://www.wikidata.org/wiki/Q104412993,,
319084,Knife,Knife,1850–60,,,,"Wood, metal, abalone shell, ivory, Native-tanned skin",H. 18 1/4 x W. 3 1/8 in. (46.4 x 7.9 cm),Tlingit,United States,,,Animals,,,,,,,The American Wing,,,False,True,https://www.metmuseum.org/art/collection/search/319084,https://images.metmuseum.org/CRDImages/ad/original/DP258271.jpg,1,,,
13070,The Pleiades,Painting,1885,,,,Oil on canvas,24 1/8 x 37 5/8 in. (61.3 x 95.6 cm),American,,,,Female Nudes|Dancing,Elihu Vedder,Artist,American,1836,1923,,The American Wing,,"American, New York 1836–1923 Rome",True,True,https://www.metmuseum.org/art/collection/search/13070,https://images.metmuseum.org/CRDImages/ad/original/DT5186.jpg,0,https://www.wikidata.org/wiki/Q19923833,https://www.wikidata.org/wiki/Q389726,http://vocab.getty.edu/page/ulan/500032587
19995,Card Stand,Card stand,1880–85,,,,"Brass, earthenware",34 x 18 x 13 in. (86.4 x 45.7 x 33 cm),American,,,,,Bradley & Hubbard Mfg. Co.,Manufacturer,American,1852,1940,,The American Wing,,"American, Meriden, Connecticut, 1852–1940",False,True,https://www.metmuseum.org/art/collection/search/19995,https://images.metmuseum.org/CRDImages/ad/original/DP368448.jpg,4,https://www.wikidata.org/wiki/Q116328093,https://www.wikidata.org/wiki/Q28402095,http://vocab.getty.edu/page/ulan/500524267
2976,Curtain Knob,Curtain knob,1840–60,,,,"Lacy pressed glass, brass",H. 4 3/4 in. (12.1 cm); Diam. 3 in. (7.6 cm),American,United States,New England,,,,,,,,,The American Wing,,,False,True,https://www.metmuseum.org/art/collection/search/2976,https://images.metmuseum.org/CRDImages/ad/original/12341.jpg,0,https://www.wikidata.org/wiki/Q116370781,,
12494,Gulf of Corinth (from Sketchbook),Watercolor,1904,,,,Graphite and watercolor on paper,5 1/4 x 8 1/4 in. (13.3 x 21 cm),American,,,,Landscapes,Mary Newbold Sargent,Artist,American,1826,1906,,The American Wing,,1826–1906,False,True,https://www.metmuseum.org/art/collection/search/12494,https://images.metmuseum.org/CRDImages/ad/original/219368.jpg,0,,https://www.wikidata.org/wiki/Q56739442,
10753,John Payne Todd,"Painting, miniature",ca. 1817,,,,Watercolor on ivory,2 5/8 x 2 1/16 in. (6.7 x 5.26 cm),American,,,,Men|Portraits,Joseph Wood,Artist,American,1778,1830,,The American Wing,,1778–1830,False,True,https://www.metmuseum.org/art/collection/search/10753,https://images.metmuseum.org/CRDImages/ad/original/DP218809.jpg,0,https://www.wikidata.org/wiki/Q19930628,https://www.wikidata.org/wiki/Q4128223,http://vocab.getty.edu/page/ulan/500005039
7373,Vegetable Dish,Vegetable dish,1885,,,,Porcelain,2 1/8 x 9 1/4 in. (5.4 x 23.5 cm),American,United States,Mid-Atlantic,Brooklyn,,Union Porcelain Works,Maker,American,1863,1922,,The American Wing,,1863–1922,False,True,https://www.metmuseum.org/art/collection/search/7373,https://images.metmuseum.org/CRDImages/ad/original/DP258777.jpg,0,https://www.wikidata.org/wiki/Q116342591,https://www.wikidata.org/wiki/Q18356506,http://vocab.getty.edu/page/ulan/500333024
9118,Tumbler,Tumbler,after 1886,,,,Pressed colorless and cranberry glass,H. 3 13/16 in. (9.7 cm); Diam. 3 in. (7.6 cm),American,United States,Southern,Wheeling,,"Hobbs, Brockunier and Company",Maker,American,1863,1891,,The American Wing,,1863–1891,False,True,https://www.metmuseum.org/art/collection/search/9118,https://images.metmuseum.org/CRDImages/ad/original/DP241423.jpg,0,https://www.wikidata.org/wiki/Q116332029,https://www.wikidata.org/wiki/Q16997505,http://vocab.getty.edu/page/ulan/500330432
10010,Astragal-end Work Table,Work table,1805–15,,,,"Mahogany, rosewood, Spanish cedar, white pine, poplar",31 x 27 x 14 1/2 in. (78.7 x 68.6 x 36.8 cm),American,United States,Mid-Atlantic,New York,,,,,,,,The American Wing,,,False,True,https://www.metmuseum.org/art/collection/search/10010,https://images.metmuseum.org/CRDImages/ad/original/DP221261.jpg,2,https://www.wikidata.org/wiki/Q116331161,,
13998,Ivy textile,Sample,1883–1900,,,,"Cotton velvet, woven and printed",27 1/4 x 29 in. (69.2 x 73.7 cm),American,United States,Mid-Atlantic,New York,Leaves|Vines,Associated Artists,Designer,American,1883,1907,,The American Wing,,1883–1907,False,True,https://www.metmuseum.org/art/collection/search/13998,https://images.metmuseum.org/CRDImages/ad/original/DT11761.jpg,5,https://www.wikidata.org/wiki/Q116329652,,http://vocab.getty.edu/page/ulan/500213333
13589,"""Coral"" (Study for Mural, World's Columbian Exposition, Chicago)",Drawing,ca. 1892,,,,Charcoal and pastel on tan wove paper,54 1/2 x 31 3/4 in. (138.4 x 80.6 cm),American,,,,Female Nudes,Walter Shirlaw,Artist,"American, Scottish",1838,1909,,The American Wing,,"American, Paisley, Scotland 1838–1909 Madrid",False,True,https://www.metmuseum.org/art/collection/search/13589,https://images.metmuseum.org/CRDImages/ad/original/DT3925.jpg,3,,https://www.wikidata.org/wiki/Q7966127,http://vocab.getty.edu/page/ulan/500002781
12907,Henry Leighton,"Painting, miniature",ca. 1820,,,,Watercolor on ivory in cast and chased foliate locket with ring bail with ball finial and reeded bezel; verso reserve with lock of hair on black silk,1 3/4 x 1 7/16 in. (4.4 x 3.7 cm),American,,,,Men|Portraits,,,,,,,The American Wing,,,False,True,https://www.metmuseum.org/art/collection/search/12907,https://images.metmuseum.org/CRDImages/ad/original/ap30.43.jpg,0,https://www.wikidata.org/wiki/Q20176739,,
16407,Half-Length Figure Sketch,Drawing,1761–1831,,,,Graphite on off-white laid paper,9 x 6 15/16 in. (22.9 x 17.6 cm),American,,,,Men|Portraits,Mather Brown,Artist,American,1761,1831,,The American Wing,,"American, Boston, Massachusetts 1761–1831 London",False,True,https://www.metmuseum.org/art/collection/search/16407,https://images.metmuseum.org/CRDImages/ad/original/ap53.226.5 verso.jpg,1,,https://www.wikidata.org/wiki/Q6786928,http://vocab.getty.edu/page/ulan/500001228
4652,Label,Label,1757–60,,,,Paper,5 1/2 x 8 1/4 in. (14 x 21 cm),American,United States,Mid-Atlantic,New York,,Joseph Cox,Maker,American,1753,1773,,The American Wing,,active ca. 1756–1773,False,True,https://www.metmuseum.org/art/collection/search/4652,https://images.metmuseum.org/CRDImages/ad/original/DP251073.jpg,0,,,
5626,Marble-slab table,Table,1750–70,,,,"Mahogany, white oak, sweet gum, white pine, marble",29 x 39 1/2 x 24 1/4 in. (73.7 x 100.3 x 61.6 cm),American,United States,Mid-Atlantic,New York,,,,,,,,The American Wing,,,False,True,https://www.metmuseum.org/art/collection/search/5626,https://images.metmuseum.org/CRDImages/ad/original/120105.jpg,0,https://www.wikidata.org/wiki/Q116363833,,
16224,Accounts (from Sketchbook),Drawing,1796–1886,,,,Graphite on paper,4 5/8 x 6 7/8 in. (11.7 x 17.5 cm),American,,,,,Asher Brown Durand,Artist,American,1796,1886,,The American Wing,,"American, Jefferson, New Jersey 1796–1886 Maplewood, New Jersey",False,True,https://www.metmuseum.org/art/collection/search/16224,https://images.metmuseum.org/CRDImages/ad/original/263750.jpg,0,,https://www.wikidata.org/wiki/Q391608,http://vocab.getty.edu/page/ulan/500026080
15062,Mr. Pierce,"Painting, miniature",1843,,,,Watercolor on ivory,2 5/8 x 2 1/8 in. (6.7 x 5.4 cm),American,,,,Men|Portraits,Augustus Fuller,Artist,American,1812,1873,,The American Wing,,1812–1873,False,True,https://www.metmuseum.org/art/collection/search/15062,https://images.metmuseum.org/CRDImages/ad/original/APS6850.jpg,0,https://www.wikidata.org/wiki/Q19924674,https://www.wikidata.org/wiki/Q20825602,
10431,The Constitution and the Guerriere,Painting,ca. 1845,,,,Oil on canvas,24 3/4 x 31 1/4 in. (62.9 x 79.4 cm),American,,,,Flags|Ships,Thomas Chambers,Artist,American,1808,1867,,The American Wing,,1808–after 1866,False,True,https://www.metmuseum.org/art/collection/search/10431,https://images.metmuseum.org/CRDImages/ad/original/DP155950.jpg,0,https://www.wikidata.org/wiki/Q20169995,https://www.wikidata.org/wiki/Q18508680,http://vocab.getty.edu/page/ulan/500023474
1609,Cane side chair,Side chair,1690–1710,,,,Beech,52 3/4 x 18 3/4 x 15 in. (134 x 47.6 x 38.1 cm),British,England,,,,,,,,,,The American Wing,,,False,True,https://www.metmuseum.org/art/collection/search/1609,https://images.metmuseum.org/CRDImages/ad/original/134507.jpg,1,,,
6189,Plate,Plate,ca. 1800,,,,Earthenware; Redware with sgrafitto decoration,Diam. 11 5/8 in. (29.5 cm),American,United States,Mid-Atlantic,,Men|Horses,David Spinner,Maker,American,1758,1811,,The American Wing,,1758–1811,False,True,https://www.metmuseum.org/art/collection/search/6189,https://images.metmuseum.org/CRDImages/ad/original/DP259108.jpg,1,https://www.wikidata.org/wiki/Q116364652,https://www.wikidata.org/wiki/Q98323249,
15312,Camp A: Log Cabin in Woods (from Sketchbook),Drawing,1885,,,,Graphite on off-white wove paper,5 x 7 1/2 in. (12.7 x 19.1 cm),American,,,,Houses|Trees,William Trost Richards,Artist,American,1833,1905,,The American Wing,,"American, Philadelphia, Pennsylvania 1833–1905 Newport, Rhode Island",False,True,https://www.metmuseum.org/art/collection/search/15312,https://images.metmuseum.org/CRDImages/ad/original/APS1702.jpg,1,,https://www.wikidata.org/wiki/Q1985982,http://vocab.getty.edu/page/ulan/500014455
6597,Platter with Drainer,Platter with drainer,1785–90,,,,Porcelain,H. 15 3/8 in. (39.1 cm),"Chinese, for American market",China,,,Birds|Flowers|Coat of Arms,,,,,,,The American Wing,,,False,True,https://www.metmuseum.org/art/collection/search/6597,https://images.metmuseum.org/CRDImages/ad/original/DP259244.jpg,3,https://www.wikidata.org/wiki/Q116360933,,
7909,Stock Lock,Stock lock,1700–1900,,,,Iron,5 3/4 x 10 in. (14.6 x 25.4 cm),,,,,,,,,,,,The American Wing,,,False,True,https://www.metmuseum.org/art/collection/search/7909,https://images.metmuseum.org/CRDImages/ad/original/65975.jpg,0,https://www.wikidata.org/wiki/Q116392847,,
6961,Salt Spoon,Spoon,1790–1810,,,,Silver,L. 4 3/8 in. (11.1 cm),American,United States,New England,Boston,,Paul Revere Jr.,Maker,American,1734,1818,,The American Wing,,"American, Boston, Massachusetts 1734–1818 Boston, Massachusetts",False,True,https://www.metmuseum.org/art/collection/search/6961,https://images.metmuseum.org/CRDImages/ad/original/DP255713.jpg,3,https://www.wikidata.org/wiki/Q116352107,https://www.wikidata.org/wiki/Q327071,http://vocab.getty.edu/page/ulan/500017620
1395,Candlestick,Candlestick,ca. 1835,,,,Brass,H. 9 in. (22.9 cm),American,United States,New England,Norwich,,Barlow,Maker,American,,9999,,The American Wing,,,False,True,https://www.metmuseum.org/art/collection/search/1395,https://images.metmuseum.org/CRDImages/ad/original/137825.jpg,0,https://www.wikidata.org/wiki/Q116372312,,
12938,Mrs. Henry Scudder Plat (Maria Frisbie),"Painting, miniature",ca. 1830,,,,Watercolor on ivory,2 7/16 x 1 31/32 in. (6.2 x 5 cm),American,,,,Portraits|Women,,,,,,,The American Wing,,,False,True,https://www.metmuseum.org/art/collection/search/12938,https://images.metmuseum.org/CRDImages/ad/original/ap49.18.2.jpg,0,https://www.wikidata.org/wiki/Q19924801,,
13736,Fragment,Fragment,ca. 1840,,,,Block-printed cotton,10 1/2 x 25 3/8 in. (26.7 x 64.5 cm),American or British,England,,,Houses|Flowers|Leaves,,,,,,,The American Wing,,,False,True,https://www.metmuseum.org/art/collection/search/13736,https://images.metmuseum.org/CRDImages/ad/original/16099.jpg,0,,,
16519,"""Crucifixion"" (from Sketchbook)",Watercolor,1811–1893,,,,"Graphite, pen, ink, and watercolor on paper",Dimensions unavailable,American,,,,Christ|Crucifixion,John William Casilear,Artist,American,1811,1893,,The American Wing,,"American, New York 1811–1893 Saratoga Springs, New York",False,True,https://www.metmuseum.org/art/collection/search/16519,https://images.metmuseum.org/CRDImages/ad/original/263684.jpg,0,,https://www.wikidata.org/wiki/Q2700128,http://vocab.getty.edu/page/ulan/500013823
11279,Spring,Painting,1885–86,,,,Oil on canvas,24 1/4 x 40 1/8 in. (61.6 x 101.9 cm),American,,,,Landscapes|Trees,H. Bolton Jones,Artist,American,1848,1927,,The American Wing,,1848–1927,False,True,https://www.metmuseum.org/art/collection/search/11279,https://images.metmuseum.org/CRDImages/ad/original/ap87.8.9.jpg,0,https://www.wikidata.org/wiki/Q19925220,https://www.wikidata.org/wiki/Q17619497,http://vocab.getty.edu/page/ulan/500004141
3728,Flask,Flask,1840–60,,,,Free-blown molded aquamarine glass,H. 8 1/4 in. (21 cm),American,United States,Mid-Atlantic,Philadelphia,George Washington|Men|Profiles,Dyottville Glass Works,Maker,American,1833,1833,,The American Wing,,1833–1923,False,True,https://www.metmuseum.org/art/collection/search/3728,https://images.metmuseum.org/CRDImages/ad/original/DP242976.jpg,1,https://www.wikidata.org/wiki/Q116370218,https://www.wikidata.org/wiki/Q98937720,http://vocab.getty.edu/page/ulan/500333687
14240,Drawer Pull,Drawer pull,1810–60,,,,Pressed glass,Diam. 2 1/2 in. (6.4 cm),,,,,,,,,,,,The American Wing,,,False,True,https://www.metmuseum.org/art/collection/search/14240,https://images.metmuseum.org/CRDImages/ad/original/DP236493.jpg,0,https://www.wikidata.org/wiki/Q116329146,,
3919,General Grant,Bust,ca. 1876,,,,Parian porcelain,18 3/4 x 13 1/2 x 7 1/2 in. (47.6 x 34.3 x 19.1 cm),American,United States,Mid-Atlantic,New York,Men|Portraits|Generals,W. H. Edge,Artist,,,9999,,The American Wing,,,False,True,https://www.metmuseum.org/art/collection/search/3919,https://images.metmuseum.org/CRDImages/ad/original/DP208139.jpg,2,https://www.wikidata.org/wiki/Q116370114,,
1712,Side Chair,Side Chair,ca. 1800,,,,"Ash, cherry, white pine",34 1/4 x 19 1/2 x 17 in. (87 x 49.5 x 43.2 cm),American,United States,Mid-Atlantic,New York,,,,,,,,The American Wing,,,False,True,https://www.metmuseum.org/art/collection/search/1712,https://images.metmuseum.org/CRDImages/ad/original/207540.jpg,2,https://www.wikidata.org/wiki/Q116372011,,
7305,Saucer,Saucer,ca. 1860–66,,,,Porcelain,Diam. 5 1/8 in. (13 cm),"Chinese, for American market",China,,,Birds|Insects|Flowers,,,,,,,The American Wing,,,False,True,https://www.metmuseum.org/art/collection/search/7305,https://images.metmuseum.org/CRDImages/ad/original/DP260302.jpg,0,https://www.wikidata.org/wiki/Q116343039,,
16230,Sketch of a Ship for the Landing of Columbus (from Sketchbook),Drawing,ca. 1891,,,,"Graphite on wove paper with gilt edges, bound in a leather cover",4 3/4 x 7 3/4 x 7/16 in. (12.1 x 19.7 x 1.1 cm),American,,,,Ships,Albert Bierstadt,Artist,American,1830,1902,,The American Wing,,"American, Solingen 1830–1902 New York",False,True,https://www.metmuseum.org/art/collection/search/16230,https://images.metmuseum.org/CRDImages/ad/original/260686.jpg,0,,https://www.wikidata.org/wiki/Q77132,http://vocab.getty.edu/page/ulan/500001248
16344,Reclining Female Nude in Landscape; Two Architectural Sketches (from Sketchbook),Drawing,1810–20,,,,"Ink, wash, on paper",9 x 11 1/2 in. (22.9 x 29.2 cm),American,,,,Female Nudes,Thomas Sully,Artist,American,1783,1872,,The American Wing,,"American, Horncastle, Lincolnshire 1783–1872 Philadelphia, Pennsylvania",False,True,https://www.metmuseum.org/art/collection/search/16344,https://images.metmuseum.org/CRDImages/ad/original/266722.jpg,0,,https://www.wikidata.org/wiki/Q786545,http://vocab.getty.edu/page/ulan/500006873
9521,Vase,Vase,1840–60,,,,Pressed amethyst glass,H. 9 5/8 in. (24.4 cm),American,United States,New England,,,,,,,,,The American Wing,,,False,True,https://www.metmuseum.org/art/collection/search/9521,https://images.metmuseum.org/CRDImages/ad/original/DP239102.jpg,0,https://www.wikidata.org/wiki/Q116340994,,
4958,Medallion of the Marquis de Lafayette,Medallion,1789 (?),,,,Bronze,Diam. 4 5/8 in. (11.7 cm),,France,,,Men|Profiles|Marquis de Lafayette,,,,,,,The American Wing,,,False,True,https://www.metmuseum.org/art/collection/search/4958,https://images.metmuseum.org/CRDImages/ad/original/LC-83_2_296.jpg,1,,,
21355,Vase,Vase,1828–36,,,,"Porcelain, brass",H. 21 1/8 in. (53.7 cm),American,United States,Mid-Atlantic,Philadelphia,Landscapes,Tucker Factory,Maker,American,1826,1838,,The American Wing,,1826–1838,True,True,https://www.metmuseum.org/art/collection/search/21355,https://images.metmuseum.org/CRDImages/ad/original/DP269639.jpg,5,https://www.wikidata.org/wiki/Q104413009,https://www.wikidata.org/wiki/Q67044542,http://vocab.getty.edu/page/ulan/500124181
8194,Tankard,Tankard,1720–30,,,,Silver,"Overall: 7 5/16 x 6 3/4 in. (18.6 x 17.1 cm); 19 oz. 18 dwt. (618.8 g)
Lip: Diam. 3 15/16 in. (10 cm)
Base: Diam. 4 1/2 in. (11.4 cm)",American,United States,New England,Boston,,William Cowell Sr.,Maker,American,1682,1736,,The American Wing,,1682/83–1736,False,True,https://www.metmuseum.org/art/collection/search/8194,https://images.metmuseum.org/CRDImages/ad/original/DP104546.jpg,2,https://www.wikidata.org/wiki/Q116335266,https://www.wikidata.org/wiki/Q67145850,http://vocab.getty.edu/page/ulan/500330251
14068,Embroidered sampler,Sampler,1815,,,,Silk embroidered on linen,15 1/4 x 12 1/8 in. (38.7 x 30.8 cm),American,United States,Mid-Atlantic,New York,Swans|Flowers,Amanda Harper,Maker,American,1805,1905,Female,The American Wing,,born ca. 1805,False,True,https://www.metmuseum.org/art/collection/search/14068,https://images.metmuseum.org/CRDImages/ad/original/RT557.jpg,1,,,
2027,Chest-on-chest,Chest-on-chest,1760–90,,,,"Mahogany, yellow poplar, yellow pine, white pine",78 3/4 x 45 1/4 x 23 in. (200 x 114.9 x 58.4 cm),American,United States,Mid-Atlantic,,,,,,,,,The American Wing,,,False,True,https://www.metmuseum.org/art/collection/search/2027,https://images.metmuseum.org/CRDImages/ad/original/ADA6376.jpg,1,https://www.wikidata.org/wiki/Q116371812,,
4757,Latch,Latch,1700–1800,,,,Wrought iron,H. 16 3/8 in. (41.6 cm),American,United States,Mid-Atlantic,,,,,,,,,The American Wing,,,False,True,https://www.metmuseum.org/art/collection/search/4757,https://images.metmuseum.org/CRDImages/ad/original/146103.jpg,1,https://www.wikidata.org/wiki/Q116366364,,
1285,Candlestick,Candlestick,1845–70,,,,Pressed opaque blue glass,H. 9 3/4 in. (24.8 cm),American,United States,,,Dolphins,,,,,,,The American Wing,,,False,True,https://www.metmuseum.org/art/collection/search/1285,https://images.metmuseum.org/CRDImages/ad/original/153501.jpg,0,https://www.wikidata.org/wiki/Q116372415,,
319047,Pair of Moccasins,Moccasins,ca. 1850,,,,"Native-tanned skin, wool, cotton, silk, glass",H. 3 1/4 x L. 9 1/2 in. (8.3 x 24.1 cm),Huron,Canada,,,Shoes|Flowers|Leaves,,,,,,,The American Wing,,,False,True,https://www.metmuseum.org/art/collection/search/319047,https://images.metmuseum.org/CRDImages/ad/original/DT258622.jpg,2,,,
7022,Salt,Salt,1830–45 (?),,,,Lacy pressed amber glass,1 15/16 x 3 1/16 in. (4.9 x 7.8 cm),American or Danish,Denmark,,,,,,,,,,The American Wing,,,False,True,https://www.metmuseum.org/art/collection/search/7022,https://images.metmuseum.org/CRDImages/ad/original/153402.jpg,0,https://www.wikidata.org/wiki/Q116351787,,
5865,Pitcher,Pitcher,1849–58,,,,Mottled brown earthenware,H. 10 1/2 in. (26.7 cm),American,United States,New England,Bennington,,United States Pottery Company,Maker,American,1852,1852,,The American Wing,,1852–58,False,True,https://www.metmuseum.org/art/collection/search/5865,https://images.metmuseum.org/CRDImages/ad/original/ADA5367.jpg,3,https://www.wikidata.org/wiki/Q116357377,,
685,Bowl,Bowl,1835–65,,,,Blown glass with applied decoration,H. 4 1/8 in. (10.5 cm); Diam. 9 3/8 in. (23.8 cm),American,United States,Mid-Atlantic,,,Redwood Glass Company,Manufacturer,American,1828,1868,,The American Wing,,1828–1868,False,True,https://www.metmuseum.org/art/collection/search/685,https://images.metmuseum.org/CRDImages/ad/original/DP207293.jpg,0,https://www.wikidata.org/wiki/Q116373100,,
5826,Creamer,Cream pot,1800–1830,,,,Silver,"Overall: 5 7/8 x 4 1/4 in. (14.9 x 10.8 cm); 5 oz. 8 dwt. (168 g)
Base: 2 3/8 x 2 1/16 in. (6 x 5.2 cm)",American,United States,Mid-Atlantic,Philadelphia,,Moore and Ferguson,Maker,American,1798,1804,,The American Wing,,active ca. 1801–4,False,True,https://www.metmuseum.org/art/collection/search/5826,https://images.metmuseum.org/CRDImages/ad/original/DP156320.jpg,1,https://www.wikidata.org/wiki/Q116358545,,
13608,Embroidered coverlet,Coverlet,ca. 1720,,,,Linen embroidered with wool,83 1/2 x 69 1/2 in. (212.1 x 176.5 cm),American or British,England,,,Flowers,,,,,,,The American Wing,,,False,True,https://www.metmuseum.org/art/collection/search/13608,https://images.metmuseum.org/CRDImages/ad/original/TP562.jpg,6,,,
14274,Wine Glass,Wine glass,ca. 1878–90,,,,lass,5 1/2 x 2 13/16 in. (14 x 7.1 cm),American,United States,Mid-Atlantic,Pittsburgh,,George Duncan and Sons,Maker,American,1874,1891,,The American Wing,,1874–1891,False,True,https://www.metmuseum.org/art/collection/search/14274,https://images.metmuseum.org/CRDImages/ad/original/254476.jpg,0,https://www.wikidata.org/wiki/Q116328996,,
8526,Tile,Tile,ca. 1882–84,,,,Earthenware,6 1/8 x 3 1/8 in. (15.6 x 7.9 cm),American,United States,New England,Chelsea,,J. and J. G. Low Art Tile Works,Maker,American,1877,1903,,The American Wing,,"American, Chelsea, Massachusetts, 1877–1903",False,True,https://www.metmuseum.org/art/collection/search/8526,https://images.metmuseum.org/CRDImages/ad/original/DP252056.jpg,0,https://www.wikidata.org/wiki/Q116341760,,http://vocab.getty.edu/page/ulan/500276336
14922,"Illustration to William Cowper's Poem ""The Diverting History of John Gilpin"": John Gilpin Is Delayed Going to Church by Three Customers Entering His Linendraper's Shop",Drawing,1857,,,,Graphite and gray ink on Bristol board,7 9/16 x 10 9/16 in. (19.2 x 26.8 cm),American,,,,Children|Men|Women|Horses|Trees,John Whetten Ehninger,Artist,American,1827,1889,,The American Wing,,"American, New York 1827–1889 Saratoga Springs, New York",False,True,https://www.metmuseum.org/art/collection/search/14922,https://images.metmuseum.org/CRDImages/ad/original/ap1994.500.3.jpg,1,,https://www.wikidata.org/wiki/Q6263750,http://vocab.getty.edu/page/ulan/500002904
5768,Pitcher,Pitcher,1861,,,,Porcelain,H. 10 3/4 in. (27.3 cm),American,United States,Midwest,East Liverpool,Flowers,William Bloor's East Liverpool Porcelain Works,Manufacturer,American,,9999,,The American Wing,,,False,True,https://www.metmuseum.org/art/collection/search/5768,https://images.metmuseum.org/CRDImages/ad/original/DT7372.jpg,5,https://www.wikidata.org/wiki/Q116360650,,
14998,William Ellery,Watercolor,ca. 1835–40,,,,Watercolor on paper,3 1/8 x 2 3/8 in. (7.9 x 6 cm),American,,,,Men|Portraits,William G. Armstrong,Artist,American,1823,1890,,The American Wing,,1823–1890,False,True,https://www.metmuseum.org/art/collection/search/14998,https://images.metmuseum.org/CRDImages/ad/original/APS6821.jpg,0,https://www.wikidata.org/wiki/Q91357445,https://www.wikidata.org/wiki/Q51325709,http://vocab.getty.edu/page/ulan/500036776
10549,"Study for ""The Siege of Gibraltar"": Figures Scaling Floating Battery; Cannon",Drawing,1785–86,,,,Black and red chalk on blue laid paper,17 1/2 x 13 1/4 in. (44.5 x 33.7 cm),American,,,,Men,John Singleton Copley,Artist,American,1738,1815,,The American Wing,,"American, Boston, Massachusetts 1738–1815 London",False,True,https://www.metmuseum.org/art/collection/search/10549,https://images.metmuseum.org/CRDImages/ad/original/174386.jpg,2,,https://www.wikidata.org/wiki/Q316016,http://vocab.getty.edu/page/ulan/500009177
10810,Arcadia,Painting,ca. 1883,,,,Oil on canvas,38 5/8 x 45 in. (98.1 x 114.3 cm),American,,,,Male Nudes|Female Nudes|Flutes,Thomas Eakins,Artist,American,1844,1916,,The American Wing,,"American, Philadelphia, Pennsylvania 1844–1916 Philadelphia, Pennsylvania",False,True,https://www.metmuseum.org/art/collection/search/10810,https://images.metmuseum.org/CRDImages/ad/original/DT221513.jpg,0,https://www.wikidata.org/wiki/Q1645088,https://www.wikidata.org/wiki/Q214905,http://vocab.getty.edu/page/ulan/500115198
10966,The Greek Lovers,Painting,1846,,,,Oil on canvas,40 1/4 x 51 1/2 in. (102.2 x 130.8 cm),American,,,,Musical Instruments|Men|Lovers|Women,Henry Peters Gray,Artist,American,1819,1877,,The American Wing,,"American, New York 1819–1877 New York",False,True,https://www.metmuseum.org/art/collection/search/10966,https://images.metmuseum.org/CRDImages/ad/original/ap02.7.2.jpg,0,https://www.wikidata.org/wiki/Q19925647,https://www.wikidata.org/wiki/Q9002959,http://vocab.getty.edu/page/ulan/500008708
20274,Plaque,Plaque,ca. 1876–80,,,,Earthenware,10 7/8 in. (27.6 cm),American,United States,New England United States,Chelsea,,Chelsea Keramic Art Works,Manufacturer,American,1872,1889,,The American Wing,,1872–1889,False,True,https://www.metmuseum.org/art/collection/search/20274,https://images.metmuseum.org/CRDImages/ad/original/L.2009.22.67.jpg,0,https://www.wikidata.org/wiki/Q116393917,,
10368,Portrait of a Man (from McGuire Scrapbook),Drawing,1751–1851,,,,Black wax crayon on off-white wove paper,5 3/16 x 5 11/16 in. (13.2 x 14.4 cm),American,,,,Men|Portraits,Thomas Campbell,Artist,American,1751,1851,,The American Wing,,died before 1851,False,True,https://www.metmuseum.org/art/collection/search/10368,https://images.metmuseum.org/CRDImages/ad/original/ap26.216.16.jpg,1,,,
13999,Trumpet-vine textile,Sample,1883–1900,,,,"Woven cotton velveteen, block-printed",48 x 9 1/4 in. (121.9 x 23.5 cm),American,United States,Mid-Atlantic,,Leaves,Associated Artists,Designer,American,1883,1907,,The American Wing,,1883–1907,False,True,https://www.metmuseum.org/art/collection/search/13999,https://images.metmuseum.org/CRDImages/ad/original/DP8054.jpg,3,,,http://vocab.getty.edu/page/ulan/500213333
2453,Covered Sauce Tureen,Sauce Tureen,ca. 1835,,,,"Earthenware, lusterware",6 5/16 x 7 3/8 in. (16 x 18.7 cm),British,England,,,Flowers,,,,,,,The American Wing,,,False,True,https://www.metmuseum.org/art/collection/search/2453,https://images.metmuseum.org/CRDImages/ad/original/197467.jpg,0,https://www.wikidata.org/wiki/Q116371382,,
579,Border Tile,Tile,1881,,,,Earthenware,6 1/8 x 2 1/8 x 3/8 in. (15.6 x 5.4 x 1 cm),American,United States,New England,Chelsea,,J. and J. G. Low Art Tile Works,Maker,American,1877,1903,,The American Wing,,"American, Chelsea, Massachusetts, 1877–1903",False,True,https://www.metmuseum.org/art/collection/search/579,https://images.metmuseum.org/CRDImages/ad/original/196991.jpg,0,https://www.wikidata.org/wiki/Q116373218,,http://vocab.getty.edu/page/ulan/500276336
11019,Olevano (Campagna Romana),Drawing,1858,,,,"Pen, black ink, gray wash, and graphite underwriting on paper",15 x 21 5/8 in. (38.1 x 54.9 cm),American,,,,Landscapes,William Stanley Haseltine,Artist,American,1835,1900,,The American Wing,,"American, Philadelphia, Pennsylvania 1835–1900 Rome",False,True,https://www.metmuseum.org/art/collection/search/11019,https://images.metmuseum.org/CRDImages/ad/original/ap67.93.jpg,1,,https://www.wikidata.org/wiki/Q2762575,http://vocab.getty.edu/page/ulan/500006808
934,Box,Box,1690–1710,,,,"Oak, pine",4 3/4 x 25 x 13 3/4 in. (12.1 x 63.5 x 34.9 cm),American,United States,New England,,,,,,,,,The American Wing,,,False,True,https://www.metmuseum.org/art/collection/search/934,https://images.metmuseum.org/CRDImages/ad/original/85W_ACF3139R3.jpg,1,https://www.wikidata.org/wiki/Q116372725,,
11543,Saturday Afternoon,Painting,1875,,,,Oil on canvas,24 x 45 in. (61 x 114.3 cm),American,,,,Landscapes,Jervis McEntee,Artist,American,1828,1891,,The American Wing,,"American, Rondout, New York 1828–1891 Rondout, New York",False,True,https://www.metmuseum.org/art/collection/search/11543,https://images.metmuseum.org/CRDImages/ad/original/DT348605.jpg,1,https://www.wikidata.org/wiki/Q20172445,https://www.wikidata.org/wiki/Q2580100,http://vocab.getty.edu/page/ulan/500024287
11413,Girl with Rabbit (from McGuire Scrapbook),Drawing,1816–1868,,,,Graphite on off-white Bristol board,4 11/16 x 3 1/8 in. (11.9 x 7.9 cm),American,,,,Girls|Rabbits,Emanuel Leutze,Artist,German American,1816,1868,,The American Wing,,"American, Schwäbisch Gmünd 1816–1868 Washington, D.C.",False,True,https://www.metmuseum.org/art/collection/search/11413,https://images.metmuseum.org/CRDImages/ad/original/267453.jpg,1,,https://www.wikidata.org/wiki/Q452321,http://vocab.getty.edu/page/ulan/500005129
9684,Wallpaper,Wallpaper,ca. 1790,,,,Paper,90 x 235 in. (228.6 x 596.9 cm),,France,Île-de-France,Paris,Houses|Landscapes|Trees,Arthur and Robert Wallpapers,Maker,,,9999,,The American Wing,,,False,True,https://www.metmuseum.org/art/collection/search/9684,https://images.metmuseum.org/CRDImages/ad/original/51768.jpg,0,,,
1735,Side Chair,Side Chair,1850–60,,,,Rosewood,39 1/2 x 19 x 18 1/2 in. (100.3 x 48.3 x 47 cm),American,United States,Mid-Atlantic,New York,,John Henry Belter,Maker,American,1804,1863,,The American Wing,,"American, born Germany 1804-1863 New York",False,True,https://www.metmuseum.org/art/collection/search/1735,https://images.metmuseum.org/CRDImages/ad/original/193949.jpg,0,https://www.wikidata.org/wiki/Q116371987,https://www.wikidata.org/wiki/Q46973286,http://vocab.getty.edu/page/ulan/500001413
746761,Cornish Celebration Presentation Plaque,Plaque,1905–6; cast ca. 1913,,,,"Bronze, gilt",32 1/2 × 18 7/8 in. (82.6 × 48 cm),American,United States,Mid-Atlantic,New York,Temples|Trees,Augustus Saint-Gaudens,Artist,American,1848,1907,,The American Wing,,"American, Dublin 1848–1907 Cornish, New Hampshire",False,True,https://www.metmuseum.org/art/collection/search/746761,https://images.metmuseum.org/CRDImages/ad/original/DP-14655-001.jpg,1,https://www.wikidata.org/wiki/Q116444889,https://www.wikidata.org/wiki/Q770625,http://vocab.getty.edu/page/ulan/500124332
2741,Cruet,Cruet,1870–90,,,,Pressed yellow glass,H. 6 1/2 in. (16.5 cm),American,United States,Mid-Atlantic,Pittsburgh,,Adams and Company,Maker,American,,9999,,The American Wing,,,False,True,https://www.metmuseum.org/art/collection/search/2741,https://images.metmuseum.org/CRDImages/ad/original/181921.jpg,0,https://www.wikidata.org/wiki/Q116371017,https://www.wikidata.org/wiki/Q56033713,(not assigned)
7847,Spoon Holder,Spoon holder,1850–70,,,,"Pressed glass, diamond thumbprint",H. 5 3/4 in. (14.6 cm),American,United States,Mid-Atlantic,Pittsburgh,,,,,,,,The American Wing,,,False,True,https://www.metmuseum.org/art/collection/search/7847,https://images.metmuseum.org/CRDImages/ad/original/174208.jpg,0,https://www.wikidata.org/wiki/Q116349303,,
14213,Kazak rug,Rug,mid-19th century,,,,Wool,49 x 72 in. (124.5 x 182.9 cm),Russian,Russia,,,,,,,,,,The American Wing,,,False,True,https://www.metmuseum.org/art/collection/search/14213,https://images.metmuseum.org/CRDImages/ad/original/DP216174.jpg,0,,,
895934,Ice Cream Plate from Mackay Service,Ice Cream Plate,1878,,,,Silver,Diameter: 5 3/4 in. (14.6 cm),American,,,,,Tiffany & Co.,Maker,,1837,9999,,The American Wing,,1837–present,False,True,https://www.metmuseum.org/art/collection/search/895934,https://images.metmuseum.org/CRDImages/ad/original/DP-29195-001.jpg,5,,https://www.wikidata.org/wiki/Q1066858,http://vocab.getty.edu/page/ulan/500330306
2030,Chest-on-frame,Chest-on-frame,1670–1700,,,,"White oak, yellow pine, white pine, poplar, maple",35 5/8 x 26 1/2 x 18 1/8 in. (90.5 x 67.3 x 46 cm),American,United States,New England,,,,,,,,,The American Wing,,,False,True,https://www.metmuseum.org/art/collection/search/2030,https://images.metmuseum.org/CRDImages/ad/original/85J_ACF3105R5.jpg,2,https://www.wikidata.org/wiki/Q116371808,,
751516,Tobacco bag with pipe-stem case,Tobacco Bag with Pipe-Stem Case,ca. 1870,,,,"Tanned leather, glass beads, wool cloth, metal cones, and horsehair",7 1/2 × 27 in. (19.1 × 68.6 cm),"Northern Cheyenne, Native American",United States,,,,,,,,,,The American Wing,,,True,True,https://www.metmuseum.org/art/collection/search/751516,https://images.metmuseum.org/CRDImages/ad/original/DP-14991-017.jpg,3,https://www.wikidata.org/wiki/Q104413112,,
20595,Pier table,Pier table,1800–1810,,,,"Mahogany, satinwood, marble",30 1/2 x 40 3/4 x 22 in. (77.5 x 103.5 x 55.9 cm),American,United States,New England United States,Boston,,,,,,,,The American Wing,,,False,True,https://www.metmuseum.org/art/collection/search/20595,https://images.metmuseum.org/CRDImages/ad/original/DP265163.jpg,0,https://www.wikidata.org/wiki/Q116326665,,
4651,Knocker,Knocker,1730–70,,,,"Iron, silver-plated brass","Escutcheon: 4 1/4 x 4 1/2 in. (10.8 x 11.4 cm)
Grasp: 7 1/2 x 4 1/4 in. (19.1 x 10.8 cm)",American,United States,New England,,,,,,,,,The American Wing,,,False,True,https://www.metmuseum.org/art/collection/search/4651,https://images.metmuseum.org/CRDImages/ad/original/146132.jpg,1,,,
13323,Mrs. Ichabod M. Cushman (nee Nancy Blymer),Drawing,1787–1830,,,,Pastel on blue wove paper laid down to tan paper,22 1/4 x 17 3/4 in. (56.5 x 45.1 cm),American,,,,Portraits|Women,Henry Williams,Artist,American,1787,1830,,The American Wing,,"American, Boston, Massachusetts 1787–1830 Boston, Massachusetts",False,True,https://www.metmuseum.org/art/collection/search/13323,https://images.metmuseum.org/CRDImages/ad/original/ap27.77.jpg,1,,https://www.wikidata.org/wiki/Q20127277,http://vocab.getty.edu/page/ulan/500019959
824,Bowl,Bowl,1893–96,,,,Favrile glass,H. 4 1/8 in. (10.5 cm),American,United States,Mid-Atlantic,,,Louis C. Tiffany,Designer,American,1848,1933,,The American Wing,,"American, New York 1848–1933 New York",False,True,https://www.metmuseum.org/art/collection/search/824,https://images.metmuseum.org/CRDImages/ad/original/ADA2811.jpg,1,https://www.wikidata.org/wiki/Q116372869,https://www.wikidata.org/wiki/Q312950,http://vocab.getty.edu/page/ulan/500030415
7046,Salt,Salt,1800–1900,,,,Lacy pressed amber glass,2 3/16 x 2 x 3 3/8 in. (5.6 x 5.1 x 8.6 cm),American or French,France,,,,,,,,,,The American Wing,,,False,True,https://www.metmuseum.org/art/collection/search/7046,https://images.metmuseum.org/CRDImages/ad/original/153494.jpg,0,https://www.wikidata.org/wiki/Q116392656,,
6798,Punch Bowl,Punch bowl,1785–1800,,,,Porcelain,H. 5 13/16 in. (14.8 cm); Diam. 14 in. (35.6 cm),"Chinese, for American market",China,,,Factories,,,,,,,The American Wing,,,False,True,https://www.metmuseum.org/art/collection/search/6798,https://images.metmuseum.org/CRDImages/ad/original/DT221539.jpg,8,https://www.wikidata.org/wiki/Q116356701,,
9089,Tumbler,Tumbler,1850–60,,,,Pressed glass,H. 3 7/8 in. (9.8 cm); Diam. 3 1/2 in. (8.9 cm),American,United States,Mid-Atlantic,Pittsburgh,,,,,,,,The American Wing,,,False,True,https://www.metmuseum.org/art/collection/search/9089,https://images.metmuseum.org/CRDImages/ad/original/DP235196.jpg,0,https://www.wikidata.org/wiki/Q116332797,,
13561,"Bed hanging, blue-resist textile","Bed hanging, blue-resist textile",ca. 1725–75,,,,"Cotton, painted and block-printed resist, dyed",Original measurements: 81 1/2 x 39 1/2 in. (207 x 100.3 cm),Indian textile for American market,America,,,Flowers,,,,,,,The American Wing,,,False,True,https://www.metmuseum.org/art/collection/search/13561,https://images.metmuseum.org/CRDImages/ad/original/AR1160.jpg,1,,,
7114,Sauce Dish,Sauce dish,ca. 1880,,,,Pressed blue glass,H. 2 3/8 in. (6 cm); Diam. 4 1/4 in. (10.8 cm),American,United States,Mid-Atlantic,Pittsburgh,,Adams and Company,Maker,American,,9999,,The American Wing,,,False,True,https://www.metmuseum.org/art/collection/search/7114,https://images.metmuseum.org/CRDImages/ad/original/180298.jpg,0,https://www.wikidata.org/wiki/Q116349260,https://www.wikidata.org/wiki/Q56033713,(not assigned)
1504,Celery Vase,Celery vase,1870–90,,,,Pressed purple marble glass,H. 8 1/2 in. (21.6 cm),American,United States,Mid-Atlantic,Tarentum,,"Challinor, Taylor and Company",Maker,American,1866,1891,,The American Wing,,1866–1891,False,True,https://www.metmuseum.org/art/collection/search/1504,https://images.metmuseum.org/CRDImages/ad/original/182053.jpg,0,https://www.wikidata.org/wiki/Q116372130,,
684606,Boys Fishing,Painting,1846,,,,Oil on canvas,26 × 21 in. (66 × 53.3 cm),American,United States,Mid-Atlantic United States,,Boys|Fishing|Fish,Thomas Le Clear,Artist,American,1818,1882,,The American Wing,,1818–1882,False,True,https://www.metmuseum.org/art/collection/search/684606,https://images.metmuseum.org/CRDImages/ad/original/DP-14224-001.jpg,1,https://www.wikidata.org/wiki/Q78614665,https://www.wikidata.org/wiki/Q7791757,http://vocab.getty.edu/page/ulan/500125339
5870,Pitcher,Pitcher,1825–75,,,,Earthenware; Redware,8 3/8 x 8 1/2 x 7 1/2 in. (21.3 x 21.6 x 19.1 cm),American,United States,Mid-Atlantic,,,,,,,,,The American Wing,,,False,True,https://www.metmuseum.org/art/collection/search/5870,https://images.metmuseum.org/CRDImages/ad/original/DP264268.jpg,1,https://www.wikidata.org/wiki/Q116357278,,
4697,Lamp,Lamp,19th century,,,,"Free-blown colorless, cranberry and opaque white glass, tin",H. 7 in. (17.8 cm),American,United States,,,,,,,,,,The American Wing,,,False,True,https://www.metmuseum.org/art/collection/search/4697,https://images.metmuseum.org/CRDImages/ad/original/136389.jpg,0,https://www.wikidata.org/wiki/Q116392087,,
319028,Club (skullcracker),Club,1850–60,,,,"Stone, wood, rawhide, sinew, pigment, feathers",H. 23 1/2 x W. 4 1/4 in. (59.7 x 10.8 cm),Assiniboine,United States,,,Weapons|Faces,,,,,,,The American Wing,,,False,True,https://www.metmuseum.org/art/collection/search/319028,https://images.metmuseum.org/CRDImages/ad/original/DT262525.jpg,4,,,
16664,(From Sketchbook),Drawing,1810–20,,,,"Ink, wash, on paper",9 x 11 1/2 in. (22.9 x 29.2 cm),American,,,,Men|Women,Thomas Sully,Artist,American,1783,1872,,The American Wing,,"American, Horncastle, Lincolnshire 1783–1872 Philadelphia, Pennsylvania",False,True,https://www.metmuseum.org/art/collection/search/16664,https://images.metmuseum.org/CRDImages/ad/original/266540.jpg,0,,https://www.wikidata.org/wiki/Q786545,http://vocab.getty.edu/page/ulan/500006873
4538,Side chair,Side chair,1815–19,,,,"Mahogany, mahogany veneer, gilded gesso, brass with maple",33 3/8 x 18 x 19 1/4 in. (84.8 x 45.7 x 48.9 cm),American,United States,Mid-Atlantic,New York,,Charles-Honoré Lannuier,Maker,American,1779,1819,,The American Wing,,France 1779–1819 New York,False,True,https://www.metmuseum.org/art/collection/search/4538,https://images.metmuseum.org/CRDImages/ad/original/DT4498.jpg,2,https://www.wikidata.org/wiki/Q116366687,https://www.wikidata.org/wiki/Q5074741,http://vocab.getty.edu/page/ulan/500256814
2018,Chest of Drawers,Chest of drawers,1800–1810,,,,"Mahogany, satinwood, ebony, white pine, tulip poplar",40 3/4 x 43 5/8 x 21 1/2 in. (103.5 x 110.8 x 54.6 cm),American,United States,Mid-Atlantic,New York,,Michael Allison,Maker,American,1773,1855,,The American Wing,,1773–1855,False,True,https://www.metmuseum.org/art/collection/search/2018,https://images.metmuseum.org/CRDImages/ad/original/87922.jpg,1,https://www.wikidata.org/wiki/Q116371819,https://www.wikidata.org/wiki/Q97108595,http://vocab.getty.edu/page/ulan/500122723
15311,Footbridge in Forest (from Sketchbook X),Drawing,1885,,,,Graphite on off-white wove paper,5 x 7 1/2 in. (12.7 x 19.1 cm),American,,,,Bridges|Forests,William Trost Richards,Artist,American,1833,1905,,The American Wing,,"American, Philadelphia, Pennsylvania 1833–1905 Newport, Rhode Island",False,True,https://www.metmuseum.org/art/collection/search/15311,https://images.metmuseum.org/CRDImages/ad/original/257706.jpg,0,,https://www.wikidata.org/wiki/Q1985982,http://vocab.getty.edu/page/ulan/500014455
12785,Mrs. William F. Milton,Painting,1881,,,,Oil on canvas,32 x 24 in. (81.3 x 61 cm),American,,,,Portraits|Women,Abbott H. Thayer,Artist,American,1849,1921,,The American Wing,,"American, Boston, Massachusetts 1849–1921 Dublin, New Hampshire",False,True,https://www.metmuseum.org/art/collection/search/12785,https://images.metmuseum.org/CRDImages/ad/original/ap23.77.3.jpg,0,https://www.wikidata.org/wiki/Q19923901,https://www.wikidata.org/wiki/Q306759,http://vocab.getty.edu/page/ulan/500016002
1197,Candlestick,Candlestick,1600–1700,,,,Brass,H. 8 3/8 in. (21.3 cm),,Netherlands,,,,,,,,,,The American Wing,,,False,True,https://www.metmuseum.org/art/collection/search/1197,https://images.metmuseum.org/CRDImages/ad/original/126267.jpg,1,https://www.wikidata.org/wiki/Q116372480,,
13820,Piece,Piece,1800–1830,,,,"Cotton, woven",39 3/8 x 35 1/2 in. (100 x 90.2 cm),American,,,,,,,,,,,The American Wing,,,False,True,https://www.metmuseum.org/art/collection/search/13820,https://images.metmuseum.org/CRDImages/ad/original/131510.jpg,0,,,
572,Border Tile,Tile,1881,,,,Earthenware,6 1/8 x 2 3/16 x 3/8 in. (15.6 x 5.6 x 1 cm),American,United States,New England,Chelsea,,J. and J. G. Low Art Tile Works,Maker,American,1877,1903,,The American Wing,,"American, Chelsea, Massachusetts, 1877–1903",False,True,https://www.metmuseum.org/art/collection/search/572,https://images.metmuseum.org/CRDImages/ad/original/196984.jpg,0,https://www.wikidata.org/wiki/Q116373228,,http://vocab.getty.edu/page/ulan/500276336
13381,"The Ohio River near Wheeling, West Virginia",Watercolor,1859–60,,,,Watercolor and gouache on off-white wove paper,11 15/16 x 17 15/16 in. (30.3 x 45.6 cm),American,,,,Rivers|Landscapes|Boats,Lefevre James Cranstone,Artist,British,1810,1910,,The American Wing,,"active United States, 1859–60",False,True,https://www.metmuseum.org/art/collection/search/13381,https://images.metmuseum.org/CRDImages/ad/original/ap1989.257.jpg,1,https://www.wikidata.org/wiki/Q19924782,https://www.wikidata.org/wiki/Q19984153,http://vocab.getty.edu/page/ulan/500017311
4434,Inkwell,Inkwell,1815–41,,,,Blown-molded glass,H. 1 3/8 in. (3.5 cm); Diam. 2 1/8 in. (5.4 cm),American,United States,New England,Keene,,Keene Glass Works,Manufacturer,American,1815,1815,,The American Wing,,1815–41,False,True,https://www.metmuseum.org/art/collection/search/4434,https://images.metmuseum.org/CRDImages/ad/original/DP206704.jpg,0,https://www.wikidata.org/wiki/Q116367047,,http://vocab.getty.edu/page/ulan/500330082
12792,John Dart,Painting,ca. 1772–74,,,,Oil on canvas,30 x 25 in. (76.2 x 63.5 cm),American,,,,Men|Portraits,Jeremiah Theus,Artist,American,1716,1774,,The American Wing,,"American, Chur, 1716–1774 Charleston, South Carolina",False,True,https://www.metmuseum.org/art/collection/search/12792,https://images.metmuseum.org/CRDImages/ad/original/DP-644-01.jpg,1,https://www.wikidata.org/wiki/Q19930539,https://www.wikidata.org/wiki/Q3177291,http://vocab.getty.edu/page/ulan/500031293
679002,Chair seat cover,Seat cover,ca. 1770,,,,Wool on linen,24 × 18 in. (61 × 45.7 cm),American,United States,New England,Effingham,,Anna Poor Parsons,Maker,American,1738,1783,Female,The American Wing,,"American, 1738–1783",False,True,https://www.metmuseum.org/art/collection/search/679002,https://images.metmuseum.org/CRDImages/ad/original/DP348565.jpg,1,,,
8541,Tile,Tile,1757–61,,,,"Earthenware, transfer-printed",5 x 5 in. (12.7 x 12.7 cm),British,England,North West England,Liverpool,Men|Women|Sheep,John Sadler,Maker,,1720,1789,,The American Wing,,1720–1789,False,True,https://www.metmuseum.org/art/collection/search/8541,https://images.metmuseum.org/CRDImages/ad/original/129976.jpg,0,,https://www.wikidata.org/wiki/Q18954389,http://vocab.getty.edu/page/ulan/500048148
751538,Ladle,Ladle,ca. 1850,,,,Wood and pigment,8 1/4 x 6 x 3 in (21 x 15.2 x 7.6 cm),"Chinook, Native American",United States,,,Birds,,,,,,,The American Wing,,,True,True,https://www.metmuseum.org/art/collection/search/751538,https://images.metmuseum.org/CRDImages/ad/original/DP-15102-025.jpg,2,https://www.wikidata.org/wiki/Q104413120,,
8151,Tall clock,Tall clock,1803–9,,,,"Cherry, mahogany with maple, white pine, yellow poplar",91 1/4 x 20 5/8 in. (231.8 x 52.4 cm),American,United States,New England,Hopkinton,,James Dinsmore,Maker,American,1800,1823,,The American Wing,,active ca. 1803–1823,False,True,https://www.metmuseum.org/art/collection/search/8151,https://images.metmuseum.org/CRDImages/ad/original/131116.jpg,5,https://www.wikidata.org/wiki/Q116338702,,
7554,Slipper Chair,Slipper chair,ca. 1855,,,,"Rosewood, ash",43 1/8 x 18 3/4 x 18 1/4 in. (109.5 x 47.6 x 46.4 cm),American,United States,Mid-Atlantic,New York,,John Henry Belter,Maker,American,1804,1863,,The American Wing,,"American, born Germany 1804-1863 New York",False,True,https://www.metmuseum.org/art/collection/search/7554,https://images.metmuseum.org/CRDImages/ad/original/150202.jpg,0,,https://www.wikidata.org/wiki/Q46973286,http://vocab.getty.edu/page/ulan/500001413
18113,General George Eliott,Painting,1790,,,,Oil on canvas,98 3/16 x 64 3/8 in. (249.4 x 163.5 cm),American,,,,Battles|Swords|Men|Generals,Mather Brown,Artist,American,1761,1831,,The American Wing,,"American, Boston, Massachusetts 1761–1831 London",False,True,https://www.metmuseum.org/art/collection/search/18113,https://images.metmuseum.org/CRDImages/ad/original/DT5671.jpg,0,https://www.wikidata.org/wiki/Q19924960,https://www.wikidata.org/wiki/Q6786928,http://vocab.getty.edu/page/ulan/500001228
1990,Chest,Chest,1675–1700,,,,"Oak, tulip poplar, pine",26 x 48 1/2 x 22 in. (66 x 123.2 x 55.9 cm),American,United States,New England,Guilford,,,,,,,,The American Wing,,,False,True,https://www.metmuseum.org/art/collection/search/1990,https://images.metmuseum.org/CRDImages/ad/original/85I_ACF3089R4.jpg,2,https://www.wikidata.org/wiki/Q116371852,,
715517,Mug,Mug,1899,,,,Earthenware,H. 5 3/4 in.,American,United States,Mid-Atlantic,New York City,Portraits|Women,Volkmar Ceramic Company,Maker,American,1890,1902,,The American Wing,,ca.1893–ca.1902,False,True,https://www.metmuseum.org/art/collection/search/715517,https://images.metmuseum.org/CRDImages/ad/original/DP-14161-011.jpg,1,https://www.wikidata.org/wiki/Q116726583,,
1727,Side Chair,Side Chair,1795–1800,,,,Painted maple with ash,38 x 21 1/2 x 19 in. (96.5 x 54.6 x 48.3 cm),American,United States,Mid-Atlantic,Philadelphia,,,,,,,,The American Wing,,,False,True,https://www.metmuseum.org/art/collection/search/1727,https://images.metmuseum.org/CRDImages/ad/original/138842.jpg,0,https://www.wikidata.org/wiki/Q116371994,,
15027,Mrs. Oswald John Cammann (Catherine Navarre Macomb),"Painting, miniature",ca. 1843,,,,Watercolor on ivory,4 3/16 x 3 5/16 in. (10.5 x 8.5 cm),American,,,,Portraits|Women,Thomas Seir Cummings,Artist,"American, born England",1804,1894,,The American Wing,,"American (born England), Bath 1804–1894 Hackensack, New Jersey",False,True,https://www.metmuseum.org/art/collection/search/15027,https://images.metmuseum.org/CRDImages/ad/original/SFsf6733.JPG,0,https://www.wikidata.org/wiki/Q20177321,https://www.wikidata.org/wiki/Q7793863,http://vocab.getty.edu/page/ulan/500096121
2552,Covered Urn,Urn,ca. 1800,,,,Porcelain,17 1/2 x 10 in. (44.5 x 25.4 cm),Chinese,NEW ZEALAND ROTORUA WHAKAREWAREWA,,,Flowers|Boats,,,,,,,The American Wing,,,False,True,https://www.metmuseum.org/art/collection/search/2552,https://images.metmuseum.org/CRDImages/ad/original/DP264519.jpg,0,https://www.wikidata.org/wiki/Q116250517,,
15148,Portrait of a Gentleman,"Painting, miniature",ca. 1800,,,,Watercolor on ivory,2 7/8 x 2 5/16 in. (7.3 x 5.9 cm),American,,,,Men|Portraits,Raphaelle Peale,Artist,American,1774,1825,,The American Wing,,1774–1825,False,True,https://www.metmuseum.org/art/collection/search/15148,https://images.metmuseum.org/CRDImages/ad/original/APS6538.jpg,1,https://www.wikidata.org/wiki/Q20177516,https://www.wikidata.org/wiki/Q1374536,http://vocab.getty.edu/page/ulan/500004821
2233,Compote,Compote,1870–90,,,,Pressed yellow glass,H. 4 3/4 in. (12.1 cm); Diam. 5 1/2 in. (14 cm),American,United States,Mid-Atlantic,Pittsburgh,,Adams and Company,Maker,American,,9999,,The American Wing,,,False,True,https://www.metmuseum.org/art/collection/search/2233,https://images.metmuseum.org/CRDImages/ad/original/DP239105.jpg,0,https://www.wikidata.org/wiki/Q116371613,https://www.wikidata.org/wiki/Q56033713,(not assigned)
5163,Medal,Medal,1776–83,,,,Bronze,Diam. 4 1/4 in. (10.8 cm),,France,,,George Washington|Men|Profiles,Jean Martin Renaud,Maker,French,1746,1821,,The American Wing,,"French, Sarreguemines 1746–1821 Paris",False,True,https://www.metmuseum.org/art/collection/search/5163,https://images.metmuseum.org/CRDImages/ad/original/LC-83_2_83.jpg,1,,https://www.wikidata.org/wiki/Q21287381,http://vocab.getty.edu/page/ulan/500405220
341,Basin,Basin,1770–1870,,,,Pewter,2 x 5 3/4 x 5 3/4 in. (5.1 x 14.6 x 14.6 cm),American,United States,New England,Providence,,Samuel Hamlin,Maker,American,1746,1801,,The American Wing,,1746–1801,False,True,https://www.metmuseum.org/art/collection/search/341,https://images.metmuseum.org/CRDImages/ad/original/120270.jpg,0,https://www.wikidata.org/wiki/Q116373474,https://www.wikidata.org/wiki/Q109886856,http://vocab.getty.edu/page/ulan/500056845
6505,Platter,Platter,1800–1830,,,,Earthenware; Redware,12 3/8 x 7 3/4 in. (31.4 x 19.7 cm),British,England,,,,,,,,,,The American Wing,,,False,True,https://www.metmuseum.org/art/collection/search/6505,https://images.metmuseum.org/CRDImages/ad/original/DP257677.jpg,1,https://www.wikidata.org/wiki/Q116362539,,
853,Bowl,Bowl,1785–90,,,,Porcelain,Diam. 6 1/4 in. (15.9 cm),"Chinese, for American market",China,,,Birds|Coat of Arms,,,,,,,The American Wing,,,False,True,https://www.metmuseum.org/art/collection/search/853,https://images.metmuseum.org/CRDImages/ad/original/DP258517.jpg,0,https://www.wikidata.org/wiki/Q116372828,,
500,Portrait of Benjamin Franklin,Painting,1800–1883,,,,Silk,11 3/4 x 10 in. (29.8 x 25.4 cm),,Japan,,,Benjamin Franklin|Portraits,,,,,,,The American Wing,,,False,True,https://www.metmuseum.org/art/collection/search/500,https://images.metmuseum.org/CRDImages/ad/original/25656.jpg,0,https://www.wikidata.org/wiki/Q79023096,,
908,Box,Box,1675–1700,,,,"Oak, pine",9 x 26 1/2 x 15 in. (22.9 x 67.3 x 38.1 cm),American,United States,,,,,,,,,,The American Wing,,,False,True,https://www.metmuseum.org/art/collection/search/908,https://images.metmuseum.org/CRDImages/ad/original/85H_ACF3076R5.jpg,1,https://www.wikidata.org/wiki/Q116372760,,
3277,Dish,Dish,1761–81,,,,Pewter,H. 7/8 in. (2.2 cm); Diam. 13 1/2 in. (34.3 cm),American,United States,Mid-Atlantic,New York,,Frederick Bassett,Maker,American,1740,1800,,The American Wing,,1740–1800,False,True,https://www.metmuseum.org/art/collection/search/3277,https://images.metmuseum.org/CRDImages/ad/original/174917.jpg,0,https://www.wikidata.org/wiki/Q116370584,,http://vocab.getty.edu/page/ulan/500333729
6656,Porringer,Porringer,1785–1805,,,,Silver,"Overall: 1 15/16 x 6 11/16 in. (4.9 x 17 cm); 7 oz. 16 dwt. (242.7 g)
Lip: Diam. 4 3/4 in. (12.1 cm)
Body: Diam. 4 7/8 in. (12.4 cm)",American,United States,Mid-Atlantic,Poughkeepsie,,Andrew Billings,Maker,American,1743,1808,,The American Wing,,1743–1808,False,True,https://www.metmuseum.org/art/collection/search/6656,https://images.metmuseum.org/CRDImages/ad/original/DP160793.jpg,2,https://www.wikidata.org/wiki/Q116359533,,
319011,Lidded Basket,Basket with lid,ca. 1840,,,,"Ash splint, wood, pigment",H. 14 1/4 x W. 13 x D. 8 3/8 in. (36.2 x 33 x 21.3 cm),Onondaga,United States,,,,,,,,,,The American Wing,,,False,True,https://www.metmuseum.org/art/collection/search/319011,https://images.metmuseum.org/CRDImages/ad/original/DT259443.jpg,1,,,
10087,New York Harbor with Brooklyn Bridge,Painting,after 1869,,,,Oil on canvas,26 x 44 in. (66 x 111.8 cm),American,,,,Ships|New York City,G. Baker,Artist,American,1835,1935,,The American Wing,,active ca. 1870–1900,False,True,https://www.metmuseum.org/art/collection/search/10087,https://images.metmuseum.org/CRDImages/ad/original/DP156439.jpg,0,https://www.wikidata.org/wiki/Q19930599,https://www.wikidata.org/wiki/Q22670109,(not assigned)
2133,Coffeepot,Coffeepot,ca. 1760,,,,Stoneware,9 x 8 1/8 in. (22.9 x 20.6 cm),British (American market),England,West Midlands,,Flowers,,,,,,,The American Wing,,,False,True,https://www.metmuseum.org/art/collection/search/2133,https://images.metmuseum.org/CRDImages/ad/original/136394.jpg,0,https://www.wikidata.org/wiki/Q116371715,,
6008,Plate,Plate,1841,,,,Earthenware with slip decoration,Diam. 9 1/2 in. (24.1 cm),American,United States,Mid-Atlantic,,,,,,,,,The American Wing,,,False,True,https://www.metmuseum.org/art/collection/search/6008,https://images.metmuseum.org/CRDImages/ad/original/DP259094.jpg,1,https://www.wikidata.org/wiki/Q116354514,,
2031,Chest with drawer,Chest with drawer,1705–25,,,,"Painted yellow poplar, yellow pine, birch",19 1/2 x 29 1/2 x 16 1/2 in. (49.5 x 74.9 x 41.9 cm),American,United States,New England,Saybrook,Flowers,,,,,,,The American Wing,,,False,True,https://www.metmuseum.org/art/collection/search/2031,https://images.metmuseum.org/CRDImages/ad/original/85I_ACF3101R8.jpg,9,https://www.wikidata.org/wiki/Q116371809,,
2573,Covered Vegetable Dish,Vegetable dish,1830–40,,,,Lacy pressed glass,5 1/16 x 8 11/16 x 10 7/16 in. (12.9 x 22.1 x 26.5 cm),American,United States,New England,,,,,,,,,The American Wing,,,False,True,https://www.metmuseum.org/art/collection/search/2573,https://images.metmuseum.org/CRDImages/ad/original/153468.jpg,0,https://www.wikidata.org/wiki/Q116371215,,
14292,Framed Print,Print,1801–10,,,,"Mahogany veneer, white pine, poplar",16 3/8 x 12 1/2 in. (41.6 x 31.8 cm),American,United States,New England,Boston,Women|Camels,,,,,,,The American Wing,,,False,True,https://www.metmuseum.org/art/collection/search/14292,https://images.metmuseum.org/CRDImages/ad/original/frame 1991.219.1.jpg,0,https://www.wikidata.org/wiki/Q116241042,,
10605,Rebecca Wetherill,"Painting, miniature",ca. 1849,,,,Watercolor on ivory,"Ivory: 5 1/4 x 5 1/4 in. (13.3 x 13.3 cm)
Sight: 4 1/4 x 3 1/4 in. (10.8 x 8.3 cm)",American,,,,Portraits|Women,George Hewitt Cushman,Artist,,1814,1876,,The American Wing,,1814–1876,False,True,https://www.metmuseum.org/art/collection/search/10605,https://images.metmuseum.org/CRDImages/ad/original/DP162112.jpg,0,https://www.wikidata.org/wiki/Q19925009,https://www.wikidata.org/wiki/Q5540573,http://vocab.getty.edu/page/ulan/500331865
7551,Chair,Sewing chair,1867–69,,,,"Maple, rosewood, various wood veneers, ebonized veneer, ash (secondary wood), gilding, modern upholstery",30 1/4 x 22 x 26 1/4 in. (76.8 x 55.9 x 66.7 cm),American,United States,Mid-Atlantic,New York,,Herter Brothers,Maker,American,1864,1906,,The American Wing,,"German, active New York, 1864–1906",False,True,https://www.metmuseum.org/art/collection/search/7551,https://images.metmuseum.org/CRDImages/ad/original/ADA4655.jpg,3,https://www.wikidata.org/wiki/Q116339748,https://www.wikidata.org/wiki/Q1614654,http://vocab.getty.edu/page/ulan/500274670
14130,Quilted tablecover,Quilt,ca. 1810–15,,,,Cotton,41 3/4 x 19 3/4 in. (106 x 50.2 cm),American,United States,New England,Colchester,,Sarah Clark Parsons,Maker,American,1796,1864,Female,The American Wing,,1796–1864,False,True,https://www.metmuseum.org/art/collection/search/14130,https://images.metmuseum.org/CRDImages/ad/original/DP146404.jpg,1,,,
2255,"Rattle, Whistle, and Bells","Rattle, whistle, and bells",1755–68,,,,"Gold, coral",L. 6 1/8 in. (15.6 cm); 2 oz. 13 dwt. (82.3 g),American,United States,Mid-Atlantic,New York,,Nicholas Roosevelt,Maker,American,1715,1769,,The American Wing,,1715–1769,False,True,https://www.metmuseum.org/art/collection/search/2255,https://images.metmuseum.org/CRDImages/ad/original/DT11619.jpg,10,https://www.wikidata.org/wiki/Q116371608,https://www.wikidata.org/wiki/Q69055106,(not assigned)
2262,Cordial Glass,Cordial glass,1865–70,,,,Pressed glass,H. 3 1/4 in. (8.3 cm),American,United States,New England,East Cambridge,,New England Glass Company,Maker,American,1818,1888,,The American Wing,,"American, East Cambridge, Massachusetts, 1818–1888",False,True,https://www.metmuseum.org/art/collection/search/2262,https://images.metmuseum.org/CRDImages/ad/original/DP235372.jpg,0,https://www.wikidata.org/wiki/Q116371597,https://www.wikidata.org/wiki/Q17083157,http://vocab.getty.edu/page/ulan/500356007
7848,Spoon Holder,Spoon holder,1850–70,,,,Pressed opaque white glass,H. 4 1/2 in. (11.4 cm); Diam. 3 1/2 in. (8.9 cm),American,United States,,,,,,,,,,The American Wing,,,False,True,https://www.metmuseum.org/art/collection/search/7848,https://images.metmuseum.org/CRDImages/ad/original/174424.jpg,0,https://www.wikidata.org/wiki/Q116349248,,
11258,"Christmas-Time, The Blodgett Family",Painting,1864,,,,Oil on canvas,30 x 25in. (76.2 x 63.5cm),American,,,,Interiors|Children|Men|Women|Genre Scene|Family,Eastman Johnson,Artist,American,1824,1906,,The American Wing,,"American, Lovell, Maine 1824–1906 New York",False,True,https://www.metmuseum.org/art/collection/search/11258,https://images.metmuseum.org/CRDImages/ad/original/DP-18073-001.jpg,3,https://www.wikidata.org/wiki/Q20170685,https://www.wikidata.org/wiki/Q1278282,http://vocab.getty.edu/page/ulan/500008685
6072,Plate,Plate,1830–45,,,,Lacy pressed glass,Diam. 9 1/16 in. (23 cm),American,United States,New England,,,,,,,,,The American Wing,,,False,True,https://www.metmuseum.org/art/collection/search/6072,https://images.metmuseum.org/CRDImages/ad/original/153433.jpg,0,https://www.wikidata.org/wiki/Q116352532,,
1226,Rodman de Kay Gilder,Sculpture,"1879, cast probably 1880",,,,Bronze,13 1/2 x 16 7/8 in. (34.3 x 42.9 cm),American,,,,Girls|Profiles,Augustus Saint-Gaudens,Artist,American,1848,1907,,The American Wing,,"American, Dublin 1848–1907 Cornish, New Hampshire",False,True,https://www.metmuseum.org/art/collection/search/1226,https://images.metmuseum.org/CRDImages/ad/original/DT3674.jpg,1,https://www.wikidata.org/wiki/Q83560040,https://www.wikidata.org/wiki/Q770625,http://vocab.getty.edu/page/ulan/500124332
5589,Pepper Sauce Bottle,Pepper sauce bottle,1860–70,,,,Pressed glass,H. 8 in. (20.3 cm),American,United States,,,,,,,,,,The American Wing,,,False,True,https://www.metmuseum.org/art/collection/search/5589,https://images.metmuseum.org/CRDImages/ad/original/174124.jpg,0,https://www.wikidata.org/wiki/Q116363897,,
5073,Medal of Major General William H. Harrison,Medal,1818,,,,Bronze,Diam. 2 9/16 in. (6.5 cm),American,United States,,,Men|Profiles|Generals,Moritz Fürst,Maker,Hungarian,1782,1882,,The American Wing,,"born 1782, active United States, 1807–ca. 1840",False,True,https://www.metmuseum.org/art/collection/search/5073,https://images.metmuseum.org/CRDImages/ad/original/LC-83_2_402-001.jpg,1,,,http://vocab.getty.edu/page/ulan/500110874
3523,Egg Cup,Egg cup,1860–70,,,,Pressed glass,H. 4 in. (10.2 cm); Diam. 2 5/8 in. (6.7 cm),American,United States,New England,East Cambridge,,New England Glass Company,Maker,American,1818,1888,,The American Wing,,"American, East Cambridge, Massachusetts, 1818–1888",False,True,https://www.metmuseum.org/art/collection/search/3523,https://images.metmuseum.org/CRDImages/ad/original/DP235368.jpg,0,https://www.wikidata.org/wiki/Q116370386,https://www.wikidata.org/wiki/Q17083157,http://vocab.getty.edu/page/ulan/500356007
19972,Vase,Vase,ca. 1898–1918,,,,Stoneware,5 13/16 in. (14.8 cm),American,United States,New England United States,West Sterling,,William J. Walley,Artist,,1852,1919,,The American Wing,,1852–1919,False,True,https://www.metmuseum.org/art/collection/search/19972,https://images.metmuseum.org/CRDImages/ad/original/L.2009.22.113.jpg,1,https://www.wikidata.org/wiki/Q116393736,,
214,Armchair,Armchair,ca. 1855,,,,"Walnut, original leather, modern velvet cushion",64 1/2 x 25 3/8 x 22 1/4 in. (163.8 x 64.5 x 56.5 cm),American,United States,Mid-Atlantic,New York,,Gustave Herter,Maker,"German (Stuttgart, principality of Württemberg)",1830,1898,,The American Wing,,1830–1898,True,True,https://www.metmuseum.org/art/collection/search/214,https://images.metmuseum.org/CRDImages/ad/original/DT8323.jpg,3,https://www.wikidata.org/wiki/Q83560001,https://www.wikidata.org/wiki/Q1556712,http://vocab.getty.edu/page/ulan/500088027
10460,Tea Party,Painting,1870s,,,,Oil on slate paper,6 1/8 x 9 5/16 in. (15.6 x 23.7 cm),American,,,,Houses|Streets|Men|Women,William P. Chappel,Artist,American,1801,1878,,The American Wing,,"American, 1801–1878",False,True,https://www.metmuseum.org/art/collection/search/10460,https://images.metmuseum.org/CRDImages/ad/original/DP-1427-049.jpg,2,https://www.wikidata.org/wiki/Q19930649,https://www.wikidata.org/wiki/Q20822488,http://vocab.getty.edu/page/ulan/500524275
4161,Furniture Hardware,Furniture hardware,1820–30,,,,Gilt brass,H. 3 1/4 in. (8.3 cm),,France,,,,Henry Kellam Hancock,Retailer,,1816,1851,,The American Wing,,1816–1851,False,True,https://www.metmuseum.org/art/collection/search/4161,https://images.metmuseum.org/CRDImages/ad/original/ADA6273.jpg,0,https://www.wikidata.org/wiki/Q116372155,,
20203,Pilgrim flask,Pilgrim flask,1895–1900,,,,Earthenware,6 3/8 x 5 15/16 in. (16.2 x 15.1 cm),American,United States,Mid-Atlantic United States,Baltimore,,Edwin Bennett Pottery,Artist,American,1847,1857,,The American Wing,,"American, Baltimore, Maryland 1847–1857",False,True,https://www.metmuseum.org/art/collection/search/20203,https://images.metmuseum.org/CRDImages/ad/original/066-marks.jpg,0,,https://www.wikidata.org/wiki/Q98446707,http://vocab.getty.edu/page/ulan/500524602
717562,Women's Acoma Cape or Dress,Cape or dress,ca. 1850,,,,Handspun undyed and indigo-dyed Churro fleece and cochineal-dyed raveled bayeta,H. 48 × W. 58 in. (121.9 × 147.3 cm),"Acoma, Native American",United States,,,,,,,,,,The American Wing,,,False,True,https://www.metmuseum.org/art/collection/search/717562,https://images.metmuseum.org/CRDImages/ad/original/IA-NelsonAtkins_IA-88-92-JPG_TMS_4000px 300dpi.jpg,2,,,
7663,Soup Plate,Soup plate,1785–90,,,,Porcelain,Diam. 9 1/4 in. (23.5 cm),"Chinese, for American market",China,,,Birds|Flowers|Coat of Arms,,,,,,,The American Wing,,,False,True,https://www.metmuseum.org/art/collection/search/7663,https://images.metmuseum.org/CRDImages/ad/original/DP258890.jpg,0,https://www.wikidata.org/wiki/Q116335851,,
11383,Portrait of the Painter,Painting,1859,,,,Oil on wood panel,16 1/16 x 11 1/2 in. (40.8 x 29.2 cm),American,,,,Men|Self-portraits,John La Farge,Artist,American,1835,1910,,The American Wing,,"American, New York 1835–1910 Providence, Rhode Island",False,True,https://www.metmuseum.org/art/collection/search/11383,https://images.metmuseum.org/CRDImages/ad/original/DT80.jpg,0,https://www.wikidata.org/wiki/Q19925738,https://www.wikidata.org/wiki/Q3120087,http://vocab.getty.edu/page/ulan/500022926
3421,Dressing Table,Dressing Table,1700–1730,,,,"Cherry, maple, tulip poplar, ash",27 1/2 x 27 1/2 x 18 1/2 in. (69.9 x 69.9 x 47 cm),American,United States,New England,,,,,,,,,The American Wing,,,False,True,https://www.metmuseum.org/art/collection/search/3421,https://images.metmuseum.org/CRDImages/ad/original/85T_ACF3129R8.jpg,1,https://www.wikidata.org/wiki/Q116370455,,
10587,"View near Sherburne, Chenango County, New York",Painting,1853,,,,Oil on canvas,33 1/8 x 48 3/8 in. (84.1 x 122.9 cm),American,,,,Cows|Landscapes,Jasper Francis Cropsey,Artist,American,1823,1900,,The American Wing,,"American, Rossville, New York 1823–1900 Hastings-on-Hudson, New York",False,True,https://www.metmuseum.org/art/collection/search/10587,https://images.metmuseum.org/CRDImages/ad/original/ap77.3.2.jpg,0,https://www.wikidata.org/wiki/Q20175966,https://www.wikidata.org/wiki/Q1451318,http://vocab.getty.edu/page/ulan/500012491
15042,James O. Owens,"Painting, miniature",1832,,,,Watercolor on ivory,2 5/16 x 1 7/8 in. (5.9 x 4.8 cm),American,,,,Men|Portraits,John Wood Dodge,Artist,American,1807,1893,,The American Wing,,1807–1893,False,True,https://www.metmuseum.org/art/collection/search/15042,https://images.metmuseum.org/CRDImages/ad/original/APS6836.jpg,0,https://www.wikidata.org/wiki/Q20177264,https://www.wikidata.org/wiki/Q16062203,http://vocab.getty.edu/page/ulan/500019552
4661,Ladle,Ladle,1790–1800,,,,Silver,14 11/16 x 3 13/16 in. (37.3 x 9.7 cm); 7 oz. 16 dwt. (242.1 g),American,United States,Southern,Portsmouth,,James Gaskins,Maker,American,1761,1827,,The American Wing,,ca. 1761–1827,False,True,https://www.metmuseum.org/art/collection/search/4661,https://images.metmuseum.org/CRDImages/ad/original/DP211922.jpg,1,https://www.wikidata.org/wiki/Q116366617,,
15082,Gouverneur Morris,"Painting, miniature",1798,,,,Watercolor on ivory,"Ivory: 2 3/4 x 2 1/8 in. (7 x 5.4 cm)
Framed: 5 x 4 1/4 in. (12.7 x 10.8cm)",American,,,,Men|Portraits,Pierre Henri,Artist,French,1760,1822,,The American Wing,,Paris ca. 1760–1822 New York,False,True,https://www.metmuseum.org/art/collection/search/15082,https://images.metmuseum.org/CRDImages/ad/original/DP162129.jpg,0,https://www.wikidata.org/wiki/Q19925374,https://www.wikidata.org/wiki/Q21647558,http://vocab.getty.edu/page/ulan/500331530
14869,Two Dogs and a Boy Seated (from Sketchbook),Drawing,ca. 1838 and after,,,,"Brown ink, graphite, on off-white wove paper",6 5/8 x 8 in. (16.8 x 20.3 cm),American,,,,Boys|Dogs,Francis William Edmonds,Artist,American,1806,1863,,The American Wing,,"American, Hudson, New York 1806–1863 Bronxville, New York",False,True,https://www.metmuseum.org/art/collection/search/14869,https://images.metmuseum.org/CRDImages/ad/original/246926.jpg,0,,https://www.wikidata.org/wiki/Q3680885,http://vocab.getty.edu/page/ulan/500026117
10269,"Canale del Squero, Venice",Drawing,1885,,,,Black ink and graphite traces on off-white wove paper,9 1/4 x 12 5/16 in. (23.5 x 31.3 cm),American,,,,Buildings|Bridges|Boats|Venice,Andrew Fisher Bunner,Artist,American,1841,1897,,The American Wing,,1841–1897,False,True,https://www.metmuseum.org/art/collection/search/10269,https://images.metmuseum.org/CRDImages/ad/original/ap99.38.72.jpg,1,,https://www.wikidata.org/wiki/Q21985212,http://vocab.getty.edu/page/ulan/500021243
11728,Martha Stewart Wilson,Painting,1814,,,,Oil on canvas,28 1/2 x 24 in. (72.3 x 61 cm),American,,,,Portraits|Women,James Peale,Artist,American,1749,1831,,The American Wing,,"American, Chestertown, Maryland 1749–1831 Philadelphia, Pennsylvania",False,True,https://www.metmuseum.org/art/collection/search/11728,https://images.metmuseum.org/CRDImages/ad/original/ap1972.191.jpg,0,https://www.wikidata.org/wiki/Q19925631,https://www.wikidata.org/wiki/Q3161332,http://vocab.getty.edu/page/ulan/500029852
2447,Covered salt,Salt,1830–40,,,,Pressed glass,H. 2 7/8 in. (7.3 cm),American,United States,New England,Sandwich,,Boston & Sandwich Glass Company,Maker,American,1825,1888,,The American Wing,,"American, 1825–1888, Sandwich, Massachusetts",False,True,https://www.metmuseum.org/art/collection/search/2447,https://images.metmuseum.org/CRDImages/ad/original/ADA4571.jpg,0,https://www.wikidata.org/wiki/Q116371392,https://www.wikidata.org/wiki/Q4948224,http://vocab.getty.edu/page/ulan/500334773
14023,Pomegranate textile,Sample,ca. 1883,,,,"Silk, woven",15 x 21 in. (38.1 x 53.3 cm),American,United States,New England,South Manchester,Pomegranates|Leaves,Associated Artists,Designer,American,1883,1907,,The American Wing,,1883–1907,False,True,https://www.metmuseum.org/art/collection/search/14023,https://images.metmuseum.org/CRDImages/ad/original/DP8062.jpg,1,,,http://vocab.getty.edu/page/ulan/500213333
11144,Two Ladies,Watercolor,1880,,,,Watercolor and graphite on off-white wove paper,6 15/16 x 7 15/16 in. (17.6 x 20.2 cm),American,,,,Women,Winslow Homer,Artist,American,1836,1910,,The American Wing,,"American, Boston, Massachusetts 1836–1910 Prouts Neck, Maine",False,True,https://www.metmuseum.org/art/collection/search/11144,https://images.metmuseum.org/CRDImages/ad/original/ap18.123.3.jpg,2,,https://www.wikidata.org/wiki/Q344838,http://vocab.getty.edu/page/ulan/500019202
2032,Chest with drawer,Chest with drawer,1705,,,,"Painted white oak, yellow pine",33 x 48 3/4 x 20 1/2 in. (83.8 x 123.8 x 52.1 cm),American,United States,New England,,Flowers,,,,,,,The American Wing,,,False,True,https://www.metmuseum.org/art/collection/search/2032,https://images.metmuseum.org/CRDImages/ad/original/85I_ACF3100R5.jpg,6,https://www.wikidata.org/wiki/Q116371803,,
3512,Egg Cup,Egg cup,1830–70,,,,Pressed glass,H. 3 5/8 in. (9.2 cm),American,United States,,,,,,,,,,The American Wing,,,False,True,https://www.metmuseum.org/art/collection/search/3512,https://images.metmuseum.org/CRDImages/ad/original/174245.jpg,0,https://www.wikidata.org/wiki/Q116370397,,
1721,Side Chair,Side Chair,1770–90,,,,"Mahogany, red oak, sweet gum",38 1/2 x 22 1/4 x 22 in. (97.8 x 56.5 x 55.9 cm),American,United States,Mid-Atlantic,,,,,,,,,The American Wing,,,False,True,https://www.metmuseum.org/art/collection/search/1721,https://images.metmuseum.org/CRDImages/ad/original/122148.jpg,1,https://www.wikidata.org/wiki/Q116371998,,
9178,Urn,Urn,ca. 1831–35,,,,"Porcelain, overglaze enamel decoration, gold, painted with views of New York City",H. 13 in. (33 cm); Diam. 9 7/8 in. (25.1 cm),French,France,,,Birds|Interiors,,,,,,,The American Wing,,,False,True,https://www.metmuseum.org/art/collection/search/9178,https://images.metmuseum.org/CRDImages/ad/original/ES6249.jpg,5,https://www.wikidata.org/wiki/Q116330820,,
6575,Platter,Platter,1736–95,,,,Porcelain,16 1/4 x 13 1/4 in. (41.3 x 33.7 cm),Chinese,China,,,Flowers,,,,,,,The American Wing,,,False,True,https://www.metmuseum.org/art/collection/search/6575,https://images.metmuseum.org/CRDImages/ad/original/ADA2987.jpg,1,https://www.wikidata.org/wiki/Q116361079,,
970,Brandy Warmer,Brandy Warmer,1840–57,,,,Silver,"Overall: 5 3/8 x 3 in. (13.7 x 7.6 cm); 16 oz. 5 dwt. (505.2 g)
Base: Diam. 2 7/8 in. (2 7/8 in.)",American,United States,Mid-Atlantic,New York,,Gerardus Boyce,Maker,American,1795,1880,,The American Wing,,1795/96–1880,False,True,https://www.metmuseum.org/art/collection/search/970,https://images.metmuseum.org/CRDImages/ad/original/DP110438.jpg,1,https://www.wikidata.org/wiki/Q116372698,,
1406,Column Base and Capital,Column Base and Capital,ca. 1810–30,,,,"Cast brass, mercury, gold","a: H. 1 3/4 in. (4.4 cm); Diam. 2 in. (5.1 cm)
b: Diam. 3 in. (7.6 cm)",,France,,,,Henry Kellam Hancock,Retailer,,1816,1851,,The American Wing,,1816–1851,False,True,https://www.metmuseum.org/art/collection/search/1406,https://images.metmuseum.org/CRDImages/ad/original/DP232787.jpg,1,https://www.wikidata.org/wiki/Q116372291,,
8985,Tumbler,Tumbler,1820–40,,,,Blown molded lead glass,H. 3 3/8 in. (8.6 cm); Diam. 2 5/8 in. (6.7 cm),American,United States,Mid-Atlantic,,,,,,,,,The American Wing,,,False,True,https://www.metmuseum.org/art/collection/search/8985,https://images.metmuseum.org/CRDImages/ad/original/8105.jpg,0,https://www.wikidata.org/wiki/Q116351923,,
5899,Plaque,Plaque,1879,,,,Painted and glazed earthenware,Diam. 16 in. (40.6 cm),American,United States,Mid-Atlantic,New York,Flowers|Leaves,John Bennett,Maker,American,1840,1907,,The American Wing,,1840–1907,False,True,https://www.metmuseum.org/art/collection/search/5899,https://images.metmuseum.org/CRDImages/ad/original/DP229984.jpg,2,https://www.wikidata.org/wiki/Q116356553,https://www.wikidata.org/wiki/Q52161471,http://vocab.getty.edu/page/ulan/500022400
9484,Vase,Vase,1893–96,,,,Favrile glass,H. 13 3/8 in. (34 cm),American,United States,Mid-Atlantic,New York,,Louis C. Tiffany,Designer,American,1848,1933,,The American Wing,,"American, New York 1848–1933 New York",False,True,https://www.metmuseum.org/art/collection/search/9484,https://images.metmuseum.org/CRDImages/ad/original/ADA4851.jpg,2,https://www.wikidata.org/wiki/Q116341991,https://www.wikidata.org/wiki/Q312950,http://vocab.getty.edu/page/ulan/500030415
223,Rocking Chair,Rocking chair,ca. 1823,,,,"Maple, pine, mahogany",45 x 20 3/4 x 27 in. (114.3 x 52.7 x 68.6 cm),American,United States,New England,Portland,,Hudson and Brooks,Maker,American,1773,1873,,The American Wing,,active ca. 1823,False,True,https://www.metmuseum.org/art/collection/search/223,https://images.metmuseum.org/CRDImages/ad/original/ADA3157.jpg,4,https://www.wikidata.org/wiki/Q116373590,,
15086,Portrait of a Gentleman,"Painting, miniature",1821,,,,Watercolor on ivory,4 3/8 x 3 7/16 in. (11.1 x 8.8 cm),American,,,,Men|Portraits,William Hudson Jr.,Artist,American,1787,1861,,The American Wing,,1787–ca. 1861,False,True,https://www.metmuseum.org/art/collection/search/15086,https://images.metmuseum.org/CRDImages/ad/original/APS6874.jpg,0,https://www.wikidata.org/wiki/Q20177452,https://www.wikidata.org/wiki/Q18575690,http://vocab.getty.edu/page/ulan/500079368
9139,Tumbler,Tumbler,after 1886,,,,Pressed colorless and opalescent glass,H. 3 3/4 in. (9.5 cm),American,United States,Southern,Wheeling,,"Hobbs, Brockunier and Company",Maker,American,1863,1891,,The American Wing,,1863–1891,False,True,https://www.metmuseum.org/art/collection/search/9139,https://images.metmuseum.org/CRDImages/ad/original/DP241428.jpg,0,https://www.wikidata.org/wiki/Q116331736,https://www.wikidata.org/wiki/Q16997505,http://vocab.getty.edu/page/ulan/500330432
6361,Plate,Plate,1815–30,,,,Porcelain,H. 1 1/2 in. (3.8 cm); Diam. 9 3/8 in. (23.8 cm),French,France,Île-de-France,Paris,Flowers,,,,,,,The American Wing,,,False,True,https://www.metmuseum.org/art/collection/search/6361,https://images.metmuseum.org/CRDImages/ad/original/DP260335.jpg,0,https://www.wikidata.org/wiki/Q116363868,,
16102,"The Hudson, Storm King, 1871 (from Sketchbook)",Drawing,ca. 1870,,,,Graphite on paper,5 1/2 x 8 3/4 in. (14 x 22.2 cm),American,,,,Mountains,Daniel Huntington,Artist,American,1816,1906,,The American Wing,,"American, New York 1816–1906 New York",False,True,https://www.metmuseum.org/art/collection/search/16102,https://images.metmuseum.org/CRDImages/ad/original/264335.jpg,0,,https://www.wikidata.org/wiki/Q323987,http://vocab.getty.edu/page/ulan/500017937
4612,Knee Buckle,Buckle,1730–75,,,,Silver,1 1/8 x 1 3/4 in. (2.9 x 4.4 cm),American,,,,,,,,,,,The American Wing,,,False,True,https://www.metmuseum.org/art/collection/search/4612,https://images.metmuseum.org/CRDImages/ad/original/97878.jpg,0,https://www.wikidata.org/wiki/Q116366643,,
13912,Wild Goose Chase Quilt,Quilt,1851,,,,Cotton,86 1/4 x 73 in. (219.1 x 185.4 cm),American,United States,Mid-Atlantic,Forestburgh,,Susan Reed Ruddick,Maker,American,1839,1869,Female,The American Wing,,1839–1869,False,True,https://www.metmuseum.org/art/collection/search/13912,https://images.metmuseum.org/CRDImages/ad/original/DT1821.jpg,3,,,http://vocab.getty.edu/page/ulan/500331781
10504,Mrs. Alfred Q. Collins,Painting,1885–1903,,,,Oil on canvas,27 x 22 in. (68.6 x 55.9 cm),American,,,,Portraits|Women,Alfred Q. Collins,Artist,American,1855,1903,,The American Wing,,1855–1903,False,True,https://www.metmuseum.org/art/collection/search/10504,https://images.metmuseum.org/CRDImages/ad/original/ap05.34.jpg,0,https://www.wikidata.org/wiki/Q19924052,https://www.wikidata.org/wiki/Q21503300,http://vocab.getty.edu/page/ulan/500010932
5062,Medal of Major General Jacob Brown,Medal,1800–1830,,,,Bronze,Diam. 2 1/2 in. (6.4 cm),American,United States,,,Men|Profiles,Moritz Fürst,Maker,Hungarian,1782,1882,,The American Wing,,"born 1782, active United States, 1807–ca. 1840",False,True,https://www.metmuseum.org/art/collection/search/5062,https://images.metmuseum.org/CRDImages/ad/original/LC-83_2_385-001.jpg,1,,,http://vocab.getty.edu/page/ulan/500110874
8035,Swingling Stick,Swinging stick,1700–1800,,,,Wood,H. 29 in. (73.7 cm),,,,,,,,,,,,The American Wing,,,False,True,https://www.metmuseum.org/art/collection/search/8035,https://images.metmuseum.org/CRDImages/ad/original/13406.jpg,0,https://www.wikidata.org/wiki/Q116342337,,
854,Bowl,Bowl,1785–90,,,,Porcelain,Diam. 6 1/4 in. (15.9 cm),"Chinese, for American market",China,,,Birds|Coat of Arms,,,,,,,The American Wing,,,False,True,https://www.metmuseum.org/art/collection/search/854,https://images.metmuseum.org/CRDImages/ad/original/DP258517.jpg,0,https://www.wikidata.org/wiki/Q116372830,,
14505,Profile Bust of a Salem Girl,Miniature,ca. 1800–1812,,,,"Wax, glass, wood",3 5/16 × 1 7/8 in. (8.4 × 4.8 cm),,,,,Girls|Men|Profiles,John Christian Rauschner,Maker,German,1760,1812,,The American Wing,,"German, Frankfurt 1760–after 1812",False,True,https://www.metmuseum.org/art/collection/search/14505,https://images.metmuseum.org/CRDImages/ad/original/148779.jpg,0,,https://www.wikidata.org/wiki/Q6226027,http://vocab.getty.edu/page/ulan/500524374
1771,Side Chair,Side Chair,after 1869,,,,Walnut,32 1/2 x 19 3/4 x 20 in. (82.6 x 50.2 x 50.8 cm),American,United States,Mid-Atlantic,New York,,George Jakob Hunzinger,Maker,American,1835,1898,,The American Wing,,1835–1898,False,True,https://www.metmuseum.org/art/collection/search/1771,https://images.metmuseum.org/CRDImages/ad/original/ADA6378.jpg,2,https://www.wikidata.org/wiki/Q116371965,https://www.wikidata.org/wiki/Q55720552,http://vocab.getty.edu/page/ulan/500005428
9242,Vase,Vase,1830–70,,,,Parian porcelain,11 3/8 x 5 5/8 x 5 1/4 in. (28.9 x 14.3 x 13.3 cm),American,United States,New England,Bennington,Fruit|Grapes|Flowers,,,,,,,The American Wing,,,False,True,https://www.metmuseum.org/art/collection/search/9242,https://images.metmuseum.org/CRDImages/ad/original/140766.jpg,1,https://www.wikidata.org/wiki/Q116330089,,
718153,Vase,Vase,ca. 1897–1900,,,,Earthenware,H. 6 3/4 in.,,United States,,Biloxi,,George E. Ohr,Maker,American,1857,1918,,The American Wing,,"American, Biloxi, Mississippi 1857–1918  Biloxi, Mississippi",False,True,https://www.metmuseum.org/art/collection/search/718153,https://images.metmuseum.org/CRDImages/ad/original/DP-14161-116.jpg,1,https://www.wikidata.org/wiki/Q116444758,https://www.wikidata.org/wiki/Q5538774,http://vocab.getty.edu/page/ulan/500071841
2493,Covered Sugar Bowl,Sugar bowl,1835–45,,,,Lacy pressed glass,H. 6 3/16 in. (15.7 cm),American,United States,Midwest,,,,,,,,,The American Wing,,,False,True,https://www.metmuseum.org/art/collection/search/2493,https://images.metmuseum.org/CRDImages/ad/original/153224.jpg,0,https://www.wikidata.org/wiki/Q116371327,,
5887,Pitcher,Pitcher,1850–70,,,,Pressed glass,H. 6 3/4 in. (17.1 cm),American,United States,New England,,,,,,,,,The American Wing,,,False,True,https://www.metmuseum.org/art/collection/search/5887,https://images.metmuseum.org/CRDImages/ad/original/186556.jpg,0,https://www.wikidata.org/wiki/Q116356770,,
13194,"Couple Entering Building, with Attendant  (from Cropsey Album)",Watercolor,1850,,,,Watercolor washes and pen and black ink on white wove paper,4 x 3 5/16 in. (10.2 x 8.4 cm),American,Germany,,,Gates|Couples|Lions,Carl Friedrich Heinrich Werner,Artist,German,1808,1894,,The American Wing,,"German, 1808–1894",False,True,https://www.metmuseum.org/art/collection/search/13194,https://images.metmuseum.org/CRDImages/ad/original/ap1970.9.14.jpg,1,,https://www.wikidata.org/wiki/Q858511,http://vocab.getty.edu/page/ulan/500016087
14245,Drapery Tieback,Drapery tieback,1810–60,,,,Opalescent glass,Diam. 4 3/4 in. (12.1 cm),,,,,,,,,,,,The American Wing,,,False,True,https://www.metmuseum.org/art/collection/search/14245,https://images.metmuseum.org/CRDImages/ad/original/DP237894.jpg,1,https://www.wikidata.org/wiki/Q116329117,,
16573,Village and Mountain (from Sketchbook),Drawing,1904,,,,Graphite on paper,5 1/4 x 8 1/4 in. (13.3 x 21 cm),American,,,,Villages|Mountains,Mary Newbold Sargent,Artist,American,1826,1906,,The American Wing,,1826–1906,False,True,https://www.metmuseum.org/art/collection/search/16573,https://images.metmuseum.org/CRDImages/ad/original/219688.jpg,0,,https://www.wikidata.org/wiki/Q56739442,
3399,Dower Chest,Dower chest,ca. 1780,,,,Yellow pine,24 1/2 x 52 1/2 x 23 1/4 in. (62.2 x 133.4 x 59.1 cm),American,United States,Mid-Atlantic,,Men|Flowers,,,,,,,The American Wing,,,False,True,https://www.metmuseum.org/art/collection/search/3399,https://images.metmuseum.org/CRDImages/ad/original/DP255530.jpg,6,https://www.wikidata.org/wiki/Q116370473,,
8286,Tilt-top Tea Table,Tilt-top tea table,1840–50,,,,Pine,H. 29 3/8 in. (74.6 cm); Diam. 24 in. (61 cm),American,United States,New England,,,,,,,,,The American Wing,,,False,True,https://www.metmuseum.org/art/collection/search/8286,https://images.metmuseum.org/CRDImages/ad/original/ADA5088.jpg,0,,,
1489,Celery Dish,Celery dish,1849–58,,,,Mottled brown earthenware,H. 9 3/4 in. (24.8 cm),American,United States,New England,Bennington,,"Lyman, Fenton & Co.",Maker,American,1849,1849,,The American Wing,,1849–52,False,True,https://www.metmuseum.org/art/collection/search/1489,https://images.metmuseum.org/CRDImages/ad/original/DP256730.jpg,0,https://www.wikidata.org/wiki/Q116372142,,
11980,The Smugglers' Cove,Painting,ca. 1880,,,,Oil on gilt leather,10 1/8 x 27 3/4 in. (25.7 x 70.5 cm),American,,,,Horses|Seascapes|Ships,Albert Pinkham Ryder,Artist,American,1847,1917,,The American Wing,,"American, New Bedford, Massachusetts 1847–1917 Elmhurst, New York",False,True,https://www.metmuseum.org/art/collection/search/11980,https://images.metmuseum.org/CRDImages/ad/original/DP-18856-001.jpg,2,https://www.wikidata.org/wiki/Q20169512,https://www.wikidata.org/wiki/Q948598,http://vocab.getty.edu/page/ulan/500030492
16859,Self-portrait,"Painting, miniature",ca. 1825,,,,Watercolor on ivory,3 x 2 1/2 in. (7.6 x 6.4 cm),American,,,,Men|Self-portraits,Thomas Seir Cummings,Artist,"American, born England",1804,1894,,The American Wing,,"American (born England), Bath 1804–1894 Hackensack, New Jersey",False,True,https://www.metmuseum.org/art/collection/search/16859,https://images.metmuseum.org/CRDImages/ad/original/DP105587.jpg,0,https://www.wikidata.org/wiki/Q20176981,https://www.wikidata.org/wiki/Q7793863,http://vocab.getty.edu/page/ulan/500096121
16239,Sketches of Telescopes on a Ship's Deck (from Sketchbook),Drawing,ca. 1891,,,,"Graphite on wove paper with gilt edges, bound in a leather cover",4 3/4 x 7 3/4 x 7/16 in. (12.1 x 19.7 x 1.1 cm),American,,,,Telescopes,Albert Bierstadt,Artist,American,1830,1902,,The American Wing,,"American, Solingen 1830–1902 New York",False,True,https://www.metmuseum.org/art/collection/search/16239,https://images.metmuseum.org/CRDImages/ad/original/260699.jpg,0,,https://www.wikidata.org/wiki/Q77132,http://vocab.getty.edu/page/ulan/500001248
21209,Self Portrait,"Watercolor, miniature",ca. 1800–1805,,,,Watercolor on ivory,3 1/4 × 3 1/4 in. (8.3 × 8.3 cm),,,,,Painting|Men|Self-portraits|Artists|Palettes|Brushes,Unknown Artist,Artist,,,,,The American Wing,,,True,True,https://www.metmuseum.org/art/collection/search/21209,https://images.metmuseum.org/CRDImages/ad/original/DP701353.jpg,1,https://www.wikidata.org/wiki/Q20178015,https://www.wikidata.org/wiki/Q24238356,http://vocab.getty.edu/page/ulan/500125274
15937,Copse of Trees on a Riverbank (from Sketchbook),Drawing,ca. 1860–ca. 1864,,,,Graphite on buff paper,9 3/4 x 13 7/8 in. (24.8 x 35.2 cm),American,,,,Landscapes|Trees,Thomas Hewes Hinckley,Artist,American,1813,1896,,The American Wing,,1813–1896,False,True,https://www.metmuseum.org/art/collection/search/15937,https://images.metmuseum.org/CRDImages/ad/original/262827.jpg,0,,https://www.wikidata.org/wiki/Q20853358,http://vocab.getty.edu/page/ulan/500009040
11757,A Month's Darning,Watercolor,1876,,,,"Watercolor, gouache, and gum arabic on off-white wove paper",20 x 15 3/4 in. (50.8 x 40 cm),American,,,,Women|Plants|Sewing,Enoch Wood Perry,Artist,American,1831,1915,,The American Wing,,1831–1915,True,True,https://www.metmuseum.org/art/collection/search/11757,https://images.metmuseum.org/CRDImages/ad/original/DT358956.jpg,4,https://www.wikidata.org/wiki/Q19930510,https://www.wikidata.org/wiki/Q5379343,http://vocab.getty.edu/page/ulan/500028627
15332,Cape Flattery Landscape (from Sketchbook X),Drawing,1885,,,,Graphite on off-white wove paper,5 x 7 1/2 in. (12.7 x 19.1 cm),American,,,,Landscapes,William Trost Richards,Artist,American,1833,1905,,The American Wing,,"American, Philadelphia, Pennsylvania 1833–1905 Newport, Rhode Island",False,True,https://www.metmuseum.org/art/collection/search/15332,https://images.metmuseum.org/CRDImages/ad/original/257680.jpg,0,,https://www.wikidata.org/wiki/Q1985982,http://vocab.getty.edu/page/ulan/500014455
13059,Bordighera (Landscape with Distant Church),Drawing,1836–1923,,,,Graphite on white wove paper,3 1/2 x 6 1/2 in. (8.9 x 16.5 cm),American,,,,Churches|Landscapes|Trees,Elihu Vedder,Artist,American,1836,1923,,The American Wing,,"American, New York 1836–1923 Rome",False,True,https://www.metmuseum.org/art/collection/search/13059,https://images.metmuseum.org/CRDImages/ad/original/ap1973.346.7.jpg,1,,https://www.wikidata.org/wiki/Q389726,http://vocab.getty.edu/page/ulan/500032587
8246,Tankard,Tankard,1725–50,,,,Silver,"Overall: 6 1/2 x 9 7/8 in. (16.5 x 25.1 cm); 34 oz. 16 dwt. (1082.7 g)
Base: Diam. 5 3/4 in. (14.6 cm)
Lip: Diam. 4 1/2 in. (11.4 cm)
Other (Spout to lip width): 6 7/16 in. (16.4 cm)",American,United States,Mid-Atlantic,New York,,Benjamin Wynkoop,Maker,American,1675,1751,,The American Wing,,baptized 1675–1751,False,True,https://www.metmuseum.org/art/collection/search/8246,https://images.metmuseum.org/CRDImages/ad/original/DP104515.jpg,2,https://www.wikidata.org/wiki/Q116331047,https://www.wikidata.org/wiki/Q72823949,(not assigned)
21485,Champagne flute,Champagne flute,1824–35,,,,blown and cut glass,4 7/8 in. (12.4 cm); Diam . 2 7/8 (7.3 cm),American,United States,Mid-Atlantic,Jersey City,,Jersey Glass Company of George Dummer,Manufacturer,American,1824,1862,,The American Wing,,1824–1862,False,True,https://www.metmuseum.org/art/collection/search/21485,https://images.metmuseum.org/CRDImages/ad/original/DP299972.jpg,0,https://www.wikidata.org/wiki/Q116325253,https://www.wikidata.org/wiki/Q6184867,(not assigned)
5927,Plate,Plate,1700–1900,,,,Wood; Beech,Diam. 8 in. (20.3 cm),,,,,,,,,,,,The American Wing,,,False,True,https://www.metmuseum.org/art/collection/search/5927,https://images.metmuseum.org/CRDImages/ad/original/10.125.588.4.JPG,0,https://www.wikidata.org/wiki/Q116392357,,
3114,Demitasse Cup and Saucer,Demitasse cup and saucer,1885–87,,,,Porcelain,"Cup: H. 1 15/16 in. (4.9 cm); Diam. 2 13/16 in. (7.1 cm)
Saucer: Diam. 4 7/8 in. (12.4 cm)",American,United States,Mid-Atlantic,Brooklyn,,Union Porcelain Works,Maker,American,1863,1922,,The American Wing,,1863–1922,False,True,https://www.metmuseum.org/art/collection/search/3114,https://images.metmuseum.org/CRDImages/ad/original/DP258772.jpg,0,https://www.wikidata.org/wiki/Q116370692,https://www.wikidata.org/wiki/Q18356506,http://vocab.getty.edu/page/ulan/500333024
6962,Salt Spoon,Spoon,1790–1810,,,,Silver,L. 4 3/8 in. (11.1 cm),American,United States,New England,Boston,,Paul Revere Jr.,Maker,American,1734,1818,,The American Wing,,"American, Boston, Massachusetts 1734–1818 Boston, Massachusetts",False,True,https://www.metmuseum.org/art/collection/search/6962,https://images.metmuseum.org/CRDImages/ad/original/DP255711.jpg,3,https://www.wikidata.org/wiki/Q116352103,https://www.wikidata.org/wiki/Q327071,http://vocab.getty.edu/page/ulan/500017620
1929,Chamber Table,Chamber table,1650–1700,,,,"Oak, pine, maple",34 1/4 x 28 x 15 3/4 in. (87 x 71.1 x 40 cm),American,United States,New England,Hingham,,,,,,,,The American Wing,,,False,True,https://www.metmuseum.org/art/collection/search/1929,https://images.metmuseum.org/CRDImages/ad/original/85J_ACF3106R6.jpg,3,https://www.wikidata.org/wiki/Q116371883,,
204271,Manger (from a nativity),Statuette,18th century (?),,,,"Wood, polychromed and gilded",L. 3 3/4 in. (9.5 cm.),Ecuadorian,Ecuador,,,,,,,,,,The American Wing,,,False,True,https://www.metmuseum.org/art/collection/search/204271,https://images.metmuseum.org/CRDImages/ad/original/SF64_164_175_img4.jpg,3,https://www.wikidata.org/wiki/Q116374032,,
7815,Spoon,Spoon,ca. 1750,,,,Silver,L. 8 1/8 in. (20.6 cm),American,United States,New England,Newport,,John Tanner,Maker,American,1713,1785,,The American Wing,,1713–1785,False,True,https://www.metmuseum.org/art/collection/search/7815,https://images.metmuseum.org/CRDImages/ad/original/DP253988.jpg,2,https://www.wikidata.org/wiki/Q116350757,,
5110,Medal of James Knox Polk,Medal,1849,,,,Bronze,Diam. 2 7/16 in. (6.2 cm),,,,,Men|Portraits|Profiles,Franklin Peale,Maker,,1795,1870,,The American Wing,,1795–1870,False,True,https://www.metmuseum.org/art/collection/search/5110,https://images.metmuseum.org/CRDImages/ad/original/LC-83_2_434-001.jpg,1,,https://www.wikidata.org/wiki/Q16065669,
975,Bread Plate,Bread plate,1785–90,,,,Porcelain,Diam. 6 1/4 in. (15.9 cm),"Chinese, for American market",China,,,Birds|Flowers|Coat of Arms,,,,,,,The American Wing,,,False,True,https://www.metmuseum.org/art/collection/search/975,https://images.metmuseum.org/CRDImages/ad/original/DP258638.jpg,0,https://www.wikidata.org/wiki/Q116372636,,
13100,"Old Pat, the Independent Beggar",Painting,ca. 1819,,,,Oil on wood,19 7/8 x 14 3/4 in. (50.5 x 37.5 cm),American,,,,Men|Portraits,Samuel Lovett Waldo,Artist,American,1783,1861,,The American Wing,,1783–1861,False,True,https://www.metmuseum.org/art/collection/search/13100,https://images.metmuseum.org/CRDImages/ad/original/ap04.29.3.jpg,0,https://www.wikidata.org/wiki/Q19924756,https://www.wikidata.org/wiki/Q390073,http://vocab.getty.edu/page/ulan/500026386
1829,Side Chair,Side Chair,ca. 1735–60,,,,"Painted maple, pine; crewel wool, linen",43 1/4 x 21 1/4 x 20 in. (109.9 x 54 x 50.8 cm),American,United States,New England,Wallingford,Squirrels|Flowers|Trees,,,,,,,The American Wing,,,False,True,https://www.metmuseum.org/art/collection/search/1829,https://images.metmuseum.org/CRDImages/ad/original/DP-27974-001.jpg,9,,,
9739,Slop Bowl,Slop bowl,1800–1815,,,,Porcelain,H. 2 3/8 in. (6 cm); Diam. 5 1/2 in. (14 cm),Chinese,China,,,Eagles,,,,,,,The American Wing,,,False,True,https://www.metmuseum.org/art/collection/search/9739,https://images.metmuseum.org/CRDImages/ad/original/129674.jpg,0,https://www.wikidata.org/wiki/Q116337819,,
2432,Covered Pitcher,Pitcher,1785–90,,,,Porcelain,H. 10 in. (25.4 cm),"Chinese, for American market",China,,,Birds|Coat of Arms,,,,,,,The American Wing,,,False,True,https://www.metmuseum.org/art/collection/search/2432,https://images.metmuseum.org/CRDImages/ad/original/DP258508.jpg,1,https://www.wikidata.org/wiki/Q116371415,,
4046,Glass Globe,Glass Globe,ca. 1895,,,,Glass,Diam. 5 15/16 in. (15.1 cm),,,,,,,,,,,,The American Wing,,,False,True,https://www.metmuseum.org/art/collection/search/4046,https://images.metmuseum.org/CRDImages/ad/original/177620.jpg,0,,,
16560,"Ledger Figures, Capt. Richard Black(y) Graham (from Sketchbook)",Drawing,1811–1893,,,,"Graphite, pen, ink, and watercolor on paper",Dimensions unavailable,American,,,,,John William Casilear,Artist,American,1811,1893,,The American Wing,,"American, New York 1811–1893 Saratoga Springs, New York",False,True,https://www.metmuseum.org/art/collection/search/16560,https://images.metmuseum.org/CRDImages/ad/original/263721.jpg,0,,https://www.wikidata.org/wiki/Q2700128,http://vocab.getty.edu/page/ulan/500013823
463,Bench,Bench,ca. 1880–1900,,,,Cast iron,38 1/2 x 33 1/4 x 19 in. (97.8 x 84.5 x 48.3 cm),American,United States,Mid-Atlantic,Brooklyn,,Peter Timmes,Maker,American,1878,1903,,The American Wing,,active 1878–1903,False,True,https://www.metmuseum.org/art/collection/search/463,https://images.metmuseum.org/CRDImages/ad/original/192565.jpg,1,,,
5180,Milk Pan,Milk pan,1830–70,,,,Free-blown glass,Diam. 6 1/4 in. (15.9 cm),American,United States,Mid-Atlantic,,,,,,,,,The American Wing,,,False,True,https://www.metmuseum.org/art/collection/search/5180,https://images.metmuseum.org/CRDImages/ad/original/ADA5043.jpg,0,https://www.wikidata.org/wiki/Q116365850,,
3695,Flask,Flask,1770–1800,,,,Blown pattern-molded lead glass,H. 5 1/2 in. (14 cm),American,United States,,,,,,,,,,The American Wing,,,False,True,https://www.metmuseum.org/art/collection/search/3695,https://images.metmuseum.org/CRDImages/ad/original/17423.jpg,0,https://www.wikidata.org/wiki/Q116370253,,
2026,Chest-on-chest,Chest-on-chest,1760–90,,,,"Mahogany, white pine, tulip poplar, chestnut",85 1/4 x 43 1/4 x 21 1/4 in. (216.5 x 109.9 x 54 cm),American,United States,New England,Newport,,,,,,,,The American Wing,,,False,True,https://www.metmuseum.org/art/collection/search/2026,https://images.metmuseum.org/CRDImages/ad/original/181088.jpg,0,,,
3758,Flower Holder,Flower holder,1700–1800,,,,Earthenware with slip decoration,H. 4 3/4 in. (12.1 cm),American,United States,Mid-Atlantic,,,,,,,,,The American Wing,,,False,True,https://www.metmuseum.org/art/collection/search/3758,https://images.metmuseum.org/CRDImages/ad/original/97259.jpg,0,https://www.wikidata.org/wiki/Q116370180,,
704683,"Photograph of George A. Schastey & Co., 1681-1683 Broadway",Photograph,ca. 1885,,,,Photograph,10 × 7 1/2 in. (25.4 × 19.1 cm),American,United States,Mid-Atlantic,New York,Buildings,George A. Schastey & Co.,Subject,American,1873,1897,,The American Wing,,"American, New York, 1873–1897",False,True,https://www.metmuseum.org/art/collection/search/704683,https://images.metmuseum.org/CRDImages/ad/original/DP350972.jpg,1,,,
7042,Salt,Salt,1830–40,,,,Lacy pressed blue glass,1 3/8 x 2 7/16 x 3 1/4 in. (3.5 x 6.2 x 8.3 cm),American,United States,New England,,,,,,,,,The American Wing,,,False,True,https://www.metmuseum.org/art/collection/search/7042,https://images.metmuseum.org/CRDImages/ad/original/153485.jpg,0,https://www.wikidata.org/wiki/Q116351705,,
9805,Whiskey Taster,Whiskey taster,1840–60,,,,Lacy pressed opalescent white opaque glass,H. 1 3/4 in. (4.4 cm),,,,,,,,,,,,The American Wing,,,False,True,https://www.metmuseum.org/art/collection/search/9805,https://images.metmuseum.org/CRDImages/ad/original/153420.jpg,0,https://www.wikidata.org/wiki/Q116335560,,
3390,Egg Cup,Egg cup,1830–70,,,,Pressed glass,H. 3 13/16 in. (9.7 cm),American,United States,,,,,,,,,,The American Wing,,,False,True,https://www.metmuseum.org/art/collection/search/3390,https://images.metmuseum.org/CRDImages/ad/original/DP236709.jpg,0,https://www.wikidata.org/wiki/Q116370481,,
11042,View of the Bay and City of New York from Weehawken,Painting,1840,,,,Oil on canvas,24 x 33 in. (61 x 83.8 cm),American,United States,,,Landscapes|New York City,Robert Havell Jr.,Artist,"American, born England",1793,1878,,The American Wing,,"American (born England), Reading 1793–1878 Tarrytown, New York",False,True,https://www.metmuseum.org/art/collection/search/11042,https://images.metmuseum.org/CRDImages/ad/original/ap54.90.32.jpg,2,https://www.wikidata.org/wiki/Q20174458,https://www.wikidata.org/wiki/Q2157495,http://vocab.getty.edu/page/ulan/500015081
13826,Piece,Woven piece,ca. 1850,,,,"Silk and linen, brocatelle woven",11 x 10 1/4 in. (27.9 x 26 cm),French or Italian,Italy,,,Flowers,,,,,,,The American Wing,,,False,True,https://www.metmuseum.org/art/collection/search/13826,https://images.metmuseum.org/CRDImages/ad/original/198665.jpg,0,,,
14171,Towel Cover,Towel,ca. 1876,,,,"Linen, woven",34 x 18 1/2 in. (86.4 x 47 cm),American,,,,,,,,,,,The American Wing,,,False,True,https://www.metmuseum.org/art/collection/search/14171,https://images.metmuseum.org/CRDImages/ad/original/205607.jpg,0,,,
343,Basin,Basin,1770–1800,,,,Pewter,H. 2 in. (5.1 cm); Diam. 6 1/4 in. (15.9 cm),American,United States,New England,Providence,,Gershom Jones,Maker,American,1751,1809,,The American Wing,,1751–1809,False,True,https://www.metmuseum.org/art/collection/search/343,https://images.metmuseum.org/CRDImages/ad/original/132032.jpg,0,https://www.wikidata.org/wiki/Q116373478,,
10435,The Roman Campagna,Painting,1864,,,,Oil on canvas,36 1/8 x 59 7/8 in. (91.8 x 152.1 cm),American,,,,Goats|Landscapes,John Gadsby Chapman,Artist,American,1808,1889,,The American Wing,,"American, Alexandria, Virginia 1808–1889 New York",False,True,https://www.metmuseum.org/art/collection/search/10435,https://images.metmuseum.org/CRDImages/ad/original/ap67.54.jpg,0,https://www.wikidata.org/wiki/Q19925803,https://www.wikidata.org/wiki/Q2659120,http://vocab.getty.edu/page/ulan/500012614
6532,Platter,Platter,ca. 1815–ca. 1842,,,,"Earthenware, transfer-printed",H. 12 1/2 in. (31.8 cm),British (American market),England,West Midlands,Stoke-on-Trent,Buildings|Cows|Trees,John Rogers & Son,Maker,,1812,1842,,The American Wing,,active ca. 1815–42,False,True,https://www.metmuseum.org/art/collection/search/6532,https://images.metmuseum.org/CRDImages/ad/original/148810.jpg,0,https://www.wikidata.org/wiki/Q116361969,,
14296,Chest,Chest,1780–90,,,,"Mahogany, white pine",36 x 42 x 24 in. (91.4 x 106.7 x 61 cm),American,United States,New England,Providence,,,,,,,,The American Wing,,,False,True,https://www.metmuseum.org/art/collection/search/14296,https://images.metmuseum.org/CRDImages/ad/original/DT6698.jpg,3,https://www.wikidata.org/wiki/Q116328792,,
7768,Spoon,Spoon,ca. 1800,,,,Silver,L. 8 3/4 in. (22.2 cm),American,United States,Mid-Atlantic,New York,,John Burger,Maker,American,1783,1807,,The American Wing,,active ca. 1786–1807,False,True,https://www.metmuseum.org/art/collection/search/7768,https://images.metmuseum.org/CRDImages/ad/original/97934.jpg,0,https://www.wikidata.org/wiki/Q116333495,,
10439,Baptism,Painting,1870s,,,,Oil on slate paper,6 1/8 x 9 1/4 in. (15.6 x 23.5 cm),American,,,,Men|Women|Rivers|Boats,William P. Chappel,Artist,American,1801,1878,,The American Wing,,"American, 1801–1878",False,True,https://www.metmuseum.org/art/collection/search/10439,https://images.metmuseum.org/CRDImages/ad/original/DP-1427-001.jpg,2,https://www.wikidata.org/wiki/Q20175724,https://www.wikidata.org/wiki/Q20822488,http://vocab.getty.edu/page/ulan/500524275
732,Footed Bowl,Bowl,1830–70,,,,Pressed glass,H. 2 1/2 in. (6.4 cm); Diam. 7 1/4 in. (18.4 cm),American,United States,,,,,,,,,,The American Wing,,,False,True,https://www.metmuseum.org/art/collection/search/732,https://images.metmuseum.org/CRDImages/ad/original/174244.jpg,0,https://www.wikidata.org/wiki/Q116373054,,
1877,Side Chair,Side Chair,ca. 1860,,,,"Maple, pine",37 3/4 x 20 3/4 x 17 1/2 in. (95.9 x 52.7 x 44.5 cm),American,United States,Mid-Atlantic,New York,,Léon Marcotte,Maker,French,1824,1887,,The American Wing,,1824–1887,False,True,https://www.metmuseum.org/art/collection/search/1877,https://images.metmuseum.org/CRDImages/ad/original/189238.jpg,0,,https://www.wikidata.org/wiki/Q1717331,http://vocab.getty.edu/page/ulan/500026799
19006,Wall anchor,Wall anchor,ca. 1740,,,,Wrought Iron,5 x 1 1/4 x 16 in. (12.7 x 3.2 x 40.6 cm),American,United States,Mid-Atlantic,,,,,,,,,The American Wing,,,False,True,https://www.metmuseum.org/art/collection/search/19006,https://images.metmuseum.org/CRDImages/ad/original/DP124043.jpg,1,,,
20064,Vase,Vase,ca. 1882–89,,,,Stoneware,5 7/8 x 2 13/16 in. (14.9 x 7.1 cm),American,United States,New England United States,Chelsea,,Chelsea Keramic Art Works,Manufacturer,American,1872,1889,,The American Wing,,1872–1889,False,True,https://www.metmuseum.org/art/collection/search/20064,https://images.metmuseum.org/CRDImages/ad/original/ellison-137-marks.jpg,0,https://www.wikidata.org/wiki/Q116393821,,
2808,Cup,Cup,1740–50,,,,Stoneware,H. 2 1/2 in. (6.4 cm); Diam. 2 1/2 in. (6.4 cm),British (American market),England,West Midlands,,Birds|Men,,,,,,,The American Wing,,,False,True,https://www.metmuseum.org/art/collection/search/2808,https://images.metmuseum.org/CRDImages/ad/original/136402.jpg,0,,,
14454,"The Fable of the Miller, His Son and the Donkey  No. 3",Drawing,1860–61,,,,Graphite on paper,3 5/16 x 5 11/16 in. (8.4 x 14.4 cm),American,,,,Houses|Men|Donkeys,Elihu Vedder,Artist,American,1836,1923,,The American Wing,,"American, New York 1836–1923 Rome",False,True,https://www.metmuseum.org/art/collection/search/14454,https://images.metmuseum.org/CRDImages/ad/original/ap1992.136.3.jpg,1,,https://www.wikidata.org/wiki/Q389726,http://vocab.getty.edu/page/ulan/500032587
14779,Plate,Plate,ca. 1884–90,,,,Porcelain,Diam. 8 3/4 in. (22.2 cm),American,United States,Mid-Atlantic,Trenton,Dragonflies|Water Lilies,Ott and Brewer,Maker,American,1871,1893,,The American Wing,,"American, Trenton, New Jersey, 1871–1893",False,True,https://www.metmuseum.org/art/collection/search/14779,https://images.metmuseum.org/CRDImages/ad/original/DP229063.jpg,2,https://www.wikidata.org/wiki/Q116329917,,
6176,Plate,Plate,ca. 1839–ca. 1840,,,,"Earthenware, transfer-printed",Diam. 7 1/2 in. (19.1 cm),British (American market),England,West Midlands,,Houses|Farmers,John Ridgway,Maker,,1827,1840,,The American Wing,,active ca. 1830–40,False,True,https://www.metmuseum.org/art/collection/search/6176,https://images.metmuseum.org/CRDImages/ad/original/24414.jpg,0,https://www.wikidata.org/wiki/Q116364733,,
15101,Portrait of a Child,"Painting, miniature",1842,,,,Watercolor on ivory,2 x 1 5/8 in. (5 x 4.2 cm),American,,,,Children|Portraits,William Lydston Jr.,Artist,American,1813,1881,,The American Wing,,ca. 1813–1881,False,True,https://www.metmuseum.org/art/collection/search/15101,https://images.metmuseum.org/CRDImages/ad/original/APS6714.jpg,0,https://www.wikidata.org/wiki/Q20172240,https://www.wikidata.org/wiki/Q22669652,
13946,Hooked Rug,Rug,1850–1900,,,,Wool,63 x 29 1/2 in. (160 x 74.9 cm),American,United States,Mid-Atlantic,,Flowers,,,,,,,The American Wing,,,False,True,https://www.metmuseum.org/art/collection/search/13946,https://images.metmuseum.org/CRDImages/ad/original/AR251.jpg,2,,,
5373,Cann,Cann,ca. 1810,,,,Silver,"Overall: 6 x 6 3/8 in. (15.2 x 16.2 cm); 16 oz. 17 dwt. (524.5 g)
Lip: Diam. 3 3/4 in. (9.5 cm)
Foot: Diam. 4 in. (10.2 cm)",American,United States,New England,Boston,,Alfred Welles,Maker,American,1783,1869,,The American Wing,,1783–1869,False,True,https://www.metmuseum.org/art/collection/search/5373,https://images.metmuseum.org/CRDImages/ad/original/DP105866.jpg,1,https://www.wikidata.org/wiki/Q116365657,,
13021,"To Cyrus W. Field from New York Friends, for Laying the First Atlantic Cable",Medal,1858,,,,Copper and gold leaf,Diam. 2 in. (5.1 cm),American,,,,Transatlantic Cable,George Hampden Lovett,Artist,American,1824,1894,,The American Wing,,1824–1894,False,True,https://www.metmuseum.org/art/collection/search/13021,https://images.metmuseum.org/CRDImages/ad/original/AW_92_10_97b.jpg,1,,,
13351,"Broad, Silent Valley",Painting,ca. 1880–87,,,,Oil on canvas,60 5/8 x 50 1/2 in. (154 x 128.3 cm),American,,,,Landscapes,Alexander H. Wyant,Artist,American,1836,1892,,The American Wing,,1836–1892,False,True,https://www.metmuseum.org/art/collection/search/13351,https://images.metmuseum.org/CRDImages/ad/original/ap06.1306.jpg,0,https://www.wikidata.org/wiki/Q20172015,https://www.wikidata.org/wiki/Q2833132,http://vocab.getty.edu/page/ulan/500000707
14310,Christopher Grant Perry,"Painting, miniature",1840,,,,Watercolor on ivory,3 1/2 x 2 3/4 in. (8.9 x 7 cm),American,,,,Men|Portraits,Richard Morrell Staigg,Artist,American,1817,1881,,The American Wing,,1817–1881,False,True,https://www.metmuseum.org/art/collection/search/14310,https://images.metmuseum.org/CRDImages/ad/original/DP105573.jpg,0,https://www.wikidata.org/wiki/Q19924983,https://www.wikidata.org/wiki/Q7327902,http://vocab.getty.edu/page/ulan/500013689
702901,Fish Slice,Fish Slice,ca. 1872,,,,Silver,"12 1/4 in., 3.103 Troy Ounces (31.1 cm, 96.5g)",American,United States,Western,San Francisco,,Schulz & Fischer,Maker,American,1868,1887,,The American Wing,,"American, 1868–1887",False,True,https://www.metmuseum.org/art/collection/search/702901,https://images.metmuseum.org/CRDImages/ad/original/DP-15526-002.jpg,0,https://www.wikidata.org/wiki/Q116444569,,
635401,The Virgin of Guadalupe with the Four Apparitions,Painting,1773,,,,Oil on copper,"22 1/4 × 16 1/2 in. (56.5 × 41.9 cm)
Framed: 25 1/4 × 19 7/8 × 1 3/8 in. (64.1 × 50.5 × 3.5 cm)",Mexican,,,,Men|Virgin Mary,Nicolás Enríquez,Artist,Mexican,1704,1795,,The American Wing,,"Mexican, 1704–1790",True,True,https://www.metmuseum.org/art/collection/search/635401,https://images.metmuseum.org/CRDImages/ad/original/DP356939.jpg,1,https://www.wikidata.org/wiki/Q19923997,https://www.wikidata.org/wiki/Q18203214,
16586,Mantel,Mantel,ca. 1825–30,,,,Marble,52 1/2 x 68 3/16 x 9 7/8 in. (133.4 x 173.2 x 25.1 cm),Italian,Italy,,,,,,,,,,The American Wing,,,False,True,https://www.metmuseum.org/art/collection/search/16586,https://images.metmuseum.org/CRDImages/ad/original/DP205019.jpg,2,https://www.wikidata.org/wiki/Q96162088,,
823659,Chief's blanket,Blanket,1855–60,,,,Wool,62 × 73 1/2 in. (157.5 × 186.7 cm),Diné/Navajo,,,,,Unidentified,Artist,,,,,The American Wing,,,True,True,https://www.metmuseum.org/art/collection/search/823659,https://images.metmuseum.org/CRDImages/ad/original/DP-17952-001.jpg,1,https://www.wikidata.org/wiki/Q104413145,,
14926,Woven carpet piece,Carpet,ca. 1885,,,,Wool,35 1/2 x 75 5/8 in. (90.2 x 192.1 cm),American,,,,Flowers,,,,,,,The American Wing,,,False,True,https://www.metmuseum.org/art/collection/search/14926,https://images.metmuseum.org/CRDImages/ad/original/DP168677.jpg,0,,,
16898,"Study for ""The Agony in the Garden""",Drawing,1803–1889,,,,Graphite on off-white wove paper,9 5/8 x 13 13/16 in. (24.4 x 35.1 cm),American,,,,Human Figures,Robert Walter Weir,Artist,American,1803,1889,,The American Wing,,"American, New Rochelle, New York 1803–1889 New York",False,True,https://www.metmuseum.org/art/collection/search/16898,https://images.metmuseum.org/CRDImages/ad/original/ap1973.209 verso.jpg,1,,https://www.wikidata.org/wiki/Q3695965,http://vocab.getty.edu/page/ulan/500032615
191598,Scenes of the Passion,Triptych,16th century,,,,"Boxwood, feathers, gold, enamel",1-3/4 x 1-3/4 in.  (4.4 x 4.4 cm),possibly Mexican,Spain,,,Christ|Bearing the Cross|Crucifixion,,,,,,,The American Wing,,,True,True,https://www.metmuseum.org/art/collection/search/191598,https://images.metmuseum.org/CRDImages/ad/original/ES5848.jpg,1,https://www.wikidata.org/wiki/Q104413011,,
11537,"Village on Lake Como: May 1, 1869 (verso, from sketchbook)",Drawing,1869,,,,"Graphite, white gouache, on blue paper",4 1/2 x 9 in. (11.4 x 22.9 cm),American,,,,Villages|Lakes|Landscapes,Jervis McEntee,Artist,American,1828,1891,,The American Wing,,"American, Rondout, New York 1828–1891 Rondout, New York",False,True,https://www.metmuseum.org/art/collection/search/11537,https://images.metmuseum.org/CRDImages/ad/original/257745.jpg,0,https://www.wikidata.org/wiki/Q19924030,https://www.wikidata.org/wiki/Q2580100,http://vocab.getty.edu/page/ulan/500024287
15187,Portrait of a Gentleman,"Painting, miniature",1821,,,,Watercolor on ivory,2 1/16 x 1 5/8 in. (5.2 x 4.2 cm),American,,,,Men|Portraits,William P. Sheys,Artist,American,1767,1867,,The American Wing,,active 1813–21,False,True,https://www.metmuseum.org/art/collection/search/15187,https://images.metmuseum.org/CRDImages/ad/original/APS6696.jpg,0,https://www.wikidata.org/wiki/Q19924498,https://www.wikidata.org/wiki/Q21993988,http://vocab.getty.edu/page/ulan/500077638
4162,Furniture Hardware,Furniture hardware,1820–30,,,,Gilt brass,H. 2 1/2 in. (6.4 cm),,France,,,,Henry Kellam Hancock,Retailer,,1816,1851,,The American Wing,,1816–1851,False,True,https://www.metmuseum.org/art/collection/search/4162,https://images.metmuseum.org/CRDImages/ad/original/ADA6273.jpg,0,https://www.wikidata.org/wiki/Q116372156,,
2979,Curtain Knob,Curtain knob,1800–1900,,,,"Brass, glass, wood",Diam. 5 1/4 in. (13.3 cm),American or British,England,,,,,,,,,,The American Wing,,,False,True,https://www.metmuseum.org/art/collection/search/2979,https://images.metmuseum.org/CRDImages/ad/original/118719.jpg,0,https://www.wikidata.org/wiki/Q116391639,,
9053,Tumbler,Tumbler,1880–87,,,,"Blown cranberry glass, two-piece mold",H. 3 13/16 in. (9.7 cm); Diam. 2 9/16 in. (6.5 cm),American,United States,Southern,Wheeling,,"Hobbs, Brockunier and Company",Maker,American,1863,1891,,The American Wing,,1863–1891,False,True,https://www.metmuseum.org/art/collection/search/9053,https://images.metmuseum.org/CRDImages/ad/original/ADA5547.jpg,0,https://www.wikidata.org/wiki/Q116333451,https://www.wikidata.org/wiki/Q16997505,http://vocab.getty.edu/page/ulan/500330432
1836,Side Chair,Side Chair,ca. 1843,,,,"Applewood or pearwood, ebonized walnut, beech",38 1/2 x 23 1/4 x 26 1/8 in. (97.8 x 59.1 x 66.4 cm),American or French,France,Île-de-France,Paris,,Auguste-Emile Rinquet-Leprince,Maker,French,1801,1886,,The American Wing,,1801–1886,False,True,https://www.metmuseum.org/art/collection/search/1836,https://images.metmuseum.org/CRDImages/ad/original/ADA3270.jpg,0,,,
8383,Teapot,Teapot,ca. 1740,,,,Silver,"Overall: 5 1/4 x 7 5/8 x 4 1/4 in. (13.3 x 19.4 x 10.8 cm); 14 oz. 2 dwt. (438.2 g)
Foot: Diam. 3 5/8 in. (9.2 cm)",American,United States,Mid-Atlantic,Philadelphia,,Joseph Richardson Sr.,Maker,American,1711,1784,,The American Wing,,1711–1784,False,True,https://www.metmuseum.org/art/collection/search/8383,https://images.metmuseum.org/CRDImages/ad/original/DP164164.jpg,1,https://www.wikidata.org/wiki/Q116344998,https://www.wikidata.org/wiki/Q68498026,(not assigned)
215262,Handkerchief,Handkerchief,19th century,,,,Bobbin lace,"L. 16 x W. 15 1/2 inches
40.6 x 39.4 cm",Mexican,Mexico,,,,,,,,,,The American Wing,,,False,True,https://www.metmuseum.org/art/collection/search/215262,https://images.metmuseum.org/CRDImages/ad/original/DP2895.jpg,1,,,
7003,Salt,Salt,1830–40,,,,Pressed glass,Dimensions unavailable,American,United States,New England,Sandwich,,Boston & Sandwich Glass Company,Manufacturer,American,1825,1888,,The American Wing,,"American, 1825–1888, Sandwich, Massachusetts",False,True,https://www.metmuseum.org/art/collection/search/7003,https://images.metmuseum.org/CRDImages/ad/original/DP207340.jpg,0,https://www.wikidata.org/wiki/Q116351805,https://www.wikidata.org/wiki/Q4948224,http://vocab.getty.edu/page/ulan/500334773
21483,Champagne flute,Champagne flute,1824–35,,,,blown and cut glass,4 7/8 in. (12.4 cm); Diam . 2 7/8 (7.3 cm),American,United States,Mid-Atlantic,Jersey City,,Jersey Glass Company of George Dummer,Manufacturer,American,1824,1862,,The American Wing,,1824–1862,False,True,https://www.metmuseum.org/art/collection/search/21483,https://images.metmuseum.org/CRDImages/ad/original/DP299970.jpg,0,https://www.wikidata.org/wiki/Q116325283,https://www.wikidata.org/wiki/Q6184867,(not assigned)
10076,James Topham Brady,Painting,1869,,,,Oil on canvas,30 x 25 in. (76.2 x 63.5 cm),American,,,,Men|Portraits,Joseph Alexander Ames,Artist,American,1816,1872,,The American Wing,,1816–1872,False,True,https://www.metmuseum.org/art/collection/search/10076,https://images.metmuseum.org/CRDImages/ad/original/ap10.106.jpg,0,https://www.wikidata.org/wiki/Q19924611,https://www.wikidata.org/wiki/Q1581203,http://vocab.getty.edu/page/ulan/500018722
13270,Female Nude with a Fan,Drawing,1834–1903,,,,Conté crayon and white chalk on brown wove paper,11 1/4 x 7 1/8 in. (28.6 x 18.1 cm),American,,,,Fans|Female Nudes,James McNeill Whistler,Artist,American,1834,1903,,The American Wing,,"American, Lowell, Massachusetts 1834–1903 London",False,True,https://www.metmuseum.org/art/collection/search/13270,https://images.metmuseum.org/CRDImages/ad/original/121652.jpg,0,,https://www.wikidata.org/wiki/Q203643,http://vocab.getty.edu/page/ulan/500012432
219900,Sampler,Sampler,19th century,,,,Embroidered linen,"H. 8 1/4 x W. 4 7/8 inches
21 x 12.4 cm",Mexican,Mexico,,,,,,,,,,The American Wing,,,False,True,https://www.metmuseum.org/art/collection/search/219900,https://images.metmuseum.org/CRDImages/ad/original/DP750.jpg,1,,,
11938,Still Life: Flowers and Fruit,Painting,1850–55,,,,Oil on canvas,40 x 50 3/8 in. (101.6 x 128 cm),American,,,,Fruit|Flowers|Still Life|Eggs,Severin Roesen,Artist,American,1816,1872,,The American Wing,,"American (born Prussia), Boppard-am-Rhein 1816–72?",False,True,https://www.metmuseum.org/art/collection/search/11938,https://images.metmuseum.org/CRDImages/ad/original/DT2133.jpg,0,https://www.wikidata.org/wiki/Q19924124,https://www.wikidata.org/wiki/Q88498,http://vocab.getty.edu/page/ulan/500030413
8204,Tankard,Tankard,1740–50,,,,Silver,"Overall: 6 5/8 x 7 5/16 in. (16.8 x 18.6 cm); 27 oz. 8 dwt. (852.9 g)
Lip: Diam. 4 1/8 in. (10.5 cm)
Base: Diam. 4 15/16 in. (12.5 cm)",American,United States,Mid-Atlantic,New York,,John Hastier,Maker,American,1691,1771,,The American Wing,,1691–1771,False,True,https://www.metmuseum.org/art/collection/search/8204,https://images.metmuseum.org/CRDImages/ad/original/DP104452.jpg,3,https://www.wikidata.org/wiki/Q116334506,,
319029,Club (skullcracker),Club,1870–75,,,,"Stone, wood, rawhide, sinew",H. 26 1/2 x W. 5 in. (67.3 x 12.7 cm),Central Plains Sioux,United States,,,Weapons,,,,,,,The American Wing,,,False,True,https://www.metmuseum.org/art/collection/search/319029,https://images.metmuseum.org/CRDImages/ad/original/DT262526.jpg,1,,,
7573,Soap Dish,Soap dish,1800–1900,,,,Porcelain,1 7/8 x 3 1/8 x 3 7/8 in. (4.8 x 7.9 x 9.8 cm),,China,,,,,,,,,,The American Wing,,,False,True,https://www.metmuseum.org/art/collection/search/7573,https://images.metmuseum.org/CRDImages/ad/original/10321.jpg,0,,,
682999,Medium drinking vessel,Drinking vessel,ca. 1855,,,,Glass,5 5/8 in. (14.3 cm),American,United States,Mid-Atlantic,New York,,Brooklyn Flint Glass Company,Manufacturer,American,1824,1868,,The American Wing,,"American, Brooklyn, New York, 1824–1868",False,True,https://www.metmuseum.org/art/collection/search/682999,https://images.metmuseum.org/CRDImages/ad/original/DP704332.jpg,0,https://www.wikidata.org/wiki/Q116298052,,
7346,Sconce,Sconce,1800–1820,,,,"Gilt gesso, wood, wire",17 x 15 3/4 in. (43.2 x 40 cm),American or British,England,,,Cornucopia|Flowers,,,,,,,The American Wing,,,False,True,https://www.metmuseum.org/art/collection/search/7346,https://images.metmuseum.org/CRDImages/ad/original/138341.jpg,0,https://www.wikidata.org/wiki/Q116342945,,
5338,Mug,Mug,ca. 1740,,,,Silver,"Overall: 3 9/16 x 5 7/16 in. (9 x 13.8 cm); 8 oz. 13 dwt. (268.9 g)
Lip: Diam. 3 5/16 in. (8.4 cm)
Foot: Diam. 3 1/2 in. (8.9 cm)",American,United States,Mid-Atlantic,New York,,George Fielding,Maker,American,1728,1765,,The American Wing,,active ca. 1731–65,False,True,https://www.metmuseum.org/art/collection/search/5338,https://images.metmuseum.org/CRDImages/ad/original/DP107211.jpg,1,https://www.wikidata.org/wiki/Q116365716,,
1773,Side Chair,Side Chair,ca. 1860,,,,"Ebonized maple, brass, gilded brass, reproduction upholstery",37 3/16 x 21 x 19 1/2 in. (94.5 x 53.3 x 49.5 cm),American,United States,Mid-Atlantic,New York,,Léon Marcotte,Maker,French,1824,1887,,The American Wing,,1824–1887,False,True,https://www.metmuseum.org/art/collection/search/1773,https://images.metmuseum.org/CRDImages/ad/original/262356.jpg,1,https://www.wikidata.org/wiki/Q116371961,https://www.wikidata.org/wiki/Q1717331,http://vocab.getty.edu/page/ulan/500026799
319048,Doll's Wrapper,Doll wrapper,1790–1890,,,,Birchbark,H. 1 1/4 x W. 2 7/8 in. (3.2 x 7.3 cm),Mesquakie or Potawatomi,United States,,,,,,,,,,The American Wing,,,False,True,https://www.metmuseum.org/art/collection/search/319048,https://images.metmuseum.org/CRDImages/ad/original/TR.165.35.2011_c.JPG,0,,,
11621,Great-Grand-Father's Tale of the Revolution—A Portrait of Reverend Zachariah Greene,Painting,1852,,,,Oil on canvas,24 x 20 in. (61 x 50.8 cm),American,,,,Boys|Girls|Men|Portraits,William Sidney Mount,Artist,American,1807,1868,,The American Wing,,"American, Setauket, New York 1807–1868 Setauket, New York",False,True,https://www.metmuseum.org/art/collection/search/11621,https://images.metmuseum.org/CRDImages/ad/original/DT7719.jpg,0,https://www.wikidata.org/wiki/Q20172557,https://www.wikidata.org/wiki/Q45431,http://vocab.getty.edu/page/ulan/500017404
14126,"Outline of Trees, Figure, and Canoe (from Sketchbook X)",Drawing,1885,,,,Graphite on off-white wove paper,5 x 7 1/2 in. (12.7 x 19.1 cm),American,,,,Trees|Boats,William Trost Richards,Artist,American,1833,1905,,The American Wing,,"American, Philadelphia, Pennsylvania 1833–1905 Newport, Rhode Island",False,True,https://www.metmuseum.org/art/collection/search/14126,https://images.metmuseum.org/CRDImages/ad/original/257700.jpg,0,,https://www.wikidata.org/wiki/Q1985982,http://vocab.getty.edu/page/ulan/500014455
4774,Lemonade Glass,Lemonade glass,ca. 1880,,,,"Blown glass, threaded",5 5/16 x 2 7/16 x 3 3/16 in. (13.5 x 6.2 x 8.1 cm),American,United States,New England,Sandwich,Flowers,Boston & Sandwich Glass Company,Maker,American,1825,1888,,The American Wing,,"American, 1825–1888, Sandwich, Massachusetts",False,True,https://www.metmuseum.org/art/collection/search/4774,https://images.metmuseum.org/CRDImages/ad/original/ADA5799.jpg,0,https://www.wikidata.org/wiki/Q116366270,https://www.wikidata.org/wiki/Q4948224,http://vocab.getty.edu/page/ulan/500334773
4001,Fragment,Fragment,18th century,,,,Free-blown non-lead glass,2 1/8 x 9/16 in. (5.4 x 1.4 cm),American,United States,Mid-Atlantic,Wistarburg,,,,,,,,The American Wing,,,False,True,https://www.metmuseum.org/art/collection/search/4001,https://images.metmuseum.org/CRDImages/ad/original/112938.jpg,0,https://www.wikidata.org/wiki/Q116367776,,
214310,Woman's wedding mantle (lliclla) with interlace and tocapu design,Mantle,late 16th–early 17th century,,,,"Tapestry weave, cotton warp and camelid weft",Overall: 50 1/2 x 45 1/2in. (128.3 x 115.6cm),Peruvian,Peru,,,Birds,,,,,,,The American Wing,,,False,True,https://www.metmuseum.org/art/collection/search/214310,https://images.metmuseum.org/CRDImages/ad/original/DP265667.jpg,1,,,
591,Bottle,Bottle,1820–40,,,,Blown molded glass,H. 6 in. (15.2 cm),American,United States,,,,,,,,,,The American Wing,,,False,True,https://www.metmuseum.org/art/collection/search/591,https://images.metmuseum.org/CRDImages/ad/original/22990.jpg,0,https://www.wikidata.org/wiki/Q116373210,,
16614,Bearded Cleric (from Sketchbook),Drawing,1810–20,,,,"Ink, wash, on paper",9 x 11 1/2 in. (22.9 x 29.2 cm),American,,,,Men,Thomas Sully,Artist,American,1783,1872,,The American Wing,,"American, Horncastle, Lincolnshire 1783–1872 Philadelphia, Pennsylvania",False,True,https://www.metmuseum.org/art/collection/search/16614,https://images.metmuseum.org/CRDImages/ad/original/266444.jpg,0,,https://www.wikidata.org/wiki/Q786545,http://vocab.getty.edu/page/ulan/500006873
3608,Finger Bowl,Finger bowl,1815–50,,,,Blown pattern-molded glass,H. 3 7/8 in. (9.8 cm); Diam. 4 7/8 in. (12.4 cm),American or British,England,,,,,,,,,,The American Wing,,,False,True,https://www.metmuseum.org/art/collection/search/3608,https://images.metmuseum.org/CRDImages/ad/original/216696.jpg,0,https://www.wikidata.org/wiki/Q116370329,,
7229,Saucer,Saucer,1770–1800,,,,Porcelain,Diam. 5 3/4 in. (14.6 cm),Chinese,China,,,Birds|Coat of Arms,,,,,,,The American Wing,,,False,True,https://www.metmuseum.org/art/collection/search/7229,https://images.metmuseum.org/CRDImages/ad/original/DP264532.jpg,0,https://www.wikidata.org/wiki/Q116343907,,
4412,Hurricane Shade,Hurricane shade,ca. 1825,,,,Free-blown glass,H. 21 3/4 in. (55.2 cm); Diam. 8 3/4 in. (22.2 cm),American,United States,Mid-Atlantic,Baltimore,,,,,,,,The American Wing,,,False,True,https://www.metmuseum.org/art/collection/search/4412,https://images.metmuseum.org/CRDImages/ad/original/182104.jpg,0,https://www.wikidata.org/wiki/Q116367156,,
8116,Table Spoon,Spoon,ca. 1725,,,,Silver,L. 8 1/4 in. (21 cm),American,United States,Mid-Atlantic,Philadelphia,,Henry Pratt,Maker,American,1709,1749,,The American Wing,,1709–1749,False,True,https://www.metmuseum.org/art/collection/search/8116,https://images.metmuseum.org/CRDImages/ad/original/138838.jpg,3,https://www.wikidata.org/wiki/Q116340410,,
1053,Butter Mold,Butter mold,ca. 1790,,,,Cherry,H. 3 in. (7.6 cm); Diam. 4 1/2 in. (11.4 cm),American,United States,Mid-Atlantic,,,,,,,,,The American Wing,,,False,True,https://www.metmuseum.org/art/collection/search/1053,https://images.metmuseum.org/CRDImages/ad/original/97167.jpg,0,https://www.wikidata.org/wiki/Q116372589,,
20142,Plaque,Plaque,ca. 1880,,,,Earthenware,12 3/16 x 18 5/8 in. (31 x 47.3 cm),American,United States,Mid-Atlantic United States,the Bronx,Cows|Landscapes,Charles Volkmar,Maker,American,1841,1914,,The American Wing,,"American, Baltimore, Maryland 1841–1914 Metuchen, New Jersey",False,True,https://www.metmuseum.org/art/collection/search/20142,https://images.metmuseum.org/CRDImages/ad/original/L.2009.22.11.jpg,1,https://www.wikidata.org/wiki/Q116393857,https://www.wikidata.org/wiki/Q20963023,http://vocab.getty.edu/page/ulan/500048251
7958,Sugar Bowl,Sugar bowl,1777–90,,,,Pewter,H. 3 7/8 in. (9.8 cm),American,United States,New England,Wethersfeild,,"Thomas Danforth, III",Maker,American,1756,1840,,The American Wing,,1756–1840,False,True,https://www.metmuseum.org/art/collection/search/7958,https://images.metmuseum.org/CRDImages/ad/original/123900.jpg,1,https://www.wikidata.org/wiki/Q116343558,,
10324,Sketch of House and Canal (Possibly in Venice),Drawing,1841–1897,,,,Black ink and graphite on off-white wove paper,13 x 9 3/4 in. (33 x 24.8 cm),American,,,,Houses|Women|Canals|Venice,Andrew Fisher Bunner,Artist,American,1841,1897,,The American Wing,,1841–1897,False,True,https://www.metmuseum.org/art/collection/search/10324,https://images.metmuseum.org/CRDImages/ad/original/ap99.38.22.jpg,1,,https://www.wikidata.org/wiki/Q21985212,http://vocab.getty.edu/page/ulan/500021243
16745,Vase,Vase,ca. 1815–20,,,,Porcelain,13 3/8 x 10 x 7 5/8 in. (34 x 25.4 x 19.4 cm),French,France,Île-de-France,Paris,Animals|Landscapes,Marc Schoelcher,Manufacturer,French,1798,1834,,The American Wing,,established 1798–1834,False,True,https://www.metmuseum.org/art/collection/search/16745,https://images.metmuseum.org/CRDImages/ad/original/aps2424.jpg,2,https://www.wikidata.org/wiki/Q83559979,,
2390,Covered goblet,Goblet,1788,,,,Blown and engraved glass,H. 11 1/4 in. (28.6 cm),American,United States,Mid-Atlantic,New Bremen,Coat of Arms,New Bremen Glass Manufactory,Maker,,1784,1795,,The American Wing,,1784–1795,True,True,https://www.metmuseum.org/art/collection/search/2390,https://images.metmuseum.org/CRDImages/ad/original/DT187.jpg,0,https://www.wikidata.org/wiki/Q29382904,https://www.wikidata.org/wiki/Q4742351,http://vocab.getty.edu/page/ulan/500331795
8679,Toby Pitcher,Toby pitcher,1830–70,,,,Mottled brown earthenware,H. 6 1/4 in. (15.9 cm); Diam. 5 1/8 in. (13 cm),American,United States,New England,Bennington,Men,"Lyman, Fenton & Co.",Maker,American,1849,1849,,The American Wing,,1849–52,False,True,https://www.metmuseum.org/art/collection/search/8679,https://images.metmuseum.org/CRDImages/ad/original/DP253047.jpg,1,https://www.wikidata.org/wiki/Q116340636,,
2598,Creamer,Cream pot,1780–1825,,,,Blown pattern-molded non-lead glass,H. 4 7/8 in. (12.4 cm),American,United States,Midwest,,,,,,,,,The American Wing,,,False,True,https://www.metmuseum.org/art/collection/search/2598,https://images.metmuseum.org/CRDImages/ad/original/ADA4082.jpg,0,https://www.wikidata.org/wiki/Q116371197,,
20486,Scroll back side chair,Side chair,1810–15,,,,Mahogany,33 x 19 x 21 1/2 in. (83.8 x 48.3 x 54.6 cm),American,,Mid-Atlantic,,,Duncan Phyfe,Maker,"American, born Scotland",1770,1854,,The American Wing,,"American (born Scotland), near Lock Fannich, Ross-Shire, Scotland 1768/1770–1854 New York",False,True,https://www.metmuseum.org/art/collection/search/20486,https://images.metmuseum.org/CRDImages/ad/original/DP232420.jpg,0,,https://www.wikidata.org/wiki/Q3041258,http://vocab.getty.edu/page/ulan/500082047
319016,Business Bundle Figure,Doll,1790–1890,,,,Wood,H. 6 1/2 x W. 1 1/2 in. (16.5 x 3.8 cm),Mesquakie or Potawatomi,United States,,,Male Nudes,,,,,,,The American Wing,,,False,True,https://www.metmuseum.org/art/collection/search/319016,https://images.metmuseum.org/CRDImages/ad/original/TR.165.35.2011_b1.JPG,1,,,
16099,"Hudson Towards Fishkill Landing, 1871 (from Sketchbook)",Drawing,ca. 1870,,,,Graphite on paper,5 1/2 x 8 3/4 in. (14 x 22.2 cm),American,,,,Hills|Trees,Daniel Huntington,Artist,American,1816,1906,,The American Wing,,"American, New York 1816–1906 New York",False,True,https://www.metmuseum.org/art/collection/search/16099,https://images.metmuseum.org/CRDImages/ad/original/264334.jpg,0,,https://www.wikidata.org/wiki/Q323987,http://vocab.getty.edu/page/ulan/500017937
4812,Escutcheon,Escutcheon,1730–70,,,,Wrought iron,H. 6 5/16 in. (16 cm),American,United States,Mid-Atlantic,,,,,,,,,The American Wing,,,False,True,https://www.metmuseum.org/art/collection/search/4812,https://images.metmuseum.org/CRDImages/ad/original/146102.jpg,0,,,
11679,Cameo of a Gentleman,Cameo,ca. 1850,,,,Plaster,1 7/8 x 1 3/8 in. (4.8 x 3.5 cm),American,,,,Men|Portraits|Profiles,Erastus Dow Palmer,Artist,American,1817,1904,,The American Wing,,"American, Pompey, New York 1817–1904 Albany, New York",False,True,https://www.metmuseum.org/art/collection/search/11679,https://images.metmuseum.org/CRDImages/ad/original/232069.jpg,1,,https://www.wikidata.org/wiki/Q5385009,http://vocab.getty.edu/page/ulan/500023296
2000,Chest of Drawers,Chest of drawers,1675–1700,,,,"Oak, pine",31 7/8 x 40 1/2 in. (81 x 102.9 cm),"American, probably",United States,,,,,,,,,,The American Wing,,,False,True,https://www.metmuseum.org/art/collection/search/2000,https://images.metmuseum.org/CRDImages/ad/original/3936.jpg,0,,,
3704,Scroll flask,Flask,1840–50,,,,Free-blown molded blue glass,H. 6 7/8 in. (17.5 cm),American,United States,Mid-Atlantic,Pittsburgh,,,,,,,,The American Wing,,,False,True,https://www.metmuseum.org/art/collection/search/3704,https://images.metmuseum.org/CRDImages/ad/original/DP242916.jpg,0,https://www.wikidata.org/wiki/Q116370242,,
9538,Vase,Vase,1830–70,,,,Parian porcelain,H. 13 3/8 in. (34 cm),American,United States,New England,Bennington,Grapes,,,,,,,The American Wing,,,False,True,https://www.metmuseum.org/art/collection/search/9538,https://images.metmuseum.org/CRDImages/ad/original/140777.jpg,0,,,
116,Andiron,Andiron,ca. 1790,,,,Brass,H. 21 1/8 in. (53.7 cm),American,United States,New England,Boston,,Paul Revere Jr.,Maker,American,1734,1818,,The American Wing,,"American, Boston, Massachusetts 1734–1818 Boston, Massachusetts",False,True,https://www.metmuseum.org/art/collection/search/116,https://images.metmuseum.org/CRDImages/ad/original/153671.jpg,1,https://www.wikidata.org/wiki/Q116373652,https://www.wikidata.org/wiki/Q327071,http://vocab.getty.edu/page/ulan/500017620
4225,Furniture Hardware,Furniture hardware,1670–1870,,,,Brass,Dimensions unavailable,,,,,,,,,,,,The American Wing,,,False,True,https://www.metmuseum.org/art/collection/search/4225,https://images.metmuseum.org/CRDImages/ad/original/35378.jpg,0,,,
3639,Firescreen,Firescreen,1805–10,,,,Mahogany,55 1/2 x 15 3/4 in. (141 x 40 cm),,,,,,,,,,,,The American Wing,,,False,True,https://www.metmuseum.org/art/collection/search/3639,https://images.metmuseum.org/CRDImages/ad/original/34720.jpg,0,https://www.wikidata.org/wiki/Q116370294,,
10320,"Sheet of Two Sketches of Rothenburg, Germany",Drawing,1876,,,,Black ink on light buff laid paper,13 x 9 9/16 in. (33 x 24.3 cm),American,,,,Landscapes,Andrew Fisher Bunner,Artist,American,1841,1897,,The American Wing,,1841–1897,False,True,https://www.metmuseum.org/art/collection/search/10320,https://images.metmuseum.org/CRDImages/ad/original/ap99.38.52.jpg,1,,https://www.wikidata.org/wiki/Q21985212,http://vocab.getty.edu/page/ulan/500021243
1506,Hobnail celery vase,Celery vase,after 1886,,,,Pressed colorless and opalescent glass,H. 6 5/8 in. (16.8 cm); Diam. 4 1/4 in. (10.8 cm),American,United States,Southern,Wheeling,,"Hobbs, Brockunier and Company",Maker,American,1863,1891,,The American Wing,,1863–1891,False,True,https://www.metmuseum.org/art/collection/search/1506,https://images.metmuseum.org/CRDImages/ad/original/176927.jpg,0,https://www.wikidata.org/wiki/Q116372122,https://www.wikidata.org/wiki/Q16997505,http://vocab.getty.edu/page/ulan/500330432
6152,Plate,Plate,1774–1809,,,,Pewter,Diam. 8 1/4 in. (21 cm),American,United States,New England,Providence,,Gershom Jones,Maker,American,1751,1809,,The American Wing,,1751–1809,False,True,https://www.metmuseum.org/art/collection/search/6152,https://images.metmuseum.org/CRDImages/ad/original/174921.jpg,0,https://www.wikidata.org/wiki/Q116365015,,
3325,Dish,Dish,ca. 1780,,,,Porcelain,Diam. 6 3/16 in. (15.7 cm),"French, possibly",France,Île-de-France,Paris,,,,,,,,The American Wing,,,False,True,https://www.metmuseum.org/art/collection/search/3325,https://images.metmuseum.org/CRDImages/ad/original/125555.jpg,3,https://www.wikidata.org/wiki/Q116370542,,
4123,Goblet,Goblet,1870–90,,,,Pressed purple marble glass,H. 6 3/8 in. (16.2 cm),American,United States,Mid-Atlantic,Tarentum,,"Challinor, Taylor and Company",Maker,American,1866,1891,,The American Wing,,1866–1891,False,True,https://www.metmuseum.org/art/collection/search/4123,https://images.metmuseum.org/CRDImages/ad/original/DP238293.jpg,0,https://www.wikidata.org/wiki/Q116367393,,
15233,Portrait of a Gentleman,"Painting, miniature",1836,,,,Watercolor on ivory,2 5/16 x 1 13/16 in. (6 x 4.7 cm),American,,,,Men|Portraits,Carl Weinedel,Artist,American,1795,1845,,The American Wing,,1795–1845,False,True,https://www.metmuseum.org/art/collection/search/15233,https://images.metmuseum.org/CRDImages/ad/original/DP168988.jpg,0,https://www.wikidata.org/wiki/Q20177119,https://www.wikidata.org/wiki/Q20859495,http://vocab.getty.edu/page/ulan/500336454
2800,Cup and Saucer,Cup and saucer,1700–1800,,,,Porcelain,"Cup: H. 1 15/16 in. (4.9 cm); Diam. 3 1/2 in. (8.9 cm)
Saucer: Diam. 5 3/4 in. (14.6 cm)","Chinese, for American market",China,,,Eagles,,,,,,,The American Wing,,,False,True,https://www.metmuseum.org/art/collection/search/2800,https://images.metmuseum.org/CRDImages/ad/original/171547.jpg,1,https://www.wikidata.org/wiki/Q116370926,,
11875,The Wounded Bunkie,Sculpture,"1896, cast before 1939",,,,Bronze,19 7/8 x 31 x 11 1/2 in. (50.5 x 78.7 x 29.2 cm),American,,,,Soldiers|Men|Horses,Frederic Remington,Artist,American,1861,1909,,The American Wing,,"American, Canton, New York 1861–1909 Ridgefield, Connecticut",False,True,https://www.metmuseum.org/art/collection/search/11875,https://images.metmuseum.org/CRDImages/ad/original/ADA3666.jpg,3,,https://www.wikidata.org/wiki/Q560787,http://vocab.getty.edu/page/ulan/500024759
192,Armchair,Armchair,1755–90,,,,"Mahogany, red maple, white pine",42 1/8 x 27 x 28 in. (107 x 68.6 x 71.1 cm),American,United States,Mid-Atlantic,,,,,,,,,The American Wing,,,False,True,https://www.metmuseum.org/art/collection/search/192,https://images.metmuseum.org/CRDImages/ad/original/124685.jpg,1,,,
8058,Table,Table,1700–1730,,,,Cherry,27 1/2 x 42 x 28 in. (69.9 x 106.7 x 71.1 cm),American,United States,Mid-Atlantic,,,,,,,,,The American Wing,,,False,True,https://www.metmuseum.org/art/collection/search/8058,https://images.metmuseum.org/CRDImages/ad/original/85F_ACF251R5.jpg,1,,,
8654,Tile,Tile,1894–1911,,,,Probably earthenware,6 x 6 in. (15.2 x 15.2 cm),American,United States,New England,Boston,Water Lilies,Grueby Faience Company,Maker,American,1894,1911,,The American Wing,,1894–ca. 1911,False,True,https://www.metmuseum.org/art/collection/search/8654,https://images.metmuseum.org/CRDImages/ad/original/ADA5250.jpg,1,https://www.wikidata.org/wiki/Q116341335,https://www.wikidata.org/wiki/Q23068023,http://vocab.getty.edu/page/ulan/500332675
15811,Vancouver (?) (from Sketchbook),Drawing,1890,,,,Graphite on wove paper,4 3/4 x 7 3/4 in. (12.1 x 19.7 cm),American,,,,Landscapes,Albert Bierstadt,Artist,American,1830,1902,,The American Wing,,"American, Solingen 1830–1902 New York",False,True,https://www.metmuseum.org/art/collection/search/15811,https://images.metmuseum.org/CRDImages/ad/original/261127.jpg,1,,https://www.wikidata.org/wiki/Q77132,http://vocab.getty.edu/page/ulan/500001248
8523,Tile,Tile,ca. 1882–84,,,,Earthenware,6 1/8 x 3 1/8 in. (15.6 x 7.9 cm),American,United States,New England,Chelsea,,J. and J. G. Low Art Tile Works,Maker,American,1877,1903,,The American Wing,,"American, Chelsea, Massachusetts, 1877–1903",False,True,https://www.metmuseum.org/art/collection/search/8523,https://images.metmuseum.org/CRDImages/ad/original/DP252059.jpg,0,https://www.wikidata.org/wiki/Q116341865,,http://vocab.getty.edu/page/ulan/500276336
3388,Egg Cup,Egg cup,1830–70,,,,Pressed glass,H. 3 15/16 in. (10 cm),American,United States,,,,,,,,,,The American Wing,,,False,True,https://www.metmuseum.org/art/collection/search/3388,https://images.metmuseum.org/CRDImages/ad/original/DP236708.jpg,0,https://www.wikidata.org/wiki/Q116370486,,
15743,Bay Scene (from Sketchbook),Drawing,1890,,,,Graphite on wove paper,4 3/4 x 7 3/4 in. (12.1 x 19.7 cm),American,,,,Landscapes,Albert Bierstadt,Artist,American,1830,1902,,The American Wing,,"American, Solingen 1830–1902 New York",False,True,https://www.metmuseum.org/art/collection/search/15743,https://images.metmuseum.org/CRDImages/ad/original/260757.jpg,1,,https://www.wikidata.org/wiki/Q77132,http://vocab.getty.edu/page/ulan/500001248
12584,Susanna and the Elders,Watercolor,1838–1909,,,,Graphite and watercolor on off-white laid paper,7 7/8 x 9 15/16 in. (20 x 25.2 cm),American,,,,Human Figures,Walter Shirlaw,Artist,"American, Scottish",1838,1909,,The American Wing,,"American, Paisley, Scotland 1838–1909 Madrid",False,True,https://www.metmuseum.org/art/collection/search/12584,https://images.metmuseum.org/CRDImages/ad/original/10998.jpg,1,,https://www.wikidata.org/wiki/Q7966127,http://vocab.getty.edu/page/ulan/500002781
16522,Head of a Child (from Sketchbook),Watercolor,1811–1893,,,,"Graphite, pen, ink, and watercolor on paper",Dimensions unavailable,American,,,,Heads|Children|Portraits,John William Casilear,Artist,American,1811,1893,,The American Wing,,"American, New York 1811–1893 Saratoga Springs, New York",False,True,https://www.metmuseum.org/art/collection/search/16522,https://images.metmuseum.org/CRDImages/ad/original/263687.jpg,0,,https://www.wikidata.org/wiki/Q2700128,http://vocab.getty.edu/page/ulan/500013823
394,Beaker,Beaker,1825–50,,,,Silver,"Overall: H. 3 7/16 in. (8.7 cm); 3 oz. 10 dwt. (108.4 g)
Lip: Diam. 2 13/16 in. (7.1 cm)
Base: Diam. 2 1/4 in. (5.7 cm)",American,United States,New England,Salem,,John Goodhue,Maker,American,1819,1855,,The American Wing,,active ca. 1822–55,False,True,https://www.metmuseum.org/art/collection/search/394,https://images.metmuseum.org/CRDImages/ad/original/DP106800.jpg,1,https://www.wikidata.org/wiki/Q116373426,,
10997,Still Life—Violin and Music,Painting,1888,,,,Oil on canvas,40 x 30 in. (101.6 x 76.2 cm),American,,,,Music|Flutes|Violins|Still Life,William Michael Harnett,Artist,American,1848,1892,,The American Wing,,1848–1892,True,True,https://www.metmuseum.org/art/collection/search/10997,https://images.metmuseum.org/CRDImages/ad/original/DT2046.jpg,0,https://www.wikidata.org/wiki/Q19924658,https://www.wikidata.org/wiki/Q935186,http://vocab.getty.edu/page/ulan/500032464
15802,Mountain Landscape Sketch (from Sketchbook),Drawing,1890,,,,Graphite on wove paper,4 3/4 x 7 3/4 in. (12.1 x 19.7 cm),American,,,,Mountains|Trees,Albert Bierstadt,Artist,American,1830,1902,,The American Wing,,"American, Solingen 1830–1902 New York",False,True,https://www.metmuseum.org/art/collection/search/15802,https://images.metmuseum.org/CRDImages/ad/original/261115.jpg,1,,https://www.wikidata.org/wiki/Q77132,http://vocab.getty.edu/page/ulan/500001248
2495,Covered Sugar Bowl,Sugar bowl,19th century,,,,Lacy pressed glass,H. 5 7/8 in. (14.9 cm),,,,,,,,,,,,The American Wing,,,False,True,https://www.metmuseum.org/art/collection/search/2495,https://images.metmuseum.org/CRDImages/ad/original/153470.jpg,0,https://www.wikidata.org/wiki/Q116391277,,
895931,Ice Cream Plate from Mackay Service,Ice Cream Plate,1878,,,,Silver,Diameter: 5 3/4 in. (14.6 cm),American,,,,,Tiffany & Co.,Maker,,1837,9999,,The American Wing,,1837–present,False,True,https://www.metmuseum.org/art/collection/search/895931,https://images.metmuseum.org/CRDImages/ad/original/DP-29192-001.jpg,4,,https://www.wikidata.org/wiki/Q1066858,http://vocab.getty.edu/page/ulan/500330306
5522,Paperweight,Paperweight,1848–56,,,,Porcelain,W. 4 in. (10.2 cm),American,United States,Mid-Atlantic,Brooklyn,Dogs,Charles Cartlidge and Company,Maker,American,1848,1856,,The American Wing,,1848–1856,False,True,https://www.metmuseum.org/art/collection/search/5522,https://images.metmuseum.org/CRDImages/ad/original/DP207898.jpg,0,https://www.wikidata.org/wiki/Q116364496,,
7553,Slipper Chair,Slipper chair,ca. 1855,,,,"Rosewood, ash (secondary wood), modern upholstery",44 1/4 x 17 1/2 x 16 1/2 in. (112.4 x 44.5 x 41.9 cm),American,United States,Mid-Atlantic,New York,Grapes,John Henry Belter,Maker,American,1804,1863,,The American Wing,,"American, born Germany 1804-1863 New York",False,True,https://www.metmuseum.org/art/collection/search/7553,https://images.metmuseum.org/CRDImages/ad/original/DT11593.jpg,2,https://www.wikidata.org/wiki/Q116339440,https://www.wikidata.org/wiki/Q46973286,http://vocab.getty.edu/page/ulan/500001413
2135,Coffeepot,Coffeepot,1780–90,,,,Silver,"Overall: 13 3/16 x 9 13/16 x 5 3/4 in. (33.5 x 24.9 x 14.6 cm); 44 oz. 2 dwt. (1371 g)
Foot: Diam. 4 13/16 in. (12.2 cm)",American,United States,Mid-Atlantic,New York,,Ephraim Brasher,Maker,American,1744,1810,,The American Wing,,"American, baptized 1744–1810",False,True,https://www.metmuseum.org/art/collection/search/2135,https://images.metmuseum.org/CRDImages/ad/original/DP147335.jpg,1,https://www.wikidata.org/wiki/Q116371711,https://www.wikidata.org/wiki/Q12280013,http://vocab.getty.edu/page/ulan/500332766
20050,Pitcher,Pitcher,ca. 1880–89,,,,Earthenware,4 3/4 x 6 in. (12.1 x 15.2 cm),American,United States,New England United States,Chelsea,,Chelsea Keramic Art Works,Manufacturer,American,1872,1889,,The American Wing,,1872–1889,False,True,https://www.metmuseum.org/art/collection/search/20050,https://images.metmuseum.org/CRDImages/ad/original/L.2009.22.33.jpg,1,https://www.wikidata.org/wiki/Q116393813,,
3593,Fender,Fender,1800–1900,,,,"Iron, brass",10 x 25 1/2 in. (25.4 x 64.8 cm),,,,,,,,,,,,The American Wing,,,False,True,https://www.metmuseum.org/art/collection/search/3593,https://images.metmuseum.org/CRDImages/ad/original/142931.jpg,0,https://www.wikidata.org/wiki/Q116391867,,
7473,Shoe Buckle,Shoe buckle,1760–85,,,,Silver plate on brass,2 1/2 x 2 in. (6.4 x 5.1 cm),American,United States,,,,,,,,,,The American Wing,,,False,True,https://www.metmuseum.org/art/collection/search/7473,https://images.metmuseum.org/CRDImages/ad/original/115460.jpg,0,https://www.wikidata.org/wiki/Q116341222,,
8806,Drawing of Tree with Birds and Fruit,"Drawing, Fraktur",1770–1800,,,,Watercolor on paper,9 1/2 x 7 3/4 in. (24.1 x 19.7 cm),American,United States,Mid-Atlantic,,Birds|Fruit|Trees,,,,,,,The American Wing,,,False,True,https://www.metmuseum.org/art/collection/search/8806,https://images.metmuseum.org/CRDImages/ad/original/APS0983.jpg,1,,,
16643,(From Sketchbook),Drawing,1810–20,,,,"Ink, wash, on paper",9 x 11 1/2 in. (22.9 x 29.2 cm),American,,,,Men|Women,Thomas Sully,Artist,American,1783,1872,,The American Wing,,"American, Horncastle, Lincolnshire 1783–1872 Philadelphia, Pennsylvania",False,True,https://www.metmuseum.org/art/collection/search/16643,https://images.metmuseum.org/CRDImages/ad/original/266486.jpg,0,,https://www.wikidata.org/wiki/Q786545,http://vocab.getty.edu/page/ulan/500006873
7897,"Stencil from Trading Room of the Chicago Stock Exchange, Chicago",Stencil,1893–94,,,,Stencil on canvas,65 x 67 1/4 in. (165.1 x 170.8 cm),American,,,,,Adler and Sullivan,Designer,American,,9999,,The American Wing,,,False,True,https://www.metmuseum.org/art/collection/search/7897,https://images.metmuseum.org/CRDImages/ad/original/239085.jpg,0,,,
3482,Easy chair,Easy chair,1730–40,,,,"Black walnut, beech, soft maple, maple",47 1/2 x 32 3/4 x 20 3/4 in. (120.7 x 83.2 x 52.7 cm),American,United States,New England,Boston,,,,,,,,The American Wing,,,False,True,https://www.metmuseum.org/art/collection/search/3482,https://images.metmuseum.org/CRDImages/ad/original/85D_ACF140BR7.jpg,5,,,
8689,Medal,Medal,1864,,,,Gilt brass,Diam. 15/16 in. (2.4 cm),,,,,George Washington|Profiles,,,,,,,The American Wing,,,False,True,https://www.metmuseum.org/art/collection/search/8689,https://images.metmuseum.org/CRDImages/ad/original/AW_83_2_36-001.jpg,2,,,
1151,Candle Box,Candle box,1800–1830,,,,White pine,5 5/8 x 12 x 6 1/4 in. (14.3 x 30.5 x 15.9 cm),American,United States,Mid-Atlantic,,Grapes|Strawberries,,,,,,,The American Wing,,,False,True,https://www.metmuseum.org/art/collection/search/1151,https://images.metmuseum.org/CRDImages/ad/original/DP255528.jpg,1,https://www.wikidata.org/wiki/Q116372508,,
7499,Janet Halleck Drake,Painting,1825,,,,Oil on canvas,29 3/4 x 24 3/4 in. (75.6 x 62.9 cm),American,,,,Girls|Portraits,Henry Inman,Artist,American,1801,1846,,The American Wing,,"American, Utica, New York 1801–1846 New York",False,True,https://www.metmuseum.org/art/collection/search/7499,https://images.metmuseum.org/CRDImages/ad/original/ap1996.348.jpg,0,https://www.wikidata.org/wiki/Q20174119,https://www.wikidata.org/wiki/Q3132855,http://vocab.getty.edu/page/ulan/500021656
7775,Spoon,Spoon,1740–50,,,,Silver,L. 7 3/4 in. (19.7 cm),American,United States,New England,Boston,,William Cowell Jr.,Maker,American,1713,1761,,The American Wing,,1713–1761,False,True,https://www.metmuseum.org/art/collection/search/7775,https://images.metmuseum.org/CRDImages/ad/original/DP253672.jpg,2,https://www.wikidata.org/wiki/Q116333145,,
5350,Cann,Cann,ca. 1740,,,,Silver,"Overall: 4 1/2 x 4 7/8 in. (11.4 x 12.4 cm); 8 oz. 6 dwt. (257.7 g)
Lip: Diam. 2 7/8 in. (7.3 cm)
Foot: Diam. 2 13/16 in. (7.1 cm)",American,United States,New England,Salem,,Jeffrey Lang,Maker,American,1708,1758,,The American Wing,,1708–1758,False,True,https://www.metmuseum.org/art/collection/search/5350,https://images.metmuseum.org/CRDImages/ad/original/DP105888.jpg,1,https://www.wikidata.org/wiki/Q116365700,,
11925,"Collect Pond, New York City",Watercolor,1798,,,,Watercolor and black chalk on off-white laid paper,17 3/4 x 23 1/16 in. (45.1 x 58.6 cm),American,,,,Men|Women|Ponds|Landscapes|New York City,Archibald Robertson,Artist,"American, Scottish",1765,1835,,The American Wing,,"American, Moneymusk, Scotland 1765–1835 New York",False,True,https://www.metmuseum.org/art/collection/search/11925,https://images.metmuseum.org/CRDImages/ad/original/DT5582.jpg,3,https://www.wikidata.org/wiki/Q83559824,https://www.wikidata.org/wiki/Q17747277,http://vocab.getty.edu/page/ulan/500002809
15215,Portrait of a Lady,"Painting, miniature",ca. 1835–40,,,,Watercolor on ivory,2 3/4 x 2 1/4 in. (7 x 5.7 cm),European,,,,Portraits|Women,,,,,,,The American Wing,,,False,True,https://www.metmuseum.org/art/collection/search/15215,https://images.metmuseum.org/CRDImages/ad/original/APS6770.jpg,0,https://www.wikidata.org/wiki/Q19924110,,
11116,Dressing for the Carnival,Painting,1877,,,,Oil on canvas,"20 x 30in. (50.8 x 76.2cm)
Framed: 31 9/16 × 41 1/2 × 5 7/8 in. (80.1 × 105.4 × 14.9 cm)",American,,,,Children|Boys|Girls|Women,Winslow Homer,Artist,American,1836,1910,,The American Wing,,"American, Boston, Massachusetts 1836–1910 Prouts Neck, Maine",True,True,https://www.metmuseum.org/art/collection/search/11116,https://images.metmuseum.org/CRDImages/ad/original/DP-21443-001.jpg,1,https://www.wikidata.org/wiki/Q3172216,https://www.wikidata.org/wiki/Q344838,http://vocab.getty.edu/page/ulan/500019202
7434,Sherry Glass,Sherry glass,ca. 1888,,,,Blown glass,H. 4 3/8 in. (11.1 cm),American,United States,New England,East Cambridge,,New England Glass Company,Maker,American,1818,1888,,The American Wing,,"American, East Cambridge, Massachusetts, 1818–1888",False,True,https://www.metmuseum.org/art/collection/search/7434,https://images.metmuseum.org/CRDImages/ad/original/176277.jpg,0,https://www.wikidata.org/wiki/Q116342055,https://www.wikidata.org/wiki/Q17083157,http://vocab.getty.edu/page/ulan/500356007
15742,Two Sketches of Bay Scenery (from Sketchbook),Drawing,1890,,,,Graphite on wove paper,4 3/4 x 7 3/4 in. (12.1 x 19.7 cm),American,,,,Landscapes|Trees,Albert Bierstadt,Artist,American,1830,1902,,The American Wing,,"American, Solingen 1830–1902 New York",False,True,https://www.metmuseum.org/art/collection/search/15742,https://images.metmuseum.org/CRDImages/ad/original/260756.jpg,0,,https://www.wikidata.org/wiki/Q77132,http://vocab.getty.edu/page/ulan/500001248
16576,Cabinet,Cabinet,ca. 1883,,,,"Maple, with painted and gilded surface, bevelled glass, silk velvet, brass",64 1/2 x 71 x 14 1/2 in. (163.8 x 180.3 x 36.8 cm),American,United States,Mid-Atlantic,New York,,Herter Brothers,Maker,American,1864,1906,,The American Wing,,"German, active New York, 1864–1906",False,True,https://www.metmuseum.org/art/collection/search/16576,https://images.metmuseum.org/CRDImages/ad/original/DT4380.jpg,9,,https://www.wikidata.org/wiki/Q1614654,http://vocab.getty.edu/page/ulan/500274670
12895,George Washington,Painting,1797,,,,Oil on glass,Dimensions unavailable,,England,,,George Washington|Men|Portraits,,,,,,,The American Wing,,,False,True,https://www.metmuseum.org/art/collection/search/12895,https://images.metmuseum.org/CRDImages/ad/original/116220.jpg,0,https://www.wikidata.org/wiki/Q79017092,,
626,Bottle,Bottle,1815–45,,,,"Blown, pattern-molded glass",H. 8 in. (20.3 cm),American,United States,Mid-Atlantic,,,,,,,,,The American Wing,,,False,True,https://www.metmuseum.org/art/collection/search/626,https://images.metmuseum.org/CRDImages/ad/original/DP206751.jpg,0,https://www.wikidata.org/wiki/Q116373162,,
4081,Goblet,Goblet,1800–1830,,,,"Earthenware, lusterware",H. 4 1/2 in. (11.4 cm); Diam. 3 5/8 in. (9.2 cm),British (American market),England,West Midlands,,,,,,,,,The American Wing,,,False,True,https://www.metmuseum.org/art/collection/search/4081,https://images.metmuseum.org/CRDImages/ad/original/138283.jpg,0,https://www.wikidata.org/wiki/Q116367550,,
15832,Tree (from Sketchbook),Drawing,1890,,,,Graphite on wove paper,4 3/4 x 7 3/4 in. (12.1 x 19.7 cm),American,,,,Trees,Albert Bierstadt,Artist,American,1830,1902,,The American Wing,,"American, Solingen 1830–1902 New York",False,True,https://www.metmuseum.org/art/collection/search/15832,https://images.metmuseum.org/CRDImages/ad/original/261383.jpg,1,,https://www.wikidata.org/wiki/Q77132,http://vocab.getty.edu/page/ulan/500001248
3943,George Washington,Statuette,ca. 1850,,,,Bronze,H. 13 in. (33 cm),,France,,,George Washington|Men|Horses,,,,,,,The American Wing,,,False,True,https://www.metmuseum.org/art/collection/search/3943,https://images.metmuseum.org/CRDImages/ad/original/25504.jpg,0,,,
13183,Idle Hours,Painting,1888,,,,Oil on canvas,51 1/4 x 71 1/8 in. (130.2 x 180.7 cm),American,,,,Girls|Portraits|Women|Music|Guitars,Julian Alden Weir,Artist,American,1852,1919,,The American Wing,,"American, West Point, New York 1852–1919 New York",False,True,https://www.metmuseum.org/art/collection/search/13183,https://images.metmuseum.org/CRDImages/ad/original/ap88.7.jpg,2,https://www.wikidata.org/wiki/Q19925486,https://www.wikidata.org/wiki/Q1284220,http://vocab.getty.edu/page/ulan/500020809
16501,Standing Female Nudes; Seated Monarch; Small Figure Composition; Bust of a Demure Woman (from Sketchbook),Drawing,1810–20,,,,"Ink, wash, on paper",9 x 11 1/2 in. (22.9 x 29.2 cm),American,,,,Female Nudes|Horses,Thomas Sully,Artist,American,1783,1872,,The American Wing,,"American, Horncastle, Lincolnshire 1783–1872 Philadelphia, Pennsylvania",False,True,https://www.metmuseum.org/art/collection/search/16501,https://images.metmuseum.org/CRDImages/ad/original/266529.jpg,0,,https://www.wikidata.org/wiki/Q786545,http://vocab.getty.edu/page/ulan/500006873
19419,Stove Plate,Stove plate,1782,,,,Cast-iron,12 x 29 3/4 in. (30.5 x 75.6 cm),American,United States,Mid-Atlantic,,,Hibernia Furnace,Maker,American,,,,The American Wing,,,False,True,https://www.metmuseum.org/art/collection/search/19419,https://images.metmuseum.org/CRDImages/ad/original/DP145748.jpg,0,,,
7176,Sauce Dish,Sauce dish,1870–90,,,,Pressed purple marble glass,H. 2 3/8 in. (6 cm); Diam. 4 in. (10.2 cm),American,United States,Mid-Atlantic,Tarentum,,"Challinor, Taylor and Company",Maker,American,1866,1891,,The American Wing,,1866–1891,False,True,https://www.metmuseum.org/art/collection/search/7176,https://images.metmuseum.org/CRDImages/ad/original/DP238682.jpg,0,https://www.wikidata.org/wiki/Q116346915,,
912,Box,Box,1675–1700,,,,"Oak, pine",9 1/2 x 29 1/2 x 16 in. (24.1 x 74.9 x 40.6 cm),American,United States,New England,,,,,,,,,The American Wing,,,False,True,https://www.metmuseum.org/art/collection/search/912,https://images.metmuseum.org/CRDImages/ad/original/85H_ACF3075R8.jpg,2,https://www.wikidata.org/wiki/Q116372755,,
485,Portrait of Benjamin Franklin,Painting,1776–1883,,,,Panel,5 3/8 x 4 1/4 in. (13.7 x 10.8 cm),,France,,,Benjamin Franklin|Men|Portraits,H. Sanford,Artist,,1783,1822,,The American Wing,,1783–1822,False,True,https://www.metmuseum.org/art/collection/search/485,https://images.metmuseum.org/CRDImages/ad/original/25583.jpg,0,https://www.wikidata.org/wiki/Q79023347,,
7673,Soup Plate,Soup plate,1785–90,,,,Porcelain,Diam. 9 1/4 in. (23.5 cm),"Chinese, for American market",China,,,Birds|Flowers|Coat of Arms,,,,,,,The American Wing,,,False,True,https://www.metmuseum.org/art/collection/search/7673,https://images.metmuseum.org/CRDImages/ad/original/DP258890.jpg,0,https://www.wikidata.org/wiki/Q116335976,,
6909,Rummer,Rummer,ca. 1800,,,,Blown pattern-molded lead glass,H. 5 in. (12.7 cm),"British, probably",England,,,,,,,,,,The American Wing,,,False,True,https://www.metmuseum.org/art/collection/search/6909,https://images.metmuseum.org/CRDImages/ad/original/19187.jpg,0,https://www.wikidata.org/wiki/Q116353951,,
12538,Dog,Sculpture,1865–90,,,,"White pine, painted",6 3/4 in. H. (17.15 cm),American,United States,Mid-Atlantic,,Dogs,Wilhelm Schimmel,Maker,American,1817,1890,,The American Wing,,1817–1890,False,True,https://www.metmuseum.org/art/collection/search/12538,https://images.metmuseum.org/CRDImages/ad/original/97324.jpg,0,https://www.wikidata.org/wiki/Q116378052,https://www.wikidata.org/wiki/Q43136550,http://vocab.getty.edu/page/ulan/500333733
5242,Swans and Fountain Appliqué,Appliqué,ca. 1810–30,,,,"Cast brass, mercury, gold",9 3/4 x 2 1/8 in. (24.8 x 5.4 cm),,France,,,Swans,Henry Kellam Hancock,Retailer,,1816,1851,,The American Wing,,1816–1851,False,True,https://www.metmuseum.org/art/collection/search/5242,https://images.metmuseum.org/CRDImages/ad/original/DP232788.jpg,1,https://www.wikidata.org/wiki/Q116365807,,
15122,Portrait of a Gentleman,"Painting, miniature",1791–1878,,,,Watercolor on ivory,2 3/4 x 2 1/4 in. (7 x 5.7 cm),American,,,,Men|Portraits,Anna Claypoole Peale,Artist,American,1791,1878,Female,The American Wing,,1791–1878,False,True,https://www.metmuseum.org/art/collection/search/15122,https://images.metmuseum.org/CRDImages/ad/original/APS6621.jpg,0,https://www.wikidata.org/wiki/Q20177512,https://www.wikidata.org/wiki/Q4766924,http://vocab.getty.edu/page/ulan/500010523
6527,Platter,Platter,ca. 1814–ca. 1830,,,,"Earthenware, transfer-printed",14 1/8 x 18 1/2 in. (35.9 x 47 cm),British (American market),England,West Midlands,Stoke-on-Trent,Buildings|Men,John & William Ridgway,Maker,British,1809,1830,,The American Wing,,"British, Shelton, active ca. 1814–30",False,True,https://www.metmuseum.org/art/collection/search/6527,https://images.metmuseum.org/CRDImages/ad/original/24549.jpg,0,https://www.wikidata.org/wiki/Q116362122,,http://vocab.getty.edu/page/ulan/500355956
1312,Candlestick,Candlestick,1837–60,,,,Pewter,H. 6 in. (15.2 cm),American,United States,New England,Westbrook,,Rufus Dunham,Maker,American,1815,1882,,The American Wing,,1815–1882,False,True,https://www.metmuseum.org/art/collection/search/1312,https://images.metmuseum.org/CRDImages/ad/original/122977.jpg,0,https://www.wikidata.org/wiki/Q116372389,,
8317,Cup and Saucer,Cup and saucer,ca. 1838,,,,Porcelain,"Cup: H. 2 7/8 in. (7.3 cm); Diam. 4 1/4 in. (10.8 cm)
Saucer: H. 1 1/8 in. (2.9 cm); Diam. 5 1/2 (14 cm)",American,United States,Mid-Atlantic,Philadelphia,,Tucker Factory,Maker,American,1826,1838,,The American Wing,,1826–1838,False,True,https://www.metmuseum.org/art/collection/search/8317,https://images.metmuseum.org/CRDImages/ad/original/DP260584.jpg,2,https://www.wikidata.org/wiki/Q116350424,https://www.wikidata.org/wiki/Q67044542,http://vocab.getty.edu/page/ulan/500124181
15962,Sketch of a Country Scene (from Sketchbook),Drawing,ca. 1860–ca. 1864,,,,Graphite on beige paper,9 3/4 x 13 7/8 in. (24.8 x 35.2 cm),American,,,,Trees,Thomas Hewes Hinckley,Artist,American,1813,1896,,The American Wing,,1813–1896,False,True,https://www.metmuseum.org/art/collection/search/15962,https://images.metmuseum.org/CRDImages/ad/original/262852.jpg,0,,https://www.wikidata.org/wiki/Q20853358,http://vocab.getty.edu/page/ulan/500009040
1591,Side chair,Side chair,1760–90,,,,"Mahogany, white cedar, tulip poplar",39 x 21 1/2 x 21 1/2 in. (99.1 x 54.6 x 54.6 cm),American,United States,Mid-Atlantic,Philadelphia,,,,,,,,The American Wing,,,False,True,https://www.metmuseum.org/art/collection/search/1591,https://images.metmuseum.org/CRDImages/ad/original/88580.jpg,0,https://www.wikidata.org/wiki/Q116372073,,
676876,Perfume decanter,Decanter,1866–70,,,,"Green cased over colorless lead glass; blown, cut and gilded",9 1/2 in. (24.1 cm),American,United States,New England,Cambridge,,New England Glass Company,Manufacturer,American,1818,1888,,The American Wing,,"American, East Cambridge, Massachusetts, 1818–1888",False,True,https://www.metmuseum.org/art/collection/search/676876,https://images.metmuseum.org/CRDImages/ad/original/DP704307.jpg,0,https://www.wikidata.org/wiki/Q116298224,https://www.wikidata.org/wiki/Q17083157,http://vocab.getty.edu/page/ulan/500356007
7535,Sleeve Button,Sleeve button,ca. 1876,,,,Porcelain,13/16 x 1 1/8 in. (2.1 x 2.9 cm),American,United States,Mid-Atlantic,Brooklyn,Frogs,Union Porcelain Works,Maker,American,1863,1922,,The American Wing,,1863–1922,False,True,https://www.metmuseum.org/art/collection/search/7535,https://images.metmuseum.org/CRDImages/ad/original/ADA5681.jpg,2,https://www.wikidata.org/wiki/Q116339977,https://www.wikidata.org/wiki/Q18356506,http://vocab.getty.edu/page/ulan/500333024
14482,"The Fable of the Miller, His Son, and the Donkey No. 9",Painting,ca. 1867–68,,,,Oil on canvas,6 1/2 x 10 3/4 in. (16.5 x 27.3 cm),American,,,,Donkeys|Landscapes,Elihu Vedder,Artist,American,1836,1923,,The American Wing,,"American, New York 1836–1923 Rome",False,True,https://www.metmuseum.org/art/collection/search/14482,https://images.metmuseum.org/CRDImages/ad/original/DP105673.jpg,0,https://www.wikidata.org/wiki/Q20173897,https://www.wikidata.org/wiki/Q389726,http://vocab.getty.edu/page/ulan/500032587
5048,Medal of Franklin Pierce,Medal,1853,,,,Bronze,Diam. 2 1/2 in. (6.4 cm),American,United States,Mid-Atlantic,New York,Men|Profiles,Salathiel Ellis,Maker,American,1803,1879,,The American Wing,,1803–1879,False,True,https://www.metmuseum.org/art/collection/search/5048,https://images.metmuseum.org/CRDImages/ad/original/LC-83_2_436-001.jpg,1,,https://www.wikidata.org/wiki/Q94427610,
6135,Plate,Plate,1810–26,,,,Pewter,H. 3/4 in. (1.9 cm); Diam. 8 3/4 in. (22.2 cm),American,United States,New England,Middletown,,J. and D. Hinsdale,Maker,American,1810,1826,,The American Wing,,active 1810–26,False,True,https://www.metmuseum.org/art/collection/search/6135,https://images.metmuseum.org/CRDImages/ad/original/132019.jpg,0,https://www.wikidata.org/wiki/Q116365131,,
3068,Decanter,Decanter,1820–40,,,,Blown molded lead glass,H. 11 in. (27.9 cm),American,United States,,,,,,,,,,The American Wing,,,False,True,https://www.metmuseum.org/art/collection/search/3068,https://images.metmuseum.org/CRDImages/ad/original/195034.jpg,0,https://www.wikidata.org/wiki/Q116370744,,
5182,Milk Pitcher,Milk pitcher,1870–80,,,,Pressed colorless and opalescent glass,H. 7 1/4 in. (18.4 cm),American,United States,Mid-Atlantic,Tarentum,,Richards and Hartley Flint Glass Co.,Maker,American,1867,1890,,The American Wing,,ca. 1870–1890,False,True,https://www.metmuseum.org/art/collection/search/5182,https://images.metmuseum.org/CRDImages/ad/original/180108.jpg,0,https://www.wikidata.org/wiki/Q116365841,,
10182,The Pipe Dance,Painting,ca. 1880–1900,,,,Oil on canvas,48 1/2 x 72 in. (123.2 x 182.9 cm),American,,,,Dancing,Ralph Albert Blakelock,Artist,American,1847,1919,,The American Wing,,1847–1919,False,True,https://www.metmuseum.org/art/collection/search/10182,https://images.metmuseum.org/CRDImages/ad/original/DP-28033-001.jpg,2,https://www.wikidata.org/wiki/Q19924046,https://www.wikidata.org/wiki/Q1353482,http://vocab.getty.edu/page/ulan/500023101
5452,Lamp,Lamp,1850–60,,,,"Blown and cut glass, marble, brass",H. 20 in. (50.8 cm),American,United States,New England,East Cambridge,,Boston & Sandwich Glass Company,Artist,American,1825,1888,,The American Wing,,"American, 1825–1888, Sandwich, Massachusetts",False,True,https://www.metmuseum.org/art/collection/search/5452,https://images.metmuseum.org/CRDImages/ad/original/DP207853.jpg,0,https://www.wikidata.org/wiki/Q116365453,https://www.wikidata.org/wiki/Q4948224,http://vocab.getty.edu/page/ulan/500334773
1088,Cachepot,Cachepot,1775–1800,,,,Earthenware,With stand: H. 4 7/8 in. (12.4 cm); Diam. 5 7/16 in. (13.8 cm),British (American market),England,West Midlands,,Grapes|Children,,,,,,,The American Wing,,,False,True,https://www.metmuseum.org/art/collection/search/1088,https://images.metmuseum.org/CRDImages/ad/original/197290.jpg,0,https://www.wikidata.org/wiki/Q116372567,,
6462,Plate,Plate,1800–1830,,,,Porcelain,Diam. 9 3/4 in. (24.8 cm),Chinese,China,,,Landscapes,,,,,,,The American Wing,,,False,True,https://www.metmuseum.org/art/collection/search/6462,https://images.metmuseum.org/CRDImages/ad/original/157751.jpg,0,https://www.wikidata.org/wiki/Q116362787,,
11206,Benjamin Moore McVickar,"Painting, miniature",ca. 1825,,,,Watercolor on ivory,3 3/16 x 3 3/16 in. (8.1 x 8.1 cm),American,,,,Men|Portraits,Charles Cromwell Ingham,Artist,"American, born Ireland",1786,1863,,The American Wing,,"American (born Ireland), Dublin 1786–1863 New York",False,True,https://www.metmuseum.org/art/collection/search/11206,https://images.metmuseum.org/CRDImages/ad/original/DP155872.jpg,0,https://www.wikidata.org/wiki/Q19924449,https://www.wikidata.org/wiki/Q5076001,http://vocab.getty.edu/page/ulan/500019611
5992,Plate,Plate,1800–1830,,,,"Majolica earthenware, spatterware",Diam. 8 1/8 in. (20.6 cm),British,England,West Midlands,,Birds,,,,,,,The American Wing,,,False,True,https://www.metmuseum.org/art/collection/search/5992,https://images.metmuseum.org/CRDImages/ad/original/DP-22878-001.jpg,2,https://www.wikidata.org/wiki/Q116392368,,
6694,Porringer,Porringer,1774–1809,,,,Pewter,1 7/8 x 7 1/8 x 5 1/8 in. (4.8 x 18.1 x 13 cm),American,United States,New England,Providence,,Gershom Jones,Maker,American,1751,1809,,The American Wing,,1751–1809,False,True,https://www.metmuseum.org/art/collection/search/6694,https://images.metmuseum.org/CRDImages/ad/original/123910.jpg,0,https://www.wikidata.org/wiki/Q116357970,,
6650,Porringer,Porringer,1750–76,,,,Silver,"Overall: 1 15/16 x 8 in. (4.9 x 20.3 cm); 8 oz. (248.5 g)
Lip: Diam. 5 1/4 in. (13.3 cm)
Body : Diam. 5 7/16 in. (13.8 cm)",American,United States,New England,Charlestown,,Josiah Austin,Maker,American,1719,1780,,The American Wing,,1719/20–ca. 1780,False,True,https://www.metmuseum.org/art/collection/search/6650,https://images.metmuseum.org/CRDImages/ad/original/DP158849.jpg,2,https://www.wikidata.org/wiki/Q116359687,,
14030,Bell-pattern textile,Sample,1884,,,,"Silk and wool, woven",12 1/2 x 9 1/2 in. (31.8 x 24.1 cm),American,United States,New England,,,Ida F. Clark,Designer,,1858,1958,,The American Wing,,born 1858,False,True,https://www.metmuseum.org/art/collection/search/14030,https://images.metmuseum.org/CRDImages/ad/original/DP8055.jpg,4,,,
1758,Side Chair,Side Chair,1795–1810,,,,Mahogany,36 3/4 x 20 x 20 in. (93.3 x 50.8 x 50.8 cm),American,United States,Mid-Atlantic,Washington DC,,Henry Ingle,Maker,American,1763,1822,,The American Wing,,"American, 1763–1822",False,True,https://www.metmuseum.org/art/collection/search/1758,https://images.metmuseum.org/CRDImages/ad/original/196889.jpg,0,https://www.wikidata.org/wiki/Q116371975,,
6707,Porringer,Porringer,1750–75,,,,Silver,"Overall: 1 3/4 x 7 7/8 in. (4.4 x 20 cm); 7 oz. 12 dwt. (237 g)
Body: Diam. 5 3/8 in. (13.7 cm)
Lip: Diam. 5 3/16 in. (13.2 cm)",American,United States,New England,Salem,,David Northee,Maker,American,1709,1778,,The American Wing,,1709–1778,False,True,https://www.metmuseum.org/art/collection/search/6707,https://images.metmuseum.org/CRDImages/ad/original/DP160406.jpg,1,https://www.wikidata.org/wiki/Q116358021,,
20185,Vase,Vase,1904,,,,Earthenware,7 1/2 x 9 3/4 in. (19.1 x 24.8 cm),American,United States,West United States,Colorado Springs,,Van Briggle Pottery Company,Manufacturer,American,1901,9999,,The American Wing,,1901–present,False,True,https://www.metmuseum.org/art/collection/search/20185,https://images.metmuseum.org/CRDImages/ad/original/L.2009.22.201.jpg,1,https://www.wikidata.org/wiki/Q116393870,https://www.wikidata.org/wiki/Q56439451,(not assigned)
12990,Salver,Salver,ca. 1725–35,,,,Silver,1 1/8 x 6 1/4 x 6 1/4 in. (2.9 x 15.9 x 15.9 cm); 10 oz. 3 dwt. (315.2 g),American,United States,Mid-Atlantic,New York,Coat of Arms,Charles Le Roux,Maker,American,1689,1745,,The American Wing,,baptized 1689–1745,False,True,https://www.metmuseum.org/art/collection/search/12990,https://images.metmuseum.org/CRDImages/ad/original/DP147348.jpg,3,https://www.wikidata.org/wiki/Q116329870,,http://vocab.getty.edu/page/ulan/500332065
2194,Compote,Compote,1830–35,,,,Lacy pressed glass,3 3/4 x 5 1/4 in. (9.5 x 13.3 cm),American,United States,New England,,,,,,,,,The American Wing,,,False,True,https://www.metmuseum.org/art/collection/search/2194,https://images.metmuseum.org/CRDImages/ad/original/153209.jpg,0,https://www.wikidata.org/wiki/Q116371669,,
4223,Furniture Hardware,Furniture hardware,1670–1870,,,,Brass,Dimensions unavailable,,,,,,,,,,,,The American Wing,,,False,True,https://www.metmuseum.org/art/collection/search/4223,https://images.metmuseum.org/CRDImages/ad/original/35378.jpg,0,,,
714,Bowl,Bowl,1800–1830,,,,Free-blown glass,H. 5 1/8 in. (13 cm); Diam. 5 7/8 in. (14.9 cm),American,United States,Mid-Atlantic,,,,,,,,,The American Wing,,,False,True,https://www.metmuseum.org/art/collection/search/714,https://images.metmuseum.org/CRDImages/ad/original/134127.jpg,0,https://www.wikidata.org/wiki/Q116373077,,
8133,Table Spoon,Spoon,1780–90,,,,Silver,L. 8 3/8 in. (21.3 cm),American,United States,New England,Boston,,Paul Revere Jr.,Maker,American,1734,1818,,The American Wing,,"American, Boston, Massachusetts 1734–1818 Boston, Massachusetts",False,True,https://www.metmuseum.org/art/collection/search/8133,https://images.metmuseum.org/CRDImages/ad/original/DP254156.jpg,4,https://www.wikidata.org/wiki/Q116339730,https://www.wikidata.org/wiki/Q327071,http://vocab.getty.edu/page/ulan/500017620
16905,Needlework picture,Needlework picture,ca. 1820,,,,Embroidered silk on silk,16 3/4 x 21 5/8 in. (42.5 x 54.9 cm),American,United States,Mid-Atlantic,Albany,Flowers|Trees,,,,,,,The American Wing,,,False,True,https://www.metmuseum.org/art/collection/search/16905,https://images.metmuseum.org/CRDImages/ad/original/DT4949.jpg,1,,,
2213,Compote,Compote,ca. 1885–87,,,,Blown glass,H. 4 5/8 in. (11.7 cm); Diam. 6 1/2 in. (16.5 cm),American,United States,New England,New Bedford,,Mount Washington Glass Company,Maker,American,1837,1958,,The American Wing,,"American, New Bedford, Massachusetts, 1837–1958",False,True,https://www.metmuseum.org/art/collection/search/2213,https://images.metmuseum.org/CRDImages/ad/original/APS1177.jpg,0,https://www.wikidata.org/wiki/Q116371662,,http://vocab.getty.edu/page/ulan/500330455
10359,James Russell Lowell,Medallion,"1895, cast 1896",,,,Bronze,Diam. 6 7/8 in. (17.5 cm),American,,,,Men|Portraits,Charles Calverley,Artist,American,1833,1914,,The American Wing,,"American, Albany, New York 1833–1914 Essex Fells, New Jersey",False,True,https://www.metmuseum.org/art/collection/search/10359,https://images.metmuseum.org/CRDImages/ad/original/96.15.jpg,0,,https://www.wikidata.org/wiki/Q41943705,http://vocab.getty.edu/page/ulan/500190932
319089,Spindle Whorl,Spindle whorl,ca. 1860,,,,Wood,Diam. 7 1/4 in. (18.4 cm),Salish,Canada,,,,,,,,,,The American Wing,,,False,True,https://www.metmuseum.org/art/collection/search/319089,https://images.metmuseum.org/CRDImages/ad/original/DT261793.jpg,2,,,
9073,Tumbler,Tumbler,1860–70,,,,Pressed glass,H. 3 1/2 in. (8.9 cm),American,United States,Mid-Atlantic,Pittsburgh,,"Bakewell, Pears and Company",Maker,American,1836,1882,,The American Wing,,1836–1882,False,True,https://www.metmuseum.org/art/collection/search/9073,https://images.metmuseum.org/CRDImages/ad/original/DP235292.jpg,0,https://www.wikidata.org/wiki/Q116333198,,
9339,Vase,Vase,1886–90,,,,Blown Peach Blow glass,H. 7 3/4 in. (19.7 cm); Diam. 3 in. (7.6 cm),American,United States,Southern,Wheeling,,"Hobbs, Brockunier and Company",Maker,American,1863,1891,,The American Wing,,1863–1891,False,True,https://www.metmuseum.org/art/collection/search/9339,https://images.metmuseum.org/CRDImages/ad/original/ADA5500.jpg,0,https://www.wikidata.org/wiki/Q116343306,https://www.wikidata.org/wiki/Q16997505,http://vocab.getty.edu/page/ulan/500330432
11906,Purgatory Cliff,Watercolor,1876,,,,Watercolor and gouache on light tan wove paper,13 x 10 in. (33 x 25.4 cm),American,,,,Waves|Boats,William Trost Richards,Artist,American,1833,1905,,The American Wing,,"American, Philadelphia, Pennsylvania 1833–1905 Newport, Rhode Island",False,True,https://www.metmuseum.org/art/collection/search/11906,https://images.metmuseum.org/CRDImages/ad/original/ap67.55.141.jpg,2,https://www.wikidata.org/wiki/Q20178676,https://www.wikidata.org/wiki/Q1985982,http://vocab.getty.edu/page/ulan/500014455
701370,"Pitcher, ""Alsatian"" line",Pitcher,ca. 1891–92,,,,Semi-porcelain ware,4 15/16 in. (12.5 cm),American,United States,Mid-Atlantic,Baltimore,Portraits|Women,Chesapeake Pottery,Manufacturer,American,1882,1914,,The American Wing,,"Baltimore, Maryland, 1882–1914",False,True,https://www.metmuseum.org/art/collection/search/701370,https://images.metmuseum.org/CRDImages/ad/original/DP704343.jpg,1,https://www.wikidata.org/wiki/Q116726426,,
11171,Landscape (from McGuire Scrapbook),Drawing,1839,,,,Graphite and brown ink on light buff-colored wove paper,5 3/16 x 6 3/8 in. (13.2 x 16.2 cm),American,,,,Landscapes|Trees,Charles Antoine Colomb Hubert (born Gengembre),Artist,American,1790,1863,,The American Wing,,1790–1863,False,True,https://www.metmuseum.org/art/collection/search/11171,https://images.metmuseum.org/CRDImages/ad/original/65027.jpg,1,,,
14125,Bobbin Lace Sample,Sample,ca. 1812,,,,"Linen (?), bobbin lace",43 1/2 x 2 3/4 in. (110.5 x 7 cm),American,,,,Birds,,,,,,,The American Wing,,,False,True,https://www.metmuseum.org/art/collection/search/14125,https://images.metmuseum.org/CRDImages/ad/original/61573.jpg,1,,,
9213,Vase,Vase,1770–1800,,,,Free-blown amber glass,H. 7 7/8 in. (20 cm),American,United States,,,,,,,,,,The American Wing,,,False,True,https://www.metmuseum.org/art/collection/search/9213,https://images.metmuseum.org/CRDImages/ad/original/DP234115.jpg,0,https://www.wikidata.org/wiki/Q116330335,,
5119,Medallion,Medallion,1800–1830,,,,Bronze,Diam. 1 5/8 in. (4.1 cm),American,United States,Mid-Atlantic,New York,Men|Profiles,B. L. Vett,Maker,American,,9999,,The American Wing,,,False,True,https://www.metmuseum.org/art/collection/search/5119,https://images.metmuseum.org/CRDImages/ad/original/LC-83_2_212-001.jpg,1,,,
204285,Angel sitting on a bracket,Crèche figure,second half 18th century,,,,"Wood, polychromed and gilt",H. ca. 4 in. (10.2 cm),"probably Ecuadoran, Quito",Peru,,,,,,,,,,The American Wing,,,False,True,https://www.metmuseum.org/art/collection/search/204285,https://images.metmuseum.org/CRDImages/ad/original/180753.jpg,0,,,
16091,"Gate of the Highlands, Cornwall, 1871 (from Sketchbook)",Drawing,ca. 1870,,,,Graphite on paper,5 1/2 x 8 3/4 in. (14 x 22.2 cm),American,,,,Mountains,Daniel Huntington,Artist,American,1816,1906,,The American Wing,,"American, New York 1816–1906 New York",False,True,https://www.metmuseum.org/art/collection/search/16091,https://images.metmuseum.org/CRDImages/ad/original/264330.jpg,0,,https://www.wikidata.org/wiki/Q323987,http://vocab.getty.edu/page/ulan/500017937
14962,Sketchbook,Sketchbook,ca. 1860,,,,"Drawings in pen and brown and black ink, graphite, and Conté crayon on off-white wove paper, bound in black coated Bristol board","Cover: 8 1/16 in. × 11 in. (20.5 × 27.9 cm)
Sheet: 8 1/16 in. × 11 in. (20.5 × 27.9 cm)",American,,,,,John Quincy Adams Ward,Artist,American,1830,1910,,The American Wing,,"American, Urbana, Ohio 1830–1910 New York",False,True,https://www.metmuseum.org/art/collection/search/14962,https://images.metmuseum.org/CRDImages/ad/original/266079.jpg,0,,https://www.wikidata.org/wiki/Q2069921,http://vocab.getty.edu/page/ulan/500023733
1638,Side chair,Side chair,1795–1800,,,,Mahogany,38 3/4 x 21 1/4 x 20 1/2 in. (98.4 x 54 x 52.1 cm),American,United States,New England,,,,,,,,,The American Wing,,,False,True,https://www.metmuseum.org/art/collection/search/1638,https://images.metmuseum.org/CRDImages/ad/original/194400.jpg,0,https://www.wikidata.org/wiki/Q116372052,,
3129,Desk,Desk,1760–90,,,,"Mahogany, white pine",44 3/4 x 47 1/4 x 24 3/4 in. (113.7 x 120 x 62.9 cm),American,United States,New England,Boston,,,,,,,,The American Wing,,,False,True,https://www.metmuseum.org/art/collection/search/3129,https://images.metmuseum.org/CRDImages/ad/original/12029.jpg,0,,,
319214,Firebag,Bag,ca. 1820,,,,"Wool, silk, glass, metal",H. 21 x W. 9 1/4 in. (53.3 x 23.5 cm),Ojibwa or Cree,Canada,,,,,,,,,,The American Wing,,,False,True,https://www.metmuseum.org/art/collection/search/319214,https://images.metmuseum.org/CRDImages/ad/original/DT263532.jpg,1,,,
8009,Sugar Tongs,Tongs,ca. 1820,,,,Silver,L. 6 1/2 in. (16.5 cm),American,United States,Mid-Atlantic,New York,,Joseph D. Chase,Maker,American,1817,1839,,The American Wing,,active ca. 1820–39,False,True,https://www.metmuseum.org/art/collection/search/8009,https://images.metmuseum.org/CRDImages/ad/original/10564_94.3.5.jpg,0,https://www.wikidata.org/wiki/Q116342540,,
7161,Sauce Dish,Sauce dish,1870–90,,,,Pressed yellow glass,H. 2 1/2 in. (6.4 cm); Diam. 4 1/2 in. (11.4 cm),American,United States,Mid-Atlantic,Pittsburgh,,Adams and Company,Maker,American,,9999,,The American Wing,,,False,True,https://www.metmuseum.org/art/collection/search/7161,https://images.metmuseum.org/CRDImages/ad/original/181934.jpg,0,https://www.wikidata.org/wiki/Q116347192,https://www.wikidata.org/wiki/Q56033713,(not assigned)
13347,Reading the Scriptures,Watercolor,1874,,,,"Watercolor, gouache, and graphite on light tan wove paper",14 15/16 x 10 3/4 in. (38 x 27.3 cm),American,,,,Men|Reading,Thomas Waterman Wood,Artist,American,1823,1903,,The American Wing,,"American, Montpelier, Vermont 1823–1903 New York",False,True,https://www.metmuseum.org/art/collection/search/13347,https://images.metmuseum.org/CRDImages/ad/original/ap66.140.jpg,3,https://www.wikidata.org/wiki/Q19924457,https://www.wikidata.org/wiki/Q7794913,http://vocab.getty.edu/page/ulan/500017367
12017,Robert Louis Stevenson,Medallion,"1887–88, cast 1898",,,,Bronze,Diam. 17 7/8 in. (45.4 cm),American,,,,Men|Profiles,Augustus Saint-Gaudens,Artist,American,1848,1907,,The American Wing,,"American, Dublin 1848–1907 Cornish, New Hampshire",False,True,https://www.metmuseum.org/art/collection/search/12017,https://images.metmuseum.org/CRDImages/ad/original/DP169694.jpg,0,,https://www.wikidata.org/wiki/Q770625,http://vocab.getty.edu/page/ulan/500124332
4832,Sugar bowl,Sugar bowl,1862–63,,,,Silver,9 1/16 x 6 1/4 in. (23 x 15.9 cm),American,United States,Mid-Atlantic,New York,Factories|Men,Wood and Hughes,Maker,American,1845,1899,,The American Wing,,1845–99,False,True,https://www.metmuseum.org/art/collection/search/4832,https://images.metmuseum.org/CRDImages/ad/original/DP157655.jpg,0,https://www.wikidata.org/wiki/Q116366102,,
665565,"""Calabash"" bottle",Bottle,1820–50,,,,Glass; blown-molded,5 3/4 × 4 in. (14.6 × 10.2 cm),American,United States,Mid-Atlantic,,,,,,,,,The American Wing,,,False,True,https://www.metmuseum.org/art/collection/search/665565,https://images.metmuseum.org/CRDImages/ad/original/DP704310.jpg,0,https://www.wikidata.org/wiki/Q116726427,,
9901,Wine Glass,Wine glass,1700–1900,,,,Free-blown glass,H. 3 in. (7.6 cm),American,United States,,,,,,,,,,The American Wing,,,False,True,https://www.metmuseum.org/art/collection/search/9901,https://images.metmuseum.org/CRDImages/ad/original/19291.jpg,0,https://www.wikidata.org/wiki/Q116393277,,
19785,Decanter with stopper,Decanter with stopper,1890–1900,,,,"Glass, wheel cut",8 7/8 x 3 3/8 x 3 3/8 in. (22.5 x 8.6 x 8.6 cm),American,United States,Mid-Atlantic,New York,,Baccarat,Maker,French,1764,9999,,The American Wing,,"French, founded 1764",False,True,https://www.metmuseum.org/art/collection/search/19785,https://images.metmuseum.org/CRDImages/ad/original/DP228128.jpg,1,https://www.wikidata.org/wiki/Q116328237,https://www.wikidata.org/wiki/Q788088,http://vocab.getty.edu/page/ulan/500124177
4439,Inkwell,Inkwell,1800–1900,,,,Lacy pressed blue glass,H. 1 7/8 in. (4.8 cm); Diam. 3 1/2 in. (8.9 cm),,,,,,,,,,,,The American Wing,,,False,True,https://www.metmuseum.org/art/collection/search/4439,https://images.metmuseum.org/CRDImages/ad/original/153294.jpg,0,https://www.wikidata.org/wiki/Q116392013,,
15514,Sketch of Rocky Cliffside (from Sketchbook X),Drawing,1885,,,,Graphite on off-white wove paper,5 x 7 1/2 in. (12.7 x 19.1 cm),American,,,,Trees,William Trost Richards,Artist,American,1833,1905,,The American Wing,,"American, Philadelphia, Pennsylvania 1833–1905 Newport, Rhode Island",False,True,https://www.metmuseum.org/art/collection/search/15514,https://images.metmuseum.org/CRDImages/ad/original/257718.jpg,0,,https://www.wikidata.org/wiki/Q1985982,http://vocab.getty.edu/page/ulan/500014455
528,Birth and Baptismal Certificate,"Birth and baptismal certificate, Fraktur",1822,,,,Ink and watercolor on paper,12 3/8 x 15 5/8 in. (31.4 x 39.7 cm),American,United States,Mid-Atlantic,,Flowers,,,,,,,The American Wing,,,False,True,https://www.metmuseum.org/art/collection/search/528,https://images.metmuseum.org/CRDImages/ad/original/DP255525.jpg,2,,,
4184,Furniture Hardware,Furniture hardware,1670–1870,,,,Brass,Dimensions unavailable,,,,,,,,,,,,The American Wing,,,False,True,https://www.metmuseum.org/art/collection/search/4184,https://images.metmuseum.org/CRDImages/ad/original/35378.jpg,0,,,
1988,Chest,Chest,1685–1700,,,,"Red oak, white oak, hard maple, white pine",28 x 42 x 21 in. (71.1 x 106.7 x 53.3 cm),American,United States,New England,Ipswich,,the Searle-Dennis shop tradition,Artist,American,,,,The American Wing,,,False,True,https://www.metmuseum.org/art/collection/search/1988,https://images.metmuseum.org/CRDImages/ad/original/85H_ACF3085R4.jpg,2,,,
20443,Brooch,Brooch,ca. 1860,,,,"Hair, gold, enamel",2 3/8 in. (6 cm),American,United States,,,,,,,,,,The American Wing,,,False,True,https://www.metmuseum.org/art/collection/search/20443,https://images.metmuseum.org/CRDImages/ad/original/DP-42527-001.jpg,0,,,
2410,Covered jar,Jar,ca. 1820–60,,,,Earthenware,H. 10 in. (25.4 cm); Diam. 6 1/2 in. (16.5 cm),American,United States,New England,,,,,,,,,The American Wing,,,False,True,https://www.metmuseum.org/art/collection/search/2410,https://images.metmuseum.org/CRDImages/ad/original/DP207776.jpg,1,https://www.wikidata.org/wiki/Q116371420,,
13313,Evening in the Woods,Painting,1876,,,,Oil on canvas,42 5/16 x 36 1/8 in. (107.5 x 91.7 cm),American,,,,Landscapes|Trees,Worthington Whittredge,Artist,American,1820,1910,,The American Wing,,"Springfield, Ohio 1820–1910 Summit, New Jersey",False,True,https://www.metmuseum.org/art/collection/search/13313,https://images.metmuseum.org/CRDImages/ad/original/APS2208.jpg,0,https://www.wikidata.org/wiki/Q19924704,https://www.wikidata.org/wiki/Q1370512,http://vocab.getty.edu/page/ulan/500017639
4389,Honey dish,Honey dish,1850–60,,,,"Pressed glass, diamond thumbprint",Diam. 3 1/2 in. (8.9 cm),American,United States,Mid-Atlantic,Pittsburgh,,,,,,,,The American Wing,,,False,True,https://www.metmuseum.org/art/collection/search/4389,https://images.metmuseum.org/CRDImages/ad/original/DP208109.jpg,0,https://www.wikidata.org/wiki/Q116367225,,
10459,Strawberry Pedlar,Painting,1870s,,,,Oil on slate paper,6 1/8 x 9 1/4 in. (15.6 x 23.5 cm),American,,,,Houses|Strawberries|Men|Women|Dogs,William P. Chappel,Artist,American,1801,1878,,The American Wing,,"American, 1801–1878",False,True,https://www.metmuseum.org/art/collection/search/10459,https://images.metmuseum.org/CRDImages/ad/original/DP-1427-045.jpg,2,https://www.wikidata.org/wiki/Q20175681,https://www.wikidata.org/wiki/Q20822488,http://vocab.getty.edu/page/ulan/500524275
10750,Dr. Valentine Mott,"Painting, miniature",ca. 1820,,,,Watercolor on ivory,Sight: 2 7/8 x 2 1/2 in. (7.3 x 6.4 cm),American,,,,Men|Portraits,Anson Dickinson,Artist,American,1779,1852,,The American Wing,,1779–1852,False,True,https://www.metmuseum.org/art/collection/search/10750,https://images.metmuseum.org/CRDImages/ad/original/ap25.106.11.jpg,0,https://www.wikidata.org/wiki/Q20177970,https://www.wikidata.org/wiki/Q4770718,http://vocab.getty.edu/page/ulan/500006162
483,Portrait of Benjamin Franklin,Painting,1776–1883,,,,Panel,5 3/8 x 4 in. (13.7 x 10.2 cm),,France,,,Benjamin Franklin|Men|Portraits,,,,,,,The American Wing,,,False,True,https://www.metmuseum.org/art/collection/search/483,https://images.metmuseum.org/CRDImages/ad/original/25596.jpg,1,https://www.wikidata.org/wiki/Q79023574,,
3626,Hobnail Finger Bowl,Finger bowl,after 1886,,,,Pressed cranberry and opalescent glass,H. 2 3/4 in. (7 cm); Diam. 5 in. (12.7 cm),American,United States,Southern,Wheeling,,"Hobbs, Brockunier and Company",Maker,American,1863,1891,,The American Wing,,1863–1891,False,True,https://www.metmuseum.org/art/collection/search/3626,https://images.metmuseum.org/CRDImages/ad/original/DP241416.jpg,0,https://www.wikidata.org/wiki/Q116370302,https://www.wikidata.org/wiki/Q16997505,http://vocab.getty.edu/page/ulan/500330432
4723,Chimney Lamp,Chimney lamp,1800–1900,,,,Blown pattern-molded glass,H. 16 1/2 in. (41.9 cm),American,United States,,,,,,,,,,The American Wing,,,False,True,https://www.metmuseum.org/art/collection/search/4723,https://images.metmuseum.org/CRDImages/ad/original/8320.jpg,0,,,
9795,Whiskey mug,Whiskey mug,1850–60,,,,"Pressed glass, diamond thumbprint",H. 2 7/8 in. (7.3 cm),American,United States,Mid-Atlantic,Pittsburgh,,,,,,,,The American Wing,,,False,True,https://www.metmuseum.org/art/collection/search/9795,https://images.metmuseum.org/CRDImages/ad/original/DP208115.jpg,0,https://www.wikidata.org/wiki/Q116335788,,
8443,Tea Spoon,Spoon,1800–1830,,,,Silver,L. 6 in. (15.2 cm),American,United States,New England,New Haven,,Marcus Merriman and Company,Maker,American,1802,1817,,The American Wing,,1802–17,False,True,https://www.metmuseum.org/art/collection/search/8443,https://images.metmuseum.org/CRDImages/ad/original/97957.jpg,0,https://www.wikidata.org/wiki/Q116342719,,
4769,Leather chair,Chair,1723–45,,,,"Soft maple, ash",45 3/4 x 18 1/4 x 14 1/2 in. (116.2 x 46.4 x 36.8 cm),American,United States,New England,Boston,,,,,,,,The American Wing,,,False,True,https://www.metmuseum.org/art/collection/search/4769,https://images.metmuseum.org/CRDImages/ad/original/85D_ACF133R5.jpg,1,https://www.wikidata.org/wiki/Q116366276,,
8757,Toothpick Holder,Toothpick holder,ca. 1888,,,,Pressed yellow glass,H. 2 3/16 in. (5.6 cm); Diam. 3 3/8 in. (8.6 cm),American,United States,Mid-Atlantic,Tarentum,,Richards and Hartley Flint Glass Co.,Maker,American,1867,1890,,The American Wing,,ca. 1870–1890,False,True,https://www.metmuseum.org/art/collection/search/8757,https://images.metmuseum.org/CRDImages/ad/original/182046.jpg,0,https://www.wikidata.org/wiki/Q116338247,,
677910,Untitled (Cracked Watermelon),Painting,ca. 1890,,,,Oil on canvas,19 1/8 × 28 3/16 in. (48.6 × 71.6 cm),American,United States,New England United States,Hartford,Fruit|Still Life,Charles Ethan Porter,Artist,American,1847,1923,,The American Wing,,1847–1923,True,True,https://www.metmuseum.org/art/collection/search/677910,https://images.metmuseum.org/CRDImages/ad/original/DP348567.jpg,0,https://www.wikidata.org/wiki/Q19925323,https://www.wikidata.org/wiki/Q5077434,http://vocab.getty.edu/page/ulan/500122066
16706,Mythological Figure Group (from Sketchbook),Drawing,ca. 1860,,,,Graphite on paper,9 1/16 × 8 5/8 in. (23 × 21.9 cm),American,,,,Men|Female Nudes,John Quincy Adams Ward,Artist,American,1830,1910,,The American Wing,,"American, Urbana, Ohio 1830–1910 New York",False,True,https://www.metmuseum.org/art/collection/search/16706,https://images.metmuseum.org/CRDImages/ad/original/266096.jpg,0,,https://www.wikidata.org/wiki/Q2069921,http://vocab.getty.edu/page/ulan/500023733
9014,Tumbler,Tumbler,1775–1820,,,,Non-lead glass with engraved decoration,H. 5 in. (12.7 cm),,Czech Republic,Bohemia,,,,,,,,,The American Wing,,,False,True,https://www.metmuseum.org/art/collection/search/9014,https://images.metmuseum.org/CRDImages/ad/original/37743.jpg,0,https://www.wikidata.org/wiki/Q116334643,,
7174,Sauce Dish,Sauce dish,1870–90,,,,Pressed purple marble glass,H. 2 3/8 in. (6 cm); Diam. 4 in. (10.2 cm),American,United States,Mid-Atlantic,Tarentum,,"Challinor, Taylor and Company",Maker,American,1866,1891,,The American Wing,,1866–1891,False,True,https://www.metmuseum.org/art/collection/search/7174,https://images.metmuseum.org/CRDImages/ad/original/DP238680.jpg,0,https://www.wikidata.org/wiki/Q116346962,,
5904,Plate of Benjamin Franklin,Plate,1776–1883,,,,Faience,Diam. 8 3/4 in. (22.2 cm),French,France,,,Benjamin Franklin|Portraits,Emile Dupont-Zipcy,Designer,,1822,1885,,The American Wing,,1822–1885,False,True,https://www.metmuseum.org/art/collection/search/5904,https://images.metmuseum.org/CRDImages/ad/original/DP248084.jpg,0,https://www.wikidata.org/wiki/Q116356505,https://www.wikidata.org/wiki/Q98831465,
11940,George Washington,Sculpture,1875,,,,Bronze,"29 × 10 1/2 × 9 1/2 in., 64 lb. (73.7 × 26.7 × 24.1 cm, 29 kg)",American,,,,George Washington,John Rogers,Artist,American,1829,1904,,The American Wing,,"American, Salem, Massachusetts 1829–1904 New Canaan, Connecticut",False,True,https://www.metmuseum.org/art/collection/search/11940,https://images.metmuseum.org/CRDImages/ad/original/DP-32354-001.jpg,5,,https://www.wikidata.org/wiki/Q143750,http://vocab.getty.edu/page/ulan/500004980
3561,Ewer,Ewer,1830–70,,,,Parian porcelain,H. 12 in. (30.5 cm),American,United States,New England,Bennington,Grapes|Flowers,,,,,,,The American Wing,,,False,True,https://www.metmuseum.org/art/collection/search/3561,https://images.metmuseum.org/CRDImages/ad/original/DP265358.jpg,2,https://www.wikidata.org/wiki/Q116370356,,
319201,Figurine,Doll,ca. 1879,,,,"Ceramic, pigment",H. 4 3/8 x W. 2 1/4 in. (11.1 x 5.7 cm),Zuni,United States,,,Human Figures,,,,,,,The American Wing,,,False,True,https://www.metmuseum.org/art/collection/search/319201,https://images.metmuseum.org/CRDImages/ad/original/DT263016.jpg,2,,,
20075,Vase,Vase,ca. 1885–89,,,,Stoneware,8 1/16 x 4 3/16 in. (20.5 x 10.6 cm),American,United States,New England United States,Chelsea,,Chelsea Keramic Art Works,Manufacturer,American,1872,1889,,The American Wing,,1872–1889,False,True,https://www.metmuseum.org/art/collection/search/20075,https://images.metmuseum.org/CRDImages/ad/original/L.2009.22.145.jpg,1,https://www.wikidata.org/wiki/Q116393831,,
406,Beaker,Beaker,ca. 1730,,,,Silver,"Overall: H. 4 1/2 in. (11.4 cm); 6 oz. 8 dwt. (199.4 g)
Lip: Diam. 4 1/16 in. (10.3 cm)
Base: Diam. 3 5/16 in. (8.4 cm)",American,United States,New England,Bristol,,Joseph Russell,Maker,American,1702,1780,,The American Wing,,1702–1780,False,True,https://www.metmuseum.org/art/collection/search/406,https://images.metmuseum.org/CRDImages/ad/original/DP106818.jpg,1,https://www.wikidata.org/wiki/Q116373409,,
20414,Eye of Maria Miles Heyward,"Painting, miniature",ca. 1802,,,,Watercolor on ivory,3/8 in. (1 cm),American,,,,Eyes,Edward Greene Malbone,Artist,American,1777,1807,,The American Wing,,1777–1807,True,True,https://www.metmuseum.org/art/collection/search/20414,https://images.metmuseum.org/CRDImages/ad/original/DP-40088-001.jpg,2,https://www.wikidata.org/wiki/Q20177846,https://www.wikidata.org/wiki/Q1292928,http://vocab.getty.edu/page/ulan/500023492
4991,Matchsafe,Matchsafe,1830–70,,,,Parian porcelain,4 1/4 x 4 3/4 x 3 in. (10.8 x 12.1 x 7.6 cm),American,United States,New England,Bennington,Dogs,,,,,,,The American Wing,,,False,True,https://www.metmuseum.org/art/collection/search/4991,https://images.metmuseum.org/CRDImages/ad/original/DP265359.jpg,0,https://www.wikidata.org/wiki/Q116365882,,
21362,Armchair,Armchair,1881–82,,,,"Gilded wood, mother-of-pearl, and original silk velvet upholstery",33 1/2 x 27 x 28 in. (85.1 x 68.6 x 71.1 cm),American,United States,Mid-Atlantic,New York,,Herter Brothers,Maker,American,1864,1906,,The American Wing,,"German, active New York, 1864–1906",False,True,https://www.metmuseum.org/art/collection/search/21362,https://images.metmuseum.org/CRDImages/ad/original/DP370496.jpg,5,https://www.wikidata.org/wiki/Q116325413,https://www.wikidata.org/wiki/Q1614654,http://vocab.getty.edu/page/ulan/500274670
5776,Pitcher,Pitcher,1850–75,,,,Blown glass with applied decoration,H. 6 1/2 in. (16.5 cm),American,United States,New England,Sandwich,,Boston & Sandwich Glass Company,Maker,American,1825,1888,,The American Wing,,"American, 1825–1888, Sandwich, Massachusetts",False,True,https://www.metmuseum.org/art/collection/search/5776,https://images.metmuseum.org/CRDImages/ad/original/DP207755.jpg,0,https://www.wikidata.org/wiki/Q116360450,https://www.wikidata.org/wiki/Q4948224,http://vocab.getty.edu/page/ulan/500334773
3071,Decanter,Decanter,1815–41,,,,Blown-molded glass,H. 7 in. (17.8 cm),American,United States,New England,Keene,,Keene Glass Works,Manufacturer,American,1815,1815,,The American Wing,,1815–41,False,True,https://www.metmuseum.org/art/collection/search/3071,https://images.metmuseum.org/CRDImages/ad/original/DP206748.jpg,1,https://www.wikidata.org/wiki/Q116370735,,http://vocab.getty.edu/page/ulan/500330082
7756,Spoon,Spoon,1700–1900,,,,"Horn, ivory",H. 8 1/2 in. (21.6 cm),,,,,,,,,,,,The American Wing,,,False,True,https://www.metmuseum.org/art/collection/search/7756,https://images.metmuseum.org/CRDImages/ad/original/12906.jpg,0,https://www.wikidata.org/wiki/Q116392823,,
2454,Covered Sauceboat,Sauceboat,1790–1800,,,,Porcelain,H. 6 7/16 in. (16.4 cm),"Chinese, for American market",China,,,,,,,,,,The American Wing,,,False,True,https://www.metmuseum.org/art/collection/search/2454,https://images.metmuseum.org/CRDImages/ad/original/171552.jpg,0,https://www.wikidata.org/wiki/Q116371367,,
12757,A View of the Potomac at Harpers Ferry,Watercolor,1811–ca. 1813,,,,Watercolor and gouache on white laid paper,5 1/2 x 8 5/8 in. (14 x 21.9 cm),American,,,,Rivers|Landscapes,Pavel Petrovich Svinin,Artist,Russian,1787,1839,,The American Wing,,1787/88–1839,False,True,https://www.metmuseum.org/art/collection/search/12757,https://images.metmuseum.org/CRDImages/ad/original/DP153935.jpg,2,https://www.wikidata.org/wiki/Q20178075,https://www.wikidata.org/wiki/Q3210067,http://vocab.getty.edu/page/ulan/500176559
6151,Plate,Plate,1815–25,,,,Pewter,H. 1/2 in. (1.3 cm); Diam. 8 in. (20.3 cm),American,United States,New England,Middletown,,Jehiel Johnson,Maker,American,1781,1833,,The American Wing,,ca. 1784–1833,False,True,https://www.metmuseum.org/art/collection/search/6151,https://images.metmuseum.org/CRDImages/ad/original/132020.jpg,0,https://www.wikidata.org/wiki/Q116365026,,
13344,A Bit of War History: The Veteran,Painting,1866,,,,Oil on canvas,"28 1/4 x 20 1/4 in. (71.8 x 51.4 cm)
(framed with 84.12a and 84.12b)",American,,,,Soldiers|American Civil War|Men,Thomas Waterman Wood,Artist,American,1823,1903,,The American Wing,,"American, Montpelier, Vermont 1823–1903 New York",True,True,https://www.metmuseum.org/art/collection/search/13344,https://images.metmuseum.org/CRDImages/ad/original/DT2078.jpg,0,https://www.wikidata.org/wiki/Q20169687,https://www.wikidata.org/wiki/Q7794913,http://vocab.getty.edu/page/ulan/500017367
6220,Plate,Plate,ca. 1818–ca. 1846,,,,"Earthenware, transfer-printed",Diam. 8 1/2 in. (21.6 cm),British (American market),England,West Midlands,,Buildings|Flowers|Carriages,Enoch Wood & Sons,Maker,British,1818,1846,,The American Wing,,"British, active Burslem, 1818–46",False,True,https://www.metmuseum.org/art/collection/search/6220,https://images.metmuseum.org/CRDImages/ad/original/24445.jpg,2,https://www.wikidata.org/wiki/Q116364205,,http://vocab.getty.edu/page/ulan/500524525
16057,"Bridge Over the Kishore, 1904 (from Sketchbook)",Drawing,1904,,,,Graphite on paper,5 7/8 x 8 5/8 in. (14.9 x 21.9 cm),American,,,,Bridges,Mary Newbold Sargent,Artist,American,1826,1906,,The American Wing,,1826–1906,False,True,https://www.metmuseum.org/art/collection/search/16057,https://images.metmuseum.org/CRDImages/ad/original/263768.jpg,0,,https://www.wikidata.org/wiki/Q56739442,
8003,Pepper Box,Caster,ca. 1725,,,,Silver,"Overall: 3 5/8 x 2 15/16 in. (9.2 x 7.5 cm); 2 oz. 14 dwt. (84 g)
Base: Diam. 1 15/16 in. (4.9 cm)
Body: H. 2 7/16 in. (6.2 cm); 1 oz. 19 dwt. (61 g)
Cover: H. 1 3/8 in. (3.5 cm); Diam. 2 1/8 in. (5.4 cm); 15 dwt. (23 g)",American,United States,New England,Boston,,William Pollard,Maker,American,1690,1740,,The American Wing,,1690–1740,False,True,https://www.metmuseum.org/art/collection/search/8003,https://images.metmuseum.org/CRDImages/ad/original/24.109.31ab-6269-HR.jpg,1,,,
14012,Sample,Sample,1700–1900,,,,"Linen, woven",3 1/8 x 3 3/8 in. (7.9 x 8.6 cm),American,United States,Mid-Atlantic,,,,,,,,,The American Wing,,,False,True,https://www.metmuseum.org/art/collection/search/14012,https://images.metmuseum.org/CRDImages/ad/original/62984.jpg,0,,,
5488,Oyster plate,Oyster plate,1881,,,,Porcelain,8 9/16 x 6 1/2 in. (21.7 x 16.5 cm),American,United States,Mid-Atlantic,Brooklyn,Shells,Union Porcelain Works,Maker,American,1863,1922,,The American Wing,,1863–1922,False,True,https://www.metmuseum.org/art/collection/search/5488,https://images.metmuseum.org/CRDImages/ad/original/DP208138.jpg,2,https://www.wikidata.org/wiki/Q116365001,https://www.wikidata.org/wiki/Q18356506,http://vocab.getty.edu/page/ulan/500333024
20424,Coffeepot,Coffeepot,ca. 1830,,,,silver,9 1/8 x 13 5/8 x 5 1/2 in. (23.2 x 34.6 x 14 cm) 37 oz. 19 dwt (1181 g),American,United States,Mid-Atlantic,Philadelphia,,Robert and William Wilson,Maker,American,1825,1846,,The American Wing,,active ca. 1825–ca.1846,False,True,https://www.metmuseum.org/art/collection/search/20424,https://images.metmuseum.org/CRDImages/ad/original/DP222669.jpg,3,https://www.wikidata.org/wiki/Q116327339,,
2828,Cup,Cup,19th century,,,,Blown glass,H. 2 1/2 in. (6.4 cm); Diam. 2 3/8 in. (6 cm),American,United States,New England,East Cambridge,,New England Glass Company,Maker,American,1818,1888,,The American Wing,,"American, East Cambridge, Massachusetts, 1818–1888",False,True,https://www.metmuseum.org/art/collection/search/2828,https://images.metmuseum.org/CRDImages/ad/original/DP241641.jpg,0,https://www.wikidata.org/wiki/Q116370898,https://www.wikidata.org/wiki/Q17083157,http://vocab.getty.edu/page/ulan/500356007
6027,Cup Plate,Cup plate,ca. 1830–ca. 1870,,,,"Earthenware, transfer-printed",Diam. 3 3/4 in. (9.5 cm),British (American market),England,West Midlands,,Men,,,,,,,The American Wing,,,False,True,https://www.metmuseum.org/art/collection/search/6027,https://images.metmuseum.org/CRDImages/ad/original/123829.jpg,0,https://www.wikidata.org/wiki/Q116354067,,
816271,Bedcover with appliqued crewel embroidery motifs,Bedcover,ca. 1760 original embroidery,,,,"Linen, embroidered with wool and silk",88 1/2 × 68 5/8 in. (224.8 × 174.3 cm),American,United States,,,,Cabot family,Artist,American,,,,The American Wing,,"American (Massachusetts), 18th century",False,True,https://www.metmuseum.org/art/collection/search/816271,https://images.metmuseum.org/CRDImages/ad/original/DP-22361-001.jpg,15,,,
694642,"The Trees, Early Afternoon, France",Painting,ca. 1905,,,,Oil on canvas,20 × 26 in. (50.8 × 66 cm),American,,,,Landscapes,William A. Harper,Artist,"American, born Canada",1873,1910,,The American Wing,,"American (born Canada), Cayuga 1873–1910 Mexico City",True,True,https://www.metmuseum.org/art/collection/search/694642,https://images.metmuseum.org/CRDImages/ad/original/DP701344.jpg,1,https://www.wikidata.org/wiki/Q29961418,https://www.wikidata.org/wiki/Q29961432,
10038,Figure of a Tobacco Auctioneer,Figure,1800–1830,,,,Wood,18 3/4 in. H. (47.63) (0 cm H.),,,,,Men,,,,,,,The American Wing,,,False,True,https://www.metmuseum.org/art/collection/search/10038,https://images.metmuseum.org/CRDImages/ad/original/156520.jpg,0,https://www.wikidata.org/wiki/Q116378200,,
3060,Bust of Daniel Webster,Bust,1853,,,,Waxed plaster,H. 5 3/8 in. (13.7 cm),,France,,,Men|Portraits,Pierre Joseph Chardigny,Maker,,1794,1866,,The American Wing,,1794–1866,False,True,https://www.metmuseum.org/art/collection/search/3060,https://images.metmuseum.org/CRDImages/ad/original/34240.jpg,0,,,
15074,Anne Catherine Ward and John Ward,"Painting, miniature",ca. 1840,,,,Watercolor on ivory,3 1/8 x 2 5/8 in. (7.9 x 6.8 cm),American,,,,Boys|Girls|Portraits,Anne Hall,Artist,American,1792,1863,Female,The American Wing,,1792–1863,False,True,https://www.metmuseum.org/art/collection/search/15074,https://images.metmuseum.org/CRDImages/ad/original/APS6887.jpg,0,https://www.wikidata.org/wiki/Q20177390,https://www.wikidata.org/wiki/Q17423465,http://vocab.getty.edu/page/ulan/500001614
206736,Plaque,Plaque,late 17th century,,,,Silver,7 x 25 in.  (17.8 x 63.5 cm),Bolivia,Paraguay,,,,,,,,,,The American Wing,,,False,True,https://www.metmuseum.org/art/collection/search/206736,https://images.metmuseum.org/CRDImages/ad/original/DP105183.jpg,1,,,
6491,Bail Handle,Bail handle,1800–1900,,,,Brass,3 5/8 x 5 1/8 in. (9.2 x 13 cm),,,,,,,,,,,,The American Wing,,,False,True,https://www.metmuseum.org/art/collection/search/6491,https://images.metmuseum.org/CRDImages/ad/original/29543.jpg,0,,,
9119,Tumbler,Tumbler,after 1886,,,,Pressed colorless and cranberry glass,H. 3 13/16 in. (9.7 cm); Diam. 3 in. (7.6 cm),American,United States,Southern,Wheeling,,"Hobbs, Brockunier and Company",Maker,American,1863,1891,,The American Wing,,1863–1891,False,True,https://www.metmuseum.org/art/collection/search/9119,https://images.metmuseum.org/CRDImages/ad/original/DP241422.jpg,0,https://www.wikidata.org/wiki/Q116332013,https://www.wikidata.org/wiki/Q16997505,http://vocab.getty.edu/page/ulan/500330432
4304,Hinge,Hinge,1700–1800,,,,Wrought iron,7 1/8 x 3 1/4 in. (18.1 x 8.3 cm),American,United States,Mid-Atlantic,,,,,,,,,The American Wing,,,False,True,https://www.metmuseum.org/art/collection/search/4304,https://images.metmuseum.org/CRDImages/ad/original/146139.jpg,0,,,
5681,Pitcher,Pitcher,1800–1900,,,,Mottled brown earthenware,H. 5 1/2 in. (14 cm),American,United States,Midwest,,,,,,,,,The American Wing,,,False,True,https://www.metmuseum.org/art/collection/search/5681,https://images.metmuseum.org/CRDImages/ad/original/DP252565.jpg,1,https://www.wikidata.org/wiki/Q116392331,,
3585,Female Figure,Figure,1830–70,,,,Parian porcelain,4 x 2 x 2 1/8 in. (10.2 x 5.1 x 5.4 cm),American,United States,New England,Bennington,Women,,,,,,,The American Wing,,,False,True,https://www.metmuseum.org/art/collection/search/3585,https://images.metmuseum.org/CRDImages/ad/original/140871.jpg,0,https://www.wikidata.org/wiki/Q116370343,,
4534,Jelly Glass,Jelly glass,1785–1825,,,,Blown pattern-molded lead glass,H. 3 1/4 in. (8.3 cm); Diam. 2 1/8 in. (5.4 cm),American or British,England,,,,,,,,,,The American Wing,,,False,True,https://www.metmuseum.org/art/collection/search/4534,https://images.metmuseum.org/CRDImages/ad/original/26009.jpg,0,https://www.wikidata.org/wiki/Q116366691,,
12821,"Hugh Mercer, Jr. (Study for ""The Death of General Mercer at the Battle of Princeton, Janury 3, 1777"")",Drawing,1791,,,,Graphite on off-white laid paper,4 15/16 x 3 1/8 in. (12.5 x 7.9 cm),American,,,,Men|Portraits,John Trumbull,Artist,American,1756,1843,,The American Wing,,"American, Lebanon, Connecticut 1756–1843 New York",False,True,https://www.metmuseum.org/art/collection/search/12821,https://images.metmuseum.org/CRDImages/ad/original/ap06.1346.2.jpg,1,https://www.wikidata.org/wiki/Q83559870,https://www.wikidata.org/wiki/Q369263,http://vocab.getty.edu/page/ulan/500016000
4935,"Mantel from Elias Hasket Derby House, Salem, Massachusetts",Mantel,1798,,,,"Wood, composition ornament",54 3/4 x 77 x 9 in. (139.1 x 195.6 x 22.9 cm),American,United States,New England,Salem,Garlands|Men|Women,Samuel McIntire,Maker,American,1757,1811,,The American Wing,,1757–1811,False,True,https://www.metmuseum.org/art/collection/search/4935,https://images.metmuseum.org/CRDImages/ad/original/DP146621.jpg,3,,https://www.wikidata.org/wiki/Q370420,http://vocab.getty.edu/page/ulan/500023295
