ObjectID,Title,Object Name,Date,Period,Dynasty,Reign,Medium,Dimensions,Culture,Country,Region,City,Subjects,Artist Name,Artist Role(s),Artist Nationality,Artist Date of Birth,Artist Date of Death,Artist Gender,department,classification,artistDisplayBio,isHighlight,isPublicDomain,objectURL,primaryImage,additionalImages_count,objectWikidata_URL,artistWikidata_URL,artistULAN_URL
467387,Panel with Bearded Man,Panel,19th century,,,,Bone,Overall: 4 1/4 x 1 1/16 x 1/2 in. (10.8 x 2.7 x 1.3 cm),European (Medieval style),,,,Profiles,,,,,,,Medieval Art,Bone,,False,True,https://www.metmuseum.org/art/collection/search/467387,https://images.metmuseum.org/CRDImages/md/original/sf30-95-206s1.jpg,1,,,
463595,Footed Cup with Falconer,Bowl,15th century,,,,"Earthenware, glazed","Overall: 4 7/16 x 5 3/8 in. (11.3 x 13.7 cm)
diam. of foot: 2 11/16 in. (6.9 cm)",Byzantine,,,,Men,,,,,,,Medieval Art,Ceramics,,False,True,https://www.metmuseum.org/art/collection/search/463595,https://images.metmuseum.org/CRDImages/md/original/sf12-45-1s7.jpg,6,https://www.wikidata.org/wiki/Q116276117,,
465318,Hairpin,Hairpin,7th century,,,,Gold,Overall: 5 1/16 x 7/16 x 3/16 in. (12.9 x 1.1 x 0.4 cm),Frankish,Northern France,,,,,,,,,,Medieval Art,Metalwork-Gold,,False,True,https://www.metmuseum.org/art/collection/search/465318,https://images.metmuseum.org/CRDImages/md/original/sf17-192-249s1.jpg,2,,,
478507,Vessel Fragment,Fragment,4th–7th century,,,,Alabaster,Overall: 1 7/8 x 1 9/16 x 13/16 in. (4.7 x 4 x 2 cm),Coptic,Byzantine Egypt,,,,,,,,,,Medieval Art,Lapidary Work-Alabaster,,False,True,https://www.metmuseum.org/art/collection/search/478507,https://images.metmuseum.org/CRDImages/md/original/Cop0302.jpg,0,,,
465535,Double-Sided Comb,Comb,7th century,,,,"Bone, iron pins",Overall: 5 1/16 x 1 3/4 x 9/16 in. (12.8 x 4.5 x 1.4 cm),Frankish,Germany,,Niederbreisig,,,,,,,,Medieval Art,Bone,,False,True,https://www.metmuseum.org/art/collection/search/465535,https://images.metmuseum.org/CRDImages/md/original/sf17-193-215s2.jpg,1,,,
477069,Glass Fragments from a Vessel,Fragment,4th–early 5th century,,,,Glass (green),Storage (petri dish diam.): 5 9/16 in. (14.1 cm),Coptic,Byzantine Egypt,,,,,,,,,,Medieval Art,Glass-Vessels,,False,True,https://www.metmuseum.org/art/collection/search/477069,https://images.metmuseum.org/CRDImages/md/original/cop0068.jpg,1,,,
696558,Fragment,Fragment,ca. 1150–ca. 1250,,,,"Glass, ceramic",L. 1 1/4 in. (3.2 cm),European or Middle Eastern,,,,,,,,,,,Medieval Art,Glass-Vessels,,False,True,https://www.metmuseum.org/art/collection/search/696558,https://images.metmuseum.org/CRDImages/md/original/28.99.474.jpg,4,,,
475008,Papyrus Fragment of a Letter,Fragment,580–640,,,,Papyrus with ink,"Overall: 6 7/8 x 5 7/8 in. (17.5 x 15 cm)
Framed: 7 1/2 x 6 7/16 in. (19 x 16.4 cm)",Coptic,Byzantine Egypt,,Thebes,,,,,,,,Medieval Art,Papyrus,,False,True,https://www.metmuseum.org/art/collection/search/475008,https://images.metmuseum.org/CRDImages/md/original/sf14-1-539s1.jpg,0,,,
464844,Disk Brooch,Brooch,6th century,,,,"Silver over iron core, garnet or glass paste, gold foil",Overall: 7/8 x 7/16 in. (2.2 x 1.1 cm),Frankish,,,,,,,,,,,Medieval Art,Metalwork-Silver,,False,True,https://www.metmuseum.org/art/collection/search/464844,https://images.metmuseum.org/CRDImages/md/original/sf17-191-151s1.jpg,1,,,
468551,Necklace,Necklace,6th–8th century,,,,"Gold, emeralds & agate intaglio","Overall: 15 11/16 x 1 7/8 x 3/16 in. (39.8 x 4.8 x 0.5 cm)
Pendant: 2 1/2 x 1 7/8 x 3/16 in. (6.3 x 4.8 x 0.5 cm)
Agate intaglio: 1 1/4 x 1 1/16 x 3/16 in. (3.2 x 2.7 x 0.5 cm)
Chain: 23 3/4 x 13/16 x 3/16 in. (60.4 x 2.1 x 0.5 cm)",Byzantine (?),,,,,,,,,,,Medieval Art,Metalwork-Gold,,False,True,https://www.metmuseum.org/art/collection/search/468551,https://images.metmuseum.org/CRDImages/md/original/sf58-43s1.jpg,4,,,
474486,Ostrakon,Ostrakon,7th century,,,,Limestone with ink inscription,4 1/8 x 3 11/16 in. (10.4 x 9.4 cm),Coptic,Byzantine Egypt,,,,,,,,,,Medieval Art,Miscellaneous-Stone,,False,True,https://www.metmuseum.org/art/collection/search/474486,https://images.metmuseum.org/CRDImages/md/original/sf12-180-74s1.jpg,1,,,
465593,Double-Sided Comb,Comb,7th century,,,,"Bone, iron pins",Overall: 3 3/8 x 1 3/8 x 1/2 in. (8.6 x 3.5 x 1.2 cm),Frankish,Germany,,Niederbreisig,,,,,,,,Medieval Art,Bone,,False,True,https://www.metmuseum.org/art/collection/search/465593,https://images.metmuseum.org/CRDImages/md/original/sf17-193-267s2.jpg,1,,,
464221,Oliphant,Oliphant,12th century,,,,"Elephant ivory, metal mounts",Overall: 16 15/16 x 3 9/16 in. (43 x 9 cm),South Italian,southern Italy,,,Eagles,,,,,,,Medieval Art,Ivories-Elephant,,False,True,https://www.metmuseum.org/art/collection/search/464221,https://images.metmuseum.org/CRDImages/md/original/DP302561.jpg,6,https://www.wikidata.org/wiki/Q116236486,,
479384,Manuscript Leaves from an Arabic Manuscript,Manuscript leaves,6th–14th century (?),,,,Ink on paper,Overall: 8 1/16 x 5 1/2 in. (20.5 x 13.9 cm),Arabic,Byzantine Egypt,,,Arabic,,,,,,,Medieval Art,Manuscripts and Illuminations,,False,True,https://www.metmuseum.org/art/collection/search/479384,https://images.metmuseum.org/CRDImages/md/original/sf21-148-6s1.jpg,3,,,
464905,Knob of Hairpin,Hairpin,100–500,,,,Gilt copper alloy,Overall: 1 1/8 x 7/8 in. (2.8 x 2.2 cm),Roman,,,,,,,,,,,Medieval Art,Metalwork-Copper alloy,,False,True,https://www.metmuseum.org/art/collection/search/464905,https://images.metmuseum.org/CRDImages/md/original/sf17-191-205s1.jpg,0,,,
463338,Key,Key,15th century,,,,Iron,Overall: 3 1/8 x 1 3/4 x 11/16 in. (7.9 x 4.5 x 1.7 cm),German,,,,,,,,,,,Medieval Art,Metalwork-Iron,,False,True,https://www.metmuseum.org/art/collection/search/463338,https://images.metmuseum.org/CRDImages/md/original/sf10-100-138s1.jpg,1,,,
468757,"Seal of Jean, Vicomte de Tripoli",Bulla,ca. 1175,,,,Lead,Overall: 1 7/16 x 1/4 in. (3.6 x 0.6 cm),Crusader,,,,Coat of Arms,,,,,,,Medieval Art,Metalwork-Lead,,False,True,https://www.metmuseum.org/art/collection/search/468757,https://images.metmuseum.org/CRDImages/md/original/sf74-51-5860s1.jpg,1,,,
465561,Double-Sided Comb,Comb,7th century,,,,"Bone, iron pins",Overall: 4 13/16 x 1 5/8 x 1/2 in. (12.3 x 4.1 x 1.2 cm),Frankish,Germany,,Niederbreisig,,,,,,,,Medieval Art,Bone,,False,True,https://www.metmuseum.org/art/collection/search/465561,https://images.metmuseum.org/CRDImages/md/original/sf17-193-238s2.jpg,0,,,
477283,Jug,Jug,4th–7th century,,,,Earthenware,Overall: 7 5/16 x 5 5/8 in. (18.5 x 14.3 cm),Coptic,Byzantine Egypt,,,,,,,,,,Medieval Art,Ceramics,,False,True,https://www.metmuseum.org/art/collection/search/477283,https://images.metmuseum.org/CRDImages/md/original/Cop0169s1.jpg,1,,,
465522,Rectangular Plaque,Plaque,500–700,,,,Copper alloy,Overall: 1 x 11/16 x 3/8 in. (2.5 x 1.8 x 0.9 cm),Frankish,Germany,,Niederbreisig,,,,,,,,Medieval Art,Metalwork-Copper alloy,,False,True,https://www.metmuseum.org/art/collection/search/465522,https://images.metmuseum.org/CRDImages/md/original/sf17-193-203s1.jpg,2,,,
474487,Ostrakon,Ostrakon,7th century,,,,Limestone with ink inscription,3 15/16 x 3 1/16 in. (10 x 7.7 cm),Coptic,Byzantine Egypt,,,,,,,,,,Medieval Art,Miscellaneous-Stone,,False,True,https://www.metmuseum.org/art/collection/search/474487,https://images.metmuseum.org/CRDImages/md/original/sf12-180-75s1.jpg,1,,,
464804,Hoop-Shaped Brooch,Brooch,second half 2nd century,,,,Copper Alloy,Overall: 1 13/16 x 3/8 x 1/2 in. (4.6 x 1 x 1.2 cm),Roman,,,,,,,,,,,Medieval Art,Metalwork-Bronze,,False,True,https://www.metmuseum.org/art/collection/search/464804,https://images.metmuseum.org/CRDImages/md/original/sf17-191-115s1.jpg,2,,,
479170,Glass Fragments,Fragment,4th century,,,,Glass (pink),Storage (petri dish diam.): 3 7/16 in. (8.8 cm),Coptic,Byzantine Egypt,,,,,,,,,,Medieval Art,Glass-Vessels,,False,True,https://www.metmuseum.org/art/collection/search/479170,https://images.metmuseum.org/CRDImages/md/original/cop0730.jpg,0,,,
478698,Oil Lamp,Lamp,4th–7th century,,,,Earthenware,Overall: 1 3/4 x 3 1/8 x 2 3/8 in. (4.5 x 8 x 6.1 cm),Coptic,Byzantine Egypt,,,,,,,,,,Medieval Art,Ceramics,,False,True,https://www.metmuseum.org/art/collection/search/478698,https://images.metmuseum.org/CRDImages/md/original/cop0419s1.jpg,0,,,
694366,Fragment,Glass fragment,ca. 1150–ca. 1250,,,,"Glass, ceramic",Diam. 2 1/2 in. (6.4 cm),European or Middle Eastern,,,,,,,,,,,Medieval Art,Glass-Vessels,,False,True,https://www.metmuseum.org/art/collection/search/694366,https://images.metmuseum.org/CRDImages/md/original/28.99.210.jpg,4,,,
477328,Cup,Cup,4th–7th century,,,,Earthenware,Overall: 3 1/8 x 3 3/4 x 3 7/8 in. (7.9 x 9.5 x 9.9 cm),Coptic,Byzantine Egypt,,,,,,,,,,Medieval Art,Ceramics,,False,True,https://www.metmuseum.org/art/collection/search/477328,https://images.metmuseum.org/CRDImages/md/original/cop0193s2.jpg,1,,,
464592,Saint Gregory as Pope,Statuette,ca. 1500,,,,Oak,Overall: 27 9/16 x 10 1/8 x 8 in. (70 x 25.7 x 20.3 cm),German,Germany,,Calcar,Men|Popes,,,,,,,Medieval Art,Sculpture-Wood,,False,True,https://www.metmuseum.org/art/collection/search/464592,https://images.metmuseum.org/CRDImages/md/original/sf17-190-720s1.jpg,7,,,
463825,The Entombment,Relief,early 16th century,,,,Oak,Overall: 21 7/8 x 18 1/8 x 5 5/16 in. (55.6 x 46 x 13.5 cm),South Netherlandish,Flanders,,Antwerp,Men|Christ|Virgin Mary,School of Antwerp,Artist,South Netherlandish,,,,Medieval Art,Sculpture-Wood,,False,True,https://www.metmuseum.org/art/collection/search/463825,https://images.metmuseum.org/CRDImages/md/original/sf16-32-221s1.jpg,9,,,
467589,Key,Key,15th century,,,,Iron,Overall: 4 13/16 x 1 5/8 x 9/16 in. (12.2 x 4.1 x 1.5 cm),German,,,,,,,,,,,Medieval Art,Metalwork-Iron,,False,True,https://www.metmuseum.org/art/collection/search/467589,https://images.metmuseum.org/CRDImages/md/original/sf32-75-63s1.jpg,1,,,
465967,Cupboard,Cupboard,ca. 1460,,,,Oak,43 1/2 × 40 1/2 × 19 1/4 in. (110.5 × 102.9 × 48.9 cm),French,,,,,,,,,,,Medieval Art,Woodwork-Furniture,,False,True,https://www.metmuseum.org/art/collection/search/465967,https://images.metmuseum.org/CRDImages/md/original/cdi1974-126-1.jpg,0,,,
478683,Bowl Fragment,Fragment,4th–7th century,,,,Earthenware,Overall: 1 1/2 x 7 13/16 x 4 9/16 in. (3.8 x 19.8 x 11.6 cm),Coptic,Byzantine Egypt,,,Bowls,,,,,,,Medieval Art,Ceramics,,False,True,https://www.metmuseum.org/art/collection/search/478683,https://images.metmuseum.org/CRDImages/md/original/cop0404s1.jpg,0,,,
474676,Papyrus Fragment of a Letter from Euprasius to Epiphanius,Fragment,7th century,,,,Papyrus and ink,"Overall: 1 x 4 3/4 in. (2.5 x 12 cm)
Framed: 1 3/4 x 5 3/16 in. (4.4 x 13.2 cm)",Coptic,Byzantine Egypt,,,Coptic|Documents,,,,,,,Medieval Art,Papyrus,,False,True,https://www.metmuseum.org/art/collection/search/474676,https://images.metmuseum.org/CRDImages/md/original/sf12-180-299s1.jpg,1,,,
474539,Ostrakon,Ostrakon,7th century,,,,Pottery fragment with ink inscription,2 5/8 x 4 3/16 in. (6.6 x 10.7 cm),Coptic,Byzantine Egypt,,,,,,,,,,Medieval Art,Ceramics,,False,True,https://www.metmuseum.org/art/collection/search/474539,https://images.metmuseum.org/CRDImages/md/original/sf12-180-125s1.jpg,1,,,
462999,High-Backed Chair,Chair,"15th–16th century, with modern repairs",,,,Wood,"H:75""  W:29 1/2""  D:19 1/2"" (190.5 x 74.9 x 49.5cm)",French,,,,,,,,,,,Medieval Art,Woodwork-Furniture,,False,True,https://www.metmuseum.org/art/collection/search/462999,https://images.metmuseum.org/CRDImages/md/original/cdi07-192.jpg,1,,,
470384,Saint Philip,Statuette,ca. 1450–60,,,,"Alabaster, with traces of gilding and polychromy","Overall (with base): 16 1/8 x 5 7/8 x 3 11/16 in. (41 x 15 x 9.4 cm)
Figure only: 13 1/8 x 5 7/8 x 3 11/16 in. (33.4 x 14.9 x 9.4 cm)
Base: 2 7/8 x 5 5/8 x 3 1/4in. (7.3 x 14.3 x 8.3cm)",North French or South Netherlandish,France or Netherlands,,,Cross|Saints,,,,,,,Medieval Art,Sculpture-Stone,,False,True,https://www.metmuseum.org/art/collection/search/470384,https://images.metmuseum.org/CRDImages/md/original/sf1999-15s1.jpg,8,https://www.wikidata.org/wiki/Q116256489,,
465360,Disk Brooch,Brooch,8th century (?),,,,"Silver, gold, garnets, glass",Overall: 1 5/8 x 3/8 in. (4.1 x 1 cm),Frankish,,,,,,,,,,,Medieval Art,Metalwork-Silver,,False,True,https://www.metmuseum.org/art/collection/search/465360,https://images.metmuseum.org/CRDImages/md/original/sf17-192-55s1.jpg,3,,,
475232,Textile fragment,Textile fragment,6th–7th century,,,,"Linen, wool",Overall: 2 3/4 x 9 1/4 in. (7 x 23.5 cm),Coptic,Byzantine Egypt,,,,,,,,,,Medieval Art,Textiles-Woven,,False,True,https://www.metmuseum.org/art/collection/search/475232,https://images.metmuseum.org/CRDImages/md/original/sftr-20-425-2002s1.jpg,2,,,
462972,Key,Key,1st–7th century,,,,Copper alloy,Overall: 1 1/4 x 11/16 x 3/8 in. (3.1 x 1.7 x 0.9 cm),Roman,,,,,,,,,,,Medieval Art,Metalwork-Bronze,,False,True,https://www.metmuseum.org/art/collection/search/462972,https://images.metmuseum.org/CRDImages/md/original/sf06-176-83s1.jpg,2,,,
32833,Manuscript Leaf Showing an Illuminated Initial A and The Resurrection,Manuscript cutting from an antiphonary,second half of 14th–early 15th century,,,,"Parchment, tempera, ink, metal leaf",11 3/16 x 10 3/8 in. (28.4 x 26.4 cm),North Italian,,,,Soldiers|Swords|Angels|Jesus,,,,,,,Medieval Art,Manuscripts and Illuminations,,False,True,https://www.metmuseum.org/art/collection/search/32833,https://images.metmuseum.org/CRDImages/md/original/tem2321-5.jpg,0,,,
468209,Marble Decorative Panels,Relief,10th–11th century,,,,Marble,Overall: 27 x 31 1/2 x 1 1/8 in. (68.6 x 80 x 2.9 cm),Byzantine,,,possibly Constantinople,,,,,,,,Medieval Art,Sculpture-Architectural,,False,True,https://www.metmuseum.org/art/collection/search/468209,https://images.metmuseum.org/CRDImages/md/original/sf47-100-47s1.jpg,1,https://www.wikidata.org/wiki/Q116276308,,
465842,Seal Box,Box,100–300,,,,"Champlevé enamel, bronze",Overall: 1 1/4 x 7/8 x 1/4 in. (3.2 x 2.3 x 0.6 cm),Roman,,,,,,,,,,,Medieval Art,Enamels-Champlevé,,False,True,https://www.metmuseum.org/art/collection/search/465842,https://images.metmuseum.org/CRDImages/md/original/sf17-194-1916s4.jpg,3,,,
469054,"Manuscript Leaf with the Trinity in an Initial G, from an Antiphonary",Antiphonary; Manuscript leaf,second half 15th century,,,,"Tempera, ink, and gold on parchment","Overall: 22 5/16 x 15 11/16 in. (56.7 x 39.9 cm)
Illumination: 5 11/16 x 6 3/8 in. (14.5 x 16.2 cm)
Mat Size: 28 15/16 x 22 15/16 in. (73.5 x 58.3 cm)",Italian,Italy,,Florence,Christ|Crucifixion,Master of the Riccardiana Lactantius,Artist,,,,,Medieval Art,Manuscripts and Illuminations,,False,True,https://www.metmuseum.org/art/collection/search/469054,https://images.metmuseum.org/CRDImages/md/original/DP165680.jpg,2,,,
463205,Pilasters,Pilaster,10th–11th century,,,,Marble (Carrara and Parian marble),"Overall (b): 40 3/8 x 9 5/8 x 6 3/4 in., 214lb. (102.6 x 24.4 x 17.1 cm, 97.1kg)
Overall (c): 40 5/8 x 9 5/8 x 6 7/8 in., 202lb. (103.2 x 24.4 x 17.5 cm, 91.6kg)",North Italian,Italy,,possibly Venice,Birds,,,,,,,Medieval Art,Sculpture-Architectural,,False,True,https://www.metmuseum.org/art/collection/search/463205,https://images.metmuseum.org/CRDImages/md/original/sf09-153bcs1.jpg,2,https://www.wikidata.org/wiki/Q116276602,,
474751,Ostrakon with a Letter,Ostrakon,600,,,,Pottery fragment with ink inscription,3 3/8 x 4 1/2 in. (8.5 x 11.5 cm),Coptic,Byzantine Egypt,,Thebes,,,,,,,,Medieval Art,Ceramics,,False,True,https://www.metmuseum.org/art/collection/search/474751,https://images.metmuseum.org/CRDImages/md/original/sf14-1-48s1.jpg,1,,,
465604,Equal-Arm Brooch,Brooch,ca. 650–750,,,,Copper alloy,Overall: 1 15/16 x 11/16 x 13/16 in. (5 x 1.8 x 2.1 cm),Frankish,Germany,,Niederbreisig,,,,,,,,Medieval Art,Metalwork-Copper alloy,,False,True,https://www.metmuseum.org/art/collection/search/465604,https://images.metmuseum.org/CRDImages/md/original/DP30184.jpg,1,,,
465520,Rectangular Plaque,Plaque,500–700,,,,Copper alloy,Overall: 1 1/4 x 3/4 x 1/4 in. (3.1 x 1.9 x 0.7 cm),Frankish,Germany,,Niederbreisig,,,,,,,,Medieval Art,Metalwork-Copper alloy,,False,True,https://www.metmuseum.org/art/collection/search/465520,https://images.metmuseum.org/CRDImages/md/original/sf17-193-201s1.jpg,1,,,
468343,Pricket Candlestick with Fantastic Creatures,Candlestick,"ca. 1150–75, with later restoration",,,,"Gilt copper alloy, rock crystal",Overall: 8 9/16 x 4 1/4 x 4 5/8 in. (21.8 x 10.8 x 11.7 cm),South Netherlandish,South Netherlands,,,,,,,,,,Medieval Art,Metalwork-Copper alloy,,False,True,https://www.metmuseum.org/art/collection/search/468343,https://images.metmuseum.org/CRDImages/md/original/sf50-22-2s4.jpg,5,,,
476284,Pot,Pot,4th–7th century,,,,Earthenware,Overall: 3 1/4 x 4 5/16 in. (8.3 x 11 cm),Coptic,Byzantine Egypt,,,,,,,,,,Medieval Art,Ceramics,,False,True,https://www.metmuseum.org/art/collection/search/476284,https://images.metmuseum.org/CRDImages/md/original/cop0047s1.jpg,0,,,
468686,Animal Hunt,Tapestry,ca. 1450–1500,,,,"Linen warp, wool wefts",Overall: 10 x 62in. (25.4 x 157.5cm),North Swiss,,,,Animals|Birds,,,,,,,Medieval Art,Textiles-Tapestries,,False,True,https://www.metmuseum.org/art/collection/search/468686,https://images.metmuseum.org/CRDImages/md/original/sf179592.jpg,0,,,
474688,Papyri Fragments of a Letter,Fragment,7th century,,,,Papyrus and ink,Framed: 3 11/16 x 4 13/16 in. (9.4 x 12.2 cm),Coptic,Byzantine Egypt,,,,,,,,,,Medieval Art,Papyrus,,False,True,https://www.metmuseum.org/art/collection/search/474688,https://images.metmuseum.org/CRDImages/md/original/sf12-180-316s1.jpg,1,,,
466266,Dionysos,Plaque,4th–6th century,,,,Bone,Overall: 5 3/8 x 2 1/16 x 9/16 in. (13.6 x 5.3 x 1.5 cm),Byzantine,Egypt,,,,,,,,,,Medieval Art,Bone,,False,True,https://www.metmuseum.org/art/collection/search/466266,https://images.metmuseum.org/CRDImages/md/original/sf1993-516-1s1.jpg,0,https://www.wikidata.org/wiki/Q116410503,,
467294,Glass Fragment,Fragment,13th–14th century,,,,Colorless glass,Overall: 2 3/8 in. (6 cm),European,,,,,,,,,,,Medieval Art,Glass-Stained,,False,True,https://www.metmuseum.org/art/collection/search/467294,https://images.metmuseum.org/CRDImages/md/original/cdi30-73-40.jpg,0,,,
479317,Mud Fragments,Fragment,4th–7th century,,,,Mud,Storage (petri dish diam.): 5 9/16 in. (14.2 cm),Coptic,Byzantine Egypt,,,,,,,,,,Medieval Art,Miscellaneous-Stone,,False,True,https://www.metmuseum.org/art/collection/search/479317,https://images.metmuseum.org/CRDImages/md/original/cop0679s1.jpg,1,,,
470268,Cameo of the Virgin and Child,Cameo,ca. 1050–1100 (cameo); ca. 1800 (frame),,,,"Agate cameo, gold frame","Overall: 3 1/16 x 2 1/8 x 1/4 in. (7.7 x 5.4 x 0.7 cm)
w/out frame: 2 3/8 x 1 9/16 in. (6 x 4 cm)",Byzantine,,,probably Constantinople,Virgin Mary,Adrien Jean Maximilien Vachette,Artist,French,1753,1839,,Medieval Art,Lapidary Work-Agate,"French, Cauffry 1753–1839 Paris",False,True,https://www.metmuseum.org/art/collection/search/470268,https://images.metmuseum.org/CRDImages/md/original/DP155332.jpg,1,https://www.wikidata.org/wiki/Q116256573,https://www.wikidata.org/wiki/Q4685662,http://vocab.getty.edu/page/ulan/500524238
466384,Brooch,Brooch,2nd–3rd century,,,,"Champlevé enamel, bronze",Overall: 1 9/16 x 11/16 in. (3.9 x 1.7 cm),Roman,,,,,,,,,,,Medieval Art,Enamels-Champlevé,,False,True,https://www.metmuseum.org/art/collection/search/466384,https://images.metmuseum.org/CRDImages/md/original/sf22-50-13s1at.jpg,1,,,
464269,Plaque with the Crucifixion,Plaque,14th century,,,,"Elephant ivory mounted on wood support, copper-gilt frame",Overall: 4 5/16 x 3 1/4 x 7/16 in. (10.9 x 8.2 x 1.1 cm),French or Netherlandish,,,,Men|Women|Virgin Mary|Cross,,,,,,,Medieval Art,Ivories-Elephant,,False,True,https://www.metmuseum.org/art/collection/search/464269,https://images.metmuseum.org/CRDImages/md/original/sf17-190-270s1.jpg,1,,,
463681,Plaque with The Betrayal of Christ,Plaque,15th century,,,,"Painted enamel, copper",Overall (without frame): 9 13/16 x 9 1/8 x 1/16 in. (24.9 x 23.2 x 0.2 cm),French,France,,Limoges,Men|Christ,Monvaerni,Artist,,,,,Medieval Art,Enamels-Painted,,False,True,https://www.metmuseum.org/art/collection/search/463681,https://images.metmuseum.org/CRDImages/md/original/DP267896.jpg,1,https://www.wikidata.org/wiki/Q116410312,,
474775,Ostrakon,Ostrakon,600,,,,Pottery fragment with ink inscription,4 5/16 x 6 5/16 in. (11 x 16 cm),Coptic,Byzantine Egypt,,Thebes,Coptic|Documents,,,,,,,Medieval Art,Ceramics,,False,True,https://www.metmuseum.org/art/collection/search/474775,https://images.metmuseum.org/CRDImages/md/original/sf14-1-75s1.jpg,1,,,
466012,Glass Fragment,Fragment,12th–14th century,,,,"Pot-metal glass, vitreous paint",Overall: 4 x 2 inches (10.2 x 5.1 cm),French,,,,,,,,,,,Medieval Art,Glass-Stained,,False,True,https://www.metmuseum.org/art/collection/search/466012,https://images.metmuseum.org/CRDImages/md/original/cdi1977-346-29.jpg,0,,,
475089,Dress Fragment,Fragment,4th century,,,,"Linen, wool",Overall: 15 3/4 × 17 5/16 in. (40 × 44 cm),Coptic,Byzantine Egypt,,,,,,,,,,Medieval Art,Textiles-Costumes-Secular,,False,True,https://www.metmuseum.org/art/collection/search/475089,https://images.metmuseum.org/CRDImages/md/original/sf33-10-21.jpg,0,,,
478833,Bowl,Bowl,4th–7th century,,,,Earthenware,Overall: 2 3/8 x 4 3/4 in. (6 x 12.1 cm),Coptic,Byzantine Egypt,,,Bowls,,,,,,,Medieval Art,Ceramics,,False,True,https://www.metmuseum.org/art/collection/search/478833,https://images.metmuseum.org/CRDImages/md/original/cop0519s1.jpg,0,,,
467683,Dish,Dish,1450–1525,,,,Tin-glazed earthenware,Overall: 1 3/4 x 14 3/4 in. (4.4 x 37.4 cm),Spanish,Spain,,Valencia,Flowers,,,,,,,Medieval Art,Ceramics,,False,True,https://www.metmuseum.org/art/collection/search/467683,https://images.metmuseum.org/CRDImages/md/original/sf40-168-2s1.jpg,1,,,
694211,Fragment,Fragment,ca. 1150–ca. 1250,,,,"Glass, ceramic",L. 1 1/8 in. (2.9 cm),European or Middle Eastern,,,,,,,,,,,Medieval Art,Glass-Vessels,,False,True,https://www.metmuseum.org/art/collection/search/694211,https://images.metmuseum.org/CRDImages/md/original/28.99.110.jpg,4,,,
475134,Cornice Relief,Cornice,4th–7th century,,,,"Stone, metal inlay","Overall: 7 15/16 x 15 1/16 x 5 3/16 in. (20.2 x 38.3 x 13.2 cm)
Face: 5 13/16 in. (14.7 cm)",Coptic,Byzantine Egypt,,,Faces,,,,,,,Medieval Art,Sculpture-Architectural-Stone,,False,True,https://www.metmuseum.org/art/collection/search/475134,https://images.metmuseum.org/CRDImages/md/original/sf949s1.jpg,0,,,
478812,Bowl,Bowl,4th–7th century,,,,Earthenware,Overall: 1 3/8 x 3 5/8 in. (3.5 x 9.2 cm),Coptic,Byzantine Egypt,,,Bowls,,,,,,,Medieval Art,Ceramics,,False,True,https://www.metmuseum.org/art/collection/search/478812,https://images.metmuseum.org/CRDImages/md/original/cop0498s1.jpg,0,,,
467362,Chair,Chair,15th century,,,,"Pine, walnut and lime",Overall: 28 x 26 1/4 in. (71.1 x 66.7 cm),Italian,Italy,,,,,,,,,,Medieval Art,Woodwork-Furniture,,False,True,https://www.metmuseum.org/art/collection/search/467362,https://images.metmuseum.org/CRDImages/md/original/cdi30-93-1.jpg,1,https://www.wikidata.org/wiki/Q116281304,,
478702,Oil Lamp,Lamp,4th–7th century,,,,Earthenware,Overall: 1 7/16 x 3 1/4 x 2 5/8 in. (3.6 x 8.3 x 6.6 cm),Coptic,Byzantine Egypt,,,,,,,,,,Medieval Art,Ceramics,,False,True,https://www.metmuseum.org/art/collection/search/478702,https://images.metmuseum.org/CRDImages/md/original/cop0423s1.jpg,0,,,
466170,Tinned-Copper Plaque with a Personification,Plaque,350–400,,,,Tinned copper,Overall: 2 1/4 x 2 5/16 x 1/8 in. (5.7 x 5.8 x 0.3 cm),Byzantine,Italy,,probably Rome,Human Figures,,,,,,,Medieval Art,Metalwork-Copper,,False,True,https://www.metmuseum.org/art/collection/search/466170,https://images.metmuseum.org/CRDImages/md/original/DP291634.jpg,2,https://www.wikidata.org/wiki/Q116410502,,
464623,Crucified Christ,Corpus,ca. 1150,,,,"Copper alloy, gilt",Overall: 8 1/4 x 7 5/8 x 1 11/16 in. (21 x 19.4 x 4.3 cm),French,,,,,,,,,,,Medieval Art,Metalwork-Copper alloy,,False,True,https://www.metmuseum.org/art/collection/search/464623,https://images.metmuseum.org/CRDImages/md/original/DP108383.jpg,6,https://www.wikidata.org/wiki/Q116236462,,
474632,Ostrakon,Ostrakon,7th century,,,,Pottery fragment with ink inscription,5 1/4 x 4 1/2 in. (13.3 x 11.5 cm),Coptic,Byzantine Egypt,,,Documents,,,,,,,Medieval Art,Ceramics,,False,True,https://www.metmuseum.org/art/collection/search/474632,https://images.metmuseum.org/CRDImages/md/original/sf12-180-222s1.jpg,1,,,
464652,Relief Fragment with Floral Design,Fragment,6th–7th century,,,,Elephant ivory,Overall: 3 1/4 x 1 x 9/16 in. (8.3 x 2.5 x 1.4 cm),Coptic,Byzantine Egypt,,,,,,,,,,Medieval Art,Ivories-Elephant,,False,True,https://www.metmuseum.org/art/collection/search/464652,https://images.metmuseum.org/CRDImages/md/original/sf17-190-79s1.jpg,0,,,
479237,Papyri Fragments,Fragment,7th century,,,,Papyrus and ink,Storage (petri dish diam.): 4 5/16 in. (11 cm),Coptic,Byzantine Egypt,,Thebes,,,,,,,,Medieval Art,Papyrus,,False,True,https://www.metmuseum.org/art/collection/search/479237,https://images.metmuseum.org/CRDImages/md/original/cop0828.jpg,0,,,
475248,Textile Fragment,Textile fragment,6th century,,,,"Linen, wool",Overall: 16 1/4 x 16 in. (41.3 x 40.6 cm),Coptic,Byzantine Egypt,,,,,,,,,,Medieval Art,Textiles-Woven,,False,True,https://www.metmuseum.org/art/collection/search/475248,https://images.metmuseum.org/CRDImages/md/original/sftr-20-887-2002s1.jpg,2,,,
478889,Footless Cup or Lid,Cup or lid,4th–7th century,,,,Earthenware,Overall: 1 11/16 x 3 9/16 in. (4.3 x 9 cm),Coptic,Byzantine Egypt,,,,,,,,,,Medieval Art,Ceramics,,False,True,https://www.metmuseum.org/art/collection/search/478889,https://images.metmuseum.org/CRDImages/md/original/cop0575s1.jpg,0,,,
464155,Diptych with the Glorification of the Virgin and the Crucifixion,Diptych,14th century,,,,Elephant ivory with metal mounts,Open: 7 × 5 in. (17.8 × 12.7 cm),French,,,,Angels|Madonna and Child|Crucifixion,,,,,,,Medieval Art,Ivories-Elephant,,False,True,https://www.metmuseum.org/art/collection/search/464155,https://images.metmuseum.org/CRDImages/md/original/LC_17_190_198_s01.jpg,2,,,
466379,Sculpture of an Enthroned King,Statue,ca. 1230–35,,,,Limestone,"Overall: 39 1/2 x 23 1/4 x 26 in. (100.3 x 59.1 x 66 cm)
weight: 626lb. (284kg)",North Italian,Italy,,,Kings|Men,,,,,,,Medieval Art,Sculpture-Stone,,False,True,https://www.metmuseum.org/art/collection/search/466379,https://images.metmuseum.org/CRDImages/md/original/DP166846.jpg,5,https://www.wikidata.org/wiki/Q116243549,,
478560,Fragment of a Figure,Statuette,4th–7th century,,,,Earthenware,Overall: 4 x 2 1/2 x 1 3/8 in. (10.1 x 6.3 x 3.5 cm),Coptic,Byzantine Egypt,,,Human Figures,,,,,,,Medieval Art,Ceramics,,False,True,https://www.metmuseum.org/art/collection/search/478560,https://images.metmuseum.org/CRDImages/md/original/cop0377s1.jpg,1,,,
464931,Plate from Belt Buckle,Plate,middle of the 6th century,,,,Copper alloy,"Overall: 13/16 x 11/16 x 1/4 in. (2 x 1.8 x 0.7 cm)
b-applied plaque: 9/16 x 9/16 x 1/16 in. (1.5 x 1.4 x 0.2 cm)",Frankish,,,,,,,,,,,Medieval Art,Metalwork-Copper alloy,,False,True,https://www.metmuseum.org/art/collection/search/464931,https://images.metmuseum.org/CRDImages/md/original/sf17-191-229abs1.jpg,1,,,
467585,Dish,Dish,early 16th century,,,,Brass,Overall: 10 11/16 x 2 11/16 in. (27.2 x 6.8 cm),German,,,,Dragons|Horses|Saints,,,,,,,Medieval Art,Metalwork-Brass,,False,True,https://www.metmuseum.org/art/collection/search/467585,https://images.metmuseum.org/CRDImages/md/original/sf32-64-8s1.jpg,3,,,
474709,Ostrakon with a Letter Regarding the Will of Apa Victor,Ostrakon,600,,,,Pottery fragment with ink inscription,5 1/4 x 4 3/16 in. (13.4 x 10.7 cm),Coptic,Byzantine Egypt,,Thebes,,,,,,,,Medieval Art,Ceramics,,False,True,https://www.metmuseum.org/art/collection/search/474709,https://images.metmuseum.org/CRDImages/md/original/sf14-1-4s1.jpg,1,,,
696591,Fragment,Fragment,ca. 1150–ca. 1250,,,,"Glass, ceramic",L. 2 in. (5.1 cm),European or Middle Eastern,,,,,,,,,,,Medieval Art,Glass-Vessels,,False,True,https://www.metmuseum.org/art/collection/search/696591,https://images.metmuseum.org/CRDImages/md/original/28.99.502.jpg,4,,,
479152,Glass Fragments,Fragment,4th century,,,,Glass,Storage (petri dish diam.): 3 7/16 in. (8.8 cm),Coptic,Byzantine Egypt,,,,,,,,,,Medieval Art,Glass-Vessels,,False,True,https://www.metmuseum.org/art/collection/search/479152,https://images.metmuseum.org/CRDImages/md/original/cop0712.jpg,0,,,
463201,Censer,Censer,7th–8th century,,,,Copper alloy,Overall: 2 5/8 x 3 7/16 in. (6.7 x 8.8 cm),Early Medieval (?),,,,,,,,,,,Medieval Art,Metalwork-Copper alloy,,False,True,https://www.metmuseum.org/art/collection/search/463201,https://images.metmuseum.org/CRDImages/md/original/sf09-152-7s1.jpg,2,,,
465921,"Bowl Fragments with Menorah, Shofar, and Torah Ark",Bowl fragments,300–350,,,,"Glass, gold leaf","Overall: 2 11/16 x 2 3/4 x 1/4 in. (6.9 x 7 x 0.7 cm)
a only: 1 1/2 x 3 1/2 in. (3.8 x 8.9 cm)
b only: 1 1/2 x 1 1/4 in. (3.8 x 3.2 cm)",Roman,,,,Menorah,,,,,,,Medieval Art,Glass-Gold glass,,False,True,https://www.metmuseum.org/art/collection/search/465921,https://images.metmuseum.org/CRDImages/md/original/h1_18.145.1ab.jpg,2,https://www.wikidata.org/wiki/Q116246129,,
462896,Key Handle,Key handle,1st–7th century,,,,"Copper alloy, iron",Overall: 2 5/8 x 5/8 x 5/8 in. (6.6 x 1.6 x 1.6 cm),Roman,,,,,,,,,,,Medieval Art,Metalwork-Copper alloy,,False,True,https://www.metmuseum.org/art/collection/search/462896,https://images.metmuseum.org/CRDImages/md/original/sf06-176-14s1.jpg,1,,,
468486,"Mount, St. Christopher and Christ Child",Mount,15th century,,,,Copper alloy,Overall: 7 5/16 x 2 13/16 x 1 9/16 in. (18.6 x 7.1 x 4 cm),German or South Netherlandish,,,,Christ,,,,,,,Medieval Art,Metalwork-Copper alloy,,False,True,https://www.metmuseum.org/art/collection/search/468486,https://images.metmuseum.org/CRDImages/md/original/sf55-54s1.jpg,5,,,
465063,Belt Buckle,Belt buckle,7th century,,,,"Iron, silver inlay, copper, silver",Overall: 6 7/8 x 3 3/16 x 7/8 in. (17.5 x 8.1 x 2.2 cm),Frankish,,,,,,,,,,,Medieval Art,Metalwork-Iron,,False,True,https://www.metmuseum.org/art/collection/search/465063,https://images.metmuseum.org/CRDImages/md/original/dp30507.jpg,0,,,
466671,Beaker (Krautstrunk),Beaker,late 15th or early 16th century,,,,Free-blown glass with applied decoration,Overall: 5 11/16 x 4 1/2 in. (14.5 x 11.5 cm),German,,,,,,,,,,,Medieval Art,Glass-Vessels,,False,True,https://www.metmuseum.org/art/collection/search/466671,https://images.metmuseum.org/CRDImages/md/original/cdi27-185-211s1.jpg,5,https://www.wikidata.org/wiki/Q116242869,,
463970,Saint James the Greater,Statue,ca. 1475–1500,,,,"Limestone, originally with paint",37 7/8 × 15 5/8 × 10 1/8 in. (96.2 × 39.7 × 25.7 cm),French,France,,,Men,,,,,,,Medieval Art,Sculpture-Stone,,False,True,https://www.metmuseum.org/art/collection/search/463970,https://images.metmuseum.org/CRDImages/md/original/sf17-120-3as1.jpg,5,https://www.wikidata.org/wiki/Q116274469,,
467178,Glass Fragment,Fragment,14th–15th century,,,,Colorless glass,Overall: 4 1/8 x 3/4 in. (10.5 x 2 cm),European,,,,,,,,,,,Medieval Art,Glass-Stained,,False,True,https://www.metmuseum.org/art/collection/search/467178,https://images.metmuseum.org/CRDImages/md/original/cdi30-73-185.jpg,0,,,
474505,Ostrakon,Ostrakon,7th century,,,,Pottery fragment with ink inscription,7 7/8 x 6 5/16 in. (20 x 16 cm),Coptic,Byzantine Egypt,,,Documents,,,,,,,Medieval Art,Ceramics,,False,True,https://www.metmuseum.org/art/collection/search/474505,https://images.metmuseum.org/CRDImages/md/original/sf12-180-92s1.jpg,1,,,
463306,Textile with Confronted Parrots and Conventional Foliage,Textile,12th–13th century,,,,"Silk, linen","Overall: 6 3/4 x 1 1/2 in. (17.2 x 3.8 cm)
Storage (Mat): 8 1/2 × 13 in. (21.6 × 33 cm)",German,,,,,,,,,,,Medieval Art,Textiles-Woven-Brocade,,False,True,https://www.metmuseum.org/art/collection/search/463306,https://images.metmuseum.org/CRDImages/md/original/sf09-50-990s2.jpg,2,,,
464080,Gold Belt End,Belt end,700s,,,,Gold,"5 × 1 3/16 × 3/16 in., 4.758 Troy Ounces (12.7 × 3 × 0.5 cm, 148g)",Avar,,,,,,,,,,,Medieval Art,Metalwork-Gold,,False,True,https://www.metmuseum.org/art/collection/search/464080,https://images.metmuseum.org/CRDImages/md/original/dp30447.jpg,2,https://www.wikidata.org/wiki/Q116274118,,
476278,Pot,Pot,4th–7th century,,,,Earthenware,Overall: 3 7/8 x 4 1/2 in. (9.8 x 11.4 cm),Coptic,Byzantine Egypt,,,,,,,,,,Medieval Art,Ceramics,,False,True,https://www.metmuseum.org/art/collection/search/476278,https://images.metmuseum.org/CRDImages/md/original/cop0041s1.jpg,0,,,
465641,Belt Buckle,Belt buckle,7th century,,,,"Iron, silver inlay",Overall: 5 9/16 x 2 13/16 x 1 1/4 in. (14.2 x 7.1 x 3.2 cm),Frankish,,,,,,,,,,,Medieval Art,Metalwork-Iron,,False,True,https://www.metmuseum.org/art/collection/search/465641,https://images.metmuseum.org/CRDImages/md/original/sf17-193-308as1.jpg,1,,,
467947,"Candlestick, Pricket",Candlestick,15th century,,,,Brass,Overall: 15 3/4 x 6 7/16 in. (40 x 16.4 cm),South Netherlandish,,,,,,,,,,,Medieval Art,Metalwork-Brass,,False,True,https://www.metmuseum.org/art/collection/search/467947,https://images.metmuseum.org/CRDImages/md/original/sf41-190-120s1.jpg,3,,,
694207,Fragment,Fragment,ca. 1150–ca. 1250,,,,"Glass, ceramic",L. 1 1/4 in. (3.2 cm),European or Middle Eastern,,,,,,,,,,,Medieval Art,Glass-Vessels,,False,True,https://www.metmuseum.org/art/collection/search/694207,https://images.metmuseum.org/CRDImages/md/original/28.99.65f_106_333.jpg,4,,,
469051,"Manuscript Leaf with Foliated Initial P, from an Antiphonary",Antiphonary; Manuscript leaf,ca. 1250–60,,,,"Tempera, ink, gold, and silver on parchment","Overall: 20 1/2 x 14 5/16 in. (52 x 36.3 cm)
letter: 14 15/16 x 4 3/4 in. (38 x 12 cm)
mat size: 29 x 23 1/16 in. (73.6 x 58.5 cm)",Italian,Italy,,possibly Arezzo,Music,,,,,,,Medieval Art,Manuscripts and Illuminations,,False,True,https://www.metmuseum.org/art/collection/search/469051,https://images.metmuseum.org/CRDImages/md/original/DP165677.jpg,2,,,
468085,Censer with a Lioness Hunting a Boar,Censer,6th–7th century,,,,Bronze,"Overall: 5 3/16 x 4 1/8 x 2 1/16 in. (13.2 x 10.4 x 5.3 cm)
Overall (with chain suspended): 8 13/16 x 4 1/8 x 2 1/16 in. (22.4 x 10.4 x 5.3 cm)",Coptic,Byzantine Egypt,,,Boars|Lions,,,,,,,Medieval Art,Metalwork-Bronze,,False,True,https://www.metmuseum.org/art/collection/search/468085,https://images.metmuseum.org/CRDImages/md/original/DP332488.jpg,10,https://www.wikidata.org/wiki/Q116276538,,
466747,"Manuscript Leaf with Initial A, from an Antiphonary",Antiphonary; Manuscript leaf,second quarter 15th century,,,,"Tempera, ink, and metal leaf on parchment",20 3/16 x 14 13/16 in.  (51.2 x 37.6 cm),German,Germany,,probably Mainz,,,,,,,,Medieval Art,Manuscripts and Illuminations,,False,True,https://www.metmuseum.org/art/collection/search/466747,https://images.metmuseum.org/CRDImages/md/original/temp2822541r.jpg,2,,,
468685,Panel depicting Flagellation,Panel,14th century,,,,"Cotton, wool","Overall: 13 3/16 × 10 13/16 in. (33.5 × 27.5 cm)
Storage (Mat): 17 × 13 in. (43.2 × 33 cm)",German,,,,Birds|Christ|Flagellation,,,,,,,Medieval Art,Textiles-Embroidered,,False,True,https://www.metmuseum.org/art/collection/search/468685,https://images.metmuseum.org/CRDImages/md/original/sf64-27-21s1.jpg,1,,,
467614,"Medal Louis XII, King of France (r. 1498–15155), and Anne of Brittany (1476–1514)",Medal,ca. 1499,,,,Copper alloy,Overall: diam. 4 1/2 x 5/8 in. (11.4 x 1.6 cm),French,France,,Lyon,Men|Profiles|Women,,,,,,,Medieval Art,Metalwork-Copper alloy,,False,True,https://www.metmuseum.org/art/collection/search/467614,https://images.metmuseum.org/CRDImages/md/original/sf35-77s1.jpg,1,,,
476265,Pot,Pot,4th–7th century,,,,Earthenware,Overall: 5 5/16 x 5 5/16 in. (13.5 x 13.5 cm),Coptic,Byzantine Egypt,,,,,,,,,,Medieval Art,Ceramics,,False,True,https://www.metmuseum.org/art/collection/search/476265,https://images.metmuseum.org/CRDImages/md/original/cop0028s1.jpg,0,,,
464674,Relief Fragment with Floral Design,Fragment,6th–7th century,,,,Elephant ivory,Overall: 4 1/4 x 13/16 x 3/16 in. (10.8 x 2 x 0.5 cm),Coptic,Byzantine Egypt,,,,,,,,,,Medieval Art,Ivories-Elephant,,False,True,https://www.metmuseum.org/art/collection/search/464674,https://images.metmuseum.org/CRDImages/md/original/sf17-190-81s1.jpg,0,,,
467714,Plaque of St. Jude,Plaque,12th century,,,,"Champlevé enamel, copper-gilt",Overall: 5 1/4 x 2 1/2 x 1/16 in. (13.4 x 6.4 x 0.2 cm),German,,,,Saints,,,,,,,Medieval Art,Enamels-Champlevé,,False,True,https://www.metmuseum.org/art/collection/search/467714,https://images.metmuseum.org/CRDImages/md/original/sf41-100-141s1.jpg,0,https://www.wikidata.org/wiki/Q116279883,,
466521,Glass Fragment,Fragment,14th century,,,,Colorless glass,Overall: 1 1/4 x 1 1/4 in. (3.2 x 3.2 cm),French,France,,,,,,,,,,Medieval Art,Glass-Stained,,False,True,https://www.metmuseum.org/art/collection/search/466521,https://images.metmuseum.org/CRDImages/md/original/cdi23-229-5-4.jpg,0,,,
478860,Bowl,Bowl,4th–7th century,,,,Earthenware,Overall: 2 5/8 x 3 9/16 in. (6.7 x 9 cm),Coptic,Byzantine Egypt,,,Bowls,,,,,,,Medieval Art,Ceramics,,False,True,https://www.metmuseum.org/art/collection/search/478860,https://images.metmuseum.org/CRDImages/md/original/cop0546s1.jpg,0,,,
474670,Papyri Fragments of a Letter from Menas to Epiphanius,Fragment,7th century,,,,Papyrus and ink,Framed: 6 3/16 x 13 1/2 in. (15.7 x 34.3 cm),Coptic,Byzantine Egypt,,,Coptic,,,,,,,Medieval Art,Papyrus,,False,True,https://www.metmuseum.org/art/collection/search/474670,https://images.metmuseum.org/CRDImages/md/original/sf12-180-292s1.jpg,1,,,
466660,Chasuble (Opus Anglicanum),Chasuble,ca. 1330–50,,,,"Silver and silver-gilt thread and colored silks in underside couching, split stitch, laid-and-couched work, and raised work, with pearls on velvet",Overall (Chasuble): 51 x 30 in. (129.5 x 76.2 cm),British,,,,Christ|Virgin Mary|Adoration of the Magi|Annunciation,,,,,,,Medieval Art,Textiles-Ecclesiastical,,False,True,https://www.metmuseum.org/art/collection/search/466660,https://images.metmuseum.org/CRDImages/md/original/DP345188.jpg,6,,,
467635,Plaque,Plaque,15th–16th century,,,,"Iron, tinned",Overall: 9 1/8 x 1/16 in. (23.1 x 0.2 cm),German,,,,,,,,,,,Medieval Art,Metalwork-Iron,,False,True,https://www.metmuseum.org/art/collection/search/467635,https://images.metmuseum.org/CRDImages/md/original/sf37-190-2s1.jpg,2,,,
465743,Small Buckle,Buckle,7th century (?),,,,Copper alloy,Overall: 1 11/16 x 7/8 x 1/2 in. (4.3 x 2.2 x 1.2 cm),Frankish,Germany,,,,,,,,,,Medieval Art,Metalwork-Copper,,False,True,https://www.metmuseum.org/art/collection/search/465743,https://images.metmuseum.org/CRDImages/md/original/DP30181.jpg,0,,,
462958,Key,Key,13th century (?),,,,Iron,Overall: 3 3/8 x 2 3/8 x 1/2 in. (8.5 x 6.1 x 1.3 cm),French (?),,,,,,,,,,,Medieval Art,Metalwork-Iron,,False,True,https://www.metmuseum.org/art/collection/search/462958,https://images.metmuseum.org/CRDImages/md/original/sf06-176-70s1.jpg,1,,,
474227,Textile Fragment,Textile fragment,7th–8th century,,,,"Linen, wool",Overall: 7 5/16 x 6 1/8in. (18.6 x 15.5cm),Byzantine,,,,Human Figures,,,,,,,Medieval Art,Textiles-Woven,,False,True,https://www.metmuseum.org/art/collection/search/474227,https://images.metmuseum.org/CRDImages/md/original/DP104088.jpg,0,,,
469045,"Manuscript Leaf with Saint John Gualbert in an Initial S, from an Antiphonary",Antiphonary; Manuscript leaf,early 16th century,,,,"Tempera, ink, and gold on parchment","Overall: 28 1/4 x 19 15/16 in. (71.7 x 50.6 cm)
Illumination: 8 1/8 x 6 15/16 in. (20.6 x 17.7 cm)
Stave Ht: 2 1/16 in. (5.3 cm)
stave interspace: 2 1/16 in. (5.2 cm)
Mat size: 37 x 28 1/8 in. (94 x 71.5 cm)
Mat Window: 26 3/4 x 16 15/16 in. (68 x 43.1 cm)",Italian,Italy,Umbria,,Cross|Crucifixion|Saints,,,,,,,Medieval Art,Manuscripts and Illuminations,,False,True,https://www.metmuseum.org/art/collection/search/469045,https://images.metmuseum.org/CRDImages/md/original/DP164999.jpg,5,,,
468880,Door handle,Door handle,15th century,,,,Iron,Overall: 9 5/16 x 1 13/16 x 3 1/4 in. (23.7 x 4.6 x 8.3 cm),German,,,,,,,,,,,Medieval Art,Metalwork-Iron,,False,True,https://www.metmuseum.org/art/collection/search/468880,https://images.metmuseum.org/CRDImages/md/original/sf87-11-690s1.jpg,1,,,
478922,Strainer,Strainer,4th–7th century,,,,Earthenware,Overall: 3 11/16 x 5 5/8 x 3 3/4 in. (9.3 x 14.3 x 9.5 cm),Coptic,Byzantine Egypt,,,,,,,,,,Medieval Art,Ceramics,,False,True,https://www.metmuseum.org/art/collection/search/478922,https://images.metmuseum.org/CRDImages/md/original/cop0603s1.jpg,0,,,
695408,Fragment,Fragment,ca. 1150–ca. 1250,,,,"Glass, ceramic",L. 1 3/16 in. (3 cm),European or Middle Eastern,,,,,,,,,,,Medieval Art,Glass-Vessels,,False,True,https://www.metmuseum.org/art/collection/search/695408,https://images.metmuseum.org/CRDImages/md/original/28.99.443.jpg,4,,,
462961,Key Handle or Knife Handle,Key or knife handle,1st–7th century,,,,Copper alloy,Overall: 3 3/4 x 1 5/16 x 13/16 in. (9.6 x 3.3 x 2 cm),Roman,,,,,,,,,,,Medieval Art,Metalwork-Bronze,,False,True,https://www.metmuseum.org/art/collection/search/462961,https://images.metmuseum.org/CRDImages/md/original/sf06-176-73s4.jpg,3,,,
464863,Bird-Shaped Brooch,Brooch,500–600,,,,"Silver-gilt, garnets with patterned foil backings",Overall: 1 3/16 x 1/2 x 3/16 in. (3 x 1.2 x 0.5 cm),Frankish,,,,Birds,,,,,,,Medieval Art,Metalwork-Silver,,False,True,https://www.metmuseum.org/art/collection/search/464863,https://images.metmuseum.org/CRDImages/md/original/DP30136.jpg,1,,,
465154,Earring Fragment,Earring fragment,6th–7th century,,,,Gold,"Overall: 1 1/8 x 11/16 x 3/8 in., 0.1oz. (2.9 x 1.8 x 1 cm, 2g)",Etruscan,Northern France,,,,,,,,,,Medieval Art,Metalwork-Gold,,False,True,https://www.metmuseum.org/art/collection/search/465154,https://images.metmuseum.org/CRDImages/md/original/sf17-192-100s1.jpg,1,,,
462907,Key Handle in the Form of a Horse’s Head,Key or knife handle,2nd–3rd century,,,,Copper alloy,Overall: 1 1/4 x 3 5/8 x 13/16 in. (3.1 x 9.2 x 2.1 cm),Roman,,,,Horses,,,,,,,Medieval Art,Metalwork-Copper alloy,,False,True,https://www.metmuseum.org/art/collection/search/462907,https://images.metmuseum.org/CRDImages/md/original/sf06-176-24s1.jpg,3,https://www.wikidata.org/wiki/Q116279843,,
468755,Bowl or Patera,Bowl or patera,19th century (original dated 5th century),,,,Casted gold plate,Overall: 3 1/4 x 10 1/4 in. (8.3 x 26 cm),European,,,,Men|Women,,,,,,,Medieval Art,Reproductions-Metalwork,,False,True,https://www.metmuseum.org/art/collection/search/468755,https://images.metmuseum.org/CRDImages/md/original/tem73825s2.jpg,1,,,
464518,Panel from a Cover for an Icon of the Virgin,Enamel fragment,ca. 1100,,,,"Cloisonné enamel, gold, copper","Overall: 5 1/4 x 1 7/8in. (13.3 x 4.8cm)
Mount: 14 x 16 x 7/8 in. (35.6 x 40.6 x 2.2 cm)",Byzantine,,,Constantinople,,,,,,,,Medieval Art,Enamels-Cloisonné,,False,True,https://www.metmuseum.org/art/collection/search/464518,https://images.metmuseum.org/CRDImages/md/original/sf17-190-648s1.jpg,3,https://www.wikidata.org/wiki/Q116256463,,
465136,Earring,Earring,6th–7th century,,,,"Copper alloy, glass paste","Overall: 1 7/16 x 1 7/16 x 9/16 in. (3.7 x 3.6 x 1.4 cm)
bead: 3/8 x 9/16 in. (1 x 1.4 cm)",Frankish,Northern France,,,,,,,,,,Medieval Art,Metalwork-Copper alloy,,False,True,https://www.metmuseum.org/art/collection/search/465136,https://images.metmuseum.org/CRDImages/md/original/sf17-191-85s1.jpg,1,,,
467789,Chest,Chest,second half 15th century,,,,"Walnut, iron mounts",Overall: 34 1/4 x 86 3/8 x 29 in. (87 x 219.4 x 73.7 cm),French,,,,,,,,,,,Medieval Art,Woodwork-Furniture,,False,True,https://www.metmuseum.org/art/collection/search/467789,https://images.metmuseum.org/CRDImages/md/original/tem41100216.jpg,0,,,
464398,Plaque from a Portable Altar with Scenes from the Life of Jesus,Plaque,ca. 1160–80,,,,"Champlevé enamel, copper-gilt","Overall: 1 7/8 x 5 1/16 x 1/16 in. (4.7 x 12.9 x 0.2 cm)
grouped with 17.190.410-.413: 6 3/8 x 10 1/4 x 1/16 in. (16.2 x 26.1 x 0.2 cm)",German,Germany,,Cologne,Holy Family|Jesus|Nativity,,,,,,,Medieval Art,Enamels-Champlevé,,False,True,https://www.metmuseum.org/art/collection/search/464398,https://images.metmuseum.org/CRDImages/md/original/sf17-190-412s1.jpg,2,https://www.wikidata.org/wiki/Q116272733,,
475262,Textile Fragment,Textile fragment,6th century,,,,"Linen, wool",Overall: 14 5/8 x 4 1/8 in. (37.1 x 10.5 cm),Coptic,Byzantine Egypt,,,,,,,,,,Medieval Art,Textiles-Woven,,False,True,https://www.metmuseum.org/art/collection/search/475262,https://images.metmuseum.org/CRDImages/md/original/sftr-20-901-2002s1.jpg,2,,,
466545,Glass Fragment,Fragment,13th century,,,,"glass, lead",3 7/8 × 2 5/8 × 5/16 in. (9.8 × 6.7 × 0.8 cm),French,,,,,,,,,,,Medieval Art,Glass-Stained,,False,True,https://www.metmuseum.org/art/collection/search/466545,https://images.metmuseum.org/CRDImages/md/original/cdi23-229-7-1.jpg,0,,,
472729,Spearhead,Spearhead,ca. 1200–900 BCE,,,,Copper alloy,Overall: 14 1/4 x 1 1/4 x 15/16 in. (36.2 x 3.2 x 2.4 cm),Bronze Age,Carpathian Basin region,,,,,,,,,,Medieval Art,Metalwork-Bronze,,False,True,https://www.metmuseum.org/art/collection/search/472729,https://images.metmuseum.org/CRDImages/md/original/sf2000-129s1.jpg,3,https://www.wikidata.org/wiki/Q116244767,,
468638,Saint Mammes,Statuette,late 15th century,,,,Copper alloy,Overall: 13 13/16 x 4 3/8 x 3 1/4 in. (35.1 x 11.1 x 8.3 cm),French,France,,Langres,Lions,,,,,,,Medieval Art,Metalwork-Copper alloy,,False,True,https://www.metmuseum.org/art/collection/search/468638,https://images.metmuseum.org/CRDImages/md/original/DP-14483-001.jpg,7,,,
464940,Belt Tongue and Rectangular Loop from a Buckle,Buckle,500–700,,,,Silver,Overall: 1 5/16 x 1 1/16 x 1/2 in. (3.3 x 2.7 x 1.3 cm),Frankish,Northern France,,,,,,,,,,Medieval Art,Metalwork-Silver,,False,True,https://www.metmuseum.org/art/collection/search/464940,https://images.metmuseum.org/CRDImages/md/original/sf17-191-237s1.jpg,1,,,
463392,Clasp with Intaglio Medallion of the Virgin and Child,Clasp,6th century,,,,Gold,Overall: 11/16 x 1 11/16 x 3/16 in. (1.8 x 4.3 x 0.5 cm),Byzantine,,,,Madonna and Child,,,,,,,Medieval Art,Metalwork-Gold,,False,True,https://www.metmuseum.org/art/collection/search/463392,https://images.metmuseum.org/CRDImages/md/original/sf10-130-1522s1.jpg,1,https://www.wikidata.org/wiki/Q116276416,,
465590,Beaded Necklace,Necklace,500–600,,,,"Glass, glazed earthenware (faience)",Overall: length of string 27 3/4 x 13/16 in. (70.5 x 2.1 cm),Frankish,Germany,,Niederbreisig,,,,,,,,Medieval Art,Glass-Beads,,False,True,https://www.metmuseum.org/art/collection/search/465590,https://images.metmuseum.org/CRDImages/md/original/sf17-193-264s1.jpg,0,,,
475265,Textile Fragment,Textile fragment,5th century,,,,"Linen, wool",Overall: 14 x 4 in. (35.6 x 10.2 cm),Coptic,Byzantine Egypt,,,,,,,,,,Medieval Art,Textiles-Woven,,False,True,https://www.metmuseum.org/art/collection/search/475265,https://images.metmuseum.org/CRDImages/md/original/sftr-20-904-2002s1.jpg,2,,,
478692,Oil Lamp,Lamp,4th–7th century,,,,Earthenware,Overall: 2 1/16 x 3 7/8 x 2 9/16 in. (5.3 x 9.9 x 6.5 cm),Coptic,Byzantine Egypt,,,,,,,,,,Medieval Art,Ceramics,,False,True,https://www.metmuseum.org/art/collection/search/478692,https://images.metmuseum.org/CRDImages/md/original/cop0413s1.jpg,0,,,
479113,Foot of a Vessel,Fragment,4th–early 5th century,,,,Glass,Storage (petri dish diam.): 3 7/16 in. (8.8 cm),Coptic,Byzantine Egypt,,,,,,,,,,Medieval Art,Glass-Vessels,,False,True,https://www.metmuseum.org/art/collection/search/479113,https://images.metmuseum.org/CRDImages/md/original/cop0788.jpg,0,,,
465478,Neolithic Amulet,Amulet,2500 BCE–700 CE,,,,Stone,Overall: 2 1/16 x 5/8 x 7/16 in. (5.3 x 1.6 x 1.1 cm),Neolithic,,,,,,,,,,,Medieval Art,Miscellaneous-Stone,,False,True,https://www.metmuseum.org/art/collection/search/465478,https://images.metmuseum.org/CRDImages/md/original/sf17-193-165s1.jpg,1,,,
464160,Virgin and Child with an Apple and a Rose,Statuette,ca. 1350–75,,,,"Elephant ivory, modern silver, partial-gilt & translucent enamel base","Overall (without base): 3 3/4 x 2 5/8 in. (9.5 x 6.7 cm)
Overall (with base): 3 7/8 x 2 13/16 in. (9.8 x 7.2 cm)",German,,,,Apples|Roses|Madonna and Child,,,,,,,Medieval Art,Ivories-Elephant,,False,True,https://www.metmuseum.org/art/collection/search/464160,https://images.metmuseum.org/CRDImages/md/original/sf17-190-203abs5.jpg,5,,,
464979,Ferret,Ferret,7th century (?),,,,Copper alloy,Overall: 1 11/16 x 11/16 x 3/16 in. (4.3 x 1.7 x 0.5 cm),Frankish,France,,,,,,,,,,Medieval Art,Metalwork-Copper alloy,,False,True,https://www.metmuseum.org/art/collection/search/464979,https://images.metmuseum.org/CRDImages/md/original/DP30306.jpg,0,,,
464554,Temple Pendant with Two Sirens Flanking a Tree of Life (front) and Confronted Birds (back),Temple pendant,11th–12th century,,,,"Cloisonné enamel, gold",Overall: 2 3/8 x 2 1/4 x 9/16 in. (6 x 5.7 x 1.4 cm),Kyivan Rus’,Ukraine,,Kyiv,Men|Women,,,,,,,Medieval Art,Enamels-Cloisonné,,False,True,https://www.metmuseum.org/art/collection/search/464554,https://images.metmuseum.org/CRDImages/md/original/DT11967.jpg,1,https://www.wikidata.org/wiki/Q116236473,,
479796,"Four Icons from a Pair of Doors (Panels), possibly part of a Polyptych: John the Theologian and Prochoros, the Baptism (Epiphany), Harrowing of Hell (Anastasis), and Saint Nicholas",Icons,early 15th century,,,,Tempera and gold on wood,"Overall ((a) St John and Prochoros on Patmos): 10 1/16 × 7 3/8 × 3/8 in. (25.5 × 18.8 × 0.9 cm)
Overall ((b) Baptism): 10 5/16 × 7 3/8 × 3/8 in. (26.2 × 18.7 × 0.9 cm)
Overall ((c) Anastasis): 10 5/16 × 7 1/4 × 3/8 in. (26.2 × 18.4 × 0.9 cm)
Overall ((d) St. Nicholas): 10 13/16 × 7 3/8 × 5/16 in. (27.4 × 18.8 × 0.8 cm)",Byzantine,Crete ?,,,Bishops|Baptism of Christ|Saints|Writing,,,,,,,Medieval Art,Paintings-Icons,,False,True,https://www.metmuseum.org/art/collection/search/479796,https://images.metmuseum.org/CRDImages/md/original/DP-14093-001.jpg,4,https://www.wikidata.org/wiki/Q116235480,,
475287,Saint Martin,Statuette,first half 16th century,,,,Wood with traces of polychromy,Overall: 26 1/4 x 22 1/2 x 9 1/16 in. (66.7 x 57.1 x 23 cm),German,,,,Men|Horses|Saints,,,,,,,Medieval Art,Sculpture-Wood,,False,True,https://www.metmuseum.org/art/collection/search/475287,https://images.metmuseum.org/CRDImages/md/original/sf1984-433-345s1.jpg,4,,,
466064,Church Bell,Bell,ca. 1411,,,,Bronze,"Overall: 22 7/8 x 14 1/2 in., 130.071lb. (58.1 x 36.8 cm, 59kg)",North Italian,Italy,,,,Master Marcus,Artist,Venetian,1396,1411,,Medieval Art,Metalwork-Bronze,"Venetian, 1396–1411",False,True,https://www.metmuseum.org/art/collection/search/466064,https://images.metmuseum.org/CRDImages/md/original/sf1980-542s01.jpg,4,https://www.wikidata.org/wiki/Q116245147,,
708072,Mosaic Tesserae,Tesserae,6th–15th century,,,,"Glass, stone, and gold leaf","largest: 9/16 × 3/8 × 3/16 in. (1.4 × 1 × 0.5 cm)
smallest: 1/4 × 3/16 × 1/8 in. (0.6 × 0.5 × 0.3 cm)",Byzantine,,,,,,,,,,,Medieval Art,Mosaics,,False,True,https://www.metmuseum.org/art/collection/search/708072,https://images.metmuseum.org/CRDImages/md/original/2016_10_1_17_MED_s01.jpg,0,,,
465839,Buckle or Stud,Buckle or stud,100–300,,,,"Champlevé enamel, copper alloy",Overall: 2 1/16 x 1 3/8 x 3/8 in. (5.2 x 3.5 x 1 cm),Roman,,,,,,,,,,,Medieval Art,Enamels-Champlevé,,False,True,https://www.metmuseum.org/art/collection/search/465839,https://images.metmuseum.org/CRDImages/md/original/sf17-194-1913s1.jpg,1,,,
466069,Seal Matrix,Seal matrix,19th or 20th century (13th century style),,,,Bronze,Overall: 2 3/4 x 1 7/8 x 3/4 in. (7 x 4.8 x 1.9 cm),South Netherlandish,,,,Birds|Saint John the Evangelist,,,,,,,Medieval Art,Metalwork-Bronze,,False,True,https://www.metmuseum.org/art/collection/search/466069,https://images.metmuseum.org/CRDImages/md/original/sf1981-291s4.jpg,4,,,
476285,Jug,Jug,4th–7th century,,,,"Earthenware, slip decoration",Overall: 5 5/8 x 5 3/16 in. (14.3 x 13.2 cm),Coptic,Byzantine Egypt,,,,,,,,,,Medieval Art,Ceramics,,False,True,https://www.metmuseum.org/art/collection/search/476285,https://images.metmuseum.org/CRDImages/md/original/cop0048s1.jpg,1,,,
466380,Capital with Saint George and the Dragon,Capital,12th–13th century,,,,Stone (Calcitic Dolomite),"Overall: 10 1/2 x 10 5/8 x 9 1/4 in. (26.7 x 27 x 23.5 cm)
Diameter of base: 7 1/2 in. (19.1 cm)",French,France,,Narbonne (?),Dragons|Saint George,,,,,,,Medieval Art,Sculpture-Stone,,False,True,https://www.metmuseum.org/art/collection/search/466380,https://images.metmuseum.org/CRDImages/md/original/sf22-37-3s1.jpg,7,,,
463203,Decorative Roundel,Roundel,12th–13th century,,,,Marble (Proconnesian from island of Marmara (Turkey)),Overall: 11 3/8 x 12 5/8 x 5 11/16 in. (28.9 x 32.1 x 14.4 cm),Italian,Italy,,Venice probably,Birds,,,,,,,Medieval Art,Sculpture-Architectural,,False,True,https://www.metmuseum.org/art/collection/search/463203,https://images.metmuseum.org/CRDImages/md/original/DP167321.jpg,2,,,
465013,Head of Sword or Dagger,Sword or dagger,2nd–3rd century,,,,Copper alloy,Overall: 2 5/16 x 1 11/16 x 1/2 in. (5.9 x 4.3 x 1.2 cm),Roman,,,,,,,,,,,Medieval Art,Metalwork-Bronze,,False,True,https://www.metmuseum.org/art/collection/search/465013,https://images.metmuseum.org/CRDImages/md/original/sf17-191-302s1.jpg,1,,,
469798,Belt Buckle Tongue,Buckle tongue,4th–7th century,,,,Iron,Overall: 2 7/8 x 7/8 x 3/8 in. (7.3 x 2.3 x 0.9 cm),Frankish,,,,,,,,,,,Medieval Art,Metalwork-Iron,,False,True,https://www.metmuseum.org/art/collection/search/469798,https://images.metmuseum.org/CRDImages/md/original/X209-37s1.jpg,1,,,
467961,Hunting of Birds with a Hawk and a Bow (from the Hunting Parks Tapestries),Tapestry,ca. 1515–35,,,,Wool and silk thread,11 ft. 4 5/8 in. × 12 ft. 8 in. (347 × 386.1 cm); 73 lbs,South Netherlandish,,,,Animals|Birds|Hawks|Bow and Arrow|Men|Deer|Dogs|Rams|Trees,,,,,,,Medieval Art,Textiles-Tapestries,,False,True,https://www.metmuseum.org/art/collection/search/467961,https://images.metmuseum.org/CRDImages/md/original/DT297197.jpg,1,https://www.wikidata.org/wiki/Q60747367,,
467241,Glass Fragment,Fragment,13th–14th century,,,,Pot metal glass,Overall: 2 x 2 in (5 x 5 cm),European,,,,,,,,,,,Medieval Art,Glass-Stained,,False,True,https://www.metmuseum.org/art/collection/search/467241,https://images.metmuseum.org/CRDImages/md/original/cdi30-73-241.jpg,0,,,
469815,Belt Plate Fragment,Belt plate,4th–7th century,,,,"Iron, silver inlay",Overall: 1 1/8 x 15/16 x 3/16 in. (2.9 x 2.4 x 0.4 cm),Frankish,,,,,,,,,,,Medieval Art,Metalwork-Iron,,False,True,https://www.metmuseum.org/art/collection/search/469815,https://images.metmuseum.org/CRDImages/md/original/X209-52s1.jpg,1,,,
474603,Ostrakon,Ostrakon,7th century,,,,Pottery fragment with ink inscription,3 3/8 x 5 3/8 in. (8.5 x 13.7 cm),Coptic,Byzantine Egypt,,,Coptic,,,,,,,Medieval Art,Ceramics,,False,True,https://www.metmuseum.org/art/collection/search/474603,https://images.metmuseum.org/CRDImages/md/original/sf12-180-193s1.jpg,1,,,
679276,Rock Crystal Flask with Cross,Flask,10th–12th century,,,,Rock Crystal,2 9/16 × 1 in. (6.5 × 2.5 cm),Byzantine,,,,,,,,,,,Medieval Art,Lapidary Work-Crystal,,False,True,https://www.metmuseum.org/art/collection/search/679276,https://images.metmuseum.org/CRDImages/md/original/DP-14552-001.jpg,5,https://www.wikidata.org/wiki/Q116234969,,
464875,Disk Brooch,Brooch,6th century,,,,"Copper alloy, partial gilt, remnant of iron pin; see conservation",Overall: 1 3/8 x 5/16 in. (3.5 x 0.8 cm),Frankish,,,,,,,,,,,Medieval Art,Metalwork-Copper alloy,,False,True,https://www.metmuseum.org/art/collection/search/464875,https://images.metmuseum.org/CRDImages/md/original/DP30202.jpg,5,,,
694336,Fragment,Fragment,ca. 1150–ca. 1250,,,,"Glass, ceramic",L. 1 3/4 in. (4.5 cm),European or Middle Eastern,,,,,,,,,,,Medieval Art,Glass-Vessels,,False,True,https://www.metmuseum.org/art/collection/search/694336,https://images.metmuseum.org/CRDImages/md/original/28.99.182.jpg,4,,,
464220,Pectoral with Christ and the Lamb of God and the Symbols of the Four Evangelists,Pectoral cross,1000–1050,,,,Walrus ivory with gilt-copper sheets and copper alloy pin,"Overall: 5 7/8 x 2 1/2 x 1 3/8 in. (14.9 x 6.3 x 3.5 cm)
width with iron pins: 2 11/16 in. (6.9 cm)",British or North French,,,near Saint-Omer,Eagles|Lambs|Christ|Ox,,,,,,,Medieval Art,Ivories-Walrus,,False,True,https://www.metmuseum.org/art/collection/search/464220,https://images.metmuseum.org/CRDImages/md/original/DT250683.jpg,9,https://www.wikidata.org/wiki/Q116273687,,
474743,Ostrakon,Ostrakon,7th century,,,,Pottery fragment with ink inscription,3 1/8 x 4 5/16 in. (8 x 11 cm),Coptic,Byzantine Egypt,,Thebes,Coptic|Documents,,,,,,,Medieval Art,Ceramics,,False,True,https://www.metmuseum.org/art/collection/search/474743,https://images.metmuseum.org/CRDImages/md/original/sf14-1-40s1.jpg,1,,,
468779,Cup,Cup,19th century,,,,Gold plate,Overall: 2 3/8 x 3 9/16 in. (6 x 9.1 cm),Scythian,,,,,,,,,,,Medieval Art,Reproductions-Metalwork,,False,True,https://www.metmuseum.org/art/collection/search/468779,https://images.metmuseum.org/CRDImages/md/original/tem85129.jpg,0,,,
479238,Papyri Fragments,Fragment,7th century,,,,Papyrus and ink,Storage (petri dish diam.): 2 13/16 in. (7.2 cm),Coptic,Byzantine Egypt,,Thebes,,,,,,,,Medieval Art,Papyrus,,False,True,https://www.metmuseum.org/art/collection/search/479238,https://images.metmuseum.org/CRDImages/md/original/cop0829.jpg,0,,,
466021,Glass Fragment,Fragment,12th–14th century,,,,"Pot-metal glass, vitreous paint",Overall: 1 1/4 x 5/8 in. (3.2 x 1.6 cm),French,,,,,,,,,,,Medieval Art,Glass-Stained,,False,True,https://www.metmuseum.org/art/collection/search/466021,https://images.metmuseum.org/CRDImages/md/original/cdi1977-346-37.jpg,0,,,
464887,Crossbow Brooch,Brooch,4th century,,,,Bronze-gilt,Overall: 2 11/16 x 1 7/16 x 1 1/4 in. (6.9 x 3.6 x 3.1 cm),Late Roman,,,,,,,,,,,Medieval Art,Metalwork-Bronze,,False,True,https://www.metmuseum.org/art/collection/search/464887,https://images.metmuseum.org/CRDImages/md/original/dp30311.jpg,7,,,
465062,Belt Plate,Belt plate,7th century,,,,"Iron, silver inlay",Overall: 3 11/16 x 1 5/8 x 1/4 in. (9.4 x 4.2 x 0.7 cm),Frankish,,,,,,,,,,,Medieval Art,Metalwork-Iron,,False,True,https://www.metmuseum.org/art/collection/search/465062,https://images.metmuseum.org/CRDImages/md/original/sf17-191-345s1.jpg,1,,,
479173,Glass Fragments,Fragment,4th century,,,,Glass,Storage (petri dish diam.): 2 9/16 in. (6.5 cm),Coptic,Byzantine Egypt,,,,,,,,,,Medieval Art,Glass-Vessels,,False,True,https://www.metmuseum.org/art/collection/search/479173,https://images.metmuseum.org/CRDImages/md/original/cop0733.jpg,0,,,
467941,Enthroned Virgin with Nursing Child,statuette,late 15th century,,,,"Wood, painted and gilded.",Overall: 10 3/8 x 6 1/2 x 5 in. (26.4 x 16.5 x 12.7 cm),German,,,,Madonna and Child|Nursing,,,,,,,Medieval Art,Sculpture-Wood,,False,True,https://www.metmuseum.org/art/collection/search/467941,https://images.metmuseum.org/CRDImages/md/original/sf41-190-104s5.jpg,7,,,
466444,Glass Fragment,Fragment,13th century,,,,Pot metal glass,Overall: 2 9/16 x 2 3/16 in. (6.5 x 5.5 cm),French,France,,Angers,,,,,,,,Medieval Art,Glass-Stained,,False,True,https://www.metmuseum.org/art/collection/search/466444,https://images.metmuseum.org/CRDImages/md/original/cdi23-229-2-10.jpg,0,,,
464168,Virgin and Child,Statuette,ca. 1250–1300,,,,Elephant ivory,Overall: 11 3/4 x 3 5/16 x 2 1/16 in. (29.8 x 8.4 x 5.2 cm),North French,,,,Madonna and Child,,,,,,,Medieval Art,Ivories-Elephant,,False,True,https://www.metmuseum.org/art/collection/search/464168,https://images.metmuseum.org/CRDImages/md/original/DP147192.jpg,5,,,
478810,Glass Fragments,Fragment,4th–7th century,,,,Glass,Storage (petri dish diam.): 2 3/16 in. (5.5 cm),Coptic,Byzantine Egypt,,,,,,,,,,Medieval Art,Glass,,False,True,https://www.metmuseum.org/art/collection/search/478810,https://images.metmuseum.org/CRDImages/md/original/cop0496s1.jpg,0,,,
469792,Belt Buckle Attachment Plate Fragment,Belt plate,4th–7th century,,,,"Iron, silver inlay","Overall (attached together with x.209.5, .31, .40): 4 5/8 x 2 3/16 x 1/2 in. (11.7 x 5.6 x 1.3 cm)
Overall (plate only): 3 13/16 x 2 3/16 x 3/8 in. (9.7 x 5.5 x 0.9 cm)",Frankish,,,,,,,,,,,Medieval Art,Metalwork-Iron,,False,True,https://www.metmuseum.org/art/collection/search/469792,https://images.metmuseum.org/CRDImages/md/original/X209-5_31_40s1.jpg,1,,,
474897,Ostrakon with Biblical Text,Ostrakon,580–640,,,,Pottery fragments with ink inscription,"a+d: 3 3/16 x 1 3/4 in. (8.1 x 4.5 cm)
b+f: 1 15/16 x 3 3/4 in. (4.9 x 9.6 cm)
c: 2 3/8 x 2 3/16 in. (6 x 5.5 cm)",Coptic,Byzantine Egypt,,Thebes,Greek,,,,,,,Medieval Art,Ceramics,,False,True,https://www.metmuseum.org/art/collection/search/474897,https://images.metmuseum.org/CRDImages/md/original/sf14-1-207a-fs1.jpg,1,,,
695350,Fragment,Fragment,ca. 1150–ca. 1250,,,,"Glass, ceramic",L. 1 in. (2.5 cm),European or Middle Eastern,,,,,,,,,,,Medieval Art,Glass-Vessels,,False,True,https://www.metmuseum.org/art/collection/search/695350,https://images.metmuseum.org/CRDImages/md/original/28.99.407.jpg,4,,,
465102,Upper Portion of Hairpin,Hairpin,1st–4th century,,,,Bone,Overall: 2 9/16 x 1/16 in. (6.5 x 0.2 cm),Roman,,,,,,,,,,,Medieval Art,Bone,,False,True,https://www.metmuseum.org/art/collection/search/465102,https://images.metmuseum.org/CRDImages/md/original/sf17-191-54s1.jpg,0,,,
468318,Triptych Panel with Pietá,Triptych panel,15th–16th century,,,,"Painted enamel, copper",Overall - entire triptych: 7 3/8 x 14 1/8 in. (18.7 x 35.9 cm),French,France,,Limoges,Christ|Virgin Mary,Master of the Triptych of Louis XII,Artist,,1480,1525,,Medieval Art,Enamels-Painted,ca. 1490–ca. 1515,False,True,https://www.metmuseum.org/art/collection/search/468318,https://images.metmuseum.org/CRDImages/md/original/DP267900.jpg,3,https://www.wikidata.org/wiki/Q116275855,https://www.wikidata.org/wiki/Q18578386,http://vocab.getty.edu/page/ulan/500065044
468598,Censer Frame with Inhabited Vine Scroll,Censer,6th century,,,,Copper alloy,Overall: 6 5/8 x 5 3/8 in. (16.8 x 13.7 cm),Byzantine,Syria,,,,,,,,,,Medieval Art,Metalwork-Copper alloy,,False,True,https://www.metmuseum.org/art/collection/search/468598,https://images.metmuseum.org/CRDImages/md/original/DP240060.jpg,1,https://www.wikidata.org/wiki/Q116410533,,
696593,Fragment,Fragment,ca. 1150–ca. 1250,,,,"Glass, ceramic",L. 2 3/8 in. (6 cm),European or Middle Eastern,,,,,,,,,,,Medieval Art,Glass-Vessels,,False,True,https://www.metmuseum.org/art/collection/search/696593,https://images.metmuseum.org/CRDImages/md/original/28.99.504.jpg,4,,,
467124,Glass Fragment,Fragment,13th–14th century,,,,Pot metal glass,Overall: 2 x 1 3.4 in. (5 x 4.5 cm),European,,,,,,,,,,,Medieval Art,Glass-Stained,,False,True,https://www.metmuseum.org/art/collection/search/467124,https://images.metmuseum.org/CRDImages/md/original/cdi30-73-136.jpg,0,,,
466117,Bowl with Bird of Prey,Bowl,11th–13th century,,,,Engraved slipware,Overall: 2 1/16 x 9 5/8 in. (5.3 x 24.4 cm),Byzantine,,,,Birds,,,,,,,Medieval Art,Ceramics,,False,True,https://www.metmuseum.org/art/collection/search/466117,https://images.metmuseum.org/CRDImages/md/original/sf1984-302s1.jpg,4,https://www.wikidata.org/wiki/Q116244880,,
465579,Backplate of a Belt Buckle,Belt plate,6th–7th century,,,,"Iron, silver inlay",Overall: 2 1/8 x 2 1/16 x 1/2 in. (5.4 x 5.3 x 1.3 cm),Frankish,,,,,,,,,,,Medieval Art,Metalwork-Iron,,False,True,https://www.metmuseum.org/art/collection/search/465579,https://images.metmuseum.org/CRDImages/md/original/sf17-193-254s1.jpg,1,,,
478854,Bowl,Bowl,4th–7th century,,,,Earthenware,Overall: 2 13/16 x 3 13/16 in. (7.2 x 9.7 cm),Coptic,Byzantine Egypt,,,,,,,,,,Medieval Art,Ceramics,,False,True,https://www.metmuseum.org/art/collection/search/478854,https://images.metmuseum.org/CRDImages/md/original/cop0540s1.jpg,0,,,
468316,Plaque with the Virgin and Child,Plaque,late 15th–early 16th century,,,,"Painted enamel, copper",Overall: 8 1/8 x 9 1/8 in. (20.6 x 23.2 cm),French,France,,Limoges,Angels|Madonna and Child,Master of the Triptych of Louis XII,Artist,,1480,1525,,Medieval Art,Enamels-Painted,ca. 1490–ca. 1515,False,True,https://www.metmuseum.org/art/collection/search/468316,https://images.metmuseum.org/CRDImages/md/original/DP267899.jpg,1,https://www.wikidata.org/wiki/Q116410521,https://www.wikidata.org/wiki/Q18578386,http://vocab.getty.edu/page/ulan/500065044
478730,Arm and Hand Fragment,Statuette,4th–7th century,,,,Marble,Overall: 3 1/8 x 1 1/4 x 7/8 in. (8 x 3.1 x 2.3 cm),Coptic,Byzantine Egypt,,,Hands,,,,,,,Medieval Art,Sculpture-Stone,,False,True,https://www.metmuseum.org/art/collection/search/478730,https://images.metmuseum.org/CRDImages/md/original/cop0451s1.jpg,1,,,
695303,Fragment,Fragment,ca. 1150–ca. 1250,,,,"Glass, ceramic",L. 1 7/8 in. (4.8 cm),European or Middle Eastern,,,,,,,,,,,Medieval Art,Glass-Vessels,,False,True,https://www.metmuseum.org/art/collection/search/695303,https://images.metmuseum.org/CRDImages/md/original/28.99.370.jpg,4,,,
464809,Disk Brooch,Brooch,6th century,,,,"Silver-gilt on iron core, metal foil, inlaid garnet or paste",Overall: 7/8 x 1/4 in. (2.3 x 0.7 cm),Frankish,,,,,,,,,,,Medieval Art,Metalwork-Silver,,False,True,https://www.metmuseum.org/art/collection/search/464809,https://images.metmuseum.org/CRDImages/md/original/DP30108.jpg,0,https://www.wikidata.org/wiki/Q116252665,,
475283,Textile Fragment,Textile fragment,5th century,,,,"Linen, wool",Overall: 11 3/8 x 4 in. (28.9 x 10.2 cm),Coptic,Byzantine Egypt,,,,,,,,,,Medieval Art,Textiles-Woven,,False,True,https://www.metmuseum.org/art/collection/search/475283,https://images.metmuseum.org/CRDImages/md/original/sftr-20-922-2002s1.jpg,2,,,
468777,Bottle,Bottle,19th century,,,,Gold plate,Overall: 14 5/16 x 7 5/8 in. (36.3 x 19.4 cm),Scythian,,,,,,,,,,,Medieval Art,Reproductions-Metalwork,,False,True,https://www.metmuseum.org/art/collection/search/468777,https://images.metmuseum.org/CRDImages/md/original/tem85124.jpg,0,,,
478460,Head of Beadered Man,Statuette,4th–7th century,,,,Earthenware,Overall: 2 5/16 x 1 9/16 x 1 9/16 in. (5.8 x 4 x 3.9 cm),Coptic,Byzantine Egypt,,,Heads|Men,,,,,,,Medieval Art,Ceramics,,False,True,https://www.metmuseum.org/art/collection/search/478460,https://images.metmuseum.org/CRDImages/md/original/Cop0269.jpg,0,,,
477263,Pot,Pot,4th–7th century,,,,"Earthenware, slip decoration",Overall: 7 5/8 x 5 1/16 in. (19.3 x 12.9 cm),Coptic,Byzantine Egypt,,,,,,,,,,Medieval Art,Ceramics,,False,True,https://www.metmuseum.org/art/collection/search/477263,https://images.metmuseum.org/CRDImages/md/original/Cop0151s1.jpg,2,,,
477332,Pot,Pot,4th–7th century,,,,Earthenware,Overall: 2 3/16 x 2 5/16 in. (5.6 x 5.8 cm),Coptic,Byzantine Egypt,,,,,,,,,,Medieval Art,Ceramics,,False,True,https://www.metmuseum.org/art/collection/search/477332,https://images.metmuseum.org/CRDImages/md/original/cop0197s1.jpg,0,,,
329979,Fragment with Two figures,Textile,5th century,,,,"Polychrome wool, tapestry (loop weave technique)",9 15/16 × 14 9/16 in. (25.2 × 37 cm),Early Byzantine,,Egypt,,,,,,,,,Medieval Art,Textiles-Woven,,False,True,https://www.metmuseum.org/art/collection/search/329979,https://images.metmuseum.org/CRDImages/md/original/kn185.jpg,0,,,
468888,Door handle or knocker,Door handle or knocker,15th–16th century,,,,Iron,"Overall (as installed): 8 3/16 x 6 13/16 x 2 1/2 in. (20.8 x 17.3 x 6.4 cm)
Bail-a: 7 3/8 x 6 x 1 15/16 in. (18.7 x 15.3 x 5 cm)
Plate-b: 6 13/16 x 7/16 in. (17.3 x 1.1 cm)",German,,,,,,,,,,,Medieval Art,Metalwork-Iron,,False,True,https://www.metmuseum.org/art/collection/search/468888,https://images.metmuseum.org/CRDImages/md/original/sf87-11-699abs1.jpg,2,,,
467319,Glass Fragment,Fragment,14th century,,,,Colorless glass,Overall: 3 1/4 x 3 1/8 in. (8.3 x 7.9 cm),European,,,,,,,,,,,Medieval Art,Glass-Stained,,False,True,https://www.metmuseum.org/art/collection/search/467319,https://images.metmuseum.org/CRDImages/md/original/cdi30-73-62.jpg,0,,,
466672,Drinking Bowl,Drinking bowl,15th century,,,,Green glass,Overall: 1 7/8 x 3 3/8 in. (4.8 x 8.6 cm),German,,,,,,,,,,,Medieval Art,Glass-Vessels,,False,True,https://www.metmuseum.org/art/collection/search/466672,https://images.metmuseum.org/CRDImages/md/original/sf27-185-214s1.jpg,1,https://www.wikidata.org/wiki/Q116242864,,
465339,Disk Brooch,Brooch,first half 6th century,,,,"Silver, glass and garnets",Overall: 7/8 x 1/4 in. (2.3 x 0.6 cm),Frankish,,,,,,,,,,,Medieval Art,Metalwork-Silver,,False,True,https://www.metmuseum.org/art/collection/search/465339,https://images.metmuseum.org/CRDImages/md/original/DP30114.jpg,0,,,
473435,Spherical Pendant or Button,Pendant or button,900–950,,,,Cloisonné enamel and gold,Overall: 1 1/4 x 1 1/8 in. (3.2 x 2.9 cm),Byzantine,Bulgaria (possibly),,,,,,,,,,Medieval Art,Enamels-Cloisonné,,False,True,https://www.metmuseum.org/art/collection/search/473435,https://images.metmuseum.org/CRDImages/md/original/DP104375.jpg,6,https://www.wikidata.org/wiki/Q116244341,,
466147,Armorial Roundel,Roundel,19th century,,,,Copper gilt and opaque enamel,Overall: 1 9/16 x 1/8 in. (4 x 0.3 cm),French,France,,,,,,,,,,Medieval Art,Enamels-Champlevé,,False,True,https://www.metmuseum.org/art/collection/search/466147,https://images.metmuseum.org/CRDImages/md/original/sf1986-464-2s1.jpg,0,,,
477718,Coffin,Coffin,4th century,,,,"Wood, paint","Overall: 16 1/2 x 70 1/4 x 20 3/4 in. (41.9 x 178.4 x 52.7 cm)
Base: 8 x 72 x 21 1/2 in. (20.3 x 182.9 x 54.6 cm)",Coptic,Byzantine Egypt,,,,,,,,,,Medieval Art,Woodwork-Miscellany,,False,True,https://www.metmuseum.org/art/collection/search/477718,https://images.metmuseum.org/CRDImages/md/original/DP271906.jpg,14,,,
468878,Hinge,Hinge,15th century,,,,Iron,Overall: 19 3/4 x 7 11/16 x 11/16 in. (50.1 x 19.5 x 1.8 cm),German,,,,,,,,,,,Medieval Art,Metalwork-Iron,,False,True,https://www.metmuseum.org/art/collection/search/468878,https://images.metmuseum.org/CRDImages/md/original/sf87-11-688s1.jpg,2,,,
479300,Papyri Fragments,Fragment,7th century,,,,Papyrus and ink,Storage (petri dish diam.): 2 13/16 in. (7.2 cm),Coptic,Byzantine Egypt,,Thebes,,,,,,,,Medieval Art,Papyrus,,False,True,https://www.metmuseum.org/art/collection/search/479300,https://images.metmuseum.org/CRDImages/md/original/cop0841.jpg,0,,,
463968,Hexagonal Jug,Jug,500–650,,,,Moulded glass,Overall: 6 3/16 x 2 15/16 x 2 11/16 in. (15.7 x 7.4 x 6.8 cm),Byzantine,,,,,,,,,,,Medieval Art,Glass-Vessels,,False,True,https://www.metmuseum.org/art/collection/search/463968,https://images.metmuseum.org/CRDImages/md/original/sf17-120-246s1.jpg,4,https://www.wikidata.org/wiki/Q116274471,,
479098,Glass Fragments,Fragment,4th–early 5th century,,,,Glass,Storage (petri dish diam.): 5 9/16 in. (14.2 cm),Coptic,Byzantine Egypt,,,,,,,,,,Medieval Art,Glass-Vessels,,False,True,https://www.metmuseum.org/art/collection/search/479098,https://images.metmuseum.org/CRDImages/md/original/cop0774.jpg,0,,,
475073,Sheet Fragment,Fragment,4th century,,,,"Linen, wool",Overall: 72 13/16 × 38 3/8 in. (185 × 97.5 cm),Coptic,Byzantine Egypt,,,,,,,,,,Medieval Art,Textiles-Woven,,False,True,https://www.metmuseum.org/art/collection/search/475073,https://images.metmuseum.org/CRDImages/md/original/sf33-10-4s2.jpg,1,,,
479634,"Pendant, vase",Pendant,4th–5th century,,,,Glass,1 3/16 × 9/16 × 7/16 in. (3 × 1.5 × 1.1 cm),Egyptian possibly,,,,Vases,,,,,,,Medieval Art,Glass,,False,True,https://www.metmuseum.org/art/collection/search/479634,https://images.metmuseum.org/CRDImages/md/original/sf10-130-996s02.jpg,1,,,
464570,Collar Pendant,Pendant,late 5th–early 6th century,,,,"Gold - sheet; cells - garnets (patterned foil), glass (green); wire - beaded.  Suspension Loops: gold - rod.",Overall: 1 3/4 x 9/16 x 1/4 in. (4.4 x 1.4 x 0.7 cm),Ostrogothic,,,,,,,,,,,Medieval Art,Metalwork-Gold,,False,True,https://www.metmuseum.org/art/collection/search/464570,https://images.metmuseum.org/CRDImages/md/original/DP30216.jpg,3,https://www.wikidata.org/wiki/Q116255967,,
469773,Belt Plate Fragment,Belt plate,4th–7th century,,,,"Iron, silver and brass inlay","Overall (attached together x.209.14, + .15): 2 11/16 x 2 x 3/16 in. (6.8 x 5.1 x 0.5 cm)",Frankish,,,,,,,,,,,Medieval Art,Metalwork-Iron,,False,True,https://www.metmuseum.org/art/collection/search/469773,https://images.metmuseum.org/CRDImages/md/original/x209-14_15s1.jpg,1,,,
468647,Plate,Plate,late 15th century,,,,Brass,Overall: 15 11/16 x 1 13/16 in. (39.8 x 4.6 cm),German,,,,Deer,,,,,,,Medieval Art,Metalwork-Brass,,False,True,https://www.metmuseum.org/art/collection/search/468647,https://images.metmuseum.org/CRDImages/md/original/sf64-101-1506s1.jpg,3,,,
468719,Steelyard Weight with the Bust of Athena,Steelyard weight,5th–7th century,,,,Copper alloy,"2 3/16 × 7/8 × 13/16 in., 1.6oz. (5.5 × 2.2 × 2 cm, 45g)",Byzantine,,,,Athena,,,,,,,Medieval Art,Metalwork-Copper alloy,,False,True,https://www.metmuseum.org/art/collection/search/468719,https://images.metmuseum.org/CRDImages/md/original/sf67-154-2s1.jpg,2,https://www.wikidata.org/wiki/Q116273980,,
468470,Fragment of a Rock Crystal Bowl,Bowl fragment,3rd–5th century,,,,Rock crystal,Overall: 1 3/4 x 3 11/16 x 1 5/8 in. (4.5 x 9.4 x 4.2 cm),North African (Carthage),,,,Fish,,,,,,,Medieval Art,Lapidary Work-Crystal,,False,True,https://www.metmuseum.org/art/collection/search/468470,https://images.metmuseum.org/CRDImages/md/original/DP-25592-001.jpg,8,,,
695157,Fragment,Fragment,ca. 1150–ca. 1250,,,,"Glass, ceramic",L. 2 in. (5.1 cm),European or Middle Eastern,,,,,,,,,,,Medieval Art,Glass-Vessels,,False,True,https://www.metmuseum.org/art/collection/search/695157,https://images.metmuseum.org/CRDImages/md/original/28.99.264.jpg,4,,,
464165,Gold and Niello Bracelet,Bracelet,5th–6th century,,,,"Gold, niello","Overall: 2 3/8 x 2 3/8 x 7/8 in. (6.1 x 6.1 x 2.3 cm)
bezel: 7/8 x 1 x 9/16 in. (2.3 x 2.5 x 1.5 cm)
band ht: 13/16 in. (2 cm)",Byzantine,possibly Syria,,,,,,,,,,Medieval Art,Metalwork-Gold,,False,True,https://www.metmuseum.org/art/collection/search/464165,https://images.metmuseum.org/CRDImages/md/original/sf17-190-2054s5.jpg,6,https://www.wikidata.org/wiki/Q116273791,,
466474,Glass Fragment,Fragment,12th century,,,,Pot metal glass,Overall: 2 1/8 x 1 1/8 in. (5.4 x 2.9 cm),French,France,,,,,,,,,,Medieval Art,Glass-Stained,,False,True,https://www.metmuseum.org/art/collection/search/466474,https://images.metmuseum.org/CRDImages/md/original/cdi23-229-2-9.jpg,0,,,
466469,Glass Fragment,Fragment,14th–15th century,,,,Pot metal glass,Overall: 2 1/8 x 1 1/2 in. (5.4 x 3.8 cm),French,,,,,,,,,,,Medieval Art,Glass-Stained,,False,True,https://www.metmuseum.org/art/collection/search/466469,https://images.metmuseum.org/CRDImages/md/original/cdi23-229-2-4.jpg,0,,,
467129,Glass Fragment,Fragment,13th–14th century,,,,Pot metal glass,Overall: 1 3/4 x 1 1/2 in. (4.5 x 3.8 cm),European,,,,,,,,,,,Medieval Art,Glass-Stained,,False,True,https://www.metmuseum.org/art/collection/search/467129,https://images.metmuseum.org/CRDImages/md/original/cdi30-73-140.jpg,0,,,
466493,Glass Fragment,Fragment,13th century,,,,Colorless glass,Overall: 4 1/4 x 3 1/2 in. (10.8 x 8.9 cm),French,France,,Bourges,,,,,,,,Medieval Art,Glass-Stained,,False,True,https://www.metmuseum.org/art/collection/search/466493,https://images.metmuseum.org/CRDImages/md/original/cdi23-229-4-4.jpg,0,,,
695294,Fragment,Fragment,ca. 1150–ca. 1250,,,,"Glass, ceramic",L. 1 1/2 in. (3.8 cm),European or Middle Eastern,,,,,,,,,,,Medieval Art,Glass-Vessels,,False,True,https://www.metmuseum.org/art/collection/search/695294,https://images.metmuseum.org/CRDImages/md/original/28.99.364.jpg,4,,,
469726,Fork,Fork,15th century,,,,"Iron, copper alloy, partially gilt, silver and niello",Overall: 11 9/16 x 1 1/8 x 9/16 in. (29.4 x 2.9 x 1.4 cm),Italian,,,,,,,,,,,Medieval Art,Metalwork-Iron,,False,True,https://www.metmuseum.org/art/collection/search/469726,https://images.metmuseum.org/CRDImages/md/original/L1996-64-1s5.jpg,6,https://www.wikidata.org/wiki/Q116272992,,
465894,Ornament,Ornament,16th century,,,,Earthenware,Overall: 4 1/4 x 3 1/8 in. (10.8 x 7.9 cm),French,,,,,,,,,,,Medieval Art,Ceramics,,False,True,https://www.metmuseum.org/art/collection/search/465894,https://images.metmuseum.org/CRDImages/md/original/sf17-194-2207s2.jpg,5,,,
464375,Plate with David Slaying a Lion,Plate,629–630,,,,Silver,"Overall: 5 1/2 x 15/16 in., 13.7oz. (13.9 x 2.4 cm, 389g)
foot: 2 9/16 x 3/8 in. (6.5 x 0.9 cm)",Byzantine,,,Constantinople,David,,,,,,,Medieval Art,Metalwork-Silver,,False,True,https://www.metmuseum.org/art/collection/search/464375,https://images.metmuseum.org/CRDImages/md/original/DT11580.jpg,4,https://www.wikidata.org/wiki/Q116272801,,
464124,Crucifixion Triptych,Triptych,15th century,,,,Pearwood,"Overall: 4 15/16 x 5 7/8 x 1/4in. (12.6 x 15 x 0.6cm)
wings closed: 2 15/16 x 9/16in. (7.4 x 1.4cm)
wing: 1 7/16 x 1/4in. (3.7 x 0.6cm)",German,,,,Christ|Saint John the Baptist|Virgin Mary|Crucifixion|Evangelists,,,,,,,Medieval Art,Sculpture-Wood,,False,True,https://www.metmuseum.org/art/collection/search/464124,https://images.metmuseum.org/CRDImages/md/original/sf17-190-172s1.jpg,2,,,
474684,Papyri Fragments of a Letter from Tagape,Fragment,7th century,,,,Papyrus and ink,"Overall: 5 7/8 x 5 1/8 in. (15 x 13 cm)
Framed: 6 9/16 x 12 1/2 in. (16.7 x 31.8 cm)",Coptic,Byzantine Egypt,,,,,,,,,,Medieval Art,Papyrus,,False,True,https://www.metmuseum.org/art/collection/search/474684,https://images.metmuseum.org/CRDImages/md/original/sf12-180-312s1.jpg,1,,,
464456,Amulet Carved in Intaglio (Incised),Amulet,6th–7th century,,,,"Hematite, silver mount","Overall: 1 15/16 x 1 7/16 x 3/8 in. (5 x 3.7 x 1 cm)
Hematite: 1 7/8 x 1 7/16 x 3/8 in. (4.8 x 3.6 x 1 cm)",Byzantine (Egypt),Byzantine Egypt,,,Women|Christ,,,,,,,Medieval Art,Lapidary Work-Hematite,,False,True,https://www.metmuseum.org/art/collection/search/464456,https://images.metmuseum.org/CRDImages/md/original/DP-25587-002.jpg,5,,,
466270,Saint James the Less,Statuette,1450–60,,,,"Alabaster, with traces of polychromy","Overall (with base): 15 7/8 x 6 5/16 x 3 9/16 in. (40.4 x 16 x 9.1 cm)
Figure only: 13 5/16 x 6 5/16 x 3 1/2 in. (33.8 x 16 x 8.9 cm)
Base: 2 11/16 x 5 1/2 x 3 9/16 in. (6.8 x 14 x 9.1 cm)",Northeast French or South Netherlandish,France or Netherlands,,,Apostles,,,,,,,Medieval Art,Sculpture-Stone,,False,True,https://www.metmuseum.org/art/collection/search/466270,https://images.metmuseum.org/CRDImages/md/original/sf1994-217abs1.jpg,5,https://www.wikidata.org/wiki/Q116243924,,
468069,Table,Table,15th century,,,,"Iron, oak",33 × 30 1/4 in. (83.8 × 76.8 cm),French,,,,,,,,,,,Medieval Art,Metalwork-Iron,,False,True,https://www.metmuseum.org/art/collection/search/468069,https://images.metmuseum.org/CRDImages/md/original/cdi42-64.jpg,1,,,
469795,Belt Buckle Loop,Buckle loop,4th–7th century,,,,"Iron, silver overlay","Overall (attached with x.209.6, .34, .53): 4 1/2 x 2 1/4 x 5/8 in. (11.5 x 5.7 x 1.6 cm)
Overall (.34 loop only): 2 5/16 x 1 1/8 x 1/2 in. (5.8 x 2.9 x 1.3 cm)",Frankish or Burgundian,,,,,,,,,,,Medieval Art,Metalwork-Iron,,False,True,https://www.metmuseum.org/art/collection/search/469795,https://images.metmuseum.org/CRDImages/md/original/dp30414.jpg,0,,,
464888,Belt Buckle Loop,Buckle loop,early 6th century,,,,"Copper alloy, garnets",Overall: 15/16 x 1 5/16 in. (2.4 x 3.3 cm),Frankish,,,,,,,,,,,Medieval Art,Metalwork-Copper alloy,,False,True,https://www.metmuseum.org/art/collection/search/464888,https://images.metmuseum.org/CRDImages/md/original/DP30164.jpg,0,https://www.wikidata.org/wiki/Q116252528,,
463826,Saint Anne with the Virgin and Child,Relief,ca. 1475–1500,,,,Oak,Overall: 13 11/16 x 13 1/8 x 4 1/8 in. (34.8 x 33.3 x 10.4 cm),German,Germany,,,Madonna and Child,,,,,,,Medieval Art,Sculpture-Wood,,False,True,https://www.metmuseum.org/art/collection/search/463826,https://images.metmuseum.org/CRDImages/md/original/DP277655.jpg,6,https://www.wikidata.org/wiki/Q116236497,,
472550,Terminal for an Open Ring Brooch,Brooch,ca. 950,,,,"Silver, gold, and niello","Overall: 1 15/16 x 1 7/16 x 1 7/16 in., 1.378lb. (5 x 3.7 x 3.6 cm, 625g)",Viking,,,,,,,,,,,Medieval Art,Metalwork-Silver,,False,True,https://www.metmuseum.org/art/collection/search/472550,https://images.metmuseum.org/CRDImages/md/original/2000.140.jpg,0,https://www.wikidata.org/wiki/Q116244820,,
467954,"Candlestick, Pricket",Candlestick,15th century,,,,Brass,Overall: 16 x 7 1/4 in. (40.6 x 18.4 cm),South Netherlandish,,,,,,,,,,,Medieval Art,Metalwork-Brass,,False,True,https://www.metmuseum.org/art/collection/search/467954,https://images.metmuseum.org/CRDImages/md/original/sf41-190-127s1.jpg,5,,,
463905,Bellows with Relief,Bellows,early 16th century,,,,Oak,Overall: 12 7/8 in. (32.7 cm),French,,,,Men|Horses,,,,,,,Medieval Art,Sculpture-Miniature-Wood,,False,True,https://www.metmuseum.org/art/collection/search/463905,https://images.metmuseum.org/CRDImages/md/original/cdi16-32-306.jpg,1,,,
464517,Panel from a Cover for an Icon of the Virgin,Enamel fragment,ca. 1100,,,,"Cloisonné enamel, gold, copper","Overall: 5 1/4 x 1 1/2in. (13.3 x 3.8cm)
Mount: 14 x 16 x 7/8 in. (35.6 x 40.6 x 2.2 cm)",Byzantine,,,Constantinople,,,,,,,,Medieval Art,Enamels-Cloisonné,,False,True,https://www.metmuseum.org/art/collection/search/464517,https://images.metmuseum.org/CRDImages/md/original/sf17-190-647s1.jpg,3,https://www.wikidata.org/wiki/Q116256468,,
696554,Fragment,Fragment,ca. 1150–ca. 1250,,,,"Glass, ceramic",L. 1 3/4 in. (4.5 cm),European or Middle Eastern,,,,,,,,,,,Medieval Art,Glass-Vessels,,False,True,https://www.metmuseum.org/art/collection/search/696554,https://images.metmuseum.org/CRDImages/md/original/28.99.471.jpg,4,,,
465790,Buckle,Buckle,7th century,,,,"Bronze, traces of silver, copper alloy",Overall: 2 3/16 x 1 3/16 x 1/2 in. (5.5 x 3 x 1.2 cm),Frankish,,,,,,,,,,,Medieval Art,Metalwork-Bronze,,False,True,https://www.metmuseum.org/art/collection/search/465790,https://images.metmuseum.org/CRDImages/md/original/DP30017.jpg,0,https://www.wikidata.org/wiki/Q116247167,,
466732,"Manuscript Leaf with Initial T, from a Gradual",Gradual; Manuscript leaf,second quarter 15th century,,,,"Tempera, ink, and metal leaf on parchment",19 3/4 x 14 3/16 in.  (50.1 x 36 cm),German,Germany,,,,,,,,,,Medieval Art,Manuscripts and Illuminations,,False,True,https://www.metmuseum.org/art/collection/search/466732,https://images.metmuseum.org/CRDImages/md/original/temp2822528v.jpg,2,,,
464239,Casket with Warriors and Dancers,Casket,11th century,,,,Elephant ivory and bone; gilded copper mounts,8 x 11 3/8 x 7 1/2 in.  (20.3 x 28.9 x 19.1 cm),Byzantine,,,Constantinople,Animals|Men|Dancers,,,,,,,Medieval Art,Ivories-Bone,,False,True,https://www.metmuseum.org/art/collection/search/464239,https://images.metmuseum.org/CRDImages/md/original/DP-424-001.jpg,10,https://www.wikidata.org/wiki/Q116273567,,
468257,Holy Family,Relief,ca. 1500,,,,Limewood with traces of paint and gilding,Overall: 31 7/8 x 19 11/16 x 7 3/4 in. (81 x 50 x 19.7 cm),South German,,,,Christ|Saint Joseph|Virgin Mary,Niclaus Weckmann,Artist,German,1481,1526,,Medieval Art,Sculpture-Wood,"German, 1481–ca. 1526",False,True,https://www.metmuseum.org/art/collection/search/468257,https://images.metmuseum.org/CRDImages/md/original/DP142990.jpg,15,https://www.wikidata.org/wiki/Q116276151,https://www.wikidata.org/wiki/Q1990482,http://vocab.getty.edu/page/ulan/500331209
469712,Game Piece with Menelaus and Companions Battling Proteus,Game piece,ca. 1125–50,,,,Walrus ivory,Overall: 2 3/8 x 11/16 in. (6 x 1.7 cm),North French,,,,Animals|Men|Menelaus,,,,,,,Medieval Art,Ivories-Walrus,,False,True,https://www.metmuseum.org/art/collection/search/469712,https://images.metmuseum.org/CRDImages/md/original/DP228476.jpg,1,https://www.wikidata.org/wiki/Q116273031,,
472620,Counter Plate of a Belt Buckle,Buckle plate,last quarter 7th century,,,,"Iron, silver inlay, copper alloy inlay",Overall: 3 11/16 x 1 7/8 x 5/8 in. (9.4 x 4.7 x 1.6 cm),Frankish,,,,,,,,,,,Medieval Art,Metalwork-Iron,,False,True,https://www.metmuseum.org/art/collection/search/472620,https://images.metmuseum.org/CRDImages/md/original/dp30383.jpg,0,,,
467339,Fragment,Fragment,13th–14th century,,,,Pot-metal glass and vitreous paint,2 1/4 × 1 5/8 × 1/16 in. (5.7 × 4.1 × 0.2 cm),European,,,,,,,,,,,Medieval Art,Glass-Stained,,False,True,https://www.metmuseum.org/art/collection/search/467339,https://images.metmuseum.org/CRDImages/md/original/cdi30-73-80.jpg,0,,,
467290,Glass Fragment,Fragment,16th century,,,,Colorless glass,Overall: 3 7/8 x 2 in. (9.8 x 5.1 cm),European,,,,,,,,,,,Medieval Art,Glass-Stained,,False,True,https://www.metmuseum.org/art/collection/search/467290,https://images.metmuseum.org/CRDImages/md/original/cdi30-73-37.jpg,0,,,
478554,Lower Arm Fragment,Statuette,4th–7th century,,,,Alabaster,Overall: 2 15/16 x 15/16 x 13/16 in. (7.5 x 2.4 x 2.1 cm),Coptic,Byzantine Egypt,,,Arms,,,,,,,Medieval Art,Lapidary Work-Alabaster,,False,True,https://www.metmuseum.org/art/collection/search/478554,https://images.metmuseum.org/CRDImages/md/original/cop0368.jpg,0,,,
465244,Bird-Shaped Brooch,Brooch,late 6th century,,,,"Silver-gilt, garnets with patterned foil backings; iron spring/pin",Overall: 1 7/16 x 13/16 x 3/8 in. (3.6 x 2 x 1 cm),Frankish,Northern France,,,Birds,,,,,,,Medieval Art,Metalwork-Silver,,False,True,https://www.metmuseum.org/art/collection/search/465244,https://images.metmuseum.org/CRDImages/md/original/DP30156.jpg,0,,,
465175,Equal-Arm Brooch with Cross Decoration,Brooch,7th–8th century,,,,Copper alloy,Overall: 11/16 x 1 9/16 x 11/16 in. (1.8 x 3.9 x 1.8 cm),Frankish,,,,Cross,,,,,,,Medieval Art,Metalwork-Copper alloy,,False,True,https://www.metmuseum.org/art/collection/search/465175,https://images.metmuseum.org/CRDImages/md/original/DP30173.jpg,0,https://www.wikidata.org/wiki/Q116251809,,
467678,Altar Frontal with Deesis,Textile,15th century,,,,Silk and metal thread,Overall: 37 x 72in. (94 x 182.9cm),Eastern European (Romanian (?)),,,,Christ|Saint John the Baptist|Virgin Mary,,,,,,,Medieval Art,Textiles-Embroidered,,False,True,https://www.metmuseum.org/art/collection/search/467678,https://images.metmuseum.org/CRDImages/md/original/DP218793.jpg,10,,,
463132,Lismore Crozier,Crozier,early 20th century (original dated early 11th century),,,,Bronze over wood,Overall: 46 1/2 x 2 15/16 x 6 1/4in. (118.1 x 7.5 x 15.9cm),Irish,,,,,,,,,,,Medieval Art,Reproductions-Metalwork,,False,True,https://www.metmuseum.org/art/collection/search/463132,https://images.metmuseum.org/CRDImages/md/original/tem082322v2.jpg,1,,,
694233,Fragment,Fragment,ca. 1150–ca. 1250,,,,"Glass, ceramic",L. 1 1/8 in. (2.9 cm),European or Middle Eastern,,,,,,,,,,,Medieval Art,Glass-Vessels,,False,True,https://www.metmuseum.org/art/collection/search/694233,https://images.metmuseum.org/CRDImages/md/original/28.99.130.jpg,4,,,
479120,Glass Fragment,Fragment,4th–early 5th century,,,,Glass,Overall: 1 3/4 x 2 1/8 x 9/16 in. (4.5 x 5.4 x 1.5 cm),Coptic,Byzantine Egypt,,,,,,,,,,Medieval Art,Glass-Vessels,,False,True,https://www.metmuseum.org/art/collection/search/479120,https://images.metmuseum.org/CRDImages/md/original/cop0795.jpg,0,,,
464962,Flat Rectangular Plaque,Plaque,middle of 6th century,,,,Copper alloy,Overall: 1 3/4 x 1 3/16 x 1/8 in. (4.5 x 3 x 0.3 cm),Frankish,Northern France,,,,,,,,,,Medieval Art,Metalwork-Copper alloy,,False,True,https://www.metmuseum.org/art/collection/search/464962,https://images.metmuseum.org/CRDImages/md/original/sf17-191-257s1.jpg,1,,,
477299,Pot,Pot,4th–7th century,,,,"Earthenware, slip decoration",Overall: 3 3/8 x 3 9/16 in. (8.6 x 9 cm); 5 x 9 cm without lip,Coptic,Byzantine Egypt,,,,,,,,,,Medieval Art,Ceramics,,False,True,https://www.metmuseum.org/art/collection/search/477299,https://images.metmuseum.org/CRDImages/md/original/Cop0184s1.jpg,1,,,
478738,Plate,Plate,4th–7th century,,,,Earthenware,Overall: 2 1/16 x 6 7/16 in. (5.2 x 16.4 cm),Coptic,Byzantine Egypt,,,,,,,,,,Medieval Art,Ceramics,,False,True,https://www.metmuseum.org/art/collection/search/478738,https://images.metmuseum.org/CRDImages/md/original/cop0459s1.jpg,0,,,
466372,"Manuscript Leaf with June Calendar, from a Royal Psalter",Psalter; Manuscript leaf,13th century,,,,Tempera and gold on parchment,"Overall: 11 5/16 x 7 11/16 in. (28.7 x 19.5 cm)
Mat Size: 18 x 14 in. (45.7 x 35.5 cm)",British,,,,Saint Paul|Saint Peter|Zodiac|Calendars,,,,,,,Medieval Art,Manuscripts and Illuminations,,False,True,https://www.metmuseum.org/art/collection/search/466372,https://images.metmuseum.org/CRDImages/md/original/DP-34704-002.jpg,1,,,
464070,Pectoral with Coins and Pseudo-Medallion,Pectoral,ca. 539–50,,,,"Gold, niello","Overall: 9 7/16 x 8 5/8 x 5/8 in. (23.9 x 21.9 x 1.6 cm)
ring: 19 11/16 x 3/8 in. (50 x 1 cm)
Medallion: 2 3/4 x 6 11/16 x 3/8 in. (7 x 17 x 1 cm)
weight: 11.9oz. (338g)",Byzantine,,,,Emperors|Men|Coins,,,,,,,Medieval Art,Metalwork-Gold,,True,True,https://www.metmuseum.org/art/collection/search/464070,https://images.metmuseum.org/CRDImages/md/original/DP-14785-002.jpg,3,https://www.wikidata.org/wiki/Q29385353,,
473286,Animal-Shaped Brooch,Brooch,2nd century,,,,"Copper alloy, modern enamel",1 x 1 3/4 x 7/16 in.  (2.6 x 4.4 x 1.1 cm),Roman,,,,Animals,,,,,,,Medieval Art,Metalwork-Copper alloy,,False,True,https://www.metmuseum.org/art/collection/search/473286,https://images.metmuseum.org/CRDImages/md/original/TR46912000OBV.jpg,1,,,
464114,Silver Drinking Bowl with Handle,Bowl,700s,,,,Silver,"2 × 9 15/16 × 7 5/16 in., 9.613 Troy Ounces (5.1 × 25.2 × 18.5 cm, 299g)
Other (diameter of cup only): 7 5/16 in. (18.5 cm)",Avar,Tirana,,,,,,,,,,Medieval Art,Metalwork-Silver,,False,True,https://www.metmuseum.org/art/collection/search/464114,https://images.metmuseum.org/CRDImages/md/original/dp30673.jpg,10,https://www.wikidata.org/wiki/Q116274027,,
475432,Key,Key,4th–7th century,,,,Iron,Overall: 2 7/16 x 1 7/16 x 1 3/8 in. (6.2 x 3.7 x 3.5 cm),Coptic,Byzantine Egypt,,,,,,,,,,Medieval Art,Metalwork-Iron,,False,True,https://www.metmuseum.org/art/collection/search/475432,https://images.metmuseum.org/CRDImages/md/original/cop0704s1.jpg,0,,,
468443,Episode in the life of Joshua-Rahab,Tapestry,15th century,,,,Wool,Overall: 166 x 158 in. (421.6 x 401.3 cm),South Netherlandish,,,Tournai,Men|Women|Joshua,,,,,,,Medieval Art,Textiles-Tapestries,,False,True,https://www.metmuseum.org/art/collection/search/468443,https://images.metmuseum.org/CRDImages/md/original/sf9306.jpg,0,,,
475047,Pulley,Pulley,3rd–5th century,,,,Wood,Overall: 6 9/16 x 2 5/16 x 1 in. (16.7 x 5.9 x 2.6 cm),Coptic,Byzantine Egypt,,,,,,,,,,Medieval Art,Woodwork-Miscellany,,False,True,https://www.metmuseum.org/art/collection/search/475047,https://images.metmuseum.org/CRDImages/md/original/sf20-2-40s1.jpg,3,,,
474472,Ostrakon,Ostrakon,7th century,,,,Limestone with ink inscription,4 9/16 x 4 15/16 in. (11.6 x 12.6 cm),Coptic,Byzantine Egypt,,,Documents,,,,,,,Medieval Art,Miscellaneous-Stone,,False,True,https://www.metmuseum.org/art/collection/search/474472,https://images.metmuseum.org/CRDImages/md/original/sf12-180-60s1.jpg,1,,,
464327,Spherical knop,Knop,late 12th century,,,,"Champlevé enamel, copper-gilt",Overall: 5 3/8 x 3 11/16 in. (13.7 x 9.4 cm),German,Germany,,,,,,,,,,Medieval Art,Enamels-Champlevé,,False,True,https://www.metmuseum.org/art/collection/search/464327,https://images.metmuseum.org/CRDImages/md/original/DP-14220-001.jpg,8,,,
694322,Fragment,Fragment,ca. 1150–ca. 1250,,,,"Glass, ceramic",L. 1 5/8 in. (4.1 cm),European or Middle Eastern,,,,,,,,,,,Medieval Art,Glass-Vessels,,False,True,https://www.metmuseum.org/art/collection/search/694322,https://images.metmuseum.org/CRDImages/md/original/28.99.168.jpg,4,,,
466626,"The Virgin Supported by Saint John, from a Crucifixion Group",Relief statue,ca. 1340–50,,,,"Marble, traces of gilding",Overall: 22 3/16 x 8 7/8 x 4 1/4 in. (56.4 x 22.5 x 10.8 cm),South Netherlandish,Belgium,,Huy,Saint John the Evangelist,,,,,,,Medieval Art,Sculpture-Stone,,False,True,https://www.metmuseum.org/art/collection/search/466626,https://images.metmuseum.org/CRDImages/md/original/sf26-101-6s1.jpg,8,https://www.wikidata.org/wiki/Q116243019,,
465246,S-Shaped Brooch,Brooch,mid-6th century,,,,"Silver-gilt, garnets",Overall: 1/16 x 1 3/16 x 3/8 in. (0.1 x 3 x 0.9 cm),Frankish,,,,,,,,,,,Medieval Art,Metalwork-Silver,,False,True,https://www.metmuseum.org/art/collection/search/465246,https://images.metmuseum.org/CRDImages/md/original/DP30166.jpg,0,https://www.wikidata.org/wiki/Q116249741,,
466770,"Manuscript Leaf with Initial O, from an Antiphonary",Antiphonary; Manuscript leaf,second quarter 15th century,,,,"Tempera, ink, and metal leaf on parchment",20 1/2 x 15 in.  (52.1 x 38.1 cm),German,Germany,,,,,,,,,,Medieval Art,Manuscripts and Illuminations,,False,True,https://www.metmuseum.org/art/collection/search/466770,https://images.metmuseum.org/CRDImages/md/original/temp2822562r.jpg,2,,,
463834,"Saint John, Apostle and Evangelist",Statuette,ca. 1500,,,,Oak with traces of polychromy and gilding,"Overall: 24 5/8 x 7 1/4 x 4in. (62.5 x 18.4 x 10.2cm)
without base: 24 x 8 1/4 x 5in. (61 x 21 x 12.7cm)",North Netherlandish,,,,Apostles,,,,,,,Medieval Art,Sculpture-Wood,,False,True,https://www.metmuseum.org/art/collection/search/463834,https://images.metmuseum.org/CRDImages/md/original/sf16-32-230s1.jpg,6,,,
474527,Ostrakon,Ostrakon,7th century,,,,Pottery fragment with ink inscription,3 3/8 x 4 5/16 in. (8.5 x 11 cm),Coptic,Byzantine Egypt,,,Coptic,,,,,,,Medieval Art,Ceramics,,False,True,https://www.metmuseum.org/art/collection/search/474527,https://images.metmuseum.org/CRDImages/md/original/sf12-180-113s1.jpg,1,,,
478508,Vessel Fragment,Fragment,4th–7th century,,,,Alabaster,Overall: 2 1/16 x 3 11/16 x 1 3/4 in. (5.3 x 9.4 x 4.4 cm),Coptic,Byzantine Egypt,,,,,,,,,,Medieval Art,Lapidary Work-Alabaster,,False,True,https://www.metmuseum.org/art/collection/search/478508,https://images.metmuseum.org/CRDImages/md/original/Cop0303.jpg,0,,,
466005,Glass Fragment,Fragment,12th–14th century,,,,"Pot-metal glass, vitreous paint",Overall: 4 1/2 x 13/16 in. (11.5 x 2 cm),French,,,,,,,,,,,Medieval Art,Glass-Stained,,False,True,https://www.metmuseum.org/art/collection/search/466005,https://images.metmuseum.org/CRDImages/md/original/cdi1977-346-22.jpg,0,,,
474318,Two Fragments with Human Faces and Birds,Textile fragments,5th century,,,,Tapestry weave; linen and wool,"Overall (left fragment): 7 1/4 x 6 3/4 in. (18.4 x 17.2 cm)
Overall (right  fragment): 6 5/8 x 7 15/16 in. (16.9 x 20.1 cm)",Coptic,,,,Birds|Faces,,,,,,,Medieval Art,Textiles-Woven,,False,True,https://www.metmuseum.org/art/collection/search/474318,https://images.metmuseum.org/CRDImages/md/original/tr8612ab2001s1.jpg,0,,,
463185,Wall Tile,Tile,15th century,,,,"Earthenware, glaze",Overall: 3 1/8 x 3 1/8 x 9/16 in. (8 x 7.9 x 1.5 cm),Spanish,Spain,,Seville or Toledo,,,,,,,,Medieval Art,Ceramics-Tiles,,False,True,https://www.metmuseum.org/art/collection/search/463185,https://images.metmuseum.org/CRDImages/md/original/sf08-66-3s1.jpg,0,,,
463711,Dish,Dish,15th century,,,,"Earthenware, tin-glaze (Majolica)",Overall: 12 11/16 x 2 1/2 in. (32.2 x 6.3 cm),Italian,Italy,,Orvieto,,,,,,,,Medieval Art,Ceramics,,False,True,https://www.metmuseum.org/art/collection/search/463711,https://images.metmuseum.org/CRDImages/md/original/sf16-154-8s1.jpg,1,,,
465773,Key,Key,7th century,,,,Copper alloy,Overall: 1 9/16 x 7/8 x 11/16 in. (3.9 x 2.3 x 1.7 cm),Frankish,Niederbreisig,,Niederbreisig,,,,,,,,Medieval Art,Metalwork-Copper alloy,,False,True,https://www.metmuseum.org/art/collection/search/465773,https://images.metmuseum.org/CRDImages/md/original/sf17-193-54s1.jpg,1,,,
464662,Morse,Morse,ca. 1250,,,,"Copper-gilt, glass",Overall: 4 5/16 x 5 13/16 x 1/2 in. (10.9 x 14.7 x 1.3 cm),French,,,,Human Figures,,,,,,,Medieval Art,Metalwork-Copper,,False,True,https://www.metmuseum.org/art/collection/search/464662,https://images.metmuseum.org/CRDImages/md/original/sf17-190-799s1.jpg,3,https://www.wikidata.org/wiki/Q116252873,,
478448,Bowl,Bowl,4th–7th century,,,,"Earthenware, impressed decoration",Overall: 2 5/8 x 7 13/16 in. (6.6 x 19.8 cm),Coptic,Byzantine Egypt,,,Bowls,,,,,,,Medieval Art,Ceramics,,False,True,https://www.metmuseum.org/art/collection/search/478448,https://images.metmuseum.org/CRDImages/md/original/cop0259.jpg,0,,,
465197,V-Shaped Brooch,Brooch,3rd century,,,,"Champlevé enamel, bronze-gilt",Overall: 1 15/16 x 1 3/8 x 9/16 in. (5 x 3.5 x 1.4 cm),Roman,,,,,,,,,,,Medieval Art,Enamels-Champlevé,,False,True,https://www.metmuseum.org/art/collection/search/465197,https://images.metmuseum.org/CRDImages/md/original/sf17-192-14s1.jpg,2,,,
477314,Glass Fragments,Fragment,4th century,,,,Glass,Storage (petri dish diam.): 5 9/16 in. (14.1 cm),Coptic,Byzantine Egypt,,,,,,,,,,Medieval Art,Glass,,False,True,https://www.metmuseum.org/art/collection/search/477314,https://images.metmuseum.org/CRDImages/md/original/cop0145.jpg,0,,,
467817,Plate with Heraldic Shield of a Rampant Lion,Plate,1450–75,,,,Tin-glazed earthenware,Overall: 17 1/2 x 2 3/8 in. (44.5 x 6 cm),Spanish,Spain,,probably Manises,Shields|Lions,,,,,,,Medieval Art,Ceramics,,False,True,https://www.metmuseum.org/art/collection/search/467817,https://images.metmuseum.org/CRDImages/md/original/sf41-100-309s1.jpg,1,,,
475050,Papyrus,Papyrus,699,,,,Papyrus and ink,"84 in. × 13 13/16 in. (213.4 × 35.1 cm)
Framed (Plexi mount): 85 1/16 × 16 5/8 × 3/4 in., 40 lb. (216.1 × 42.2 × 1.9 cm)",Coptic,Byzantine Egypt,,,,,,,,,,Medieval Art,Papyrus,,False,True,https://www.metmuseum.org/art/collection/search/475050,https://images.metmuseum.org/CRDImages/md/original/DP-25600-001.jpg,3,,,
466151,Lamp Handle with a Griffin’s Head,Lamp handle,6th–7th century,,,,Copper alloy,Overall: 6 15/16 x 1 7/8 x 6 7/16 x 1 1/4 in. (17.6 x 4.7 x 16.4 x 3.2 cm),Byzantine,,,,Griffins,,,,,,,Medieval Art,Metalwork-Copper alloy,,False,True,https://www.metmuseum.org/art/collection/search/466151,https://images.metmuseum.org/CRDImages/md/original/sf1987-441s1.jpg,4,https://www.wikidata.org/wiki/Q116244556,,
464958,Bracelet,Bracelet,400–100,,,,Copper alloy,Overall: 2 1/2 x 1 15/16 x 3/16 in. (6.3 x 4.9 x 0.5 cm),Celtic,,,,,,,,,,,Medieval Art,Metalwork-Copper alloy,,False,True,https://www.metmuseum.org/art/collection/search/464958,https://images.metmuseum.org/CRDImages/md/original/sf17-191-253s1.jpg,0,,,
475116,Tunic,Dress,4th–7th century,,,,Plain weave in undyed linen; self-bands,Overall: 53 9/16 × 40 15/16 in. (136 × 104 cm),Coptic,Byzantine Egypt,,,,,,,,,,Medieval Art,Textiles-Costumes-Secular,,False,True,https://www.metmuseum.org/art/collection/search/475116,https://images.metmuseum.org/CRDImages/md/original/DP269051.jpg,1,,,
466398,Column Statue of an Apostle,Column statue,second half 12th century,,,,Stone (Encrinite),"Overall: 46 1/2 x 8 x 12 1/4 in. (118.1 x 20.3 x 31.1 cm)
without restoration: 32 x 8 x 12 1/4 in. (81.3 x 20.3 x 31.1 cm)",North Italian,Italy,,vicinity of Verona,Men|Apostles,,,,,,,Medieval Art,Sculpture-Stone,,False,True,https://www.metmuseum.org/art/collection/search/466398,https://images.metmuseum.org/CRDImages/md/original/DP212400.jpg,3,https://www.wikidata.org/wiki/Q116243497,,
478493,Fragment of a Figure,Statuette,4th–7th century,,,,Earthenware,Overall: 2 11/16 x 1 9/16 x 1 in. (6.9 x 4 x 2.5 cm),Coptic,Byzantine Egypt,,,Human Figures,,,,,,,Medieval Art,Ceramics,,False,True,https://www.metmuseum.org/art/collection/search/478493,https://images.metmuseum.org/CRDImages/md/original/Cop0297.jpg,0,,,
693897,Fragment,Fragment,ca. 1150–ca. 1250,,,,"Glass, ceramic",L. 1 1/2 in. (3.8 cm),European or Middle Eastern,,,,,,,,,,,Medieval Art,Glass-Vessels,,False,True,https://www.metmuseum.org/art/collection/search/693897,https://images.metmuseum.org/CRDImages/md/original/28.99.80.jpg,4,,,
469771,Belt Buckle Fragment,Belt plate,4th–7th century,,,,"Iron, silver inlay","Overall (attached with x.209.12, .13): 4 1/8 x 2 1/4 x 9/16 in. (10.5 x 5.7 x 1.5 cm)",Frankish,,,,,,,,,,,Medieval Art,Metalwork-Iron,,False,True,https://www.metmuseum.org/art/collection/search/469771,https://images.metmuseum.org/CRDImages/md/original/x209-12_13s1.jpg,1,,,
465258,Finger Ring with Oval Bezel,Ring,7th century,,,,"Gold, garnet cabochon","Overall: 13/16 x 11/16 x 3/8 in. (2.1 x 1.7 x 1 cm)
bezel: 5/16 x 3/16 in. (0.8 x 0.4 cm)",Frankish,Northern France,,,,,,,,,,Medieval Art,Metalwork-Gold,,False,True,https://www.metmuseum.org/art/collection/search/465258,https://images.metmuseum.org/CRDImages/md/original/sf17-192-195s5.jpg,4,,,
329837,Plaque of a Young Man,Plaque,3rd–4th century,,,,Bone,1 3/4 × 2 3/4 in. (4.5 × 7 cm),Egyptian,,,,,,,,,,,Medieval Art,Ivories-Bone,,False,True,https://www.metmuseum.org/art/collection/search/329837,https://images.metmuseum.org/CRDImages/md/original/K75XX.JPG,0,,,
468767,Bowl,Bowl,19th century,,,,Gold plate,Overall: 1 1/4 x 4 3/4 in. (3.2 x 12.1 cm),Russian,,,,,,,,,,,Medieval Art,Reproductions-Metalwork,,False,True,https://www.metmuseum.org/art/collection/search/468767,https://images.metmuseum.org/CRDImages/md/original/tem8318199.jpg,0,,,
463187,Courtiers in a Rose Garden: Two Ladies and Two Gentlemen,Tapestry,ca. 1440–50,,,,"Wool warp, wool, silk, and metallic weft yarns",Overall: 123 3/4 x 97 1/2in. (314.3 x 247.7cm),South Netherlandish,,,,Men|Women|Roses,,,,,,,Medieval Art,Textiles-Tapestries,,False,True,https://www.metmuseum.org/art/collection/search/463187,https://images.metmuseum.org/CRDImages/md/original/DP-41339-025.jpg,6,,,
478482,Fragment of a Horse,Statuette,4th–7th century,,,,Earthenware,Overall: 5 3/8 x 5 3/16 x 1 1/2 in. (13.6 x 13.1 x 3.8 cm),Coptic,Byzantine Egypt,,,Horses,,,,,,,Medieval Art,Ceramics,,False,True,https://www.metmuseum.org/art/collection/search/478482,https://images.metmuseum.org/CRDImages/md/original/Cop0292.jpg,0,,,
467103,Glass Fragment,Fragment,ca. 1500,,,,Pot metal glass,Overall: 1 1/2 x 4 1/4 in. (3.8 x 10.8 cm),French (?),,,,,,,,,,,Medieval Art,Glass-Stained,,False,True,https://www.metmuseum.org/art/collection/search/467103,https://images.metmuseum.org/CRDImages/md/original/cdi30-73-117.jpg,0,,,
464208,Medallion with Man Fighting Basilisk,Medallion,ca. 1240–60,,,,Copper: engraved and gilt; champlevé enamel: medium and light blue and white,Overall: 3 1/2 x 1/16 in. (8.9 x 0.2 cm),French,France,,Limoges,Men|Mythical Creatures,,,,,,,Medieval Art,Enamels-Champlevé,,False,True,https://www.metmuseum.org/art/collection/search/464208,https://images.metmuseum.org/CRDImages/md/original/sf17-190-2149s1.jpg,1,,,
464653,Three Figures,Appliqué figure,ca. 1200,,,,"Copper: repoussé, chased, engraved, scraped, stippled, gilt;blue-black glass beads glass",Overall: 6 15/16 x 3 11/16 x 9/16 in. (17.6 x 9.3 x 1.5 cm),French,France,,Limoges,,,,,,,,Medieval Art,Metalwork-Copper,,False,True,https://www.metmuseum.org/art/collection/search/464653,https://images.metmuseum.org/CRDImages/md/original/sf17-190-790s1.jpg,1,https://www.wikidata.org/wiki/Q116236461,,
695421,Fragment,Fragment,ca. 1150–ca. 1250,,,,"Glass, ceramic",L. 1 5/8 in. (4.1 cm),European or Middle Eastern,,,,,,,,,,,Medieval Art,Glass-Vessels,,False,True,https://www.metmuseum.org/art/collection/search/695421,https://images.metmuseum.org/CRDImages/md/original/28.99.452.jpg,4,,,
467187,Glass Fragment,Fragment,14th century (?),,,,Colorless glass,Overall: 3 7/8 x 5/8 in. (10 x 1.5 cm),European,,,,,,,,,,,Medieval Art,Glass-Stained,,False,True,https://www.metmuseum.org/art/collection/search/467187,https://images.metmuseum.org/CRDImages/md/original/cdi30-73-193.jpg,0,,,
474686,Papyri Fragments,Fragment,7th century,,,,Papyrus and ink,Framed: 2 5/16 x 4 1/2 in. (5.9 x 11.5 cm),Coptic,Byzantine Egypt,,,Coptic|Documents,,,,,,,Medieval Art,Papyrus,,False,True,https://www.metmuseum.org/art/collection/search/474686,https://images.metmuseum.org/CRDImages/md/original/sf12-180-314s1.jpg,1,,,
473633,Manuscript Illumination with the Evangelist Luke,Gospel; Manuscript illumination,late 13th–early 14th century,,,,Tempera and gold on parchment,5 13/16 x 4 1/16 in.  (14.7 x 10.3 cm),Byzantine,,,,Men|Saint Luke,,,,,,,Medieval Art,Manuscripts and Illuminations,,False,True,https://www.metmuseum.org/art/collection/search/473633,https://images.metmuseum.org/CRDImages/md/original/DT5330.jpg,0,,,
466630,Reliquary Cross with Christ Crucified and the Virgin and Child,Reliquary cross,11th century,,,,"Copper alloy, niello",Overall: 3 3/4 x 1 5/8 x 1/2 in. (9.5 x 4.1 x 1.2 cm),Byzantine,,,,Christ|Madonna and Child|Crucifixion,,,,,,,Medieval Art,Metalwork-Copper alloy,,False,True,https://www.metmuseum.org/art/collection/search/466630,https://images.metmuseum.org/CRDImages/md/original/DP240173.jpg,1,https://www.wikidata.org/wiki/Q116242995,,
468258,Saint Giles with Wounded Doe,Statuette,15th century,,,,"Wood, polychromy, gilding and metal arrow",Overall: 13 3/16 x 4 15/16 x 3 5/8in. (33.5 x 12.6 x 9.2cm),German,,,,Animals,,,,,,,Medieval Art,Sculpture-Wood,,False,True,https://www.metmuseum.org/art/collection/search/468258,https://images.metmuseum.org/CRDImages/md/original/sf48-154-2s1.jpg,6,,,
465314,Pin,Hairpin,7th century (?),,,,Copper alloy with a later gold patina,Overall: 6 1/4 x 3/16 x 3/16 in. (15.9 x 0.5 x 0.5 cm),Frankish,Northern France,,,,,,,,,,Medieval Art,Metalwork-Copper,,False,True,https://www.metmuseum.org/art/collection/search/465314,https://images.metmuseum.org/CRDImages/md/original/DP30080.jpg,0,https://www.wikidata.org/wiki/Q116248397,,
464857,Purse Mount,Mount,first half of the 7th century,,,,"base silver or copper alloy (frame and cloisons), glass",Overall: 4 13/16 x 1 1/8 x 3/8 in. (12.3 x 2.8 x 1 cm),Frankish,Northern France,,,,,,,,,,Medieval Art,Metalwork,,False,True,https://www.metmuseum.org/art/collection/search/464857,https://images.metmuseum.org/CRDImages/md/original/DP30098.jpg,0,,,
479121,Glass Fragment,Fragment,4th–early 5th century,,,,Glass,Overall: 1 1/8 x 13/16 x 3/16 in. (2.8 x 2 x 0.5 cm),Coptic,Byzantine Egypt,,,,,,,,,,Medieval Art,Glass-Vessels,,False,True,https://www.metmuseum.org/art/collection/search/479121,https://images.metmuseum.org/CRDImages/md/original/cop0796.jpg,0,,,
462957,Key Handle,Key handle,1st–7th century,,,,Copper alloy,Overall: 2 3/16 x 2 x 15/16 in. (5.5 x 5.1 x 2.4 cm),Roman,,,,,,,,,,,Medieval Art,Metalwork-Copper alloy,,False,True,https://www.metmuseum.org/art/collection/search/462957,https://images.metmuseum.org/CRDImages/md/original/sf06-176-7s5.jpg,2,,,
463373,Key,Key,15th–16th century,,,,Iron,Overall: 5 3/16 x 2 3/8 x 1 1/4 in. (13.1 x 6.1 x 3.2 cm),German,,,,,,,,,,,Medieval Art,Metalwork-Iron,,False,True,https://www.metmuseum.org/art/collection/search/463373,https://images.metmuseum.org/CRDImages/md/original/sf10-100-68s1.jpg,1,,,
475424,Glass Fragments,Fragment,4th–7th century,,,,Glass,Storage (petri dish diam.): 5 9/16 in. (14.2 cm),Coptic,Byzantine Egypt,,,,,,,,,,Medieval Art,Glass,,False,True,https://www.metmuseum.org/art/collection/search/475424,https://images.metmuseum.org/CRDImages/md/original/sf25-10-20-5s1.jpg,0,,,
479243,Papyri Fragments,Fragment,7th century,,,,Papyrus and ink,Storage (petri dish diam.): 3 7/16 in. (8.7 cm),Coptic,Byzantine Egypt,,Thebes,,,,,,,,Medieval Art,Papyrus,,False,True,https://www.metmuseum.org/art/collection/search/479243,https://images.metmuseum.org/CRDImages/md/original/cop0834.jpg,0,,,
474560,Ostrakon,Ostrakon,7th century,,,,Pottery fragment with ink inscription,4 3/16 x 4 3/16 in. (10.6 x 10.6 cm),Coptic,Byzantine Egypt,,,,,,,,,,Medieval Art,Ceramics,,False,True,https://www.metmuseum.org/art/collection/search/474560,https://images.metmuseum.org/CRDImages/md/original/sf12-180-148s1.jpg,1,,,
467703,Pricket Candlestick,Candlestick,ca. 1300,,,,Copper alloy,Overall: 6 7/16 x 4 15/16 x 4 3/16 in. (16.4 x 12.6 x 10.7 cm),South Netherlandish,,,,Men,,,,,,,Medieval Art,Metalwork-Copper alloy,,False,True,https://www.metmuseum.org/art/collection/search/467703,https://images.metmuseum.org/CRDImages/md/original/sf41-100-130s1.jpg,5,https://www.wikidata.org/wiki/Q116728066,,
464579,Chain with Birds and Trees of Life,Dress ornament,1000–1200,,,,"Cloisonné enamel, gold","Overall: 12 7/16 x 13/16 x 1/8 in. (31.6 x 2.1 x 0.3 cm)
Overall: 9 11/16 x 13/16 x 1/8 in. (24.6 x 2.1 x 0.3 cm)",Kyivan Rus’,Ukraine,,Kyiv (probably),,,,,,,,Medieval Art,Enamels-Cloisonné,,False,True,https://www.metmuseum.org/art/collection/search/464579,https://images.metmuseum.org/CRDImages/md/original/DT12034.jpg,9,https://www.wikidata.org/wiki/Q116236464,,
465825,Disk Brooch,Brooch,7th century,,,,"Copper alloy, coated with gold overlay, glass or stone",Diam. 1 9/16 x 13/16 inches (diam. 3.9 x 2.0 cm),Frankish,,,,,,,,,,,Medieval Art,Metalwork-Copper alloy,,False,True,https://www.metmuseum.org/art/collection/search/465825,https://images.metmuseum.org/CRDImages/md/original/dp30496.jpg,1,,,
465576,Plain Ring,Ring,end of 6th or beginning of 7th century,,,,Copper alloy,Overall: 1 1/16 x 1/8 in. (2.7 x 0.3 cm),Frankish,Germany,,Niederbreisig,,,,,,,,Medieval Art,Metalwork-Copper alloy,,False,True,https://www.metmuseum.org/art/collection/search/465576,https://images.metmuseum.org/CRDImages/md/original/sf17-193-251s1.jpg,0,,,
463002,Pyx,Pyx,late 15th–early 16th century,,,,Silver with silver-gilt interior,Overall: 4 3/16 x 3 7/16 in. (10.6 x 8.8 cm),Spanish,,,,,,,,,,,Medieval Art,Metalwork-Silver,,False,True,https://www.metmuseum.org/art/collection/search/463002,https://images.metmuseum.org/CRDImages/md/original/sf07-199s1.jpg,6,,,
463001,Saint Catherine of Alexandria,sculpture,ca. 1475–1525,,,,Limestone with traces of paint,61 1/2 × 22 1/2 × 14 1/4 in. (156.2 × 57.2 × 36.2 cm),French,France,,,,Jan Crocq,Artist,South Netherlandish,1460,1515,,Medieval Art,Sculpture-Stone,"South Netherlandish, before 1465–after 1510",False,True,https://www.metmuseum.org/art/collection/search/463001,https://images.metmuseum.org/CRDImages/md/original/DP-39945-001.jpg,6,https://www.wikidata.org/wiki/Q116276821,,
478703,Oil Lamp,Lamp,4th–7th century,,,,Earthenware,Overall: 2 1/16 x 3 1/16 x 2 1/2 in. (5.2 x 7.7 x 6.4 cm),Coptic,Byzantine Egypt,,,,,,,,,,Medieval Art,Ceramics,,False,True,https://www.metmuseum.org/art/collection/search/478703,https://images.metmuseum.org/CRDImages/md/original/cop0424s1.jpg,0,,,
468134,Textile with Brocade,Textile,14th century,,,,"Silk, metal thread","Overall: 11 x 12 in. (27.9 x 30.5 cm)
Storage (Mat): 17 × 27 in. (43.2 × 68.6 cm)",Egyptian,Egypt,,,,,,,,,,Medieval Art,Textiles-Woven-Brocade,,False,True,https://www.metmuseum.org/art/collection/search/468134,https://images.metmuseum.org/CRDImages/md/original/DP284725.jpg,2,,,
467576,"Tile, Geometric Design",Tile,16th century,,,,"Earthenware, glaze",Overall: 3 5/8 x 3 5/8 x 11/16 in. (9.2 x 9.2 x 1.8 cm),Spanish,,,,,,,,,,,Medieval Art,Ceramics-Tiles,,False,True,https://www.metmuseum.org/art/collection/search/467576,https://images.metmuseum.org/CRDImages/md/original/sf32-64-59ds1.jpg,1,,,
464923,Disk Brooch,Brooch,1st–4th century,,,,Copper alloy,Overall: 1 1/16 x 1/2 in. (2.7 x 1.3 cm),Roman,,,,,,,,,,,Medieval Art,Metalwork-Copper alloy,,False,True,https://www.metmuseum.org/art/collection/search/464923,https://images.metmuseum.org/CRDImages/md/original/sf17-191-221s1.jpg,2,,,
466443,Fragment from a Panel,Fragment,12th century,,,,Red flashed on clear green glass,Overall: 2 5/16 x 1 11/16 x 5/16 in. (5.9 x 4.3 x 0.8 cm),French,France,,,,,,,,,,Medieval Art,Glass-Stained,,False,True,https://www.metmuseum.org/art/collection/search/466443,https://images.metmuseum.org/CRDImages/md/original/sf23-229-2-1s1.jpg,0,,,
464121,Goblet,Chalice,700s,,,,Gold,"6 11/16 × 4 7/8 in., 13.825 Troy Ounces (17 × 12.4 cm, 430g)",Avar or Byzantine,,,,,,,,,,,Medieval Art,Metalwork-Gold,,False,True,https://www.metmuseum.org/art/collection/search/464121,https://images.metmuseum.org/CRDImages/md/original/DP30666.jpg,7,https://www.wikidata.org/wiki/Q116273986,,
467340,Fragment,Fragment,13th century,,,,Pot-metal glass and vitreous paint,2 × 2 3/4 × 1/8 in. (5.1 × 7 × 0.3 cm),European,,,,,,,,,,,Medieval Art,Glass-Stained,,False,True,https://www.metmuseum.org/art/collection/search/467340,https://images.metmuseum.org/CRDImages/md/original/cdi30-73-81.jpg,0,,,
464139,Virgin and Child with Cradle,Statuette,ca. 1350–1400,,,,"Elephant ivory, traces of polychromy",Overall: 12 3/8 x 5 1/16 x 3 3/8 in. (31.5 x 12.8 x 8.5 cm),German,Germany,,,Madonna and Child|Cradles,,,,,,,Medieval Art,Ivories-Elephant,,False,True,https://www.metmuseum.org/art/collection/search/464139,https://images.metmuseum.org/CRDImages/md/original/DP268291.jpg,10,https://www.wikidata.org/wiki/Q116273869,,
467474,Right Wing of a Diptych,Diptych wing,14th century,,,,Elephant ivory with metal mounts,Overall: 5 1/8 x 3 15/16 x 3/8 in. (13 x 10 x 1 cm),French,,,,Men|Women|Donkeys|Christ,,,,,,,Medieval Art,Ivories-Elephant,,False,True,https://www.metmuseum.org/art/collection/search/467474,https://images.metmuseum.org/CRDImages/md/original/sf32-100-204s1.jpg,0,,,
464261,Comb,Comb,late 15th or early 16th century,,,,Elephant ivory,Overall: 4 3/4 x 5 15/16 x 1/4 in. (12.1 x 15.1 x 0.7 cm),North French or Netherlandish,,,,Animals|Men|Women|Saint John the Baptist|Tables|Herod,,,,,,,Medieval Art,Ivories-Elephant,,False,True,https://www.metmuseum.org/art/collection/search/464261,https://images.metmuseum.org/CRDImages/md/original/DP268286.jpg,9,,,
474893,Ostrakon with Biblical Text,Ostrakon,580–640,,,,Pottery fragment with ink inscription,4 3/4 x 3 11/16 in. (12 x 9.3 cm),Coptic,Byzantine Egypt,,Thebes,Greek,,,,,,,Medieval Art,Ceramics,,False,True,https://www.metmuseum.org/art/collection/search/474893,https://images.metmuseum.org/CRDImages/md/original/sf14-1-203s1.jpg,1,,,
467740,One of a Pair of Candelabra,Candelabra,15th century,,,,Iron,H. 76 1/4 in.,French or Spanish,,,,,,,,,,,Medieval Art,Metalwork-Iron,,False,True,https://www.metmuseum.org/art/collection/search/467740,https://images.metmuseum.org/CRDImages/md/original/cdi41-100-167.jpg,1,https://www.wikidata.org/wiki/Q116277757,,
474830,Ostrakon with a Letter from Kos to Elias,Ostrakon,600,,,,Pottery fragment with ink inscription,4 1/8 x 4 7/16 in. (10.5 x 11.2 cm),Coptic,Byzantine Egypt,,Thebes,,,,,,,,Medieval Art,Ceramics,,False,True,https://www.metmuseum.org/art/collection/search/474830,https://images.metmuseum.org/CRDImages/md/original/sf14-1-137s1.jpg,1,,,
468714,Vessel in the Shape of a Bear,Oil jar,3rd–4th century,,,,"Copper alloy, cast","Overall: 5 7/16 x 6 9/16 x 3 5/8 in. (13.8 x 16.7 x 9.2 cm)
chain length: 11 in. (28 cm)",Roman or Byzantine,Italy,,possibly Rome,Bears,,,,,,,Medieval Art,Metalwork-Copper alloy,,False,True,https://www.metmuseum.org/art/collection/search/468714,https://images.metmuseum.org/CRDImages/md/original/DP123967.jpg,1,https://www.wikidata.org/wiki/Q116274000,,
468675,Mortar,Mortar,15th century,,,,Bell metal,"Overall: 9 1/16 x 7 3/4 x 7in. (23 x 19.7 x 17.8cm)
Base: 5 1/2in. (14cm)",North German,,,,Madonna and Child|Saints,,,,,,,Medieval Art,Metalwork-Bell Metal,,False,True,https://www.metmuseum.org/art/collection/search/468675,https://images.metmuseum.org/CRDImages/md/original/sf64-101-1539s1.jpg,9,,,
475277,Textile Fragment,Textile fragment,5th century,,,,"Linen, wool",Overall: 6 1/8 x 1 3/8 in. (15.6 x 3.5 cm),Coptic,Byzantine Egypt,,,,,,,,,,Medieval Art,Textiles-Woven,,False,True,https://www.metmuseum.org/art/collection/search/475277,https://images.metmuseum.org/CRDImages/md/original/sftr-20-916-2002s1.jpg,2,,,
475310,Fragment,Fragment,13th century,,,,Stained Glass,1 3/16 × 1 × 1/16 in. (3 × 2.5 × 0.2 cm),Crusader,,,,,,,,,,,Medieval Art,Glass-Stained,,False,True,https://www.metmuseum.org/art/collection/search/475310,https://images.metmuseum.org/CRDImages/md/original/sf28-99-618.jpg,0,,,
464052,Gold Strip,Lamellae,700s,,,,Gold,"24 13/16 × 3/16 × 1/16 in., 0.836 Troy Ounces (63.1 × 0.4 × 0.1 cm, 26g)",Avar,,,,,,,,,,,Medieval Art,Metalwork-Gold,,False,True,https://www.metmuseum.org/art/collection/search/464052,https://images.metmuseum.org/CRDImages/md/original/sf17-190-1646s1.jpg,3,https://www.wikidata.org/wiki/Q116274192,,
694328,Fragment,Fragment,ca. 1150–ca. 1250,,,,"Glass, ceramic",L. 2 3/8 in. (6 cm),European or Middle Eastern,,,,,,,,,,,Medieval Art,Glass-Vessels,,False,True,https://www.metmuseum.org/art/collection/search/694328,https://images.metmuseum.org/CRDImages/md/original/28.99.174.jpg,4,,,
478464,Head of Camel,Statuette,4th–7th century,,,,"Earthenware, slip, oxide pigment",Overall: 2 3/8 x 1 7/16 x 1 9/16 in. (6 x 3.6 x 3.9 cm),Coptic,Byzantine Egypt,,,Camels,,,,,,,Medieval Art,Ceramics,,False,True,https://www.metmuseum.org/art/collection/search/478464,https://images.metmuseum.org/CRDImages/md/original/Cop0272.jpg,0,,,
475025,Fish Net Fragment,Fish net,580–640,,,,Linen twine,Overall: 4 3/4 x 4 1/2 in. (12 x 11.5 cm),Coptic,Byzantine Egypt,,Thebes,,,,,,,,Medieval Art,Textiles-Woven,,False,True,https://www.metmuseum.org/art/collection/search/475025,https://images.metmuseum.org/CRDImages/md/original/sf14-1-560s1.jpg,0,,,
479134,Neck of a Bottle,Fragment,4th–early 5th century,,,,Glass,Overall: 1 7/16 x 1 in. (3.7 x 2.6 cm),Coptic,Byzantine Egypt,,,,,,,,,,Medieval Art,Glass-Vessels,,False,True,https://www.metmuseum.org/art/collection/search/479134,https://images.metmuseum.org/CRDImages/md/original/cop0809.jpg,0,,,
478476,Fragment of a Female Figure,Statuette,4th–7th century,,,,Earthenware,Overall: 5 5/16 x 4 3/16 x 1 1/4 in. (13.5 x 10.7 x 3.2 cm),Coptic,Byzantine Egypt,,,Women,,,,,,,Medieval Art,Ceramics,,False,True,https://www.metmuseum.org/art/collection/search/478476,https://images.metmuseum.org/CRDImages/md/original/Cop0287.jpg,0,,,
463788,Saint Roch,Statue,early 16th century,,,,Oak,Overall: 38 3/4 x 16 3/8 x 11 5/16 in. (98.4 x 41.6 x 28.7 cm),German,Germany,,,Animals|Children|Men,,,,,,,Medieval Art,Sculpture-Wood,,False,True,https://www.metmuseum.org/art/collection/search/463788,https://images.metmuseum.org/CRDImages/md/original/DP277663.jpg,7,,,
475416,Ampulla (Flask) of Saint Menas,Ampulla (Flask) of Saint Menas,ca. 610–50,,,,"Earthenware, molded",Overall: 3 3/8 x 2 11/16 x 11/16 in. (8.5 x 6.9 x 1.8 cm),Byzantine (Egypt),,,,Men|Saints,,,,,,,Medieval Art,Ceramics,,False,True,https://www.metmuseum.org/art/collection/search/475416,https://images.metmuseum.org/CRDImages/md/original/DP-25595-002.jpg,5,,,
465103,Hairpin,Hairpin,200–500,,,,Copper alloy,Overall: 2 1/4 x 3/16 in. (5.7 x 0.5 cm),Roman,,,,,,,,,,,Medieval Art,Metalwork-Copper alloy,,False,True,https://www.metmuseum.org/art/collection/search/465103,https://images.metmuseum.org/CRDImages/md/original/sf17-191-55s1.jpg,1,,,
464946,Torc,Torc,4th–3rd century BCE,,,,Copper alloy,Overall: 5 1/8 x 1/4 in. (13 x 0.7 cm),Celtic,,,,,,,,,,,Medieval Art,Metalwork-Bronze,,False,True,https://www.metmuseum.org/art/collection/search/464946,https://images.metmuseum.org/CRDImages/md/original/sf17-191-242s1.jpg,0,,,
695347,Fragment,Fragment,ca. 1150–ca. 1250,,,,"Glass, ceramic",L. 1 1/2 in. (3.8 cm),European or Middle Eastern,,,,,,,,,,,Medieval Art,Glass-Vessels,,False,True,https://www.metmuseum.org/art/collection/search/695347,https://images.metmuseum.org/CRDImages/md/original/28.99.404.jpg,4,,,
466072,Two-Sided Pendant with the Virgin and Christ Child and John the Forerunner,Pendant,1100–1300,,,,Serpentine,Overall: 1 9/16 x 15/16 x 1/4 in. (4 x 2.5 x 0.6 cm),Byzantine,,,,Madonna and Child|Saint John the Baptist,,,,,,,Medieval Art,Lapidary Work-Serpentine,,False,True,https://www.metmuseum.org/art/collection/search/466072,https://images.metmuseum.org/CRDImages/md/original/sf1981-414s2.jpg,1,https://www.wikidata.org/wiki/Q116245111,,
466697,Saint Elzéar,Relief statue,ca. 1370–73,,,,Alabaster,Overall: 14 1/8 x 9 3/16 x 4 3/4 in. (35.9 x 23.3 x 12.1 cm),French,France,,Franciscan church of Apt,,,,,,,,Medieval Art,Sculpture-Stone,,False,True,https://www.metmuseum.org/art/collection/search/466697,https://images.metmuseum.org/CRDImages/md/original/sf27-78s1.jpg,7,https://www.wikidata.org/wiki/Q116242850,,
465148,Finger Ring,Ring,6th century,,,,Gold (ring and setting); silver-gilt (central inlaid disc) with ...,"Overall: 9/16 x 7/8 in. (1.5 x 2.3 cm)
band: 7/8 x 1/16 in. (2.3 x 0.2 cm)
Overall (bezel): 3/16 x 9/16 in. (0.4 x 1.5 cm)",Frankish,,,,,,,,,,,Medieval Art,Metalwork-Gold,,False,True,https://www.metmuseum.org/art/collection/search/465148,https://images.metmuseum.org/CRDImages/md/original/dp30559.jpg,0,https://www.wikidata.org/wiki/Q116251860,,
464153,Apostle Holding a Book,Relief statue,late 13th century,,,,Elephant ivory,Overall: 10 13/16 x 3 1/8 x 2 1/16 in. (27.4 x 7.9 x 5.3 cm),French (?),,,,Books,,,,,,,Medieval Art,Ivories-Elephant,,False,True,https://www.metmuseum.org/art/collection/search/464153,https://images.metmuseum.org/CRDImages/md/original/sf17-190-196s5.jpg,9,,,
468133,Band,Band,late 15th century (?),,,,"Silk, metal thread",Overall: 46 1/2 x 2 3/4 in. (118.1 x 7 cm),Italian (?),,,,,,,,,,,Medieval Art,Textiles-Woven,,False,True,https://www.metmuseum.org/art/collection/search/468133,https://images.metmuseum.org/CRDImages/md/original/sf46-156-40d2.jpg,6,,,
463299,Textile with Foliated Ornament and Eagle's Head,Textile,14th century,,,,"Silk, metal thread","Overall: 3 3/8 × 6 3/4 in. (8.5 × 17.2 cm)
Storage (Mat with 09.50.984): 12 × 13 in. (30.5 × 33 cm)",Italian,,,,,,,,,,,Medieval Art,Textiles-Woven-Brocade,,False,True,https://www.metmuseum.org/art/collection/search/463299,https://images.metmuseum.org/CRDImages/md/original/sf09-50-983s1.jpg,2,,,
465298,Finger Ring,Ring,6th–7th century,,,,"Copper alloy, glass paste, partial gilt, meersham or cuttlefish bone","Overall: 1 x 7/8 x 7/16 in. (2.5 x 2.2 x 1.1 cm)
bezel: 7/16 x 1/4 in. (1.1 x 0.6 cm)",Frankish,Northern France,,,,,,,,,,Medieval Art,Metalwork-Copper alloy,,False,True,https://www.metmuseum.org/art/collection/search/465298,https://images.metmuseum.org/CRDImages/md/original/sf17-192-230s2.jpg,1,,,
465296,Finger Ring with a Cross,Ring,450–525,,,,Gold,"Overall: 5/8 x 13/16 in. (1.6 x 2.1 cm)
bezel: 5/8 x 5/8 x 1/8 in. (1.6 x 1.6 x 0.3 cm)
band: 13/16 x 1/4 in. (2 x 0.6 cm)",Frankish,,,,,,,,,,,Medieval Art,Metalwork-Gold,,False,True,https://www.metmuseum.org/art/collection/search/465296,https://images.metmuseum.org/CRDImages/md/original/dp30613.jpg,2,https://www.wikidata.org/wiki/Q116249007,,
464524,Element of a Border for an Icon Frame,Border fragment,10th century,,,,"Cloisonné enamel, gold",Overall: 1/4 x 1 15/16 x 1/16 in. (0.7 x 5 x 0.2 cm),Byzantine,,,,,,,,,,,Medieval Art,Enamels-Cloisonné,,False,True,https://www.metmuseum.org/art/collection/search/464524,https://images.metmuseum.org/CRDImages/md/original/sf17-190-653s1.jpg,2,https://www.wikidata.org/wiki/Q116256431,,
464174,Virgin and Child,Relief statue,mid-14th century,,,,Elephant ivory,Overall: 7 1/8 x 2 3/4 x 13/16 in. (18.1 x 7 x 2 cm),French,,,,,,,,,,,Medieval Art,Ivories-Elephant,,False,True,https://www.metmuseum.org/art/collection/search/464174,https://images.metmuseum.org/CRDImages/md/original/sf17-190-210s1a.jpg,4,,,
467685,Cameo with the Archangel Michael,Cameo,probably late 14th century,,,,Sardonyx,Overall: 1 1/8 x 13/16 x 3/16 in. (2.8 x 2.1 x 0.4 cm),Byzantine,,,,Saint Michael,,,,,,,Medieval Art,Lapidary Work-Sardonyx,,False,True,https://www.metmuseum.org/art/collection/search/467685,https://images.metmuseum.org/CRDImages/md/original/DP157960.jpg,2,https://www.wikidata.org/wiki/Q116236440,,
465181,Earring,Earring,6th–7th century,,,,Gold,"Overall: 1 5/8 x 1 1/2 x 3/8 in., 0.1oz. (4.2 x 3.8 x 1 cm, 3g)",Langobardic,,,,,,,,,,,Medieval Art,Metalwork-Gold,,False,True,https://www.metmuseum.org/art/collection/search/465181,https://images.metmuseum.org/CRDImages/md/original/sf17-192-125s1.jpg,1,,,
474689,Papyri Fragments of a Letter to Pesenthius,Fragment,7th century,,,,Papyrus and ink,Framed: 4 3/4 x 2 15/16 in. (12 x 7.5 cm),Coptic,Byzantine Egypt,,,,,,,,,,Medieval Art,Papyrus,,False,True,https://www.metmuseum.org/art/collection/search/474689,https://images.metmuseum.org/CRDImages/md/original/sf12-180-317s1.jpg,1,,,
474576,Ostrakon,Ostrakon,7th century,,,,Pottery fragment with ink inscription,2 1/2 x 3 13/16 in. (6.3 x 9.7 cm),Coptic,Byzantine Egypt,,,Coptic,,,,,,,Medieval Art,Ceramics,,False,True,https://www.metmuseum.org/art/collection/search/474576,https://images.metmuseum.org/CRDImages/md/original/sf12-180-165s1.jpg,1,,,
466122,Terracotta Tomb Plaque,Relief,400–800,,,,Terracotta,Overall: 13 1/8 x 8 1/2 x 2 3/8 in. (33.3 x 21.6 x 6 cm),Spanish,,,,Arches,,,,,,,Medieval Art,Ceramics,,False,True,https://www.metmuseum.org/art/collection/search/466122,https://images.metmuseum.org/CRDImages/md/original/sf1985-147s1.jpg,0,https://www.wikidata.org/wiki/Q116244839,,
463679,"Three plaques from a triptych with the Adoration of the Shepherds, Flanked by the Angel Gabriel and the Virgin Annunciate",Triptych,early 16th century,,,,"Painted enamel, copper","Overall (as installed): 8 5/16 x 13 3/4 in. (21.1 x 34.9 cm)
Overall (A-left panel): 8 1/4 x 2 15/16 x 1/16 in. (21 x 7.5 x 0.2 cm)
Overall (B-central panel): 8 1/8 x 6 5/8 x 1/16 in. (20.7 x 16.9 x 0.2 cm)
Overall (c-right panel): 8 5/16 x 2 15/16 x 1/16 in. (21.1 x 7.5 x 0.2 cm)",French,France,,Limoges,Angels|Virgin Mary|Archangel Gabriel|Adoration of the Shepherds|Annunciation,Master of the Triptych of Louis XII,Artist,,1480,1525,,Medieval Art,Enamels-Painted,ca. 1490–ca. 1515,False,True,https://www.metmuseum.org/art/collection/search/463679,https://images.metmuseum.org/CRDImages/md/original/DP267897.jpg,5,https://www.wikidata.org/wiki/Q116275780,https://www.wikidata.org/wiki/Q18578386,http://vocab.getty.edu/page/ulan/500065044
463908,Education of the Virgin,Sculpture,ca. 1510–20,,,,Sandstone,Overall: 57 3/4 in. (146.7 cm),French,,,,Books|Saint Anne|Virgin Mary,,,,,,,Medieval Art,Sculpture-Stone,,False,True,https://www.metmuseum.org/art/collection/search/463908,https://images.metmuseum.org/CRDImages/md/original/ES7616.jpg,0,,,
465467,Plain Ring,Ring,7th century,,,,Copper alloy,Overall: 7/8 x 1/8 in. (2.3 x 0.3 cm),Frankish,Northern France,,,,,,,,,,Medieval Art,Metalwork-Copper alloy,,False,True,https://www.metmuseum.org/art/collection/search/465467,https://images.metmuseum.org/CRDImages/md/original/sf17-193-155s1.jpg,0,,,
465682,Bell Beaker,Beaker,6th–7th century,,,,Glass,Overall: 4 1/4 x 2 3/4 in. (10.8 x 7 cm),Frankish,,,,,,,,,,,Medieval Art,Glass-Vessels,,False,True,https://www.metmuseum.org/art/collection/search/465682,https://images.metmuseum.org/CRDImages/md/original/sf17-193-344s1.jpg,2,,,
468351,Box,Box,15th century,,,,"Leather (Cuir bouilli), on wood core with textile interior, traces of gilding",Overall: 4 3/4 x 2 5/8 in. (12 x 6.7 cm),Italian,,,,,,,,,,,Medieval Art,Leatherwork,,False,True,https://www.metmuseum.org/art/collection/search/468351,https://images.metmuseum.org/CRDImages/md/original/sf50-53-2abs1.jpg,4,,,
477065,Double String of Beads,Beads,4th–7th century,,,,Glass,Overall: L. 8 5/8 in. (21.9 cm),Coptic,Byzantine Egypt,,,,,,,,,,Medieval Art,Miscellaneous,,False,True,https://www.metmuseum.org/art/collection/search/477065,https://images.metmuseum.org/CRDImages/md/original/sf31-8-5s1.jpg,1,,,
465198,Bow Brooch,Brooch,first half 6th century,,,,"Silver-gilt, garnets",Overall: 1 15/16 x 3 1/4 x 1/2 in. (5 x 8.2 x 1.2 cm),Frankish,,,,,,,,,,,Medieval Art,Metalwork-Silver,,False,True,https://www.metmuseum.org/art/collection/search/465198,https://images.metmuseum.org/CRDImages/md/original/dp30054.jpg,0,https://www.wikidata.org/wiki/Q116251785,,
475321,Fragment,Fragment,13th century,,,,Stained Glass,1 3/4 × 1 1/4 × 1/8 in. (4.5 × 3.2 × 0.3 cm),Crusader,,,,,,,,,,,Medieval Art,Glass-Stained,,False,True,https://www.metmuseum.org/art/collection/search/475321,https://images.metmuseum.org/CRDImages/md/original/sf28-99-629.jpg,0,,,
465681,"Beaker, Bell",Beaker,6th–7th century,,,,Glass,Overall: 4 x 2 11/16 in. (10.2 x 6.9 cm),Frankish,,,,,,,,,,,Medieval Art,Glass-Vessels,,False,True,https://www.metmuseum.org/art/collection/search/465681,https://images.metmuseum.org/CRDImages/md/original/sf17-193-343s1.jpg,6,,,
465066,Counter Plate of a Belt Buckle,Belt plate,7th century,,,,"Iron, silver inlay, copper alloy bosses",Overall: 3 9/16 x 2 1/4 x 1/2 in. (9 x 5.7 x 1.2 cm),Frankish,,,,,,,,,,,Medieval Art,Metalwork-Iron,,False,True,https://www.metmuseum.org/art/collection/search/465066,https://images.metmuseum.org/CRDImages/md/original/sf17-191-349s1.jpg,1,,,
474963,Papyrus Fragments of a Letter,Fragment,7th century,,,,Papyrus with ink,"Framed: 6 1/8 x 6 3/4 in. (15.6 x 17.1 cm)
largest fragment: 2 15/16 x 3 15/16 in. (7.5 x 10 cm)",Coptic,Byzantine Egypt,,Thebes,,,,,,,,Medieval Art,Papyrus,,False,True,https://www.metmuseum.org/art/collection/search/474963,https://images.metmuseum.org/CRDImages/md/original/sf14-1-495s1.jpg,1,,,
694386,Fragment,Fragment,ca. 1150–ca. 1250,,,,"Glass, ceramic",L. 2 1/4 in. (5.7 cm),European or Middle Eastern,,,,,,,,,,,Medieval Art,Glass-Vessels,,False,True,https://www.metmuseum.org/art/collection/search/694386,https://images.metmuseum.org/CRDImages/md/original/28.99.229.jpg,4,,,
475348,Fragment,Fragment,13th century,,,,Stained Glass,3 1/4 × 3/4 × 3/16 in. (8.2 × 1.9 × 0.4 cm),Crusader,,,,,,,,,,,Medieval Art,Glass-Stained,,False,True,https://www.metmuseum.org/art/collection/search/475348,https://images.metmuseum.org/CRDImages/md/original/sf28-99-656.jpg,1,,,
695417,Fragment,Fragment,ca. 1150–ca. 1250,,,,"Glass, ceramic",L. 1 3/4 in. (4.5 cm),European or Middle Eastern,,,,,,,,,,,Medieval Art,Glass-Vessels,,False,True,https://www.metmuseum.org/art/collection/search/695417,https://images.metmuseum.org/CRDImages/md/original/28.99.449.jpg,4,,,
465376,Buckle,Buckle,6th–7th century,,,,"Iron, gold foil, copper alloy, glass cabachon, tinned or silvered back",Overall: 1 15/16 x 1 7/16 x 11/16 in. (4.9 x 3.6 x 1.7 cm),Frankish,,,,,,,,,,,Medieval Art,Metalwork-Iron,,False,True,https://www.metmuseum.org/art/collection/search/465376,https://images.metmuseum.org/CRDImages/md/original/sf17-192-7s1.jpg,1,,,
465300,Belt Buckle,Belt buckle,6th–7th century,,,,"Iron, silver inlay, bronze",Overall: 7 13/16 x 3 1/4 x 1 in. (19.9 x 8.3 x 2.5 cm),Frankish or Burgundian,,,,,,,,,,,Medieval Art,Metalwork-Iron,,False,True,https://www.metmuseum.org/art/collection/search/465300,https://images.metmuseum.org/CRDImages/md/original/sf17-192-232s1.jpg,2,,,
478886,Bowl,Bowl,4th–7th century,,,,Earthenware,Overall: 2 7/16 x 6 1/4 in. (6.2 x 15.9 cm),Coptic,Byzantine Egypt,,,Bowls,,,,,,,Medieval Art,Ceramics,,False,True,https://www.metmuseum.org/art/collection/search/478886,https://images.metmuseum.org/CRDImages/md/original/cop0572s1.jpg,0,,,
468843,Key,Key,15th century,,,,Iron,Overall: 2 7/16 x 11/16 x 3/8 in. (6.2 x 1.8 x 1 cm),German,,,,,,,,,,,Medieval Art,Metalwork-Iron,,False,True,https://www.metmuseum.org/art/collection/search/468843,https://images.metmuseum.org/CRDImages/md/original/sf87-11-532s1.jpg,0,,,
474585,Ostrakon,Ostrakon,7th century,,,,Pottery fragment with ink inscription,2 3/16 x 1 7/8 in. (5.5 x 4.8 cm),Coptic,Byzantine Egypt,,,Documents,,,,,,,Medieval Art,Ceramics,,False,True,https://www.metmuseum.org/art/collection/search/474585,https://images.metmuseum.org/CRDImages/md/original/sf12-180-175s1.jpg,1,,,
479795,Ribbon Torc,Torc,500 BCE–400 CE,,,,Silver,"Overall: 4 × 11/16 × 12 5/8 in. (10.2 × 1.7 × 32 cm)
Band of silver: 12 1/2 × 3/8 × 1/16 in. (31.8 × 1 × 0.1 cm)",Celtic,Ireland,,,,,,,,,,Medieval Art,Metalwork-Silver,,False,True,https://www.metmuseum.org/art/collection/search/479795,https://images.metmuseum.org/CRDImages/md/original/DP320188.jpg,3,https://www.wikidata.org/wiki/Q116275525,,
468355,Brooch,Brooch,1st century BCE–1st century CE,,,,Copper alloy,Overall: 7 1/4 x 1 1/4 x 2 3/16 in. (18.4 x 3.2 x 5.5 cm),Celtic (?),,,,,,,,,,,Medieval Art,Metalwork-Bronze,,False,True,https://www.metmuseum.org/art/collection/search/468355,https://images.metmuseum.org/CRDImages/md/original/sf51-115s4.jpg,4,,,
478883,Bowl,Bowl,4th–7th century,,,,Earthenware,Overall: 2 9/16 x 6 5/16 in. (6.5 x 16 cm),Coptic,Byzantine Egypt,,,Bowls,,,,,,,Medieval Art,Ceramics,,False,True,https://www.metmuseum.org/art/collection/search/478883,https://images.metmuseum.org/CRDImages/md/original/cop0569s1.jpg,0,,,
695437,Fragment,Fragment,ca. 1150–ca. 1250,,,,"Glass, ceramic",L. 1 in. (2.5 cm),European or Middle Eastern,,,,,,,,,,,Medieval Art,Glass-Vessels,,False,True,https://www.metmuseum.org/art/collection/search/695437,https://images.metmuseum.org/CRDImages/md/original/28.99.465.jpg,4,,,
694369,Fragment,Fragment,ca. 1150–ca. 1250,,,,"Glass, ceramic",L. 1 7/8 in. (4.8 cm),European or Middle Eastern,,,,,,,,,,,Medieval Art,Glass-Vessels,,False,True,https://www.metmuseum.org/art/collection/search/694369,https://images.metmuseum.org/CRDImages/md/original/28.99.213.jpg,4,,,
464473,"Reliquary, Monstrance",Reliquary monstrance,15th century,,,,"Copper-gilt, silver-gilt, glass",Overall: 17 13/16 x 7 3/16 x 5 1/8 in. (45.3 x 18.3 x 13 cm),German,,,,,,,,,,,Medieval Art,Metalwork-Copper,,False,True,https://www.metmuseum.org/art/collection/search/464473,https://images.metmuseum.org/CRDImages/md/original/sf17-190-508as1.jpg,9,,,
468631,Aquamanile in the Form of a Lion,Aquamanile,late 13th century–early 14th century,,,,Copper alloy,"Overall: 9 7/16 x 10 15/16 x 4 in., 4.028lb. (24 x 27.8 x 10.2 cm, 1827g)
Overall PD: 9 1/2 x 4 x 11 7/16 in. (24.2 x 10.1 x 29 cm)
Thickness PD: 1/20-3/50 in. (0.12-0.16 cm)",German,,,,Lions,,,,,,,Medieval Art,Metalwork-Copper alloy,,False,True,https://www.metmuseum.org/art/collection/search/468631,https://images.metmuseum.org/CRDImages/md/original/DP123803.jpg,8,,,
466535,Glass Fragment,Fragment,17th century,,,,Colorless glass,Overall: 1 3/4 x 1 in. (4.5 x 2.5 cm),German (?),,,,,,,,,,,Medieval Art,Glass-Stained,,False,True,https://www.metmuseum.org/art/collection/search/466535,https://images.metmuseum.org/CRDImages/md/original/cdi23-229-6-17.jpg,0,,,
467781,Plaque with the Crucifixion,Plaque,16th century,,,,"Painted enamel, copper",Overall: 6 15/16 x 6 1/8 x 1/16 in. (17.6 x 15.5 x 0.2 cm),French,France,,Limoges,Mary Magdalene|Virgin Mary|Crucifixion,Nardon Pénicaud,Artist,French,1470,1543,,Medieval Art,Enamels-Painted,"French, 1470–1542/43",False,True,https://www.metmuseum.org/art/collection/search/467781,https://images.metmuseum.org/CRDImages/md/original/sf41-100-209s1.jpg,0,,https://www.wikidata.org/wiki/Q18508551,http://vocab.getty.edu/page/ulan/500067558
466281,Manuscript Leaf from a Bible,Bible; Manuscript leaf,ca. 1280–1300,,,,Tempera and gold on parchment,"Overall: 17 1/16 x 10 5/8 in. (43.3 x 27 cm)
15 7/8in. (40.3cm)
Study mat: 21 3/16 x 15 11/16 in. (53.8 x 39.9 cm)",North French,,,,Bible,,,,,,,Medieval Art,Manuscripts and Illuminations,,False,True,https://www.metmuseum.org/art/collection/search/466281,https://images.metmuseum.org/CRDImages/md/original/sf1994-539s1.jpg,2,,,
475330,Fragment,Fragment,13th century,,,,Stained Glass,1 1/4 × 13/16 × 3/16 in. (3.1 × 2.1 × 0.4 cm),Crusader,,,,,,,,,,,Medieval Art,Glass-Stained,,False,True,https://www.metmuseum.org/art/collection/search/475330,https://images.metmuseum.org/CRDImages/md/original/sf28-99-638.jpg,0,,,
462731,Candelabra,Candelabra,15th century (?),,,,Pewter,Overall: 9 1/2 x 6 9/16 x 3 3/8 in. (24.2 x 16.7 x 8.5 cm),German (?),,,,Men,,,,,,,Medieval Art,Metalwork-Copper alloy,,False,True,https://www.metmuseum.org/art/collection/search/462731,https://images.metmuseum.org/CRDImages/md/original/sf01-23-1s1.jpg,2,,,
695154,Fragment,Fragment,ca. 1150–ca. 1250,,,,"Glass, ceramic",L. 1 13/16 in. (4.6 cm),European or Middle Eastern,,,,,,,,,,,Medieval Art,Glass-Vessels,,False,True,https://www.metmuseum.org/art/collection/search/695154,https://images.metmuseum.org/CRDImages/md/original/28.99.262.jpg,4,,,
478920,Pot Fragment,Fragment,4th–7th century,,,,Earthenware,Overall: 1 5/8 x 2 11/16 in. (4.2 x 6.9 cm),Coptic,Byzantine Egypt,,,,,,,,,,Medieval Art,Ceramics,,False,True,https://www.metmuseum.org/art/collection/search/478920,https://images.metmuseum.org/CRDImages/md/original/cop0601s1.jpg,0,,,
479341,Papyrus Fragment of a Letter,Fragment,ca. 600,,,,Papyrus and ink,"Overall: 3 1/2 x 3 1/4 in. (8.9 x 8.3 cm)
Framed: 4 15/16 x 4 1/2 in. (12.5 x 11.4 cm)",Coptic,Byzantine Egypt,,Thebes,,,,,,,,Medieval Art,Papyrus,,False,True,https://www.metmuseum.org/art/collection/search/479341,https://images.metmuseum.org/CRDImages/md/original/cop0909s1.jpg,1,,,
474760,Ostrakon,Ostrakon,600,,,,Pottery fragment with ink inscription,3 3/4 x 2 15/16 in. (9.5 x 7.5 cm),Coptic,Byzantine Egypt,,Thebes,Coptic|Documents,,,,,,,Medieval Art,Ceramics,,False,True,https://www.metmuseum.org/art/collection/search/474760,https://images.metmuseum.org/CRDImages/md/original/sf14-1-58s1.jpg,1,,,
478827,Bowl,Bowl,4th–7th century,,,,Earthenware,Overall: 1 9/16 x 4 7/16 in. (4 x 11.2 cm),Coptic,Byzantine Egypt,,,Bowls,,,,,,,Medieval Art,Ceramics,,False,True,https://www.metmuseum.org/art/collection/search/478827,https://images.metmuseum.org/CRDImages/md/original/cop0513s1.jpg,0,,,
475055,Manuscript Leaves Fragment,Bifolium fragment,4th–7th century,,,,Ink on parchment,"Overall: 7 1/4 x 8 1/16 in. (18.4 x 20.5 cm)
Framed: 8 1/16 x 9 1/16 in. (20.5 x 23 cm)",Coptic,Byzantine Egypt,,,Documents,,,,,,,Medieval Art,Manuscripts and Illuminations,,False,True,https://www.metmuseum.org/art/collection/search/475055,https://images.metmuseum.org/CRDImages/md/original/sf38-9-1s1.jpg,1,,,
477079,Glass Fragments,Fragment,4th–early 5th century,,,,Glass (light green),Storage (petri dish diam.): 3 1/2 in. (8.9 cm),Coptic,Byzantine Egypt,,,,,,,,,,Medieval Art,Glass,,False,True,https://www.metmuseum.org/art/collection/search/477079,https://images.metmuseum.org/CRDImages/md/original/cop0078.jpg,0,,,
465445,Buckle,Buckle,6th–7th century,,,,Copper alloy,Overall: 13/16 x 11/16 x 3/16 in. (2.1 x 1.7 x 0.5 cm),Frankish,,,,,,,,,,,Medieval Art,Metalwork-Copper alloy,,False,True,https://www.metmuseum.org/art/collection/search/465445,https://images.metmuseum.org/CRDImages/md/original/sf17-193-136bs1.jpg,1,,,
464928,Belt Buckle with a Griffin,Buckle and plaque,second half 6th century,,,,"Copper alloy, ""tinned"" surface",Overall: 1 3/4 x 3 15/16 x 9/16 in. (4.4 x 10 x 1.4 cm),Frankish,,,,,,,,,,,Medieval Art,Metalwork-Copper alloy,,False,True,https://www.metmuseum.org/art/collection/search/464928,https://images.metmuseum.org/CRDImages/md/original/dp30398.jpg,0,https://www.wikidata.org/wiki/Q116252405,,
465795,Finger Ring,Ring,7th century,,,,Silver,"Overall: 7/8 x 3/4 x 11/16 in. (2.3 x 1.9 x 1.7 cm)
bezel: 11/16 in. (1.7 cm)",Frankish,Germany,,Niederbreisig,,,,,,,,Medieval Art,Metalwork-Silver,,False,True,https://www.metmuseum.org/art/collection/search/465795,https://images.metmuseum.org/CRDImages/md/original/dp30616.jpg,1,,,
465555,Buckle,Buckle,middle of 6th century,,,,"Copper alloy, silvered",Overall: 1 3/16 x 13/16 x 1/4 in. (3 x 2 x 0.6 cm),Frankish,Germany,,Niderbreisig,,,,,,,,Medieval Art,Metalwork-Copper alloy,,False,True,https://www.metmuseum.org/art/collection/search/465555,https://images.metmuseum.org/CRDImages/md/original/sf17-193-233s1.jpg,1,,,
466634,Prophet from a Jesse Tree,Panel,ca. 1245,,,,"Glass, pot-metal and painted",23 3/8 × 15 1/4 × 1/4 in. (59.4 × 38.7 × 0.6 cm),French,,,Beauvais,,,,,,,,Medieval Art,Glass-Stained,,False,True,https://www.metmuseum.org/art/collection/search/466634,https://images.metmuseum.org/CRDImages/md/original/sf26-218-2s1.jpg,0,,,
468349,Processional Cross,Cross,"6th century, with modern restoration",,,,"Silver, mounted on wood",Overall: 60 5/8 x 40 1/2 x 2 in. (154 x 102.9 x 5.1 cm),Syrian,,,Antioch or Kaper Koraon (?),,,,,,,,Medieval Art,Metalwork-Silver,,False,True,https://www.metmuseum.org/art/collection/search/468349,https://images.metmuseum.org/CRDImages/md/original/DP-14824-003.jpg,1,https://www.wikidata.org/wiki/Q116410523,,
468761,Glass Bowl,Bowl,375–425,,,,Glass (greenish),Overall: 3 11/16 x 4 13/16 in. (9.3 x 12.2 cm),Late Roman,,,,,,,,,,,Medieval Art,Glass-Vessels,,False,True,https://www.metmuseum.org/art/collection/search/468761,https://images.metmuseum.org/CRDImages/md/original/DP30014_81.10.163.jpg,0,https://www.wikidata.org/wiki/Q116273849,,
694349,Fragment,Fragment,ca. 1150–ca. 1250,,,,"Glass, ceramic",L. 2 11/16 in. (6.8 cm),European or Middle Eastern,,,,,,,,,,,Medieval Art,Glass-Vessels,,False,True,https://www.metmuseum.org/art/collection/search/694349,https://images.metmuseum.org/CRDImages/md/original/28.99.194.jpg,4,,,
467718,Colonnette from a Reliquary Shrine,Colonnette,ca. 1175–1200,,,,"Champlevé enamel, copper alloy, gilt",Overall: 9 13/16 x 1 1/2 x 15/16 in. (25 x 3.8 x 2.4 cm),German,Germany,,Cologne,Birds,,,,,,,Medieval Art,Enamels-Champlevé,,False,True,https://www.metmuseum.org/art/collection/search/467718,https://images.metmuseum.org/CRDImages/md/original/sf41-100-145a-cs1.jpg,6,https://www.wikidata.org/wiki/Q116279875,,
478814,Bowl,Bowl,4th–7th century,,,,Earthenware,Overall: 1 5/8 x 4 3/16 in. (4.2 x 10.7 cm),Coptic,Byzantine Egypt,,,,,,,,,,Medieval Art,Ceramics,,False,True,https://www.metmuseum.org/art/collection/search/478814,https://images.metmuseum.org/CRDImages/md/original/cop0500s1.jpg,0,,,
468299,Corbel,Corbel,early 15th century,,,,Limestone,Overall: 15 x 20 1/2 x 12 3/4in. (38.1 x 52.1 x 32.4cm),German or South Netherlandish,,,,Women,,,,,,,Medieval Art,Sculpture-Architectural,,False,True,https://www.metmuseum.org/art/collection/search/468299,https://images.metmuseum.org/CRDImages/md/original/sf49-56-11s1b.jpg,2,,,
470557,Head of a Man Wearing a Cap or Helmet,Statue head,possibly 2nd–3rd century,,,,Fossiliferous limestone,H. 9 in. (24.1 cm),Celtic,probably British Isles,,,Heads|Men,,,,,,,Medieval Art,Sculpture-Stone,,False,True,https://www.metmuseum.org/art/collection/search/470557,https://images.metmuseum.org/CRDImages/md/original/DP134445.jpg,9,,,
466783,"Manuscript Leaf with Initial V, from an Antiphonary",Antiphonary; Manuscript leaf,15th century,,,,"Tempera, ink, and metal leaf on parchment",20 1/2 x 15 1/16 in.  (52.1 x 38.3 cm),Italian,,,,,,,,,,,Medieval Art,Manuscripts and Illuminations,,False,True,https://www.metmuseum.org/art/collection/search/466783,https://images.metmuseum.org/CRDImages/md/original/temp2822574r.jpg,2,,,
466209,Loop and Tongue of a Buckle,Buckle loop and tongue,8th century,,,,Copper alloy,Overall: 1 1/4 x 13/16 x 3/16 in. (3.1 x 2.1 x 0.5 cm),Viking,,,,,,,,,,,Medieval Art,Metalwork-Copper alloy,,False,True,https://www.metmuseum.org/art/collection/search/466209,https://images.metmuseum.org/CRDImages/md/original/sf1991-260-13s1.jpg,2,,,
474902,Ostrakon with a Trisagion,Ostrakon,580–640,,,,Limestone with ink inscription,1 5/16 x 1 5/8 in. (3.4 x 4.2 cm),Coptic,Byzantine Egypt,,Thebes,Greek,,,,,,,Medieval Art,Miscellaneous-Stone,,False,True,https://www.metmuseum.org/art/collection/search/474902,https://images.metmuseum.org/CRDImages/md/original/sf14-1-212s1.jpg,1,,,
472765,Bread Stamp,Stamp,500–900,,,,Fired ceramic,Overall: 1 3/4 x 1 11/16 x 1 in. (4.5 x 4.3 x 2.6 cm),Byzantine,,,,,,,,,,,Medieval Art,Ceramics,,False,True,https://www.metmuseum.org/art/collection/search/472765,https://images.metmuseum.org/CRDImages/md/original/DP-24886-002.jpg,4,https://www.wikidata.org/wiki/Q116411369,,
466306,"Nail, Head",Nail head,16th–17th century,,,,Iron,"Overall (as if installed): 4 13/16 x 4 13/16 x 1 9/16 in. (12.2 x 12.2 x 3.9 cm)
Plate-a: 4 13/16 x 4 13/16 x 9/16 in. (12.2 x 12.2 x 1.4 cm)
Nail-b: 5 13/16 x 7/8 in. (14.7 x 2.2 cm)",French or Spanish,Spain or France,,,,,,,,,,Medieval Art,Metalwork-Iron,,False,True,https://www.metmuseum.org/art/collection/search/466306,https://images.metmuseum.org/CRDImages/md/original/sf20-123-7abs1.jpg,2,,,
464975,Square Plaque,Plaque,7th century (?),,,,Copper alloy,Overall: 13/16 x 11/16 x 3/16 in. (2.1 x 1.8 x 0.5 cm),Frankish,France,,,,,,,,,,Medieval Art,Metalwork-Copper alloy,,False,True,https://www.metmuseum.org/art/collection/search/464975,https://images.metmuseum.org/CRDImages/md/original/DP30309.jpg,0,,,
696560,Fragment,Fragment,ca. 1150–ca. 1250,,,,"Glass, ceramic",L. 1 11/16 in. (4.3 cm),European or Middle Eastern,,,,,,,,,,,Medieval Art,Glass-Vessels,,False,True,https://www.metmuseum.org/art/collection/search/696560,https://images.metmuseum.org/CRDImages/md/original/28.99.475.jpg,4,,,
462955,Key,Key,1st–7th century,,,,Copper alloy,Overall: 3 x 1 1/4 x 1 1/2 in. (7.6 x 3.2 x 3.8 cm),Roman,,,,,,,,,,,Medieval Art,Metalwork-Bronze,,False,True,https://www.metmuseum.org/art/collection/search/462955,https://images.metmuseum.org/CRDImages/md/original/sf06-176-68s2.jpg,2,,,
466809,Block,Block,13th century (?),,,,Stone (in two pieces),Overall: 9 x 14 1/4 x 19 in. (22.9 x 36.2 x 48.3 cm),French or German (?),,,,,,,,,,,Medieval Art,Metalwork-Iron,,False,True,https://www.metmuseum.org/art/collection/search/466809,https://images.metmuseum.org/CRDImages/md/original/sf28-99-6ab.jpg,0,,,
474993,Papyrus Fragment of a Letter,Fragment,580–640,,,,Papyrus with ink,"Overall: 13/16 x 3 15/16 in. (2 x 10 cm)
Framed: 1 5/16 x 4 3/4 in. (3.4 x 12 cm)",Coptic,Byzantine Egypt,,Thebes,,,,,,,,Medieval Art,Papyrus,,False,True,https://www.metmuseum.org/art/collection/search/474993,https://images.metmuseum.org/CRDImages/md/original/sf14-1-522s1.jpg,0,,,
476564,"Manuscript Leaf with the Martyrdom of Saint Peter Martyr in an Initial P, from a Gradual",Gradual; Manuscript leaf,ca. 1270–80,,,,Tempera and ink on parchment,"18 11/16 x 13 3/16 in. (47.5 x 33.5 cm)
Mat: 28 × 22 in. (71.1 × 55.9 cm)",South Italian,Italy,,probably Naples,Saint Peter,,,,,,,Medieval Art,Manuscripts and Illuminations,,False,True,https://www.metmuseum.org/art/collection/search/476564,https://images.metmuseum.org/CRDImages/md/original/DP136078.jpg,2,,,
694280,Fragment,Fragment,ca. 1150–ca. 1250,,,,"Glass, ceramic",L. 1 5/8 in. (4.1 cm),European or Middle Eastern,,,,,,,,,,,Medieval Art,Glass-Vessels,,False,True,https://www.metmuseum.org/art/collection/search/694280,https://images.metmuseum.org/CRDImages/md/original/28.99.151.jpg,4,,,
465632,Small Circular Stud,Stud,first half of the 7th century,,,,Copper alloy,Overall: 9/16 x 1/4 in. (1.5 x 0.7 cm),Frankish,Germany,,Niederbreisig,,,,,,,,Medieval Art,Metalwork-Copper alloy,,False,True,https://www.metmuseum.org/art/collection/search/465632,https://images.metmuseum.org/CRDImages/md/original/sf17-193-300s1.jpg,1,,,
479132,Handle,Fragment,4th–early 5th century,,,,Glass,Overall: 2 x 1 in. (5.1 x 2.5 cm),Coptic,Byzantine Egypt,,,,,,,,,,Medieval Art,Glass-Vessels,,False,True,https://www.metmuseum.org/art/collection/search/479132,https://images.metmuseum.org/CRDImages/md/original/cop0807.jpg,0,,,
464395,Plaque with Christ enthroned with two Apostles,Book cover plaque,850–875,,,,Elephant ivory,Overall: 5 11/16 x 3 7/16 x 3/16 in. (14.5 x 8.8 x 0.5 cm),Carolingian,northern France,,,Apostles,,,,,,,Medieval Art,Ivories-Elephant,,False,True,https://www.metmuseum.org/art/collection/search/464395,https://images.metmuseum.org/CRDImages/md/original/sf17-190-41s1.jpg,3,https://www.wikidata.org/wiki/Q116272738,,
468013,Candelabra,Candelabra,14th century,,,,Wrought iron,Overall: 86 1/4 x 21 1/2 in. (219.1 x 54.6 cm),Spanish,,,,,,,,,,,Medieval Art,Metalwork-Iron,,False,True,https://www.metmuseum.org/art/collection/search/468013,https://images.metmuseum.org/CRDImages/md/original/sf127327.jpg,0,,,
465644,Cylindrical Pendant,Cylinder,6th–7th century,,,,Bone,Overall: 1 5/16 x 3/8 in. (3.3 x 1 cm),Frankish,Germany,,Niederbreisig,,,,,,,,Medieval Art,Bone,,False,True,https://www.metmuseum.org/art/collection/search/465644,https://images.metmuseum.org/CRDImages/md/original/sf17-193-31s1.jpg,0,,,
695141,Fragment,Fragment,ca. 1150–ca. 1250,,,,"Glass, ceramic",L. 2 1/8 in. (5.4 cm),European or Middle Eastern,,,,,,,,,,,Medieval Art,Glass-Vessels,,False,True,https://www.metmuseum.org/art/collection/search/695141,https://images.metmuseum.org/CRDImages/md/original/28.99.249.jpg,4,,,
476253,Vase,Vase,4th–7th century,,,,Earthenware,Overall: 6 1/2 x 8 1/16 in. (16.5 x 20.5 cm),Coptic,Byzantine Egypt,,,,,,,,,,Medieval Art,Ceramics,,False,True,https://www.metmuseum.org/art/collection/search/476253,https://images.metmuseum.org/CRDImages/md/original/cop0020s1.jpg,0,,,
476275,Pot,Pot,4th–7th century,,,,Earthenware,Overall: 6 1/4 x 4 1/2 x 4 3/8 in. (15.9 x 11.4 x 11.1 cm),Coptic,Byzantine Egypt,,,,,,,,,,Medieval Art,Ceramics,,False,True,https://www.metmuseum.org/art/collection/search/476275,https://images.metmuseum.org/CRDImages/md/original/cop0038s1.jpg,2,,,
695326,Fragment,Fragment,ca. 1150–ca. 1250,,,,"Glass, ceramic",L. 1 13/16 in. (4.6 cm),European or Middle Eastern,,,,,,,,,,,Medieval Art,Glass-Vessels,,False,True,https://www.metmuseum.org/art/collection/search/695326,https://images.metmuseum.org/CRDImages/md/original/28.99.386.jpg,4,,,
467354,Glass Fragment,Fragment,15th–16th century,,,,"Glass, silver stain",Overall: 1 7/8 x 4 in. (4.8 x 10.2 cm),European,,,,,,,,,,,Medieval Art,Glass-Stained,,False,True,https://www.metmuseum.org/art/collection/search/467354,https://images.metmuseum.org/CRDImages/md/original/cdi30-73-94.jpg,0,,,
464439,Miniature Altarpiece with the Crucifixion,Triptych,early 16th century,,,,Boxwood,"Open: 5 7/8 in. × 3 in. × 1 1/4 in. (15 × 7.6 × 3.2 cm)
Closed: 5 7/8 × 2 5/16 × 1 1/4 in. (15 × 5.9 × 3.2 cm)
Other (Cabinet): 3 7/16 in. × 3 in. × 9/16 in. (8.8 × 7.6 × 1.4 cm)
Other (Wings): 2 7/8 × 13/16 × 1/8 in. (7.3 × 2 × 0.3 cm)
Base: 2 5/16 x 2 1/2 x 1 1/4 in. (5.9 x 6.3 x 3.2 cm)
Other (Lower triptych opened): 7/8 × 1 15/16 in. (2.2 × 5 cm)",Netherlandish,,,,Men|Donkeys|Horses|Christ|Samson|Resurrection,,,,,,,Medieval Art,Sculpture-Miniature-Wood,,False,True,https://www.metmuseum.org/art/collection/search/464439,https://images.metmuseum.org/CRDImages/md/original/DP371000.jpg,10,https://www.wikidata.org/wiki/Q116272610,,
465110,Toilet Implement in the Shape of a Pin,Implement,200–500,,,,Elephant ivory,Overall: 4 5/16 x 5/16 x 3/16 in. (11 x 0.8 x 0.5 cm),Roman,Northern France,,,,,,,,,,Medieval Art,Ivories-Elephant,,False,True,https://www.metmuseum.org/art/collection/search/465110,https://images.metmuseum.org/CRDImages/md/original/sf17-191-61s1.jpg,1,,,
467522,"Manuscript Leaf with the Resurrection, from a Book of Hours",Book of Hours; Manuscript leaf,ca. 1500,,,,"Tempera, ink, and gold on parchment","6 7/16 x 4 3/4 in. (16.4 x 12.1 cm)
Other (outer frame): 5 1/16 x 3 11/16 in. (12.8 x 9.4 cm)
Other (text frame): 3 11/16 x 2 11/16 in. (9.4 x 6.8 cm)
Other (mat size): 12 × 10 in. (30.5 × 25.4 cm)",Netherlandish,Netherlands,,,Christ,,,,,,,Medieval Art,Manuscripts and Illuminations,,False,True,https://www.metmuseum.org/art/collection/search/467522,https://images.metmuseum.org/CRDImages/md/original/sf32-100-475Hs1.jpg,1,,,
463337,Key,Key,15th century,,,,Iron,Overall: 3 3/4 x 1 9/16 x 11/16 in. (9.5 x 3.9 x 1.7 cm),German,,,,,,,,,,,Medieval Art,Metalwork-Iron,,False,True,https://www.metmuseum.org/art/collection/search/463337,https://images.metmuseum.org/CRDImages/md/original/sf10-100-137s1.jpg,2,,,
470122,"Manuscript Leaf with the Opening of the Epistle of Saint Paul to the Ephesians, from a Bible",Bible; Manuscript leaf,ca. 1300,,,,Tempera and gold on parchment,"Overall: 15 7/8 x 10 1/2 in. (40.3 x 26.7 cm)
Mat size: 21 15/16 x 15 15/16 in. (55.7 x 40.5 cm)",French,France,,Paris,Men|Saint Paul,,,,,,,Medieval Art,Manuscripts and Illuminations,,False,True,https://www.metmuseum.org/art/collection/search/470122,https://images.metmuseum.org/CRDImages/md/original/sf1998-538-2s1.jpg,2,,,
464071,Earring (one of a pair),Earring,6th–7th century,,,,"Gold, pearls","Overall: 3 1/4 x 1 1/4 x 1/4 in. (8.3 x 3.1 x 0.7 cm)
ring: 1 in. (2.5 cm)",Byzantine,,,,,,,,,,,Medieval Art,Metalwork-Gold,,False,True,https://www.metmuseum.org/art/collection/search/464071,https://images.metmuseum.org/CRDImages/md/original/dp30696.jpg,1,https://www.wikidata.org/wiki/Q116274142,,
464890,Disk Brooch,Brooch,first half 7th century,,,,"Gold, filigree green and blue glass",Overall: 1 1/8 x 1 3/8 x 13/16 in. (2.9 x 3.5 x 2 cm),Frankish,,,,,,,,,,,Medieval Art,Metalwork-Gold,,False,True,https://www.metmuseum.org/art/collection/search/464890,https://images.metmuseum.org/CRDImages/md/original/dp30501.jpg,0,,,
468884,Door Handle,Door handle,late 15th century,,,,"Iron, velvet core","Overall (handle only): 7 9/16 x 1 7/16 x 3 3/4 in. (19.2 x 3.6 x 9.6 cm)
Overall (installed): 7 9/16 x 1 7/16 x 2 5/8 in. (19.2 x 3.6 x 6.6 cm)
installed with plates-ab: 12 3/16 x 5 9/16 x 2 5/8 in. (31 x 14.2 x 6.6 cm)",German,,,,,,,,,,,Medieval Art,Metalwork-Iron,,False,True,https://www.metmuseum.org/art/collection/search/468884,https://images.metmuseum.org/CRDImages/md/original/sf87-11-693cs1.jpg,7,,,
475750,Jar,Jar,4th–7th century,,,,Earthenware,Overall: 14 7/8 x 5 3/4 in. (37.8 x 14.6 cm),Coptic,Byzantine Egypt,,,,,,,,,,Medieval Art,Ceramics,,False,True,https://www.metmuseum.org/art/collection/search/475750,https://images.metmuseum.org/CRDImages/md/original/cop0005s1.jpg,0,,,
465529,Small Bead,Bead,500–600,,,,Glass,Overall: 1/4 x 1/4 in. (0.7 x 0.6 cm),Frankish,,,,,,,,,,,Medieval Art,Glass-Beads,,False,True,https://www.metmuseum.org/art/collection/search/465529,https://images.metmuseum.org/CRDImages/md/original/sf17-193-21s1.jpg,0,,,
462708,Solidus,Solidus,363–364,,,,Gold,Overall: 13/16 x 1/16 in. (2.1 x 0.1 cm),Byzantine,,,,,,,,,,,Medieval Art,Coins,,False,True,https://www.metmuseum.org/art/collection/search/462708,https://images.metmuseum.org/CRDImages/md/original/sf04-35-22s1.jpg,1,,,
463179,Wall Bracket,Wall bracket,14th century,,,,Iron,Overall: 21 1/4 x 24 5/8 x 1 9/16 in. (54 x 62.5 x 4 cm),Italian,,,,,,,,,,,Medieval Art,Metalwork-Iron,,False,True,https://www.metmuseum.org/art/collection/search/463179,https://images.metmuseum.org/CRDImages/md/original/cdi08-36-2b.jpg,0,,,
468879,Hinge,Hinge,15th century,,,,Iron,"Overall: 19 13/16 x 7 7/16 x 3/4 in. (50.4 x 18.9 x 1.9 cm)
a only: 11 x 4 3/4 x 3/4 in. (28 x 12 x 1.9 cm)
b only: 11 5/8 x 7 7/16 x 3/4 in. (29.5 x 18.9 x 1.9 cm)",German,,,,,,,,,,,Medieval Art,Metalwork-Iron,,False,True,https://www.metmuseum.org/art/collection/search/468879,https://images.metmuseum.org/CRDImages/md/original/sf87-11-689abs1.jpg,1,,,
468070,Virgin and Child,Statuette,13th century,,,,"Wood, paint, and gilding",Overall: 21 1/2 x 7 3/4 x 6 1/2in. (54.6 x 19.7 x 16.5cm),Catalan,Spain,,,,,,,,,,Medieval Art,Sculpture-Wood,,False,True,https://www.metmuseum.org/art/collection/search/468070,https://images.metmuseum.org/CRDImages/md/original/tem43-1451s1.jpg,4,,,
695172,Fragment,Fragment,ca. 1150–ca. 1250,,,,"Glass, ceramic",L. 1 3/4 in. (4.5 cm),European or Middle Eastern,,,,,,,,,,,Medieval Art,Glass-Vessels,,False,True,https://www.metmuseum.org/art/collection/search/695172,https://images.metmuseum.org/CRDImages/md/original/28.99.278.jpg,4,,,
468798,Door Handle,Door handle,15th century,,,,Iron,"Bail-a: 3 3/4 x 2 3/8 x 1/2 in. (9.6 x 6.1 x 1.3 cm)
Overall (as if installed with a+b): 3 1/8 x 3 1/16 x 5/8 in. (8 x 7.8 x 1.6 cm)",German,,,,,,,,,,,Medieval Art,Metalwork-Iron,,False,True,https://www.metmuseum.org/art/collection/search/468798,https://images.metmuseum.org/CRDImages/md/original/sf87-11-27as1.jpg,2,,,
465466,Ferret,Ferret,6th–7th century,,,,Copper alloy,Overall: 2 3/8 x 9/16 x 3/16 in. (6.1 x 1.4 x 0.4 cm),Frankish,Germany,,Niederbreisig,,,,,,,,Medieval Art,Metalwork-Copper alloy,,False,True,https://www.metmuseum.org/art/collection/search/465466,https://images.metmuseum.org/CRDImages/md/original/sf17-193-154s1.jpg,1,,,
478687,Bowl,Bowl,4th–7th century,,,,"Earthenware, slip decoration",Overall: 2 3/4 x 7 in. (7 x 17.8 cm),Coptic,Byzantine Egypt,,,Bowls,,,,,,,Medieval Art,Ceramics,,False,True,https://www.metmuseum.org/art/collection/search/478687,https://images.metmuseum.org/CRDImages/md/original/cop0408s1.jpg,1,,,
465679,Bell Beaker,Beaker,6th–7th century,,,,Glass,Overall: 4 15/16 x 3 5/16 in. (12.5 x 8.4 cm),Frankish,,,,,,,,,,,Medieval Art,Glass-Vessels,,False,True,https://www.metmuseum.org/art/collection/search/465679,https://images.metmuseum.org/CRDImages/md/original/sf17-193-341s1.jpg,2,,,
468094,Male Relief Figure,Relief,15th century,,,,Limewood with paint and gilding,"Overall (Relief ony): 35 13/16 x 11 x 1 3/8 in. (91 x 28 x 3.5 cm)
with Mount: 45 x 17 1/2 x 5 1/4 in. (114.3 x 44.5 x 13.3 cm)",German,Germany,,,Portraits,,,,,,,Medieval Art,Sculpture-Wood,,False,True,https://www.metmuseum.org/art/collection/search/468094,https://images.metmuseum.org/CRDImages/md/original/sf44-85-5s1.jpg,6,,,
464110,Virgin and Child,Statuette,ca. 1350,,,,Elephant ivory,"Overall (with base): 10 1/2 x 2 15/16 x 1 11/16 in. (26.7 x 7.5 x 4.3 cm)
Overall (without base): 9 1/16 x 2 3/4 x 1 7/16 in. (23 x 7 x 3.7 cm)
Base: 1 11/16 x 1 7/16 x 2 15/16 in. (4.3 x 3.6 x 7.5 cm)",North French,,,,Madonna and Child,,,,,,,Medieval Art,Ivories-Elephant,,False,True,https://www.metmuseum.org/art/collection/search/464110,https://images.metmuseum.org/CRDImages/md/original/sf17-190-170s6.jpg,6,,,
473638,Three Round Copper-Alloy Balance Weight with Cross,Weight,8th–9th century,,,,Copper alloy,"1/2 × 1 15/16 in., 5.5oz. (1.2 × 4.9 cm, 157g)",Byzantine,,,,Cross,,,,,,,Medieval Art,Metalwork-Copper alloy,,False,True,https://www.metmuseum.org/art/collection/search/473638,https://images.metmuseum.org/CRDImages/md/original/tr39342001obv.jpg,2,https://www.wikidata.org/wiki/Q116244220,,
472549,Plaque from Triptych,Triptych wing,mid-15th century,,,,Copper-gilt,"Overall (right wing): 8 9/16 x 2 1/8 x 1/16 in. (21.8 x 5.4 x 0.1 cm)
As a triptych with 90.3.9a-c: 8 5/8 x 11 1/4 x 1/16 in. (21.9 x 28.5 x 0.1 cm)",German,Germany,Lower or Middle Rhine,,Christ|Madonna and Child|Virgin Mary,,,,,,,Medieval Art,Metalwork-Copper,,False,True,https://www.metmuseum.org/art/collection/search/472549,https://images.metmuseum.org/CRDImages/md/original/sf90-3-9cs1.jpg,2,,,
474589,Ostrakon,Ostrakon,7th century,,,,Pottery fragment with ink inscription,3 7/8 x 4 5/8 in. (9.9 x 11.8 cm),Coptic,Byzantine Egypt,,,,,,,,,,Medieval Art,Ceramics,,False,True,https://www.metmuseum.org/art/collection/search/474589,https://images.metmuseum.org/CRDImages/md/original/sf12-180-179s1.jpg,1,,,
476539,Shard with Bird,Fragment,3rd–7th century,,,,Earthenware,Overall: 4 1/16 x 5 5/8 x 1 in. (10.3 x 14.3 x 2.5 cm),Coptic,Byzantine Egypt,,,Birds,,,,,,,Medieval Art,Ceramics,,False,True,https://www.metmuseum.org/art/collection/search/476539,https://images.metmuseum.org/CRDImages/md/original/DP133015.jpg,1,,,
465889,Pharmacy Jar,Pharmacy jar,15th century,,,,Earthenware,Overall: 4 7/16 x 3 1/8 in. (11.2 x 7.9 cm),French,,,,,,,,,,,Medieval Art,Ceramics,,False,True,https://www.metmuseum.org/art/collection/search/465889,https://images.metmuseum.org/CRDImages/md/original/sf17-194-2202s1.jpg,5,,,
463865,Entombment,Relief,ca. 1500–1510,,,,Oak,Overall (with modern base): 14 3/8 x 17 3/16 x 2 13/16 in. (36.5 x 43.6 x 7.2 cm),South Netherlandish,,,,Sadness|Men|Entombment|Death,,,,,,,Medieval Art,Sculpture-Wood,,False,True,https://www.metmuseum.org/art/collection/search/463865,https://images.metmuseum.org/CRDImages/md/original/sf16-32-260s1.jpg,6,,,
464149,Leaf from a Diptych with the Crucifixion and Annunciation,Diptych leaf,ca. 1300–1350,,,,Elephant ivory with metal mounts,"Overall (Ivory only): 6 9/16 x 2 15/16 x 1/2 in. (16.6 x 7.5 x 1.2 cm)
Overall (with mount): 6 13/16 x 2 15/16 x 1/2 in. (17.3 x 7.5 x 1.2 cm)
from top and bottom edge to center of hinge: 1 5/8 in. (4.2 cm)",French,France,,possibly Paris,Angels|Christ|Virgin Mary|Annunciation,,,,,,,Medieval Art,Ivories-Elephant,,False,True,https://www.metmuseum.org/art/collection/search/464149,https://images.metmuseum.org/CRDImages/md/original/sf17-190-192s1.jpg,4,,,
474645,Papyrus,Papyrus,7th century,,,,Papyrus and ink,"Overall: 4 7/16 x 14 5/16 in. (11.2 x 36.4 cm)
Framed: 5 3/16 x 14 3/4 in. (13.2 x 37.5 cm)",Coptic,Byzantine Egypt,,,,,,,,,,Medieval Art,Papyrus,,False,True,https://www.metmuseum.org/art/collection/search/474645,https://images.metmuseum.org/CRDImages/md/original/sf12-180-237s1.jpg,1,,,
475014,Papyri Fragments of a List of Bird Names,Fragment,580–640,,,,Papyrus with ink,Framed (with 14.1.552): 3 7/16 x 4 7/8 in. (8.7 x 12.4 cm),Coptic,Byzantine Egypt,,Thebes,Documents|Greek,,,,,,,Medieval Art,Papyrus,,False,True,https://www.metmuseum.org/art/collection/search/475014,https://images.metmuseum.org/CRDImages/md/original/sf14-1-549_552s1.jpg,1,,,
467514,"Manuscript Leaf with the Pièta, from a Book of Hours",Book of Hours; Manuscript leaf,last quarter 15th century,,,,"Tempera, ink, and shell gold on parchment","Overall: 5 9/16 x 3 15/16 in. (14.1 x 10 cm)
Illumination: 5 1/16 x 3 3/8 in. (12.8 x 8.6 cm)
Study mat size: 12 x 10 in. (30.5 x 25.4 cm)",North French,,,,Birds|Owls|Camels|Cats|Dogs|Elephants|Lions|Christ|Virgin Mary|Lamentation,,,,,,,Medieval Art,Manuscripts and Illuminations,,False,True,https://www.metmuseum.org/art/collection/search/467514,https://images.metmuseum.org/CRDImages/md/original/sf32-100-474bs1.jpg,0,,,
474558,Ostrakon,Ostrakon,7th century,,,,Pottery fragment with ink inscription,3 13/16 x 5 13/16 in. (9.7 x 14.8 cm),Coptic,Byzantine Egypt,,,,,,,,,,Medieval Art,Ceramics,,False,True,https://www.metmuseum.org/art/collection/search/474558,https://images.metmuseum.org/CRDImages/md/original/sf12-180-146s1.jpg,1,,,
467137,Glass Fragment,Fragment,14th–15th century,,,,Pot metal glass,Overall: 3 x 2 3/4 in. (7.5 x 7 cm),European,,,,,,,,,,,Medieval Art,Glass-Stained,,False,True,https://www.metmuseum.org/art/collection/search/467137,https://images.metmuseum.org/CRDImages/md/original/cdi30-73-148.jpg,0,,,
478712,Bowl,Bowl,4th–7th century,,,,Earthenware,Overall: 1 5/8 x 3 15/16 in. (4.2 x 10 cm),Coptic,Byzantine Egypt,,,Bowls,,,,,,,Medieval Art,Ceramics,,False,True,https://www.metmuseum.org/art/collection/search/478712,https://images.metmuseum.org/CRDImages/md/original/cop0433s1.jpg,0,,,
465437,Armlet,Armlet,5th century BCE,,,,Copper alloy,Overall: 3 3/16 x 2 1/2 x 1/4 in. (8.1 x 6.4 x 0.7 cm),Celtic,,,,,,,,,,,Medieval Art,Metalwork-Bronze,,False,True,https://www.metmuseum.org/art/collection/search/465437,https://images.metmuseum.org/CRDImages/md/original/sf17-193-13s4.jpg,1,,,
479681,Saint Michael,"Facsimile, St. Michael",2nd–6th century CE,,,,Tempera on paper,"Overall: 17 1/16 x 7 1/8 in. (43.3 x 18.1 cm)
Framed: 18 5/8 x 8 5/8 x 7/8 in. (47.3 x 21.9 x 2.2 cm)",Egyptian,,,,Saint Michael,,,,,,,Medieval Art,Reproductions-Paintings,,False,True,https://www.metmuseum.org/art/collection/search/479681,https://images.metmuseum.org/CRDImages/md/original/sf48-105-4s1.jpg,0,,,
465304,Belt Buckle,Belt buckle,7th century,,,,"Copper alloy, tinned surface",Overall: 5 1/8 x 2 7/16 x 5/8 in. (13 x 6.2 x 1.6 cm),Frankish,,,,,,,,,,,Medieval Art,Metalwork-Copper,,False,True,https://www.metmuseum.org/art/collection/search/465304,https://images.metmuseum.org/CRDImages/md/original/dp30372.jpg,0,,,
466587,Empress Theodora and Members of Her Court,Mosaic,early 20th century (original dated 6th century),,,,Glass and stone Tesserae,Overall: 104 x 144 x 5 in. (264.2 x 365.8 x 12.7 cm),Byzantine,,,,Men,,,,,,,Medieval Art,Reproductions-Mosaics,,False,True,https://www.metmuseum.org/art/collection/search/466587,https://images.metmuseum.org/CRDImages/md/original/59778.jpg,0,,,
464161,Folding Devotional Shrine with Scenes from Christ's Passion,Polyptych,ca. 1350,,,,"Elephant Ivory, with modern paint, gilding, and metal mounts","Overall (open): 9 7/16 x 12 11/16 x 3/8 in. (23.9 x 32.2 x 1 cm)
Overall (closed): 9 7/16 x 3 1/8 x 1 5/8 in. (23.9 x 8 x 4.2 cm)",French or German,France or Germany,,,Men|Women|Christ|Bearing the Cross|Crucifixion|Pilate,,,,,,,Medieval Art,Ivories-Elephant,,False,True,https://www.metmuseum.org/art/collection/search/464161,https://images.metmuseum.org/CRDImages/md/original/DP-29452-001.jpg,16,https://www.wikidata.org/wiki/Q116273803,,
463083,Crozier Head,Crozier head,early 20th century (original dated 13th century),,,,"Copper-gilt, enamel",Overall: 12 1/2 x 5 7/8 x 2 1/4in. (31.8 x 14.9 x 5.7cm),French,,,,Human Figures,,,,,,,Medieval Art,Reproductions-Metalwork,,False,True,https://www.metmuseum.org/art/collection/search/463083,https://images.metmuseum.org/CRDImages/md/original/tem081058.jpg,0,,,
474766,Ostrakon with a Homily by Athanasius,Ostrakon,600,,,,Limestone with ink inscription,"Overall: 5 1/4 × 8 1/8 × 1 9/16 in., 1.819lb. (13.3 × 20.6 × 4 cm, 825g)",Coptic,Byzantine Egypt,,Thebes,Coptic|Documents,,,,,,,Medieval Art,Miscellaneous-Stone,,False,True,https://www.metmuseum.org/art/collection/search/474766,https://images.metmuseum.org/CRDImages/md/original/sf14-1-64s1.jpg,1,,,
467515,"Manuscript Leaf with Coat of Arms, from a Book of Hours",Book of Hours; Manuscript leaf,ca. 1500,,,,"Tempera, ink, and shell gold on parchment","6 5/16 x 4 11/16 in. (16 x 11.9 cm)
Other (Illumination): 5 7/16 x 3 11/16 in. (13.8 x 9.4 cm)
Other (mat size): 12 × 10 in. (30.5 × 25.4 cm)",Netherlandish,Netherlands,,Ghent-Bruges,Men|Griffins|Coat of Arms,,,,,,,Medieval Art,Manuscripts and Illuminations,,False,True,https://www.metmuseum.org/art/collection/search/467515,https://images.metmuseum.org/CRDImages/md/original/DP-28137-001.jpg,1,,,
479137,Neck of a Bottle,Fragment,4th–early 5th century,,,,Glass,Overall: 3 1/2 x 1 7/8 in. (8.9 x 4.8 cm),Coptic,Byzantine Egypt,,,,,,,,,,Medieval Art,Glass-Vessels,,False,True,https://www.metmuseum.org/art/collection/search/479137,https://images.metmuseum.org/CRDImages/md/original/cop0812.jpg,0,,,
468302,Bow Brooch,Brooch,500–550,,,,"Silver-gilt, niello, garnet, glass",Overall: 4 1/4 x 2 3/4 x 1/2 in. (10.8 x 7 x 1.2 cm),Frankish,,,,,,,,,,,Medieval Art,Metalwork-Silver,,False,True,https://www.metmuseum.org/art/collection/search/468302,https://images.metmuseum.org/CRDImages/md/original/DP30041.jpg,0,,,
474506,Ostrakon,Ostrakon,7th century,,,,Pottery fragment with ink inscription,4 3/4 x 5 1/4 in. (12 x 13.4 cm),Coptic,Byzantine Egypt,,,,,,,,,,Medieval Art,Ceramics,,False,True,https://www.metmuseum.org/art/collection/search/474506,https://images.metmuseum.org/CRDImages/md/original/sf12-180-93s1.jpg,1,,,
472526,Part of a Rib from Groined Vaulting,Rib,13th century,,,,"Stone, polychromy",Overall: 23 1/4 x 13 1/4 x 13 3/4 in. (59.1 x 33.7 x 34.9 cm),French or German,,,,,,,,,,,Medieval Art,Sculpture-Architectural,,False,True,https://www.metmuseum.org/art/collection/search/472526,https://images.metmuseum.org/CRDImages/md/original/98787.jpg,0,,,
468706,Container for Holy Oils,Reliquary box,400–600,,,,"Bone, with paint and metal pins",Overall: 3 1/2 x 4 7/16 x 1 3/4 in. (8.9 x 11.3 x 4.5 cm),Frankish,possibly Northeastern France,,,,,,,,,,Medieval Art,Ivories-Bone,,False,True,https://www.metmuseum.org/art/collection/search/468706,https://images.metmuseum.org/CRDImages/md/original/tem65682abs8.jpg,8,https://www.wikidata.org/wiki/Q116410539,,
695312,Fragment,Fragment,ca. 1150–ca. 1250,,,,"Glass, ceramic",L. 1 5/16 in. (3.3 cm),European or Middle Eastern,,,,,,,,,,,Medieval Art,Glass-Vessels,,False,True,https://www.metmuseum.org/art/collection/search/695312,https://images.metmuseum.org/CRDImages/md/original/28.99.377.jpg,4,,,
468907,Ornamental Lock,Lock,15th century,,,,Iron,Overall: 5 3/16 x 5 5/8 x 1/4 in. (13.2 x 14.3 x 0.6 cm),German,,,,,,,,,,,Medieval Art,Metalwork-Iron,,False,True,https://www.metmuseum.org/art/collection/search/468907,https://images.metmuseum.org/CRDImages/md/original/sf87-11-8s1.jpg,1,,,
463277,Textile Fragment,Fragment,0,,,,Woven Textile,Overall: 5 x 3 5/8 in. (12.7 x 9.2 cm),Swiss,,,,,,,,,,,Medieval Art,Textiles-Woven,,False,True,https://www.metmuseum.org/art/collection/search/463277,https://images.metmuseum.org/CRDImages/md/original/133182.jpg,0,,,
464317,Circular Box (Pyxis) with the Miracle of Christ’s Multiplication of the Loaves,"Box, circular",6th century,,,,Elephant ivory with polychromy,"Overall (with lid): 3 1/2 x 4 3/8 x 5 1/2 in. (8.9 x 11.1 x 14 cm)
Overall (without lid): 3 x 4 1/4 x 5 1/4 in. (7.6 x 10.8 x 13.3 cm)
Top: 1/2 x 4 3/8 x 5 1/2 in. (1.3 x 11.1 x 14 cm)",Byzantine,Spain (lid),,,Christ|Saint Paul|Saint Peter,,,,,,,Medieval Art,Ivories-Elephant,,False,True,https://www.metmuseum.org/art/collection/search/464317,https://images.metmuseum.org/CRDImages/md/original/DP153636.jpg,14,https://www.wikidata.org/wiki/Q116273260,,
463607,Plaque with the Head of Saint John the Baptist on a Charger,Plaque,15th century,,,,Alabaster with paint and gilding,Overall: 8 1/4 x 6 5/16 x 1 1/8 in. (21 x 16 x 2.9 cm),British,England,,Probably Nottingham,Heads,School of Nottingham,Artist,British,,,,Medieval Art,Sculpture-Stone,British,False,True,https://www.metmuseum.org/art/collection/search/463607,https://images.metmuseum.org/CRDImages/md/original/DP-16607-001.jpg,2,,,
474724,Ostrakon,Ostrakon,600,,,,Pottery fragment with ink inscription,2 3/8 x 2 15/16 in. (6 x 7.5 cm),Coptic,Byzantine Egypt,,Thebes,Coptic|Documents,,,,,,,Medieval Art,Ceramics,,False,True,https://www.metmuseum.org/art/collection/search/474724,https://images.metmuseum.org/CRDImages/md/original/sf14-1-20s1.jpg,1,,,
465838,Brooch,Brooch,1st–2nd century (?),,,,"Champlevé enamel, bronze",Overall: 1 7/8 x 7/8 x 1/2 in. (4.8 x 2.2 x 1.3 cm),Roman,,,,,,,,,,,Medieval Art,Enamels-Champlevé,,False,True,https://www.metmuseum.org/art/collection/search/465838,https://images.metmuseum.org/CRDImages/md/original/sf17-194-1912s1.jpg,1,,,
466313,Lectern for Reading Scripture,Lectern,ca. 1475–1525,,,,Oak,Overall: 80 x 32 x 32 1/2 in. (203.2 x 81.3 x 82.6 cm),French,,,,Eagles|Saint John the Evangelist,,,,,,,Medieval Art,Sculpture-Wood,,False,True,https://www.metmuseum.org/art/collection/search/466313,https://images.metmuseum.org/CRDImages/md/original/sf20-42s2.jpg,5,https://www.wikidata.org/wiki/Q116243719,,
475270,"Band Fragment with Masks, Lotus Flowers, and Birds",Textile fragment,400–700,,,,Tapestry weave in polychrome wool and undyed linen,"Overall: 10 1/8 x 1 3/8 in. (25.7 x 3.5 cm)
Overall (framed): 6 3/4 x 13 x 7/8 in. (17.1 x 33 x 2.2 cm)",Coptic,Byzantine Egypt,,,Birds|Masks|Lotuses,,,,,,,Medieval Art,Textiles-Woven,,False,True,https://www.metmuseum.org/art/collection/search/475270,https://images.metmuseum.org/CRDImages/md/original/sf2002-494-870s1.jpg,3,,,
465582,Earring,Earring,4th century,,,,Copper alloy,Overall: 1 3/4 x 1 7/8 x 1/2 in. (4.4 x 4.8 x 1.2 cm),Late Roman,,,,,,,,,,,Medieval Art,Metalwork-Bronze,,False,True,https://www.metmuseum.org/art/collection/search/465582,https://images.metmuseum.org/CRDImages/md/original/sf17-193-257s1.jpg,1,,,
465980,"Bowl, Fluted",Bowl,10th century,,,,"Earthenware, glazed",Overall: 3 3/16 x 6 3/4 in. (8.1 x 17.2 cm),Byzantine,,,,,,,,,,,Medieval Art,Ceramics,,False,True,https://www.metmuseum.org/art/collection/search/465980,https://images.metmuseum.org/CRDImages/md/original/sf1974-346s4.jpg,6,,,
475043,Distaff (?),Distaff (?),3rd–5th century,,,,Wood,Overall: 13 11/16 x 1 in. (34.7 x 2.6 cm),Coptic,Byzantine Egypt,,,,,,,,,,Medieval Art,Woodwork-Miscellany,,False,True,https://www.metmuseum.org/art/collection/search/475043,https://images.metmuseum.org/CRDImages/md/original/sf20-2-36s1.jpg,0,,,
477063,String of Beads,Bead,4th–7th century,,,,"Earthenware, glazed (black faience)",Overall: L. 10 5/8 x 1/8 in. (27 x 0.3 cm),Coptic,Byzantine Egypt,,,,,,,,,,Medieval Art,Ceramics,,False,True,https://www.metmuseum.org/art/collection/search/477063,https://images.metmuseum.org/CRDImages/md/original/sf31-8-3s1.jpg,1,,,
478706,Oil Lamp,Lamp,4th–7th century,,,,Earthenware,Overall: 1 9/16 x 2 7/8 x 2 3/8 in. (4 x 7.3 x 6 cm),Coptic,Byzantine Egypt,,,,,,,,,,Medieval Art,Ceramics,,False,True,https://www.metmuseum.org/art/collection/search/478706,https://images.metmuseum.org/CRDImages/md/original/cop0427s1.jpg,3,,,
474836,Ostrakon,Ostrakon,600,,,,Pottery fragment with ink inscription,1 7/8 x 3 3/8 in. (4.8 x 8.5 cm),Coptic,Byzantine Egypt,,Thebes,Coptic|Documents,,,,,,,Medieval Art,Ceramics,,False,True,https://www.metmuseum.org/art/collection/search/474836,https://images.metmuseum.org/CRDImages/md/original/sf14-1-144s1.jpg,1,,,
479781,Textile Fragments and braid,Fragments; hair; braid; textile,4th–7th century,,,,Cotton (?) and human hair,"Overall ((a) fragment): 12 1/2 × 3 1/2 in. (31.8 × 8.9 cm)
Overall ((b) braid of hair): 14 × 3/4 in. (35.6 × 1.9 cm)
Overall ((c) piece of cotton): 2 in. (5.1 cm)",Coptic,Byzantine Egypt,,,,,,,,,,Medieval Art,Textiles,,False,True,https://www.metmuseum.org/art/collection/search/479781,https://images.metmuseum.org/CRDImages/md/original/sf25-10-23-2b-ds1.jpg,0,,,
463965,Glass Panel of Saint Nicholas,Panel,16th century,,,,Pot-metal glass and vitreous paint,Overall: 28 1/4 x 19 in. (71.8 x 48.3 cm),Netherlandish,,,,Men|Ships,Jacob Cornelisz van Oostsanen,Artist,Netherlandish,1465,1533,,Medieval Art,Glass-Stained,"Netherlandish, Oostsanen ca. 1470–1533 Amsterdam",False,True,https://www.metmuseum.org/art/collection/search/463965,https://images.metmuseum.org/CRDImages/md/original/cdi17-120-13.jpg,0,,https://www.wikidata.org/wiki/Q1029143,http://vocab.getty.edu/page/ulan/500115388
463095,Book Cover,Book cover,early 20th century (original dated 12th century),,,,Silver gilt,Overall: 14 1/16 x 6 3/4 x 3/16in. (35.7 x 17.1 x 0.5cm),Greek,,,,Cross,,,,,,,Medieval Art,Reproductions-Metalwork,,False,True,https://www.metmuseum.org/art/collection/search/463095,https://images.metmuseum.org/CRDImages/md/original/tem081669.jpg,0,,,
470275,Disk terminal,Terminal,late 4th–early 5th century,,,,"Silver-gilt, niello",Overall: 13/16 x 1/16 in. (2 x 0.1 cm),Late Roman,,,,Cross,,,,,,,Medieval Art,Metalwork-Silver,,False,True,https://www.metmuseum.org/art/collection/search/470275,https://images.metmuseum.org/CRDImages/md/original/DP30037.jpg,0,,,
467516,"Manuscript Leaf with the Betrayal, from a Book of Hours",Book of Hours; Manuscript leaf,ca. 1500,,,,"Tempera, ink, and shell gold on parchment","6 7/16 x 4 11/16 in. (16.4 x 11.9 cm)
Other (text frame): 3 11/16 x 2 5/8 in. (9.3 x 6.7 cm)
Other: 12 × 10 in. (30.5 × 25.4 cm)",Netherlandish,Netherlands,,,Cannons|Children|Men|Jesus|Judas,,,,,,,Medieval Art,Manuscripts and Illuminations,,False,True,https://www.metmuseum.org/art/collection/search/467516,https://images.metmuseum.org/CRDImages/md/original/sf32-100-475Bs1.jpg,1,,,
475316,Fragment,Fragment,13th century,,,,Stained Glass,1 3/4 × 1 11/16 × 3/16 in. (4.5 × 4.3 × 0.5 cm),Crusader,,,,,,,,,,,Medieval Art,Glass-Stained,,False,True,https://www.metmuseum.org/art/collection/search/475316,https://images.metmuseum.org/CRDImages/md/original/sf28-99-624.jpg,0,,,
466006,Glass Fragment,Fragment,12th–14th century,,,,"Pot-metal glass, vitreous paint",Overall: 1 5/8 x 3 1/4 in (4.1 x 8.3 cm),French,,,,,,,,,,,Medieval Art,Glass-Stained,,False,True,https://www.metmuseum.org/art/collection/search/466006,https://images.metmuseum.org/CRDImages/md/original/cdi1977-346-23.jpg,0,,,
464021,Panel from an Ivory Casket with the Killing of the King of Hazor (Joshua 11),Plaque,10th–11th century,,,,Elephant ivory,Overall: 3 7/16 x 2 13/16 x 1/4 in. (8.8 x 7.2 x 0.6 cm),Byzantine,,,,Kings|Men,,,,,,,Medieval Art,Ivories-Elephant,,False,True,https://www.metmuseum.org/art/collection/search/464021,https://images.metmuseum.org/CRDImages/md/original/sf17-190-140s1.jpg,1,https://www.wikidata.org/wiki/Q116274384,,
468434,Bracelet,Bracelet,1200–800 BCE,,,,Copper alloy,Overall: 13/16 x 3 9/16 x 2 3/4 in. (2 x 9 x 7 cm),Hallstatt,,,,,,,,,,,Medieval Art,Metalwork-Copper alloy,,False,True,https://www.metmuseum.org/art/collection/search/468434,https://images.metmuseum.org/CRDImages/md/original/sf53-48-1s5.jpg,6,https://www.wikidata.org/wiki/Q116275292,,
462744,Panel with John the Baptist and other saints,Panel,19th century,,,,Elephant ivory,Overall: 7 3/4 x 4 3/16 x 1 3/16 in. (19.7 x 10.7 x 3 cm),European (Byzantine style),,,,Christ,,,,,,,Medieval Art,Ivories-Elephant,,False,True,https://www.metmuseum.org/art/collection/search/462744,https://images.metmuseum.org/CRDImages/md/original/sf04-25s1.jpg,3,,,
462886,Nativity,Relief,16th century,,,,Limewood,35 3/8 x 28in. (89.9 x 71.1cm),German,,,,Donkeys|Jesus|Nativity|Ox,Alsatian Master,Artist,,,,,Medieval Art,Sculpture-Wood,,False,True,https://www.metmuseum.org/art/collection/search/462886,https://images.metmuseum.org/CRDImages/md/original/LC-06-161.jpg,0,,,
465040,Belt Buckle,Belt buckle,600–700,,,,"Iron overlaid, inlaid with silver, iron rivets",Overall: 4 3/16 x 8 1/2 x 3/8 in. (10.6 x 21.6 x 1 cm),Frankish,,,,,,,,,,,Medieval Art,Metalwork-Iron,,False,True,https://www.metmuseum.org/art/collection/search/465040,https://images.metmuseum.org/CRDImages/md/original/dp30406.jpg,1,https://www.wikidata.org/wiki/Q116252166,,
694205,Fragment,Fragment,ca. 1150–ca. 1250,,,,"Glass, ceramic",L. 1 5/8 in. (4.1 cm),European or Middle Eastern,,,,,,,,,,,Medieval Art,Glass-Vessels,,False,True,https://www.metmuseum.org/art/collection/search/694205,https://images.metmuseum.org/CRDImages/md/original/28.99.104.jpg,4,,,
466297,Bible,Bible; Manuscript,ca. 1250–75,,,,Tempera and gold on parchment; leather binding,"Overall (closed): 10 1/2 x 7 1/8 x 3 1/2 in. (26.6 x 18.1 x 8.9 cm)
single folio: 9 15/16 x 6 1/2 in. (25.3 x 16.5 cm)",French,France,,Paris,,,,,,,,Medieval Art,Manuscripts and Illuminations,,False,True,https://www.metmuseum.org/art/collection/search/466297,https://images.metmuseum.org/CRDImages/md/original/sf1997-320s7.jpg,21,,,
474736,Ostrakon,Ostrakon,600,,,,Pottery fragment with ink inscription,5 11/16 x 9 3/8 in. (14.5 x 23.8 cm),Coptic,Byzantine Egypt,,Thebes,Coptic|Documents,,,,,,,Medieval Art,Ceramics,,False,True,https://www.metmuseum.org/art/collection/search/474736,https://images.metmuseum.org/CRDImages/md/original/sf14-1-33s1.jpg,1,,,
464173,Medallion from pendant,Medallion,12th century,,,,"Cloisonné enamel, gold alloyed with silver","Overall: 1 15/16 x 1 13/16 x 3/16 in. (5 x 4.6 x 0.5 cm)
diameter of medallion: 1 in. (2.6 cm)",Ukranian,,,,Men|Portraits,,,,,,,Medieval Art,Enamels-Cloisonné,,False,True,https://www.metmuseum.org/art/collection/search/464173,https://images.metmuseum.org/CRDImages/md/original/DP166734.jpg,2,,,
468620,Casket,Casket,late 14th century,,,,Poplar with copper alloy fittings,Overall: 3 1/4 x 7 3/4 x 5 3/16 in. (8.3 x 19.7 x 13.1 cm),German,Germany (present day France),,,Men|Women,,,,,,,Medieval Art,Woodwork-Furniture,,False,True,https://www.metmuseum.org/art/collection/search/468620,https://images.metmuseum.org/CRDImages/md/original/sf63-7s7.jpg,7,,,
474213,Textile Fragment,Textile fragment,8th–9th century,,,,"Linen, wool",Overall: 8 1/4 x 9 1/16in. (21 x 23cm),Byzantine,,,,,,,,,,,Medieval Art,Textiles-Woven,,False,True,https://www.metmuseum.org/art/collection/search/474213,https://images.metmuseum.org/CRDImages/md/original/DP104097.jpg,0,,,
463216,Cup,Cup,19th century,,,,Gold plate,Overall: 4 1/2 x 5 1/16 x 3 1/16 in. (11.4 x 12.9 x 7.7 cm),Scythian,Hungary,,,Animals,,,,,,,Medieval Art,Reproductions-Metalwork,,False,True,https://www.metmuseum.org/art/collection/search/463216,https://images.metmuseum.org/CRDImages/md/original/tem092111.jpg,0,,,
463785,Enthroned Virgin and Child,Statue,ca. 1280,,,,"Oak, with paint",Overall: 50 1/2 x 19 x 16 3/8 in. (128.3 x 48.3 x 41.6 cm),German,Germany,,Regensburg,,,,,,,,Medieval Art,Sculpture-Wood,,False,True,https://www.metmuseum.org/art/collection/search/463785,https://images.metmuseum.org/CRDImages/md/original/sf16-32-183s1.jpg,7,https://www.wikidata.org/wiki/Q116275317,,
468225,Appliqué,Appliqué,19th century,,,,Bone,Overall: 10 1/16 x 2 1/2 x 3/4 in. (25.6 x 6.4 x 1.9 cm),European (Byzantine style),,,,Swans,,,,,,,Medieval Art,Bone,,False,True,https://www.metmuseum.org/art/collection/search/468225,https://images.metmuseum.org/CRDImages/md/original/sf47-100-79s1.jpg,2,,,
462740,Gold Solidus of Theodosius II (408–50),Solidus,408–450,,,,Gold,Overall: 13/16 x 1/16 in. (2.1 x 0.1 cm),Byzantine,,,Constantinople,Men,,,,,,,Medieval Art,Coins,,False,True,https://www.metmuseum.org/art/collection/search/462740,https://images.metmuseum.org/CRDImages/md/original/tem042819o.jpg,1,https://www.wikidata.org/wiki/Q116280010,,
468162,Dish with Lion,Dish,late 14th century,,,,Tin-glazed earthenware,"Overall (with handles): 20 1/16 x 18 1/8 x 4 1/16 in. (51 x 46 x 10.3 cm)
diameter without handles: 18 1/8 in. (46 cm)",Italian,Italy,,,Lions,,,,,,,Medieval Art,Ceramics,,False,True,https://www.metmuseum.org/art/collection/search/468162,https://images.metmuseum.org/CRDImages/md/original/DP218154.jpg,8,,,
463367,"Lock, Double-Face Mortise",Mortise lock,second half 15th century,,,,Iron,Overall: 5 1/2 x 6 5/8 x 2 3/8 in. (13.9 x 16.8 x 6 cm),German,,,,,,,,,,,Medieval Art,Metalwork-Iron,,False,True,https://www.metmuseum.org/art/collection/search/463367,https://images.metmuseum.org/CRDImages/md/original/sf10-100-195as1.jpg,3,,,
465330,Disk Brooch,Brooch,6th century,,,,"Silver, glass paste",Overall: 5/8 x 3/16 in. (1.6 x 0.4 cm),Frankish,,,,,,,,,,,Medieval Art,Metalwork-Silver,,False,True,https://www.metmuseum.org/art/collection/search/465330,https://images.metmuseum.org/CRDImages/md/original/sf17-192-26s1.jpg,1,,,
464630,Fragment,Fragment,6th–7th century,,,,Bone,Overall: 3 3/4 x 1 1/4 x 13/16 in. (9.6 x 3.1 x 2 cm),Byzantine,,,,,,,,,,,Medieval Art,Bone,,False,True,https://www.metmuseum.org/art/collection/search/464630,https://images.metmuseum.org/CRDImages/md/original/sf17-190-77s1.jpg,1,,,
465325,Spoon,Spoon,4th century,,,,"Copper alloy, silvered","Overall: 6 1/16 x 1 x 3/16 in. (15.4 x 2.6 x 0.5 cm)
shovel: 1 x 3/16 in. (2.6 x 0.5 cm)",Late Roman,Gaul,,,,,,,,,,Medieval Art,Metalwork-Copper alloy,,False,True,https://www.metmuseum.org/art/collection/search/465325,https://images.metmuseum.org/CRDImages/md/original/sf17-192-255s1.jpg,4,,,
474587,Ostrakon,Ostrakon,7th century,,,,Pottery fragment with ink inscription,8 1/8 x 7 11/16 in. (20.6 x 19.6 cm),Coptic,Byzantine Egypt,,,Documents,,,,,,,Medieval Art,Ceramics,,False,True,https://www.metmuseum.org/art/collection/search/474587,https://images.metmuseum.org/CRDImages/md/original/sf12-180-177s1.jpg,1,,,
463197,Censer,Censer,11th–12th century,,,,Copper alloy,Overall: 9 1/4 x 4 1/2 in. (23.5 x 11.5 cm),German,,,,,,,,,,,Medieval Art,Metalwork-Copper alloy,,False,True,https://www.metmuseum.org/art/collection/search/463197,https://images.metmuseum.org/CRDImages/md/original/sf09-152-3s1.jpg,5,,,
474634,Ostrakon,Ostrakon,7th century,,,,Pottery fragment with ink inscription,Overall (attached with 12.180.190): 6 5/8 x 6 1/2 x 3 7/16 in. (16.9 x 16.5 x 8.7 cm),Coptic,Byzantine Egypt,,,Documents,,,,,,,Medieval Art,Ceramics,,False,True,https://www.metmuseum.org/art/collection/search/474634,https://images.metmuseum.org/CRDImages/md/original/sf12-180-190_224s1.jpg,3,,,
463022,Brocade Textile,Textile,13th century,,,,"Silk, gold thread","Overall (actual textile): 3 1/4 × 8 1/16 in. (8.2 × 20.5 cm)
Overall (with painted reconstruction): 5 11/16 × 10 1/4 in. (14.5 × 26 cm)
Storage (Mat): 13 × 17 in. (33 × 43.2 cm)",Italian,,,,,,,,,,,Medieval Art,Textiles-Woven-Brocade,,False,True,https://www.metmuseum.org/art/collection/search/463022,https://images.metmuseum.org/CRDImages/md/original/sf07-243-3oa.jpg,1,,,
474630,Ostrakon,Ostrakon,7th century,,,,Pottery fragment with ink inscription,4 1/2 x 6 9/16 in. (11.5 x 16.7 cm),Coptic,Byzantine Egypt,,,,,,,,,,Medieval Art,Ceramics,,False,True,https://www.metmuseum.org/art/collection/search/474630,https://images.metmuseum.org/CRDImages/md/original/sf12-180-220s1.jpg,1,,,
466454,Glass Fragment,Fragment,12th–13th century,,,,Glass,Overall: 2 3/8 x 1 1/4 in. (6 x 3.2 cm),French,France,,,,,,,,,,Medieval Art,Glass-Stained,,False,True,https://www.metmuseum.org/art/collection/search/466454,https://images.metmuseum.org/CRDImages/md/original/cdi23-229-2-2.jpg,0,,,
465057,Belt Plate,Belt plate,7th century,,,,"Iron, silver inlay",Overall: 4 3/16 x 2 1/4 x 1/4 in. (10.7 x 5.7 x 0.6 cm),Frankish or Burgundian,,,,,,,,,,,Medieval Art,Metalwork-Iron,,False,True,https://www.metmuseum.org/art/collection/search/465057,https://images.metmuseum.org/CRDImages/md/original/sf17-191-340s1.jpg,1,,,
467541,Dish,Dish,early 16th century,,,,Brass,Overall: 16 3/4 x 1 15/16 in. (42.5 x 4.9 cm),German,,,,Human Figures,,,,,,,Medieval Art,Metalwork-Brass,,False,True,https://www.metmuseum.org/art/collection/search/467541,https://images.metmuseum.org/CRDImages/md/original/LC_32_64_20_s01.jpg,2,,,
466754,"Manuscript Leaf with Initial L, from an Antiphonary",Antiphonary; Manuscript leaf,second quarter 15th century,,,,"Tempera, ink, and metal leaf on parchment",20 x 14 3/4 in.  (50.8 x 37.5 cm),German,Germany,,,,,,,,,,Medieval Art,Manuscripts and Illuminations,,False,True,https://www.metmuseum.org/art/collection/search/466754,https://images.metmuseum.org/CRDImages/md/original/DP-14025-001.jpg,2,,,
464405,Plaque with the Nativity,Plaque,ca. 1165,,,,"Champlevé enamel, copper alloy, gilt",Overall: 4 1/4 x 4 3/8 x 3/16 in. (10.8 x 11.1 x 0.4 cm),South Netherlandish,Netherlands,,,Virgin Mary|Jesus|Nativity,,,,,,,Medieval Art,Enamels-Champlevé,,False,True,https://www.metmuseum.org/art/collection/search/464405,https://images.metmuseum.org/CRDImages/md/original/DP268294.jpg,3,https://www.wikidata.org/wiki/Q116272699,,
463125,Dalriada Brooch,Brooch,early 20th century (original dated 12th century),,,,Gold,Diam: 2 15/16 in.  (7.5 cm)   L.(Pin): 4 3/8 in  (11.1 cm).   Depth: 5/16 in.  (0.3 cm),Irish,,,,,,,,,,,Medieval Art,Reproductions-Metalwork,,False,True,https://www.metmuseum.org/art/collection/search/463125,https://images.metmuseum.org/CRDImages/md/original/tem082315s1.jpg,1,,,
474732,Ostrakon with a Letter from Enoch to His Parents,Ostrakon,600,,,,Limestone with ink inscription,5 7/8 x 3 3/8 in. (14.9 x 8.6 cm),Coptic,Byzantine Egypt,,Thebes,,,,,,,,Medieval Art,Ceramics,,False,True,https://www.metmuseum.org/art/collection/search/474732,https://images.metmuseum.org/CRDImages/md/original/sf14-1-29s1.jpg,1,,,
475368,Fragment,Fragment,13th century,,,,Stained Glass,1 1/2 × 1 3/16 × 1/8 in. (3.8 × 3 × 0.3 cm),Crusader,,,,,,,,,,,Medieval Art,Glass-Stained,,False,True,https://www.metmuseum.org/art/collection/search/475368,https://images.metmuseum.org/CRDImages/md/original/sf28-99-676.jpg,0,,,
464880,Shoe Buckle,Shoe buckle,7th century,,,,Silver,Overall: 7/8 x 1 1/8 x 5/16 in. (2.3 x 2.9 x 0.8 cm),Byzantine,,,,,,,,,,,Medieval Art,Metalwork-Silver,,False,True,https://www.metmuseum.org/art/collection/search/464880,https://images.metmuseum.org/CRDImages/md/original/dp30604.jpg,0,,,
475024,Fish Net Fragment,Net,580–640,,,,Linen twine,Overall: 9 7/16 x 3 5/8 in. (24 x 9.2 cm),Coptic,Byzantine Egypt,,Thebes,,,,,,,,Medieval Art,Textiles-Woven,,False,True,https://www.metmuseum.org/art/collection/search/475024,https://images.metmuseum.org/CRDImages/md/original/sf14-1-559s1.jpg,0,,,
330151,Semissis of Aelia Pulcheria,Coin,415–453,,,,Gold,.56 x .6 in. (14.2 x 15.4mm),Byzantine,,,,,,,,,,,Medieval Art,Metalwork-Coins,,False,True,https://www.metmuseum.org/art/collection/search/330151,https://images.metmuseum.org/CRDImages/md/original/KN357CREVX.JPG,0,,,
466358,Carpet,Carpet,late 15th century,,,,"Linen, pile wool",Overall: 108 × 55 in. (274.3 × 139.7 cm),Spanish,,,,,,,,,,,Medieval Art,Textiles-Rugs,,False,True,https://www.metmuseum.org/art/collection/search/466358,https://images.metmuseum.org/CRDImages/md/original/DP168744.jpg,7,,,
466375,Manuscript Leaf from a Royal Psalter,Psalter; Manuscript leaf,13th century,,,,Tempera and gold on parchment,"Overall: 11 1/4 x 7 11/16 in. (28.6 x 19.6 cm)
Mat Size: 18 x 14 in. (45.7 x 35.5 cm)",British,,,,,,,,,,,Medieval Art,Manuscripts and Illuminations,,False,True,https://www.metmuseum.org/art/collection/search/466375,https://images.metmuseum.org/CRDImages/md/original/DP-34707-002.jpg,1,,,
467330,Glass Fragment,Fragment,15th century (?),,,,Pot metal glass,Overall: 3 1/2 x 1 1/2 in. (6.5 x 4 cm),European,,,,,,,,,,,Medieval Art,Glass-Stained,,False,True,https://www.metmuseum.org/art/collection/search/467330,https://images.metmuseum.org/CRDImages/md/original/cdi30-73-72.jpg,0,,,
473294,Openwork Mount,Mount,100–300,,,,Copper alloy,Overall: 2 1/2 x 1/2 in. (6.3 x 1.3 cm),Roman or Celtic,,,,,,,,,,,Medieval Art,Metalwork-Copper alloy,,False,True,https://www.metmuseum.org/art/collection/search/473294,https://images.metmuseum.org/CRDImages/md/original/TR46992000obv.jpg,1,,,
466065,Head of a Woman,Panel,14th century,,,,"Pot-metal, white glass, vitreous paint, silver stain","Overall: 13 x 12 5/8 in. (33 x 32 cm)
on diagonal w/out diamond pane: 7 7/8 x 8 1/8 in. (20 x 20.7 cm)",French,,,Rouen,Heads,,,,,,,Medieval Art,Glass-Stained,,False,True,https://www.metmuseum.org/art/collection/search/466065,https://images.metmuseum.org/CRDImages/md/original/cdi1980-543s1.jpg,0,https://www.wikidata.org/wiki/Q116245140,,
695331,Fragment,Fragment,ca. 1150–ca. 1250,,,,"Glass, ceramic",L. 1 1/4 in. (3.2 cm),European or Middle Eastern,,,,,,,,,,,Medieval Art,Glass-Vessels,,False,True,https://www.metmuseum.org/art/collection/search/695331,https://images.metmuseum.org/CRDImages/md/original/28.99.390.jpg,4,,,
462789,Boss or Volute,Boss or volute,late 15th century,,,,Oak with traces of polychromy and gilding,Overall: 18 3/4 x 20 1/2 x 4 3/4in. (47.6 x 52.1 x 12.1cm),British or South Netherlandish,,,,Fruit,,,,,,,Medieval Art,Woodwork-Architectural,,False,True,https://www.metmuseum.org/art/collection/search/462789,https://images.metmuseum.org/CRDImages/md/original/DP-40083-001.jpg,10,,,
467680,Andromache and Priam Urging Hector Not to Go to War (from Scenes from the Story of the Trojan War),Tapestry,ca. 1470–90,,,,"Wool warp, wool wefts with a few silk wefts.",Overall: 190 x 104in. (482.6 x 264.2cm),South Netherlandish,South Netherlands,,Tournai,Trojan War|Men|Women|Andromache|Horses,Pasquier Grenier of Tournai,Artist,Burgundian,1393,1493,,Medieval Art,Textiles-Tapestries,"Burgundian, died 1493",False,True,https://www.metmuseum.org/art/collection/search/467680,https://images.metmuseum.org/CRDImages/md/original/DP-23258-001.jpg,0,https://www.wikidata.org/wiki/Q116410510,,http://vocab.getty.edu/page/ulan/500058672
696647,Fragment,Fragment,ca. 1150–ca. 1250,,,,"Glass, ceramic",L. 1 3/8 in. (3.5 cm),European or Middle Eastern,,,,,,,,,,,Medieval Art,Glass-Vessels,,False,True,https://www.metmuseum.org/art/collection/search/696647,https://images.metmuseum.org/CRDImages/md/original/28.99.554.jpg,4,,,
468106,Tapestry with the Annunciation,Tapestry,ca. 1410–20,,,,"Wool warp, wool with a few metallic wefts",Overall: 138 x 117in. (350.5 x 297.2cm),South Netherlandish,,,,Lilies|Angels|Virgin Mary|Archangel Gabriel|Annunciation|God the Father,,,,,,,Medieval Art,Textiles-Tapestries,,True,True,https://www.metmuseum.org/art/collection/search/468106,https://images.metmuseum.org/CRDImages/md/original/DT152.jpg,0,https://www.wikidata.org/wiki/Q29385460,,
474590,Ostrakon,Ostrakon,7th century,,,,Pottery fragment with ink inscription,5 3/8 x 5 3/4 in. (13.6 x 14.6 cm),Coptic,Byzantine Egypt,,,,,,,,,,Medieval Art,Ceramics,,False,True,https://www.metmuseum.org/art/collection/search/474590,https://images.metmuseum.org/CRDImages/md/original/sf12-180-180s1.jpg,1,,,
479635,"Pendant, vase",Pendant,4th–5th century,,,,Glass,7/8 × 9/16 × 3/8 in. (2.2 × 1.4 × 1 cm),Egyptian possibly,,,,Vases,,,,,,,Medieval Art,Glass,,False,True,https://www.metmuseum.org/art/collection/search/479635,https://images.metmuseum.org/CRDImages/md/original/sf10-130-997s02.jpg,1,,,
478691,Oil Lamp,Lamp,4th–7th century,,,,Earthenware,Overall: 1 3/4 x 3 1/2 x 2 5/8 in. (4.5 x 8.9 x 6.6 cm),Coptic,Byzantine Egypt,,,,,,,,,,Medieval Art,Ceramics,,False,True,https://www.metmuseum.org/art/collection/search/478691,https://images.metmuseum.org/CRDImages/md/original/cop0412s1.jpg,0,,,
474953,Papyrus Fragment,Fragment,7th century,,,,Papyrus with ink,Framed: 3 7/16 x 1 7/8 in. (8.8 x 4.7 cm),Coptic,Byzantine Egypt,,Thebes,Coptic|Documents,,,,,,,Medieval Art,Papyrus,,False,True,https://www.metmuseum.org/art/collection/search/474953,https://images.metmuseum.org/CRDImages/md/original/sf14-1-481s1.jpg,1,,,
465939,Cassone with Fleur-de-Lis Pattern,Cassone,ca. 1350,,,,"Wood, raised gesso, metal foil and iron mounts",Overall: 24 5/8 x 56 x 22 5/8 in. (62.5 x 142.2 x 57.5 cm),Italian,Italy,,,,,,,,,,Medieval Art,Woodwork-Furniture,,False,True,https://www.metmuseum.org/art/collection/search/465939,https://images.metmuseum.org/CRDImages/md/original/sf18-70-40S6.jpg,8,https://www.wikidata.org/wiki/Q116245926,,
467437,Folding Shrine,Shrine,19th century,,,,Elephant ivory with gilding and metal hinges,"Overall (closed): 9 x 3 1/2 x 1 7/8 in. (22.9 x 8.9 x 4.8 cm)
Overall (opened): 9 x 7 5/8 x 1 7/8 in. (22.9 x 19.4 x 4.8 cm)",European (Medieval style),,,,Men|Women|Madonna and Child,,,,,,,Medieval Art,Ivories-Elephant,,False,True,https://www.metmuseum.org/art/collection/search/467437,https://images.metmuseum.org/CRDImages/md/original/sf31-33-38s1.jpg,6,,,
474939,Spoon,Spoon,580–640,,,,Wood,Overall: 6 13/16 x 1 5/16 x 5/16 in. (17.3 x 3.4 x 0.8 cm),Coptic,Byzantine Egypt,,Thebes,,,,,,,,Medieval Art,Woodwork-Miscellany,,False,True,https://www.metmuseum.org/art/collection/search/474939,https://images.metmuseum.org/CRDImages/md/original/sf14-1-467s1.jpg,1,,,
465510,Counter Plate of a Belt Buckle,Belt plate,7th century,,,,"Iron, silver and brass inlay",Overall: 4 1/8 x 2 9/16 x 7/16 in. (10.4 x 6.5 x 1.1 cm),Frankish,,,,,,,,,,,Medieval Art,Metalwork-Iron,,False,True,https://www.metmuseum.org/art/collection/search/465510,https://images.metmuseum.org/CRDImages/md/original/sf17-193-193s1.jpg,1,,,
467139,Glass Fragment,Fragment,13th–15th century,,,,Pot metal glass,Overall: 2 x 2 in. (5.1 x 5.1 cm),European,,,,,,,,,,,Medieval Art,Glass-Stained,,False,True,https://www.metmuseum.org/art/collection/search/467139,https://images.metmuseum.org/CRDImages/md/original/cdi30-73-15.jpg,0,,,
464195,Plaque from a Reliquary Shrine,Plaque,1180–90,,,,"Champlevé enamel, copper alloy, gilt",Overall: 3 1/16 x 1 1/8 x 1/8 in. (7.8 x 2.9 x 0.3 cm),German,Germany,,probably Cologne,,,,,,,,Medieval Art,Enamels-Champlevé,,False,True,https://www.metmuseum.org/art/collection/search/464195,https://images.metmuseum.org/CRDImages/md/original/sf17-190-2137s1.jpg,1,https://www.wikidata.org/wiki/Q116273707,,
464131,Virgin and Child,Statuette,ca. 1260–70,,,,Elephant ivory with traces of gilding,"Overall (without base): 5 3/4 x 1 7/8 x 1 9/16 in. (14.6 x 4.8 x 4 cm)
Overall (with base): 7 9/16 x 2 3/8 x 1 13/16 in. (19.2 x 6 x 4.6 cm)",French,France,,Paris,,,,,,,,Medieval Art,Ivories-Elephant,,False,True,https://www.metmuseum.org/art/collection/search/464131,https://images.metmuseum.org/CRDImages/md/original/DP108392.jpg,8,,,
464257,Mirror Case with amorous scenes,Mirror case,14th century,,,,Elephant ivory,Overall: 4 1/8 x 5/16 in. (10.5 x 0.8 cm),North Italian,,,,Men|Women,,,,,,,Medieval Art,Ivories-Elephant,,False,True,https://www.metmuseum.org/art/collection/search/464257,https://images.metmuseum.org/CRDImages/md/original/sf17-190-257s1.jpg,1,,,
477771,Ring,Ring,4th century,,,,Copper alloy,3/8 x 3/4 in. (1 x 1.9 cm),Coptic,Byzantine Egypt,,,Rings,,,,,,,Medieval Art,Metalwork-Bronze,,False,True,https://www.metmuseum.org/art/collection/search/477771,https://images.metmuseum.org/CRDImages/md/original/sf31-8-34s1.jpg,0,,,
464796,Conical Flattened Bead,Bead,500–600,,,,Glass,Overall: 1 1/2 x 3/8 in. (3.8 x 1 cm),Frankish,,,,,,,,,,,Medieval Art,Glass-Beads,,False,True,https://www.metmuseum.org/art/collection/search/464796,https://images.metmuseum.org/CRDImages/md/original/sf17-191-108s1.jpg,0,https://www.wikidata.org/wiki/Q116252693,,
462998,Textile with Animals and Birds,Textile,ca. 1250–1300,,,,"Silk, metal thread","Overall (with painted reconstruction): 17 1/2 × 9 5/8 in. (44.4 × 24.5 cm)
Right fragment: 17 1/2 × 4 3/16 in. (44.4 × 10.7 cm)
Left fragment: 10 3/16 × 2 7/16 in. (25.9 × 6.2 cm)
Storage (Mat): 27 × 17 in. (68.6 × 43.2 cm)",Italian,,,,Animals|Birds,,,,,,,Medieval Art,Textiles-Woven,,False,True,https://www.metmuseum.org/art/collection/search/462998,https://images.metmuseum.org/CRDImages/md/original/sf07-178s1.jpg,4,,,
468062,Textile Fragment with Double-Headed Eagles,Textile,11th–12th century,,,,Silk,Overall: 24 3/4 x 18in. (62.9 x 45.7cm),Islamic,Byzantium or Spain,,,Eagles,,,,,,,Medieval Art,Textiles-Woven,,False,True,https://www.metmuseum.org/art/collection/search/468062,https://images.metmuseum.org/CRDImages/md/original/DP-20643-001.jpg,2,,,
478973,Chalice,Chalice,1462,,,,"Gilded silver, filigree enamel, pearls","Overall: 8 7/16 x 5 1/2 in. (21.5 x 14 cm)
diam. of cup: 4 3/16 in. (10.6 cm)",Southeastern European,,,,,,,,,,,Medieval Art,Metalwork-Silver,,False,True,https://www.metmuseum.org/art/collection/search/478973,https://images.metmuseum.org/CRDImages/md/original/DP333796.jpg,14,https://www.wikidata.org/wiki/Q116411578,,
465215,Openwork Belt Fitting,Plaque,600–700,,,,"Bronze, with traces of gilding, Copper alloy; copper alloy with tinned surface",Overall: 2 5/16 x 1/8 in. (5.9 x 0.3 cm),Frankish,Alamania,,,,,,,,,,Medieval Art,Metalwork-Bronze,,False,True,https://www.metmuseum.org/art/collection/search/465215,https://images.metmuseum.org/CRDImages/md/original/DP30085.jpg,0,https://www.wikidata.org/wiki/Q116249902,,
467645,Gold Half Moon-Shaped Earring with Peacocks,Earring,late 6th–7th century,,,,Gold,Overall: 2 3/16 x 1 15/16 x 1/8 in. (5.5 x 4.9 x 0.3 cm),Byzantine,,,,Birds,,,,,,,Medieval Art,Metalwork-Gold,,False,True,https://www.metmuseum.org/art/collection/search/467645,https://images.metmuseum.org/CRDImages/md/original/sf38-171-1s1.jpg,1,https://www.wikidata.org/wiki/Q116280327,,
466721,"Manuscript Leaf with Initial E, from an Antiphonary",Antiphonary; Manuscript leaf,second quarter 15th century,,,,"Tempera, ink, and metal leaf on parchment",18 7/8 x 14 1/16 in.  (48 x 35.7 cm),German,Germany,,probably Mainz,Music,,,,,,,Medieval Art,Manuscripts and Illuminations,,False,True,https://www.metmuseum.org/art/collection/search/466721,https://images.metmuseum.org/CRDImages/md/original/temp2822518r.jpg,2,,,
465038,Counter Plate of a Belt Buckle,Belt Plate,7th century,,,,"Iron, silver and brass inlay",Overall: 3 9/16 x 1 3/4 x 3/8 in. (9.1 x 4.5 x 1 cm),Frankish,,,,,,,,,,,Medieval Art,Metalwork-Iron,,False,True,https://www.metmuseum.org/art/collection/search/465038,https://images.metmuseum.org/CRDImages/md/original/dp30405.jpg,1,,,
465484,Tweezers,Tweezers,7th century,,,,Copper alloy,"Overall (with ring): 3 3/8 x 1/2 x 3/8 in. (8.6 x 1.3 x 1 cm)
without ring: 3 1/16 x 1/2 x 3/8 in. (7.7 x 1.3 x 1 cm)",Frankish,Germany,,Niederbreisig,,,,,,,,Medieval Art,Metalwork-Copper alloy,,False,True,https://www.metmuseum.org/art/collection/search/465484,https://images.metmuseum.org/CRDImages/md/original/sf17-193-170s4.jpg,3,,,
463202,Fragment of an Animal Relief,Relief fragment,ca. 1150,,,,Marble (Lunense marble from Carrara),"Overall: 13 1/8 x 11 7/8 x 8 1/2 in. (33.3 x 30.2 x 21.6 cm)
weight: 67lb. (30.4kg)",Italian,Italy,,,Animals,,,,,,,Medieval Art,Sculpture-Stone,,False,True,https://www.metmuseum.org/art/collection/search/463202,https://images.metmuseum.org/CRDImages/md/original/DP167320.jpg,2,https://www.wikidata.org/wiki/Q116276603,,
469774,Belt Plate Fragment,Belt plate,4th–7th century,,,,"Iron, silver and brass inlay","Overall (attached together x.209.14, + .15): 2 11/16 x 2 x 3/16 in. (6.8 x 5.1 x 0.5 cm)",Frankish,,,,,,,,,,,Medieval Art,Metalwork-Iron,,False,True,https://www.metmuseum.org/art/collection/search/469774,https://images.metmuseum.org/CRDImages/md/original/x209-14_15s1.jpg,1,,,
474868,Ostrakon,Ostrakon,580–640,,,,Pottery fragment with ink inscription,4 7/16 x 2 5/8 in. (11.2 x 6.7 cm),Coptic,Byzantine Egypt,,Thebes,Coptic|Documents,,,,,,,Medieval Art,Ceramics,,False,True,https://www.metmuseum.org/art/collection/search/474868,https://images.metmuseum.org/CRDImages/md/original/sf14-1-177s1.jpg,1,,,
466460,Glass Fragment,Fragment,16th century,,,,Pot metal glass,Overall: 2 3/4 x 2 3/4 in. (7 x 7 cm),French,,,,,,,,,,,Medieval Art,Glass-Stained,,False,True,https://www.metmuseum.org/art/collection/search/466460,https://images.metmuseum.org/CRDImages/md/original/cdi23-229-2-25.jpg,0,,,
465470,Small Hollow Boss,Boss,Middle of 6th century,,,,Copper alloy,Overall: 13/16 x 3/8 in. (2.1 x 1 cm),Frankish,Germany,,Niederbreisig,,,,,,,,Medieval Art,Metalwork-Copper alloy,,False,True,https://www.metmuseum.org/art/collection/search/465470,https://images.metmuseum.org/CRDImages/md/original/sf17-193-158s1.jpg,2,,,
468458,Game Box,Game box,15th–16th century,,,,"Bone, traces of gilding and paint over wooden core with red silk  interior, metal mounts",Overall: 2 3/4 x 7 1/16 x 5 7/8 in. (7 x 18 x 14.9 cm),French,,,,Animals|Weapons|Hunting,,,,,,,Medieval Art,Bone,,False,True,https://www.metmuseum.org/art/collection/search/468458,https://images.metmuseum.org/CRDImages/md/original/sf54-135s8.jpg,8,https://www.wikidata.org/wiki/Q116275149,,
466392,Engaged Column Shaft,Column shaft,11th–13th century,,,,Stone,Overall: 37 1/2 x 7 x 7 3/8 in. (95.3 x 17.8 x 18.7 cm),Italian or French,,,,,,,,,,,Medieval Art,Sculpture-Architectural,,False,True,https://www.metmuseum.org/art/collection/search/466392,https://images.metmuseum.org/CRDImages/md/original/sf22-58-1cegs1.jpg,0,,,
694195,Fragment,Fragment,ca. 1150–ca. 1250,,,,"Glass, ceramic",L. 1 1/2 in. (3.8 cm),European or Middle Eastern,,,,,,,,,,,Medieval Art,Glass-Vessels,,False,True,https://www.metmuseum.org/art/collection/search/694195,https://images.metmuseum.org/CRDImages/md/original/28.99.96.jpg,4,,,
468289,Pin,Pin,ca. 1000 BCE or later (?),,,,Copper alloy,"12 1/16 × 2 1/16 × 15/16 in. (30.6 × 5.3 × 2.4 cm)
(pin only): 12 1/16 × 15/16 in. (30.6 × 2.4 cm)
(ring only): 2 9/16 × 2 1/16 × 13/16 in. (6.5 × 5.3 × 2 cm)
(width of ring band): 3/4 in. (1.9 cm)",Irish,Ireland,,,,,,,,,,Medieval Art,Metalwork-Bronze,,False,True,https://www.metmuseum.org/art/collection/search/468289,https://images.metmuseum.org/CRDImages/md/original/sf49-125-4abs1.jpg,3,,,
695440,Fragment,Fragment,ca. 1150–ca. 1250,,,,"Glass, ceramic",L. 1 3/8 in. (3.5 cm),European or Middle Eastern,,,,,,,,,,,Medieval Art,Glass-Vessels,,False,True,https://www.metmuseum.org/art/collection/search/695440,https://images.metmuseum.org/CRDImages/md/original/28.99.468.jpg,4,,,
465228,Jewel,Jewel,3rd century (?),,,,"Gold, glass paste",Overall: 1 1/4 x 7/8 x 3/8 in. (3.1 x 2.2 x 1 cm),Ostrogothic,,,,Birds,,,,,,,Medieval Art,Metalwork-Gold,,False,True,https://www.metmuseum.org/art/collection/search/465228,https://images.metmuseum.org/CRDImages/md/original/sf17-192-168s1.jpg,1,,,
469026,Gold Shoe Buckle,Shoe buckle,ca. 600,,,,Gold,Overall: 2 1/8 x 1 x 5/16 in. (5.4 x 2.5 x 0.8 cm),Langobardic,,,,,,,,,,,Medieval Art,Metalwork-Gold,,False,True,https://www.metmuseum.org/art/collection/search/469026,https://images.metmuseum.org/CRDImages/md/original/DP30004.jpg,0,https://www.wikidata.org/wiki/Q116273254,,
466163,Icon Pendant with the Archangel Michael,Pendant,ca. 1300 or later,,,,Lead,Overall: 2 5/16 x 1 5/8 x 3/16 in. (5.8 x 4.1 x 0.5 cm),Byzantine,,,,Saints,,,,,,,Medieval Art,Metalwork-Lead,,False,True,https://www.metmuseum.org/art/collection/search/466163,https://images.metmuseum.org/CRDImages/md/original/sf1988-408-1s1.jpg,1,https://www.wikidata.org/wiki/Q116244525,,
468365,Animal-Shaped Brooch,Brooch,2nd–4th century,,,,Bronze with silver inlay,"Overall (with pin): 2 1/8 x 1 x 9/16 in. (5.4 x 2.5 x 1.5 cm)
Overall (body only): 1 5/8 x 1 x 9/16 in. (4.1 x 2.5 x 1.5 cm)",Late Roman,,,,Frogs,,,,,,,Medieval Art,Metalwork-Bronze,,False,True,https://www.metmuseum.org/art/collection/search/468365,https://images.metmuseum.org/CRDImages/md/original/sf51-125-4s3.jpg,2,,,
478823,Bowl,Bowl,4th–7th century,,,,Earthenware,Overall: 1 3/4 x 4 3/16 in. (4.4 x 10.6 cm),Coptic,Byzantine Egypt,,,Bowls,,,,,,,Medieval Art,Ceramics,,False,True,https://www.metmuseum.org/art/collection/search/478823,https://images.metmuseum.org/CRDImages/md/original/cop0509s1.jpg,0,,,
479254,Papyri Fragments,Fragment,7th century,,,,Papyrus and ink,Framed: 11 1/4 x 15 in. (28.5 x 38.1 cm),Coptic,Byzantine Egypt,,Thebes,,,,,,,,Medieval Art,Papyrus,,False,True,https://www.metmuseum.org/art/collection/search/479254,https://images.metmuseum.org/CRDImages/md/original/cop0853s1.jpg,0,,,
465213,Openwork Plaque,Plaque,7th–8th century (?),,,,"Copper alloy (leaded bronze), ""tinned"" surface",Overall: 2 7/8 x 2 3/16 x 1/16 in. (7.3 x 5.5 x 0.2 cm),Frankish,France,,,,,,,,,,Medieval Art,Metalwork-Copper alloy,,False,True,https://www.metmuseum.org/art/collection/search/465213,https://images.metmuseum.org/CRDImages/md/original/DP30083.jpg,0,,,
463410,Censer,Censer,15th century,,,,"Copper-gilt, champlevé enamel",Overall: 8 3/4 x 4 7/16 in. (22.2 x 11.3 cm),Italian,,,,,,,,,,,Medieval Art,Metalwork-Copper alloy,,False,True,https://www.metmuseum.org/art/collection/search/463410,https://images.metmuseum.org/CRDImages/md/original/sf10-18-3s1.jpg,5,,,
694385,Fragment,Fragment,ca. 1150–ca. 1250,,,,"Glass, ceramic",L. 2 1/4 in. (5.7 cm),European or Middle Eastern,,,,,,,,,,,Medieval Art,Glass-Vessels,,False,True,https://www.metmuseum.org/art/collection/search/694385,https://images.metmuseum.org/CRDImages/md/original/28.99.228.jpg,4,,,
465404,Hairpin,Hairpin,7th century,,,,Bronze,Overall: 5 3/8 x 3/16 x 1/8 in. (13.6 x 0.5 x 0.3 cm),Frankish,Germany,,Niederbreisig,,,,,,,,Medieval Art,Metalwork-Bronze,,False,True,https://www.metmuseum.org/art/collection/search/465404,https://images.metmuseum.org/CRDImages/md/original/sf17-193-1s1.jpg,1,,,
474942,Spindle,Spindle,580–640,,,,Wood and iron,"Overall: 12 5/16 x 2 1/8 in. (31.3 x 5.4 cm)
whorl only: 1 15/16 x 2 1/8 in. (4.9 x 5.4 cm)",Coptic,Byzantine Egypt,,Thebes,,,,,,,,Medieval Art,Woodwork-Miscellany,,False,True,https://www.metmuseum.org/art/collection/search/474942,https://images.metmuseum.org/CRDImages/md/original/sf14-1-470s1.jpg,1,,,
467730,Plaque with Christ Receiving Magdeburg Cathedral from Emperor Otto I,Plaque,ca. 962–968,,,,Elephant ivory,Overall: 5 1/8 x 4 7/16 x 5/16in. (13 x 11.3 x 0.8cm),Ottonian,,,Milan (?),Men|Christ|Saints,,,,,,,Medieval Art,Ivories-Elephant,,True,True,https://www.metmuseum.org/art/collection/search/467730,https://images.metmuseum.org/CRDImages/md/original/DP-16229-001.jpg,6,https://www.wikidata.org/wiki/Q29385453,,
464716,Reliquary Diptych,Reliquary diptych,late 14th century,,,,"Verre églomisé, polychromy, wood, metal, and possible human remains","Overall (open): 8 3/8 x 12 1/2 x 9/16 in. (21.3 x 31.7 x 1.4 cm)
Overall (closed): 8 3/8 x 6 1/8 x 1 1/8 in. (21.3 x 15.6 x 2.9 cm)
each image (approx.): 2 13/16 x 1 5/8 in. (7.2 x 4.2 cm)",Central Italian,,,,Christ|Madonna and Child|Crucifixion|Saints,,,,,,,Medieval Art,Glass-Verre églomisé,,False,True,https://www.metmuseum.org/art/collection/search/464716,https://images.metmuseum.org/CRDImages/md/original/sf17-190-922s1.jpg,4,,,
466584,Chasse,Chasse,19th century (early 12th century style),,,,Copper alloy-gilt,Overall: 9 5/8 x 10 5/8 x 6 in. (24.4 x 27 x 15.3 cm),German,Germany (?),,,Angels|Saints,,,,,,,Medieval Art,Metalwork-Copper alloy,,False,True,https://www.metmuseum.org/art/collection/search/466584,https://images.metmuseum.org/CRDImages/md/original/sf24-43as5.jpg,14,,,
696589,Fragment,Fragment,ca. 1150–ca. 1250,,,,"Glass, ceramic",L. 2 1/8 in. (5.4 cm),European or Middle Eastern,,,,,,,,,,,Medieval Art,Glass-Vessels,,False,True,https://www.metmuseum.org/art/collection/search/696589,https://images.metmuseum.org/CRDImages/md/original/28.99.501.jpg,4,,,
465650,Belt Plate,Belt plate,6th century (?),,,,"Iron, silver inlay, brass inlay",Overall: 3 1/2 x 1 3/4 x 5/8 in. (8.9 x 4.5 x 1.6 cm),Frankish,,,,,,,,,,,Medieval Art,Metalwork-Iron,,False,True,https://www.metmuseum.org/art/collection/search/465650,https://images.metmuseum.org/CRDImages/md/original/sf17-193-315s1.jpg,1,,,
694196,Fragment,Fragment,ca. 1150–ca. 1250,,,,"Glass, ceramic",L. 1 1/2 in. (3.8 cm),European or Middle Eastern,,,,,,,,,,,Medieval Art,Glass-Vessels,,False,True,https://www.metmuseum.org/art/collection/search/694196,https://images.metmuseum.org/CRDImages/md/original/28.99.97.jpg,4,,,
695340,Fragment,Fragment,ca. 1150–ca. 1250,,,,"Glass, ceramic",L. 1 3/8 in. (3.5 cm),European or Middle Eastern,,,,,,,,,,,Medieval Art,Glass-Vessels,,False,True,https://www.metmuseum.org/art/collection/search/695340,https://images.metmuseum.org/CRDImages/md/original/28.99.398.jpg,4,,,
465647,Rectangular Plaque,Plaque,middle of 6th century,,,,Copper alloy,Overall: 1 x 13/16 x 1/4 in. (2.5 x 2.1 x 0.6 cm),Frankish,Germany,,Niederbreisig,,,,,,,,Medieval Art,Metalwork-Copper alloy,,False,True,https://www.metmuseum.org/art/collection/search/465647,https://images.metmuseum.org/CRDImages/md/original/sf17-193-312s1.jpg,1,,,
475341,Fragment,Fragment,13th century,,,,Stained Glass,3 1/16 × 2 7/8 × 1/4 in. (7.8 × 7.3 × 0.7 cm),Crusader,,,,,,,,,,,Medieval Art,Glass-Stained,,False,True,https://www.metmuseum.org/art/collection/search/475341,https://images.metmuseum.org/CRDImages/md/original/sf28-99-649.jpg,0,,,
464853,Disk Brooch,Brooch,6th century,,,,"Silver-gilt, garnets with patterned foil backings, garnet ...",diam. 13/16 x 5/16 inches (diam. 2.0 x 0.8 cm),Frankish,,,,,,,,,,,Medieval Art,Metalwork-Silver,,False,True,https://www.metmuseum.org/art/collection/search/464853,https://images.metmuseum.org/CRDImages/md/original/DP30111.jpg,0,,,
465303,Belt Buckle,Belt buckle,7th century,,,,"Iron, silver inlay, copper alloy",Overall: 5 1/2 x 2 5/8 x 13/16 in. (14 x 6.7 x 2 cm),Frankish,,,,,,,,,,,Medieval Art,Metalwork-Iron,,False,True,https://www.metmuseum.org/art/collection/search/465303,https://images.metmuseum.org/CRDImages/md/original/dp30371.jpg,0,,,
467179,Glass Fragment,Fragment,14th–15th century,,,,Colorless glass,Overall: 3 1/8 x 3/4 in. ( 8 x 2 cm),European,,,,,,,,,,,Medieval Art,Glass-Stained,,False,True,https://www.metmuseum.org/art/collection/search/467179,https://images.metmuseum.org/CRDImages/md/original/cdi30-73-186.jpg,0,,,
477325,Jar,Jar,4th–7th century,,,,"Earthenware, slip decoration",Overall: 4 3/8 x 4 3/4 in. (11.1 x 12.1 cm),Coptic,Byzantine Egypt,,,,,,,,,,Medieval Art,Ceramics,,False,True,https://www.metmuseum.org/art/collection/search/477325,https://images.metmuseum.org/CRDImages/md/original/cop0190s1.jpg,0,,,
463796,Angel with handkerchief of Saint Veronica,statue,ca. 1500,,,,"Oak, traces of paint",Overall: 34 1/4 x 12 x 8 1/4 in. (87 x 30.5 x 21 cm),French,,,,Saints,,,,,,,Medieval Art,Sculpture-Wood,,False,True,https://www.metmuseum.org/art/collection/search/463796,https://images.metmuseum.org/CRDImages/md/original/sf16-32-195s5.jpg,8,,,
468506,Liturgical Spoon,Spoon,6th century,,,,Silver,"Overall: 6 5/16 x 1 1/8 x 1/4 in. (16 x 2.8 x 0.6 cm)
shovel: 3/16 x 1 1/8 in. (0.5 x 2.8 cm)",Byzantine,,,,,,,,,,,Medieval Art,Metalwork-Silver,,False,True,https://www.metmuseum.org/art/collection/search/468506,https://images.metmuseum.org/CRDImages/md/original/sf55-64-2s1.jpg,2,,,
463570,Adoration of the Magi,Relief,15th century,,,,Alabaster with paint and gilding,Overall: 15 7/8 x 10 3/16 x 2 1/4 in. (40.3 x 25.9 x 5.7 cm),British,,,Nottingham,Men|Virgin Mary|Jesus,School of Nottingham,Artist,British,,,,Medieval Art,Sculpture-Stone,British,False,True,https://www.metmuseum.org/art/collection/search/463570,https://images.metmuseum.org/CRDImages/md/original/sf12-15s1.jpg,7,,,
467554,Dish,Dish,early 16th century,,,,Brass,Overall: 11 7/8 x 1 1/2 in. (30.2 x 3.8 cm),German,,,,,,,,,,,Medieval Art,Metalwork-Brass,,False,True,https://www.metmuseum.org/art/collection/search/467554,https://images.metmuseum.org/CRDImages/md/original/LC_32_64_32_s01.jpg,2,,,
466172,Tinned-Copper Plaque with a Personification,Plaque,350–400,,,,Tinned copper,Overall: 2 1/4 x 2 1/4 x 1/8 in. (5.7 x 5.7 x 0.3 cm),Byzantine,Italy,,probably Rome,,,,,,,,Medieval Art,Metalwork-Copper,,False,True,https://www.metmuseum.org/art/collection/search/466172,https://images.metmuseum.org/CRDImages/md/original/sf1989-298-6s1.jpg,1,https://www.wikidata.org/wiki/Q116244477,,
475757,Bucket,Bucket,4th–7th century,,,,Earthenware,Overall: 11 1/2 x 6 15/16 in. (29.2 x 17.6 cm),Coptic,Byzantine Egypt,,,,,,,,,,Medieval Art,Ceramics,,False,True,https://www.metmuseum.org/art/collection/search/475757,https://images.metmuseum.org/CRDImages/md/original/cop0012s1.jpg,0,,,
464494,Chasse with Christ in Majesty and the Lamb of God,Chasse,ca. 1180–90,,,,"Champlevé enamel: blue-black; dark, medium, and light blue; turquoise, dark and light green, yellow, red, translucent wine red, and white; wood core, painted red on exterior; copper: engraved, scraped, stippled, and gilt.",Overall: 8 11/16 x 9 1/4 x 4 3/16 in. (22 x 23.5 x 10.7 cm),French,France,,Limoges,Angels|Reliquaries,,,,,,,Medieval Art,Enamels-Champlevé,,False,True,https://www.metmuseum.org/art/collection/search/464494,https://images.metmuseum.org/CRDImages/md/original/DP374596.jpg,16,,,
465415,Finger Ring,Ring,7th century,,,,Copper alloy,"Overall: 15/16 x 13/16 x 9/16 in. (2.4 x 2.1 x 1.5 cm)
bezel: 9/16 in. (1.5 cm)",Frankish,Germany,,Niederbreisig,,,,,,,,Medieval Art,Metalwork-Copper alloy,,False,True,https://www.metmuseum.org/art/collection/search/465415,https://images.metmuseum.org/CRDImages/md/original/sf17-193-109s4.jpg,3,,,
466262,Pin with the Head and Torso of a Figure,Pin,7th century BCE,,,,Copper alloy,Overall: 3 5/8 x 1 3/16 x 3/8 in. (9.2 x 3 x 1 cm),Hallstatt Period,,,,Heads,,,,,,,Medieval Art,Metalwork-Copper alloy,,False,True,https://www.metmuseum.org/art/collection/search/466262,https://images.metmuseum.org/CRDImages/md/original/sf1993-3-5s1.jpg,1,,,
465785,Square-Headed Bow Brooch,Brooch,530–560,,,,"Silver-gilt, niello inlay; iron spring/pin",Overall: 3 15/16 x 1 13/16 x 11/16 in. (10 x 4.6 x 1.7 cm),Frankish,,,,,,,,,,,Medieval Art,Metalwork-Silver,,False,True,https://www.metmuseum.org/art/collection/search/465785,https://images.metmuseum.org/CRDImages/md/original/DP30274.jpg,0,,,
468811,Escutcheon plate,Escutcheon plate,16th century,,,,Iron,Overall: 3 15/16 x 2 5/8 x 5/16 in. (10 x 6.7 x 0.8 cm),German,,,,,,,,,,,Medieval Art,Metalwork-Iron,,False,True,https://www.metmuseum.org/art/collection/search/468811,https://images.metmuseum.org/CRDImages/md/original/sf87-11-430s1.jpg,1,,,
464072,Earring (one of a pair),Earring,6th–7th century,,,,"Gold, pearls","Overall: 3 1/4 x 1 1/4 x 1/4 in. (8.3 x 3.2 x 0.7 cm)
ring: 1 in. (2.5 cm)",Byzantine,,,,,,,,,,,Medieval Art,Metalwork-Gold,,False,True,https://www.metmuseum.org/art/collection/search/464072,https://images.metmuseum.org/CRDImages/md/original/dp30695.jpg,1,https://www.wikidata.org/wiki/Q116274143,,
466242,"Signet Ring of John, Imperial Spatharios",Ring,10th century,,,,"Gold, niello","Overall: 11/16 × 7/8 × 15/16 in., 1.2oz. (1.7 × 2.2 × 2.4 cm, 34.023g)
Bezel: 11/16 × 3/4 × 3/16 in. (1.7 × 1.9 × 0.4 cm)
Inside circumference: 2 1/8 in. (5.3 cm)",Byzantine,,,,,,,,,,,Medieval Art,Metalwork-Gold,,False,True,https://www.metmuseum.org/art/collection/search/466242,https://images.metmuseum.org/CRDImages/md/original/LC_1992_239_s7.jpg,7,https://www.wikidata.org/wiki/Q116244110,,
469985,"Manuscript Leaf with Opening of The Book of Nehemias, from a Bible",Bible; Manuscript leaf,ca. 1280–1300,,,,Tempera and gold on parchment,"Overall: 15 15/16 x 10 11/16 in. (40.5 x 27.2 cm)
Mat size: 21 15/16 x 15 15/16 in. (55.7 x 40.5 cm)",French,France,,probably Paris,Kings|Servants,,,,,,,Medieval Art,Manuscripts and Illuminations,,False,True,https://www.metmuseum.org/art/collection/search/469985,https://images.metmuseum.org/CRDImages/md/original/sf1998-538-1s1.jpg,5,,,
464590,Bishop,Statuette,ca. 1500,,,,Oak,Overall: 27 9/16 x 9 1/16 x 7 5/16 in. (70 x 23 x 18.6 cm),German,Germany,,Calcar,,,,,,,,Medieval Art,Sculpture-Wood,,False,True,https://www.metmuseum.org/art/collection/search/464590,https://images.metmuseum.org/CRDImages/md/original/sf17-190-719s1.jpg,6,,,
466725,"Manuscript Leaf with Initial A, from an Antiphonary",Antiphonary; Manuscript leaf,second quarter 15th century,,,,"Tempera, ink, and metal leaf on parchment",18 15/16 x 13 11/16 in.  (48.1 x 34.8 cm),German,Germany,,probably Mainz,,,,,,,,Medieval Art,Manuscripts and Illuminations,,False,True,https://www.metmuseum.org/art/collection/search/466725,https://images.metmuseum.org/CRDImages/md/original/temp2822521v.jpg,1,,,
474671,Papyri Fragments of a Letter,Fragment,7th century,,,,Papyrus and ink,Framed: 5 3/8 x 6 1/8 in. (13.7 x 15.5 cm),Coptic,Byzantine Egypt,,,,,,,,,,Medieval Art,Papyrus,,False,True,https://www.metmuseum.org/art/collection/search/474671,https://images.metmuseum.org/CRDImages/md/original/sf12-180-294s1.jpg,1,,,
466781,"Manuscript Leaf with Initial T, from an Antiphonary",Antiphonary; Manuscript leaf,15th century,,,,"Tempera, ink, and metal leaf on parchment",20 3/16 x 15 3/16 in.  (51.3 x 38.5 cm),Italian,,,,,,,,,,,Medieval Art,Manuscripts and Illuminations,,False,True,https://www.metmuseum.org/art/collection/search/466781,https://images.metmuseum.org/CRDImages/md/original/temp2822572r.jpg,2,,,
465494,Buckle Loop,Loop,500–700,,,,"Copper alloy, silvered",Overall: 1 1/2 x 1 1/16 x 7/16 in. (3.8 x 2.7 x 1.1 cm),Frankish,Germany,,Niederbreisig,,,,,,,,Medieval Art,Metalwork-Copper alloy,,False,True,https://www.metmuseum.org/art/collection/search/465494,https://images.metmuseum.org/CRDImages/md/original/sf17-193-179s1.jpg,1,,,
463910,Chasuble with Pomegranate Design,Chasuble,15th–16th century,,,,Velvet,Overall: 44 in. (111.8 cm),British,,,,,,,,,,,Medieval Art,Textiles-Costumes-Ecclesiastical,,False,True,https://www.metmuseum.org/art/collection/search/463910,https://images.metmuseum.org/CRDImages/md/original/38204.jpg,0,,,
477083,Glass Fragments,Fragment,4th–early 5th century,,,,Glass (clear),Storage (petri dish diam.): 5 9/16 in. (14.1 cm),Coptic,Byzantine Egypt,,,,,,,,,,Medieval Art,Glass,,False,True,https://www.metmuseum.org/art/collection/search/477083,https://images.metmuseum.org/CRDImages/md/original/cop0087.jpg,0,,,
468621,Stole with Figures of Kings and Bishops,Stole,ca. 1300,,,,"Silk, gold thread",Overall: 58 x 7 1/2in. (147.3 x 19.1cm),British,,,,Kings,,,,,,,Medieval Art,Textiles-Costumes-Ecclesiastical,,False,True,https://www.metmuseum.org/art/collection/search/468621,https://images.metmuseum.org/CRDImages/md/original/sf64-101-1235s1.jpg,1,,,
479657,Papyrus Fragment,Fragment,7th century,,,,"Papyrus, ink",Framed: 13 3/8 x 11 7/8 in. (34 x 30.2 cm),Coptic,Byzantine Egypt,,,Greek,,,,,,,Medieval Art,Papyrus,,False,True,https://www.metmuseum.org/art/collection/search/479657,https://images.metmuseum.org/CRDImages/md/original/sfoc-3558.jpg,0,,,
466831,Tile,Tile,13th century,,,,"Earthenware, tin-glaze",Overall: 2 3/4 x 2 15/16 x 1/2 in. (7 x 7.5 x 1.3 cm),Spanish (?),,,,Dragons,,,,,,,Medieval Art,Ceramics-Tiles,,False,True,https://www.metmuseum.org/art/collection/search/466831,https://images.metmuseum.org/CRDImages/md/original/sf29-113-3s1.jpg,1,,,
468353,Saint Catherine of Alexandria,Statuette,ca. 1530,,,,Walnut,Overall: 14 15/16 x 7 3/16 x 5 1/4 in. (38 x 18.3 x 13.3 cm),German,,,,Heads,,,,,,,Medieval Art,Sculpture-Wood,,False,True,https://www.metmuseum.org/art/collection/search/468353,https://images.metmuseum.org/CRDImages/md/original/DP-450-001.jpg,8,https://www.wikidata.org/wiki/Q116275707,,
696603,Fragment,Fragment,ca. 1150–ca. 1250,,,,"Glass, ceramic",L. 1 3/4 in. (4.5 cm),European or Middle Eastern,,,,,,,,,,,Medieval Art,Glass-Vessels,,False,True,https://www.metmuseum.org/art/collection/search/696603,https://images.metmuseum.org/CRDImages/md/original/28.99.512.jpg,4,,,
463257,Textile with Old Rose in Diaper Pattern,Textile,15th century,,,,"Silk, metal thread","Overall: 1 11/16 × 3 3/8 in. (4.3 × 8.5 cm)
Storage (Mat): 5 1/2 × 8 1/4 in. (14 × 21 cm)",German,,,,,,,,,,,Medieval Art,Textiles-Woven,,False,True,https://www.metmuseum.org/art/collection/search/463257,https://images.metmuseum.org/CRDImages/md/original/sf09-50-1272s1.jpg,1,,,
464897,S-Shaped Brooch,Brooch,late 6th century,,,,"Silver-gilt, garnets with patterned metal foil backings",Overall: 1 1/8 x 1 7/16 x 3/8 in. (2.9 x 3.6 x 1 cm),Langobardic,,,,,,,,,,,Medieval Art,Metalwork-Silver,,False,True,https://www.metmuseum.org/art/collection/search/464897,https://images.metmuseum.org/CRDImages/md/original/DP30000.jpg,0,https://www.wikidata.org/wiki/Q116252527,,
465487,Scraper,Scraper,500–600,,,,Flint,Overall: 1 7/16 x 1 1/8 x 7/16 in. (3.7 x 2.8 x 1.1 cm),Neolithic,Germany,,Niederbreisig,,,,,,,,Medieval Art,Miscellaneous-Stone,,False,True,https://www.metmuseum.org/art/collection/search/465487,https://images.metmuseum.org/CRDImages/md/original/sf17-193-172s1.jpg,1,,,
466053,Morse with Saint Francis of Assisi Receiving the Stigmata,Morse,ca. 1300–1350,,,,Gilded copper with translucent and champlevé enamel,Overall: 4 1/4 x 4 5/16 x 3/8 in. (10.8 x 10.9 x 0.9 cm),Italian,Italy,,Tuscany,Angels|Saint Francis,,,,,,,Medieval Art,Enamels-Basse taille,,False,True,https://www.metmuseum.org/art/collection/search/466053,https://images.metmuseum.org/CRDImages/md/original/1979.498.2.jpg,1,https://www.wikidata.org/wiki/Q116245204,,
468196,Chalice,Chalice,"6th century, 20th century restorations",,,,"Silver, parcel gilt",Overall: 7 3/8 x 7 1/16 in. (18.7 x 17.9 cm),Syrian,Syria,,,,,,,,,,Medieval Art,Metalwork-Silver,,False,True,https://www.metmuseum.org/art/collection/search/468196,https://images.metmuseum.org/CRDImages/md/original/sf47-100-34s1.jpg,5,https://www.wikidata.org/wiki/Q116276359,,
695233,Fragment,Fragment,ca. 1150–ca. 1250,,,,"Glass, ceramic",L. 1 3/4 in. (4.5 cm),European or Middle Eastern,,,,,,,,,,,Medieval Art,Glass-Vessels,,False,True,https://www.metmuseum.org/art/collection/search/695233,https://images.metmuseum.org/CRDImages/md/original/28.99.329.jpg,4,,,
465456,Counter Plate of a Belt Buckle,Belt plate,6th–7th century,,,,"Iron, silver inlay",Overall: 4 1/2 x 2 1/4 x 9/16 in. (11.5 x 5.7 x 1.5 cm),Frankish,,,,,,,,,,,Medieval Art,Metalwork-Iron,,False,True,https://www.metmuseum.org/art/collection/search/465456,https://images.metmuseum.org/CRDImages/md/original/dp30379.jpg,0,,,
468997,Ring of Belt Buckle,Buckle,500–700,,,,"Silver with garnets, gilt.",2 3/8 x 1 5/8 x 3/8 in.  (6 x 4.1 x 1 cm),Ostrogothic,,,,,,,,,,,Medieval Art,Metalwork-Silver,,False,True,https://www.metmuseum.org/art/collection/search/468997,https://images.metmuseum.org/CRDImages/md/original/dp30570.jpg,1,https://www.wikidata.org/wiki/Q116273339,,
465518,Small Bead,Bead,500–600,,,,Glass,Overall: 3/16 x 3/16 in. (0.5 x 0.5 cm),Frankish,,,,,,,,,,,Medieval Art,Glass-Beads,,False,True,https://www.metmuseum.org/art/collection/search/465518,https://images.metmuseum.org/CRDImages/md/original/sf17-193-20s1.jpg,0,,,
468187,Bow Brooch with Disk,Brooch,early 700s,,,,Copper alloy with mercury gilding and garnet,"8 1/16 x 2 9/16 x 1/2 in. (20.5 x 6.5 x 1.2 cm)
Box: 1 1/2 in. (3.8 cm)
Bow: 3 3/16 in. (8.1 cm)",Vendel,,,,,,,,,,,Medieval Art,Metalwork-Bronze,,False,True,https://www.metmuseum.org/art/collection/search/468187,https://images.metmuseum.org/CRDImages/md/original/dp30636.jpg,4,https://www.wikidata.org/wiki/Q116276399,,
479269,Papyri Fragments,Fragment,7th century,,,,Papyrus and ink,Framed: 11 1/4 x 15 in. (28.5 x 38.1 cm),Coptic,Byzantine Egypt,,Thebes,Documents,,,,,,,Medieval Art,Papyrus,,False,True,https://www.metmuseum.org/art/collection/search/479269,https://images.metmuseum.org/CRDImages/md/original/cop0868s1.jpg,0,,,
467628,Embroidered Medallion,Embroidered medallion,15th–16th century,,,,Silk and metal thread embroidery on a foundation of linen plain weave,"Diameter: 3 3/8 in. (8.6 cm)
Storage (with 36.80.2): 8 1/4 × 14 × 1 in. (21 × 35.6 × 2.5 cm)",Byzantine,Greece,,,Angels,,,,,,,Medieval Art,Textiles-Embroidered,,False,True,https://www.metmuseum.org/art/collection/search/467628,https://images.metmuseum.org/CRDImages/md/original/DP291987.jpg,2,,,
471045,Glass Fragment,Fragment,14th–15th century,,,,Colorless glass,Overall: 3 1/4 x 3 3/8 in. (8.3 x 8.6 cm),European,,,,Mythical Creatures,,,,,,,Medieval Art,Glass-Stained,,False,True,https://www.metmuseum.org/art/collection/search/471045,https://images.metmuseum.org/CRDImages/md/original/cdi30-73-42.jpg,0,,,
468639,Plate with Pelican in her Piety,Plate,15th century,,,,Brass,"diam. 19 7/8 × 3 in., 6 lb. (diam. 50.5 × 7.6 cm, 2744g)",Netherlandish,Netherlands,,Dinant or Malines,Pelicans,,,,,,,Medieval Art,Metalwork-Brass,,False,True,https://www.metmuseum.org/art/collection/search/468639,https://images.metmuseum.org/CRDImages/md/original/DP-15477-001.jpg,1,https://www.wikidata.org/wiki/Q116410534,,
464339,"Evangelist Saint Mark writing the Gospel with his symbol, the Lion, holding a scroll",Plaque,11th century,,,,Elephant ivory,Overall: 5 1/2 x 4 1/4 x 5/16 in. (13.9 x 10.8 x 0.8 cm),German,Germany,,Cologne,Lions|Saint Mark|Writing|Desks,,,,,,,Medieval Art,Ivories-Elephant,,False,True,https://www.metmuseum.org/art/collection/search/464339,https://images.metmuseum.org/CRDImages/md/original/sf17-190-36s1.jpg,5,https://www.wikidata.org/wiki/Q116273145,,
463141,Lough Erne Shrine,Shrine,early 20th century (original dated 11th century),,,,Bronze gilt,Overall: 2 1/4 x 1 15/16 x 3 5/8in. (5.7 x 4.9 x 9.2cm),Irish,,,,,,,,,,,Medieval Art,Reproductions-Metalwork,,False,True,https://www.metmuseum.org/art/collection/search/463141,https://images.metmuseum.org/CRDImages/md/original/tem08232b.jpg,0,,,
464808,Flat Brooch,Brooch,3rd century,,,,"Champlevé enamel, Copper alloy",Overall: 1 15/16 x 1 x 9/16 in. (5 x 2.6 x 1.5 cm),Roman,,,,,,,,,,,Medieval Art,Enamels-Champlevé,,False,True,https://www.metmuseum.org/art/collection/search/464808,https://images.metmuseum.org/CRDImages/md/original/sf17-191-119s1.jpg,2,,,
478858,Bowl,Bowl,4th–7th century,,,,Earthenware,Overall: 2 5/16 x 3 11/16 in. (5.8 x 9.3 cm),Coptic,Byzantine Egypt,,,Bowls,,,,,,,Medieval Art,Ceramics,,False,True,https://www.metmuseum.org/art/collection/search/478858,https://images.metmuseum.org/CRDImages/md/original/cop0544s1.jpg,0,,,
468264,Taking of Christ,Plaque,ca. 1440–50,,,,Alabaster with paint and gilding,Overall: 14 3/4 x 11 1/8 x 2in. (37.5 x 28.3 x 5.1cm),British,,,,Men,School of Nottingham,Artist,British,,,,Medieval Art,Sculpture-Stone,British,False,True,https://www.metmuseum.org/art/collection/search/468264,https://images.metmuseum.org/CRDImages/md/original/sf48-175-2s1.jpg,2,,,
695161,Fragment,Fragment,ca. 1150–ca. 1250,,,,"Glass, ceramic",L. 1 9/16 in. (4 cm),European or Middle Eastern,,,,,,,,,,,Medieval Art,Glass-Vessels,,False,True,https://www.metmuseum.org/art/collection/search/695161,https://images.metmuseum.org/CRDImages/md/original/28.99.268.jpg,4,,,
478850,Bowl,Bowl,4th–7th century,,,,Earthenware,Overall: 1 9/16 x 2 15/16 in. (3.9 x 7.5 cm),Coptic,Byzantine Egypt,,,Bowls,,,,,,,Medieval Art,Ceramics,,False,True,https://www.metmuseum.org/art/collection/search/478850,https://images.metmuseum.org/CRDImages/md/original/cop0536s1.jpg,0,,,
478675,Bowl,Bowl,4th–7th century,,,,Earthenware,Overall: 2 1/4 x 2 5/8 in. (5.7 x 6.6 cm),Coptic,Byzantine Egypt,,,Bowls,,,,,,,Medieval Art,Ceramics,,False,True,https://www.metmuseum.org/art/collection/search/478675,https://images.metmuseum.org/CRDImages/md/original/cop0396s1.jpg,0,,,
463699,Textile with Brocade,Textile,ca. 1425–50,,,,"Velvet, silver thread","Overall: 27 9/16 × 13 3/8 in. (70 × 34 cm)
Storage (Mat): 40 × 21 1/4 in. (101.6 × 54 cm)",Italian,,,,,,,,,,,Medieval Art,Textiles-Embroidered,,False,True,https://www.metmuseum.org/art/collection/search/463699,https://images.metmuseum.org/CRDImages/md/original/sf15-125-5s1.jpg,2,,,
465099,Hairpin Point,Hairpin,200–500,,,,Copper alloy,Overall: 1 11/16 x 1/16 in. (4.3 x 0.2 cm),Roman,,,,,,,,,,,Medieval Art,Metalwork-Bronze,,False,True,https://www.metmuseum.org/art/collection/search/465099,https://images.metmuseum.org/CRDImages/md/original/sf17-191-51s1.jpg,0,,,
464343,Covered Cup,Cup,ca. 1500,,,,"Copper-gilt, maple wood, champleve enamel","Overall: 7 x 6 3/4 x 4 13/16 in. (17.8 x 17.1 x 12.2 cm)
Bottom (a) only: 4 1/4 x 4 13/16 x 6 3/4 in. (10.8 x 12.2 x 17.1 cm)
Lid (b) only: 3 1/8 x diam. 3 1/8 in. (7.9 x diam. 7.9 cm)",German,,,,,,,,,,,Medieval Art,Metalwork-Copper,,False,True,https://www.metmuseum.org/art/collection/search/464343,https://images.metmuseum.org/CRDImages/md/original/sf17-190-363abs4.jpg,7,,,
464170,Crucified Christ,Corpus,ca. 1150,,,,"Copper alloy, gilt",Overall: 8 x 7 3/4 x 1 5/8 in. (20.3 x 19.7 x 4.1 cm),German,Germany,,,,,,,,,,Medieval Art,Metalwork-Bronze,,False,True,https://www.metmuseum.org/art/collection/search/464170,https://images.metmuseum.org/CRDImages/md/original/sf17-190-209s1.jpg,2,https://www.wikidata.org/wiki/Q116273784,,
468858,Key,Key,15th century,,,,Iron,Overall: 2 1/2 x 1 x 1/2 in. (6.4 x 2.5 x 1.3 cm),German,,,,,,,,,,,Medieval Art,Metalwork-Iron,,False,True,https://www.metmuseum.org/art/collection/search/468858,https://images.metmuseum.org/CRDImages/md/original/sf87-11-615s1.jpg,3,,,
467697,Chair,Chair,15th century,,,,Walnut,Overall: 32 x 28 x 17 3/4 in. (81.3 x 71.1 x 45.1 cm),French,,,,,,,,,,,Medieval Art,Woodwork-Furniture,,False,True,https://www.metmuseum.org/art/collection/search/467697,https://images.metmuseum.org/CRDImages/md/original/tem41100125.jpg,0,,,
473486,Circular Fragment with a Vine Scroll Motif,Ring,1000–1100,,,,"Cloisonné enamel, gold",diam. 11/16 x 3/16 in.  (diam. 1.7 x .4 cm),Byzantine,,,,,,,,,,,Medieval Art,Enamels-Cloisonné,,False,True,https://www.metmuseum.org/art/collection/search/473486,https://images.metmuseum.org/CRDImages/md/original/tr2952001s1.jpg,3,https://www.wikidata.org/wiki/Q116244242,,
468669,Chandelier,Chandelier,mid-15th century,,,,"Brass, Dinanderie",15 3/4 × 16 5/16 in. (40 × 41.5 cm),South Netherlandish,,,,Animals,,,,,,,Medieval Art,Metalwork-Brass,,False,True,https://www.metmuseum.org/art/collection/search/468669,https://images.metmuseum.org/CRDImages/md/original/LC_64_101_1531_s02-2.jpg,3,,,
468341,Virgin and Child,Statuette,ca. 1275–1325,,,,"Wood, polychromy",Overall: 20 3/8 x 9 15/16 x 9 9/16 in. (51.8 x 25.2 x 24.3 cm),East French or German,Germany or France,,Rhine valley,,,,,,,,Medieval Art,Sculpture-Wood,,False,True,https://www.metmuseum.org/art/collection/search/468341,https://images.metmuseum.org/CRDImages/md/original/sf50-217s1.jpg,5,,,
474892,Ostrakon with Biblical Text,Ostrakon,580–640,,,,Pottery fragment with ink inscription,Overall: 8 1/4 x 6 7/8 x 3 9/16 in. (21 x 17.4 x 9 cm),Coptic,Byzantine Egypt,,Thebes,Greek,,,,,,,Medieval Art,Ceramics,,False,True,https://www.metmuseum.org/art/collection/search/474892,https://images.metmuseum.org/CRDImages/md/original/sf14-1-202s1.jpg,3,,,
468664,Plate,Plate,mid-15th century,,,,"Brass, silver and translucent  enamel","diam. 17 × 1 7/8 in., 3.2 lb. (diam. 43.2 × 4.8 cm, 1463g)
(Dia.of medallion): 2 7/8 in. (7.3 cm)",South Netherlandish,Netherlands,,Dinant or Malines,Dogs,,,,,,,Medieval Art,Metalwork-Brass,,False,True,https://www.metmuseum.org/art/collection/search/468664,https://images.metmuseum.org/CRDImages/md/original/DP318980.jpg,2,,,
464883,Bow Brooch,Brooch,mid-6th century,,,,"Silver-gilt, niello, garnet, iron pin",Overall: 3 5/16 x 1 15/16 x 1/2 in. (8.4 x 5 x 1.3 cm),Frankish,,,,,,,,,,,Medieval Art,Metalwork-Silver,,False,True,https://www.metmuseum.org/art/collection/search/464883,https://images.metmuseum.org/CRDImages/md/original/sf17-191-187s1.jpg,0,,,
475760,Vase,Vase,4th–7th century,,,,Earthenware,Overall: 17 3/16 x 6 11/16 in. (43.7 x 17 cm),Coptic,Byzantine Egypt,,,,,,,,,,Medieval Art,Ceramics,,False,True,https://www.metmuseum.org/art/collection/search/475760,https://images.metmuseum.org/CRDImages/md/original/cop0015s1.jpg,0,,,
466718,"Manuscript Leaf with Initial O, from an Antiphonary",Antiphonary; Manuscript leaf,second quarter 15th century,,,,"Tempera, ink, and metal leaf on parchment",19 x 14 3/16 in.  (48.3 x 36 cm),German,Germany,,probably Mainz,,,,,,,,Medieval Art,Manuscripts and Illuminations,,False,True,https://www.metmuseum.org/art/collection/search/466718,https://images.metmuseum.org/CRDImages/md/original/temp2822515r.jpg,2,,,
470135,Morse Fragment with the Virgin,"Morse, valve",ca. 1250,,,,"Copper-gilt, glass",Overall: 6 5/8 x 2 x 3/16 in. (16.8 x 5.1 x 0.5 cm),French,France,,Limoges,Women,,,,,,,Medieval Art,Metalwork-Copper,,False,True,https://www.metmuseum.org/art/collection/search/470135,https://images.metmuseum.org/CRDImages/md/original/sf1986-319-72s1.jpg,2,https://www.wikidata.org/wiki/Q116256754,,
465765,Bead,Bead,600–700,,,,Glass with yellow interior,Overall: 3/8 x 1 1/4 in. (1 x 3.2 cm),Frankish,Germany,,Niederbreisig,,,,,,,,Medieval Art,Glass-Beads,,False,True,https://www.metmuseum.org/art/collection/search/465765,https://images.metmuseum.org/CRDImages/md/original/sf17-193-47s1.jpg,2,,,
463108,Panels,Panels,15th century,,,,Wood,"Overall (A): 7 1/2 x 22 1/4 x 3/4 in. (19.1 x 56.5 x 1.9 cm)
Overall (B): 14 1/2 x 8 7/8 x 3/4 in. (36.8 x 22.5 x 1.9 cm)",Swiss,,,,Fruit,,,,,,,Medieval Art,Woodwork-Furniture,,False,True,https://www.metmuseum.org/art/collection/search/463108,https://images.metmuseum.org/CRDImages/md/original/cdi08-181-56a-d.jpg,0,,,
477336,Incense Burner,Incense burner,4th–7th century,,,,Stone,Overall: 5 13/16 x 3 15/16 x 4 5/16 in. (14.8 x 10 x 10.9 cm),Coptic,Byzantine Egypt,,,,,,,,,,Medieval Art,Miscellaneous-Stone,,False,True,https://www.metmuseum.org/art/collection/search/477336,https://images.metmuseum.org/CRDImages/md/original/cop0201s1.jpg,4,,,
474820,Ostrakon with a Letter from Patermoute to Epiphanius,Ostrakon,600,,,,Pottery fragment with ink inscription,3 11/16 x 3 3/8 in. (9.3 x 8.5 cm),Coptic,Byzantine Egypt,,Thebes,,,,,,,,Medieval Art,Ceramics,,False,True,https://www.metmuseum.org/art/collection/search/474820,https://images.metmuseum.org/CRDImages/md/original/sf14-1-126s1.jpg,1,,,
478677,Bowl,Bowl,4th–7th century,,,,Earthenware,Overall: 3 7/16 x 6 9/16 in. (8.8 x 16.7 cm),Coptic,Byzantine Egypt,,,Bowls,,,,,,,Medieval Art,Ceramics,,False,True,https://www.metmuseum.org/art/collection/search/478677,https://images.metmuseum.org/CRDImages/md/original/cop0398s1.jpg,0,,,
474894,Ostrakon with Troparion (?),Ostrakon,580–640,,,,Pottery fragment with ink inscription,6 9/16 x 3 3/4 in. (16.6 x 9.5 cm),Coptic,Byzantine Egypt,,Thebes,Greek,,,,,,,Medieval Art,Ceramics,,False,True,https://www.metmuseum.org/art/collection/search/474894,https://images.metmuseum.org/CRDImages/md/original/sf14-1-204s1.jpg,1,,,
467992,Virgin and Child,Statue,first quarter 14th century,,,,Limestone with traces of paint and gilding,Overall: 61 1/2 x 18 x 11 in. (156.2 x 45.7 x 27.9 cm),French,France (probably),,,,,,,,,,Medieval Art,Sculpture-Stone,,False,True,https://www.metmuseum.org/art/collection/search/467992,https://images.metmuseum.org/CRDImages/md/original/sf41-190-279s1.jpg,4,https://www.wikidata.org/wiki/Q116236436,,
465840,Pendant,Pendant,5th–8th century,,,,"Copper alloy, glass paste",Overall: 2 7/8 x 13/16 x 1/2 in. (7.3 x 2 x 1.3 cm),Late Roman,,,,,,,,,,,Medieval Art,Metalwork-Bronze,,False,True,https://www.metmuseum.org/art/collection/search/465840,https://images.metmuseum.org/CRDImages/md/original/sf17-194-1914s1.jpg,3,,,
478435,Bowl Fragment,Bowl,4th–7th century,,,,"Earthenware, slip decoration",Overall: 4 5/16 x 2 13/16 x 1 1/8 in. (10.9 x 7.2 x 2.9 cm),Coptic,Byzantine Egypt,,,Bowls,,,,,,,Medieval Art,Ceramics,,False,True,https://www.metmuseum.org/art/collection/search/478435,https://images.metmuseum.org/CRDImages/md/original/cop0242.jpg,0,,,
465599,Belt Ornament,Belt ornament,middle of the 6th century,,,,Copper alloy,Overall: 1 7/8 x 1 x 3/8 in. (4.7 x 2.5 x 1 cm),Frankish,,,,,,,,,,,Medieval Art,Metalwork-Copper alloy,,False,True,https://www.metmuseum.org/art/collection/search/465599,https://images.metmuseum.org/CRDImages/md/original/sf17-193-272s1.jpg,1,,,
465176,Earring,Earring,6th–7th century,,,,"Gold, green and clear glass, pearls(?); hoop copper alloy or base silver","Overall: 2 5/8 x 2 3/8 x 5/8 in. (6.7 x 6.1 x 1.6 cm)
bead: 11/16 x 5/8 in. (1.8 x 1.6 cm)",Frankish,,,,,,,,,,,Medieval Art,Metalwork-Gold,,False,True,https://www.metmuseum.org/art/collection/search/465176,https://images.metmuseum.org/CRDImages/md/original/dp30550.jpg,0,,,
475109,Sheet Fragment,Fragment,4th century,,,,"Linen, wool","42 3/4 × 28 1/2 in. (108.6 × 72.4 cm)
Frame (Pressure mount): 43 3/4 × 29 3/8 × 1 1/8 in. (111.1 × 74.6 × 2.9 cm)",Coptic,Byzantine Egypt,,,,,,,,,,Medieval Art,Textiles-Woven,,False,True,https://www.metmuseum.org/art/collection/search/475109,https://images.metmuseum.org/CRDImages/md/original/sf33-10-41.jpg,0,,,
465896,"Dish, Deep",Dish,16th century,,,,Earthenware,Overall: 2 1/4 x 7 3/8 in. (5.7 x 18.7 cm),French,,,,,,,,,,,Medieval Art,Ceramics,,False,True,https://www.metmuseum.org/art/collection/search/465896,https://images.metmuseum.org/CRDImages/md/original/sf17-194-2209s1.jpg,2,,,
478429,Bowl,Bowl,4th–7th century,,,,Earthenware,H: 1 1/4 in. (3.1 cm); Diameter: 4 1/16 in. (10.3 cm),Coptic,Byzantine Egypt,,,Bowls,,,,,,,Medieval Art,Ceramics,,False,True,https://www.metmuseum.org/art/collection/search/478429,https://images.metmuseum.org/CRDImages/md/original/Cop0235.jpg,0,,,
464867,Bow Brooch,Brooch,500–550,,,,"Silver-gilt, niello, garnets",Overall: 1 15/16 x 3 3/4 x 3/8 in. (4.9 x 9.5 x 1 cm),Frankish,,,,,,,,,,,Medieval Art,Metalwork-Silver,,False,True,https://www.metmuseum.org/art/collection/search/464867,https://images.metmuseum.org/CRDImages/md/original/DP30044.jpg,0,https://www.wikidata.org/wiki/Q116252570,,
463637,Spoon,Spoon,5th–6th century,,,,Silver,"Overall: 9 1/2 x 1 3/4 x 15/16 in. (24.1 x 4.5 x 2.4 cm)
Shovel: 3 7/16 x 1 3/4 x 3/8 in. (8.7 x 4.5 x 0.9 cm)",Byzantine,,,,,,,,,,,Medieval Art,Metalwork-Silver,,False,True,https://www.metmuseum.org/art/collection/search/463637,https://images.metmuseum.org/CRDImages/md/original/sf13-42-1as2.jpg,4,,,
729827,Glass Fragment,Glass fragment,13th century,,,,Glass,(e); L. 1 3/8 in. (3.5 cm),Crusader,,,,,,,,,,,Medieval Art,Glass-Vessels,,False,True,https://www.metmuseum.org/art/collection/search/729827,https://images.metmuseum.org/CRDImages/md/original/28.99.65e.jpg,6,,,
466004,Glass Fragment,Fragment,12th–14th century,,,,"Pot-metal glass, vitreous paint",Overall: 1 1/4 x 7 1/4 in. (3.2 x 18.4 cm),French,,,,,,,,,,,Medieval Art,Glass-Stained,,False,True,https://www.metmuseum.org/art/collection/search/466004,https://images.metmuseum.org/CRDImages/md/original/cdi1977-346-21.jpg,0,,,
465194,Disk Brooch,Brooch,6th or 7th century (?),,,,"Gold on copper alloy, glass paste",Overall: 1 1/8 x 5/16 in. (2.8 x 0.8 cm),Frankish,,,,,,,,,,,Medieval Art,Metalwork-Copper alloy,,False,True,https://www.metmuseum.org/art/collection/search/465194,https://images.metmuseum.org/CRDImages/md/original/sf17-192-137s1.jpg,0,,,
477078,Glass Fragments,Fragment,4th–early 5th century,,,,Glass (green opaque),Storage (petri dish diam.): 3 1/2 in. (8.9 cm),Coptic,Byzantine Egypt,,,,,,,,,,Medieval Art,Glass,,False,True,https://www.metmuseum.org/art/collection/search/477078,https://images.metmuseum.org/CRDImages/md/original/cop0077.jpg,0,,,
463118,Pilgrim's Badge,Pilgrim's badge,14th century,,,,"Lead, wax",Overall: 11/16 x 1 15/16 in. (1.8 x 5 cm),European,Italy?,,,Men|Horses,,,,,,,Medieval Art,Metalwork-Lead,,False,True,https://www.metmuseum.org/art/collection/search/463118,https://images.metmuseum.org/CRDImages/md/original/sf08-202-22s1.jpg,0,,,
464023,Processional Cross,Cross,ca. 1150–75,,,,"Silver, partially gilt on wood core, carved gems, jewels",23 1/4 in. × 19 in. × 3 7/16 in. (59.1 × 48.3 × 8.7 cm),Spanish,Spain,,,Angels|Christ|Virgin Mary|Cross|Adam|Crucifixion,,,,,,,Medieval Art,Metalwork-Silver,,True,True,https://www.metmuseum.org/art/collection/search/464023,https://images.metmuseum.org/CRDImages/md/original/DT154.jpg,6,https://www.wikidata.org/wiki/Q5792443,,
474779,Ostrakon,Ostrakon,600,,,,Wood with ink inscription,Overall: 5 9/16 x 2 1/8 x 1/4 in. (14.1 x 5.4 x 0.6 cm),Coptic,Byzantine Egypt,,Thebes,Coptic|Documents,,,,,,,Medieval Art,Ceramics,,False,True,https://www.metmuseum.org/art/collection/search/474779,https://images.metmuseum.org/CRDImages/md/original/sf14-1-79s1.jpg,1,,,
478568,Game Piece,Game piece,4th–7th century,,,,Earthenware,Overall: 3/8 x 9/16 in. (0.9 x 1.5 cm),Coptic,Byzantine Egypt,,,Games,,,,,,,Medieval Art,Ceramics,,False,True,https://www.metmuseum.org/art/collection/search/478568,https://images.metmuseum.org/CRDImages/md/original/cop0384.jpg,0,,,
473125,Earring,Earring,2nd–3rd century,,,,"Gold, semi-precious stones",Overall: 3 1/16 x 1 1/4 x 3/16 in. (7.7 x 3.2 x 0.5 cm),Coptic,Byzantine Egypt,,,,,,,,,,Medieval Art,Metalwork-Gold,,False,True,https://www.metmuseum.org/art/collection/search/473125,https://images.metmuseum.org/CRDImages/md/original/sf25-2-13s1.jpg,1,,,
478872,Bowl,Bowl,4th–7th century,,,,Earthenware,Overall: 1 7/8 x 5 7/8 in. (4.8 x 14.9 cm),Coptic,Byzantine Egypt,,,Bowls,,,,,,,Medieval Art,Ceramics,,False,True,https://www.metmuseum.org/art/collection/search/478872,https://images.metmuseum.org/CRDImages/md/original/cop0558s1.jpg,0,,,
475088,Dress Fragment,Fragment,4th century,,,,"Linen, wool",Overall: 8 7/8 × 10 13/16 in. (22.5 × 27.5 cm),Coptic,Byzantine Egypt,,,,,,,,,,Medieval Art,Textiles-Costumes-Secular,,False,True,https://www.metmuseum.org/art/collection/search/475088,https://images.metmuseum.org/CRDImages/md/original/sf33-10-20.jpg,0,,,
466086,"Manuscript Illumination with the Annunciation in an Initial R, from a Gradual",Gradual; Manuscript cutting,ca. 1300,,,,"Tempera, ink and gold on parchment","4 x 3 1/16in. (10.2 x 7.8cm)
Mat: 9 × 7 in. (22.9 × 17.8 cm)",Upper Rhenish,Switzerland,Lake Constance,,Doves|Virgin Mary|Annunciation,,,,,,,Medieval Art,Manuscripts and Illuminations,,False,True,https://www.metmuseum.org/art/collection/search/466086,https://images.metmuseum.org/CRDImages/md/original/DP343105.jpg,2,,,
474517,Ostrakon,Ostrakon,7th century,,,,Pottery fragment with ink inscription,5 5/16 x 6 3/8 in. (13.5 x 16.2 cm),Coptic,Byzantine Egypt,,,,,,,,,,Medieval Art,Ceramics,,False,True,https://www.metmuseum.org/art/collection/search/474517,https://images.metmuseum.org/CRDImages/md/original/sf12-180-103s1.jpg,1,,,
478727,Head,Statuette,4th–7th century,,,,Plaster,Overall: 4 13/16 x 3 9/16 x 1 15/16 in. (12.2 x 9 x 5 cm),Coptic,Byzantine Egypt,,,Heads,,,,,,,Medieval Art,Sculpture-Plaster,,False,True,https://www.metmuseum.org/art/collection/search/478727,https://images.metmuseum.org/CRDImages/md/original/cop0448s1.jpg,0,,,
466790,"Bifolium with Initial L, from an Antiphonary",Antiphonary; Bifolium,14th century (?),,,,"Tempera, ink, and metal leaf on parchment","19 1/16 × 13 3/4 in. (48.4 × 35 cm)
open: 19 1/16 × 27 9/16 in. (48.4 × 70 cm)
Other (Stave Height): 15/16 in. (2.4 cm)",Italian,Italy,,Bologna?,,,,,,,,Medieval Art,Manuscripts and Illuminations,,False,True,https://www.metmuseum.org/art/collection/search/466790,https://images.metmuseum.org/CRDImages/md/original/DP164990.jpg,5,,,
469053,"Manuscript Leaf with the Trinity in an Initial T, from an Antiphonary",Antiphonary; Manuscript leaf,second half 15th century,,,,"Tempera, ink, and gold on parchment","Overall: 22 3/8 x 15 9/16 in. (56.8 x 39.5 cm)
letter: 5 5/8 x 5 9/16 in. (14.3 x 14.2 cm)
Mat size: 30 9/16 x 23 1/16 in. (77.7 x 58.5 cm)",Italian,Italy,,Florentine,Christ|God the Father,Master of the Riccardiana Lactantius,Artist,,,,,Medieval Art,Manuscripts and Illuminations,,False,True,https://www.metmuseum.org/art/collection/search/469053,https://images.metmuseum.org/CRDImages/md/original/sf96-32-6s1.jpg,2,,,
466614,Money-Changer's Table,Table,15th–16th century with extensive restoration,,,,"Oak, pine, walnut","H: 33 1/4""  W: 48""  D: 23""  (84.5 x 121.9 x 58.4cm)",South German,,,,,,,,,,,Medieval Art,Woodwork-Furniture,,False,True,https://www.metmuseum.org/art/collection/search/466614,https://images.metmuseum.org/CRDImages/md/original/61524.jpg,0,,,
466110,Head of Christ,Sculpture fragment,late 15th–early 16th century,,,,"Limestone, traces of wood thorns",Overall: 9 9/16 x 10 1/2 x 9 1/8in. (24.3 x 26.7 x 23.2cm),Netherlandish,The Netherlands,,,Heads|Christ,,,,,,,Medieval Art,Sculpture-Stone,,False,True,https://www.metmuseum.org/art/collection/search/466110,https://images.metmuseum.org/CRDImages/md/original/DT7544.jpg,0,https://www.wikidata.org/wiki/Q116244929,,
465933,"Seal Matrix, St.Francis Receiving the Stigmata",Seal matrix,14th century,,,,Copper alloy,Overall: 4 3/4 x 1/4 in. (12 x 0.7 cm),Italian,,,,Angels|Saint Francis,,,,,,,Medieval Art,Metalwork-Bronze,,False,True,https://www.metmuseum.org/art/collection/search/465933,https://images.metmuseum.org/CRDImages/md/original/sf18-70-15s1.jpg,2,,,
464094,Gold Openwork Belt Mount,Belt mount,700s,,,,Gold,"2 1/8 × 1 9/16 × 1/4 in., 1.222 Troy Ounces (5.4 × 3.9 × 0.6 cm, 38g)",Avar,,,,Griffins,,,,,,,Medieval Art,Metalwork-Gold,,False,True,https://www.metmuseum.org/art/collection/search/464094,https://images.metmuseum.org/CRDImages/md/original/dp30432.jpg,2,https://www.wikidata.org/wiki/Q116274075,,
465966,Crib of the Infant Jesus,Crib,15th century,,,,"Wood, polychromy, lead, silver-gilt, painted parchment, silk embroidery with seed pearls, gold thread, translucent enamels","13 15/16 x 11 3/8 x 7 1/4 in. (35.4 x 28.9 x 18.4 cm)
Other (pillow): 4 1/4 x 6 3/4 x 1 3/4 in. (10.8 x 17.1 x 4.4 cm)
Bedcover: 6 7/8 × 6 1/2 × 1/8 in. (17.4 × 16.5 × 0.3 cm)
Other (Cavity under thre crib): 2 1/16 × 1 1/8 × 1/4 in. (5.2 × 2.8 × 0.7 cm)",South Netherlandish,South Netherlands,,,Jesus|Adoration of the Magi|Nativity|Saints|Beds,,,,,,,Medieval Art,Sculpture,,True,True,https://www.metmuseum.org/art/collection/search/465966,https://images.metmuseum.org/CRDImages/md/original/DP155528.jpg,20,https://www.wikidata.org/wiki/Q29385391,,
465610,Square Plaque,Plaque,6th–7th century,,,,Iron with silver and copper alloy inlays,Overall: 2 3/8 x 1 3/4 x 9/16 in. (6 x 4.5 x 1.5 cm),Frankish,,,,,,,,,,,Medieval Art,Metalwork-Iron,,False,True,https://www.metmuseum.org/art/collection/search/465610,https://images.metmuseum.org/CRDImages/md/original/dp30384.jpg,0,,,
468294,Annular Brooch,Brooch,9th century,,,,copper alloy,Overall: 8 11/16 x 15/16 x 3/8 in. (22.1 x 2.4 x 0.9 cm),Irish,,,,,,,,,,,Medieval Art,Metalwork-Bronze,,False,True,https://www.metmuseum.org/art/collection/search/468294,https://images.metmuseum.org/CRDImages/md/original/sf49-125-9s1.jpg,2,,,
477076,Glass Fragments,Fragment,4th–early 5th century,,,,"Glass (clear light green, brown)",Storage (petri dish diam.): 5 9/16 in. (14.1 cm),Coptic,Byzantine Egypt,,,,,,,,,,Medieval Art,Glass,,False,True,https://www.metmuseum.org/art/collection/search/477076,https://images.metmuseum.org/CRDImages/md/original/cop0075.jpg,0,,,
466623,"Manuscript Leaf with the Deposition, from a Psalter",Psalter; Manuscript leaf,mid-13th century,,,,"Tempera, ink, gold, and silver on parchment","Overall (folio): 6 5/16 x 4 11/16 in. (16.1 x 11.9 cm)
Illumination: 5 11/16 x 4 1/8 in. (14.5 x 10.5 cm)
Mat: 12 x 10 in. (30.5 x 25.4 cm)",German,,,,Christ|Virgin Mary|Crucifixion,,,,,,,Medieval Art,Manuscripts and Illuminations,,False,True,https://www.metmuseum.org/art/collection/search/466623,https://images.metmuseum.org/CRDImages/md/original/sf25-204-2s1at.jpg,1,,,
466470,Glass Fragment,Fragment,12th–15th century (?),,,,Pot metal glass,Overall: 4 3/4 x 1 3/4 in. (12.1 x 4.4 cm),Unknown,,,,,,,,,,,Medieval Art,Glass-Stained,,False,True,https://www.metmuseum.org/art/collection/search/466470,https://images.metmuseum.org/CRDImages/md/original/cdi23-229-2-5.jpg,0,,,
466134,The Attarouthi Treasure - Wine Strainer,Strainer,500–650,,,,Silver,"Overall (funnel and strainer): 2 5/16 × 6 15/16 × 3 7/8 in., 6oz. (5.8 × 17.6 × 9.8 cm, 169g)
Overall (strainer only): 3 9/16 × 1 1/16 in., 1.8oz. (9.1 × 2.7 cm, 52g)
weight of funnel without strainer: 4.1oz. (117g)",Byzantine,Syria,,Attarouthi,,,,,,,,Medieval Art,Metalwork-Silver,,False,True,https://www.metmuseum.org/art/collection/search/466134,https://images.metmuseum.org/CRDImages/md/original/sf1986-3-14s3.jpg,10,https://www.wikidata.org/wiki/Q116244709,,
465897,"Dish, Deep",Dish,15th–16th century,,,,Earthenware,Overall: 1 1/2 x 4 in. (3.8 x 10.2 cm),French,,,,,,,,,,,Medieval Art,Ceramics,,False,True,https://www.metmuseum.org/art/collection/search/465897,https://images.metmuseum.org/CRDImages/md/original/sf17-194-2210s1.jpg,2,,,
478441,Bowl,Bowl,4th–7th century,,,,"Earthenware, slip decoration",H: 2 3/4 in. (7 cm); Diameter: 6 5/16 in. (16 cm),Coptic,Byzantine Egypt,,,Bowls,,,,,,,Medieval Art,Ceramics,,False,True,https://www.metmuseum.org/art/collection/search/478441,https://images.metmuseum.org/CRDImages/md/original/cop0248.jpg,0,,,
468385,Aquamanile in the Form of a Horse,Aquamanile,first half 15th century,,,,Copper alloy,"Overall: 11 5/8 x 10 5/8 x 3 5/8 in., 5.271lb. (29.5 x 27 x 9.2 cm, 2391g)
Overall PD: 11 3/4 x 3 13/16 x 11 9/16 in. (29.9 x 9.7 x 29.4 cm)
Thickness PD: 7/100-9/100 in. (0.18-0.22 cm)",German,,,Nuremberg,Horses,,,,,,,Medieval Art,Metalwork-Copper alloy,,False,True,https://www.metmuseum.org/art/collection/search/468385,https://images.metmuseum.org/CRDImages/md/original/DP124403.jpg,4,,,
463824,The Entombment of Christ,Relief,ca. 1420–40,,,,Walnut with traces of paint,Overall: 18 1/16 x 18 7/16 x 5 1/8 in. (45.8 x 46.8 x 13 cm),German,Germany,,,Men|Christ|Virgin Mary,,,,,,,Medieval Art,Sculpture-Wood,,False,True,https://www.metmuseum.org/art/collection/search/463824,https://images.metmuseum.org/CRDImages/md/original/DP144116.jpg,12,https://www.wikidata.org/wiki/Q116236496,,
465708,Double-Sided Comb,Comb,7th century,,,,"Bone, iron pins",Overall: 4 1/16 x 2 1/16 x 9/16 in. (10.3 x 5.2 x 1.5 cm),Frankish,Germany,,Niederbreisig,,,,,,,,Medieval Art,Bone,,False,True,https://www.metmuseum.org/art/collection/search/465708,https://images.metmuseum.org/CRDImages/md/original/sf17-193-37s2.jpg,1,,,
463352,Key,Key,1st–3rd century,,,,Iron,Overall: 1 11/16 x 7/8 x 1/2 in. (4.3 x 2.3 x 1.3 cm),Roman,,,,,,,,,,,Medieval Art,Metalwork-Iron,,False,True,https://www.metmuseum.org/art/collection/search/463352,https://images.metmuseum.org/CRDImages/md/original/sf10-100-154s1.jpg,2,,,
695438,Fragment,Fragment,ca. 1150–ca. 1250,,,,"Glass, ceramic",L. 1 3/8 in. (3.5 cm),European or Middle Eastern,,,,,,,,,,,Medieval Art,Glass-Vessels,,False,True,https://www.metmuseum.org/art/collection/search/695438,https://images.metmuseum.org/CRDImages/md/original/28.99.466.jpg,4,,,
467095,Glass Fragment,Fragment,17th–19th century,,,,Colorless glass,"Overall: 1 1/4 x 6 5/16 in. (3.2 x 16 cm)
Reassembled: 5 1/4 x 6 1/4 in. (13.3 x 15.9 cm)",European,,,,,,,,,,,Medieval Art,Glass-Stained,,False,True,https://www.metmuseum.org/art/collection/search/467095,https://images.metmuseum.org/CRDImages/md/original/cdi30-73-11ab.jpg,0,,,
468739,"Thickets with Large Leaves, Flowers, Animals,...",Tapestry,ca. 1540–50,,,,"Wool warp, wool wefts with a few silk wefts",Overall: 121 1/2 x 125in. (308.6 x 317.5cm),South Netherlandish,,,,Birds|Deer|Dogs|Flowers,,,,,,,Medieval Art,Textiles-Tapestries,,False,True,https://www.metmuseum.org/art/collection/search/468739,https://images.metmuseum.org/CRDImages/md/original/sf187398.jpg,0,,,
474467,Ostrakon,Ostrakon,7th century,,,,Pottery fragment with ink inscription,Overall: 10 9/16 x 7 5/16 x 3 15/16 in. (26.8 x 18.6 x 10 cm),Coptic,Byzantine Egypt,,,,,,,,,,Medieval Art,Ceramics,,False,True,https://www.metmuseum.org/art/collection/search/474467,https://images.metmuseum.org/CRDImages/md/original/sf12-180-54s1.jpg,3,,,
463708,Pharmacy Jar with the Arms of the Hospital of Santa Maria della Scala,Pharmacy jar,1425–50,,,,Tin-glazed earthenware,Overall: 12 5/8 x 9 3/16 x 6 1/2 in. (32 x 23.3 x 16.5 cm),Italian,Italy,,probably Siena,Cross,,,,,,,Medieval Art,Ceramics,,False,True,https://www.metmuseum.org/art/collection/search/463708,https://images.metmuseum.org/CRDImages/md/original/DP306004.jpg,7,https://www.wikidata.org/wiki/Q116275613,,
479195,Rim of a Vessel,Fragment,4th century,,,,Glass,Storage (petri dish diam.): 3 9/16 in. (9.1 cm),Coptic,Byzantine Egypt,,,,,,,,,,Medieval Art,Glass-Vessels,,False,True,https://www.metmuseum.org/art/collection/search/479195,https://images.metmuseum.org/CRDImages/md/original/cop0755.jpg,0,,,
468350,Case (étui) with an amorous inscription,Document case,1450–1500,,,,"Leather (Cuir bouilli), wood core, red cord","Overall (case only): 8 1/4 x 3 1/8 x 3 1/4 in. (20.9 x 8 x 8.2 cm)
Overall (with strap extended): 15 9/16 x 3 1/8 x 3 1/4 in. (39.6 x 8 x 8.2 cm)",Italian,Italy,,,,,,,,,,Medieval Art,Leatherwork,,False,True,https://www.metmuseum.org/art/collection/search/468350,https://images.metmuseum.org/CRDImages/md/original/DP154235.jpg,10,,,
468865,Door handle,Door handle,early 16th century,,,,Iron,"Overall (as if installed): 2 x 1 7/8 x 1/2 in. (5.1 x 4.7 x 1.2 cm)
Bail-a: 2 x 1 7/8 x 1/2 in. (5.1 x 4.7 x 1.2 cm)
Plate-b: 1 9/16 x 1 1/2 x 3/16 in. (3.9 x 3.8 x 0.4 cm)",German,,,,,,,,,,,Medieval Art,Metalwork-Iron,,False,True,https://www.metmuseum.org/art/collection/search/468865,https://images.metmuseum.org/CRDImages/md/original/sf87-11-667abs1.jpg,1,,,
467546,Dish,Dish,early 16th century,,,,Brass,Diam.: 15 1/8 in. (38.4 cm),German,,,,Deer,,,,,,,Medieval Art,Metalwork-Brass,,False,True,https://www.metmuseum.org/art/collection/search/467546,https://images.metmuseum.org/CRDImages/md/original/cdi32-64-25.jpg,1,,,
465131,S-Shaped Brooch,Brooch,7th century,,,,"Copper alloy, tinning, garnet",Overall: 1 1/2 x 1 x 3/8 in. (3.8 x 2.5 x 0.9 cm),Frankish,,,,,,,,,,,Medieval Art,Metalwork-Copper,,False,True,https://www.metmuseum.org/art/collection/search/465131,https://images.metmuseum.org/CRDImages/md/original/DP30160.jpg,0,,,
465661,Stud,Stud,first half of the 7th century,,,,Copper alloy,Overall: 9/16 x 1/4 in. (1.5 x 0.7 cm),Frankish,Germany,,Niederbreisig,,,,,,,,Medieval Art,Metalwork-Copper alloy,,False,True,https://www.metmuseum.org/art/collection/search/465661,https://images.metmuseum.org/CRDImages/md/original/sf17-193-325s1.jpg,1,,,
465895,Bottle,Bottle,16th century,,,,"Earthenware, glaze",Overall: 2 1/16 x 2 1/8 in. (5.3 x 5.4 cm),French,,,,,,,,,,,Medieval Art,Ceramics,,False,True,https://www.metmuseum.org/art/collection/search/465895,https://images.metmuseum.org/CRDImages/md/original/sf17-194-2208s1.jpg,3,,,
464497,Ivory Panel with Saint Peter,Plaque,6th–8th century,,,,Elephant ivory,Overall: 11 1/2 x 4 1/2 x 3/16 in. (29.2 x 11.4 x 0.5 cm),Frankish,,,,Saint Peter,,,,,,,Medieval Art,Ivories-Elephant,,False,True,https://www.metmuseum.org/art/collection/search/464497,https://images.metmuseum.org/CRDImages/md/original/DP-16607-003.jpg,5,https://www.wikidata.org/wiki/Q116410483,,
479218,Fragments,Fragment,4th–7th century,,,,Copper alloy,Storage (petri dish diam.): 5 9/16 in. (14.2 cm),Coptic,Byzantine Egypt,,,Feet|Hands,,,,,,,Medieval Art,Metalwork-Copper alloy,,False,True,https://www.metmuseum.org/art/collection/search/479218,https://images.metmuseum.org/CRDImages/md/original/cop0661s1.jpg,1,,,
467390,Shell Fragment,Shell fragment,16th century,,,,Mother-of-pearl,Overall: 2 1/2 x 2 5/16 x 3/8 in. (6.4 x 5.9 x 1 cm),German,,,,Infants|Women,,,,,,,Medieval Art,Sculpture-Miniature,,False,True,https://www.metmuseum.org/art/collection/search/467390,https://images.metmuseum.org/CRDImages/md/original/sf30-95-209s1.jpg,1,,,
465514,Sword Sheath Mount,Mount,7th century,,,,Copper alloy,Overall: 13/16 x 3/4 x 7/16 in. (2 x 1.9 x 1.1 cm),Frankish,Germany,,Niederbreisig,,,,,,,,Medieval Art,Metalwork-Copper alloy,,False,True,https://www.metmuseum.org/art/collection/search/465514,https://images.metmuseum.org/CRDImages/md/original/sf17-193-197s3.jpg,4,,,
468676,Mortar,Mortar,ca. 1451,,,,Brass,Overall: 9 13/16 x 9 3/4 x 8 in. (24.9 x 24.7 x 20.3 cm),Austrian,Austria,,Salzburg,Men|Madonna and Child|Saints,,,,,,,Medieval Art,Metalwork-Brass,,False,True,https://www.metmuseum.org/art/collection/search/468676,https://images.metmuseum.org/CRDImages/md/original/sf64-101-1540s1.jpg,10,,,
463689,Abiud,Panel,1195–1205,,,,"Pot-metal glass, vitreous paint, and lead","Overall: 76 3/8 x 34 7/8 x 1 1/2 in. (194 x 88.6 x 3.8 cm)
Overall (installation opening): 75 1/2 x 34 1/4 in. (191.8 x 87 cm)
47a: 25 11/16 x 34 15/16 in. (65.2 x 88.7 cm)
47b: 24 3/8 x 34 7/8 in. (61.9 x 88.6 cm)
47c: 26 5/16 x 34 11/16 in. (66.8 x 88.1 cm)",French,France,,Braine,,,,,,,,Medieval Art,Glass-Stained,,False,True,https://www.metmuseum.org/art/collection/search/463689,https://images.metmuseum.org/CRDImages/md/original/DT258307.jpg,1,https://www.wikidata.org/wiki/Q116410329,,
474726,Ostrakon,Ostrakon,600,,,,Pottery fragment with ink inscription,1 11/16 x 3 5/16 in. (4.3 x 8.4 cm),Coptic,Byzantine Egypt,,Thebes,Coptic|Documents,,,,,,,Medieval Art,Ceramics,,False,True,https://www.metmuseum.org/art/collection/search/474726,https://images.metmuseum.org/CRDImages/md/original/sf14-1-23s1.jpg,1,,,
463982,Panel with Christ and Mary Magdalene,Panel,19th century,,,,Elephant ivory,Overall: 3 3/4 x 2 7/16 x 1/4 in. (9.6 x 6.2 x 0.6 cm),European (Medieval style),,,,Men,,,,,,,Medieval Art,Ivories-Elephant,,False,True,https://www.metmuseum.org/art/collection/search/463982,https://images.metmuseum.org/CRDImages/md/original/sf17-190-101s1.jpg,1,,,
479182,Glass Fragments,Fragment,4th century,,,,Glass (green),Storage (petri dish diam.): 2 3/16 in. (5.5 cm),Coptic,Byzantine Egypt,,,,,,,,,,Medieval Art,Glass-Vessels,,False,True,https://www.metmuseum.org/art/collection/search/479182,https://images.metmuseum.org/CRDImages/md/original/cop0742.jpg,0,,,
466659,"Reliquary, Hand from",Reliquary part,13th century,,,,"Copper, silver-plated",Overall: 9 1/8 x 4 13/16 x 1 7/8 in. (23.2 x 12.3 x 4.7 cm),French,,,,Hands,,,,,,,Medieval Art,Metalwork-Copper,,False,True,https://www.metmuseum.org/art/collection/search/466659,https://images.metmuseum.org/CRDImages/md/original/sf27-14-18s1.jpg,5,,,
474598,Ostrakon,Ostrakon,7th century,,,,Pottery fragment with ink inscription,3 3/4 x 7 7/16 in. (9.5 x 18.9 cm),Coptic,Byzantine Egypt,,,,,,,,,,Medieval Art,Ceramics,,False,True,https://www.metmuseum.org/art/collection/search/474598,https://images.metmuseum.org/CRDImages/md/original/sf12-180-188s1.jpg,1,,,
478942,Lower Legs Fragment,Statuette,4th–7th century,,,,Marble,Overall: 4 3/16 x 2 11/16 x 2 1/8 in. (10.7 x 6.9 x 5.4 cm),Coptic,Byzantine Egypt,,,,,,,,,,Medieval Art,Sculpture-Stone,,False,True,https://www.metmuseum.org/art/collection/search/478942,https://images.metmuseum.org/CRDImages/md/original/cop0624s1.jpg,4,,,
467417,"Manuscript Illumination with Saint Dominic Saving the Church of Saint John Lateran in an Initial A, from a Gradual",Gradual; Manuscript cutting,mid-15th century,,,,"Tempera, ink, and gold on parchment","4 5/16 x 3 11/16 in. (10.9 x 9.3 cm)
Mat: 14 × 11 in. (35.6 × 27.9 cm)",Italian,Italy,"Lombardy, possibly Cremona",,Churches|Men|Saints,,,,,,,Medieval Art,Manuscripts and Illuminations,,False,True,https://www.metmuseum.org/art/collection/search/467417,https://images.metmuseum.org/CRDImages/md/original/DT201057.jpg,1,,,
464596,The Visitation,Sculpture,ca. 1310–20,,,,"Walnut, paint, gilding, rock-crystal cabochons inset in gilt-silver mounts",23 1/4 × 11 7/8 × 7 1/4 in. (59.1 × 30.2 × 18.4 cm),German,,,Constance,Women|Virgin Mary|Visitation,Master Heinrich of Constance,Artist,German,1300,1300,,Medieval Art,Sculpture-Wood,"German, active in Constance, ca. 1300",True,True,https://www.metmuseum.org/art/collection/search/464596,https://images.metmuseum.org/CRDImages/md/original/DP344571.jpg,12,https://www.wikidata.org/wiki/Q29385381,,
465973,Flying Angel,Statuette,late 15th century,,,,"Limewood, polychromy and gilding on gesso",Overall: 18 1/2 x 12 1/4 x 6 3/4 in. (47 x 31.1 x 17.1 cm),Austrian,Austria,,,,,,,,,,Medieval Art,Sculpture-Wood,,False,True,https://www.metmuseum.org/art/collection/search/465973,https://images.metmuseum.org/CRDImages/md/original/sf1974-126-5s1b.jpg,7,https://www.wikidata.org/wiki/Q116245584,,
473296,Crossbow Brooch,Brooch,2nd–3rd century (?),,,,Silver,Overall: 3 1/16 x 1 5/16 x 13/16 in. (7.8 x 3.3 x 2 cm),Roman,,,,,,,,,,,Medieval Art,Metalwork-Silver,,False,True,https://www.metmuseum.org/art/collection/search/473296,https://images.metmuseum.org/CRDImages/md/original/sf2002-483-12s6.jpg,5,,,
475115,Sheet Fragment,Fragment,4th century,,,,Linen,Overall: 38 3/8 × 8 7/8 in. (97.5 × 22.5 cm),Coptic,Byzantine Egypt,,,,,,,,,,Medieval Art,Textiles-Woven,,False,True,https://www.metmuseum.org/art/collection/search/475115,https://images.metmuseum.org/CRDImages/md/original/sf33-10-47.jpg,0,,,
468794,Drawer handle and plate,Drawer handle and plate,1460–1520,,,,Iron,"Overall (as if installed): 2 1/16 x 1 15/16 x 1 1/8 in. (5.3 x 4.9 x 2.8 cm)
Bail-a: 2 15/16 x 1 13/16 x 9/16 in. (7.5 x 4.6 x 1.5 cm)
Plate-b: 1 3/4 x 3/16 in. (4.5 x 0.4 cm)",German,,,,,,,,,,,Medieval Art,Metalwork-Iron,,False,True,https://www.metmuseum.org/art/collection/search/468794,https://images.metmuseum.org/CRDImages/md/original/sf87-11-131abs1.jpg,1,,,
467946,Pharmacy Jar,Pharmacy jar,second half 15th century,,,,Tin-glazed earthenware,Overall: 11 9/16 x 5 1/4 in. (29.4 x 13.4 cm),Spanish,,,,,,,,,,,Medieval Art,Ceramics,,False,True,https://www.metmuseum.org/art/collection/search/467946,https://images.metmuseum.org/CRDImages/md/original/sf41-190-113s1.jpg,3,,,
696606,Fragment,Fragment,ca. 1150–ca. 1250,,,,"Glass, ceramic",L. 2 in. (5.1 cm),European or Middle Eastern,,,,,,,,,,,Medieval Art,Glass-Vessels,,False,True,https://www.metmuseum.org/art/collection/search/696606,https://images.metmuseum.org/CRDImages/md/original/28.99.515.jpg,4,,,
463813,Death of the Virgin,Relief,early 16th century,,,,Walnut,Overall: 29 1/2 x 31 7/8 x 7 1/2 in. (74.9 x 81 x 19.1 cm),South Netherlandish,,,,Sadness|Men|Death|Beds,,,,,,,Medieval Art,Sculpture-Wood,,False,True,https://www.metmuseum.org/art/collection/search/463813,https://images.metmuseum.org/CRDImages/md/original/DP268285.jpg,18,,,
478984,Ring,Ring,4th century BCE,,,,Gold,"Overall: 1 x 1 x 1 in., 0.033lb. (2.6 x 2.5 x 2.6 cm, 15.2g)",Celtic,,,,Rings,,,,,,,Medieval Art,Metalwork-Gold,,False,True,https://www.metmuseum.org/art/collection/search/478984,https://images.metmuseum.org/CRDImages/md/original/DP226195.jpg,9,https://www.wikidata.org/wiki/Q116411586,,
464899,Disk Brooch,Brooch,6th century,,,,"Silver, garnets with patterned foil backings, central inlay",Overall: 7/8 x 7/16 in. (2.2 x 1.1 cm),Frankish,,,,,,,,,,,Medieval Art,Metalwork-Silver,,False,True,https://www.metmuseum.org/art/collection/search/464899,https://images.metmuseum.org/CRDImages/md/original/DP30105.jpg,0,,,
474708,Ostrakon,Ostrakon,600,,,,Pottery fragment with ink inscription,4 13/16 x 8 3/8 in. (12.3 x 21.2 cm),Coptic,Byzantine Egypt,,Thebes,Coptic|Documents,,,,,,,Medieval Art,Ceramics,,False,True,https://www.metmuseum.org/art/collection/search/474708,https://images.metmuseum.org/CRDImages/md/original/sf14-1-3s1.jpg,1,,,
474828,Ostrakon with a Letter,Ostrakon,600,,,,Pottery fragment with ink inscription,3 15/16 x 3 1/4 in. (10 x 8.2 cm),Coptic,Byzantine Egypt,,Thebes,,,,,,,,Medieval Art,Ceramics,,False,True,https://www.metmuseum.org/art/collection/search/474828,https://images.metmuseum.org/CRDImages/md/original/sf14-1-135s1.jpg,1,,,
479248,Papyrus Fragments,Fragment,4th–7th century,,,,Papyrus and ink,Framed: 4 13/16 x 9 3/8 in. (12.2 x 23.8 cm),Coptic,Egypt,,Lisht,,,,,,,,Medieval Art,Papyrus,,False,True,https://www.metmuseum.org/art/collection/search/479248,https://images.metmuseum.org/CRDImages/md/original/cop0845s1.jpg,0,,,
468573,Standing Lamp with a Cross on a Pricket Stand,Lamp and stand,5th century,,,,Copper alloy,"Overall: 16 3/4 x 8 1/8 x 5 13/16 in. (42.6 x 20.7 x 14.7 cm)
stand only: 12 11/16 x 5 13/16 in. (32.2 x 14.7 cm)
lamp only: 5 1/16 x 8 1/8 x 4 1/8 in. (12.9 x 20.7 x 10.4 cm)",Byzantine,possibly Syria,,,,,,,,,,Medieval Art,Metalwork-Copper alloy,,False,True,https://www.metmuseum.org/art/collection/search/468573,https://images.metmuseum.org/CRDImages/md/original/sf61-114-1s1.jpg,4,https://www.wikidata.org/wiki/Q116410532,,
467251,Glass Fragment,Fragment,13th–15th century,,,,Pot metal glass,Overall: 2 x 1 3/4 in (5 x 4.5 cm),European,,,,,,,,,,,Medieval Art,Glass-Stained,,False,True,https://www.metmuseum.org/art/collection/search/467251,https://images.metmuseum.org/CRDImages/md/original/cdi30-73-250.jpg,0,,,
467168,Glass Fragment,Fragment,14th century,,,,Pot metal glass,Overall: 3 x 1/2 in. (7.5 x 1.5 cm),European,,,,,,,,,,,Medieval Art,Glass-Stained,,False,True,https://www.metmuseum.org/art/collection/search/467168,https://images.metmuseum.org/CRDImages/md/original/cdi30-73-176.jpg,0,,,
694216,Fragment,Fragment,ca. 1150–ca. 1250,,,,"Glass, ceramic",L. 2 1/4 in. (5.7 cm),European or Middle Eastern,,,,,,,,,,,Medieval Art,Glass-Vessels,,False,True,https://www.metmuseum.org/art/collection/search/694216,https://images.metmuseum.org/CRDImages/md/original/28.99.115.jpg,4,,,
478544,Ostrakon,Ostrakon,4th–7th century,,,,Pottery fragment with ink inscription,Overall: 1 3/8 x 1 1/4 x 3/8 in. (3.5 x 3.1 x 1 cm),Coptic,Byzantine Egypt,,,Documents,,,,,,,Medieval Art,Ceramics,,False,True,https://www.metmuseum.org/art/collection/search/478544,https://images.metmuseum.org/CRDImages/md/original/cop0355.jpg,1,,,
465167,Earring,Earring,6th–7th century,,,,"Copper alloy, glass paste, garnet (?)","Overall: 3 x 2 5/8 x 3/4 in. (7.6 x 6.6 x 1.9 cm)
bead: 13/16 x 3/4 in. (2 x 1.9 cm)",Frankish,Northern France,,,,,,,,,,Medieval Art,Metalwork-Copper alloy,,False,True,https://www.metmuseum.org/art/collection/search/465167,https://images.metmuseum.org/CRDImages/md/original/sf17-192-112s1.jpg,1,,,
694219,Fragment,Fragment,ca. 1150–ca. 1250,,,,"Glass, ceramic",L. 2 1/2 in. (6.4 cm),European or Middle Eastern,,,,,,,,,,,Medieval Art,Glass-Vessels,,False,True,https://www.metmuseum.org/art/collection/search/694219,https://images.metmuseum.org/CRDImages/md/original/28.99.118.jpg,4,,,
465620,Hairpin,Hairpin,7th century,,,,Bronze,Overall: 4 7/8 x 1/4 x 3/16 in. (12.4 x 0.6 x 0.5 cm),Frankish,Germany,,Niederbreisig,,,,,,,,Medieval Art,Metalwork-Bronze,,False,True,https://www.metmuseum.org/art/collection/search/465620,https://images.metmuseum.org/CRDImages/md/original/sf17-193-291s1.jpg,1,,,
474692,Papyri Fragments of a Letter,Fragment,7th century,,,,Papyrus and ink,Framed: 6 1/8 x 11 7/16 in. (15.5 x 29 cm),Coptic,Byzantine Egypt,,,,,,,,,,Medieval Art,Papyrus,,False,True,https://www.metmuseum.org/art/collection/search/474692,https://images.metmuseum.org/CRDImages/md/original/sf12-180-320s1.jpg,1,,,
467475,Leaf from a Diptych with the Adoration of the Magi,Diptych leaf,ca. 1300–1325,,,,"Elephant ivory with traces of paint and gold, metal mounts",Overall: 5 1/8 x 3 7/16 x 7/16 in. (13 x 8.7 x 1.1 cm),French,France,,Paris,Jesus|Adoration of the Magi,,,,,,,Medieval Art,Ivories-Elephant,,False,True,https://www.metmuseum.org/art/collection/search/467475,https://images.metmuseum.org/CRDImages/md/original/sf32-100-205s1.jpg,4,,,
474851,Ostrakon with a Letter from Isaac to Thello,Ostrakon,600,,,,Pottery fragment with ink inscription,5 5/8 x 5 5/16 in. (14.3 x 13.5 cm),Coptic,Byzantine Egypt,,Thebes,,,,,,,,Medieval Art,Ceramics,,False,True,https://www.metmuseum.org/art/collection/search/474851,https://images.metmuseum.org/CRDImages/md/original/sf14-1-160s1.jpg,1,,,
464801,Bow-Shaped Brooch,Brooch,5th century BCE,,,,"Silver, Copper alloy",Overall: 1 5/16 x 2 x 5/16 in. (3.3 x 5.1 x 0.8 cm),Celtic,Northern France,,,,,,,,,,Medieval Art,Metalwork-Silver,,False,True,https://www.metmuseum.org/art/collection/search/464801,https://images.metmuseum.org/CRDImages/md/original/sf17-191-112s1.jpg,2,https://www.wikidata.org/wiki/Q116252685,,
463327,Key,Key,15th century,,,,Iron,Overall: 9 3/4 x 3 1/4 x 13/16 in. (24.8 x 8.3 x 2 cm),German,,,,,,,,,,,Medieval Art,Metalwork-Iron,,False,True,https://www.metmuseum.org/art/collection/search/463327,https://images.metmuseum.org/CRDImages/md/original/sf10-100-127s1.jpg,1,,,
462706,Solidus,Solidus,367–383,,,,Gold,Overall: 13/16 x 1/16 in. (2 x 0.1 cm),Byzantine,,,,Emperors|Profiles,,,,,,,Medieval Art,Coins,,False,True,https://www.metmuseum.org/art/collection/search/462706,https://images.metmuseum.org/CRDImages/md/original/sf04-35-20s1.jpg,1,,,
474703,Papyrus Fragment of a Letter from John to Epiphanius,Fragment,7th century,,,,Papyrus and ink,"Overall: 3 1/8 x 6 11/16 in. (8 x 17 cm)
Framed: 3 9/16 x 7 3/16 in. (9 x 18.3 cm)",Coptic,Byzantine Egypt,,,Coptic|Documents,,,,,,,Medieval Art,Papyrus,,False,True,https://www.metmuseum.org/art/collection/search/474703,https://images.metmuseum.org/CRDImages/md/original/sf12-180-331s1.jpg,1,,,
464795,Circular Bead,Bead,500–600,,,,Glass,Overall: 1 7/16 x 11/16 in. (3.6 x 1.8 cm),Frankish,,,,,,,,,,,Medieval Art,Glass-Beads,,False,True,https://www.metmuseum.org/art/collection/search/464795,https://images.metmuseum.org/CRDImages/md/original/sf17-191-107s1.jpg,0,https://www.wikidata.org/wiki/Q116252715,,
467260,Glass Fragment,Fragment,1200–1215,,,,"Pot-metal glass, vitreous paint",Overall: 3 7/16 x 4 3/16 in. (8.7 x 10.7 cm),French,,,,Saints,,,,,,,Medieval Art,Glass-Stained,,False,True,https://www.metmuseum.org/art/collection/search/467260,https://images.metmuseum.org/CRDImages/md/original/sf30-73-259ats1.jpg,0,,,
468220,Funnel-Shaped Mount,Finial mount,2nd–3rd century,,,,"Champlevé enamel, bronze","Overall: 4 1/16 x diam. 5 in. (10.3 x diam. 12.7 cm)
Base (interior of rim): 3 11/16 in. (9.3 cm)
Base (Exterior of rim): 3 15/16 in. (10 cm)
Top (exterior of rim): 1 3/16 in. (3 cm)",Roman,Gaul,,,,,,,,,,Medieval Art,Enamels-Champlevé,,False,True,https://www.metmuseum.org/art/collection/search/468220,https://images.metmuseum.org/CRDImages/md/original/DP102096.JPG,3,https://www.wikidata.org/wiki/Q116276268,,
479284,Papyri Fragments,Fragment,7th century,,,,Papyrus and ink,Framed: 11 1/4 x 15 in. (28.5 x 38.1 cm),Coptic,Byzantine Egypt,,Thebes,Documents,,,,,,,Medieval Art,Papyrus,,False,True,https://www.metmuseum.org/art/collection/search/479284,https://images.metmuseum.org/CRDImages/md/original/cop0883s1.jpg,0,,,
464323,Knife,Knife,ca. 1300–1350,,,,"Steel blade, crystal handle, copper-gilt mountings",Overall: 10 1/4 x 1 3/4 x 1 in. (26 x 4.4 x 2.5 cm),French or Spanish,,,,,,,,,,,Medieval Art,Metalwork-Steel,,False,True,https://www.metmuseum.org/art/collection/search/464323,https://images.metmuseum.org/CRDImages/md/original/sf17-190-343s2.jpg,4,,,
474798,Ostrakon,Ostrakon,600,,,,Pottery fragment with ink inscription,4 1/4 x 4 5/16 in. (10.8 x 11 cm),Coptic,Byzantine Egypt,,Thebes,Coptic|Documents,,,,,,,Medieval Art,Ceramics,,False,True,https://www.metmuseum.org/art/collection/search/474798,https://images.metmuseum.org/CRDImages/md/original/sf14-1-99s1.jpg,1,,,
464210,Medallion with Archer Shooting Bird,Medallion,ca. 1240–60,,,,Copper: engraved and gilt; champlevé enamel: medium and light blue and white,Overall: 3 1/2 x 1/16 in. (8.9 x 0.2 cm),French,France,,Limoges,Birds|Bow and Arrow|Men|Hunting,,,,,,,Medieval Art,Enamels-Champlevé,,False,True,https://www.metmuseum.org/art/collection/search/464210,https://images.metmuseum.org/CRDImages/md/original/sf17-190-2150s1.jpg,0,,,
479788,"Fragment from the Tomb of John the Fearless and Margaret of Bavaria, Duke and Duchess of Burgundy",Tomb Fragment,ca. 1443–55,,,,Alabaster,"Overall: 5 1/2 × 5 1/16 × 2 1/16 in. (14 × 12.8 × 5.2 cm)
with base: 7 7/8 × 5 1/16 × 2 7/8 in. (20 × 12.8 × 7.3 cm)",French,France,,,,Jean de la Huerta,Artist,Spanish,1413,1462,,Medieval Art,Sculpture-Architectural,"Spanish, 1413–62 ?",False,True,https://www.metmuseum.org/art/collection/search/479788,https://images.metmuseum.org/CRDImages/md/original/DP317611.jpg,5,,https://www.wikidata.org/wiki/Q1885156,http://vocab.getty.edu/page/ulan/500036378
464425,Plaque from a Reliquary Shrine,Plaque,ca. 1150–1200,,,,"Champlevé enamel, copper alloy, gilt","Overall: 2 1/2 x 6 3/4 x 1/8 in. (6.4 x 17.2 x 0.3 cm)
band width: 1 11/16 x 1/8 in. (4.3 x 0.3 cm)",German,Germany,,probably Cologne,,,,,,,,Medieval Art,Enamels-Champlevé,,False,True,https://www.metmuseum.org/art/collection/search/464425,https://images.metmuseum.org/CRDImages/md/original/sf17-190-437s1.jpg,2,https://www.wikidata.org/wiki/Q116272659,,
467748,Chest,Chest,early 16th century,,,,Walnut,32 x 25 x 65 1/2 in. (81.3 x 63.5 x 166.4 cm),Northern European,,,,,,,,,,,Medieval Art,Woodwork-Furniture,,False,True,https://www.metmuseum.org/art/collection/search/467748,https://images.metmuseum.org/CRDImages/md/original/cdi41-100-176.jpg,0,,,
478894,Footless Cup or Lid,Cup or lid,4th–7th century,,,,Earthenware,Overall: 1 5/8 x 3 in. (4.2 x 7.6 cm),Coptic,Byzantine Egypt,,,,,,,,,,Medieval Art,Ceramics,,False,True,https://www.metmuseum.org/art/collection/search/478894,https://images.metmuseum.org/CRDImages/md/original/cop0580s1.jpg,0,,,
464049,Gold Necklace with Amphora (Vase) Pendant,Necklace,4th century,,,,Gold,"7/8 x 3/8 x 16 5/8 in. (2.2 x 1 x 42.2 cm)
42.2 cm = chain length without clasp
1 cm = width of chain
2.2 cm = height of urn",Byzantine,Egypt,,Alexandria,,,,,,,,Medieval Art,Metalwork-Gold,,False,True,https://www.metmuseum.org/art/collection/search/464049,https://images.metmuseum.org/CRDImages/md/original/LC_17_190_1643s01.jpg,1,https://www.wikidata.org/wiki/Q116410409,,
696556,Fragment,Fragment,ca. 1150–ca. 1250,,,,"Glass, ceramic",L. 1 3/8 in. (3.5 cm),European or Middle Eastern,,,,,,,,,,,Medieval Art,Glass-Vessels,,False,True,https://www.metmuseum.org/art/collection/search/696556,https://images.metmuseum.org/CRDImages/md/original/28.99.472.jpg,4,,,
466540,Glass Fragment,Fragment,1560,,,,Glass,Overall: 3 1/4 x 4 in. (8.3 x 10.2 cm),French,,,,,,,,,,,Medieval Art,Glass-Stained,,False,True,https://www.metmuseum.org/art/collection/search/466540,https://images.metmuseum.org/CRDImages/md/original/cdi23-229-6-5.jpg,0,,,
468824,Tip of door band,Door band tip,15th century,,,,Iron,Overall: 6 1/4 x 4 11/16 x 3/16 in. (15.9 x 11.9 x 0.4 cm),German,,,,,,,,,,,Medieval Art,Metalwork-Iron,,False,True,https://www.metmuseum.org/art/collection/search/468824,https://images.metmuseum.org/CRDImages/md/original/sf87-11-5s1.jpg,1,,,
468691,Flowering Plants and Rosebushes,Tapestry,ca. 1500–1530,,,,"Wool warp,  wool wefts",8 ft. 7 1/2 in. × 9 ft. 4 1/2 in. (262.9 × 285.8 cm),South Netherlandish,,,,Flowers,,,,,,,Medieval Art,Textiles-Tapestries,,False,True,https://www.metmuseum.org/art/collection/search/468691,https://images.metmuseum.org/CRDImages/md/original/tem6518114.jpg,0,,,
474618,Ostrakon,Ostrakon,7th century,,,,Pottery fragment with ink inscription,4 1/4 x 6 in. (10.8 x 15.3 cm),Coptic,Byzantine Egypt,,,Coptic|Documents,,,,,,,Medieval Art,Ceramics,,False,True,https://www.metmuseum.org/art/collection/search/474618,https://images.metmuseum.org/CRDImages/md/original/sf12-180-208s1.jpg,1,,,
478935,Mold,Mold,4th–7th century,,,,Marble,Overall: 1 1/4 x 5 1/4 x 4 5/16 in. (3.1 x 13.4 x 11 cm),Coptic,Byzantine Egypt,,,,,,,,,,Medieval Art,Miscellaneous-Stone,,False,True,https://www.metmuseum.org/art/collection/search/478935,https://images.metmuseum.org/CRDImages/md/original/cop0617s1.jpg,1,,,
478479,Bone,Bone,4th–7th century,,,,Bone,Overall: 2 11/16 x 15/16 x 1/2 in. (6.9 x 2.4 x 1.3 cm),Coptic,Byzantine Egypt,,,,,,,,,,Medieval Art,Miscellaneous-Bone,,False,True,https://www.metmuseum.org/art/collection/search/478479,https://images.metmuseum.org/CRDImages/md/original/Cop0309.jpg,0,,,
468831,Key,Key,16th century,,,,Iron,Overall: 4 x 1 7/16 x 7/16 in. (10.2 x 3.6 x 1.1 cm),Catalan,Spain,,,,,,,,,,Medieval Art,Metalwork-Iron,,False,True,https://www.metmuseum.org/art/collection/search/468831,https://images.metmuseum.org/CRDImages/md/original/sf87-11-511s1.jpg,0,,,
463789,Monastic Saint,Statue,ca. 1480,,,,Oak,Overall: 39 x 10 1/2 x 7 3/4 in. (99.1 x 26.7 x 19.7 cm),Netherlandish (?),,,,Men,,,,,,,Medieval Art,Sculpture-Wood,,False,True,https://www.metmuseum.org/art/collection/search/463789,https://images.metmuseum.org/CRDImages/md/original/sf16-32-187s5.jpg,8,,,
463686,Dish with Heraldic Shield,Plate,1470–1500,,,,Tin-glazed earthenware,Overall: 17 1/8 x 2 3/4 in. (43.5 x 7 cm),Spanish,Spain,,probably Manises,Coat of Arms,,,,,,,Medieval Art,Ceramics,,False,True,https://www.metmuseum.org/art/collection/search/463686,https://images.metmuseum.org/CRDImages/md/original/sf14-40-728s1.jpg,2,https://www.wikidata.org/wiki/Q116275746,,
467370,Box with Scenes from the Infancy of Christ,Box,19th century with 14th century elements,,,,"Elephant ivory, metal (silver?) mounts",Overall: 3 3/8 x 2 5/8 x 2 5/8 in. (8.5 x 6.6 x 6.6 cm),European (French style),,,,Human Figures|Animals|Christ,,,,,,,Medieval Art,Ivories-Elephant,,False,True,https://www.metmuseum.org/art/collection/search/467370,https://images.metmuseum.org/CRDImages/md/original/sf30-95-116s08.jpg,13,,,
465047,Belt Buckle,Belt buckle,7th century,,,,"Iron, silver inlay, copper alloy inlay",Overall: 4 5/8 x 2 3/8 x 1/2 in. (11.7 x 6 x 1.3 cm),Frankish,,,,,,,,,,,Medieval Art,Metalwork-Iron,,False,True,https://www.metmuseum.org/art/collection/search/465047,https://images.metmuseum.org/CRDImages/md/original/dp30408.jpg,0,,,
466733,"Manuscript Leaf with Initial V, from an Antiphonary",Antiphonary; Manuscript leaf,second quarter 15th century,,,,"Tempera, ink, and metal leaf on parchment","20 3/16 x 14 15/16in. (51.2 x 38cm)
Other (Stave Height): 1 1/16in. (2.7cm)
Mat: 28 × 22 in. (71.1 × 55.9 cm)",German,Germany,,,,,,,,,,Medieval Art,Manuscripts and Illuminations,,False,True,https://www.metmuseum.org/art/collection/search/466733,https://images.metmuseum.org/CRDImages/md/original/temp2822529v.jpg,3,,,
474750,Ostrakon with a Letter,Ostrakon,600,,,,Pottery fragment with ink inscription,3 1/16 x 2 11/16 in. (7.8 x 6.8 cm),Coptic,Byzantine Egypt,,Thebes,,,,,,,,Medieval Art,Ceramics,,False,True,https://www.metmuseum.org/art/collection/search/474750,https://images.metmuseum.org/CRDImages/md/original/sf14-1-47s1.jpg,1,,,
465346,S-Shaped Brooch,Brooch,6th century,,,,"Silver-cast relief and settings; chased, punched; niello inlay; garnets, gilt.",Overall: 1 9/16 x 1 1/8 x 3/8 in. (4 x 2.9 x 1 cm),Frankish,,,,,,,,,,,Medieval Art,Metalwork-Silver,,False,True,https://www.metmuseum.org/art/collection/search/465346,https://images.metmuseum.org/CRDImages/md/original/DP30215.jpg,0,,,
468887,Fanlight (?),Fanlight (?),16th century,,,,Iron,Overall: 4 15/16 x 3 1/16 x 1/2 in. (12.6 x 7.8 x 1.3 cm),German,,,,,,,,,,,Medieval Art,Metalwork-Iron,,False,True,https://www.metmuseum.org/art/collection/search/468887,https://images.metmuseum.org/CRDImages/md/original/sf87-11-698s1.jpg,1,,,
465584,Disk Brooch,Brooch,6th century,,,,"Copper alloy cloisons, side and back; glass and patterned copper alloy",Overall: 1 3/8 x 13/16 in. (3.5 x 2 cm),Frankish,,,,,,,,,,,Medieval Art,Metalwork-Copper,,False,True,https://www.metmuseum.org/art/collection/search/465584,https://images.metmuseum.org/CRDImages/md/original/dp30520.jpg,0,https://www.wikidata.org/wiki/Q116247803,,
475026,Twist of a Palm Leaf,Palm leaf,580–640,,,,Date palm fiber,Overall: 5 3/8 x 2 x 1 in. (13.6 x 5.1 x 2.5 cm),Coptic,Byzantine Egypt,,Thebes,Leaves,,,,,,,Medieval Art,Miscellaneous,,False,True,https://www.metmuseum.org/art/collection/search/475026,https://images.metmuseum.org/CRDImages/md/original/sf14-1-561s1.jpg,0,,,
463942,Double Column,Double column,13th–14th century,,,,Marble,Overall (a: Capital): 17 1/8 x 22 1/2 x 13 in. (43.5 x 57.2 x 33 cm),French,,,,,,,,,,,Medieval Art,Sculpture-Architectural,,False,True,https://www.metmuseum.org/art/collection/search/463942,https://images.metmuseum.org/CRDImages/md/original/sf16-32-8as1.jpg,0,,,
466144,Virgin and Child,Statue,ca. 1425–30,,,,"Sandstone, polychromy",Overall: 57 1/2 x 21 1/4 x 15 in. (146 x 54 x 38.1 cm),German,,,Nuremberg,Madonna and Child,,,,,,,Medieval Art,Sculpture-Stone,,False,True,https://www.metmuseum.org/art/collection/search/466144,https://images.metmuseum.org/CRDImages/md/original/DT5264.jpg,3,https://www.wikidata.org/wiki/Q116244575,,
467086,Glass Fragment,Fragment,early 16th century,,,,Colorless glass,Overall: 4 3/4 x 3 in. (12.5 x 7.5 cm),South Netherlandish (?),,,,,,,,,,,Medieval Art,Glass-Stained,,False,True,https://www.metmuseum.org/art/collection/search/467086,https://images.metmuseum.org/CRDImages/md/original/cdi30-73-101.jpg,0,,,
474529,Ostrakon,Ostrakon,7th century,,,,Pottery fragment with ink inscription,5 1/16 x 7 3/16 in. (12.8 x 18.3 cm),Coptic,Byzantine Egypt,,,Coptic,,,,,,,Medieval Art,Ceramics,,False,True,https://www.metmuseum.org/art/collection/search/474529,https://images.metmuseum.org/CRDImages/md/original/sf12-180-115s1.jpg,1,,,
463973,Relief of the Betrayal and Arrest of Jesus,Relief,1264–88,,,,Limestone with traces of polychromy and gilding,Overall: 39 1/4 x 43 x 9 in. (99.7 x 109.2 x 22.9 cm),French,France,,Amiens,Men|Jesus,,,,,,,Medieval Art,Sculpture-Stone,,True,True,https://www.metmuseum.org/art/collection/search/463973,https://images.metmuseum.org/CRDImages/md/original/DP-12239-001.jpg,3,https://www.wikidata.org/wiki/Q29385347,,
468170,Tremissis of Mauricius Tiberius,Tremissis,ca. 582–602,,,,Gold,Overall: 5/8 x 1/16 in. (1.6 x 0.1 cm),Byzantine,,,,Profiles,,,,,,,Medieval Art,Coins,,False,True,https://www.metmuseum.org/art/collection/search/468170,https://images.metmuseum.org/CRDImages/md/original/sf46-86-1s1.jpg,1,,,
473404,Ostrakon from Maria and Susanna Jointly to Panachora,Ostrakon,probably early 7th century,,,,Pottery fragment with ink inscription,4 7/8 × 3 7/8 × 9/16 in. (12.4 × 9.9 × 1.5 cm),Coptic,Byzantine Egypt,,,Coptic|Documents,,,,,,,Medieval Art,Ceramics,,False,True,https://www.metmuseum.org/art/collection/search/473404,https://images.metmuseum.org/CRDImages/md/original/MED12-180-151s1.jpg,1,https://www.wikidata.org/wiki/Q116244365,,
474790,Ostrakon with a Letter from Koletjew to Epiphanius,Ostrakon,600,,,,Pottery fragment with ink inscription,5 11/16 x 9 3/16 in. (14.5 x 23.3 cm),Coptic,Byzantine Egypt,,Thebes,,,,,,,,Medieval Art,Ceramics,,False,True,https://www.metmuseum.org/art/collection/search/474790,https://images.metmuseum.org/CRDImages/md/original/sf14-1-91s1.jpg,1,,,
474504,Ostrakon,Ostrakon,7th century,,,,Pottery fragment with ink inscription,4 5/16 x 4 3/16 in. (11 x 10.7 cm),Coptic,Byzantine Egypt,,,,,,,,,,Medieval Art,Ceramics,,False,True,https://www.metmuseum.org/art/collection/search/474504,https://images.metmuseum.org/CRDImages/md/original/sf12-180-91s1.jpg,1,,,
463194,Decorative Roundel,Roundel,12th–13th century,,,,Marble (Carrera marble from Carrera (Italy)),Overall: 12 1/16 x 10 1/2 x 6 in. (30.6 x 26.7 x 15.2 cm),Italian,Italy,,Venice probably,Animals|Birds,,,,,,,Medieval Art,Sculpture-Architectural,,False,True,https://www.metmuseum.org/art/collection/search/463194,https://images.metmuseum.org/CRDImages/md/original/DP166786.jpg,2,,,
466624,"Manuscript Leaf with the Resurrection, from a Psalter",Psalter; Manuscript leaf,mid-13th century,,,,"Tempera, ink, gold, and silver on parchment","Overall (folio): 6 3/8 x 5 3/8 in. (16.2 x 13.7 cm)
Illumination: 5 1/2 x 4 3/8 in. (14 x 11.1 cm)
Mat: 12 x 10 in. (30.5 x 25.4 cm)",German,,,,Soldiers|Men|Christ,,,,,,,Medieval Art,Manuscripts and Illuminations,,False,True,https://www.metmuseum.org/art/collection/search/466624,https://images.metmuseum.org/CRDImages/md/original/sf25-204-3s1at.jpg,1,,,
467575,Tile,Tile,15th century,,,,"Earthenware, glazed",Overall: 3 3/4 x 3 3/4 in. (9.5 x 9.5 cm),Spanish,,,,,,,,,,,Medieval Art,Ceramics-Tiles,,False,True,https://www.metmuseum.org/art/collection/search/467575,https://images.metmuseum.org/CRDImages/md/original/sf32-64-59c.jpg,0,,,
479146,Glass Fragments,Fragment,4th century,,,,Glass (green),Storage (petri dish diam.): 3 1/2 in. (8.9 cm),Coptic,Byzantine Egypt,,,,,,,,,,Medieval Art,Glass-Vessels,,False,True,https://www.metmuseum.org/art/collection/search/479146,https://images.metmuseum.org/CRDImages/md/original/cop0706.jpg,0,,,
465811,Armlet,Armlet,400–100 BCE,,,,Copper alloy,Overall: 2 1/16 x 1 15/16 x 3/8 in. (5.3 x 4.9 x 1 cm),Celtic,,,,,,,,,,,Medieval Art,Metalwork-Copper alloy,,False,True,https://www.metmuseum.org/art/collection/search/465811,https://images.metmuseum.org/CRDImages/md/original/sf17-193-84s4.jpg,1,,,
475346,Fragment,Fragment,13th century,,,,Stained Glass,2 5/16 × 1 9/16 × 3/16 in. (5.8 × 4 × 0.4 cm),Crusader,,,,,,,,,,,Medieval Art,Glass-Stained,,False,True,https://www.metmuseum.org/art/collection/search/475346,https://images.metmuseum.org/CRDImages/md/original/sf28-99-654.jpg,0,,,
463795,Virgin and Child in Majesty,Statuette,ca. 1175–1200,,,,"Walnut with paint, tin relief on a lead white ground, and linen",Overall: 31 5/16 x 12 1/2 x 11 1/2 in. (79.5 x 31.7 x 29.2 cm),French,France,,,Christ|Madonna and Child|Virgin Mary,,,,,,,Medieval Art,Sculpture-Wood,,True,True,https://www.metmuseum.org/art/collection/search/463795,https://images.metmuseum.org/CRDImages/md/original/DP212268.jpg,10,https://www.wikidata.org/wiki/Q29385345,,
694200,Fragment,Fragment,ca. 1150–ca. 1250,,,,"Glass, ceramic",L. 2 3/4 in. (7 cm),European or Middle Eastern,,,,,,,,,,,Medieval Art,Glass-Vessels,,False,True,https://www.metmuseum.org/art/collection/search/694200,https://images.metmuseum.org/CRDImages/md/original/28.99.101.jpg,4,,,
473396,Ostrakon with Texts from the Bible,Ostrakon,580–640,,,,Pottery fragment with ink inscription,10 1/4 × 9 1/16 × 3 9/16 in. (26 × 23 × 9.1 cm),Coptic,Byzantine Egypt,,Thebes,Coptic,,,,,,,Medieval Art,Ceramics,,False,True,https://www.metmuseum.org/art/collection/search/473396,https://images.metmuseum.org/CRDImages/md/original/MED14-1-81s1.jpg,4,https://www.wikidata.org/wiki/Q116244404,,
468148,Textile,Textile,13th century,,,,"Silk, metal thread","Overall: 4 5/8 × 8 in. (11.7 × 20.3 cm)
Storage (Mat): 8 1/2 × 13 in. (21.6 × 33 cm)",Italian,Italy,,,,,,,,,,Medieval Art,Textiles-Woven,,False,True,https://www.metmuseum.org/art/collection/search/468148,https://images.metmuseum.org/CRDImages/md/original/sf46-156-55s1.jpg,2,,,
474850,Ostrakon with a Letter from Ananias to Priests,Ostrakon,600,,,,Pottery fragment with ink inscription,4 7/16 x 3 5/8 in. (11.2 x 9.2 cm),Coptic,Byzantine Egypt,,Thebes,,,,,,,,Medieval Art,Ceramics,,False,True,https://www.metmuseum.org/art/collection/search/474850,https://images.metmuseum.org/CRDImages/md/original/sf14-1-159s1.jpg,1,,,
475286,Two Angels Holding a Shroud,Fragment,15th century,,,,Wood,Overall: 12 3/8 x 24 3/16 x 5 1/2 in. (31.4 x 61.5 x 14 cm),German,,,,Angels,,,,,,,Medieval Art,Sculpture-Wood,,False,True,https://www.metmuseum.org/art/collection/search/475286,https://images.metmuseum.org/CRDImages/md/original/sf1984-433-344s1.jpg,7,,,
467272,Fragment,Fragment,12th–17th century (?),,,,Pot-metal glass and vitreous paint,6 1/8 × 8 1/4 × 1/8 in. (15.6 × 21 × 0.3 cm),European,,,,,,,,,,,Medieval Art,Glass-Stained,,False,True,https://www.metmuseum.org/art/collection/search/467272,https://images.metmuseum.org/CRDImages/md/original/cdi30-73-27.jpg,0,,,
466636,Border with Arching Leaf Fronds,Fragment,ca. 1200–1210,,,,Pot-metal glass and vitreous paint,Overall: 4 x 21 3/4 in. (10.2 x 55.2 cm),French,France,,possibly Soissons,,,,,,,,Medieval Art,Glass-Stained,,False,True,https://www.metmuseum.org/art/collection/search/466636,https://images.metmuseum.org/CRDImages/md/original/sf26-218-4.jpg,0,https://www.wikidata.org/wiki/Q116242986,,
479326,Pottery Fragment,Fragment,4th–7th century,,,,"Earthenware, glazed (faience)",Overall: 2 13/16 x 3 3/4 x 1 11/16 in. (7.2 x 9.6 x 4.3 cm),Coptic,Byzantine Egypt,,,,,,,,,,Medieval Art,Ceramics,,False,True,https://www.metmuseum.org/art/collection/search/479326,https://images.metmuseum.org/CRDImages/md/original/cop0689s1.jpg,1,,,
812961,Wool Roundel with Mythological Animal,Textile,7th–9th century,,,,Polychrome wool and undyed linen; tapestry weave,"8 3/8 × 5 3/16 in. (21.3 × 13.1 cm)
Mount: 11 5/8 × 8 1/16 × 1 3/16 in. (29.5 × 20.4 × 3 cm)",Egyptian,,,,,,,,,,,Medieval Art,Textiles-Woven,,False,True,https://www.metmuseum.org/art/collection/search/812961,https://images.metmuseum.org/CRDImages/md/original/LC_TR_311_6_2018-s01.jpg,0,,,
464629,Figure of Christ from a Deposition Group,Appliqué figure,ca. 1125–50,,,,"Copper alloy, gilt","Overall: 4 5/16 x 3 9/16 x 7/8 in. (11 x 9.1 x 2.3 cm)
As Deposition Group: 4 13/16 x 3 9/16 x 7/8 in. (12.3 x 9.1 x 2.3 cm)",British (?),,,,Men,,,,,,,Medieval Art,Metalwork-Bronze,,False,True,https://www.metmuseum.org/art/collection/search/464629,https://images.metmuseum.org/CRDImages/md/original/sf17-190-768-769s1.jpg,3,https://www.wikidata.org/wiki/Q116253104,,
694316,Fragment,Fragment,ca. 1150–ca. 1250,,,,"Glass, ceramic",L. 2 1/8 in. (5.4 cm),European or Middle Eastern,,,,,,,,,,,Medieval Art,Glass-Vessels,,False,True,https://www.metmuseum.org/art/collection/search/694316,https://images.metmuseum.org/CRDImages/md/original/28.99.162.jpg,4,,,
465242,Bird-Shaped Brooch,Brooch,second half 6th century,,,,"Silver, glass paste",Overall: 1 3/16 x 1/2 x 1/4 in. (3 x 1.3 x 0.7 cm),Frankish,,Northern France,,Birds,,,,,,,Medieval Art,Metalwork-Silver,,False,True,https://www.metmuseum.org/art/collection/search/465242,https://images.metmuseum.org/CRDImages/md/original/DP30144.jpg,0,,,
464108,Gold Belt-Hole Guard,Belt hole guard,700s,,,,Gold,"13/16 × 1 × 1/4 in., 0.418 Troy Ounces (2.1 × 2.6 × 0.7 cm, 13g)",Avar,,,,,,,,,,,Medieval Art,Metalwork-Gold,,False,True,https://www.metmuseum.org/art/collection/search/464108,https://images.metmuseum.org/CRDImages/md/original/dp30443.jpg,2,https://www.wikidata.org/wiki/Q116274043,,
464699,Book Cover with Crucifixion Panel,Book cover,second quarter 14th century,,,,"Elephant ivory, champlevé enamel, copper gilt on wood support","Overall: 10 x 7 3/8 x 1 5/16 in. (25.4 x 18.7 x 3.4 cm)
ivory only: 6 9/16 x 4 in. (16.7 x 10.1 cm)",French,,,,Virgin Mary|Crucifixion,,,,,,,Medieval Art,Ivories-Elephant,,False,True,https://www.metmuseum.org/art/collection/search/464699,https://images.metmuseum.org/CRDImages/md/original/DP-33218-001.jpg,6,https://www.wikidata.org/wiki/Q116252793,,
468471,Rock Crystal Bowl,Bowl,3rd–5th century,,,,Rock crystal,Overall: 1 3/8 x 3 3/16 x 2 11/16 in. (3.5 x 8.1 x 6.9 cm),North African (Carthage),,,,,,,,,,,Medieval Art,Lapidary Work-Crystal,,False,True,https://www.metmuseum.org/art/collection/search/468471,https://images.metmuseum.org/CRDImages/md/original/DP-25593-001.jpg,6,,,
474365,Badge with Figure,Pilgrim's Badge,14th–15th century,,,,Tin/lead alloy,Overall: 1 11/16 x 1 1/16 x 1/8 in. (4.3 x 2.7 x 0.3 cm),British,,,,Human Figures,,,,,,,Medieval Art,Metalwork-Tin/lead alloy,,False,True,https://www.metmuseum.org/art/collection/search/474365,https://images.metmuseum.org/CRDImages/md/original/tr248-3-2002s1.jpg,1,,,
463712,Fragment of a Glass Bowl,Bowl fragment,3rd century,,,,"Glass, gold leaf",Overall: 2 3/4 x 4 in. (7 x 10.2 cm),Roman,,,,,,,,,,,Medieval Art,Glass-Gold glass,,False,True,https://www.metmuseum.org/art/collection/search/463712,https://images.metmuseum.org/CRDImages/md/original/sf16-174-1s1b.jpg,2,https://www.wikidata.org/wiki/Q116275571,,
467547,Dish,Dish,early 16th century,,,,Brass,Overall: 8 1/4 x 2 1/4 in. (21 x 5.7 cm),German,,,,Deer,,,,,,,Medieval Art,Metalwork-Brass,,False,True,https://www.metmuseum.org/art/collection/search/467547,https://images.metmuseum.org/CRDImages/md/original/sf32-64-26s1.jpg,2,,,
465327,Bracelet,Bracelet,3rd century,,,,Silver-gilt,"Overall: 2 1/2 x 2 1/2 x 9/16 in., 1.9oz. (6.4 x 6.3 x 1.5 cm, 55g)",Pontine,,,,,,,,,,,Medieval Art,Metalwork-Silver,,False,True,https://www.metmuseum.org/art/collection/search/465327,https://images.metmuseum.org/CRDImages/md/original/sf17-192-257s1.jpg,0,,,
477315,Glass Fragments,Fragment,4th century,,,,Glass,Storage (petri dish diam.): 5 9/16 in. (14.1 cm),Coptic,Byzantine Egypt,,,,,,,,,,Medieval Art,Glass,,False,True,https://www.metmuseum.org/art/collection/search/477315,https://images.metmuseum.org/CRDImages/md/original/cop0146.jpg,0,,,
478841,Bowl,Bowl,4th–7th century,,,,Earthenware,Overall: 2 3/8 x 3 7/8 in. (6 x 9.9 cm),Coptic,Byzantine Egypt,,,Bowls,,,,,,,Medieval Art,Ceramics,,False,True,https://www.metmuseum.org/art/collection/search/478841,https://images.metmuseum.org/CRDImages/md/original/cop0527s1.jpg,0,,,
696636,Fragment,Fragment,ca. 1150–ca. 1250,,,,"Glass, ceramic",L. 3 in. (7.6 cm),European or Middle Eastern,,,,,,,,,,,Medieval Art,Glass-Vessels,,False,True,https://www.metmuseum.org/art/collection/search/696636,https://images.metmuseum.org/CRDImages/md/original/28.99.544.jpg,4,,,
465221,Oblong Openwork Plaque,Plaque,7th century,,,,Copper alloy,Overall: 1 1/2 x 3 1/16 x 7/16 in. (3.8 x 7.7 x 1.1 cm),Frankish,Northern France,,,,,,,,,,Medieval Art,Metalwork-Copper alloy,,False,True,https://www.metmuseum.org/art/collection/search/465221,https://images.metmuseum.org/CRDImages/md/original/DP30090.jpg,0,,,
467933,Stained Glass Panel with the Virgin and Child,Panel,1430–35,,,,"Pot-metal, white glass, vitreous paint, silver stain","Overall (w/o spacers top and bottom): 60 x 23 3/4 x 3/8 in. (152.4 x 60.3 x 1 cm)
Overall: 62 15/16 x 23 3/4 x 3/8 in. (159.9 x 60.3 x 0.9 cm)
Overall (installation opening): 59 3/8 x 23 in. (150.8 x 58.4 cm)
a upper panel w/ 1 3/8 spacer at top: 30 13/16 x 23 3/4 x 3/8 in. (78.3 x 60.3 x 0.9 cm)
b lower panel w/ 1 1/2"" spacer at bottom: 32 1/8 x 23 3/4 x 3/8 in. (81.6 x 60.3 x 0.9 cm)",German,,,,Madonna and Child,,,,,,,Medieval Art,Glass-Stained,,False,True,https://www.metmuseum.org/art/collection/search/467933,https://images.metmuseum.org/CRDImages/md/original/DT229460.jpg,1,https://www.wikidata.org/wiki/Q116276773,,
464293,Diptych with the Glorification of the Virgin and Crucifixion,Diptych,second half 14th century,,,,Elephant ivory with metal mounts,"Overall (open): 6 9/16 x 7 3/8 x 3/8 in. (16.6 x 18.7 x 1 cm)
Overall (closed): 6 9/16 x 3 11/16 x 13/16 in. (16.6 x 9.3 x 2.1 cm)",French,,,,Christ|Madonna and Child,,,,,,,Medieval Art,Ivories-Elephant,,False,True,https://www.metmuseum.org/art/collection/search/464293,https://images.metmuseum.org/CRDImages/md/original/sf17-190-294s1.jpg,1,,,
474390,The Attarouthi Treasure,Liturgical objects,500–650,,,,"Silver, silver-gilt",,Byzantine,Syria,,Attarouthi,,,,,,,,Medieval Art,Metalwork-Silver,,False,True,https://www.metmuseum.org/art/collection/search/474390,https://images.metmuseum.org/CRDImages/md/original/DT117.jpg,0,https://www.wikidata.org/wiki/Q111020340,,
464481,Mortar,Mortar,16th century,,,,Copper alloy,Overall: 8 15/16 x 7 9/16 x 7 in. (22.7 x 19.2 x 17.8 cm),French,,,,,,,,,,,Medieval Art,Metalwork-Copper alloy,,False,True,https://www.metmuseum.org/art/collection/search/464481,https://images.metmuseum.org/CRDImages/md/original/sf17-190-512s1.jpg,4,,,
467785,Plaque with St. Martin and the Beggar,Plaque,16th century,,,,"Painted enamel, copper","Overall (with fame): 10 1/2 x 10 3/8 x 9/16 in. (26.7 x 26.3 x 1.5 cm)
without frame: 8 1/16 x 7 15/16 in. (20.4 x 20.2 cm)",French,France,,Limoges,Swords|Men|Saints,,,,,,,Medieval Art,Enamels-Painted,,False,True,https://www.metmuseum.org/art/collection/search/467785,https://images.metmuseum.org/CRDImages/md/original/sf41-100-212s1.jpg,0,,,
465673,Palm Cup,Cup,7th–8th century,,,,Glass,Overall: 2 15/16 x 4 5/8 in. (7.4 x 11.8 cm),Frankish,,,,,,,,,,,Medieval Art,Glass-Vessels,,False,True,https://www.metmuseum.org/art/collection/search/465673,https://images.metmuseum.org/CRDImages/md/original/sf17-193-336s3.jpg,2,,,
695185,Fragment,Fragment,ca. 1150–ca. 1250,,,,"Glass, ceramic",L. 2 1/2 in. (6.4 cm),European or Middle Eastern,,,,,,,,,,,Medieval Art,Glass-Vessels,,False,True,https://www.metmuseum.org/art/collection/search/695185,https://images.metmuseum.org/CRDImages/md/original/28.99.288.jpg,4,,,
468035,Pulpit,Pulpit,ca. 1500,,,,Stucco (?),"Overall: 75 × 43 × 30 1/2 in., 940lb. (190.5 × 109.2 × 77.5 cm, 426.4kg)",Spanish,,,,,,,,,,,Medieval Art,Sculpture-Alabaster,,False,True,https://www.metmuseum.org/art/collection/search/468035,https://images.metmuseum.org/CRDImages/md/original/48.jpg,0,,,
465516,Lozenge-Shaped Plaque,Plaque,Middle of 6th century,,,,Copper alloy,Overall: 1 1/4 x 7/8 x 1/2 in. (3.2 x 2.2 x 1.3 cm),Frankish,Germany,,Niederbreisig,,,,,,,,Medieval Art,Metalwork-Copper alloy,,False,True,https://www.metmuseum.org/art/collection/search/465516,https://images.metmuseum.org/CRDImages/md/original/sf17-193-199s1.jpg,1,,,
478178,Armband with Spirals,Armband,14th–12th century BCE,,,,Copper alloy,Overall: 3 3/4 x 3 11/16 x 3 1/4 in. (9.5 x 9.4 x 8.3 cm),European Bronze Age,,,,,,,,,,,Medieval Art,Metalwork-Copper alloy,,False,True,https://www.metmuseum.org/art/collection/search/478178,https://images.metmuseum.org/CRDImages/md/original/DP165278.jpg,5,https://www.wikidata.org/wiki/Q116276909,,
464228,The Trinity,Statuette,15th–16th century,,,,Elephant ivory,Overall: 3 5/16 x 1 3/8 x 1 in. (8.4 x 3.5 x 2.6 cm),Spanish (?),,,,Crucifixion|God the Father,,,,,,,Medieval Art,Ivories-Elephant,,False,True,https://www.metmuseum.org/art/collection/search/464228,https://images.metmuseum.org/CRDImages/md/original/sf17-190-225s1.jpg,4,,,
479242,Papyri Fragments,Fragment,7th century,,,,Papyrus and ink,Storage (petri dish diam.): 2 13/16 in. (7.2 cm),Coptic,Byzantine Egypt,,Thebes,,,,,,,,Medieval Art,Papyrus,,False,True,https://www.metmuseum.org/art/collection/search/479242,https://images.metmuseum.org/CRDImages/md/original/cop0833.jpg,0,,,
467733,Mirror Case,Mirror case,1350–75,,,,Elephant ivory,"Overall: 4 3/8 x 4 1/8 x 7/16 in. (11.1 x 10.4 x 1.1 cm)
diameter: 4 in. (10.1 cm)",French,France,,possibly Paris,Falcons|Men|Women|Horses|Lions,,,,,,,Medieval Art,Ivories-Elephant,,True,True,https://www.metmuseum.org/art/collection/search/467733,https://images.metmuseum.org/CRDImages/md/original/DT137.jpg,2,https://www.wikidata.org/wiki/Q29385455,,
468511,Lampstand,Lampstand,500–800,,,,Copper alloy,Overall: 54 x 9 in. (137.2 x 22.9 cm),Byzantine,,,,,,,,,,,Medieval Art,Metalwork-Copper alloy,,False,True,https://www.metmuseum.org/art/collection/search/468511,https://images.metmuseum.org/CRDImages/md/original/sf56-15-2s1.jpg,2,https://www.wikidata.org/wiki/Q116274759,,
473657,"Lance Head (""Flügellanz"")",Lance head; Flügellanz,ca. 9th–10th century,,,,Steel,19 5/8 x 3 13/16 x 1 7/8 in.  (49.8 x 9.7 x 4.8 cm),Carolingian or Ottonian,,,,,,,,,,,Medieval Art,Metalwork-Iron,,False,True,https://www.metmuseum.org/art/collection/search/473657,https://images.metmuseum.org/CRDImages/md/original/tr47212001s1.jpg,3,,,
478183,Brooch,Brooch,8th century BCE,,,,Copper alloy,Overall: 3 15/16 x 1 13/16 x 13/16 in. (10 x 4.6 x 2.1 cm),German,,,,,,,,,,,Medieval Art,Metalwork-Copper alloy,,False,True,https://www.metmuseum.org/art/collection/search/478183,https://images.metmuseum.org/CRDImages/md/original/sf2007-498-11.jpg,0,,,
464499,Circular Box (Pyxis) with the Women at Jesus' Tomb,Box,500s,,,,Elephant ivory with metalwork and paint,"Overall (with lid): 4 1/4 x 5 x 4 3/4 in. (10.8 x 12.7 x 12.1 cm)
Overall (Without lid): 4 1/4 x 5 x 4 3/8 in. (10.8 x 12.7 x 11.1 cm)
Top ((Lid)): 1 x 5 x 4 3/4 in. (2.5 x 12.7 x 12.1 cm)",Byzantine,Eastern Mediterranean,,,Tombs|Women,,,,,,,Medieval Art,Ivories-Elephant,,False,True,https://www.metmuseum.org/art/collection/search/464499,https://images.metmuseum.org/CRDImages/md/original/DP-34483-009.jpg,12,https://www.wikidata.org/wiki/Q116256741,,
464540,Fragment of a Flower,Enamel fragment,11th century,,,,"Cloisonné enamel, gold",Overall: 1/4 x 1/4 x 1/16 in. (0.6 x 0.6 x 0.1 cm),French,,,,,,,,,,,Medieval Art,Enamels-Cloisonné,,False,True,https://www.metmuseum.org/art/collection/search/464540,https://images.metmuseum.org/CRDImages/md/original/sf17-190-668s1.jpg,1,,,
479160,Glass Fragments,Fragment,4th century,,,,Glass (clear),Storage (petri dish diam.): 3 7/16 in. (8.8 cm),Coptic,Byzantine Egypt,,,,,,,,,,Medieval Art,Glass-Vessels,,False,True,https://www.metmuseum.org/art/collection/search/479160,https://images.metmuseum.org/CRDImages/md/original/cop0720.jpg,0,,,
469794,Belt Buckle Loop,Buckle loop,4th–7th century,,,,"Iron, silver inlay","Overall (attached together x.209.27, .33, .45): 5 3/8 x 3 1/16 x 13/16 in. (13.7 x 7.7 x 2 cm)
Overall (.33 loop only): 3 1/16 x 1 3/4 x 1/2 in. (7.7 x 4.5 x 1.3 cm)",Frankish,,,,,,,,,,,Medieval Art,Metalwork-Iron,,False,True,https://www.metmuseum.org/art/collection/search/469794,https://images.metmuseum.org/CRDImages/md/original/x209-27_33_45s1.jpg,1,,,
463412,Beaker and Cover,Beaker and cover,19th century (16th century style),,,,"Silver, partially gilt",Overall: 14 15/16 x 5 1/8 in. (37.9 x 13 cm),German,,,,,Friedrich Hillebrand,Artist,German,1580,1608,,Medieval Art,Metalwork-Silver,"German, 1580–1608",False,True,https://www.metmuseum.org/art/collection/search/463412,https://images.metmuseum.org/CRDImages/md/original/sf10-197abs1.jpg,10,,,http://vocab.getty.edu/page/ulan/500524358
465568,Rectangular Plaque,Plaque,middle of the 6th century,,,,Copper alloy,Overall: 1 3/4 x 13/16 x 3/16 in. (4.5 x 2 x 0.4 cm),Frankish,Germany,,Niederbreisig,,,,,,,,Medieval Art,Metalwork-Copper alloy,,False,True,https://www.metmuseum.org/art/collection/search/465568,https://images.metmuseum.org/CRDImages/md/original/sf17-193-244s1.jpg,1,,,
465141,Earring,Earring,6th–7th century,,,,Gold,"Overall: 1 5/8 x 9/16 x 7/8 x 11/16 in. (4.2 x 1.5 x 2.2 x 1.8 cm)
hoop: 7/8 in. (2.2 cm)
basket: 9/16 x 3/4 x 3/8 in. (1.5 x 1.9 x 1 cm)",Langobardic or Byzantine (?),Italy,,,,,,,,,,Medieval Art,Metalwork-Gold,,False,True,https://www.metmuseum.org/art/collection/search/465141,https://images.metmuseum.org/CRDImages/md/original/dp30348.jpg,1,https://www.wikidata.org/wiki/Q116251878,,
468802,Ornamental band,Ornamental band,late 16th century,,,,Iron,Overall: 8 7/16 x 2 1/16 x 1/16 in. (21.4 x 5.2 x 0.2 cm),German,,,,,,,,,,,Medieval Art,Metalwork-Iron,,False,True,https://www.metmuseum.org/art/collection/search/468802,https://images.metmuseum.org/CRDImages/md/original/sf87-11-357s1.jpg,1,,,
464943,Disk Brooch,Brooch,7th century,,,,"Gold, copper alloy",Overall: 1 1/16 x 3/8 in. (2.7 x 0.9 cm),Frankish,,,,,,,,,,,Medieval Art,Metalwork-Gold,,False,True,https://www.metmuseum.org/art/collection/search/464943,https://images.metmuseum.org/CRDImages/md/original/DP-41582-001.jpg,1,https://www.wikidata.org/wiki/Q116252372,,
478817,Bowl,Bowl,4th–7th century,,,,Earthenware,Overall: 1 9/16 x 4 3/16 in. (4 x 10.6 cm),Coptic,Byzantine Egypt,,,Bowls,,,,,,,Medieval Art,Ceramics,,False,True,https://www.metmuseum.org/art/collection/search/478817,https://images.metmuseum.org/CRDImages/md/original/cop0503s1.jpg,0,,,
463354,Key,Key,1st–4th century,,,,Copper alloy,Overall: 3 9/16 x 1 3/16 x 1 in. (9 x 3 x 2.5 cm),Roman,,,,,,,,,,,Medieval Art,Metalwork-Copper alloy,,False,True,https://www.metmuseum.org/art/collection/search/463354,https://images.metmuseum.org/CRDImages/md/original/sf10-100-156s1.jpg,3,,,
474745,Ostrakon with a Letter from Moses to Moses,Ostrakon,7th century,,,,Pottery fragment with ink inscription,4 3/4 x 6 5/16 in. (12 x 16 cm),Coptic,Byzantine Egypt,,Thebes,,,,,,,,Medieval Art,Ceramics,,False,True,https://www.metmuseum.org/art/collection/search/474745,https://images.metmuseum.org/CRDImages/md/original/sf14-1-42s1.jpg,1,,,
466487,Glass Fragment,Fragment,1700,,,,Glass,"a) Overall: 2 1/8 x 1 3/4 in. (5.4 x 4.5 cm)
b) Overall: 2 x 1 1/4 in. (5.1 x 3.2 cm)",North French,,,,Men,,,,,,,Medieval Art,Glass-Stained,,False,True,https://www.metmuseum.org/art/collection/search/466487,https://images.metmuseum.org/CRDImages/md/original/cdi23-229-3-9.jpg,0,,,
463027,Pilaster,Pilaster,16th century,,,,"Wood, gold leaf","9 ft. 5 in. × 5 1/4 in. × 5 1/4 in. (287 × 13.3 × 13.3 cm)
with modern base: 10 ft. 3 1/2 in. (313.7 cm)",Italian or French,,,,,,,,,,,Medieval Art,Woodwork-Architectural,,False,True,https://www.metmuseum.org/art/collection/search/463027,https://images.metmuseum.org/CRDImages/md/original/3117.jpg,0,,,
466503,Glass Fragment,Fragment,12th–15th century (?),,,,Glass,Overall: 1 1/2 x 1 3/4 in. (3.8 x 4.5 cm),Unknown,,,,,,,,,,,Medieval Art,Glass-Stained,,False,True,https://www.metmuseum.org/art/collection/search/466503,https://images.metmuseum.org/CRDImages/md/original/cdi23-229-3-13.jpg,0,,,
479340,Papyrus Fragment of a Letter,Fragment,ca. 600,,,,Papyrus and ink,"Overall: 4 3/16 x 2 13/16 in. (10.6 x 7.1 cm)
Framed: 6 x 4 in. (15.3 x 10.1 cm)",Coptic,Byzantine Egypt,,Thebes,,,,,,,,Medieval Art,Papyrus,,False,True,https://www.metmuseum.org/art/collection/search/479340,https://images.metmuseum.org/CRDImages/md/original/cop0908s1.jpg,0,,,
466579,Vase,Vase,16th century,,,,"Earthenware, tin-glaze",Overall: 12 3/8 x 10 11/16 in. (31.5 x 27.1 cm),Italian,,,,Dragons,,,,,,,Medieval Art,Ceramics,,False,True,https://www.metmuseum.org/art/collection/search/466579,https://images.metmuseum.org/CRDImages/md/original/sf24-159-2s1.jpg,5,,,
467346,Fragment,Fragment,15th century,,,,Pot-metal glass and vitreous paint,7 5/8 × 3 5/16 × 3/16 in. (19.4 × 8.4 × 0.4 cm),British (?),,,,,,,,,,,Medieval Art,Glass-Stained,,False,True,https://www.metmuseum.org/art/collection/search/467346,https://images.metmuseum.org/CRDImages/md/original/cdi30-73-87.jpg,0,,,
464188,Panel from the Tomb of Don Garcia Osorio,Panel,16th century,,,,Alabaster,Overall: 25 1/2 x 10 1/2 in. (64.8 x 26.7 cm),Spanish,,,,,,,,,,,Medieval Art,Sculpture-Stone,,False,True,https://www.metmuseum.org/art/collection/search/464188,https://images.metmuseum.org/CRDImages/md/original/cdi17-190-2122.jpg,0,,,
696568,Fragment,Fragment,ca. 1150–ca. 1250,,,,"Glass, ceramic",L. 1 1/8 in. (2.9 cm),European or Middle Eastern,,,,,,,,,,,Medieval Art,Glass-Vessels,,False,True,https://www.metmuseum.org/art/collection/search/696568,https://images.metmuseum.org/CRDImages/md/original/28.99.483.jpg,4,,,
478681,Bowl,Bowl,4th–7th century,,,,Earthenware,Overall: 2 1/16 x 4 3/16 in. (5.2 x 10.7 cm),Coptic,Byzantine Egypt,,,Bowls,,,,,,,Medieval Art,Ceramics,,False,True,https://www.metmuseum.org/art/collection/search/478681,https://images.metmuseum.org/CRDImages/md/original/cop0402s1.jpg,0,,,
474690,Papyri Fragments of a Letter,Fragment,7th century,,,,Papyrus and ink,Framed: 4 11/16 x 6 11/16 in. (11.9 x 17 cm),Coptic,Byzantine Egypt,,,,,,,,,,Medieval Art,Papyrus,,False,True,https://www.metmuseum.org/art/collection/search/474690,https://images.metmuseum.org/CRDImages/md/original/sf12-180-318s1.jpg,1,,,
466124,Square-Headed Bow Brooch,Brooch,500–600,,,,Gilded copper alloy inlaid with niello,Overall: 5 3/8 x 3 x 15/16 in. (13.6 x 7.6 x 2.4 cm),Anglo-Saxon,,,,,,,,,,,Medieval Art,Metalwork-Copper,,True,True,https://www.metmuseum.org/art/collection/search/466124,https://images.metmuseum.org/CRDImages/md/original/DP30059.jpg,0,https://www.wikidata.org/wiki/Q29385409,,
465041,Belt Plate,Belt plate,6th–7th century,,,,"Iron, silver and brass inlay",Overall: 1 9/16 x 1 9/16 x 3/16 in. (4 x 4 x 0.5 cm),Frankish,,,,,,,,,,,Medieval Art,Metalwork-Iron,,False,True,https://www.metmuseum.org/art/collection/search/465041,https://images.metmuseum.org/CRDImages/md/original/sf17-191-327s1.jpg,1,,,
465033,Disk Brooch,Brooch,ca. 550–650,,,,"Gold, glass, copper alloy, glass paste cabochons",Overall: 1 1/16 x 3/8 in. (2.7 x 1 cm),Frankish,,,,,,,,,,,Medieval Art,Metalwork-Copper alloy,,False,True,https://www.metmuseum.org/art/collection/search/465033,https://images.metmuseum.org/CRDImages/md/original/DP30195.jpg,0,,,
472628,Textile,Textile,ca. 1500,,,,"Wool, silk",Overall: 6 1/4 x 3 1/8in. (15.9 x 7.9cm),Italian,,,,,,,,,,,Medieval Art,Textiles-Woven,,False,True,https://www.metmuseum.org/art/collection/search/472628,https://images.metmuseum.org/CRDImages/md/original/temp1999371obv.jpg,1,,,
463208,Jug,Jug,15th century,,,,"Earthenware, tin-glaze",Overall: 8 1/4 x 6 3/8 in. (21 x 16.2 cm),Italian,,,,,,,,,,,Medieval Art,Ceramics,,False,True,https://www.metmuseum.org/art/collection/search/463208,https://images.metmuseum.org/CRDImages/md/original/sf09-194-3s4.jpg,4,,,
477326,Jar with Spout,Jar,4th–7th century,,,,Earthenware,Overall: 2 5/8 x 4 1/8 x 3 11/16 in. (6.6 x 10.5 x 9.4 cm),Coptic,Byzantine Egypt,,,,,,,,,,Medieval Art,Ceramics,,False,True,https://www.metmuseum.org/art/collection/search/477326,https://images.metmuseum.org/CRDImages/md/original/cop0191s1.jpg,0,,,
466263,Crossbow Fibula,Brooch,ca. 350–380,,,,Copper alloy,Overall: 3 3/16 x 2 1/16 x 1 1/16 in. (8.1 x 5.2 x 2.7 cm),Late Roman,,,,,,,,,,,Medieval Art,Metalwork-Bronze,,False,True,https://www.metmuseum.org/art/collection/search/466263,https://images.metmuseum.org/CRDImages/md/original/sf1993-3-6s7.jpg,4,,,
479163,Glass Fragments,Fragment,4th century,,,,Glass,Storage (petri dish diam.): 5 1/2 in. (14 cm),Coptic,Byzantine Egypt,,,,,,,,,,Medieval Art,Glass-Vessels,,False,True,https://www.metmuseum.org/art/collection/search/479163,https://images.metmuseum.org/CRDImages/md/original/cop0723.jpg,0,,,
477108,Glass Fragments,Fragment,4th–early 5th century,,,,Glass (green),Storage (petri dish): 3 9/16 x 3 9/16 in. (9.1 x 9.1 cm),Coptic,Byzantine Egypt,,,,,,,,,,Medieval Art,Glass,,False,True,https://www.metmuseum.org/art/collection/search/477108,https://images.metmuseum.org/CRDImages/md/original/cop0098.jpg,1,,,
478822,Bowl,Bowl,4th–7th century,,,,Earthenware,Overall: 1 9/16 x 4 1/8 in. (3.9 x 10.4 cm),Coptic,Byzantine Egypt,,,Bowls,,,,,,,Medieval Art,Ceramics,,False,True,https://www.metmuseum.org/art/collection/search/478822,https://images.metmuseum.org/CRDImages/md/original/cop0508s1.jpg,0,,,
465789,Beads from Necklaces,Necklace,500–600,,,,"Amber, amethyst, glass, and copper alloy","Overall: length of string 30 1/2 x 13/16 in. (77.5 x 2 cm)
Bead diameter: From 13/16 to 3/16 in. (2.0 to 0.5 cm)",Frankish,,,,,,,,,,,Medieval Art,Glass-Beads,,False,True,https://www.metmuseum.org/art/collection/search/465789,https://images.metmuseum.org/CRDImages/md/original/sf17-193-67s1.jpg,3,https://www.wikidata.org/wiki/Q116247221,,
464947,Bracelet with Spiral Designs,Bracelet,2nd century BCE,,,,Copper alloy,Overall: 2 13/16 x 2 11/16 x 3/8 in. (7.2 x 6.8 x 1 cm),Celtic,,,,,,,,,,,Medieval Art,Metalwork-Bronze,,False,True,https://www.metmuseum.org/art/collection/search/464947,https://images.metmuseum.org/CRDImages/md/original/sf17-191-243s1.jpg,0,https://www.wikidata.org/wiki/Q116252365,,
475002,Papyrus Fragment of a Letter,Fragment,580–640,,,,Papyrus with ink,"Overall: 1 15/16 x 4 1/2 in. (5 x 11.5 cm)
Framed: 2 13/16 x 5 3/16 in. (7.2 x 13.2 cm)",Coptic,Byzantine Egypt,,Thebes,,,,,,,,Medieval Art,Papyrus,,False,True,https://www.metmuseum.org/art/collection/search/475002,https://images.metmuseum.org/CRDImages/md/original/sf14-1-532s1.jpg,1,,,
478392,Manuscript Leaf with text in Bolorgir,Manuscript leaf,15th–16th century,,,,Ink on parchment (red & black),Overall: 5 3/8 x 4 in. (13.7 x 10.2 cm),Armenian,,,,,,,,,,,Medieval Art,Manuscripts and Illuminations,,False,True,https://www.metmuseum.org/art/collection/search/478392,https://images.metmuseum.org/CRDImages/md/original/tr403-2-2008s1.jpg,1,,,
474548,Ostrakon,Ostrakon,7th century,,,,Pottery fragment with ink inscription,2 11/16 x 2 13/16 in. (6.9 x 7.1 cm),Coptic,Byzantine Egypt,,,Documents,,,,,,,Medieval Art,Ceramics,,False,True,https://www.metmuseum.org/art/collection/search/474548,https://images.metmuseum.org/CRDImages/md/original/sf12-180-134s1.jpg,1,,,
464140,"Pricket Candlestick with Birds, Vines, and Leaves",Candlestick,1175–1200,,,,"Champlevé enamel, copper-gilt",Overall: 7 3/8 x 3 15/16 in. (18.8 x 10 cm),German,Germany,,possibly Hildesheim,Birds|Leaves|Vines,,,,,,,Medieval Art,Enamels-Champlevé,,False,True,https://www.metmuseum.org/art/collection/search/464140,https://images.metmuseum.org/CRDImages/md/original/sf17-190-183s3.jpg,3,,,
464659,Medallion,Medallion,before 1227,,,,"Copper, champlevé enamel",Overall: 3 7/16 x 3/16 in. (8.7 x 0.5 cm),French,France,,Limoges,Mythical Creatures,,,,,,,Medieval Art,Enamels-Champlevé,,False,True,https://www.metmuseum.org/art/collection/search/464659,https://images.metmuseum.org/CRDImages/md/original/DP-41942-001.jpg,3,https://www.wikidata.org/wiki/Q116252883,,
465920,Sarcophagus with Virgin and Child and the Arms of the Sanguinacci Family,Sarcophagus,late 13th century–early 14th century,,,,Red limestone,"Overall: 32 1/2 x 88 x 37 in. (82.6 x 223.5 x 94 cm)
rim thickness: 6 3/8 in. (16.2 cm)
interior depth: 25 5/8 in. (65.1 cm)",North Italian,,,,Madonna and Child|Insignia,,,,,,,Medieval Art,Sculpture-Stone,,False,True,https://www.metmuseum.org/art/collection/search/465920,https://images.metmuseum.org/CRDImages/md/original/DP218068.jpg,3,https://www.wikidata.org/wiki/Q116236458,,
474879,Ostrakon,Ostrakon,580–640,,,,Pottery fragment with ink inscription,4 15/16 x 3 1/16 in. (12.5 x 7.8 cm),Coptic,Byzantine Egypt,,Thebes,Coptic|Documents,,,,,,,Medieval Art,Ceramics,,False,True,https://www.metmuseum.org/art/collection/search/474879,https://images.metmuseum.org/CRDImages/md/original/sf14-1-188s1.jpg,1,,,
464565,Winged Dragon (one of five medallions from a coffret),Medallion,ca. 1110–30,,,,"Copper-gilt, champlevé enamel","Overall: 3 9/16 x 9/16 in. (9 x 1.4 cm)
Overall (with nail tangs): 3 15/16 x 9/16 in. (10 x 1.4 cm)",French,France,,Conques,Dragons,,,,,,,Medieval Art,Enamels-Champlevé,,False,True,https://www.metmuseum.org/art/collection/search/464565,https://images.metmuseum.org/CRDImages/md/original/sf17-190-692s1.jpg,0,https://www.wikidata.org/wiki/Q116255975,,
694346,Fragment,Fragment,ca. 1150–ca. 1250,,,,"Glass, ceramic",L. 1 3/4 in. (4.5 cm),European or Middle Eastern,,,,,,,,,,,Medieval Art,Glass-Vessels,,False,True,https://www.metmuseum.org/art/collection/search/694346,https://images.metmuseum.org/CRDImages/md/original/28.99.191.jpg,4,,,
473051,Goblet,Goblet,4th century,,,,Glass with vitreous paint,3 3/8 × 4 7/16 in. (8.6 × 11.2 cm),Coptic,Byzantine Egypt,,,Female Nudes|Dolphins,,,,,,,Medieval Art,Glass-Vessels,,False,True,https://www.metmuseum.org/art/collection/search/473051,https://images.metmuseum.org/CRDImages/md/original/61_208_1_MED_s12.jpg,10,,,
467202,Glass Fragment,Fragment,late 13th century,,,,Colorless glass,Overall: 2 1.2 x 1 3/4 inches (6.5 x 4.5 cm),French or British,,,,,,,,,,,Medieval Art,Glass-Stained,,False,True,https://www.metmuseum.org/art/collection/search/467202,https://images.metmuseum.org/CRDImages/md/original/cdi30-73-206.jpg,0,,,
468126,"Textile with Lions' Heads, Foliate Ornament, and pseudo-Arabic inscription",Textile,14th century,,,,Silk; twill and plain weave,12 1/2 × 18 1/2 in. (31.8 × 47 cm),Italian,,,,Lions,,,,,,,Medieval Art,Textiles-Woven,,False,True,https://www.metmuseum.org/art/collection/search/468126,https://images.metmuseum.org/CRDImages/md/original/DP258004.jpg,1,,,
466565,Missal Case,"Case, for a missal",15th century,,,,Cuir bouilli (tooled leather),Overall: 8 1/4 x 7 x 4 3/4 in. (21 x 17.8 x 12.1 cm),French,,,,,,,,,,,Medieval Art,Leatherwork,,False,True,https://www.metmuseum.org/art/collection/search/466565,https://images.metmuseum.org/CRDImages/md/original/sf24-135-2s1.jpg,6,https://www.wikidata.org/wiki/Q116243243,,
695360,Fragment,Fragment,ca. 1150–ca. 1250,,,,"Glass, ceramic",L. 1 1/2 in. (3.8 cm),European or Middle Eastern,,,,,,,,,,,Medieval Art,Glass-Vessels,,False,True,https://www.metmuseum.org/art/collection/search/695360,https://images.metmuseum.org/CRDImages/md/original/28.99.416.jpg,4,,,
464874,Belt Ornament,Belt ornament,ca. 575,,,,Silver,Overall (broken in two pieces/missing tip): 11/16 x 1 1/16 x 1/8 in. (1.7 x 2.7 x 0.3 cm),Avar or Byzantine,,,,,,,,,,,Medieval Art,Metalwork-Silver,,False,True,https://www.metmuseum.org/art/collection/search/464874,https://images.metmuseum.org/CRDImages/md/original/dp30603.jpg,0,,,
478700,Oil Lamp,Lamp,4th–7th century,,,,Earthenware,Overall: 1 11/16 x 3 3/8 x 2 9/16 in. (4.3 x 8.6 x 6.5 cm),Coptic,Byzantine Egypt,,,,,,,,,,Medieval Art,Ceramics,,False,True,https://www.metmuseum.org/art/collection/search/478700,https://images.metmuseum.org/CRDImages/md/original/cop0421s1.jpg,0,,,
474492,Ostrakon,Ostrakon,7th century,,,,Pottery fragment with ink inscription,2 15/16 x 3 1/2 in. (7.5 x 8.9 cm),Coptic,Byzantine Egypt,,,Coptic,,,,,,,Medieval Art,Ceramics,,False,True,https://www.metmuseum.org/art/collection/search/474492,https://images.metmuseum.org/CRDImages/md/original/sf12-180-80s1.jpg,1,,,
468143,Textile,Textile,13th century,,,,"Wool, silk","Overall: 3 1/2 × 8 1/16 in. (8.9 × 20.5 cm)
Storage (Mat): 8 1/2 × 13 in. (21.6 × 33 cm)",Italian,Italy,,,,,,,,,,Medieval Art,Textiles-Woven,,False,True,https://www.metmuseum.org/art/collection/search/468143,https://images.metmuseum.org/CRDImages/md/original/sf46-156-50s1.jpg,2,,,
475329,Fragment,Fragment,13th century,,,,Stained Glass,1 1/8 × 1 7/8 × 1/16 in. (2.9 × 4.8 × 0.2 cm),Crusader,,,,,,,,,,,Medieval Art,Glass-Stained,,False,True,https://www.metmuseum.org/art/collection/search/475329,https://images.metmuseum.org/CRDImages/md/original/sf28-99-637.jpg,0,,,
479258,Papyri Fragments,Fragment,7th century,,,,Papyrus and ink,Framed: 11 1/4 x 15 in. (28.5 x 38.1 cm),Coptic,Byzantine Egypt,,Thebes,,,,,,,,Medieval Art,Papyrus,,False,True,https://www.metmuseum.org/art/collection/search/479258,https://images.metmuseum.org/CRDImages/md/original/cop0857s1.jpg,0,,,
466032,Glass Fragment,Fragment,12th–14th century,,,,Pot-metal glass,Overall: 1 3/8 x 1 in. (3.5 x 2.5 cm),French,,,,,,,,,,,Medieval Art,Glass-Stained,,False,True,https://www.metmuseum.org/art/collection/search/466032,https://images.metmuseum.org/CRDImages/md/original/cdi1977-346-47.jpg,0,,,
467295,Glass Fragment,Fragment,17th century (?),,,,Colorless glass,Overall: 2 3/4 x 2 3/4 in. (7 x 7 cm),European,,,,,,,,,,,Medieval Art,Glass-Stained,,False,True,https://www.metmuseum.org/art/collection/search/467295,https://images.metmuseum.org/CRDImages/md/original/cdi30-73-41.jpg,0,,,
464133,"Box with Scenes from the Romance, “The Chatelaine de Vergy”",Box,ca. 1320–40,,,,"Elephant ivory, modern wood core","3 1/8 in. × 8 1/2 in. × 4 in. (7.9 × 21.6 × 10.2 cm)
Lid: 8 1/2 in. × 4 in. × 1/2 in. (21.6 × 10.2 × 1.3 cm)",French,France,,Paris,Weapons|Couples|Men|Women,,,,,,,Medieval Art,Ivories-Elephant,,False,True,https://www.metmuseum.org/art/collection/search/464133,https://images.metmuseum.org/CRDImages/md/original/sf17-190-177abs5.jpg,8,,,
463346,Key,Key,first half 14th century,,,,Iron,Overall: 13 x 2 1/4 x 1/2 in. (33 x 5.7 x 1.2 cm),German,,,,,,,,,,,Medieval Art,Metalwork-Iron,,False,True,https://www.metmuseum.org/art/collection/search/463346,https://images.metmuseum.org/CRDImages/md/original/sf10-100-147s1.jpg,1,,,
475266,Textile Fragment,Textile fragment,5th century,,,,"Linen, wool",Overall: 13 7/8 x 5 in. (35.2 x 12.7 cm),Coptic,Byzantine Egypt,,,,,,,,,,Medieval Art,Textiles-Woven,,False,True,https://www.metmuseum.org/art/collection/search/475266,https://images.metmuseum.org/CRDImages/md/original/sftr-20-905-2002s1.jpg,2,,,
468786,Door handle,Door handle,late 15th century,,,,Iron,"Overall (as if installed): 4 9/16 x 4 1/8 x 11/16 in. (11.6 x 10.4 x 1.8 cm)
Bail-a: 3 3/4 x 3 3/16 x 11/16 in. (9.5 x 8.1 x 1.8 cm)
Plate-b: 4 1/8 x 4 1/8 x 1/4 in. (10.4 x 10.4 x 0.7 cm)",German,,,,,,,,,,,Medieval Art,Metalwork-Iron,,False,True,https://www.metmuseum.org/art/collection/search/468786,https://images.metmuseum.org/CRDImages/md/original/sf87-11-106abs1.jpg,1,,,
477752,Fragment of a Stela,Stela,4th century,,,,"Wood, paint",Overall: 16 1/2 x 11 x 2 in. (41.9 x 27.9 x 5.1 cm),Coptic,Byzantine Egypt,,,,,,,,,,Medieval Art,Woodwork-Miscellany,,False,True,https://www.metmuseum.org/art/collection/search/477752,https://images.metmuseum.org/CRDImages/md/original/DP-12348-001.jpg,1,,,
466303,"Ring, Post",Post ring,16th century,,,,Iron,"Overall (as if installed a-c): 6 7/8 x 5 7/16 x 2 3/4 in. (17.5 x 13.8 x 7 cm)
Ring Knocker-a: 8 11/16 x 4 15/16 x 1 7/8 in. (22 x 12.6 x 4.8 cm)
Nail-b: 2 1/8 x 15/16 x 7/8 in. (5.4 x 2.4 x 2.3 cm)",Spanish,,,,,,,,,,,Medieval Art,Metalwork-Iron,,False,True,https://www.metmuseum.org/art/collection/search/466303,https://images.metmuseum.org/CRDImages/md/original/sf20-123-3a-cs1.jpg,2,,,
463527,Mould for a Stamp,Stamp,17th–18th century,,,,Limestone,Overall: Diam. 5 13/16 x 2 13/16 in. (Diam. 14.8 x 7.2 cm),Greek,,,,Angels|Saints,,,,,,,Medieval Art,Sculpture-Miniature,,False,True,https://www.metmuseum.org/art/collection/search/463527,https://images.metmuseum.org/CRDImages/md/original/sf11-150-40s1.jpg,2,,,
466742,"Manuscript Leaf with Initial F, from an Antiphonary",Antiphonary; Manuscript leaf,second quarter 15th century,,,,"Tempera, ink, and metal leaf on parchment",20 1/4 x 14 11/16 in.  (51.4 x 37.3 cm),German,Germany,,probably Mainz,,,,,,,,Medieval Art,Manuscripts and Illuminations,,False,True,https://www.metmuseum.org/art/collection/search/466742,https://images.metmuseum.org/CRDImages/md/original/temp2822537r.jpg,2,,,
465951,Bowl with Cheetah,Bowl,11th–13th century,,,,Engraved slipware,Overall: 3 7/8 x 10 1/16 in. (9.8 x 25.5 cm),Byzantine,,,,Cheetahs,,,,,,,Medieval Art,Ceramics,,False,True,https://www.metmuseum.org/art/collection/search/465951,https://images.metmuseum.org/CRDImages/md/original/BEE19711471.jpg,3,https://www.wikidata.org/wiki/Q116245795,,
478679,Bowl,Bowl,4th–7th century,,,,Earthenware,Overall: 1 15/16 x 5 9/16 in. (5 x 14.1 cm),Coptic,Byzantine Egypt,,,Bowls,,,,,,,Medieval Art,Ceramics,,False,True,https://www.metmuseum.org/art/collection/search/478679,https://images.metmuseum.org/CRDImages/md/original/cop0400s1.jpg,0,,,
467192,Glass Fragment,Fragment,14th century,,,,Pot metal glass,Overall: 4 1/2 x 7/8 inches (10.5 x 2 cm),European,,,,,,,,,,,Medieval Art,Glass-Stained,,False,True,https://www.metmuseum.org/art/collection/search/467192,https://images.metmuseum.org/CRDImages/md/original/cdi30-73-198.jpg,0,,,
467359,Glass Fragment,Fragment,late 15th–early 16th century,,,,Colorless glass,Overall: 4 x 4 1/4 in. (10 x 11 cm),South Netherlandish (?),,,,,,,,,,,Medieval Art,Glass-Stained,,False,True,https://www.metmuseum.org/art/collection/search/467359,https://images.metmuseum.org/CRDImages/md/original/cdi30-73-99.jpg,0,,,
468101,Triptych Panel with the Flagellation of Christ,Triptych panel,early 16th century,,,,"Painted enamel, copper",Overall: 7 15/16 x 3 1/4 x 1/16 in. (20.2 x 8.2 x 0.1 cm),French,France,,Limoges,Men|Crucifixion|Punishment,,,,,,,Medieval Art,Enamels-Painted,,False,True,https://www.metmuseum.org/art/collection/search/468101,https://images.metmuseum.org/CRDImages/md/original/sf45-174-49s1.jpg,2,,,
474971,Papyrus Fragment of a Letter,Fragment,7th century,,,,Papyrus with ink,"Overall: 1 x 6 in. (2.5 x 15.3 cm)
Framed: 1 15/16 x 6 3/4 in. (5 x 17.2 cm)",Coptic,Byzantine Egypt,,Thebes,,,,,,,,Medieval Art,Papyrus,,False,True,https://www.metmuseum.org/art/collection/search/474971,https://images.metmuseum.org/CRDImages/md/original/sf14-1-508s1.jpg,1,,,
465416,Cherry Stone from a Tomb,Cherry stone,500–600,,,,Cherry stone,Overall: 3/8 in. (1 cm),Frankish,Germany,,Niederbreisig,,,,,,,,Medieval Art,Miscellaneous,,False,True,https://www.metmuseum.org/art/collection/search/465416,https://images.metmuseum.org/CRDImages/md/original/sf17-193-11s1.jpg,0,,,
467731,Box with Standing Saints,Casket,14th century (with 19th century elements),,,,"Elephant ivory, gilded copper mounts",Overall: 2 3/4 x 5 9/16 x 4 5/8 in. (7 x 14.1 x 11.8 cm),"French (lid)/European (lower elements, hardware)","France (lid)/European (lower elements, hardware)",,,Men,,,,,,,Medieval Art,Ivories-Elephant,,False,True,https://www.metmuseum.org/art/collection/search/467731,https://images.metmuseum.org/CRDImages/md/original/sf41-100-158s5.jpg,9,,,
465671,Glass Palm Cup,Cup,7th–8th century,,,,Glass,Overall: 2 1/2 x 3 7/16 in. (6.4 x 8.7 cm),Frankish,,,,,,,,,,,Medieval Art,Glass-Vessels,,False,True,https://www.metmuseum.org/art/collection/search/465671,https://images.metmuseum.org/CRDImages/md/original/DP30011.jpg,0,https://www.wikidata.org/wiki/Q116247612,,
478669,Jug,Jug,4th–7th century,,,,Earthenware,Overall: 4 13/16 x 3 13/16 in. (12.3 x 9.7 cm),Coptic,Byzantine Egypt,,,,,,,,,,Medieval Art,Ceramics,,False,True,https://www.metmuseum.org/art/collection/search/478669,https://images.metmuseum.org/CRDImages/md/original/cop0390s1.jpg,1,,,
464930,Ferret,Ferret,6th–7th century,,,,"Copper alloy, silvered",Overall: 1 13/16 x 1/2 x 3/16 in. (4.6 x 1.3 x 0.4 cm),Frankish,,,,,,,,,,,Medieval Art,Metalwork-Copper alloy,,False,True,https://www.metmuseum.org/art/collection/search/464930,https://images.metmuseum.org/CRDImages/md/original/sf17-191-228s1.jpg,1,,,
474640,Ostrakon,Ostrakon,7th century,,,,Pottery fragment with ink inscription,7 1/16 x 8 7/8 in. (18 x 22.5 cm),Coptic,Byzantine Egypt,,,Documents,,,,,,,Medieval Art,Ceramics,,False,True,https://www.metmuseum.org/art/collection/search/474640,https://images.metmuseum.org/CRDImages/md/original/sf12-180-231s1.jpg,1,,,
464951,Torc,Torc,4th–3rd century BCE,,,,Copper alloy,Overall: 5 1/2 x 5/8 in. (14 x 1.6 cm),Celtic,,,,,,,,,,,Medieval Art,Metalwork-Bronze,,False,True,https://www.metmuseum.org/art/collection/search/464951,https://images.metmuseum.org/CRDImages/md/original/sf17-191-247s1.jpg,0,,,
464915,Hairpin,Hairpin,7th century,,,,Copper alloy,Overall: 6 5/16 x 3/16 in. (16 x 0.5 cm),Frankish,Northern France,,,,,,,,,,Medieval Art,Metalwork-Copper alloy,,False,True,https://www.metmuseum.org/art/collection/search/464915,https://images.metmuseum.org/CRDImages/md/original/sf17-191-214s1.jpg,1,,,
465428,Beaded Necklace,Necklace,5th–7th century,,,,"Glass, amber",Overall: length of string 28 7/8 x 1/2 in. (73.3 x 1.3 cm),Frankish,Germany,,Niederbreisig,,,,,,,,Medieval Art,Glass-Beads,,False,True,https://www.metmuseum.org/art/collection/search/465428,https://images.metmuseum.org/CRDImages/md/original/sf17-193-121s1.jpg,0,,,
466719,"Manuscript Leaf with Initial H, from an Antiphonary",Antiphonary; Manuscript leaf,second quarter 15th century,,,,"Tempera, ink, and metal leaf on parchment",18 7/8 x 14 1/16 in.  (48 x 35.7 cm),German,Germany,,probably Mainz,Music,,,,,,,Medieval Art,Manuscripts and Illuminations,,False,True,https://www.metmuseum.org/art/collection/search/466719,https://images.metmuseum.org/CRDImages/md/original/temp2822516r.jpg,2,,,
468265,Relief with Half Figure of an Angel,Relief,ca. 1430–35,,,,Marble (Lunense marble from Carrara),"19 × 25 5/8 × 8 1/8 in., 190 lb. (48.3 × 65.1 × 20.6 cm, 86.2 kg)",North Italian,Italy,,,,,,,,,,Medieval Art,Sculpture-Stone,,False,True,https://www.metmuseum.org/art/collection/search/468265,https://images.metmuseum.org/CRDImages/md/original/DP166821.jpg,9,https://www.wikidata.org/wiki/Q116276114,,
474442,Key on Ring,Key,395–640,,,,Copper alloy,Overall: 1 11/16 x 1 1/16 x 3/8 in. (4.3 x 2.7 x 0.9 cm),Byzantine,,,,,,,,,,,Medieval Art,Metalwork-Brass,,False,True,https://www.metmuseum.org/art/collection/search/474442,https://images.metmuseum.org/CRDImages/md/original/sf10-130-1375s1.jpg,0,,,
478762,"Wood, Whorl, Lid and Stick",Fragment,4th–7th century,,,,Wood,"Overall (whorl): 7/8 x 1 9/16 in. (2.3 x 3.9 cm)
Overall (lid): 3/4 x 1 1/16 in. (1.9 x 2.7 cm)
Overall (stick): 4 1/4 x 1/4 in. (10.8 x 0.7 cm)",Coptic,Byzantine Egypt,,,,,,,,,,Medieval Art,Woodwork-Miscellany,,False,True,https://www.metmuseum.org/art/collection/search/478762,https://images.metmuseum.org/CRDImages/md/original/cop0483s1.jpg,1,,,
479383,Manuscript Leaves from an Arabic Manuscript,Manuscript leaves,6th–14th century (?),,,,Ink on paper,Overall (closed): 9 x 7 1/16 in. (22.8 x 18 cm),Arabic,Byzantine Egypt,,,Arabic,,,,,,,Medieval Art,Manuscripts and Illuminations,,False,True,https://www.metmuseum.org/art/collection/search/479383,https://images.metmuseum.org/CRDImages/md/original/sf21-148-5s1.jpg,3,,,
695348,Fragment,Fragment,ca. 1150–ca. 1250,,,,"Glass, ceramic",L. 1 3/8 in. (3.5 cm),European or Middle Eastern,,,,,,,,,,,Medieval Art,Glass-Vessels,,False,True,https://www.metmuseum.org/art/collection/search/695348,https://images.metmuseum.org/CRDImages/md/original/28.99.405.jpg,4,,,
468744,Key Ring with Lovers,Key ring,late 15th century,,,,Copper alloy,Overall: 3 9/16 x 2 3/4 x 5/8 in. (9.1 x 7 x 1.6 cm),German,,,,Couples|Men|Women,,,,,,,Medieval Art,Metalwork-Copper alloy,,False,True,https://www.metmuseum.org/art/collection/search/468744,https://images.metmuseum.org/CRDImages/md/original/sf68-141-2s1.jpg,1,,,
474382,Pilgrim's Badge with Becket's Gloves,Pilgrim's Badge,15th century,,,,Tin/pewter,Overall: 1 3/16 x 1 x 1/4 in. (3 x 2.6 x 0.6 cm),British,England,,Bury St. Edmunds,Gloves,,,,,,,Medieval Art,Metalwork-Pewter,,False,True,https://www.metmuseum.org/art/collection/search/474382,https://images.metmuseum.org/CRDImages/md/original/tr248-20-2002s1.jpg,1,,,
467337,Fragment,Fragment,16th century,,,,Pot-metal glass and vitreous paint,4 1/4 × 5 × 5/16 in. (10.8 × 12.7 × 0.8 cm),European,,,,,,,,,,,Medieval Art,Glass-Stained,,False,True,https://www.metmuseum.org/art/collection/search/467337,https://images.metmuseum.org/CRDImages/md/original/cdi30-73-79.jpg,0,,,
479103,Fragment of Bowl,Fragment,4th–early 5th century,,,,Glass,Overall: 2 3/16 in. (5.5 cm),Coptic,Byzantine Egypt,,,Bowls,,,,,,,Medieval Art,Glass-Vessels,,False,True,https://www.metmuseum.org/art/collection/search/479103,https://images.metmuseum.org/CRDImages/md/original/cop0779.jpg,0,,,
462902,Key-Handle,Key handle,1st–7th century,,,,"Copper alloy, iron",Overall: 3 3/16 x 1 7/8 x 1 1/16 in. (8.1 x 4.8 x 2.7 cm),Roman,,,,,,,,,,,Medieval Art,Metalwork-Copper alloy,,False,True,https://www.metmuseum.org/art/collection/search/462902,https://images.metmuseum.org/CRDImages/md/original/sf06-176-2s1.jpg,2,,,
478752,Fragments,Fragment,4th–7th century,,,,"Stone, shell, glass, metal, glazed earthenware (faience)",Storage (petri dish diam.): 5 13/16 in. (14.7 cm),Coptic,Byzantine Egypt,,,,,,,,,,Medieval Art,Miscellaneous,,False,True,https://www.metmuseum.org/art/collection/search/478752,https://images.metmuseum.org/CRDImages/md/original/cop0473s1.jpg,0,,,
463756,Ecclesiastical Figure,Statuette,15th century,,,,Sandstone,"H: 31 1/2"" (80 cm)",French,,,,,,,,,,,Medieval Art,Sculpture-Stone,,False,True,https://www.metmuseum.org/art/collection/search/463756,https://images.metmuseum.org/CRDImages/md/original/sf33665.jpg,0,,,
477764,Knob,Knob,4th century,,,,Bone,Overall: 5/8 x 9/16 in. (1.6 x 1.5 cm),Coptic,Byzantine Egypt,,,,,,,,,,Medieval Art,Bone,,False,True,https://www.metmuseum.org/art/collection/search/477764,https://images.metmuseum.org/CRDImages/md/original/sf31-8-21s2.jpg,0,,,
466504,Glass Fragment,Fragment,14th century,,,,Colorless glass,Overall: 2 x 1 1/2 in. (5.1 x 3.8 cm),French,France,,,,,,,,,,Medieval Art,Glass-Stained,,False,True,https://www.metmuseum.org/art/collection/search/466504,https://images.metmuseum.org/CRDImages/md/original/cdi23-229-5-14.jpg,0,,,
466047,"Solidus of Constantius II (Sole Emperor, 353–361)",Solidus,353–361,,,,Gold,Overall: 13/16 x 1/16 in. (2.1 x 0.1 cm),Byzantine,,,,,,,,,,,Medieval Art,Coins,,False,True,https://www.metmuseum.org/art/collection/search/466047,https://images.metmuseum.org/CRDImages/md/original/sf1979-268-1s1.jpg,1,,,
464309,Processional Cross,Cross,13th century,,,,"Champlevé enamel, gilt copper and rock crystals",28 5/8 × 13 7/8 × 1 3/4 in. (72.7 × 35.2 × 4.4 cm),French,France,,Limoges,Christ,,,,,,,Medieval Art,Enamels-Champlevé,,False,True,https://www.metmuseum.org/art/collection/search/464309,https://images.metmuseum.org/CRDImages/md/original/cdi17-190-332.jpg,3,,,
463702,Bowl Base with a Marriage Scene,Bowl fragment,4th–5th century,,,,"Glass, gold leaf",Overall: 3 5/16 x 3/16 in. (8.4 x 0.5 cm),Roman or Byzantine,,,,Couples|Men|Women,,,,,,,Medieval Art,Glass-Gold glass,,False,True,https://www.metmuseum.org/art/collection/search/463702,https://images.metmuseum.org/CRDImages/md/original/DP246982.jpg,3,https://www.wikidata.org/wiki/Q116275654,,
469067,Jug,Jug,6th–7th century,,,,Glass,Overall: 3 7/16 x 2 11/16 x 3 1/16 in. (8.7 x 6.8 x 7.8 cm),Jewish,,,,,,,,,,,Medieval Art,Glass-Vessels,,False,True,https://www.metmuseum.org/art/collection/search/469067,https://images.metmuseum.org/CRDImages/md/original/sf99-21-4s1.jpg,5,,,
463344,Key,Key,15th century,,,,Copper alloy,Overall: 2 11/16 x 1 3/16 x 5/16 in. (6.8 x 3 x 0.8 cm),German,,,,,,,,,,,Medieval Art,Metalwork-Iron,,False,True,https://www.metmuseum.org/art/collection/search/463344,https://images.metmuseum.org/CRDImages/md/original/sf10-100-144s1.jpg,1,,,
465446,Ferret,Ferret,6th–7th century,,,,Copper alloy,Overall: 1 1/4 x 1/2 x 1/4 in. (3.2 x 1.2 x 0.6 cm),Frankish,,,,,,,,,,,Medieval Art,Metalwork-Copper alloy,,False,True,https://www.metmuseum.org/art/collection/search/465446,https://images.metmuseum.org/CRDImages/md/original/sf17-193-137as1.jpg,1,,,
464089,Gold Belt Mount with Loop,Belt mount,700s,,,,Gold,"2 1/4 × 1 1/4 × 5/16 in., 2.154 Troy Ounces (5.7 × 3.2 × 0.8 cm, 67g)",Avar,,,,,,,,,,,Medieval Art,Metalwork-Gold,,False,True,https://www.metmuseum.org/art/collection/search/464089,https://images.metmuseum.org/CRDImages/md/original/dp30453.jpg,1,https://www.wikidata.org/wiki/Q116274081,,
467491,Pyx,Pyx,13th century,,,,"Champlevé enamel, copper-gilt",Overall: 4 1/8 x 3 1/8 x 2 5/8 in. (10.5 x 8 x 6.6 cm),Spanish,Spain,,Burgos,,,,,,,,Medieval Art,Enamels-Champlevé,,False,True,https://www.metmuseum.org/art/collection/search/467491,https://images.metmuseum.org/CRDImages/md/original/sf32-100-283s1.jpg,6,,,
473289,Cross,Cross,11th century,,,,Steatite,Overall: 3 7/16 x 2 1/16 x 3/8 in. (8.7 x 5.2 x 0.9 cm),Byzantine,Syria,,,Christ|Cross,,,,,,,Medieval Art,Steatites,,False,True,https://www.metmuseum.org/art/collection/search/473289,https://images.metmuseum.org/CRDImages/md/original/sf2002-483-4s1.jpg,3,,,
464588,Virgin and Child,Statue,14th century,,,,Marble with traces of polychromy,Overall: 36 x 10 1/2 x 7 1/4in. (91.4 x 26.7 x 18.4cm),French,,,,,,,,,,,Medieval Art,Sculpture-Stone,,False,True,https://www.metmuseum.org/art/collection/search/464588,https://images.metmuseum.org/CRDImages/md/original/sf17-190-717s1.jpg,11,,,
465502,Bead,Bead,500–600,,,,Stone,Overall: 3/8 x 1 in. (0.9 x 2.5 cm),Frankish,,,,,,,,,,,Medieval Art,Miscellaneous-Stone,,False,True,https://www.metmuseum.org/art/collection/search/465502,https://images.metmuseum.org/CRDImages/md/original/sf17-193-186s1.jpg,0,,,
466260,Ring from a Pennanular Brooch,Brooch,9th century,,,,Bronze,Overall: 1 7/8 x 1 3/4 x 5/8 in. (4.7 x 4.5 x 1.6 cm),Anglo-Saxon,,,,,,,,,,,Medieval Art,Metalwork-Bronze,,False,True,https://www.metmuseum.org/art/collection/search/466260,https://images.metmuseum.org/CRDImages/md/original/sf1993-3-3s1.jpg,1,,,
475756,Jug,Jug,4th–7th century,,,,Earthenware,Overall: 8 1/2 x 3 15/16 in. (21.6 x 10 cm),Coptic,Byzantine Egypt,,,,,,,,,,Medieval Art,Ceramics,,False,True,https://www.metmuseum.org/art/collection/search/475756,https://images.metmuseum.org/CRDImages/md/original/cop0011s1.jpg,0,,,
467722,Saint Ursula of Cologne and Four Virgin Martyrs,Statuette,ca. 1500,,,,"Oak, polychromy and gilding",Overall: 14 1/2 x 4 3/4 x 3 5/8 in. (36.8 x 12.1 x 9.2 cm),South Netherlandish,,,,Women,,,,,,,Medieval Art,Sculpture-Wood,,False,True,https://www.metmuseum.org/art/collection/search/467722,https://images.metmuseum.org/CRDImages/md/original/DP144119.jpg,14,,,
465085,Box seal,Seal,3rd century,,,,"Champlevé enamel, copper alloy",Overall: 1 5/16 x 13/16 x 1/4 in. (3.3 x 2.1 x 0.6 cm),Roman,,,,,,,,,,,Medieval Art,Enamels-Champlevé,,False,True,https://www.metmuseum.org/art/collection/search/465085,https://images.metmuseum.org/CRDImages/md/original/sf17-191-39s4.jpg,3,,,
465431,Hairpin,Hairpin,500–700,,,,Bronze-gilt,"Overall (a-c): 5 5/16 x 9/16 in. (13.5 x 1.5 cm)
a knop only: 7/8 x 9/16 in. (2.2 x 1.5 cm)
b part of a shaft only: 2 1/4 x 1/8 in. (5.7 x 0.3 cm)
c lower part of a shaft only: 2 3/16 x 3/16 in. (5.6 x 0.5 cm)",Frankish,Germany,,Niederbreisig,,,,,,,,Medieval Art,Metalwork-Bronze,,False,True,https://www.metmuseum.org/art/collection/search/465431,https://images.metmuseum.org/CRDImages/md/original/sf17-193-124a-cs1.jpg,3,,,
466332,Column,Column,5th–6th century,,,,Marble,Overall: 74 1/4 x 17 1/2 x 17 3/4 in. (188.6 x 44.5 x 45.1 cm),Frankish,Southern France,,Toulouse,,,,,,,,Medieval Art,Sculpture-Architectural,,False,True,https://www.metmuseum.org/art/collection/search/466332,https://images.metmuseum.org/CRDImages/md/original/sf21-172-1s1.jpg,0,https://www.wikidata.org/wiki/Q116243650,,
462930,Key Handle,Key handle,1st–7th century,,,,Copper alloy,Overall: 2 3/8 x 7/8 in. (6.1 x 2.3 cm),Roman,,,,,,,,,,,Medieval Art,Metalwork-Bronze,,False,True,https://www.metmuseum.org/art/collection/search/462930,https://images.metmuseum.org/CRDImages/md/original/sf06-176-45s1.jpg,2,,,
464544,Medallion with Saint Luke from an Icon Frame,Medallion,ca. 1100,,,,"Gold, silver, and enamel worked in cloisonné","Diam: 3 1/4 in. (8.3 cm)
Mount: 20 1/2 x 15 x 7/8 in. (52.1 x 38.1 x 2.2 cm)",Byzantine,,,Constantinople,Men|Saints,,,,,,,Medieval Art,Enamels-Cloisonné,,False,True,https://www.metmuseum.org/art/collection/search/464544,https://images.metmuseum.org/CRDImages/md/original/sf17-190-671s1.jpg,3,https://www.wikidata.org/wiki/Q116256070,,
465772,Double-Sided Comb,Comb,7th century,,,,Bone,Overall: 7 x 1 3/8 x 1/2 in. (17.8 x 3.5 x 1.3 cm),Frankish,Germany,,Niederbreisig,,,,,,,,Medieval Art,Bone,,False,True,https://www.metmuseum.org/art/collection/search/465772,https://images.metmuseum.org/CRDImages/md/original/sf17-193-53s2.jpg,1,,,
463227,"Textile, Brocade",Textile,15th century,,,,"Satin, gold thread","Overall: 4 1/2 × 4 11/16 in. (11.5 × 11.9 cm)
Storage (Mat): 8 1/2 × 13 in. (21.6 × 33 cm)",Italian,Italy,,Venice,,,,,,,,Medieval Art,Textiles-Woven-Brocade,,False,True,https://www.metmuseum.org/art/collection/search/463227,https://images.metmuseum.org/CRDImages/md/original/sf09-50-1000s1.jpg,1,,,
468208,Marble Decorative Panels,Relief,10th–11th century,,,,Marble,Overall: 27 1/2 x 33 1/2 x 1 1/8 in. (69.9 x 85.1 x 2.9 cm),Byzantine,,,possibly Constantinople,,,,,,,,Medieval Art,Sculpture-Architectural,,False,True,https://www.metmuseum.org/art/collection/search/468208,https://images.metmuseum.org/CRDImages/md/original/sf47-100-46s1.jpg,0,https://www.wikidata.org/wiki/Q116276309,,
469810,Belt Buckle Tongue,Buckle tongue,4th–7th century,,,,"Iron, silver inlay","Overall (attached with x.209.4, .38, .48): 4 13/16 x 2 5/16 x 7/8 in. (12.2 x 5.9 x 2.2 cm)
Overall (.48 tongue only): 1 15/16 x 1 1/4 x 7/16 in. (4.9 x 3.2 x 1.1 cm)",Frankish,,,,,,,,,,,Medieval Art,Metalwork-Iron,,False,True,https://www.metmuseum.org/art/collection/search/469810,https://images.metmuseum.org/CRDImages/md/original/x209-4_38_48s1.jpg,1,,,
465513,Pebble,Pebble,500–700,,,,Flint,Overall: 1 15/16 x 1 1/4 x 11/16 in. (5 x 3.1 x 1.7 cm),Frankish,Germany,,Niederbreisig,,,,,,,,Medieval Art,Miscellaneous-Stone,,False,True,https://www.metmuseum.org/art/collection/search/465513,https://images.metmuseum.org/CRDImages/md/original/sf17-193-196s1.jpg,2,,,
466752,"Manuscript Leaf with Initial L, from an Antiphonary",Antiphonary; Manuscript leaf,second quarter 15th century,,,,"Tempera, ink, and metal leaf on parchment",20 3/16 x 14 13/16 in.  (51.3 x 37.6 cm),German,Germany,,probably Mainz,,,,,,,,Medieval Art,Manuscripts and Illuminations,,False,True,https://www.metmuseum.org/art/collection/search/466752,https://images.metmuseum.org/CRDImages/md/original/temp2822546r.jpg,1,,,
465874,Jar,Jar,1200–1400,,,,Earthenware with slip decoration and partial glaze,Overall: 5 1/8 x 6 1/8 x 5 3/8 in. (13 x 15.5 x 13.7 cm),French,,,,,,,,,,,Medieval Art,Ceramics,,False,True,https://www.metmuseum.org/art/collection/search/465874,https://images.metmuseum.org/CRDImages/md/original/sf17-194-2187s1.jpg,6,https://www.wikidata.org/wiki/Q116246408,,
464213,Medallion with Youth Leading Long-necked Animal,Medallion,ca. 1240–60,,,,Copper: engraved and gilt; champlevé enamel: medium and light blue and white,Overall: 3 9/16 x 1/16 in. (9 x 0.2 cm),French,France,,Limoges,Animals|Men,,,,,,,Medieval Art,Enamels-Champlevé,,False,True,https://www.metmuseum.org/art/collection/search/464213,https://images.metmuseum.org/CRDImages/md/original/sf17-190-2153s1.jpg,0,,,
477724,Canopy from the tomb of Philip III (the Bold) of France (1245-1285),Tomb Canopy,1297–1307,,,,Marble,Overall: 15 3/4 x 28 1/2 x 19 3/4 in. (40 x 72.4 x 50.2 cm),French,France,,,Heads|Men,Jean d'Arras,Artist,French,1250,1350,,Medieval Art,Sculpture-Architectural-Stone,"French, active 1297–1307",False,True,https://www.metmuseum.org/art/collection/search/477724,https://images.metmuseum.org/CRDImages/md/original/sf2007-540s5.jpg,13,https://www.wikidata.org/wiki/Q116277818,https://www.wikidata.org/wiki/Q98596435,http://vocab.getty.edu/page/ulan/500320114
464240,Container with Figures under an Arcade,Container,19th century,,,,Elephant ivory,Overall: 6 1/8 x 4 1/2 in. (15.5 x 11.5 cm),European (Antique style),,,,Men,,,,,,,Medieval Art,Ivories-Elephant,,False,True,https://www.metmuseum.org/art/collection/search/464240,https://images.metmuseum.org/CRDImages/md/original/sf17-190-240abs01.jpg,15,,,
468570,"Manuscript Illumination with Salvator Mundi in an Initial P, from a Choir Book",Choir Book; Manuscript cutting,early 16th century,,,,"Tempera, ink, and gold on parchment","Overall: 3 9/16 x 4 1/8 in. (9 x 10.5 cm)
Study mat: 7 x 9 in. (17.8 x 22.8 cm)",Italian,Italy,,Venice or Padua,Cross,,,,,,,Medieval Art,Manuscripts and Illuminations,,False,True,https://www.metmuseum.org/art/collection/search/468570,https://images.metmuseum.org/CRDImages/md/original/sf60-66-23s1.jpg,1,,,
464018,Plaque with Scenes from the Story of Joshua,Plaque,900–1000,,,,"Elephant ivory, traces of polychromy, gilding; bone (border strips)","a: 2 1/2 x 3 9/16 x 1/4 in. (6.3 x 9 x 0.6 cm)
b: 1 1/16 x 3 9/16 x 1/16 in. (2.7 x 9.1 x 0.2 cm)
c: 3 5/8 x 1 x 1/16 in. (9.2 x 2.6 x 0.2 cm)",Byzantine,,,Constantinople,Men,,,,,,,Medieval Art,Ivories-Elephant,,False,True,https://www.metmuseum.org/art/collection/search/464018,https://images.metmuseum.org/CRDImages/md/original/LC_17_190_137a-cs_1.jpg,2,https://www.wikidata.org/wiki/Q116236492,,
478840,Bowl,Bowl,4th–7th century,,,,Earthenware,Overall: 2 3/8 x 3 7/8 in. (6 x 9.9 cm),Coptic,Byzantine Egypt,,,Bowls,,,,,,,Medieval Art,Ceramics,,False,True,https://www.metmuseum.org/art/collection/search/478840,https://images.metmuseum.org/CRDImages/md/original/cop0526s1.jpg,0,,,
464838,Disk Brooch,Brooch,6th century,,,,"Silver, garnets with patterned foil backings, central garnet",Overall: 13/16 x 1/4 in. (2.1 x 0.6 cm),Frankish,,,,,,,,,,,Medieval Art,Metalwork-Silver,,False,True,https://www.metmuseum.org/art/collection/search/464838,https://images.metmuseum.org/CRDImages/md/original/DP30104.jpg,0,,,
467825,Painted Copy of Deesis Mosaic,Panel,late 1930s (original dated 1261–1300),,,,Paint on canvas,12 ft. 11 1/2 in. × 19 ft. 8 7/8 in. (395 × 601.7 cm),Byzantine,,,Constantinople (original),Christ|Saint John the Baptist|Virgin Mary,,,,,,,Medieval Art,Reproductions-Mosaics,,False,True,https://www.metmuseum.org/art/collection/search/467825,https://images.metmuseum.org/CRDImages/md/original/sf41-137s1.jpg,1,https://www.wikidata.org/wiki/Q116276810,,
463258,Textile,Textile,15th century,,,,Linen,"Overall: 2 3/16 × 2 9/16 in. (5.5 × 6.5 cm)
Storage (Mat): 5 1/2 × 8 1/2 in. (14 × 21.6 cm)",German,,,,,,,,,,,Medieval Art,Textiles-Woven,,False,True,https://www.metmuseum.org/art/collection/search/463258,https://images.metmuseum.org/CRDImages/md/original/sf09-50-1273s1.jpg,1,,,
463807,Trumpeter,Statuette,ca. 1500,,,,"Oak, traces of polychromy and gilding","Overall (w/ mount): 33 9/16 x 27 x 9 1/2 in. (85.2 x 68.6 x 24.1 cm)
Overall (w/out mount): 30 9/16 x 25 1/2 x 9 in. (77.6 x 64.8 x 22.9 cm)",South Netherlandish,,,,Men|Horses|Musicians,,,,,,,Medieval Art,Sculpture-Wood,,False,True,https://www.metmuseum.org/art/collection/search/463807,https://images.metmuseum.org/CRDImages/md/original/sf16-32-205s1.jpg,8,,,
467081,Plate,Plate,late 1400s or early 1500s,,,,Tin-glazed earthenware (cuerda seca technique),Overall: Diam. 9 1/4 x 1 7/16 in. (Diam. 23.5 x 3.7 cm),Spanish,Spain,,Seville,Animals,,,,,,,Medieval Art,Ceramics,,False,True,https://www.metmuseum.org/art/collection/search/467081,https://images.metmuseum.org/CRDImages/md/original/sf30-53-2s1.jpg,2,https://www.wikidata.org/wiki/Q116281681,,
466569,Bible,Book,1477 (printing); 1478 (binding),,,,"Binding: leather (stamped & tooled) with engraved brass fittings, ink printed on paper, 1st folio hand colored in tempera, metal leaf, and shell gold",Overall: 16 1/4 x 12 x 4 7/8 in. (41.3 x 30.5 x 12.4 cm),German,Germany,,Nuremberg,Coat of Arms,,,,,,,Medieval Art,Leatherwork,,False,True,https://www.metmuseum.org/art/collection/search/466569,https://images.metmuseum.org/CRDImages/md/original/sf24-142-2s5.jpg,19,https://www.wikidata.org/wiki/Q116243222,,
478442,Bowl,Bowl,4th–7th century,,,,Earthenware,H: 2 1/16 in  (5.3 cm); Diameter: 4 1/2 in. (11.4 cm),Coptic,Byzantine Egypt,,,Bowls,,,,,,,Medieval Art,Ceramics,,False,True,https://www.metmuseum.org/art/collection/search/478442,https://images.metmuseum.org/CRDImages/md/original/cop0253.jpg,0,,,
462945,Key,Key,1st–7th century,,,,Copper alloy,Overall: 1 15/16 x 15/16 x 15/16 in. (4.9 x 2.4 x 2.4 cm),Roman,,,,,,,,,,,Medieval Art,Metalwork-Bronze,,False,True,https://www.metmuseum.org/art/collection/search/462945,https://images.metmuseum.org/CRDImages/md/original/sf06-176-59s1.jpg,2,,,
465659,Beaded Necklace,Necklace,500–600,,,,"Glass, amber, glazed earthenware (faience), silver ring, copper alloy rings",Overall: length of string 28 7/8 x 13/16 in. (73.4 x 2.1 cm),Frankish,Germany,,Niederbreisig,,,,,,,,Medieval Art,Glass-Beads,,False,True,https://www.metmuseum.org/art/collection/search/465659,https://images.metmuseum.org/CRDImages/md/original/sf17-193-323s1.jpg,1,,,
479107,Neck and Rim of a Vessel,Fragment,4th–early 5th century,,,,Glass,Storage (petri dish diam.): 3 7/16 in. (8.8 cm),Coptic,Byzantine Egypt,,,,,,,,,,Medieval Art,Glass-Vessels,,False,True,https://www.metmuseum.org/art/collection/search/479107,https://images.metmuseum.org/CRDImages/md/original/cop0782.jpg,0,,,
479663,Game Piece with Zodiac Sign of Cancer or Scorpio,Game piece,mid-12th century,,,,Walrus ivory,Overall: 2 7/16 x 1/2 in. (6.2 x 1.3 cm),North French,,,,Crabs|Zodiac|Games,,,,,,,Medieval Art,Ivories-Walrus,,False,True,https://www.metmuseum.org/art/collection/search/479663,https://images.metmuseum.org/CRDImages/md/original/DP273139.jpg,1,https://www.wikidata.org/wiki/Q116275653,,
468785,Door Handle,Door handle,15th–16th century,,,,Iron,"Overall (as if installed): 1 9/16 x 1 5/16 x 3 9/16 in. (4 x 3.3 x 9 cm)
Bail-a: 1 7/8 x 1 5/16 x 1/4 in. (4.7 x 3.3 x 0.7 cm)
Plate-b: 1 1/16 x 3/16 in. (2.7 x 0.4 cm)",German,,,,,,,,,,,Medieval Art,Metalwork-Iron,,False,True,https://www.metmuseum.org/art/collection/search/468785,https://images.metmuseum.org/CRDImages/md/original/sf87-11-10abs1.jpg,1,,,
479127,Glass Fragment,Fragment,4th–early 5th century,,,,Glass,Overall: 1 5/16 x 11/16 x 1/2 in. (3.3 x 1.8 x 1.2 cm),Coptic,Byzantine Egypt,,,,,,,,,,Medieval Art,Glass-Vessels,,False,True,https://www.metmuseum.org/art/collection/search/479127,https://images.metmuseum.org/CRDImages/md/original/cop0802.jpg,0,,,
474211,Textile Fragment,Textile fragment,6th–8th century,,,,"Linen, wool",Overall: 12 3/8 x 3 3/4in. (31.5 x 9.5cm),Byzantine,,,,Human Figures,,,,,,,Medieval Art,Textiles-Woven,,False,True,https://www.metmuseum.org/art/collection/search/474211,https://images.metmuseum.org/CRDImages/md/original/DP104106.jpg,0,,,
465196,Square-Headed Bow Brooch,Brooch,first half of 6th century,,,,"Copper alloy, gilt,  silvered on inner face",Overall: 2 1/2 x 1 1/4 x 1/2 in. (6.4 x 3.2 x 1.2 cm),Langobardic,,,,,,,,,,,Medieval Art,Metalwork-Copper alloy,,False,True,https://www.metmuseum.org/art/collection/search/465196,https://images.metmuseum.org/CRDImages/md/original/DP30031.jpg,0,,,
464810,Gold Coin of the Veneti or Namneti,Coin,mid-2nd century BCE,,,,Gold,"3/4 × 13/16 × 1/8 in., 0.3oz. (1.9 × 2.1 × 0.3 cm, 7.9g)",Celtic,,,,Faces|Men,,,,,,,Medieval Art,Coins,,False,True,https://www.metmuseum.org/art/collection/search/464810,https://images.metmuseum.org/CRDImages/md/original/DP-16302-001.jpg,1,https://www.wikidata.org/wiki/Q116410487,,
466342,Paten,Paten,16th century,,,,"Brass, formerly silver plated",Overall: 1/4 x 6 7/8 in. (0.6 x 17.5 cm),South Netherlandish,,,,Donkeys|Angels|Christ|Madonna and Child,,,,,,,Medieval Art,Metalwork-Brass,,False,True,https://www.metmuseum.org/art/collection/search/466342,https://images.metmuseum.org/CRDImages/md/original/sf21-25-15s1.jpg,1,,,
694352,Fragment,Fragment,ca. 1150–ca. 1250,,,,"Glass, ceramic",L. 2 11/16 in. (6.8 cm),European or Middle Eastern,,,,,,,,,,,Medieval Art,Glass-Vessels,,False,True,https://www.metmuseum.org/art/collection/search/694352,https://images.metmuseum.org/CRDImages/md/original/28.99.197.jpg,4,,,
467448,Saint Clare,Statuette,16th century,,,,Wood,Overall: 6 x 1 3/4 x 1 5/16in. (15.2 x 4.4 x 3.4cm),German,,,,Saints,,,,,,,Medieval Art,Sculpture-Wood,,False,True,https://www.metmuseum.org/art/collection/search/467448,https://images.metmuseum.org/CRDImages/md/original/tem31-3353.jpg,7,,,
469818,Belt Buckle Attachment Plate Fragment,Belt buckle,4th–7th century,,,,"Iron, silver overlay","Overall (attached with x.209.6, .34, .53): 4 1/2 x 2 1/4 x 5/8 in. (11.5 x 5.7 x 1.6 cm)
Overall (.6 buckle plate only): 3 1/16 x 2 x 1/2 in. (7.8 x 5.1 x 1.2 cm)",Frankish or Burgundian,,,,,,,,,,,Medieval Art,Metalwork-Iron,,False,True,https://www.metmuseum.org/art/collection/search/469818,https://images.metmuseum.org/CRDImages/md/original/dp30414.jpg,0,,,
463691,Panel with the Virgin and Gabriel Annunciate,Panel,15th century,,,,Silk on linen (?),"Overall: 12 5/16 × 7 5/8 in. (31.2 × 19.3 cm)
Storage (Mat): 17 × 13 in. (43.2 × 33 cm)",German,Germany,,Cologne,Archangel Gabriel,,,,,,,Medieval Art,Textiles-Embroidered,,False,True,https://www.metmuseum.org/art/collection/search/463691,https://images.metmuseum.org/CRDImages/md/original/sf14-62-20s1.jpg,1,,,
464797,Flattened Hemispherical Bead,Bead,500–600,,,,"Earthenware, glaze",Overall: 1 9/16 x 9/16 in. (4 x 1.5 cm),Frankish,,,,,,,,,,,Medieval Art,Ceramics,,False,True,https://www.metmuseum.org/art/collection/search/464797,https://images.metmuseum.org/CRDImages/md/original/sf17-191-109s1.jpg,0,https://www.wikidata.org/wiki/Q116252689,,
463230,Textile with Brocade,Textile,13th–14th century,,,,"Silk, metal thread","Overall: 4 13/16 × 3 1/2 in. (12.3 × 8.9 cm)
Storage (Mat with 46.156.54): 8 1/2 × 13 in. (21.6 × 33 cm)",French or Italian,,,,,,,,,,,Medieval Art,Textiles-Woven-Brocade,,False,True,https://www.metmuseum.org/art/collection/search/463230,https://images.metmuseum.org/CRDImages/md/original/DP-14833-001.jpg,2,,,
696571,Fragment,Fragment,ca. 1150–ca. 1250,,,,"Glass, ceramic",L. 1 7/8 in. (4.8 cm),European or Middle Eastern,,,,,,,,,,,Medieval Art,Glass-Vessels,,False,True,https://www.metmuseum.org/art/collection/search/696571,https://images.metmuseum.org/CRDImages/md/original/28.99.486.jpg,4,,,
464813,Cloth,Cloth,6th–7th century,,,,Wool,"Overall (a): 1 × 1/4 in. (2.5 × 0.7 cm)
Overall (b): 1 3/16 × 1/4 in. (3 × 0.6 cm)",Frankish,Northern France,,,,,,,,,,Medieval Art,Textiles-Woven,,False,True,https://www.metmuseum.org/art/collection/search/464813,https://images.metmuseum.org/CRDImages/md/original/sf17-191-123as1.jpg,2,,,
478760,Wood Bes,Bes,4th–7th century,,,,Wood,Overall: 6 15/16 x 2 13/16 x 11/16 in. (17.6 x 7.1 x 1.8 cm),Coptic,Byzantine Egypt,,,Bes,,,,,,,Medieval Art,Woodwork-Miscellany,,False,True,https://www.metmuseum.org/art/collection/search/478760,https://images.metmuseum.org/CRDImages/md/original/cop0481s1.jpg,1,,,
